No.,Name,Time (ms),Timegap (ms),Duration,Gaze X,Gaze Y,Pupil Diameter Left (mm),Pupil Diameter Right (mm),X-offset,Y-offset,Mouse X-coord,Mouse Y-coord,AOI,Left Eye X,Left Eye Y,Right Eye X,Right Eye Y,Eye-Tracker ID,Detection
1,Teste 17,0,0,0,272,898,4.17,4.11,0,0,512,384,-,0,0,0,0,-1,
2,Teste 17,17,17,17,281,926,3.48,4.24,0,0,512,384,-,0,0,0,0,-1,
3,Teste 17,33,17,17,272,961,5.5,4.83,0,0,512,384,-,0,0,0,0,-1,
4,Teste 17,50,17,17,330,933,3.58,3.9,0,0,512,384,-,0,0,0,0,-1,
5,Teste 17,67,17,17,278,903,3.58,3.9,0,0,512,384,-,0,0,0,0,-1,
6,Teste 17,83,17,17,280,923,4.03,3.88,0,0,512,384,-,0,0,0,0,-1,
7,Teste 17,100,17,17,273,888,3.61,3.91,0,0,512,384,-,0,0,0,0,-1,
8,Teste 17,116,17,17,278,909,4.14,4.44,0,0,512,384,-,0,0,0,0,-1,
9,Teste 17,133,17,17,277,919,3.77,4.52,0,0,512,384,-,0,0,0,0,-1,
10,Teste 17,150,17,17,268,928,3.66,4.44,0,0,512,384,-,0,0,0,0,-1,
11,Teste 17,166,17,17,275,915,4.07,4.44,0,0,512,384,-,0,0,0,0,-1,
12,Teste 17,183,17,17,246,507,4.09,3.99,0,0,512,384,-,0,0,0,0,-1,
13,Teste 17,200,17,17,284,903,-1.0,3.95,0,0,512,384,-,0,0,0,0,-1,
14,Teste 17,216,17,17,281,902,3.72,-1.0,0,0,512,384,-,0,0,0,0,-1,
15,Teste 17,233,17,17,274,957,3.66,4.24,0,0,512,384,-,0,0,0,0,-1,
16,Teste 17,250,17,17,314,1031,-1.0,4.03,0,0,512,384,-,0,0,0,0,-1,
17,Teste 17,266,17,17,281,930,-1.0,3.99,0,0,512,384,-,0,0,0,0,-1,
18,Teste 17,283,17,17,293,1014,4.19,4.03,0,0,512,384,-,0,0,0,0,-1,
19,Teste 17,299,17,17,281,919,4.27,4.4,0,0,512,384,-,0,0,0,0,-1,
20,Teste 17,316,17,17,281,917,-1.0,4.09,0,0,512,384,-,0,0,0,0,-1,
21,Teste 17,333,17,17,297,922,4.49,4.09,0,0,512,384,-,0,0,0,0,-1,
22,Teste 17,349,17,17,286,909,-1.0,4.07,0,0,512,384,-,0,0,0,0,-1,
23,Teste 17,366,17,17,281,922,4.35,4.06,0,0,512,384,-,0,0,0,0,-1,
24,Teste 17,383,17,17,301,924,-1.0,4.09,0,0,512,384,-,0,0,0,0,-1,
25,Teste 17,399,17,17,234,954,4.36,4.17,0,0,512,384,-,0,0,0,0,-1,
26,Teste 17,416,17,17,277,958,-1.0,4.09,0,0,512,384,-,0,0,0,0,-1,
27,Teste 17,433,17,17,274,936,4.28,4.07,0,0,512,384,-,0,0,0,0,-1,
28,Teste 17,449,17,17,289,909,3.75,4.03,0,0,512,384,-,0,0,0,0,-1,
29,Teste 17,466,17,17,315,532,5.31,4.41,0,0,512,384,-,0,0,0,0,-1,
30,Teste 17,482,17,17,282,916,4.06,4.36,0,0,512,384,-,0,0,0,0,-1,
31,Teste 17,499,17,17,308,1026,4.92,4.2,0,0,512,384,-,0,0,0,0,-1,
32,Teste 17,516,17,17,481,1015,3.93,4.12,0,0,512,384,-,0,0,0,0,-1,
33,Teste 17,532,17,17,456,933,3.99,4.19,0,0,512,384,-,0,0,0,0,-1,
34,Teste 17,549,17,17,523,901,3.99,4.59,0,0,512,384,-,0,0,0,0,-1,
35,Teste 17,566,17,17,403,882,-1.0,4.11,0,0,512,384,-,0,0,0,0,-1,
36,Teste 17,582,17,17,526,902,4.46,4.07,0,0,512,384,-,0,0,0,0,-1,
37,Teste 17,599,17,17,466,1014,3.95,4.15,0,0,512,384,-,0,0,0,0,-1,
38,Teste 17,615,17,17,511,913,4.38,4.11,0,0,512,384,-,0,0,0,0,-1,
39,Teste 17,632,17,17,508,975,4.57,4.17,0,0,512,384,-,0,0,0,0,-1,
40,Teste 17,649,17,17,515,1044,4.17,4.12,0,0,512,384,-,0,0,0,0,-1,
41,Teste 17,665,17,17,519,895,4.56,4.11,0,0,512,384,-,0,0,0,0,-1,
42,Teste 17,682,17,17,517,808,3.99,4.22,0,0,512,384,-,0,0,0,0,-1,
43,Teste 17,699,17,17,517,938,-1.0,4.14,0,0,512,384,-,0,0,0,0,-1,
44,Teste 17,715,17,17,438,1069,3.99,4.24,0,0,512,384,-,0,0,0,0,-1,
45,Teste 17,732,17,17,522,906,3.98,4.17,0,0,512,384,-,0,0,0,0,-1,
46,Teste 17,749,17,17,453,942,-1.0,4.24,0,0,512,384,-,0,0,0,0,-1,
47,Teste 17,765,17,17,463,918,-1.0,4.22,0,0,512,384,-,0,0,0,0,-1,
48,Teste 17,782,17,17,329,913,-1.0,4.2,0,0,512,384,-,0,0,0,0,-1,
49,Teste 17,798,17,17,404,922,-1.0,4.15,0,0,512,384,-,0,0,0,0,-1,
50,Teste 17,815,17,17,335,920,-1.0,4.19,0,0,512,384,-,0,0,0,0,-1,
51,Teste 17,832,17,17,462,904,-1.0,4.24,0,0,512,384,-,0,0,0,0,-1,
52,Teste 17,848,17,17,336,972,-1.0,4.22,0,0,512,384,-,0,0,0,0,-1,
53,Teste 17,865,17,17,465,832,-1.0,4.4,0,0,512,384,-,0,0,0,0,-1,
54,Teste 17,882,17,17,466,787,-1.0,4.97,0,0,512,384,-,0,0,0,0,-1,
55,Teste 17,898,17,17,399,996,-1.0,5.09,0,0,512,384,-,0,0,0,0,-1,
56,Teste 17,915,17,17,331,906,-1.0,5.23,0,0,512,384,-,0,0,0,0,-1,
57,Teste 17,932,17,17,384,1041,-1.0,5.07,0,0,512,384,-,0,0,0,0,-1,
58,Teste 17,948,17,17,449,1022,-1.0,5.02,0,0,512,384,-,0,0,0,0,-1,
59,Teste 17,965,17,17,363,991,-1.0,5.37,0,0,512,384,-,0,0,0,0,-1,
60,Teste 17,981,17,17,417,991,-1.0,4.25,0,0,512,384,-,0,0,0,0,-1,
61,Teste 17,998,17,17,465,1000,-1.0,4.24,0,0,512,384,-,0,0,0,0,-1,
62,Teste 17,1015,17,17,463,887,-1.0,4.28,0,0,512,384,-,0,0,0,0,-1,
63,Teste 17,1031,17,17,467,878,-1.0,4.24,0,0,512,384,-,0,0,0,0,-1,
64,Teste 17,1048,17,17,441,1052,-1.0,4.22,0,0,512,384,-,0,0,0,0,-1,
65,Teste 17,1065,17,17,336,1061,-1.0,4.27,0,0,512,384,-,0,0,0,0,-1,
66,Teste 17,1081,17,17,447,765,-1.0,5.15,0,0,512,384,-,0,0,0,0,-1,
67,Teste 17,1098,17,17,428,683,-1.0,5.53,0,0,512,384,-,0,0,0,0,-1,
68,Teste 17,1115,17,17,423,1013,3.8,4.25,0,0,512,384,-,0,0,0,0,-1,
69,Teste 17,1131,17,17,213,987,4.84,0.0,0,0,512,384,-,0,0,0,0,-1,
70,Teste 17,1148,17,17,429,955,3.61,-1.0,0,0,512,384,-,0,0,0,0,-1,
71,Teste 17,1181,33,33,509,765,0.0,3.98,0,0,512,384,-,0,0,0,0,-1,
72,Teste 17,1198,17,17,368,742,3.98,0.0,0,0,512,384,-,0,0,0,0,-1,
73,Teste 17,1214,17,17,452,540,3.5,3.53,0,0,512,384,-,0,0,0,0,-1,
74,Teste 17,1231,17,17,486,464,3.32,3.42,0,0,512,384,-,0,0,0,0,-1,
75,Teste 17,1248,17,17,499,317,3.22,3.35,0,0,512,384,-,0,0,0,0,-1,
76,Teste 17,1264,17,17,499,285,3.18,3.3,0,0,512,384,-,0,0,0,0,-1,
77,Teste 17,1281,17,17,482,322,3.05,3.24,0,0,512,384,-,0,0,0,0,-1,
78,Teste 17,1298,17,17,496,343,2.98,3.19,0,0,512,384,-,0,0,0,0,-1,
79,Teste 17,1314,17,17,480,374,2.94,3.1,0,0,512,384,-,0,0,0,0,-1,
80,Teste 17,1331,17,17,495,370,2.9,3.03,0,0,512,384,-,0,0,0,0,-1,
81,Teste 17,1347,17,17,503,373,2.87,3.06,0,0,512,384,-,0,0,0,0,-1,
82,Teste 17,1364,17,17,483,358,2.79,3.02,0,0,512,384,-,0,0,0,0,-1,
83,Teste 17,1381,17,17,495,355,2.76,2.95,0,0,512,384,-,0,0,0,0,-1,
84,Teste 17,1397,17,17,518,343,2.74,2.82,0,0,512,384,-,0,0,0,0,-1,
85,Teste 17,1414,17,17,518,337,2.78,2.92,0,0,512,384,-,0,0,0,0,-1,
86,Teste 17,1431,17,17,523,345,2.68,2.82,0,0,512,384,-,0,0,0,0,-1,
87,Teste 17,1447,17,17,528,338,2.69,2.82,0,0,512,384,-,0,0,0,0,-1,
88,Teste 17,1464,17,17,524,334,2.68,2.87,0,0,512,384,-,0,0,0,0,-1,
89,Teste 17,1481,17,17,528,348,2.66,2.81,0,0,512,384,-,0,0,0,0,-1,
90,Teste 17,1497,17,17,520,343,2.65,2.76,0,0,512,384,-,0,0,0,0,-1,
91,Teste 17,1514,17,17,532,325,2.58,2.79,0,0,512,384,-,0,0,0,0,-1,
92,Teste 17,1530,17,17,531,332,2.63,2.73,0,0,512,384,-,0,0,0,0,-1,
93,Teste 17,1547,17,17,525,352,2.65,2.71,0,0,512,384,-,0,0,0,0,-1,
94,Teste 17,1564,17,17,545,338,2.55,2.76,0,0,512,384,-,0,0,0,0,-1,
95,Teste 17,1580,17,17,569,328,2.58,2.69,0,0,512,384,-,0,0,0,0,-1,
96,Teste 17,1597,17,17,567,327,2.57,2.65,0,0,512,384,-,0,0,0,0,-1,
97,Teste 17,1614,17,17,564,329,2.57,2.68,0,0,512,384,-,0,0,0,0,-1,
98,Teste 17,1630,17,17,563,324,2.53,2.65,0,0,512,384,-,0,0,0,0,-1,
99,Teste 17,1647,17,17,553,346,2.53,2.66,0,0,512,384,-,0,0,0,0,-1,
100,Teste 17,1664,17,17,564,343,2.58,2.63,0,0,512,384,-,0,0,0,0,-1,
101,Teste 17,1680,17,17,564,319,2.52,2.61,0,0,512,384,-,0,0,0,0,-1,
102,Teste 17,1697,17,17,571,315,2.5,2.66,0,0,512,384,-,0,0,0,0,-1,
103,Teste 17,1713,17,17,562,339,2.49,2.6,0,0,512,384,-,0,0,0,0,-1,
104,Teste 17,1730,17,17,573,351,2.53,2.58,0,0,512,384,-,0,0,0,0,-1,
105,Teste 17,1747,17,17,565,344,2.5,2.58,0,0,512,384,-,0,0,0,0,-1,
106,Teste 17,1763,17,17,598,333,2.55,2.65,0,0,512,384,-,0,0,0,0,-1,
107,Teste 17,1780,17,17,636,311,2.52,2.6,0,0,512,384,-,0,0,0,0,-1,
108,Teste 17,1797,17,17,628,294,2.49,2.61,0,0,512,384,-,0,0,0,0,-1,
109,Teste 17,1813,17,17,635,287,0.0,2.58,0,0,512,384,-,0,0,0,0,-1,
110,Teste 17,1830,17,17,623,346,2.58,2.57,0,0,512,384,-,0,0,0,0,-1,
111,Teste 17,1846,17,17,627,329,2.52,2.58,0,0,512,384,-,0,0,0,0,-1,
112,Teste 17,1863,17,17,626,314,2.53,2.58,0,0,512,384,-,0,0,0,0,-1,
113,Teste 17,1880,17,17,634,318,2.53,2.61,0,0,512,384,-,0,0,0,0,-1,
114,Teste 17,1896,17,17,629,311,2.55,2.57,0,0,512,384,-,0,0,0,0,-1,
115,Teste 17,1913,17,17,624,332,2.53,2.55,0,0,512,384,-,0,0,0,0,-1,
116,Teste 17,1930,17,17,623,326,2.52,2.58,0,0,512,384,-,0,0,0,0,-1,
117,Teste 17,1946,17,17,620,309,2.52,2.58,0,0,512,384,-,0,0,0,0,-1,
118,Teste 17,1963,17,17,618,341,2.53,2.68,0,0,512,384,-,0,0,0,0,-1,
119,Teste 17,1980,17,17,625,306,2.47,2.63,0,0,512,384,-,0,0,0,0,-1,
120,Teste 17,1996,17,17,625,305,2.53,2.61,0,0,512,384,-,0,0,0,0,-1,
121,Teste 17,2013,17,17,625,309,2.53,2.58,0,0,512,384,-,0,0,0,0,-1,
122,Teste 17,2029,17,17,625,302,2.52,2.61,0,0,512,384,-,0,0,0,0,-1,
123,Teste 17,2046,17,17,624,327,2.52,2.55,0,0,512,384,-,0,0,0,0,-1,
124,Teste 17,2063,17,17,632,322,2.53,2.58,0,0,512,384,-,0,0,0,0,-1,
125,Teste 17,2079,17,17,632,312,2.52,2.61,0,0,512,384,-,0,0,0,0,-1,
126,Teste 17,2096,17,17,619,325,2.5,2.57,0,0,512,384,-,0,0,0,0,-1,
127,Teste 17,2113,17,17,634,273,2.53,2.63,0,0,512,384,-,0,0,0,0,-1,
128,Teste 17,2129,17,17,633,309,2.53,2.61,0,0,512,384,-,0,0,0,0,-1,
129,Teste 17,2146,17,17,629,326,2.55,2.63,0,0,512,384,-,0,0,0,0,-1,
130,Teste 17,2163,17,17,627,322,0.0,2.61,0,0,512,384,-,0,0,0,0,-1,
131,Teste 17,2179,17,17,637,308,2.5,2.65,0,0,512,384,-,0,0,0,0,-1,
132,Teste 17,2196,17,17,631,307,2.52,2.6,0,0,512,384,-,0,0,0,0,-1,
133,Teste 17,2212,17,17,621,310,2.5,2.6,0,0,512,384,-,0,0,0,0,-1,
134,Teste 17,2229,17,17,627,319,2.55,2.6,0,0,512,384,-,0,0,0,0,-1,
135,Teste 17,2246,17,17,631,335,2.52,2.6,0,0,512,384,-,0,0,0,0,-1,
136,Teste 17,2262,17,17,581,314,2.55,2.57,0,0,512,384,-,0,0,0,0,-1,
137,Teste 17,2279,17,17,557,311,2.47,2.63,0,0,512,384,-,0,0,0,0,-1,
138,Teste 17,2296,17,17,554,302,2.5,2.66,0,0,512,384,-,0,0,0,0,-1,
139,Teste 17,2312,17,17,554,299,2.52,2.66,0,0,512,384,-,0,0,0,0,-1,
140,Teste 17,2329,17,17,544,332,2.52,2.65,0,0,512,384,-,0,0,0,0,-1,
141,Teste 17,2346,17,17,540,291,2.53,0.0,0,0,512,384,-,0,0,0,0,-1,
142,Teste 17,2362,17,17,552,311,2.58,2.69,0,0,512,384,-,0,0,0,0,-1,
143,Teste 17,2379,17,17,552,307,2.5,2.66,0,0,512,384,-,0,0,0,0,-1,
144,Teste 17,2395,17,17,551,311,2.57,2.71,0,0,512,384,-,0,0,0,0,-1,
145,Teste 17,2412,17,17,557,312,2.61,2.66,0,0,512,384,-,0,0,0,0,-1,
146,Teste 17,2429,17,17,544,320,2.58,2.66,0,0,512,384,-,0,0,0,0,-1,
147,Teste 17,2445,17,17,530,354,2.61,2.74,0,0,512,384,-,0,0,0,0,-1,
148,Teste 17,2462,17,17,541,310,2.58,2.76,0,0,512,384,-,0,0,0,0,-1,
149,Teste 17,2479,17,17,551,306,2.61,2.79,0,0,512,384,-,0,0,0,0,-1,
150,Teste 17,2495,17,17,547,325,2.61,2.78,0,0,512,384,-,0,0,0,0,-1,
151,Teste 17,2512,17,17,557,312,2.68,2.76,0,0,512,384,-,0,0,0,0,-1,
152,Teste 17,2529,17,17,536,292,2.66,2.79,0,0,512,384,-,0,0,0,0,-1,
153,Teste 17,2545,17,17,551,291,2.68,2.79,0,0,512,384,-,0,0,0,0,-1,
154,Teste 17,2562,17,17,537,293,2.66,2.87,0,0,512,384,-,0,0,0,0,-1,
155,Teste 17,2578,17,17,540,318,2.68,2.82,0,0,512,384,-,0,0,0,0,-1,
156,Teste 17,2595,17,17,543,334,2.73,2.9,0,0,512,384,-,0,0,0,0,-1,
157,Teste 17,2612,17,17,541,313,2.68,2.87,0,0,512,384,-,0,0,0,0,-1,
158,Teste 17,2628,17,17,539,283,2.71,2.9,0,0,512,384,-,0,0,0,0,-1,
159,Teste 17,2662,33,33,529,326,2.76,2.94,0,0,512,384,-,0,0,0,0,-1,
160,Teste 17,2678,17,17,534,295,2.78,2.94,0,0,512,384,-,0,0,0,0,-1,
161,Teste 17,2695,17,17,535,308,2.84,3.02,0,0,512,384,-,0,0,0,0,-1,
162,Teste 17,2712,17,17,541,300,2.81,2.98,0,0,512,384,-,0,0,0,0,-1,
163,Teste 17,2728,17,17,539,319,2.84,2.98,0,0,512,384,-,0,0,0,0,-1,
164,Teste 17,2745,17,17,527,327,2.89,3.05,0,0,512,384,-,0,0,0,0,-1,
165,Teste 17,2761,17,17,541,333,2.92,3.1,0,0,512,384,-,0,0,0,0,-1,
166,Teste 17,2778,17,17,546,333,2.87,3.1,0,0,512,384,-,0,0,0,0,-1,
167,Teste 17,2795,17,17,542,308,2.95,3.1,0,0,512,384,-,0,0,0,0,-1,
168,Teste 17,2811,17,17,541,327,2.9,3.13,0,0,512,384,-,0,0,0,0,-1,
169,Teste 17,2828,17,17,537,326,2.86,3.11,0,0,512,384,-,0,0,0,0,-1,
170,Teste 17,2845,17,17,541,328,2.95,3.1,0,0,512,384,-,0,0,0,0,-1,
171,Teste 17,2861,17,17,532,327,2.94,3.08,0,0,512,384,-,0,0,0,0,-1,
172,Teste 17,2878,17,17,521,290,2.95,3.08,0,0,512,384,-,0,0,0,0,-1,
173,Teste 17,2894,17,17,530,309,2.97,3.14,0,0,512,384,-,0,0,0,0,-1,
174,Teste 17,2911,17,17,532,296,2.97,3.13,0,0,512,384,-,0,0,0,0,-1,
175,Teste 17,2928,17,17,535,318,2.98,3.11,0,0,512,384,-,0,0,0,0,-1,
176,Teste 17,2944,17,17,530,326,3.05,3.18,0,0,512,384,-,0,0,0,0,-1,
177,Teste 17,2961,17,17,534,340,3.0,3.16,0,0,512,384,-,0,0,0,0,-1,
178,Teste 17,2978,17,17,550,319,3.02,3.19,0,0,512,384,-,0,0,0,0,-1,
179,Teste 17,2994,17,17,546,323,2.98,3.21,0,0,512,384,-,0,0,0,0,-1,
180,Teste 17,3011,17,17,540,358,3.06,3.21,0,0,512,384,1.4,0,0,0,0,-1,
181,Teste 17,3028,17,17,546,353,3.06,3.24,0,0,512,384,1.4,0,0,0,0,-1,
182,Teste 17,3044,17,17,532,338,3.06,3.19,0,0,512,384,1.4,0,0,0,0,-1,
183,Teste 17,3061,17,17,533,341,3.08,3.26,0,0,512,384,1.4,0,0,0,0,-1,
184,Teste 17,3077,17,17,538,330,3.13,3.3,0,0,512,384,1.4,0,0,0,0,-1,
185,Teste 17,3094,17,17,544,323,3.08,3.27,0,0,512,384,1.4,0,0,0,0,-1,
186,Teste 17,3111,17,17,553,348,3.14,3.29,0,0,512,384,1.4,0,0,0,0,-1,
187,Teste 17,3127,17,17,537,314,3.14,3.27,0,0,512,384,1.4,0,0,0,0,-1,
188,Teste 17,3144,17,17,558,335,3.1,3.32,0,0,512,384,1.4,0,0,0,0,-1,
189,Teste 17,3161,17,17,552,303,3.16,3.34,0,0,512,384,1.4,0,0,0,0,-1,
190,Teste 17,3177,17,17,547,300,3.19,3.3,0,0,512,384,1.4,0,0,0,0,-1,
191,Teste 17,3194,17,17,540,303,3.24,3.35,0,0,512,384,1.4,0,0,0,0,-1,
192,Teste 17,3211,17,17,547,316,3.21,3.34,0,0,512,384,1.4,0,0,0,0,-1,
193,Teste 17,3227,17,17,536,331,3.26,3.38,0,0,512,384,1.4,0,0,0,0,-1,
194,Teste 17,3244,17,17,536,349,3.26,3.37,0,0,512,384,1.4,0,0,0,0,-1,
195,Teste 17,3260,17,17,539,333,3.29,3.37,0,0,512,384,1.4,0,0,0,0,-1,
196,Teste 17,3277,17,17,540,333,3.3,3.43,0,0,512,384,1.4,0,0,0,0,-1,
197,Teste 17,3294,17,17,537,304,3.3,3.43,0,0,512,384,1.4,0,0,0,0,-1,
198,Teste 17,3310,17,17,549,336,3.29,3.45,0,0,512,384,1.4,0,0,0,0,-1,
199,Teste 17,3327,17,17,530,342,3.26,3.51,0,0,512,384,1.4,0,0,0,0,-1,
200,Teste 17,3344,17,17,512,349,3.34,3.48,0,0,512,384,1.4,0,0,0,0,-1,
201,Teste 17,3360,17,17,513,347,3.3,3.42,0,0,512,384,1.4,0,0,0,0,-1,
202,Teste 17,3377,17,17,503,311,3.26,3.43,0,0,512,384,1.4,0,0,0,0,-1,
203,Teste 17,3394,17,17,506,361,3.38,3.46,0,0,512,384,1.4,0,0,0,0,-1,
204,Teste 17,3410,17,17,504,344,3.3,3.48,0,0,512,384,1.4,0,0,0,0,-1,
205,Teste 17,3427,17,17,502,353,3.38,3.51,0,0,512,384,1.4,0,0,0,0,-1,
206,Teste 17,3443,17,17,511,346,3.37,3.55,0,0,512,384,1.4,0,0,0,0,-1,
207,Teste 17,3460,17,17,504,379,3.34,3.5,0,0,512,384,2.5,0,0,0,0,-1,
208,Teste 17,3477,17,17,507,329,3.35,3.45,0,0,512,384,1.4,0,0,0,0,-1,
209,Teste 17,3493,17,17,505,373,3.42,3.5,0,0,512,384,2.5,0,0,0,0,-1,
210,Teste 17,3510,17,17,505,345,3.35,3.48,0,0,512,384,1.4,0,0,0,0,-1,
211,Teste 17,3527,17,17,521,421,3.34,3.53,0,0,512,384,3.6,0,0,0,0,-1,
212,Teste 17,3543,17,17,520,404,3.35,3.53,0,0,512,384,2.5,0,0,0,0,-1,
213,Teste 17,3560,17,17,512,399,3.35,3.5,0,0,512,384,2.5,0,0,0,0,-1,
214,Teste 17,3577,17,17,515,405,3.37,3.56,0,0,512,384,2.5,0,0,0,0,-1,
215,Teste 17,3593,17,17,514,417,3.38,3.53,0,0,512,384,2.5,0,0,0,0,-1,
216,Teste 17,3610,17,17,518,401,3.38,3.51,0,0,512,384,2.5,0,0,0,0,-1,
217,Teste 17,3626,17,17,515,395,3.43,3.56,0,0,512,384,2.5,0,0,0,0,-1,
218,Teste 17,3643,17,17,513,399,3.35,3.56,0,0,512,384,2.5,0,0,0,0,-1,
219,Teste 17,3660,17,17,514,395,3.45,3.56,0,0,512,384,2.5,0,0,0,0,-1,
220,Teste 17,3676,17,17,513,400,3.35,3.53,0,0,512,384,2.5,0,0,0,0,-1,
221,Teste 17,3693,17,17,505,398,3.42,3.56,0,0,512,384,2.5,0,0,0,0,-1,
222,Teste 17,3710,17,17,514,429,3.45,3.59,0,0,512,384,3.6,0,0,0,0,-1,
223,Teste 17,3726,17,17,512,391,3.4,3.61,0,0,512,384,2.5,0,0,0,0,-1,
224,Teste 17,3743,17,17,515,433,3.48,3.58,0,0,512,384,3.6,0,0,0,0,-1,
225,Teste 17,3760,17,17,509,433,3.45,3.66,0,0,512,384,3.6,0,0,0,0,-1,
226,Teste 17,3776,17,17,513,441,3.46,3.66,0,0,512,384,3.6,0,0,0,0,-1,
227,Teste 17,3793,17,17,515,412,3.45,3.69,0,0,512,384,2.5,0,0,0,0,-1,
228,Teste 17,3809,17,17,517,442,3.46,3.66,0,0,512,384,3.6,0,0,0,0,-1,
229,Teste 17,3826,17,17,519,435,3.5,3.63,0,0,512,384,3.6,0,0,0,0,-1,
230,Teste 17,3843,17,17,515,425,3.48,3.69,0,0,512,384,3.6,0,0,0,0,-1,
231,Teste 17,3859,17,17,509,426,3.48,3.69,0,0,512,384,3.6,0,0,0,0,-1,
232,Teste 17,3876,17,17,511,427,3.5,3.74,0,0,512,384,3.6,0,0,0,0,-1,
233,Teste 17,3893,17,17,519,401,3.48,3.75,0,0,512,384,2.5,0,0,0,0,-1,
234,Teste 17,3909,17,17,548,442,3.53,3.74,0,0,512,384,3.6,0,0,0,0,-1,
235,Teste 17,3926,17,17,616,483,3.58,3.74,0,0,512,384,3,0,0,0,0,-1,
236,Teste 17,3943,17,17,678,493,3.53,3.66,0,0,512,384,3,0,0,0,0,-1,
237,Teste 17,3959,17,17,666,501,3.64,3.67,0,0,512,384,3,0,0,0,0,-1,
238,Teste 17,3976,17,17,674,495,3.56,3.67,0,0,512,384,3,0,0,0,0,-1,
239,Teste 17,3992,17,17,667,483,3.56,3.67,0,0,512,384,3,0,0,0,0,-1,
240,Teste 17,4009,17,17,673,511,3.56,3.71,0,0,512,384,3,0,0,0,0,-1,
241,Teste 17,4026,17,17,677,511,3.61,3.75,0,0,512,384,3,0,0,0,0,-1,
242,Teste 17,4042,17,17,662,512,3.66,3.77,0,0,512,384,3,0,0,0,0,-1,
243,Teste 17,4059,17,17,671,504,3.59,-1.0,0,0,512,384,3,0,0,0,0,-1,
244,Teste 17,4076,17,17,651,509,3.64,3.85,0,0,512,384,3,0,0,0,0,-1,
245,Teste 17,4092,17,17,669,511,3.63,3.8,0,0,512,384,3,0,0,0,0,-1,
246,Teste 17,4109,17,17,667,503,3.66,3.83,0,0,512,384,3,0,0,0,0,-1,
247,Teste 17,4125,17,17,669,516,3.67,3.79,0,0,512,384,3,0,0,0,0,-1,
248,Teste 17,4142,17,17,662,505,3.67,3.83,0,0,512,384,3,0,0,0,0,-1,
249,Teste 17,4159,17,17,647,497,3.64,3.9,0,0,512,384,3,0,0,0,0,-1,
250,Teste 17,4175,17,17,666,506,3.66,3.91,0,0,512,384,3,0,0,0,0,-1,
251,Teste 17,4192,17,17,658,482,3.66,3.9,0,0,512,384,3,0,0,0,0,-1,
252,Teste 17,4209,17,17,656,512,3.66,3.87,0,0,512,384,3,0,0,0,0,-1,
253,Teste 17,4225,17,17,653,494,3.69,3.95,0,0,512,384,3,0,0,0,0,-1,
254,Teste 17,4242,17,17,656,501,3.71,3.95,0,0,512,384,3,0,0,0,0,-1,
255,Teste 17,4259,17,17,651,509,3.69,3.93,0,0,512,384,3,0,0,0,0,-1,
256,Teste 17,4275,17,17,660,515,3.69,3.88,0,0,512,384,3,0,0,0,0,-1,
257,Teste 17,4292,17,17,657,506,3.74,3.9,0,0,512,384,3,0,0,0,0,-1,
258,Teste 17,4308,17,17,657,508,3.71,3.98,0,0,512,384,3,0,0,0,0,-1,
259,Teste 17,4325,17,17,661,511,3.71,3.91,0,0,512,384,3,0,0,0,0,-1,
260,Teste 17,4342,17,17,664,506,3.67,3.91,0,0,512,384,3,0,0,0,0,-1,
261,Teste 17,4358,17,17,668,526,3.72,3.96,0,0,512,384,3,0,0,0,0,-1,
262,Teste 17,4375,17,17,649,520,3.72,3.98,0,0,512,384,3,0,0,0,0,-1,
263,Teste 17,4392,17,17,586,368,3.77,3.96,0,0,512,384,2.5,0,0,0,0,-1,
264,Teste 17,4408,17,17,538,289,3.75,0.0,0,0,512,384,1.4,0,0,0,0,-1,
265,Teste 17,4425,17,17,528,354,3.82,3.99,0,0,512,384,1.4,0,0,0,0,-1,
266,Teste 17,4442,17,17,528,345,3.74,3.98,0,0,512,384,1.4,0,0,0,0,-1,
267,Teste 17,4458,17,17,527,344,3.77,4.04,0,0,512,384,1.4,0,0,0,0,-1,
268,Teste 17,4475,17,17,529,348,3.8,3.99,0,0,512,384,1.4,0,0,0,0,-1,
269,Teste 17,4491,17,17,526,323,3.75,4.03,0,0,512,384,1.4,0,0,0,0,-1,
270,Teste 17,4508,17,17,529,308,3.72,4.04,0,0,512,384,1.4,0,0,0,0,-1,
271,Teste 17,4525,17,17,520,329,3.8,4.06,0,0,512,384,1.4,0,0,0,0,-1,
272,Teste 17,4541,17,17,528,337,3.87,0.0,0,0,512,384,1.4,0,0,0,0,-1,
273,Teste 17,4558,17,17,524,349,3.88,0.0,0,0,512,384,1.4,0,0,0,0,-1,
274,Teste 17,4575,17,17,527,330,3.8,0.0,0,0,512,384,1.4,0,0,0,0,-1,
275,Teste 17,4591,17,17,530,340,3.93,0.0,0,0,512,384,1.4,0,0,0,0,-1,
276,Teste 17,4608,17,17,527,346,3.9,3.99,0,0,512,384,1.4,0,0,0,0,-1,
277,Teste 17,4625,17,17,522,322,3.85,4.06,0,0,512,384,1.4,0,0,0,0,-1,
278,Teste 17,4641,17,17,464,744,4.09,4.07,0,0,512,384,3,0,0,0,0,-1,
279,Teste 17,4791,150,150,454,705,0.0,3.91,0,0,512,384,3,0,0,0,0,-1,
280,Teste 17,4824,33,33,458,693,3.82,0.0,0,0,512,384,3,0,0,0,0,-1,
281,Teste 17,4857,33,33,462,547,3.83,3.98,0,0,512,384,3,0,0,0,0,-1,
282,Teste 17,4874,17,17,475,495,3.87,4.01,0,0,512,384,3.6,0,0,0,0,-1,
283,Teste 17,4891,17,17,470,523,4.07,3.9,0,0,512,384,3,0,0,0,0,-1,
284,Teste 17,4907,17,17,503,447,3.96,0.0,0,0,512,384,3.6,0,0,0,0,-1,
285,Teste 17,4924,17,17,505,398,3.9,0.0,0,0,512,384,2.5,0,0,0,0,-1,
286,Teste 17,4941,17,17,485,355,3.85,3.99,0,0,512,384,1.4,0,0,0,0,-1,
287,Teste 17,4957,17,17,497,329,3.9,3.96,0,0,512,384,1.4,0,0,0,0,-1,
288,Teste 17,4974,17,17,504,234,-1.0,4.04,0,0,512,384,1,0,0,0,0,-1,
289,Teste 17,4991,17,17,505,334,4.01,0.0,0,0,512,384,1.4,0,0,0,0,-1,
290,Teste 17,5007,17,17,499,296,3.93,3.96,0,0,512,384,1.4,0,0,0,0,-1,
291,Teste 17,5024,17,17,483,336,3.98,4.03,0,0,512,384,1.4,0,0,0,0,-1,
292,Teste 17,5040,17,17,498,293,3.91,4.07,0,0,512,384,1.4,0,0,0,0,-1,
293,Teste 17,5057,17,17,488,331,4.03,4.15,0,0,512,384,1.4,0,0,0,0,-1,
294,Teste 17,5074,17,17,487,315,4.01,3.99,0,0,512,384,1.4,0,0,0,0,-1,
295,Teste 17,5090,17,17,503,332,3.95,4.12,0,0,512,384,1.4,0,0,0,0,-1,
296,Teste 17,5107,17,17,479,311,4.01,4.17,0,0,512,384,1.4,0,0,0,0,-1,
297,Teste 17,5124,17,17,499,287,3.98,4.2,0,0,512,384,1.4,0,0,0,0,-1,
298,Teste 17,5140,17,17,506,331,4.04,0.0,0,0,512,384,1.4,0,0,0,0,-1,
299,Teste 17,5157,17,17,498,306,4.04,0.0,0,0,512,384,1.4,0,0,0,0,-1,
300,Teste 17,5174,17,17,485,278,4.01,0.0,0,0,512,384,1,0,0,0,0,-1,
301,Teste 17,5190,17,17,487,275,3.99,0.0,0,0,512,384,1,0,0,0,0,-1,
302,Teste 17,5207,17,17,502,275,4.01,0.0,0,0,512,384,1,0,0,0,0,-1,
303,Teste 17,5223,17,17,498,291,4.01,0.0,0,0,512,384,1.4,0,0,0,0,-1,
304,Teste 17,5240,17,17,509,286,3.99,0.0,0,0,512,384,1.4,0,0,0,0,-1,
305,Teste 17,5257,17,17,561,327,4.04,0.0,0,0,512,384,1.4,0,0,0,0,-1,
306,Teste 17,5273,17,17,545,301,4.01,3.96,0,0,512,384,1.4,0,0,0,0,-1,
307,Teste 17,5290,17,17,545,275,4.01,4.01,0,0,512,384,1,0,0,0,0,-1,
308,Teste 17,5307,17,17,534,323,4.04,3.99,0,0,512,384,1.4,0,0,0,0,-1,
309,Teste 17,5323,17,17,543,319,4.04,3.98,0,0,512,384,1.4,0,0,0,0,-1,
310,Teste 17,5340,17,17,550,334,4.03,3.99,0,0,512,384,1.4,0,0,0,0,-1,
311,Teste 17,5356,17,17,539,334,3.98,3.96,0,0,512,384,1.4,0,0,0,0,-1,
312,Teste 17,5373,17,17,548,292,4.06,3.96,0,0,512,384,1.4,0,0,0,0,-1,
313,Teste 17,5390,17,17,558,246,3.95,4.01,0,0,512,384,1,0,0,0,0,-1,
314,Teste 17,5406,17,17,552,302,4.01,3.98,0,0,512,384,1.4,0,0,0,0,-1,
315,Teste 17,5423,17,17,543,295,3.95,4.04,0,0,512,384,1.4,0,0,0,0,-1,
316,Teste 17,5440,17,17,546,286,4.01,3.96,0,0,512,384,1.4,0,0,0,0,-1,
317,Teste 17,5456,17,17,549,304,3.96,3.96,0,0,512,384,1.4,0,0,0,0,-1,
318,Teste 17,5473,17,17,543,282,3.95,0.0,0,0,512,384,1,0,0,0,0,-1,
319,Teste 17,5490,17,17,534,274,3.91,0.0,0,0,512,384,1,0,0,0,0,-1,
320,Teste 17,5506,17,17,540,270,3.98,0.0,0,0,512,384,1,0,0,0,0,-1,
321,Teste 17,5523,17,17,538,256,3.99,0.0,0,0,512,384,1,0,0,0,0,-1,
322,Teste 17,5539,17,17,525,310,4.04,0.0,0,0,512,384,1.4,0,0,0,0,-1,
323,Teste 17,5556,17,17,533,291,3.99,0.0,0,0,512,384,1.4,0,0,0,0,-1,
324,Teste 17,5573,17,17,545,273,3.95,0.0,0,0,512,384,1,0,0,0,0,-1,
325,Teste 17,5589,17,17,544,279,4.01,0.0,0,0,512,384,1,0,0,0,0,-1,
326,Teste 17,5606,17,17,535,301,3.99,0.0,0,0,512,384,1.4,0,0,0,0,-1,
327,Teste 17,5623,17,17,538,335,3.96,0.0,0,0,512,384,1.4,0,0,0,0,-1,
328,Teste 17,5639,17,17,532,259,4.03,0.0,0,0,512,384,1,0,0,0,0,-1,
329,Teste 17,5656,17,17,514,311,4.01,0.0,0,0,512,384,1.4,0,0,0,0,-1,
330,Teste 17,5673,17,17,470,318,4.01,0.0,0,0,512,384,1.4,0,0,0,0,-1,
331,Teste 17,5689,17,17,480,308,3.98,0.0,0,0,512,384,1.4,0,0,0,0,-1,
332,Teste 17,5706,17,17,476,333,4.01,0.0,0,0,512,384,1.4,0,0,0,0,-1,
333,Teste 17,5722,17,17,341,517,4.65,0.0,0,0,512,384,3,0,0,0,0,-1,
334,Teste 17,5739,17,17,474,305,3.93,0.0,0,0,512,384,1.4,0,0,0,0,-1,
335,Teste 17,5756,17,17,464,320,3.98,0.0,0,0,512,384,1.4,0,0,0,0,-1,
336,Teste 17,5772,17,17,463,366,4.01,0.0,0,0,512,384,2.5,0,0,0,0,-1,
337,Teste 17,5789,17,17,479,350,4.01,0.0,0,0,512,384,1.4,0,0,0,0,-1,
338,Teste 17,5806,17,17,492,337,4.04,0.0,0,0,512,384,1.4,0,0,0,0,-1,
339,Teste 17,5839,33,33,490,317,3.96,0.0,0,0,512,384,1.4,0,0,0,0,-1,
340,Teste 17,5856,17,17,494,373,4.03,0.0,0,0,512,384,2.5,0,0,0,0,-1,
341,Teste 17,5872,17,17,490,390,3.98,0.0,0,0,512,384,2.5,0,0,0,0,-1,
342,Teste 17,5889,17,17,482,379,4.04,0.0,0,0,512,384,2.5,0,0,0,0,-1,
343,Teste 17,5905,17,17,484,357,4.03,0.0,0,0,512,384,1.4,0,0,0,0,-1,
344,Teste 17,5939,33,33,464,385,4.07,0.0,0,0,512,384,2.5,0,0,0,0,-1,
345,Teste 17,5972,33,33,484,319,4.01,0.0,0,0,512,384,1.4,0,0,0,0,-1,
346,Teste 17,5989,17,17,484,304,4.06,0.0,0,0,512,384,1.4,0,0,0,0,-1,
347,Teste 17,6022,33,33,469,333,4.11,0.0,0,0,512,384,1.4,0,0,0,0,-1,
348,Teste 17,6039,17,17,468,341,4.09,0.0,0,0,512,384,1.4,0,0,0,0,-1,
349,Teste 17,6055,17,17,488,325,4.11,0.0,0,0,512,384,1.4,0,0,0,0,-1,
350,Teste 17,6072,17,17,377,477,4.64,0.0,0,0,512,384,3,0,0,0,0,-1,
351,Teste 17,6088,17,17,476,367,4.07,0.0,0,0,512,384,2.5,0,0,0,0,-1,
352,Teste 17,6105,17,17,475,311,4.04,0.0,0,0,512,384,1.4,0,0,0,0,-1,
353,Teste 17,6122,17,17,486,331,4.03,0.0,0,0,512,384,1.4,0,0,0,0,-1,
354,Teste 17,6138,17,17,481,322,4.03,0.0,0,0,512,384,1.4,0,0,0,0,-1,
355,Teste 17,6155,17,17,484,376,4.06,0.0,0,0,512,384,2.5,0,0,0,0,-1,
356,Teste 17,6172,17,17,471,322,4.03,0.0,0,0,512,384,1.4,0,0,0,0,-1,
357,Teste 17,6188,17,17,483,344,3.98,0.0,0,0,512,384,1.4,0,0,0,0,-1,
358,Teste 17,6205,17,17,486,350,4.01,0.0,0,0,512,384,1.4,0,0,0,0,-1,
359,Teste 17,6222,17,17,483,336,3.99,0.0,0,0,512,384,1.4,0,0,0,0,-1,
360,Teste 17,6238,17,17,479,343,3.96,0.0,0,0,512,384,1.4,0,0,0,0,-1,
361,Teste 17,6255,17,17,482,311,4.03,0.0,0,0,512,384,1.4,0,0,0,0,-1,
362,Teste 17,6271,17,17,487,376,4.06,0.0,0,0,512,384,2.5,0,0,0,0,-1,
363,Teste 17,6288,17,17,477,353,4.07,0.0,0,0,512,384,1.4,0,0,0,0,-1,
364,Teste 17,6305,17,17,495,345,4.09,0.0,0,0,512,384,1.4,0,0,0,0,-1,
365,Teste 17,6321,17,17,505,330,4.11,0.0,0,0,512,384,1.4,0,0,0,0,-1,
366,Teste 17,6338,17,17,511,364,4.12,0.0,0,0,512,384,2005-04-02 00:00:00,0,0,0,0,-1,
367,Teste 17,6355,17,17,511,347,4.09,0.0,0,0,512,384,1.4,0,0,0,0,-1,
368,Teste 17,6371,17,17,494,339,4.17,0.0,0,0,512,384,1.4,0,0,0,0,-1,
369,Teste 17,6388,17,17,499,370,4.12,0.0,0,0,512,384,2.5,0,0,0,0,-1,
370,Teste 17,6404,17,17,525,382,4.07,0.0,0,0,512,384,2.5,0,0,0,0,-1,
371,Teste 17,6421,17,17,516,374,4.12,4.15,0,0,512,384,2.5,0,0,0,0,-1,
372,Teste 17,6438,17,17,476,511,-1.0,4.27,0,0,512,384,3.6,0,0,0,0,-1,
373,Teste 17,6454,17,17,502,354,4.19,4.25,0,0,512,384,1.4,0,0,0,0,-1,
374,Teste 17,6471,17,17,508,346,4.07,4.2,0,0,512,384,1.4,0,0,0,0,-1,
375,Teste 17,6488,17,17,510,322,4.09,4.24,0,0,512,384,1.4,0,0,0,0,-1,
376,Teste 17,6504,17,17,519,368,4.11,4.22,0,0,512,384,2.5,0,0,0,0,-1,
377,Teste 17,6521,17,17,517,391,4.06,4.09,0,0,512,384,2.5,0,0,0,0,-1,
378,Teste 17,6538,17,17,516,356,4.04,4.11,0,0,512,384,1.4,0,0,0,0,-1,
379,Teste 17,6554,17,17,513,356,4.04,4.09,0,0,512,384,1.4,0,0,0,0,-1,
380,Teste 17,6571,17,17,521,368,3.99,4.14,0,0,512,384,2.5,0,0,0,0,-1,
381,Teste 17,6587,17,17,523,339,3.98,4.07,0,0,512,384,1.4,0,0,0,0,-1,
382,Teste 17,6604,17,17,516,363,4.03,4.2,0,0,512,384,2005-04-02 00:00:00,0,0,0,0,-1,
383,Teste 17,6621,17,17,523,319,3.99,4.24,0,0,512,384,1.4,0,0,0,0,-1,
384,Teste 17,6637,17,17,521,389,4.04,4.19,0,0,512,384,2.5,0,0,0,0,-1,
385,Teste 17,6654,17,17,511,395,3.99,4.28,0,0,512,384,2.5,0,0,0,0,-1,
386,Teste 17,6671,17,17,514,365,4.01,4.32,0,0,512,384,2.5,0,0,0,0,-1,
387,Teste 17,6687,17,17,511,356,4.03,4.32,0,0,512,384,1.4,0,0,0,0,-1,
388,Teste 17,6704,17,17,518,346,3.98,4.19,0,0,512,384,1.4,0,0,0,0,-1,
389,Teste 17,6721,17,17,513,368,4.01,4.3,0,0,512,384,2.5,0,0,0,0,-1,
390,Teste 17,6737,17,17,516,337,3.98,4.22,0,0,512,384,1.4,0,0,0,0,-1,
391,Teste 17,6754,17,17,514,348,4.01,0.0,0,0,512,384,1.4,0,0,0,0,-1,
392,Teste 17,6770,17,17,525,333,3.96,4.17,0,0,512,384,1.4,0,0,0,0,-1,
393,Teste 17,6787,17,17,523,339,3.96,4.43,0,0,512,384,1.4,0,0,0,0,-1,
394,Teste 17,6804,17,17,520,329,3.98,0.0,0,0,512,384,1.4,0,0,0,0,-1,
395,Teste 17,6820,17,17,521,314,3.96,4.12,0,0,512,384,1.4,0,0,0,0,-1,
396,Teste 17,6837,17,17,532,280,3.96,4.12,0,0,512,384,1,0,0,0,0,-1,
397,Teste 17,6854,17,17,517,337,4.01,4.14,0,0,512,384,1.4,0,0,0,0,-1,
398,Teste 17,6870,17,17,526,291,3.99,4.24,0,0,512,384,1.4,0,0,0,0,-1,
399,Teste 17,6887,17,17,526,335,3.99,0.0,0,0,512,384,1.4,0,0,0,0,-1,
400,Teste 17,6904,17,17,519,358,3.98,0.0,0,0,512,384,1.4,0,0,0,0,-1,
401,Teste 17,6920,17,17,517,336,4.01,0.0,0,0,512,384,1.4,0,0,0,0,-1,
402,Teste 17,6937,17,17,527,319,4.01,4.17,0,0,512,384,1.4,0,0,0,0,-1,
403,Teste 17,6970,0,0,525,359,4.03,0.0,0,0,512,384,1.4,0,0,0,0,-1,
404,Teste 17,6970,33,33,525,359,4.03,0.0,0,0,512,384,1.4,0,0,0,0,-1,
405,Teste 17,6987,17,17,530,327,4.01,4.22,0,0,512,384,1.4,0,0,0,0,-1,
406,Teste 17,7003,17,17,430,420,-1.0,4.3,0,0,512,384,3.6,0,0,0,0,-1,
407,Teste 17,7020,17,17,511,342,4.01,4.15,0,0,512,384,1.4,0,0,0,0,-1,
408,Teste 17,7037,17,17,522,332,4.06,4.2,0,0,512,384,1.4,0,0,0,0,-1,
409,Teste 17,7053,17,17,520,310,4.01,4.12,0,0,512,384,1.4,0,0,0,0,-1,
410,Teste 17,7070,17,17,516,359,3.99,4.19,0,0,512,384,1.4,0,0,0,0,-1,
411,Teste 17,7087,17,17,523,331,4.07,4.15,0,0,512,384,1.4,0,0,0,0,-1,
412,Teste 17,7103,17,17,521,357,4.04,4.11,0,0,512,384,1.4,0,0,0,0,-1,
413,Teste 17,7120,17,17,530,314,4.06,4.19,0,0,512,384,1.4,0,0,0,0,-1,
414,Teste 17,7136,17,17,521,292,3.99,4.19,0,0,512,384,1.4,0,0,0,0,-1,
415,Teste 17,7153,17,17,523,331,4.06,4.19,0,0,512,384,1.4,0,0,0,0,-1,
416,Teste 17,7170,17,17,522,332,4.01,4.22,0,0,512,384,1.4,0,0,0,0,-1,
417,Teste 17,7186,17,17,521,326,4.03,4.35,0,0,512,384,1.4,0,0,0,0,-1,
418,Teste 17,7203,17,17,518,341,4.04,4.25,0,0,512,384,1.4,0,0,0,0,-1,
419,Teste 17,7220,17,17,518,316,4.06,4.3,0,0,512,384,1.4,0,0,0,0,-1,
420,Teste 17,7236,17,17,517,327,4.07,4.12,0,0,512,384,1.4,0,0,0,0,-1,
421,Teste 17,7253,17,17,515,367,4.06,4.11,0,0,512,384,2.5,0,0,0,0,-1,
422,Teste 17,7270,17,17,516,341,4.14,4.12,0,0,512,384,1.4,0,0,0,0,-1,
423,Teste 17,7286,17,17,507,361,4.11,4.36,0,0,512,384,1.4,0,0,0,0,-1,
424,Teste 17,7303,17,17,520,365,4.04,4.11,0,0,512,384,2.5,0,0,0,0,-1,
425,Teste 17,7319,17,17,500,381,3.99,4.12,0,0,512,384,2.5,0,0,0,0,-1,
426,Teste 17,7336,17,17,494,387,4.04,4.12,0,0,512,384,2.5,0,0,0,0,-1,
427,Teste 17,7353,17,17,467,390,4.04,4.19,0,0,512,384,2.5,0,0,0,0,-1,
428,Teste 17,7369,17,17,471,354,4.03,4.22,0,0,512,384,1.4,0,0,0,0,-1,
429,Teste 17,7386,17,17,445,389,4.07,4.2,0,0,512,384,2.5,0,0,0,0,-1,
430,Teste 17,7403,17,17,480,412,3.99,4.19,0,0,512,384,2.5,0,0,0,0,-1,
431,Teste 17,7419,17,17,462,388,4.01,4.19,0,0,512,384,2.5,0,0,0,0,-1,
432,Teste 17,7436,17,17,474,371,4.03,4.15,0,0,512,384,2.5,0,0,0,0,-1,
433,Teste 17,7453,17,17,478,349,4.01,4.19,0,0,512,384,1.4,0,0,0,0,-1,
434,Teste 17,7469,17,17,482,315,3.98,4.12,0,0,512,384,1.4,0,0,0,0,-1,
435,Teste 17,7486,17,17,480,351,3.9,4.22,0,0,512,384,1.4,0,0,0,0,-1,
436,Teste 17,7502,17,17,482,396,3.96,4.14,0,0,512,384,2.5,0,0,0,0,-1,
437,Teste 17,7519,17,17,481,389,3.91,4.15,0,0,512,384,2.5,0,0,0,0,-1,
438,Teste 17,7536,17,17,477,374,3.95,4.12,0,0,512,384,2.5,0,0,0,0,-1,
439,Teste 17,7552,17,17,476,369,3.91,4.11,0,0,512,384,2.5,0,0,0,0,-1,
440,Teste 17,7569,17,17,485,351,3.87,4.07,0,0,512,384,1.4,0,0,0,0,-1,
441,Teste 17,7586,17,17,466,387,3.82,4.06,0,0,512,384,2.5,0,0,0,0,-1,
442,Teste 17,7602,17,17,472,392,3.88,4.07,0,0,512,384,2.5,0,0,0,0,-1,
443,Teste 17,7635,33,33,468,389,3.8,4.09,0,0,512,384,2.5,0,0,0,0,-1,
444,Teste 17,7652,17,17,470,392,3.77,4.01,0,0,512,384,2.5,0,0,0,0,-1,
445,Teste 17,7669,17,17,469,403,3.85,3.98,0,0,512,384,2.5,0,0,0,0,-1,
446,Teste 17,7685,17,17,468,377,3.8,3.99,0,0,512,384,2.5,0,0,0,0,-1,
447,Teste 17,7702,17,17,468,361,3.8,4.04,0,0,512,384,1.4,0,0,0,0,-1,
448,Teste 17,7719,17,17,469,361,3.85,4.25,0,0,512,384,1.4,0,0,0,0,-1,
449,Teste 17,7735,17,17,472,364,3.85,4.01,0,0,512,384,2005-04-02 00:00:00,0,0,0,0,-1,
450,Teste 17,7752,17,17,480,342,3.82,3.98,0,0,512,384,1.4,0,0,0,0,-1,
451,Teste 17,7769,17,17,475,357,3.79,4.01,0,0,512,384,1.4,0,0,0,0,-1,
452,Teste 17,7785,17,17,482,363,3.83,4.01,0,0,512,384,2005-04-02 00:00:00,0,0,0,0,-1,
453,Teste 17,7802,17,17,480,356,3.8,4.03,0,0,512,384,1.4,0,0,0,0,-1,
454,Teste 17,7818,17,17,518,378,3.85,4.03,0,0,512,384,2.5,0,0,0,0,-1,
455,Teste 17,7835,17,17,517,396,3.85,4.04,0,0,512,384,2.5,0,0,0,0,-1,
456,Teste 17,7852,17,17,529,460,4.11,3.99,0,0,512,384,3.6,0,0,0,0,-1,
457,Teste 17,7868,17,17,533,386,3.87,4.09,0,0,512,384,2.5,0,0,0,0,-1,
458,Teste 17,7885,17,17,535,373,3.79,4.01,0,0,512,384,2.5,0,0,0,0,-1,
459,Teste 17,7902,17,17,538,368,3.83,3.99,0,0,512,384,2.5,0,0,0,0,-1,
460,Teste 17,7918,17,17,533,391,3.85,4.03,0,0,512,384,2.5,0,0,0,0,-1,
461,Teste 17,7935,17,17,529,371,3.82,4.06,0,0,512,384,2.5,0,0,0,0,-1,
462,Teste 17,7952,17,17,539,386,3.85,4.07,0,0,512,384,2.5,0,0,0,0,-1,
463,Teste 17,7968,17,17,534,385,3.87,4.01,0,0,512,384,2.5,0,0,0,0,-1,
464,Teste 17,7985,17,17,530,385,3.88,4.11,0,0,512,384,2.5,0,0,0,0,-1,
465,Teste 17,8001,17,17,529,374,3.95,4.06,0,0,512,384,2.5,0,0,0,0,-1,
466,Teste 17,8018,17,17,530,380,3.9,4.04,0,0,512,384,2.5,0,0,0,0,-1,
467,Teste 17,8035,17,17,526,406,3.9,4.07,0,0,512,384,2.5,0,0,0,0,-1,
468,Teste 17,8051,17,17,528,415,3.87,4.25,0,0,512,384,2.5,0,0,0,0,-1,
469,Teste 17,8068,17,17,529,411,3.95,4.17,0,0,512,384,2.5,0,0,0,0,-1,
470,Teste 17,8085,17,17,531,368,3.88,4.36,0,0,512,384,2.5,0,0,0,0,-1,
471,Teste 17,8101,17,17,527,389,3.96,4.09,0,0,512,384,2.5,0,0,0,0,-1,
472,Teste 17,8118,17,17,531,395,3.95,4.11,0,0,512,384,2.5,0,0,0,0,-1,
473,Teste 17,8135,17,17,469,419,3.96,4.24,0,0,512,384,3.6,0,0,0,0,-1,
474,Teste 17,8151,17,17,404,390,3.9,4.15,0,0,512,384,2,0,0,0,0,-1,
475,Teste 17,8168,17,17,418,399,3.87,4.22,0,0,512,384,2,0,0,0,0,-1,
476,Teste 17,8184,17,17,424,405,3.96,4.2,0,0,512,384,2,0,0,0,0,-1,
477,Teste 17,8201,17,17,430,393,3.9,4.24,0,0,512,384,2,0,0,0,0,-1,
478,Teste 17,8218,17,17,420,461,4.24,4.22,0,0,512,384,3.6,0,0,0,0,-1,
479,Teste 17,8234,17,17,429,399,3.96,4.25,0,0,512,384,2,0,0,0,0,-1,
480,Teste 17,8251,17,17,432,393,4.01,4.24,0,0,512,384,2,0,0,0,0,-1,
481,Teste 17,8268,17,17,441,394,3.91,4.22,0,0,512,384,2.5,0,0,0,0,-1,
482,Teste 17,8284,17,17,438,392,3.93,4.2,0,0,512,384,2,0,0,0,0,-1,
483,Teste 17,8301,17,17,428,382,3.91,4.19,0,0,512,384,2,0,0,0,0,-1,
484,Teste 17,8318,17,17,423,413,3.93,4.25,0,0,512,384,2,0,0,0,0,-1,
485,Teste 17,8334,17,17,429,392,3.95,4.3,0,0,512,384,2,0,0,0,0,-1,
486,Teste 17,8351,17,17,425,401,3.98,4.35,0,0,512,384,2,0,0,0,0,-1,
487,Teste 17,8367,17,17,405,407,4.03,4.3,0,0,512,384,2,0,0,0,0,-1,
488,Teste 17,8384,17,17,421,420,4.01,4.24,0,0,512,384,3.6,0,0,0,0,-1,
489,Teste 17,8401,17,17,430,396,3.99,4.36,0,0,512,384,2,0,0,0,0,-1,
490,Teste 17,8417,17,17,435,381,3.96,4.25,0,0,512,384,2,0,0,0,0,-1,
491,Teste 17,8434,17,17,436,391,4.04,4.33,0,0,512,384,2,0,0,0,0,-1,
492,Teste 17,8451,17,17,440,369,4.03,4.32,0,0,512,384,2,0,0,0,0,-1,
493,Teste 17,8467,17,17,428,391,4.03,4.49,0,0,512,384,2,0,0,0,0,-1,
494,Teste 17,8484,17,17,437,395,4.01,4.24,0,0,512,384,2,0,0,0,0,-1,
495,Teste 17,8501,17,17,438,391,4.04,4.24,0,0,512,384,2,0,0,0,0,-1,
496,Teste 17,8517,17,17,440,387,4.03,4.22,0,0,512,384,2,0,0,0,0,-1,
497,Teste 17,8534,17,17,426,370,3.99,4.19,0,0,512,384,2,0,0,0,0,-1,
498,Teste 17,8550,17,17,442,380,3.96,4.32,0,0,512,384,2.5,0,0,0,0,-1,
499,Teste 17,8567,17,17,438,401,3.99,4.22,0,0,512,384,2,0,0,0,0,-1,
500,Teste 17,8584,17,17,438,381,3.98,4.15,0,0,512,384,2,0,0,0,0,-1,
501,Teste 17,8600,17,17,428,398,4.03,4.15,0,0,512,384,2,0,0,0,0,-1,
502,Teste 17,8617,17,17,427,406,3.96,4.27,0,0,512,384,2,0,0,0,0,-1,
503,Teste 17,8634,17,17,439,386,3.98,4.36,0,0,512,384,2,0,0,0,0,-1,
504,Teste 17,8650,17,17,429,376,3.95,4.27,0,0,512,384,2,0,0,0,0,-1,
505,Teste 17,8667,17,17,425,391,3.96,4.12,0,0,512,384,2,0,0,0,0,-1,
506,Teste 17,8683,17,17,455,351,3.9,4.11,0,0,512,384,1.4,0,0,0,0,-1,
507,Teste 17,8700,17,17,473,371,3.98,4.11,0,0,512,384,2.5,0,0,0,0,-1,
508,Teste 17,8717,17,17,487,359,3.93,4.56,0,0,512,384,1.4,0,0,0,0,-1,
509,Teste 17,8733,17,17,500,344,3.93,4.09,0,0,512,384,1.4,0,0,0,0,-1,
510,Teste 17,8750,17,17,501,355,3.9,4.52,0,0,512,384,1.4,0,0,0,0,-1,
511,Teste 17,8767,17,17,498,352,3.83,4.04,0,0,512,384,1.4,0,0,0,0,-1,
512,Teste 17,8783,17,17,481,350,3.87,4.12,0,0,512,384,1.4,0,0,0,0,-1,
513,Teste 17,8800,17,17,491,366,3.96,4.06,0,0,512,384,2.5,0,0,0,0,-1,
514,Teste 17,8817,17,17,492,340,3.87,4.04,0,0,512,384,1.4,0,0,0,0,-1,
515,Teste 17,8833,17,17,497,332,3.85,4.59,0,0,512,384,1.4,0,0,0,0,-1,
516,Teste 17,8850,17,17,494,363,3.87,4.07,0,0,512,384,2005-04-02 00:00:00,0,0,0,0,-1,
517,Teste 17,8866,17,17,499,358,3.85,4.12,0,0,512,384,1.4,0,0,0,0,-1,
518,Teste 17,8883,17,17,505,355,3.85,4.06,0,0,512,384,1.4,0,0,0,0,-1,
519,Teste 17,8900,17,17,503,367,3.82,4.03,0,0,512,384,2.5,0,0,0,0,-1,
520,Teste 17,8916,17,17,506,367,3.87,4.09,0,0,512,384,2.5,0,0,0,0,-1,
521,Teste 17,8933,17,17,505,351,3.88,3.99,0,0,512,384,1.4,0,0,0,0,-1,
522,Teste 17,8950,17,17,491,363,3.85,4.07,0,0,512,384,2005-04-02 00:00:00,0,0,0,0,-1,
523,Teste 17,8966,17,17,502,350,3.85,3.99,0,0,512,384,1.4,0,0,0,0,-1,
524,Teste 17,8983,17,17,505,347,3.85,4.03,0,0,512,384,1.4,0,0,0,0,-1,
525,Teste 17,9000,17,17,498,379,3.9,4.09,0,0,512,384,2.5,0,0,0,0,-1,
526,Teste 17,9016,17,17,515,352,3.82,4.03,0,0,512,384,1.4,0,0,0,0,-1,
527,Teste 17,9099,83,83,488,350,0.0,4.03,0,0,512,384,1.4,0,0,0,0,-1,
528,Teste 17,9149,50,50,490,342,0.0,4.07,0,0,512,384,1.4,0,0,0,0,-1,
529,Teste 17,9199,50,50,486,339,0.0,4.09,0,0,512,384,1.4,0,0,0,0,-1,
530,Teste 17,9216,17,17,479,369,0.0,4.12,0,0,512,384,2.5,0,0,0,0,-1,
531,Teste 17,9249,0,0,371,393,0.0,4.14,0,0,512,384,2,0,0,0,0,-1,
532,Teste 17,9249,33,33,371,393,0.0,4.14,0,0,512,384,2,0,0,0,0,-1,
533,Teste 17,9266,17,17,382,440,0.0,4.17,0,0,512,384,3,0,0,0,0,-1,
534,Teste 17,9282,17,17,374,447,0.0,4.14,0,0,512,384,3,0,0,0,0,-1,
535,Teste 17,9299,17,17,373,428,0.0,4.12,0,0,512,384,3,0,0,0,0,-1,
536,Teste 17,9316,17,17,373,428,0.0,4.12,0,0,512,384,3,0,0,0,0,-1,
537,Teste 17,9332,17,17,367,590,0.0,4.99,0,0,512,384,3,0,0,0,0,-1,
538,Teste 17,9349,17,17,369,510,0.0,4.19,0,0,512,384,3,0,0,0,0,-1,
539,Teste 17,9366,17,17,373,432,0.0,4.12,0,0,512,384,3,0,0,0,0,-1,
540,Teste 17,9382,17,17,338,802,4.04,4.09,0,0,512,384,-,0,0,0,0,-1,
541,Teste 17,9399,17,17,372,420,0.0,4.17,0,0,512,384,3,0,0,0,0,-1,
542,Teste 17,9415,17,17,369,399,0.0,4.11,0,0,512,384,2,0,0,0,0,-1,
543,Teste 17,9432,17,17,374,396,0.0,4.09,0,0,512,384,2,0,0,0,0,-1,
544,Teste 17,9499,67,67,1005,750,3.83,0.0,0,0,512,384,3,0,0,0,0,-1,
545,Teste 17,9615,116,116,362,375,0.0,3.96,0,0,512,384,2,0,0,0,0,-1,
546,Teste 17,9632,17,17,356,363,0.0,3.98,0,0,512,384,2,0,0,0,0,-1,
547,Teste 17,9732,100,100,366,369,0.0,3.99,0,0,512,384,2,0,0,0,0,-1,
548,Teste 17,9748,17,17,380,369,0.0,3.98,0,0,512,384,2,0,0,0,0,-1,
549,Teste 17,9765,17,17,374,401,0.0,4.01,0,0,512,384,2,0,0,0,0,-1,
550,Teste 17,9781,17,17,372,434,0.0,3.99,0,0,512,384,3,0,0,0,0,-1,
551,Teste 17,9815,33,33,372,375,0.0,3.98,0,0,512,384,2,0,0,0,0,-1,
552,Teste 17,9831,17,17,376,367,0.0,4.01,0,0,512,384,2,0,0,0,0,-1,
553,Teste 17,9848,17,17,373,372,0.0,3.99,0,0,512,384,2,0,0,0,0,-1,
554,Teste 17,9865,17,17,369,370,0.0,3.98,0,0,512,384,2,0,0,0,0,-1,
555,Teste 17,9881,17,17,372,372,0.0,3.99,0,0,512,384,2,0,0,0,0,-1,
556,Teste 17,9898,17,17,374,366,0.0,3.99,0,0,512,384,2,0,0,0,0,-1,
557,Teste 17,9914,17,17,386,409,0.0,4.01,0,0,512,384,2,0,0,0,0,-1,
558,Teste 17,9931,17,17,378,296,0.0,3.99,0,0,512,384,1,0,0,0,0,-1,
559,Teste 17,9948,17,17,364,456,0.0,4.03,0,0,512,384,3,0,0,0,0,-1,
560,Teste 17,9964,17,17,389,505,0.0,3.98,0,0,512,384,3,0,0,0,0,-1,
561,Teste 17,9981,17,17,445,516,0.0,4.07,0,0,512,384,3,0,0,0,0,-1,
562,Teste 17,9998,17,17,532,507,0.0,3.99,0,0,512,384,3.6,0,0,0,0,-1,
563,Teste 17,10014,17,17,573,422,0.0,3.99,0,0,512,384,3.6,0,0,0,0,-1,
564,Teste 17,10031,17,17,548,418,0.0,4.01,0,0,512,384,5,0,0,0,0,-1,
565,Teste 17,10048,17,17,584,370,0.0,3.98,0,0,512,384,2.5,0,0,0,0,-1,
566,Teste 17,10064,17,17,592,312,0.0,4.03,0,0,512,384,1.4,0,0,0,0,-1,
567,Teste 17,10081,17,17,565,349,0.0,3.96,0,0,512,384,1.4,0,0,0,0,-1,
568,Teste 17,10097,17,17,563,384,0.0,3.99,0,0,512,384,2.5,0,0,0,0,-1,
569,Teste 17,10114,17,17,555,389,0.0,4.01,0,0,512,384,2.5,0,0,0,0,-1,
570,Teste 17,10131,17,17,561,371,0.0,3.95,0,0,512,384,2.5,0,0,0,0,-1,
571,Teste 17,10147,17,17,569,356,0.0,3.98,0,0,512,384,1.4,0,0,0,0,-1,
572,Teste 17,10164,17,17,573,351,0.0,3.96,0,0,512,384,1.4,0,0,0,0,-1,
573,Teste 17,10181,17,17,557,343,0.0,3.96,0,0,512,384,1.4,0,0,0,0,-1,
574,Teste 17,10197,17,17,570,377,0.0,4.03,0,0,512,384,2.5,0,0,0,0,-1,
575,Teste 17,10214,17,17,560,368,0.0,3.98,0,0,512,384,2.5,0,0,0,0,-1,
576,Teste 17,10231,17,17,555,356,0.0,3.93,0,0,512,384,1.4,0,0,0,0,-1,
577,Teste 17,10247,17,17,557,361,0.0,3.98,0,0,512,384,1.4,0,0,0,0,-1,
578,Teste 17,10264,17,17,563,376,0.0,3.96,0,0,512,384,2.5,0,0,0,0,-1,
579,Teste 17,10280,17,17,563,300,0.0,3.88,0,0,512,384,1.4,0,0,0,0,-1,
580,Teste 17,10297,17,17,560,385,0.0,3.93,0,0,512,384,2.5,0,0,0,0,-1,
581,Teste 17,10314,17,17,567,314,0.0,3.88,0,0,512,384,1.4,0,0,0,0,-1,
582,Teste 17,10330,17,17,574,344,0.0,3.95,0,0,512,384,1.4,0,0,0,0,-1,
583,Teste 17,10347,17,17,577,284,0.0,3.91,0,0,512,384,1.4,0,0,0,0,-1,
584,Teste 17,10364,17,17,527,355,0.0,3.91,0,0,512,384,1.4,0,0,0,0,-1,
585,Teste 17,10380,17,17,522,385,0.0,3.9,0,0,512,384,2.5,0,0,0,0,-1,
586,Teste 17,10397,17,17,525,402,0.0,3.87,0,0,512,384,2.5,0,0,0,0,-1,
587,Teste 17,10414,17,17,447,399,3.99,3.85,0,0,512,384,2.5,0,0,0,0,-1,
588,Teste 17,10430,17,17,522,380,0.0,3.85,0,0,512,384,2.5,0,0,0,0,-1,
589,Teste 17,10447,17,17,519,396,0.0,3.83,0,0,512,384,2.5,0,0,0,0,-1,
590,Teste 17,10463,17,17,523,331,0.0,3.87,0,0,512,384,1.4,0,0,0,0,-1,
591,Teste 17,10480,17,17,521,351,0.0,3.85,0,0,512,384,1.4,0,0,0,0,-1,
592,Teste 17,10497,17,17,526,348,0.0,3.87,0,0,512,384,1.4,0,0,0,0,-1,
593,Teste 17,10513,17,17,529,345,0.0,3.85,0,0,512,384,1.4,0,0,0,0,-1,
594,Teste 17,10547,33,33,522,373,0.0,3.87,0,0,512,384,2.5,0,0,0,0,-1,
595,Teste 17,10613,67,67,518,371,0.0,3.82,0,0,512,384,2.5,0,0,0,0,-1,
596,Teste 17,10630,17,17,524,326,0.0,3.82,0,0,512,384,1.4,0,0,0,0,-1,
597,Teste 17,10663,33,33,529,368,0.0,3.87,0,0,512,384,2.5,0,0,0,0,-1,
598,Teste 17,10680,17,17,526,352,0.0,3.83,0,0,512,384,1.4,0,0,0,0,-1,
599,Teste 17,10696,17,17,520,378,0.0,3.85,0,0,512,384,2.5,0,0,0,0,-1,
600,Teste 17,10713,17,17,529,340,0.0,3.83,0,0,512,384,1.4,0,0,0,0,-1,
601,Teste 17,10730,17,17,555,269,3.61,3.88,0,0,512,384,1,0,0,0,0,-1,
602,Teste 17,10746,17,17,549,296,3.64,3.87,0,0,512,384,1.4,0,0,0,0,-1,
603,Teste 17,10763,17,17,558,262,3.71,3.82,0,0,512,384,1,0,0,0,0,-1,
604,Teste 17,10780,17,17,558,325,3.66,3.85,0,0,512,384,1.4,0,0,0,0,-1,
605,Teste 17,10796,17,17,572,313,3.61,3.85,0,0,512,384,1.4,0,0,0,0,-1,
606,Teste 17,10813,17,17,550,298,3.66,3.9,0,0,512,384,1.4,0,0,0,0,-1,
607,Teste 17,10829,17,17,540,278,3.71,3.88,0,0,512,384,1,0,0,0,0,-1,
608,Teste 17,10846,17,17,538,313,3.71,3.93,0,0,512,384,1.4,0,0,0,0,-1,
609,Teste 17,10863,17,17,562,317,3.66,3.88,0,0,512,384,1.4,0,0,0,0,-1,
610,Teste 17,10929,0,0,545,265,3.71,3.91,0,0,512,384,1,0,0,0,0,-1,
611,Teste 17,10929,67,67,545,265,3.71,3.91,0,0,512,384,1,0,0,0,0,-1,
612,Teste 17,10946,17,17,533,308,3.72,3.95,0,0,512,384,1.4,0,0,0,0,-1,
613,Teste 17,10962,17,17,542,294,3.77,3.9,0,0,512,384,1.4,0,0,0,0,-1,
614,Teste 17,10979,17,17,530,326,3.77,3.95,0,0,512,384,1.4,0,0,0,0,-1,
615,Teste 17,10996,17,17,538,286,3.72,3.91,0,0,512,384,1.4,0,0,0,0,-1,
616,Teste 17,11012,17,17,548,316,3.72,3.93,0,0,512,384,1.4,0,0,0,0,-1,
617,Teste 17,11029,17,17,537,276,3.87,3.98,0,0,512,384,1,0,0,0,0,-1,
618,Teste 17,11046,17,17,530,342,0.0,3.99,0,0,512,384,1.4,0,0,0,0,-1,
619,Teste 17,11062,17,17,537,361,0.0,3.99,0,0,512,384,1.4,0,0,0,0,-1,
620,Teste 17,11096,33,33,529,360,0.0,3.99,0,0,512,384,1.4,0,0,0,0,-1,
621,Teste 17,11112,17,17,525,346,0.0,4.01,0,0,512,384,1.4,0,0,0,0,-1,
622,Teste 17,11145,33,33,521,389,0.0,3.99,0,0,512,384,2.5,0,0,0,0,-1,
623,Teste 17,11162,17,17,525,403,0.0,4.01,0,0,512,384,2.5,0,0,0,0,-1,
624,Teste 17,11179,17,17,532,383,0.0,4.06,0,0,512,384,2.5,0,0,0,0,-1,
625,Teste 17,11195,17,17,520,375,0.0,3.99,0,0,512,384,2.5,0,0,0,0,-1,
626,Teste 17,11212,17,17,530,369,0.0,4.03,0,0,512,384,2.5,0,0,0,0,-1,
627,Teste 17,11229,17,17,513,366,0.0,4.04,0,0,512,384,2.5,0,0,0,0,-1,
628,Teste 17,11245,17,17,534,303,3.85,4.04,0,0,512,384,1.4,0,0,0,0,-1,
629,Teste 17,11262,17,17,555,284,3.85,4.04,0,0,512,384,1.4,0,0,0,0,-1,
630,Teste 17,11279,17,17,552,301,3.9,4.06,0,0,512,384,1.4,0,0,0,0,-1,
631,Teste 17,11295,17,17,545,330,3.87,4.01,0,0,512,384,1.4,0,0,0,0,-1,
632,Teste 17,11312,17,17,546,343,3.93,4.01,0,0,512,384,1.4,0,0,0,0,-1,
633,Teste 17,11328,17,17,536,306,3.83,4.06,0,0,512,384,1.4,0,0,0,0,-1,
634,Teste 17,11345,17,17,544,293,3.85,4.07,0,0,512,384,1.4,0,0,0,0,-1,
635,Teste 17,11362,17,17,539,312,3.93,4.06,0,0,512,384,1.4,0,0,0,0,-1,
636,Teste 17,11378,17,17,504,318,3.91,4.06,0,0,512,384,1.4,0,0,0,0,-1,
637,Teste 17,11395,17,17,494,305,3.88,4.06,0,0,512,384,1.4,0,0,0,0,-1,
638,Teste 17,11412,17,17,494,291,3.85,3.96,0,0,512,384,1.4,0,0,0,0,-1,
639,Teste 17,11428,17,17,486,308,3.83,3.96,0,0,512,384,1.4,0,0,0,0,-1,
640,Teste 17,11445,17,17,498,279,3.8,3.95,0,0,512,384,1,0,0,0,0,-1,
641,Teste 17,11462,17,17,504,262,3.75,3.91,0,0,512,384,1,0,0,0,0,-1,
642,Teste 17,11478,17,17,503,238,3.74,3.87,0,0,512,384,1,0,0,0,0,-1,
643,Teste 17,11495,17,17,512,266,3.64,3.83,0,0,512,384,1,0,0,0,0,-1,
644,Teste 17,11511,17,17,489,239,3.67,3.87,0,0,512,384,1,0,0,0,0,-1,
645,Teste 17,11528,17,17,508,244,3.56,3.79,0,0,512,384,1,0,0,0,0,-1,
646,Teste 17,11545,17,17,503,270,3.59,3.75,0,0,512,384,1,0,0,0,0,-1,
647,Teste 17,11561,17,17,500,263,3.56,3.71,0,0,512,384,1,0,0,0,0,-1,
648,Teste 17,11578,17,17,524,287,3.53,3.74,0,0,512,384,1.4,0,0,0,0,-1,
649,Teste 17,11595,17,17,520,337,3.55,3.72,0,0,512,384,1.4,0,0,0,0,-1,
650,Teste 17,11611,17,17,528,313,3.51,3.69,0,0,512,384,1.4,0,0,0,0,-1,
651,Teste 17,11628,17,17,527,283,3.5,3.71,0,0,512,384,1.4,0,0,0,0,-1,
652,Teste 17,11645,17,17,529,169,3.56,3.66,0,0,512,384,1,0,0,0,0,-1,
653,Teste 17,11661,17,17,511,348,3.48,3.72,0,0,512,384,1.4,0,0,0,0,-1,
654,Teste 17,11678,17,17,523,334,3.55,3.64,0,0,512,384,1.4,0,0,0,0,-1,
655,Teste 17,11694,17,17,519,330,3.45,3.63,0,0,512,384,1.4,0,0,0,0,-1,
656,Teste 17,11711,17,17,526,334,3.5,3.71,0,0,512,384,1.4,0,0,0,0,-1,
657,Teste 17,11728,17,17,532,303,3.46,3.67,0,0,512,384,1.4,0,0,0,0,-1,
658,Teste 17,11744,17,17,525,338,3.5,3.71,0,0,512,384,1.4,0,0,0,0,-1,
659,Teste 17,11761,17,17,528,266,3.48,3.69,0,0,512,384,1,0,0,0,0,-1,
660,Teste 17,11778,17,17,558,153,3.53,3.72,0,0,512,384,1,0,0,0,0,-1,
661,Teste 17,11794,17,17,580,121,3.51,3.59,0,0,512,384,1,0,0,0,0,-1,
662,Teste 17,11811,17,17,565,134,3.48,3.74,0,0,512,384,1,0,0,0,0,-1,
663,Teste 17,11828,17,17,568,127,3.56,3.66,0,0,512,384,1,0,0,0,0,-1,
664,Teste 17,11844,17,17,556,161,3.5,3.74,0,0,512,384,1,0,0,0,0,-1,
665,Teste 17,11861,17,17,560,182,3.53,3.72,0,0,512,384,1,0,0,0,0,-1,
666,Teste 17,11877,17,17,569,189,3.56,3.71,0,0,512,384,1,0,0,0,0,-1,
667,Teste 17,11894,17,17,564,190,3.53,3.69,0,0,512,384,1,0,0,0,0,-1,
668,Teste 17,11911,17,17,560,185,3.58,3.74,0,0,512,384,1,0,0,0,0,-1,
669,Teste 17,11927,17,17,562,153,3.53,3.71,0,0,512,384,1,0,0,0,0,-1,
670,Teste 17,11944,17,17,584,91,3.56,3.69,0,0,512,384,1,0,0,0,0,-1,
671,Teste 17,11961,17,17,577,106,3.59,3.72,0,0,512,384,1,0,0,0,0,-1,
672,Teste 17,11977,17,17,570,148,3.53,3.69,0,0,512,384,1,0,0,0,0,-1,
673,Teste 17,11994,17,17,562,131,3.56,3.71,0,0,512,384,1,0,0,0,0,-1,
674,Teste 17,12011,17,17,571,166,3.53,3.72,0,0,512,384,1,0,0,0,0,-1,
675,Teste 17,12027,17,17,583,159,3.58,3.71,0,0,512,384,1,0,0,0,0,-1,
676,Teste 17,12044,17,17,576,108,3.55,3.72,0,0,512,384,1,0,0,0,0,-1,
677,Teste 17,12060,17,17,575,167,3.56,3.67,0,0,512,384,1,0,0,0,0,-1,
678,Teste 17,12077,17,17,571,166,3.51,3.69,0,0,512,384,1,0,0,0,0,-1,
679,Teste 17,12094,17,17,573,190,3.55,3.72,0,0,512,384,1,0,0,0,0,-1,
680,Teste 17,12110,17,17,562,186,3.59,3.72,0,0,512,384,1,0,0,0,0,-1,
681,Teste 17,12127,17,17,574,158,3.61,3.74,0,0,512,384,1,0,0,0,0,-1,
682,Teste 17,12144,17,17,547,201,3.56,3.79,0,0,512,384,1,0,0,0,0,-1,
683,Teste 17,12160,17,17,555,213,3.66,3.72,0,0,512,384,1,0,0,0,0,-1,
684,Teste 17,12177,17,17,564,223,3.64,3.75,0,0,512,384,1,0,0,0,0,-1,
685,Teste 17,12193,17,17,546,201,3.59,3.77,0,0,512,384,1,0,0,0,0,-1,
686,Teste 17,12210,17,17,543,238,3.66,3.8,0,0,512,384,1,0,0,0,0,-1,
687,Teste 17,12227,17,17,552,243,3.66,3.82,0,0,512,384,1,0,0,0,0,-1,
688,Teste 17,12243,17,17,547,251,3.61,3.83,0,0,512,384,1,0,0,0,0,-1,
689,Teste 17,12260,17,17,544,244,3.69,3.75,0,0,512,384,1,0,0,0,0,-1,
690,Teste 17,12277,17,17,548,250,3.71,3.85,0,0,512,384,1,0,0,0,0,-1,
691,Teste 17,12293,17,17,552,232,3.69,3.87,0,0,512,384,1,0,0,0,0,-1,
692,Teste 17,12310,17,17,540,367,3.77,3.85,0,0,512,384,2.5,0,0,0,0,-1,
693,Teste 17,12327,17,17,547,266,3.71,3.83,0,0,512,384,1,0,0,0,0,-1,
694,Teste 17,12343,17,17,541,289,3.72,3.8,0,0,512,384,1.4,0,0,0,0,-1,
695,Teste 17,12360,17,17,536,343,3.74,3.88,0,0,512,384,1.4,0,0,0,0,-1,
696,Teste 17,12376,17,17,545,252,3.74,3.9,0,0,512,384,1,0,0,0,0,-1,
697,Teste 17,12393,17,17,543,257,3.77,3.88,0,0,512,384,1,0,0,0,0,-1,
698,Teste 17,12410,17,17,533,314,3.8,3.9,0,0,512,384,1.4,0,0,0,0,-1,
699,Teste 17,12426,17,17,530,278,3.8,3.87,0,0,512,384,1,0,0,0,0,-1,
700,Teste 17,12443,17,17,534,296,3.8,3.9,0,0,512,384,1.4,0,0,0,0,-1,
701,Teste 17,12460,17,17,530,341,3.85,3.87,0,0,512,384,1.4,0,0,0,0,-1,
702,Teste 17,12476,17,17,529,293,3.82,3.88,0,0,512,384,1.4,0,0,0,0,-1,
703,Teste 17,12493,17,17,519,372,3.82,3.87,0,0,512,384,2.5,0,0,0,0,-1,
704,Teste 17,12510,17,17,534,345,3.82,3.88,0,0,512,384,1.4,0,0,0,0,-1,
705,Teste 17,12526,17,17,527,322,3.85,3.87,0,0,512,384,1.4,0,0,0,0,-1,
706,Teste 17,12543,17,17,523,328,3.85,3.9,0,0,512,384,1.4,0,0,0,0,-1,
707,Teste 17,12559,17,17,517,373,0.0,3.91,0,0,512,384,2.5,0,0,0,0,-1,
708,Teste 17,12576,17,17,514,375,0.0,3.88,0,0,512,384,2.5,0,0,0,0,-1,
709,Teste 17,12593,17,17,517,294,3.87,3.91,0,0,512,384,1.4,0,0,0,0,-1,
710,Teste 17,12609,17,17,540,307,3.88,3.95,0,0,512,384,1.4,0,0,0,0,-1,
711,Teste 17,12626,17,17,530,313,3.85,3.85,0,0,512,384,1.4,0,0,0,0,-1,
712,Teste 17,12643,17,17,525,369,3.9,3.9,0,0,512,384,2.5,0,0,0,0,-1,
713,Teste 17,12659,17,17,521,324,3.87,3.95,0,0,512,384,1.4,0,0,0,0,-1,
714,Teste 17,12676,17,17,521,351,3.91,3.95,0,0,512,384,1.4,0,0,0,0,-1,
715,Teste 17,12693,17,17,521,361,3.93,3.95,0,0,512,384,1.4,0,0,0,0,-1,
716,Teste 17,12709,17,17,515,385,3.87,3.96,0,0,512,384,2.5,0,0,0,0,-1,
717,Teste 17,12726,17,17,520,358,3.95,3.91,0,0,512,384,1.4,0,0,0,0,-1,
718,Teste 17,12742,17,17,502,436,0.0,3.87,0,0,512,384,3.6,0,0,0,0,-1,
719,Teste 17,12759,17,17,505,359,3.99,3.9,0,0,512,384,1.4,0,0,0,0,-1,
720,Teste 17,12776,17,17,497,441,0.0,3.96,0,0,512,384,3.6,0,0,0,0,-1,
721,Teste 17,12792,17,17,503,445,0.0,4.01,0,0,512,384,3.6,0,0,0,0,-1,
722,Teste 17,12809,17,17,509,352,3.91,3.95,0,0,512,384,1.4,0,0,0,0,-1,
723,Teste 17,12826,17,17,505,422,0.0,3.93,0,0,512,384,3.6,0,0,0,0,-1,
724,Teste 17,12842,17,17,525,361,3.98,3.93,0,0,512,384,1.4,0,0,0,0,-1,
725,Teste 17,12859,17,17,524,386,3.99,3.91,0,0,512,384,2.5,0,0,0,0,-1,
726,Teste 17,12876,17,17,514,411,0.0,4.12,0,0,512,384,2.5,0,0,0,0,-1,
727,Teste 17,12892,17,17,519,340,3.91,3.95,0,0,512,384,1.4,0,0,0,0,-1,
728,Teste 17,12909,17,17,528,370,3.9,4.15,0,0,512,384,2.5,0,0,0,0,-1,
729,Teste 17,12925,17,17,518,364,3.98,3.96,0,0,512,384,2005-04-02 00:00:00,0,0,0,0,-1,
730,Teste 17,12942,17,17,520,344,3.96,3.95,0,0,512,384,1.4,0,0,0,0,-1,
731,Teste 17,12959,17,17,523,312,3.95,4.01,0,0,512,384,1.4,0,0,0,0,-1,
732,Teste 17,12975,17,17,519,329,3.96,4.01,0,0,512,384,1.4,0,0,0,0,-1,
733,Teste 17,12992,17,17,520,358,3.98,3.99,0,0,512,384,1.4,0,0,0,0,-1,
734,Teste 17,13009,17,17,510,330,3.9,4.01,0,0,512,384,1.4,0,0,0,0,-1,
735,Teste 17,13025,17,17,519,367,3.96,4.03,0,0,512,384,2.5,0,0,0,0,-1,
736,Teste 17,13042,17,17,529,365,3.93,4.03,0,0,512,384,2.5,0,0,0,0,-1,
737,Teste 17,13059,17,17,531,303,3.9,3.99,0,0,512,384,1.4,0,0,0,0,-1,
738,Teste 17,13075,17,17,563,276,3.99,3.98,0,0,512,384,1,0,0,0,0,-1,
739,Teste 17,13092,17,17,593,244,3.93,0.0,0,0,512,384,1,0,0,0,0,-1,
740,Teste 17,13108,17,17,619,172,3.98,0.0,0,0,512,384,1,0,0,0,0,-1,
741,Teste 17,13125,17,17,612,161,3.96,0.0,0,0,512,384,1,0,0,0,0,-1,
742,Teste 17,13142,17,17,618,157,3.9,0.0,0,0,512,384,1,0,0,0,0,-1,
743,Teste 17,13158,17,17,622,103,3.95,3.99,0,0,512,384,1,0,0,0,0,-1,
744,Teste 17,13175,17,17,618,128,4.04,3.96,0,0,512,384,1,0,0,0,0,-1,
745,Teste 17,13192,17,17,621,111,3.98,3.99,0,0,512,384,1,0,0,0,0,-1,
746,Teste 17,13208,17,17,608,100,3.96,3.99,0,0,512,384,1,0,0,0,0,-1,
747,Teste 17,13225,17,17,625,55,3.91,4.01,0,0,512,384,1,0,0,0,0,-1,
748,Teste 17,13241,17,17,625,63,3.96,4.04,0,0,512,384,1,0,0,0,0,-1,
749,Teste 17,13258,17,17,622,50,3.93,3.99,0,0,512,384,1,0,0,0,0,-1,
750,Teste 17,13275,17,17,626,56,3.95,4.04,0,0,512,384,1,0,0,0,0,-1,
751,Teste 17,13291,17,17,639,65,3.9,4.06,0,0,512,384,1,0,0,0,0,-1,
752,Teste 17,13308,17,17,614,74,3.95,4.03,0,0,512,384,1,0,0,0,0,-1,
753,Teste 17,13325,17,17,612,54,4.01,4.07,0,0,512,384,1,0,0,0,0,-1,
754,Teste 17,13341,17,17,633,46,3.91,4.03,0,0,512,384,1,0,0,0,0,-1,
755,Teste 17,13358,17,17,622,92,3.93,4.01,0,0,512,384,1,0,0,0,0,-1,
756,Teste 17,13375,17,17,603,112,3.91,0.0,0,0,512,384,1,0,0,0,0,-1,
757,Teste 17,13391,17,17,564,65,3.98,0.0,0,0,512,384,1,0,0,0,0,-1,
758,Teste 17,13408,17,17,541,123,3.96,0.0,0,0,512,384,1,0,0,0,0,-1,
759,Teste 17,13424,17,17,557,124,3.93,0.0,0,0,512,384,1,0,0,0,0,-1,
760,Teste 17,13441,17,17,550,105,3.93,4.09,0,0,512,384,1,0,0,0,0,-1,
761,Teste 17,13458,17,17,546,107,3.95,4.06,0,0,512,384,1,0,0,0,0,-1,
762,Teste 17,13474,17,17,542,214,3.95,4.04,0,0,512,384,1,0,0,0,0,-1,
763,Teste 17,13491,17,17,538,212,0.0,4.04,0,0,512,384,1,0,0,0,0,-1,
764,Teste 17,13508,17,17,537,202,0.0,4.07,0,0,512,384,1,0,0,0,0,-1,
765,Teste 17,13524,17,17,537,219,0.0,4.03,0,0,512,384,1,0,0,0,0,-1,
766,Teste 17,13541,17,17,542,212,0.0,4.06,0,0,512,384,1,0,0,0,0,-1,
767,Teste 17,13558,17,17,527,215,0.0,4.07,0,0,512,384,1,0,0,0,0,-1,
768,Teste 17,13574,17,17,550,215,0.0,4.09,0,0,512,384,1,0,0,0,0,-1,
769,Teste 17,13591,17,17,544,202,0.0,4.06,0,0,512,384,1,0,0,0,0,-1,
770,Teste 17,13607,17,17,551,211,0.0,4.09,0,0,512,384,1,0,0,0,0,-1,
771,Teste 17,13624,17,17,538,235,0.0,4.11,0,0,512,384,1,0,0,0,0,-1,
772,Teste 17,13641,17,17,535,211,0.0,4.03,0,0,512,384,1,0,0,0,0,-1,
773,Teste 17,13657,17,17,535,212,0.0,4.04,0,0,512,384,1,0,0,0,0,-1,
774,Teste 17,13691,33,33,555,224,0.0,4.07,0,0,512,384,1,0,0,0,0,-1,
775,Teste 17,13707,17,17,531,223,0.0,4.07,0,0,512,384,1,0,0,0,0,-1,
776,Teste 17,13724,17,17,512,215,0.0,4.09,0,0,512,384,1,0,0,0,0,-1,
777,Teste 17,13741,17,17,521,204,0.0,4.09,0,0,512,384,1,0,0,0,0,-1,
778,Teste 17,13757,17,17,528,206,0.0,3.98,0,0,512,384,1,0,0,0,0,-1,
779,Teste 17,13774,17,17,518,310,0.0,4.54,0,0,512,384,1.4,0,0,0,0,-1,
780,Teste 17,13790,17,17,519,240,0.0,4.06,0,0,512,384,1,0,0,0,0,-1,
781,Teste 17,13807,17,17,523,252,0.0,4.04,0,0,512,384,1,0,0,0,0,-1,
782,Teste 17,13824,17,17,530,220,0.0,3.99,0,0,512,384,1,0,0,0,0,-1,
783,Teste 17,13840,17,17,519,219,0.0,4.01,0,0,512,384,1,0,0,0,0,-1,
784,Teste 17,13857,17,17,518,235,0.0,4.11,0,0,512,384,1,0,0,0,0,-1,
785,Teste 17,13874,17,17,524,195,0.0,4.01,0,0,512,384,1,0,0,0,0,-1,
786,Teste 17,13890,17,17,536,297,3.91,4.03,0,0,512,384,1.4,0,0,0,0,-1,
787,Teste 17,13907,17,17,531,404,3.96,4.03,0,0,512,384,2.5,0,0,0,0,-1,
788,Teste 17,13924,17,17,532,410,3.87,4.07,0,0,512,384,2.5,0,0,0,0,-1,
789,Teste 17,13940,17,17,525,439,3.98,4.09,0,0,512,384,3.6,0,0,0,0,-1,
790,Teste 17,13957,17,17,533,406,3.96,4.14,0,0,512,384,2.5,0,0,0,0,-1,
791,Teste 17,13973,17,17,531,377,3.95,4.09,0,0,512,384,2.5,0,0,0,0,-1,
792,Teste 17,13990,17,17,528,401,3.98,4.35,0,0,512,384,2.5,0,0,0,0,-1,
793,Teste 17,14007,17,17,536,374,3.88,4.06,0,0,512,384,2.5,0,0,0,0,-1,
794,Teste 17,14023,17,17,535,326,3.91,4.09,0,0,512,384,1.4,0,0,0,0,-1,
795,Teste 17,14040,17,17,546,264,3.87,4.22,0,0,512,384,1,0,0,0,0,-1,
796,Teste 17,14057,17,17,539,297,3.88,4.4,0,0,512,384,1.4,0,0,0,0,-1,
797,Teste 17,14073,17,17,544,213,3.93,4.35,0,0,512,384,1,0,0,0,0,-1,
798,Teste 17,14090,17,17,540,300,3.96,4.09,0,0,512,384,1.4,0,0,0,0,-1,
799,Teste 17,14107,17,17,532,256,3.95,4.41,0,0,512,384,1,0,0,0,0,-1,
800,Teste 17,14123,17,17,534,244,3.88,4.04,0,0,512,384,1,0,0,0,0,-1,
801,Teste 17,14140,17,17,537,365,3.9,4.06,0,0,512,384,2.5,0,0,0,0,-1,
802,Teste 17,14156,17,17,538,258,3.87,4.03,0,0,512,384,1,0,0,0,0,-1,
803,Teste 17,14173,17,17,525,404,3.87,3.99,0,0,512,384,2.5,0,0,0,0,-1,
804,Teste 17,14190,17,17,532,380,3.83,3.96,0,0,512,384,2.5,0,0,0,0,-1,
805,Teste 17,14206,17,17,525,391,3.75,3.96,0,0,512,384,2.5,0,0,0,0,-1,
806,Teste 17,14223,17,17,525,404,3.75,3.95,0,0,512,384,2.5,0,0,0,0,-1,
807,Teste 17,14240,17,17,522,393,3.79,3.88,0,0,512,384,2.5,0,0,0,0,-1,
808,Teste 17,14256,17,17,521,371,3.66,3.87,0,0,512,384,2.5,0,0,0,0,-1,
809,Teste 17,14273,17,17,518,380,3.67,4.2,0,0,512,384,2.5,0,0,0,0,-1,
810,Teste 17,14290,17,17,521,385,3.66,3.85,0,0,512,384,2.5,0,0,0,0,-1,
811,Teste 17,14306,17,17,519,401,3.67,3.83,0,0,512,384,2.5,0,0,0,0,-1,
812,Teste 17,14323,17,17,517,393,3.67,4.24,0,0,512,384,2.5,0,0,0,0,-1,
813,Teste 17,14356,0,0,519,375,3.64,3.8,0,0,512,384,2.5,0,0,0,0,-1,
814,Teste 17,14356,33,33,519,375,3.64,3.8,0,0,512,384,2.5,0,0,0,0,-1,
815,Teste 17,14373,17,17,517,401,3.64,3.82,0,0,512,384,2.5,0,0,0,0,-1,
816,Teste 17,14389,17,17,520,399,3.66,3.79,0,0,512,384,2.5,0,0,0,0,-1,
817,Teste 17,14406,17,17,523,408,3.67,3.85,0,0,512,384,2.5,0,0,0,0,-1,
818,Teste 17,14423,17,17,513,397,3.72,3.85,0,0,512,384,2.5,0,0,0,0,-1,
819,Teste 17,14439,17,17,515,348,3.72,4.59,0,0,512,384,1.4,0,0,0,0,-1,
820,Teste 17,14456,17,17,507,403,3.71,3.87,0,0,512,384,2.5,0,0,0,0,-1,
821,Teste 17,14922,466,466,532,365,3.55,0.0,0,0,512,384,2.5,0,0,0,0,-1,
822,Teste 17,14938,17,17,530,263,3.58,0.0,0,0,512,384,1,0,0,0,0,-1,
823,Teste 17,14955,17,17,519,386,3.56,0.0,0,0,512,384,2.5,0,0,0,0,-1,
824,Teste 17,14972,17,17,521,336,3.56,0.0,0,0,512,384,1.4,0,0,0,0,-1,
825,Teste 17,14988,17,17,520,370,3.5,0.0,0,0,512,384,2.5,0,0,0,0,-1,
826,Teste 17,15005,17,17,518,361,3.48,0.0,0,0,512,384,1.4,0,0,0,0,-1,
827,Teste 17,15021,17,17,527,346,3.43,0.0,0,0,512,384,1.4,0,0,0,0,-1,
828,Teste 17,15038,17,17,523,358,3.43,0.0,0,0,512,384,1.4,0,0,0,0,-1,
829,Teste 17,15055,17,17,527,355,3.38,0.0,0,0,512,384,1.4,0,0,0,0,-1,
830,Teste 17,15071,17,17,524,342,3.38,0.0,0,0,512,384,1.4,0,0,0,0,-1,
831,Teste 17,15088,17,17,528,370,3.4,0.0,0,0,512,384,2.5,0,0,0,0,-1,
832,Teste 17,15105,17,17,520,364,3.38,0.0,0,0,512,384,2005-04-02 00:00:00,0,0,0,0,-1,
833,Teste 17,15121,17,17,522,360,3.35,0.0,0,0,512,384,1.4,0,0,0,0,-1,
834,Teste 17,15138,17,17,524,370,3.4,0.0,0,0,512,384,2.5,0,0,0,0,-1,
835,Teste 17,15155,17,17,524,384,3.43,0.0,0,0,512,384,2.5,0,0,0,0,-1,
836,Teste 17,15171,17,17,520,381,3.38,0.0,0,0,512,384,2.5,0,0,0,0,-1,
837,Teste 17,15188,17,17,519,398,3.38,0.0,0,0,512,384,2.5,0,0,0,0,-1,
838,Teste 17,15204,17,17,524,399,3.43,0.0,0,0,512,384,2.5,0,0,0,0,-1,
839,Teste 17,15221,17,17,518,391,3.46,0.0,0,0,512,384,2.5,0,0,0,0,-1,
840,Teste 17,15238,17,17,521,365,3.46,0.0,0,0,512,384,2.5,0,0,0,0,-1,
841,Teste 17,15254,17,17,526,386,3.51,0.0,0,0,512,384,2.5,0,0,0,0,-1,
842,Teste 17,15271,17,17,532,349,3.48,0.0,0,0,512,384,1.4,0,0,0,0,-1,
843,Teste 17,15288,17,17,530,365,3.48,0.0,0,0,512,384,2.5,0,0,0,0,-1,
844,Teste 17,15321,33,33,527,341,3.51,0.0,0,0,512,384,1.4,0,0,0,0,-1,
845,Teste 17,15338,17,17,530,337,3.51,3.67,0,0,512,384,1.4,0,0,0,0,-1,
846,Teste 17,15354,17,17,509,368,3.56,3.69,0,0,512,384,2.5,0,0,0,0,-1,
847,Teste 17,15371,17,17,526,355,3.53,3.72,0,0,512,384,1.4,0,0,0,0,-1,
848,Teste 17,15387,17,17,535,309,3.56,3.9,0,0,512,384,1.4,0,0,0,0,-1,
849,Teste 17,15404,17,17,522,322,3.59,0.0,0,0,512,384,1.4,0,0,0,0,-1,
850,Teste 17,15421,17,17,543,389,3.59,3.88,0,0,512,384,2.5,0,0,0,0,-1,
851,Teste 17,15437,17,17,536,422,3.59,3.87,0,0,512,384,3.6,0,0,0,0,-1,
852,Teste 17,15454,17,17,517,430,3.66,3.85,0,0,512,384,3.6,0,0,0,0,-1,
853,Teste 17,15471,17,17,534,445,3.59,3.77,0,0,512,384,3.6,0,0,0,0,-1,
854,Teste 17,15487,17,17,536,436,3.61,3.72,0,0,512,384,3.6,0,0,0,0,-1,
855,Teste 17,15504,17,17,533,418,3.58,3.96,0,0,512,384,5,0,0,0,0,-1,
856,Teste 17,15521,17,17,532,422,3.56,0.0,0,0,512,384,3.6,0,0,0,0,-1,
857,Teste 17,15537,17,17,528,439,3.58,0.0,0,0,512,384,3.6,0,0,0,0,-1,
858,Teste 17,15554,17,17,537,439,3.58,0.0,0,0,512,384,3.6,0,0,0,0,-1,
859,Teste 17,15570,17,17,534,444,3.58,0.0,0,0,512,384,3.6,0,0,0,0,-1,
860,Teste 17,15587,17,17,530,448,3.58,0.0,0,0,512,384,3.6,0,0,0,0,-1,
861,Teste 17,15604,17,17,530,449,3.59,3.72,0,0,512,384,3.6,0,0,0,0,-1,
862,Teste 17,15620,17,17,527,447,3.56,0.0,0,0,512,384,3.6,0,0,0,0,-1,
863,Teste 17,15637,17,17,531,452,3.59,3.99,0,0,512,384,3.6,0,0,0,0,-1,
864,Teste 17,15654,17,17,518,418,3.5,3.72,0,0,512,384,5,0,0,0,0,-1,
865,Teste 17,15670,17,17,536,436,3.59,3.66,0,0,512,384,3.6,0,0,0,0,-1,
866,Teste 17,15687,17,17,535,435,3.55,0.0,0,0,512,384,3.6,0,0,0,0,-1,
867,Teste 17,15703,17,17,523,439,3.55,0.0,0,0,512,384,3.6,0,0,0,0,-1,
868,Teste 17,15720,17,17,527,442,3.56,3.74,0,0,512,384,3.6,0,0,0,0,-1,
869,Teste 17,15737,17,17,523,423,3.55,3.72,0,0,512,384,3.6,0,0,0,0,-1,
870,Teste 17,15753,17,17,524,442,3.51,0.0,0,0,512,384,3.6,0,0,0,0,-1,
871,Teste 17,15770,17,17,495,453,3.63,3.75,0,0,512,384,3.6,0,0,0,0,-1,
872,Teste 17,15787,17,17,510,446,3.59,3.67,0,0,512,384,3.6,0,0,0,0,-1,
873,Teste 17,15803,17,17,513,458,3.63,3.91,0,0,512,384,3.6,0,0,0,0,-1,
874,Teste 17,15820,17,17,513,454,3.59,3.66,0,0,512,384,3.6,0,0,0,0,-1,
875,Teste 17,15837,17,17,514,439,3.59,3.72,0,0,512,384,3.6,0,0,0,0,-1,
876,Teste 17,15853,17,17,518,448,3.61,3.72,0,0,512,384,3.6,0,0,0,0,-1,
877,Teste 17,15870,17,17,518,452,3.59,0.0,0,0,512,384,3.6,0,0,0,0,-1,
878,Teste 17,15886,17,17,514,450,3.61,3.85,0,0,512,384,3.6,0,0,0,0,-1,
879,Teste 17,15903,17,17,516,455,3.64,3.82,0,0,512,384,3.6,0,0,0,0,-1,
880,Teste 17,15920,17,17,521,450,3.59,0.0,0,0,512,384,3.6,0,0,0,0,-1,
881,Teste 17,15936,17,17,517,467,3.69,0.0,0,0,512,384,3.6,0,0,0,0,-1,
882,Teste 17,15953,17,17,520,461,3.72,0.0,0,0,512,384,3.6,0,0,0,0,-1,
883,Teste 17,15970,17,17,519,432,3.64,0.0,0,0,512,384,3.6,0,0,0,0,-1,
884,Teste 17,15986,17,17,513,448,3.63,0.0,0,0,512,384,3.6,0,0,0,0,-1,
885,Teste 17,16003,17,17,500,449,3.69,0.0,0,0,512,384,3.6,0,0,0,0,-1,
886,Teste 17,16020,17,17,516,461,3.74,0.0,0,0,512,384,3.6,0,0,0,0,-1,
887,Teste 17,16036,17,17,524,445,3.77,0.0,0,0,512,384,3.6,0,0,0,0,-1,
888,Teste 17,16053,17,17,541,301,3.77,0.0,0,0,512,384,1.4,0,0,0,0,-1,
889,Teste 17,16069,17,17,485,345,3.98,0.0,0,0,512,384,1.4,0,0,0,0,-1,
890,Teste 17,16086,17,17,530,308,3.72,0.0,0,0,512,384,1.4,0,0,0,0,-1,
891,Teste 17,16103,17,17,533,300,3.8,0.0,0,0,512,384,1.4,0,0,0,0,-1,
892,Teste 17,16119,17,17,535,260,3.8,0.0,0,0,512,384,1,0,0,0,0,-1,
893,Teste 17,16136,17,17,517,285,3.83,0.0,0,0,512,384,1.4,0,0,0,0,-1,
894,Teste 17,16153,17,17,519,329,3.79,0.0,0,0,512,384,1.4,0,0,0,0,-1,
895,Teste 17,16169,17,17,521,286,3.77,0.0,0,0,512,384,1.4,0,0,0,0,-1,
896,Teste 17,16186,17,17,517,307,3.82,0.0,0,0,512,384,1.4,0,0,0,0,-1,
897,Teste 17,16203,17,17,523,288,3.83,0.0,0,0,512,384,1.4,0,0,0,0,-1,
898,Teste 17,16219,17,17,528,287,3.9,4.09,0,0,512,384,1.4,0,0,0,0,-1,
899,Teste 17,16236,17,17,519,292,3.82,0.0,0,0,512,384,1.4,0,0,0,0,-1,
900,Teste 17,16252,17,17,508,325,3.85,0.0,0,0,512,384,1.4,0,0,0,0,-1,
901,Teste 17,16269,17,17,517,276,3.87,0.0,0,0,512,384,1,0,0,0,0,-1,
902,Teste 17,16286,17,17,527,263,3.85,0.0,0,0,512,384,1,0,0,0,0,-1,
903,Teste 17,16302,17,17,521,259,3.88,0.0,0,0,512,384,1,0,0,0,0,-1,
904,Teste 17,16319,17,17,522,267,3.88,0.0,0,0,512,384,1,0,0,0,0,-1,
905,Teste 17,16336,17,17,522,277,3.87,0.0,0,0,512,384,1,0,0,0,0,-1,
906,Teste 17,16352,17,17,501,309,3.91,0.0,0,0,512,384,1.4,0,0,0,0,-1,
907,Teste 17,16369,17,17,501,287,3.91,0.0,0,0,512,384,1.4,0,0,0,0,-1,
908,Teste 17,16386,17,17,502,265,3.9,0.0,0,0,512,384,1,0,0,0,0,-1,
909,Teste 17,16402,17,17,517,317,3.98,0.0,0,0,512,384,1.4,0,0,0,0,-1,
910,Teste 17,16419,17,17,511,285,3.88,0.0,0,0,512,384,1.4,0,0,0,0,-1,
911,Teste 17,16435,17,17,511,255,3.85,0.0,0,0,512,384,1,0,0,0,0,-1,
912,Teste 17,16452,17,17,512,290,3.83,0.0,0,0,512,384,1.4,0,0,0,0,-1,
913,Teste 17,16469,17,17,515,273,3.99,0.0,0,0,512,384,1,0,0,0,0,-1,
914,Teste 17,16485,17,17,517,260,3.79,4.48,0,0,512,384,1,0,0,0,0,-1,
915,Teste 17,16502,17,17,511,286,3.88,0.0,0,0,512,384,1.4,0,0,0,0,-1,
916,Teste 17,16519,17,17,515,291,3.88,0.0,0,0,512,384,1.4,0,0,0,0,-1,
917,Teste 17,16535,17,17,504,311,3.85,0.0,0,0,512,384,1.4,0,0,0,0,-1,
918,Teste 17,16552,17,17,510,289,3.87,0.0,0,0,512,384,1.4,0,0,0,0,-1,
919,Teste 17,16569,17,17,499,292,4.01,0.0,0,0,512,384,1.4,0,0,0,0,-1,
920,Teste 17,16585,17,17,510,289,3.87,0.0,0,0,512,384,1.4,0,0,0,0,-1,
921,Teste 17,16602,17,17,521,265,-1.0,0.0,0,0,512,384,1,0,0,0,0,-1,
922,Teste 17,16618,17,17,513,292,3.93,0.0,0,0,512,384,1.4,0,0,0,0,-1,
923,Teste 17,16635,17,17,517,223,3.87,0.0,0,0,512,384,1,0,0,0,0,-1,
924,Teste 17,16652,17,17,513,226,3.95,0.0,0,0,512,384,1,0,0,0,0,-1,
925,Teste 17,16685,33,33,515,296,3.93,0.0,0,0,512,384,1.4,0,0,0,0,-1,
926,Teste 17,16702,17,17,537,341,3.96,0.0,0,0,512,384,1.4,0,0,0,0,-1,
927,Teste 17,16718,17,17,547,428,3.98,0.0,0,0,512,384,3.6,0,0,0,0,-1,
928,Teste 17,16751,33,33,517,609,3.99,0.0,0,0,512,384,3,0,0,0,0,-1,
929,Teste 17,16768,17,17,530,673,4.04,0.0,0,0,512,384,3,0,0,0,0,-1,
930,Teste 17,16785,17,17,540,691,3.99,4.3,0,0,512,384,3,0,0,0,0,-1,
931,Teste 17,16818,33,33,544,663,4.07,0.0,0,0,512,384,3,0,0,0,0,-1,
932,Teste 17,16835,17,17,539,666,4.09,0.0,0,0,512,384,3,0,0,0,0,-1,
933,Teste 17,16851,17,17,552,633,4.09,0.0,0,0,512,384,3,0,0,0,0,-1,
934,Teste 17,16868,17,17,539,655,4.2,0.0,0,0,512,384,3,0,0,0,0,-1,
935,Teste 17,16901,33,33,553,616,4.12,0.0,0,0,512,384,3,0,0,0,0,-1,
936,Teste 17,16918,17,17,547,621,4.14,0.0,0,0,512,384,3,0,0,0,0,-1,
937,Teste 17,16934,17,17,542,647,4.12,0.0,0,0,512,384,3,0,0,0,0,-1,
938,Teste 17,16968,33,33,532,621,4.17,0.0,0,0,512,384,3,0,0,0,0,-1,
939,Teste 17,17018,50,50,534,601,4.11,0.0,0,0,512,384,3,0,0,0,0,-1,
940,Teste 17,17051,33,33,489,723,4.56,0.0,0,0,512,384,3,0,0,0,0,-1,
941,Teste 17,17350,299,299,17,757,0.0,3.98,0,0,512,384,3,0,0,0,0,-1,
942,Teste 17,17434,83,83,33,742,0.0,3.95,0,0,512,384,3,0,0,0,0,-1,
943,Teste 17,17467,33,33,26,751,0.0,3.88,0,0,512,384,3,0,0,0,0,-1,
944,Teste 17,17500,33,33,35,551,4.3,0.0,0,0,512,384,3,0,0,0,0,-1,
945,Teste 17,17567,67,67,9,749,0.0,3.91,0,0,512,384,3,0,0,0,0,-1,
946,Teste 17,17617,50,50,113,732,0.0,4.09,0,0,512,384,3,0,0,0,0,-1,
947,Teste 17,17849,233,233,510,267,5.52,0.0,0,0,512,384,1,0,0,0,0,-1,
948,Teste 17,17883,33,33,512,597,4.04,0.0,0,0,512,384,3,0,0,0,0,-1,
949,Teste 17,17899,17,17,511,517,4.11,4.14,0,0,512,384,3,0,0,0,0,-1,
950,Teste 17,17916,17,17,531,432,4.11,4.12,0,0,512,384,3.6,0,0,0,0,-1,
951,Teste 17,17933,17,17,525,374,4.06,4.76,0,0,512,384,2.5,0,0,0,0,-1,
952,Teste 17,17949,17,17,530,321,4.11,4.22,0,0,512,384,1.4,0,0,0,0,-1,
953,Teste 17,17966,17,17,533,288,4.12,4.12,0,0,512,384,1.4,0,0,0,0,-1,
954,Teste 17,17982,17,17,518,306,4.04,4.17,0,0,512,384,1.4,0,0,0,0,-1,
955,Teste 17,17999,17,17,528,273,4.06,4.15,0,0,512,384,1,0,0,0,0,-1,
956,Teste 17,18016,17,17,533,255,4.11,4.56,0,0,512,384,1,0,0,0,0,-1,
957,Teste 17,18032,17,17,521,303,4.09,4.22,0,0,512,384,1.4,0,0,0,0,-1,
958,Teste 17,18049,17,17,525,270,4.09,4.2,0,0,512,384,1,0,0,0,0,-1,
959,Teste 17,18066,17,17,528,229,4.04,4.2,0,0,512,384,1,0,0,0,0,-1,
960,Teste 17,18082,17,17,524,238,4.07,4.17,0,0,512,384,1,0,0,0,0,-1,
961,Teste 17,18099,17,17,522,271,4.07,4.19,0,0,512,384,1,0,0,0,0,-1,
962,Teste 17,18116,17,17,528,382,4.09,4.2,0,0,512,384,2.5,0,0,0,0,-1,
963,Teste 17,18132,17,17,527,380,3.99,4.12,0,0,512,384,2.5,0,0,0,0,-1,
964,Teste 17,18149,17,17,528,361,3.9,4.48,0,0,512,384,1.4,0,0,0,0,-1,
965,Teste 17,18165,17,17,526,367,3.9,4.04,0,0,512,384,2.5,0,0,0,0,-1,
966,Teste 17,18182,17,17,525,374,3.88,4.07,0,0,512,384,2.5,0,0,0,0,-1,
967,Teste 17,18199,17,17,526,351,3.77,3.99,0,0,512,384,1.4,0,0,0,0,-1,
968,Teste 17,18215,17,17,520,359,3.75,3.98,0,0,512,384,1.4,0,0,0,0,-1,
969,Teste 17,18232,17,17,526,354,3.74,3.96,0,0,512,384,1.4,0,0,0,0,-1,
970,Teste 17,18249,17,17,525,357,3.74,3.95,0,0,512,384,1.4,0,0,0,0,-1,
971,Teste 17,18265,17,17,529,357,3.72,3.93,0,0,512,384,1.4,0,0,0,0,-1,
972,Teste 17,18282,17,17,526,365,3.74,3.87,0,0,512,384,2.5,0,0,0,0,-1,
973,Teste 17,18299,17,17,526,350,3.64,3.85,0,0,512,384,1.4,0,0,0,0,-1,
974,Teste 17,18315,17,17,531,355,3.66,3.83,0,0,512,384,1.4,0,0,0,0,-1,
975,Teste 17,18332,17,17,524,353,3.61,3.83,0,0,512,384,1.4,0,0,0,0,-1,
976,Teste 17,18348,17,17,527,362,3.67,3.85,0,0,512,384,1.4,0,0,0,0,-1,
977,Teste 17,18365,17,17,521,362,3.69,3.95,0,0,512,384,1.4,0,0,0,0,-1,
978,Teste 17,18382,17,17,525,354,3.69,3.85,0,0,512,384,1.4,0,0,0,0,-1,
979,Teste 17,18398,17,17,527,343,3.64,3.87,0,0,512,384,1.4,0,0,0,0,-1,
980,Teste 17,18415,17,17,523,348,3.63,3.79,0,0,512,384,1.4,0,0,0,0,-1,
981,Teste 17,18432,17,17,524,361,3.61,3.85,0,0,512,384,1.4,0,0,0,0,-1,
982,Teste 17,18448,17,17,522,371,3.71,3.87,0,0,512,384,2.5,0,0,0,0,-1,
983,Teste 17,18465,17,17,400,497,3.72,3.96,0,0,512,384,3,0,0,0,0,-1,
984,Teste 17,18482,17,17,247,509,-1.0,3.93,0,0,512,384,3,0,0,0,0,-1,
985,Teste 17,18498,17,17,65,554,3.71,0.0,0,0,512,384,3,0,0,0,0,-1,
986,Teste 17,18581,83,83,16,661,0.0,3.82,0,0,512,384,3,0,0,0,0,-1,
987,Teste 17,18598,17,17,8,655,0.0,3.79,0,0,512,384,3,0,0,0,0,-1,
988,Teste 17,18615,17,17,10,663,0.0,3.8,0,0,512,384,3,0,0,0,0,-1,
989,Teste 17,18631,17,17,18,609,3.35,3.74,0,0,512,384,3,0,0,0,0,-1,
990,Teste 17,18681,50,50,26,617,3.34,0.0,0,0,512,384,3,0,0,0,0,-1,
991,Teste 17,18714,33,33,51,680,0.0,3.71,0,0,512,384,3,0,0,0,0,-1,
992,Teste 17,18731,17,17,61,605,-1.0,0.0,0,0,512,384,3,0,0,0,0,-1,
993,Teste 17,18798,67,67,34,618,3.29,0.0,0,0,512,384,3,0,0,0,0,-1,
994,Teste 17,18814,17,17,27,613,3.26,0.0,0,0,512,384,3,0,0,0,0,-1,
995,Teste 17,18831,17,17,12,535,-1.0,0.0,0,0,512,384,3,0,0,0,0,-1,
996,Teste 17,18864,33,33,16,641,0.0,3.56,0,0,512,384,3,0,0,0,0,-1,
997,Teste 17,18897,33,33,11,612,3.29,0.0,0,0,512,384,3,0,0,0,0,-1,
998,Teste 17,18914,17,17,17,627,0.0,3.61,0,0,512,384,3,0,0,0,0,-1,
999,Teste 17,18931,17,17,74,560,-1.0,0.0,0,0,512,384,3,0,0,0,0,-1,
1000,Teste 17,18947,17,17,244,461,-1.0,0.0,0,0,512,384,3,0,0,0,0,-1,
1001,Teste 17,18964,17,17,319,443,3.67,0.0,0,0,512,384,3,0,0,0,0,-1,
1002,Teste 17,18981,17,17,502,332,3.67,4.54,0,0,512,384,1.4,0,0,0,0,-1,
1003,Teste 17,18997,17,17,508,274,3.72,3.83,0,0,512,384,1,0,0,0,0,-1,
1004,Teste 17,19014,17,17,515,228,3.74,3.82,0,0,512,384,1,0,0,0,0,-1,
1005,Teste 17,19030,17,17,486,274,3.79,3.79,0,0,512,384,1,0,0,0,0,-1,
1006,Teste 17,19047,17,17,506,289,3.75,3.82,0,0,512,384,1.4,0,0,0,0,-1,
1007,Teste 17,19064,17,17,503,323,3.72,3.82,0,0,512,384,1.4,0,0,0,0,-1,
1008,Teste 17,19080,17,17,508,281,3.77,3.87,0,0,512,384,1,0,0,0,0,-1,
1009,Teste 17,19097,17,17,494,279,3.79,3.85,0,0,512,384,1,0,0,0,0,-1,
1010,Teste 17,19114,17,17,506,368,3.77,3.87,0,0,512,384,2.5,0,0,0,0,-1,
1011,Teste 17,19130,17,17,501,288,3.8,3.87,0,0,512,384,1.4,0,0,0,0,-1,
1012,Teste 17,19147,17,17,499,364,3.83,3.9,0,0,512,384,2005-04-02 00:00:00,0,0,0,0,-1,
1013,Teste 17,19164,17,17,502,373,3.83,3.87,0,0,512,384,2.5,0,0,0,0,-1,
1014,Teste 17,19180,17,17,509,221,3.87,3.88,0,0,512,384,1,0,0,0,0,-1,
1015,Teste 17,19197,17,17,509,271,3.85,3.87,0,0,512,384,1,0,0,0,0,-1,
1016,Teste 17,19213,17,17,512,243,3.85,3.91,0,0,512,384,1,0,0,0,0,-1,
1017,Teste 17,19230,17,17,516,219,3.88,3.88,0,0,512,384,1,0,0,0,0,-1,
1018,Teste 17,19247,17,17,510,302,3.79,3.9,0,0,512,384,1.4,0,0,0,0,-1,
1019,Teste 17,19263,17,17,513,287,3.83,3.87,0,0,512,384,1.4,0,0,0,0,-1,
1020,Teste 17,19280,17,17,506,306,3.85,3.91,0,0,512,384,1.4,0,0,0,0,-1,
1021,Teste 17,19297,17,17,518,195,3.83,3.91,0,0,512,384,1,0,0,0,0,-1,
1022,Teste 17,19313,17,17,504,325,3.82,3.95,0,0,512,384,1.4,0,0,0,0,-1,
1023,Teste 17,19330,17,17,520,306,3.79,3.85,0,0,512,384,1.4,0,0,0,0,-1,
1024,Teste 17,19347,17,17,509,326,3.79,3.85,0,0,512,384,1.4,0,0,0,0,-1,
1025,Teste 17,19380,0,0,508,337,3.77,3.83,0,0,512,384,1.4,0,0,0,0,-1,
1026,Teste 17,19380,33,33,508,337,3.77,3.83,0,0,512,384,1.4,0,0,0,0,-1,
1027,Teste 17,19396,17,17,509,338,3.8,3.9,0,0,512,384,1.4,0,0,0,0,-1,
1028,Teste 17,19430,0,0,507,344,3.74,3.91,0,0,512,384,1.4,0,0,0,0,-1,
1029,Teste 17,19430,33,33,507,344,3.74,3.91,0,0,512,384,1.4,0,0,0,0,-1,
1030,Teste 17,19446,17,17,505,395,3.8,3.85,0,0,512,384,2.5,0,0,0,0,-1,
1031,Teste 17,19463,17,17,501,374,3.74,3.82,0,0,512,384,2.5,0,0,0,0,-1,
1032,Teste 17,19480,17,17,500,383,3.77,3.85,0,0,512,384,2.5,0,0,0,0,-1,
1033,Teste 17,19496,17,17,503,372,3.74,3.82,0,0,512,384,2.5,0,0,0,0,-1,
1034,Teste 17,19513,17,17,498,383,3.74,3.82,0,0,512,384,2.5,0,0,0,0,-1,
1035,Teste 17,19530,17,17,497,377,3.71,3.82,0,0,512,384,2.5,0,0,0,0,-1,
1036,Teste 17,19546,17,17,496,410,3.75,3.8,0,0,512,384,2.5,0,0,0,0,-1,
1037,Teste 17,19563,17,17,494,396,3.77,3.82,0,0,512,384,2.5,0,0,0,0,-1,
1038,Teste 17,19579,17,17,498,397,3.8,3.8,0,0,512,384,2.5,0,0,0,0,-1,
1039,Teste 17,19596,17,17,496,377,3.69,3.8,0,0,512,384,2.5,0,0,0,0,-1,
1040,Teste 17,19613,17,17,497,392,3.75,3.82,0,0,512,384,2.5,0,0,0,0,-1,
1041,Teste 17,19629,17,17,497,381,3.72,3.77,0,0,512,384,2.5,0,0,0,0,-1,
1042,Teste 17,19646,17,17,512,412,3.77,3.79,0,0,512,384,2.5,0,0,0,0,-1,
1043,Teste 17,19663,17,17,531,429,3.79,3.79,0,0,512,384,3.6,0,0,0,0,-1,
1044,Teste 17,19679,17,17,530,424,3.79,3.87,0,0,512,384,3.6,0,0,0,0,-1,
1045,Teste 17,19696,17,17,530,426,3.75,3.85,0,0,512,384,3.6,0,0,0,0,-1,
1046,Teste 17,19713,17,17,531,419,3.77,3.85,0,0,512,384,3.6,0,0,0,0,-1,
1047,Teste 17,19729,17,17,533,434,3.8,3.88,0,0,512,384,3.6,0,0,0,0,-1,
1048,Teste 17,19746,17,17,532,439,3.83,3.87,0,0,512,384,3.6,0,0,0,0,-1,
1049,Teste 17,19762,17,17,533,419,3.77,3.9,0,0,512,384,3.6,0,0,0,0,-1,
1050,Teste 17,19779,17,17,527,433,3.82,3.88,0,0,512,384,3.6,0,0,0,0,-1,
1051,Teste 17,19796,17,17,530,429,3.82,3.93,0,0,512,384,3.6,0,0,0,0,-1,
1052,Teste 17,19812,17,17,535,445,3.87,3.95,0,0,512,384,3.6,0,0,0,0,-1,
1053,Teste 17,19829,17,17,536,429,3.85,3.91,0,0,512,384,3.6,0,0,0,0,-1,
1054,Teste 17,19846,17,17,529,437,3.9,3.9,0,0,512,384,3.6,0,0,0,0,-1,
1055,Teste 17,19862,17,17,531,419,3.88,3.93,0,0,512,384,3.6,0,0,0,0,-1,
1056,Teste 17,19879,17,17,507,474,3.9,3.96,0,0,512,384,3.6,0,0,0,0,-1,
1057,Teste 17,19896,17,17,380,672,3.8,4.01,0,0,512,384,3,0,0,0,0,-1,
1058,Teste 17,19912,17,17,227,830,4.28,4.03,0,0,512,384,-,0,0,0,0,-1,
1059,Teste 17,19929,17,17,180,801,3.72,4.01,0,0,512,384,-,0,0,0,0,-1,
1060,Teste 17,19945,17,17,165,841,3.71,4.09,0,0,512,384,-,0,0,0,0,-1,
1061,Teste 17,19962,17,17,183,848,3.66,3.98,0,0,512,384,-,0,0,0,0,-1,
1062,Teste 17,19979,17,17,175,849,3.63,4.65,0,0,512,384,-,0,0,0,0,-1,
1063,Teste 17,19995,17,17,174,853,3.72,4.04,0,0,512,384,-,0,0,0,0,-1,
1064,Teste 17,20012,17,17,160,855,3.74,4.84,0,0,512,384,-,0,0,0,0,-1,
1065,Teste 17,20029,17,17,175,844,3.71,3.99,0,0,512,384,-,0,0,0,0,-1,
1066,Teste 17,20045,17,17,174,846,3.69,3.98,0,0,512,384,-,0,0,0,0,-1,
1067,Teste 17,20062,17,17,177,863,3.64,4.09,0,0,512,384,-,0,0,0,0,-1,
1068,Teste 17,20079,17,17,171,867,3.64,4.09,0,0,512,384,-,0,0,0,0,-1,
1069,Teste 17,20095,17,17,170,867,3.67,4.01,0,0,512,384,-,0,0,0,0,-1,
1070,Teste 17,20112,17,17,63,739,3.58,4.86,0,0,512,384,3,0,0,0,0,-1,
1071,Teste 17,20128,17,17,43,726,3.55,3.96,0,0,512,384,3,0,0,0,0,-1,
1072,Teste 17,20145,17,17,30,705,3.48,4.04,0,0,512,384,3,0,0,0,0,-1,
1073,Teste 17,20162,17,17,119,827,3.99,3.95,0,0,512,384,-,0,0,0,0,-1,
1074,Teste 17,20178,17,17,25,705,3.56,3.93,0,0,512,384,3,0,0,0,0,-1,
1075,Teste 17,20195,17,17,25,687,3.55,3.83,0,0,512,384,3,0,0,0,0,-1,
1076,Teste 17,20212,17,17,59,808,3.48,3.91,0,0,512,384,-,0,0,0,0,-1,
1077,Teste 17,20228,17,17,28,687,3.46,4.25,0,0,512,384,3,0,0,0,0,-1,
1078,Teste 17,20245,17,17,24,709,3.66,3.85,0,0,512,384,3,0,0,0,0,-1,
1079,Teste 17,20261,17,17,28,685,3.48,3.83,0,0,512,384,3,0,0,0,0,-1,
1080,Teste 17,20278,17,17,27,693,3.46,3.85,0,0,512,384,3,0,0,0,0,-1,
1081,Teste 17,20295,17,17,17,695,3.79,3.8,0,0,512,384,3,0,0,0,0,-1,
1082,Teste 17,20311,17,17,20,695,3.45,3.83,0,0,512,384,3,0,0,0,0,-1,
1083,Teste 17,20328,17,17,28,681,3.43,3.87,0,0,512,384,3,0,0,0,0,-1,
1084,Teste 17,20345,17,17,8,690,3.42,3.8,0,0,512,384,3,0,0,0,0,-1,
1085,Teste 17,20378,33,33,7,672,3.42,3.83,0,0,512,384,3,0,0,0,0,-1,
1086,Teste 17,20411,33,33,7,669,4.28,3.82,0,0,512,384,3,0,0,0,0,-1,
1087,Teste 17,20461,50,50,2,663,3.55,3.87,0,0,512,384,3,0,0,0,0,-1,
1088,Teste 17,20511,50,50,6,669,3.58,3.87,0,0,512,384,3,0,0,0,0,-1,
1089,Teste 17,20544,33,33,9,686,3.51,3.93,0,0,512,384,3,0,0,0,0,-1,
1090,Teste 17,20611,67,67,7,704,3.51,3.87,0,0,512,384,3,0,0,0,0,-1,
1091,Teste 17,20627,17,17,12,668,4.27,3.98,0,0,512,384,3,0,0,0,0,-1,
1092,Teste 17,20644,17,17,17,652,-1.0,3.99,0,0,512,384,3,0,0,0,0,-1,
1093,Teste 17,20661,17,17,8,657,3.55,3.96,0,0,512,384,3,0,0,0,0,-1,
1094,Teste 17,20677,17,17,14,629,3.82,3.99,0,0,512,384,3,0,0,0,0,-1,
1095,Teste 17,20694,17,17,8,659,3.63,4.01,0,0,512,384,3,0,0,0,0,-1,
1096,Teste 17,20711,17,17,185,738,3.66,4.01,0,0,512,384,3,0,0,0,0,-1,
1097,Teste 17,20727,17,17,21,674,3.64,4.06,0,0,512,384,3,0,0,0,0,-1,
1098,Teste 17,20744,17,17,10,643,3.66,4.25,0,0,512,384,3,0,0,0,0,-1,
1099,Teste 17,20761,17,17,124,768,3.77,4.03,0,0,512,384,3,0,0,0,0,-1,
1100,Teste 17,20777,17,17,4,647,3.71,4.01,0,0,512,384,3,0,0,0,0,-1,
1101,Teste 17,20794,17,17,5,666,3.64,3.95,0,0,512,384,3,0,0,0,0,-1,
1102,Teste 17,20827,33,33,12,540,3.61,4.07,0,0,512,384,3,0,0,0,0,-1,
1103,Teste 17,20844,17,17,53,517,3.61,4.01,0,0,512,384,3,0,0,0,0,-1,
1104,Teste 17,20860,17,17,65,510,3.63,4.01,0,0,512,384,3,0,0,0,0,-1,
1105,Teste 17,20877,17,17,56,491,3.61,4.09,0,0,512,384,3,0,0,0,0,-1,
1106,Teste 17,20894,17,17,55,459,3.66,4.07,0,0,512,384,3,0,0,0,0,-1,
1107,Teste 17,20910,17,17,98,416,3.66,0.0,0,0,512,384,2,0,0,0,0,-1,
1108,Teste 17,20927,17,17,153,386,3.64,4.01,0,0,512,384,2,0,0,0,0,-1,
1109,Teste 17,20944,17,17,147,426,3.71,4.07,0,0,512,384,3,0,0,0,0,-1,
1110,Teste 17,20960,17,17,141,447,3.69,4.07,0,0,512,384,3,0,0,0,0,-1,
1111,Teste 17,20977,17,17,110,423,3.67,4.11,0,0,512,384,3,0,0,0,0,-1,
1112,Teste 17,20993,17,17,114,430,3.66,4.09,0,0,512,384,3,0,0,0,0,-1,
1113,Teste 17,21010,17,17,101,408,3.66,4.03,0,0,512,384,2,0,0,0,0,-1,
1114,Teste 17,21027,17,17,131,416,3.69,4.09,0,0,512,384,2,0,0,0,0,-1,
1115,Teste 17,21043,17,17,118,418,3.63,4.03,0,0,512,384,-,0,0,0,0,-1,
1116,Teste 17,21060,17,17,133,390,3.69,4.07,0,0,512,384,2,0,0,0,0,-1,
1117,Teste 17,21077,17,17,126,426,3.72,4.06,0,0,512,384,3,0,0,0,0,-1,
1118,Teste 17,21093,17,17,141,358,3.83,4.14,0,0,512,384,1,0,0,0,0,-1,
1119,Teste 17,21110,17,17,277,348,3.96,4.22,0,0,512,384,1,0,0,0,0,-1,
1120,Teste 17,21127,17,17,413,314,4.03,4.14,0,0,512,384,1.4,0,0,0,0,-1,
1121,Teste 17,21143,17,17,510,289,4.01,4.17,0,0,512,384,1.4,0,0,0,0,-1,
1122,Teste 17,21160,17,17,483,278,4.04,4.19,0,0,512,384,1,0,0,0,0,-1,
1123,Teste 17,21176,17,17,492,265,4.03,4.11,0,0,512,384,1,0,0,0,0,-1,
1124,Teste 17,21193,17,17,496,276,4.01,4.15,0,0,512,384,1,0,0,0,0,-1,
1125,Teste 17,21210,17,17,490,252,4.01,4.11,0,0,512,384,1,0,0,0,0,-1,
1126,Teste 17,21226,17,17,498,271,3.98,4.14,0,0,512,384,1,0,0,0,0,-1,
1127,Teste 17,21243,17,17,498,291,3.99,4.09,0,0,512,384,1.4,0,0,0,0,-1,
1128,Teste 17,21260,17,17,505,290,3.99,4.11,0,0,512,384,1.4,0,0,0,0,-1,
1129,Teste 17,21276,17,17,497,272,3.98,4.11,0,0,512,384,1,0,0,0,0,-1,
1130,Teste 17,21293,17,17,486,262,4.04,4.11,0,0,512,384,1,0,0,0,0,-1,
1131,Teste 17,21309,17,17,494,273,3.99,4.11,0,0,512,384,1,0,0,0,0,-1,
1132,Teste 17,21326,17,17,494,242,3.99,4.12,0,0,512,384,1,0,0,0,0,-1,
1133,Teste 17,21343,17,17,491,284,4.03,4.11,0,0,512,384,1.4,0,0,0,0,-1,
1134,Teste 17,21359,17,17,496,242,3.98,4.11,0,0,512,384,1,0,0,0,0,-1,
1135,Teste 17,21376,17,17,499,276,3.96,4.09,0,0,512,384,1,0,0,0,0,-1,
1136,Teste 17,21393,17,17,492,271,3.98,4.04,0,0,512,384,1,0,0,0,0,-1,
1137,Teste 17,21409,17,17,489,273,3.91,4.04,0,0,512,384,1,0,0,0,0,-1,
1138,Teste 17,21426,17,17,494,268,3.9,4.03,0,0,512,384,1,0,0,0,0,-1,
1139,Teste 17,21443,17,17,504,330,3.8,3.98,0,0,512,384,1.4,0,0,0,0,-1,
1140,Teste 17,21459,17,17,513,384,3.8,3.98,0,0,512,384,2.5,0,0,0,0,-1,
1141,Teste 17,21476,17,17,498,386,3.75,3.98,0,0,512,384,2.5,0,0,0,0,-1,
1142,Teste 17,21492,17,17,506,376,3.77,3.91,0,0,512,384,2.5,0,0,0,0,-1,
1143,Teste 17,21509,17,17,503,383,3.74,3.95,0,0,512,384,2.5,0,0,0,0,-1,
1144,Teste 17,21526,17,17,504,399,3.72,3.88,0,0,512,384,2.5,0,0,0,0,-1,
1145,Teste 17,21542,17,17,506,371,3.74,3.88,0,0,512,384,2.5,0,0,0,0,-1,
1146,Teste 17,21559,17,17,503,362,3.71,3.87,0,0,512,384,1.4,0,0,0,0,-1,
1147,Teste 17,21576,17,17,505,368,3.75,3.91,0,0,512,384,2.5,0,0,0,0,-1,
1148,Teste 17,21592,17,17,502,381,3.75,3.9,0,0,512,384,2.5,0,0,0,0,-1,
1149,Teste 17,21609,17,17,505,355,3.74,3.93,0,0,512,384,1.4,0,0,0,0,-1,
1150,Teste 17,21626,17,17,499,357,3.72,3.9,0,0,512,384,1.4,0,0,0,0,-1,
1151,Teste 17,21642,17,17,507,380,3.75,3.88,0,0,512,384,2.5,0,0,0,0,-1,
1152,Teste 17,21659,17,17,511,382,3.69,3.96,0,0,512,384,2.5,0,0,0,0,-1,
1153,Teste 17,21675,17,17,503,394,3.69,3.95,0,0,512,384,2.5,0,0,0,0,-1,
1154,Teste 17,21692,17,17,498,387,3.71,3.96,0,0,512,384,2.5,0,0,0,0,-1,
1155,Teste 17,21709,17,17,507,378,3.72,3.95,0,0,512,384,2.5,0,0,0,0,-1,
1156,Teste 17,21725,17,17,504,389,3.74,3.9,0,0,512,384,2.5,0,0,0,0,-1,
1157,Teste 17,21742,17,17,504,359,3.77,3.99,0,0,512,384,1.4,0,0,0,0,-1,
1158,Teste 17,21759,17,17,505,353,3.74,3.99,0,0,512,384,1.4,0,0,0,0,-1,
1159,Teste 17,21775,17,17,507,381,3.74,3.98,0,0,512,384,2.5,0,0,0,0,-1,
1160,Teste 17,21792,17,17,508,392,3.79,3.96,0,0,512,384,2.5,0,0,0,0,-1,
1161,Teste 17,21809,17,17,505,388,3.8,4.01,0,0,512,384,2.5,0,0,0,0,-1,
1162,Teste 17,21825,17,17,506,390,3.85,4.04,0,0,512,384,2.5,0,0,0,0,-1,
1163,Teste 17,21842,17,17,504,368,3.8,4.07,0,0,512,384,2.5,0,0,0,0,-1,
1164,Teste 17,21858,17,17,507,364,3.77,4.07,0,0,512,384,2005-04-02 00:00:00,0,0,0,0,-1,
1165,Teste 17,21875,17,17,493,347,3.77,4.09,0,0,512,384,1.4,0,0,0,0,-1,
1166,Teste 17,21892,17,17,491,364,3.85,4.11,0,0,512,384,2005-04-02 00:00:00,0,0,0,0,-1,
1167,Teste 17,21908,17,17,492,357,3.83,4.09,0,0,512,384,1.4,0,0,0,0,-1,
1168,Teste 17,21925,17,17,489,362,3.85,4.11,0,0,512,384,1.4,0,0,0,0,-1,
1169,Teste 17,21942,17,17,494,362,3.83,4.17,0,0,512,384,1.4,0,0,0,0,-1,
1170,Teste 17,21958,17,17,485,356,3.85,4.12,0,0,512,384,1.4,0,0,0,0,-1,
1171,Teste 17,21975,17,17,491,351,3.9,4.15,0,0,512,384,1.4,0,0,0,0,-1,
1172,Teste 17,21992,17,17,490,353,3.87,4.14,0,0,512,384,1.4,0,0,0,0,-1,
1173,Teste 17,22008,17,17,490,343,3.83,4.15,0,0,512,384,1.4,0,0,0,0,-1,
1174,Teste 17,22025,17,17,492,351,3.85,4.11,0,0,512,384,1.4,0,0,0,0,-1,
1175,Teste 17,22041,17,17,485,368,3.87,4.15,0,0,512,384,2.5,0,0,0,0,-1,
1176,Teste 17,22058,17,17,493,345,3.88,4.22,0,0,512,384,1.4,0,0,0,0,-1,
1177,Teste 17,22075,17,17,499,354,3.93,4.14,0,0,512,384,1.4,0,0,0,0,-1,
1178,Teste 17,22091,17,17,494,333,3.85,4.19,0,0,512,384,1.4,0,0,0,0,-1,
1179,Teste 17,22108,17,17,493,337,3.85,4.15,0,0,512,384,1.4,0,0,0,0,-1,
1180,Teste 17,22125,17,17,492,352,3.88,4.15,0,0,512,384,1.4,0,0,0,0,-1,
1181,Teste 17,22141,17,17,492,339,3.87,4.14,0,0,512,384,1.4,0,0,0,0,-1,
1182,Teste 17,22158,17,17,495,322,3.87,4.17,0,0,512,384,1.4,0,0,0,0,-1,
1183,Teste 17,22175,17,17,491,344,3.88,4.17,0,0,512,384,1.4,0,0,0,0,-1,
1184,Teste 17,22191,17,17,490,337,3.87,4.14,0,0,512,384,1.4,0,0,0,0,-1,
1185,Teste 17,22208,17,17,506,356,3.95,4.17,0,0,512,384,1.4,0,0,0,0,-1,
1186,Teste 17,22224,17,17,520,377,3.96,4.17,0,0,512,384,2.5,0,0,0,0,-1,
1187,Teste 17,22241,17,17,516,383,3.95,4.19,0,0,512,384,2.5,0,0,0,0,-1,
1188,Teste 17,22258,17,17,516,370,3.9,4.17,0,0,512,384,2.5,0,0,0,0,-1,
1189,Teste 17,22274,17,17,510,344,3.9,4.22,0,0,512,384,1.4,0,0,0,0,-1,
1190,Teste 17,22291,17,17,514,353,3.88,4.14,0,0,512,384,1.4,0,0,0,0,-1,
1191,Teste 17,22308,17,17,516,348,3.87,4.11,0,0,512,384,1.4,0,0,0,0,-1,
1192,Teste 17,22324,17,17,517,360,3.9,4.19,0,0,512,384,1.4,0,0,0,0,-1,
1193,Teste 17,22341,17,17,514,346,3.88,4.19,0,0,512,384,1.4,0,0,0,0,-1,
1194,Teste 17,22358,17,17,508,376,3.95,4.17,0,0,512,384,2.5,0,0,0,0,-1,
1195,Teste 17,22374,17,17,511,346,3.88,4.2,0,0,512,384,1.4,0,0,0,0,-1,
1196,Teste 17,22391,17,17,517,358,3.9,4.24,0,0,512,384,1.4,0,0,0,0,-1,
1197,Teste 17,22407,17,17,517,316,3.87,4.17,0,0,512,384,1.4,0,0,0,0,-1,
1198,Teste 17,22424,17,17,516,325,3.93,4.15,0,0,512,384,1.4,0,0,0,0,-1,
1199,Teste 17,22441,17,17,518,363,3.88,4.12,0,0,512,384,2005-04-02 00:00:00,0,0,0,0,-1,
1200,Teste 17,22457,17,17,518,362,3.9,4.11,0,0,512,384,1.4,0,0,0,0,-1,
1201,Teste 17,22474,17,17,518,354,3.9,4.07,0,0,512,384,1.4,0,0,0,0,-1,
1202,Teste 17,22491,17,17,519,342,3.85,4.11,0,0,512,384,1.4,0,0,0,0,-1,
1203,Teste 17,22507,17,17,520,360,3.93,4.11,0,0,512,384,1.4,0,0,0,0,-1,
1204,Teste 17,22524,17,17,528,400,3.96,4.07,0,0,512,384,2.5,0,0,0,0,-1,
1205,Teste 17,22540,17,17,530,380,3.87,4.07,0,0,512,384,2.5,0,0,0,0,-1,
1206,Teste 17,22557,17,17,528,411,3.9,4.07,0,0,512,384,2.5,0,0,0,0,-1,
1207,Teste 17,22574,17,17,524,402,3.9,4.06,0,0,512,384,2.5,0,0,0,0,-1,
1208,Teste 17,22590,17,17,528,397,3.87,4.06,0,0,512,384,2.5,0,0,0,0,-1,
1209,Teste 17,22607,17,17,528,400,3.85,4.09,0,0,512,384,2.5,0,0,0,0,-1,
1210,Teste 17,22624,17,17,524,411,3.87,4.03,0,0,512,384,2.5,0,0,0,0,-1,
1211,Teste 17,22640,17,17,525,407,3.82,4.04,0,0,512,384,2.5,0,0,0,0,-1,
1212,Teste 17,22657,17,17,527,412,3.83,3.98,0,0,512,384,2.5,0,0,0,0,-1,
1213,Teste 17,22674,17,17,527,406,3.85,4.01,0,0,512,384,2.5,0,0,0,0,-1,
1214,Teste 17,22690,17,17,524,390,3.82,3.98,0,0,512,384,2.5,0,0,0,0,-1,
1215,Teste 17,22707,17,17,527,386,3.8,3.98,0,0,512,384,2.5,0,0,0,0,-1,
1216,Teste 17,22723,17,17,524,402,3.74,4.04,0,0,512,384,2.5,0,0,0,0,-1,
1217,Teste 17,22740,17,17,523,398,3.8,3.96,0,0,512,384,2.5,0,0,0,0,-1,
1218,Teste 17,22757,17,17,524,397,3.72,3.95,0,0,512,384,2.5,0,0,0,0,-1,
1219,Teste 17,22773,17,17,528,388,3.69,3.93,0,0,512,384,2.5,0,0,0,0,-1,
1220,Teste 17,22790,17,17,524,415,3.75,3.96,0,0,512,384,2.5,0,0,0,0,-1,
1221,Teste 17,22807,17,17,522,364,3.69,3.93,0,0,512,384,2005-04-02 00:00:00,0,0,0,0,-1,
1222,Teste 17,22823,17,17,520,358,3.71,3.87,0,0,512,384,1.4,0,0,0,0,-1,
1223,Teste 17,22840,17,17,519,356,3.69,3.93,0,0,512,384,1.4,0,0,0,0,-1,
1224,Teste 17,22857,17,17,522,355,3.72,3.9,0,0,512,384,1.4,0,0,0,0,-1,
1225,Teste 17,22873,17,17,518,369,3.71,3.91,0,0,512,384,2.5,0,0,0,0,-1,
1226,Teste 17,22890,17,17,519,368,3.72,3.9,0,0,512,384,2.5,0,0,0,0,-1,
1227,Teste 17,22906,17,17,522,360,3.71,3.9,0,0,512,384,1.4,0,0,0,0,-1,
1228,Teste 17,22923,17,17,520,367,3.72,3.88,0,0,512,384,2.5,0,0,0,0,-1,
1229,Teste 17,22940,17,17,525,379,3.72,3.91,0,0,512,384,2.5,0,0,0,0,-1,
1230,Teste 17,22956,17,17,520,387,3.75,3.85,0,0,512,384,2.5,0,0,0,0,-1,
1231,Teste 17,22973,17,17,519,392,3.74,3.85,0,0,512,384,2.5,0,0,0,0,-1,
1232,Teste 17,22990,17,17,514,378,3.74,3.9,0,0,512,384,2.5,0,0,0,0,-1,
1233,Teste 17,23006,17,17,524,360,3.71,3.95,0,0,512,384,1.4,0,0,0,0,-1,
1234,Teste 17,23023,17,17,520,389,3.74,3.87,0,0,512,384,2.5,0,0,0,0,-1,
1235,Teste 17,23040,17,17,518,351,3.71,3.87,0,0,512,384,1.4,0,0,0,0,-1,
1236,Teste 17,23056,17,17,520,353,3.67,3.85,0,0,512,384,1.4,0,0,0,0,-1,
1237,Teste 17,23073,17,17,518,380,3.67,3.87,0,0,512,384,2.5,0,0,0,0,-1,
1238,Teste 17,23089,17,17,516,378,3.67,3.87,0,0,512,384,2.5,0,0,0,0,-1,
1239,Teste 17,23106,17,17,514,382,3.71,3.88,0,0,512,384,2.5,0,0,0,0,-1,
1240,Teste 17,23123,17,17,517,396,3.72,3.9,0,0,512,384,2.5,0,0,0,0,-1,
1241,Teste 17,23139,17,17,503,378,3.72,3.87,0,0,512,384,2.5,0,0,0,0,-1,
1242,Teste 17,23156,17,17,517,352,3.69,3.85,0,0,512,384,1.4,0,0,0,0,-1,
1243,Teste 17,23173,17,17,519,389,3.71,3.83,0,0,512,384,2.5,0,0,0,0,-1,
1244,Teste 17,23189,17,17,516,381,3.71,3.88,0,0,512,384,2.5,0,0,0,0,-1,
1245,Teste 17,23206,17,17,515,391,3.72,3.8,0,0,512,384,2.5,0,0,0,0,-1,
1246,Teste 17,23223,17,17,521,379,3.69,3.93,0,0,512,384,2.5,0,0,0,0,-1,
1247,Teste 17,23239,17,17,519,384,3.67,3.82,0,0,512,384,2.5,0,0,0,0,-1,
1248,Teste 17,23256,17,17,519,382,3.69,3.82,0,0,512,384,2.5,0,0,0,0,-1,
1249,Teste 17,23272,17,17,519,382,3.67,3.87,0,0,512,384,2.5,0,0,0,0,-1,
1250,Teste 17,23289,17,17,514,377,3.71,3.82,0,0,512,384,2.5,0,0,0,0,-1,
1251,Teste 17,23306,17,17,513,379,3.71,3.83,0,0,512,384,2.5,0,0,0,0,-1,
1252,Teste 17,23322,17,17,513,387,3.67,3.91,0,0,512,384,2.5,0,0,0,0,-1,
1253,Teste 17,23339,17,17,511,353,3.69,3.87,0,0,512,384,1.4,0,0,0,0,-1,
1254,Teste 17,23356,17,17,520,372,3.66,3.83,0,0,512,384,2.5,0,0,0,0,-1,
1255,Teste 17,23372,17,17,515,392,3.69,3.87,0,0,512,384,2.5,0,0,0,0,-1,
1256,Teste 17,23389,17,17,517,380,3.72,3.9,0,0,512,384,2.5,0,0,0,0,-1,
1257,Teste 17,23406,17,17,516,375,3.71,3.87,0,0,512,384,2.5,0,0,0,0,-1,
1258,Teste 17,23422,17,17,517,385,3.69,3.85,0,0,512,384,2.5,0,0,0,0,-1,
1259,Teste 17,23439,17,17,519,388,3.69,3.85,0,0,512,384,2.5,0,0,0,0,-1,
1260,Teste 17,23455,17,17,515,376,3.66,3.87,0,0,512,384,2.5,0,0,0,0,-1,
1261,Teste 17,23472,17,17,511,437,3.72,3.85,0,0,512,384,3.6,0,0,0,0,-1,
1262,Teste 17,23489,17,17,526,455,3.66,3.85,0,0,512,384,3.6,0,0,0,0,-1,
1263,Teste 17,23505,17,17,522,436,3.59,3.85,0,0,512,384,3.6,0,0,0,0,-1,
1264,Teste 17,23522,17,17,521,424,3.55,3.8,0,0,512,384,3.6,0,0,0,0,-1,
1265,Teste 17,23539,17,17,516,445,3.61,3.77,0,0,512,384,3.6,0,0,0,0,-1,
1266,Teste 17,23555,17,17,520,441,3.59,3.82,0,0,512,384,3.6,0,0,0,0,-1,
1267,Teste 17,23572,17,17,523,445,3.59,3.77,0,0,512,384,3.6,0,0,0,0,-1,
1268,Teste 17,23588,17,17,514,461,3.61,3.74,0,0,512,384,3.6,0,0,0,0,-1,
1269,Teste 17,23605,17,17,522,430,3.55,3.79,0,0,512,384,3.6,0,0,0,0,-1,
1270,Teste 17,23622,17,17,517,447,3.55,3.75,0,0,512,384,3.6,0,0,0,0,-1,
1271,Teste 17,23638,17,17,510,447,3.53,3.75,0,0,512,384,3.6,0,0,0,0,-1,
1272,Teste 17,23655,17,17,521,444,3.58,3.74,0,0,512,384,3.6,0,0,0,0,-1,
1273,Teste 17,23672,17,17,522,444,3.58,3.72,0,0,512,384,3.6,0,0,0,0,-1,
1274,Teste 17,23688,17,17,525,432,3.53,3.75,0,0,512,384,3.6,0,0,0,0,-1,
1275,Teste 17,23705,17,17,526,440,3.53,3.69,0,0,512,384,3.6,0,0,0,0,-1,
1276,Teste 17,23722,17,17,524,440,3.5,3.71,0,0,512,384,3.6,0,0,0,0,-1,
1277,Teste 17,23738,17,17,526,435,3.51,3.74,0,0,512,384,3.6,0,0,0,0,-1,
1278,Teste 17,23755,17,17,528,428,3.56,3.71,0,0,512,384,3.6,0,0,0,0,-1,
1279,Teste 17,23771,17,17,522,440,3.51,3.74,0,0,512,384,3.6,0,0,0,0,-1,
1280,Teste 17,23788,17,17,529,417,3.51,3.71,0,0,512,384,5,0,0,0,0,-1,
1281,Teste 17,23805,17,17,519,451,3.46,3.72,0,0,512,384,3.6,0,0,0,0,-1,
1282,Teste 17,23821,17,17,532,436,3.51,3.75,0,0,512,384,3.6,0,0,0,0,-1,
1283,Teste 17,23838,17,17,529,425,3.48,3.71,0,0,512,384,3.6,0,0,0,0,-1,
1284,Teste 17,23855,17,17,529,443,3.5,3.72,0,0,512,384,3.6,0,0,0,0,-1,
1285,Teste 17,23871,17,17,533,431,3.53,3.72,0,0,512,384,3.6,0,0,0,0,-1,
1286,Teste 17,23888,17,17,517,428,3.5,3.72,0,0,512,384,3.6,0,0,0,0,-1,
1287,Teste 17,23905,17,17,528,439,3.53,3.8,0,0,512,384,3.6,0,0,0,0,-1,
1288,Teste 17,23921,17,17,532,423,3.48,3.82,0,0,512,384,3.6,0,0,0,0,-1,
1289,Teste 17,23938,17,17,532,448,3.55,3.77,0,0,512,384,3.6,0,0,0,0,-1,
1290,Teste 17,23954,17,17,527,450,3.59,3.74,0,0,512,384,3.6,0,0,0,0,-1,
1291,Teste 17,23971,17,17,532,443,3.63,3.79,0,0,512,384,3.6,0,0,0,0,-1,
1292,Teste 17,23988,17,17,536,430,3.53,3.79,0,0,512,384,3.6,0,0,0,0,-1,
1293,Teste 17,24004,17,17,535,440,3.51,3.77,0,0,512,384,3.6,0,0,0,0,-1,
1294,Teste 17,24021,17,17,531,456,3.56,3.8,0,0,512,384,3.6,0,0,0,0,-1,
1295,Teste 17,24038,17,17,525,442,3.55,3.8,0,0,512,384,3.6,0,0,0,0,-1,
1296,Teste 17,24054,17,17,534,441,3.53,3.83,0,0,512,384,3.6,0,0,0,0,-1,
1297,Teste 17,24071,17,17,534,453,3.58,3.85,0,0,512,384,3.6,0,0,0,0,-1,
1298,Teste 17,24088,17,17,523,329,3.61,3.77,0,0,512,384,1.4,0,0,0,0,-1,
1299,Teste 17,24104,17,17,512,299,3.59,3.83,0,0,512,384,1.4,0,0,0,0,-1,
1300,Teste 17,24121,17,17,517,283,3.59,3.79,0,0,512,384,1.4,0,0,0,0,-1,
1301,Teste 17,24137,17,17,510,276,3.55,3.83,0,0,512,384,1,0,0,0,0,-1,
1302,Teste 17,24154,17,17,506,301,3.66,3.91,0,0,512,384,1.4,0,0,0,0,-1,
1303,Teste 17,24171,17,17,503,323,3.59,3.88,0,0,512,384,1.4,0,0,0,0,-1,
1304,Teste 17,24187,17,17,513,301,3.61,3.87,0,0,512,384,1.4,0,0,0,0,-1,
1305,Teste 17,24204,17,17,503,304,3.61,3.85,0,0,512,384,1.4,0,0,0,0,-1,
1306,Teste 17,24221,17,17,516,302,3.64,3.85,0,0,512,384,1.4,0,0,0,0,-1,
1307,Teste 17,24237,17,17,512,295,3.63,3.91,0,0,512,384,1.4,0,0,0,0,-1,
1308,Teste 17,24254,17,17,512,289,3.61,3.95,0,0,512,384,1.4,0,0,0,0,-1,
1309,Teste 17,24271,17,17,498,305,3.64,3.96,0,0,512,384,1.4,0,0,0,0,-1,
1310,Teste 17,24287,17,17,512,294,3.63,3.98,0,0,512,384,1.4,0,0,0,0,-1,
1311,Teste 17,24304,17,17,512,302,3.63,3.98,0,0,512,384,1.4,0,0,0,0,-1,
1312,Teste 17,24320,17,17,512,306,3.72,3.99,0,0,512,384,1.4,0,0,0,0,-1,
1313,Teste 17,24337,17,17,511,312,3.75,3.98,0,0,512,384,1.4,0,0,0,0,-1,
1314,Teste 17,24354,17,17,507,306,3.71,3.96,0,0,512,384,1.4,0,0,0,0,-1,
1315,Teste 17,24370,17,17,506,287,3.72,4.01,0,0,512,384,1.4,0,0,0,0,-1,
1316,Teste 17,24387,17,17,505,320,3.74,3.98,0,0,512,384,1.4,0,0,0,0,-1,
1317,Teste 17,24404,17,17,507,322,3.75,3.99,0,0,512,384,1.4,0,0,0,0,-1,
1318,Teste 17,24420,17,17,506,298,3.74,4.01,0,0,512,384,1.4,0,0,0,0,-1,
1319,Teste 17,24437,17,17,520,324,3.8,3.96,0,0,512,384,1.4,0,0,0,0,-1,
1320,Teste 17,24454,17,17,527,330,3.77,3.99,0,0,512,384,1.4,0,0,0,0,-1,
1321,Teste 17,24470,17,17,526,310,3.75,4.01,0,0,512,384,1.4,0,0,0,0,-1,
1322,Teste 17,24487,17,17,526,331,3.79,4.03,0,0,512,384,1.4,0,0,0,0,-1,
1323,Teste 17,24503,17,17,525,342,3.83,4.04,0,0,512,384,1.4,0,0,0,0,-1,
1324,Teste 17,24520,17,17,529,327,3.75,4.04,0,0,512,384,1.4,0,0,0,0,-1,
1325,Teste 17,24537,17,17,527,332,3.8,4.06,0,0,512,384,1.4,0,0,0,0,-1,
1326,Teste 17,24553,17,17,525,337,3.83,4.06,0,0,512,384,1.4,0,0,0,0,-1,
1327,Teste 17,24570,17,17,527,314,3.85,4.07,0,0,512,384,1.4,0,0,0,0,-1,
1328,Teste 17,24587,17,17,528,332,3.9,4.09,0,0,512,384,1.4,0,0,0,0,-1,
1329,Teste 17,24603,17,17,522,323,3.9,4.07,0,0,512,384,1.4,0,0,0,0,-1,
1330,Teste 17,24620,17,17,524,323,3.93,4.11,0,0,512,384,1.4,0,0,0,0,-1,
1331,Teste 17,24637,17,17,527,326,3.9,4.11,0,0,512,384,1.4,0,0,0,0,-1,
1332,Teste 17,24653,17,17,524,356,3.99,4.11,0,0,512,384,1.4,0,0,0,0,-1,
1333,Teste 17,24670,17,17,529,326,3.91,4.11,0,0,512,384,1.4,0,0,0,0,-1,
1334,Teste 17,24686,17,17,524,343,3.96,4.12,0,0,512,384,1.4,0,0,0,0,-1,
1335,Teste 17,24703,17,17,528,336,3.93,4.11,0,0,512,384,1.4,0,0,0,0,-1,
1336,Teste 17,24720,17,17,530,378,3.99,4.11,0,0,512,384,2.5,0,0,0,0,-1,
1337,Teste 17,24736,17,17,553,421,3.98,4.17,0,0,512,384,3.6,0,0,0,0,-1,
1338,Teste 17,24753,17,17,536,481,3.99,4.22,0,0,512,384,3.6,0,0,0,0,-1,
1339,Teste 17,24770,17,17,536,462,3.96,4.2,0,0,512,384,3.6,0,0,0,0,-1,
1340,Teste 17,24786,17,17,532,485,4.03,4.24,0,0,512,384,3.6,0,0,0,0,-1,
1341,Teste 17,24803,17,17,542,473,4.01,4.24,0,0,512,384,3.6,0,0,0,0,-1,
1342,Teste 17,24819,17,17,536,492,4.04,4.2,0,0,512,384,3.6,0,0,0,0,-1,
1343,Teste 17,24836,17,17,541,468,4.06,4.15,0,0,512,384,3.6,0,0,0,0,-1,
1344,Teste 17,24853,17,17,546,487,4.06,4.19,0,0,512,384,3.6,0,0,0,0,-1,
1345,Teste 17,24869,17,17,535,485,4.06,4.2,0,0,512,384,3.6,0,0,0,0,-1,
1346,Teste 17,24886,17,17,535,471,4.04,4.25,0,0,512,384,3.6,0,0,0,0,-1,
1347,Teste 17,24903,17,17,531,461,4.03,4.19,0,0,512,384,3.6,0,0,0,0,-1,
1348,Teste 17,24919,17,17,537,464,3.98,4.25,0,0,512,384,3.6,0,0,0,0,-1,
1349,Teste 17,24936,17,17,534,505,4.07,4.27,0,0,512,384,3.6,0,0,0,0,-1,
1350,Teste 17,24953,17,17,534,479,4.07,4.24,0,0,512,384,3.6,0,0,0,0,-1,
1351,Teste 17,24969,17,17,535,472,4.06,4.25,0,0,512,384,3.6,0,0,0,0,-1,
1352,Teste 17,24986,17,17,529,473,4.03,4.24,0,0,512,384,3.6,0,0,0,0,-1,
1353,Teste 17,25002,17,17,531,448,4.01,4.24,0,0,512,384,3.6,0,0,0,0,-1,
1354,Teste 17,25019,17,17,541,453,3.99,4.2,0,0,512,384,3.6,0,0,0,0,-1,
1355,Teste 17,25036,17,17,544,465,3.96,4.15,0,0,512,384,3.6,0,0,0,0,-1,
1356,Teste 17,25052,17,17,533,478,3.98,4.15,0,0,512,384,3.6,0,0,0,0,-1,
1357,Teste 17,25069,17,17,513,469,3.95,4.17,0,0,512,384,3.6,0,0,0,0,-1,
1358,Teste 17,25086,17,17,507,473,3.95,4.09,0,0,512,384,3.6,0,0,0,0,-1,
1359,Teste 17,25102,17,17,509,464,3.9,4.11,0,0,512,384,3.6,0,0,0,0,-1,
1360,Teste 17,25119,17,17,512,455,3.93,4.07,0,0,512,384,3.6,0,0,0,0,-1,
1361,Teste 17,25136,17,17,511,462,3.88,4.09,0,0,512,384,3.6,0,0,0,0,-1,
1362,Teste 17,25152,17,17,513,458,3.85,4.11,0,0,512,384,3.6,0,0,0,0,-1,
1363,Teste 17,25169,17,17,516,452,3.87,4.11,0,0,512,384,3.6,0,0,0,0,-1,
1364,Teste 17,25185,17,17,514,449,3.85,4.11,0,0,512,384,3.6,0,0,0,0,-1,
1365,Teste 17,25202,17,17,519,441,3.87,4.07,0,0,512,384,3.6,0,0,0,0,-1,
1366,Teste 17,25219,17,17,520,452,3.87,4.09,0,0,512,384,3.6,0,0,0,0,-1,
1367,Teste 17,25235,17,17,509,457,3.88,4.09,0,0,512,384,3.6,0,0,0,0,-1,
1368,Teste 17,25252,17,17,510,481,3.91,4.09,0,0,512,384,3.6,0,0,0,0,-1,
1369,Teste 17,25269,17,17,511,453,3.88,4.07,0,0,512,384,3.6,0,0,0,0,-1,
1370,Teste 17,25285,17,17,515,456,3.88,4.07,0,0,512,384,3.6,0,0,0,0,-1,
1371,Teste 17,25302,17,17,511,446,3.87,4.09,0,0,512,384,3.6,0,0,0,0,-1,
1372,Teste 17,25319,17,17,508,466,3.9,4.07,0,0,512,384,3.6,0,0,0,0,-1,
1373,Teste 17,25335,17,17,514,453,3.91,4.11,0,0,512,384,3.6,0,0,0,0,-1,
1374,Teste 17,25352,17,17,512,458,3.91,4.09,0,0,512,384,3.6,0,0,0,0,-1,
1375,Teste 17,25368,17,17,512,458,3.91,4.09,0,0,512,384,3.6,0,0,0,0,-1,
1376,Teste 17,25385,17,17,512,469,3.93,4.09,0,0,512,384,3.6,0,0,0,0,-1,
1377,Teste 17,25402,17,17,513,491,3.96,4.11,0,0,512,384,3.6,0,0,0,0,-1,
1378,Teste 17,25418,17,17,527,465,3.9,4.11,0,0,512,384,3.6,0,0,0,0,-1,
1379,Teste 17,25435,17,17,536,451,3.85,4.11,0,0,512,384,3.6,0,0,0,0,-1,
1380,Teste 17,25452,17,17,536,450,3.87,4.12,0,0,512,384,3.6,0,0,0,0,-1,
1381,Teste 17,25468,17,17,538,448,3.9,4.11,0,0,512,384,3.6,0,0,0,0,-1,
1382,Teste 17,25485,17,17,536,439,3.87,4.11,0,0,512,384,3.6,0,0,0,0,-1,
1383,Teste 17,25502,17,17,537,438,3.91,4.11,0,0,512,384,3.6,0,0,0,0,-1,
1384,Teste 17,25518,17,17,535,433,3.93,4.12,0,0,512,384,3.6,0,0,0,0,-1,
1385,Teste 17,25535,17,17,534,434,3.91,4.12,0,0,512,384,3.6,0,0,0,0,-1,
1386,Teste 17,25551,17,17,532,473,3.88,4.15,0,0,512,384,3.6,0,0,0,0,-1,
1387,Teste 17,25568,17,17,532,465,3.93,4.09,0,0,512,384,3.6,0,0,0,0,-1,
1388,Teste 17,25585,17,17,535,445,3.96,4.11,0,0,512,384,3.6,0,0,0,0,-1,
1389,Teste 17,25601,17,17,536,449,3.9,4.14,0,0,512,384,3.6,0,0,0,0,-1,
1390,Teste 17,25618,17,17,537,452,3.88,4.11,0,0,512,384,3.6,0,0,0,0,-1,
1391,Teste 17,25635,17,17,534,451,3.9,4.12,0,0,512,384,3.6,0,0,0,0,-1,
1392,Teste 17,25651,17,17,538,440,3.82,4.14,0,0,512,384,3.6,0,0,0,0,-1,
1393,Teste 17,25668,17,17,535,448,3.79,4.06,0,0,512,384,3.6,0,0,0,0,-1,
1394,Teste 17,25685,17,17,539,436,3.77,4.09,0,0,512,384,3.6,0,0,0,0,-1,
1395,Teste 17,25701,17,17,536,456,3.82,4.11,0,0,512,384,3.6,0,0,0,0,-1,
1396,Teste 17,25718,17,17,533,444,3.8,4.07,0,0,512,384,3.6,0,0,0,0,-1,
1397,Teste 17,25734,17,17,546,451,3.85,4.06,0,0,512,384,3.6,0,0,0,0,-1,
1398,Teste 17,25751,17,17,532,454,3.85,4.07,0,0,512,384,3.6,0,0,0,0,-1,
1399,Teste 17,25768,17,17,534,453,3.8,4.07,0,0,512,384,3.6,0,0,0,0,-1,
1400,Teste 17,25784,17,17,538,450,3.88,4.09,0,0,512,384,3.6,0,0,0,0,-1,
1401,Teste 17,25801,17,17,537,441,3.8,4.07,0,0,512,384,3.6,0,0,0,0,-1,
1402,Teste 17,25818,17,17,537,442,3.82,4.03,0,0,512,384,3.6,0,0,0,0,-1,
1403,Teste 17,25834,17,17,533,449,3.82,4.12,0,0,512,384,3.6,0,0,0,0,-1,
1404,Teste 17,25851,17,17,532,437,3.87,4.07,0,0,512,384,3.6,0,0,0,0,-1,
1405,Teste 17,25868,17,17,533,460,3.85,4.07,0,0,512,384,3.6,0,0,0,0,-1,
1406,Teste 17,25884,17,17,530,451,3.83,4.06,0,0,512,384,3.6,0,0,0,0,-1,
1407,Teste 17,25901,17,17,532,458,3.85,4.06,0,0,512,384,3.6,0,0,0,0,-1,
1408,Teste 17,25917,17,17,536,456,3.85,4.06,0,0,512,384,3.6,0,0,0,0,-1,
1409,Teste 17,25934,17,17,533,438,3.87,4.09,0,0,512,384,3.6,0,0,0,0,-1,
1410,Teste 17,25951,17,17,536,453,3.87,4.11,0,0,512,384,3.6,0,0,0,0,-1,
1411,Teste 17,25967,17,17,536,442,3.83,4.09,0,0,512,384,3.6,0,0,0,0,-1,
1412,Teste 17,25984,17,17,535,425,3.74,4.09,0,0,512,384,3.6,0,0,0,0,-1,
1413,Teste 17,26001,17,17,519,385,3.82,4.06,0,0,512,384,2.5,0,0,0,0,-1,
1414,Teste 17,26017,17,17,520,374,3.83,4.09,0,0,512,384,2.5,0,0,0,0,-1,
1415,Teste 17,26034,17,17,518,378,3.83,4.12,0,0,512,384,2.5,0,0,0,0,-1,
1416,Teste 17,26050,17,17,520,383,3.82,4.12,0,0,512,384,2.5,0,0,0,0,-1,
1417,Teste 17,26067,17,17,523,381,3.87,4.09,0,0,512,384,2.5,0,0,0,0,-1,
1418,Teste 17,26084,17,17,518,397,3.88,4.14,0,0,512,384,2.5,0,0,0,0,-1,
1419,Teste 17,26100,17,17,521,373,3.83,4.12,0,0,512,384,2.5,0,0,0,0,-1,
1420,Teste 17,26117,17,17,521,366,3.85,4.09,0,0,512,384,2.5,0,0,0,0,-1,
1421,Teste 17,26134,17,17,520,384,3.87,4.14,0,0,512,384,2.5,0,0,0,0,-1,
1422,Teste 17,26150,17,17,521,398,3.88,4.14,0,0,512,384,2.5,0,0,0,0,-1,
1423,Teste 17,26167,17,17,520,373,3.91,4.15,0,0,512,384,2.5,0,0,0,0,-1,
1424,Teste 17,26184,17,17,517,378,3.91,4.22,0,0,512,384,2.5,0,0,0,0,-1,
1425,Teste 17,26200,17,17,520,367,3.91,4.14,0,0,512,384,2.5,0,0,0,0,-1,
1426,Teste 17,26217,17,17,516,308,3.9,4.2,0,0,512,384,1.4,0,0,0,0,-1,
1427,Teste 17,26233,17,17,506,309,3.93,4.17,0,0,512,384,1.4,0,0,0,0,-1,
1428,Teste 17,26250,17,17,506,320,3.91,4.12,0,0,512,384,1.4,0,0,0,0,-1,
1429,Teste 17,26267,17,17,509,314,3.88,4.15,0,0,512,384,1.4,0,0,0,0,-1,
1430,Teste 17,26283,17,17,498,336,3.95,4.2,0,0,512,384,1.4,0,0,0,0,-1,
1431,Teste 17,26300,17,17,505,308,3.96,4.22,0,0,512,384,1.4,0,0,0,0,-1,
1432,Teste 17,26317,17,17,505,338,3.96,4.22,0,0,512,384,1.4,0,0,0,0,-1,
1433,Teste 17,26333,17,17,503,320,3.91,4.19,0,0,512,384,1.4,0,0,0,0,-1,
1434,Teste 17,26350,17,17,506,329,3.95,4.22,0,0,512,384,1.4,0,0,0,0,-1,
1435,Teste 17,26367,17,17,509,298,3.88,4.22,0,0,512,384,1.4,0,0,0,0,-1,
1436,Teste 17,26383,17,17,504,332,3.85,4.24,0,0,512,384,1.4,0,0,0,0,-1,
1437,Teste 17,26400,17,17,513,280,3.91,4.17,0,0,512,384,1,0,0,0,0,-1,
1438,Teste 17,26416,17,17,506,287,3.9,4.24,0,0,512,384,1.4,0,0,0,0,-1,
1439,Teste 17,26433,17,17,505,304,3.9,4.25,0,0,512,384,1.4,0,0,0,0,-1,
1440,Teste 17,26450,17,17,504,321,3.95,4.28,0,0,512,384,1.4,0,0,0,0,-1,
1441,Teste 17,26466,17,17,504,302,3.99,4.24,0,0,512,384,1.4,0,0,0,0,-1,
1442,Teste 17,26483,17,17,503,326,3.96,4.25,0,0,512,384,1.4,0,0,0,0,-1,
1443,Teste 17,26500,17,17,521,348,3.96,4.27,0,0,512,384,1.4,0,0,0,0,-1,
1444,Teste 17,26516,17,17,543,365,3.98,4.32,0,0,512,384,2.5,0,0,0,0,-1,
1445,Teste 17,26533,17,17,537,388,3.98,4.28,0,0,512,384,2.5,0,0,0,0,-1,
1446,Teste 17,26550,17,17,534,385,3.96,4.3,0,0,512,384,2.5,0,0,0,0,-1,
1447,Teste 17,26566,17,17,544,383,3.98,4.27,0,0,512,384,2.5,0,0,0,0,-1,
1448,Teste 17,26583,17,17,531,411,4.01,4.22,0,0,512,384,2.5,0,0,0,0,-1,
1449,Teste 17,26599,17,17,537,383,3.95,4.2,0,0,512,384,2.5,0,0,0,0,-1,
1450,Teste 17,26616,17,17,537,379,3.99,4.22,0,0,512,384,2.5,0,0,0,0,-1,
1451,Teste 17,26633,17,17,536,386,3.99,4.2,0,0,512,384,2.5,0,0,0,0,-1,
1452,Teste 17,26649,17,17,533,414,4.06,4.24,0,0,512,384,2.5,0,0,0,0,-1,
1453,Teste 17,26666,17,17,532,393,4.03,4.2,0,0,512,384,2.5,0,0,0,0,-1,
1454,Teste 17,26683,17,17,538,387,3.98,4.24,0,0,512,384,2.5,0,0,0,0,-1,
1455,Teste 17,26699,17,17,538,389,3.99,4.24,0,0,512,384,2.5,0,0,0,0,-1,
1456,Teste 17,26716,17,17,533,371,3.96,4.17,0,0,512,384,2.5,0,0,0,0,-1,
1457,Teste 17,26733,17,17,531,359,3.99,4.15,0,0,512,384,1.4,0,0,0,0,-1,
1458,Teste 17,26749,17,17,520,685,3.96,4.15,0,0,512,384,3,0,0,0,0,-1,
1459,Teste 17,26882,133,133,474,922,0.0,4.27,0,0,512,384,-,0,0,0,0,-1,
1460,Teste 17,26899,17,17,498,303,-1.0,4.27,0,0,512,384,1.4,0,0,0,0,-1,
1461,Teste 17,26916,17,17,474,692,4.04,4.25,0,0,512,384,3,0,0,0,0,-1,
1462,Teste 17,26932,17,17,484,612,4.03,4.24,0,0,512,384,3,0,0,0,0,-1,
1463,Teste 17,26949,17,17,498,519,3.99,4.19,0,0,512,384,3,0,0,0,0,-1,
1464,Teste 17,26965,17,17,492,471,3.98,4.25,0,0,512,384,3.6,0,0,0,0,-1,
1465,Teste 17,26982,17,17,507,445,4.01,4.19,0,0,512,384,3.6,0,0,0,0,-1,
1466,Teste 17,26999,17,17,496,368,3.96,4.32,0,0,512,384,2.5,0,0,0,0,-1,
1467,Teste 17,27015,17,17,507,338,3.98,4.2,0,0,512,384,1.4,0,0,0,0,-1,
1468,Teste 17,27032,17,17,514,308,3.96,4.22,0,0,512,384,1.4,0,0,0,0,-1,
1469,Teste 17,27049,17,17,520,257,3.96,4.25,0,0,512,384,1,0,0,0,0,-1,
1470,Teste 17,27065,17,17,513,250,3.98,4.19,0,0,512,384,1,0,0,0,0,-1,
1471,Teste 17,27082,17,17,517,255,3.99,4.28,0,0,512,384,1,0,0,0,0,-1,
1472,Teste 17,27098,17,17,517,216,4.03,4.27,0,0,512,384,1,0,0,0,0,-1,
1473,Teste 17,27115,17,17,518,218,3.96,4.28,0,0,512,384,1,0,0,0,0,-1,
1474,Teste 17,27132,17,17,516,232,4.01,4.25,0,0,512,384,1,0,0,0,0,-1,
1475,Teste 17,27148,17,17,511,332,3.99,4.25,0,0,512,384,1.4,0,0,0,0,-1,
1476,Teste 17,27165,17,17,519,224,3.98,4.25,0,0,512,384,1,0,0,0,0,-1,
1477,Teste 17,27182,17,17,520,216,3.98,4.19,0,0,512,384,1,0,0,0,0,-1,
1478,Teste 17,27198,17,17,518,257,3.99,4.24,0,0,512,384,1,0,0,0,0,-1,
1479,Teste 17,27215,17,17,512,332,3.96,4.24,0,0,512,384,1.4,0,0,0,0,-1,
1480,Teste 17,27232,17,17,511,354,3.91,4.19,0,0,512,384,1.4,0,0,0,0,-1,
1481,Teste 17,27248,17,17,513,346,3.88,4.17,0,0,512,384,1.4,0,0,0,0,-1,
1482,Teste 17,27265,17,17,514,344,3.93,4.15,0,0,512,384,1.4,0,0,0,0,-1,
1483,Teste 17,27281,17,17,512,341,3.8,4.12,0,0,512,384,1.4,0,0,0,0,-1,
1484,Teste 17,27298,17,17,515,351,3.83,4.11,0,0,512,384,1.4,0,0,0,0,-1,
1485,Teste 17,27315,17,17,516,353,3.8,4.07,0,0,512,384,1.4,0,0,0,0,-1,
1486,Teste 17,27331,17,17,512,375,3.83,3.99,0,0,512,384,2.5,0,0,0,0,-1,
1487,Teste 17,27348,17,17,510,350,3.77,4.07,0,0,512,384,1.4,0,0,0,0,-1,
1488,Teste 17,27365,17,17,514,352,3.8,4.01,0,0,512,384,1.4,0,0,0,0,-1,
1489,Teste 17,27381,17,17,513,362,3.8,4.06,0,0,512,384,1.4,0,0,0,0,-1,
1490,Teste 17,27398,17,17,515,349,3.83,3.98,0,0,512,384,1.4,0,0,0,0,-1,
1491,Teste 17,27415,17,17,512,346,3.79,4.01,0,0,512,384,1.4,0,0,0,0,-1,
1492,Teste 17,27431,17,17,510,372,3.8,4.03,0,0,512,384,2.5,0,0,0,0,-1,
1493,Teste 17,27448,17,17,505,357,3.87,4.04,0,0,512,384,1.4,0,0,0,0,-1,
1494,Teste 17,27464,17,17,511,355,3.82,4.04,0,0,512,384,1.4,0,0,0,0,-1,
1495,Teste 17,27481,17,17,513,352,3.82,4.01,0,0,512,384,1.4,0,0,0,0,-1,
1496,Teste 17,27498,17,17,524,377,3.8,3.99,0,0,512,384,2.5,0,0,0,0,-1,
1497,Teste 17,27514,17,17,539,431,3.83,4.06,0,0,512,384,3.6,0,0,0,0,-1,
1498,Teste 17,27531,17,17,534,431,3.83,4.01,0,0,512,384,3.6,0,0,0,0,-1,
1499,Teste 17,27548,17,17,540,421,3.83,3.98,0,0,512,384,3.6,0,0,0,0,-1,
1500,Teste 17,27564,17,17,536,426,3.87,4.03,0,0,512,384,3.6,0,0,0,0,-1,
1501,Teste 17,27581,17,17,540,413,3.82,4.07,0,0,512,384,2.5,0,0,0,0,-1,
1502,Teste 17,27598,17,17,529,439,3.88,3.99,0,0,512,384,3.6,0,0,0,0,-1,
1503,Teste 17,27614,17,17,531,424,3.82,4.04,0,0,512,384,3.6,0,0,0,0,-1,
1504,Teste 17,27631,17,17,535,441,3.85,4.01,0,0,512,384,3.6,0,0,0,0,-1,
1505,Teste 17,27647,17,17,532,441,3.82,4.01,0,0,512,384,3.6,0,0,0,0,-1,
1506,Teste 17,27664,17,17,533,451,3.82,3.98,0,0,512,384,3.6,0,0,0,0,-1,
1507,Teste 17,27681,17,17,534,439,3.83,4.03,0,0,512,384,3.6,0,0,0,0,-1,
1508,Teste 17,27697,17,17,535,432,3.87,3.99,0,0,512,384,3.6,0,0,0,0,-1,
1509,Teste 17,27714,17,17,526,427,3.83,3.96,0,0,512,384,3.6,0,0,0,0,-1,
1510,Teste 17,27731,17,17,532,427,3.83,3.98,0,0,512,384,3.6,0,0,0,0,-1,
1511,Teste 17,27747,17,17,532,360,3.85,3.98,0,0,512,384,1.4,0,0,0,0,-1,
1512,Teste 17,27764,17,17,534,323,3.85,3.98,0,0,512,384,1.4,0,0,0,0,-1,
1513,Teste 17,27781,17,17,528,298,3.82,3.99,0,0,512,384,1.4,0,0,0,0,-1,
1514,Teste 17,27797,17,17,526,314,3.85,3.96,0,0,512,384,1.4,0,0,0,0,-1,
1515,Teste 17,27814,17,17,527,319,3.83,3.98,0,0,512,384,1.4,0,0,0,0,-1,
1516,Teste 17,27830,17,17,537,336,3.83,3.96,0,0,512,384,1.4,0,0,0,0,-1,
1517,Teste 17,27847,17,17,530,343,3.9,3.96,0,0,512,384,1.4,0,0,0,0,-1,
1518,Teste 17,27864,17,17,538,321,3.8,4.01,0,0,512,384,1.4,0,0,0,0,-1,
1519,Teste 17,27880,17,17,531,278,3.82,4.06,0,0,512,384,1,0,0,0,0,-1,
1520,Teste 17,27897,17,17,529,288,3.9,3.95,0,0,512,384,1.4,0,0,0,0,-1,
1521,Teste 17,27914,17,17,531,285,3.85,4.01,0,0,512,384,1.4,0,0,0,0,-1,
1522,Teste 17,27930,17,17,531,293,3.88,4.09,0,0,512,384,1.4,0,0,0,0,-1,
1523,Teste 17,27947,17,17,530,291,3.85,4.11,0,0,512,384,1.4,0,0,0,0,-1,
1524,Teste 17,27964,17,17,536,250,3.85,4.07,0,0,512,384,1,0,0,0,0,-1,
1525,Teste 17,27980,17,17,534,252,3.91,4.04,0,0,512,384,1,0,0,0,0,-1,
1526,Teste 17,27997,17,17,541,269,3.88,4.01,0,0,512,384,1,0,0,0,0,-1,
1527,Teste 17,28013,17,17,540,234,3.9,4.07,0,0,512,384,1,0,0,0,0,-1,
1528,Teste 17,28030,17,17,542,277,3.87,4.11,0,0,512,384,1,0,0,0,0,-1,
1529,Teste 17,28047,17,17,541,238,3.88,4.12,0,0,512,384,1,0,0,0,0,-1,
1530,Teste 17,28063,17,17,542,267,3.88,4.12,0,0,512,384,1,0,0,0,0,-1,
1531,Teste 17,28080,17,17,533,275,3.87,4.09,0,0,512,384,1,0,0,0,0,-1,
1532,Teste 17,28097,17,17,536,279,3.9,4.12,0,0,512,384,1,0,0,0,0,-1,
1533,Teste 17,28113,17,17,536,253,3.99,4.14,0,0,512,384,1,0,0,0,0,-1,
1534,Teste 17,28130,17,17,535,238,3.95,4.17,0,0,512,384,1,0,0,0,0,-1,
1535,Teste 17,28147,17,17,536,246,3.98,4.11,0,0,512,384,1,0,0,0,0,-1,
1536,Teste 17,28163,17,17,538,289,3.93,4.22,0,0,512,384,1.4,0,0,0,0,-1,
1537,Teste 17,28180,17,17,537,239,3.99,4.24,0,0,512,384,1,0,0,0,0,-1,
1538,Teste 17,28196,17,17,544,223,3.98,0.0,0,0,512,384,1,0,0,0,0,-1,
1539,Teste 17,28246,50,50,543,264,3.96,0.0,0,0,512,384,1,0,0,0,0,-1,
1540,Teste 17,28479,233,233,507,355,0.0,4.27,0,0,512,384,1.4,0,0,0,0,-1,
1541,Teste 17,28496,17,17,500,479,3.98,4.36,0,0,512,384,3.6,0,0,0,0,-1,
1542,Teste 17,28512,17,17,533,379,0.0,4.3,0,0,512,384,2.5,0,0,0,0,-1,
1543,Teste 17,28529,17,17,520,305,0.0,4.28,0,0,512,384,1.4,0,0,0,0,-1,
1544,Teste 17,28546,17,17,507,377,0.0,4.3,0,0,512,384,2.5,0,0,0,0,-1,
1545,Teste 17,28562,17,17,492,432,0.0,4.28,0,0,512,384,3.6,0,0,0,0,-1,
1546,Teste 17,28579,17,17,494,445,0.0,4.3,0,0,512,384,3.6,0,0,0,0,-1,
1547,Teste 17,28862,283,283,546,394,0.0,4.14,0,0,512,384,2.5,0,0,0,0,-1,
1548,Teste 17,30974,2113,2113,530,374,0.0,3.69,0,0,512,384,2.5,0,0,0,0,-1,
1549,Teste 17,30991,17,17,527,357,0.0,3.59,0,0,512,384,1.4,0,0,0,0,-1,
1550,Teste 17,31008,17,17,538,304,0.0,3.63,0,0,512,384,1.4,0,0,0,0,-1,
1551,Teste 17,31024,17,17,532,351,0.0,3.61,0,0,512,384,1.4,0,0,0,0,-1,
1552,Teste 17,31074,50,50,552,305,3.48,3.66,0,0,512,384,1.4,0,0,0,0,-1,
1553,Teste 17,31091,17,17,543,335,3.56,3.69,0,0,512,384,1.4,0,0,0,0,-1,
1554,Teste 17,31108,17,17,547,350,3.56,3.72,0,0,512,384,1.4,0,0,0,0,-1,
1555,Teste 17,31124,17,17,519,396,3.58,3.69,0,0,512,384,2.5,0,0,0,0,-1,
1556,Teste 17,31141,17,17,555,402,3.55,3.74,0,0,512,384,2.5,0,0,0,0,-1,
1557,Teste 17,31157,17,17,538,399,3.58,3.71,0,0,512,384,2.5,0,0,0,0,-1,
1558,Teste 17,31174,17,17,548,419,3.59,3.69,0,0,512,384,3.6,0,0,0,0,-1,
1559,Teste 17,31191,17,17,529,451,3.59,3.72,0,0,512,384,3.6,0,0,0,0,-1,
1560,Teste 17,31207,17,17,589,447,-1.0,3.72,0,0,512,384,3.6,0,0,0,0,-1,
1561,Teste 17,31224,17,17,536,334,3.53,3.72,0,0,512,384,1.4,0,0,0,0,-1,
1562,Teste 17,31241,17,17,545,353,3.61,3.75,0,0,512,384,1.4,0,0,0,0,-1,
1563,Teste 17,31257,17,17,541,353,3.59,3.75,0,0,512,384,1.4,0,0,0,0,-1,
1564,Teste 17,31274,17,17,542,337,3.61,3.77,0,0,512,384,1.4,0,0,0,0,-1,
1565,Teste 17,31291,17,17,539,313,3.59,3.75,0,0,512,384,1.4,0,0,0,0,-1,
1566,Teste 17,31307,17,17,540,357,3.63,3.79,0,0,512,384,1.4,0,0,0,0,-1,
1567,Teste 17,31324,17,17,537,356,3.64,3.79,0,0,512,384,1.4,0,0,0,0,-1,
1568,Teste 17,31340,17,17,536,339,3.66,3.75,0,0,512,384,1.4,0,0,0,0,-1,
1569,Teste 17,31357,17,17,533,338,3.67,3.75,0,0,512,384,1.4,0,0,0,0,-1,
1570,Teste 17,31374,17,17,537,343,3.59,3.77,0,0,512,384,1.4,0,0,0,0,-1,
1571,Teste 17,31390,17,17,539,332,3.63,3.75,0,0,512,384,1.4,0,0,0,0,-1,
1572,Teste 17,31407,17,17,542,344,3.61,3.8,0,0,512,384,1.4,0,0,0,0,-1,
1573,Teste 17,31424,17,17,537,328,3.58,3.74,0,0,512,384,1.4,0,0,0,0,-1,
1574,Teste 17,31440,17,17,531,346,3.61,3.8,0,0,512,384,1.4,0,0,0,0,-1,
1575,Teste 17,31457,17,17,536,338,3.63,3.75,0,0,512,384,1.4,0,0,0,0,-1,
1576,Teste 17,31474,17,17,547,356,3.61,3.8,0,0,512,384,1.4,0,0,0,0,-1,
1577,Teste 17,31490,17,17,546,339,3.59,3.69,0,0,512,384,1.4,0,0,0,0,-1,
1578,Teste 17,31507,17,17,545,351,3.63,3.77,0,0,512,384,1.4,0,0,0,0,-1,
1579,Teste 17,31523,17,17,537,357,3.56,3.72,0,0,512,384,1.4,0,0,0,0,-1,
1580,Teste 17,31540,17,17,513,354,3.53,3.75,0,0,512,384,1.4,0,0,0,0,-1,
1581,Teste 17,31557,17,17,524,341,3.53,3.79,0,0,512,384,1.4,0,0,0,0,-1,
1582,Teste 17,31573,17,17,495,510,3.58,3.79,0,0,512,384,3.6,0,0,0,0,-1,
1583,Teste 17,31590,17,17,513,358,3.58,3.72,0,0,512,384,1.4,0,0,0,0,-1,
1584,Teste 17,31607,17,17,522,366,3.59,3.71,0,0,512,384,2.5,0,0,0,0,-1,
1585,Teste 17,31623,17,17,503,378,3.56,3.74,0,0,512,384,2.5,0,0,0,0,-1,
1586,Teste 17,31640,17,17,519,365,3.61,3.8,0,0,512,384,2.5,0,0,0,0,-1,
1587,Teste 17,31656,17,17,512,355,3.53,3.74,0,0,512,384,1.4,0,0,0,0,-1,
1588,Teste 17,31673,17,17,523,349,3.53,3.72,0,0,512,384,1.4,0,0,0,0,-1,
1589,Teste 17,31690,17,17,523,344,3.51,3.75,0,0,512,384,1.4,0,0,0,0,-1,
1590,Teste 17,31706,17,17,516,370,3.59,3.75,0,0,512,384,2.5,0,0,0,0,-1,
1591,Teste 17,31723,17,17,515,381,3.5,3.71,0,0,512,384,2.5,0,0,0,0,-1,
1592,Teste 17,31740,17,17,512,422,3.55,3.72,0,0,512,384,3.6,0,0,0,0,-1,
1593,Teste 17,31756,17,17,523,452,3.59,3.69,0,0,512,384,3.6,0,0,0,0,-1,
1594,Teste 17,31773,17,17,491,587,3.58,3.71,0,0,512,384,3,0,0,0,0,-1,
1595,Teste 17,31790,17,17,496,601,3.58,3.74,0,0,512,384,3,0,0,0,0,-1,
1596,Teste 17,31806,17,17,507,485,3.53,3.71,0,0,512,384,3.6,0,0,0,0,-1,
1597,Teste 17,31823,17,17,517,434,3.56,3.74,0,0,512,384,3.6,0,0,0,0,-1,
1598,Teste 17,31839,17,17,515,491,3.58,3.8,0,0,512,384,3.6,0,0,0,0,-1,
1599,Teste 17,31856,17,17,524,480,3.58,3.77,0,0,512,384,3.6,0,0,0,0,-1,
1600,Teste 17,31873,17,17,523,468,3.61,3.77,0,0,512,384,3.6,0,0,0,0,-1,
1601,Teste 17,31889,17,17,521,403,3.53,3.72,0,0,512,384,2.5,0,0,0,0,-1,
1602,Teste 17,31906,17,17,526,410,3.53,3.74,0,0,512,384,2.5,0,0,0,0,-1,
1603,Teste 17,31923,17,17,532,430,3.56,3.72,0,0,512,384,3.6,0,0,0,0,-1,
1604,Teste 17,31939,17,17,530,428,3.58,3.72,0,0,512,384,3.6,0,0,0,0,-1,
1605,Teste 17,31956,17,17,514,409,3.5,3.75,0,0,512,384,2.5,0,0,0,0,-1,
1606,Teste 17,31973,17,17,521,422,3.56,3.72,0,0,512,384,3.6,0,0,0,0,-1,
1607,Teste 17,31989,17,17,529,412,3.51,3.79,0,0,512,384,2.5,0,0,0,0,-1,
1608,Teste 17,32006,17,17,518,403,3.51,3.77,0,0,512,384,2.5,0,0,0,0,-1,
1609,Teste 17,32022,17,17,529,432,3.51,3.72,0,0,512,384,3.6,0,0,0,0,-1,
1610,Teste 17,32039,17,17,523,425,3.53,3.74,0,0,512,384,3.6,0,0,0,0,-1,
1611,Teste 17,32056,17,17,543,418,3.51,3.77,0,0,512,384,6,0,0,0,0,-1,
1612,Teste 17,32072,17,17,576,364,3.59,3.71,0,0,512,384,2005-04-02 00:00:00,0,0,0,0,-1,
1613,Teste 17,32089,17,17,580,304,3.53,3.72,0,0,512,384,1.4,0,0,0,0,-1,
1614,Teste 17,32106,17,17,583,315,3.61,3.74,0,0,512,384,1.4,0,0,0,0,-1,
1615,Teste 17,32122,17,17,583,324,3.53,3.72,0,0,512,384,1.4,0,0,0,0,-1,
1616,Teste 17,32139,17,17,577,352,3.56,3.74,0,0,512,384,1.4,0,0,0,0,-1,
1617,Teste 17,32156,17,17,575,366,3.59,3.77,0,0,512,384,2.5,0,0,0,0,-1,
1618,Teste 17,32172,17,17,577,357,3.58,3.77,0,0,512,384,1.4,0,0,0,0,-1,
1619,Teste 17,32189,17,17,582,340,3.61,3.77,0,0,512,384,1.4,0,0,0,0,-1,
1620,Teste 17,32205,17,17,574,329,3.59,3.8,0,0,512,384,1.4,0,0,0,0,-1,
1621,Teste 17,32222,17,17,578,333,3.64,3.8,0,0,512,384,1.4,0,0,0,0,-1,
1622,Teste 17,32239,17,17,585,288,3.61,3.85,0,0,512,384,1.4,0,0,0,0,-1,
1623,Teste 17,32255,17,17,593,293,3.63,3.83,0,0,512,384,1.4,0,0,0,0,-1,
1624,Teste 17,32272,17,17,598,287,3.66,3.85,0,0,512,384,1.4,0,0,0,0,-1,
1625,Teste 17,32289,17,17,582,321,3.63,3.8,0,0,512,384,1.4,0,0,0,0,-1,
1626,Teste 17,32305,17,17,587,310,3.64,3.8,0,0,512,384,1.4,0,0,0,0,-1,
1627,Teste 17,32322,17,17,590,308,3.64,3.85,0,0,512,384,1.4,0,0,0,0,-1,
1628,Teste 17,32339,17,17,583,304,3.66,3.87,0,0,512,384,1.4,0,0,0,0,-1,
1629,Teste 17,32355,17,17,594,306,3.63,3.93,0,0,512,384,1.4,0,0,0,0,-1,
1630,Teste 17,32372,17,17,586,311,3.67,3.85,0,0,512,384,1.4,0,0,0,0,-1,
1631,Teste 17,32388,17,17,591,292,3.64,3.91,0,0,512,384,1.4,0,0,0,0,-1,
1632,Teste 17,32405,17,17,593,291,3.69,3.87,0,0,512,384,1.4,0,0,0,0,-1,
1633,Teste 17,32422,17,17,586,294,3.71,3.91,0,0,512,384,1.4,0,0,0,0,-1,
1634,Teste 17,32438,17,17,594,282,3.64,3.87,0,0,512,384,1,0,0,0,0,-1,
1635,Teste 17,32455,17,17,596,317,3.67,0.0,0,0,512,384,1.4,0,0,0,0,-1,
1636,Teste 17,32472,17,17,676,258,3.69,0.0,0,0,512,384,1,0,0,0,0,-1,
1637,Teste 17,32488,17,17,706,303,3.66,0.0,0,0,512,384,1,0,0,0,0,-1,
1638,Teste 17,32505,17,17,689,297,3.69,0.0,0,0,512,384,1,0,0,0,0,-1,
1639,Teste 17,32522,17,17,702,221,3.69,0.0,0,0,512,384,1,0,0,0,0,-1,
1640,Teste 17,32538,17,17,707,241,3.71,0.0,0,0,512,384,1,0,0,0,0,-1,
1641,Teste 17,32555,17,17,695,258,3.72,0.0,0,0,512,384,1,0,0,0,0,-1,
1642,Teste 17,32571,17,17,702,261,3.72,0.0,0,0,512,384,1,0,0,0,0,-1,
1643,Teste 17,32588,17,17,709,244,3.67,0.0,0,0,512,384,1,0,0,0,0,-1,
1644,Teste 17,32605,17,17,703,254,3.72,0.0,0,0,512,384,1,0,0,0,0,-1,
1645,Teste 17,32621,17,17,704,251,3.75,0.0,0,0,512,384,1,0,0,0,0,-1,
1646,Teste 17,32638,17,17,702,237,3.72,0.0,0,0,512,384,1,0,0,0,0,-1,
1647,Teste 17,32655,17,17,701,273,3.72,0.0,0,0,512,384,1,0,0,0,0,-1,
1648,Teste 17,32671,17,17,694,265,3.74,0.0,0,0,512,384,1,0,0,0,0,-1,
1649,Teste 17,32688,17,17,701,237,3.71,0.0,0,0,512,384,1,0,0,0,0,-1,
1650,Teste 17,32705,17,17,710,228,3.75,0.0,0,0,512,384,1,0,0,0,0,-1,
1651,Teste 17,32721,17,17,714,219,3.72,0.0,0,0,512,384,1,0,0,0,0,-1,
1652,Teste 17,32738,17,17,695,253,3.79,0.0,0,0,512,384,1,0,0,0,0,-1,
1653,Teste 17,32754,17,17,696,252,3.75,0.0,0,0,512,384,1,0,0,0,0,-1,
1654,Teste 17,32771,17,17,694,248,3.71,0.0,0,0,512,384,1,0,0,0,0,-1,
1655,Teste 17,32788,17,17,706,245,3.79,0.0,0,0,512,384,1,0,0,0,0,-1,
1656,Teste 17,32804,17,17,699,275,3.79,0.0,0,0,512,384,1,0,0,0,0,-1,
1657,Teste 17,32821,17,17,697,238,3.8,0.0,0,0,512,384,1,0,0,0,0,-1,
1658,Teste 17,32838,17,17,698,228,3.82,0.0,0,0,512,384,1,0,0,0,0,-1,
1659,Teste 17,32854,17,17,702,248,3.72,3.87,0,0,512,384,1,0,0,0,0,-1,
1660,Teste 17,32871,17,17,696,269,3.75,0.0,0,0,512,384,1,0,0,0,0,-1,
1661,Teste 17,32887,17,17,696,238,3.72,0.0,0,0,512,384,1,0,0,0,0,-1,
1662,Teste 17,32904,17,17,686,293,3.67,0.0,0,0,512,384,1,0,0,0,0,-1,
1663,Teste 17,32921,17,17,692,310,3.75,0.0,0,0,512,384,1,0,0,0,0,-1,
1664,Teste 17,32937,17,17,704,259,3.64,0.0,0,0,512,384,1,0,0,0,0,-1,
1665,Teste 17,32954,17,17,696,286,3.74,0.0,0,0,512,384,1,0,0,0,0,-1,
1666,Teste 17,32971,17,17,710,238,3.69,0.0,0,0,512,384,1,0,0,0,0,-1,
1667,Teste 17,32987,17,17,707,299,3.71,0.0,0,0,512,384,1,0,0,0,0,-1,
1668,Teste 17,33004,17,17,706,263,3.64,0.0,0,0,512,384,1,0,0,0,0,-1,
1669,Teste 17,33021,17,17,708,264,3.69,0.0,0,0,512,384,1,0,0,0,0,-1,
1670,Teste 17,33037,17,17,713,257,3.66,0.0,0,0,512,384,1,0,0,0,0,-1,
1671,Teste 17,33054,17,17,708,265,3.64,0.0,0,0,512,384,1,0,0,0,0,-1,
1672,Teste 17,33070,17,17,710,256,3.71,0.0,0,0,512,384,1,0,0,0,0,-1,
1673,Teste 17,33087,17,17,710,267,3.71,0.0,0,0,512,384,1,0,0,0,0,-1,
1674,Teste 17,33104,17,17,710,267,3.64,0.0,0,0,512,384,1,0,0,0,0,-1,
1675,Teste 17,33120,17,17,710,286,3.67,0.0,0,0,512,384,1,0,0,0,0,-1,
1676,Teste 17,33137,17,17,713,236,3.64,0.0,0,0,512,384,1,0,0,0,0,-1,
1677,Teste 17,33154,17,17,713,252,3.63,0.0,0,0,512,384,1,0,0,0,0,-1,
1678,Teste 17,33170,17,17,682,285,3.67,3.85,0,0,512,384,1,0,0,0,0,-1,
1679,Teste 17,33187,17,17,611,318,3.64,0.0,0,0,512,384,1.4,0,0,0,0,-1,
1680,Teste 17,33204,17,17,571,327,3.66,4.01,0,0,512,384,1.4,0,0,0,0,-1,
1681,Teste 17,33220,17,17,569,319,3.66,0.0,0,0,512,384,1.4,0,0,0,0,-1,
1682,Teste 17,33237,17,17,568,311,3.63,0.0,0,0,512,384,1.4,0,0,0,0,-1,
1683,Teste 17,33253,17,17,566,308,3.64,0.0,0,0,512,384,1.4,0,0,0,0,-1,
1684,Teste 17,33270,17,17,568,355,3.93,0.0,0,0,512,384,1.4,0,0,0,0,-1,
1685,Teste 17,33287,17,17,558,393,3.91,0.0,0,0,512,384,2.5,0,0,0,0,-1,
1686,Teste 17,33303,17,17,563,291,3.64,0.0,0,0,512,384,1.4,0,0,0,0,-1,
1687,Teste 17,33320,17,17,565,355,3.79,-1.0,0,0,512,384,1.4,0,0,0,0,-1,
1688,Teste 17,33337,17,17,587,305,3.66,0.0,0,0,512,384,1.4,0,0,0,0,-1,
1689,Teste 17,33353,17,17,564,312,3.67,0.0,0,0,512,384,1.4,0,0,0,0,-1,
1690,Teste 17,33370,17,17,565,364,3.8,0.0,0,0,512,384,2005-04-02 00:00:00,0,0,0,0,-1,
1691,Teste 17,33387,17,17,564,358,3.93,0.0,0,0,512,384,1.4,0,0,0,0,-1,
1692,Teste 17,33403,17,17,560,415,4.12,3.95,0,0,512,384,2.5,0,0,0,0,-1,
1693,Teste 17,33420,17,17,631,342,3.72,3.85,0,0,512,384,1.4,0,0,0,0,-1,
1694,Teste 17,33436,17,17,704,317,3.71,0.0,0,0,512,384,1,0,0,0,0,-1,
1695,Teste 17,33453,17,17,720,341,3.71,3.75,0,0,512,384,1,0,0,0,0,-1,
1696,Teste 17,33470,17,17,708,331,3.71,3.77,0,0,512,384,1,0,0,0,0,-1,
1697,Teste 17,33486,17,17,718,327,3.71,3.85,0,0,512,384,1,0,0,0,0,-1,
1698,Teste 17,33503,17,17,713,316,3.69,3.82,0,0,512,384,1,0,0,0,0,-1,
1699,Teste 17,33520,17,17,729,332,3.71,3.75,0,0,512,384,1,0,0,0,0,-1,
1700,Teste 17,33536,17,17,720,322,3.67,3.77,0,0,512,384,1,0,0,0,0,-1,
1701,Teste 17,33553,17,17,720,313,3.71,3.77,0,0,512,384,1,0,0,0,0,-1,
1702,Teste 17,33570,17,17,724,310,3.67,3.82,0,0,512,384,1,0,0,0,0,-1,
1703,Teste 17,33586,17,17,711,310,3.75,3.8,0,0,512,384,1,0,0,0,0,-1,
1704,Teste 17,33603,17,17,717,316,3.67,3.74,0,0,512,384,1,0,0,0,0,-1,
1705,Teste 17,33619,17,17,716,333,3.69,3.79,0,0,512,384,1,0,0,0,0,-1,
1706,Teste 17,33636,17,17,715,321,3.69,3.8,0,0,512,384,1,0,0,0,0,-1,
1707,Teste 17,33653,17,17,726,273,3.64,3.79,0,0,512,384,1,0,0,0,0,-1,
1708,Teste 17,33669,17,17,729,317,3.67,3.82,0,0,512,384,1,0,0,0,0,-1,
1709,Teste 17,33686,17,17,715,318,3.63,3.83,0,0,512,384,1,0,0,0,0,-1,
1710,Teste 17,33703,17,17,723,333,3.69,3.8,0,0,512,384,1,0,0,0,0,-1,
1711,Teste 17,33719,17,17,645,323,3.74,3.88,0,0,512,384,1,0,0,0,0,-1,
1712,Teste 17,33736,17,17,545,377,3.66,3.87,0,0,512,384,2.5,0,0,0,0,-1,
1713,Teste 17,33753,17,17,480,312,3.56,4.25,0,0,512,384,1.4,0,0,0,0,-1,
1714,Teste 17,33769,17,17,477,402,3.61,3.9,0,0,512,384,2.5,0,0,0,0,-1,
1715,Teste 17,33786,17,17,445,405,3.72,3.87,0,0,512,384,2.5,0,0,0,0,-1,
1716,Teste 17,33802,17,17,467,371,3.59,3.83,0,0,512,384,2.5,0,0,0,0,-1,
1717,Teste 17,33819,17,17,485,346,3.59,4.12,0,0,512,384,1.4,0,0,0,0,-1,
1718,Teste 17,33836,17,17,476,420,3.72,3.83,0,0,512,384,3.6,0,0,0,0,-1,
1719,Teste 17,33852,17,17,455,429,3.64,3.85,0,0,512,384,3.6,0,0,0,0,-1,
1720,Teste 17,33869,17,17,481,337,3.61,3.83,0,0,512,384,1.4,0,0,0,0,-1,
1721,Teste 17,33886,17,17,470,434,3.63,3.91,0,0,512,384,3.6,0,0,0,0,-1,
1722,Teste 17,33902,17,17,474,436,3.75,3.83,0,0,512,384,3.6,0,0,0,0,-1,
1723,Teste 17,33919,17,17,476,335,3.66,3.9,0,0,512,384,1.4,0,0,0,0,-1,
1724,Teste 17,33936,17,17,473,375,3.69,3.95,0,0,512,384,2.5,0,0,0,0,-1,
1725,Teste 17,33952,17,17,474,452,4.17,3.93,0,0,512,384,3.6,0,0,0,0,-1,
1726,Teste 17,33969,17,17,481,462,3.83,3.93,0,0,512,384,3.6,0,0,0,0,-1,
1727,Teste 17,33985,17,17,477,435,3.72,3.93,0,0,512,384,3.6,0,0,0,0,-1,
1728,Teste 17,34002,17,17,481,337,3.67,3.88,0,0,512,384,1.4,0,0,0,0,-1,
1729,Teste 17,34019,17,17,460,444,3.77,3.9,0,0,512,384,3.6,0,0,0,0,-1,
1730,Teste 17,34035,17,17,472,438,3.74,3.95,0,0,512,384,3.6,0,0,0,0,-1,
1731,Teste 17,34052,17,17,483,369,3.72,3.96,0,0,512,384,2.5,0,0,0,0,-1,
1732,Teste 17,34069,17,17,462,446,3.8,3.98,0,0,512,384,3.6,0,0,0,0,-1,
1733,Teste 17,34085,17,17,468,467,4.12,3.98,0,0,512,384,3.6,0,0,0,0,-1,
1734,Teste 17,34102,17,17,574,339,3.77,3.95,0,0,512,384,1.4,0,0,0,0,-1,
1735,Teste 17,34118,17,17,579,325,3.82,3.95,0,0,512,384,1.4,0,0,0,0,-1,
1736,Teste 17,34135,17,17,578,326,3.77,3.96,0,0,512,384,1.4,0,0,0,0,-1,
1737,Teste 17,34152,17,17,574,318,3.77,3.96,0,0,512,384,1.4,0,0,0,0,-1,
1738,Teste 17,34168,17,17,583,346,3.82,3.95,0,0,512,384,1.4,0,0,0,0,-1,
1739,Teste 17,34185,17,17,575,329,3.82,4.01,0,0,512,384,1.4,0,0,0,0,-1,
1740,Teste 17,34202,17,17,578,327,3.85,3.95,0,0,512,384,1.4,0,0,0,0,-1,
1741,Teste 17,34218,17,17,574,341,3.85,3.98,0,0,512,384,1.4,0,0,0,0,-1,
1742,Teste 17,34235,17,17,576,325,3.79,4.01,0,0,512,384,1.4,0,0,0,0,-1,
1743,Teste 17,34252,17,17,576,323,3.79,3.99,0,0,512,384,1.4,0,0,0,0,-1,
1744,Teste 17,34268,17,17,577,313,3.82,4.03,0,0,512,384,1.4,0,0,0,0,-1,
1745,Teste 17,34285,17,17,570,441,4.33,4.01,0,0,512,384,3.6,0,0,0,0,-1,
1746,Teste 17,34301,17,17,585,298,3.8,4.01,0,0,512,384,1.4,0,0,0,0,-1,
1747,Teste 17,34318,17,17,577,326,3.85,4.04,0,0,512,384,1.4,0,0,0,0,-1,
1748,Teste 17,34335,17,17,574,315,3.85,4.03,0,0,512,384,1.4,0,0,0,0,-1,
1749,Teste 17,34351,17,17,577,335,3.83,4.03,0,0,512,384,1.4,0,0,0,0,-1,
1750,Teste 17,34368,17,17,572,466,4.46,4.03,0,0,512,384,3.6,0,0,0,0,-1,
1751,Teste 17,34385,17,17,576,332,3.82,4.07,0,0,512,384,1.4,0,0,0,0,-1,
1752,Teste 17,34401,17,17,577,333,3.85,4.11,0,0,512,384,1.4,0,0,0,0,-1,
1753,Teste 17,34418,17,17,574,331,3.85,4.12,0,0,512,384,1.4,0,0,0,0,-1,
1754,Teste 17,34435,17,17,576,340,3.88,4.11,0,0,512,384,1.4,0,0,0,0,-1,
1755,Teste 17,34451,17,17,583,327,3.88,4.12,0,0,512,384,1.4,0,0,0,0,-1,
1756,Teste 17,34468,17,17,577,320,3.87,4.15,0,0,512,384,1.4,0,0,0,0,-1,
1757,Teste 17,34484,17,17,578,330,3.91,4.11,0,0,512,384,1.4,0,0,0,0,-1,
1758,Teste 17,34501,17,17,573,479,4.56,4.11,0,0,512,384,3.6,0,0,0,0,-1,
1759,Teste 17,34518,17,17,579,328,3.95,4.12,0,0,512,384,1.4,0,0,0,0,-1,
1760,Teste 17,34534,17,17,574,334,3.87,4.17,0,0,512,384,1.4,0,0,0,0,-1,
1761,Teste 17,34551,17,17,570,350,3.93,4.14,0,0,512,384,1.4,0,0,0,0,-1,
1762,Teste 17,34568,17,17,521,380,3.95,4.19,0,0,512,384,2.5,0,0,0,0,-1,
1763,Teste 17,34584,17,17,529,399,4.12,4.27,0,0,512,384,2.5,0,0,0,0,-1,
1764,Teste 17,34601,17,17,529,459,4.38,4.68,0,0,512,384,3.6,0,0,0,0,-1,
1765,Teste 17,34618,17,17,526,495,4.49,4.41,0,0,512,384,3.6,0,0,0,0,-1,
1766,Teste 17,34634,17,17,523,438,4.27,4.3,0,0,512,384,3.6,0,0,0,0,-1,
1767,Teste 17,34651,17,17,511,453,4.25,4.49,0,0,512,384,3.6,0,0,0,0,-1,
1768,Teste 17,34667,17,17,530,346,3.91,4.22,0,0,512,384,1.4,0,0,0,0,-1,
1769,Teste 17,34684,17,17,530,355,3.91,4.25,0,0,512,384,1.4,0,0,0,0,-1,
1770,Teste 17,34701,17,17,521,445,4.22,4.19,0,0,512,384,3.6,0,0,0,0,-1,
1771,Teste 17,34717,17,17,523,423,4.17,4.72,0,0,512,384,3.6,0,0,0,0,-1,
1772,Teste 17,34734,17,17,530,443,4.17,4.11,0,0,512,384,3.6,0,0,0,0,-1,
1773,Teste 17,34751,17,17,529,369,3.91,4.06,0,0,512,384,2.5,0,0,0,0,-1,
1774,Teste 17,34767,17,17,534,349,3.87,4.36,0,0,512,384,1.4,0,0,0,0,-1,
1775,Teste 17,34784,17,17,532,461,4.28,4.51,0,0,512,384,3.6,0,0,0,0,-1,
1776,Teste 17,34801,17,17,526,476,4.35,4.12,0,0,512,384,3.6,0,0,0,0,-1,
1777,Teste 17,34817,17,17,524,488,4.36,4.27,0,0,512,384,3.6,0,0,0,0,-1,
1778,Teste 17,34834,17,17,525,462,4.35,4.06,0,0,512,384,3.6,0,0,0,0,-1,
1779,Teste 17,34850,17,17,527,350,3.83,4.25,0,0,512,384,1.4,0,0,0,0,-1,
1780,Teste 17,34867,17,17,528,442,4.2,4.14,0,0,512,384,3.6,0,0,0,0,-1,
1781,Teste 17,34884,17,17,525,444,4.14,4.11,0,0,512,384,3.6,0,0,0,0,-1,
1782,Teste 17,34900,17,17,526,439,4.19,4.19,0,0,512,384,3.6,0,0,0,0,-1,
1783,Teste 17,34917,17,17,526,446,4.14,4.14,0,0,512,384,3.6,0,0,0,0,-1,
1784,Teste 17,34934,17,17,525,428,4.11,4.12,0,0,512,384,3.6,0,0,0,0,-1,
1785,Teste 17,34950,17,17,526,352,3.82,4.56,0,0,512,384,1.4,0,0,0,0,-1,
1786,Teste 17,34967,17,17,527,448,4.32,4.28,0,0,512,384,3.6,0,0,0,0,-1,
1787,Teste 17,34984,17,17,535,300,3.74,4.12,0,0,512,384,1.4,0,0,0,0,-1,
1788,Teste 17,35000,17,17,532,317,3.83,4.09,0,0,512,384,1.4,0,0,0,0,-1,
1789,Teste 17,35017,17,17,536,344,3.79,4.07,0,0,512,384,1.4,0,0,0,0,-1,
1790,Teste 17,35033,17,17,529,339,3.82,4.11,0,0,512,384,1.4,0,0,0,0,-1,
1791,Teste 17,35050,17,17,528,346,3.83,4.11,0,0,512,384,1.4,0,0,0,0,-1,
1792,Teste 17,35067,17,17,522,424,4.28,4.15,0,0,512,384,3.6,0,0,0,0,-1,
1793,Teste 17,35083,17,17,449,439,4.28,4.09,0,0,512,384,3.6,0,0,0,0,-1,
1794,Teste 17,35100,17,17,534,324,3.85,4.09,0,0,512,384,1.4,0,0,0,0,-1,
1795,Teste 17,35117,17,17,524,432,4.32,4.17,0,0,512,384,3.6,0,0,0,0,-1,
1796,Teste 17,35133,17,17,528,327,3.87,5.23,0,0,512,384,1.4,0,0,0,0,-1,
1797,Teste 17,35150,17,17,523,407,4.24,4.81,0,0,512,384,2.5,0,0,0,0,-1,
1798,Teste 17,35166,17,17,523,459,4.41,4.38,0,0,512,384,3.6,0,0,0,0,-1,
1799,Teste 17,35183,17,17,525,427,4.25,4.94,0,0,512,384,3.6,0,0,0,0,-1,
1800,Teste 17,35200,17,17,525,432,4.27,4.67,0,0,512,384,3.6,0,0,0,0,-1,
1801,Teste 17,35216,17,17,525,430,4.3,4.3,0,0,512,384,3.6,0,0,0,0,-1,
1802,Teste 17,35233,17,17,527,418,4.3,4.2,0,0,512,384,3.6,0,0,0,0,-1,
1803,Teste 17,35250,17,17,523,454,4.41,4.27,0,0,512,384,3.6,0,0,0,0,-1,
1804,Teste 17,35266,17,17,524,460,4.4,4.32,0,0,512,384,3.6,0,0,0,0,-1,
1805,Teste 17,35283,17,17,526,364,3.96,4.25,0,0,512,384,2005-04-02 00:00:00,0,0,0,0,-1,
1806,Teste 17,35300,17,17,525,411,4.19,4.25,0,0,512,384,2.5,0,0,0,0,-1,
1807,Teste 17,35316,17,17,528,384,4.09,4.24,0,0,512,384,2.5,0,0,0,0,-1,
1808,Teste 17,35333,17,17,526,447,4.33,4.3,0,0,512,384,3.6,0,0,0,0,-1,
1809,Teste 17,35349,17,17,534,433,4.32,4.2,0,0,512,384,3.6,0,0,0,0,-1,
1810,Teste 17,35366,17,17,527,376,4.19,4.24,0,0,512,384,2.5,0,0,0,0,-1,
1811,Teste 17,35383,17,17,522,449,4.4,4.32,0,0,512,384,3.6,0,0,0,0,-1,
1812,Teste 17,35399,17,17,528,388,4.3,4.32,0,0,512,384,2.5,0,0,0,0,-1,
1813,Teste 17,35416,17,17,529,375,4.14,4.28,0,0,512,384,2.5,0,0,0,0,-1,
1814,Teste 17,35433,17,17,527,425,4.3,4.76,0,0,512,384,3.6,0,0,0,0,-1,
1815,Teste 17,35449,17,17,486,416,4.2,4.35,0,0,512,384,2.5,0,0,0,0,-1,
1816,Teste 17,35466,17,17,530,415,4.25,4.76,0,0,512,384,2.5,0,0,0,0,-1,
1817,Teste 17,35483,17,17,528,387,4.15,4.27,0,0,512,384,2.5,0,0,0,0,-1,
1818,Teste 17,35499,17,17,535,358,3.99,4.6,0,0,512,384,1.4,0,0,0,0,-1,
1819,Teste 17,35516,17,17,528,398,4.22,4.28,0,0,512,384,2.5,0,0,0,0,-1,
1820,Teste 17,35532,17,17,524,419,4.33,4.25,0,0,512,384,3.6,0,0,0,0,-1,
1821,Teste 17,35549,17,17,526,411,4.33,4.32,0,0,512,384,2.5,0,0,0,0,-1,
1822,Teste 17,35566,17,17,527,386,4.01,4.28,0,0,512,384,2.5,0,0,0,0,-1,
1823,Teste 17,35582,17,17,493,455,4.15,4.43,0,0,512,384,3.6,0,0,0,0,-1,
1824,Teste 17,35599,17,17,526,458,4.28,4.3,0,0,512,384,3.6,0,0,0,0,-1,
1825,Teste 17,35616,17,17,524,478,4.32,4.32,0,0,512,384,3.6,0,0,0,0,-1,
1826,Teste 17,35632,17,17,497,429,4.12,4.25,0,0,512,384,3.6,0,0,0,0,-1,
1827,Teste 17,35649,17,17,495,438,4.07,4.24,0,0,512,384,3.6,0,0,0,0,-1,
1828,Teste 17,35666,17,17,522,454,4.09,4.24,0,0,512,384,3.6,0,0,0,0,-1,
1829,Teste 17,35682,17,17,518,465,4.17,4.6,0,0,512,384,3.6,0,0,0,0,-1,
1830,Teste 17,35699,17,17,521,476,4.24,4.24,0,0,512,384,3.6,0,0,0,0,-1,
1831,Teste 17,35715,17,17,522,435,4.09,4.24,0,0,512,384,3.6,0,0,0,0,-1,
1832,Teste 17,35732,17,17,519,479,4.19,4.15,0,0,512,384,3.6,0,0,0,0,-1,
1833,Teste 17,35749,17,17,527,448,4.09,4.14,0,0,512,384,3.6,0,0,0,0,-1,
1834,Teste 17,35765,17,17,514,565,4.57,4.2,0,0,512,384,3,0,0,0,0,-1,
1835,Teste 17,35782,17,17,519,474,4.22,4.46,0,0,512,384,3.6,0,0,0,0,-1,
1836,Teste 17,35799,17,17,522,466,4.17,4.52,0,0,512,384,3.6,0,0,0,0,-1,
1837,Teste 17,35815,17,17,484,441,4.07,4.2,0,0,512,384,3.6,0,0,0,0,-1,
1838,Teste 17,35832,17,17,514,510,4.28,4.22,0,0,512,384,3.6,0,0,0,0,-1,
1839,Teste 17,35849,17,17,515,430,4.17,4.19,0,0,512,384,3.6,0,0,0,0,-1,
1840,Teste 17,35865,17,17,516,352,3.85,4.15,0,0,512,384,1.4,0,0,0,0,-1,
1841,Teste 17,35882,17,17,524,355,3.95,4.17,0,0,512,384,1.4,0,0,0,0,-1,
1842,Teste 17,35898,17,17,520,363,3.98,4.25,0,0,512,384,2005-04-02 00:00:00,0,0,0,0,-1,
1843,Teste 17,35915,17,17,521,373,4.01,4.2,0,0,512,384,2.5,0,0,0,0,-1,
1844,Teste 17,35932,17,17,519,341,3.88,4.15,0,0,512,384,1.4,0,0,0,0,-1,
1845,Teste 17,35948,17,17,519,374,4.12,4.22,0,0,512,384,2.5,0,0,0,0,-1,
1846,Teste 17,35965,17,17,525,386,4.14,4.24,0,0,512,384,2.5,0,0,0,0,-1,
1847,Teste 17,35982,17,17,524,346,3.98,4.25,0,0,512,384,1.4,0,0,0,0,-1,
1848,Teste 17,35998,17,17,520,406,4.11,4.19,0,0,512,384,2.5,0,0,0,0,-1,
1849,Teste 17,36015,17,17,513,402,4.2,4.28,0,0,512,384,2.5,0,0,0,0,-1,
1850,Teste 17,36032,17,17,522,357,3.99,4.3,0,0,512,384,1.4,0,0,0,0,-1,
1851,Teste 17,36048,17,17,527,327,3.9,4.24,0,0,512,384,1.4,0,0,0,0,-1,
1852,Teste 17,36065,17,17,504,376,4.03,4.25,0,0,512,384,2.5,0,0,0,0,-1,
1853,Teste 17,36081,17,17,517,361,3.98,4.19,0,0,512,384,1.4,0,0,0,0,-1,
1854,Teste 17,36098,17,17,516,367,3.98,4.25,0,0,512,384,2.5,0,0,0,0,-1,
1855,Teste 17,36115,17,17,526,361,3.98,4.35,0,0,512,384,1.4,0,0,0,0,-1,
1856,Teste 17,36131,17,17,520,408,4.19,4.27,0,0,512,384,2.5,0,0,0,0,-1,
1857,Teste 17,36148,17,17,515,369,4.03,4.25,0,0,512,384,2.5,0,0,0,0,-1,
1858,Teste 17,36165,17,17,543,377,4.14,4.25,0,0,512,384,2.5,0,0,0,0,-1,
1859,Teste 17,36181,17,17,540,381,4.04,4.24,0,0,512,384,2.5,0,0,0,0,-1,
1860,Teste 17,36198,17,17,535,468,4.33,4.22,0,0,512,384,3.6,0,0,0,0,-1,
1861,Teste 17,36215,17,17,533,473,4.33,4.24,0,0,512,384,3.6,0,0,0,0,-1,
1862,Teste 17,36231,17,17,536,432,4.24,4.27,0,0,512,384,3.6,0,0,0,0,-1,
1863,Teste 17,36248,17,17,545,405,4.11,4.2,0,0,512,384,2.5,0,0,0,0,-1,
1864,Teste 17,36264,17,17,537,431,4.25,4.28,0,0,512,384,3.6,0,0,0,0,-1,
1865,Teste 17,36281,17,17,538,430,4.25,4.22,0,0,512,384,3.6,0,0,0,0,-1,
1866,Teste 17,36298,17,17,531,417,4.24,4.54,0,0,512,384,5,0,0,0,0,-1,
1867,Teste 17,36314,17,17,527,444,4.38,4.27,0,0,512,384,3.6,0,0,0,0,-1,
1868,Teste 17,36331,17,17,536,404,4.14,4.3,0,0,512,384,2.5,0,0,0,0,-1,
1869,Teste 17,36348,17,17,536,401,4.17,4.25,0,0,512,384,2.5,0,0,0,0,-1,
1870,Teste 17,36364,17,17,529,379,4.07,4.25,0,0,512,384,2.5,0,0,0,0,-1,
1871,Teste 17,36381,17,17,526,464,4.4,4.27,0,0,512,384,3.6,0,0,0,0,-1,
1872,Teste 17,36397,17,17,520,436,4.33,4.25,0,0,512,384,3.6,0,0,0,0,-1,
1873,Teste 17,36414,17,17,516,468,4.44,4.28,0,0,512,384,3.6,0,0,0,0,-1,
1874,Teste 17,36431,17,17,535,426,4.28,4.35,0,0,512,384,3.6,0,0,0,0,-1,
1875,Teste 17,36447,17,17,527,412,4.32,4.35,0,0,512,384,2.5,0,0,0,0,-1,
1876,Teste 17,36464,17,17,520,357,4.07,4.36,0,0,512,384,1.4,0,0,0,0,-1,
1877,Teste 17,36481,17,17,523,339,4.01,4.35,0,0,512,384,1.4,0,0,0,0,-1,
1878,Teste 17,36497,17,17,519,362,4.06,4.43,0,0,512,384,1.4,0,0,0,0,-1,
1879,Teste 17,36514,17,17,527,386,4.19,4.35,0,0,512,384,2.5,0,0,0,0,-1,
1880,Teste 17,36531,17,17,511,368,4.11,4.35,0,0,512,384,2.5,0,0,0,0,-1,
1881,Teste 17,36547,17,17,516,358,4.11,4.38,0,0,512,384,1.4,0,0,0,0,-1,
1882,Teste 17,36564,17,17,495,386,4.19,4.97,0,0,512,384,2.5,0,0,0,0,-1,
1883,Teste 17,36580,17,17,488,395,4.22,4.92,0,0,512,384,2.5,0,0,0,0,-1,
1884,Teste 17,36597,17,17,518,362,4.11,4.49,0,0,512,384,1.4,0,0,0,0,-1,
1885,Teste 17,36614,17,17,520,359,4.11,4.49,0,0,512,384,1.4,0,0,0,0,-1,
1886,Teste 17,36630,17,17,515,369,4.15,4.48,0,0,512,384,2.5,0,0,0,0,-1,
1887,Teste 17,36647,17,17,494,389,4.2,4.43,0,0,512,384,2.5,0,0,0,0,-1,
1888,Teste 17,36664,17,17,527,390,4.24,4.46,0,0,512,384,2.5,0,0,0,0,-1,
1889,Teste 17,36680,17,17,495,399,4.25,4.52,0,0,512,384,2.5,0,0,0,0,-1,
1890,Teste 17,36697,17,17,508,382,4.22,4.43,0,0,512,384,2.5,0,0,0,0,-1,
1891,Teste 17,36714,17,17,485,349,4.12,4.62,0,0,512,384,1.4,0,0,0,0,-1,
1892,Teste 17,36730,17,17,512,325,4.14,4.44,0,0,512,384,1.4,0,0,0,0,-1,
1893,Teste 17,36747,17,17,497,344,4.14,4.36,0,0,512,384,1.4,0,0,0,0,-1,
1894,Teste 17,36763,17,17,483,363,4.2,4.38,0,0,512,384,2005-04-02 00:00:00,0,0,0,0,-1,
1895,Teste 17,36780,17,17,510,369,4.24,4.41,0,0,512,384,2.5,0,0,0,0,-1,
1896,Teste 17,36797,17,17,516,350,4.11,4.35,0,0,512,384,1.4,0,0,0,0,-1,
1897,Teste 17,36813,17,17,489,366,4.11,4.35,0,0,512,384,2.5,0,0,0,0,-1,
1898,Teste 17,36830,17,17,513,356,4.11,4.35,0,0,512,384,1.4,0,0,0,0,-1,
1899,Teste 17,36847,17,17,510,363,4.15,4.46,0,0,512,384,2005-04-02 00:00:00,0,0,0,0,-1,
1900,Teste 17,36863,17,17,513,355,4.09,4.44,0,0,512,384,1.4,0,0,0,0,-1,
1901,Teste 17,36880,17,17,513,376,4.14,4.59,0,0,512,384,2.5,0,0,0,0,-1,
1902,Teste 17,36897,17,17,509,368,4.17,4.33,0,0,512,384,2.5,0,0,0,0,-1,
1903,Teste 17,36913,17,17,514,370,4.14,4.33,0,0,512,384,2.5,0,0,0,0,-1,
1904,Teste 17,36930,17,17,488,388,4.2,4.38,0,0,512,384,2.5,0,0,0,0,-1,
1905,Teste 17,36946,17,17,498,380,4.14,4.44,0,0,512,384,2.5,0,0,0,0,-1,
1906,Teste 17,36963,17,17,515,373,4.14,4.41,0,0,512,384,2.5,0,0,0,0,-1,
1907,Teste 17,36980,17,17,500,368,4.12,4.41,0,0,512,384,2.5,0,0,0,0,-1,
1908,Teste 17,36996,17,17,525,413,4.17,4.35,0,0,512,384,2.5,0,0,0,0,-1,
1909,Teste 17,37013,17,17,520,439,4.15,4.33,0,0,512,384,3.6,0,0,0,0,-1,
1910,Teste 17,37030,17,17,521,433,4.19,4.38,0,0,512,384,3.6,0,0,0,0,-1,
1911,Teste 17,37046,17,17,528,429,4.14,4.33,0,0,512,384,3.6,0,0,0,0,-1,
1912,Teste 17,37063,17,17,505,441,4.14,4.35,0,0,512,384,3.6,0,0,0,0,-1,
1913,Teste 17,37080,17,17,526,442,4.2,4.44,0,0,512,384,3.6,0,0,0,0,-1,
1914,Teste 17,37096,17,17,531,462,4.2,4.36,0,0,512,384,3.6,0,0,0,0,-1,
1915,Teste 17,37113,17,17,516,500,4.33,4.4,0,0,512,384,3.6,0,0,0,0,-1,
1916,Teste 17,37129,17,17,522,479,4.19,0.0,0,0,512,384,3.6,0,0,0,0,-1,
1917,Teste 17,37146,17,17,507,476,0.0,4.36,0,0,512,384,3.6,0,0,0,0,-1,
1918,Teste 17,37163,17,17,510,482,0.0,4.33,0,0,512,384,3.6,0,0,0,0,-1,
1919,Teste 17,37179,17,17,514,487,0.0,4.32,0,0,512,384,3.6,0,0,0,0,-1,
1920,Teste 17,37196,17,17,511,502,0.0,4.35,0,0,512,384,3.6,0,0,0,0,-1,
1921,Teste 17,37213,17,17,509,464,0.0,4.33,0,0,512,384,3.6,0,0,0,0,-1,
1922,Teste 17,37229,17,17,514,498,0.0,4.36,0,0,512,384,3.6,0,0,0,0,-1,
1923,Teste 17,37246,17,17,510,490,0.0,4.36,0,0,512,384,3.6,0,0,0,0,-1,
1924,Teste 17,37263,17,17,510,554,0.0,4.62,0,0,512,384,3,0,0,0,0,-1,
1925,Teste 17,37279,17,17,510,517,0.0,4.48,0,0,512,384,3,0,0,0,0,-1,
1926,Teste 17,37296,17,17,515,493,0.0,4.36,0,0,512,384,3.6,0,0,0,0,-1,
1927,Teste 17,37312,17,17,514,487,0.0,4.32,0,0,512,384,3.6,0,0,0,0,-1,
1928,Teste 17,37346,33,33,502,518,0.0,4.33,0,0,512,384,3,0,0,0,0,-1,
1929,Teste 17,37379,33,33,509,499,0.0,4.3,0,0,512,384,3.6,0,0,0,0,-1,
1930,Teste 17,37429,50,50,501,483,0.0,4.27,0,0,512,384,3.6,0,0,0,0,-1,
1931,Teste 17,37445,17,17,497,499,0.0,4.27,0,0,512,384,3.6,0,0,0,0,-1,
1932,Teste 17,37462,17,17,506,499,0.0,4.33,0,0,512,384,3.6,0,0,0,0,-1,
1933,Teste 17,39042,1580,1580,1862,537,0.0,-1.0,0,0,512,384,-,0,0,0,0,-1,
1934,Teste 17,39076,33,33,1891,589,0.0,-1.0,0,0,512,384,-,0,0,0,0,-1,
1935,Teste 17,41837,2761,2761,1095,913,0.0,-1.0,0,0,512,384,-,0,0,0,0,-1,
1936,Teste 17,41854,17,17,1121,871,0.0,-1.0,0,0,512,384,-,0,0,0,0,-1,
1937,Teste 17,41870,17,17,1729,804,0.0,-1.0,0,0,512,384,-,0,0,0,0,-1,
1938,Teste 17,41954,83,83,349,291,0.0,-1.0,0,0,512,384,1,0,0,0,0,-1,
1939,Teste 17,41970,17,17,1641,528,0.0,2.23,0,0,512,384,-,0,0,0,0,-1,
1940,Teste 17,41987,17,17,1025,806,0.0,2.26,0,0,512,384,-,0,0,0,0,-1,
1941,Teste 17,42003,17,17,526,743,0.0,-1.0,0,0,512,384,3,0,0,0,0,-1,
1942,Teste 17,42053,50,50,1209,813,0.0,2.36,0,0,512,384,-,0,0,0,0,-1,
1943,Teste 17,42087,33,33,1903,704,0.0,2.15,0,0,512,384,-,0,0,0,0,-1,
1944,Teste 17,42186,100,100,1628,772,0.0,-1.0,0,0,512,384,-,0,0,0,0,-1,
1945,Teste 17,42203,17,17,262,376,0.0,-1.0,0,0,512,384,2,0,0,0,0,-1,
1946,Teste 17,42286,83,83,970,1038,0.0,-1.0,0,0,512,384,-,0,0,0,0,-1,
1947,Teste 17,42386,100,100,276,270,0.0,-1.0,0,0,512,384,1,0,0,0,0,-1,
1948,Teste 17,42453,67,67,362,605,0.0,-1.0,0,0,512,384,3,0,0,0,0,-1,
1949,Teste 17,42519,67,67,330,57,0.0,-1.0,0,0,512,384,1,0,0,0,0,-1,
1950,Teste 17,42586,67,67,305,374,-1.0,0.0,0,0,512,384,2,0,0,0,0,-1,
1951,Teste 17,42619,33,33,822,613,0.0,-1.0,0,0,512,384,3,0,0,0,0,-1,
1952,Teste 17,42636,17,17,726,156,0.0,-1.0,0,0,512,384,1,0,0,0,0,-1,
1953,Teste 17,42702,67,67,488,320,0.0,-1.0,0,0,512,384,1.4,0,0,0,0,-1,
1954,Teste 17,42719,17,17,535,587,0.0,-1.0,0,0,512,384,3,0,0,0,0,-1,
1955,Teste 17,42752,33,33,65,249,-1.0,0.0,0,0,512,384,1,0,0,0,0,-1,
1956,Teste 17,42835,83,83,425,612,0.0,-1.0,0,0,512,384,3,0,0,0,0,-1,
1957,Teste 17,42968,133,133,867,468,0.0,-1.0,0,0,512,384,3,0,0,0,0,-1,
1958,Teste 17,43018,50,50,45,173,-1.0,0.0,0,0,512,384,1,0,0,0,0,-1,
1959,Teste 17,43052,33,33,617,350,0.0,-1.0,0,0,512,384,1.4,0,0,0,0,-1,
1960,Teste 17,43068,17,17,285,361,0.0,-1.0,0,0,512,384,1,0,0,0,0,-1,
1961,Teste 17,43185,116,116,744,630,0.0,-1.0,0,0,512,384,3,0,0,0,0,-1,
1962,Teste 17,43201,17,17,10,228,-1.0,-1.0,0,0,512,384,1,0,0,0,0,-1,
1963,Teste 17,43234,33,33,639,244,0.0,-1.0,0,0,512,384,1,0,0,0,0,-1,
1964,Teste 17,43251,17,17,308,416,0.0,-1.0,0,0,512,384,2,0,0,0,0,-1,
1965,Teste 17,43284,33,33,19,254,-1.0,0.0,0,0,512,384,1,0,0,0,0,-1,
1966,Teste 17,43318,33,33,539,603,0.0,-1.0,0,0,512,384,3,0,0,0,0,-1,
1967,Teste 17,43551,233,233,25,310,1.65,-1.0,0,0,512,384,1,0,0,0,0,-1,
1968,Teste 17,43567,17,17,0,370,-1.0,-1.0,0,0,512,384,2,0,0,0,0,-1,
1969,Teste 17,43966,399,399,331,482,0.0,-1.0,0,0,512,384,3,0,0,0,0,-1,
1970,Teste 17,44000,33,33,1388,629,0.0,-1.0,0,0,512,384,-,0,0,0,0,-1,
1971,Teste 17,44050,50,50,719,504,0.0,-1.0,0,0,512,384,3,0,0,0,0,-1,
1972,Teste 17,44066,17,17,286,600,-1.0,0.0,0,0,512,384,3,0,0,0,0,-1,
1973,Teste 17,44199,133,133,741,219,0.0,-1.0,0,0,512,384,1,0,0,0,0,-1,
1974,Teste 17,44316,116,116,403,428,0.0,-1.0,0,0,512,384,3,0,0,0,0,-1,
1975,Teste 17,44449,133,133,1397,292,0.0,-1.0,0,0,512,384,-,0,0,0,0,-1,
1976,Teste 17,44499,50,50,1405,305,0.0,-1.0,0,0,512,384,-,0,0,0,0,-1,
1977,Teste 17,44648,150,150,84,347,-1.0,0.0,0,0,512,384,1,0,0,0,0,-1,
1978,Teste 17,44665,17,17,586,820,0.0,-1.0,0,0,512,384,-,0,0,0,0,-1,
1979,Teste 17,44715,50,50,654,918,0.0,-1.0,0,0,512,384,-,0,0,0,0,-1,
1980,Teste 17,44748,33,33,436,727,0.0,-1.0,0,0,512,384,3,0,0,0,0,-1,
1981,Teste 17,44948,200,200,406,100,0.0,-1.0,0,0,512,384,1,0,0,0,0,-1,
1982,Teste 17,46013,1065,1065,712,758,0.0,-1.0,0,0,512,384,3,0,0,0,0,-1,
1983,Teste 17,46146,133,133,124,547,1.27,0.0,0,0,512,384,3,0,0,0,0,-1,
1984,Teste 17,46944,798,798,260,556,0.0,-1.0,0,0,512,384,3,0,0,0,0,-1,
1985,Teste 17,47011,67,67,700,159,0.0,-1.0,0,0,512,384,1,0,0,0,0,-1,
1986,Teste 17,47576,566,566,449,455,0.0,-1.0,0,0,512,384,3.6,0,0,0,0,-1,
1987,Teste 17,47842,266,266,715,286,0.0,-1.0,0,0,512,384,1,0,0,0,0,-1,
1988,Teste 17,47909,67,67,450,728,0.0,-1.0,0,0,512,384,3,0,0,0,0,-1,
1989,Teste 17,48009,100,100,222,717,-1.0,0.0,0,0,512,384,3,0,0,0,0,-1,
1990,Teste 17,48075,67,67,841,682,0.0,-1.0,0,0,512,384,3,0,0,0,0,-1,
1991,Teste 17,48158,83,83,1339,825,0.0,-1.0,0,0,512,384,-,0,0,0,0,-1,
1992,Teste 17,48225,67,67,1196,660,0.0,-1.0,0,0,512,384,-,0,0,0,0,-1,
1993,Teste 17,48358,133,133,1099,950,0.0,-1.0,0,0,512,384,-,0,0,0,0,-1,
1994,Teste 17,48491,133,133,770,778,0.0,-1.0,0,0,512,384,-,0,0,0,0,-1,
1995,Teste 17,48641,150,150,857,856,0.0,-1.0,0,0,512,384,-,0,0,0,0,-1,
1996,Teste 17,48691,50,50,1119,258,0.0,-1.0,0,0,512,384,-,0,0,0,0,-1,
1997,Teste 17,48724,33,33,1110,861,0.0,-1.0,0,0,512,384,-,0,0,0,0,-1,
1998,Teste 17,48874,150,150,1869,246,0.0,-1.0,0,0,512,384,-,0,0,0,0,-1,
1999,Teste 17,48907,33,33,1039,407,0.0,4.41,0,0,512,384,-,0,0,0,0,-1,
2000,Teste 17,48957,50,50,1461,681,0.0,-1.0,0,0,512,384,-,0,0,0,0,-1,
2001,Teste 17,48974,17,17,1446,819,0.0,-1.0,0,0,512,384,-,0,0,0,0,-1,
2002,Teste 17,49123,150,150,1415,849,0.0,4.27,0,0,512,384,-,0,0,0,0,-1,
2003,Teste 17,49140,17,17,1076,776,0.0,-1.0,0,0,512,384,-,0,0,0,0,-1,
2004,Teste 17,49157,17,17,1090,963,0.0,-1.0,0,0,512,384,-,0,0,0,0,-1,
2005,Teste 17,49173,17,17,912,134,0.0,-1.0,0,0,512,384,1,0,0,0,0,-1,
2006,Teste 17,49240,67,67,1179,873,0.0,-1.0,0,0,512,384,-,0,0,0,0,-1,
2007,Teste 17,49306,67,67,1378,823,0.0,-1.0,0,0,512,384,-,0,0,0,0,-1,
2008,Teste 17,49340,33,33,1145,407,0.0,-1.0,0,0,512,384,-,0,0,0,0,-1,
2009,Teste 17,49373,33,33,1469,709,0.0,-1.0,0,0,512,384,-,0,0,0,0,-1,
2010,Teste 17,49406,33,33,1418,777,0.0,-1.0,0,0,512,384,-,0,0,0,0,-1,
2011,Teste 17,49456,50,50,967,1014,0.0,-1.0,0,0,512,384,-,0,0,0,0,-1,
2012,Teste 17,49473,17,17,981,949,0.0,-1.0,0,0,512,384,-,0,0,0,0,-1,
2013,Teste 17,49489,17,17,1322,865,0.0,-1.0,0,0,512,384,-,0,0,0,0,-1,
2014,Teste 17,49506,17,17,946,774,0.0,-1.0,0,0,512,384,-,0,0,0,0,-1,
2015,Teste 17,49572,67,67,1871,781,0.0,-1.0,0,0,512,384,-,0,0,0,0,-1,
2016,Teste 17,49589,17,17,1570,830,0.0,-1.0,0,0,512,384,-,0,0,0,0,-1,
2017,Teste 17,49606,17,17,856,117,0.0,-1.0,0,0,512,384,1,0,0,0,0,-1,
2018,Teste 17,49656,50,50,1900,780,0.0,-1.0,0,0,512,384,-,0,0,0,0,-1,
2019,Teste 17,49689,33,33,1346,852,0.0,-1.0,0,0,512,384,-,0,0,0,0,-1,
2020,Teste 17,49739,50,50,723,709,0.0,-1.0,0,0,512,384,3,0,0,0,0,-1,
2021,Teste 17,49889,150,150,12,420,-1.0,0.0,0,0,512,384,3,0,0,0,0,-1,
2022,Teste 17,49905,17,17,393,613,0.0,-1.0,0,0,512,384,3,0,0,0,0,-1,
2023,Teste 17,50005,100,100,150,52,0.0,-1.0,0,0,512,384,1,0,0,0,0,-1,
2024,Teste 17,50421,416,416,459,490,0.0,-1.0,0,0,512,384,3.6,0,0,0,0,-1,
2025,Teste 17,50454,33,33,502,459,0.0,-1.0,0,0,512,384,3.6,0,0,0,0,-1,
2026,Teste 17,50670,216,216,468,446,0.0,-1.0,0,0,512,384,3.6,0,0,0,0,-1,
2027,Teste 17,51036,366,366,475,561,0.0,-1.0,0,0,512,384,3,0,0,0,0,-1,
2028,Teste 17,51402,366,366,871,324,0.0,-1.0,0,0,512,384,1,0,0,0,0,-1,
2029,Teste 17,51469,67,67,1506,802,0.0,4.68,0,0,512,384,-,0,0,0,0,-1,
2030,Teste 17,51552,83,83,395,122,0.0,-1.0,0,0,512,384,1,0,0,0,0,-1,
2031,Teste 17,51585,33,33,1349,869,0.0,4.4,0,0,512,384,-,0,0,0,0,-1,
2032,Teste 17,51652,67,67,1071,248,0.0,4.6,0,0,512,384,-,0,0,0,0,-1,
2033,Teste 17,51702,50,50,623,189,0.0,4.54,0,0,512,384,1,0,0,0,0,-1,
2034,Teste 17,51718,17,17,1059,407,0.0,-1.0,0,0,512,384,-,0,0,0,0,-1,
2035,Teste 17,51752,33,33,1613,818,0.0,-1.0,0,0,512,384,-,0,0,0,0,-1,
2036,Teste 17,51768,17,17,664,111,0.0,4.54,0,0,512,384,1,0,0,0,0,-1,
2037,Teste 17,51835,67,67,688,312,0.0,-1.0,0,0,512,384,1,0,0,0,0,-1,
2038,Teste 17,51985,150,150,885,416,0.0,-1.0,0,0,512,384,2,0,0,0,0,-1,
2039,Teste 17,52084,100,100,872,273,0.0,-1.0,0,0,512,384,1,0,0,0,0,-1,
2040,Teste 17,52134,50,50,479,529,-1.0,0.0,0,0,512,384,3,0,0,0,0,-1,
2041,Teste 17,52201,67,67,828,772,0.0,-1.0,0,0,512,384,-,0,0,0,0,-1,
2042,Teste 17,52267,67,67,1088,953,0.0,-1.0,0,0,512,384,-,0,0,0,0,-1,
2043,Teste 17,52301,33,33,432,635,-1.0,1.12,0,0,512,384,3,0,0,0,0,-1,
2044,Teste 17,52317,17,17,927,1079,0.0,1.03,0,0,512,384,-,0,0,0,0,-1,
2045,Teste 17,52434,116,116,972,67,0.0,-1.0,0,0,512,384,1,0,0,0,0,-1,
2046,Teste 17,52500,67,67,622,305,0.0,5.34,0,0,512,384,1.4,0,0,0,0,-1,
2047,Teste 17,52550,50,50,1065,122,0.0,4.6,0,0,512,384,-,0,0,0,0,-1,
2048,Teste 17,52567,17,17,717,197,0.0,4.56,0,0,512,384,1,0,0,0,0,-1,
2049,Teste 17,52667,100,100,750,557,0.0,-1.0,0,0,512,384,3,0,0,0,0,-1,
2050,Teste 17,52733,67,67,1487,777,0.0,-1.0,0,0,512,384,-,0,0,0,0,-1,
2051,Teste 17,52750,17,17,690,658,0.0,-1.0,0,0,512,384,3,0,0,0,0,-1,
2052,Teste 17,52800,50,50,1146,743,0.0,-1.0,0,0,512,384,-,0,0,0,0,-1,
2053,Teste 17,52833,33,33,693,572,0.0,-1.0,0,0,512,384,3,0,0,0,0,-1,
2054,Teste 17,52916,83,83,614,635,0.0,-1.0,0,0,512,384,3,0,0,0,0,-1,
2055,Teste 17,52933,17,17,1024,510,0.0,-1.0,0,0,512,384,-,0,0,0,0,-1,
2056,Teste 17,53066,133,133,600,51,0.0,-1.0,0,0,512,384,1,0,0,0,0,-1,
2057,Teste 17,53082,17,17,1662,367,0.0,-1.0,0,0,512,384,-,0,0,0,0,-1,
2058,Teste 17,53116,33,33,1362,715,0.0,-1.0,0,0,512,384,-,0,0,0,0,-1,
2059,Teste 17,53132,17,17,524,585,-1.0,-1.0,0,0,512,384,3,0,0,0,0,-1,
2060,Teste 17,53182,50,50,711,615,0.0,-1.0,0,0,512,384,3,0,0,0,0,-1,
2061,Teste 17,53299,116,116,691,634,0.0,0.545,0,0,512,384,3,0,0,0,0,-1,
2062,Teste 17,53315,17,17,394,26,0.0,-1.0,0,0,512,384,1,0,0,0,0,-1,
2063,Teste 17,53548,233,233,670,618,0.0,-1.0,0,0,512,384,3,0,0,0,0,-1,
2064,Teste 17,53748,200,200,1361,719,0.0,-1.0,0,0,512,384,-,0,0,0,0,-1,
2065,Teste 17,53947,200,200,321,457,0.0,-1.0,0,0,512,384,3,0,0,0,0,-1,
2066,Teste 17,54097,150,150,23,347,-1.0,0.0,0,0,512,384,1,0,0,0,0,-1,
2067,Teste 17,54363,266,266,900,551,0.0,-1.0,0,0,512,384,3,0,0,0,0,-1,
2068,Teste 17,54397,33,33,207,197,1.09,-1.0,0,0,512,384,1,0,0,0,0,-1,
2069,Teste 17,54447,50,50,517,666,0.0,-1.0,0,0,512,384,3,0,0,0,0,-1,
2070,Teste 17,54546,100,100,656,734,0.0,-1.0,0,0,512,384,3,0,0,0,0,-1,
2071,Teste 17,54663,116,116,284,57,0.0,-1.0,0,0,512,384,1,0,0,0,0,-1,
2072,Teste 17,54846,183,183,873,807,0.0,-1.0,0,0,512,384,-,0,0,0,0,-1,
2073,Teste 17,54862,17,17,1041,716,0.0,-1.0,0,0,512,384,-,0,0,0,0,-1,
2074,Teste 17,54896,33,33,803,398,0.0,-1.0,0,0,512,384,2,0,0,0,0,-1,
2075,Teste 17,54912,17,17,772,673,0.0,-1.0,0,0,512,384,3,0,0,0,0,-1,
2076,Teste 17,54929,17,17,1034,966,0.0,-1.0,0,0,512,384,-,0,0,0,0,-1,
2077,Teste 17,54946,17,17,1690,816,0.0,-1.0,0,0,512,384,-,0,0,0,0,-1,
2078,Teste 17,54995,50,50,480,325,0.0,-1.0,0,0,512,384,1.4,0,0,0,0,-1,
2079,Teste 17,55162,166,166,681,696,0.0,-1.0,0,0,512,384,3,0,0,0,0,-1,
2080,Teste 17,55228,67,67,1346,515,0.0,-1.0,0,0,512,384,-,0,0,0,0,-1,
2081,Teste 17,55245,17,17,1202,906,0.0,-1.0,0,0,512,384,-,0,0,0,0,-1,
2082,Teste 17,55478,233,233,952,145,0.0,-1.0,0,0,512,384,1,0,0,0,0,-1,
2083,Teste 17,55744,266,266,1026,489,0.0,-1.0,0,0,512,384,-,0,0,0,0,-1,
2084,Teste 17,55794,50,50,279,614,0.0,-1.0,0,0,512,384,3,0,0,0,0,-1,
2085,Teste 17,55977,183,183,100,419,-1.0,0.0,0,0,512,384,3,0,0,0,0,-1,
2086,Teste 17,55994,17,17,766,281,0.0,-1.0,0,0,512,384,1,0,0,0,0,-1,
2087,Teste 17,56010,17,17,513,395,0.0,-1.0,0,0,512,384,2.5,0,0,0,0,-1,
2088,Teste 17,56043,33,33,602,686,-1.0,0.0,0,0,512,384,3,0,0,0,0,-1,
2089,Teste 17,56110,67,67,1504,820,0.0,-1.0,0,0,512,384,-,0,0,0,0,-1,
2090,Teste 17,56293,183,183,588,334,0.0,4.96,0,0,512,384,1.4,0,0,0,0,-1,
2091,Teste 17,56343,50,50,1403,820,0.0,-1.0,0,0,512,384,-,0,0,0,0,-1,
2092,Teste 17,56459,116,116,674,651,0.0,-1.0,0,0,512,384,3,0,0,0,0,-1,
2093,Teste 17,56493,33,33,1056,667,0.0,-1.0,0,0,512,384,-,0,0,0,0,-1,
2094,Teste 17,56543,50,50,564,172,0.0,-1.0,0,0,512,384,1,0,0,0,0,-1,
2095,Teste 17,56559,17,17,860,357,0.0,-1.0,0,0,512,384,1,0,0,0,0,-1,
2096,Teste 17,56592,33,33,618,513,0.0,-1.0,0,0,512,384,3,0,0,0,0,-1,
2097,Teste 17,56626,33,33,759,549,0.0,-1.0,0,0,512,384,3,0,0,0,0,-1,
2098,Teste 17,56642,17,17,847,88,0.0,-1.0,0,0,512,384,1,0,0,0,0,-1,
2099,Teste 17,56692,50,50,783,593,0.0,-1.0,0,0,512,384,3,0,0,0,0,-1,
2100,Teste 17,56709,17,17,1156,467,0.0,-1.0,0,0,512,384,-,0,0,0,0,-1,
2101,Teste 17,56726,17,17,891,185,0.0,-1.0,0,0,512,384,1,0,0,0,0,-1,
2102,Teste 17,56742,17,17,903,89,0.0,-1.0,0,0,512,384,1,0,0,0,0,-1,
2103,Teste 17,56759,17,17,361,608,0.0,-1.0,0,0,512,384,3,0,0,0,0,-1,
2104,Teste 17,56775,17,17,882,248,0.0,-1.0,0,0,512,384,1,0,0,0,0,-1,
2105,Teste 17,56809,33,33,1119,97,0.0,-1.0,0,0,512,384,-,0,0,0,0,-1,
2106,Teste 17,56842,33,33,855,452,0.0,-1.0,0,0,512,384,3,0,0,0,0,-1,
2107,Teste 17,56859,17,17,943,345,0.0,-1.0,0,0,512,384,1,0,0,0,0,-1,
2108,Teste 17,56892,33,33,542,450,0.0,-1.0,0,0,512,384,3.6,0,0,0,0,-1,
2109,Teste 17,56925,33,33,585,467,0.0,-1.0,0,0,512,384,3.6,0,0,0,0,-1,
2110,Teste 17,56958,33,33,1110,893,0.0,-1.0,0,0,512,384,-,0,0,0,0,-1,
2111,Teste 17,56975,17,17,635,414,0.0,-1.0,0,0,512,384,2,0,0,0,0,-1,
2112,Teste 17,57058,83,83,945,556,0.0,-1.0,0,0,512,384,3,0,0,0,0,-1,
2113,Teste 17,57075,17,17,562,767,0.0,-1.0,0,0,512,384,3,0,0,0,0,-1,
2114,Teste 17,57108,33,33,948,562,0.0,-1.0,0,0,512,384,3,0,0,0,0,-1,
2115,Teste 17,57125,17,17,1086,926,0.0,-1.0,0,0,512,384,-,0,0,0,0,-1,
2116,Teste 17,57158,33,33,845,664,0.0,-1.0,0,0,512,384,3,0,0,0,0,-1,
2117,Teste 17,57274,116,116,804,518,0.0,-1.0,0,0,512,384,3,0,0,0,0,-1,
2118,Teste 17,57341,67,67,955,577,0.0,-1.0,0,0,512,384,3,0,0,0,0,-1,
2119,Teste 17,57358,17,17,795,381,0.0,2.04,0,0,512,384,2,0,0,0,0,-1,
2120,Teste 17,57391,33,33,1103,487,0.0,-1.0,0,0,512,384,-,0,0,0,0,-1,
2121,Teste 17,57441,50,50,884,615,0.0,4.62,0,0,512,384,3,0,0,0,0,-1,
2122,Teste 17,57624,183,183,671,20,0.0,-1.0,0,0,512,384,1,0,0,0,0,-1,
2123,Teste 17,57724,100,100,802,176,0.0,1.72,0,0,512,384,1,0,0,0,0,-1,
2124,Teste 17,57790,67,67,650,550,0.0,-1.0,0,0,512,384,3,0,0,0,0,-1,
2125,Teste 17,57890,100,100,543,748,0.0,1.38,0,0,512,384,3,0,0,0,0,-1,
2126,Teste 17,57923,33,33,892,613,0.0,-1.0,0,0,512,384,3,0,0,0,0,-1,
2127,Teste 17,57973,50,50,697,274,0.0,-1.0,0,0,512,384,1,0,0,0,0,-1,
2128,Teste 17,57990,17,17,854,631,0.0,-1.0,0,0,512,384,3,0,0,0,0,-1,
2129,Teste 17,58023,33,33,845,663,0.0,-1.0,0,0,512,384,3,0,0,0,0,-1,
2130,Teste 17,58090,67,67,1278,324,0.0,-1.0,0,0,512,384,-,0,0,0,0,-1,
2131,Teste 17,58106,17,17,907,581,0.0,-1.0,0,0,512,384,3,0,0,0,0,-1,
2132,Teste 17,58123,17,17,965,220,0.0,-1.0,0,0,512,384,1,0,0,0,0,-1,
2133,Teste 17,58139,17,17,876,164,0.0,-1.0,0,0,512,384,1,0,0,0,0,-1,
2134,Teste 17,58239,100,100,875,687,0.0,-1.0,0,0,512,384,3,0,0,0,0,-1,
2135,Teste 17,58289,50,50,1164,162,0.0,-1.0,0,0,512,384,-,0,0,0,0,-1,
2136,Teste 17,58306,17,17,574,317,0.0,-1.0,0,0,512,384,1.4,0,0,0,0,-1,
2137,Teste 17,58422,116,116,931,563,0.0,-1.0,0,0,512,384,3,0,0,0,0,-1,
2138,Teste 17,58505,83,83,747,626,0.0,-1.0,0,0,512,384,3,0,0,0,0,-1,
2139,Teste 17,58572,67,67,884,593,0.0,-1.0,0,0,512,384,3,0,0,0,0,-1,
2140,Teste 17,58589,17,17,572,504,0.0,-1.0,0,0,512,384,3.6,0,0,0,0,-1,
2141,Teste 17,58738,150,150,872,659,0.0,-1.0,0,0,512,384,3,0,0,0,0,-1,
2142,Teste 17,58755,17,17,663,626,0.0,-1.0,0,0,512,384,3,0,0,0,0,-1,
2143,Teste 17,58838,83,83,882,625,0.0,-1.0,0,0,512,384,3,0,0,0,0,-1,
2144,Teste 17,59005,166,166,734,619,0.0,-1.0,0,0,512,384,3,0,0,0,0,-1,
2145,Teste 17,59088,83,83,1076,519,0.0,-1.0,0,0,512,384,-,0,0,0,0,-1,
2146,Teste 17,59204,116,116,847,669,0.0,-1.0,0,0,512,384,3,0,0,0,0,-1,
2147,Teste 17,59321,116,116,1009,449,0.0,-1.0,0,0,512,384,3,0,0,0,0,-1,
2148,Teste 17,59504,183,183,910,336,0.0,-1.0,0,0,512,384,1,0,0,0,0,-1,
2149,Teste 17,59637,133,133,129,120,-1.0,0.0,0,0,512,384,1,0,0,0,0,-1,
2150,Teste 17,59720,83,83,893,549,0.0,-1.0,0,0,512,384,3,0,0,0,0,-1,
2151,Teste 17,59770,50,50,1865,673,0.0,-1.0,0,0,512,384,-,0,0,0,0,-1,
2152,Teste 17,59803,33,33,513,493,0.0,-1.0,0,0,512,384,3.6,0,0,0,0,-1,
2153,Teste 17,59870,67,67,179,411,-1.0,-1.0,0,0,512,384,2,0,0,0,0,-1,
2154,Teste 17,59886,17,17,862,190,0.0,-1.0,0,0,512,384,1,0,0,0,0,-1,
2155,Teste 17,59903,17,17,903,287,0.0,-1.0,0,0,512,384,1,0,0,0,0,-1,
2156,Teste 17,59953,50,50,910,117,0.0,-1.0,0,0,512,384,1,0,0,0,0,-1,
2157,Teste 17,59969,17,17,818,269,0.0,-1.0,0,0,512,384,1,0,0,0,0,-1,
2158,Teste 17,59986,17,17,825,241,0.0,-1.0,0,0,512,384,1,0,0,0,0,-1,
2159,Teste 17,60003,17,17,640,659,0.0,-1.0,0,0,512,384,3,0,0,0,0,-1,
2160,Teste 17,60053,50,50,1142,329,0.0,-1.0,0,0,512,384,-,0,0,0,0,-1,
2161,Teste 17,60119,67,67,865,440,0.0,-1.0,0,0,512,384,3,0,0,0,0,-1,
2162,Teste 17,60169,50,50,1430,560,0.0,5.63,0,0,512,384,-,0,0,0,0,-1,
2163,Teste 17,60219,50,50,983,477,0.0,5.69,0,0,512,384,3,0,0,0,0,-1,
2164,Teste 17,60252,33,33,850,336,0.0,-1.0,0,0,512,384,1,0,0,0,0,-1,
2165,Teste 17,60352,100,100,930,84,0.0,-1.0,0,0,512,384,1,0,0,0,0,-1,
2166,Teste 17,60369,17,17,372,397,0.0,-1.0,0,0,512,384,2,0,0,0,0,-1,
2167,Teste 17,60468,100,100,468,246,0.0,-1.0,0,0,512,384,1,0,0,0,0,-1,
2168,Teste 17,60502,33,33,578,787,0.0,-1.0,0,0,512,384,-,0,0,0,0,-1,
2169,Teste 17,60518,17,17,723,387,0.0,-1.0,0,0,512,384,2,0,0,0,0,-1,
2170,Teste 17,60535,17,17,1123,293,0.0,-1.0,0,0,512,384,-,0,0,0,0,-1,
2171,Teste 17,60618,83,83,664,147,0.0,-1.0,0,0,512,384,1,0,0,0,0,-1,
2172,Teste 17,60701,83,83,734,328,0.0,2.33,0,0,512,384,1,0,0,0,0,-1,
2173,Teste 17,60735,33,33,901,679,0.0,-1.0,0,0,512,384,3,0,0,0,0,-1,
2174,Teste 17,60784,50,50,908,298,0.0,-1.0,0,0,512,384,1,0,0,0,0,-1,
2175,Teste 17,60801,17,17,896,204,0.0,-1.0,0,0,512,384,1,0,0,0,0,-1,
2176,Teste 17,60951,150,150,718,522,0.0,-1.0,0,0,512,384,3,0,0,0,0,-1,
2177,Teste 17,60967,17,17,787,434,0.0,-1.0,0,0,512,384,3,0,0,0,0,-1,
2178,Teste 17,60984,17,17,877,87,0.0,-1.0,0,0,512,384,1,0,0,0,0,-1,
2179,Teste 17,61084,100,100,258,340,0.0,-1.0,0,0,512,384,1,0,0,0,0,-1,
2180,Teste 17,61167,83,83,929,25,0.0,-1.0,0,0,512,384,1,0,0,0,0,-1,
2181,Teste 17,61284,116,116,764,617,0.0,-1.0,0,0,512,384,3,0,0,0,0,-1,
2182,Teste 17,61300,17,17,904,104,0.0,-1.0,0,0,512,384,1,0,0,0,0,-1,
2183,Teste 17,61317,17,17,1189,625,0.0,-1.0,0,0,512,384,-,0,0,0,0,-1,
2184,Teste 17,61333,17,17,760,236,0.0,-1.0,0,0,512,384,1,0,0,0,0,-1,
2185,Teste 17,61350,17,17,858,207,0.0,-1.0,0,0,512,384,1,0,0,0,0,-1,
2186,Teste 17,61367,17,17,362,437,0.0,-1.0,0,0,512,384,3,0,0,0,0,-1,
2187,Teste 17,61383,17,17,866,76,0.0,-1.0,0,0,512,384,1,0,0,0,0,-1,
2188,Teste 17,61400,17,17,712,504,0.0,-1.0,0,0,512,384,3,0,0,0,0,-1,
2189,Teste 17,61417,17,17,925,646,0.0,-1.0,0,0,512,384,3,0,0,0,0,-1,
2190,Teste 17,61433,17,17,1645,740,0.0,-1.0,0,0,512,384,-,0,0,0,0,-1,
2191,Teste 17,61483,50,50,699,883,0.0,-1.0,0,0,512,384,-,0,0,0,0,-1,
2192,Teste 17,61533,50,50,767,1058,0.0,-1.0,0,0,512,384,-,0,0,0,0,-1,
2193,Teste 17,61633,100,100,711,518,0.0,-1.0,0,0,512,384,3,0,0,0,0,-1,
2194,Teste 17,61783,150,150,881,671,0.0,-1.0,0,0,512,384,3,0,0,0,0,-1,
2195,Teste 17,62015,233,233,933,966,0.0,-1.0,0,0,512,384,-,0,0,0,0,-1,
2196,Teste 17,62132,116,116,1291,537,0.0,-1.0,0,0,512,384,-,0,0,0,0,-1,
2197,Teste 17,62149,17,17,1241,741,0.0,-1.0,0,0,512,384,-,0,0,0,0,-1,
2198,Teste 17,62232,83,83,1267,874,0.0,-1.0,0,0,512,384,-,0,0,0,0,-1,
2199,Teste 17,62315,83,83,1058,429,0.0,6.08,0,0,512,384,-,0,0,0,0,-1,
2200,Teste 17,62332,17,17,1215,253,0.0,-1.0,0,0,512,384,-,0,0,0,0,-1,
2201,Teste 17,62398,67,67,845,649,0.0,-1.0,0,0,512,384,3,0,0,0,0,-1,
2202,Teste 17,62465,67,67,291,519,-1.0,-1.0,0,0,512,384,3,0,0,0,0,-1,
2203,Teste 17,62498,33,33,1381,528,0.0,5.52,0,0,512,384,-,0,0,0,0,-1,
2204,Teste 17,62531,33,33,159,260,-1.0,-1.0,0,0,512,384,1,0,0,0,0,-1,
2205,Teste 17,62598,67,67,1204,883,0.0,-1.0,0,0,512,384,-,0,0,0,0,-1,
2206,Teste 17,62614,17,17,781,343,0.0,-1.0,0,0,512,384,1,0,0,0,0,-1,
2207,Teste 17,62648,33,33,1574,771,0.0,5.02,0,0,512,384,-,0,0,0,0,-1,
2208,Teste 17,62664,17,17,743,812,0.0,-1.0,0,0,512,384,-,0,0,0,0,-1,
2209,Teste 17,62764,100,100,534,766,0.0,-1.0,0,0,512,384,3,0,0,0,0,-1,
2210,Teste 17,62814,50,50,500,694,0.0,-1.0,0,0,512,384,3,0,0,0,0,-1,
2211,Teste 17,63097,283,283,171,476,-1.0,0.0,0,0,512,384,3,0,0,0,0,-1,
2212,Teste 17,63280,183,183,872,376,0.0,-1.0,0,0,512,384,2,0,0,0,0,-1,
2213,Teste 17,63313,33,33,1013,902,0.0,-1.0,0,0,512,384,-,0,0,0,0,-1,
2214,Teste 17,63529,216,216,934,37,0.0,-1.0,0,0,512,384,1,0,0,0,0,-1,
2215,Teste 17,63746,216,216,103,43,-1.0,0.0,0,0,512,384,1,0,0,0,0,-1,
2216,Teste 17,63762,17,17,832,297,0.0,-1.0,0,0,512,384,1,0,0,0,0,-1,
2217,Teste 17,63779,17,17,737,574,0.0,-1.0,0,0,512,384,3,0,0,0,0,-1,
2218,Teste 17,63812,33,33,677,611,0.0,-1.0,0,0,512,384,3,0,0,0,0,-1,
2219,Teste 17,63829,17,17,1103,818,0.0,-1.0,0,0,512,384,-,0,0,0,0,-1,
2220,Teste 17,63845,17,17,515,679,0.0,-1.0,0,0,512,384,3,0,0,0,0,-1,
2221,Teste 17,63862,17,17,158,362,-1.0,-1.0,0,0,512,384,1,0,0,0,0,-1,
2222,Teste 17,64211,349,349,493,681,0.0,-1.0,0,0,512,384,3,0,0,0,0,-1,
2223,Teste 17,64328,116,116,1572,806,0.0,-1.0,0,0,512,384,-,0,0,0,0,-1,
2224,Teste 17,64378,50,50,241,286,-1.0,-1.0,0,0,512,384,1,0,0,0,0,-1,
2225,Teste 17,64461,83,83,872,674,0.0,-1.0,0,0,512,384,3,0,0,0,0,-1,
2226,Teste 17,64544,83,83,788,319,0.0,-1.0,0,0,512,384,1,0,0,0,0,-1,
2227,Teste 17,64561,17,17,632,494,0.0,-1.0,0,0,512,384,3,0,0,0,0,-1,
2228,Teste 17,64677,116,116,489,234,0.0,-1.0,0,0,512,384,1,0,0,0,0,-1,
2229,Teste 17,64694,17,17,493,414,0.0,-1.0,0,0,512,384,2.5,0,0,0,0,-1,
2230,Teste 17,64810,116,116,942,825,0.0,-1.0,0,0,512,384,-,0,0,0,0,-1,
2231,Teste 17,64860,50,50,887,827,0.0,-1.0,0,0,512,384,-,0,0,0,0,-1,
2232,Teste 17,64960,100,100,1418,568,0.0,-1.0,0,0,512,384,-,0,0,0,0,-1,
2233,Teste 17,65026,67,67,510,630,0.0,-1.0,0,0,512,384,3,0,0,0,0,-1,
2234,Teste 17,65126,100,100,622,461,0.0,-1.0,0,0,512,384,3,0,0,0,0,-1,
2235,Teste 17,65176,50,50,509,573,0.0,-1.0,0,0,512,384,3,0,0,0,0,-1,
2236,Teste 17,65259,83,83,930,798,0.0,-1.0,0,0,512,384,-,0,0,0,0,-1,
2237,Teste 17,65442,183,183,475,499,0.0,-1.0,0,0,512,384,3.6,0,0,0,0,-1,
2238,Teste 17,65459,17,17,1032,785,0.0,-1.0,0,0,512,384,-,0,0,0,0,-1,
2239,Teste 17,65476,17,17,489,680,0.0,-1.0,0,0,512,384,3,0,0,0,0,-1,
2240,Teste 17,65492,17,17,844,711,0.0,-1.0,0,0,512,384,3,0,0,0,0,-1,
2241,Teste 17,65559,67,67,984,618,0.0,-1.0,0,0,512,384,3,0,0,0,0,-1,
2242,Teste 17,65642,83,83,868,640,0.0,-1.0,0,0,512,384,3,0,0,0,0,-1,
2243,Teste 17,65725,83,83,1161,852,0.0,-1.0,0,0,512,384,-,0,0,0,0,-1,
2244,Teste 17,65925,200,200,1102,919,0.0,-1.0,0,0,512,384,-,0,0,0,0,-1,
2245,Teste 17,66008,83,83,518,517,0.0,-1.0,0,0,512,384,3,0,0,0,0,-1,
2246,Teste 17,66124,116,116,927,919,0.0,6.18,0,0,512,384,-,0,0,0,0,-1,
2247,Teste 17,66158,33,33,530,638,0.0,-1.0,0,0,512,384,3,0,0,0,0,-1,
2248,Teste 17,66207,50,50,500,169,0.0,-1.0,0,0,512,384,1,0,0,0,0,-1,
2249,Teste 17,66374,166,166,441,388,0.0,-1.0,0,0,512,384,2.5,0,0,0,0,-1,
2250,Teste 17,66407,33,33,1370,215,0.0,-1.0,0,0,512,384,-,0,0,0,0,-1,
2251,Teste 17,66490,83,83,830,291,0.0,-1.0,0,0,512,384,1,0,0,0,0,-1,
2252,Teste 17,66557,67,67,42,65,-1.0,0.0,0,0,512,384,1,0,0,0,0,-1,
2253,Teste 17,66740,183,183,22,417,-1.0,-1.0,0,0,512,384,-,0,0,0,0,-1,
2254,Teste 17,66773,33,33,805,804,0.0,-1.0,0,0,512,384,-,0,0,0,0,-1,
2255,Teste 17,66840,67,67,1714,3,0.0,-1.0,0,0,512,384,-,0,0,0,0,-1,
2256,Teste 17,66873,33,33,753,544,0.0,-1.0,0,0,512,384,3,0,0,0,0,-1,
2257,Teste 17,66906,33,33,1182,343,0.0,-1.0,0,0,512,384,-,0,0,0,0,-1,
2258,Teste 17,66973,67,67,539,546,0.0,-1.0,0,0,512,384,3,0,0,0,0,-1,
2259,Teste 17,66989,17,17,823,279,0.0,-1.0,0,0,512,384,1,0,0,0,0,-1,
2260,Teste 17,67006,17,17,284,453,0.0,-1.0,0,0,512,384,3,0,0,0,0,-1,
2261,Teste 17,67139,133,133,765,427,0.0,-1.0,0,0,512,384,3,0,0,0,0,-1,
2262,Teste 17,67156,17,17,105,224,-1.0,-1.0,0,0,512,384,1,0,0,0,0,-1,
2263,Teste 17,67239,83,83,70,395,-1.0,-1.0,0,0,512,384,2,0,0,0,0,-1,
2264,Teste 17,67272,33,33,886,162,0.0,-1.0,0,0,512,384,1,0,0,0,0,-1,
2265,Teste 17,67339,67,67,930,112,0.0,-1.0,0,0,512,384,1,0,0,0,0,-1,
2266,Teste 17,67405,67,67,1355,712,0.0,-1.0,0,0,512,384,-,0,0,0,0,-1,
2267,Teste 17,67488,83,83,824,379,0.0,-1.0,0,0,512,384,2,0,0,0,0,-1,
2268,Teste 17,67505,17,17,715,488,0.0,-1.0,0,0,512,384,3,0,0,0,0,-1,
2269,Teste 17,67572,67,67,670,363,0.0,-1.0,0,0,512,384,2,0,0,0,0,-1,
2270,Teste 17,67588,17,17,382,576,0.0,-1.0,0,0,512,384,3,0,0,0,0,-1,
2271,Teste 17,67605,17,17,584,300,0.0,-1.0,0,0,512,384,1.4,0,0,0,0,-1,
2272,Teste 17,67705,100,100,1088,880,0.0,-1.0,0,0,512,384,-,0,0,0,0,-1,
2273,Teste 17,67738,33,33,1798,804,0.0,-1.0,0,0,512,384,-,0,0,0,0,-1,
2274,Teste 17,67821,83,83,733,223,0.0,-1.0,0,0,512,384,1,0,0,0,0,-1,
2275,Teste 17,67904,83,83,920,1013,0.0,-1.0,0,0,512,384,-,0,0,0,0,-1,
2276,Teste 17,67921,17,17,767,495,0.0,-1.0,0,0,512,384,3,0,0,0,0,-1,
2277,Teste 17,67938,17,17,534,444,0.0,-1.0,0,0,512,384,3.6,0,0,0,0,-1,
2278,Teste 17,67971,33,33,519,795,0.0,-1.0,0,0,512,384,-,0,0,0,0,-1,
2279,Teste 17,68004,33,33,703,200,0.0,-1.0,0,0,512,384,1,0,0,0,0,-1,
2280,Teste 17,68037,33,33,762,571,0.0,-1.0,0,0,512,384,3,0,0,0,0,-1,
2281,Teste 17,68054,17,17,384,555,0.0,-1.0,0,0,512,384,3,0,0,0,0,-1,
2282,Teste 17,68137,83,83,14,427,-1.0,0.0,0,0,512,384,3,0,0,0,0,-1,
2283,Teste 17,68154,17,17,181,419,0.0,-1.0,0,0,512,384,3,0,0,0,0,-1,
2284,Teste 17,68187,33,33,427,412,0.0,-1.0,0,0,512,384,2,0,0,0,0,-1,
2285,Teste 17,68420,233,233,1012,885,0.0,5.41,0,0,512,384,-,0,0,0,0,-1,
2286,Teste 17,68470,50,50,939,435,0.0,-1.0,0,0,512,384,3,0,0,0,0,-1,
2287,Teste 17,68636,166,166,1169,920,0.0,-1.0,0,0,512,384,-,0,0,0,0,-1,
2288,Teste 17,68703,67,67,618,123,0.0,-1.0,0,0,512,384,1,0,0,0,0,-1,
2289,Teste 17,68919,216,216,1158,845,0.0,2.5,0,0,512,384,-,0,0,0,0,-1,
2290,Teste 17,68986,67,67,1111,942,0.0,2.69,0,0,512,384,-,0,0,0,0,-1,
2291,Teste 17,69135,150,150,1360,634,0.0,-1.0,0,0,512,384,-,0,0,0,0,-1,
2292,Teste 17,69152,17,17,1171,906,0.0,-1.0,0,0,512,384,-,0,0,0,0,-1,
2293,Teste 17,69235,83,83,824,1074,0.0,-1.0,0,0,512,384,-,0,0,0,0,-1,
2294,Teste 17,69302,67,67,1099,895,0.0,2.71,0,0,512,384,-,0,0,0,0,-1,
2295,Teste 17,69318,17,17,1278,885,0.0,2.74,0,0,512,384,-,0,0,0,0,-1,
2296,Teste 17,69535,216,216,1889,596,0.0,2.65,0,0,512,384,-,0,0,0,0,-1,
2297,Teste 17,69568,33,33,964,978,0.0,2.58,0,0,512,384,-,0,0,0,0,-1,
2298,Teste 17,69584,17,17,968,976,0.0,2.65,0,0,512,384,-,0,0,0,0,-1,
2299,Teste 17,69717,133,133,966,977,0.0,2.65,0,0,512,384,-,0,0,0,0,-1,
2300,Teste 17,69734,17,17,1088,947,0.0,2.61,0,0,512,384,-,0,0,0,0,-1,
2301,Teste 17,69751,17,17,950,956,0.0,2.73,0,0,512,384,-,0,0,0,0,-1,
2302,Teste 17,69817,67,67,1361,598,0.0,-1.0,0,0,512,384,-,0,0,0,0,-1,
2303,Teste 17,69851,33,33,1270,733,0.0,-1.0,0,0,512,384,-,0,0,0,0,-1,
2304,Teste 17,69867,17,17,1218,858,0.0,2.2,0,0,512,384,-,0,0,0,0,-1,
2305,Teste 17,69917,50,50,1537,827,0.0,-1.0,0,0,512,384,-,0,0,0,0,-1,
2306,Teste 17,69950,33,33,1514,776,0.0,2.69,0,0,512,384,-,0,0,0,0,-1,
2307,Teste 17,70017,67,67,1408,710,0.0,2.37,0,0,512,384,-,0,0,0,0,-1,
2308,Teste 17,70050,33,33,1370,726,0.0,2.57,0,0,512,384,-,0,0,0,0,-1,
2309,Teste 17,70083,33,33,1097,907,0.0,2.45,0,0,512,384,-,0,0,0,0,-1,
2310,Teste 17,70100,17,17,975,935,0.0,2.39,0,0,512,384,-,0,0,0,0,-1,
2311,Teste 17,70133,33,33,1246,722,0.0,2.31,0,0,512,384,-,0,0,0,0,-1,
2312,Teste 17,70283,150,150,893,964,0.0,-1.0,0,0,512,384,-,0,0,0,0,-1,
2313,Teste 17,70300,17,17,1412,859,0.0,-1.0,0,0,512,384,-,0,0,0,0,-1,
2314,Teste 17,70316,17,17,633,1075,0.0,-1.0,0,0,512,384,-,0,0,0,0,-1,
2315,Teste 17,70333,17,17,343,326,0.0,-1.0,0,0,512,384,1,0,0,0,0,-1,
2316,Teste 17,70383,50,50,1312,775,0.0,2.5,0,0,512,384,-,0,0,0,0,-1,
2317,Teste 17,70516,133,133,1557,801,0.0,2.57,0,0,512,384,-,0,0,0,0,-1,
2318,Teste 17,70533,17,17,1065,967,0.0,2.66,0,0,512,384,-,0,0,0,0,-1,
2319,Teste 17,70549,17,17,925,989,0.0,2.69,0,0,512,384,-,0,0,0,0,-1,
2320,Teste 17,70599,50,50,981,853,0.0,-1.0,0,0,512,384,-,0,0,0,0,-1,
2321,Teste 17,70699,100,100,1445,581,0.0,2.52,0,0,512,384,-,0,0,0,0,-1,
2322,Teste 17,70716,17,17,1307,282,0.0,-1.0,0,0,512,384,-,0,0,0,0,-1,
2323,Teste 17,70799,83,83,1380,831,0.0,-1.0,0,0,512,384,-,0,0,0,0,-1,
2324,Teste 17,70832,33,33,1251,683,0.0,-1.0,0,0,512,384,-,0,0,0,0,-1,
2325,Teste 17,70932,100,100,1288,805,0.0,2.52,0,0,512,384,-,0,0,0,0,-1,
2326,Teste 17,71065,133,133,1175,864,0.0,-1.0,0,0,512,384,-,0,0,0,0,-1,
2327,Teste 17,71148,83,83,1198,641,0.0,2.42,0,0,512,384,-,0,0,0,0,-1,
2328,Teste 17,71331,183,183,1163,882,0.0,2.47,0,0,512,384,-,0,0,0,0,-1,
2329,Teste 17,71381,50,50,1404,312,0.0,2.41,0,0,512,384,-,0,0,0,0,-1,
2330,Teste 17,71398,17,17,1337,486,0.0,2.49,0,0,512,384,-,0,0,0,0,-1,
2331,Teste 17,71448,50,50,1513,841,0.0,2.68,0,0,512,384,-,0,0,0,0,-1,
2332,Teste 17,71514,67,67,1012,937,0.0,2.69,0,0,512,384,-,0,0,0,0,-1,
2333,Teste 17,71531,17,17,1135,914,0.0,2.74,0,0,512,384,-,0,0,0,0,-1,
2334,Teste 17,71547,17,17,1138,586,0.0,2.76,0,0,512,384,-,0,0,0,0,-1,
2335,Teste 17,71597,50,50,1443,734,0.0,-1.0,0,0,512,384,-,0,0,0,0,-1,
2336,Teste 17,71697,100,100,888,1079,0.0,-1.0,0,0,512,384,-,0,0,0,0,-1,
2337,Teste 17,71714,17,17,619,1054,0.0,-1.0,0,0,512,384,-,0,0,0,0,-1,
2338,Teste 17,71747,33,33,1621,776,0.0,2.42,0,0,512,384,-,0,0,0,0,-1,
2339,Teste 17,71814,67,67,1140,941,0.0,2.68,0,0,512,384,-,0,0,0,0,-1,
2340,Teste 17,71830,17,17,1259,876,0.0,2.71,0,0,512,384,-,0,0,0,0,-1,
2341,Teste 17,71880,50,50,1370,847,0.0,-1.0,0,0,512,384,-,0,0,0,0,-1,
2342,Teste 17,71913,33,33,1082,702,0.0,2.73,0,0,512,384,-,0,0,0,0,-1,
2343,Teste 17,71947,33,33,1134,899,0.0,2.52,0,0,512,384,-,0,0,0,0,-1,
2344,Teste 17,72080,133,133,1400,846,0.0,-1.0,0,0,512,384,-,0,0,0,0,-1,
2345,Teste 17,72179,100,100,1256,792,0.0,2.45,0,0,512,384,-,0,0,0,0,-1,
2346,Teste 17,72313,133,133,1195,600,0.0,2.39,0,0,512,384,-,0,0,0,0,-1,
2347,Teste 17,72362,50,50,1542,230,0.0,1.84,0,0,512,384,-,0,0,0,0,-1,
2348,Teste 17,72579,216,216,1505,730,0.0,2.57,0,0,512,384,-,0,0,0,0,-1,
2349,Teste 17,72645,67,67,648,1038,0.0,-1.0,0,0,512,384,-,0,0,0,0,-1,
2350,Teste 17,72679,33,33,1204,505,0.0,2.02,0,0,512,384,-,0,0,0,0,-1,
2351,Teste 17,72795,116,116,678,1075,0.0,1.96,0,0,512,384,-,0,0,0,0,-1,
2352,Teste 17,72812,17,17,1621,821,0.0,2.66,0,0,512,384,-,0,0,0,0,-1,
2353,Teste 17,72978,166,166,759,1070,0.0,-1.0,0,0,512,384,-,0,0,0,0,-1,
2354,Teste 17,73011,33,33,865,1080,0.0,-1.0,0,0,512,384,-,0,0,0,0,-1,
2355,Teste 17,73028,17,17,1237,900,0.0,2.69,0,0,512,384,-,0,0,0,0,-1,
2356,Teste 17,73044,17,17,1147,800,0.0,2.52,0,0,512,384,-,0,0,0,0,-1,
2357,Teste 17,73078,33,33,1843,534,0.0,2.68,0,0,512,384,-,0,0,0,0,-1,
2358,Teste 17,73144,67,67,1050,987,0.0,2.36,0,0,512,384,-,0,0,0,0,-1,
2359,Teste 17,73194,50,50,1090,877,0.0,2.34,0,0,512,384,-,0,0,0,0,-1,
2360,Teste 17,73211,17,17,1778,650,0.0,2.47,0,0,512,384,-,0,0,0,0,-1,
2361,Teste 17,73227,17,17,571,440,0.0,-1.0,0,0,512,384,3.6,0,0,0,0,-1,
2362,Teste 17,73277,50,50,1414,462,0.0,-1.0,0,0,512,384,-,0,0,0,0,-1,
2363,Teste 17,73311,33,33,581,1061,0.0,-1.0,0,0,512,384,-,0,0,0,0,-1,
2364,Teste 17,73327,17,17,1064,787,0.0,-1.0,0,0,512,384,-,0,0,0,0,-1,
2365,Teste 17,73344,17,17,1422,695,0.0,2.31,0,0,512,384,-,0,0,0,0,-1,
2366,Teste 17,73444,100,100,1141,924,0.0,2.49,0,0,512,384,-,0,0,0,0,-1,
2367,Teste 17,73477,33,33,1135,783,0.0,-1.0,0,0,512,384,-,0,0,0,0,-1,
2368,Teste 17,73494,17,17,1497,690,0.0,2.49,0,0,512,384,-,0,0,0,0,-1,
2369,Teste 17,73527,33,33,1311,734,0.0,-1.0,0,0,512,384,-,0,0,0,0,-1,
2370,Teste 17,73560,33,33,1603,693,0.0,2.68,0,0,512,384,-,0,0,0,0,-1,
2371,Teste 17,73610,50,50,1133,942,0.0,2.68,0,0,512,384,-,0,0,0,0,-1,
2372,Teste 17,73710,100,100,569,1063,0.0,1.8,0,0,512,384,-,0,0,0,0,-1,
2373,Teste 17,73727,17,17,1780,127,0.0,1.86,0,0,512,384,-,0,0,0,0,-1,
2374,Teste 17,73760,33,33,542,794,0.0,-1.0,0,0,512,384,-,0,0,0,0,-1,
2375,Teste 17,73776,17,17,1296,706,0.0,2.33,0,0,512,384,-,0,0,0,0,-1,
2376,Teste 17,73810,33,33,580,1023,0.0,-1.0,0,0,512,384,-,0,0,0,0,-1,
2377,Teste 17,73910,100,100,1424,833,0.0,-1.0,0,0,512,384,-,0,0,0,0,-1,
2378,Teste 17,73993,83,83,1362,199,0.0,-1.0,0,0,512,384,-,0,0,0,0,-1,
2379,Teste 17,74026,33,33,1128,945,0.0,-1.0,0,0,512,384,-,0,0,0,0,-1,
2380,Teste 17,74043,17,17,607,1052,0.0,-1.0,0,0,512,384,-,0,0,0,0,-1,
2381,Teste 17,74126,83,83,1537,811,0.0,2.45,0,0,512,384,-,0,0,0,0,-1,
2382,Teste 17,74159,33,33,633,369,0.0,-1.0,0,0,512,384,2,0,0,0,0,-1,
2383,Teste 17,74342,183,183,912,202,0.0,-1.0,0,0,512,384,1,0,0,0,0,-1,
2384,Teste 17,74425,83,83,926,454,0.0,-1.0,0,0,512,384,3,0,0,0,0,-1,
2385,Teste 17,74458,33,33,912,296,0.0,-1.0,0,0,512,384,1,0,0,0,0,-1,
2386,Teste 17,74475,17,17,1201,419,0.0,-1.0,0,0,512,384,-,0,0,0,0,-1,
2387,Teste 17,74558,83,83,1456,799,0.0,-1.0,0,0,512,384,-,0,0,0,0,-1,
2388,Teste 17,74908,349,349,851,451,0.0,-1.0,0,0,512,384,3,0,0,0,0,-1,
2389,Teste 17,75007,100,100,1169,90,0.0,-1.0,0,0,512,384,-,0,0,0,0,-1,
2390,Teste 17,75074,67,67,803,487,0.0,-1.0,0,0,512,384,3,0,0,0,0,-1,
2391,Teste 17,75107,33,33,591,234,0.0,-1.0,0,0,512,384,1,0,0,0,0,-1,
2392,Teste 17,75141,33,33,967,597,0.0,-1.0,0,0,512,384,3,0,0,0,0,-1,
2393,Teste 17,75257,116,116,912,215,0.0,-1.0,0,0,512,384,1,0,0,0,0,-1,
2394,Teste 17,75340,83,83,674,632,0.0,-1.0,0,0,512,384,3,0,0,0,0,-1,
2395,Teste 17,75457,116,116,972,637,0.0,-1.0,0,0,512,384,3,0,0,0,0,-1,
2396,Teste 17,75490,33,33,1302,50,0.0,-1.0,0,0,512,384,-,0,0,0,0,-1,
2397,Teste 17,75590,100,100,1433,209,0.0,-1.0,0,0,512,384,-,0,0,0,0,-1,
2398,Teste 17,75640,50,50,800,485,0.0,-1.0,0,0,512,384,3,0,0,0,0,-1,
2399,Teste 17,75656,17,17,638,616,0.0,-1.0,0,0,512,384,3,0,0,0,0,-1,
2400,Teste 17,75689,33,33,636,89,0.0,2.55,0,0,512,384,1,0,0,0,0,-1,
2401,Teste 17,75889,200,200,888,346,0.0,-1.0,0,0,512,384,1,0,0,0,0,-1,
2402,Teste 17,76105,216,216,949,231,0.0,-1.0,0,0,512,384,1,0,0,0,0,-1,
2403,Teste 17,76155,50,50,945,240,0.0,-1.0,0,0,512,384,1,0,0,0,0,-1,
2404,Teste 17,76189,33,33,1122,851,0.0,-1.0,0,0,512,384,-,0,0,0,0,-1,
2405,Teste 17,76322,133,133,685,570,0.0,-1.0,0,0,512,384,3,0,0,0,0,-1,
2406,Teste 17,76355,33,33,93,276,-1.0,0.0,0,0,512,384,1,0,0,0,0,-1,
2407,Teste 17,76372,17,17,1382,729,0.0,-1.0,0,0,512,384,-,0,0,0,0,-1,
2408,Teste 17,76405,33,33,694,619,0.0,-1.0,0,0,512,384,3,0,0,0,0,-1,
2409,Teste 17,76438,33,33,696,645,0.0,-1.0,0,0,512,384,3,0,0,0,0,-1,
2410,Teste 17,76455,17,17,710,517,0.0,-1.0,0,0,512,384,3,0,0,0,0,-1,
2411,Teste 17,76488,33,33,1070,11,0.0,-1.0,0,0,512,384,-,0,0,0,0,-1,
2412,Teste 17,76538,50,50,909,399,0.0,-1.0,0,0,512,384,2,0,0,0,0,-1,
2413,Teste 17,76554,17,17,796,555,0.0,-1.0,0,0,512,384,3,0,0,0,0,-1,
2414,Teste 17,76571,17,17,805,506,0.0,-1.0,0,0,512,384,3,0,0,0,0,-1,
2415,Teste 17,76621,50,50,684,400,0.0,-1.0,0,0,512,384,2,0,0,0,0,-1,
2416,Teste 17,76654,33,33,5,38,-1.0,-1.0,0,0,512,384,1,0,0,0,0,-1,
2417,Teste 17,76688,33,33,678,620,0.0,-1.0,0,0,512,384,3,0,0,0,0,-1,
2418,Teste 17,76787,100,100,896,392,0.0,-1.0,0,0,512,384,2,0,0,0,0,-1,
2419,Teste 17,76871,83,83,933,7,0.0,-1.0,0,0,512,384,1,0,0,0,0,-1,
2420,Teste 17,76954,83,83,1405,365,0.0,-1.0,0,0,512,384,-,0,0,0,0,-1,
2421,Teste 17,77037,83,83,887,459,0.0,-1.0,0,0,512,384,3,0,0,0,0,-1,
2422,Teste 17,77203,166,166,15,370,-1.0,0.0,0,0,512,384,2,0,0,0,0,-1,
2423,Teste 17,77253,50,50,1239,804,0.0,-1.0,0,0,512,384,-,0,0,0,0,-1,
2424,Teste 17,77403,150,150,1077,902,0.0,-1.0,0,0,512,384,-,0,0,0,0,-1,
2425,Teste 17,77420,17,17,1256,897,0.0,-1.0,0,0,512,384,-,0,0,0,0,-1,
2426,Teste 17,77553,133,133,1142,921,0.0,5.36,0,0,512,384,-,0,0,0,0,-1,
2427,Teste 17,77586,33,33,218,325,-1.0,-1.0,0,0,512,384,1,0,0,0,0,-1,
2428,Teste 17,77719,133,133,706,637,0.0,-1.0,0,0,512,384,3,0,0,0,0,-1,
2429,Teste 17,77752,33,33,794,455,0.0,-1.0,0,0,512,384,3,0,0,0,0,-1,
2430,Teste 17,77785,33,33,766,565,0.0,-1.0,0,0,512,384,3,0,0,0,0,-1,
2431,Teste 17,77802,17,17,942,633,0.0,-1.0,0,0,512,384,3,0,0,0,0,-1,
2432,Teste 17,77835,33,33,725,608,0.0,-1.0,0,0,512,384,3,0,0,0,0,-1,
2433,Teste 17,77902,67,67,910,231,0.0,-1.0,0,0,512,384,1,0,0,0,0,-1,
2434,Teste 17,77935,33,33,1203,152,0.0,-1.0,0,0,512,384,-,0,0,0,0,-1,
2435,Teste 17,78002,67,67,857,388,0.0,-1.0,0,0,512,384,2,0,0,0,0,-1,
2436,Teste 17,78052,50,50,1191,905,0.0,-1.0,0,0,512,384,-,0,0,0,0,-1,
2437,Teste 17,78135,83,83,545,316,0.0,-1.0,0,0,512,384,1.4,0,0,0,0,-1,
2438,Teste 17,78151,17,17,593,184,0.0,-1.0,0,0,512,384,1,0,0,0,0,-1,
2439,Teste 17,78201,50,50,626,172,0.0,-1.0,0,0,512,384,1,0,0,0,0,-1,
2440,Teste 17,78384,183,183,915,206,0.0,-1.0,0,0,512,384,1,0,0,0,0,-1,
2441,Teste 17,78567,183,183,818,445,0.0,-1.0,0,0,512,384,3,0,0,0,0,-1,
2442,Teste 17,78617,50,50,1737,777,0.0,-1.0,0,0,512,384,-,0,0,0,0,-1,
2443,Teste 17,78800,183,183,896,312,0.0,-1.0,0,0,512,384,1,0,0,0,0,-1,
2444,Teste 17,78817,17,17,892,301,0.0,-1.0,0,0,512,384,1,0,0,0,0,-1,
2445,Teste 17,78867,50,50,1023,924,0.0,-1.0,0,0,512,384,-,0,0,0,0,-1,
2446,Teste 17,79249,383,383,933,466,0.0,-1.0,0,0,512,384,3,0,0,0,0,-1,
2447,Teste 17,79316,67,67,877,395,0.0,-1.0,0,0,512,384,2,0,0,0,0,-1,
2448,Teste 17,79382,67,67,1254,199,0.0,-1.0,0,0,512,384,-,0,0,0,0,-1,
2449,Teste 17,79432,50,50,227,468,-1.0,0.0,0,0,512,384,3,0,0,0,0,-1,
2450,Teste 17,79832,399,399,1373,121,0.0,-1.0,0,0,512,384,-,0,0,0,0,-1,
2451,Teste 17,79981,150,150,1730,671,0.0,-1.0,0,0,512,384,-,0,0,0,0,-1,
2452,Teste 17,80064,83,83,469,288,0.0,-1.0,0,0,512,384,1.4,0,0,0,0,-1,
2453,Teste 17,80381,316,316,827,423,0.0,-1.0,0,0,512,384,3,0,0,0,0,-1,
2454,Teste 17,80564,183,183,934,1074,0.0,-1.0,0,0,512,384,-,0,0,0,0,-1,
2455,Teste 17,80647,83,83,582,31,0.0,-1.0,0,0,512,384,1,0,0,0,0,-1,
2456,Teste 17,80697,50,50,914,378,0.0,-1.0,0,0,512,384,2,0,0,0,0,-1,
2457,Teste 17,80880,183,183,1891,171,0.0,-1.0,0,0,512,384,-,0,0,0,0,-1,
2458,Teste 17,80930,50,50,829,367,0.0,-1.0,0,0,512,384,2,0,0,0,0,-1,
2459,Teste 17,80946,17,17,431,179,0.0,-1.0,0,0,512,384,1,0,0,0,0,-1,
2460,Teste 17,81229,283,283,1043,886,0.0,-1.0,0,0,512,384,-,0,0,0,0,-1,
2461,Teste 17,81279,50,50,839,286,0.0,-1.0,0,0,512,384,1,0,0,0,0,-1,
2462,Teste 17,81329,50,50,1397,858,0.0,4.97,0,0,512,384,-,0,0,0,0,-1,
2463,Teste 17,81395,67,67,1222,172,0.0,-1.0,0,0,512,384,-,0,0,0,0,-1,
2464,Teste 17,81429,33,33,1126,127,0.0,-1.0,0,0,512,384,-,0,0,0,0,-1,
2465,Teste 17,81445,17,17,1641,817,0.0,-1.0,0,0,512,384,-,0,0,0,0,-1,
2466,Teste 17,81462,17,17,1037,456,0.0,-1.0,0,0,512,384,-,0,0,0,0,-1,
2467,Teste 17,81678,216,216,983,893,0.0,-1.0,0,0,512,384,-,0,0,0,0,-1,
2468,Teste 17,81795,116,116,1046,923,0.0,-1.0,0,0,512,384,-,0,0,0,0,-1,
2469,Teste 17,81861,67,67,1680,800,0.0,5.63,0,0,512,384,-,0,0,0,0,-1,
2470,Teste 17,81961,100,100,1100,931,0.0,-1.0,0,0,512,384,-,0,0,0,0,-1,
2471,Teste 17,82027,67,67,548,345,0.0,-1.0,0,0,512,384,1.4,0,0,0,0,-1,
2472,Teste 17,82144,116,116,476,910,0.0,-1.0,0,0,512,384,-,0,0,0,0,-1,
2473,Teste 17,82177,33,33,940,185,0.0,-1.0,0,0,512,384,1,0,0,0,0,-1,
2474,Teste 17,82194,17,17,827,260,0.0,-1.0,0,0,512,384,1,0,0,0,0,-1,
2475,Teste 17,82310,116,116,525,325,0.0,-1.0,0,0,512,384,1.4,0,0,0,0,-1,
2476,Teste 17,82643,333,333,1157,924,0.0,2.23,0,0,512,384,-,0,0,0,0,-1,
2477,Teste 17,82660,17,17,1429,849,0.0,-1.0,0,0,512,384,-,0,0,0,0,-1,
2478,Teste 17,83009,349,349,1127,898,0.0,-1.0,0,0,512,384,-,0,0,0,0,-1,
2479,Teste 17,83159,150,150,1856,746,0.0,4.84,0,0,512,384,-,0,0,0,0,-1,
2480,Teste 17,83192,33,33,1155,920,0.0,-1.0,0,0,512,384,-,0,0,0,0,-1,
2481,Teste 17,83209,17,17,1893,748,0.0,4.76,0,0,512,384,-,0,0,0,0,-1,
2482,Teste 17,83225,17,17,1845,700,0.0,-1.0,0,0,512,384,-,0,0,0,0,-1,
2483,Teste 17,83242,17,17,29,195,-1.0,4.67,0,0,512,384,1,0,0,0,0,-1,
2484,Teste 17,83408,166,166,858,342,0.0,-1.0,0,0,512,384,1,0,0,0,0,-1,
2485,Teste 17,83458,50,50,713,65,0.0,-1.0,0,0,512,384,1,0,0,0,0,-1,
2486,Teste 17,83525,67,67,1292,854,0.0,-1.0,0,0,512,384,-,0,0,0,0,-1,
2487,Teste 17,83541,17,17,1918,519,0.0,4.75,0,0,512,384,-,0,0,0,0,-1,
2488,Teste 17,83674,133,133,1659,808,0.0,4.72,0,0,512,384,-,0,0,0,0,-1,
2489,Teste 17,83874,200,200,1477,847,0.0,-1.0,0,0,512,384,-,0,0,0,0,-1,
2490,Teste 17,83957,83,83,124,72,-1.0,0.0,0,0,512,384,1,0,0,0,0,-1,
2491,Teste 17,84074,116,116,1047,928,0.0,-1.0,0,0,512,384,-,0,0,0,0,-1,
2492,Teste 17,84157,83,83,1767,743,0.0,4.57,0,0,512,384,-,0,0,0,0,-1,
2493,Teste 17,84207,50,50,959,654,0.0,1.4,0,0,512,384,3,0,0,0,0,-1,
2494,Teste 17,84323,116,116,1149,181,0.0,4.67,0,0,512,384,-,0,0,0,0,-1,
2495,Teste 17,84489,166,166,1899,787,0.0,4.67,0,0,512,384,-,0,0,0,0,-1,
2496,Teste 17,85005,516,516,645,211,0.0,-1.0,0,0,512,384,1,0,0,0,0,-1,
2497,Teste 17,85604,599,599,1660,745,0.0,4.64,0,0,512,384,-,0,0,0,0,-1,
2498,Teste 17,85637,33,33,1733,717,0.0,4.41,0,0,512,384,-,0,0,0,0,-1,
2499,Teste 17,85720,83,83,1798,633,0.0,4.25,0,0,512,384,-,0,0,0,0,-1,
2500,Teste 17,85737,17,17,1726,810,0.0,4.36,0,0,512,384,-,0,0,0,0,-1,
2501,Teste 17,85770,33,33,1890,557,0.0,4.25,0,0,512,384,-,0,0,0,0,-1,
2502,Teste 17,85804,33,33,841,667,0.0,-1.0,0,0,512,384,3,0,0,0,0,-1,
2503,Teste 17,86020,216,216,1506,787,0.0,4.36,0,0,512,384,-,0,0,0,0,-1,
2504,Teste 17,86070,50,50,1875,489,0.0,-1.0,0,0,512,384,-,0,0,0,0,-1,
2505,Teste 17,86103,33,33,1648,186,0.0,-1.0,0,0,512,384,-,0,0,0,0,-1,
2506,Teste 17,86153,50,50,1272,833,0.0,-1.0,0,0,512,384,-,0,0,0,0,-1,
2507,Teste 17,86170,17,17,1257,850,0.0,-1.0,0,0,512,384,-,0,0,0,0,-1,
2508,Teste 17,86303,133,133,1331,813,0.0,-1.0,0,0,512,384,-,0,0,0,0,-1,
2509,Teste 17,86319,17,17,1737,724,0.0,-1.0,0,0,512,384,-,0,0,0,0,-1,
2510,Teste 17,86436,116,116,1248,109,0.0,-1.0,0,0,512,384,-,0,0,0,0,-1,
2511,Teste 17,86536,100,100,437,14,0.0,-1.0,0,0,512,384,1,0,0,0,0,-1,
2512,Teste 17,86835,299,299,699,601,0.0,-1.0,0,0,512,384,3,0,0,0,0,-1,
2513,Teste 17,87068,233,233,804,95,1.06,0.0,0,0,512,384,1,0,0,0,0,-1,
2514,Teste 17,87118,50,50,1804,437,0.0,-1.0,0,0,512,384,-,0,0,0,0,-1,
2515,Teste 17,87134,17,17,1610,713,0.0,-1.0,0,0,512,384,-,0,0,0,0,-1,
2516,Teste 17,87218,83,83,1095,359,0.0,4.09,0,0,512,384,-,0,0,0,0,-1,
2517,Teste 17,87234,17,17,1914,692,0.0,-1.0,0,0,512,384,-,0,0,0,0,-1,
2518,Teste 17,87267,33,33,1537,369,0.0,-1.0,0,0,512,384,-,0,0,0,0,-1,
2519,Teste 17,87284,17,17,1362,694,0.0,-1.0,0,0,512,384,-,0,0,0,0,-1,
2520,Teste 17,87301,17,17,1424,840,0.0,-1.0,0,0,512,384,-,0,0,0,0,-1,
2521,Teste 17,87467,166,166,1685,17,0.0,-1.0,0,0,512,384,-,0,0,0,0,-1,
2522,Teste 17,87500,33,33,1115,948,0.0,-1.0,0,0,512,384,-,0,0,0,0,-1,
2523,Teste 17,87517,17,17,1146,556,0.0,4.27,0,0,512,384,-,0,0,0,0,-1,
2524,Teste 17,87617,100,100,1241,10,0.0,-1.0,0,0,512,384,-,0,0,0,0,-1,
2525,Teste 17,87950,333,333,1867,587,0.0,4.07,0,0,512,384,-,0,0,0,0,-1,
2526,Teste 17,87966,17,17,1102,496,0.0,-1.0,0,0,512,384,-,0,0,0,0,-1,
2527,Teste 17,87983,17,17,1822,526,0.0,3.95,0,0,512,384,-,0,0,0,0,-1,
2528,Teste 17,88132,150,150,1557,477,0.0,-1.0,0,0,512,384,-,0,0,0,0,-1,
2529,Teste 17,88149,17,17,959,987,0.0,-1.0,0,0,512,384,-,0,0,0,0,-1,
2530,Teste 17,88166,17,17,1860,456,0.0,3.95,0,0,512,384,-,0,0,0,0,-1,
2531,Teste 17,88232,67,67,1660,1,0.0,-1.0,0,0,512,384,-,0,0,0,0,-1,
2532,Teste 17,88282,50,50,1444,589,0.0,-1.0,0,0,512,384,-,0,0,0,0,-1,
2533,Teste 17,88299,17,17,1628,679,0.0,-1.0,0,0,512,384,-,0,0,0,0,-1,
2534,Teste 17,88332,33,33,1287,42,0.0,-1.0,0,0,512,384,-,0,0,0,0,-1,
2535,Teste 17,88349,17,17,1698,108,0.0,-1.0,0,0,512,384,-,0,0,0,0,-1,
2536,Teste 17,88532,183,183,1817,661,0.0,4.04,0,0,512,384,-,0,0,0,0,-1,
2537,Teste 17,88715,183,183,1556,231,0.0,-1.0,0,0,512,384,-,0,0,0,0,-1,
2538,Teste 17,88781,67,67,1606,744,0.0,-1.0,0,0,512,384,-,0,0,0,0,-1,
2539,Teste 17,88864,83,83,82,61,-1.0,0.0,0,0,512,384,1,0,0,0,0,-1,
2540,Teste 17,88881,17,17,864,641,0.0,-1.0,0,0,512,384,3,0,0,0,0,-1,
2541,Teste 17,89031,150,150,1169,419,0.0,-1.0,0,0,512,384,-,0,0,0,0,-1,
2542,Teste 17,89064,33,33,30,292,-1.0,0.0,0,0,512,384,1,0,0,0,0,-1,
2543,Teste 17,89297,233,233,430,28,0.0,-1.0,0,0,512,384,1,0,0,0,0,-1,
2544,Teste 17,89530,233,233,155,418,-1.0,0.0,0,0,512,384,3,0,0,0,0,-1,
2545,Teste 17,90079,549,549,479,88,0.0,-1.0,0,0,512,384,1,0,0,0,0,-1,
2546,Teste 17,90545,466,466,903,969,0.0,-1.0,0,0,512,384,-,0,0,0,0,-1,
2547,Teste 17,90844,299,299,1336,284,0.0,-1.0,0,0,512,384,-,0,0,0,0,-1,
2548,Teste 17,90960,116,116,1785,593,0.0,4.22,0,0,512,384,-,0,0,0,0,-1,
2549,Teste 17,90994,33,33,1456,522,0.0,-1.0,0,0,512,384,-,0,0,0,0,-1,
2550,Teste 17,91227,233,233,1216,834,0.0,-1.0,0,0,512,384,-,0,0,0,0,-1,
2551,Teste 17,91243,17,17,1246,711,0.0,-1.0,0,0,512,384,-,0,0,0,0,-1,
2552,Teste 17,91293,50,50,1496,400,0.0,-1.0,0,0,512,384,-,0,0,0,0,-1,
2553,Teste 17,91360,67,67,1040,637,0.0,1.49,0,0,512,384,-,0,0,0,0,-1,
2554,Teste 17,92058,699,699,765,678,0.0,-1.0,0,0,512,384,3,0,0,0,0,-1,
2555,Teste 17,92075,17,17,713,643,0.0,-1.0,0,0,512,384,3,0,0,0,0,-1,
2556,Teste 17,92341,266,266,722,988,0.0,1.17,0,0,512,384,-,0,0,0,0,-1,
2557,Teste 17,92557,216,216,1619,683,0.0,-1.0,0,0,512,384,-,0,0,0,0,-1,
2558,Teste 17,92707,150,150,1890,756,0.0,4.15,0,0,512,384,-,0,0,0,0,-1,
2559,Teste 17,92740,33,33,1749,556,0.0,4.32,0,0,512,384,-,0,0,0,0,-1,
2560,Teste 17,92957,216,216,1000,498,0.0,4.01,0,0,512,384,3,0,0,0,0,-1,
2561,Teste 17,92990,33,33,1675,793,0.0,4.04,0,0,512,384,-,0,0,0,0,-1,
2562,Teste 17,93007,17,17,1679,791,0.0,-1.0,0,0,512,384,-,0,0,0,0,-1,
2563,Teste 17,93106,100,100,3,286,-1.0,0.0,0,0,512,384,1,0,0,0,0,-1,
2564,Teste 17,93140,33,33,1579,778,0.0,3.99,0,0,512,384,-,0,0,0,0,-1,
2565,Teste 17,93206,67,67,952,1057,0.0,2.17,0,0,512,384,-,0,0,0,0,-1,
2566,Teste 17,93223,17,17,1364,665,0.0,-1.0,0,0,512,384,-,0,0,0,0,-1,
2567,Teste 17,93389,166,166,877,658,0.0,-1.0,0,0,512,384,3,0,0,0,0,-1,
2568,Teste 17,93489,100,100,1384,259,0.0,-1.0,0,0,512,384,-,0,0,0,0,-1,
2569,Teste 17,93556,67,67,1633,106,0.0,-1.0,0,0,512,384,-,0,0,0,0,-1,
2570,Teste 17,93589,33,33,1888,786,0.0,4.17,0,0,512,384,-,0,0,0,0,-1,
2571,Teste 17,93605,17,17,1632,576,0.0,4.09,0,0,512,384,-,0,0,0,0,-1,
2572,Teste 17,93622,17,17,1566,381,0.0,-1.0,0,0,512,384,-,0,0,0,0,-1,
2573,Teste 17,93639,17,17,1136,937,0.0,-1.0,0,0,512,384,-,0,0,0,0,-1,
2574,Teste 17,93655,17,17,1119,686,0.0,-1.0,0,0,512,384,-,0,0,0,0,-1,
2575,Teste 17,93705,50,50,1907,785,0.0,-1.0,0,0,512,384,-,0,0,0,0,-1,
2576,Teste 17,93788,83,83,1432,853,0.0,4.19,0,0,512,384,-,0,0,0,0,-1,
2577,Teste 17,93805,17,17,1626,758,0.0,-1.0,0,0,512,384,-,0,0,0,0,-1,
2578,Teste 17,93855,50,50,1475,820,0.0,4.17,0,0,512,384,-,0,0,0,0,-1,
2579,Teste 17,94021,166,166,947,32,0.0,-1.0,0,0,512,384,1,0,0,0,0,-1,
2580,Teste 17,94138,116,116,1499,823,0.0,4.24,0,0,512,384,-,0,0,0,0,-1,
2581,Teste 17,94238,100,100,921,669,0.0,-1.0,0,0,512,384,3,0,0,0,0,-1,
2582,Teste 17,94321,83,83,1857,687,0.0,4.17,0,0,512,384,-,0,0,0,0,-1,
2583,Teste 17,94387,67,67,1500,61,0.0,-1.0,0,0,512,384,-,0,0,0,0,-1,
2584,Teste 17,94470,83,83,1537,828,0.0,4.19,0,0,512,384,-,0,0,0,0,-1,
2585,Teste 17,94487,17,17,1681,783,0.0,-1.0,0,0,512,384,-,0,0,0,0,-1,
2586,Teste 17,94787,299,299,523,65,0.0,-1.0,0,0,512,384,1,0,0,0,0,-1,
2587,Teste 17,95236,449,449,1426,70,0.0,4.27,0,0,512,384,-,0,0,0,0,-1,
2588,Teste 17,95335,100,100,1493,814,0.0,3.93,0,0,512,384,-,0,0,0,0,-1,
2589,Teste 17,95485,150,150,1475,817,0.0,-1.0,0,0,512,384,-,0,0,0,0,-1,
2590,Teste 17,95552,67,67,1121,947,0.0,-1.0,0,0,512,384,-,0,0,0,0,-1,
2591,Teste 17,95968,416,416,1596,734,0.0,4.15,0,0,512,384,-,0,0,0,0,-1,
2592,Teste 17,96067,100,100,773,679,0.0,-1.0,0,0,512,384,3,0,0,0,0,-1,
2593,Teste 17,96117,50,50,1054,982,0.0,-1.0,0,0,512,384,-,0,0,0,0,-1,
2594,Teste 17,96151,33,33,1885,731,0.0,-1.0,0,0,512,384,-,0,0,0,0,-1,
2595,Teste 17,96217,67,67,1068,448,0.0,4.24,0,0,512,384,-,0,0,0,0,-1,
2596,Teste 17,96234,17,17,1534,820,0.0,-1.0,0,0,512,384,-,0,0,0,0,-1,
2597,Teste 17,96250,17,17,1120,950,0.0,-1.0,0,0,512,384,-,0,0,0,0,-1,
2598,Teste 17,96267,17,17,274,30,-1.0,-1.0,0,0,512,384,1,0,0,0,0,-1,
2599,Teste 17,96716,449,449,1519,820,0.0,4.11,0,0,512,384,-,0,0,0,0,-1,
2600,Teste 17,96899,183,183,1911,793,0.0,4.15,0,0,512,384,-,0,0,0,0,-1,
2601,Teste 17,97082,183,183,1429,834,0.0,-1.0,0,0,512,384,-,0,0,0,0,-1,
2602,Teste 17,97315,233,233,1510,790,0.0,-1.0,0,0,512,384,-,0,0,0,0,-1,
2603,Teste 17,97431,116,116,1895,515,0.0,-1.0,0,0,512,384,-,0,0,0,0,-1,
2604,Teste 17,97481,50,50,1293,885,0.0,-1.0,0,0,512,384,-,0,0,0,0,-1,
2605,Teste 17,97515,33,33,1167,929,0.0,-1.0,0,0,512,384,-,0,0,0,0,-1,
2606,Teste 17,97731,216,216,1810,21,0.0,4.28,0,0,512,384,-,0,0,0,0,-1,
2607,Teste 17,97748,17,17,1132,944,0.0,-1.0,0,0,512,384,-,0,0,0,0,-1,
2608,Teste 17,97781,33,33,837,334,0.0,-1.0,0,0,512,384,1,0,0,0,0,-1,
2609,Teste 17,98014,233,233,880,19,0.0,-1.0,0,0,512,384,1,0,0,0,0,-1,
2610,Teste 17,98064,50,50,948,1056,0.0,-1.0,0,0,512,384,-,0,0,0,0,-1,
2611,Teste 17,98163,100,100,1689,805,0.0,-1.0,0,0,512,384,-,0,0,0,0,-1,
2612,Teste 17,98197,33,33,1045,551,0.0,4.12,0,0,512,384,-,0,0,0,0,-1,
2613,Teste 17,98346,150,150,1642,779,0.0,4.15,0,0,512,384,-,0,0,0,0,-1,
2614,Teste 17,98696,349,349,1223,156,0.0,-1.0,0,0,512,384,-,0,0,0,0,-1,
2615,Teste 17,98862,166,166,1781,281,0.0,-1.0,0,0,512,384,-,0,0,0,0,-1,
2616,Teste 17,98895,33,33,1402,846,0.0,-1.0,0,0,512,384,-,0,0,0,0,-1,
2617,Teste 17,98945,50,50,1919,750,0.0,-1.0,0,0,512,384,-,0,0,0,0,-1,
2618,Teste 17,99028,83,83,1010,996,0.0,-1.0,0,0,512,384,-,0,0,0,0,-1,
2619,Teste 17,99045,17,17,1500,267,0.0,-1.0,0,0,512,384,-,0,0,0,0,-1,
2620,Teste 17,99178,133,133,674,433,0.0,-1.0,0,0,512,384,3,0,0,0,0,-1,
2621,Teste 17,99261,83,83,690,751,0.0,-1.0,0,0,512,384,3,0,0,0,0,-1,
2622,Teste 17,99461,200,200,782,330,0.0,-1.0,0,0,512,384,1,0,0,0,0,-1,
2623,Teste 17,99960,499,499,373,566,-1.0,0.0,0,0,512,384,3,0,0,0,0,-1,
2624,Teste 17,100076,116,116,549,380,0.0,-1.0,0,0,512,384,2.5,0,0,0,0,-1,
2625,Teste 17,100243,166,166,947,1024,0.0,-1.0,0,0,512,384,-,0,0,0,0,-1,
2626,Teste 17,100426,183,183,1259,836,0.0,-1.0,0,0,512,384,-,0,0,0,0,-1,
2627,Teste 17,100526,100,100,961,1008,0.0,-1.0,0,0,512,384,-,0,0,0,0,-1,
2628,Teste 17,100542,17,17,1595,381,0.0,-1.0,0,0,512,384,-,0,0,0,0,-1,
2629,Teste 17,100609,67,67,1094,367,0.0,-1.0,0,0,512,384,-,0,0,0,0,-1,
2630,Teste 17,100709,100,100,1549,327,0.0,-1.0,0,0,512,384,-,0,0,0,0,-1,
2631,Teste 17,100758,50,50,875,174,0.0,-1.0,0,0,512,384,1,0,0,0,0,-1,
2632,Teste 17,100875,116,116,1556,414,0.0,-1.0,0,0,512,384,-,0,0,0,0,-1,
2633,Teste 17,100941,67,67,1578,372,0.0,-1.0,0,0,512,384,-,0,0,0,0,-1,
2634,Teste 17,100958,17,17,1407,622,0.0,-1.0,0,0,512,384,-,0,0,0,0,-1,
2635,Teste 17,101091,133,133,1755,690,0.0,3.95,0,0,512,384,-,0,0,0,0,-1,
2636,Teste 17,101108,17,17,1080,910,0.0,4.07,0,0,512,384,-,0,0,0,0,-1,
2637,Teste 17,101124,17,17,1790,664,0.0,3.83,0,0,512,384,-,0,0,0,0,-1,
2638,Teste 17,101141,17,17,1803,525,0.0,4.04,0,0,512,384,-,0,0,0,0,-1,
2639,Teste 17,101158,17,17,1862,609,0.0,3.8,0,0,512,384,-,0,0,0,0,-1,
2640,Teste 17,101191,33,33,784,817,0.0,-1.0,0,0,512,384,-,0,0,0,0,-1,
2641,Teste 17,101208,17,17,893,513,0.0,-1.0,0,0,512,384,3,0,0,0,0,-1,
2642,Teste 17,101258,50,50,1321,741,0.0,-1.0,0,0,512,384,-,0,0,0,0,-1,
2643,Teste 17,101640,383,383,1279,771,0.0,-1.0,0,0,512,384,-,0,0,0,0,-1,
2644,Teste 17,101773,133,133,1199,81,0.0,-1.0,0,0,512,384,-,0,0,0,0,-1,
2645,Teste 17,102006,233,233,1489,615,0.0,-1.0,0,0,512,384,-,0,0,0,0,-1,
2646,Teste 17,102023,17,17,1552,421,0.0,-1.0,0,0,512,384,-,0,0,0,0,-1,
2647,Teste 17,102222,200,200,1000,997,0.0,-1.0,0,0,512,384,-,0,0,0,0,-1,
2648,Teste 17,102239,17,17,1910,230,0.0,-1.0,0,0,512,384,-,0,0,0,0,-1,
2649,Teste 17,102272,33,33,1732,568,0.0,-1.0,0,0,512,384,-,0,0,0,0,-1,
2650,Teste 17,102422,150,150,1521,94,0.0,-1.0,0,0,512,384,-,0,0,0,0,-1,
2651,Teste 17,102638,216,216,1316,49,0.0,-1.0,0,0,512,384,-,0,0,0,0,-1,
2652,Teste 17,102738,100,100,1536,733,0.0,-1.0,0,0,512,384,-,0,0,0,0,-1,
2653,Teste 17,102755,17,17,1457,800,0.0,-1.0,0,0,512,384,-,0,0,0,0,-1,
2654,Teste 17,102788,33,33,1531,308,0.0,-1.0,0,0,512,384,-,0,0,0,0,-1,
2655,Teste 17,102888,100,100,914,960,0.0,-1.0,0,0,512,384,-,0,0,0,0,-1,
2656,Teste 17,103087,200,200,1364,847,0.0,-1.0,0,0,512,384,-,0,0,0,0,-1,
2657,Teste 17,103104,17,17,533,487,0.0,-1.0,0,0,512,384,3.6,0,0,0,0,-1,
2658,Teste 17,103154,50,50,1585,383,0.0,-1.0,0,0,512,384,-,0,0,0,0,-1,
2659,Teste 17,103187,33,33,1576,298,0.0,-1.0,0,0,512,384,-,0,0,0,0,-1,
2660,Teste 17,103204,17,17,1275,842,0.0,-1.0,0,0,512,384,-,0,0,0,0,-1,
2661,Teste 17,103220,17,17,1543,459,0.0,-1.0,0,0,512,384,-,0,0,0,0,-1,
2662,Teste 17,103254,33,33,1494,396,0.0,-1.0,0,0,512,384,-,0,0,0,0,-1,
2663,Teste 17,103270,17,17,994,1020,0.0,-1.0,0,0,512,384,-,0,0,0,0,-1,
2664,Teste 17,103354,83,83,1512,602,0.0,-1.0,0,0,512,384,-,0,0,0,0,-1,
2665,Teste 17,103370,17,17,1029,948,0.0,-1.0,0,0,512,384,-,0,0,0,0,-1,
2666,Teste 17,103437,67,67,970,994,0.0,-1.0,0,0,512,384,-,0,0,0,0,-1,
2667,Teste 17,103670,233,233,1872,400,0.0,-1.0,0,0,512,384,-,0,0,0,0,-1,
2668,Teste 17,103803,133,133,1683,292,0.0,-1.0,0,0,512,384,-,0,0,0,0,-1,
2669,Teste 17,104019,216,216,1733,294,0.0,-1.0,0,0,512,384,-,0,0,0,0,-1,
2670,Teste 17,104102,83,83,1390,660,0.0,-1.0,0,0,512,384,-,0,0,0,0,-1,
2671,Teste 17,104185,83,83,655,149,0.0,-1.0,0,0,512,384,1,0,0,0,0,-1,
2672,Teste 17,104268,83,83,1510,527,0.0,-1.0,0,0,512,384,-,0,0,0,0,-1,
2673,Teste 17,104285,17,17,1489,521,0.0,-1.0,0,0,512,384,-,0,0,0,0,-1,
2674,Teste 17,104418,133,133,1736,770,0.0,-1.0,0,0,512,384,-,0,0,0,0,-1,
2675,Teste 17,104634,216,216,1385,846,0.0,-1.0,0,0,512,384,-,0,0,0,0,-1,
2676,Teste 17,104784,150,150,1479,732,0.0,-1.0,0,0,512,384,-,0,0,0,0,-1,
2677,Teste 17,104817,33,33,1230,866,0.0,-1.0,0,0,512,384,-,0,0,0,0,-1,
2678,Teste 17,104834,17,17,1489,565,0.0,-1.0,0,0,512,384,-,0,0,0,0,-1,
2679,Teste 17,105034,200,200,1167,168,0.0,-1.0,0,0,512,384,-,0,0,0,0,-1,
2680,Teste 17,105067,33,33,1578,390,0.0,-1.0,0,0,512,384,-,0,0,0,0,-1,
2681,Teste 17,105233,166,166,1457,844,0.0,4.28,0,0,512,384,-,0,0,0,0,-1,
2682,Teste 17,105300,67,67,1124,944,0.0,-1.0,0,0,512,384,-,0,0,0,0,-1,
2683,Teste 17,105416,116,116,1123,882,0.0,-1.0,0,0,512,384,-,0,0,0,0,-1,
2684,Teste 17,105516,100,100,1172,551,0.0,-1.0,0,0,512,384,-,0,0,0,0,-1,
2685,Teste 17,105566,50,50,1184,861,0.0,2.71,0,0,512,384,-,0,0,0,0,-1,
2686,Teste 17,105616,50,50,1447,851,0.0,-1.0,0,0,512,384,-,0,0,0,0,-1,
2687,Teste 17,105682,67,67,1580,628,0.0,-1.0,0,0,512,384,-,0,0,0,0,-1,
2688,Teste 17,106265,582,582,1075,943,0.0,2.65,0,0,512,384,-,0,0,0,0,-1,
2689,Teste 17,106365,100,100,517,1060,0.0,-1.0,0,0,512,384,-,0,0,0,0,-1,
2690,Teste 17,106398,33,33,879,1031,0.0,2.73,0,0,512,384,-,0,0,0,0,-1,
2691,Teste 17,106681,283,283,1100,924,0.0,2.69,0,0,512,384,-,0,0,0,0,-1,
2692,Teste 17,106714,33,33,1266,685,0.0,2.63,0,0,512,384,-,0,0,0,0,-1,
2693,Teste 17,106764,50,50,931,1077,0.0,2.78,0,0,512,384,-,0,0,0,0,-1,
2694,Teste 17,106780,17,17,1063,880,0.0,2.78,0,0,512,384,-,0,0,0,0,-1,
2695,Teste 17,106897,116,116,1483,674,0.0,2.76,0,0,512,384,-,0,0,0,0,-1,
2696,Teste 17,107396,499,499,1013,1010,0.0,2.68,0,0,512,384,-,0,0,0,0,-1,
2697,Teste 17,107413,17,17,1207,708,0.0,2.66,0,0,512,384,-,0,0,0,0,-1,
2698,Teste 17,107446,33,33,1096,958,0.0,2.61,0,0,512,384,-,0,0,0,0,-1,
2699,Teste 17,107529,83,83,535,977,0.0,-1.0,0,0,512,384,-,0,0,0,0,-1,
2700,Teste 17,107579,50,50,1205,722,0.0,2.74,0,0,512,384,-,0,0,0,0,-1,
2701,Teste 17,107595,17,17,1163,786,0.0,2.73,0,0,512,384,-,0,0,0,0,-1,
2702,Teste 17,107695,100,100,1093,933,0.0,2.66,0,0,512,384,-,0,0,0,0,-1,
2703,Teste 17,107745,50,50,1312,490,0.0,2.6,0,0,512,384,-,0,0,0,0,-1,
2704,Teste 17,107795,50,50,1608,459,0.0,2.71,0,0,512,384,-,0,0,0,0,-1,
2705,Teste 17,107845,50,50,1377,3,0.0,2.69,0,0,512,384,-,0,0,0,0,-1,
2706,Teste 17,107878,33,33,1153,936,0.0,2.66,0,0,512,384,-,0,0,0,0,-1,
2707,Teste 17,107895,17,17,1541,689,0.0,2.78,0,0,512,384,-,0,0,0,0,-1,
2708,Teste 17,107978,83,83,1276,143,0.0,2.71,0,0,512,384,-,0,0,0,0,-1,
2709,Teste 17,108011,33,33,1250,158,0.0,2.61,0,0,512,384,-,0,0,0,0,-1,
2710,Teste 17,108028,17,17,1167,799,0.0,2.82,0,0,512,384,-,0,0,0,0,-1,
2711,Teste 17,108061,33,33,1028,998,0.0,2.82,0,0,512,384,-,0,0,0,0,-1,
2712,Teste 17,108095,33,33,1511,434,0.0,2.6,0,0,512,384,-,0,0,0,0,-1,
2713,Teste 17,108178,83,83,1147,873,0.0,2.61,0,0,512,384,-,0,0,0,0,-1,
2714,Teste 17,108194,17,17,1043,971,0.0,2.73,0,0,512,384,-,0,0,0,0,-1,
2715,Teste 17,108228,33,33,1077,901,0.0,2.78,0,0,512,384,-,0,0,0,0,-1,
2716,Teste 17,108261,33,33,1583,524,0.0,2.58,0,0,512,384,-,0,0,0,0,-1,
2717,Teste 17,108294,33,33,846,1032,0.0,-1.0,0,0,512,384,-,0,0,0,0,-1,
2718,Teste 17,108327,33,33,974,1038,0.0,2.71,0,0,512,384,-,0,0,0,0,-1,
2719,Teste 17,108344,17,17,1012,854,0.0,2.76,0,0,512,384,-,0,0,0,0,-1,
2720,Teste 17,108394,50,50,989,1026,0.0,2.61,0,0,512,384,-,0,0,0,0,-1,
2721,Teste 17,108427,33,33,1316,615,0.0,2.65,0,0,512,384,-,0,0,0,0,-1,
2722,Teste 17,108477,50,50,1454,560,0.0,-1.0,0,0,512,384,-,0,0,0,0,-1,
2723,Teste 17,108510,33,33,998,966,0.0,2.69,0,0,512,384,-,0,0,0,0,-1,
2724,Teste 17,108527,17,17,524,786,0.0,-1.0,0,0,512,384,-,0,0,0,0,-1,
2725,Teste 17,108660,133,133,1530,156,0.0,-1.0,0,0,512,384,-,0,0,0,0,-1,
2726,Teste 17,108743,83,83,1178,838,0.0,2.66,0,0,512,384,-,0,0,0,0,-1,
2727,Teste 17,108793,50,50,988,1028,0.0,2.61,0,0,512,384,-,0,0,0,0,-1,
2728,Teste 17,108893,100,100,1338,838,0.0,1.64,0,0,512,384,-,0,0,0,0,-1,
2729,Teste 17,108910,17,17,1111,908,0.0,2.6,0,0,512,384,-,0,0,0,0,-1,
2730,Teste 17,108926,17,17,577,446,0.0,-1.0,0,0,512,384,3.6,0,0,0,0,-1,
2731,Teste 17,108960,33,33,1095,910,0.0,2.76,0,0,512,384,-,0,0,0,0,-1,
2732,Teste 17,109043,83,83,1567,745,0.0,2.63,0,0,512,384,-,0,0,0,0,-1,
2733,Teste 17,109109,67,67,1218,538,0.0,2.69,0,0,512,384,-,0,0,0,0,-1,
2734,Teste 17,109143,33,33,1161,259,0.0,-1.0,0,0,512,384,-,0,0,0,0,-1,
2735,Teste 17,109176,33,33,1154,725,0.0,2.66,0,0,512,384,-,0,0,0,0,-1,
2736,Teste 17,109475,299,299,1381,492,0.0,2.69,0,0,512,384,-,0,0,0,0,-1,
2737,Teste 17,109525,50,50,1382,150,0.0,2.47,0,0,512,384,-,0,0,0,0,-1,
2738,Teste 17,109542,17,17,1459,850,0.0,2.42,0,0,512,384,-,0,0,0,0,-1,
2739,Teste 17,109558,17,17,1695,583,0.0,2.41,0,0,512,384,-,0,0,0,0,-1,
2740,Teste 17,109642,83,83,1072,837,0.0,2.52,0,0,512,384,-,0,0,0,0,-1,
2741,Teste 17,109675,33,33,1092,713,0.0,-1.0,0,0,512,384,-,0,0,0,0,-1,
2742,Teste 17,109858,183,183,1212,681,0.0,2.2,0,0,512,384,-,0,0,0,0,-1,
2743,Teste 17,109891,33,33,1603,736,0.0,2.6,0,0,512,384,-,0,0,0,0,-1,
2744,Teste 17,109941,50,50,1027,901,0.0,-1.0,0,0,512,384,-,0,0,0,0,-1,
2745,Teste 17,109974,33,33,1381,565,0.0,2.65,0,0,512,384,-,0,0,0,0,-1,
2746,Teste 17,110041,67,67,1099,935,0.0,2.47,0,0,512,384,-,0,0,0,0,-1,
2747,Teste 17,110091,50,50,1168,669,0.0,2.74,0,0,512,384,-,0,0,0,0,-1,
2748,Teste 17,110124,33,33,554,818,0.0,-1.0,0,0,512,384,-,0,0,0,0,-1,
2749,Teste 17,110157,33,33,1539,142,0.0,-1.0,0,0,512,384,-,0,0,0,0,-1,
2750,Teste 17,110191,33,33,1151,874,0.0,2.58,0,0,512,384,-,0,0,0,0,-1,
2751,Teste 17,110207,17,17,1406,298,0.0,2.5,0,0,512,384,-,0,0,0,0,-1,
2752,Teste 17,110274,67,67,1339,541,0.0,2.5,0,0,512,384,-,0,0,0,0,-1,
2753,Teste 17,110307,33,33,1768,798,0.0,2.78,0,0,512,384,-,0,0,0,0,-1,
2754,Teste 17,110340,33,33,1003,1012,0.0,2.69,0,0,512,384,-,0,0,0,0,-1,
2755,Teste 17,110357,17,17,1299,818,0.0,2.57,0,0,512,384,-,0,0,0,0,-1,
2756,Teste 17,110423,67,67,1890,19,0.0,2.71,0,0,512,384,-,0,0,0,0,-1,
2757,Teste 17,110473,50,50,637,1041,0.0,2.01,0,0,512,384,-,0,0,0,0,-1,
2758,Teste 17,110507,33,33,1528,838,0.0,1.57,0,0,512,384,-,0,0,0,0,-1,
2759,Teste 17,110523,17,17,1123,882,0.0,2.58,0,0,512,384,-,0,0,0,0,-1,
2760,Teste 17,110540,17,17,1158,792,0.0,2.55,0,0,512,384,-,0,0,0,0,-1,
2761,Teste 17,110590,50,50,1544,758,0.0,2.52,0,0,512,384,-,0,0,0,0,-1,
2762,Teste 17,110606,17,17,1082,947,0.0,2.66,0,0,512,384,-,0,0,0,0,-1,
2763,Teste 17,110690,83,83,1375,822,0.0,2.57,0,0,512,384,-,0,0,0,0,-1,
2764,Teste 17,110740,50,50,912,1044,0.0,2.52,0,0,512,384,-,0,0,0,0,-1,
2765,Teste 17,110806,67,67,1250,876,0.0,2.39,0,0,512,384,-,0,0,0,0,-1,
2766,Teste 17,110856,50,50,1005,993,0.0,2.74,0,0,512,384,-,0,0,0,0,-1,
2767,Teste 17,110889,33,33,1104,900,0.0,2.33,0,0,512,384,-,0,0,0,0,-1,
2768,Teste 17,110906,17,17,1002,1004,0.0,2.61,0,0,512,384,-,0,0,0,0,-1,
2769,Teste 17,110939,33,33,1339,5,0.0,2.58,0,0,512,384,-,0,0,0,0,-1,
2770,Teste 17,111006,67,67,1530,698,0.0,-1.0,0,0,512,384,-,0,0,0,0,-1,
2771,Teste 17,111056,50,50,1242,623,0.0,2.57,0,0,512,384,-,0,0,0,0,-1,
2772,Teste 17,111122,67,67,1611,713,0.0,2.57,0,0,512,384,-,0,0,0,0,-1,
2773,Teste 17,111255,133,133,184,231,0.0,5.13,0,0,512,384,1,0,0,0,0,-1,
2774,Teste 17,111288,33,33,1718,811,0.0,-1.0,0,0,512,384,-,0,0,0,0,-1,
2775,Teste 17,111322,33,33,1284,885,0.0,-1.0,0,0,512,384,-,0,0,0,0,-1,
2776,Teste 17,111438,116,116,1282,890,0.0,-1.0,0,0,512,384,-,0,0,0,0,-1,
2777,Teste 17,111455,17,17,1176,926,0.0,-1.0,0,0,512,384,-,0,0,0,0,-1,
2778,Teste 17,111471,17,17,1087,588,0.0,-1.0,0,0,512,384,-,0,0,0,0,-1,
2779,Teste 17,111505,33,33,1882,703,0.0,2.41,0,0,512,384,-,0,0,0,0,-1,
2780,Teste 17,111521,17,17,998,1015,0.0,2.69,0,0,512,384,-,0,0,0,0,-1,
2781,Teste 17,111588,67,67,1153,659,0.0,2.68,0,0,512,384,-,0,0,0,0,-1,
2782,Teste 17,111638,50,50,1001,1002,0.0,2.73,0,0,512,384,-,0,0,0,0,-1,
2783,Teste 17,111654,17,17,1263,819,0.0,2.66,0,0,512,384,-,0,0,0,0,-1,
2784,Teste 17,111738,83,83,1154,814,0.0,2.52,0,0,512,384,-,0,0,0,0,-1,
2785,Teste 17,111804,67,67,908,667,0.0,-1.0,0,0,512,384,3,0,0,0,0,-1,
2786,Teste 17,111837,33,33,1599,523,0.0,2.53,0,0,512,384,-,0,0,0,0,-1,
2787,Teste 17,111854,17,17,1139,895,0.0,2.52,0,0,512,384,-,0,0,0,0,-1,
2788,Teste 17,111887,33,33,1802,710,0.0,2.45,0,0,512,384,-,0,0,0,0,-1,
2789,Teste 17,111921,33,33,1126,892,0.0,2.63,0,0,512,384,-,0,0,0,0,-1,
2790,Teste 17,111937,17,17,1397,694,0.0,2.68,0,0,512,384,-,0,0,0,0,-1,
2791,Teste 17,112020,83,83,1302,627,0.0,2.47,0,0,512,384,-,0,0,0,0,-1,
2792,Teste 17,112037,17,17,959,1032,0.0,-1.0,0,0,512,384,-,0,0,0,0,-1,
2793,Teste 17,112087,50,50,1010,956,0.0,2.69,0,0,512,384,-,0,0,0,0,-1,
2794,Teste 17,112120,33,33,1248,531,0.0,2.66,0,0,512,384,-,0,0,0,0,-1,
2795,Teste 17,112154,33,33,1187,814,0.0,-1.0,0,0,512,384,-,0,0,0,0,-1,
2796,Teste 17,112170,17,17,1218,758,0.0,2.79,0,0,512,384,-,0,0,0,0,-1,
2797,Teste 17,112237,67,67,1084,944,0.0,2.52,0,0,512,384,-,0,0,0,0,-1,
2798,Teste 17,112253,17,17,978,1035,0.0,2.52,0,0,512,384,-,0,0,0,0,-1,
2799,Teste 17,112320,67,67,1226,675,0.0,2.57,0,0,512,384,-,0,0,0,0,-1,
2800,Teste 17,112403,83,83,1506,495,0.0,-1.0,0,0,512,384,-,0,0,0,0,-1,
2801,Teste 17,112420,17,17,1302,465,0.0,2.5,0,0,512,384,-,0,0,0,0,-1,
2802,Teste 17,112486,67,67,1379,115,0.0,2.61,0,0,512,384,-,0,0,0,0,-1,
2803,Teste 17,112536,50,50,1351,737,0.0,2.5,0,0,512,384,-,0,0,0,0,-1,
2804,Teste 17,112569,33,33,1420,7,0.0,2.52,0,0,512,384,-,0,0,0,0,-1,
2805,Teste 17,112603,33,33,1215,641,0.0,2.74,0,0,512,384,-,0,0,0,0,-1,
2806,Teste 17,112619,17,17,289,142,0.0,2.84,0,0,512,384,1,0,0,0,0,-1,
2807,Teste 17,112669,50,50,135,23,0.0,-1.0,0,0,512,384,1,0,0,0,0,-1,
2808,Teste 17,112752,83,83,95,76,0.0,5.39,0,0,512,384,1,0,0,0,0,-1,
2809,Teste 17,112819,67,67,145,229,0.0,5.23,0,0,512,384,1,0,0,0,0,-1,
2810,Teste 17,113002,183,183,1219,909,0.0,-1.0,0,0,512,384,-,0,0,0,0,-1,
2811,Teste 17,113019,17,17,1305,725,0.0,2.42,0,0,512,384,-,0,0,0,0,-1,
2812,Teste 17,113035,17,17,1484,547,0.0,2.45,0,0,512,384,-,0,0,0,0,-1,
2813,Teste 17,113068,33,33,1162,680,0.0,2.71,0,0,512,384,-,0,0,0,0,-1,
2814,Teste 17,113085,17,17,1009,997,0.0,2.55,0,0,512,384,-,0,0,0,0,-1,
2815,Teste 17,113118,33,33,1379,866,0.0,2.41,0,0,512,384,-,0,0,0,0,-1,
2816,Teste 17,113202,83,83,1185,542,0.0,2.66,0,0,512,384,-,0,0,0,0,-1,
2817,Teste 17,113268,67,67,1504,694,0.0,2.49,0,0,512,384,-,0,0,0,0,-1,
2818,Teste 17,113285,17,17,1270,402,0.0,2.5,0,0,512,384,-,0,0,0,0,-1,
2819,Teste 17,113351,67,67,1160,635,0.0,2.53,0,0,512,384,-,0,0,0,0,-1,
2820,Teste 17,113401,50,50,1384,799,0.0,2.55,0,0,512,384,-,0,0,0,0,-1,
2821,Teste 17,113468,67,67,1113,625,0.0,-1.0,0,0,512,384,-,0,0,0,0,-1,
2822,Teste 17,113518,50,50,396,867,0.0,-1.0,0,0,512,384,-,0,0,0,0,-1,
2823,Teste 17,113601,83,83,1294,353,0.0,2.63,0,0,512,384,-,0,0,0,0,-1,
2824,Teste 17,113651,50,50,1440,696,0.0,2.45,0,0,512,384,-,0,0,0,0,-1,
2825,Teste 17,113767,116,116,1401,855,0.0,2.61,0,0,512,384,-,0,0,0,0,-1,
2826,Teste 17,113784,17,17,1113,778,0.0,2.58,0,0,512,384,-,0,0,0,0,-1,
2827,Teste 17,113817,33,33,1184,786,0.0,2.52,0,0,512,384,-,0,0,0,0,-1,
2828,Teste 17,113850,33,33,1124,894,0.0,2.55,0,0,512,384,-,0,0,0,0,-1,
2829,Teste 17,113867,17,17,1461,846,0.0,2.58,0,0,512,384,-,0,0,0,0,-1,
2830,Teste 17,113900,33,33,1288,347,0.0,2.52,0,0,512,384,-,0,0,0,0,-1,
2831,Teste 17,113950,50,50,1564,237,0.0,-1.0,0,0,512,384,-,0,0,0,0,-1,
2832,Teste 17,113967,17,17,1163,760,0.0,2.57,0,0,512,384,-,0,0,0,0,-1,
2833,Teste 17,114033,67,67,1098,932,0.0,2.66,0,0,512,384,-,0,0,0,0,-1,
2834,Teste 17,114100,67,67,1201,620,0.0,2.57,0,0,512,384,-,0,0,0,0,-1,
2835,Teste 17,114133,33,33,609,1012,0.0,-1.0,0,0,512,384,-,0,0,0,0,-1,
2836,Teste 17,114200,67,67,889,708,0.0,2.63,0,0,512,384,3,0,0,0,0,-1,
2837,Teste 17,114216,17,17,1224,558,0.0,2.69,0,0,512,384,-,0,0,0,0,-1,
2838,Teste 17,114250,33,33,1075,916,0.0,2.73,0,0,512,384,-,0,0,0,0,-1,
2839,Teste 17,114266,17,17,1243,558,0.0,2.76,0,0,512,384,-,0,0,0,0,-1,
2840,Teste 17,114299,33,33,1401,820,0.0,2.71,0,0,512,384,-,0,0,0,0,-1,
2841,Teste 17,114383,83,83,1215,392,0.0,2.78,0,0,512,384,-,0,0,0,0,-1,
2842,Teste 17,114399,17,17,643,1026,0.0,-1.0,0,0,512,384,-,0,0,0,0,-1,
2843,Teste 17,114433,33,33,1084,845,0.0,2.79,0,0,512,384,-,0,0,0,0,-1,
2844,Teste 17,114482,50,50,1284,352,0.0,2.44,0,0,512,384,-,0,0,0,0,-1,
2845,Teste 17,114516,33,33,1615,661,0.0,2.61,0,0,512,384,-,0,0,0,0,-1,
2846,Teste 17,114549,33,33,1218,564,0.0,2.61,0,0,512,384,-,0,0,0,0,-1,
2847,Teste 17,114566,17,17,1028,1000,0.0,2.61,0,0,512,384,-,0,0,0,0,-1,
2848,Teste 17,114632,67,67,963,1047,0.0,-1.0,0,0,512,384,-,0,0,0,0,-1,
2849,Teste 17,114665,33,33,1249,287,0.0,2.66,0,0,512,384,-,0,0,0,0,-1,
2850,Teste 17,114682,17,17,1129,664,0.0,2.73,0,0,512,384,-,0,0,0,0,-1,
2851,Teste 17,114715,33,33,1109,472,0.0,2.6,0,0,512,384,-,0,0,0,0,-1,
2852,Teste 17,114732,17,17,1764,678,0.0,2.74,0,0,512,384,-,0,0,0,0,-1,
2853,Teste 17,114782,50,50,430,1080,0.0,1.59,0,0,512,384,-,0,0,0,0,-1,
2854,Teste 17,114865,83,83,1043,958,0.0,-1.0,0,0,512,384,-,0,0,0,0,-1,
2855,Teste 17,114882,17,17,973,1013,0.0,2.57,0,0,512,384,-,0,0,0,0,-1,
2856,Teste 17,114915,33,33,1064,864,0.0,2.65,0,0,512,384,-,0,0,0,0,-1,
2857,Teste 17,114932,17,17,864,987,0.0,2.68,0,0,512,384,-,0,0,0,0,-1,
2858,Teste 17,114948,17,17,943,1063,0.0,2.66,0,0,512,384,-,0,0,0,0,-1,
2859,Teste 17,114981,33,33,1042,952,0.0,2.74,0,0,512,384,-,0,0,0,0,-1,
2860,Teste 17,114998,17,17,1126,664,0.0,2.74,0,0,512,384,-,0,0,0,0,-1,
2861,Teste 17,115015,17,17,1196,595,0.0,2.61,0,0,512,384,-,0,0,0,0,-1,
2862,Teste 17,115065,50,50,1169,579,0.0,2.55,0,0,512,384,-,0,0,0,0,-1,
2863,Teste 17,115098,33,33,1406,753,0.0,2.57,0,0,512,384,-,0,0,0,0,-1,
2864,Teste 17,115148,50,50,1327,255,0.0,2.6,0,0,512,384,-,0,0,0,0,-1,
2865,Teste 17,115164,17,17,1045,967,0.0,2.63,0,0,512,384,-,0,0,0,0,-1,
2866,Teste 17,115198,33,33,1069,887,0.0,2.58,0,0,512,384,-,0,0,0,0,-1,
2867,Teste 17,115214,17,17,879,982,0.0,2.71,0,0,512,384,-,0,0,0,0,-1,
2868,Teste 17,115231,17,17,454,1070,0.0,1.64,0,0,512,384,-,0,0,0,0,-1,
2869,Teste 17,115248,17,17,1055,925,0.0,-1.0,0,0,512,384,-,0,0,0,0,-1,
2870,Teste 17,115264,17,17,1331,288,0.0,-1.0,0,0,512,384,-,0,0,0,0,-1,
2871,Teste 17,115298,33,33,1016,982,0.0,2.68,0,0,512,384,-,0,0,0,0,-1,
2872,Teste 17,115314,17,17,996,1023,0.0,2.68,0,0,512,384,-,0,0,0,0,-1,
2873,Teste 17,115331,17,17,1311,424,0.0,2.69,0,0,512,384,-,0,0,0,0,-1,
2874,Teste 17,115364,33,33,1422,693,0.0,2.65,0,0,512,384,-,0,0,0,0,-1,
2875,Teste 17,115397,33,33,1045,990,0.0,2.6,0,0,512,384,-,0,0,0,0,-1,
2876,Teste 17,115431,33,33,1189,912,0.0,-1.0,0,0,512,384,-,0,0,0,0,-1,
2877,Teste 17,115497,67,67,995,1010,0.0,2.65,0,0,512,384,-,0,0,0,0,-1,
2878,Teste 17,115514,17,17,1243,777,0.0,-1.0,0,0,512,384,-,0,0,0,0,-1,
2879,Teste 17,115530,17,17,1075,878,0.0,2.65,0,0,512,384,-,0,0,0,0,-1,
2880,Teste 17,115564,33,33,1207,420,0.0,2.71,0,0,512,384,-,0,0,0,0,-1,
2881,Teste 17,115580,17,17,1240,141,0.0,2.63,0,0,512,384,-,0,0,0,0,-1,
2882,Teste 17,115597,17,17,1415,716,0.0,2.6,0,0,512,384,-,0,0,0,0,-1,
2883,Teste 17,115647,50,50,1092,782,0.0,2.61,0,0,512,384,-,0,0,0,0,-1,
2884,Teste 17,115663,17,17,1138,626,0.0,2.63,0,0,512,384,-,0,0,0,0,-1,
2885,Teste 17,115713,50,50,1187,471,0.0,2.68,0,0,512,384,-,0,0,0,0,-1,
2886,Teste 17,115730,17,17,995,1021,0.0,2.66,0,0,512,384,-,0,0,0,0,-1,
2887,Teste 17,115780,50,50,1566,828,0.0,1.65,0,0,512,384,-,0,0,0,0,-1,
2888,Teste 17,115797,17,17,1189,456,0.0,2.66,0,0,512,384,-,0,0,0,0,-1,
2889,Teste 17,115830,33,33,1308,847,0.0,2.73,0,0,512,384,-,0,0,0,0,-1,
2890,Teste 17,115846,17,17,1477,832,0.0,2.74,0,0,512,384,-,0,0,0,0,-1,
2891,Teste 17,115896,50,50,1072,901,0.0,2.68,0,0,512,384,-,0,0,0,0,-1,
2892,Teste 17,115913,17,17,1059,921,0.0,2.73,0,0,512,384,-,0,0,0,0,-1,
2893,Teste 17,115930,17,17,1073,916,0.0,2.69,0,0,512,384,-,0,0,0,0,-1,
2894,Teste 17,115963,33,33,1095,885,0.0,2.66,0,0,512,384,-,0,0,0,0,-1,
2895,Teste 17,115980,17,17,1892,648,0.0,2.63,0,0,512,384,-,0,0,0,0,-1,
2896,Teste 17,116013,33,33,1235,423,0.0,2.65,0,0,512,384,-,0,0,0,0,-1,
2897,Teste 17,116029,17,17,928,1023,0.0,2.63,0,0,512,384,-,0,0,0,0,-1,
2898,Teste 17,116046,17,17,1208,527,0.0,2.66,0,0,512,384,-,0,0,0,0,-1,
2899,Teste 17,116079,33,33,1278,294,0.0,2.68,0,0,512,384,-,0,0,0,0,-1,
2900,Teste 17,116096,17,17,1157,825,0.0,2.55,0,0,512,384,-,0,0,0,0,-1,
2901,Teste 17,116113,17,17,1507,238,0.0,2.71,0,0,512,384,-,0,0,0,0,-1,
2902,Teste 17,116129,17,17,978,1036,0.0,2.73,0,0,512,384,-,0,0,0,0,-1,
2903,Teste 17,116146,17,17,1229,344,0.0,2.63,0,0,512,384,-,0,0,0,0,-1,
2904,Teste 17,116179,33,33,973,1040,0.0,2.79,0,0,512,384,-,0,0,0,0,-1,
2905,Teste 17,116229,50,50,1030,974,0.0,-1.0,0,0,512,384,-,0,0,0,0,-1,
2906,Teste 17,116329,100,100,1544,818,0.0,2.71,0,0,512,384,-,0,0,0,0,-1,
2907,Teste 17,116362,33,33,1234,405,0.0,2.61,0,0,512,384,-,0,0,0,0,-1,
2908,Teste 17,116379,17,17,1099,886,0.0,2.73,0,0,512,384,-,0,0,0,0,-1,
2909,Teste 17,116412,33,33,1144,843,0.0,2.73,0,0,512,384,-,0,0,0,0,-1,
2910,Teste 17,116445,33,33,1148,843,0.0,2.81,0,0,512,384,-,0,0,0,0,-1,
2911,Teste 17,116479,33,33,1104,830,0.0,-1.0,0,0,512,384,-,0,0,0,0,-1,
2912,Teste 17,116529,50,50,1279,775,0.0,2.6,0,0,512,384,-,0,0,0,0,-1,
2913,Teste 17,116578,50,50,1133,897,0.0,2.66,0,0,512,384,-,0,0,0,0,-1,
2914,Teste 17,116595,17,17,1492,815,0.0,2.74,0,0,512,384,-,0,0,0,0,-1,
2915,Teste 17,116628,33,33,1071,929,0.0,2.53,0,0,512,384,-,0,0,0,0,-1,
2916,Teste 17,116678,50,50,1256,105,0.0,2.68,0,0,512,384,-,0,0,0,0,-1,
2917,Teste 17,116695,17,17,999,1018,0.0,2.73,0,0,512,384,-,0,0,0,0,-1,
2918,Teste 17,116728,33,33,1374,409,0.0,2.63,0,0,512,384,-,0,0,0,0,-1,
2919,Teste 17,116745,17,17,1143,895,0.0,2.61,0,0,512,384,-,0,0,0,0,-1,
2920,Teste 17,116795,50,50,1342,108,0.0,2.68,0,0,512,384,-,0,0,0,0,-1,
2921,Teste 17,116811,17,17,1248,782,0.0,2.76,0,0,512,384,-,0,0,0,0,-1,
2922,Teste 17,116861,50,50,969,995,0.0,-1.0,0,0,512,384,-,0,0,0,0,-1,
2923,Teste 17,116878,17,17,1252,900,0.0,2.76,0,0,512,384,-,0,0,0,0,-1,
2924,Teste 17,116911,33,33,1349,852,0.0,2.65,0,0,512,384,-,0,0,0,0,-1,
2925,Teste 17,116928,17,17,1140,771,0.0,2.6,0,0,512,384,-,0,0,0,0,-1,
2926,Teste 17,116961,33,33,1866,792,0.0,2.71,0,0,512,384,-,0,0,0,0,-1,
2927,Teste 17,116994,33,33,1297,329,0.0,2.65,0,0,512,384,-,0,0,0,0,-1,
2928,Teste 17,117028,33,33,1173,839,0.0,2.69,0,0,512,384,-,0,0,0,0,-1,
2929,Teste 17,117044,17,17,1132,929,0.0,2.63,0,0,512,384,-,0,0,0,0,-1,
2930,Teste 17,117077,33,33,1483,716,0.0,2.55,0,0,512,384,-,0,0,0,0,-1,
2931,Teste 17,117127,50,50,1005,1003,0.0,2.71,0,0,512,384,-,0,0,0,0,-1,
2932,Teste 17,117144,17,17,1023,997,0.0,2.58,0,0,512,384,-,0,0,0,0,-1,
2933,Teste 17,117161,17,17,1410,860,0.0,2.66,0,0,512,384,-,0,0,0,0,-1,
2934,Teste 17,117194,33,33,1087,950,0.0,2.63,0,0,512,384,-,0,0,0,0,-1,
2935,Teste 17,117294,100,100,1073,885,0.0,2.6,0,0,512,384,-,0,0,0,0,-1,
2936,Teste 17,117310,17,17,1642,765,0.0,2.65,0,0,512,384,-,0,0,0,0,-1,
2937,Teste 17,117327,17,17,1834,621,0.0,-1.0,0,0,512,384,-,0,0,0,0,-1,
2938,Teste 17,117344,17,17,1138,651,0.0,2.74,0,0,512,384,-,0,0,0,0,-1,
2939,Teste 17,117394,50,50,1367,187,0.0,2.6,0,0,512,384,-,0,0,0,0,-1,
2940,Teste 17,117410,17,17,959,1048,0.0,2.74,0,0,512,384,-,0,0,0,0,-1,
2941,Teste 17,117427,17,17,941,709,0.0,-1.0,0,0,512,384,3,0,0,0,0,-1,
2942,Teste 17,117493,67,67,989,1016,0.0,2.74,0,0,512,384,-,0,0,0,0,-1,
2943,Teste 17,117510,17,17,1121,851,0.0,-1.0,0,0,512,384,-,0,0,0,0,-1,
2944,Teste 17,117543,33,33,1004,1007,0.0,2.66,0,0,512,384,-,0,0,0,0,-1,
2945,Teste 17,117560,17,17,966,1044,0.0,2.74,0,0,512,384,-,0,0,0,0,-1,
2946,Teste 17,117593,33,33,1155,851,0.0,2.66,0,0,512,384,-,0,0,0,0,-1,
2947,Teste 17,117626,33,33,1042,927,0.0,2.76,0,0,512,384,-,0,0,0,0,-1,
2948,Teste 17,117643,17,17,1006,986,0.0,-1.0,0,0,512,384,-,0,0,0,0,-1,
2949,Teste 17,117676,33,33,1155,562,0.0,2.63,0,0,512,384,-,0,0,0,0,-1,
2950,Teste 17,117710,33,33,1088,954,0.0,2.6,0,0,512,384,-,0,0,0,0,-1,
2951,Teste 17,117743,33,33,944,1060,0.0,-1.0,0,0,512,384,-,0,0,0,0,-1,
2952,Teste 17,117776,33,33,1206,451,0.0,2.63,0,0,512,384,-,0,0,0,0,-1,
2953,Teste 17,117809,33,33,1006,988,0.0,-1.0,0,0,512,384,-,0,0,0,0,-1,
2954,Teste 17,117826,17,17,1397,726,0.0,2.57,0,0,512,384,-,0,0,0,0,-1,
2955,Teste 17,117876,50,50,1045,937,0.0,2.82,0,0,512,384,-,0,0,0,0,-1,
2956,Teste 17,117926,50,50,1024,995,0.0,-1.0,0,0,512,384,-,0,0,0,0,-1,
2957,Teste 17,117959,33,33,1111,781,0.0,-1.0,0,0,512,384,-,0,0,0,0,-1,
2958,Teste 17,117976,17,17,966,1046,0.0,2.78,0,0,512,384,-,0,0,0,0,-1,
2959,Teste 17,117992,17,17,946,1057,0.0,2.68,0,0,512,384,-,0,0,0,0,-1,
2960,Teste 17,118009,17,17,850,1043,0.0,2.61,0,0,512,384,-,0,0,0,0,-1,
2961,Teste 17,118042,33,33,968,1041,0.0,-1.0,0,0,512,384,-,0,0,0,0,-1,
2962,Teste 17,118076,33,33,1023,991,0.0,-1.0,0,0,512,384,-,0,0,0,0,-1,
2963,Teste 17,118092,17,17,989,1018,0.0,-1.0,0,0,512,384,-,0,0,0,0,-1,
2964,Teste 17,118192,100,100,1123,916,0.0,2.65,0,0,512,384,-,0,0,0,0,-1,
2965,Teste 17,118209,17,17,980,1023,0.0,2.73,0,0,512,384,-,0,0,0,0,-1,
2966,Teste 17,118275,67,67,1272,521,0.0,2.76,0,0,512,384,-,0,0,0,0,-1,
2967,Teste 17,118325,50,50,1047,987,0.0,2.66,0,0,512,384,-,0,0,0,0,-1,
2968,Teste 17,118375,50,50,1110,921,0.0,2.74,0,0,512,384,-,0,0,0,0,-1,
2969,Teste 17,118425,50,50,981,1033,0.0,2.73,0,0,512,384,-,0,0,0,0,-1,
2970,Teste 17,118475,50,50,1011,950,0.0,1.72,0,0,512,384,-,0,0,0,0,-1,
2971,Teste 17,118491,17,17,949,1052,0.0,-1.0,0,0,512,384,-,0,0,0,0,-1,
2972,Teste 17,118608,116,116,1114,866,0.0,2.84,0,0,512,384,-,0,0,0,0,-1,
2973,Teste 17,119024,416,416,101,159,0.0,5.09,0,0,512,384,1,0,0,0,0,-1,
2974,Teste 17,119340,316,316,276,343,0.0,-1.0,0,0,512,384,1,0,0,0,0,-1,
2975,Teste 17,119523,183,183,336,353,0.0,2.61,0,0,512,384,1,0,0,0,0,-1,
2976,Teste 17,119589,67,67,569,306,-1.0,0.0,0,0,512,384,1.4,0,0,0,0,-1,
2977,Teste 17,119606,17,17,542,255,-1.0,0.0,0,0,512,384,1,0,0,0,0,-1,
2978,Teste 17,119639,33,33,554,361,4.24,4.8,0,0,512,384,1.4,0,0,0,0,-1,
2979,Teste 17,119656,17,17,566,280,4.2,0.0,0,0,512,384,1,0,0,0,0,-1,
2980,Teste 17,119673,17,17,560,283,4.38,0.0,0,0,512,384,1.4,0,0,0,0,-1,
2981,Teste 17,119689,17,17,544,442,4.64,0.0,0,0,512,384,3.6,0,0,0,0,-1,
2982,Teste 17,119706,17,17,554,295,4.06,0.0,0,0,512,384,1.4,0,0,0,0,-1,
2983,Teste 17,119722,17,17,556,305,4.12,0.0,0,0,512,384,1.4,0,0,0,0,-1,
2984,Teste 17,119739,17,17,556,315,4.11,0.0,0,0,512,384,1.4,0,0,0,0,-1,
2985,Teste 17,119756,17,17,563,384,4.52,0.0,0,0,512,384,2.5,0,0,0,0,-1,
2986,Teste 17,119772,17,17,556,328,4.17,-1.0,0,0,512,384,1.4,0,0,0,0,-1,
2987,Teste 17,119789,17,17,555,425,4.65,-1.0,0,0,512,384,3.6,0,0,0,0,-1,
2988,Teste 17,119806,17,17,555,326,4.11,0.0,0,0,512,384,1.4,0,0,0,0,-1,
2989,Teste 17,119822,17,17,553,464,4.67,0.0,0,0,512,384,3.6,0,0,0,0,-1,
2990,Teste 17,119839,17,17,521,355,4.03,0.0,0,0,512,384,1.4,0,0,0,0,-1,
2991,Teste 17,119856,17,17,508,341,4.07,0.0,0,0,512,384,1.4,0,0,0,0,-1,
2992,Teste 17,119872,17,17,516,370,4.03,0.0,0,0,512,384,2.5,0,0,0,0,-1,
2993,Teste 17,119889,17,17,509,391,4.27,0.0,0,0,512,384,2.5,0,0,0,0,-1,
2994,Teste 17,119905,17,17,512,398,4.27,0.0,0,0,512,384,2.5,0,0,0,0,-1,
2995,Teste 17,119922,17,17,507,386,3.96,0.0,0,0,512,384,2.5,0,0,0,0,-1,
2996,Teste 17,119939,17,17,514,392,3.96,0.0,0,0,512,384,2.5,0,0,0,0,-1,
2997,Teste 17,119955,17,17,454,412,4.14,0.0,0,0,512,384,2.5,0,0,0,0,-1,
2998,Teste 17,119972,17,17,506,406,3.83,0.0,0,0,512,384,2.5,0,0,0,0,-1,
2999,Teste 17,119989,17,17,521,251,-1.0,0.0,0,0,512,384,1,0,0,0,0,-1,
3000,Teste 17,120005,17,17,491,416,3.87,0.0,0,0,512,384,3.6,0,0,0,0,-1,
3001,Teste 17,120022,17,17,518,399,3.75,0.0,0,0,512,384,2.5,0,0,0,0,-1,
3002,Teste 17,120039,17,17,514,402,3.74,0.0,0,0,512,384,2.5,0,0,0,0,-1,
3003,Teste 17,120055,17,17,508,420,3.67,0.0,0,0,512,384,3.6,0,0,0,0,-1,
3004,Teste 17,120072,17,17,511,427,3.67,0.0,0,0,512,384,3.6,0,0,0,0,-1,
3005,Teste 17,120088,17,17,515,313,3.63,0.0,0,0,512,384,1.4,0,0,0,0,-1,
3006,Teste 17,120105,17,17,519,329,3.61,0.0,0,0,512,384,1.4,0,0,0,0,-1,
3007,Teste 17,120122,17,17,520,337,3.58,0.0,0,0,512,384,1.4,0,0,0,0,-1,
3008,Teste 17,120138,17,17,523,316,3.59,0.0,0,0,512,384,1.4,0,0,0,0,-1,
3009,Teste 17,120155,17,17,522,338,3.64,-1.0,0,0,512,384,1.4,0,0,0,0,-1,
3010,Teste 17,120172,17,17,515,332,3.58,-1.0,0,0,512,384,1.4,0,0,0,0,-1,
3011,Teste 17,120188,17,17,518,333,3.53,4.75,0,0,512,384,1.4,0,0,0,0,-1,
3012,Teste 17,120205,17,17,518,334,3.5,-1.0,0,0,512,384,1.4,0,0,0,0,-1,
3013,Teste 17,120221,17,17,524,320,3.55,0.0,0,0,512,384,1.4,0,0,0,0,-1,
3014,Teste 17,120238,17,17,522,328,3.51,0.0,0,0,512,384,1.4,0,0,0,0,-1,
3015,Teste 17,120255,17,17,523,335,3.53,-1.0,0,0,512,384,1.4,0,0,0,0,-1,
3016,Teste 17,120271,17,17,521,351,3.53,0.0,0,0,512,384,1.4,0,0,0,0,-1,
3017,Teste 17,120288,17,17,520,336,3.48,-1.0,0,0,512,384,1.4,0,0,0,0,-1,
3018,Teste 17,120305,17,17,521,316,3.43,-1.0,0,0,512,384,1.4,0,0,0,0,-1,
3019,Teste 17,120321,17,17,538,376,3.46,-1.0,0,0,512,384,2.5,0,0,0,0,-1,
3020,Teste 17,120338,17,17,533,415,3.5,0.0,0,0,512,384,5.6,0,0,0,0,-1,
3021,Teste 17,120355,17,17,495,510,3.64,0.0,0,0,512,384,3.6,0,0,0,0,-1,
3022,Teste 17,120371,17,17,526,408,3.46,0.0,0,0,512,384,2.5,0,0,0,0,-1,
3023,Teste 17,120388,17,17,534,420,3.46,0.0,0,0,512,384,3.6,0,0,0,0,-1,
3024,Teste 17,120404,17,17,521,401,3.46,0.0,0,0,512,384,2.5,0,0,0,0,-1,
3025,Teste 17,120421,17,17,522,411,3.45,5.52,0,0,512,384,2.5,0,0,0,0,-1,
3026,Teste 17,120438,17,17,531,395,3.46,0.0,0,0,512,384,2.5,0,0,0,0,-1,
3027,Teste 17,120454,17,17,530,405,3.46,0.0,0,0,512,384,2.5,0,0,0,0,-1,
3028,Teste 17,120471,17,17,530,400,3.45,-1.0,0,0,512,384,2.5,0,0,0,0,-1,
3029,Teste 17,120488,17,17,537,404,3.48,0.0,0,0,512,384,2.5,0,0,0,0,-1,
3030,Teste 17,120504,17,17,530,414,3.53,5.1,0,0,512,384,2.5,0,0,0,0,-1,
3031,Teste 17,120521,17,17,526,397,3.43,0.0,0,0,512,384,2.5,0,0,0,0,-1,
3032,Teste 17,120538,17,17,541,404,3.51,-1.0,0,0,512,384,2.5,0,0,0,0,-1,
3033,Teste 17,120554,17,17,520,387,3.5,-1.0,0,0,512,384,2.5,0,0,0,0,-1,
3034,Teste 17,120571,17,17,542,417,3.53,0.0,0,0,512,384,3.6,0,0,0,0,-1,
3035,Teste 17,120587,17,17,534,400,3.51,0.0,0,0,512,384,2.5,0,0,0,0,-1,
3036,Teste 17,120604,17,17,515,334,3.55,4.83,0,0,512,384,1.4,0,0,0,0,-1,
3037,Teste 17,120621,17,17,508,348,3.53,-1.0,0,0,512,384,1.4,0,0,0,0,-1,
3038,Teste 17,120637,17,17,507,342,3.59,-1.0,0,0,512,384,1.4,0,0,0,0,-1,
3039,Teste 17,120654,17,17,508,414,3.61,0.0,0,0,512,384,2.5,0,0,0,0,-1,
3040,Teste 17,120671,17,17,509,336,3.56,0.0,0,0,512,384,1.4,0,0,0,0,-1,
3041,Teste 17,120687,17,17,513,313,3.56,0.0,0,0,512,384,1.4,0,0,0,0,-1,
3042,Teste 17,120704,17,17,513,338,3.56,5.31,0,0,512,384,1.4,0,0,0,0,-1,
3043,Teste 17,120721,17,17,506,416,3.58,0.0,0,0,512,384,3.6,0,0,0,0,-1,
3044,Teste 17,120737,17,17,518,316,3.55,0.0,0,0,512,384,1.4,0,0,0,0,-1,
3045,Teste 17,120754,17,17,528,317,3.61,-1.0,0,0,512,384,1.4,0,0,0,0,-1,
3046,Teste 17,120770,17,17,515,277,-1.0,-1.0,0,0,512,384,1,0,0,0,0,-1,
3047,Teste 17,120787,17,17,512,405,3.74,4.94,0,0,512,384,2.5,0,0,0,0,-1,
3048,Teste 17,120804,17,17,508,395,4.04,0.0,0,0,512,384,2.5,0,0,0,0,-1,
3049,Teste 17,120820,17,17,494,408,3.8,-1.0,0,0,512,384,2.5,0,0,0,0,-1,
3050,Teste 17,120837,17,17,393,476,4.27,-1.0,0,0,512,384,3,0,0,0,0,-1,
3051,Teste 17,120854,17,17,491,386,3.75,5.68,0,0,512,384,2.5,0,0,0,0,-1,
3052,Teste 17,120870,17,17,497,397,3.74,0.0,0,0,512,384,2.5,0,0,0,0,-1,
3053,Teste 17,120887,17,17,493,333,3.72,0.0,0,0,512,384,1.4,0,0,0,0,-1,
3054,Teste 17,120904,17,17,526,387,3.8,5.15,0,0,512,384,2.5,0,0,0,0,-1,
3055,Teste 17,120920,17,17,492,397,3.87,0.0,0,0,512,384,2.5,0,0,0,0,-1,
3056,Teste 17,120937,17,17,485,384,3.9,0.0,0,0,512,384,2.5,0,0,0,0,-1,
3057,Teste 17,120953,17,17,494,396,3.85,0.0,0,0,512,384,2.5,0,0,0,0,-1,
3058,Teste 17,120970,17,17,396,487,4.46,0.0,0,0,512,384,3,0,0,0,0,-1,
3059,Teste 17,120987,17,17,506,342,3.82,0.0,0,0,512,384,1.4,0,0,0,0,-1,
3060,Teste 17,121003,17,17,505,317,3.77,5.28,0,0,512,384,1.4,0,0,0,0,-1,
3061,Teste 17,121020,17,17,544,361,3.9,0.0,0,0,512,384,1.4,0,0,0,0,-1,
3062,Teste 17,121037,17,17,594,306,3.88,0.0,0,0,512,384,1.4,0,0,0,0,-1,
3063,Teste 17,121053,17,17,577,335,3.95,0.0,0,0,512,384,1.4,0,0,0,0,-1,
3064,Teste 17,121070,17,17,580,341,3.9,0.0,0,0,512,384,1.4,0,0,0,0,-1,
3065,Teste 17,121087,17,17,572,405,4.24,0.0,0,0,512,384,2.5,0,0,0,0,-1,
3066,Teste 17,121103,17,17,586,396,4.27,5.28,0,0,512,384,2,0,0,0,0,-1,
3067,Teste 17,121120,17,17,580,384,4.14,0.0,0,0,512,384,2.5,0,0,0,0,-1,
3068,Teste 17,121136,17,17,570,415,4.25,0.0,0,0,512,384,5.6,0,0,0,0,-1,
3069,Teste 17,121153,17,17,567,432,4.2,0.0,0,0,512,384,3.6,0,0,0,0,-1,
3070,Teste 17,121170,17,17,565,388,4.2,0.0,0,0,512,384,2.5,0,0,0,0,-1,
3071,Teste 17,121186,17,17,573,424,4.32,0.0,0,0,512,384,3.6,0,0,0,0,-1,
3072,Teste 17,121203,17,17,513,459,4.43,0.0,0,0,512,384,3.6,0,0,0,0,-1,
3073,Teste 17,121220,17,17,562,407,4.25,0.0,0,0,512,384,2.5,0,0,0,0,-1,
3074,Teste 17,121236,17,17,538,450,4.22,5.25,0,0,512,384,3.6,0,0,0,0,-1,
3075,Teste 17,121253,17,17,547,437,4.27,0.0,0,0,512,384,3.6,0,0,0,0,-1,
3076,Teste 17,121270,17,17,533,446,4.22,0.0,0,0,512,384,3.6,0,0,0,0,-1,
3077,Teste 17,121536,266,266,272,288,0.0,-1.0,0,0,512,384,1,0,0,0,0,-1,
3078,Teste 17,123266,1730,1730,46,28,0.0,5.74,0,0,512,384,1,0,0,0,0,-1,
3079,Teste 17,123299,33,33,167,127,0.0,-1.0,0,0,512,384,1,0,0,0,0,-1,
3080,Teste 17,123332,33,33,233,135,0.0,3.53,0,0,512,384,1,0,0,0,0,-1,
3081,Teste 17,123914,582,582,53,501,0.0,-1.0,0,0,512,384,3,0,0,0,0,-1,
3082,Teste 17,124181,266,266,29,57,0.0,5.76,0,0,512,384,1,0,0,0,0,-1,
3083,Teste 17,125794,1614,1614,209,292,0.0,4.81,0,0,512,384,1,0,0,0,0,-1,
3084,Teste 17,126426,632,632,158,86,0.0,-1.0,0,0,512,384,1,0,0,0,0,-1,
3085,Teste 17,126925,499,499,88,263,0.0,-1.0,0,0,512,384,1,0,0,0,0,-1,
3086,Teste 17,127308,383,383,1530,833,0.0,2.78,0,0,512,384,-,0,0,0,0,-1,
3087,Teste 17,127358,50,50,1289,794,0.0,2.69,0,0,512,384,-,0,0,0,0,-1,
3088,Teste 17,127375,17,17,1356,791,0.0,2.53,0,0,512,384,-,0,0,0,0,-1,
3089,Teste 17,127408,33,33,1456,761,0.0,2.73,0,0,512,384,-,0,0,0,0,-1,
3090,Teste 17,127424,17,17,1553,819,0.0,2.66,0,0,512,384,-,0,0,0,0,-1,
3091,Teste 17,127474,50,50,1248,587,0.0,2.73,0,0,512,384,-,0,0,0,0,-1,
3092,Teste 17,127541,67,67,1029,608,0.0,2.53,0,0,512,384,-,0,0,0,0,-1,
3093,Teste 17,127558,17,17,1204,914,0.0,2.69,0,0,512,384,-,0,0,0,0,-1,
3094,Teste 17,127607,50,50,1508,703,0.0,2.79,0,0,512,384,-,0,0,0,0,-1,
3095,Teste 17,127624,17,17,1011,571,0.0,2.79,0,0,512,384,3,0,0,0,0,-1,
3096,Teste 17,127790,166,166,141,44,0.0,4.76,0,0,512,384,1,0,0,0,0,-1,
3097,Teste 17,127890,100,100,107,225,0.0,4.88,0,0,512,384,1,0,0,0,0,-1,
3098,Teste 17,127940,50,50,58,73,0.0,4.96,0,0,512,384,1,0,0,0,0,-1,
3099,Teste 17,128789,848,848,1529,837,0.0,2.76,0,0,512,384,-,0,0,0,0,-1,
3100,Teste 17,128805,17,17,1377,850,0.0,2.57,0,0,512,384,-,0,0,0,0,-1,
3101,Teste 17,128872,67,67,1790,722,0.0,-1.0,0,0,512,384,-,0,0,0,0,-1,
3102,Teste 17,129221,349,349,1628,824,0.0,2.52,0,0,512,384,-,0,0,0,0,-1,
3103,Teste 17,129254,33,33,1836,696,0.0,-1.0,0,0,512,384,-,0,0,0,0,-1,
3104,Teste 17,129288,33,33,1647,654,0.0,2.53,0,0,512,384,-,0,0,0,0,-1,
3105,Teste 17,129321,33,33,608,994,0.0,-1.0,0,0,512,384,-,0,0,0,0,-1,
3106,Teste 17,129387,67,67,1335,435,0.0,2.47,0,0,512,384,-,0,0,0,0,-1,
3107,Teste 17,129471,83,83,1566,685,0.0,2.49,0,0,512,384,-,0,0,0,0,-1,
3108,Teste 17,129537,67,67,1322,867,0.0,2.5,0,0,512,384,-,0,0,0,0,-1,
3109,Teste 17,129587,50,50,1075,923,0.0,2.66,0,0,512,384,-,0,0,0,0,-1,
3110,Teste 17,129703,116,116,1332,687,0.0,2.61,0,0,512,384,-,0,0,0,0,-1,
3111,Teste 17,129720,17,17,1195,774,0.0,2.63,0,0,512,384,-,0,0,0,0,-1,
3112,Teste 17,129753,33,33,1340,849,0.0,2.58,0,0,512,384,-,0,0,0,0,-1,
3113,Teste 17,129803,50,50,1099,848,0.0,2.69,0,0,512,384,-,0,0,0,0,-1,
3114,Teste 17,129870,67,67,1478,741,0.0,2.78,0,0,512,384,-,0,0,0,0,-1,
3115,Teste 17,129903,33,33,1244,474,0.0,2.66,0,0,512,384,-,0,0,0,0,-1,
3116,Teste 17,130020,116,116,1087,894,0.0,2.69,0,0,512,384,-,0,0,0,0,-1,
3117,Teste 17,130036,17,17,1820,689,0.0,2.65,0,0,512,384,-,0,0,0,0,-1,
3118,Teste 17,130069,33,33,1124,838,0.0,2.69,0,0,512,384,-,0,0,0,0,-1,
3119,Teste 17,130086,17,17,868,1034,0.0,2.61,0,0,512,384,-,0,0,0,0,-1,
3120,Teste 17,130169,83,83,1356,94,0.0,2.68,0,0,512,384,-,0,0,0,0,-1,
3121,Teste 17,130203,33,33,982,1033,0.0,2.81,0,0,512,384,-,0,0,0,0,-1,
3122,Teste 17,130219,17,17,1228,560,0.0,2.73,0,0,512,384,-,0,0,0,0,-1,
3123,Teste 17,130252,33,33,1209,593,0.0,2.71,0,0,512,384,-,0,0,0,0,-1,
3124,Teste 17,130302,50,50,894,1040,0.0,2.69,0,0,512,384,-,0,0,0,0,-1,
3125,Teste 17,130336,33,33,1055,956,0.0,2.73,0,0,512,384,-,0,0,0,0,-1,
3126,Teste 17,130352,17,17,1384,864,0.0,2.76,0,0,512,384,-,0,0,0,0,-1,
3127,Teste 17,130369,17,17,1057,938,0.0,2.73,0,0,512,384,-,0,0,0,0,-1,
3128,Teste 17,130419,50,50,1176,702,0.0,2.65,0,0,512,384,-,0,0,0,0,-1,
3129,Teste 17,130435,17,17,993,1011,0.0,2.82,0,0,512,384,-,0,0,0,0,-1,
3130,Teste 17,130668,233,233,143,328,0.0,5.18,0,0,512,384,1,0,0,0,0,-1,
3131,Teste 17,130868,200,200,1525,713,0.0,-1.0,0,0,512,384,-,0,0,0,0,-1,
3132,Teste 17,130934,67,67,133,116,0.0,-1.0,0,0,512,384,1,0,0,0,0,-1,
3133,Teste 17,131201,266,266,41,9,0.0,5.21,0,0,512,384,1,0,0,0,0,-1,
3134,Teste 17,131284,83,83,906,13,-1.0,-1.0,0,0,512,384,1,0,0,0,0,-1,
3135,Teste 17,131367,83,83,1216,831,0.0,2.73,0,0,512,384,-,0,0,0,0,-1,
3136,Teste 17,131400,33,33,1073,847,0.0,2.74,0,0,512,384,-,0,0,0,0,-1,
3137,Teste 17,131434,33,33,1126,936,0.0,2.84,0,0,512,384,-,0,0,0,0,-1,
3138,Teste 17,131467,33,33,1327,594,0.0,2.57,0,0,512,384,-,0,0,0,0,-1,
3139,Teste 17,131500,33,33,1123,906,0.0,2.44,0,0,512,384,-,0,0,0,0,-1,
3140,Teste 17,131567,67,67,964,1031,0.0,2.66,0,0,512,384,-,0,0,0,0,-1,
3141,Teste 17,131683,116,116,1195,804,0.0,2.61,0,0,512,384,-,0,0,0,0,-1,
3142,Teste 17,131700,17,17,1278,369,0.0,2.58,0,0,512,384,-,0,0,0,0,-1,
3143,Teste 17,131733,33,33,1383,151,0.0,2.63,0,0,512,384,-,0,0,0,0,-1,
3144,Teste 17,131866,133,133,1600,735,0.0,-1.0,0,0,512,384,-,0,0,0,0,-1,
3145,Teste 17,132066,200,200,1038,994,0.0,2.73,0,0,512,384,-,0,0,0,0,-1,
3146,Teste 17,132099,33,33,1050,961,0.0,2.74,0,0,512,384,-,0,0,0,0,-1,
3147,Teste 17,132132,33,33,1608,825,0.0,2.6,0,0,512,384,-,0,0,0,0,-1,
3148,Teste 17,132199,67,67,1275,113,0.0,2.74,0,0,512,384,-,0,0,0,0,-1,
3149,Teste 17,132249,50,50,1565,565,0.0,2.49,0,0,512,384,-,0,0,0,0,-1,
3150,Teste 17,132299,50,50,1130,508,0.0,-1.0,0,0,512,384,-,0,0,0,0,-1,
3151,Teste 17,132465,166,166,62,258,0.0,4.19,0,0,512,384,1,0,0,0,0,-1,
3152,Teste 17,132665,200,200,1114,788,0.0,-1.0,0,0,512,384,-,0,0,0,0,-1,
3153,Teste 17,132698,33,33,1272,837,0.0,2.47,0,0,512,384,-,0,0,0,0,-1,
3154,Teste 17,132714,17,17,1426,698,0.0,2.52,0,0,512,384,-,0,0,0,0,-1,
3155,Teste 17,132748,33,33,1491,614,0.0,-1.0,0,0,512,384,-,0,0,0,0,-1,
3156,Teste 17,132781,33,33,1501,781,0.0,2.66,0,0,512,384,-,0,0,0,0,-1,
3157,Teste 17,132798,17,17,1361,779,0.0,2.6,0,0,512,384,-,0,0,0,0,-1,
3158,Teste 17,132881,83,83,1431,764,0.0,2.74,0,0,512,384,-,0,0,0,0,-1,
3159,Teste 17,132897,17,17,1276,714,0.0,2.82,0,0,512,384,-,0,0,0,0,-1,
3160,Teste 17,132914,17,17,1637,713,0.0,2.69,0,0,512,384,-,0,0,0,0,-1,
3161,Teste 17,132947,33,33,1048,985,0.0,2.78,0,0,512,384,-,0,0,0,0,-1,
3162,Teste 17,133014,67,67,1170,919,0.0,2.87,0,0,512,384,-,0,0,0,0,-1,
3163,Teste 17,133047,33,33,1070,825,0.0,2.86,0,0,512,384,-,0,0,0,0,-1,
3164,Teste 17,133114,67,67,1058,813,0.0,2.98,0,0,512,384,-,0,0,0,0,-1,
3165,Teste 17,133147,33,33,1163,825,0.0,3.02,0,0,512,384,-,0,0,0,0,-1,
3166,Teste 17,133230,83,83,1140,666,0.0,-1.0,0,0,512,384,-,0,0,0,0,-1,
3167,Teste 17,133247,17,17,1075,969,0.0,3.14,0,0,512,384,-,0,0,0,0,-1,
3168,Teste 17,133330,83,83,971,1033,0.0,3.1,0,0,512,384,-,0,0,0,0,-1,
3169,Teste 17,133546,216,216,1110,902,0.0,3.08,0,0,512,384,-,0,0,0,0,-1,
3170,Teste 17,134345,798,798,650,618,0.0,-1.0,0,0,512,384,3,0,0,0,0,-1,
3171,Teste 17,134528,183,183,723,927,0.0,-1.0,0,0,512,384,-,0,0,0,0,-1,
3172,Teste 17,134544,17,17,411,317,0.0,-1.0,0,0,512,384,1.4,0,0,0,0,-1,
3173,Teste 17,134677,133,133,390,25,0.0,-1.0,0,0,512,384,1,0,0,0,0,-1,
3174,Teste 17,135443,765,765,1521,676,0.0,-1.0,0,0,512,384,-,0,0,0,0,-1,
3175,Teste 17,135492,50,50,384,847,0.0,-1.0,0,0,512,384,-,0,0,0,0,-1,
3176,Teste 17,135542,50,50,1192,328,0.0,-1.0,0,0,512,384,-,0,0,0,0,-1,
3177,Teste 17,135592,50,50,659,484,0.0,-1.0,0,0,512,384,3,0,0,0,0,-1,
3178,Teste 17,135659,67,67,479,293,0.0,-1.0,0,0,512,384,1.4,0,0,0,0,-1,
3179,Teste 17,135675,17,17,748,603,0.0,-1.0,0,0,512,384,3,0,0,0,0,-1,
3180,Teste 17,135692,17,17,782,328,0.0,-1.0,0,0,512,384,1,0,0,0,0,-1,
3181,Teste 17,135925,233,233,756,445,0.0,-1.0,0,0,512,384,3,0,0,0,0,-1,
3182,Teste 17,136041,116,116,1186,655,0.0,-1.0,0,0,512,384,-,0,0,0,0,-1,
3183,Teste 17,136108,67,67,1451,667,0.0,-1.0,0,0,512,384,-,0,0,0,0,-1,
3184,Teste 17,136125,17,17,1641,800,0.0,-1.0,0,0,512,384,-,0,0,0,0,-1,
3185,Teste 17,136191,67,67,179,146,-1.0,0.0,0,0,512,384,1,0,0,0,0,-1,
3186,Teste 17,136241,50,50,229,447,1.2,0.0,0,0,512,384,3,0,0,0,0,-1,
3187,Teste 17,136441,200,200,78,416,-1.0,4.43,0,0,512,384,3,0,0,0,0,-1,
3188,Teste 17,136457,17,17,79,384,-1.0,0.0,0,0,512,384,2,0,0,0,0,-1,
3189,Teste 17,136590,133,133,338,278,-1.0,0.0,0,0,512,384,1,0,0,0,0,-1,
3190,Teste 17,136690,100,100,1567,765,0.0,4.09,0,0,512,384,-,0,0,0,0,-1,
3191,Teste 17,137156,466,466,46,497,-1.0,0.0,0,0,512,384,3,0,0,0,0,-1,
3192,Teste 17,137173,17,17,286,176,-1.0,0.0,0,0,512,384,1,0,0,0,0,-1,
3193,Teste 17,137206,33,33,109,126,-1.0,0.0,0,0,512,384,1,0,0,0,0,-1,
3194,Teste 17,137522,316,316,1748,132,0.0,-1.0,0,0,512,384,-,0,0,0,0,-1,
3195,Teste 17,137539,17,17,1098,240,0.0,3.03,0,0,512,384,-,0,0,0,0,-1,
3196,Teste 17,137572,33,33,1640,822,0.0,4.17,0,0,512,384,-,0,0,0,0,-1,
3197,Teste 17,137622,50,50,1842,786,0.0,-1.0,0,0,512,384,-,0,0,0,0,-1,
3198,Teste 17,137638,17,17,169,348,-1.0,0.0,0,0,512,384,1,0,0,0,0,-1,
3199,Teste 17,137655,17,17,1781,682,0.0,4.44,0,0,512,384,-,0,0,0,0,-1,
3200,Teste 17,137738,83,83,1070,591,0.0,1.44,0,0,512,384,-,0,0,0,0,-1,
3201,Teste 17,137788,50,50,984,1018,0.0,-1.0,0,0,512,384,-,0,0,0,0,-1,
3202,Teste 17,137838,50,50,1100,955,0.0,-1.0,0,0,512,384,-,0,0,0,0,-1,
3203,Teste 17,137921,83,83,1366,826,0.0,-1.0,0,0,512,384,-,0,0,0,0,-1,
3204,Teste 17,138088,166,166,1359,821,0.0,-1.0,0,0,512,384,-,0,0,0,0,-1,
3205,Teste 17,138271,183,183,1772,735,0.0,4.52,0,0,512,384,-,0,0,0,0,-1,
3206,Teste 17,138287,17,17,1639,119,0.0,1.19,0,0,512,384,-,0,0,0,0,-1,
3207,Teste 17,138387,100,100,1692,421,0.0,-1.0,0,0,512,384,-,0,0,0,0,-1,
3208,Teste 17,138487,100,100,1147,824,0.0,4.4,0,0,512,384,-,0,0,0,0,-1,
3209,Teste 17,138537,50,50,1487,717,0.0,-1.0,0,0,512,384,-,0,0,0,0,-1,
3210,Teste 17,138753,216,216,1305,446,0.0,-1.0,0,0,512,384,-,0,0,0,0,-1,
3211,Teste 17,138853,100,100,1541,310,0.0,-1.0,0,0,512,384,-,0,0,0,0,-1,
3212,Teste 17,138869,17,17,653,503,0.0,-1.0,0,0,512,384,3,0,0,0,0,-1,
3213,Teste 17,139019,150,150,1223,898,0.0,-1.0,0,0,512,384,-,0,0,0,0,-1,
3214,Teste 17,139069,50,50,1179,925,0.0,-1.0,0,0,512,384,-,0,0,0,0,-1,
3215,Teste 17,139102,33,33,1528,706,0.0,-1.0,0,0,512,384,-,0,0,0,0,-1,
3216,Teste 17,139285,183,183,1555,359,0.0,-1.0,0,0,512,384,-,0,0,0,0,-1,
3217,Teste 17,139402,116,116,357,515,0.0,-1.0,0,0,512,384,3,0,0,0,0,-1,
3218,Teste 17,139784,383,383,593,56,0.0,-1.0,0,0,512,384,1,0,0,0,0,-1,
3219,Teste 17,139917,133,133,244,679,1.35,0.0,0,0,512,384,3,0,0,0,0,-1,
3220,Teste 17,140017,100,100,910,62,0.0,-1.0,0,0,512,384,1,0,0,0,0,-1,
3221,Teste 17,140067,50,50,1057,445,0.0,4.3,0,0,512,384,-,0,0,0,0,-1,
3222,Teste 17,140084,17,17,934,1074,0.0,-1.0,0,0,512,384,-,0,0,0,0,-1,
3223,Teste 17,140100,17,17,241,358,0.0,-1.0,0,0,512,384,1,0,0,0,0,-1,
3224,Teste 17,140134,33,33,713,787,0.0,-1.0,0,0,512,384,-,0,0,0,0,-1,
3225,Teste 17,140233,100,100,998,1005,0.0,-1.0,0,0,512,384,-,0,0,0,0,-1,
3226,Teste 17,141448,1214,1214,1328,844,0.0,-1.0,0,0,512,384,-,0,0,0,0,-1,
3227,Teste 17,142013,566,566,923,987,0.0,-1.0,0,0,512,384,-,0,0,0,0,-1,
3228,Teste 17,142030,17,17,1550,683,0.0,-1.0,0,0,512,384,-,0,0,0,0,-1,
3229,Teste 17,142230,200,200,1156,321,0.0,-1.0,0,0,512,384,-,0,0,0,0,-1,
3230,Teste 17,142246,17,17,981,980,0.0,-1.0,0,0,512,384,-,0,0,0,0,-1,
3231,Teste 17,142280,33,33,558,373,0.0,-1.0,0,0,512,384,2.5,0,0,0,0,-1,
3232,Teste 17,142313,33,33,75,228,-1.0,0.0,0,0,512,384,1,0,0,0,0,-1,
3233,Teste 17,142429,116,116,61,269,-1.0,-1.0,0,0,512,384,1,0,0,0,0,-1,
3234,Teste 17,142479,50,50,1534,833,0.0,-1.0,0,0,512,384,-,0,0,0,0,-1,
3235,Teste 17,142562,83,83,1020,875,0.0,-1.0,0,0,512,384,-,0,0,0,0,-1,
3236,Teste 17,142612,50,50,232,576,-1.0,0.0,0,0,512,384,3,0,0,0,0,-1,
3237,Teste 17,142779,166,166,136,157,-1.0,0.0,0,0,512,384,1,0,0,0,0,-1,
3238,Teste 17,142795,17,17,1510,393,0.0,4.36,0,0,512,384,-,0,0,0,0,-1,
3239,Teste 17,142812,17,17,1279,141,0.0,-1.0,0,0,512,384,-,0,0,0,0,-1,
3240,Teste 17,142829,17,17,939,1069,0.0,-1.0,0,0,512,384,-,0,0,0,0,-1,
3241,Teste 17,143095,266,266,482,344,0.0,0.706,0,0,512,384,1.4,0,0,0,0,-1,
3242,Teste 17,143128,33,33,1835,487,0.0,4.33,0,0,512,384,-,0,0,0,0,-1,
3243,Teste 17,143261,133,133,135,648,-1.0,0.0,0,0,512,384,3,0,0,0,0,-1,
3244,Teste 17,143294,33,33,984,985,0.0,-1.0,0,0,512,384,-,0,0,0,0,-1,
3245,Teste 17,143311,17,17,1868,134,0.0,-1.0,0,0,512,384,-,0,0,0,0,-1,
3246,Teste 17,143328,17,17,910,595,0.0,4.25,0,0,512,384,3,0,0,0,0,-1,
3247,Teste 17,143394,67,67,14,295,-1.0,-1.0,0,0,512,384,1,0,0,0,0,-1,
3248,Teste 17,143544,150,150,1071,330,0.0,-1.0,0,0,512,384,-,0,0,0,0,-1,
3249,Teste 17,143594,50,50,1265,742,0.0,-1.0,0,0,512,384,-,0,0,0,0,-1,
3250,Teste 17,143677,83,83,1294,877,0.0,-1.0,0,0,512,384,-,0,0,0,0,-1,
3251,Teste 17,143760,83,83,1565,669,0.0,-1.0,0,0,512,384,-,0,0,0,0,-1,
3252,Teste 17,143910,150,150,973,947,0.0,-1.0,0,0,512,384,-,0,0,0,0,-1,
3253,Teste 17,143993,83,83,183,494,-1.0,0.0,0,0,512,384,3,0,0,0,0,-1,
3254,Teste 17,144043,50,50,95,369,-1.0,0.0,0,0,512,384,2,0,0,0,0,-1,
3255,Teste 17,144093,50,50,1218,223,0.0,4.22,0,0,512,384,-,0,0,0,0,-1,
3256,Teste 17,144109,17,17,1068,403,0.0,-1.0,0,0,512,384,-,0,0,0,0,-1,
3257,Teste 17,144126,17,17,264,378,-1.0,0.0,0,0,512,384,2,0,0,0,0,-1,
3258,Teste 17,144159,33,33,58,421,-1.0,-1.0,0,0,512,384,3,0,0,0,0,-1,
3259,Teste 17,144226,67,67,224,518,0.0,-1.0,0,0,512,384,3,0,0,0,0,-1,
3260,Teste 17,144243,17,17,1147,932,0.0,-1.0,0,0,512,384,-,0,0,0,0,-1,
3261,Teste 17,144475,233,233,1093,219,0.0,-1.0,0,0,512,384,-,0,0,0,0,-1,
3262,Teste 17,144542,67,67,998,986,0.0,-1.0,0,0,512,384,-,0,0,0,0,-1,
3263,Teste 17,144559,17,17,912,641,0.0,4.06,0,0,512,384,3,0,0,0,0,-1,
3264,Teste 17,144575,17,17,3,510,-1.0,0.0,0,0,512,384,3,0,0,0,0,-1,
3265,Teste 17,144592,17,17,25,483,-1.0,-1.0,0,0,512,384,3,0,0,0,0,-1,
3266,Teste 17,144675,83,83,105,134,-1.0,0.0,0,0,512,384,1,0,0,0,0,-1,
3267,Teste 17,144692,17,17,36,554,-1.0,-1.0,0,0,512,384,3,0,0,0,0,-1,
3268,Teste 17,144808,116,116,1277,648,0.0,-1.0,0,0,512,384,-,0,0,0,0,-1,
3269,Teste 17,144875,67,67,728,595,0.0,-1.0,0,0,512,384,3,0,0,0,0,-1,
3270,Teste 17,145041,166,166,1031,912,0.0,2.97,0,0,512,384,-,0,0,0,0,-1,
3271,Teste 17,145191,150,150,971,956,0.0,-1.0,0,0,512,384,-,0,0,0,0,-1,
3272,Teste 17,145207,17,17,877,950,0.0,-1.0,0,0,512,384,-,0,0,0,0,-1,
3273,Teste 17,145224,17,17,1130,946,0.0,-1.0,0,0,512,384,-,0,0,0,0,-1,
3274,Teste 17,145274,50,50,1018,317,0.0,-1.0,0,0,512,384,1,0,0,0,0,-1,
3275,Teste 17,145374,100,100,1117,946,0.0,-1.0,0,0,512,384,-,0,0,0,0,-1,
3276,Teste 17,145490,116,116,210,105,3.32,0.0,0,0,512,384,1,0,0,0,0,-1,
3277,Teste 17,145640,150,150,362,654,0.0,-1.0,0,0,512,384,3,0,0,0,0,-1,
3278,Teste 17,145773,133,133,810,627,0.0,3.8,0,0,512,384,3,0,0,0,0,-1,
3279,Teste 17,145806,33,33,559,290,0.0,-1.0,0,0,512,384,1.4,0,0,0,0,-1,
3280,Teste 17,145823,17,17,478,78,0.0,-1.0,0,0,512,384,1,0,0,0,0,-1,
3281,Teste 17,145973,150,150,82,653,-1.0,0.0,0,0,512,384,3,0,0,0,0,-1,
3282,Teste 17,146039,67,67,439,313,1.3,0.0,0,0,512,384,1.4,0,0,0,0,-1,
3283,Teste 17,146072,33,33,139,539,1.8,0.0,0,0,512,384,3,0,0,0,0,-1,
3284,Teste 17,146122,50,50,754,300,0.0,-1.0,0,0,512,384,1,0,0,0,0,-1,
3285,Teste 17,146189,67,67,189,625,1.84,0.0,0,0,512,384,3,0,0,0,0,-1,
3286,Teste 17,146272,83,83,184,585,1.84,0.0,0,0,512,384,3,0,0,0,0,-1,
3287,Teste 17,146305,33,33,179,588,1.88,0.0,0,0,512,384,3,0,0,0,0,-1,
3288,Teste 17,146388,83,83,224,615,-1.0,-1.0,0,0,512,384,3,0,0,0,0,-1,
3289,Teste 17,146405,17,17,224,616,-1.0,0.0,0,0,512,384,3,0,0,0,0,-1,
3290,Teste 17,146438,33,33,314,567,-1.0,0.0,0,0,512,384,3,0,0,0,0,-1,
3291,Teste 17,146488,50,50,288,617,3.34,0.0,0,0,512,384,3,0,0,0,0,-1,
3292,Teste 17,146505,17,17,305,577,-1.0,0.0,0,0,512,384,3,0,0,0,0,-1,
3293,Teste 17,146571,67,67,303,561,-1.0,0.0,0,0,512,384,3,0,0,0,0,-1,
3294,Teste 17,146588,17,17,334,570,-1.0,0.0,0,0,512,384,3,0,0,0,0,-1,
3295,Teste 17,146605,17,17,667,348,0.0,1.15,0,0,512,384,1,0,0,0,0,-1,
3296,Teste 17,146721,116,116,746,225,0.0,-1.0,0,0,512,384,1,0,0,0,0,-1,
3297,Teste 17,146738,17,17,304,639,1.83,0.0,0,0,512,384,3,0,0,0,0,-1,
3298,Teste 17,146788,50,50,279,486,-1.0,0.0,0,0,512,384,3,0,0,0,0,-1,
3299,Teste 17,146854,67,67,266,527,1.84,0.0,0,0,512,384,3,0,0,0,0,-1,
3300,Teste 17,146921,67,67,154,610,1.8,0.0,0,0,512,384,3,0,0,0,0,-1,
3301,Teste 17,146954,33,33,297,589,-1.0,0.0,0,0,512,384,3,0,0,0,0,-1,
3302,Teste 17,147004,50,50,224,476,-1.0,0.0,0,0,512,384,3,0,0,0,0,-1,
3303,Teste 17,147021,17,17,173,689,-1.0,0.0,0,0,512,384,3,0,0,0,0,-1,
3304,Teste 17,147253,233,233,628,459,0.0,1.44,0,0,512,384,3,0,0,0,0,-1,
3305,Teste 17,147287,33,33,500,652,0.0,-1.0,0,0,512,384,3,0,0,0,0,-1,
3306,Teste 17,147353,67,67,576,277,0.0,-1.0,0,0,512,384,1,0,0,0,0,-1,
3307,Teste 17,147769,416,416,86,150,-1.0,0.0,0,0,512,384,1,0,0,0,0,-1,
3308,Teste 17,148035,266,266,200,464,-1.0,0.0,0,0,512,384,3,0,0,0,0,-1,
3309,Teste 17,148118,83,83,168,135,-1.0,0.0,0,0,512,384,1,0,0,0,0,-1,
3310,Teste 17,148301,183,183,218,320,-1.0,0.0,0,0,512,384,1,0,0,0,0,-1,
3311,Teste 17,148401,100,100,20,399,-1.0,0.0,0,0,512,384,2,0,0,0,0,-1,
3312,Teste 17,148435,33,33,24,372,-1.0,0.0,0,0,512,384,2,0,0,0,0,-1,
3313,Teste 17,148451,17,17,922,817,0.0,-1.0,0,0,512,384,-,0,0,0,0,-1,
3314,Teste 17,148484,33,33,18,442,-1.0,0.0,0,0,512,384,3,0,0,0,0,-1,
3315,Teste 17,148618,133,133,118,470,-1.0,0.0,0,0,512,384,3,0,0,0,0,-1,
3316,Teste 17,148651,33,33,116,547,-1.0,0.0,0,0,512,384,3,0,0,0,0,-1,
3317,Teste 17,148667,17,17,462,402,-1.0,0.0,0,0,512,384,2.5,0,0,0,0,-1,
3318,Teste 17,148751,83,83,344,324,-1.0,0.0,0,0,512,384,1,0,0,0,0,-1,
3319,Teste 17,148767,17,17,186,559,-1.0,0.0,0,0,512,384,3,0,0,0,0,-1,
3320,Teste 17,148801,33,33,190,504,-1.0,0.0,0,0,512,384,3,0,0,0,0,-1,
3321,Teste 17,148834,33,33,72,485,-1.0,0.0,0,0,512,384,3,0,0,0,0,-1,
3322,Teste 17,148850,17,17,250,437,-1.0,0.0,0,0,512,384,3,0,0,0,0,-1,
3323,Teste 17,148950,100,100,2,514,-1.0,0.0,0,0,512,384,3,0,0,0,0,-1,
3324,Teste 17,149000,50,50,339,310,-1.0,0.0,0,0,512,384,1,0,0,0,0,-1,
3325,Teste 17,149133,133,133,484,260,0.0,-1.0,0,0,512,384,1,0,0,0,0,-1,
3326,Teste 17,149582,449,449,200,596,-1.0,0.0,0,0,512,384,3,0,0,0,0,-1,
3327,Teste 17,149632,50,50,67,508,-1.0,0.0,0,0,512,384,3,0,0,0,0,-1,
3328,Teste 17,149649,17,17,900,662,0.0,-1.0,0,0,512,384,3,0,0,0,0,-1,
3329,Teste 17,149715,67,67,1197,861,0.0,-1.0,0,0,512,384,-,0,0,0,0,-1,
3330,Teste 17,149932,216,216,1030,970,0.0,-1.0,0,0,512,384,-,0,0,0,0,-1,
3331,Teste 17,150032,100,100,1041,428,0.0,4.33,0,0,512,384,-,0,0,0,0,-1,
3332,Teste 17,150198,166,166,850,161,0.0,-1.0,0,0,512,384,1,0,0,0,0,-1,
3333,Teste 17,150214,17,17,696,479,0.0,-1.0,0,0,512,384,3,0,0,0,0,-1,
3334,Teste 17,150281,67,67,324,95,-1.0,1.41,0,0,512,384,1,0,0,0,0,-1,
3335,Teste 17,150331,50,50,917,987,0.0,-1.0,0,0,512,384,-,0,0,0,0,-1,
3336,Teste 17,150464,133,133,232,46,-1.0,0.0,0,0,512,384,1,0,0,0,0,-1,
3337,Teste 17,150514,50,50,196,510,-1.0,0.0,0,0,512,384,3,0,0,0,0,-1,
3338,Teste 17,150531,17,17,1192,906,0.0,-1.0,0,0,512,384,-,0,0,0,0,-1,
3339,Teste 17,150547,17,17,1821,109,0.0,-1.0,0,0,512,384,-,0,0,0,0,-1,
3340,Teste 17,150714,166,166,1803,321,0.0,-1.0,0,0,512,384,-,0,0,0,0,-1,
3341,Teste 17,150730,17,17,1540,676,0.0,-1.0,0,0,512,384,-,0,0,0,0,-1,
3342,Teste 17,150747,17,17,906,992,0.0,-1.0,0,0,512,384,-,0,0,0,0,-1,
3343,Teste 17,150780,33,33,1480,484,0.0,-1.0,0,0,512,384,-,0,0,0,0,-1,
3344,Teste 17,150813,33,33,960,959,0.0,-1.0,0,0,512,384,-,0,0,0,0,-1,
3345,Teste 17,150863,50,50,1221,874,0.0,-1.0,0,0,512,384,-,0,0,0,0,-1,
3346,Teste 17,151030,166,166,976,500,0.0,-1.0,0,0,512,384,3,0,0,0,0,-1,
3347,Teste 17,151063,33,33,854,786,0.0,-1.0,0,0,512,384,-,0,0,0,0,-1,
3348,Teste 17,151113,50,50,904,786,0.0,-1.0,0,0,512,384,-,0,0,0,0,-1,
3349,Teste 17,151213,100,100,1290,868,0.0,-1.0,0,0,512,384,-,0,0,0,0,-1,
3350,Teste 17,151229,17,17,1589,620,0.0,-1.0,0,0,512,384,-,0,0,0,0,-1,
3351,Teste 17,151296,67,67,1482,698,0.0,-1.0,0,0,512,384,-,0,0,0,0,-1,
3352,Teste 17,151346,50,50,1352,678,0.0,-1.0,0,0,512,384,-,0,0,0,0,-1,
3353,Teste 17,151362,17,17,53,305,-1.0,0.0,0,0,512,384,1,0,0,0,0,-1,
3354,Teste 17,151396,33,33,176,659,1.88,-1.0,0,0,512,384,3,0,0,0,0,-1,
3355,Teste 17,151545,150,150,664,301,0.0,-1.0,0,0,512,384,1,0,0,0,0,-1,
3356,Teste 17,151612,67,67,1540,835,0.0,-1.0,0,0,512,384,-,0,0,0,0,-1,
3357,Teste 17,151662,50,50,594,589,0.0,-1.0,0,0,512,384,3,0,0,0,0,-1,
3358,Teste 17,151695,33,33,932,106,0.0,-1.0,0,0,512,384,1,0,0,0,0,-1,
3359,Teste 17,151811,116,116,536,453,0.0,-1.0,0,0,512,384,3.6,0,0,0,0,-1,
3360,Teste 17,152227,416,416,860,294,0.0,-1.0,0,0,512,384,1,0,0,0,0,-1,
3361,Teste 17,152377,150,150,228,662,-1.0,0.0,0,0,512,384,3,0,0,0,0,-1,
3362,Teste 17,152543,166,166,1560,799,0.0,4.64,0,0,512,384,-,0,0,0,0,-1,
3363,Teste 17,152593,50,50,845,863,0.0,-1.0,0,0,512,384,-,0,0,0,0,-1,
3364,Teste 17,152643,50,50,1412,822,0.0,-1.0,0,0,512,384,-,0,0,0,0,-1,
3365,Teste 17,152859,216,216,851,864,0.0,-1.0,0,0,512,384,-,0,0,0,0,-1,
3366,Teste 17,152943,83,83,1359,865,0.0,-1.0,0,0,512,384,-,0,0,0,0,-1,
3367,Teste 17,152959,17,17,1192,730,0.0,0.866,0,0,512,384,-,0,0,0,0,-1,
3368,Teste 17,152976,17,17,778,872,0.0,-1.0,0,0,512,384,-,0,0,0,0,-1,
3369,Teste 17,153092,116,116,298,562,-1.0,-1.0,0,0,512,384,3,0,0,0,0,-1,
3370,Teste 17,153209,116,116,1064,319,0.0,2.05,0,0,512,384,-,0,0,0,0,-1,
3371,Teste 17,153591,383,383,77,43,-1.0,0.0,0,0,512,384,1,0,0,0,0,-1,
3372,Teste 17,153675,83,83,1917,257,0.0,4.52,0,0,512,384,-,0,0,0,0,-1,
3373,Teste 17,153708,33,33,128,479,1.89,0.0,0,0,512,384,3,0,0,0,0,-1,
3374,Teste 17,153724,17,17,246,436,-1.0,0.0,0,0,512,384,3,0,0,0,0,-1,
3375,Teste 17,153841,116,116,456,9,0.0,-1.0,0,0,512,384,1,0,0,0,0,-1,
3376,Teste 17,153874,33,33,123,460,1.84,-1.0,0,0,512,384,3,0,0,0,0,-1,
3377,Teste 17,153891,17,17,731,333,0.0,-1.0,0,0,512,384,1,0,0,0,0,-1,
3378,Teste 17,153974,83,83,253,466,-1.0,0.0,0,0,512,384,3,0,0,0,0,-1,
3379,Teste 17,153991,17,17,689,409,0.0,-1.0,0,0,512,384,2,0,0,0,0,-1,
3380,Teste 17,154041,50,50,182,489,-1.0,0.0,0,0,512,384,3,0,0,0,0,-1,
3381,Teste 17,154140,100,100,145,478,-1.0,0.0,0,0,512,384,3,0,0,0,0,-1,
3382,Teste 17,154157,17,17,89,213,-1.0,0.0,0,0,512,384,1,0,0,0,0,-1,
3383,Teste 17,154174,17,17,284,616,-1.0,0.0,0,0,512,384,3,0,0,0,0,-1,
3384,Teste 17,154323,150,150,202,638,1.83,0.0,0,0,512,384,3,0,0,0,0,-1,
3385,Teste 17,154373,50,50,145,512,-1.0,0.0,0,0,512,384,3,0,0,0,0,-1,
3386,Teste 17,154390,17,17,185,620,1.96,0.0,0,0,512,384,3,0,0,0,0,-1,
3387,Teste 17,154407,17,17,274,599,-1.0,-1.0,0,0,512,384,3,0,0,0,0,-1,
3388,Teste 17,154490,83,83,288,654,1.76,0.0,0,0,512,384,3,0,0,0,0,-1,
3389,Teste 17,154556,67,67,296,676,-1.0,0.0,0,0,512,384,3,0,0,0,0,-1,
3390,Teste 17,154573,17,17,259,534,3.27,0.0,0,0,512,384,3,0,0,0,0,-1,
3391,Teste 17,154606,33,33,283,609,1.92,0.0,0,0,512,384,3,0,0,0,0,-1,
3392,Teste 17,154623,17,17,297,622,-1.0,-1.0,0,0,512,384,3,0,0,0,0,-1,
3393,Teste 17,154689,67,67,298,617,-1.0,-1.0,0,0,512,384,3,0,0,0,0,-1,
3394,Teste 17,154723,33,33,119,418,1.84,0.0,0,0,512,384,3,0,0,0,0,-1,
3395,Teste 17,154939,216,216,245,692,-1.0,-1.0,0,0,512,384,3,0,0,0,0,-1,
3396,Teste 17,154972,33,33,568,836,0.0,-1.0,0,0,512,384,-,0,0,0,0,-1,
3397,Teste 17,155005,33,33,215,613,1.75,-1.0,0,0,512,384,3,0,0,0,0,-1,
3398,Teste 17,155039,33,33,235,635,-1.0,4.7,0,0,512,384,3,0,0,0,0,-1,
3399,Teste 17,155072,33,33,157,745,-1.0,-1.0,0,0,512,384,3,0,0,0,0,-1,
3400,Teste 17,155089,17,17,441,391,1.04,0.0,0,0,512,384,2.5,0,0,0,0,-1,
3401,Teste 17,155188,100,100,353,459,-1.0,0.0,0,0,512,384,3,0,0,0,0,-1,
3402,Teste 17,155205,17,17,314,409,-1.0,0.0,0,0,512,384,2,0,0,0,0,-1,
3403,Teste 17,155305,100,100,324,568,-1.0,0.0,0,0,512,384,3,0,0,0,0,-1,
3404,Teste 17,155338,33,33,721,628,0.0,1.19,0,0,512,384,3,0,0,0,0,-1,
3405,Teste 17,155355,17,17,214,645,1.52,0.0,0,0,512,384,3,0,0,0,0,-1,
3406,Teste 17,155371,17,17,301,681,3.43,0.0,0,0,512,384,3,0,0,0,0,-1,
3407,Teste 17,155388,17,17,295,462,1.86,-1.0,0,0,512,384,3,0,0,0,0,-1,
3408,Teste 17,155405,17,17,283,601,3.34,0.0,0,0,512,384,3,0,0,0,0,-1,
3409,Teste 17,155438,33,33,1477,638,0.0,-1.0,0,0,512,384,-,0,0,0,0,-1,
3410,Teste 17,155455,17,17,241,566,-1.0,0.0,0,0,512,384,3,0,0,0,0,-1,
3411,Teste 17,155471,17,17,437,559,-1.0,0.0,0,0,512,384,3,0,0,0,0,-1,
3412,Teste 17,155488,17,17,171,449,1.84,0.0,0,0,512,384,3,0,0,0,0,-1,
3413,Teste 17,155554,67,67,338,511,-1.0,-1.0,0,0,512,384,3,0,0,0,0,-1,
3414,Teste 17,155621,67,67,1385,786,0.0,-1.0,0,0,512,384,-,0,0,0,0,-1,
3415,Teste 17,155638,17,17,1704,305,0.0,-1.0,0,0,512,384,-,0,0,0,0,-1,
3416,Teste 17,155737,100,100,234,506,-1.0,0.0,0,0,512,384,3,0,0,0,0,-1,
3417,Teste 17,155754,17,17,431,512,1.28,0.0,0,0,512,384,3,0,0,0,0,-1,
3418,Teste 17,155821,67,67,177,399,1.89,0.0,0,0,512,384,2,0,0,0,0,-1,
3419,Teste 17,155954,133,133,967,762,0.0,2.49,0,0,512,384,3,0,0,0,0,-1,
3420,Teste 17,156087,133,133,1123,922,0.0,3.63,0,0,512,384,-,0,0,0,0,-1,
3421,Teste 17,156103,17,17,821,681,0.0,3.61,0,0,512,384,3,0,0,0,0,-1,
3422,Teste 17,156137,33,33,977,965,0.0,-1.0,0,0,512,384,-,0,0,0,0,-1,
3423,Teste 17,156220,83,83,1007,326,0.0,-1.0,0,0,512,384,1,0,0,0,0,-1,
3424,Teste 17,156419,200,200,1087,896,0.0,4.48,0,0,512,384,-,0,0,0,0,-1,
3425,Teste 17,156453,33,33,1027,352,0.0,3.85,0,0,512,384,-,0,0,0,0,-1,
3426,Teste 17,156503,50,50,374,527,-1.0,0.0,0,0,512,384,3,0,0,0,0,-1,
3427,Teste 17,156552,50,50,1080,297,0.0,-1.0,0,0,512,384,-,0,0,0,0,-1,
3428,Teste 17,156586,33,33,812,888,0.0,-1.0,0,0,512,384,-,0,0,0,0,-1,
3429,Teste 17,156702,116,116,571,818,0.0,-1.0,0,0,512,384,-,0,0,0,0,-1,
3430,Teste 17,156752,50,50,188,494,-1.0,-1.0,0,0,512,384,3,0,0,0,0,-1,
3431,Teste 17,156885,133,133,981,439,0.0,-1.0,0,0,512,384,3,0,0,0,0,-1,
3432,Teste 17,156902,17,17,135,333,1.14,0.0,0,0,512,384,1,0,0,0,0,-1,
3433,Teste 17,156918,17,17,1266,392,0.0,-1.0,0,0,512,384,-,0,0,0,0,-1,
3434,Teste 17,157068,150,150,1502,512,0.0,3.85,0,0,512,384,-,0,0,0,0,-1,
3435,Teste 17,157118,50,50,505,303,0.0,-1.0,0,0,512,384,1.4,0,0,0,0,-1,
3436,Teste 17,157168,50,50,1353,104,0.0,4.54,0,0,512,384,-,0,0,0,0,-1,
3437,Teste 17,157268,100,100,1035,319,0.0,-1.0,0,0,512,384,-,0,0,0,0,-1,
3438,Teste 17,157301,33,33,874,750,0.0,-1.0,0,0,512,384,3,0,0,0,0,-1,
3439,Teste 17,157318,17,17,926,925,0.0,-1.0,0,0,512,384,-,0,0,0,0,-1,
3440,Teste 17,157334,17,17,929,625,0.0,1.52,0,0,512,384,3,0,0,0,0,-1,
3441,Teste 17,157351,17,17,64,31,-1.0,1.56,0,0,512,384,1,0,0,0,0,-1,
3442,Teste 17,157517,166,166,550,387,0.0,-1.0,0,0,512,384,2.5,0,0,0,0,-1,
3443,Teste 17,157850,333,333,747,197,0.0,-1.0,0,0,512,384,1,0,0,0,0,-1,
3444,Teste 17,157867,17,17,572,827,0.0,-1.0,0,0,512,384,-,0,0,0,0,-1,
3445,Teste 17,158000,133,133,1088,295,0.0,-1.0,0,0,512,384,-,0,0,0,0,-1,
3446,Teste 17,158016,17,17,26,279,-1.0,-1.0,0,0,512,384,1,0,0,0,0,-1,
3447,Teste 17,158216,200,200,786,1015,0.0,-1.0,0,0,512,384,-,0,0,0,0,-1,
3448,Teste 17,158332,116,116,1434,767,0.0,-1.0,0,0,512,384,-,0,0,0,0,-1,
3449,Teste 17,158366,33,33,1866,667,0.0,-1.0,0,0,512,384,-,0,0,0,0,-1,
3450,Teste 17,158599,233,233,208,520,0.0,-1.0,0,0,512,384,3,0,0,0,0,-1,
3451,Teste 17,158615,17,17,1049,331,0.0,-1.0,0,0,512,384,-,0,0,0,0,-1,
3452,Teste 17,158698,83,83,950,572,0.0,1.49,0,0,512,384,3,0,0,0,0,-1,
3453,Teste 17,158998,299,299,254,605,0.0,-1.0,0,0,512,384,3,0,0,0,0,-1,
3454,Teste 17,159048,50,50,241,517,0.0,-1.0,0,0,512,384,3,0,0,0,0,-1,
3455,Teste 17,159497,449,449,959,1043,0.0,-1.0,0,0,512,384,-,0,0,0,0,-1,
3456,Teste 17,159597,100,100,843,161,0.0,3.21,0,0,512,384,1,0,0,0,0,-1,
3457,Teste 17,159713,116,116,1210,699,0.0,-1.0,0,0,512,384,-,0,0,0,0,-1,
3458,Teste 17,159763,50,50,1083,854,0.0,-1.0,0,0,512,384,-,0,0,0,0,-1,
3459,Teste 17,159830,67,67,873,208,0.0,-1.0,0,0,512,384,1,0,0,0,0,-1,
3460,Teste 17,159879,50,50,932,525,0.0,3.1,0,0,512,384,3,0,0,0,0,-1,
3461,Teste 17,159913,33,33,972,413,0.0,3.0,0,0,512,384,2,0,0,0,0,-1,
3462,Teste 17,160112,200,200,926,484,0.0,3.34,0,0,512,384,3,0,0,0,0,-1,
3463,Teste 17,160478,366,366,1567,70,0.0,-1.0,0,0,512,384,-,0,0,0,0,-1,
3464,Teste 17,160744,266,266,694,357,0.0,1.32,0,0,512,384,1,0,0,0,0,-1,
3465,Teste 17,160894,150,150,175,576,1.44,1.12,0,0,512,384,3,0,0,0,0,-1,
3466,Teste 17,160927,33,33,172,203,0.0,1.38,0,0,512,384,1,0,0,0,0,-1,
3467,Teste 17,160961,33,33,152,588,1.52,1.35,0,0,512,384,3,0,0,0,0,-1,
3468,Teste 17,161011,50,50,135,547,1.59,0.0,0,0,512,384,3,0,0,0,0,-1,
3469,Teste 17,161027,17,17,153,521,1.48,0.0,0,0,512,384,3,0,0,0,0,-1,
3470,Teste 17,161044,17,17,162,463,1.59,0.0,0,0,512,384,3,0,0,0,0,-1,
3471,Teste 17,161110,67,67,665,605,0.0,1.46,0,0,512,384,3,0,0,0,0,-1,
3472,Teste 17,161310,200,200,658,451,0.0,1.07,0,0,512,384,3,0,0,0,0,-1,
3473,Teste 17,161327,17,17,650,538,0.0,1.35,0,0,512,384,3,0,0,0,0,-1,
3474,Teste 17,161360,33,33,184,125,0.0,-1.0,0,0,512,384,1,0,0,0,0,-1,
3475,Teste 17,161377,17,17,174,188,0.0,0.85,0,0,512,384,1,0,0,0,0,-1,
3476,Teste 17,161393,17,17,160,202,0.0,1.48,0,0,512,384,1,0,0,0,0,-1,
3477,Teste 17,161460,67,67,141,80,0.0,1.44,0,0,512,384,1,0,0,0,0,-1,
3478,Teste 17,161476,17,17,235,177,0.0,-1.0,0,0,512,384,1,0,0,0,0,-1,
3479,Teste 17,161493,17,17,254,558,-1.0,0.0,0,0,512,384,3,0,0,0,0,-1,
3480,Teste 17,161510,17,17,690,426,0.0,1.06,0,0,512,384,3,0,0,0,0,-1,
3481,Teste 17,161526,17,17,318,434,-1.0,0.0,0,0,512,384,3,0,0,0,0,-1,
3482,Teste 17,161576,50,50,610,1007,0.0,-1.0,0,0,512,384,-,0,0,0,0,-1,
3483,Teste 17,161593,17,17,485,685,0.0,-1.0,0,0,512,384,3,0,0,0,0,-1,
3484,Teste 17,161676,83,83,163,230,-1.0,-1.0,0,0,512,384,1,0,0,0,0,-1,
3485,Teste 17,161709,33,33,630,720,0.0,-1.0,0,0,512,384,3,0,0,0,0,-1,
3486,Teste 17,161826,116,116,18,403,3.11,-1.0,0,0,512,384,2,0,0,0,0,-1,
3487,Teste 17,161842,17,17,172,526,-1.0,0.0,0,0,512,384,3,0,0,0,0,-1,
3488,Teste 17,161892,50,50,200,347,0.0,1.38,0,0,512,384,1,0,0,0,0,-1,
3489,Teste 17,161909,17,17,168,265,0.0,1.04,0,0,512,384,1,0,0,0,0,-1,
3490,Teste 17,161926,17,17,69,103,0.0,1.41,0,0,512,384,1,0,0,0,0,-1,
3491,Teste 17,162025,100,100,267,296,-1.0,0.0,0,0,512,384,1,0,0,0,0,-1,
3492,Teste 17,162208,183,183,601,951,0.0,-1.0,0,0,512,384,-,0,0,0,0,-1,
3493,Teste 17,162258,50,50,677,314,0.0,1.17,0,0,512,384,1,0,0,0,0,-1,
3494,Teste 17,162275,17,17,710,348,0.0,-1.0,0,0,512,384,1,0,0,0,0,-1,
3495,Teste 17,162308,33,33,181,109,0.0,1.22,0,0,512,384,1,0,0,0,0,-1,
3496,Teste 17,162358,50,50,280,423,0.0,-1.0,0,0,512,384,3,0,0,0,0,-1,
3497,Teste 17,162508,150,150,55,10,0.0,1.25,0,0,512,384,1,0,0,0,0,-1,
3498,Teste 17,162624,116,116,616,408,0.0,1.11,0,0,512,384,2,0,0,0,0,-1,
3499,Teste 17,162641,17,17,1537,809,0.0,0.898,0,0,512,384,-,0,0,0,0,-1,
3500,Teste 17,162707,67,67,210,271,0.0,-1.0,0,0,512,384,1,0,0,0,0,-1,
3501,Teste 17,162774,67,67,44,206,-1.0,0.866,0,0,512,384,1,0,0,0,0,-1,
3502,Teste 17,162840,67,67,163,129,0.0,1.09,0,0,512,384,1,0,0,0,0,-1,
3503,Teste 17,162924,83,83,1594,729,0.0,1.14,0,0,512,384,-,0,0,0,0,-1,
3504,Teste 17,163007,83,83,107,164,1.72,-1.0,0,0,512,384,1,0,0,0,0,-1,
3505,Teste 17,163040,33,33,1869,668,0.0,0.979,0,0,512,384,-,0,0,0,0,-1,
3506,Teste 17,163057,17,17,229,276,0.0,-1.0,0,0,512,384,1,0,0,0,0,-1,
3507,Teste 17,163190,133,133,27,338,-1.0,-1.0,0,0,512,384,1,0,0,0,0,-1,
3508,Teste 17,163356,166,166,166,228,-1.0,-1.0,0,0,512,384,1,0,0,0,0,-1,
3509,Teste 17,163373,17,17,136,257,1.65,-1.0,0,0,512,384,1,0,0,0,0,-1,
3510,Teste 17,163423,50,50,550,747,0.0,-1.0,0,0,512,384,3,0,0,0,0,-1,
3511,Teste 17,163456,33,33,459,575,0.0,-1.0,0,0,512,384,3,0,0,0,0,-1,
3512,Teste 17,163523,67,67,518,801,0.0,-1.0,0,0,512,384,-,0,0,0,0,-1,
3513,Teste 17,163539,17,17,226,297,0.337,0.0,0,0,512,384,1,0,0,0,0,-1,
3514,Teste 17,163556,17,17,219,335,-1.0,0.0,0,0,512,384,1,0,0,0,0,-1,
3515,Teste 17,163572,17,17,859,22,0.0,2.78,0,0,512,384,1,0,0,0,0,-1,
3516,Teste 17,163639,67,67,449,602,0.0,-1.0,0,0,512,384,3,0,0,0,0,-1,
3517,Teste 17,163755,116,116,215,373,0.0,-1.0,0,0,512,384,2,0,0,0,0,-1,
3518,Teste 17,163822,67,67,100,256,-1.0,0.0,0,0,512,384,1,0,0,0,0,-1,
3519,Teste 17,163889,67,67,170,226,0.0,-1.0,0,0,512,384,1,0,0,0,0,-1,
3520,Teste 17,163905,17,17,357,576,0.0,-1.0,0,0,512,384,3,0,0,0,0,-1,
3521,Teste 17,163988,83,83,469,865,0.0,-1.0,0,0,512,384,-,0,0,0,0,-1,
3522,Teste 17,164105,116,116,315,614,0.0,-1.0,0,0,512,384,3,0,0,0,0,-1,
3523,Teste 17,164155,50,50,239,582,0.0,-1.0,0,0,512,384,3,0,0,0,0,-1,
3524,Teste 17,164254,100,100,191,563,1.75,0.0,0,0,512,384,3,0,0,0,0,-1,
3525,Teste 17,164271,17,17,334,499,0.0,-1.0,0,0,512,384,3,0,0,0,0,-1,
3526,Teste 17,164288,17,17,208,554,-1.0,2.1,0,0,512,384,3,0,0,0,0,-1,
3527,Teste 17,164587,299,299,794,327,0.0,-1.0,0,0,512,384,1,0,0,0,0,-1,
3528,Teste 17,164737,150,150,594,1003,0.0,-1.0,0,0,512,384,-,0,0,0,0,-1,
3529,Teste 17,164770,33,33,584,1012,0.0,-1.0,0,0,512,384,-,0,0,0,0,-1,
3530,Teste 17,164970,200,200,197,704,-1.0,0.0,0,0,512,384,3,0,0,0,0,-1,
3531,Teste 17,164986,17,17,204,197,0.0,1.04,0,0,512,384,1,0,0,0,0,-1,
3532,Teste 17,165020,33,33,299,640,3.24,0.0,0,0,512,384,3,0,0,0,0,-1,
3533,Teste 17,165070,50,50,450,440,0.0,-1.0,0,0,512,384,3.6,0,0,0,0,-1,
3534,Teste 17,165086,17,17,441,562,0.0,-1.0,0,0,512,384,3,0,0,0,0,-1,
3535,Teste 17,165103,17,17,247,414,0.0,-1.0,0,0,512,384,-,0,0,0,0,-1,
3536,Teste 17,165153,50,50,337,213,-1.0,-1.0,0,0,512,384,1,0,0,0,0,-1,
3537,Teste 17,165169,17,17,666,770,0.0,-1.0,0,0,512,384,-,0,0,0,0,-1,
3538,Teste 17,165269,100,100,440,294,0.0,2.31,0,0,512,384,1.4,0,0,0,0,-1,
3539,Teste 17,165336,67,67,706,536,0.0,-1.0,0,0,512,384,3,0,0,0,0,-1,
3540,Teste 17,165386,50,50,895,153,0.0,-1.0,0,0,512,384,1,0,0,0,0,-1,
3541,Teste 17,165485,100,100,916,69,0.0,-1.0,0,0,512,384,1,0,0,0,0,-1,
3542,Teste 17,165585,100,100,55,416,1.62,0.0,0,0,512,384,3,0,0,0,0,-1,
3543,Teste 17,165635,50,50,453,514,0.0,-1.0,0,0,512,384,3,0,0,0,0,-1,
3544,Teste 17,165735,100,100,191,94,-1.0,0.0,0,0,512,384,1,0,0,0,0,-1,
3545,Teste 17,165901,166,166,223,734,-1.0,0.0,0,0,512,384,3,0,0,0,0,-1,
3546,Teste 17,165951,50,50,133,535,-1.0,0.0,0,0,512,384,3,0,0,0,0,-1,
3547,Teste 17,166051,100,100,47,502,-1.0,0.0,0,0,512,384,3,0,0,0,0,-1,
3548,Teste 17,166068,17,17,224,407,-1.0,0.0,0,0,512,384,2,0,0,0,0,-1,
3549,Teste 17,166267,200,200,752,344,0.0,-1.0,0,0,512,384,1,0,0,0,0,-1,
3550,Teste 17,166517,250,250,711,323,0.0,-1.0,0,0,512,384,1,0,0,0,0,-1,
3551,Teste 17,166533,17,17,651,378,0.0,0.962,0,0,512,384,2,0,0,0,0,-1,
3552,Teste 17,166617,83,83,709,232,0.0,1.04,0,0,512,384,1,0,0,0,0,-1,
3553,Teste 17,166683,67,67,316,317,0.0,-1.0,0,0,512,384,1,0,0,0,0,-1,
3554,Teste 17,166783,100,100,606,1028,0.0,-1.0,0,0,512,384,-,0,0,0,0,-1,
3555,Teste 17,166800,17,17,7,552,-1.0,-1.0,0,0,512,384,3,0,0,0,0,-1,
3556,Teste 17,166866,67,67,63,544,-1.0,0.0,0,0,512,384,3,0,0,0,0,-1,
3557,Teste 17,167099,233,233,522,438,-1.0,0.0,0,0,512,384,3.6,0,0,0,0,-1,
3558,Teste 17,167132,33,33,738,710,0.0,-1.0,0,0,512,384,3,0,0,0,0,-1,
3559,Teste 17,167216,83,83,595,1041,0.0,-1.0,0,0,512,384,-,0,0,0,0,-1,
3560,Teste 17,167249,33,33,579,1027,0.0,-1.0,0,0,512,384,-,0,0,0,0,-1,
3561,Teste 17,167299,50,50,466,616,-1.0,-1.0,0,0,512,384,3,0,0,0,0,-1,
3562,Teste 17,167398,100,100,511,567,-1.0,0.0,0,0,512,384,3,0,0,0,0,-1,
3563,Teste 17,167532,133,133,675,733,0.0,-1.0,0,0,512,384,3,0,0,0,0,-1,
3564,Teste 17,167548,17,17,506,542,-1.0,0.0,0,0,512,384,3,0,0,0,0,-1,
3565,Teste 17,167565,17,17,1266,116,0.0,-1.0,0,0,512,384,-,0,0,0,0,-1,
3566,Teste 17,167598,33,33,594,768,0.0,1.67,0,0,512,384,3,0,0,0,0,-1,
3567,Teste 17,167648,50,50,886,633,0.0,-1.0,0,0,512,384,3,0,0,0,0,-1,
3568,Teste 17,167681,33,33,325,582,0.0,-1.0,0,0,512,384,3,0,0,0,0,-1,
3569,Teste 17,167898,216,216,495,620,-1.0,0.0,0,0,512,384,3,0,0,0,0,-1,
3570,Teste 17,168014,116,116,834,256,0.0,-1.0,0,0,512,384,1,0,0,0,0,-1,
3571,Teste 17,168031,17,17,548,549,-1.0,0.0,0,0,512,384,3,0,0,0,0,-1,
3572,Teste 17,168047,17,17,539,532,-1.0,0.0,0,0,512,384,3,0,0,0,0,-1,
3573,Teste 17,168064,17,17,574,373,-1.0,0.0,0,0,512,384,2.5,0,0,0,0,-1,
3574,Teste 17,168164,100,100,753,573,0.0,-1.0,0,0,512,384,3,0,0,0,0,-1,
3575,Teste 17,168180,17,17,525,548,-1.0,-1.0,0,0,512,384,3,0,0,0,0,-1,
3576,Teste 17,168197,17,17,900,525,0.0,-1.0,0,0,512,384,3,0,0,0,0,-1,
3577,Teste 17,168280,83,83,972,1038,0.0,2.36,0,0,512,384,-,0,0,0,0,-1,
3578,Teste 17,168297,17,17,1113,470,0.0,-1.0,0,0,512,384,-,0,0,0,0,-1,
3579,Teste 17,168380,83,83,1126,778,0.0,2.23,0,0,512,384,-,0,0,0,0,-1,
3580,Teste 17,168463,83,83,1402,782,0.0,-1.0,0,0,512,384,-,0,0,0,0,-1,
3581,Teste 17,168596,133,133,1099,927,0.0,2.31,0,0,512,384,-,0,0,0,0,-1,
3582,Teste 17,168679,83,83,1009,926,0.0,-1.0,0,0,512,384,-,0,0,0,0,-1,
3583,Teste 17,168696,17,17,1533,826,0.0,2.25,0,0,512,384,-,0,0,0,0,-1,
3584,Teste 17,168746,50,50,926,1078,0.0,-1.0,0,0,512,384,-,0,0,0,0,-1,
3585,Teste 17,168763,17,17,1044,921,0.0,-1.0,0,0,512,384,-,0,0,0,0,-1,
3586,Teste 17,168796,33,33,1278,859,0.0,-1.0,0,0,512,384,-,0,0,0,0,-1,
3587,Teste 17,168812,17,17,939,1056,0.0,-1.0,0,0,512,384,-,0,0,0,0,-1,
3588,Teste 17,168846,33,33,1369,849,0.0,-1.0,0,0,512,384,-,0,0,0,0,-1,
3589,Teste 17,168862,17,17,987,1030,0.0,-1.0,0,0,512,384,-,0,0,0,0,-1,
3590,Teste 17,168879,17,17,1015,989,0.0,1.94,0,0,512,384,-,0,0,0,0,-1,
3591,Teste 17,168896,17,17,1503,827,0.0,-1.0,0,0,512,384,-,0,0,0,0,-1,
3592,Teste 17,168912,17,17,1071,906,0.0,2.45,0,0,512,384,-,0,0,0,0,-1,
3593,Teste 17,168962,50,50,1130,937,0.0,-1.0,0,0,512,384,-,0,0,0,0,-1,
3594,Teste 17,169012,50,50,1001,1004,0.0,-1.0,0,0,512,384,-,0,0,0,0,-1,
3595,Teste 17,169029,17,17,980,1032,0.0,2.21,0,0,512,384,-,0,0,0,0,-1,
3596,Teste 17,169062,33,33,1033,997,0.0,-1.0,0,0,512,384,-,0,0,0,0,-1,
3597,Teste 17,169079,17,17,1143,884,0.0,-1.0,0,0,512,384,-,0,0,0,0,-1,
3598,Teste 17,169095,17,17,1559,660,0.0,-1.0,0,0,512,384,-,0,0,0,0,-1,
3599,Teste 17,169145,50,50,1372,845,0.0,1.97,0,0,512,384,-,0,0,0,0,-1,
3600,Teste 17,169162,17,17,868,912,0.0,2.21,0,0,512,384,-,0,0,0,0,-1,
3601,Teste 17,169178,17,17,582,247,0.0,2.12,0,0,512,384,1,0,0,0,0,-1,
3602,Teste 17,169212,33,33,933,1069,0.0,2.23,0,0,512,384,-,0,0,0,0,-1,
3603,Teste 17,169245,33,33,381,662,0.0,2.21,0,0,512,384,3,0,0,0,0,-1,
3604,Teste 17,169295,50,50,514,598,0.0,2.12,0,0,512,384,3,0,0,0,0,-1,
3605,Teste 17,169411,116,116,192,127,-1.0,0.0,0,0,512,384,1,0,0,0,0,-1,
3606,Teste 17,169511,100,100,1004,1003,0.0,-1.0,0,0,512,384,-,0,0,0,0,-1,
3607,Teste 17,169561,50,50,1061,955,0.0,-1.0,0,0,512,384,-,0,0,0,0,-1,
3608,Teste 17,169611,50,50,1331,793,0.0,-1.0,0,0,512,384,-,0,0,0,0,-1,
3609,Teste 17,169628,17,17,943,1028,0.0,-1.0,0,0,512,384,-,0,0,0,0,-1,
3610,Teste 17,169644,17,17,1512,207,0.0,-1.0,0,0,512,384,-,0,0,0,0,-1,
3611,Teste 17,169678,33,33,962,1047,0.0,2.1,0,0,512,384,-,0,0,0,0,-1,
3612,Teste 17,169711,33,33,1751,729,0.0,-1.0,0,0,512,384,-,0,0,0,0,-1,
3613,Teste 17,169761,50,50,1076,941,0.0,-1.0,0,0,512,384,-,0,0,0,0,-1,
3614,Teste 17,169877,116,116,954,1048,0.0,-1.0,0,0,512,384,-,0,0,0,0,-1,
3615,Teste 17,169894,17,17,1197,819,0.0,-1.0,0,0,512,384,-,0,0,0,0,-1,
3616,Teste 17,169910,17,17,1055,942,0.0,-1.0,0,0,512,384,-,0,0,0,0,-1,
3617,Teste 17,169927,17,17,926,1071,0.0,-1.0,0,0,512,384,-,0,0,0,0,-1,
3618,Teste 17,169944,17,17,1291,867,0.0,-1.0,0,0,512,384,-,0,0,0,0,-1,
3619,Teste 17,169960,17,17,1173,742,0.0,-1.0,0,0,512,384,-,0,0,0,0,-1,
3620,Teste 17,169977,17,17,1481,446,0.0,-1.0,0,0,512,384,-,0,0,0,0,-1,
3621,Teste 17,170027,50,50,160,237,-1.0,0.0,0,0,512,384,1,0,0,0,0,-1,
3622,Teste 17,170127,100,100,1114,925,0.0,-1.0,0,0,512,384,-,0,0,0,0,-1,
3623,Teste 17,170143,17,17,1055,939,0.0,-1.0,0,0,512,384,-,0,0,0,0,-1,
3624,Teste 17,170243,100,100,962,1019,0.0,-1.0,0,0,512,384,-,0,0,0,0,-1,
3625,Teste 17,170276,33,33,967,1044,0.0,-1.0,0,0,512,384,-,0,0,0,0,-1,
3626,Teste 17,170642,366,366,1274,831,0.0,-1.0,0,0,512,384,-,0,0,0,0,-1,
3627,Teste 17,170692,50,50,1067,957,0.0,1.48,0,0,512,384,-,0,0,0,0,-1,
3628,Teste 17,170726,33,33,1042,921,0.0,1.52,0,0,512,384,-,0,0,0,0,-1,
3629,Teste 17,170875,150,150,309,110,-1.0,0.0,0,0,512,384,1,0,0,0,0,-1,
3630,Teste 17,170892,17,17,1138,939,0.0,-1.0,0,0,512,384,-,0,0,0,0,-1,
3631,Teste 17,171075,183,183,972,908,0.0,0.898,0,0,512,384,-,0,0,0,0,-1,
3632,Teste 17,171175,100,100,733,493,0.0,-1.0,0,0,512,384,3,0,0,0,0,-1,
3633,Teste 17,171358,183,183,233,270,-1.0,0.0,0,0,512,384,1,0,0,0,0,-1,
3634,Teste 17,171457,100,100,1554,787,0.0,-1.0,0,0,512,384,-,0,0,0,0,-1,
3635,Teste 17,171740,283,283,949,1029,0.0,2.17,0,0,512,384,-,0,0,0,0,-1,
3636,Teste 17,171990,250,250,1609,628,0.0,-1.0,0,0,512,384,-,0,0,0,0,-1,
3637,Teste 17,172189,200,200,345,333,-1.0,0.0,0,0,512,384,1,0,0,0,0,-1,
3638,Teste 17,172572,383,383,851,109,0.0,-1.0,0,0,512,384,1,0,0,0,0,-1,
3639,Teste 17,172589,17,17,1187,920,0.0,1.7,0,0,512,384,-,0,0,0,0,-1,
3640,Teste 17,172738,150,150,538,754,0.0,-1.0,0,0,512,384,3,0,0,0,0,-1,
3641,Teste 17,172755,17,17,635,520,0.0,-1.0,0,0,512,384,3,0,0,0,0,-1,
3642,Teste 17,172871,116,116,302,103,-1.0,0.0,0,0,512,384,1,0,0,0,0,-1,
3643,Teste 17,172905,33,33,502,400,0.0,-1.0,0,0,512,384,2.5,0,0,0,0,-1,
3644,Teste 17,172971,67,67,629,638,0.0,-1.0,0,0,512,384,3,0,0,0,0,-1,
3645,Teste 17,173104,133,133,199,249,-1.0,0.0,0,0,512,384,1,0,0,0,0,-1,
3646,Teste 17,173237,133,133,949,1060,0.0,-1.0,0,0,512,384,-,0,0,0,0,-1,
3647,Teste 17,173304,67,67,132,413,1.68,0.0,0,0,512,384,-,0,0,0,0,-1,
3648,Teste 17,173570,266,266,115,232,-1.0,0.0,0,0,512,384,1,0,0,0,0,-1,
3649,Teste 17,173670,100,100,130,420,1.24,0.0,0,0,512,384,3,0,0,0,0,-1,
3650,Teste 17,173736,67,67,250,130,-1.0,0.0,0,0,512,384,1,0,0,0,0,-1,
3651,Teste 17,173786,50,50,481,864,0.0,-1.0,0,0,512,384,-,0,0,0,0,-1,
3652,Teste 17,174053,266,266,42,221,-1.0,0.0,0,0,512,384,1,0,0,0,0,-1,
3653,Teste 17,174152,100,100,276,254,-1.0,-1.0,0,0,512,384,1,0,0,0,0,-1,
3654,Teste 17,174418,266,266,517,582,0.0,1.92,0,0,512,384,3,0,0,0,0,-1,
3655,Teste 17,174635,216,216,634,732,0.0,-1.0,0,0,512,384,3,0,0,0,0,-1,
3656,Teste 17,174668,33,33,1207,707,0.0,1.62,0,0,512,384,-,0,0,0,0,-1,
3657,Teste 17,174967,299,299,623,438,0.0,-1.0,0,0,512,384,3,0,0,0,0,-1,
3658,Teste 17,175001,33,33,680,235,0.0,-1.0,0,0,512,384,1,0,0,0,0,-1,
3659,Teste 17,175084,83,83,537,604,0.0,-1.0,0,0,512,384,3,0,0,0,0,-1,
3660,Teste 17,175117,33,33,576,442,0.0,2.05,0,0,512,384,3.6,0,0,0,0,-1,
3661,Teste 17,175217,100,100,632,423,0.0,-1.0,0,0,512,384,3,0,0,0,0,-1,
3662,Teste 17,175234,17,17,633,447,0.0,-1.0,0,0,512,384,3,0,0,0,0,-1,
3663,Teste 17,175383,150,150,1201,876,0.0,-1.0,0,0,512,384,-,0,0,0,0,-1,
3664,Teste 17,175400,17,17,621,482,0.0,-1.0,0,0,512,384,3,0,0,0,0,-1,
3665,Teste 17,175699,299,299,1213,897,0.0,-1.0,0,0,512,384,-,0,0,0,0,-1,
3666,Teste 17,175733,33,33,450,356,0.0,-1.0,0,0,512,384,1.4,0,0,0,0,-1,
3667,Teste 17,175749,17,17,569,619,0.0,-1.0,0,0,512,384,3,0,0,0,0,-1,
3668,Teste 17,175766,17,17,811,382,0.0,-1.0,0,0,512,384,2,0,0,0,0,-1,
3669,Teste 17,175849,83,83,249,563,0.0,-1.0,0,0,512,384,3,0,0,0,0,-1,
3670,Teste 17,175949,100,100,391,430,0.0,-1.0,0,0,512,384,3,0,0,0,0,-1,
3671,Teste 17,176032,83,83,363,619,0.0,-1.0,0,0,512,384,3,0,0,0,0,-1,
3672,Teste 17,176049,17,17,1044,831,0.0,-1.0,0,0,512,384,-,0,0,0,0,-1,
3673,Teste 17,176082,33,33,540,517,0.0,-1.0,0,0,512,384,3,0,0,0,0,-1,
3674,Teste 17,176182,100,100,656,389,0.0,-1.0,0,0,512,384,2,0,0,0,0,-1,
3675,Teste 17,176248,67,67,697,597,0.0,-1.0,0,0,512,384,3,0,0,0,0,-1,
3676,Teste 17,176282,33,33,720,316,0.0,-1.0,0,0,512,384,1,0,0,0,0,-1,
3677,Teste 17,176298,17,17,736,617,0.0,-1.0,0,0,512,384,3,0,0,0,0,-1,
3678,Teste 17,176315,17,17,421,273,-1.0,0.0,0,0,512,384,1,0,0,0,0,-1,
3679,Teste 17,176498,183,183,99,206,-1.0,0.0,0,0,512,384,1,0,0,0,0,-1,
3680,Teste 17,176531,33,33,191,617,-1.0,-1.0,0,0,512,384,3,0,0,0,0,-1,
3681,Teste 17,176664,133,133,323,773,0.0,-1.0,0,0,512,384,-,0,0,0,0,-1,
3682,Teste 17,176697,33,33,1600,481,0.0,-1.0,0,0,512,384,-,0,0,0,0,-1,
3683,Teste 17,176731,33,33,611,537,0.0,-1.0,0,0,512,384,3,0,0,0,0,-1,
3684,Teste 17,176747,17,17,742,380,0.0,-1.0,0,0,512,384,2,0,0,0,0,-1,
3685,Teste 17,176831,83,83,819,492,0.0,-1.0,0,0,512,384,3,0,0,0,0,-1,
3686,Teste 17,177047,216,216,697,286,0.0,4.94,0,0,512,384,1,0,0,0,0,-1,
3687,Teste 17,177213,166,166,709,387,0.0,-1.0,0,0,512,384,2,0,0,0,0,-1,
3688,Teste 17,177280,67,67,985,948,0.0,-1.0,0,0,512,384,-,0,0,0,0,-1,
3689,Teste 17,177313,33,33,1023,431,0.0,-1.0,0,0,512,384,-,0,0,0,0,-1,
3690,Teste 17,177413,100,100,1234,876,0.0,-1.0,0,0,512,384,-,0,0,0,0,-1,
3691,Teste 17,177429,17,17,1150,843,0.0,4.73,0,0,512,384,-,0,0,0,0,-1,
3692,Teste 17,177629,200,200,951,1055,0.0,-1.0,0,0,512,384,-,0,0,0,0,-1,
3693,Teste 17,177679,50,50,1208,221,0.0,-1.0,0,0,512,384,-,0,0,0,0,-1,
3694,Teste 17,177729,50,50,1257,528,0.0,-1.0,0,0,512,384,-,0,0,0,0,-1,
3695,Teste 17,177879,150,150,1097,186,0.0,-1.0,0,0,512,384,-,0,0,0,0,-1,
3696,Teste 17,177962,83,83,1340,867,0.0,-1.0,0,0,512,384,-,0,0,0,0,-1,
3697,Teste 17,178111,150,150,1359,715,0.0,-1.0,0,0,512,384,-,0,0,0,0,-1,
3698,Teste 17,178128,17,17,1163,213,0.0,-1.0,0,0,512,384,-,0,0,0,0,-1,
3699,Teste 17,178294,166,166,801,415,0.0,-1.0,0,0,512,384,3,0,0,0,0,-1,
3700,Teste 17,178311,17,17,325,72,-1.0,0.0,0,0,512,384,1,0,0,0,0,-1,
3701,Teste 17,178361,50,50,1253,538,0.0,-1.0,0,0,512,384,-,0,0,0,0,-1,
3702,Teste 17,178444,83,83,495,490,-1.0,1.44,0,0,512,384,3.6,0,0,0,0,-1,
3703,Teste 17,178477,33,33,819,652,0.0,1.41,0,0,512,384,3,0,0,0,0,-1,
3704,Teste 17,178544,67,67,1141,630,0.0,-1.0,0,0,512,384,-,0,0,0,0,-1,
3705,Teste 17,178561,17,17,675,776,0.0,-1.0,0,0,512,384,-,0,0,0,0,-1,
3706,Teste 17,178611,50,50,566,818,0.0,-1.0,0,0,512,384,-,0,0,0,0,-1,
3707,Teste 17,178710,100,100,350,208,-1.0,0.0,0,0,512,384,1,0,0,0,0,-1,
3708,Teste 17,178727,17,17,638,658,0.0,-1.0,0,0,512,384,3,0,0,0,0,-1,
3709,Teste 17,179026,299,299,635,732,0.0,-1.0,0,0,512,384,3,0,0,0,0,-1,
3710,Teste 17,179043,17,17,609,954,0.0,-1.0,0,0,512,384,-,0,0,0,0,-1,
3711,Teste 17,179143,100,100,453,535,0.0,-1.0,0,0,512,384,3,0,0,0,0,-1,
3712,Teste 17,179193,50,50,499,424,-1.0,-1.0,0,0,512,384,3.6,0,0,0,0,-1,
3713,Teste 17,179209,17,17,440,179,0.0,2.94,0,0,512,384,1,0,0,0,0,-1,
3714,Teste 17,179226,17,17,460,460,0.0,-1.0,0,0,512,384,3.6,0,0,0,0,-1,
3715,Teste 17,179243,17,17,272,545,0.0,-1.0,0,0,512,384,3,0,0,0,0,-1,
3716,Teste 17,179259,17,17,1317,403,0.0,-1.0,0,0,512,384,-,0,0,0,0,-1,
3717,Teste 17,179459,200,200,1150,682,0.0,-1.0,0,0,512,384,-,0,0,0,0,-1,
3718,Teste 17,179492,33,33,657,810,0.0,-1.0,0,0,512,384,-,0,0,0,0,-1,
3719,Teste 17,179509,17,17,293,122,-1.0,0.0,0,0,512,384,1,0,0,0,0,-1,
3720,Teste 17,179525,17,17,377,559,0.0,-1.0,0,0,512,384,3,0,0,0,0,-1,
3721,Teste 17,179625,100,100,585,1046,0.0,-1.0,0,0,512,384,-,0,0,0,0,-1,
3722,Teste 17,179642,17,17,825,343,0.0,-1.0,0,0,512,384,1,0,0,0,0,-1,
3723,Teste 17,179808,166,166,694,534,0.0,1.24,0,0,512,384,3,0,0,0,0,-1,
3724,Teste 17,179958,150,150,1857,775,0.0,-1.0,0,0,512,384,-,0,0,0,0,-1,
3725,Teste 17,180207,250,250,614,973,0.0,-1.0,0,0,512,384,-,0,0,0,0,-1,
3726,Teste 17,180257,50,50,648,407,0.0,0.946,0,0,512,384,2,0,0,0,0,-1,
3727,Teste 17,180307,50,50,802,201,0.0,-1.0,0,0,512,384,1,0,0,0,0,-1,
3728,Teste 17,180374,67,67,594,1033,0.0,-1.0,0,0,512,384,-,0,0,0,0,-1,
3729,Teste 17,180773,399,399,623,997,0.0,-1.0,0,0,512,384,-,0,0,0,0,-1,
3730,Teste 17,181023,250,250,97,207,1.17,0.0,0,0,512,384,1,0,0,0,0,-1,
3731,Teste 17,181405,383,383,1381,367,0.0,-1.0,0,0,512,384,-,0,0,0,0,-1,
3732,Teste 17,181438,33,33,365,625,0.0,-1.0,0,0,512,384,3,0,0,0,0,-1,
3733,Teste 17,181588,150,150,679,452,0.0,-1.0,0,0,512,384,3,0,0,0,0,-1,
3734,Teste 17,181904,316,316,704,545,0.0,1.32,0,0,512,384,3,0,0,0,0,-1,
3735,Teste 17,182037,133,133,215,217,0.0,-1.0,0,0,512,384,1,0,0,0,0,-1,
3736,Teste 17,182054,17,17,716,258,0.0,0.77,0,0,512,384,1,0,0,0,0,-1,
3737,Teste 17,182137,83,83,656,403,0.0,1.09,0,0,512,384,2,0,0,0,0,-1,
3738,Teste 17,182453,316,316,605,1009,0.0,-1.0,0,0,512,384,-,0,0,0,0,-1,
3739,Teste 17,182570,116,116,1816,789,0.0,-1.0,0,0,512,384,-,0,0,0,0,-1,
3740,Teste 17,182836,266,266,589,1030,0.0,-1.0,0,0,512,384,-,0,0,0,0,-1,
3741,Teste 17,182869,33,33,864,290,0.0,-1.0,0,0,512,384,1,0,0,0,0,-1,
3742,Teste 17,182902,33,33,252,507,0.0,-1.0,0,0,512,384,3,0,0,0,0,-1,
3743,Teste 17,182969,67,67,721,331,0.0,1.38,0,0,512,384,1,0,0,0,0,-1,
3744,Teste 17,182986,17,17,99,192,-1.0,-1.0,0,0,512,384,1,0,0,0,0,-1,
3745,Teste 17,183252,266,266,81,311,-1.0,-1.0,0,0,512,384,1,0,0,0,0,-1,
3746,Teste 17,183268,17,17,753,359,0.0,-1.0,0,0,512,384,1,0,0,0,0,-1,
3747,Teste 17,183285,17,17,226,318,-1.0,0.0,0,0,512,384,1,0,0,0,0,-1,
3748,Teste 17,183302,17,17,192,461,1.54,-1.0,0,0,512,384,3,0,0,0,0,-1,
3749,Teste 17,183352,50,50,218,574,1.67,0.786,0,0,512,384,3,0,0,0,0,-1,
3750,Teste 17,183451,100,100,20,92,-1.0,0.0,0,0,512,384,1,0,0,0,0,-1,
3751,Teste 17,183551,100,100,186,408,1.8,0.0,0,0,512,384,2,0,0,0,0,-1,
3752,Teste 17,183601,50,50,658,745,0.0,-1.0,0,0,512,384,3,0,0,0,0,-1,
3753,Teste 17,183634,33,33,774,537,0.0,-1.0,0,0,512,384,3,0,0,0,0,-1,
3754,Teste 17,183701,67,67,773,460,0.0,-1.0,0,0,512,384,3,0,0,0,0,-1,
3755,Teste 17,183717,17,17,602,1032,0.0,-1.0,0,0,512,384,-,0,0,0,0,-1,
3756,Teste 17,183734,17,17,21,135,1.65,1.01,0,0,512,384,1,0,0,0,0,-1,
3757,Teste 17,183767,33,33,745,377,0.0,-1.0,0,0,512,384,2,0,0,0,0,-1,
3758,Teste 17,183801,33,33,564,495,0.0,-1.0,0,0,512,384,3.6,0,0,0,0,-1,
3759,Teste 17,183851,50,50,592,1069,0.0,-1.0,0,0,512,384,-,0,0,0,0,-1,
3760,Teste 17,183867,17,17,677,450,0.0,0.882,0,0,512,384,3,0,0,0,0,-1,
3761,Teste 17,183884,17,17,518,705,0.0,-1.0,0,0,512,384,3,0,0,0,0,-1,
3762,Teste 17,183950,67,67,655,849,0.0,-1.0,0,0,512,384,-,0,0,0,0,-1,
3763,Teste 17,184000,50,50,306,434,-1.0,-1.0,0,0,512,384,3,0,0,0,0,-1,
3764,Teste 17,184067,67,67,133,487,1.57,-1.0,0,0,512,384,3,0,0,0,0,-1,
3765,Teste 17,184133,67,67,1032,816,0.0,-1.0,0,0,512,384,-,0,0,0,0,-1,
3766,Teste 17,184499,366,366,42,99,1.64,0.0,0,0,512,384,1,0,0,0,0,-1,
3767,Teste 17,184649,150,150,16,338,-1.0,0.0,0,0,512,384,1,0,0,0,0,-1,
3768,Teste 17,184682,33,33,1337,874,0.0,-1.0,0,0,512,384,-,0,0,0,0,-1,
3769,Teste 17,184716,33,33,640,784,0.0,-1.0,0,0,512,384,-,0,0,0,0,-1,
3770,Teste 17,184799,83,83,636,654,0.0,-1.0,0,0,512,384,3,0,0,0,0,-1,
3771,Teste 17,184915,116,116,1187,464,0.0,-1.0,0,0,512,384,-,0,0,0,0,-1,
3772,Teste 17,184932,17,17,294,285,2.98,0.0,0,0,512,384,1,0,0,0,0,-1,
3773,Teste 17,184965,33,33,198,546,1.57,0.0,0,0,512,384,3,0,0,0,0,-1,
3774,Teste 17,185032,67,67,1827,521,0.0,-1.0,0,0,512,384,-,0,0,0,0,-1,
3775,Teste 17,185098,67,67,199,342,-1.0,0.0,0,0,512,384,1,0,0,0,0,-1,
3776,Teste 17,185165,67,67,1157,780,0.0,-1.0,0,0,512,384,-,0,0,0,0,-1,
3777,Teste 17,185514,349,349,770,290,0.0,-1.0,0,0,512,384,1,0,0,0,0,-1,
3778,Teste 17,185581,67,67,908,1080,0.0,-1.0,0,0,512,384,-,0,0,0,0,-1,
3779,Teste 17,185780,200,200,1915,68,0.0,-1.0,0,0,512,384,-,0,0,0,0,-1,
3780,Teste 17,186246,466,466,1016,863,0.0,-1.0,0,0,512,384,-,0,0,0,0,-1,
3781,Teste 17,187028,782,782,630,145,-1.0,0.0,0,0,512,384,1,0,0,0,0,-1,
3782,Teste 17,187361,333,333,395,519,0.0,-1.0,0,0,512,384,3,0,0,0,0,-1,
3783,Teste 17,187394,33,33,388,246,-1.0,0.0,0,0,512,384,1,0,0,0,0,-1,
3784,Teste 17,187444,50,50,250,237,-1.0,-1.0,0,0,512,384,1,0,0,0,0,-1,
3785,Teste 17,187477,33,33,78,518,-1.0,0.0,0,0,512,384,3,0,0,0,0,-1,
3786,Teste 17,187577,100,100,467,819,0.0,-1.0,0,0,512,384,-,0,0,0,0,-1,
3787,Teste 17,187593,17,17,832,425,0.0,-1.0,0,0,512,384,3,0,0,0,0,-1,
3788,Teste 17,187643,50,50,787,122,0.0,-1.0,0,0,512,384,1,0,0,0,0,-1,
3789,Teste 17,187677,33,33,426,453,0.0,-1.0,0,0,512,384,3.6,0,0,0,0,-1,
3790,Teste 17,187760,83,83,311,549,0.0,-1.0,0,0,512,384,3,0,0,0,0,-1,
3791,Teste 17,187776,17,17,653,649,0.0,-1.0,0,0,512,384,3,0,0,0,0,-1,
3792,Teste 17,187976,200,200,883,646,0.0,-1.0,0,0,512,384,3,0,0,0,0,-1,
3793,Teste 17,188076,100,100,156,542,-1.0,0.0,0,0,512,384,3,0,0,0,0,-1,
3794,Teste 17,188209,133,133,74,444,-1.0,2.94,0,0,512,384,3,0,0,0,0,-1,
3795,Teste 17,188359,150,150,647,788,0.0,-1.0,0,0,512,384,-,0,0,0,0,-1,
3796,Teste 17,188592,233,233,449,423,0.0,-1.0,0,0,512,384,3.6,0,0,0,0,-1,
3797,Teste 17,188641,50,50,569,865,0.0,-1.0,0,0,512,384,-,0,0,0,0,-1,
3798,Teste 17,188658,17,17,43,573,3.27,0.0,0,0,512,384,3,0,0,0,0,-1,
3799,Teste 17,188725,67,67,275,275,-1.0,0.0,0,0,512,384,1,0,0,0,0,-1,
3800,Teste 17,188775,50,50,773,830,0.0,-1.0,0,0,512,384,-,0,0,0,0,-1,
3801,Teste 17,188791,17,17,732,504,0.0,-1.0,0,0,512,384,3,0,0,0,0,-1,
3802,Teste 17,188824,33,33,681,775,0.0,-1.0,0,0,512,384,-,0,0,0,0,-1,
3803,Teste 17,188858,33,33,573,1051,0.0,-1.0,0,0,512,384,-,0,0,0,0,-1,
3804,Teste 17,188891,33,33,647,794,0.0,-1.0,0,0,512,384,-,0,0,0,0,-1,
3805,Teste 17,188908,17,17,78,517,-1.0,-1.0,0,0,512,384,3,0,0,0,0,-1,
3806,Teste 17,188974,67,67,413,687,0.0,-1.0,0,0,512,384,3,0,0,0,0,-1,
3807,Teste 17,189091,116,116,312,297,-1.0,0.0,0,0,512,384,1,0,0,0,0,-1,
3808,Teste 17,189457,366,366,454,559,-1.0,0.0,0,0,512,384,3,0,0,0,0,-1,
3809,Teste 17,190105,649,649,562,1073,0.0,0.738,0,0,512,384,-,0,0,0,0,-1,
3810,Teste 17,190122,17,17,1000,782,0.0,-1.0,0,0,512,384,-,0,0,0,0,-1,
3811,Teste 17,190205,83,83,1159,48,0.0,-1.0,0,0,512,384,-,0,0,0,0,-1,
3812,Teste 17,190322,116,116,1209,753,0.0,2.12,0,0,512,384,-,0,0,0,0,-1,
3813,Teste 17,190505,183,183,521,703,0.0,-1.0,0,0,512,384,3,0,0,0,0,-1,
3814,Teste 17,191054,549,549,541,402,-1.0,0.0,0,0,512,384,2.5,0,0,0,0,-1,
3815,Teste 17,191137,83,83,1643,235,0.0,-1.0,0,0,512,384,-,0,0,0,0,-1,
3816,Teste 17,191270,133,133,878,224,0.0,-1.0,0,0,512,384,1,0,0,0,0,-1,
3817,Teste 17,191303,33,33,655,815,0.0,-1.0,0,0,512,384,-,0,0,0,0,-1,
3818,Teste 17,191519,216,216,700,385,0.0,-1.0,0,0,512,384,2,0,0,0,0,-1,
3819,Teste 17,191619,100,100,1606,433,0.0,2.42,0,0,512,384,-,0,0,0,0,-1,
3820,Teste 17,191636,17,17,1147,930,0.0,2.42,0,0,512,384,-,0,0,0,0,-1,
3821,Teste 17,191652,17,17,980,979,0.0,2.68,0,0,512,384,-,0,0,0,0,-1,
3822,Teste 17,191719,67,67,951,1033,0.0,2.5,0,0,512,384,-,0,0,0,0,-1,
3823,Teste 17,191785,67,67,1098,894,0.0,2.69,0,0,512,384,-,0,0,0,0,-1,
3824,Teste 17,191819,33,33,1041,986,0.0,2.66,0,0,512,384,-,0,0,0,0,-1,
3825,Teste 17,191835,17,17,1158,794,0.0,2.68,0,0,512,384,-,0,0,0,0,-1,
3826,Teste 17,191852,17,17,1343,852,0.0,2.68,0,0,512,384,-,0,0,0,0,-1,
3827,Teste 17,191902,50,50,1127,825,0.0,2.68,0,0,512,384,-,0,0,0,0,-1,
3828,Teste 17,192035,133,133,1159,819,0.0,2.66,0,0,512,384,-,0,0,0,0,-1,
3829,Teste 17,192052,17,17,975,1030,0.0,2.66,0,0,512,384,-,0,0,0,0,-1,
3830,Teste 17,192068,17,17,972,1032,0.0,2.73,0,0,512,384,-,0,0,0,0,-1,
3831,Teste 17,192085,17,17,1289,408,0.0,2.76,0,0,512,384,-,0,0,0,0,-1,
3832,Teste 17,192118,33,33,1012,836,0.0,2.84,0,0,512,384,-,0,0,0,0,-1,
3833,Teste 17,192135,17,17,1139,842,0.0,2.86,0,0,512,384,-,0,0,0,0,-1,
3834,Teste 17,192151,17,17,1014,879,0.0,2.79,0,0,512,384,-,0,0,0,0,-1,
3835,Teste 17,192185,33,33,963,1037,0.0,2.78,0,0,512,384,-,0,0,0,0,-1,
3836,Teste 17,192201,17,17,1037,983,0.0,2.84,0,0,512,384,-,0,0,0,0,-1,
3837,Teste 17,192218,17,17,1043,959,0.0,2.76,0,0,512,384,-,0,0,0,0,-1,
3838,Teste 17,192318,100,100,1234,871,0.0,2.5,0,0,512,384,-,0,0,0,0,-1,
3839,Teste 17,192384,67,67,1162,843,0.0,2.49,0,0,512,384,-,0,0,0,0,-1,
3840,Teste 17,192517,133,133,1056,976,0.0,2.53,0,0,512,384,-,0,0,0,0,-1,
3841,Teste 17,192767,250,250,892,1072,0.0,-1.0,0,0,512,384,-,0,0,0,0,-1,
3842,Teste 17,192817,50,50,578,433,0.0,0.882,0,0,512,384,3.6,0,0,0,0,-1,
3843,Teste 17,194613,1797,1797,111,875,-1.0,0.0,0,0,512,384,-,0,0,0,0,-1,
3844,Teste 17,195013,399,399,662,616,0.0,-1.0,0,0,512,384,3,0,0,0,0,-1,
3845,Teste 17,195046,33,33,906,316,0.0,-1.0,0,0,512,384,1,0,0,0,0,-1,
3846,Teste 17,195063,17,17,727,441,0.0,-1.0,0,0,512,384,3,0,0,0,0,-1,
3847,Teste 17,195079,17,17,697,607,0.0,-1.0,0,0,512,384,3,0,0,0,0,-1,
3848,Teste 17,195112,33,33,888,393,0.0,-1.0,0,0,512,384,2,0,0,0,0,-1,
3849,Teste 17,195196,83,83,1157,272,0.0,-1.0,0,0,512,384,-,0,0,0,0,-1,
3850,Teste 17,195312,116,116,1254,891,0.0,-1.0,0,0,512,384,-,0,0,0,0,-1,
3851,Teste 17,195395,83,83,984,1025,0.0,-1.0,0,0,512,384,-,0,0,0,0,-1,
3852,Teste 17,195429,33,33,1241,893,0.0,2.2,0,0,512,384,-,0,0,0,0,-1,
3853,Teste 17,195578,150,150,1668,812,0.0,-1.0,0,0,512,384,-,0,0,0,0,-1,
3854,Teste 17,195761,183,183,1119,942,0.0,-1.0,0,0,512,384,-,0,0,0,0,-1,
3855,Teste 17,195795,33,33,926,1080,0.0,2.34,0,0,512,384,-,0,0,0,0,-1,
3856,Teste 17,195811,17,17,935,1072,0.0,-1.0,0,0,512,384,-,0,0,0,0,-1,
3857,Teste 17,196011,200,200,894,985,0.0,-1.0,0,0,512,384,-,0,0,0,0,-1,
3858,Teste 17,196094,83,83,1112,954,0.0,-1.0,0,0,512,384,-,0,0,0,0,-1,
3859,Teste 17,196111,17,17,1278,877,0.0,-1.0,0,0,512,384,-,0,0,0,0,-1,
3860,Teste 17,196177,67,67,949,1059,0.0,2.39,0,0,512,384,-,0,0,0,0,-1,
3861,Teste 17,196543,366,366,987,1026,0.0,2.45,0,0,512,384,-,0,0,0,0,-1,
3862,Teste 17,196560,17,17,1046,841,0.0,2.44,0,0,512,384,-,0,0,0,0,-1,
3863,Teste 17,196643,83,83,509,467,3.9,0.0,0,0,512,384,3.6,0,0,0,0,-1,
3864,Teste 17,196660,17,17,498,473,3.96,0.0,0,0,512,384,3.6,0,0,0,0,-1,
3865,Teste 17,196676,17,17,518,294,-1.0,0.0,0,0,512,384,1.4,0,0,0,0,-1,
3866,Teste 17,196693,17,17,499,471,3.95,0.0,0,0,512,384,3.6,0,0,0,0,-1,
3867,Teste 17,196709,17,17,426,357,-1.0,0.0,0,0,512,384,1.4,0,0,0,0,-1,
3868,Teste 17,196726,17,17,509,453,3.98,0.0,0,0,512,384,3.6,0,0,0,0,-1,
3869,Teste 17,196743,17,17,512,450,3.99,0.0,0,0,512,384,3.6,0,0,0,0,-1,
3870,Teste 17,196759,17,17,516,481,-1.0,0.0,0,0,512,384,3.6,0,0,0,0,-1,
3871,Teste 17,196776,17,17,520,294,-1.0,0.0,0,0,512,384,1.4,0,0,0,0,-1,
3872,Teste 17,196793,17,17,511,468,3.96,0.0,0,0,512,384,3.6,0,0,0,0,-1,
3873,Teste 17,196809,17,17,510,484,3.96,0.0,0,0,512,384,3.6,0,0,0,0,-1,
3874,Teste 17,196826,17,17,524,440,-1.0,0.0,0,0,512,384,3.6,0,0,0,0,-1,
3875,Teste 17,196843,17,17,511,426,4.01,0.0,0,0,512,384,3.6,0,0,0,0,-1,
3876,Teste 17,196859,17,17,512,480,3.98,0.0,0,0,512,384,3.6,0,0,0,0,-1,
3877,Teste 17,196876,17,17,502,470,-1.0,0.0,0,0,512,384,3.6,0,0,0,0,-1,
3878,Teste 17,196892,17,17,509,496,3.95,0.0,0,0,512,384,3.6,0,0,0,0,-1,
3879,Teste 17,196909,17,17,501,430,3.98,0.0,0,0,512,384,3.6,0,0,0,0,-1,
3880,Teste 17,196926,17,17,509,515,3.96,0.0,0,0,512,384,3,0,0,0,0,-1,
3881,Teste 17,196942,17,17,479,507,3.96,0.0,0,0,512,384,3.6,0,0,0,0,-1,
3882,Teste 17,196959,17,17,471,410,-1.0,0.0,0,0,512,384,2.5,0,0,0,0,-1,
3883,Teste 17,196976,17,17,469,437,4.01,0.0,0,0,512,384,3.6,0,0,0,0,-1,
3884,Teste 17,196992,17,17,468,516,3.93,2.65,0,0,512,384,3,0,0,0,0,-1,
3885,Teste 17,197009,17,17,471,333,-1.0,0.0,0,0,512,384,1.4,0,0,0,0,-1,
3886,Teste 17,197026,17,17,465,510,3.96,0.0,0,0,512,384,3,0,0,0,0,-1,
3887,Teste 17,197042,17,17,462,524,3.95,0.0,0,0,512,384,3,0,0,0,0,-1,
3888,Teste 17,197059,17,17,472,383,3.93,0.0,0,0,512,384,2.5,0,0,0,0,-1,
3889,Teste 17,197075,17,17,476,380,3.93,0.0,0,0,512,384,2.5,0,0,0,0,-1,
3890,Teste 17,197092,17,17,465,385,3.9,-1.0,0,0,512,384,2.5,0,0,0,0,-1,
3891,Teste 17,197109,17,17,452,374,3.87,0.0,0,0,512,384,2.5,0,0,0,0,-1,
3892,Teste 17,197125,17,17,375,409,3.82,0.0,0,0,512,384,2,0,0,0,0,-1,
3893,Teste 17,197142,17,17,293,398,3.72,0.0,0,0,512,384,2,0,0,0,0,-1,
3894,Teste 17,197159,17,17,294,413,3.79,0.0,0,0,512,384,-,0,0,0,0,-1,
3895,Teste 17,197175,17,17,288,409,3.74,0.0,0,0,512,384,2,0,0,0,0,-1,
3896,Teste 17,197192,17,17,277,421,3.77,0.0,0,0,512,384,3,0,0,0,0,-1,
3897,Teste 17,197209,17,17,294,397,3.75,0.0,0,0,512,384,2,0,0,0,0,-1,
3898,Teste 17,197225,17,17,279,405,3.75,0.0,0,0,512,384,2,0,0,0,0,-1,
3899,Teste 17,197242,17,17,290,422,3.77,0.0,0,0,512,384,3,0,0,0,0,-1,
3900,Teste 17,197258,17,17,283,417,3.71,0.0,0,0,512,384,3,0,0,0,0,-1,
3901,Teste 17,197275,17,17,286,428,3.72,0.0,0,0,512,384,3,0,0,0,0,-1,
3902,Teste 17,197292,17,17,282,411,3.75,6.0,0,0,512,384,2,0,0,0,0,-1,
3903,Teste 17,197308,17,17,283,401,3.74,0.0,0,0,512,384,2,0,0,0,0,-1,
3904,Teste 17,197325,17,17,283,431,3.77,-1.0,0,0,512,384,3,0,0,0,0,-1,
3905,Teste 17,197342,17,17,279,410,3.67,0.0,0,0,512,384,2,0,0,0,0,-1,
3906,Teste 17,197358,17,17,286,392,3.74,-1.0,0,0,512,384,2,0,0,0,0,-1,
3907,Teste 17,197375,17,17,294,403,3.69,0.0,0,0,512,384,2,0,0,0,0,-1,
3908,Teste 17,197391,17,17,274,405,3.71,0.0,0,0,512,384,2,0,0,0,0,-1,
3909,Teste 17,197408,17,17,276,395,3.69,0.0,0,0,512,384,2,0,0,0,0,-1,
3910,Teste 17,197425,17,17,275,388,3.67,0.0,0,0,512,384,2,0,0,0,0,-1,
3911,Teste 17,197441,17,17,278,389,3.64,6.21,0,0,512,384,2,0,0,0,0,-1,
3912,Teste 17,197458,17,17,332,450,3.77,0.0,0,0,512,384,3,0,0,0,0,-1,
3913,Teste 17,197475,17,17,337,594,3.71,0.0,0,0,512,384,3,0,0,0,0,-1,
3914,Teste 17,197491,17,17,337,572,3.82,0.0,0,0,512,384,3,0,0,0,0,-1,
3915,Teste 17,197508,17,17,339,576,3.69,-1.0,0,0,512,384,3,0,0,0,0,-1,
3916,Teste 17,197525,17,17,342,533,3.75,0.0,0,0,512,384,3,0,0,0,0,-1,
3917,Teste 17,197541,17,17,347,536,3.71,0.0,0,0,512,384,3,0,0,0,0,-1,
3918,Teste 17,197558,17,17,350,532,3.72,0.0,0,0,512,384,3,0,0,0,0,-1,
3919,Teste 17,197574,17,17,345,530,3.8,0.0,0,0,512,384,3,0,0,0,0,-1,
3920,Teste 17,197591,17,17,343,550,3.8,0.0,0,0,512,384,3,0,0,0,0,-1,
3921,Teste 17,197608,17,17,335,526,3.8,5.84,0,0,512,384,3,0,0,0,0,-1,
3922,Teste 17,197624,17,17,334,533,3.8,0.0,0,0,512,384,3,0,0,0,0,-1,
3923,Teste 17,197641,17,17,337,554,3.85,0.0,0,0,512,384,3,0,0,0,0,-1,
3924,Teste 17,197658,17,17,327,504,3.83,0.0,0,0,512,384,3,0,0,0,0,-1,
3925,Teste 17,197674,17,17,340,521,3.83,0.0,0,0,512,384,3,0,0,0,0,-1,
3926,Teste 17,197691,17,17,339,523,3.88,-1.0,0,0,512,384,3,0,0,0,0,-1,
3927,Teste 17,197708,17,17,329,591,3.88,0.0,0,0,512,384,3,0,0,0,0,-1,
3928,Teste 17,197724,17,17,336,534,3.88,0.0,0,0,512,384,3,0,0,0,0,-1,
3929,Teste 17,197741,17,17,338,616,3.87,5.5,0,0,512,384,3,0,0,0,0,-1,
3930,Teste 17,197757,17,17,352,545,3.93,5.66,0,0,512,384,3,0,0,0,0,-1,
3931,Teste 17,197774,17,17,342,505,3.87,0.0,0,0,512,384,3,0,0,0,0,-1,
3932,Teste 17,197791,17,17,342,541,3.91,0.0,0,0,512,384,3,0,0,0,0,-1,
3933,Teste 17,197807,17,17,335,617,3.91,-1.0,0,0,512,384,3,0,0,0,0,-1,
3934,Teste 17,197824,17,17,346,593,3.88,0.0,0,0,512,384,3,0,0,0,0,-1,
3935,Teste 17,197841,17,17,344,631,3.91,-1.0,0,0,512,384,3,0,0,0,0,-1,
3936,Teste 17,197857,17,17,340,523,3.87,0.0,0,0,512,384,3,0,0,0,0,-1,
3937,Teste 17,197874,17,17,334,537,3.88,6.59,0,0,512,384,3,0,0,0,0,-1,
3938,Teste 17,197891,17,17,342,575,3.93,-1.0,0,0,512,384,3,0,0,0,0,-1,
3939,Teste 17,197907,17,17,337,511,3.87,0.0,0,0,512,384,3,0,0,0,0,-1,
3940,Teste 17,197924,17,17,365,587,3.87,0.0,0,0,512,384,3,0,0,0,0,-1,
3941,Teste 17,197940,17,17,410,556,3.9,0.0,0,0,512,384,3,0,0,0,0,-1,
3942,Teste 17,197957,17,17,438,376,3.9,0.0,0,0,512,384,2,0,0,0,0,-1,
3943,Teste 17,197974,17,17,439,389,3.91,0.0,0,0,512,384,2,0,0,0,0,-1,
3944,Teste 17,197990,17,17,437,377,3.85,5.25,0,0,512,384,2,0,0,0,0,-1,
3945,Teste 17,198007,17,17,426,369,3.85,0.0,0,0,512,384,2,0,0,0,0,-1,
3946,Teste 17,198024,17,17,435,370,3.87,0.0,0,0,512,384,2,0,0,0,0,-1,
3947,Teste 17,198040,17,17,437,383,3.88,0.0,0,0,512,384,2,0,0,0,0,-1,
3948,Teste 17,198057,17,17,440,381,3.87,0.0,0,0,512,384,2,0,0,0,0,-1,
3949,Teste 17,198074,17,17,438,390,3.9,0.0,0,0,512,384,2,0,0,0,0,-1,
3950,Teste 17,198090,17,17,422,380,3.85,0.0,0,0,512,384,2,0,0,0,0,-1,
3951,Teste 17,198107,17,17,431,386,3.88,5.79,0,0,512,384,2,0,0,0,0,-1,
3952,Teste 17,198123,17,17,426,386,3.85,0.0,0,0,512,384,2,0,0,0,0,-1,
3953,Teste 17,198140,17,17,440,373,3.87,0.0,0,0,512,384,2,0,0,0,0,-1,
3954,Teste 17,198157,17,17,424,375,3.82,0.0,0,0,512,384,2,0,0,0,0,-1,
3955,Teste 17,198173,17,17,469,353,3.83,-1.0,0,0,512,384,1.4,0,0,0,0,-1,
3956,Teste 17,198190,17,17,468,337,3.8,0.0,0,0,512,384,1.4,0,0,0,0,-1,
3957,Teste 17,198207,17,17,459,361,3.83,0.0,0,0,512,384,1.4,0,0,0,0,-1,
3958,Teste 17,198223,17,17,453,355,3.85,6.32,0,0,512,384,1.4,0,0,0,0,-1,
3959,Teste 17,198240,17,17,451,405,3.82,0.0,0,0,512,384,2.5,0,0,0,0,-1,
3960,Teste 17,198257,17,17,453,334,3.8,0.0,0,0,512,384,1.4,0,0,0,0,-1,
3961,Teste 17,198273,17,17,442,464,3.8,0.0,0,0,512,384,3.6,0,0,0,0,-1,
3962,Teste 17,198290,17,17,443,341,3.85,0.0,0,0,512,384,1.4,0,0,0,0,-1,
3963,Teste 17,198306,17,17,451,385,3.83,0.0,0,0,512,384,2.5,0,0,0,0,-1,
3964,Teste 17,198323,17,17,459,381,3.82,0.0,0,0,512,384,2.5,0,0,0,0,-1,
3965,Teste 17,198340,17,17,455,339,3.83,0.0,0,0,512,384,1.4,0,0,0,0,-1,
3966,Teste 17,198356,17,17,453,347,3.83,0.0,0,0,512,384,1.4,0,0,0,0,-1,
3967,Teste 17,198373,17,17,475,345,3.85,0.0,0,0,512,384,1.4,0,0,0,0,-1,
3968,Teste 17,198390,17,17,443,373,3.77,0.0,0,0,512,384,2.5,0,0,0,0,-1,
3969,Teste 17,198406,17,17,471,348,3.82,0.0,0,0,512,384,1.4,0,0,0,0,-1,
3970,Teste 17,198423,17,17,455,398,3.8,0.0,0,0,512,384,2.5,0,0,0,0,-1,
3971,Teste 17,198440,17,17,468,342,3.83,0.0,0,0,512,384,1.4,0,0,0,0,-1,
3972,Teste 17,198456,17,17,467,408,3.83,0.0,0,0,512,384,2.5,0,0,0,0,-1,
3973,Teste 17,198473,17,17,465,407,3.79,0.0,0,0,512,384,2.5,0,0,0,0,-1,
3974,Teste 17,198489,17,17,454,415,3.75,-1.0,0,0,512,384,3.6,0,0,0,0,-1,
3975,Teste 17,198506,17,17,464,371,3.77,0.0,0,0,512,384,2.5,0,0,0,0,-1,
3976,Teste 17,198523,17,17,468,402,3.77,0.0,0,0,512,384,2.5,0,0,0,0,-1,
3977,Teste 17,198539,17,17,461,407,3.82,0.0,0,0,512,384,2.5,0,0,0,0,-1,
3978,Teste 17,198556,17,17,467,407,3.82,5.44,0,0,512,384,2.5,0,0,0,0,-1,
3979,Teste 17,198573,17,17,467,413,3.75,0.0,0,0,512,384,5.6,0,0,0,0,-1,
3980,Teste 17,198589,17,17,457,421,3.72,0.0,0,0,512,384,3.6,0,0,0,0,-1,
3981,Teste 17,198606,17,17,479,404,3.74,0.0,0,0,512,384,2.5,0,0,0,0,-1,
3982,Teste 17,198622,17,17,471,409,3.79,0.0,0,0,512,384,2.5,0,0,0,0,-1,
3983,Teste 17,198639,17,17,371,491,3.72,0.0,0,0,512,384,3,0,0,0,0,-1,
3984,Teste 17,198656,17,17,332,522,3.64,0.0,0,0,512,384,3,0,0,0,0,-1,
3985,Teste 17,198672,17,17,327,515,3.66,0.0,0,0,512,384,3,0,0,0,0,-1,
3986,Teste 17,198689,17,17,317,613,4.36,0.0,0,0,512,384,3,0,0,0,0,-1,
3987,Teste 17,198706,17,17,321,534,3.71,2.55,0,0,512,384,3,0,0,0,0,-1,
3988,Teste 17,198722,17,17,321,498,-1.0,-1.0,0,0,512,384,3,0,0,0,0,-1,
3989,Teste 17,198739,17,17,333,449,-1.0,0.0,0,0,512,384,3,0,0,0,0,-1,
3990,Teste 17,198756,17,17,180,662,4.6,-1.0,0,0,512,384,3,0,0,0,0,-1,
3991,Teste 17,198772,17,17,319,492,-1.0,0.0,0,0,512,384,3,0,0,0,0,-1,
3992,Teste 17,198789,17,17,340,444,-1.0,0.0,0,0,512,384,3,0,0,0,0,-1,
3993,Teste 17,198805,17,17,319,531,3.72,5.25,0,0,512,384,3,0,0,0,0,-1,
3994,Teste 17,198822,17,17,349,451,-1.0,0.0,0,0,512,384,3,0,0,0,0,-1,
3995,Teste 17,198839,17,17,308,674,4.68,0.0,0,0,512,384,3,0,0,0,0,-1,
3996,Teste 17,198855,17,17,331,595,4.33,0.0,0,0,512,384,3,0,0,0,0,-1,
3997,Teste 17,198872,17,17,347,419,-1.0,0.0,0,0,512,384,3,0,0,0,0,-1,
3998,Teste 17,198889,17,17,318,481,-1.0,-1.0,0,0,512,384,3,0,0,0,0,-1,
3999,Teste 17,198905,17,17,359,428,-1.0,0.0,0,0,512,384,3,0,0,0,0,-1,
4000,Teste 17,198922,17,17,350,617,-1.0,-1.0,0,0,512,384,3,0,0,0,0,-1,
4001,Teste 17,198939,17,17,351,423,-1.0,0.0,0,0,512,384,3,0,0,0,0,-1,
4002,Teste 17,198955,17,17,334,579,3.96,0.0,0,0,512,384,3,0,0,0,0,-1,
4003,Teste 17,198972,17,17,338,570,3.71,0.0,0,0,512,384,3,0,0,0,0,-1,
4004,Teste 17,198988,17,17,407,620,-1.0,-1.0,0,0,512,384,3,0,0,0,0,-1,
4005,Teste 17,199005,17,17,466,916,-1.0,-1.0,0,0,512,384,-,0,0,0,0,-1,
4006,Teste 17,199022,17,17,487,785,-1.0,0.0,0,0,512,384,-,0,0,0,0,-1,
4007,Teste 17,199038,17,17,500,862,-1.0,0.0,0,0,512,384,-,0,0,0,0,-1,
4008,Teste 17,199055,17,17,401,927,4.17,0.0,0,0,512,384,-,0,0,0,0,-1,
4009,Teste 17,199072,17,17,459,728,-1.0,0.0,0,0,512,384,3,0,0,0,0,-1,
4010,Teste 17,199088,17,17,484,926,4.19,5.31,0,0,512,384,-,0,0,0,0,-1,
4011,Teste 17,199105,17,17,486,896,4.03,0.0,0,0,512,384,-,0,0,0,0,-1,
4012,Teste 17,199122,17,17,490,780,5.28,0.0,0,0,512,384,-,0,0,0,0,-1,
4013,Teste 17,199138,17,17,492,802,-1.0,0.0,0,0,512,384,-,0,0,0,0,-1,
4014,Teste 17,199155,17,17,427,828,-1.0,3.82,0,0,512,384,-,0,0,0,0,-1,
4015,Teste 17,199171,17,17,526,918,-1.0,0.0,0,0,512,384,-,0,0,0,0,-1,
4016,Teste 17,199188,17,17,471,485,3.71,-1.0,0,0,512,384,3.6,0,0,0,0,-1,
4017,Teste 17,199205,17,17,438,390,3.75,0.0,0,0,512,384,2,0,0,0,0,-1,
4018,Teste 17,199238,33,33,457,346,3.75,3.9,0,0,512,384,1.4,0,0,0,0,-1,
4019,Teste 17,199255,17,17,457,407,3.69,0.0,0,0,512,384,2.5,0,0,0,0,-1,
4020,Teste 17,200086,832,832,1,356,0.0,-1.0,0,0,512,384,-,0,0,0,0,-1,
4021,Teste 17,201284,1198,1198,324,470,-1.0,0.0,0,0,512,384,3,0,0,0,0,-1,
4022,Teste 17,201301,17,17,257,573,3.95,0.0,0,0,512,384,3,0,0,0,0,-1,
4023,Teste 17,201317,17,17,292,515,-1.0,0.0,0,0,512,384,3,0,0,0,0,-1,
4024,Teste 17,201334,17,17,287,602,-1.0,0.0,0,0,512,384,3,0,0,0,0,-1,
4025,Teste 17,201351,17,17,225,654,-1.0,0.0,0,0,512,384,3,0,0,0,0,-1,
4026,Teste 17,201367,17,17,300,434,-1.0,0.0,0,0,512,384,3,0,0,0,0,-1,
4027,Teste 17,201384,17,17,334,602,-1.0,0.0,0,0,512,384,3,0,0,0,0,-1,
4028,Teste 17,201401,17,17,297,552,3.88,0.0,0,0,512,384,3,0,0,0,0,-1,
4029,Teste 17,201417,17,17,239,586,4.06,0.0,0,0,512,384,3,0,0,0,0,-1,
4030,Teste 17,201434,17,17,286,556,3.96,0.0,0,0,512,384,3,0,0,0,0,-1,
4031,Teste 17,201450,17,17,308,410,-1.0,0.0,0,0,512,384,2,0,0,0,0,-1,
4032,Teste 17,201467,17,17,306,456,-1.0,0.0,0,0,512,384,3,0,0,0,0,-1,
4033,Teste 17,201500,33,33,315,425,-1.0,0.0,0,0,512,384,3,0,0,0,0,-1,
4034,Teste 17,201517,17,17,291,469,-1.0,0.0,0,0,512,384,3,0,0,0,0,-1,
4035,Teste 17,201534,17,17,270,616,4.49,0.0,0,0,512,384,3,0,0,0,0,-1,
4036,Teste 17,201550,17,17,297,419,-1.0,0.0,0,0,512,384,3,0,0,0,0,-1,
4037,Teste 17,201567,17,17,290,482,-1.0,0.0,0,0,512,384,3,0,0,0,0,-1,
4038,Teste 17,201584,17,17,339,372,-1.0,0.0,0,0,512,384,2,0,0,0,0,-1,
4039,Teste 17,201600,17,17,345,327,-1.0,0.0,0,0,512,384,1,0,0,0,0,-1,
4040,Teste 17,201617,17,17,315,514,3.98,0.0,0,0,512,384,3,0,0,0,0,-1,
4041,Teste 17,201633,17,17,285,482,-1.0,0.0,0,0,512,384,3,0,0,0,0,-1,
4042,Teste 17,201650,17,17,305,490,-1.0,0.0,0,0,512,384,3,0,0,0,0,-1,
4043,Teste 17,201667,17,17,317,505,-1.0,0.0,0,0,512,384,3,0,0,0,0,-1,
4044,Teste 17,201683,17,17,339,429,-1.0,0.0,0,0,512,384,3,0,0,0,0,-1,
4045,Teste 17,201700,17,17,333,427,-1.0,0.0,0,0,512,384,3,0,0,0,0,-1,
4046,Teste 17,201717,17,17,330,540,4.41,0.0,0,0,512,384,3,0,0,0,0,-1,
4047,Teste 17,201733,17,17,354,564,-1.0,0.0,0,0,512,384,3,0,0,0,0,-1,
4048,Teste 17,201750,17,17,337,362,-1.0,0.0,0,0,512,384,1,0,0,0,0,-1,
4049,Teste 17,201767,17,17,346,435,-1.0,0.0,0,0,512,384,3,0,0,0,0,-1,
4050,Teste 17,201783,17,17,349,490,3.98,0.0,0,0,512,384,3,0,0,0,0,-1,
4051,Teste 17,201800,17,17,281,508,-1.0,0.0,0,0,512,384,3,0,0,0,0,-1,
4052,Teste 17,201816,17,17,334,460,3.98,0.0,0,0,512,384,3,0,0,0,0,-1,
4053,Teste 17,201833,17,17,380,523,-1.0,0.0,0,0,512,384,3,0,0,0,0,-1,
4054,Teste 17,201850,17,17,383,290,-1.0,0.0,0,0,512,384,1,0,0,0,0,-1,
4055,Teste 17,201866,17,17,384,287,-1.0,0.0,0,0,512,384,1,0,0,0,0,-1,
4056,Teste 17,201883,17,17,386,324,-1.0,0.0,0,0,512,384,1,0,0,0,0,-1,
4057,Teste 17,201900,17,17,380,420,4.57,0.0,0,0,512,384,3,0,0,0,0,-1,
4058,Teste 17,201916,17,17,385,543,-1.0,0.0,0,0,512,384,3,0,0,0,0,-1,
4059,Teste 17,201933,17,17,371,515,5.31,0.0,0,0,512,384,3,0,0,0,0,-1,
4060,Teste 17,201949,17,17,379,394,4.15,0.0,0,0,512,384,2,0,0,0,0,-1,
4061,Teste 17,201966,17,17,389,279,-1.0,0.0,0,0,512,384,1,0,0,0,0,-1,
4062,Teste 17,201983,17,17,380,389,-1.0,0.0,0,0,512,384,2,0,0,0,0,-1,
4063,Teste 17,201999,17,17,367,453,4.7,0.0,0,0,512,384,3,0,0,0,0,-1,
4064,Teste 17,202016,17,17,393,254,-1.0,0.0,0,0,512,384,1,0,0,0,0,-1,
4065,Teste 17,202033,17,17,407,441,4.91,0.0,0,0,512,384,3,0,0,0,0,-1,
4066,Teste 17,202049,17,17,412,667,5.76,0.0,0,0,512,384,3,0,0,0,0,-1,
4067,Teste 17,202066,17,17,420,545,5.33,0.0,0,0,512,384,3,0,0,0,0,-1,
4068,Teste 17,202083,17,17,435,254,-1.0,0.0,0,0,512,384,1,0,0,0,0,-1,
4069,Teste 17,202099,17,17,444,297,-1.0,0.0,0,0,512,384,1.4,0,0,0,0,-1,
4070,Teste 17,202116,17,17,433,522,5.36,0.0,0,0,512,384,3,0,0,0,0,-1,
4071,Teste 17,202132,17,17,452,233,-1.0,0.0,0,0,512,384,1,0,0,0,0,-1,
4072,Teste 17,202149,17,17,321,499,5.07,0.0,0,0,512,384,3,0,0,0,0,-1,
4073,Teste 17,202166,17,17,436,434,4.81,0.0,0,0,512,384,3.6,0,0,0,0,-1,
4074,Teste 17,202182,17,17,451,250,-1.0,0.0,0,0,512,384,1,0,0,0,0,-1,
4075,Teste 17,202199,17,17,445,289,-1.0,0.0,0,0,512,384,1.4,0,0,0,0,-1,
4076,Teste 17,202216,17,17,441,331,4.35,0.0,0,0,512,384,1.4,0,0,0,0,-1,
4077,Teste 17,202232,17,17,436,288,-1.0,0.0,0,0,512,384,1.4,0,0,0,0,-1,
4078,Teste 17,202249,17,17,303,489,5.12,0.0,0,0,512,384,3,0,0,0,0,-1,
4079,Teste 17,202266,17,17,355,496,-1.0,0.0,0,0,512,384,3,0,0,0,0,-1,
4080,Teste 17,202282,17,17,420,287,-1.0,0.0,0,0,512,384,1.4,0,0,0,0,-1,
4081,Teste 17,202299,17,17,438,341,4.43,0.0,0,0,512,384,1.4,0,0,0,0,-1,
4082,Teste 17,202315,17,17,418,485,-1.0,0.0,0,0,512,384,3.6,0,0,0,0,-1,
4083,Teste 17,202332,17,17,445,242,-1.0,0.0,0,0,512,384,1,0,0,0,0,-1,
4084,Teste 17,202349,17,17,443,256,-1.0,0.0,0,0,512,384,1,0,0,0,0,-1,
4085,Teste 17,202365,17,17,448,255,-1.0,0.0,0,0,512,384,1,0,0,0,0,-1,
4086,Teste 17,202382,17,17,446,276,-1.0,0.0,0,0,512,384,1,0,0,0,0,-1,
4087,Teste 17,202399,17,17,477,468,-1.0,0.0,0,0,512,384,3.6,0,0,0,0,-1,
4088,Teste 17,202415,17,17,466,240,-1.0,0.0,0,0,512,384,1,0,0,0,0,-1,
4089,Teste 17,202432,17,17,442,576,5.1,0.0,0,0,512,384,3,0,0,0,0,-1,
4090,Teste 17,202449,17,17,465,283,-1.0,0.0,0,0,512,384,1.4,0,0,0,0,-1,
4091,Teste 17,202465,17,17,466,234,-1.0,0.0,0,0,512,384,1,0,0,0,0,-1,
4092,Teste 17,202482,17,17,465,250,-1.0,0.0,0,0,512,384,1,0,0,0,0,-1,
4093,Teste 17,202498,17,17,462,297,-1.0,0.0,0,0,512,384,1.4,0,0,0,0,-1,
4094,Teste 17,202515,17,17,396,453,-1.0,0.0,0,0,512,384,3,0,0,0,0,-1,
4095,Teste 17,202532,17,17,441,667,5.49,0.0,0,0,512,384,3,0,0,0,0,-1,
4096,Teste 17,202548,17,17,466,243,-1.0,0.0,0,0,512,384,1,0,0,0,0,-1,
4097,Teste 17,202565,17,17,462,250,-1.0,0.0,0,0,512,384,1,0,0,0,0,-1,
4098,Teste 17,202582,17,17,436,738,5.69,0.0,0,0,512,384,3,0,0,0,0,-1,
4099,Teste 17,202598,17,17,387,510,-1.0,0.0,0,0,512,384,3,0,0,0,0,-1,
4100,Teste 17,202648,50,50,458,436,4.4,0.0,0,0,512,384,3.6,0,0,0,0,-1,
4101,Teste 17,202648,0,0,458,436,4.4,0.0,0,0,512,384,3.6,0,0,0,0,-1,
4102,Teste 17,202665,17,17,456,389,4.04,0.0,0,0,512,384,2.5,0,0,0,0,-1,
4103,Teste 17,202681,17,17,459,341,4.03,0.0,0,0,512,384,1.4,0,0,0,0,-1,
4104,Teste 17,202698,17,17,445,642,5.12,0.0,0,0,512,384,3,0,0,0,0,-1,
4105,Teste 17,202715,17,17,470,320,-1.0,0.0,0,0,512,384,1.4,0,0,0,0,-1,
4106,Teste 17,202731,17,17,456,430,3.99,0.0,0,0,512,384,3.6,0,0,0,0,-1,
4107,Teste 17,202748,17,17,441,653,5.07,0.0,0,0,512,384,3,0,0,0,0,-1,
4108,Teste 17,202765,17,17,459,335,-1.0,0.0,0,0,512,384,1.4,0,0,0,0,-1,
4109,Teste 17,202781,17,17,450,441,3.95,0.0,0,0,512,384,3.6,0,0,0,0,-1,
4110,Teste 17,202798,17,17,443,696,5.21,0.0,0,0,512,384,3,0,0,0,0,-1,
4111,Teste 17,202815,17,17,464,348,-1.0,4.24,0,0,512,384,1.4,0,0,0,0,-1,
4112,Teste 17,202831,17,17,438,692,5.2,4.22,0,0,512,384,3,0,0,0,0,-1,
4113,Teste 17,202848,17,17,450,644,4.92,4.2,0,0,512,384,3,0,0,0,0,-1,
4114,Teste 17,202864,17,17,468,363,-1.0,4.22,0,0,512,384,2.5,0,0,0,0,-1,
4115,Teste 17,202881,17,17,321,610,4.8,4.14,0,0,512,384,3,0,0,0,0,-1,
4116,Teste 17,202898,17,17,468,345,-1.0,4.19,0,0,512,384,1.4,0,0,0,0,-1,
4117,Teste 17,202914,17,17,449,671,5.17,4.19,0,0,512,384,3,0,0,0,0,-1,
4118,Teste 17,202931,17,17,467,336,-1.0,4.22,0,0,512,384,1.4,0,0,0,0,-1,
4119,Teste 17,202948,17,17,473,337,-1.0,4.24,0,0,512,384,1.4,0,0,0,0,-1,
4120,Teste 17,202964,17,17,290,617,5.01,4.2,0,0,512,384,3,0,0,0,0,-1,
4121,Teste 17,202981,17,17,473,301,-1.0,4.24,0,0,512,384,1.4,0,0,0,0,-1,
4122,Teste 17,202998,17,17,420,484,-1.0,4.17,0,0,512,384,3.6,0,0,0,0,-1,
4123,Teste 17,203014,17,17,272,649,4.7,4.2,0,0,512,384,3,0,0,0,0,-1,
4124,Teste 17,203031,17,17,291,559,-1.0,4.19,0,0,512,384,3,0,0,0,0,-1,
4125,Teste 17,203047,17,17,295,368,-1.0,4.19,0,0,512,384,2,0,0,0,0,-1,
4126,Teste 17,203064,17,17,221,459,-1.0,4.17,0,0,512,384,3,0,0,0,0,-1,
4127,Teste 17,203081,17,17,210,526,3.67,4.11,0,0,512,384,3,0,0,0,0,-1,
4128,Teste 17,203097,17,17,263,535,-1.0,4.12,0,0,512,384,3,0,0,0,0,-1,
4129,Teste 17,203164,67,67,163,577,3.95,4.2,0,0,512,384,3,0,0,0,0,-1,
4130,Teste 17,203214,50,50,13,665,5.01,4.11,0,0,512,384,3,0,0,0,0,-1,
4131,Teste 17,203230,17,17,216,541,3.8,4.11,0,0,512,384,3,0,0,0,0,-1,
4132,Teste 17,203247,17,17,230,482,-1.0,4.11,0,0,512,384,3,0,0,0,0,-1,
4133,Teste 17,203264,17,17,141,622,4.11,4.2,0,0,512,384,3,0,0,0,0,-1,
4134,Teste 17,203280,17,17,203,490,3.87,4.11,0,0,512,384,3,0,0,0,0,-1,
4135,Teste 17,203314,33,33,181,682,-1.0,4.11,0,0,512,384,3,0,0,0,0,-1,
4136,Teste 17,203330,17,17,213,551,0.0,4.14,0,0,512,384,3,0,0,0,0,-1,
4137,Teste 17,203347,17,17,261,470,0.0,4.11,0,0,512,384,3,0,0,0,0,-1,
4138,Teste 17,203363,17,17,336,459,0.0,4.12,0,0,512,384,3,0,0,0,0,-1,
4139,Teste 17,203380,17,17,375,359,0.0,4.11,0,0,512,384,1,0,0,0,0,-1,
4140,Teste 17,203397,17,17,383,424,0.0,4.12,0,0,512,384,3,0,0,0,0,-1,
4141,Teste 17,203413,17,17,381,417,0.0,4.11,0,0,512,384,3,0,0,0,0,-1,
4142,Teste 17,203430,17,17,383,410,0.0,4.11,0,0,512,384,2,0,0,0,0,-1,
4143,Teste 17,203447,17,17,388,391,0.0,4.04,0,0,512,384,2,0,0,0,0,-1,
4144,Teste 17,203463,17,17,403,399,0.0,3.99,0,0,512,384,2,0,0,0,0,-1,
4145,Teste 17,203480,17,17,389,417,0.0,4.03,0,0,512,384,3,0,0,0,0,-1,
4146,Teste 17,203497,17,17,392,417,0.0,4.09,0,0,512,384,3,0,0,0,0,-1,
4147,Teste 17,203513,17,17,391,426,0.0,4.09,0,0,512,384,3,0,0,0,0,-1,
4148,Teste 17,203530,17,17,401,434,0.0,4.11,0,0,512,384,3,0,0,0,0,-1,
4149,Teste 17,203546,17,17,396,399,0.0,4.11,0,0,512,384,2,0,0,0,0,-1,
4150,Teste 17,203563,17,17,425,424,0.0,4.12,0,0,512,384,3.6,0,0,0,0,-1,
4151,Teste 17,203580,17,17,466,372,0.0,4.12,0,0,512,384,2.5,0,0,0,0,-1,
4152,Teste 17,203596,17,17,473,398,0.0,4.19,0,0,512,384,2.5,0,0,0,0,-1,
4153,Teste 17,203613,17,17,462,559,0.0,4.92,0,0,512,384,3,0,0,0,0,-1,
4154,Teste 17,203630,17,17,473,390,0.0,4.11,0,0,512,384,2.5,0,0,0,0,-1,
4155,Teste 17,203646,17,17,475,399,0.0,4.09,0,0,512,384,2.5,0,0,0,0,-1,
4156,Teste 17,203663,17,17,478,411,0.0,4.11,0,0,512,384,2.5,0,0,0,0,-1,
4157,Teste 17,203680,17,17,500,336,3.91,4.17,0,0,512,384,1.4,0,0,0,0,-1,
4158,Teste 17,203696,17,17,489,575,5.05,4.17,0,0,512,384,3,0,0,0,0,-1,
4159,Teste 17,203713,17,17,489,638,5.36,4.17,0,0,512,384,3,0,0,0,0,-1,
4160,Teste 17,203729,17,17,512,282,-1.0,4.22,0,0,512,384,1,0,0,0,0,-1,
4161,Teste 17,203746,17,17,509,297,-1.0,4.2,0,0,512,384,1.4,0,0,0,0,-1,
4162,Teste 17,203763,17,17,505,266,-1.0,4.27,0,0,512,384,1,0,0,0,0,-1,
4163,Teste 17,203779,17,17,500,321,-1.0,4.25,0,0,512,384,1.4,0,0,0,0,-1,
4164,Teste 17,203796,17,17,448,496,-1.0,4.22,0,0,512,384,3.6,0,0,0,0,-1,
4165,Teste 17,203813,17,17,491,647,5.53,4.25,0,0,512,384,3,0,0,0,0,-1,
4166,Teste 17,203829,17,17,498,412,4.04,4.24,0,0,512,384,5.6,0,0,0,0,-1,
4167,Teste 17,203846,17,17,501,376,4.01,4.33,0,0,512,384,-,0,0,0,0,-1,
