Time (ms),Timegap (ms),Gaze X,Gaze Y,AOI
0,0,880,552,3
17,17,876,563,3
33,17,862,565,3
50,17,859,551,3
67,17,871,557,3
83,17,856,551,3
100,17,852,547,3
116,17,865,560,3
133,17,874,551,3
150,17,869,553,3
166,17,870,559,3
183,17,849,477,3
200,17,807,366,0
216,17,797,275,0
233,17,796,239,0
250,17,780,160,0
266,17,821,157,0
283,17,784,133,0
299,17,808,128,0
316,17,810,114,0
333,17,801,117,0
349,17,809,112,0
366,17,815,76,0
383,17,805,114,0
399,17,821,84,0
416,17,836,62,0
433,17,821,102,0
449,17,779,23,0
466,17,784,54,0
482,17,805,58,0
499,17,789,45,0
516,17,802,45,0
532,17,808,27,0
549,17,801,56,0
566,17,825,46,0
582,17,781,57,0
599,17,616,26,0
615,17,582,57,0
632,17,488,70,0
649,17,373,68,0
682,33,242,30,0
832,150,292,41,0
882,50,37,219,0
1031,150,294,13,0
1081,50,15,3,0
1414,333,114,279,0
1431,17,130,42,0
1447,17,157,82,0
1481,33,304,141,0
1497,17,426,228,1
1514,17,524,347,4
1530,17,554,377,2
1547,17,554,365,2
1564,17,538,379,2
1580,17,561,378,2
1597,17,555,380,2
1614,17,558,382,2
1630,17,543,384,2
1647,17,549,396,2
1664,17,549,381,2
1680,17,558,386,2
1697,17,536,375,2
1713,17,563,390,2
1730,17,558,376,2
1747,17,568,370,2
1763,17,557,369,2
1780,17,555,362,4
1797,17,563,353,4
1813,17,564,379,2
1830,17,578,342,4
1846,17,581,359,4
1863,17,610,321,4
1880,17,600,341,4
1896,17,599,313,4
1913,17,590,336,4
1930,17,575,324,4
1946,17,651,328,0
1963,17,578,305,4
1980,17,611,332,4
1996,17,577,337,4
2013,17,586,327,4
2029,17,610,321,4
2046,17,578,345,4
2063,17,594,348,4
2079,17,596,330,4
2096,17,584,347,4
2113,17,598,338,4
2129,17,604,336,4
2146,17,611,325,4
2163,17,597,322,4
2179,17,603,303,4
2196,17,593,300,4
2212,17,594,308,4
2229,17,592,310,4
2246,17,599,294,4
2262,17,606,312,4
2279,17,602,291,4
2296,17,587,316,4
2312,17,595,290,4
2329,17,591,305,4
2346,17,602,346,4
2362,17,597,297,4
2379,17,586,345,4
2395,17,584,321,4
2412,17,594,325,4
2429,17,577,307,4
2445,17,489,327,4
2462,17,592,324,4
2479,17,603,333,4
2495,17,586,335,4
2512,17,605,287,0
2529,17,576,308,4
2545,17,581,294,4
2562,17,494,343,4
2662,100,514,367,2
2678,17,614,178,1
2695,17,624,263,0
2712,17,631,329,0
2728,17,599,308,4
2745,17,623,292,0
2761,17,600,263,0
2778,17,625,257,1
2795,17,653,270,0
2811,17,617,289,0
2828,17,680,274,0
2845,17,580,316,4
2861,17,578,339,4
2878,17,752,270,0
2894,17,606,276,0
2911,17,619,280,0
2928,17,617,292,0
2944,17,457,433,3
2961,17,556,322,4
2978,17,522,359,4
2994,17,561,366,2
3011,17,561,370,2
3028,17,556,373,2
3044,17,559,366,2
3061,17,548,373,2
3077,17,522,356,4
3094,17,549,368,2
3111,17,555,269,0
3127,17,550,359,4
3144,17,515,360,4
3161,17,464,255,1
3177,17,497,386,2
3194,17,472,340,4
3211,17,502,307,4
3227,17,477,256,1
3244,17,472,373,2
3260,17,471,370,2
3277,17,374,419,3
3294,17,476,256,1
3310,17,478,252,1
3327,17,484,376,2
3344,17,523,279,0
3360,17,518,273,0
3377,17,519,339,4
3394,17,465,415,2
3410,17,445,353,4
3427,17,485,258,1
3443,17,433,383,2
3460,17,460,371,2
3477,17,463,385,2
3493,17,484,310,4
3510,17,492,391,2
3527,17,472,305,4
3543,17,512,294,4
3560,17,513,320,4
3577,17,395,460,3
3593,17,529,300,4
3610,17,397,403,2
3626,17,470,271,0
3643,17,494,352,4
3660,17,450,319,4
3676,17,524,350,4
3693,17,469,328,4
3710,17,482,339,4
3726,17,471,325,4
3743,17,470,326,4
3760,17,526,335,4
3776,17,500,331,4
3793,17,516,331,4
3809,17,512,335,4
3826,17,603,325,4
3843,17,487,343,4
3859,17,493,343,4
3876,17,493,375,2
3893,17,479,392,2
3909,17,493,376,2
3926,17,487,378,2
3943,17,473,352,4
3959,17,567,301,4
3976,17,491,312,4
3992,17,533,309,4
4009,17,559,313,4
4026,17,551,318,4
4042,17,524,320,4
4059,17,529,313,4
4076,17,506,298,4
4092,17,498,345,4
4109,17,509,321,4
4125,17,508,348,4
4142,17,489,300,4
4159,17,501,310,4
4175,17,501,319,4
4192,17,496,299,4
4209,17,503,337,4
4225,17,507,365,2
4242,17,509,295,4
4259,17,506,298,4
4275,17,514,297,4
4292,17,511,371,2
4308,17,510,354,4
4325,17,523,346,4
4342,17,518,365,2
4358,17,500,344,4
4375,17,521,371,2
4392,17,514,379,2
4408,17,515,339,4
4425,17,510,309,4
4442,17,511,365,2
4458,17,518,373,2
4475,17,518,360,4
4491,17,518,328,4
4508,17,547,361,4
4525,17,534,353,4
4541,17,535,347,4
4558,17,546,352,4
4575,17,512,362,4
4591,17,540,361,4
4608,17,547,375,2
4625,17,528,315,4
4641,17,519,340,4
4658,17,522,370,2
4674,17,528,326,4
4691,17,539,392,2
4708,17,534,337,4
4724,17,527,320,4
4741,17,534,315,4
4758,17,535,330,4
4774,17,533,333,4
4791,17,519,402,2
4808,17,529,384,2
4824,17,547,406,2
4841,17,533,368,2
4857,17,533,415,2
4874,17,532,380,2
4891,17,544,372,2
4907,17,527,420,5
4924,17,493,464,3
4941,17,519,406,2
4957,17,540,478,3
4974,17,525,415,2
4991,17,521,467,3
5007,17,519,418,5
5024,17,538,422,3
5040,17,520,416,2
5057,17,544,423,3
5074,17,493,404,2
5090,17,472,452,3
5107,17,463,475,3
5124,17,459,455,3
5140,17,468,469,3
5157,17,400,492,3
5174,17,470,450,3
5190,17,467,462,3
5207,17,468,435,3
5223,17,476,437,3
5240,17,471,448,3
5257,17,477,441,3
5273,17,475,453,3
5290,17,467,439,3
5307,17,464,440,3
5323,17,484,455,3
5340,17,456,391,2
5356,17,465,429,3
5373,17,472,422,3
5390,17,445,506,3
5406,17,450,477,3
5423,17,448,461,3
5440,17,442,485,3
5456,17,455,491,3
5473,17,460,558,3
5490,17,447,462,3
5506,17,464,500,3
5523,17,521,515,3
5539,17,536,509,3
5556,17,531,500,3
5573,17,527,512,3
5589,17,514,505,3
5606,17,521,516,3
5623,17,517,564,3
5639,17,541,535,3
5656,17,551,549,3
5673,17,587,541,3
5689,17,589,513,3
5706,17,603,525,3
5722,17,601,514,3
5739,17,620,531,3
5756,17,612,550,3
5772,17,600,543,3
5789,17,596,523,3
5806,17,616,515,3
5822,17,615,545,3
5839,17,601,535,3
5856,17,603,544,3
5872,17,596,546,3
5889,17,588,542,3
6055,166,718,763,3
6072,17,610,804,0
6088,17,604,524,3
6105,17,596,447,3
6122,17,605,517,3
6138,17,597,537,3
6155,17,593,514,3
6172,17,601,517,3
6188,17,610,533,3
6205,17,605,513,3
6222,17,589,535,3
6238,17,599,516,3
6255,17,602,528,3
6271,17,600,517,3
6288,17,591,517,3
6305,17,594,515,3
6321,17,603,502,3
6338,17,599,519,3
6355,17,558,432,3
6371,17,553,398,2
6388,17,555,367,2
6404,17,568,405,2
6421,17,542,405,2
6438,17,556,413,2
6454,17,535,387,2
6471,17,561,390,2
6488,17,561,375,2
6504,17,568,377,2
6521,17,562,381,2
6538,17,550,346,4
6554,17,546,398,2
6571,17,563,400,2
6587,17,552,356,4
6604,17,570,387,2
6621,17,549,376,2
6637,17,538,376,2
6654,17,548,411,2
6671,17,540,399,2
6687,17,549,372,2
6704,17,560,391,2
6721,17,539,400,2
6737,17,533,393,2
6754,17,509,396,2
6770,17,510,401,2
6787,17,513,403,2
6804,17,506,372,2
6820,17,491,392,2
6837,17,503,359,4
6854,17,505,425,3
6870,17,502,400,2
6887,17,504,405,2
6904,17,503,391,2
6920,17,503,402,2
6937,17,509,405,2
6953,17,504,397,2
6970,17,504,405,2
6987,17,512,400,2
7003,17,521,370,2
7020,17,502,381,2
7037,17,463,372,2
7053,17,473,387,2
7070,17,461,368,2
7087,17,465,411,2
7103,17,475,400,2
7120,17,470,400,2
7136,17,470,404,2
7153,17,463,429,3
7170,17,472,389,2
7186,17,499,386,2
7203,17,451,391,2
7220,17,459,388,2
7236,17,472,379,2
7253,17,463,375,2
7270,17,457,387,2
7286,17,457,391,2
7303,17,465,401,2
7319,17,514,397,2
7336,17,457,389,2
7353,17,454,404,2
7369,17,461,417,2
7386,17,460,401,2
7403,17,479,389,2
7419,17,465,403,2
7436,17,478,375,2
7453,17,466,403,2
7469,17,477,387,2
7486,17,470,386,2
7502,17,464,385,2
7519,17,473,403,2
7536,17,466,387,2
7552,17,466,385,2
7569,17,473,417,2
7586,17,484,397,2
7602,17,477,404,2
7619,17,454,345,4
7635,17,458,323,4
7652,17,457,335,4
7669,17,466,347,4
7685,17,460,334,4
7702,17,457,331,4
7719,17,455,327,4
7735,17,469,309,4
7752,17,467,319,4
7769,17,460,357,4
7785,17,455,313,4
7802,17,467,309,4
7818,17,454,319,4
7835,17,462,333,4
7852,17,456,336,4
7868,17,456,338,4
7885,17,452,318,4
7902,17,459,340,4
7918,17,464,346,4
7935,17,460,344,4
7952,17,458,340,4
7968,17,456,344,4
7985,17,449,333,4
8001,17,465,350,4
8018,17,456,337,4
8035,17,454,347,4
8051,17,462,341,4
8068,17,449,347,4
8085,17,459,367,2
8101,17,461,346,4
8118,17,454,352,4
8135,17,456,364,4
8151,17,469,349,4
8168,17,475,365,2
8184,17,460,380,2
8201,17,462,340,4
8218,17,447,341,4
8234,17,457,371,2
8251,17,459,376,2
8268,17,460,347,4
8284,17,462,367,2
8301,17,475,335,4
8318,17,464,349,4
8334,17,488,362,4
8351,17,493,356,4
8367,17,493,364,4
8384,17,495,356,4
8401,17,486,357,4
8417,17,497,371,2
8434,17,493,372,2
8451,17,494,379,2
8467,17,486,358,4
8484,17,483,370,2
8501,17,488,381,2
8517,17,501,397,2
8534,17,500,384,2
8550,17,491,374,2
8567,17,501,389,2
8584,17,485,377,2
8600,17,498,382,2
8617,17,487,417,5
8634,17,491,352,4
8650,17,502,376,2
8667,17,481,350,4
8683,17,492,375,2
8700,17,499,396,2
8717,17,500,357,4
8733,17,516,359,4
8750,17,515,378,2
8767,17,514,358,4
8783,17,494,375,2
8800,17,499,370,2
8817,17,503,375,2
8833,17,502,390,2
8850,17,508,353,4
8866,17,509,382,2
8883,17,479,385,2
8900,17,491,398,2
8916,17,491,382,2
8933,17,478,399,2
8950,17,509,397,2
8966,17,497,386,2
8983,17,494,392,2
9000,17,458,374,2
9016,17,503,396,2
9033,17,460,374,2
9049,17,473,403,2
9066,17,473,411,2
9083,17,474,393,2
9099,17,498,394,2
9116,17,496,410,2
9133,17,477,390,2
9149,17,447,434,3
9166,17,479,434,3
9183,17,447,412,6
9199,17,451,428,3
9216,17,522,426,3
9232,17,499,444,3
9249,17,460,433,3
9266,17,455,428,3
9282,17,451,447,3
9299,17,452,417,2
9316,17,475,430,3
9332,17,454,432,3
9349,17,494,437,3
9366,17,475,451,3
9382,17,463,443,3
9399,17,495,428,3
9415,17,455,430,3
9432,17,436,437,3
9449,17,482,425,3
9465,17,486,439,3
9482,17,453,477,3
9499,17,453,442,3
9515,17,526,428,3
9532,17,437,442,3
9549,17,442,427,3
9565,17,443,431,3
9582,17,439,439,3
9598,17,447,419,3
9615,17,489,420,5
9632,17,468,409,2
9648,17,514,430,3
9665,17,488,434,3
9682,17,442,425,3
9698,17,483,411,2
9715,17,455,436,3
9732,17,456,411,2
9748,17,465,415,2
9765,17,462,405,2
9781,17,450,419,3
9798,17,462,406,2
9815,17,471,418,3
9831,17,433,408,2
9848,17,441,414,2
9865,17,467,392,2
9881,17,534,423,3
9898,17,436,410,2
9914,17,474,391,2
9931,17,431,412,2
9948,17,457,428,3
9964,17,437,401,2
9981,17,457,422,3
9998,17,464,409,2
10014,17,464,417,2
10031,17,466,402,2
10048,17,483,413,2
10064,17,441,403,2
10081,17,466,396,2
10097,17,445,397,2
10114,17,485,423,3
10131,17,470,403,2
10147,17,505,408,2
10164,17,509,369,2
10181,17,496,369,2
10197,17,520,370,2
10214,17,509,405,2
10231,17,510,392,2
10247,17,521,384,2
10264,17,512,383,2
10280,17,523,371,2
10297,17,501,380,2
10314,17,520,355,4
10330,17,525,406,2
10347,17,512,362,4
10364,17,503,381,2
10380,17,500,373,2
10397,17,508,351,4
10414,17,485,401,2
10430,17,487,390,2
10447,17,490,391,2
10463,17,508,414,2
10480,17,499,425,3
10497,17,480,426,3
10513,17,486,377,2
10530,17,494,433,3
10547,17,498,425,3
10563,17,480,393,2
10580,17,492,415,2
10597,17,486,380,2
10613,17,495,387,2
10630,17,480,415,2
10646,17,474,406,2
10663,17,495,384,2
10680,17,498,374,2
10696,17,488,383,2
10713,17,487,386,2
10730,17,488,380,2
10746,17,489,411,2
10763,17,493,377,2
10780,17,449,403,2
10796,17,459,397,2
10813,17,443,392,2
10829,17,454,371,2
10846,17,451,381,2
10863,17,453,370,2
10879,17,460,363,4
10896,17,482,350,4
10913,17,457,364,4
10929,17,452,382,2
10946,17,458,365,2
10962,17,465,365,2
10979,17,465,364,4
10996,17,466,383,2
11012,17,450,375,2
11029,17,448,389,2
11046,17,430,387,2
11062,17,432,367,2
11079,17,429,365,2
11096,17,428,352,4
11112,17,433,381,2
11129,17,434,384,2
11145,17,438,360,4
11162,17,428,373,2
11179,17,417,376,2
11195,17,441,376,2
11212,17,438,377,2
11229,17,437,383,2
11245,17,442,405,2
11262,17,439,386,2
11279,17,441,362,4
11295,17,443,371,2
11312,17,438,393,2
11328,17,428,372,2
11345,17,435,379,2
11362,17,441,391,2
11378,17,439,373,2
11395,17,440,386,2
11412,17,440,380,2
11428,17,443,387,2
11445,17,424,372,2
11462,17,425,400,2
11478,17,437,363,4
11495,17,429,375,2
11511,17,432,400,2
11528,17,431,366,2
11545,17,454,371,2
11561,17,465,364,4
11578,17,470,360,4
11595,17,468,367,2
11611,17,471,370,2
11628,17,473,350,4
11645,17,458,371,2
11661,17,460,351,4
11678,17,469,349,4
11694,17,445,342,4
11711,17,448,334,4
11728,17,462,344,4
11744,17,471,384,2
11761,17,476,339,4
11778,17,481,357,4
11794,17,472,360,4
11811,17,483,358,4
11828,17,476,363,4
11844,17,477,371,2
11861,17,479,336,4
11877,17,476,346,4
11894,17,477,353,4
11911,17,472,365,2
11927,17,472,332,4
11944,17,479,382,2
11961,17,471,375,2
11977,17,473,354,4
11994,17,475,365,2
12011,17,477,355,4
12027,17,477,358,4
12044,17,480,335,4
12060,17,478,372,2
12077,17,476,360,4
12094,17,470,356,4
12110,17,465,379,2
12127,17,474,360,4
12144,17,483,365,2
12160,17,461,364,4
12177,17,473,370,2
12193,17,473,358,4
12210,17,478,369,2
12227,17,468,368,2
12243,17,466,358,4
12260,17,470,344,4
12277,17,476,371,2
12293,17,520,319,4
12476,183,557,594,3
12493,17,524,318,4
12510,17,521,377,2
12526,17,515,307,4
12543,17,519,320,4
12559,17,514,382,2
12576,17,523,373,2
12593,17,517,372,2
12609,17,518,362,4
12626,17,518,366,2
12643,17,513,352,4
12659,17,512,395,2
12676,17,522,360,4
12693,17,523,372,2
12709,17,520,373,2
12726,17,506,314,4
12742,17,537,284,0
12759,17,527,291,4
12776,17,525,278,0
12792,17,527,276,0
12809,17,528,261,0
12826,17,531,311,4
12842,17,526,277,0
12859,17,528,266,0
12876,17,526,295,4
12892,17,539,282,0
12909,17,540,260,0
12925,17,549,214,1
12942,17,580,170,1
12959,17,565,202,1
12975,17,579,209,1
12992,17,579,189,1
13009,17,578,190,1
13025,17,569,176,1
13042,17,570,189,1
13059,17,574,179,1
13075,17,569,159,1
13092,17,575,172,1
13108,17,563,150,1
13125,17,579,197,1
13142,17,587,201,1
13158,17,579,171,1
13175,17,570,191,1
13192,17,584,197,1
13208,17,576,205,1
13225,17,572,186,1
13241,17,566,192,1
13258,17,555,190,1
13275,17,540,260,0
13291,17,527,347,4
13308,17,508,337,4
13325,17,519,360,4
13341,17,516,329,4
13358,17,523,369,2
13375,17,521,347,4
13391,17,519,352,4
13408,17,517,366,2
13424,17,513,367,2
13441,17,528,350,4
13458,17,522,358,4
13474,17,517,344,4
13491,17,514,336,4
13508,17,511,361,4
13524,17,518,365,2
13541,17,516,370,2
13558,17,517,385,2
13574,17,509,377,2
13591,17,490,329,4
13607,17,493,327,4
13624,17,493,340,4
13641,17,495,338,4
13657,17,489,350,4
13674,17,497,358,4
13691,17,495,341,4
13707,17,498,345,4
13724,17,499,341,4
13741,17,494,324,4
13757,17,507,362,4
13774,17,540,431,3
13790,17,539,431,3
13807,17,538,447,3
13824,17,535,431,3
13840,17,536,449,3
13857,17,543,433,3
13874,17,544,462,3
13890,17,539,435,3
13907,17,540,439,3
13924,17,546,469,3
13940,17,531,429,3
13957,17,535,445,3
13973,17,541,437,3
13990,17,538,420,5
14007,17,534,418,5
14023,17,532,409,2
14040,17,559,461,3
14057,17,543,438,3
14073,17,546,430,3
14090,17,540,423,3
14107,17,537,443,3
14123,17,542,440,3
14140,17,543,442,3
14156,17,539,461,3
14173,17,552,451,3
14190,17,537,414,2
14206,17,551,446,3
14223,17,525,412,2
14240,17,512,373,2
14256,17,512,394,2
14273,17,502,381,2
14290,17,516,378,2
14306,17,504,375,2
14323,17,506,367,2
14339,17,508,390,2
14356,17,516,387,2
14373,17,514,391,2
14389,17,515,389,2
14406,17,511,362,4
14423,17,503,368,2
14439,17,520,375,2
14456,17,517,389,2
14472,17,511,396,2
14489,17,514,374,2
14506,17,516,372,2
14522,17,508,382,2
14539,17,520,376,2
14556,17,536,399,2
14572,17,506,409,2
14589,17,515,393,2
14606,17,501,394,2
14622,17,448,377,2
14639,17,413,395,2
14655,17,424,360,4
14672,17,417,375,2
14689,17,425,389,2
14705,17,424,377,2
14722,17,421,376,2
14739,17,425,383,2
14755,17,414,388,2
14772,17,426,363,4
14789,17,418,397,2
14805,17,420,387,2
14822,17,423,373,2
14838,17,418,375,2
14855,17,434,394,2
14872,17,420,374,2
14888,17,432,338,4
14905,17,425,378,2
14922,17,426,378,2
14938,17,430,360,4
14955,17,422,343,4
14972,17,421,371,2
14988,17,423,381,2
15005,17,430,353,4
15021,17,440,391,2
15038,17,430,364,4
15055,17,421,398,2
15071,17,473,716,3
15238,166,496,1022,0
15254,17,472,638,3
15271,17,465,456,3
15288,17,441,408,2
15304,17,431,388,2
15321,17,438,397,2
15338,17,441,385,2
15354,17,466,385,2
15371,17,442,379,2
15387,17,442,414,2
15404,17,464,404,2
15421,17,454,395,2
15437,17,462,409,2
15454,17,471,396,2
15471,17,443,380,2
15487,17,473,393,2
15504,17,462,375,2
15521,17,453,394,2
15537,17,457,398,2
15554,17,468,391,2
15570,17,470,389,2
15587,17,475,397,2
15604,17,459,388,2
15620,17,459,419,3
15637,17,485,369,2
15654,17,504,379,2
15670,17,507,348,4
15687,17,505,352,4
15703,17,514,337,4
15720,17,523,365,2
15737,17,528,345,4
15753,17,518,347,4
15770,17,512,328,4
15787,17,523,354,4
15803,17,517,346,4
15820,17,521,330,4
15837,17,523,363,4
15853,17,521,337,4
15870,17,523,357,4
15886,17,509,345,4
15903,17,525,354,4
15920,17,521,339,4
15936,17,515,323,4
15953,17,536,319,4
15970,17,504,308,4
15986,17,521,341,4
16003,17,525,325,4
16020,17,513,319,4
16036,17,523,329,4
16053,17,519,327,4
16069,17,514,345,4
16086,17,529,328,4
16103,17,525,322,4
16119,17,509,310,4
16136,17,510,357,4
16153,17,512,330,4
16169,17,509,343,4
16186,17,501,363,4
16203,17,509,337,4
16219,17,503,354,4
16236,17,503,321,4
16252,17,492,358,4
16269,17,511,366,2
16286,17,508,344,4
16302,17,501,326,4
16319,17,504,350,4
16336,17,517,349,4
16352,17,515,331,4
16369,17,504,372,2
16386,17,509,345,4
16402,17,538,398,2
16419,17,550,436,3
16435,17,579,409,2
16452,17,567,440,3
16469,17,574,415,2
16485,17,580,436,3
16502,17,564,411,2
16519,17,573,431,3
16535,17,593,396,2
16552,17,594,428,3
16569,17,638,411,2
16585,17,578,430,3
16602,17,578,425,3
16618,17,611,402,2
16635,17,580,408,2
16652,17,585,436,3
16668,17,563,443,3
16685,17,578,434,3
16702,17,561,440,3
16718,17,540,419,5
16735,17,563,444,3
16751,17,557,414,2
16768,17,566,416,2
16785,17,572,451,3
16801,17,561,436,3
16818,17,543,445,3
16835,17,559,435,3
16851,17,589,445,3
16868,17,583,449,3
16885,17,569,444,3
16901,17,562,459,3
16918,17,571,451,3
16934,17,560,448,3
16951,17,571,464,3
16968,17,563,442,3
16984,17,577,430,3
17001,17,569,441,3
17018,17,580,453,3
17034,17,579,449,3
17051,17,554,426,3
17068,17,570,439,3
17084,17,583,472,3
17101,17,567,444,3
17117,17,586,456,3
17134,17,565,449,3
17151,17,577,462,3
17167,17,578,445,3
17184,17,570,438,3
17201,17,580,449,3
17217,17,563,423,3
17234,17,586,435,3
17251,17,553,423,3
17267,17,590,451,3
17284,17,573,423,3
17300,17,564,438,3
17317,17,573,439,3
17334,17,571,413,2
17350,17,586,446,3
17367,17,585,437,3
17384,17,546,422,3
17400,17,529,431,3
17417,17,554,439,3
17434,17,576,431,3
17450,17,555,432,3
17467,17,540,422,3
17483,17,570,423,3
17500,17,546,415,2
17517,17,522,417,5
17533,17,557,412,2
17550,17,546,406,2
17567,17,525,425,3
17583,17,543,405,2
17600,17,550,429,3
17617,17,543,411,2
17633,17,544,441,3
17650,17,539,437,3
17666,17,566,809,0
17833,166,512,726,3
17849,17,493,383,2
17866,17,505,353,4
17883,17,527,542,3
17899,17,517,473,3
17916,17,520,425,3
17933,17,526,440,3
17949,17,519,411,2
17966,17,509,396,2
17982,17,501,403,2
17999,17,516,418,5
18016,17,501,372,2
18032,17,523,371,2
18049,17,528,390,2
18066,17,499,390,2
18082,17,500,388,2
18099,17,511,373,2
18116,17,530,409,2
18132,17,548,418,5
18149,17,552,427,3
18165,17,541,432,3
18182,17,556,418,5
18199,17,572,423,3
18215,17,569,426,3
18232,17,555,426,3
18249,17,539,397,2
18265,17,564,420,5
18282,17,565,424,3
18299,17,568,403,2
18315,17,552,438,3
18332,17,561,427,3
18348,17,564,418,5
18365,17,556,431,3
18382,17,547,438,3
18398,17,569,435,3
18415,17,560,415,2
18432,17,564,408,2
18448,17,536,377,2
18465,17,536,355,4
18482,17,540,400,2
18498,17,538,350,4
18515,17,543,353,4
18531,17,532,376,2
18548,17,544,368,2
18565,17,549,360,4
18581,17,542,379,2
18598,17,531,345,4
18615,17,537,364,4
18631,17,524,360,4
18648,17,536,379,2
18665,17,535,359,4
18681,17,536,382,2
18698,17,536,374,2
18714,17,486,365,2
18731,17,492,368,2
18748,17,489,384,2
18764,17,493,386,2
18781,17,489,361,4
18798,17,484,355,4
18814,17,481,360,4
18831,17,486,373,2
18848,17,484,395,2
18864,17,482,385,2
18881,17,446,385,2
18897,17,434,359,4
18914,17,447,375,2
18931,17,457,393,2
18947,17,447,385,2
18964,17,455,360,4
18981,17,445,365,2
18997,17,453,371,2
19014,17,458,361,4
19030,17,448,392,2
19047,17,455,373,2
19064,17,455,382,2
19080,17,457,373,2
19097,17,454,339,4
19114,17,462,354,4
19130,17,468,380,2
19147,17,472,388,2
19164,17,447,361,4
19180,17,458,348,4
19197,17,445,375,2
19213,17,434,383,2
19230,17,432,351,4
19247,17,424,400,2
19263,17,441,370,2
19280,17,442,360,4
19297,17,443,349,4
19313,17,445,364,4
19330,17,447,383,2
19347,17,455,383,2
19363,17,444,355,4
19380,17,440,349,4
19396,17,455,375,2
19413,17,452,373,2
19430,17,446,386,2
19446,17,455,391,2
19463,17,449,380,2
19480,17,452,390,2
19496,17,453,367,2
19513,17,454,420,3
19530,17,436,381,2
19546,17,449,395,2
19563,17,443,403,2
19579,17,457,363,4
19596,17,464,381,2
19613,17,491,358,4
19629,17,483,315,4
19646,17,491,365,2
19663,17,480,332,4
19679,17,492,352,4
19696,17,497,356,4
19713,17,466,352,4
19729,17,487,335,4
19746,17,485,331,4
19762,17,523,363,4
19779,17,509,348,4
19796,17,490,340,4
19812,17,488,344,4
19829,17,464,337,4
19846,17,488,355,4
19862,17,493,384,2
19879,17,494,351,4
19896,17,496,357,4
19912,17,507,359,4
19929,17,504,339,4
19945,17,495,311,4
19962,17,506,344,4
19979,17,499,355,4
19995,17,491,344,4
20012,17,501,360,4
20029,17,492,359,4
20045,17,495,354,4
20062,17,495,346,4
20079,17,511,343,4
20095,17,485,372,2
20112,17,502,353,4
20128,17,500,342,4
20145,17,505,346,4
20162,17,505,362,4
20178,17,497,327,4
20195,17,499,367,2
20212,17,488,327,4
20228,17,503,340,4
20245,17,483,366,2
20261,17,491,351,4
20278,17,492,355,4
20295,17,496,367,2
20311,17,479,365,2
20328,17,496,368,2
20345,17,499,361,4
20361,17,482,343,4
20378,17,489,341,4
20395,17,482,346,4
20411,17,502,345,4
20428,17,507,371,2
20444,17,478,363,4
20461,17,491,341,4
20478,17,484,335,4
20494,17,486,343,4
20511,17,487,363,4
20528,17,487,387,2
20544,17,480,329,4
20561,17,541,435,3
20578,17,550,442,3
20594,17,571,456,3
20611,17,559,439,3
20627,17,546,444,3
20644,17,542,457,3
20661,17,552,425,3
20677,17,551,436,3
20694,17,564,434,3
20711,17,556,447,3
20727,17,562,438,3
20744,17,564,440,3
20761,17,562,448,3
20777,17,573,463,3
20794,17,511,389,2
20810,17,489,392,2
20827,17,486,347,4
20844,17,476,347,4
20860,17,472,363,4
20877,17,480,355,4
20894,17,475,366,2
20910,17,482,358,4
20927,17,486,362,4
20944,17,468,373,2
20960,17,468,353,4
20977,17,466,370,2
20993,17,485,371,2
21010,17,478,360,4
21027,17,473,389,2
21043,17,473,363,4
21060,17,461,366,2
21077,17,439,372,2
21093,17,456,330,4
21110,17,444,326,4
21127,17,454,333,4
21143,17,455,351,4
21160,17,458,348,4
21176,17,459,299,4
21193,17,446,369,2
21210,17,402,351,0
21226,17,405,339,0
21243,17,417,381,2
21260,17,374,336,0
21276,17,401,331,0
21293,17,399,344,0
21309,17,405,350,0
21326,17,397,366,2
21343,17,404,386,2
21359,17,404,363,0
21376,17,402,355,0
21393,17,396,364,0
21409,17,402,364,0
21426,17,393,360,0
21443,17,392,364,0
21459,17,399,382,2
21476,17,386,345,0
21492,17,395,349,0
21509,17,396,348,0
21526,17,400,357,0
21542,17,401,343,0
21559,17,402,376,2
21576,17,410,363,0
21592,17,402,368,2
21609,17,397,354,0
21626,17,446,380,2
21642,17,460,387,2
21659,17,452,380,2
21675,17,459,384,2
21692,17,463,394,2
21709,17,462,388,2
21725,17,462,397,2
21742,17,466,391,2
21759,17,460,399,2
21775,17,452,393,2
21792,17,462,398,2
21809,17,463,392,2
21825,17,458,383,2
21842,17,460,393,2
21858,17,457,400,2
21875,17,461,392,2
21892,17,464,384,2
21908,17,459,387,2
21925,17,463,377,2
21942,17,470,384,2
21958,17,455,384,2
21975,17,466,392,2
21992,17,463,388,2
22008,17,462,354,4
22025,17,462,360,4
22041,17,468,383,2
22058,17,458,386,2
22075,17,460,404,2
22091,17,472,374,2
22108,17,473,403,2
22125,17,472,373,2
22141,17,486,365,2
22158,17,471,384,2
22175,17,467,369,2
22191,17,467,362,4
22208,17,462,361,4
22224,17,452,379,2
22241,17,472,363,4
22258,17,455,401,2
22274,17,473,390,2
22291,17,464,365,2
22308,17,462,367,2
22324,17,457,374,2
22341,17,453,357,4
22358,17,466,413,2
22374,17,466,410,2
22391,17,464,384,2
22407,17,459,395,2
22424,17,455,395,2
22441,17,458,389,2
22457,17,465,418,3
22474,17,466,415,2
22491,17,464,387,2
22507,17,461,396,2
22524,17,468,387,2
22540,17,464,408,2
22557,17,465,387,2
22574,17,454,406,2
22590,17,441,426,3
22607,17,447,376,2
22624,17,434,383,2
22640,17,439,378,2
22657,17,440,381,2
22674,17,433,381,2
22690,17,440,391,2
22707,17,464,364,4
22723,17,433,393,2
22740,17,435,396,2
22757,17,446,389,2
22773,17,451,388,2
22790,17,441,384,2
22807,17,441,371,2
22823,17,442,403,2
22840,17,447,414,2
22857,17,440,403,2
22873,17,442,402,2
22890,17,443,379,2
22906,17,441,404,2
22923,17,442,371,2
22940,17,443,392,2
22956,17,446,406,2
22973,17,443,382,2
22990,17,434,382,2
23006,17,434,411,2
23023,17,440,407,2
23040,17,436,407,2
23056,17,435,401,2
23073,17,437,410,2
23089,17,447,377,2
23106,17,447,392,2
23123,17,437,407,2
23139,17,440,408,2
23156,17,442,424,3
23173,17,446,403,2
23189,17,441,399,2
23206,17,449,393,2
23223,17,435,397,2
23239,17,443,381,2
23256,17,444,407,2
23272,17,451,381,2
23289,17,452,401,2
23306,17,450,389,2
23322,17,443,393,2
23339,17,449,418,3
23356,17,431,388,2
23372,17,449,413,2
23389,17,453,373,2
23406,17,449,388,2
23422,17,442,388,2
23439,17,441,426,3
23455,17,440,412,2
23472,17,444,392,2
23489,17,452,403,2
23505,17,450,384,2
23522,17,442,379,2
23539,17,438,394,2
23555,17,454,377,2
23572,17,444,401,2
23588,17,445,403,2
23605,17,459,379,2
23622,17,461,387,2
23638,17,481,371,2
23655,17,483,375,2
23672,17,505,388,2
23688,17,482,387,2
23705,17,494,405,2
23722,17,491,382,2
23738,17,473,389,2
23755,17,478,367,2
23771,17,475,359,4
23788,17,484,346,4
23805,17,484,377,2
23821,17,480,362,4
23838,17,485,374,2
23855,17,505,356,4
23871,17,480,356,4
23888,17,482,361,4
23905,17,504,348,4
23921,17,496,349,4
23938,17,496,369,2
23954,17,499,359,4
23971,17,479,361,4
23988,17,490,347,4
24004,17,486,362,4
24021,17,500,358,4
24038,17,481,359,4
24054,17,492,363,4
24071,17,515,347,4
24088,17,524,325,4
24104,17,506,333,4
24121,17,519,354,4
24137,17,510,341,4
24154,17,508,349,4
24171,17,524,354,4
24187,17,509,357,4
24204,17,505,368,2
24221,17,503,348,4
24237,17,523,334,4
24254,17,502,371,2
24271,17,521,367,2
24287,17,518,358,4
24304,17,531,349,4
24320,17,537,333,4
24337,17,576,334,4
24354,17,606,333,4
24370,17,608,352,4
24387,17,583,373,2
24404,17,596,335,4
24420,17,605,361,4
24437,17,596,349,4
24454,17,608,344,4
24470,17,615,350,0
24487,17,595,330,4
24503,17,602,350,4
24520,17,575,340,4
24537,17,607,385,2
24553,17,607,373,2
24570,17,620,347,0
24587,17,586,353,4
24603,17,604,343,4
24620,17,604,334,4
24637,17,579,344,4
24653,17,620,336,0
24670,17,619,331,0
24686,17,597,321,4
24703,17,600,323,4
24720,17,601,353,4
24736,17,585,329,4
24753,17,611,345,4
24770,17,587,351,4
24786,17,579,351,4
24803,17,588,348,4
24819,17,607,351,4
24836,17,552,340,4
24853,17,561,327,4
24869,17,572,334,4
24886,17,576,343,4
24903,17,588,338,4
24919,17,625,345,0
24936,17,583,368,2
24953,17,590,360,4
24969,17,571,346,4
24986,17,580,334,4
25002,17,576,334,4
25019,17,594,354,4
25036,17,578,360,4
25052,17,587,334,4
25069,17,606,385,2
25086,17,583,426,3
25102,17,548,430,3
25119,17,609,433,3
25136,17,582,423,3
25152,17,572,417,2
25169,17,577,432,3
25185,17,582,405,2
25202,17,610,412,2
25219,17,593,487,3
25235,17,587,445,3
25252,17,600,442,3
25269,17,584,453,3
25285,17,587,442,3
25302,17,561,413,2
25319,17,597,504,3
25335,17,589,462,3
25352,17,584,473,3
25368,17,598,471,3
25385,17,606,488,3
25402,17,599,475,3
25418,17,596,469,3
25435,17,597,465,3
25452,17,579,468,3
25468,17,593,468,3
25485,17,587,494,3
25502,17,574,470,3
25518,17,580,499,3
25535,17,591,521,3
25551,17,559,475,3
25568,17,574,463,3
25585,17,576,454,3
25601,17,573,425,3
25618,17,569,442,3
25635,17,555,451,3
25651,17,630,760,3
25751,100,595,443,3
25768,17,597,681,3
25784,17,584,483,3
25801,17,588,383,2
25818,17,566,443,3
25834,17,591,455,3
25851,17,585,462,3
25868,17,576,435,3
25884,17,592,468,3
25901,17,571,438,3
25917,17,581,444,3
25934,17,584,460,3
25951,17,579,445,3
25967,17,595,463,3
25984,17,600,450,3
26001,17,576,453,3
26017,17,594,469,3
26034,17,583,453,3
26050,17,591,450,3
26067,17,599,428,3
26084,17,583,439,3
26100,17,602,429,3
26117,17,584,454,3
26134,17,586,462,3
26150,17,605,459,3
26167,17,579,451,3
26184,17,589,445,3
26200,17,561,399,2
26217,17,557,649,3
26233,17,541,840,0
26250,17,542,740,3
26267,17,547,443,3
26283,17,524,311,4
26300,17,514,324,4
26317,17,529,350,4
26333,17,518,353,4
26350,17,523,376,2
26367,17,519,376,2
26383,17,520,348,4
26400,17,513,379,2
26416,17,536,377,2
26433,17,507,373,2
26450,17,538,371,2
26466,17,534,382,2
26483,17,526,388,2
26500,17,530,376,2
26516,17,519,376,2
26533,17,532,402,2
26550,17,526,387,2
26566,17,524,373,2
26583,17,530,368,2
26599,17,526,395,2
26616,17,510,385,2
26633,17,472,405,2
26649,17,466,402,2
26666,17,468,389,2
26683,17,461,401,2
26699,17,450,394,2
26716,17,463,393,2
26733,17,467,367,2
26749,17,466,360,4
26766,17,447,387,2
26782,17,462,381,2
26799,17,451,382,2
26816,17,448,385,2
26832,17,451,380,2
26849,17,411,394,2
26866,17,413,359,0
26882,17,401,386,2
26899,17,419,389,2
26916,17,411,375,2
26932,17,421,397,2
26949,17,414,385,2
26965,17,418,387,2
26982,17,411,406,2
26999,17,404,391,2
27015,17,415,389,2
27032,17,419,400,2
27049,17,413,392,2
27065,17,410,372,2
27082,17,418,393,2
27098,17,419,358,4
27115,17,415,360,0
27132,17,410,380,2
27148,17,419,374,2
27165,17,416,382,2
27182,17,413,404,2
27198,17,418,395,2
27215,17,412,393,2
27232,17,416,389,2
27248,17,413,396,2
27265,17,423,388,2
27281,17,413,400,2
27298,17,413,395,2
27315,17,405,393,2
27331,17,415,402,2
27348,17,409,384,2
27365,17,411,401,2
27381,17,414,396,2
27398,17,414,412,2
27415,17,418,385,2
27431,17,414,365,2
27448,17,414,374,2
27464,17,416,414,2
27481,17,414,407,2
27498,17,411,389,2
27514,17,413,394,2
27531,17,427,393,2
27548,17,423,399,2
27564,17,432,401,2
27581,17,421,401,2
27598,17,422,406,2
27614,17,423,413,2
27631,17,413,366,2
27647,17,421,415,2
27664,17,423,418,3
27681,17,420,375,2
27697,17,420,418,3
27714,17,431,390,2
27731,17,482,392,2
27747,17,492,422,3
27764,17,473,392,2
27781,17,505,431,3
27797,17,483,400,2
27814,17,485,384,2
27830,17,481,422,3
27847,17,479,418,3
27864,17,474,387,2
27880,17,475,379,2
27897,17,485,395,2
27914,17,475,425,3
27930,17,483,388,2
27947,17,482,323,4
27964,17,478,331,4
27980,17,505,361,4
27997,17,482,361,4
28013,17,479,347,4
28030,17,480,321,4
28047,17,471,385,2
28063,17,480,362,4
28080,17,480,388,2
28097,17,477,372,2
28113,17,482,372,2
28130,17,492,395,2
28147,17,490,366,2
28163,17,489,365,2
28180,17,492,368,2
28196,17,480,398,2
28213,17,478,369,2
28230,17,436,377,2
28246,17,403,357,0
28263,17,398,361,0
28280,17,405,357,0
28296,17,397,364,0
28313,17,406,392,2
28329,17,409,358,0
28346,17,406,353,0
28363,17,398,380,2
28379,17,404,393,2
28396,17,399,365,2
28413,17,407,366,2
28429,17,393,346,0
28446,17,408,361,0
28463,17,408,352,0
28479,17,406,367,2
28496,17,400,361,0
28512,17,402,358,0
28529,17,401,361,0
28546,17,396,375,2
28562,17,419,353,4
28579,17,472,423,3
28596,17,456,435,3
28612,17,476,457,3
28629,17,471,414,2
28646,17,459,413,2
28662,17,480,448,3
28679,17,464,426,3
28695,17,465,479,3
28712,17,469,438,3
28729,17,467,425,3
28745,17,480,418,3
28762,17,461,401,2
28779,17,440,451,3
28795,17,448,427,3
28812,17,445,442,3
28829,17,444,435,3
28845,17,455,422,3
28862,17,444,431,3
28878,17,449,435,3
28895,17,448,451,3
28912,17,442,463,3
28928,17,436,448,3
28945,17,439,443,3
28962,17,456,460,3
28978,17,428,438,3
28995,17,449,420,3
29012,17,445,444,3
29028,17,453,441,3
29045,17,495,426,3
29061,17,497,435,3
29078,17,501,399,2
29095,17,501,422,3
29111,17,502,422,3
29128,17,502,426,3
29145,17,495,407,2
29161,17,505,394,2
29178,17,520,396,2
29195,17,499,393,2
29211,17,500,397,2
29228,17,524,390,2
29244,17,508,401,2
29261,17,502,380,2
29278,17,508,376,2
29294,17,501,357,4
29311,17,504,392,2
29328,17,505,340,4
29344,17,508,366,2
29361,17,508,355,4
29377,17,520,355,4
29394,17,494,401,2
29411,17,504,380,2
29427,17,486,408,2
29444,17,494,415,2
29461,17,505,409,2
29477,17,499,396,2
29494,17,499,362,4
29511,17,501,361,4
29527,17,516,371,2
29544,17,497,387,2
29560,17,497,383,2
29577,17,498,407,2
29594,17,499,370,2
29610,17,507,345,4
29627,17,496,337,4
29644,17,517,347,4
29660,17,502,382,2
29677,17,498,380,2
29694,17,486,395,2
29710,17,502,394,2
29727,17,519,356,4
29743,17,501,388,2
29760,17,488,423,3
29777,17,499,347,4
29793,17,492,394,2
29810,17,512,371,2
29827,17,522,343,4
29843,17,510,370,2
29860,17,516,361,4
29877,17,504,381,2
29893,17,529,347,4
29910,17,522,366,2
29926,17,508,404,2
29943,17,504,355,4
29960,17,493,381,2
29976,17,494,400,2
29993,17,526,358,4
30010,17,526,367,2
30026,17,507,412,2
30043,17,494,396,2
30060,17,508,422,3
30076,17,523,357,4
30093,17,500,402,2
30109,17,494,389,2
30126,17,521,396,2
30143,17,509,387,2
30159,17,505,391,2
30176,17,477,348,4
30193,17,483,395,2
30209,17,465,369,2
30226,17,481,373,2
30243,17,480,413,2
30259,17,488,349,4
30276,17,466,359,4
30292,17,489,368,2
30309,17,464,387,2
30326,17,475,754,3
30492,166,642,563,3
30509,17,423,523,3
30525,17,434,352,4
30542,17,431,301,4
30559,17,431,372,2
30575,17,448,390,2
30592,17,464,382,2
30608,17,438,394,2
30625,17,437,415,2
30642,17,451,371,2
30658,17,455,395,2
30675,17,444,407,2
30692,17,441,405,2
30708,17,445,391,2
30725,17,438,414,2
30742,17,439,368,2
30758,17,433,392,2
30775,17,452,401,2
30791,17,465,388,2
30808,17,452,386,2
30825,17,447,399,2
30841,17,446,400,2
30858,17,438,394,2
30875,17,419,427,3
30891,17,422,429,3
30908,17,426,426,3
30925,17,427,411,2
30941,17,419,421,3
30958,17,418,414,2
30974,17,409,420,3
30991,17,430,416,2
31008,17,425,426,3
31024,17,430,429,3
31041,17,425,449,3
31058,17,416,417,2
31074,17,406,412,2
31091,17,422,398,2
31108,17,427,430,3
31124,17,435,414,2
31141,17,406,399,2
31157,17,410,414,2
31174,17,418,436,3
31191,17,412,413,2
31207,17,434,425,3
31224,17,420,400,2
31241,17,408,414,2
31257,17,414,429,3
31274,17,439,441,3
31291,17,424,430,3
31307,17,427,386,2
31324,17,420,434,3
31340,17,427,377,2
31357,17,417,443,3
31374,17,440,427,3
31390,17,425,411,2
31407,17,420,420,3
31424,17,411,418,3
31440,17,417,436,3
31457,17,428,391,2
31474,17,422,412,2
31490,17,422,439,3
31507,17,426,422,3
31523,17,437,433,3
31540,17,433,426,3
31557,17,425,405,2
31573,17,428,425,3
31590,17,438,405,2
31607,17,449,420,3
31623,17,431,404,2
31640,17,451,409,2
31656,17,436,408,2
31673,17,414,410,2
31690,17,442,410,2
31706,17,492,421,5
31723,17,491,429,3
31740,17,480,453,3
31756,17,488,430,3
31773,17,497,457,3
31790,17,504,426,3
31806,17,507,409,2
31823,17,498,455,3
31839,17,509,429,3
31856,17,485,462,3
31873,17,481,447,3
31889,17,519,405,2
31906,17,513,387,2
31923,17,504,367,2
31939,17,508,386,2
31956,17,499,359,4
31973,17,504,356,4
31989,17,515,366,2
32006,17,511,356,4
32022,17,510,380,2
32039,17,492,357,4
32072,33,503,376,2
32072,0,503,376,2
32089,17,501,354,4
32106,17,492,369,2
32122,17,488,368,2
32139,17,503,378,2
32156,17,488,368,2
32172,17,507,409,2
32189,17,509,381,2
32205,17,508,382,2
32222,17,514,409,2
32239,17,505,362,4
32255,17,505,359,4
32272,17,499,382,2
32289,17,502,339,4
32305,17,513,397,2
32322,17,513,370,2
32339,17,509,387,2
32355,17,508,397,2
32372,17,523,355,4
32388,17,559,322,4
32405,17,589,336,4
32422,17,569,382,2
32438,17,557,367,2
32455,17,560,330,4
32472,17,568,349,4
32488,17,579,369,2
32505,17,568,364,4
32522,17,588,356,4
32538,17,572,347,4
32555,17,577,441,3
32571,17,601,484,3
32588,17,603,498,3
32605,17,603,465,3
32621,17,650,482,3
32638,17,589,457,3
32655,17,596,473,3
32671,17,608,463,3
32688,17,609,477,3
32705,17,593,490,3
32721,17,586,474,3
32738,17,588,507,3
32754,17,606,469,3
32771,17,602,488,3
32788,17,580,478,3
32804,17,598,493,3
32821,17,589,471,3
32838,17,591,490,3
32854,17,603,463,3
32871,17,605,478,3
32887,17,608,455,3
32904,17,607,486,3
32921,17,624,476,3
32937,17,607,453,3
32954,17,585,489,3
32971,17,616,478,3
32987,17,593,456,3
33004,17,624,476,3
33021,17,593,504,3
33037,17,591,482,3
33054,17,606,466,3
33070,17,614,449,3
33087,17,594,477,3
33104,17,601,496,3
33120,17,610,535,3
33137,17,599,563,3
33154,17,630,558,3
33170,17,608,527,3
33187,17,611,533,3
33204,17,633,554,3
33220,17,636,564,3
33237,17,630,574,3
33253,17,639,538,3
33270,17,629,587,3
33287,17,609,540,3
33303,17,616,541,3
33320,17,624,547,3
33337,17,623,559,3
33353,17,611,520,3
33370,17,618,547,3
33387,17,609,537,3
33403,17,618,528,3
33420,17,617,522,3
33436,17,625,486,3
33453,17,576,541,3
33470,17,568,545,3
33503,33,573,539,3
33520,17,587,534,3
33536,17,544,515,3
33553,17,572,542,3
33570,17,577,525,3
33586,17,567,532,3
33603,17,557,524,3
33619,17,555,510,3
33636,17,574,511,3
33653,17,554,555,3
33669,17,565,524,3
33686,17,529,539,3
33703,17,540,521,3
33719,17,540,530,3
33736,17,536,531,3
33753,17,533,512,3
33769,17,545,542,3
33786,17,541,549,3
33802,17,540,547,3
33819,17,529,503,3
33836,17,536,561,3
33852,17,529,521,3
33869,17,558,535,3
34019,150,547,788,0
34035,17,723,721,3
34052,17,535,415,2
34069,17,526,318,4
34085,17,543,251,1
34102,17,551,356,4
34118,17,536,238,1
34135,17,591,610,3
34152,17,555,459,3
34168,17,566,449,3
34185,17,564,446,3
34202,17,564,433,3
34218,17,574,478,3
34235,17,560,484,3
34252,17,578,461,3
34268,17,545,432,3
34285,17,549,462,3
34301,17,566,443,3
34318,17,563,471,3
34335,17,557,452,3
34351,17,555,454,3
34368,17,557,458,3
34385,17,548,481,3
34401,17,560,472,3
34418,17,562,468,3
34435,17,557,451,3
34451,17,549,460,3
34468,17,562,442,3
34484,17,560,474,3
34501,17,568,481,3
34518,17,558,462,3
34534,17,576,490,3
34551,17,542,370,2
34568,17,529,384,2
34584,17,531,354,4
34601,17,530,350,4
34618,17,549,377,2
34634,17,771,516,3
34651,17,528,358,4
34667,17,535,408,2
34684,17,536,400,2
34701,17,540,402,2
34717,17,563,378,2
34734,17,549,394,2
34751,17,535,366,2
34767,17,562,400,2
34784,17,765,468,3
34801,17,527,394,2
34817,17,555,377,2
34834,17,526,381,2
34850,17,503,376,2
34867,17,505,388,2
34884,17,487,388,2
34900,17,491,389,2
34917,17,494,394,2
34934,17,501,379,2
34950,17,500,406,2
34967,17,510,400,2
34984,17,496,399,2
35000,17,498,400,2
35017,17,442,380,2
35033,17,428,379,2
35050,17,447,405,2
35067,17,441,368,2
35083,17,453,373,2
35100,17,444,368,2
35117,17,437,386,2
35133,17,435,379,2
35150,17,428,381,2
35166,17,429,402,2
35183,17,426,416,2
35200,17,421,402,2
35216,17,429,379,2
35233,17,426,398,2
35250,17,426,388,2
35266,17,431,390,2
35283,17,426,386,2
35300,17,408,397,2
35316,17,411,437,3
35333,17,413,396,2
35349,17,416,387,2
35366,17,412,414,2
35383,17,423,430,3
35399,17,422,415,2
35416,17,420,379,2
35433,17,433,415,2
35449,17,416,393,2
35466,17,428,422,3
35483,17,425,425,3
35499,17,431,417,2
35516,17,421,386,2
35532,17,430,418,3
35549,17,426,439,3
35566,17,427,444,3
35582,17,436,433,3
35599,17,420,407,2
35616,17,423,420,3
35632,17,438,475,3
35649,17,431,455,3
35666,17,430,441,3
35682,17,419,424,3
35699,17,430,440,3
35715,17,427,427,3
35732,17,415,400,2
35749,17,408,437,3
35765,17,425,436,3
35782,17,429,406,2
35799,17,416,413,2
35815,17,443,444,3
35832,17,468,363,4
35849,17,491,366,2
35865,17,496,370,2
35882,17,488,378,2
35898,17,488,379,2
35915,17,493,374,2
35932,17,490,407,2
35948,17,485,377,2
35965,17,507,388,2
35982,17,490,412,2
35998,17,490,344,4
36015,17,488,383,2
36032,17,494,397,2
36048,17,496,383,2
36065,17,489,374,2
36081,17,489,379,2
36098,17,478,359,4
36115,17,483,371,2
36131,17,516,341,4
36148,17,505,361,4
36165,17,504,355,4
36181,17,498,350,4
36198,17,502,366,2
36215,17,506,371,2
36231,17,520,649,3
36364,133,600,841,0
36381,17,571,531,3
36397,17,561,339,4
36414,17,534,299,4
36431,17,538,350,4
36447,17,535,370,2
36464,17,544,401,2
36481,17,556,362,4
36497,17,543,378,2
36514,17,545,355,4
36531,17,556,343,4
36547,17,538,371,2
36564,17,545,381,2
36580,17,552,373,2
36597,17,542,354,4
36614,17,535,326,4
36630,17,544,329,4
36647,17,536,324,4
36664,17,544,334,4
36680,17,548,334,4
36697,17,541,328,4
36714,17,540,343,4
36730,17,535,344,4
36747,17,545,327,4
36763,17,534,314,4
36780,17,557,336,4
36797,17,519,324,4
36813,17,541,331,4
36830,17,542,330,4
36847,17,536,345,4
36863,17,547,314,4
36880,17,545,334,4
36897,17,544,343,4
36913,17,566,325,4
36930,17,544,346,4
36946,17,544,373,2
36963,17,559,353,4
36980,17,546,349,4
36996,17,557,367,2
37013,17,549,433,3
37030,17,544,540,3
37046,17,499,533,3
37063,17,493,528,3
37080,17,487,535,3
37096,17,486,535,3
37113,17,490,542,3
37129,17,487,538,3
37146,17,488,527,3
37163,17,485,533,3
37179,17,490,518,3
37196,17,418,562,3
37213,17,404,559,3
37229,17,404,519,3
37246,17,405,564,3
37263,17,399,518,3
37279,17,399,530,3
37296,17,400,530,3
37312,17,403,552,3
37329,17,403,561,3
37346,17,408,534,3
37362,17,413,511,3
37379,17,394,526,3
37396,17,399,517,3
37412,17,407,554,3
37429,17,395,532,3
37445,17,404,542,3
37462,17,443,558,3
37479,17,512,548,3
37495,17,556,518,3
37512,17,558,515,3
37529,17,554,530,3
37545,17,563,550,3
37562,17,553,508,3
37579,17,561,541,3
37595,17,554,517,3
37612,17,560,525,3
37628,17,558,525,3
37645,17,573,511,3
37662,17,648,542,3
37678,17,667,511,3
37695,17,649,514,3
37712,17,665,496,3
37728,17,637,495,3
37745,17,660,513,3
37762,17,642,513,3
37778,17,659,496,3
37795,17,659,487,3
37811,17,659,493,3
37828,17,657,481,3
37845,17,654,491,3
37861,17,604,474,3
37878,17,579,466,3
37895,17,547,461,3
37911,17,533,452,3
37928,17,545,444,3
37945,17,551,432,3
37961,17,555,447,3
37978,17,541,442,3
37994,17,535,446,3
38011,17,538,426,3
38028,17,554,456,3
38044,17,544,445,3
38061,17,537,448,3
38078,17,541,442,3
38094,17,546,447,3
38111,17,542,447,3
38128,17,556,483,3
38144,17,558,449,3
38161,17,544,452,3
38177,17,553,416,2
38194,17,546,462,3
38211,17,545,458,3
38227,17,551,480,3
38244,17,557,448,3
38261,17,554,442,3
38277,17,553,454,3
38294,17,554,466,3
38311,17,558,442,3
38327,17,563,436,3
38344,17,582,428,3
38360,17,573,436,3
38377,17,574,431,3
38394,17,584,436,3
38410,17,565,420,5
38427,17,566,418,5
38444,17,579,412,2
38460,17,571,432,3
38477,17,566,417,5
38494,17,577,460,3
38510,17,577,414,2
38527,17,555,426,3
38543,17,553,436,3
38560,17,576,444,3
38577,17,574,448,3
38593,17,574,446,3
38610,17,549,382,2
38627,17,553,390,2
38643,17,558,377,2
38660,17,556,387,2
38676,17,547,373,2
38693,17,548,386,2
38710,17,561,388,2
38726,17,543,392,2
38743,17,535,396,2
38760,17,545,398,2
38776,17,558,410,2
38793,17,543,409,2
38810,17,533,395,2
38826,17,528,404,2
38843,17,486,431,3
38859,17,469,422,3
38876,17,455,423,3
38893,17,446,461,3
38909,17,457,442,3
38926,17,463,458,3
38943,17,429,475,3
38959,17,446,455,3
38976,17,461,449,3
38993,17,464,500,3
39009,17,426,456,3
39026,17,436,432,3
39042,17,447,400,2
39059,17,430,456,3
39076,17,435,460,3
39092,17,441,440,3
39109,17,425,454,3
39126,17,437,458,3
39142,17,436,452,3
39159,17,423,441,3
39176,17,438,481,3
39192,17,424,470,3
39209,17,426,456,3
39225,17,425,440,3
39242,17,417,485,3
39259,17,422,433,3
39275,17,389,424,3
39292,17,411,452,3
39309,17,395,444,3
39325,17,398,430,3
39342,17,407,450,3
39359,17,402,437,3
39375,17,388,435,3
39392,17,399,439,3
39408,17,401,431,3
39425,17,402,456,3
39442,17,397,440,3
39458,17,397,423,3
39475,17,399,445,3
39492,17,393,451,3
39508,17,403,445,3
39525,17,406,450,3
39542,17,399,416,2
39558,17,384,445,3
39575,17,407,425,3
39591,17,406,435,3
39608,17,403,444,3
39625,17,411,430,3
39641,17,402,454,3
39658,17,401,435,3
39675,17,397,406,2
39691,17,392,469,3
39708,17,389,437,3
39724,17,409,441,3
39741,17,408,483,3
39874,133,536,944,0
39891,17,523,577,3
39907,17,515,376,2
39924,17,504,394,2
39941,17,505,375,2
39957,17,508,406,2
39974,17,503,400,2
39991,17,506,379,2
40007,17,515,408,2
40024,17,521,394,2
40041,17,508,398,2
40057,17,508,410,2
40074,17,506,398,2
40090,17,508,412,2
40107,17,513,379,2
40124,17,521,382,2
40140,17,511,390,2
40157,17,515,395,2
40174,17,522,371,2
40190,17,515,403,2
40207,17,524,407,2
40224,17,518,400,2
40240,17,528,393,2
40257,17,513,387,2
40273,17,517,388,2
40290,17,508,422,3
40307,17,516,389,2
40323,17,508,363,4
40340,17,515,319,4
40357,17,519,316,4
40373,17,508,278,0
40390,17,519,297,4
40407,17,517,285,0
40423,17,514,292,4
40440,17,516,309,4
40456,17,524,311,4
40473,17,528,301,4
40490,17,520,296,4
40506,17,522,287,0
40523,17,550,279,0
40540,17,589,277,0
40556,17,668,256,1
40573,17,627,242,1
40590,17,628,241,1
40606,17,616,264,0
40623,17,620,251,1
40639,17,659,244,1
40656,17,629,234,1
40673,17,610,272,0
40689,17,635,265,0
40706,17,629,256,1
40723,17,619,261,0
40739,17,619,270,0
40756,17,682,263,0
40789,33,669,307,0
40806,17,686,260,0
40822,17,705,276,0
40839,17,677,253,1
40856,17,678,254,1
40872,17,685,240,1
40889,17,697,262,0
40906,17,682,267,0
40922,17,703,283,0
40939,17,677,268,0
40955,17,682,270,0
40972,17,695,249,1
40989,17,717,265,0
41005,17,682,271,0
41022,17,681,241,1
41039,17,701,233,1
41055,17,708,273,0
41072,17,753,259,0
41089,17,760,307,0
41105,17,753,326,0
41122,17,784,281,0
41138,17,795,325,0
41155,17,785,291,0
41172,17,781,272,0
41188,17,764,297,0
41205,17,778,311,0
41222,17,773,317,0
41238,17,794,265,0
41255,17,781,289,0
41272,17,764,297,0
41288,17,782,326,0
41305,17,768,303,0
41321,17,775,318,0
41338,17,788,291,0
41355,17,785,288,0
41371,17,779,308,0
41388,17,779,306,0
41405,17,781,344,0
41421,17,794,329,0
41438,17,782,304,0
41455,17,792,317,0
41471,17,814,309,0
41488,17,788,288,0
41504,17,774,287,0
41521,17,764,286,0
41538,17,783,315,0
41554,17,778,277,0
41571,17,767,297,0
41588,17,783,294,0
41604,17,794,287,0
41621,17,776,264,0
41638,17,780,279,0
41654,17,774,281,0
41671,17,772,259,0
41687,17,752,293,0
41704,17,742,337,0
41721,17,635,402,2
41737,17,563,469,3
41754,17,581,450,3
41771,17,572,479,3
41787,17,570,446,3
41804,17,570,459,3
41821,17,579,500,3
41837,17,572,514,3
41854,17,560,530,3
41870,17,582,648,3
41887,17,583,591,3
41904,17,566,469,3
41920,17,568,481,3
41937,17,567,479,3
41954,17,566,470,3
41970,17,562,459,3
41987,17,573,475,3
42003,17,558,460,3
42020,17,578,453,3
42037,17,566,451,3
42053,17,578,468,3
42070,17,580,469,3
42087,17,585,470,3
42103,17,573,475,3
42120,17,557,487,3
42137,17,575,455,3
42153,17,570,467,3
42170,17,574,482,3
42186,17,574,454,3
42203,17,580,493,3
42220,17,581,474,3
42236,17,594,462,3
42253,17,574,499,3
42270,17,569,482,3
42286,17,568,499,3
42303,17,571,468,3
42320,17,567,469,3
42336,17,564,456,3
42353,17,559,471,3
42369,17,554,466,3
42386,17,574,486,3
42403,17,543,463,3
42419,17,566,470,3
42436,17,568,456,3
42453,17,557,448,3
42469,17,552,472,3
42486,17,550,459,3
42503,17,556,465,3
42519,17,545,476,3
42536,17,567,447,3
42552,17,551,473,3
42569,17,568,451,3
42586,17,542,474,3
42602,17,552,497,3
42619,17,547,435,3
42636,17,539,476,3
42652,17,522,451,3
42669,17,542,438,3
42686,17,526,452,3
42702,17,516,466,3
42719,17,511,458,3
42735,17,516,450,3
42752,17,496,448,3
42769,17,518,411,2
42785,17,519,439,3
42802,17,518,432,3
42819,17,523,420,5
42835,17,531,436,3
42852,17,521,419,5
42869,17,515,414,2
42885,17,513,413,2
42902,17,447,423,3
42918,17,447,454,3
42935,17,449,415,2
42952,17,443,416,2
42968,17,449,441,3
42985,17,452,440,3
43002,17,435,449,3
43018,17,439,443,3
43035,17,433,497,3
43052,17,445,469,3
43068,17,443,461,3
43085,17,436,430,3
43101,17,440,425,3
43118,17,444,422,3
43135,17,432,440,3
43151,17,423,426,3
43168,17,434,469,3
43185,17,435,440,3
43201,17,430,482,3
43218,17,434,479,3
43234,17,443,492,3
43251,17,424,482,3
43268,17,432,478,3
43284,17,431,459,3
43301,17,431,468,3
43318,17,417,447,3
43334,17,423,445,3
43351,17,431,448,3
43368,17,430,463,3
43384,17,427,458,3
43401,17,435,426,3
43417,17,423,435,3
43434,17,435,455,3
43451,17,431,452,3
43467,17,444,427,3
43484,17,437,446,3
43501,17,423,477,3
43517,17,427,471,3
43534,17,435,472,3
43551,17,439,466,3
43567,17,435,432,3
43584,17,427,455,3
43600,17,437,448,3
43617,17,430,437,3
43634,17,422,450,3
43650,17,437,433,3
43667,17,424,469,3
43684,17,438,496,3
43700,17,426,444,3
43717,17,427,476,3
43734,17,428,494,3
43750,17,436,492,3
43767,17,416,472,3
43783,17,434,474,3
43800,17,444,461,3
43817,17,433,489,3
43833,17,426,472,3
43850,17,489,442,3
43867,17,556,433,3
43883,17,548,407,2
43900,17,543,397,2
43917,17,552,424,3
43933,17,555,374,2
43950,17,554,383,2
43966,17,549,405,2
43983,17,547,397,2
44000,17,555,406,2
44016,17,552,430,3
44033,17,553,446,3
44050,17,565,388,2
44066,17,565,419,5
44083,17,617,388,2
44100,17,634,356,0
44116,17,646,371,2
44133,17,659,386,2
44149,17,635,371,2
44166,17,634,363,0
44183,17,637,357,0
44199,17,637,354,0
44216,17,643,371,2
44233,17,623,380,2
44249,17,629,341,0
44266,17,643,372,2
44283,17,638,399,2
44299,17,635,357,0
44316,17,653,345,0
44332,17,627,379,2
44349,17,625,352,0
44366,17,624,285,0
44382,17,623,267,0
44399,17,617,274,0
44416,17,615,273,0
44432,17,611,240,1
44449,17,596,247,1
44465,17,598,276,0
44482,17,604,266,0
44499,17,613,269,0
44515,17,613,286,0
44532,17,610,285,0
44549,17,620,287,0
44565,17,617,284,0
44582,17,623,301,0
44599,17,612,317,4
44615,17,606,273,0
44632,17,590,306,4
44648,17,617,280,0
44665,17,618,294,0
44682,17,608,266,0
44698,17,620,280,0
44715,17,615,245,1
44732,17,624,263,0
44748,17,618,271,0
44765,17,633,282,0
44782,17,630,254,1
44798,17,647,260,0
44815,17,635,254,1
44831,17,617,269,0
44848,17,630,253,1
44865,17,629,217,1
44881,17,635,289,0
44898,17,630,262,0
44915,17,644,239,1
44931,17,642,280,0
44948,17,616,259,1
44965,17,658,261,0
44981,17,612,242,1
44998,17,629,260,0
45014,17,637,240,1
45031,17,597,271,0
45048,17,638,280,0
45064,17,760,157,0
45081,17,597,242,1
45098,17,656,344,0
45114,17,705,283,0
45148,33,635,302,0
45164,17,614,329,0
45181,17,572,315,4
45197,17,560,344,4
45214,17,587,350,4
45231,17,564,365,2
45247,17,562,388,2
45264,17,667,313,0
45281,17,571,413,2
45297,17,547,414,2
45314,17,598,415,2
45331,17,589,436,3
45347,17,570,424,3
45364,17,539,435,3
45380,17,543,337,4
45397,17,559,378,2
45414,17,564,364,4
45430,17,561,384,2
45447,17,548,363,4
45464,17,566,367,2
45480,17,548,379,2
45497,17,626,688,3
45513,17,624,879,0
45530,17,663,949,0
45547,17,648,1000,0
45613,67,560,494,3
45630,17,560,710,3
45647,17,534,444,3
45663,17,507,363,4
45680,17,530,446,3
45696,17,529,451,3
45713,17,516,462,3
45730,17,536,452,3
45746,17,538,445,3
45763,17,534,434,3
45780,17,543,446,3
45796,17,532,438,3
45813,17,540,446,3
45830,17,524,434,3
45846,17,544,425,3
45863,17,552,705,3
46062,200,593,804,0
46079,17,586,561,3
46096,17,565,415,2
46112,17,562,373,2
46129,17,559,388,2
46146,17,564,450,3
46162,17,565,422,3
46179,17,562,440,3
46196,17,560,433,3
46212,17,572,417,2
46229,17,555,249,1
46245,17,569,393,2
46262,17,553,432,3
46279,17,542,301,4
46295,17,530,340,4
46312,17,528,556,3
46329,17,570,753,3
46345,17,546,771,0
46362,17,545,658,3
46379,17,511,516,3
46395,17,539,445,3
46412,17,497,415,2
46428,17,515,314,4
46445,17,491,211,1
46462,17,514,266,0
46478,17,474,352,4
46495,17,581,364,4
46512,17,508,349,4
46528,17,565,431,3
46545,17,504,404,2
46562,17,493,412,2
46578,17,522,467,3
46595,17,493,419,5
46611,17,490,415,2
46628,17,528,370,2
46645,17,537,355,4
46661,17,520,364,4
46678,17,551,376,2
46695,17,560,423,3
46711,17,577,361,4
46728,17,560,387,2
46744,17,577,394,2
46761,17,578,395,2
46778,17,558,435,3
46794,17,560,425,3
46811,17,524,401,2
46828,17,563,449,3
46844,17,586,407,2
46861,17,549,406,2
46878,17,532,389,2
46894,17,526,444,3
46911,17,559,481,3
46927,17,561,498,3
46944,17,512,369,2
46961,17,515,399,2
46977,17,641,449,3
46994,17,504,410,2
47011,17,496,400,2
47027,17,484,393,2
47044,17,448,386,2
47061,17,448,395,2
47077,17,470,454,3
47094,17,435,395,2
47110,17,500,426,3
47127,17,509,403,2
47144,17,505,411,2
47160,17,458,384,2
47177,17,508,436,3
47194,17,516,410,2
47210,17,963,540,3
47227,17,441,393,2
47244,17,702,196,1
47260,17,459,390,2
47277,17,475,392,2
47293,17,661,491,3
47310,17,750,470,3
47327,17,598,403,2
47343,17,694,393,2
47360,17,689,416,2
47377,17,782,260,0
47393,17,927,10,0
47410,17,453,417,2
47427,17,490,471,3
47443,17,451,394,2
47460,17,481,375,2
47476,17,428,421,3
47493,17,423,418,3
47510,17,188,619,3
47526,17,425,415,2
47543,17,441,433,3
47560,17,414,417,2
47576,17,123,610,3
47610,33,222,542,3
47626,17,414,537,3
47643,17,500,550,3
47659,17,397,507,3
47676,17,434,425,3
47693,17,522,408,2
47709,17,496,481,3
47726,17,464,389,2
47743,17,457,387,2
47759,17,453,375,2
47776,17,468,387,2
47792,17,348,431,3
47809,17,443,384,2
47842,33,882,383,0
47859,17,537,387,2
47876,17,504,318,4
47892,17,512,265,0
47909,17,564,356,4
47926,17,500,302,4
47942,17,490,287,0
47959,17,518,284,0
47975,17,509,290,4
47992,17,570,264,0
48009,17,483,377,2
48025,17,496,291,4
48042,17,505,299,4
48059,17,517,340,4
48075,17,482,336,4
48092,17,503,322,4
48109,17,493,368,2
48125,17,492,369,2
48142,17,525,375,2
48158,17,520,422,3
48175,17,526,408,2
48192,17,522,400,2
48208,17,528,415,2
48225,17,521,397,2
48242,17,522,423,3
48258,17,519,424,3
48275,17,512,414,2
48292,17,514,415,2
48308,17,537,414,2
48325,17,530,428,3
48341,17,509,449,3
48358,17,528,365,2
48375,17,519,381,2
48391,17,511,380,2
48408,17,506,366,2
48425,17,521,363,4
48441,17,515,364,4
48458,17,510,389,2
48475,17,517,387,2
48491,17,509,406,2
48508,17,500,375,2
48524,17,506,382,2
48541,17,492,404,2
48558,17,498,398,2
48574,17,506,433,3
48591,17,504,399,2
48608,17,495,396,2
48624,17,496,399,2
48641,17,503,413,2
48658,17,512,399,2
48674,17,519,376,2
48691,17,501,433,3
48707,17,520,490,3
48724,17,540,512,3
48741,17,531,500,3
48757,17,500,537,3
48774,17,518,502,3
48791,17,509,510,3
48807,17,523,497,3
48824,17,526,469,3
48841,17,524,506,3
48857,17,521,504,3
48874,17,534,506,3
48890,17,510,510,3
48907,17,518,554,3
48924,17,529,532,3
48940,17,530,505,3
48957,17,502,554,3
48974,17,527,507,3
48990,17,519,537,3
49007,17,529,528,3
49023,17,528,526,3
49040,17,535,518,3
49057,17,498,518,3
49073,17,518,524,3
49090,17,507,510,3
49107,17,526,527,3
49123,17,516,515,3
49140,17,518,482,3
49157,17,535,540,3
49173,17,523,529,3
49190,17,516,524,3
49206,17,510,533,3
49223,17,519,791,0
49356,133,595,861,0
49373,17,520,814,0
49389,17,495,466,3
49406,17,521,638,3
49423,17,531,755,3
49439,17,509,414,2
49456,17,524,395,2
49473,17,515,374,2
49489,17,500,420,5
49506,17,528,717,3
49523,17,508,651,3
49539,17,514,628,3
49556,17,519,679,3
49572,17,504,605,3
49589,17,512,540,3
49606,17,516,503,3
49622,17,513,509,3
49639,17,499,493,3
49656,17,503,492,3
49672,17,514,477,3
49689,17,513,475,3
49706,17,506,432,3
49722,17,484,412,2
49739,17,506,400,2
49755,17,490,397,2
49772,17,505,374,2
49789,17,515,404,2
49805,17,496,377,2
49822,17,499,366,2
49839,17,516,383,2
49855,17,503,376,2
49872,17,500,383,2
49889,17,503,379,2
49905,17,504,402,2
49922,17,495,373,2
49938,17,511,369,2
49955,17,507,358,4
49972,17,506,385,2
49988,17,503,374,2
50005,17,500,376,2
50022,17,507,351,4
50038,17,496,371,2
50055,17,517,374,2
50071,17,516,413,2
50088,17,518,367,2
50105,17,513,374,2
50121,17,504,377,2
50138,17,518,357,4
50155,17,552,332,4
50171,17,552,348,4
50188,17,556,328,4
50205,17,558,332,4
50221,17,556,343,4
50238,17,558,342,4
50254,17,552,335,4
50271,17,559,345,4
50288,17,557,304,4
50304,17,561,340,4
50321,17,563,329,4
50338,17,562,306,4
50354,17,571,322,4
50371,17,580,287,0
50388,17,583,286,0
50404,17,584,257,1
50421,17,574,340,4
50437,17,583,332,4
50454,17,579,324,4
50471,17,579,304,4
50487,17,583,293,4
50504,17,573,321,4
50521,17,569,290,4
50537,17,574,323,4
50554,17,579,319,4
50571,17,575,302,4
50587,17,581,326,4
50604,17,599,337,4
50620,17,567,330,4
50637,17,582,324,4
50654,17,576,315,4
50670,17,579,338,4
50687,17,569,337,4
50704,17,514,373,2
50720,17,538,378,2
50737,17,529,392,2
50754,17,533,376,2
50770,17,539,373,2
50787,17,527,383,2
50803,17,539,398,2
50820,17,525,393,2
50837,17,539,401,2
50853,17,546,388,2
50870,17,524,406,2
50887,17,540,377,2
50903,17,536,391,2
50920,17,481,439,3
50937,17,430,443,3
50953,17,440,466,3
50970,17,434,453,3
50986,17,432,415,2
51003,17,437,398,2
51020,17,435,372,2
51036,17,459,378,2
51053,17,432,390,2
51070,17,435,400,2
51086,17,437,411,2
51103,17,439,393,2
51120,17,434,404,2
51136,17,430,376,2
51153,17,434,399,2
51169,17,452,389,2
51186,17,434,394,2
51203,17,447,398,2
51219,17,451,393,2
51236,17,420,404,2
51253,17,409,439,3
51269,17,417,434,3
51286,17,414,439,3
51302,17,427,374,2
51319,17,412,381,2
51336,17,419,361,4
51352,17,414,375,2
51369,17,372,409,2
51386,17,406,425,3
51402,17,417,383,2
51419,17,423,390,2
51436,17,407,398,2
51452,17,402,432,3
51469,17,401,415,2
51485,17,393,430,3
51502,17,406,404,2
51519,17,411,410,2
51535,17,400,383,2
51552,17,397,425,3
51569,17,398,403,2
51585,17,399,379,2
51602,17,404,403,2
51619,17,405,415,2
51635,17,401,418,3
51652,17,403,395,2
51668,17,396,390,2
51685,17,401,408,2
51702,17,407,374,2
51718,17,416,402,2
51735,17,398,396,2
51752,17,408,412,2
51768,17,402,379,2
51785,17,402,399,2
51802,17,414,419,3
51818,17,409,410,2
51835,17,406,386,2
51851,17,412,384,2
51868,17,410,412,2
51885,17,412,397,2
51901,17,453,429,3
51918,17,460,453,3
51935,17,471,435,3
51951,17,464,458,3
51968,17,473,451,3
51985,17,473,435,3
52001,17,468,436,3
52018,17,470,446,3
52034,17,467,440,3
52051,17,468,435,3
52068,17,467,430,3
52084,17,476,432,3
52101,17,469,436,3
52118,17,460,443,3
52134,17,470,457,3
52151,17,471,425,3
52168,17,467,433,3
52184,17,464,439,3
52201,17,460,427,3
52217,17,458,378,2
52234,17,473,381,2
52251,17,478,348,4
52267,17,465,354,4
52284,17,466,354,4
52301,17,482,360,4
52317,17,471,367,2
52334,17,464,340,4
52350,17,463,371,2
52367,17,462,383,2
52384,17,468,345,4
52400,17,482,367,2
52417,17,471,355,4
52434,17,484,354,4
52450,17,463,372,2
52467,17,476,380,2
52484,17,485,365,2
52500,17,489,396,2
52517,17,506,321,4
52533,17,526,294,4
52550,17,515,287,0
52567,17,554,262,0
52583,17,526,278,0
52600,17,540,300,4
52617,17,558,297,4
52633,17,532,290,4
52650,17,526,299,4
52667,17,536,262,0
52683,17,526,316,4
52700,17,580,271,0
52716,17,620,283,0
52733,17,632,289,0
52750,17,652,253,1
52766,17,633,255,1
52783,17,661,274,0
52800,17,658,252,1
52816,17,637,248,1
52833,17,660,265,0
52850,17,639,255,1
52866,17,644,256,1
52883,17,650,263,0
52899,17,653,258,1
52916,17,640,259,1
52933,17,644,256,1
52949,17,641,235,1
52966,17,655,257,1
52983,17,639,255,1
52999,17,637,250,1
53016,17,637,250,1
53033,17,657,247,1
53049,17,624,275,0
53066,17,629,269,0
53082,17,621,289,0
53099,17,542,297,4
53116,17,468,344,4
53132,17,403,330,0
53149,17,431,342,4
53166,17,421,363,4
53182,17,426,358,4
53199,17,387,823,0
53216,17,284,411,2
53232,17,399,663,3
53299,67,478,693,3
53315,17,398,581,3
53332,17,394,373,2
53349,17,402,450,3
53365,17,390,443,3
53382,17,396,461,3
53399,17,390,464,3
53415,17,408,458,3
53432,17,399,458,3
53448,17,409,466,3
53465,17,402,473,3
53482,17,398,484,3
53498,17,404,456,3
53515,17,400,489,3
53532,17,412,462,3
53548,17,394,475,3
53565,17,401,463,3
53581,17,398,481,3
53598,17,400,475,3
53615,17,397,495,3
53631,17,405,516,3
53648,17,382,496,3
53665,17,397,508,3
53681,17,374,500,3
53698,17,385,480,3
53715,17,395,501,3
53731,17,389,482,3
53748,17,400,472,3
53764,17,408,515,3
53781,17,408,501,3
53798,17,393,558,3
53814,17,391,516,3
53831,17,410,523,3
53848,17,384,494,3
53864,17,384,483,3
53881,17,393,497,3
53898,17,389,483,3
53914,17,644,292,0
53931,17,375,485,3
53947,17,389,522,3
53964,17,400,453,3
53981,17,397,499,3
53997,17,381,484,3
54014,17,377,479,3
54031,17,377,471,3
54047,17,374,472,3
54064,17,377,456,3
54081,17,389,478,3
54097,17,378,482,3
54114,17,391,475,3
54130,17,384,462,3
54147,17,661,258,1
54164,17,365,506,3
54180,17,417,493,3
54197,17,424,515,3
54214,17,451,492,3
54230,17,454,514,3
54247,17,449,502,3
54264,17,415,503,3
54280,17,429,482,3
54297,17,418,488,3
54313,17,435,483,3
54330,17,431,486,3
54347,17,437,455,3
54363,17,434,452,3
54380,17,432,460,3
54397,17,442,458,3
54413,17,426,465,3
54430,17,436,459,3
54447,17,439,484,3
54463,17,447,512,3
54480,17,438,515,3
54496,17,440,524,3
54513,17,433,535,3
54530,17,437,526,3
54546,17,429,498,3
54563,17,448,555,3
54580,17,433,513,3
54596,17,415,520,3
54613,17,426,539,3
54630,17,419,523,3
54646,17,435,515,3
54663,17,426,499,3
54679,17,423,531,3
54696,17,425,552,3
54713,17,415,534,3
54729,17,456,461,3
54746,17,461,459,3
54763,17,457,445,3
54779,17,461,435,3
54796,17,479,456,3
54812,17,475,439,3
54829,17,470,444,3
54846,17,483,445,3
54862,17,487,454,3
54879,17,468,464,3
54896,17,475,452,3
54912,17,473,459,3
54929,17,479,471,3
54946,17,470,439,3
54962,17,473,440,3
54979,17,476,461,3
54995,17,466,486,3
55012,17,424,479,3
55029,17,442,478,3
55045,17,459,447,3
55062,17,473,451,3
55079,17,444,494,3
55095,17,472,481,3
55112,17,436,494,3
55129,17,442,461,3
55145,17,471,483,3
55162,17,452,476,3
55178,17,463,475,3
55195,17,446,500,3
55212,17,461,489,3
55228,17,453,486,3
55245,17,464,519,3
55262,17,461,482,3
55278,17,462,495,3
55295,17,442,503,3
55312,17,440,486,3
55328,17,436,450,3
55345,17,434,448,3
55361,17,453,444,3
55378,17,442,463,3
55395,17,450,452,3
55411,17,431,404,2
55428,17,444,442,3
55445,17,453,450,3
55461,17,454,460,3
55478,17,441,443,3
55495,17,410,433,3
55511,17,428,416,2
55528,17,427,418,3
55544,17,439,447,3
55561,17,443,411,6
55578,17,446,392,2
55594,17,427,412,2
55611,17,425,412,2
55628,17,432,441,3
55644,17,425,440,3
55661,17,428,402,2
55678,17,451,440,3
55694,17,447,451,3
55711,17,453,440,3
55727,17,415,464,3
55744,17,425,434,3
55761,17,441,433,3
55777,17,448,456,3
55794,17,418,478,3
55811,17,452,437,3
55827,17,422,419,3
55844,17,442,437,3
55860,17,449,449,3
55877,17,432,445,3
55894,17,454,470,3
55910,17,441,480,3
55927,17,459,460,3
55944,17,521,516,3
55960,17,556,517,3
55977,17,543,436,3
55994,17,538,401,2
56010,17,558,376,2
56027,17,538,397,2
56043,17,549,399,2
56060,17,596,330,4
56077,17,543,363,4
56093,17,571,375,2
56110,17,549,355,4
56127,17,128,405,0
56143,17,118,347,0
56160,17,508,294,4
56177,17,525,251,1
56193,17,537,175,1
56210,17,488,252,1
56226,17,558,200,1
56243,17,506,226,1
56260,17,789,303,0
56276,17,515,246,1
56293,17,535,210,1
56310,17,517,251,1
56326,17,533,237,1
56343,17,927,595,3
56376,33,853,117,0
56393,17,573,203,1
56409,17,883,63,0
56426,17,582,199,1
56443,17,552,214,1
56459,17,632,498,3
56476,17,576,233,1
56493,17,523,168,1
56509,17,581,188,1
56526,17,579,217,1
56543,17,589,204,1
56559,17,955,246,0
56576,17,970,129,0
56592,17,585,219,1
56609,17,588,231,1
56626,17,558,259,1
56642,17,581,207,1
56659,17,887,257,0
56676,17,559,254,1
56692,17,589,175,1
56709,17,656,233,1
56726,17,612,273,0
56742,17,613,239,1
56759,17,607,252,1
56775,17,623,212,1
56792,17,615,255,1
56809,17,653,247,1
56825,17,654,662,3
56842,17,640,265,0
56859,17,612,242,1
56875,17,641,245,1
56892,17,621,261,0
56909,17,646,270,0
56925,17,636,597,3
56942,17,626,589,3
56958,17,597,262,0
56975,17,627,265,0
56992,17,595,296,4
57008,17,589,282,0
57025,17,632,546,3
57042,17,588,259,1
57058,17,659,527,3
57075,17,594,307,4
57091,17,855,194,0
57108,17,531,291,4
57125,17,518,264,0
57141,17,555,294,4
57158,17,557,268,0
57175,17,549,289,4
57191,17,556,292,4
57208,17,526,282,0
57225,17,541,263,0
57241,17,535,285,0
57258,17,550,249,1
57274,17,570,248,1
57291,17,513,207,1
57308,17,511,197,1
57324,17,507,260,0
57341,17,517,175,1
57358,17,518,189,1
57374,17,519,247,1
57391,17,530,212,1
57408,17,513,196,1
57424,17,522,193,1
57441,17,528,203,1
57457,17,529,215,1
57474,17,509,198,1
57491,17,523,186,1
57507,17,512,186,1
57524,17,532,181,1
57541,17,518,229,1
57557,17,520,223,1
57574,17,504,129,0
57591,17,530,176,1
57607,17,527,195,1
57624,17,510,222,1
57640,17,512,204,1
57657,17,528,230,1
57674,17,504,220,1
57690,17,459,233,1
57707,17,449,227,1
57724,17,443,260,0
57740,17,456,221,1
57757,17,458,259,1
57774,17,448,246,1
57790,17,428,267,0
57807,17,446,222,1
57823,17,456,256,1
57840,17,455,227,1
57857,17,442,232,1
57873,17,451,252,1
57890,17,452,236,1
57907,17,468,213,1
57923,17,438,251,1
57940,17,447,210,1
57957,17,438,249,1
57973,17,442,255,1
57990,17,430,268,0
58006,17,438,255,1
58023,17,432,223,1
58040,17,412,321,0
58056,17,414,342,0
58073,17,405,349,0
58090,17,416,330,4
58106,17,378,349,0
58123,17,396,289,0
58139,17,411,343,0
58156,17,376,303,0
58173,17,404,351,0
58189,17,396,329,0
58206,17,414,378,2
58223,17,386,323,0
58239,17,394,310,0
58256,17,388,349,0
58273,17,382,340,0
58289,17,798,439,3
58306,17,400,321,0
58322,17,371,298,0
58339,17,393,332,0
58356,17,398,311,0
58372,17,400,297,0
58389,17,390,333,0
58406,17,394,310,0
58422,17,388,329,0
58439,17,394,334,0
58456,17,395,327,0
58472,17,405,357,0
58489,17,378,344,0
58505,17,346,346,0
58522,17,815,393,0
58555,33,871,297,0
58572,17,394,326,0
58589,17,407,321,0
58605,17,397,318,0
58622,17,393,303,0
58639,17,760,337,0
58655,17,698,358,0
58672,17,407,325,0
58688,17,379,343,0
58722,33,391,316,0
58738,17,393,323,0
58755,17,417,291,4
58772,17,492,385,2
58788,17,491,391,2
58805,17,470,406,2
58822,17,464,416,2
58838,17,484,576,3
58855,17,812,690,3
58871,17,480,510,3
58888,17,496,531,3
58905,17,483,541,3
58921,17,490,528,3
58938,17,509,474,3
58955,17,495,481,3
58971,17,482,495,3
58988,17,443,450,3
59005,17,462,381,2
59021,17,442,461,3
59038,17,437,429,3
59054,17,443,412,6
59071,17,422,421,3
59088,17,440,467,3
59104,17,448,466,3
59121,17,440,413,2
59138,17,417,409,2
59154,17,414,410,2
59171,17,435,419,3
59188,17,424,434,3
59204,17,435,410,2
59221,17,409,412,2
59237,17,438,432,3
59254,17,432,438,3
59271,17,437,440,3
59287,17,427,496,3
59304,17,419,450,3
59321,17,427,468,3
59337,17,418,447,3
59354,17,425,516,3
59370,17,439,362,4
59387,17,426,403,2
59404,17,432,410,2
59420,17,426,421,3
59437,17,430,442,3
59454,17,432,457,3
59470,17,434,435,3
59487,17,412,475,3
59504,17,422,432,3
59520,17,412,403,2
59537,17,445,449,3
59553,17,441,454,3
59570,17,423,465,3
59587,17,415,436,3
59603,17,445,450,3
59620,17,436,431,3
59637,17,431,418,3
59653,17,416,449,3
59670,17,432,481,3
59687,17,432,439,3
59703,17,419,429,3
59720,17,420,414,2
59736,17,430,401,2
59753,17,438,412,2
59770,17,429,389,2
59786,17,426,388,2
59803,17,431,373,2
59820,17,429,384,2
59836,17,434,387,2
59853,17,439,396,2
59870,17,443,392,2
59886,17,433,393,2
59903,17,434,405,2
59919,17,431,420,3
59936,17,426,415,2
59953,17,426,424,3
59969,17,445,389,2
59986,17,472,379,2
60003,17,490,356,4
60019,17,488,366,2
60036,17,477,359,4
60053,17,492,356,4
60069,17,493,366,2
60086,17,471,374,2
60102,17,499,342,4
60119,17,486,350,4
60136,17,487,341,4
60152,17,507,364,4
60169,17,482,319,4
60186,17,494,353,4
60202,17,505,364,4
60219,17,490,354,4
60236,17,506,370,2
60252,17,492,333,4
60269,17,512,364,4
60285,17,491,346,4
60302,17,502,336,4
60319,17,481,355,4
60335,17,507,363,4
60352,17,500,333,4
60369,17,490,252,1
60385,17,500,314,4
60402,17,501,300,4
60418,17,511,300,4
60435,17,503,279,0
60452,17,500,293,4
60468,17,529,291,4
60485,17,506,295,4
60502,17,509,316,4
60518,17,519,289,4
60535,17,517,303,4
60552,17,512,294,4
60568,17,519,292,4
60585,17,469,327,4
60601,17,462,292,4
60618,17,465,201,1
60635,17,483,238,1
60651,17,471,300,4
60668,17,495,266,0
60685,17,476,261,0
60701,17,492,232,1
60718,17,522,232,1
60735,17,545,239,1
60751,17,542,213,1
60768,17,546,208,1
60784,17,553,196,1
60801,17,555,214,1
60818,17,555,222,1
60834,17,553,201,1
60851,17,561,212,1
60868,17,554,206,1
60884,17,549,207,1
60901,17,572,209,1
60918,17,600,217,1
60934,17,672,624,3
61067,133,783,532,3
61084,17,802,407,0
61101,17,800,186,0
61117,17,725,285,0
61134,17,780,269,0
61150,17,815,220,0
61167,17,732,266,0
61184,17,715,255,1
61200,17,713,271,0
61217,17,734,312,0
61234,17,780,227,0
61250,17,849,191,0
61267,17,861,202,0
61284,17,876,236,0
61300,17,857,212,0
61317,17,916,250,0
61333,17,849,243,0
61350,17,939,248,0
61367,17,851,204,0
61383,17,862,219,0
61400,17,880,210,0
61417,17,867,248,0
61433,17,865,241,0
61450,17,801,262,0
61467,17,935,261,0
61483,17,991,349,0
61500,17,1042,420,0
61516,17,1101,490,0
61533,17,1126,555,0
61550,17,1275,592,0
61566,17,1347,694,0
62315,749,1159,696,0
62332,17,1093,659,0
62348,17,819,747,3
62365,17,871,622,3
62381,17,721,597,3
62398,17,572,839,0
62415,17,512,520,3
62431,17,588,547,3
62448,17,536,494,3
62465,17,580,448,3
62481,17,510,540,3
62498,17,544,502,3
62515,17,516,514,3
62531,17,523,497,3
62548,17,532,445,3
62564,17,522,445,3
62581,17,520,463,3
62598,17,508,468,3
62614,17,413,441,3
62631,17,456,434,3
62648,17,423,447,3
62664,17,432,459,3
62681,17,397,471,3
62698,17,409,439,3
62714,17,395,472,3
62731,17,378,469,3
62747,17,381,454,3
62764,17,382,454,3
62781,17,389,447,3
62797,17,381,475,3
62814,17,441,420,3
62831,17,448,411,6
62847,17,434,420,3
62864,17,467,405,2
62880,17,455,399,2
62897,17,445,412,6
62914,17,441,402,2
62930,17,450,415,2
62947,17,457,439,3
62964,17,456,444,3
62980,17,460,416,2
62997,17,449,415,2
63014,17,448,410,2
63030,17,453,413,2
63047,17,453,410,2
63063,17,456,441,3
63080,17,448,424,3
63097,17,447,408,2
63113,17,445,416,2
63130,17,440,403,2
63147,17,450,404,2
63163,17,440,364,4
63180,17,449,407,2
63197,17,457,408,2
63213,17,446,422,3
63230,17,434,411,2
63246,17,452,406,2
63263,17,452,406,2
63280,17,454,373,2
63296,17,449,380,2
63313,17,452,410,2
63330,17,451,400,2
63346,17,448,415,2
63363,17,411,427,3
63380,17,428,427,3
63396,17,419,409,2
63413,17,434,434,3
63429,17,436,452,3
63446,17,433,418,3
63463,17,426,412,2
63479,17,439,396,2
63496,17,448,434,3
63513,17,433,415,2
63529,17,431,428,3
63546,17,436,431,3
63563,17,447,420,3
63579,17,427,409,2
63596,17,469,394,2
63612,17,462,413,2
63629,17,530,403,2
63646,17,514,405,2
63662,17,529,392,2
63679,17,531,454,3
63696,17,508,344,4
63712,17,494,438,3
63729,17,498,405,2
63746,17,484,410,2
63762,17,506,414,2
63779,17,527,419,5
63795,17,518,424,3
63812,17,491,420,5
63829,17,163,328,0
63845,17,504,515,3
63862,17,505,495,3
63879,17,452,530,3
63895,17,507,515,3
63912,17,530,542,3
63928,17,47,354,0
63945,17,504,616,3
63962,17,487,404,2
63978,17,511,486,3
63995,17,502,411,2
64012,17,483,411,2
64028,17,515,393,2
64045,17,774,617,3
64062,17,564,370,2
64078,17,604,375,2
64095,17,638,355,0
64111,17,667,385,2
64128,17,726,387,2
64145,17,767,381,2
64161,17,729,452,3
64178,17,512,408,2
64195,17,564,423,3
64211,17,602,404,2
64228,17,739,445,3
64245,17,742,648,3
64261,17,494,431,3
64278,17,591,449,3
64294,17,865,400,0
64311,17,688,417,2
64328,17,642,436,3
64344,17,593,425,3
64361,17,556,451,3
64378,17,576,444,3
64394,17,574,469,3
64411,17,619,740,3
64428,17,542,538,3
64444,17,537,405,2
64461,17,517,383,2
64477,17,516,431,3
64494,17,526,398,2
64511,17,567,369,2
64527,17,561,379,2
64544,17,716,530,3
64561,17,505,391,2
64577,17,487,342,4
64594,17,511,380,2
64611,17,510,386,2
64627,17,539,419,5
64644,17,527,401,2
64660,17,522,397,2
64677,17,175,310,0
64694,17,815,104,0
64710,17,243,360,0
64727,17,385,385,2
64744,17,102,400,0
64760,17,507,378,2
64777,17,499,371,2
64794,17,513,383,2
64810,17,553,334,4
64827,17,597,346,4
64843,17,624,212,1
64860,17,653,537,3
64877,17,495,375,2
64893,17,504,384,2
64910,17,526,406,2
64927,17,592,433,3
64943,17,580,420,3
64960,17,609,372,2
64977,17,604,416,2
64993,17,586,391,2
65010,17,551,486,3
65026,17,576,419,3
65043,17,578,457,3
65060,17,571,463,3
65076,17,562,454,3
65093,17,557,469,3
65110,17,561,441,3
65126,17,569,454,3
65143,17,576,418,3
65159,17,555,429,3
65176,17,559,455,3
65193,17,548,449,3
65209,17,554,454,3
65226,17,558,457,3
65243,17,553,431,3
65259,17,587,595,3
65392,133,656,971,0
65409,17,605,661,3
65426,17,596,451,3
65442,17,593,472,3
65459,17,587,456,3
65476,17,588,444,3
65492,17,559,439,3
65509,17,576,430,3
65525,17,579,430,3
65542,17,573,410,2
65559,17,520,379,2
65575,17,536,363,4
65592,17,532,384,2
65609,17,512,360,4
65625,17,809,154,0
65642,17,496,325,4
65659,17,533,348,4
65675,17,532,373,2
65692,17,499,364,4
65708,17,511,379,2
65725,17,558,370,2
65742,17,174,285,0
65758,17,530,401,2
65775,17,133,220,0
65792,17,520,384,2
65808,17,526,393,2
65825,17,502,399,2
65842,17,484,366,2
65858,17,790,159,0
65875,17,510,334,4
65891,17,483,341,4
65908,17,501,345,4
65925,17,507,338,4
65941,17,512,334,4
65958,17,508,319,4
65975,17,511,331,4
65991,17,526,343,4
66008,17,518,344,4
66025,17,499,320,4
66041,17,506,334,4
66058,17,514,327,4
66074,17,508,322,4
66091,17,501,325,4
66108,17,514,344,4
66124,17,511,319,4
66141,17,507,321,4
66158,17,500,311,4
66174,17,525,317,4
66207,33,523,408,2
66224,17,524,429,3
66241,17,543,446,3
66257,17,539,444,3
66274,17,538,449,3
66291,17,542,455,3
66307,17,525,452,3
66324,17,549,449,3
66341,17,552,443,3
66357,17,547,433,3
66374,17,557,450,3
66390,17,550,441,3
66407,17,544,447,3
66424,17,543,461,3
66440,17,537,462,3
66457,17,544,467,3
66474,17,537,492,3
66490,17,539,473,3
66507,17,567,475,3
66524,17,574,489,3
66540,17,560,483,3
66557,17,570,469,3
66573,17,565,501,3
66590,17,556,468,3
66607,17,562,470,3
66623,17,566,491,3
66640,17,569,481,3
66657,17,563,464,3
66673,17,570,465,3
66690,17,557,479,3
66707,17,572,467,3
66723,17,552,464,3
66740,17,564,470,3
66756,17,554,481,3
66773,17,559,463,3
66790,17,556,499,3
66806,17,567,491,3
66823,17,568,499,3
66840,17,542,460,3
66856,17,558,463,3
66873,17,558,426,3
66890,17,559,450,3
66906,17,550,438,3
66923,17,547,449,3
66939,17,546,475,3
66956,17,544,420,5
66973,17,554,455,3
66989,17,556,456,3
67006,17,578,429,3
67023,17,551,478,3
67039,17,547,428,3
67056,17,560,478,3
67073,17,834,356,0
67089,17,546,478,3
67106,17,524,455,3
67122,17,510,419,5
67139,17,501,441,3
67156,17,493,446,3
67172,17,529,385,2
67189,17,512,455,3
67206,17,502,440,3
67222,17,515,463,3
67239,17,491,450,3
67256,17,445,447,3
67272,17,441,471,3
67289,17,442,468,3
67305,17,386,338,0
67322,17,428,429,3
67339,17,431,430,3
67355,17,435,418,3
67372,17,474,444,3
67389,17,443,442,3
67405,17,434,463,3
67422,17,466,440,3
67438,17,445,446,3
67455,17,357,132,0
67472,17,449,470,3
67488,17,433,407,2
67505,17,442,422,3
67522,17,442,411,2
67538,17,457,376,2
67555,17,438,423,3
67572,17,434,398,2
67605,33,444,416,2
67621,17,475,387,2
67638,17,470,372,2
67655,17,478,390,2
67671,17,473,366,2
67688,17,483,373,2
67705,17,470,387,2
67721,17,460,370,2
67738,17,478,377,2
67755,17,472,396,2
67771,17,444,411,6
67788,17,480,365,2
67804,17,492,386,2
67821,17,490,408,2
67838,17,479,399,2
67854,17,463,386,2
67871,17,471,367,2
67888,17,482,379,2
67904,17,469,388,2
67921,17,476,390,2
67938,17,445,407,2
67954,17,482,362,4
67971,17,475,366,2
67987,17,460,387,2
68004,17,451,402,2
68021,17,476,377,2
68037,17,481,352,4
68054,17,516,359,4
68071,17,530,374,2
68087,17,495,338,4
68104,17,499,395,2
68121,17,488,385,2
68137,17,519,345,4
68154,17,491,373,2
68170,17,479,378,2
68204,33,499,348,4
68204,0,499,348,4
68220,17,388,441,3
68237,17,515,362,4
68254,17,789,225,0
68270,17,499,383,2
68287,17,149,20,0
68320,33,496,371,2
68337,17,194,155,0
68353,17,511,361,4
68370,17,773,139,0
68387,17,777,177,0
68403,17,774,232,0
68420,17,515,374,2
68437,17,764,187,0
68453,17,486,367,2
68470,17,492,418,5
68486,17,509,341,4
68503,17,511,384,2
68520,17,497,391,2
68536,17,132,143,0
68553,17,132,171,0
68570,17,504,363,4
68586,17,502,371,2
68603,17,499,390,2
68620,17,513,416,2
68636,17,436,356,4
68653,17,492,365,2
68669,17,482,383,2
68686,17,516,362,4
68703,17,507,377,2
68719,17,515,341,4
68736,17,513,369,2
68753,17,518,390,2
68769,17,702,73,0
68786,17,508,422,3
68803,17,178,44,0
68819,17,775,150,0
68836,17,481,429,3
68852,17,528,449,3
68869,17,530,473,3
68886,17,513,448,3
68902,17,526,466,3
68919,17,528,455,3
68936,17,464,444,3
68952,17,544,458,3
68969,17,537,471,3
68986,17,532,450,3
69002,17,539,491,3
69019,17,469,457,3
69035,17,474,463,3
69052,17,536,499,3
69069,17,471,460,3
69085,17,528,471,3
69102,17,534,465,3
69119,17,543,510,3
69135,17,533,492,3
69152,17,536,477,3
69169,17,531,488,3
69185,17,771,237,0
69202,17,462,464,3
69218,17,532,510,3
69235,17,465,489,3
69252,17,460,467,3
69268,17,537,461,3
69285,17,523,502,3
69302,17,530,455,3
69318,17,540,465,3
69335,17,227,167,0
69352,17,446,465,3
69368,17,260,233,0
69385,17,525,488,3
69401,17,570,386,2
69418,17,447,473,3
69435,17,512,508,3
69451,17,553,464,3
69468,17,515,464,3
69485,17,317,142,1
69501,17,787,264,0
69518,17,535,693,3
69668,150,508,689,3
69684,17,478,459,3
69701,17,472,466,3
69717,17,107,244,0
69734,17,473,498,3
69751,17,443,192,1
69767,17,441,200,1
69784,17,480,536,3
69801,17,405,85,0
69817,17,481,507,3
69834,17,478,454,3
69851,17,477,476,3
69867,17,481,536,3
69884,17,468,520,3
69900,17,479,500,3
69917,17,445,474,3
69934,17,476,512,3
69950,17,500,485,3
69967,17,489,375,2
69984,17,780,292,0
70000,17,493,356,4
70017,17,530,375,2
70034,17,505,370,2
70050,17,519,382,2
70067,17,517,360,4
70083,17,409,345,0
70100,17,507,347,4
70117,17,823,314,0
70133,17,505,313,4
70150,17,803,338,0
70183,33,512,399,2
70200,17,527,388,2
70217,17,283,168,0
70233,17,482,383,2
70250,17,125,94,0
70266,17,408,104,0
70283,17,504,465,3
70300,17,494,474,3
70316,17,504,392,2
70333,17,115,98,0
70350,17,499,377,2
70366,17,527,423,3
70383,17,512,464,3
70400,17,505,437,3
70416,17,492,376,2
70433,17,416,193,1
70466,33,363,288,0
70483,17,517,496,3
70499,17,522,472,3
70516,17,516,479,3
70533,17,443,181,1
70549,17,529,481,3
70566,17,173,128,0
70583,17,487,384,2
70599,17,505,422,3
70616,17,492,397,2
70632,17,189,406,2
70666,33,499,377,2
70682,17,499,388,2
70699,17,494,377,2
70732,33,377,246,1
70749,17,506,414,2
70765,17,492,381,2
70782,17,492,404,2
70849,67,509,397,2
70865,17,500,397,2
70882,17,494,421,5
70899,17,476,451,3
70915,17,451,421,3
70932,17,459,526,3
70948,17,107,303,0
70965,17,474,528,3
70982,17,105,288,0
70998,17,399,410,2
71015,17,113,274,0
71032,17,114,114,0
71048,17,473,547,3
71065,17,462,470,3
71082,17,423,444,3
71098,17,435,475,3
71115,17,448,520,3
71131,17,421,491,3
71148,17,424,490,3
71165,17,402,493,3
71181,17,432,460,3
71198,17,422,510,3
71215,17,421,472,3
71231,17,428,472,3
71248,17,90,323,0
71265,17,430,465,3
71281,17,443,491,3
71298,17,391,477,3
71314,17,442,452,3
71331,17,416,450,3
71348,17,427,466,3
71364,17,433,497,3
71381,17,428,475,3
71398,17,436,454,3
71414,17,433,455,3
71431,17,431,499,3
71448,17,425,455,3
71464,17,430,427,3
71481,17,427,427,3
71497,17,434,466,3
71514,17,441,443,3
71531,17,441,476,3
71547,17,434,446,3
71564,17,424,452,3
71581,17,419,448,3
71597,17,436,460,3
71614,17,443,449,3
71631,17,430,459,3
71647,17,449,455,3
71664,17,440,438,3
71680,17,423,448,3
71697,17,437,452,3
71714,17,429,445,3
71730,17,432,445,3
71747,17,440,443,3
71764,17,448,446,3
71780,17,438,437,3
71797,17,436,458,3
71814,17,432,427,3
71830,17,441,464,3
71847,17,444,460,3
71863,17,444,436,3
71880,17,450,438,3
71897,17,480,484,3
71913,17,429,424,3
71930,17,81,305,0
71947,17,81,307,0
71963,17,350,473,3
71980,17,86,324,0
71996,17,85,182,0
72013,17,453,449,3
72030,17,451,455,3
72046,17,442,435,3
72063,17,437,453,3
72080,17,439,439,3
72096,17,441,454,3
72113,17,444,465,3
72130,17,443,415,2
72146,17,536,370,2
72163,17,495,368,2
72179,17,533,386,2
72196,17,508,412,2
72213,17,530,391,2
72229,17,541,381,2
72246,17,509,386,2
72263,17,509,407,2
72279,17,551,383,2
72296,17,539,386,2
72313,17,563,287,0
72329,17,551,380,2
72346,17,545,381,2
72362,17,525,372,2
72379,17,595,380,2
72396,17,533,377,2
72412,17,566,358,4
72429,17,605,352,4
72446,17,546,383,2
72462,17,532,372,2
72479,17,520,362,4
72496,17,571,364,4
72512,17,558,326,4
72529,17,485,388,2
72545,17,544,257,1
72562,17,541,289,4
72579,17,546,350,4
72595,17,566,369,2
72612,17,567,384,2
72629,17,518,336,4
72645,17,614,327,0
72662,17,613,311,0
72679,17,538,332,4
72695,17,636,343,0
72712,17,626,326,0
72728,17,594,319,4
72745,17,533,359,4
72762,17,614,251,1
72778,17,605,306,4
72795,17,546,364,4
72812,17,597,326,4
72828,17,613,354,0
72845,17,650,291,0
72862,17,663,304,0
72878,17,629,300,0
72895,17,649,60,0
72911,17,664,273,0
72928,17,664,272,0
72945,17,665,296,0
72961,17,651,291,0
72978,17,677,317,0
72995,17,653,286,0
73011,17,666,310,0
73028,17,670,288,0
73045,17,664,300,0
73061,17,665,291,0
73078,17,681,216,1
73094,17,662,305,0
73111,17,681,321,0
73128,17,691,304,0
73144,17,619,237,1
73161,17,676,301,0
73178,17,672,312,0
73194,17,660,344,0
73211,17,674,316,0
73227,17,659,314,0
73244,17,673,307,0
73261,17,684,328,0
73277,17,625,281,0
73294,17,687,212,1
73311,17,675,282,0
73327,17,679,325,0
73344,17,962,415,3
73361,17,612,348,4
73377,17,699,337,0
73394,17,927,371,0
73410,17,566,387,2
73427,17,1160,88,0
73444,17,602,344,4
73460,17,603,358,4
73477,17,632,349,0
73494,17,975,426,3
73510,17,599,348,4
73527,17,572,383,2
73544,17,1008,397,0
73560,17,882,410,0
73577,17,605,384,2
73593,17,589,380,2
73610,17,577,486,3
73627,17,615,428,3
73643,17,908,461,3
73660,17,597,457,3
73677,17,613,550,3
73693,17,616,444,3
73710,17,605,452,3
73727,17,917,267,0
73760,33,92,466,3
73776,17,607,458,3
73793,17,598,457,3
73810,17,606,451,3
73826,17,601,453,3
73843,17,572,498,3
73860,17,605,466,3
73876,17,597,444,3
73893,17,601,451,3
73910,17,613,463,3
73926,17,598,473,3
73943,17,606,510,3
73959,17,590,494,3
73976,17,604,454,3
73993,17,605,462,3
74009,17,618,482,3
74026,17,599,503,3
74043,17,600,495,3
74059,17,602,497,3
74076,17,599,455,3
74093,17,594,440,3
74109,17,603,430,3
74126,17,578,439,3
74142,17,582,455,3
74159,17,587,444,3
74176,17,579,422,3
74192,17,588,452,3
74209,17,590,416,2
74226,17,600,434,3
74242,17,576,426,3
74259,17,586,405,2
74275,17,576,448,3
74292,17,583,441,3
74309,17,595,475,3
74325,17,590,446,3
74342,17,600,468,3
74359,17,584,436,3
74375,17,525,452,3
74392,17,574,448,3
74409,17,581,510,3
74425,17,573,497,3
74442,17,562,486,3
74458,17,577,508,3
74475,17,565,487,3
74492,17,545,484,3
74508,17,563,485,3
74525,17,563,489,3
74542,17,517,489,3
74558,17,573,490,3
74575,17,579,494,3
74592,17,567,495,3
74608,17,562,472,3
74625,17,576,483,3
74641,17,571,510,3
74658,17,569,477,3
74675,17,575,496,3
74691,17,568,520,3
74708,17,569,495,3
74725,17,563,516,3
74741,17,563,488,3
74758,17,560,473,3
74775,17,571,478,3
74791,17,571,497,3
74808,17,572,489,3
74824,17,570,483,3
74841,17,564,444,3
74858,17,566,462,3
74874,17,572,494,3
74891,17,570,441,3
74908,17,539,383,2
74924,17,551,414,2
74941,17,563,379,2
74958,17,547,405,2
74974,17,552,389,2
74991,17,556,374,2
75007,17,562,364,4
75024,17,561,367,2
75041,17,555,444,3
75057,17,545,409,2
75074,17,535,370,2
75091,17,545,405,2
75107,17,533,371,2
75124,17,552,384,2
75141,17,566,371,2
75157,17,518,378,2
75174,17,491,396,2
75190,17,495,383,2
75207,17,491,367,2
75224,17,489,375,2
75240,17,499,386,2
75257,17,496,401,2
75274,17,491,388,2
75290,17,486,402,2
75307,17,490,381,2
75324,17,467,383,2
75340,17,452,376,2
75357,17,440,400,2
75373,17,450,375,2
75390,17,450,366,2
75407,17,442,424,3
75423,17,445,409,2
75440,17,444,392,2
75457,17,422,369,2
75473,17,438,404,2
75490,17,448,392,2
75506,17,447,395,2
75523,17,448,383,2
75540,17,445,393,2
75556,17,433,387,2
75573,17,441,417,2
75590,17,438,405,2
75606,17,436,393,2
75623,17,435,394,2
75640,17,422,384,2
75656,17,423,401,2
75673,17,434,411,2
75689,17,429,374,2
75706,17,449,400,2
75723,17,440,402,2
75739,17,438,410,2
75756,17,447,413,2
75773,17,443,407,2
75789,17,440,395,2
75806,17,434,396,2
75823,17,441,407,2
75839,17,436,424,3
75856,17,435,394,2
75872,17,448,406,2
75889,17,449,402,2
75906,17,449,405,2
75922,17,438,403,2
75939,17,444,392,2
75956,17,437,401,2
75972,17,452,397,2
75989,17,447,413,2
76006,17,447,394,2
76022,17,448,381,2
76039,17,464,432,3
76055,17,496,519,3
76072,17,522,438,3
76089,17,520,455,3
76105,17,530,464,3
76122,17,535,469,3
76139,17,515,533,3
76155,17,502,450,3
76172,17,516,487,3
76189,17,525,516,3
76205,17,522,482,3
76222,17,577,459,3
76238,17,587,452,3
76255,17,600,443,3
76272,17,599,423,3
76288,17,594,454,3
76305,17,588,467,3
76322,17,579,454,3
76338,17,595,550,3
76355,17,560,443,3
76372,17,549,459,3
76388,17,560,491,3
76405,17,591,469,3
76421,17,580,472,3
76438,17,567,467,3
76455,17,571,447,3
76471,17,555,451,3
76488,17,566,472,3
76505,17,569,447,3
76521,17,560,376,2
76538,17,561,353,4
76554,17,554,389,2
76571,17,565,372,2
76588,17,558,369,2
76604,17,545,407,2
76621,17,555,412,2
76638,17,555,401,2
76654,17,534,369,2
76671,17,559,370,2
76688,17,546,361,4
76704,17,548,392,2
76721,17,554,387,2
76737,17,547,375,2
76754,17,547,369,2
76771,17,566,331,4
76787,17,549,379,2
76804,17,558,441,3
76821,17,543,328,4
76837,17,539,363,4
76854,17,528,461,3
76871,17,527,459,3
76887,17,549,497,3
76904,17,527,401,2
76920,17,544,430,3
76937,17,531,535,3
76954,17,539,420,5
76970,17,511,437,3
76987,17,527,484,3
77004,17,568,540,3
77020,17,582,604,3
77037,17,595,591,3
77054,17,560,584,3
77070,17,587,607,3
77087,17,582,584,3
77103,17,562,580,3
77120,17,566,568,3
77137,17,550,586,3
77153,17,558,595,3
77170,17,574,581,3
77187,17,565,546,3
77203,17,567,556,3
77220,17,568,538,3
77237,17,566,564,3
77253,17,575,555,3
77270,17,567,541,3
77286,17,562,537,3
77303,17,572,506,3
77320,17,574,539,3
77336,17,562,546,3
77353,17,538,551,3
77370,17,522,542,3
77386,17,549,551,3
77403,17,553,542,3
77420,17,564,547,3
77436,17,555,557,3
77453,17,534,548,3
77469,17,569,530,3
77486,17,552,534,3
77503,17,554,543,3
77519,17,562,531,3
77536,17,552,550,3
77553,17,574,572,3
77569,17,685,930,0
77852,283,571,771,0
77869,17,525,670,3
77885,17,510,411,2
77902,17,509,506,3
77919,17,514,531,3
77935,17,526,522,3
77952,17,513,502,3
77968,17,502,502,3
77985,17,524,511,3
78002,17,515,474,3
78018,17,511,512,3
78035,17,517,492,3
78052,17,517,483,3
78068,17,520,489,3
78085,17,525,500,3
78102,17,515,499,3
78118,17,511,485,3
78135,17,522,512,3
78151,17,481,517,3
78168,17,510,498,3
78185,17,503,487,3
78201,17,523,508,3
78218,17,515,514,3
78235,17,515,532,3
78251,17,509,517,3
78268,17,524,506,3
78285,17,520,502,3
78301,17,506,544,3
78318,17,509,510,3
78334,17,521,502,3
78351,17,517,515,3
78368,17,521,485,3
78384,17,527,496,3
78401,17,498,476,3
78418,17,522,464,3
78434,17,498,476,3
78451,17,526,473,3
78468,17,504,479,3
78484,17,511,498,3
78501,17,509,478,3
78517,17,516,499,3
78534,17,509,482,3
78551,17,523,489,3
78567,17,519,480,3
78584,17,510,468,3
78601,17,514,467,3
78617,17,500,420,5
78634,17,504,412,2
78651,17,441,420,3
78667,17,500,415,2
78684,17,497,445,3
78700,17,482,438,3
78717,17,486,429,3
78734,17,487,447,3
78750,17,497,411,2
78767,17,499,414,2
78784,17,495,408,2
78800,17,517,449,3
78817,17,503,429,3
78833,17,506,434,3
78850,17,483,443,3
78867,17,495,400,2
78883,17,495,409,2
78900,17,487,439,3
78917,17,495,422,3
78933,17,466,441,3
78950,17,490,433,3
78967,17,461,444,3
78983,17,436,460,3
79000,17,423,452,3
79016,17,440,417,2
79033,17,436,421,3
79050,17,444,446,3
79066,17,433,434,3
79083,17,430,438,3
79100,17,434,424,3
79116,17,433,428,3
79133,17,436,422,3
79150,17,436,436,3
79166,17,408,438,3
79183,17,411,418,3
79199,17,410,432,3
79216,17,408,425,3
79233,17,408,440,3
79249,17,412,427,3
79266,17,412,421,3
79283,17,413,432,3
79299,17,418,416,2
79316,17,409,465,3
79333,17,419,447,3
79349,17,410,449,3
79366,17,396,468,3
79382,17,407,460,3
79399,17,405,479,3
79416,17,419,459,3
79432,17,416,482,3
79449,17,430,458,3
79466,17,419,476,3
79482,17,410,450,3
79499,17,389,470,3
79516,17,413,472,3
79532,17,414,473,3
79549,17,414,471,3
79565,17,415,473,3
79582,17,406,486,3
79599,17,420,479,3
79615,17,401,453,3
79632,17,410,445,3
79649,17,419,468,3
79665,17,414,461,3
79682,17,410,465,3
79699,17,415,480,3
79715,17,401,479,3
79732,17,416,496,3
79748,17,408,475,3
79765,17,412,479,3
79782,17,406,481,3
79798,17,413,455,3
79815,17,406,455,3
79832,17,405,461,3
79848,17,408,481,3
79865,17,389,477,3
79882,17,399,445,3
79898,17,397,460,3
79915,17,409,446,3
79931,17,412,453,3
79948,17,395,460,3
79965,17,393,421,3
79981,17,406,449,3
79998,17,406,447,3
80015,17,406,449,3
80031,17,410,450,3
80048,17,408,458,3
80064,17,408,450,3
80081,17,423,466,3
80098,17,463,394,2
80114,17,473,405,2
80131,17,461,379,2
80148,17,478,387,2
80164,17,471,381,2
80181,17,471,395,2
80198,17,473,375,2
80214,17,496,397,2
80231,17,469,402,2
80247,17,477,378,2
80264,17,488,383,2
80281,17,457,435,3
80297,17,458,399,2
80314,17,461,428,3
80331,17,475,443,3
80347,17,483,431,3
80364,17,478,381,2
80381,17,478,378,2
80397,17,469,410,2
80414,17,489,464,3
80430,17,480,357,4
80447,17,475,379,2
80464,17,485,361,4
80480,17,517,373,2
80497,17,491,363,4
80514,17,497,401,2
80530,17,494,365,2
80547,17,485,349,4
80564,17,471,348,4
80580,17,493,323,4
80597,17,497,381,2
80613,17,492,357,4
80630,17,486,352,4
80647,17,491,368,2
80663,17,482,328,4
80680,17,470,369,2
80697,17,469,363,4
80713,17,443,341,4
80730,17,472,375,2
80747,17,475,359,4
80763,17,475,357,4
80780,17,455,360,4
80796,17,478,371,2
80813,17,475,343,4
80830,17,466,326,4
80846,17,489,350,4
80863,17,483,359,4
80880,17,479,351,4
80896,17,483,343,4
80913,17,472,343,4
80930,17,464,363,4
80946,17,468,339,4
80963,17,455,356,4
80979,17,481,347,4
80996,17,473,359,4
81013,17,458,355,4
81029,17,452,332,4
81046,17,466,368,2
81063,17,515,404,2
81079,17,540,458,3
81096,17,544,480,3
81112,17,525,418,5
81129,17,538,466,3
81146,17,544,453,3
81162,17,553,472,3
81179,17,533,453,3
81196,17,545,435,3
81212,17,526,446,3
81229,17,507,450,3
81246,17,537,476,3
81262,17,506,454,3
81279,17,545,469,3
81295,17,536,450,3
81312,17,527,465,3
81329,17,522,417,5
81345,17,471,335,4
81362,17,461,336,4
81379,17,459,343,4
81395,17,461,355,4
81412,17,484,338,4
81429,17,474,359,4
81445,17,457,348,4
81462,17,455,345,4
81478,17,494,354,4
81495,17,470,354,4
81512,17,461,361,4
81528,17,469,356,4
81545,17,452,345,4
81562,17,461,339,4
81578,17,453,365,2
81595,17,463,344,4
81612,17,474,336,4
81628,17,456,354,4
81645,17,473,381,2
81661,17,456,372,2
81678,17,456,355,4
81695,17,475,349,4
81711,17,443,356,4
81728,17,444,364,4
81745,17,463,366,2
81761,17,453,368,2
81778,17,461,370,2
81795,17,453,378,2
81811,17,503,428,3
81828,17,520,475,3
81844,17,511,480,3
81861,17,528,496,3
81878,17,536,480,3
81894,17,526,491,3
81911,17,526,480,3
81928,17,516,490,3
81944,17,542,501,3
81961,17,531,485,3
81978,17,534,462,3
81994,17,524,463,3
82011,17,528,477,3
82027,17,518,472,3
82044,17,496,440,3
82061,17,460,391,2
82077,17,483,403,2
82094,17,483,364,4
82111,17,490,383,2
82127,17,503,382,2
82144,17,483,373,2
82161,17,494,364,4
82177,17,501,383,2
82194,17,246,25,0
82210,17,456,349,4
82227,17,464,352,4
82244,17,447,354,4
82260,17,460,363,4
82277,17,482,354,4
82294,17,449,334,4
82310,17,472,346,4
82327,17,475,343,4
82343,17,455,329,4
82360,17,457,368,2
82377,17,450,318,4
82393,17,462,337,4
82410,17,459,329,4
82427,17,479,325,4
82443,17,475,345,4
82460,17,456,336,4
82477,17,463,343,4
82493,17,454,335,4
82510,17,445,350,4
82526,17,438,346,4
82543,17,448,332,4
82560,17,458,355,4
82576,17,488,356,4
82593,17,482,335,4
82610,17,469,317,4
82626,17,478,368,2
82643,17,477,358,4
82660,17,471,365,2
82676,17,492,371,2
82693,17,485,371,2
82709,17,481,353,4
82726,17,497,345,4
82743,17,495,394,2
82759,17,488,377,2
82776,17,483,368,2
82793,17,485,381,2
82809,17,479,386,2
82826,17,483,381,2
82843,17,476,382,2
82859,17,486,392,2
82876,17,473,434,3
82892,17,473,365,2
82909,17,478,381,2
82926,17,476,378,2
82942,17,472,402,2
82959,17,428,399,2
82976,17,441,401,2
82992,17,454,404,2
83009,17,446,400,2
83026,17,426,391,2
83042,17,443,404,2
83059,17,443,377,2
83075,17,443,418,3
83092,17,445,393,2
83109,17,439,400,2
83125,17,425,414,2
83142,17,412,406,2
83159,17,399,397,2
83175,17,409,401,2
83192,17,404,391,2
83209,17,404,398,2
83225,17,410,404,2
83242,17,411,397,2
83258,17,427,407,2
83275,17,412,415,2
83292,17,413,399,2
83308,17,400,417,2
83325,17,407,435,3
83342,17,402,395,2
83358,17,403,415,2
83375,17,403,389,2
83392,17,401,410,2
83408,17,390,435,3
83425,17,404,419,3
83441,17,409,402,2
83458,17,400,444,3
83475,17,412,402,2
83491,17,403,445,3
83508,17,399,414,2
83525,17,409,440,3
83541,17,412,413,2
83558,17,410,396,2
83574,17,421,414,2
83591,17,413,424,3
83608,17,421,448,3
83624,17,429,420,3
83641,17,401,437,3
83658,17,416,425,3
83674,17,435,435,3
83691,17,416,419,3
83708,17,425,412,2
83724,17,418,440,3
83741,17,418,406,2
83757,17,425,427,3
83774,17,414,451,3
83791,17,430,448,3
83807,17,418,407,2
83824,17,402,432,3
83841,17,421,441,3
83857,17,427,442,3
83874,17,417,437,3
83891,17,413,417,2
83907,17,415,442,3
83924,17,415,434,3
83940,17,410,445,3
83957,17,412,426,3
83974,17,415,426,3
83990,17,425,462,3
84007,17,419,433,3
84024,17,408,439,3
84040,17,420,440,3
84057,17,417,420,3
84074,17,418,437,3
84090,17,407,453,3
84107,17,394,440,3
84123,17,406,442,3
84140,17,465,402,2
84157,17,456,380,2
84173,17,480,384,2
84190,17,482,379,2
84207,17,481,350,4
84223,17,485,362,4
84240,17,482,377,2
84257,17,475,386,2
84273,17,480,392,2
84290,17,484,377,2
84306,17,490,373,2
84323,17,464,383,2
84340,17,479,373,2
84356,17,460,358,4
84373,17,466,403,2
84390,17,464,372,2
84406,17,475,388,2
84423,17,475,355,4
84440,17,477,368,2
84456,17,467,348,4
84473,17,474,386,2
84489,17,468,345,4
84506,17,468,367,2
84523,17,464,369,2
84539,17,474,375,2
84556,17,468,362,4
84573,17,474,376,2
84589,17,461,368,2
84606,17,465,373,2
84622,17,466,377,2
84639,17,467,372,2
84656,17,465,364,4
84672,17,452,355,4
84689,17,457,339,4
84706,17,467,339,4
84722,17,464,354,4
84739,17,463,395,2
84756,17,472,359,4
84772,17,475,367,2
84789,17,484,325,4
84805,17,484,340,4
84822,17,487,361,4
84839,17,497,341,4
84855,17,484,358,4
84872,17,483,362,4
84889,17,489,341,4
84905,17,480,347,4
84922,17,492,338,4
84939,17,494,344,4
84955,17,493,389,2
84972,17,496,349,4
84988,17,499,304,4
85005,17,479,335,4
85022,17,484,348,4
85038,17,489,329,4
85055,17,482,335,4
85072,17,486,346,4
85088,17,486,337,4
85105,17,488,356,4
85122,17,477,350,4
85138,17,477,344,4
85155,17,491,343,4
85171,17,481,339,4
85188,17,494,348,4
85205,17,488,332,4
85221,17,475,329,4
85238,17,499,398,2
85255,17,527,343,4
85271,17,560,444,3
85288,17,531,355,4
85305,17,548,440,3
85321,17,543,356,4
85338,17,554,369,2
85354,17,539,374,2
85371,17,543,361,4
85388,17,529,388,2
85404,17,547,362,4
85421,17,547,378,2
85438,17,558,477,3
85454,17,553,477,3
85471,17,549,469,3
85488,17,552,465,3
85504,17,541,470,3
85521,17,549,477,3
85537,17,563,478,3
85554,17,553,487,3
85571,17,574,475,3
85587,17,557,488,3
85604,17,560,465,3
85621,17,557,458,3
85637,17,555,465,3
85654,17,563,447,3
85671,17,551,451,3
85687,17,544,466,3
85704,17,567,463,3
85720,17,554,459,3
85737,17,551,450,3
85754,17,559,474,3
85770,17,569,466,3
85787,17,556,471,3
85804,17,559,486,3
85820,17,553,482,3
85837,17,581,488,3
85853,17,536,456,3
85870,17,545,439,3
85887,17,529,431,3
85903,17,541,414,2
85920,17,544,409,2
85937,17,557,401,2
85953,17,543,431,3
85970,17,541,430,3
85987,17,546,429,3
86003,17,542,435,3
86020,17,535,439,3
86036,17,498,337,4
86053,17,482,351,4
86070,17,490,350,4
86086,17,472,405,2
86103,17,473,339,4
86120,17,490,316,4
86136,17,485,322,4
86153,17,489,341,4
86170,17,490,307,4
86186,17,509,326,4
86203,17,480,329,4
86219,17,505,340,4
86236,17,508,342,4
86253,17,469,324,4
86269,17,467,294,4
86286,17,483,312,4
86303,17,470,288,4
86319,17,484,312,4
86336,17,485,302,4
86353,17,478,281,0
86369,17,468,273,0
86386,17,483,308,4
86402,17,478,307,4
86419,17,503,305,4
86469,50,625,260,0
86486,17,634,276,0
86502,17,611,276,0
86519,17,615,290,0
86585,67,617,265,0
86619,33,551,260,0
86669,50,550,219,1
86685,17,622,284,0
86702,17,634,268,0
86719,17,535,230,1
86752,33,618,263,0
86818,67,560,304,4
86835,17,557,350,4
86852,17,558,305,4
86868,17,861,75,0
86885,17,541,305,4
86901,17,540,322,4
86918,17,556,278,0
86935,17,227,82,0
86951,17,493,280,0
86968,17,546,265,0
86985,17,494,288,4
87001,17,522,309,4
87018,17,468,374,2
87035,17,477,368,2
87051,17,474,400,2
87068,17,463,394,2
87084,17,463,408,2
87101,17,457,405,2
87118,17,478,396,2
87134,17,461,412,2
87151,17,475,411,2
87168,17,463,408,2
87184,17,433,405,2
87201,17,396,416,2
87218,17,413,566,3
87234,17,459,924,0
87417,183,455,957,0
87434,17,440,861,0
87450,17,408,571,3
87467,17,398,350,0
87484,17,402,354,0
87500,17,393,371,2
87517,17,415,371,2
87534,17,400,372,2
87550,17,396,370,2
87567,17,397,399,2
87584,17,420,405,2
87600,17,412,416,2
87617,17,417,403,2
87633,17,429,411,2
87650,17,421,433,3
87667,17,416,428,3
87683,17,425,454,3
87700,17,415,487,3
87717,17,425,439,3
87733,17,433,451,3
87750,17,419,449,3
87767,17,423,477,3
87783,17,410,465,3
87800,17,420,455,3
87816,17,422,456,3
87833,17,424,439,3
87850,17,423,438,3
87866,17,417,419,3
87883,17,408,436,3
87900,17,421,453,3
87916,17,417,452,3
87933,17,419,433,3
87950,17,415,420,3
87966,17,413,422,3
87983,17,430,440,3
87999,17,420,436,3
88016,17,426,404,2
88033,17,422,448,3
88049,17,423,439,3
88066,17,422,401,2
88083,17,425,420,3
88099,17,416,429,3
88116,17,410,387,2
88132,17,423,412,2
88149,17,424,402,2
88166,17,464,400,2
88182,17,489,425,3
88199,17,488,418,5
88216,17,491,429,3
88232,17,487,421,5
88249,17,502,409,2
88266,17,498,441,3
88282,17,487,363,4
88299,17,499,412,2
88315,17,493,392,2
88332,17,498,410,2
88349,17,493,432,3
88365,17,496,384,2
88382,17,495,397,2
88399,17,488,400,2
88415,17,481,369,2
88432,17,488,399,2
88449,17,481,373,2
88465,17,489,327,4
88482,17,491,379,2
88498,17,492,393,2
88515,17,493,378,2
88532,17,496,357,4
88548,17,508,338,4
88565,17,511,362,4
88582,17,503,320,4
88598,17,512,336,4
88615,17,504,340,4
88632,17,520,332,4
88648,17,529,361,4
88665,17,514,369,2
88681,17,523,381,2
88698,17,497,366,2
88715,17,509,333,4
88731,17,521,379,2
88748,17,518,389,2
88765,17,516,377,2
88781,17,517,360,4
88798,17,502,335,4
88815,17,515,363,4
88831,17,522,388,2
88848,17,519,379,2
88864,17,524,384,2
88881,17,534,499,3
88898,17,559,539,3
88914,17,564,466,3
88931,17,561,508,3
88948,17,562,484,3
88964,17,546,459,3
88981,17,546,510,3
88998,17,550,476,3
89014,17,559,462,3
89031,17,558,479,3
89047,17,560,448,3
89064,17,534,466,3
89081,17,537,464,3
89097,17,542,448,3
89114,17,544,456,3
89131,17,545,485,3
89147,17,526,491,3
89164,17,504,468,3
89180,17,533,484,3
89197,17,548,449,3
89214,17,521,472,3
89230,17,559,452,3
89247,17,511,463,3
89264,17,535,458,3
89280,17,520,441,3
89297,17,527,444,3
89314,17,495,460,3
89330,17,524,451,3
89347,17,519,460,3
89363,17,478,430,3
89380,17,470,390,2
89397,17,475,382,2
89413,17,487,384,2
89430,17,456,393,2
89447,17,494,389,2
89463,17,475,398,2
89480,17,477,395,2
89497,17,494,436,3
89513,17,515,378,2
89530,17,464,386,2
89546,17,510,402,2
89563,17,468,372,2
89580,17,478,347,4
89596,17,483,381,2
89613,17,481,376,2
89630,17,484,368,2
89646,17,459,346,4
89663,17,493,370,2
89680,17,454,348,4
89696,17,416,350,4
89713,17,503,352,4
89729,17,464,347,4
89746,17,490,341,4
89763,17,488,383,2
89779,17,482,371,2
89796,17,485,332,4
89813,17,465,351,4
89829,17,449,338,4
89846,17,471,328,4
89863,17,471,354,4
89879,17,452,336,4
89896,17,462,379,2
89912,17,465,332,4
89929,17,477,407,2
89946,17,479,367,2
89962,17,463,385,2
89979,17,456,359,4
89996,17,456,365,2
90012,17,480,387,2
90029,17,469,342,4
90046,17,476,368,2
90062,17,458,366,2
90079,17,481,425,3
90095,17,491,435,3
90112,17,422,390,2
90129,17,457,371,2
90145,17,455,389,2
90162,17,450,385,2
90179,17,456,363,4
90195,17,488,394,2
90212,17,435,386,2
90229,17,451,358,4
90245,17,476,415,2
90262,17,433,371,2
90278,17,432,371,2
90295,17,438,382,2
90312,17,433,389,2
90328,17,473,376,2
90345,17,484,407,2
90362,17,448,348,4
90378,17,437,394,2
90411,33,449,384,2
90428,17,428,392,2
90445,17,461,400,2
90461,17,480,376,2
90478,17,488,393,2
90495,17,475,393,2
90511,17,469,377,2
90528,17,469,373,2
90545,17,458,373,2
90561,17,473,394,2
90578,17,437,393,2
90594,17,495,415,2
90611,17,488,463,3
90628,17,523,440,3
90644,17,518,459,3
90661,17,531,420,5
90678,17,526,446,3
90694,17,523,447,3
90711,17,513,461,3
90728,17,522,444,3
90744,17,508,424,3
90761,17,516,429,3
90777,17,519,440,3
90794,17,507,437,3
90811,17,513,441,3
90827,17,501,423,3
90844,17,505,432,3
90861,17,504,435,3
90877,17,508,421,5
90894,17,513,450,3
90911,17,506,435,3
90927,17,484,428,3
90944,17,508,420,5
90960,17,508,454,3
90977,17,509,449,3
90994,17,512,418,5
91010,17,521,437,3
91027,17,532,507,3
91044,17,513,388,2
91060,17,519,408,2
91077,17,516,407,2
91094,17,524,406,2
91110,17,519,419,5
91127,17,568,391,2
91143,17,532,426,3
91160,17,522,400,2
91177,17,522,443,3
91193,17,523,416,2
91210,17,531,420,5
91227,17,509,399,2
91243,17,474,419,3
91260,17,438,427,3
91277,17,392,414,2
91293,17,412,421,3
91310,17,407,361,0
91326,17,391,396,2
91343,17,392,381,2
91360,17,395,417,2
91376,17,389,388,2
91393,17,384,407,2
91410,17,396,421,3
91426,17,399,393,2
91443,17,396,383,2
91460,17,420,401,2
91476,17,391,427,3
91493,17,389,429,3
91509,17,387,434,3
91526,17,400,397,2
91543,17,414,427,3
91559,17,400,408,2
91576,17,405,438,3
91593,17,412,416,2
91609,17,410,416,2
91626,17,393,417,2
91642,17,382,406,2
91659,17,405,394,2
91676,17,384,424,3
91692,17,405,404,2
91709,17,399,435,3
91726,17,400,423,3
91742,17,399,460,3
91759,17,402,440,3
91776,17,388,447,3
91792,17,400,411,2
91809,17,408,432,3
91825,17,402,447,3
91842,17,396,445,3
91859,17,402,431,3
91875,17,398,425,3
91892,17,403,461,3
91909,17,408,434,3
91925,17,399,478,3
91942,17,400,424,3
91959,17,406,413,2
91975,17,404,435,3
91992,17,404,441,3
92008,17,420,423,3
92025,17,398,438,3
92042,17,398,438,3
92058,17,416,416,2
92075,17,405,420,3
92092,17,404,442,3
92108,17,404,420,3
92125,17,406,434,3
92142,17,394,435,3
92158,17,409,488,3
92175,17,410,442,3
92191,17,484,397,2
92208,17,485,387,2
92225,17,494,396,2
92241,17,497,407,2
92258,17,504,392,2
92275,17,488,387,2
92291,17,490,392,2
92308,17,479,368,2
92325,17,487,393,2
92341,17,494,399,2
92358,17,482,379,2
92374,17,488,410,2
92391,17,483,387,2
92408,17,494,394,2
92424,17,462,370,2
92474,50,465,394,2
92474,0,465,394,2
92491,17,496,360,4
92508,17,494,373,2
92524,17,498,388,2
92541,17,466,349,4
92557,17,474,368,2
92574,17,452,364,4
92591,17,462,351,4
92607,17,490,360,4
92624,17,497,334,4
92641,17,470,330,4
92657,17,147,462,3
92674,17,477,370,2
92690,17,487,361,4
92707,17,501,367,2
92724,17,514,339,4
92740,17,520,393,2
92757,17,505,402,2
92774,17,349,460,3
92790,17,476,375,2
92807,17,500,381,2
92824,17,507,393,2
92840,17,507,390,2
92857,17,530,365,2
92873,17,513,384,2
92890,17,520,397,2
92907,17,514,351,4
92923,17,526,406,2
92940,17,520,389,2
92957,17,513,385,2
92973,17,512,342,4
92990,17,519,341,4
93007,17,511,389,2
93023,17,519,369,2
93040,17,508,359,4
93056,17,532,388,2
93073,17,473,356,4
93090,17,492,388,2
93106,17,478,352,4
93123,17,468,324,4
93140,17,473,330,4
93156,17,463,337,4
93173,17,479,336,4
93190,17,515,346,4
93206,17,470,342,4
93223,17,474,348,4
93239,17,496,331,4
93256,17,491,400,2
93273,17,494,379,2
93289,17,473,414,2
93306,17,501,375,2
93323,17,510,396,2
93339,17,552,358,4
93356,17,589,332,4
93373,17,566,361,4
93389,17,530,353,4
93406,17,565,304,4
93422,17,571,372,2
93439,17,585,356,4
93456,17,576,341,4
93472,17,541,353,4
93489,17,551,347,4
93506,17,562,337,4
93522,17,570,342,4
93539,17,552,330,4
93556,17,528,362,4
93572,17,528,333,4
93589,17,533,352,4
93605,17,573,402,2
93622,17,558,402,2
93655,33,581,399,2
93689,33,576,398,2
93705,17,591,400,2
93722,17,576,411,2
93739,17,94,450,3
93755,17,535,354,4
93772,17,560,378,2
93788,17,64,441,3
93805,17,532,319,4
93822,17,379,454,3
93838,17,564,399,2
93855,17,547,333,4
93872,17,561,331,4
93888,17,87,454,3
93905,17,516,334,4
93921,17,457,357,4
93938,17,486,380,2
93955,17,450,364,4
93971,17,462,356,4
94005,33,459,377,2
94021,17,464,400,2
94038,17,457,347,4
94055,17,492,360,4
94071,17,490,370,2
94088,17,467,359,4
94104,17,489,361,4
94121,17,490,355,4
94138,17,487,377,2
94154,17,485,349,4
94171,17,477,369,2
94188,17,487,377,2
94204,17,487,375,2
94221,17,489,334,4
94238,17,486,364,4
94254,17,491,363,4
94271,17,464,363,4
94287,17,490,351,4
94304,17,488,346,4
94321,17,490,390,2
94337,17,476,360,4
94354,17,492,369,2
94371,17,487,371,2
94387,17,485,386,2
94404,17,483,367,2
94421,17,492,352,4
94437,17,464,357,4
94454,17,453,351,4
94470,17,466,382,2
94487,17,455,356,4
94504,17,458,396,2
94520,17,441,386,2
94537,17,466,422,3
94554,17,409,414,2
94570,17,453,423,3
94587,17,432,408,2
94604,17,433,393,2
94620,17,436,428,3
94637,17,461,423,3
94653,17,443,421,3
94670,17,455,393,2
94687,17,433,430,3
94703,17,464,454,3
94720,17,363,423,3
94737,17,427,451,3
94753,17,399,425,3
94770,17,434,436,3
94787,17,153,423,3
94803,17,454,379,2
94820,17,454,418,3
94836,17,466,435,3
94853,17,208,396,2
94870,17,451,412,2
94886,17,455,457,3
94903,17,448,407,2
94920,17,411,463,3
94936,17,442,397,2
94953,17,449,359,4
94969,17,506,725,3
95036,67,563,722,3
95053,17,558,852,0
95069,17,506,817,0
95086,17,502,586,3
95103,17,496,440,3
95119,17,482,343,4
95136,17,497,416,2
95152,17,515,478,3
95169,17,438,430,3
95186,17,436,404,2
95202,17,441,426,3
95219,17,170,529,3
95236,17,437,400,2
95252,17,445,412,6
95269,17,446,409,2
95286,17,437,418,3
95302,17,437,414,2
95319,17,437,402,2
95335,17,444,381,2
95352,17,430,400,2
95369,17,428,407,2
95385,17,436,411,2
95402,17,423,392,2
95419,17,445,427,3
95435,17,394,417,2
95452,17,406,413,2
95469,17,412,423,3
95485,17,404,413,2
95502,17,408,441,3
95518,17,378,438,3
95535,17,402,444,3
95552,17,401,409,2
95568,17,405,440,3
95585,17,399,453,3
95602,17,396,438,3
95618,17,405,458,3
95635,17,347,469,3
95652,17,397,441,3
95668,17,413,487,3
95685,17,404,518,3
95701,17,396,480,3
95718,17,391,486,3
95735,17,407,449,3
95751,17,413,462,3
95768,17,394,452,3
95785,17,386,452,3
95801,17,405,464,3
95818,17,374,450,3
95835,17,405,488,3
95851,17,341,444,3
95868,17,325,484,3
95884,17,418,465,3
95901,17,347,448,3
95918,17,402,477,3
95934,17,413,504,3
95951,17,340,477,3
95968,17,404,480,3
95984,17,408,450,3
96001,17,419,477,3
96018,17,412,498,3
96034,17,409,471,3
96051,17,406,471,3
96067,17,418,472,3
96084,17,411,471,3
96101,17,411,484,3
96117,17,408,492,3
96134,17,399,508,3
96151,17,410,490,3
96167,17,406,466,3
96184,17,417,499,3
96200,17,417,524,3
96217,17,394,517,3
96234,17,411,496,3
96250,17,462,399,2
96267,17,486,396,2
96284,17,480,413,2
96300,17,502,408,2
96317,17,483,415,2
96334,17,477,405,2
96350,17,473,411,2
96367,17,491,406,2
96383,17,483,402,2
96400,17,484,406,2
96417,17,495,381,2
96433,17,495,403,2
96450,17,489,398,2
96467,17,487,387,2
96483,17,500,412,2
96500,17,489,397,2
96517,17,492,379,2
96533,17,500,390,2
96550,17,498,383,2
96566,17,500,381,2
96583,17,516,354,4
96600,17,510,379,2
96616,17,490,365,2
96633,17,516,372,2
96650,17,503,394,2
96666,17,504,356,4
96683,17,513,376,2
96700,17,505,375,2
96716,17,511,396,2
96733,17,536,401,2
96749,17,541,432,3
96766,17,566,442,3
96783,17,551,437,3
96799,17,547,423,3
96816,17,555,441,3
96833,17,547,430,3
96849,17,556,428,3
96866,17,560,437,3
96883,17,555,435,3
96899,17,565,444,3
96916,17,545,416,2
96932,17,559,435,3
96949,17,546,428,3
96966,17,567,447,3
96982,17,539,423,3
96999,17,557,432,3
97016,17,536,432,3
97032,17,553,431,3
97049,17,563,434,3
97066,17,525,416,2
97082,17,518,406,2
97099,17,531,387,2
97115,17,536,378,2
97132,17,538,402,2
97149,17,535,423,3
97165,17,520,388,2
97182,17,527,398,2
97199,17,528,404,2
97215,17,525,374,2
97232,17,543,393,2
97248,17,536,387,2
97265,17,537,399,2
97282,17,563,462,3
97298,17,557,457,3
97315,17,562,458,3
97332,17,570,456,3
97348,17,574,486,3
97365,17,572,468,3
97382,17,564,468,3
97398,17,566,454,3
97415,17,567,453,3
97431,17,564,442,3
97448,17,560,462,3
97465,17,567,451,3
97481,17,571,462,3
97498,17,553,480,3
97515,17,550,460,3
97531,17,564,493,3
97548,17,546,486,3
97565,17,548,478,3
97581,17,549,482,3
97598,17,553,489,3
97614,17,538,465,3
97631,17,544,497,3
97648,17,561,486,3
97664,17,544,481,3
97681,17,546,471,3
97698,17,547,481,3
97714,17,551,474,3
97731,17,530,489,3
97748,17,545,483,3
97764,17,529,478,3
97781,17,545,470,3
97797,17,535,457,3
97814,17,527,476,3
97831,17,544,484,3
97847,17,534,487,3
97864,17,492,457,3
97881,17,493,424,3
97897,17,502,437,3
97914,17,507,443,3
97931,17,494,448,3
97947,17,506,425,3
97964,17,502,439,3
97980,17,499,427,3
97997,17,543,425,3
98014,17,531,404,2
98030,17,544,435,3
98047,17,547,425,3
98064,17,545,409,2
98080,17,550,428,3
98097,17,545,418,5
98114,17,536,432,3
98130,17,532,422,3
98147,17,544,430,3
98163,17,522,438,3
98180,17,538,420,5
98197,17,539,436,3
98213,17,540,414,2
98230,17,547,444,3
98247,17,544,443,3
98263,17,545,456,3
98280,17,540,452,3
98297,17,533,438,3
98313,17,552,465,3
98330,17,548,480,3
98346,17,535,468,3
98363,17,554,380,2
98380,17,534,372,2
98396,17,552,393,2
98413,17,555,327,4
98430,17,538,388,2
98446,17,533,333,4
98463,17,538,404,2
98479,17,545,422,3
98496,17,545,445,3
98513,17,574,419,3
98529,17,533,443,3
98546,17,525,448,3
98563,17,513,422,3
98579,17,518,413,2
98596,17,513,455,3
98613,17,512,459,3
98629,17,508,497,3
98646,17,523,514,3
98662,17,518,554,3
98679,17,497,433,3
98696,17,519,438,3
98712,17,506,432,3
98729,17,504,433,3
98746,17,513,467,3
98762,17,515,703,3
98779,17,516,438,3
98796,17,495,391,2
98812,17,534,416,2
98829,17,558,782,0
98845,17,534,384,2
98862,17,526,419,5
98879,17,541,416,2
98895,17,513,384,2
98912,17,521,397,2
98929,17,503,376,2
98945,17,586,372,2
98962,17,614,332,0
98979,17,621,330,0
98995,17,645,867,0
99012,17,599,339,4
99028,17,610,377,2
99045,17,606,349,4
99062,17,590,369,2
99078,17,581,380,2
99095,17,591,386,2
99112,17,587,380,2
99128,17,604,381,2
99145,17,576,421,3
99162,17,562,414,2
99178,17,546,397,2
99195,17,563,397,2
99211,17,578,623,3
99228,17,552,633,3
99245,17,566,861,0
99411,166,521,745,3
99428,17,510,811,0
99444,17,455,608,3
99461,17,465,445,3
99478,17,487,407,2
99494,17,453,490,3
99511,17,461,473,3
99527,17,463,453,3
99544,17,434,481,3
99561,17,455,486,3
99577,17,397,460,3
99594,17,412,426,3
99611,17,414,478,3
99627,17,421,453,3
99644,17,424,453,3
99661,17,395,467,3
99677,17,425,474,3
99694,17,442,448,3
99710,17,412,437,3
99727,17,415,439,3
99744,17,418,468,3
99760,17,419,466,3
99777,17,426,459,3
99794,17,422,504,3
99810,17,450,451,3
99827,17,428,452,3
99844,17,417,473,3
99860,17,378,466,3
99877,17,412,462,3
99893,17,413,459,3
99910,17,424,450,3
99927,17,427,474,3
99943,17,400,471,3
99960,17,438,450,3
99977,17,416,417,2
99993,17,426,429,3
100010,17,434,431,3
100027,17,407,445,3
100043,17,433,399,2
100060,17,429,410,2
100076,17,418,438,3
100093,17,426,425,3
100110,17,434,436,3
100126,17,429,478,3
100143,17,414,443,3
100160,17,435,433,3
100176,17,425,411,2
100193,17,427,435,3
100210,17,412,455,3
100226,17,427,474,3
100243,17,445,455,3
100259,17,422,450,3
100276,17,414,414,2
100293,17,419,451,3
100309,17,474,411,2
100326,17,472,367,2
100343,17,489,404,2
100359,17,485,376,2
100376,17,510,407,2
100393,17,492,403,2
100409,17,496,377,2
100426,17,509,398,2
100442,17,478,383,2
100459,17,508,363,4
100476,17,505,386,2
100492,17,483,355,4
100509,17,499,353,4
100526,17,496,392,2
100542,17,499,388,2
100559,17,495,380,2
100576,17,508,379,2
100592,17,491,373,2
100609,17,489,376,2
100625,17,493,385,2
100642,17,521,384,2
100659,17,484,379,2
100675,17,482,404,2
100692,17,491,399,2
100709,17,486,410,2
100725,17,496,383,2
100742,17,504,380,2
100758,17,507,397,2
100775,17,507,361,4
100792,17,484,364,4
100808,17,501,376,2
100825,17,491,347,4
100842,17,514,347,4
100858,17,492,393,2
100875,17,498,370,2
100892,17,500,350,4
100908,17,498,369,2
100925,17,491,351,4
100941,17,495,356,4
100958,17,482,355,4
100975,17,499,353,4
100991,17,443,387,2
101008,17,424,429,3
101025,17,403,406,2
101041,17,430,408,2
101058,17,406,389,2
101075,17,464,379,2
101091,17,423,403,2
101108,17,439,441,3
101124,17,414,400,2
101141,17,424,425,3
101158,17,424,407,2
101174,17,407,403,2
101191,17,429,395,2
101208,17,437,405,2
101224,17,435,403,2
101241,17,427,446,3
101258,17,452,413,2
101274,17,424,417,2
101291,17,398,404,2
101307,17,400,416,2
101324,17,433,408,2
101341,17,410,443,3
101357,17,402,408,2
101374,17,438,423,3
101391,17,414,424,3
101407,17,423,403,2
101424,17,413,416,2
101441,17,432,436,3
101457,17,419,409,2
101474,17,424,447,3
101490,17,446,433,3
101507,17,427,414,2
101524,17,430,461,3
101540,17,427,440,3
101557,17,433,430,3
101574,17,436,427,3
101590,17,435,405,2
101607,17,437,442,3
101624,17,431,451,3
101640,17,424,434,3
101657,17,441,444,3
101673,17,443,444,3
101690,17,434,419,3
101707,17,451,433,3
101723,17,444,442,3
101740,17,429,419,3
101757,17,444,420,3
101773,17,453,420,3
101790,17,439,425,3
101806,17,443,445,3
101823,17,445,441,3
101840,17,439,450,3
101856,17,447,434,3
101873,17,455,459,3
101890,17,430,450,3
101906,17,465,451,3
101923,17,438,434,3
101940,17,442,471,3
101956,17,438,457,3
101973,17,444,451,3
101989,17,442,439,3
102006,17,486,447,3
102023,17,502,432,3
102039,17,516,426,3
102056,17,537,407,2
102073,17,517,417,5
102089,17,522,414,2
102106,17,511,429,3
102123,17,523,339,4
102139,17,517,407,2
102156,17,514,413,2
102172,17,510,424,3
102189,17,521,355,4
102206,17,507,406,2
102222,17,503,391,2
102239,17,551,369,2
102256,17,512,399,2
102272,17,499,428,3
102289,17,509,432,3
102306,17,568,440,3
102322,17,533,448,3
102339,17,552,427,3
102355,17,538,426,3
102372,17,550,464,3
102389,17,550,407,2
102405,17,552,447,3
102422,17,545,458,3
102439,17,544,434,3
102455,17,557,441,3
102472,17,550,440,3
102489,17,564,433,3
102505,17,557,436,3
102522,17,601,430,3
102538,17,576,423,3
102555,17,592,419,3
102572,17,608,446,3
102588,17,599,423,3
102605,17,591,434,3
102622,17,883,772,0
102638,17,857,776,0
102655,17,599,447,3
102672,17,616,409,2
102688,17,594,425,3
102705,17,577,452,3
102721,17,643,388,2
102738,17,615,397,2
102755,17,650,435,3
102771,17,626,406,2
102788,17,638,380,2
102805,17,632,369,2
102821,17,634,355,0
102838,17,642,365,2
102855,17,619,386,2
102871,17,636,399,2
102888,17,630,365,2
102904,17,561,422,3
102921,17,528,416,2
102938,17,516,451,3
102954,17,528,440,3
102971,17,516,440,3
102988,17,529,429,3
103004,17,521,454,3
103021,17,530,462,3
103037,17,524,435,3
103054,17,518,452,3
103071,17,529,465,3
103087,17,515,447,3
103104,17,504,430,3
103121,17,510,434,3
103137,17,515,462,3
103154,17,496,413,2
103171,17,495,387,2
103187,17,511,395,2
103204,17,488,389,2
103220,17,513,363,4
103237,17,510,388,2
103254,17,480,379,2
103270,17,478,394,2
103287,17,445,416,2
103304,17,433,282,0
103320,17,426,393,2
103337,17,454,400,2
103354,17,423,381,2
103370,17,442,369,2
103387,17,417,376,2
103403,17,450,357,4
103420,17,441,398,2
103437,17,562,250,1
103453,17,444,391,2
103470,17,436,455,3
103487,17,440,408,2
103503,17,448,269,0
103520,17,439,395,2
103537,17,457,407,2
103553,17,455,387,2
103570,17,454,390,2
103586,17,464,385,2
103603,17,597,223,1
103620,17,418,400,2
103636,17,425,265,0
103653,17,435,397,2
103670,17,433,258,1
103686,17,435,273,0
103703,17,437,379,2
103720,17,579,263,0
103736,17,423,399,2
103753,17,557,285,0
103769,17,653,431,3
103786,17,597,297,4
103803,17,583,331,4
103819,17,437,443,3
103836,17,427,406,2
103853,17,431,408,2
103869,17,457,416,2
103886,17,456,375,2
103903,17,438,447,3
103919,17,446,403,2
103936,17,443,400,2
103952,17,450,385,2
103969,17,465,398,2
103986,17,454,415,2
104002,17,478,406,2
104019,17,482,373,2
104036,17,468,388,2
104052,17,442,402,2
104069,17,466,412,2
104086,17,453,425,3
104102,17,449,407,2
104119,17,476,404,2
104135,17,483,396,2
104152,17,453,393,2
104169,17,460,396,2
104185,17,431,411,2
104202,17,462,382,2
104219,17,439,404,2
104235,17,456,404,2
104252,17,445,407,2
104268,17,457,342,4
104285,17,514,348,4
104302,17,506,320,4
104318,17,495,406,2
104335,17,542,350,4
104352,17,530,341,4
104368,17,529,350,4
104385,17,548,344,4
104402,17,528,370,2
104418,17,512,386,2
104435,17,513,340,4
104451,17,490,357,4
104468,17,519,262,0
104485,17,595,256,1
104501,17,528,350,4
104518,17,555,351,4
104535,17,522,340,4
104551,17,604,311,4
104568,17,563,307,4
104585,17,535,316,4
104601,17,526,335,4
104618,17,643,221,1
104634,17,526,321,4
104651,17,547,355,4
104668,17,528,361,4
104684,17,528,349,4
104701,17,535,349,4
104718,17,528,363,4
104734,17,553,354,4
104751,17,557,339,4
104768,17,545,256,1
104784,17,524,353,4
104801,17,528,371,2
104817,17,625,362,0
104834,17,528,343,4
104851,17,559,401,2
104867,17,634,398,2
104884,17,659,911,0
105167,283,728,881,0
105183,17,627,484,3
105200,17,625,366,2
105217,17,640,433,3
105233,17,620,438,3
105250,17,620,466,3
105267,17,635,443,3
105283,17,628,470,3
105300,17,640,401,2
105316,17,621,415,2
105333,17,626,419,3
105350,17,696,417,2
105366,17,774,414,2
105383,17,849,442,3
105483,100,806,772,0
105499,17,859,686,3
105516,17,843,658,3
105533,17,840,574,3
105549,17,854,681,3
105566,17,843,677,3
105583,17,836,680,3
105599,17,850,705,3
105616,17,845,680,3
105633,17,837,684,3
105649,17,853,682,3
105666,17,846,713,3
105682,17,849,688,3
105699,17,786,788,0
105716,17,742,910,0
105732,17,671,986,0
105749,17,703,973,0
105766,17,679,1010,0
105782,17,702,1011,0
105799,17,691,1004,0
105816,17,697,993,0
105832,17,701,981,0
105849,17,700,997,0
105865,17,693,966,0
105882,17,643,1025,0
105899,17,694,1014,0
105915,17,651,914,0
105932,17,650,939,0
105949,17,644,930,0
105965,17,660,928,0
105982,17,665,939,0
105999,17,631,939,0
106015,17,638,956,0
106032,17,655,949,0
106048,17,651,935,0
106065,17,612,898,0
106082,17,557,967,0
106098,17,541,913,0
106115,17,543,926,0
106132,17,554,939,0
106148,17,553,928,0
106165,17,543,906,0
106182,17,562,930,0
106198,17,541,916,0
106215,17,531,885,0
106231,17,539,947,0
106248,17,535,915,0
106265,17,536,941,0
106281,17,540,907,0
106298,17,541,918,0
106315,17,547,927,0
106331,17,542,889,0
106348,17,503,790,0
106365,17,494,659,3
106381,17,491,563,3
106398,17,515,498,3
106414,17,523,450,3
106431,17,511,481,3
106448,17,520,457,3
106464,17,522,466,3
106481,17,519,467,3
106498,17,503,482,3
106514,17,513,475,3
106531,17,530,476,3
106547,17,534,472,3
106564,17,539,476,3
106581,17,529,467,3
106597,17,529,485,3
106614,17,517,484,3
106631,17,504,458,3
106647,17,475,371,2
106664,17,494,387,2
106681,17,492,398,2
106697,17,498,379,2
106714,17,495,407,2
106730,17,494,398,2
106747,17,488,386,2
106764,17,495,442,3
106780,17,515,441,3
106797,17,499,413,2
106814,17,509,415,2
106830,17,476,389,2
106847,17,478,379,2
106864,17,496,391,2
106880,17,509,401,2
106897,17,505,379,2
106913,17,501,412,2
106930,17,505,393,2
106947,17,499,406,2
106963,17,500,397,2
106980,17,501,401,2
106997,17,482,379,2
107013,17,510,390,2
107030,17,493,374,2
107047,17,517,403,2
107063,17,493,414,2
107080,17,523,384,2
107096,17,516,418,5
107113,17,519,430,3
107130,17,504,404,2
107146,17,553,431,3
107163,17,480,389,2
107180,17,499,495,3
107196,17,468,478,3
107213,17,463,423,3
107230,17,480,423,3
107246,17,487,379,2
107263,17,486,426,3
107279,17,499,443,3
107296,17,493,375,2
107313,17,467,431,3
107329,17,496,450,3
107346,17,471,448,3
107363,17,455,391,2
107379,17,476,393,2
107396,17,480,448,3
107413,17,686,474,3
107429,17,437,444,3
107446,17,461,432,3
107462,17,439,443,3
107479,17,450,447,3
107496,17,561,403,2
107512,17,434,475,3
107529,17,452,469,3
107546,17,431,466,3
107562,17,567,397,2
107579,17,435,457,3
107595,17,442,500,3
107612,17,441,451,3
107629,17,540,365,2
107645,17,553,359,4
107662,17,444,468,3
107679,17,442,490,3
107695,17,483,480,3
107712,17,457,492,3
107729,17,492,503,3
107745,17,535,380,2
107762,17,550,498,3
107778,17,453,500,3
107795,17,473,401,2
107812,17,560,325,4
107828,17,73,679,3
107845,17,443,444,3
107862,17,463,451,3
107878,17,460,455,3
107895,17,477,475,3
107912,17,499,508,3
107928,17,508,467,3
107945,17,493,447,3
107961,17,476,456,3
107978,17,488,471,3
107995,17,437,465,3
108011,17,476,497,3
108028,17,568,391,2
108045,17,464,508,3
108061,17,455,474,3
108078,17,448,475,3
108095,17,494,480,3
108111,17,521,470,3
108128,17,456,477,3
108144,17,453,474,3
108161,17,607,364,4
108178,17,454,471,3
108194,17,473,467,3
108211,17,459,461,3
108228,17,535,390,2
108244,17,467,453,3
108261,17,452,519,3
108278,17,455,497,3
108294,17,457,476,3
108311,17,470,488,3
108327,17,459,482,3
108344,17,453,482,3
108361,17,480,415,2
108377,17,450,485,3
108394,17,428,466,3
108411,17,459,498,3
108427,17,447,475,3
108444,17,463,463,3
108461,17,502,505,3
108477,17,510,481,3
108494,17,522,518,3
108510,17,773,453,3
108527,17,559,417,5
108544,17,512,501,3
108560,17,514,486,3
108577,17,528,483,3
108594,17,822,462,3
108610,17,506,496,3
108627,17,525,489,3
108644,17,595,380,2
108660,17,501,466,3
108677,17,500,493,3
108693,17,515,461,3
108710,17,519,443,3
108727,17,515,524,3
108743,17,515,484,3
108760,17,489,486,3
108777,17,508,474,3
108793,17,530,446,3
108810,17,528,476,3
108826,17,604,349,4
108843,17,516,465,3
108860,17,513,480,3
108876,17,854,448,3
108893,17,510,455,3
108910,17,521,474,3
108926,17,520,461,3
108943,17,516,457,3
108960,17,516,470,3
108976,17,518,452,3
108993,17,509,490,3
109009,17,526,480,3
109026,17,514,463,3
109043,17,516,450,3
109059,17,622,313,0
109076,17,498,396,2
109093,17,94,615,3
109109,17,510,430,3
109126,17,536,442,3
109143,17,519,396,2
109159,17,524,427,3
109176,17,524,409,2
109192,17,543,406,2
109209,17,536,405,2
109226,17,549,423,3
109242,17,541,431,3
109259,17,541,435,3
109276,17,519,428,3
109292,17,554,419,5
109309,17,524,403,2
109326,17,539,429,3
109342,17,564,396,2
109359,17,500,415,2
109375,17,465,413,2
109392,17,463,162,1
109409,17,449,436,3
109425,17,537,303,4
109442,17,473,385,2
109459,17,534,301,4
109475,17,487,331,4
109492,17,593,246,1
109509,17,531,316,4
109525,17,408,258,1
109542,17,649,662,3
109558,17,481,332,4
109575,17,404,244,1
109592,17,555,246,1
109608,17,458,99,0
109625,17,631,320,0
109642,17,442,175,1
109658,17,445,107,0
109675,17,459,127,0
109692,17,522,130,0
109708,17,769,263,0
109725,17,397,227,1
109741,17,405,247,1
109758,17,517,121,0
109775,17,400,226,1
109791,17,393,225,1
109808,17,423,203,1
109825,17,452,134,1
109841,17,396,244,1
109858,17,433,131,0
109874,17,395,251,1
109891,17,502,178,1
109908,17,404,247,1
109924,17,405,250,1
109941,17,400,254,1
109958,17,395,245,1
109974,17,397,250,1
109991,17,400,251,1
110008,17,818,347,0
110024,17,45,492,3
110041,17,484,135,1
110057,17,403,240,1
110074,17,401,259,1
110107,33,643,445,3
110124,17,636,355,0
110141,17,576,329,4
110157,17,631,316,0
110174,17,645,338,0
110191,17,605,288,4
110207,17,617,400,2
110224,17,612,234,1
110240,17,605,269,0
110257,17,628,404,2
110274,17,605,224,1
110290,17,603,290,4
110307,17,786,309,0
110324,17,607,309,4
110340,17,614,372,2
110357,17,601,343,4
110374,17,625,325,0
110390,17,635,421,3
110407,17,633,357,0
110423,17,615,327,0
110440,17,591,355,4
110457,17,263,51,0
110473,17,828,332,0
110490,17,1036,308,0
110507,17,615,351,0
110523,17,623,415,2
110540,17,253,113,0
110557,17,635,408,2
110573,17,653,339,0
110590,17,634,344,0
110606,17,644,370,2
110623,17,643,415,2
110640,17,631,410,2
110656,17,656,391,2
110673,17,610,385,2
110706,33,655,368,2
110723,17,627,385,2
110740,17,556,391,2
110756,17,666,245,1
110773,17,907,350,0
110789,17,825,367,0
110823,33,537,405,2
110839,17,540,410,2
110856,17,538,419,5
110873,17,541,388,2
110889,17,531,471,3
110906,17,654,244,1
110923,17,532,388,2
110939,17,536,419,5
110956,17,523,273,0
110972,17,527,422,3
110989,17,526,430,3
111006,17,534,479,3
111022,17,523,424,3
111039,17,35,557,3
111056,17,546,475,3
111072,17,547,399,2
111089,17,531,409,2
111105,17,539,354,4
111122,17,535,398,2
111139,17,543,384,2
111155,17,536,401,2
111172,17,528,417,5
111189,17,910,267,0
111205,17,522,405,2
111222,17,543,394,2
111239,17,969,266,0
111255,17,541,384,2
111272,17,531,378,2
111288,17,539,390,2
111305,17,526,395,2
111322,17,921,279,0
111338,17,525,382,2
111355,17,958,304,0
111372,17,497,389,2
111388,17,471,387,2
111405,17,601,185,1
111422,17,475,481,3
111438,17,449,371,2
111455,17,489,227,1
111471,17,454,372,2
111488,17,456,379,2
111505,17,456,378,2
111521,17,468,382,2
111538,17,456,376,2
111555,17,464,378,2
111571,17,459,355,4
111588,17,450,368,2
111605,17,452,370,2
111621,17,459,386,2
111638,17,470,368,2
111654,17,845,209,0
111671,17,449,369,2
111688,17,471,395,2
111704,17,460,362,4
111721,17,465,384,2
111738,17,506,241,1
111754,17,464,368,2
111771,17,456,374,2
111788,17,460,360,4
111804,17,458,392,2
111821,17,453,345,4
111837,17,451,359,4
111854,17,443,383,2
111871,17,449,382,2
111887,17,431,381,2
111921,33,417,390,2
111921,0,417,390,2
111937,17,416,383,2
111954,17,401,384,2
111971,17,420,389,2
111987,17,379,400,2
112004,17,416,404,2
112020,17,419,398,2
112037,17,393,396,2
112054,17,386,387,2
112070,17,405,385,2
112087,17,416,386,2
112104,17,415,346,0
112120,17,408,337,0
112137,17,413,371,2
112154,17,395,375,2
112170,17,17,459,3
112187,17,796,219,0
112203,17,414,395,2
112220,17,408,389,2
112237,17,430,376,2
112253,17,423,435,3
112270,17,777,310,0
112287,17,426,391,2
112303,17,422,392,2
112320,17,421,392,2
112336,17,422,400,2
112353,17,438,376,2
112370,17,501,388,2
112386,17,493,394,2
112403,17,452,391,2
112420,17,470,367,2
112436,17,747,387,2
112453,17,474,374,2
112470,17,459,372,2
112486,17,484,361,4
112503,17,481,387,2
112519,17,760,418,3
112536,17,480,374,2
112553,17,473,395,2
112569,17,471,379,2
112586,17,484,396,2
112603,17,498,369,2
112619,17,483,394,2
112636,17,481,381,2
112653,17,499,418,5
112686,33,486,395,2
112702,17,495,367,2
112719,17,524,410,2
112736,17,569,384,2
112752,17,564,402,2
112769,17,559,413,2
112786,17,543,400,2
112802,17,570,425,3
112819,17,557,376,2
112836,17,572,416,2
112852,17,583,402,2
112869,17,877,408,0
112885,17,889,385,0
112902,17,566,425,3
112919,17,556,420,5
112935,17,533,369,2
112952,17,620,337,0
112969,17,591,336,4
112985,17,595,401,2
113002,17,575,378,2
113019,17,584,352,4
113035,17,635,415,2
113052,17,582,404,2
113068,17,582,364,4
113085,17,610,348,4
113102,17,600,372,2
113118,17,578,392,2
113135,17,595,399,2
113152,17,552,360,4
113168,17,543,303,4
113185,17,520,388,2
113202,17,555,352,4
113218,17,779,335,0
113235,17,554,335,4
113251,17,579,352,4
113268,17,586,334,4
113285,17,568,344,4
113301,17,565,315,4
113318,17,557,383,2
113335,17,551,364,4
113351,17,549,333,4
113368,17,534,305,4
113384,17,536,349,4
113401,17,533,329,4
113418,17,513,351,4
113434,17,532,390,2
113451,17,533,321,4
113468,17,528,334,4
113484,17,532,287,0
113501,17,528,279,0
113518,17,547,310,4
113534,17,543,383,2
113551,17,552,317,4
113567,17,883,397,0
113584,17,546,312,4
113601,17,1023,343,0
113617,17,537,296,4
113634,17,535,299,4
113651,17,792,421,3
113667,17,507,287,0
113684,17,547,457,3
113701,17,14,40,0
113717,17,715,431,3
113734,17,493,363,4
113750,17,487,337,4
113767,17,411,327,0
113784,17,497,407,2
113800,17,562,403,2
113817,17,510,403,2
113834,17,492,403,2
113850,17,409,346,0
113867,17,992,648,3
113884,17,488,462,3
113900,17,500,411,2
113917,17,479,331,4
113933,17,500,342,4
113950,17,551,414,2
113967,17,488,434,3
113983,17,492,341,4
114000,17,1065,560,0
114017,17,503,423,3
114033,17,513,418,5
114050,17,548,352,4
114067,17,549,392,2
114083,17,481,322,4
114100,17,482,314,4
114116,17,533,327,4
114133,17,523,305,4
114150,17,599,312,4
114166,17,609,320,4
114183,17,596,332,4
114200,17,641,518,3
114216,17,584,327,4
114233,17,592,379,2
114250,17,600,281,0
114266,17,555,379,2
114283,17,628,402,2
114299,17,644,451,3
114316,17,600,419,3
114333,17,605,410,2
114349,17,612,423,3
114366,17,582,351,4
114383,17,589,350,4
114399,17,612,409,2
114416,17,545,422,3
114433,17,543,375,2
114449,17,569,389,2
114466,17,586,396,2
114482,17,252,263,0
114499,17,586,440,3
114516,17,582,411,2
114532,17,609,371,2
114549,17,591,396,2
114566,17,612,325,4
114582,17,624,398,2
114599,17,601,389,2
114615,17,614,419,3
114632,17,604,420,3
114649,17,606,385,2
114665,17,614,373,2
114682,17,607,313,4
114699,17,606,322,4
114715,17,812,498,3
114732,17,590,532,3
114898,166,864,548,3
114915,17,627,658,3
114932,17,627,464,3
114948,17,634,350,0
114965,17,644,395,2
114981,17,659,347,0
114998,17,661,375,2
115015,17,646,355,0
115031,17,663,365,2
115048,17,663,383,2
115065,17,655,415,2
115081,17,651,371,2
115098,17,650,392,2
115115,17,627,387,2
115131,17,639,367,2
115148,17,643,348,0
115164,17,641,354,0
115181,17,614,357,0
115198,17,636,388,2
115214,17,580,389,2
115231,17,554,424,3
115248,17,567,407,2
115264,17,576,392,2
115281,17,587,395,2
115298,17,565,414,2
115314,17,566,390,2
115331,17,551,401,2
115347,17,579,393,2
115364,17,544,385,2
115381,17,509,405,2
115397,17,577,369,2
115414,17,563,378,2
115431,17,560,394,2
115447,17,543,422,3
115464,17,554,406,2
115481,17,575,400,2
115497,17,557,382,2
115514,17,569,360,4
115530,17,527,390,2
115547,17,506,386,2
115564,17,501,386,2
115580,17,494,406,2
115597,17,542,863,0
115614,17,758,704,3
115630,17,474,379,2
115647,17,511,408,2
115663,17,501,404,2
115680,17,502,383,2
115697,17,510,402,2
115713,17,487,376,2
115730,17,457,369,2
115747,17,446,393,2
115763,17,448,394,2
115780,17,845,523,3
115797,17,365,55,0
115813,17,430,389,2
115830,17,437,396,2
115846,17,454,539,3
115863,17,432,389,2
115880,17,437,395,2
115896,17,438,393,2
115913,17,443,414,2
115930,17,458,412,2
115946,17,459,495,3
115963,17,460,471,3
115980,17,457,471,3
115996,17,456,476,3
116013,17,455,441,3
116029,17,457,456,3
116046,17,465,476,3
116063,17,467,525,3
116079,17,448,478,3
116096,17,447,502,3
116113,17,436,499,3
116129,17,468,504,3
116146,17,472,491,3
116163,17,440,454,3
116179,17,449,482,3
116196,17,470,505,3
116212,17,464,467,3
116229,17,448,490,3
116246,17,443,441,3
116262,17,443,443,3
116279,17,467,457,3
116296,17,450,465,3
116312,17,453,451,3
116329,17,466,452,3
116346,17,469,450,3
116362,17,473,428,3
116379,17,461,466,3
116395,17,451,448,3
116412,17,476,401,2
116429,17,479,388,2
116445,17,464,383,2
116462,17,480,382,2
116479,17,485,408,2
116495,17,483,362,4
116512,17,488,386,2
116529,17,493,367,2
116545,17,487,399,2
116562,17,481,371,2
116578,17,503,331,4
116595,17,499,333,4
116612,17,472,410,2
116628,17,502,381,2
116645,17,483,335,4
116662,17,483,360,4
116678,17,515,363,4
116695,17,545,389,2
116712,17,594,408,2
116728,17,589,442,3
116745,17,617,440,3
116761,17,588,441,3
116778,17,612,430,3
116795,17,589,424,3
116811,17,602,423,3
116828,17,628,419,3
116845,17,591,433,3
116861,17,601,397,2
116878,17,571,445,3
116894,17,611,447,3
116911,17,608,442,3
116928,17,594,436,3
116944,17,608,464,3
116961,17,609,444,3
116978,17,585,439,3
116994,17,620,452,3
117011,17,575,423,3
117028,17,610,465,3
117044,17,582,476,3
117061,17,582,458,3
117077,17,633,460,3
117094,17,676,430,3
117111,17,689,398,2
117127,17,695,358,0
117144,17,690,407,2
117161,17,657,397,2
117177,17,663,409,2
117194,17,717,394,2
117211,17,693,408,2
117227,17,664,403,2
117244,17,695,403,2
117260,17,585,577,3
117277,17,549,569,3
117294,17,565,571,3
117310,17,599,594,3
117327,17,582,582,3
117344,17,610,590,3
117360,17,548,581,3
117377,17,547,567,3
117394,17,573,557,3
117410,17,562,566,3
117427,17,593,554,3
117443,17,516,586,3
117460,17,472,613,3
117477,17,472,593,3
117493,17,467,633,3
117510,17,473,628,3
117527,17,482,627,3
117543,17,477,604,3
117560,17,460,599,3
117577,17,473,614,3
117593,17,460,625,3
117610,17,457,543,3
117626,17,452,535,3
117643,17,443,544,3
117660,17,435,536,3
117676,17,470,713,3
117693,17,489,583,3
117710,17,450,515,3
117726,17,443,491,3
117743,17,414,517,3
117760,17,436,533,3
117776,17,414,521,3
117793,17,438,518,3
117809,17,423,525,3
117826,17,411,533,3
117843,17,430,521,3
117859,17,419,525,3
117876,17,420,517,3
117893,17,433,540,3
117909,17,425,529,3
117926,17,436,512,3
117942,17,452,558,3
117959,17,436,534,3
117976,17,421,534,3
117992,17,421,531,3
118009,17,434,554,3
118026,17,425,549,3
118042,17,420,555,3
118059,17,447,548,3
118076,17,454,655,3
118092,17,448,559,3
118109,17,444,554,3
118125,17,448,580,3
118142,17,443,554,3
118159,17,456,546,3
118175,17,560,540,3
118192,17,597,520,3
118209,17,577,526,3
118225,17,574,539,3
118242,17,586,570,3
118259,17,591,562,3
118275,17,553,553,3
118292,17,591,522,3
118308,17,566,538,3
118325,17,566,559,3
118342,17,577,550,3
118358,17,566,553,3
118375,17,285,252,0
118392,17,964,428,3
118408,17,958,510,3
118425,17,647,618,3
118442,17,1001,557,3
118458,17,468,530,3
118475,17,1116,617,0
118491,17,653,563,3
118508,17,612,552,3
118525,17,484,392,2
118541,17,1157,657,0
118558,17,661,529,3
118575,17,627,402,2
118591,17,637,559,3
118608,17,635,563,3
118625,17,647,474,3
118641,17,632,518,3
118658,17,1125,648,0
118674,17,456,519,3
118691,17,629,512,3
118708,17,530,535,3
118724,17,470,507,3
118741,17,771,586,3
118758,17,786,607,3
118774,17,707,594,3
118791,17,691,446,3
118808,17,331,348,0
118824,17,485,455,3
118841,17,567,525,3
118857,17,475,503,3
118874,17,483,516,3
118891,17,465,489,3
118907,17,479,512,3
118924,17,469,383,2
118941,17,463,499,3
118957,17,447,395,2
118974,17,472,456,3
118991,17,480,561,3
119007,17,464,452,3
119024,17,457,368,2
119040,17,478,441,3
119057,17,366,400,2
119074,17,794,531,3
119090,17,355,395,2
119107,17,674,593,3
119124,17,389,398,2
119140,17,460,516,3
119157,17,459,444,3
119173,17,655,572,3
119190,17,416,462,3
119207,17,598,606,3
119223,17,85,513,3
119240,17,461,517,3
119257,17,676,648,3
119273,17,459,490,3
119290,17,457,439,3
119307,17,716,603,3
119323,17,441,466,3
119340,17,466,427,3
119356,17,463,437,3
119373,17,468,452,3
119390,17,470,462,3
119406,17,490,453,3
119423,17,469,426,3
119440,17,440,466,3
119456,17,473,456,3
119473,17,470,495,3
119490,17,458,447,3
119506,17,722,589,3
119523,17,443,456,3
119539,17,780,607,3
119556,17,463,441,3
119573,17,453,481,3
119589,17,494,448,3
119606,17,401,401,2
119623,17,496,440,3
119639,17,738,704,3
119656,17,375,398,2
119673,17,385,416,2
119689,17,385,442,3
119706,17,409,477,3
119722,17,427,404,2
119739,17,405,384,2
119756,17,489,458,3
119772,17,83,355,0
119789,17,421,434,3
119806,17,418,429,3
119822,17,437,414,2
119839,17,76,428,3
119872,33,398,453,3
119889,17,419,383,2
119905,17,416,403,2
119922,17,88,355,0
119939,17,406,369,2
119955,17,371,389,2
119989,33,467,467,3
120005,17,466,462,3
120022,17,475,462,3
120039,17,386,402,2
120055,17,459,454,3
120072,17,393,431,3
120088,17,416,421,3
120105,17,406,328,0
120122,17,468,465,3
120138,17,307,265,0
120155,17,419,419,3
120172,17,406,381,2
120188,17,459,494,3
120205,17,155,172,0
120222,17,422,370,2
120238,17,400,392,2
120255,17,401,389,2
120271,17,425,387,2
120288,17,423,348,4
120305,17,397,370,2
120321,17,465,468,3
120338,17,429,369,2
120355,17,405,392,2
120371,17,416,361,4
120388,17,418,373,2
120404,17,414,371,2
120421,17,437,348,4
120438,17,425,355,4
120454,17,401,398,2
120471,17,421,385,2
120488,17,419,389,2
120504,17,420,372,2
120521,17,410,383,2
120538,17,424,375,2
120554,17,416,358,4
120571,17,455,369,2
120587,17,426,362,4
120604,17,626,607,3
120621,17,399,373,2
120637,17,418,355,4
120654,17,430,369,2
120671,17,468,891,0
120687,17,449,378,2
120704,17,470,303,4
120721,17,483,303,4
120737,17,528,429,3
120754,17,491,311,4
120770,17,504,298,4
120787,17,514,448,3
120804,17,467,327,4
120820,17,499,312,4
120837,17,496,308,4
120854,17,485,328,4
120870,17,480,335,4
120887,17,484,329,4
120904,17,502,317,4
120920,17,491,304,4
120937,17,512,316,4
120953,17,527,455,3
120970,17,549,884,0
120987,17,531,447,3
121003,17,496,328,4
121020,17,498,317,4
121037,17,529,436,3
121053,17,702,455,3
121070,17,533,445,3
121087,17,481,309,4
121103,17,535,438,3
121120,17,805,592,3
121136,17,903,471,3
121153,17,908,500,3
121170,17,558,424,3
121186,17,545,430,3
121203,17,544,447,3
121220,17,198,298,0
121236,17,642,432,3
121253,17,196,280,0
121270,17,518,351,4
121286,17,504,331,4
121303,17,79,337,0
121319,17,503,357,4
121336,17,81,277,0
121353,17,536,427,3
121369,17,542,473,3
121386,17,550,455,3
121403,17,198,417,2
121419,17,89,321,0
121436,17,545,581,3
121452,17,90,210,0
121469,17,533,544,3
121486,17,547,604,3
121502,17,544,523,3
121519,17,556,598,3
121536,17,96,107,0
121552,17,528,523,3
121569,17,537,530,3
121586,17,550,494,3
121602,17,555,520,3
121619,17,582,622,3
121635,17,574,524,3
121652,17,533,554,3
121669,17,539,582,3
121685,17,554,579,3
121702,17,546,589,3
121719,17,535,478,3
121735,17,561,567,3
121752,17,531,551,3
121769,17,564,513,3
121785,17,536,532,3
121802,17,301,257,0
121818,17,531,537,3
121835,17,563,526,3
121852,17,555,542,3
121868,17,552,542,3
121885,17,518,517,3
121902,17,530,532,3
121918,17,541,525,3
121935,17,483,517,3
121952,17,467,548,3
121968,17,470,514,3
121985,17,474,560,3
122001,17,442,550,3
122018,17,473,530,3
122035,17,529,509,3
122051,17,541,549,3
122068,17,466,529,3
122085,17,491,512,3
122101,17,473,547,3
122118,17,441,534,3
122135,17,325,503,3
122151,17,425,495,3
122168,17,455,505,3
122184,17,435,552,3
122201,17,418,513,3
122218,17,429,560,3
122234,17,424,562,3
122251,17,427,584,3
122268,17,434,573,3
122284,17,423,539,3
122301,17,392,554,3
122318,17,427,525,3
122334,17,464,576,3
122351,17,643,483,3
122367,17,439,522,3
122384,17,440,544,3
122401,17,460,524,3
122417,17,476,547,3
122434,17,452,482,3
122451,17,478,526,3
122467,17,458,515,3
122484,17,461,506,3
122501,17,490,478,3
122517,17,396,466,3
122534,17,387,469,3
122550,17,368,459,3
122567,17,371,443,3
122584,17,352,425,3
122600,17,375,429,3
122617,17,339,453,3
122634,17,374,450,3
122650,17,380,432,3
122667,17,419,432,3
122683,17,347,473,3
122700,17,381,456,3
122717,17,391,475,3
122733,17,304,495,3
122750,17,296,483,3
122767,17,307,493,3
122783,17,295,489,3
122800,17,309,505,3
122817,17,295,504,3
122833,17,322,501,3
122850,17,305,501,3
122866,17,292,528,3
122883,17,309,525,3
122900,17,417,525,3
122916,17,375,503,3
122933,17,319,512,3
122950,17,296,477,3
122966,17,311,494,3
122983,17,296,520,3
123000,17,319,560,3
123016,17,302,497,3
123033,17,315,532,3
123049,17,337,636,3
123066,17,316,589,3
123083,17,310,690,3
123099,17,602,484,3
123116,17,293,591,3
123133,17,317,545,3
123149,17,296,563,3
123166,17,316,645,3
123183,17,297,533,3
123199,17,282,498,3
123216,17,299,590,3
123232,17,313,602,3
123249,17,324,565,3
123266,17,297,522,3
123282,17,350,419,3
123299,17,823,517,3
123316,17,400,403,2
123332,17,809,533,3
123349,17,397,380,2
123366,17,397,385,2
123382,17,409,379,2
123415,33,405,389,2
123432,17,411,530,3
123449,17,12,177,0
123465,17,419,468,3
123482,17,423,485,3
123499,17,444,430,3
123515,17,424,446,3
123532,17,500,428,3
123549,17,464,422,3
123565,17,419,439,3
123582,17,442,394,2
123598,17,419,402,2
123615,17,442,402,2
123632,17,416,366,2
123648,17,407,391,2
123665,17,392,346,0
123682,17,386,363,0
123698,17,384,339,0
123715,17,376,348,0
123731,17,404,334,0
123748,17,393,363,0
123765,17,394,341,0
123781,17,383,351,0
123798,17,373,358,0
123815,17,412,363,0
123831,17,385,361,0
123848,17,420,391,2
123865,17,387,370,2
123881,17,402,385,2
123898,17,380,370,2
123914,17,387,351,0
123931,17,384,388,2
123948,17,381,398,2
123964,17,373,388,2
123981,17,389,365,2
123998,17,370,350,0
124014,17,375,366,2
124031,17,394,370,2
124048,17,369,369,2
124064,17,380,381,2
124081,17,383,357,0
124097,17,424,449,3
124114,17,393,359,0
124131,17,394,363,0
124147,17,394,366,2
124164,17,389,383,2
124181,17,410,378,2
124197,17,393,419,3
124214,17,406,426,3
124231,17,420,409,2
124247,17,389,448,3
124264,17,408,461,3
124280,17,412,498,3
124297,17,410,508,3
124314,17,391,457,3
124330,17,380,466,3
124347,17,391,458,3
124364,17,388,446,3
124380,17,398,471,3
124397,17,390,471,3
124414,17,383,463,3
124430,17,387,458,3
124447,17,383,463,3
124463,17,382,483,3
124480,17,384,446,3
124497,17,393,450,3
124513,17,382,448,3
124530,17,385,424,3
124547,17,385,428,3
124563,17,385,447,3
124580,17,396,414,2
124597,17,398,460,3
124613,17,394,443,3
124630,17,475,414,2
124646,17,109,126,0
124663,17,479,386,2
124680,17,507,563,3
124696,17,486,412,2
124713,17,513,398,2
124730,17,483,369,2
124746,17,492,405,2
124763,17,475,424,3
124780,17,466,386,2
124796,17,491,412,2
124813,17,487,430,3
124829,17,480,404,2
124846,17,494,407,2
124863,17,488,410,2
124879,17,512,416,2
124896,17,506,422,3
124913,17,499,515,3
124929,17,490,396,2
124946,17,479,439,3
124962,17,507,390,2
124979,17,494,422,3
124996,17,106,83,0
125012,17,494,390,2
125029,17,491,443,3
125046,17,510,441,3
125062,17,492,430,3
125079,17,504,439,3
125096,17,495,436,3
125112,17,510,414,2
125129,17,505,375,2
125145,17,548,499,3
125162,17,532,381,2
125179,17,529,393,2
125195,17,514,377,2
125212,17,508,370,2
125229,17,531,356,4
125245,17,538,414,2
125262,17,503,395,2
125279,17,523,385,2
125295,17,519,402,2
125312,17,538,429,3
125328,17,502,365,2
125345,17,508,389,2
125362,17,562,491,3
125378,17,521,391,2
125395,17,516,347,4
125412,17,509,417,5
125428,17,551,449,3
125445,17,540,387,2
125462,17,523,406,2
125478,17,527,457,3
125495,17,492,412,2
125511,17,531,434,3
125528,17,532,460,3
125545,17,518,396,2
125561,17,501,462,3
125578,17,488,421,5
125595,17,532,434,3
125611,17,527,552,3
125628,17,643,1055,0
125728,100,626,1022,0
125744,17,487,772,0
125761,17,504,574,3
125778,17,483,457,3
125794,17,498,379,2
125811,17,501,455,3
125828,17,482,451,3
125844,17,484,429,3
125861,17,525,472,3
125877,17,486,436,3
125894,17,483,442,3
125911,17,503,466,3
125927,17,482,447,3
125944,17,528,437,3
125961,17,493,453,3
125977,17,498,436,3
125994,17,505,441,3
126010,17,519,427,3
126027,17,513,440,3
126044,17,496,448,3
126060,17,477,422,3
126077,17,524,423,3
126094,17,492,423,3
126110,17,35,3,0
126127,17,494,414,2
126144,17,505,448,3
126160,17,505,415,2
126177,17,553,417,5
126193,17,507,423,3
126210,17,519,452,3
126227,17,518,449,3
126243,17,512,476,3
126260,17,518,458,3
126277,17,515,441,3
126293,17,555,468,3
126310,17,514,457,3
126327,17,544,439,3
126343,17,517,449,3
126360,17,531,429,3
126376,17,547,456,3
126393,17,523,467,3
126410,17,534,463,3
126426,17,514,445,3
126443,17,552,460,3
126460,17,548,452,3
126476,17,541,444,3
126493,17,519,445,3
126510,17,542,466,3
126526,17,568,459,3
126543,17,513,453,3
126559,17,537,450,3
126576,17,573,434,3
126593,17,572,436,3
126609,17,520,459,3
126626,17,533,461,3
126643,17,516,455,3
126659,17,524,455,3
126676,17,520,460,3
126693,17,518,454,3
126709,17,516,448,3
126726,17,522,449,3
126742,17,428,452,3
126759,17,561,458,3
126776,17,515,434,3
126792,17,512,436,3
126809,17,495,454,3
126826,17,559,456,3
126842,17,560,455,3
126859,17,569,452,3
126876,17,559,465,3
126892,17,495,444,3
126909,17,478,480,3
126925,17,466,501,3
126942,17,472,475,3
126959,17,490,490,3
126975,17,651,731,3
126992,17,481,503,3
127009,17,460,488,3
127025,17,478,488,3
127042,17,440,468,3
127059,17,493,488,3
127075,17,482,490,3
127092,17,442,498,3
127108,17,518,505,3
127125,17,450,523,3
127142,17,464,521,3
127158,17,460,498,3
127175,17,454,502,3
127192,17,434,513,3
127208,17,457,514,3
127225,17,448,507,3
127241,17,460,516,3
127258,17,454,525,3
127275,17,446,515,3
127291,17,452,512,3
127308,17,454,511,3
127325,17,424,471,3
127341,17,517,471,3
127358,17,503,453,3
127375,17,483,447,3
127391,17,511,468,3
127408,17,456,452,3
127424,17,511,435,3
127441,17,495,458,3
127458,17,515,445,3
127474,17,493,448,3
127491,17,456,425,3
127508,17,446,439,3
127524,17,421,449,3
127541,17,426,437,3
127558,17,427,434,3
127574,17,431,423,3
127591,17,446,435,3
127607,17,435,432,3
127624,17,431,424,3
127641,17,433,450,3
127657,17,423,439,3
127674,17,426,432,3
127691,17,428,416,2
127707,17,410,446,3
127724,17,416,441,3
127741,17,407,437,3
127757,17,458,430,3
127774,17,425,450,3
127790,17,435,426,3
127807,17,415,435,3
127824,17,413,461,3
127840,17,417,419,3
127857,17,429,458,3
127874,17,439,442,3
127890,17,420,453,3
127907,17,427,421,3
127924,17,398,432,3
127940,17,419,436,3
127957,17,423,434,3
127973,17,409,449,3
127990,17,450,445,3
128007,17,432,428,3
128023,17,453,423,3
128040,17,474,432,3
128057,17,423,443,3
128073,17,453,442,3
128090,17,437,432,3
128107,17,454,450,3
128123,17,468,430,3
128140,17,439,456,3
128156,17,417,459,3
128173,17,442,434,3
128190,17,443,459,3
128206,17,424,455,3
128223,17,436,439,3
128240,17,454,450,3
128256,17,434,496,3
128273,17,427,441,3
128289,17,447,427,3
128306,17,433,452,3
128323,17,427,454,3
128339,17,429,426,3
128356,17,418,422,3
128373,17,460,412,2
128389,17,430,427,3
128406,17,430,463,3
128423,17,417,430,3
128439,17,410,416,2
128456,17,430,436,3
128472,17,418,424,3
128489,17,442,461,3
128506,17,460,407,2
128522,17,481,426,3
128539,17,490,424,3
128556,17,496,438,3
128572,17,487,403,2
128589,17,477,426,3
128606,17,465,415,2
128622,17,467,409,2
128639,17,477,379,2
128655,17,467,377,2
128672,17,483,369,2
128689,17,484,387,2
128705,17,499,347,4
128722,17,482,380,2
128739,17,465,404,2
128755,17,471,396,2
128772,17,482,415,2
128789,17,472,381,2
128805,17,460,409,2
128822,17,471,387,2
128838,17,473,323,4
128855,17,480,386,2
128872,17,497,335,4
128888,17,474,378,2
128905,17,485,407,2
128922,17,474,394,2
128938,17,468,413,2
128955,17,529,382,2
128972,17,527,337,4
128988,17,519,342,4
129005,17,519,377,2
129021,17,513,346,4
129038,17,531,364,4
129055,17,529,365,2
129071,17,510,374,2
129088,17,554,372,2
129105,17,542,377,2
129121,17,524,372,2
129138,17,513,349,4
129155,17,527,374,2
129171,17,533,348,4
129188,17,527,400,2
129204,17,501,400,2
129221,17,516,385,2
129238,17,509,384,2
129254,17,133,240,0
129271,17,488,410,2
129288,17,508,401,2
129304,17,498,346,4
129321,17,501,374,2
129338,17,494,358,4
129354,17,514,398,2
129371,17,507,370,2
129387,17,511,383,2
129404,17,505,419,5
129421,17,512,444,3
129437,17,512,466,3
129454,17,489,397,2
129471,17,514,354,4
129487,17,518,381,2
129504,17,529,381,2
129520,17,513,408,2
129537,17,509,418,5
129554,17,121,410,0
129570,17,489,384,2
129587,17,508,362,4
129604,17,508,372,2
129620,17,503,378,2
129637,17,523,405,2
129654,17,547,401,2
129670,17,574,391,2
129687,17,554,386,2
129703,17,583,452,3
129720,17,554,387,2
129737,17,577,410,2
129753,17,557,428,3
129770,17,642,523,3
129787,17,561,409,2
129803,17,544,426,3
129820,17,556,404,2
129837,17,547,425,3
129853,17,587,451,3
129870,17,569,439,3
129886,17,560,445,3
129903,17,576,397,2
129920,17,580,464,3
129936,17,587,531,3
129953,17,566,416,2
129970,17,571,562,3
129986,17,564,573,3
130003,17,553,491,3
130020,17,573,540,3
130036,17,580,494,3
130053,17,565,407,2
130069,17,548,435,3
130086,17,522,363,4
130103,17,536,466,3
130119,17,525,471,3
130136,17,512,373,2
130153,17,528,364,4
130169,17,523,392,2
130186,17,524,394,2
130203,17,536,401,2
130219,17,537,404,2
130236,17,567,610,3
130252,17,480,358,4
130269,17,481,373,2
130286,17,490,345,4
130302,17,488,348,4
130319,17,698,482,3
130336,17,475,348,4
130352,17,486,370,2
130369,17,476,333,4
130386,17,499,430,3
130402,17,486,340,4
130419,17,482,384,2
130435,17,479,369,2
130452,17,477,361,4
130469,17,491,349,4
130485,17,476,348,4
130502,17,511,361,4
130519,17,492,344,4
130535,17,494,355,4
130552,17,45,19,0
130568,17,500,360,4
130585,17,504,526,3
130602,17,473,355,4
130618,17,499,547,3
130635,17,495,354,4
130652,17,493,509,3
130668,17,487,346,4
130685,17,482,359,4
130702,17,488,371,2
130718,17,549,329,4
130735,17,587,498,3
130751,17,558,361,4
130768,17,546,385,2
130785,17,597,513,3
130801,17,567,365,2
130818,17,560,336,4
130835,17,542,474,3
130851,17,551,393,2
130868,17,556,395,2
130885,17,627,450,3
130901,17,545,412,2
130918,17,549,417,5
130934,17,543,377,2
130951,17,582,422,3
130968,17,662,469,3
130984,17,594,361,4
131001,17,592,416,2
131018,17,636,386,2
131034,17,612,357,4
131051,17,601,368,2
131068,17,595,404,2
131084,17,611,374,2
131101,17,247,132,0
131117,17,603,407,2
131134,17,610,382,2
131151,17,594,402,2
131167,17,610,442,3
131184,17,639,456,3
131201,17,600,419,3
131217,17,597,404,2
131234,17,602,415,2
131251,17,612,371,2
131267,17,605,390,2
131284,17,622,435,3
131300,17,591,383,2
131317,17,540,436,3
131334,17,547,437,3
131350,17,548,469,3
131367,17,536,436,3
131384,17,549,430,3
131400,17,533,461,3
131417,17,531,441,3
131434,17,524,435,3
131450,17,533,438,3
131467,17,530,443,3
131483,17,535,658,3
131633,150,468,948,0
131650,17,454,731,3
131666,17,434,445,3
131683,17,440,322,4
131700,17,426,325,4
131716,17,418,390,2
131733,17,417,420,3
131750,17,430,409,2
131766,17,425,418,3
131783,17,437,409,2
131799,17,436,506,3
131816,17,430,444,3
131833,17,407,434,3
131849,17,407,430,3
131866,17,420,438,3
131883,17,419,445,3
131899,17,426,408,2
131916,17,427,432,3
131933,17,419,436,3
131949,17,415,435,3
131966,17,382,424,3
131982,17,399,453,3
131999,17,413,438,3
132016,17,406,415,2
132032,17,411,466,3
132049,17,412,462,3
132066,17,421,432,3
132082,17,419,453,3
132099,17,419,433,3
132116,17,416,443,3
132132,17,412,420,3
132149,17,419,404,2
132165,17,416,391,2
132182,17,416,434,3
132199,17,414,423,3
132215,17,429,428,3
132232,17,416,439,3
132249,17,410,419,3
132265,17,431,435,3
132282,17,424,429,3
132299,17,432,429,3
132315,17,425,428,3
132332,17,415,427,3
132348,17,421,461,3
132365,17,427,431,3
132382,17,425,456,3
132398,17,413,425,3
132415,17,424,416,2
132432,17,421,442,3
132448,17,422,413,2
132465,17,428,409,2
132482,17,463,381,2
132498,17,506,401,2
132515,17,491,382,2
132531,17,471,397,2
132548,17,460,393,2
132565,17,510,388,2
132581,17,490,400,2
132598,17,479,408,2
132615,17,474,381,2
132631,17,487,402,2
132648,17,485,403,2
132665,17,467,421,3
132681,17,486,376,2
132698,17,479,398,2
132714,17,463,365,2
132731,17,442,376,2
132748,17,449,399,2
132764,17,455,353,4
132781,17,451,379,2
132798,17,455,364,4
132814,17,465,388,2
132831,17,452,380,2
132848,17,453,364,4
132864,17,487,369,2
132881,17,467,366,2
132897,17,466,344,4
132914,17,470,363,4
132931,17,472,365,2
132947,17,495,369,2
132964,17,478,367,2
132981,17,482,385,2
132997,17,497,389,2
133014,17,473,374,2
133030,17,470,366,2
133047,17,464,378,2
133064,17,491,351,4
133080,17,477,374,2
133097,17,453,373,2
133114,17,479,387,2
133130,17,490,359,4
133147,17,486,337,4
133164,17,479,377,2
133180,17,467,393,2
133197,17,496,387,2
133213,17,480,379,2
133230,17,485,366,2
133247,17,489,377,2
133263,17,491,412,2
133280,17,519,383,2
133297,17,525,387,2
133313,17,532,367,2
133330,17,526,406,2
133347,17,555,401,2
133363,17,521,402,2
133380,17,538,382,2
133396,17,514,387,2
133413,17,513,399,2
133430,17,531,388,2
133446,17,522,422,3
133463,17,527,402,2
133480,17,519,444,3
133496,17,539,427,3
133513,17,527,429,3
133530,17,534,441,3
133546,17,549,453,3
133563,17,540,498,3
133579,17,537,478,3
133596,17,524,476,3
133613,17,531,452,3
133629,17,538,472,3
133646,17,534,458,3
133663,17,561,430,3
133679,17,565,469,3
133696,17,578,474,3
133713,17,545,468,3
133729,17,562,451,3
133746,17,547,474,3
133762,17,544,520,3
133779,17,516,529,3
133796,17,529,539,3
133812,17,535,524,3
133829,17,501,531,3
133846,17,535,552,3
133862,17,529,563,3
133879,17,543,553,3
133896,17,558,559,3
133912,17,541,535,3
133929,17,535,538,3
133945,17,543,545,3
133962,17,540,538,3
133979,17,539,548,3
133995,17,506,544,3
134012,17,560,532,3
134029,17,531,544,3
134045,17,535,555,3
134062,17,525,556,3
134078,17,432,533,3
134095,17,414,510,3
134128,33,399,493,3
134145,17,411,537,3
134162,17,398,546,3
134178,17,409,502,3
134195,17,398,514,3
134212,17,412,520,3
134228,17,412,504,3
134245,17,411,526,3
134261,17,418,539,3
134278,17,417,531,3
134295,17,407,530,3
134311,17,420,524,3
134328,17,402,514,3
134345,17,409,551,3
134361,17,416,516,3
134378,17,403,527,3
134395,17,408,520,3
134411,17,407,541,3
134428,17,397,521,3
134444,17,405,526,3
134461,17,410,529,3
134478,17,413,526,3
134494,17,414,508,3
134511,17,419,521,3
134528,17,405,547,3
134544,17,419,521,3
134561,17,470,500,3
134578,17,479,468,3
134594,17,481,453,3
134611,17,457,458,3
134627,17,477,464,3
134644,17,471,449,3
134661,17,463,453,3
134677,17,475,463,3
134694,17,455,447,3
134711,17,483,470,3
134727,17,479,489,3
134744,17,467,458,3
134761,17,470,463,3
134777,17,455,394,2
134794,17,445,381,2
134810,17,455,391,2
134827,17,465,418,3
134844,17,459,405,2
134860,17,466,396,2
134877,17,457,385,2
134894,17,466,427,3
134910,17,471,364,4
134927,17,476,404,2
134944,17,454,379,2
134960,17,452,369,2
134977,17,458,406,2
134993,17,444,410,2
135010,17,440,361,4
135027,17,668,495,3
135043,17,458,387,2
135060,17,461,416,2
135077,17,476,385,2
135093,17,490,359,4
135110,17,480,338,4
135127,17,495,379,2
135143,17,478,379,2
135160,17,455,376,2
135176,17,481,343,4
135193,17,491,375,2
135210,17,476,366,2
135226,17,452,358,4
135243,17,484,385,2
135260,17,493,374,2
135276,17,490,402,2
135293,17,477,385,2
135309,17,517,374,2
135326,17,467,389,2
135343,17,485,385,2
135359,17,476,387,2
135376,17,511,381,2
135393,17,434,414,2
135409,17,444,419,3
135426,17,429,394,2
135443,17,446,417,2
135459,17,451,407,2
135476,17,427,407,2
135492,17,422,419,3
135509,17,433,413,2
135526,17,442,405,2
135542,17,440,443,3
135559,17,430,425,3
135576,17,454,426,3
135592,17,444,459,3
135609,17,448,460,3
135626,17,414,459,3
135642,17,414,430,3
135659,17,471,889,0
135792,133,453,812,0
135809,17,438,591,3
135825,17,434,459,3
135842,17,409,373,2
135858,17,421,465,3
135875,17,452,459,3
135892,17,423,480,3
135908,17,404,439,3
135925,17,425,432,3
135942,17,422,441,3
135958,17,424,458,3
135975,17,420,431,3
135992,17,404,442,3
136008,17,483,447,3
136025,17,426,459,3
136041,17,428,424,3
136058,17,420,433,3
136075,17,417,444,3
136091,17,438,433,3
136108,17,418,458,3
136125,17,433,463,3
136141,17,424,460,3
136158,17,412,432,3
136175,17,413,476,3
136191,17,432,457,3
136208,17,420,423,3
136224,17,443,490,3
136241,17,456,446,3
136258,17,401,469,3
136274,17,429,458,3
136291,17,428,457,3
136308,17,410,470,3
136324,17,435,458,3
136341,17,432,476,3
136357,17,441,460,3
136374,17,428,486,3
136391,17,437,475,3
136407,17,432,477,3
136424,17,405,462,3
136441,17,432,450,3
136457,17,409,418,3
136474,17,417,449,3
136491,17,413,446,3
136507,17,448,419,3
136524,17,442,464,3
136540,17,456,410,2
136557,17,482,436,3
136574,17,499,428,3
136590,17,499,400,2
136607,17,501,418,5
136624,17,486,430,3
136640,17,494,406,2
136657,17,469,416,2
136674,17,507,425,3
136690,17,494,383,2
136707,17,510,403,2
136723,17,481,392,2
136740,17,482,422,3
136757,17,482,398,2
136773,17,477,410,2
136790,17,475,364,4
136807,17,538,391,2
136823,17,478,385,2
136840,17,494,380,2
136857,17,517,368,2
136873,17,512,404,2
136890,17,509,396,2
136906,17,479,390,2
136923,17,484,391,2
136940,17,512,392,2
136956,17,497,417,5
136973,17,510,388,2
136990,17,517,409,2
137006,17,520,470,3
137023,17,520,469,3
137040,17,527,466,3
137056,17,536,456,3
137073,17,511,465,3
137089,17,549,469,3
137106,17,525,481,3
137123,17,521,481,3
137139,17,525,461,3
137156,17,525,479,3
137173,17,519,476,3
137189,17,522,454,3
137206,17,576,495,3
137223,17,561,516,3
137239,17,517,486,3
137256,17,563,527,3
137272,17,570,496,3
137289,17,544,473,3
137306,17,532,499,3
137322,17,532,517,3
137339,17,519,479,3
137356,17,527,518,3
137372,17,534,500,3
137389,17,544,531,3
137406,17,547,477,3
137422,17,526,431,3
137439,17,523,445,3
137455,17,527,451,3
137472,17,546,457,3
137489,17,536,459,3
137505,17,523,474,3
137522,17,521,495,3
137539,17,458,509,3
137555,17,419,515,3
137572,17,449,546,3
137588,17,466,497,3
137605,17,410,487,3
137622,17,443,506,3
137638,17,447,505,3
137655,17,459,519,3
137672,17,436,527,3
137688,17,428,510,3
137705,17,439,520,3
137722,17,437,569,3
137738,17,419,559,3
137755,17,460,579,3
137771,17,434,529,3
137788,17,454,558,3
137805,17,425,542,3
137821,17,457,585,3
137838,17,428,542,3
137855,17,437,566,3
137871,17,461,538,3
137888,17,409,494,3
137905,17,422,554,3
137921,17,406,526,3
137938,17,429,532,3
137954,17,402,519,3
137971,17,510,496,3
137988,17,493,471,3
138004,17,541,511,3
138021,17,541,493,3
138038,17,547,523,3
138054,17,536,510,3
138071,17,542,482,3
138088,17,545,496,3
138104,17,556,518,3
138121,17,552,502,3
138137,17,554,499,3
138154,17,552,505,3
138171,17,546,476,3
138187,17,536,478,3
138204,17,531,477,3
138221,17,558,507,3
138237,17,520,505,3
138254,17,574,479,3
138271,17,513,518,3
138287,17,535,501,3
138304,17,533,526,3
138320,17,525,502,3
138337,17,519,494,3
138354,17,534,469,3
138370,17,527,501,3
138387,17,518,511,3
138404,17,536,467,3
138420,17,892,477,3
138437,17,573,525,3
138454,17,530,547,3
138470,17,575,521,3
138487,17,631,532,3
138503,17,605,533,3
138520,17,584,530,3
138537,17,580,532,3
138553,17,600,494,3
138570,17,613,515,3
138587,17,584,536,3
138603,17,614,523,3
138620,17,620,540,3
138636,17,596,553,3
138653,17,609,591,3
138670,17,608,598,3
138686,17,626,597,3
138703,17,621,514,3
138720,17,615,530,3
138736,17,630,545,3
138753,17,602,609,3
138770,17,665,525,3
138786,17,590,634,3
138803,17,623,553,3
138819,17,618,521,3
138836,17,623,522,3
138853,17,633,582,3
138869,17,608,493,3
138886,17,596,495,3
138903,17,567,506,3
138919,17,515,518,3
138936,17,510,484,3
138953,17,499,481,3
138969,17,502,482,3
138986,17,500,443,3
139002,17,490,476,3
139019,17,489,478,3
139036,17,505,471,3
139052,17,502,498,3
139069,17,500,487,3
139086,17,508,490,3
139102,17,515,450,3
139119,17,722,579,3
139136,17,483,448,3
139152,17,502,467,3
139169,17,495,470,3
139185,17,495,463,3
139202,17,498,487,3
139219,17,504,420,5
139235,17,13,479,3
139252,17,485,464,3
139269,17,456,439,3
139285,17,464,465,3
139302,17,473,484,3
139319,17,464,463,3
139335,17,458,460,3
139352,17,442,454,3
139368,17,450,435,3
139385,17,432,515,3
139402,17,444,513,3
139418,17,455,489,3
139435,17,443,470,3
139452,17,423,449,3
139468,17,427,410,2
139485,17,439,422,3
139502,17,431,441,3
139518,17,437,414,2
139535,17,437,422,3
139551,17,446,416,2
139568,17,432,408,2
139585,17,457,436,3
139601,17,431,438,3
139618,17,457,434,3
139635,17,409,392,2
139651,17,404,393,2
139668,17,436,136,1
139685,17,400,424,3
139701,17,434,436,3
139718,17,755,557,3
139734,17,395,374,2
139751,17,396,402,2
139768,17,416,433,3
139784,17,678,621,3
139801,17,448,435,3
139818,17,719,706,3
139834,17,416,432,3
139851,17,400,420,3
139867,17,440,423,3
139884,17,444,468,3
139901,17,442,459,3
139917,17,428,427,3
139934,17,410,434,3
139967,33,452,452,3
139984,17,396,446,3
140034,50,451,456,3
140050,17,406,400,2
140067,17,440,446,3
140084,17,404,384,2
140100,17,425,415,2
140117,17,461,398,2
140134,17,415,389,2
140150,17,443,459,3
140167,17,682,719,3
140200,33,759,696,3
140217,17,728,605,3
140250,33,452,433,3
140267,17,791,598,3
140283,17,149,209,0
140317,33,724,559,3
140333,17,785,599,3
140350,17,430,384,2
140367,17,455,395,2
140383,17,452,387,2
140400,17,269,380,2
140416,17,440,453,3
140433,17,440,461,3
140450,17,743,463,3
140466,17,888,316,0
140483,17,425,431,3
140500,17,418,427,3
140533,33,145,564,3
140550,17,458,352,4
140566,17,468,373,2
140583,17,428,368,2
140599,17,424,405,2
140616,17,434,380,2
140633,17,500,369,2
140649,17,493,381,2
140666,17,489,391,2
140683,17,496,399,2
140699,17,489,381,2
140716,17,498,402,2
140733,17,486,413,2
140749,17,484,392,2
140766,17,492,391,2
140782,17,512,356,4
140799,17,794,263,0
140816,17,877,370,0
140832,17,443,374,2
140849,17,452,341,4
140866,17,481,369,2
140882,17,485,393,2
140899,17,479,372,2
140916,17,499,371,2
140932,17,495,374,2
140949,17,506,379,2
140965,17,492,370,2
140982,17,498,403,2
141015,33,502,401,2
141032,17,499,423,3
141049,17,521,431,3
141065,17,563,372,2
141082,17,563,381,2
141098,17,534,412,2
141115,17,536,379,2
141132,17,482,396,2
141148,17,513,419,5
141165,17,535,402,2
141182,17,507,360,4
141198,17,538,403,2
141215,17,523,392,2
141232,17,507,395,2
141248,17,521,414,2
141265,17,551,412,2
141281,17,579,473,3
141298,17,576,487,3
141315,17,536,481,3
141331,17,537,506,3
141348,17,555,496,3
141365,17,548,482,3
141381,17,587,504,3
141398,17,852,469,3
141415,17,581,482,3
141431,17,568,468,3
141448,17,582,478,3
141464,17,922,705,3
141481,17,573,471,3
141498,17,576,478,3
141514,17,550,482,3
141531,17,564,482,3
141548,17,557,482,3
141564,17,552,485,3
141581,17,704,447,3
141598,17,557,484,3
141614,17,549,412,2
141631,17,533,416,2
141647,17,494,429,3
141664,17,535,461,3
141681,17,531,439,3
141697,17,490,439,3
141714,17,522,456,3
141731,17,516,455,3
141747,17,525,497,3
141764,17,779,289,0
141781,17,511,481,3
141797,17,555,502,3
141814,17,531,474,3
141830,17,564,470,3
141847,17,505,484,3
141864,17,509,486,3
141880,17,513,497,3
141897,17,548,457,3
141914,17,534,451,3
141930,17,507,467,3
141947,17,511,454,3
141964,17,531,454,3
141980,17,523,445,3
141997,17,564,458,3
142013,17,522,442,3
142030,17,508,435,3
142047,17,522,445,3
142063,17,514,445,3
142080,17,503,415,2
142097,17,505,426,3
142113,17,502,465,3
142130,17,500,417,5
142146,17,537,440,3
142163,17,530,417,5
142180,17,547,447,3
142196,17,537,408,2
142213,17,544,403,2
142230,17,533,440,3
142246,17,513,396,2
142263,17,536,416,2
142280,17,543,392,2
142296,17,522,396,2
142313,17,531,387,2
142329,17,510,400,2
142346,17,549,381,2
142363,17,536,356,4
142379,17,510,351,4
142396,17,515,343,4
142413,17,502,358,4
142429,17,525,324,4
142446,17,524,326,4
142463,17,501,312,4
142479,17,519,344,4
142496,17,482,331,4
142512,17,529,293,4
142529,17,443,303,4
142546,17,479,298,4
142562,17,522,343,4
142579,17,528,342,4
142596,17,507,323,4
142612,17,504,335,4
142629,17,521,325,4
142646,17,526,326,4
142662,17,528,317,4
142679,17,522,300,4
142695,17,783,493,3
142712,17,522,303,4
142729,17,505,344,4
142745,17,524,310,4
142762,17,512,327,4
142779,17,524,324,4
142795,17,511,323,4
142812,17,517,344,4
142829,17,531,330,4
142845,17,504,360,4
142862,17,530,391,2
142878,17,518,342,4
142895,17,533,360,4
142912,17,517,365,2
142928,17,534,358,4
142945,17,528,371,2
142962,17,513,362,4
142978,17,512,363,4
142995,17,548,328,4
143012,17,506,358,4
143028,17,527,339,4
143045,17,527,346,4
143061,17,539,367,2
143078,17,514,328,4
143095,17,535,289,4
143111,17,491,311,4
143128,17,456,309,4
143145,17,440,301,4
143161,17,552,402,2
143261,100,503,439,3
143278,17,481,639,3
143294,17,487,447,3
143311,17,500,424,3
143328,17,477,406,2
143344,17,516,397,2
143361,17,492,380,2
143377,17,522,421,5
143394,17,495,405,2
143411,17,503,358,4
143427,17,652,567,3
143444,17,475,427,3
143461,17,501,405,2
143477,17,503,416,2
143494,17,463,379,2
143511,17,501,417,5
143527,17,502,389,2
143544,17,474,401,2
143560,17,524,426,3
143577,17,509,386,2
143594,17,480,388,2
143610,17,503,419,5
143627,17,431,434,3
143644,17,437,415,2
143660,17,436,435,3
143677,17,461,414,2
143694,17,415,417,2
143710,17,423,408,2
143727,17,450,440,3
143743,17,418,382,2
143760,17,455,408,2
143777,17,443,432,3
143793,17,447,453,3
143810,17,427,383,2
143827,17,419,428,3
143843,17,440,418,3
143860,17,423,419,3
143877,17,414,402,2
143893,17,406,442,3
143910,17,427,415,2
143926,17,410,428,3
143943,17,413,414,2
143960,17,424,417,2
143976,17,404,424,3
143993,17,420,391,2
144010,17,430,423,3
144026,17,412,395,2
144043,17,421,436,3
144060,17,408,380,2
144076,17,424,404,2
144093,17,423,378,2
144109,17,434,372,2
144126,17,445,384,2
144143,17,440,393,2
144159,17,424,380,2
144176,17,430,367,2
144193,17,431,397,2
144209,17,437,371,2
144226,17,435,396,2
144243,17,429,442,3
144259,17,425,473,3
144276,17,452,412,2
144292,17,449,459,3
144309,17,416,443,3
144326,17,416,473,3
144342,17,420,455,3
144359,17,432,486,3
144376,17,429,445,3
144392,17,435,439,3
144409,17,433,443,3
144425,17,415,300,0
144442,17,416,450,3
144459,17,442,441,3
144475,17,437,408,2
144492,17,436,445,3
144509,17,429,410,2
144525,17,437,446,3
144542,17,436,389,2
144559,17,435,376,2
144575,17,444,427,3
144592,17,434,443,3
144608,17,445,404,2
144625,17,430,468,3
144642,17,437,492,3
144658,17,443,489,3
144675,17,444,459,3
144692,17,443,386,2
144708,17,440,380,2
144725,17,449,422,3
144742,17,436,413,2
144758,17,451,440,3
144775,17,450,426,3
144791,17,441,447,3
144808,17,440,495,3
144825,17,429,432,3
144841,17,433,405,2
144858,17,319,312,0
144875,17,240,338,0
144891,17,251,333,0
144908,17,249,524,3
144925,17,253,499,3
144941,17,417,353,4
144958,17,683,397,2
144974,17,230,474,3
144991,17,238,521,3
145008,17,363,356,0
145024,17,223,479,3
145041,17,258,471,3
145058,17,243,340,0
145074,17,260,473,3
145091,17,262,408,2
145108,17,258,403,2
145124,17,264,404,2
145141,17,231,310,0
145157,17,223,293,0
145174,17,247,301,0
145191,17,248,303,0
145207,17,257,429,3
145224,17,272,329,0
145241,17,237,357,0
145257,17,226,400,2
145274,17,236,365,2
145291,17,252,308,0
145307,17,309,410,2
145324,17,278,379,2
145340,17,271,384,2
145357,17,295,384,2
145374,17,302,335,0
145390,17,284,389,2
145407,17,307,407,2
145424,17,303,373,2
145440,17,273,333,0
145457,17,264,376,2
145474,17,286,409,2
145490,17,289,273,0
145507,17,294,397,2
145523,17,310,392,2
145540,17,267,381,2
145557,17,263,402,2
145573,17,269,390,2
145590,17,294,292,0
145607,17,279,412,2
145623,17,304,393,2
145640,17,284,367,2
145656,17,286,408,2
145673,17,294,384,2
145690,17,306,379,2
145706,17,308,408,2
145723,17,310,330,0
145740,17,258,333,0
145756,17,281,387,2
145773,17,282,322,0
145790,17,279,381,2
145806,17,300,384,2
145823,17,304,359,0
145839,17,303,393,2
145856,17,271,368,2
145873,17,297,407,2
145889,17,378,392,2
145906,17,454,432,3
145923,17,466,339,4
145939,17,471,445,3
145956,17,475,432,3
145973,17,464,442,3
145989,17,479,373,2
146006,17,461,395,2
146022,17,481,420,3
146039,17,482,393,2
146056,17,469,427,3
146072,17,483,453,3
146089,17,724,390,2
146106,17,467,416,2
146122,17,471,391,2
146139,17,449,420,3
146156,17,461,429,3
146172,17,478,450,3
146189,17,463,403,2
146205,17,480,421,3
146222,17,486,410,2
146239,17,481,375,2
146255,17,486,412,2
146272,17,472,384,2
146289,17,465,359,4
146305,17,503,378,2
146322,17,484,398,2
146339,17,475,392,2
146355,17,464,381,2
146372,17,475,358,4
146388,17,469,411,2
146405,17,485,370,2
146422,17,474,369,2
146438,17,475,377,2
146455,17,485,394,2
146472,17,488,402,2
146488,17,484,424,3
146505,17,461,404,2
146522,17,478,390,2
146538,17,471,417,2
146555,17,513,413,2
146571,17,511,397,2
146588,17,521,390,2
146605,17,511,384,2
146621,17,520,382,2
146638,17,505,366,2
146655,17,522,354,4
146671,17,521,398,2
146688,17,528,398,2
146704,17,540,434,3
146721,17,518,381,2
146738,17,527,388,2
146754,17,523,437,3
146771,17,513,386,2
146788,17,507,373,2
146804,17,514,362,4
146821,17,533,360,4
146838,17,530,360,4
146854,17,505,367,2
146871,17,541,370,2
146887,17,549,528,3
147004,116,506,832,0
147021,17,527,502,3
147037,17,489,394,2
147054,17,471,358,4
147070,17,472,350,4
147087,17,449,404,2
147104,17,468,404,2
147120,17,440,377,2
147137,17,470,383,2
147154,17,460,381,2
147170,17,487,399,2
147187,17,493,380,2
147204,17,468,416,2
147220,17,502,384,2
147237,17,489,419,5
147253,17,481,434,3
147270,17,667,611,3
147287,17,465,394,2
147303,17,487,410,2
147320,17,491,436,3
147337,17,494,445,3
147353,17,503,457,3
147370,17,502,522,3
147387,17,525,519,3
147403,17,522,506,3
147420,17,507,498,3
147436,17,502,514,3
147453,17,521,516,3
147470,17,502,529,3
147486,17,504,465,3
147503,17,125,450,3
147520,17,486,485,3
147536,17,183,441,3
147553,17,500,471,3
147570,17,488,470,3
147586,17,447,451,3
147603,17,454,444,3
147619,17,455,480,3
147636,17,458,491,3
147653,17,435,465,3
147669,17,451,491,3
147686,17,33,391,0
147703,17,430,459,3
147719,17,435,481,3
147736,17,444,426,3
147753,17,444,454,3
147769,17,445,460,3
147786,17,452,504,3
147802,17,441,480,3
147819,17,470,460,3
147836,17,9,488,3
147852,17,394,60,0
147869,17,400,486,3
147886,17,430,457,3
147902,17,423,483,3
147919,17,436,465,3
147935,17,399,472,3
147952,17,418,485,3
147969,17,422,488,3
147985,17,424,472,3
148002,17,433,490,3
148019,17,433,488,3
148035,17,400,470,3
148052,17,428,449,3
148069,17,422,463,3
148085,17,429,458,3
148102,17,415,449,3
148118,17,401,458,3
148135,17,414,458,3
148152,17,399,448,3
148168,17,423,416,2
148185,17,420,414,2
148202,17,418,411,2
148218,17,415,420,3
148235,17,427,407,2
148252,17,434,406,2
148268,17,406,416,2
148285,17,395,396,2
148301,17,396,367,2
148318,17,405,373,2
148335,17,397,406,2
148351,17,413,417,2
148368,17,409,420,3
148385,17,403,371,2
148401,17,407,379,2
148418,17,413,385,2
148435,17,415,412,2
148451,17,416,454,3
148468,17,419,406,2
148484,17,424,436,3
148501,17,416,426,3
148518,17,420,402,2
148534,17,422,409,2
148551,17,421,396,2
148568,17,414,395,2
148584,17,426,408,2
148601,17,419,415,2
148618,17,414,428,3
148634,17,412,419,3
148651,17,416,382,2
148667,17,455,380,2
148684,17,472,354,4
148701,17,494,351,4
148717,17,475,356,4
148734,17,495,346,4
148751,17,716,397,2
148767,17,501,342,4
148784,17,497,346,4
148801,17,492,353,4
148817,17,483,355,4
148834,17,494,345,4
148850,17,498,373,2
148867,17,502,358,4
148884,17,492,397,2
148900,17,486,365,2
148917,17,491,340,4
148934,17,485,352,4
148950,17,502,369,2
148967,17,504,373,2
148983,17,507,356,4
149000,17,511,392,2
149017,17,504,365,2
149033,17,508,366,2
149050,17,505,372,2
149067,17,509,348,4
149083,17,532,363,4
149100,17,543,373,2
149117,17,535,373,2
149133,17,549,369,2
149150,17,523,363,4
149166,17,770,380,2
149183,17,530,360,4
149200,17,521,362,4
149216,17,534,381,2
149233,17,535,328,4
149250,17,509,346,4
149266,17,538,362,4
149283,17,535,361,4
149300,17,549,359,4
149316,17,535,362,4
149333,17,529,329,4
149349,17,537,326,4
149366,17,533,370,2
149383,17,535,375,2
149399,17,527,344,4
149416,17,565,405,2
149433,17,628,336,0
149449,17,665,355,0
149466,17,635,342,0
149483,17,636,362,0
149499,17,620,351,0
149516,17,627,369,2
149532,17,648,332,0
149549,17,644,399,2
149566,17,643,384,2
149582,17,644,384,2
149599,17,653,402,2
149616,17,640,410,2
149632,17,650,389,2
149649,17,634,390,2
149666,17,635,390,2
149682,17,654,391,2
149699,17,617,354,0
149715,17,640,425,3
149732,17,632,352,0
149749,17,644,406,2
149765,17,634,389,2
149782,17,637,369,2
149799,17,654,352,0
149815,17,648,408,2
149832,17,650,392,2
149849,17,619,367,2
149865,17,655,365,2
149882,17,655,393,2
149898,17,643,384,2
149915,17,620,390,2
149932,17,613,382,2
149948,17,613,364,0
149965,17,648,393,2
149982,17,654,367,2
149998,17,615,373,2
150015,17,613,387,2
150032,17,629,383,2
150048,17,637,406,2
150065,17,644,367,2
150081,17,621,391,2
150098,17,619,364,0
150115,17,625,345,0
150131,17,623,355,0
150148,17,636,344,0
150165,17,618,366,2
150181,17,627,375,2
150198,17,641,355,0
150214,17,655,372,2
150231,17,597,387,2
150248,17,611,354,4
150264,17,632,380,2
150281,17,600,392,2
150298,17,599,364,4
150314,17,583,396,2
150331,17,541,391,2
150348,17,561,371,2
150364,17,580,377,2
150381,17,553,390,2
150397,17,539,373,2
150414,17,545,368,2
150431,17,551,364,4
150447,17,533,350,4
150464,17,561,397,2
150481,17,536,383,2
150497,17,543,349,4
150514,17,549,357,4
150531,17,549,390,2
150547,17,547,367,2
150564,17,546,357,4
150580,17,546,359,4
150597,17,497,361,4
150614,17,481,417,2
150630,17,477,366,2
150647,17,476,363,4
150664,17,486,371,2
150680,17,475,379,2
150697,17,463,411,2
150714,17,473,412,2
150730,17,484,409,2
150747,17,461,384,2
150763,17,471,403,2
150780,17,484,380,2
150797,17,470,384,2
150813,17,486,398,2
150830,17,493,396,2
150847,17,473,393,2
150863,17,474,395,2
150880,17,486,402,2
150897,17,471,415,2
150913,17,495,417,5
150930,17,495,386,2
150946,17,489,405,2
150963,17,492,414,2
150980,17,491,444,3
150996,17,494,493,3
151013,17,507,377,2
151030,17,475,461,3
151046,17,486,439,3
151063,17,386,548,3
151080,17,392,550,3
151096,17,468,428,3
151113,17,426,530,3
151129,17,392,507,3
151146,17,730,385,2
151163,17,381,479,3
151179,17,805,486,3
151196,17,766,415,2
151213,17,744,399,2
151229,17,767,380,2
151246,17,585,420,3
151263,17,312,674,3
151279,17,378,502,3
151296,17,428,495,3
151312,17,382,497,3
151329,17,404,485,3
151346,17,405,514,3
151362,17,408,490,3
151379,17,384,515,3
151396,17,388,472,3
151412,17,385,512,3
151429,17,396,506,3
151445,17,403,489,3
151462,17,394,504,3
151479,17,401,498,3
151495,17,413,495,3
151512,17,431,403,2
151529,17,437,392,2
151545,17,422,380,2
151562,17,449,356,4
151579,17,437,391,2
151595,17,453,392,2
151612,17,436,387,2
151628,17,441,424,3
151645,17,427,384,2
151662,17,430,399,2
151678,17,424,409,2
151695,17,442,422,3
151712,17,414,386,2
151728,17,425,420,3
151745,17,427,419,3
151762,17,430,393,2
151778,17,426,426,3
151795,17,447,414,2
151811,17,423,398,2
151828,17,424,375,2
151845,17,414,399,2
151861,17,424,406,2
151878,17,450,392,2
151895,17,435,375,2
151911,17,438,402,2
151928,17,438,380,2
151945,17,426,435,3
151961,17,436,395,2
151978,17,455,415,2
151994,17,415,408,2
152011,17,434,390,2
152028,17,408,392,2
152044,17,399,386,2
152061,17,419,388,2
152078,17,417,400,2
152094,17,411,425,3
152111,17,414,395,2
152128,17,429,386,2
152144,17,433,373,2
152161,17,407,386,2
152177,17,425,432,3
152194,17,395,419,3
152211,17,428,406,2
152227,17,425,410,2
152244,17,418,317,4
152261,17,419,398,2
152277,17,419,395,2
152294,17,417,392,2
152311,17,412,367,2
152327,17,415,382,2
152344,17,435,393,2
152360,17,410,408,2
152377,17,407,381,2
152394,17,413,363,0
152410,17,420,389,2
152427,17,426,391,2
152444,17,423,398,2
152460,17,418,369,2
152477,17,423,406,2
152493,17,428,397,2
152510,17,414,379,2
152527,17,420,391,2
152543,17,411,422,3
152560,17,423,406,2
152577,17,419,401,2
152593,17,423,413,2
152610,17,415,370,2
152627,17,446,415,2
152643,17,429,424,3
152660,17,425,409,2
152676,17,425,427,3
152693,17,428,408,2
152710,17,435,419,3
152726,17,492,408,2
152743,17,544,397,2
152760,17,557,402,2
152776,17,555,414,2
152793,17,559,415,2
152810,17,573,392,2
152826,17,572,423,3
152843,17,551,414,2
152859,17,565,424,3
152876,17,565,440,3
152893,17,568,434,3
152909,17,561,431,3
152926,17,564,426,3
152943,17,567,420,5
152959,17,576,437,3
152976,17,563,474,3
152993,17,615,495,3
153009,17,686,505,3
153026,17,708,529,3
153042,17,738,559,3
153059,17,727,536,3
153076,17,724,550,3
153092,17,725,554,3
153109,17,749,560,3
153126,17,754,572,3
153142,17,730,541,3
153159,17,740,586,3
153176,17,752,569,3
153192,17,734,564,3
153209,17,755,566,3
153225,17,742,575,3
153242,17,736,573,3
153259,17,756,584,3
153275,17,756,558,3
153292,17,760,541,3
153309,17,752,569,3
153325,17,751,547,3
153342,17,773,579,3
153359,17,735,587,3
153375,17,802,617,3
153392,17,811,762,3
153408,17,806,831,0
153425,17,811,810,0
153442,17,807,807,0
153458,17,816,819,0
153475,17,822,833,0
153492,17,850,758,3
153508,17,823,820,0
153525,17,810,823,0
153542,17,817,828,0
153558,17,826,808,0
153575,17,739,872,0
153591,17,714,889,0
153608,17,711,875,0
153625,17,701,867,0
153641,17,702,875,0
153658,17,714,875,0
153675,17,702,875,0
153691,17,718,897,0
153708,17,711,868,0
153724,17,737,865,0
153741,17,720,924,0
153758,17,702,847,0
153774,17,590,864,0
153791,17,515,854,0
153808,17,467,860,0
153824,17,487,866,0
153841,17,481,852,0
153858,17,480,883,0
153874,17,472,879,0
153891,17,461,880,0
153907,17,486,898,0
153924,17,467,879,0
154057,133,527,838,0
154074,17,526,767,0
154090,17,543,722,3
154107,17,532,738,3
154124,17,529,715,3
154140,17,535,730,3
154157,17,533,722,3
154174,17,529,735,3
154190,17,541,729,3
154207,17,527,821,0
154224,17,497,742,3
154240,17,499,605,3
154257,17,494,558,3
154273,17,484,514,3
154290,17,508,504,3
154307,17,487,465,3
154323,17,477,474,3
154340,17,482,472,3
154357,17,489,486,3
154373,17,495,473,3
154390,17,474,435,3
154407,17,487,470,3
154423,17,483,443,3
154440,17,486,448,3
154456,17,475,446,3
154473,17,485,470,3
154490,17,478,429,3
154506,17,479,414,2
154523,17,481,446,3
154540,17,471,396,2
154556,17,486,404,2
154573,17,474,358,4
154590,17,471,394,2
154606,17,493,376,2
154623,17,486,384,2
154639,17,461,395,2
154656,17,464,402,2
154673,17,453,394,2
154689,17,466,380,2
154706,17,477,388,2
154723,17,474,381,2
154739,17,486,385,2
154756,17,483,407,2
154772,17,492,379,2
154789,17,477,412,2
154806,17,476,391,2
154822,17,480,398,2
154839,17,481,389,2
154856,17,486,386,2
154872,17,484,445,3
154889,17,479,447,3
154906,17,359,508,3
154922,17,302,375,2
154939,17,254,509,3
154955,17,282,533,3
154972,17,245,515,3
154989,17,226,502,3
155005,17,283,567,3
155022,17,268,541,3
155039,17,291,549,3
155055,17,259,568,3
155072,17,271,520,3
155089,17,276,533,3
155105,17,259,480,3
155122,17,287,548,3
155138,17,270,568,3
155155,17,286,564,3
155172,17,292,553,3
155188,17,247,607,3
155205,17,273,606,3
155222,17,190,343,0
155238,17,242,488,3
155255,17,231,580,3
155272,17,226,379,2
155288,17,218,571,3
155305,17,267,643,3
155321,17,237,598,3
155338,17,220,387,2
155355,17,554,343,4
155371,17,234,399,2
155388,17,202,445,3
155521,133,337,769,0
155538,17,449,514,3
155554,17,340,465,3
155571,17,336,442,3
155588,17,454,426,3
155604,17,315,528,3
155621,17,325,484,3
155638,17,339,518,3
155654,17,431,495,3
155671,17,483,455,3
155687,17,497,431,3
155704,17,486,479,3
155721,17,445,474,3
155737,17,454,511,3
155754,17,555,713,3
155771,17,462,482,3
155787,17,617,519,3
155804,17,464,632,3
155821,17,543,676,3
155837,17,473,465,3
155870,33,475,484,3
155870,0,475,484,3
155887,17,459,586,3
155904,17,458,503,3
155920,17,495,445,3
155937,17,471,660,3
155954,17,464,482,3
155970,17,454,466,3
155987,17,486,481,3
156003,17,472,618,3
156020,17,22,260,0
156037,17,446,467,3
156053,17,456,506,3
156070,17,467,495,3
156087,17,460,652,3
156103,17,448,493,3
156120,17,423,488,3
156137,17,412,488,3
156153,17,396,489,3
156170,17,427,674,3
156186,17,424,668,3
156203,17,406,492,3
156220,17,420,567,3
156236,17,406,497,3
156253,17,389,641,3
156270,17,396,490,3
156286,17,410,608,3
156303,17,394,522,3
156320,17,448,606,3
156336,17,437,640,3
156369,33,401,543,3
156386,17,420,559,3
156403,17,401,542,3
156419,17,413,490,3
156436,17,397,507,3
156453,17,416,491,3
156469,17,404,422,3
156486,17,389,421,3
156503,17,419,451,3
156519,17,397,435,3
156536,17,399,443,3
156552,17,395,413,2
156569,17,404,398,2
156586,17,383,443,3
156602,17,419,373,2
156619,17,406,424,3
156636,17,402,445,3
156652,17,412,405,2
156669,17,402,439,3
156686,17,399,443,3
156702,17,415,454,3
156719,17,426,377,2
156735,17,441,378,2
156752,17,443,418,3
156769,17,457,352,4
156785,17,456,405,2
156802,17,450,418,3
156819,17,440,391,2
156835,17,454,356,4
156852,17,458,395,2
156869,17,464,374,2
156885,17,434,387,2
156902,17,453,405,2
156918,17,457,342,4
156935,17,457,375,2
156952,17,456,380,2
156968,17,449,432,3
156985,17,452,373,2
157002,17,501,380,2
157018,17,509,339,4
157035,17,519,358,4
157051,17,527,365,2
157068,17,523,357,4
157085,17,516,344,4
157101,17,514,353,4
157118,17,528,329,4
157135,17,505,352,4
157151,17,515,330,4
157168,17,512,303,4
157185,17,488,274,0
157201,17,507,296,4
157218,17,477,247,1
157234,17,497,247,1
157251,17,484,288,4
157268,17,493,278,0
157284,17,498,297,4
157301,17,504,278,0
157318,17,511,274,0
157334,17,504,264,0
157351,17,497,264,0
157368,17,497,266,0
157384,17,511,277,0
157401,17,502,264,0
157417,17,513,275,0
157434,17,519,259,1
157451,17,496,257,1
157467,17,547,284,0
157484,17,558,266,0
157501,17,543,254,1
157517,17,542,266,0
157534,17,548,280,0
157551,17,570,279,0
157567,17,545,267,0
157584,17,540,262,0
157600,17,556,276,0
157617,17,537,287,0
157634,17,551,266,0
157650,17,565,269,0
157667,17,550,282,0
157684,17,543,280,0
157700,17,538,285,0
157717,17,544,264,0
157734,17,530,296,4
157750,17,540,281,0
157767,17,549,297,4
157783,17,531,275,0
157800,17,563,289,4
157817,17,573,290,4
157833,17,536,279,0
157850,17,531,289,4
157867,17,540,296,4
157883,17,506,300,4
157900,17,526,332,4
157917,17,538,338,4
157933,17,534,316,4
157950,17,532,303,4
157966,17,531,328,4
157983,17,535,296,4
158000,17,520,311,4
158016,17,514,337,4
158033,17,524,289,4
158050,17,552,301,4
158066,17,514,297,4
158083,17,539,317,4
158100,17,541,326,4
158116,17,519,334,4
158133,17,527,293,4
158149,17,543,286,0
158166,17,528,300,4
158183,17,521,320,4
158199,17,539,293,4
158216,17,529,287,0
158233,17,546,285,0
158249,17,519,280,0
158266,17,507,299,4
158282,17,507,284,0
158299,17,488,310,4
158316,17,504,290,4
158332,17,502,323,4
158349,17,500,313,4
158366,17,497,308,4
158382,17,490,302,4
158416,33,487,296,4
158432,17,498,295,4
158449,17,498,307,4
158465,17,498,331,4
158482,17,522,323,4
158499,17,502,341,4
158515,17,502,340,4
158532,17,508,342,4
158549,17,522,347,4
158565,17,490,334,4
158582,17,490,326,4
158599,17,502,337,4
158615,17,490,328,4
158632,17,503,321,4
158648,17,498,343,4
158665,17,522,319,4
158682,17,519,319,4
158698,17,530,314,4
158715,17,523,331,4
158732,17,540,303,4
158748,17,529,322,4
158765,17,573,319,4
158782,17,523,332,4
158798,17,553,310,4
158815,17,550,278,0
158831,17,519,270,0
158848,17,562,313,4
158865,17,550,307,4
158881,17,531,279,0
158898,17,545,297,4
158915,17,531,304,4
158931,17,553,298,4
158948,17,557,278,0
158965,17,573,271,0
158981,17,579,224,1
158998,17,592,274,0
159014,17,575,281,0
159031,17,569,237,1
159048,17,580,207,1
159064,17,581,225,1
159081,17,573,242,1
159098,17,938,23,0
159114,17,602,431,3
159131,17,546,105,0
159148,17,774,324,0
159164,17,799,47,0
159181,17,584,123,0
159197,17,656,376,2
159214,17,591,144,1
159231,17,593,155,1
159247,17,587,115,0
159264,17,599,131,0
159281,17,577,129,0
159297,17,640,201,1
159314,17,574,144,1
159330,17,798,91,0
159364,33,487,201,1
159380,17,480,226,1
159397,17,498,244,1
159414,17,474,227,1
159430,17,498,17,0
159447,17,490,302,4
159464,17,497,275,0
159480,17,484,271,0
159497,17,858,42,0
159513,17,497,328,4
159530,17,552,345,4
159547,17,474,262,0
159563,17,466,148,1
159580,17,467,155,1
159597,17,492,290,4
159630,33,794,298,0
159647,17,549,310,4
159663,17,511,361,4
159680,17,491,383,2
159696,17,478,430,3
159713,17,484,431,3
159730,17,494,400,2
159746,17,492,378,2
159763,17,456,363,4
159780,17,461,503,3
159796,17,441,422,3
159813,17,439,417,2
159846,33,598,581,3
159863,17,433,420,3
159879,17,20,208,0
159896,17,434,383,2
159913,17,437,650,3
159929,17,437,394,2
159946,17,463,393,2
159963,17,447,396,2
159979,17,464,474,3
159996,17,802,489,3
160013,17,398,334,0
160029,17,418,338,4
160046,17,770,386,2
160062,17,299,557,3
160079,17,412,329,0
160096,17,440,449,3
160112,17,404,474,3
160129,17,760,238,0
160146,17,323,463,3
160162,17,319,509,3
160179,17,418,358,4
160196,17,406,318,0
160212,17,413,366,2
160229,17,421,440,3
160245,17,418,364,4
160262,17,417,348,4
160279,17,761,393,2
160295,17,777,467,3
160312,17,75,250,0
160329,17,475,379,2
160345,17,131,257,0
160362,17,132,259,0
160379,17,779,436,3
160395,17,105,245,0
160412,17,761,439,3
160428,17,789,473,3
160445,17,441,458,3
160462,17,416,346,4
160478,17,818,440,3
160495,17,717,494,3
160512,17,419,376,2
160528,17,422,350,4
160545,17,781,466,3
160561,17,690,498,3
160578,17,402,363,0
160595,17,419,380,2
160611,17,429,382,2
160628,17,430,388,2
160645,17,437,376,2
160661,17,429,352,4
160678,17,452,370,2
160695,17,724,111,0
160711,17,422,385,2
160728,17,435,377,2
160744,17,449,341,4
160761,17,500,969,0
160878,116,527,760,3
160894,17,934,175,0
160911,17,481,373,2
160927,17,87,479,3
160944,17,469,373,2
160961,17,734,453,3
160977,17,462,326,4
160994,17,491,304,4
161011,17,494,327,4
161027,17,485,284,0
161044,17,871,445,3
161061,17,825,202,0
161077,17,475,408,2
161094,17,484,390,2
161110,17,794,109,0
161127,17,479,327,4
161144,17,480,330,4
161160,17,483,317,4
161177,17,469,380,2
161227,50,361,255,1
161244,17,386,259,1
161260,17,373,244,1
161277,17,851,129,0
161293,17,453,43,0
161310,17,398,171,1
161327,17,428,239,1
161343,17,864,261,0
161377,33,386,320,0
161393,17,845,317,0
161427,33,359,265,0
161493,67,384,330,0
161510,17,347,273,0
161526,17,858,319,0
161543,17,377,289,0
161576,33,379,336,0
161593,17,358,334,0
161610,17,382,334,0
161626,17,399,292,0
161643,17,367,355,0
161676,33,388,324,0
161709,33,461,334,4
161726,17,759,430,3
161743,17,525,464,3
161759,17,244,415,2
161776,17,152,533,3
161792,17,519,469,3
161809,17,521,481,3
161826,17,869,467,3
161842,17,718,402,2
161859,17,492,382,2
161876,17,493,401,2
161909,33,868,536,3
161926,17,710,501,3
161942,17,19,597,3
161959,17,489,455,3
161975,17,507,402,2
161992,17,527,456,3
162009,17,513,452,3
162025,17,511,441,3
162042,17,515,453,3
162059,17,505,388,2
162075,17,490,200,1
162092,17,496,462,3
162109,17,509,447,3
162125,17,514,444,3
162142,17,493,381,2
162158,17,506,458,3
162175,17,482,333,4
162192,17,627,272,0
162208,17,599,335,4
162225,17,527,459,3
162242,17,496,504,3
162258,17,500,524,3
162275,17,512,564,3
162292,17,510,532,3
162308,17,522,574,3
162325,17,516,562,3
162341,17,520,627,3
162358,17,517,585,3
162375,17,534,510,3
162391,17,774,609,3
162408,17,858,580,3
162425,17,890,541,3
162441,17,706,605,3
162458,17,846,794,0
162475,17,723,693,3
162491,17,591,591,3
162508,17,606,573,3
162524,17,605,599,3
162541,17,671,582,3
162558,17,551,586,3
162574,17,666,544,3
162591,17,577,580,3
162608,17,638,568,3
162624,17,574,551,3
162641,17,754,605,3
162658,17,715,712,3
162674,17,524,568,3
162691,17,479,437,3
162707,17,528,682,3
162724,17,509,489,3
162741,17,489,644,3
162757,17,499,611,3
162774,17,509,619,3
162791,17,768,425,3
162807,17,508,689,3
162824,17,498,461,3
162840,17,576,751,3
162857,17,555,740,3
162874,17,582,720,3
162890,17,567,311,4
162907,17,622,629,3
162924,17,818,384,0
162940,17,823,843,0
162957,17,43,588,3
162974,17,797,155,0
162990,17,597,290,4
163007,17,564,342,4
163023,17,593,543,3
163040,17,479,427,3
163057,17,540,322,4
163073,17,523,477,3
163090,17,571,486,3
163107,17,672,511,3
163123,17,479,520,3
163140,17,511,528,3
163157,17,497,508,3
163173,17,488,511,3
163190,17,495,512,3
163206,17,489,499,3
163223,17,490,363,4
163240,17,474,349,4
163256,17,468,346,4
163273,17,590,282,0
163290,17,464,479,3
163306,17,578,329,4
163323,17,747,806,0
163356,33,443,456,3
163373,17,454,464,3
163389,17,782,709,3
163406,17,621,197,1
163423,17,444,426,3
163439,17,462,333,4
163456,17,447,192,1
163473,17,444,183,1
163489,17,456,386,2
163506,17,705,466,3
163523,17,520,460,3
163539,17,849,643,3
163556,17,442,478,3
163572,17,231,368,2
163589,17,447,444,3
163606,17,503,450,3
163622,17,446,160,1
163639,17,465,435,3
163656,17,479,421,3
163672,17,477,413,2
163689,17,482,337,4
163706,17,811,501,3
163722,17,528,793,0
163739,17,957,75,0
163755,17,500,436,3
163789,33,507,454,3
163805,17,444,443,3
163822,17,412,156,1
163839,17,412,452,3
163855,17,472,454,3
163872,17,443,444,3
163889,17,451,336,4
163905,17,429,370,2
163922,17,423,349,4
163938,17,7,490,3
163955,17,818,65,0
163972,17,220,663,3
163988,17,404,406,2
164005,17,405,409,2
164022,17,676,486,3
164038,17,398,428,3
164055,17,429,390,2
164071,17,445,373,2
164088,17,427,437,3
164105,17,416,373,2
164121,17,453,339,4
164138,17,442,388,2
164155,17,488,448,3
164171,17,613,298,0
164188,17,408,440,3
164205,17,460,458,3
164221,17,424,447,3
164238,17,407,374,2
164254,17,411,439,3
164271,17,439,371,2
164288,17,413,469,3
164304,17,467,461,3
164321,17,424,439,3
164338,17,428,431,3
164354,17,417,426,3
164371,17,425,402,2
164388,17,475,464,3
164404,17,433,458,3
164421,17,423,292,4
164437,17,767,233,0
164454,17,419,424,3
164471,17,427,427,3
164487,17,455,455,3
164504,17,444,422,3
164521,17,435,400,2
164537,17,423,280,0
164554,17,437,431,3
164571,17,447,280,0
164587,17,421,452,3
164604,17,419,433,3
164620,17,439,286,0
164637,17,456,427,3
164654,17,457,418,3
164670,17,438,427,3
164687,17,439,393,2
164704,17,451,425,3
164720,17,453,457,3
164737,17,435,416,2
164754,17,456,406,2
164770,17,448,390,2
164787,17,431,239,1
164803,17,428,415,2
164820,17,448,433,3
164837,17,428,428,3
164870,33,430,380,2
164887,17,443,372,2
164903,17,509,447,3
164920,17,523,341,4
164937,17,509,351,4
164953,17,498,389,2
164970,17,488,398,2
164986,17,528,425,3
165003,17,521,414,2
165020,17,514,408,2
165036,17,524,376,2
165053,17,521,425,3
165070,17,529,425,3
165086,17,542,438,3
165103,17,505,462,3
165119,17,500,456,3
165136,17,496,431,3
165153,17,490,442,3
165169,17,488,448,3
165186,17,492,409,2
165203,17,624,219,1
165219,17,501,425,3
165236,17,502,393,2
165253,17,503,413,2
165269,17,498,394,2
165286,17,506,387,2
165302,17,507,408,2
165319,17,493,413,2
165336,17,495,398,2
165352,17,486,401,2
165369,17,504,380,2
165386,17,509,408,2
165402,17,509,413,2
165419,17,537,420,5
165436,17,631,166,1
165452,17,498,398,2
165469,17,483,209,1
165485,17,563,434,3
165502,17,481,404,2
165519,17,517,440,3
165535,17,499,420,5
165552,17,512,434,3
165569,17,483,185,1
165585,17,472,428,3
165602,17,481,340,4
165619,17,462,436,3
165635,17,466,351,4
165652,17,510,473,3
165668,17,457,438,3
165685,17,475,350,4
165702,17,452,425,3
165718,17,463,324,4
165735,17,465,344,4
165752,17,475,396,2
165768,17,827,482,3
165802,33,87,377,0
165818,17,513,451,3
165835,17,451,425,3
165851,17,478,389,2
165868,17,485,420,5
165885,17,492,357,4
165901,17,469,422,3
165918,17,502,451,3
165935,17,469,427,3
165951,17,480,420,3
165968,17,449,170,1
165985,17,477,442,3
166001,17,476,431,3
166018,17,446,464,3
166034,17,512,472,3
166051,17,465,366,2
166068,17,474,393,2
166084,17,467,443,3
166101,17,496,445,3
166118,17,481,451,3
166134,17,504,450,3
166151,17,474,474,3
166168,17,447,318,4
166184,17,514,452,3
166201,17,476,309,4
166217,17,450,488,3
166234,17,508,435,3
166251,17,709,352,0
166267,17,437,506,3
166284,17,494,444,3
166301,17,455,447,3
166317,17,463,465,3
166334,17,779,320,0
166350,17,587,273,0
166367,17,447,450,3
166384,17,440,436,3
166400,17,688,467,3
166417,17,908,406,0
166434,17,509,447,3
166450,17,572,269,0
166467,17,479,435,3
166484,17,485,424,3
166500,17,485,413,2
166517,17,485,427,3
166533,17,502,379,2
166550,17,493,418,5
166567,17,489,394,2
166583,17,493,383,2
166600,17,465,242,1
166617,17,585,242,1
166633,17,490,372,2
166650,17,488,390,2
166667,17,486,350,4
166683,17,520,393,2
166700,17,522,379,2
166716,17,527,419,5
166733,17,521,397,2
166750,17,517,429,3
166766,17,537,390,2
166783,17,508,394,2
166800,17,536,400,2
166816,17,523,399,2
166833,17,484,464,3
166850,17,467,445,3
166866,17,466,445,3
166883,17,481,433,3
166899,17,486,446,3
166916,17,525,408,2
166933,17,518,418,5
166949,17,527,415,2
166966,17,503,436,3
166983,17,508,403,2
166999,17,509,425,3
167016,17,506,429,3
167033,17,514,409,2
167049,17,531,436,3
167066,17,522,290,4
167082,17,518,441,3
167099,17,514,424,3
167116,17,519,436,3
167132,17,617,270,0
167149,17,508,450,3
167166,17,509,434,3
167182,17,514,462,3
167199,17,524,465,3
167216,17,504,440,3
167232,17,469,402,2
167249,17,517,435,3
167265,17,508,424,3
167282,17,519,421,5
167299,17,515,393,2
167315,17,510,391,2
167332,17,496,428,3
167349,17,505,383,2
167365,17,514,401,2
167382,17,573,292,4
167398,17,502,398,2
167415,17,597,260,0
167432,17,501,364,4
167448,17,768,460,3
167465,17,470,395,2
167482,17,506,377,2
167498,17,495,396,2
167515,17,596,289,4
167532,17,588,264,0
167548,17,519,365,2
167565,17,510,368,2
167581,17,517,417,5
167598,17,506,394,2
167615,17,541,347,4
167631,17,886,209,0
167648,17,725,516,3
167681,33,495,415,2
167698,17,500,225,1
167715,17,489,375,2
167731,17,506,372,2
167748,17,486,403,2
167764,17,495,420,5
167781,17,485,429,3
167798,17,474,389,2
167814,17,478,399,2
167831,17,484,409,2
167848,17,479,414,2
167864,17,482,391,2
167881,17,458,408,2
167898,17,432,359,4
167914,17,444,392,2
167931,17,428,385,2
167947,17,446,378,2
167964,17,427,389,2
167981,17,435,383,2
167997,17,419,396,2
168014,17,431,393,2
168031,17,433,382,2
168047,17,434,401,2
168064,17,416,383,2
168081,17,422,384,2
168097,17,426,384,2
168114,17,414,382,2
168130,17,429,404,2
168147,17,425,372,2
168164,17,429,383,2
168180,17,415,398,2
168197,17,415,368,2
168214,17,411,354,0
168230,17,415,382,2
168247,17,415,383,2
168264,17,422,395,2
168280,17,485,427,3
168297,17,414,365,2
168313,17,410,350,0
168330,17,439,382,2
168347,17,425,362,4
168363,17,420,346,4
168380,17,424,378,2
168397,17,394,387,2
168413,17,430,359,4
168430,17,411,376,2
168447,17,415,379,2
168463,17,416,355,4
168480,17,419,357,4
168496,17,410,381,2
168513,17,415,352,0
168530,17,421,350,4
168546,17,422,377,2
168563,17,430,411,2
168580,17,408,380,2
168596,17,405,373,2
168613,17,416,352,4
168629,17,419,369,2
168646,17,420,385,2
168663,17,428,374,2
168679,17,436,398,2
168696,17,414,362,0
168713,17,436,329,4
168729,17,426,382,2
168746,17,411,338,0
168763,17,424,384,2
168779,17,426,368,2
168796,17,403,359,0
168812,17,419,383,2
168829,17,426,371,2
168846,17,429,389,2
168862,17,431,364,4
168879,17,448,392,2
168896,17,424,371,2
168912,17,450,380,2
168929,17,432,361,4
168946,17,440,414,2
168962,17,666,472,3
168979,17,495,481,3
168995,17,416,25,0
169012,17,918,429,3
169029,17,952,336,0
169045,17,442,444,3
169062,17,433,413,2
169079,17,435,450,3
169095,17,442,421,3
169112,17,648,507,3
169129,17,439,460,3
169145,17,453,719,3
169162,17,449,444,3
169178,17,448,409,2
169195,17,464,391,2
169212,17,444,499,3
169228,17,443,412,6
169245,17,436,557,3
169262,17,455,424,3
169278,17,468,476,3
169295,17,442,418,3
169312,17,423,401,2
169328,17,436,522,3
169345,17,464,464,3
169361,17,429,410,2
169378,17,432,398,2
169395,17,429,417,2
169411,17,452,415,2
169428,17,440,369,2
169445,17,449,379,2
169461,17,439,427,3
169478,17,423,375,2
169495,17,426,411,2
169511,17,412,409,2
169528,17,417,369,2
169544,17,444,397,2
169561,17,444,405,2
169578,17,426,416,2
169594,17,431,391,2
169611,17,444,467,3
169628,17,428,475,3
169644,17,434,469,3
169661,17,467,466,3
169678,17,453,483,3
169694,17,434,441,3
169711,17,449,497,3
169727,17,432,515,3
169744,17,444,492,3
169761,17,425,476,3
169777,17,450,472,3
169794,17,444,461,3
169811,17,469,494,3
169827,17,528,515,3
169844,17,580,557,3
169860,17,569,577,3
169877,17,649,596,3
169894,17,555,595,3
169910,17,589,545,3
169927,17,590,542,3
169944,17,575,555,3
169960,17,577,574,3
169977,17,558,568,3
169994,17,592,588,3
170010,17,583,574,3
170027,17,583,571,3
170043,17,628,578,3
170060,17,517,406,2
170077,17,526,369,2
170093,17,489,367,2
170110,17,578,366,2
170127,17,514,386,2
170143,17,518,399,2
170160,17,561,348,4
170177,17,572,365,2
170193,17,582,382,2
170210,17,577,376,2
170226,17,524,394,2
170243,17,526,387,2
170260,17,533,382,2
170276,17,541,378,2
170293,17,497,361,4
170310,17,568,316,4
170326,17,549,333,4
170343,17,551,307,4
170360,17,554,314,4
170376,17,550,299,4
170393,17,552,268,0
170409,17,560,290,4
170426,17,513,304,4
170443,17,552,289,4
170459,17,547,292,4
170476,17,563,280,0
170493,17,561,289,4
170509,17,554,295,4
170526,17,530,302,4
170543,17,554,308,4
170559,17,562,298,4
170576,17,555,295,4
170592,17,547,289,4
170609,17,556,281,0
170626,17,560,282,0
170642,17,806,420,3
170676,33,490,321,4
170692,17,527,325,4
170709,17,503,313,4
170726,17,512,328,4
170742,17,510,320,4
170759,17,510,327,4
170775,17,511,322,4
170792,17,507,319,4
170809,17,500,296,4
170825,17,518,323,4
170842,17,498,317,4
170859,17,510,344,4
170875,17,575,226,1
170892,17,422,24,0
170908,17,490,327,4
170925,17,497,323,4
170942,17,497,389,2
170958,17,526,391,2
170975,17,508,284,0
170992,17,500,313,4
171008,17,516,426,3
171025,17,540,403,2
171042,17,511,404,2
171058,17,530,400,2
171075,17,516,411,2
171091,17,541,417,5
171108,17,517,410,2
171125,17,514,395,2
171141,17,516,418,5
171158,17,503,299,4
171175,17,497,240,1
171191,17,496,312,4
171208,17,525,256,1
171225,17,516,410,2
171241,17,527,399,2
171258,17,526,203,1
171274,17,497,272,0
171291,17,539,245,1
171308,17,815,296,0
171324,17,551,933,0
171457,133,562,908,0
171474,17,523,564,3
171491,17,513,403,2
171507,17,463,231,1
171524,17,478,286,0
171541,17,466,351,4
171557,17,459,339,4
171574,17,472,326,4
171591,17,470,331,4
171607,17,475,333,4
171624,17,474,327,4
171640,17,472,342,4
171657,17,478,367,2
171674,17,485,354,4
171690,17,498,352,4
171707,17,549,302,4
171724,17,432,367,2
171740,17,434,361,4
171757,17,457,394,2
171774,17,433,368,2
171790,17,410,348,0
171807,17,434,374,2
171823,17,436,373,2
171840,17,456,352,4
171857,17,435,344,4
171873,17,444,349,4
171890,17,443,350,4
171907,17,435,384,2
171923,17,398,341,0
171940,17,436,351,4
171957,17,439,345,4
171973,17,451,370,2
171990,17,400,392,2
172006,17,418,349,4
172023,17,409,386,2
172040,17,415,358,0
172056,17,401,387,2
172073,17,400,393,2
172090,17,417,422,3
172106,17,412,403,2
172123,17,417,384,2
172139,17,411,393,2
172156,17,411,441,3
172173,17,423,423,3
172189,17,416,417,2
172206,17,390,397,2
172223,17,414,424,3
172239,17,409,424,3
172256,17,418,430,3
172273,17,447,447,3
172289,17,446,348,4
172306,17,424,374,2
172322,17,429,356,4
172339,17,418,434,3
172356,17,433,386,2
172372,17,433,409,2
172389,17,424,371,2
172406,17,400,370,2
172422,17,408,373,2
172439,17,418,413,2
172456,17,413,408,2
172472,17,416,374,2
172489,17,424,395,2
172505,17,419,393,2
172522,17,432,369,2
172539,17,433,411,2
172555,17,414,368,2
172572,17,416,364,4
172589,17,427,387,2
172605,17,424,391,2
172622,17,428,414,2
172639,17,399,395,2
172655,17,419,391,2
172672,17,414,415,2
172688,17,416,378,2
172705,17,418,387,2
172722,17,423,408,2
172738,17,416,406,2
172755,17,427,408,2
172772,17,416,410,2
172788,17,419,458,3
172805,17,437,414,2
172822,17,413,405,2
172838,17,415,422,3
172855,17,420,423,3
172871,17,425,412,2
172888,17,412,425,3
172905,17,409,404,2
172921,17,456,385,2
172938,17,488,378,2
172955,17,517,379,2
172971,17,501,335,4
172988,17,504,363,4
173005,17,506,370,2
173021,17,508,397,2
173038,17,515,391,2
173054,17,539,366,2
173071,17,504,354,4
173088,17,505,389,2
173104,17,506,386,2
173121,17,535,349,4
173138,17,512,408,2
173154,17,510,355,4
173171,17,541,356,4
173187,17,514,388,2
173204,17,508,402,2
173221,17,488,414,2
173237,17,504,362,4
173254,17,506,428,3
173271,17,521,440,3
173287,17,507,381,2
173304,17,503,406,2
173321,17,512,397,2
173337,17,524,392,2
173354,17,493,434,3
173370,17,521,408,2
173387,17,495,421,5
173404,17,521,376,2
173420,17,515,396,2
173437,17,504,421,5
173454,17,511,425,3
173470,17,515,417,5
173487,17,514,390,2
173504,17,506,436,3
173520,17,500,451,3
173537,17,503,417,5
173553,17,500,403,2
173570,17,502,397,2
173587,17,521,385,2
173603,17,506,405,2
173620,17,503,417,5
173637,17,515,384,2
173653,17,495,417,5
173670,17,483,396,2
173687,17,490,410,2
173703,17,770,414,2
173720,17,492,393,2
173736,17,475,416,2
173753,17,505,369,2
173770,17,551,429,3
173786,17,505,401,2
173803,17,480,375,2
173820,17,473,408,2
173836,17,492,367,2
173853,17,520,383,2
173870,17,583,402,2
173886,17,577,408,2
173903,17,576,399,2
173919,17,597,402,2
173936,17,559,412,2
173953,17,573,423,3
173969,17,571,423,3
173986,17,579,434,3
174003,17,582,405,2
174019,17,576,414,2
174036,17,576,421,3
174053,17,586,416,2
174069,17,579,422,3
174086,17,578,421,3
174102,17,579,393,2
174119,17,605,429,3
174136,17,181,211,0
174152,17,678,394,2
174169,17,675,402,2
174186,17,670,430,3
174202,17,671,382,2
174219,17,672,408,2
174236,17,662,404,2
174252,17,670,407,2
174269,17,681,436,3
174285,17,924,385,0
174302,17,673,424,3
174319,17,650,414,2
174335,17,672,386,2
174352,17,668,406,2
174369,17,679,403,2
174385,17,651,402,2
174402,17,691,434,3
174418,17,677,408,2
174435,17,688,410,2
174452,17,651,432,3
174468,17,677,401,2
174485,17,683,426,3
174502,17,674,400,2
174518,17,677,400,2
174535,17,666,418,3
174552,17,687,419,3
174568,17,686,406,2
174585,17,673,404,2
174601,17,663,406,2
174618,17,681,409,2
174635,17,681,399,2
174651,17,669,402,2
174668,17,695,394,2
174685,17,690,380,2
174701,17,686,438,3
174718,17,693,406,2
174735,17,696,450,3
174751,17,692,469,3
174768,17,690,432,3
174784,17,603,459,3
174801,17,565,427,3
174818,17,500,401,2
174834,17,496,398,2
174851,17,504,412,2
174868,17,549,413,2
174884,17,796,261,0
174901,17,490,426,3
174918,17,527,422,3
174934,17,519,436,3
174951,17,521,486,3
174967,17,512,473,3
174984,17,547,511,3
175001,17,511,484,3
175017,17,516,459,3
175034,17,509,471,3
175051,17,516,499,3
175067,17,507,470,3
175084,17,511,438,3
175101,17,486,483,3
175117,17,520,358,4
175134,17,504,400,2
175150,17,510,359,4
175167,17,501,410,2
175184,17,504,404,2
175200,17,495,456,3
175217,17,515,442,3
175234,17,515,397,2
175250,17,501,426,3
175267,17,510,371,2
175284,17,493,442,3
175300,17,503,396,2
175317,17,515,450,3
175333,17,489,375,2
175350,17,496,454,3
175367,17,485,374,2
175383,17,498,400,2
175400,17,505,372,2
175417,17,485,333,4
175433,17,486,372,2
175450,17,497,371,2
175466,17,492,338,4
175483,17,480,356,4
175500,17,482,339,4
175516,17,470,384,2
175533,17,485,363,4
175550,17,487,395,2
175566,17,466,416,2
175583,17,523,417,5
175600,17,515,412,2
175616,17,475,370,2
175633,17,502,363,4
175649,17,477,356,4
175666,17,499,351,4
175683,17,481,315,4
175699,17,494,345,4
175716,17,473,361,4
175733,17,484,377,2
175749,17,485,359,4
175766,17,453,362,4
175783,17,465,386,2
175799,17,466,360,4
175816,17,472,371,2
175832,17,457,366,2
175849,17,454,357,4
175866,17,442,373,2
175882,17,478,350,4
175899,17,478,355,4
175916,17,464,359,4
175932,17,465,346,4
175949,17,457,353,4
175966,17,455,351,4
175982,17,457,377,2
175999,17,435,350,4
176015,17,453,355,4
176032,17,448,353,4
176049,17,446,373,2
176065,17,424,324,4
176082,17,478,330,4
176099,17,439,336,4
176115,17,446,334,4
176132,17,457,353,4
176149,17,424,339,4
176165,17,618,373,2
176182,17,433,353,4
176198,17,436,347,4
176215,17,499,261,0
176232,17,398,349,0
176248,17,436,377,2
176265,17,442,348,4
176282,17,421,351,4
176298,17,382,364,0
176315,17,455,362,4
176332,17,521,271,0
176348,17,430,370,2
176365,17,445,354,4
176398,33,676,551,3
176415,17,436,386,2
176431,17,440,378,2
176448,17,390,358,0
176465,17,89,500,3
176481,17,377,365,2
176498,17,432,395,2
176515,17,395,379,2
176531,17,451,390,2
176548,17,440,353,4
176564,17,498,306,4
176581,17,446,399,2
176598,17,495,467,3
176614,17,447,373,2
176631,17,456,386,2
176648,17,439,385,2
176664,17,409,388,2
176681,17,772,300,0
176697,17,431,374,2
176714,17,434,393,2
176731,17,403,395,2
176747,17,434,392,2
176764,17,440,403,2
176781,17,443,396,2
176797,17,748,300,0
176831,33,419,362,4
176847,17,432,343,4
176864,17,441,354,4
176880,17,446,353,4
176897,17,443,342,4
176914,17,533,285,0
176930,17,448,355,4
176947,17,434,383,2
176964,17,445,364,4
176980,17,446,347,4
176997,17,456,347,4
177014,17,495,323,4
177030,17,434,311,4
177047,17,501,348,4
177063,17,513,324,4
177080,17,518,310,4
177097,17,520,287,0
177113,17,530,339,4
177130,17,524,317,4
177147,17,541,332,4
177163,17,528,324,4
177180,17,533,310,4
177197,17,525,340,4
177213,17,514,318,4
177230,17,507,343,4
177246,17,525,309,4
177263,17,509,319,4
177280,17,509,319,4
177296,17,531,316,4
177313,17,533,327,4
177330,17,505,301,4
177346,17,555,315,4
177363,17,468,328,4
177380,17,534,296,4
177396,17,487,311,4
177413,17,554,308,4
177429,17,616,297,0
177446,17,662,290,0
177463,17,688,269,0
177479,17,688,265,0
177496,17,668,281,0
177513,17,680,299,0
177529,17,693,297,0
177546,17,671,252,1
177563,17,678,377,2
177579,17,679,273,0
177596,17,672,250,1
177612,17,616,262,0
177629,17,671,256,1
177646,17,666,255,1
177662,17,672,284,0
177679,17,634,306,0
177696,17,677,235,1
177712,17,646,257,1
177729,17,556,326,4
177745,17,509,349,4
177762,17,491,351,4
177779,17,506,364,4
177795,17,500,373,2
177812,17,509,344,4
177829,17,525,365,2
177845,17,507,388,2
177862,17,503,371,2
177879,17,505,408,2
177895,17,532,372,2
177912,17,554,414,2
177928,17,529,379,2
177945,17,508,362,4
177962,17,504,367,2
177978,17,504,392,2
177995,17,510,407,2
178012,17,500,372,2
178028,17,498,382,2
178045,17,513,412,2
178062,17,542,401,2
178078,17,506,373,2
178095,17,541,419,5
178111,17,543,434,3
178128,17,553,447,3
178145,17,542,403,2
178161,17,542,393,2
178178,17,542,459,3
178195,17,529,458,3
178211,17,531,410,2
178228,17,541,432,3
178245,17,541,425,3
178261,17,530,443,3
178278,17,543,432,3
178294,17,529,435,3
178311,17,521,428,3
178328,17,515,382,2
178344,17,522,389,2
178361,17,521,409,2
178378,17,506,393,2
178394,17,514,388,2
178411,17,521,438,3
178428,17,810,442,3
178444,17,545,389,2
178461,17,516,379,2
178477,17,709,203,1
178494,17,519,395,2
178511,17,752,222,0
178527,17,499,374,2
178544,17,507,337,4
178561,17,511,357,4
178577,17,505,348,4
178594,17,495,364,4
178611,17,510,323,4
178627,17,496,343,4
178644,17,522,345,4
178660,17,519,336,4
178677,17,492,366,2
178694,17,498,360,4
178710,17,484,372,2
178727,17,483,365,2
178744,17,504,340,4
178760,17,495,351,4
178777,17,493,335,4
178794,17,497,340,4
178810,17,510,365,2
178827,17,491,353,4
178843,17,481,342,4
178860,17,487,303,4
178877,17,524,390,2
178893,17,495,307,4
178910,17,453,394,2
178927,17,506,331,4
178943,17,506,325,4
178960,17,506,398,2
178976,17,493,333,4
178993,17,519,335,4
179010,17,525,353,4
179026,17,517,336,4
179043,17,507,341,4
179060,17,515,358,4
179076,17,515,401,2
179093,17,520,357,4
179110,17,506,358,4
179126,17,513,365,2
179159,33,518,338,4
179176,17,560,316,4
179193,17,519,315,4
179209,17,515,314,4
179226,17,522,284,0
179243,17,517,318,4
179259,17,511,297,4
179276,17,536,297,4
179293,17,529,321,4
179309,17,526,300,4
179326,17,538,340,4
179342,17,512,301,4
179359,17,516,322,4
179376,17,528,271,0
179392,17,542,398,2
179409,17,474,312,4
179426,17,511,326,4
179442,17,530,308,4
179459,17,791,143,0
179476,17,527,313,4
179492,17,521,310,4
179509,17,538,311,4
179525,17,540,306,4
179542,17,537,282,0
179559,17,514,317,4
179575,17,820,255,0
179592,17,521,355,4
179609,17,520,288,4
179625,17,538,305,4
179642,17,534,328,4
179659,17,512,380,2
179675,17,550,348,4
179692,17,532,318,4
179708,17,801,272,0
179725,17,479,347,4
179742,17,518,390,2
179758,17,502,402,2
179775,17,508,396,2
179792,17,488,370,2
179808,17,487,356,4
179825,17,492,403,2
179842,17,483,396,2
179858,17,491,370,2
179875,17,491,401,2
179891,17,522,811,0
180008,116,446,831,0
180025,17,728,230,1
180041,17,113,551,3
180058,17,412,386,2
180074,17,431,417,2
180091,17,405,390,2
180108,17,411,395,2
180124,17,417,391,2
180141,17,421,321,4
180158,17,433,428,3
180174,17,413,436,3
180191,17,422,473,3
180207,17,427,410,2
180224,17,425,384,2
180241,17,403,359,0
180257,17,403,407,2
180274,17,424,375,2
180291,17,402,400,2
180307,17,404,376,2
180324,17,408,398,2
180341,17,429,369,2
180357,17,416,395,2
180374,17,414,394,2
180390,17,424,422,3
180407,17,406,403,2
180424,17,412,391,2
180440,17,413,415,2
180457,17,390,424,3
180474,17,398,423,3
180490,17,403,369,2
180507,17,425,363,4
180524,17,429,409,2
180540,17,427,414,2
180557,17,441,347,4
180573,17,455,346,4
180590,17,458,349,4
180607,17,456,302,4
180623,17,453,349,4
180640,17,460,365,2
180657,17,442,361,4
180673,17,487,331,4
180690,17,446,351,4
180707,17,441,374,2
180723,17,442,363,4
180740,17,466,382,2
180756,17,449,333,4
180773,17,440,380,2
180790,17,457,355,4
180806,17,460,335,4
180823,17,446,333,4
180840,17,440,339,4
180856,17,497,341,4
180873,17,448,370,2
180890,17,422,397,2
180906,17,439,359,4
180923,17,434,388,2
180939,17,451,354,4
180956,17,448,374,2
180973,17,432,376,2
180989,17,443,387,2
181006,17,474,394,2
181023,17,489,414,2
181039,17,486,431,3
181056,17,505,413,2
181073,17,506,406,2
181089,17,528,368,2
181106,17,489,406,2
181122,17,483,388,2
181139,17,523,359,4
181156,17,491,432,3
181172,17,507,354,4
181189,17,505,397,2
181206,17,508,382,2
181222,17,523,366,2
181239,17,506,396,2
181255,17,500,398,2
181272,17,494,388,2
181289,17,506,350,4
181305,17,500,398,2
181322,17,501,386,2
181339,17,500,378,2
181355,17,514,395,2
181372,17,518,410,2
181389,17,503,372,2
181405,17,498,410,2
181422,17,507,410,2
181438,17,487,388,2
181455,17,492,390,2
181472,17,495,394,2
181488,17,489,408,2
181505,17,551,345,4
181522,17,485,383,2
181538,17,494,412,2
181555,17,526,439,3
181572,17,597,309,4
181588,17,504,440,3
181605,17,524,450,3
181621,17,516,459,3
181638,17,561,424,3
181655,17,558,404,2
181671,17,530,432,3
181688,17,532,434,3
181705,17,517,428,3
181721,17,530,436,3
181738,17,533,407,2
181755,17,518,393,2
181771,17,493,340,4
181788,17,501,306,4
181804,17,506,310,4
181821,17,505,329,4
181838,17,501,326,4
181854,17,493,320,4
181871,17,519,274,0
181888,17,500,301,4
181904,17,492,319,4
181921,17,501,355,4
181938,17,468,335,4
181954,17,500,351,4
181971,17,497,360,4
181987,17,490,362,4
182021,33,702,216,1
182037,17,559,294,4
182054,17,472,300,4
182071,17,515,340,4
182087,17,512,337,4
182104,17,492,341,4
182121,17,502,358,4
182137,17,482,353,4
182154,17,490,371,2
182170,17,495,364,4
182187,17,497,346,4
182204,17,491,316,4
182220,17,496,339,4
182237,17,517,295,4
182254,17,755,278,0
182270,17,497,375,2
182287,17,506,372,2
182304,17,486,319,4
182320,17,548,289,4
182337,17,472,350,4
182353,17,504,361,4
182370,17,489,337,4
182387,17,514,369,2
182403,17,499,374,2
182420,17,514,349,4
182437,17,487,346,4
182453,17,495,356,4
182470,17,505,363,4
182486,17,504,346,4
182503,17,504,373,2
182520,17,521,335,4
182536,17,500,357,4
182553,17,509,350,4
182570,17,491,379,2
182586,17,500,372,2
182603,17,494,386,2
182620,17,503,358,4
182636,17,490,383,2
182653,17,500,352,4
182669,17,502,370,2
182686,17,496,365,2
182703,17,500,347,4
182719,17,503,315,4
182736,17,479,398,2
182753,17,486,382,2
182769,17,488,326,4
182786,17,516,382,2
182803,17,491,325,4
182819,17,493,380,2
182836,17,508,376,2
182852,17,775,328,0
182869,17,504,382,2
182886,17,510,378,2
182902,17,501,372,2
182919,17,511,339,4
182936,17,505,369,2
182952,17,502,394,2
182969,17,525,356,4
182986,17,484,357,4
183002,17,530,382,2
183019,17,488,409,2
183035,17,494,429,3
183052,17,498,393,2
183069,17,502,397,2
183085,17,497,426,3
183102,17,480,415,2
183119,17,500,372,2
183135,17,501,365,2
183152,17,501,392,2
183169,17,496,427,3
183185,17,506,385,2
183202,17,492,413,2
183218,17,478,409,2
183235,17,481,430,3
183252,17,498,407,2
183268,17,485,398,2
183285,17,498,412,2
183302,17,470,414,2
183318,17,489,434,3
183335,17,489,382,2
183352,17,544,467,3
183368,17,741,326,0
183385,17,862,308,0
183401,17,759,309,0
183418,17,480,396,2
183435,17,475,386,2
183451,17,470,407,2
183468,17,517,381,2
183485,17,480,403,2
183501,17,504,400,2
183518,17,484,425,3
183534,17,492,407,2
183551,17,484,413,2
183568,17,487,413,2
183584,17,511,428,3
183601,17,516,400,2
183618,17,473,424,3
183634,17,500,412,2
183651,17,485,406,2
183668,17,501,427,3
183684,17,873,343,0
183701,17,500,420,5
183717,17,491,430,3
183734,17,514,402,2
183751,17,513,409,2
183767,17,481,439,3
183784,17,503,492,3
183801,17,515,440,3
183817,17,508,445,3
183834,17,490,456,3
183851,17,744,405,2
183867,17,518,471,3
183884,17,521,424,3
183900,17,535,416,2
183917,17,456,468,3
183934,17,444,381,2
183950,17,450,484,3
183967,17,232,351,0
183984,17,450,381,2
184000,17,453,448,3
184017,17,466,447,3
184034,17,473,382,2
184050,17,436,366,2
184067,17,424,439,3
184083,17,397,434,3
184100,17,400,437,3
184117,17,411,445,3
184133,17,412,412,2
184150,17,402,444,3
184167,17,413,446,3
184183,17,428,509,3
184200,17,410,432,3
184217,17,396,404,2
184233,17,408,430,3
184250,17,407,406,2
184266,17,650,298,0
184283,17,396,427,3
184300,17,392,451,3
184316,17,406,456,3
184333,17,401,470,3
184350,17,407,480,3
184366,17,409,498,3
184383,17,398,454,3
184400,17,394,391,2
184416,17,411,459,3
184433,17,417,437,3
184449,17,401,453,3
184466,17,407,481,3
184483,17,395,423,3
184499,17,414,471,3
184516,17,398,451,3
184533,17,412,490,3
184549,17,486,630,3
184682,133,424,497,3
184699,17,411,667,3
184716,17,421,446,3
184732,17,423,344,4
184749,17,401,367,2
184765,17,403,380,2
184782,17,413,381,2
184799,17,417,407,2
184815,17,398,399,2
184832,17,437,362,4
184849,17,418,436,3
184865,17,397,440,3
184882,17,410,462,3
184899,17,396,451,3
184915,17,422,475,3
184932,17,424,446,3
184948,17,422,445,3
184965,17,437,437,3
184982,17,398,421,3
184998,17,426,421,3
185015,17,402,298,0
185032,17,431,464,3
185048,17,414,457,3
185065,17,422,426,3
185082,17,417,420,3
185098,17,417,420,3
185115,17,396,443,3
185131,17,407,404,2
185148,17,424,428,3
185165,17,457,372,2
185181,17,464,375,2
185198,17,473,388,2
185215,17,456,362,4
185231,17,477,409,2
185248,17,460,372,2
185265,17,454,394,2
185281,17,444,409,2
185298,17,468,334,4
185314,17,474,399,2
185331,17,465,373,2
185348,17,457,396,2
185364,17,467,409,2
185381,17,471,406,2
185398,17,441,401,2
185414,17,477,378,2
185431,17,471,400,2
185448,17,466,382,2
185464,17,474,366,2
185481,17,550,306,4
185497,17,806,228,0
185514,17,737,329,0
185531,17,807,251,0
185547,17,814,246,0
185564,17,485,345,4
185581,17,742,284,0
185597,17,780,279,0
185614,17,545,229,1
185631,17,531,292,4
185647,17,452,324,4
185664,17,479,295,4
185680,17,472,269,0
185697,17,470,350,4
185714,17,462,321,4
185730,17,467,233,1
185747,17,487,342,4
185764,17,463,345,4
185780,17,465,279,0
185797,17,486,413,2
185813,17,463,388,2
185830,17,471,406,2
185847,17,478,421,3
185863,17,446,339,4
185880,17,457,328,4
185897,17,468,359,4
185913,17,465,382,2
185930,17,475,358,4
185947,17,483,376,2
185963,17,487,338,4
185980,17,483,393,2
185996,17,516,435,3
186013,17,497,348,4
186030,17,502,337,4
186046,17,507,364,4
186063,17,484,342,4
186080,17,478,312,4
186096,17,499,356,4
186113,17,505,322,4
186130,17,500,326,4
186146,17,524,409,2
186163,17,475,403,2
186179,17,479,382,2
186196,17,513,330,4
186213,17,890,444,3
186229,17,537,345,4
186246,17,504,373,2
186263,17,701,287,0
186279,17,863,226,0
186296,17,478,347,4
186313,17,481,353,4
186329,17,502,345,4
186346,17,506,367,2
186362,17,502,379,2
186379,17,498,366,2
186396,17,482,338,4
186412,17,521,419,5
186429,17,488,385,2
186446,17,512,347,4
186462,17,495,303,4
186479,17,470,373,2
186496,17,511,405,2
186512,17,484,387,2
186529,17,493,331,4
186545,17,488,346,4
186562,17,476,403,2
186579,17,475,382,2
186595,17,25,546,3
186612,17,692,257,1
186629,17,803,212,0
186662,33,787,199,0
186679,17,519,404,2
186695,17,804,298,0
186712,17,487,404,2
186728,17,481,375,2
186745,17,569,328,4
186762,17,476,400,2
186778,17,501,365,2
186795,17,508,354,4
186812,17,525,386,2
186828,17,476,287,0
186845,17,480,400,2
186878,33,494,385,2
186895,17,492,340,4
186911,17,497,358,4
186945,33,105,504,3
186961,17,492,366,2
186978,17,523,407,2
186995,17,840,257,0
187011,17,499,344,4
187028,17,503,311,4
187044,17,498,348,4
187061,17,467,346,4
187078,17,468,339,4
187094,17,475,348,4
187111,17,464,336,4
187128,17,453,411,2
187144,17,768,287,0
187161,17,435,375,2
187194,33,484,408,2
187211,17,462,374,2
187227,17,642,252,1
187244,17,468,362,4
187261,17,674,265,0
187277,17,690,262,0
187294,17,478,387,2
187311,17,464,379,2
187327,17,727,230,1
187344,17,865,356,0
187361,17,853,253,0
187377,17,845,338,0
187394,17,452,382,2
187410,17,460,373,2
187427,17,422,385,2
187444,17,407,329,0
187477,33,781,324,0
187494,17,813,395,0
187510,17,675,262,0
187527,17,755,269,0
187544,17,822,282,0
187560,17,711,256,1
187577,17,708,304,0
187593,17,702,343,0
187610,17,466,292,4
187627,17,731,300,0
187643,17,390,380,2
187660,17,389,364,0
187677,17,411,411,2
187693,17,410,393,2
187710,17,415,407,2
187727,17,406,407,2
187743,17,440,409,2
187760,17,410,350,0
187776,17,406,276,0
187793,17,427,346,4
187810,17,403,380,2
187826,17,451,439,3
187843,17,401,424,3
187860,17,394,396,2
187876,17,416,242,1
187893,17,419,349,4
187910,17,417,339,4
187926,17,415,337,0
187943,17,393,382,2
187959,17,410,355,0
187976,17,394,367,2
187993,17,413,395,2
188009,17,392,347,0
188026,17,407,385,2
188043,17,406,386,2
188059,17,388,275,0
188076,17,406,513,3
188209,133,469,590,3
188226,17,427,684,3
188242,17,419,456,3
188259,17,422,378,2
188275,17,409,406,2
188292,17,425,427,3
188309,17,418,410,2
188325,17,408,412,2
188342,17,415,392,2
188359,17,386,393,2
188375,17,412,394,2
188392,17,422,390,2
188409,17,400,394,2
188425,17,400,410,2
188442,17,418,383,2
188475,33,405,417,2
188492,17,398,395,2
188508,17,404,444,3
188525,17,413,418,3
188542,17,391,404,2
188558,17,410,387,2
188575,17,402,404,2
188592,17,383,395,2
188608,17,420,435,3
188625,17,419,412,2
188641,17,401,426,3
188658,17,400,393,2
188675,17,412,428,3
188691,17,408,427,3
188708,17,405,413,2
188725,17,382,445,3
188741,17,400,402,2
188758,17,411,425,3
188775,17,413,460,3
188791,17,390,432,3
188808,17,399,428,3
188824,17,393,484,3
188841,17,373,402,2
188858,17,403,410,2
188874,17,388,400,2
188891,17,410,437,3
188908,17,388,439,3
188924,17,397,387,2
188941,17,404,435,3
188958,17,392,446,3
188974,17,390,400,2
188991,17,399,441,3
189007,17,443,388,2
189024,17,459,388,2
189041,17,453,387,2
189057,17,458,363,4
189074,17,498,417,5
189091,17,456,361,4
189107,17,467,360,4
189124,17,455,332,4
189141,17,490,398,2
189157,17,496,397,2
189174,17,445,393,2
189190,17,446,372,2
189207,17,454,340,4
189224,17,463,369,2
189240,17,446,369,2
189257,17,461,383,2
189274,17,467,367,2
189290,17,463,361,4
189307,17,443,401,2
189323,17,478,394,2
189340,17,481,389,2
189357,17,486,411,2
189373,17,524,371,2
189390,17,528,397,2
189407,17,513,395,2
189423,17,499,342,4
189440,17,475,365,2
189457,17,480,366,2
189473,17,492,365,2
189490,17,484,350,4
189506,17,487,352,4
189523,17,496,337,4
189540,17,478,341,4
189556,17,481,348,4
189573,17,498,376,2
189590,17,495,397,2
189606,17,492,366,2
189623,17,505,376,2
189640,17,483,354,4
189656,17,477,378,2
189673,17,496,332,4
189689,17,475,353,4
189706,17,493,383,2
189723,17,488,397,2
189739,17,540,411,2
189756,17,483,370,2
189773,17,485,380,2
189789,17,492,376,2
189806,17,491,400,2
189823,17,499,369,2
189839,17,510,383,2
189856,17,523,355,4
189872,17,531,398,2
189889,17,524,388,2
189906,17,535,354,4
189922,17,530,402,2
189939,17,522,383,2
189956,17,534,384,2
189972,17,535,369,2
189989,17,514,393,2
190006,17,529,399,2
190022,17,536,383,2
190039,17,531,392,2
190055,17,544,387,2
190072,17,516,432,3
190089,17,502,399,2
190105,17,533,388,2
190122,17,568,430,3
190139,17,568,402,2
190155,17,577,397,2
190172,17,550,434,3
190189,17,564,433,3
190205,17,568,429,3
190222,17,679,394,2
190238,17,577,434,3
190255,17,565,429,3
190272,17,600,459,3
190288,17,576,395,2
190305,17,552,398,2
190322,17,574,413,2
190338,17,573,432,3
190355,17,574,422,3
190372,17,590,436,3
190388,17,592,395,2
190405,17,533,405,2
190421,17,555,385,2
190438,17,574,391,2
190455,17,590,400,2
190471,17,562,363,4
190488,17,559,376,2
190505,17,571,376,2
190521,17,548,365,2
190538,17,58,76,0
190554,17,60,74,0
190571,17,578,382,2
190588,17,511,405,2
190604,17,602,411,2
190621,17,543,393,2
190638,17,528,367,2
190654,17,578,381,2
190671,17,567,374,2
190688,17,536,401,2
190704,17,542,387,2
190721,17,560,421,5
190737,17,557,392,2
190754,17,568,410,2
190771,17,552,419,5
190787,17,552,409,2
190804,17,569,418,5
190821,17,552,415,2
190854,33,558,402,2
190871,17,534,375,2
190887,17,536,426,3
190904,17,563,384,2
190920,17,551,381,2
190937,17,566,379,2
190954,17,568,370,2
190970,17,587,448,3
190987,17,585,453,3
191004,17,597,461,3
191020,17,603,405,2
191037,17,557,421,5
191054,17,581,412,2
191070,17,571,426,3
191087,17,589,423,3
191103,17,569,449,3
191120,17,567,428,3
191137,17,594,409,2
191153,17,566,426,3
191170,17,579,434,3
191187,17,576,422,3
191203,17,557,370,2
191220,17,610,389,2
191237,17,579,377,2
191253,17,556,398,2
191270,17,568,393,2
191286,17,587,405,2
191303,17,601,371,2
191320,17,578,406,2
191336,17,572,399,2
191353,17,563,388,2
191370,17,583,374,2
191386,17,570,362,4
191403,17,551,375,2
191420,17,576,359,4
191436,17,574,366,2
191453,17,560,395,2
191469,17,553,388,2
191486,17,805,277,0
191503,17,576,380,2
191519,17,581,399,2
191536,17,591,379,2
191553,17,559,401,2
191569,17,563,374,2
191586,17,581,384,2
191602,17,552,403,2
191619,17,541,411,2
191636,17,595,419,3
191652,17,576,379,2
191669,17,594,375,2
191686,17,128,539,3
191702,17,579,411,2
191719,17,597,390,2
191736,17,572,399,2
191752,17,570,443,3
191769,17,761,391,2
191785,17,569,416,2
191802,17,581,384,2
191819,17,563,432,3
191835,17,570,436,3
191852,17,555,409,2
191869,17,544,406,2
191885,17,586,414,2
191902,17,534,429,3
191919,17,526,404,2
191935,17,513,378,2
191952,17,599,308,4
191968,17,524,406,2
191985,17,520,436,3
192002,17,593,347,4
192018,17,522,408,2
192035,17,526,414,2
192052,17,514,430,3
192068,17,509,448,3
192085,17,517,420,5
192102,17,512,408,2
192118,17,507,424,3
192135,17,486,442,3
192151,17,489,433,3
192168,17,450,402,2
192185,17,467,468,3
192201,17,465,457,3
192218,17,476,434,3
192235,17,468,442,3
192251,17,470,460,3
192268,17,453,427,3
192285,17,433,423,3
192301,17,409,451,3
192318,17,419,441,3
192334,17,417,414,2
192351,17,447,419,3
192368,17,432,440,3
192384,17,412,441,3
192401,17,417,415,2
192418,17,415,403,2
192434,17,431,449,3
192451,17,445,366,2
192468,17,428,445,3
192484,17,413,418,3
192501,17,406,413,2
192517,17,430,425,3
192534,17,414,428,3
192551,17,439,444,3
192567,17,437,467,3
192584,17,426,492,3
192601,17,407,452,3
192617,17,383,415,2
192634,17,404,429,3
192651,17,398,445,3
192667,17,397,427,3
192684,17,405,468,3
192700,17,431,487,3
192717,17,405,476,3
192734,17,400,490,3
192750,17,402,468,3
192767,17,410,463,3
192784,17,394,468,3
192800,17,403,444,3
192817,17,409,435,3
192833,17,406,440,3
192850,17,398,440,3
192867,17,408,450,3
192883,17,407,446,3
192900,17,394,426,3
192917,17,399,441,3
192933,17,405,438,3
192950,17,407,432,3
192967,17,424,453,3
192983,17,394,433,3
193000,17,405,415,2
193016,17,403,402,2
193033,17,415,414,2
193050,17,432,394,2
193066,17,411,411,2
193083,17,407,411,2
193100,17,413,443,3
193116,17,412,450,3
193133,17,400,426,3
193150,17,399,402,2
193166,17,438,434,3
193183,17,449,400,2
193199,17,462,406,2
193216,17,455,403,2
193233,17,470,340,4
193249,17,449,437,3
193266,17,454,365,2
193283,17,467,360,4
193299,17,469,401,2
193316,17,463,406,2
193333,17,467,361,4
193349,17,449,351,4
193366,17,451,336,4
193382,17,462,347,4
193399,17,450,354,4
193432,33,454,366,2
193449,17,504,275,0
193466,17,514,284,0
193482,17,504,343,4
193499,17,508,316,4
193516,17,513,318,4
193532,17,512,319,4
193549,17,519,350,4
193565,17,514,316,4
193582,17,532,325,4
193599,17,519,356,4
193615,17,507,332,4
193632,17,504,357,4
193649,17,506,348,4
193665,17,526,294,4
193682,17,526,321,4
193699,17,528,287,0
193715,17,536,354,4
193732,17,528,327,4
193748,17,533,321,4
193765,17,527,318,4
193782,17,511,360,4
193798,17,520,354,4
193815,17,528,336,4
193832,17,504,350,4
193848,17,547,330,4
193865,17,534,373,2
193881,17,562,383,2
193898,17,554,394,2
193915,17,567,390,2
193931,17,570,403,2
193948,17,550,397,2
193965,17,540,388,2
193981,17,538,387,2
193998,17,542,368,2
194015,17,571,382,2
194031,17,559,373,2
194048,17,543,407,2
194064,17,528,421,5
194081,17,534,386,2
194098,17,533,437,3
194114,17,535,430,3
194131,17,511,453,3
194148,17,554,440,3
194164,17,526,445,3
194181,17,539,446,3
194198,17,534,451,3
194214,17,516,445,3
194231,17,532,397,2
194247,17,536,403,2
194264,17,550,415,2
194281,17,525,382,2
194297,17,538,396,2
194314,17,537,397,2
194331,17,540,390,2
194347,17,541,395,2
194364,17,542,397,2
194381,17,525,380,2
194397,17,537,399,2
194414,17,557,405,2
194430,17,543,404,2
194447,17,542,384,2
194464,17,539,387,2
194480,17,534,398,2
194497,17,546,467,3
194514,17,549,439,3
194530,17,541,443,3
194547,17,524,388,2
194564,17,543,382,2
194580,17,533,397,2
194597,17,549,403,2
194613,17,530,396,2
194630,17,528,398,2
194647,17,564,409,2
194663,17,564,405,2
194680,17,556,401,2
194697,17,543,413,2
194713,17,530,392,2
194730,17,504,410,2
194747,17,549,391,2
194763,17,523,405,2
194780,17,573,409,2
194796,17,630,427,3
194813,17,620,416,2
194830,17,642,483,3
194846,17,629,404,2
194863,17,625,432,3
194880,17,655,465,3
194896,17,594,462,3
194913,17,616,458,3
194930,17,614,467,3
194946,17,642,426,3
194963,17,627,408,2
194979,17,624,422,3
194996,17,640,455,3
195013,17,634,456,3
195029,17,632,411,2
195046,17,621,408,2
195063,17,617,346,0
195079,17,594,462,3
195096,17,571,440,3
195112,17,573,416,2
195129,17,589,415,2
195179,50,569,440,3
195196,17,582,400,2
195212,17,587,404,2
195229,17,590,411,2
195246,17,565,434,3
195262,17,587,400,2
195279,17,594,430,3
195295,17,579,409,2
195312,17,573,403,2
195329,17,574,410,2
195345,17,562,410,2
195362,17,563,420,5
195379,17,577,417,2
195395,17,567,401,2
195412,17,557,421,5
195429,17,566,434,3
195445,17,563,410,2
195462,17,562,409,2
195478,17,575,416,2
195495,17,563,429,3
195512,17,573,420,3
195528,17,569,432,3
195545,17,572,410,2
195562,17,574,401,2
195578,17,566,387,2
195595,17,564,411,2
195612,17,574,407,2
195628,17,556,419,5
195645,17,562,413,2
195661,17,563,425,3
195678,17,579,422,3
195695,17,560,406,2
195711,17,553,459,3
195728,17,572,421,3
195745,17,576,395,2
195761,17,561,411,2
195778,17,583,418,3
195795,17,573,419,3
195811,17,558,411,2
195828,17,548,417,5
195844,17,548,414,2
195861,17,585,484,3
195878,17,583,482,3
195894,17,554,387,2
195911,17,555,417,5
195928,17,563,418,5
195944,17,538,413,2
195961,17,516,390,2
195978,17,519,393,2
195994,17,523,393,2
196011,17,520,395,2
196027,17,529,408,2
196044,17,520,381,2
196061,17,512,408,2
196077,17,514,386,2
196094,17,509,384,2
196111,17,522,390,2
196127,17,507,398,2
196144,17,498,400,2
196160,17,488,412,2
196177,17,468,391,2
196194,17,463,388,2
196210,17,493,390,2
196227,17,470,417,2
196244,17,468,396,2
196260,17,466,395,2
196277,17,474,391,2
196294,17,467,384,2
196310,17,456,364,4
196327,17,441,402,2
196343,17,430,431,3
196360,17,427,412,2
196377,17,437,360,4
196393,17,412,405,2
196410,17,432,379,2
196427,17,418,375,2
196443,17,428,381,2
196460,17,432,386,2
196477,17,422,377,2
196493,17,432,377,2
196510,17,403,403,2
196526,17,690,421,3
196543,17,423,404,2
196560,17,436,403,2
196576,17,404,441,3
196593,17,405,406,2
196610,17,410,483,3
196626,17,424,805,0
196776,150,463,891,0
196793,17,154,512,3
196809,17,424,499,3
196826,17,423,318,4
196843,17,407,380,2
196859,17,416,400,2
196876,17,409,429,3
196892,17,425,442,3
196909,17,418,436,3
196926,17,413,464,3
196942,17,418,456,3
196959,17,395,489,3
196976,17,396,474,3
196992,17,413,428,3
197009,17,423,431,3
197026,17,407,455,3
197042,17,420,394,2
197059,17,410,426,3
197075,17,422,425,3
197092,17,415,435,3
197109,17,404,420,3
197125,17,431,425,3
197142,17,421,409,2
197159,17,405,407,2
197175,17,434,408,2
197192,17,421,427,3
197209,17,417,406,2
197225,17,403,373,2
197242,17,428,395,2
197258,17,410,362,0
197275,17,409,398,2
197292,17,418,422,3
197308,17,395,411,2
197325,17,415,315,0
197342,17,423,438,3
197358,17,423,371,2
197375,17,480,355,4
197391,17,491,353,4
197408,17,488,357,4
197425,17,514,361,4
197441,17,504,346,4
197458,17,499,343,4
197475,17,493,336,4
197491,17,501,354,4
197508,17,508,346,4
197525,17,513,343,4
197541,17,506,345,4
197558,17,485,368,2
197574,17,521,369,2
197591,17,510,389,2
197608,17,492,406,2
197624,17,501,332,4
197641,17,508,364,4
197658,17,489,321,4
197674,17,509,381,2
197691,17,499,342,4
197708,17,498,344,4
197724,17,499,316,4
197741,17,494,355,4
197757,17,506,323,4
197774,17,501,363,4
197791,17,519,359,4
197807,17,519,336,4
197824,17,503,354,4
197841,17,505,310,4
197857,17,506,368,2
197874,17,503,366,2
197891,17,493,325,4
197907,17,498,327,4
197924,17,505,343,4
197940,17,499,341,4
197957,17,512,390,2
197974,17,518,365,2
197990,17,562,373,2
198007,17,555,327,4
198024,17,548,332,4
198040,17,553,364,4
198057,17,548,351,4
198074,17,548,368,2
198090,17,560,394,2
198107,17,563,405,2
198123,17,548,385,2
198140,17,561,353,4
198157,17,570,385,2
198173,17,539,358,4
198190,17,551,381,2
198207,17,561,388,2
198223,17,552,379,2
198240,17,568,389,2
198257,17,545,402,2
198273,17,566,419,5
198290,17,563,407,2
198306,17,539,390,2
198323,17,523,352,4
198340,17,540,319,4
198356,17,535,330,4
198373,17,545,323,4
198390,17,543,328,4
198406,17,531,349,4
198423,17,519,339,4
198440,17,531,326,4
198456,17,515,333,4
198473,17,514,368,2
198489,17,523,374,2
198506,17,531,351,4
198523,17,514,345,4
198539,17,515,335,4
198556,17,503,319,4
198573,17,506,352,4
198589,17,509,318,4
198606,17,516,300,4
198622,17,512,333,4
198639,17,519,294,4
198656,17,521,299,4
198672,17,521,302,4
198689,17,516,302,4
198706,17,524,331,4
198722,17,530,327,4
198739,17,530,316,4
198756,17,522,299,4
198772,17,817,234,0
198789,17,531,315,4
198805,17,519,330,4
198822,17,866,219,0
198839,17,523,381,2
198855,17,530,327,4
198872,17,534,337,4
198889,17,516,336,4
198905,17,528,353,4
198922,17,840,226,0
198939,17,556,445,3
198955,17,556,440,3
198972,17,571,444,3
198988,17,550,457,3
199005,17,574,439,3
199022,17,583,454,3
199038,17,566,457,3
199055,17,564,471,3
199072,17,566,455,3
199088,17,789,327,0
199105,17,551,438,3
199122,17,564,441,3
199138,17,568,434,3
199155,17,550,451,3
199171,17,584,440,3
199188,17,584,467,3
199205,17,574,439,3
199221,17,556,458,3
199238,17,560,463,3
199255,17,577,453,3
199271,17,564,459,3
199288,17,565,479,3
199305,17,566,477,3
199321,17,566,443,3
199338,17,563,475,3
199354,17,568,441,3
199371,17,578,441,3
199388,17,558,412,2
199404,17,569,410,2
199421,17,558,434,3
199438,17,566,387,2
199454,17,551,425,3
199471,17,573,412,2
199488,17,572,423,3
199504,17,582,400,2
199521,17,541,374,2
199537,17,528,359,4
199554,17,515,304,4
199571,17,510,368,2
199587,17,524,356,4
199604,17,523,366,2
199621,17,557,367,2
199637,17,560,369,2
199654,17,532,369,2
199670,17,523,362,4
199687,17,522,374,2
199704,17,533,373,2
199720,17,516,371,2
199737,17,534,368,2
199754,17,521,392,2
199770,17,528,392,2
199787,17,542,385,2
199804,17,535,389,2
199820,17,521,416,2
199837,17,518,406,2
199853,17,531,374,2
199870,17,531,350,4
199887,17,510,375,2
199903,17,552,398,2
199920,17,559,398,2
199937,17,534,346,4
199953,17,530,345,4
199970,17,522,372,2
199987,17,504,334,4
200003,17,544,333,4
200020,17,521,352,4
200036,17,527,329,4
200053,17,445,413,2
200070,17,441,420,3
200086,17,435,462,3
200103,17,416,443,3
200120,17,435,409,2
200136,17,438,407,2
200153,17,427,495,3
200170,17,429,472,3
200186,17,435,458,3
200203,17,421,435,3
200219,17,410,430,3
200236,17,427,434,3
200253,17,415,430,3
200269,17,421,423,3
200286,17,438,438,3
200303,17,432,409,2
200319,17,437,431,3
200336,17,438,432,3
200353,17,413,401,2
200369,17,425,397,2
200386,17,434,400,2
200402,17,435,409,2
200419,17,435,399,2
200436,17,437,398,2
200452,17,413,410,2
200469,17,435,406,2
200486,17,440,423,3
200502,17,435,434,3
200519,17,425,406,2
200536,17,436,406,2
200552,17,446,422,3
200569,17,432,432,3
200585,17,405,424,3
200602,17,395,426,3
200619,17,404,411,2
200635,17,408,415,2
200652,17,425,412,2
200669,17,404,393,2
200685,17,410,420,3
200702,17,411,447,3
200719,17,412,423,3
200735,17,423,421,3
200752,17,419,434,3
200768,17,419,406,2
200785,17,422,435,3
200802,17,389,434,3
200818,17,406,436,3
200835,17,405,446,3
200852,17,406,464,3
200868,17,409,433,3
200885,17,392,431,3
200901,17,415,439,3
200918,17,417,362,4
200935,17,405,436,3
200951,17,403,463,3
200968,17,401,465,3
200985,17,410,432,3
201001,17,423,443,3
201018,17,413,433,3
201035,17,427,434,3
201051,17,408,437,3
201068,17,412,406,2
201084,17,392,443,3
201101,17,408,421,3
201118,17,512,415,2
201134,17,511,420,5
201151,17,477,380,2
201168,17,469,369,2
201184,17,459,403,2
201201,17,461,368,2
201218,17,472,374,2
201234,17,482,358,4
201251,17,523,809,0
201384,133,832,563,3
201401,17,547,427,3
201417,17,539,301,4
201434,17,485,291,4
201450,17,520,295,4
201467,17,550,300,4
201484,17,532,320,4
201500,17,532,321,4
201517,17,536,326,4
201534,17,515,318,4
201550,17,537,345,4
201567,17,508,338,4
201584,17,547,324,4
201600,17,544,323,4
201617,17,524,336,4
201633,17,537,322,4
201650,17,538,340,4
201667,17,529,327,4
201683,17,513,299,4
201700,17,525,325,4
201717,17,531,314,4
201733,17,537,331,4
201750,17,514,342,4
201767,17,530,308,4
201783,17,515,316,4
201800,17,560,374,2
201816,17,555,415,2
201833,17,555,406,2
201850,17,568,417,5
201866,17,571,463,3
201883,17,563,420,5
201900,17,562,416,2
201916,17,211,221,0
201933,17,814,503,3
201949,17,585,426,3
201966,17,570,459,3
201983,17,554,414,2
201999,17,580,439,3
202016,17,568,421,5
202033,17,559,409,2
202049,17,564,417,5
202066,17,563,427,3
202083,17,561,428,3
202099,17,560,429,3
202116,17,573,409,2
202132,17,567,405,2
202149,17,576,428,3
202166,17,576,417,2
202182,17,566,413,2
202199,17,560,422,3
202216,17,575,411,2
202232,17,570,413,2
202249,17,563,414,2
202266,17,565,424,3
202282,17,565,427,3
202299,17,565,412,2
202315,17,565,436,3
202332,17,570,445,3
202349,17,571,433,3
202365,17,566,424,3
202382,17,565,428,3
202399,17,561,420,5
202415,17,560,426,3
202432,17,560,432,3
202449,17,573,436,3
202465,17,576,438,3
202482,17,562,404,2
202498,17,565,417,5
202515,17,579,425,3
202532,17,578,431,3
202548,17,549,441,3
202565,17,562,420,5
202582,17,562,425,3
202598,17,568,421,5
202615,17,555,424,3
202632,17,562,447,3
202648,17,568,426,3
202665,17,564,428,3
202681,17,557,413,2
202698,17,571,445,3
202715,17,558,406,2
202731,17,570,424,3
202748,17,556,437,3
202765,17,548,428,3
202781,17,563,423,3
202798,17,551,419,5
202815,17,565,430,3
202831,17,561,434,3
202848,17,569,421,5
202864,17,561,438,3
202881,17,569,433,3
202898,17,564,448,3
202914,17,568,414,2
202931,17,575,415,2
202948,17,561,425,3
202964,17,565,417,5
202981,17,551,417,5
202998,17,558,449,3
203014,17,550,452,3
203031,17,547,449,3
203047,17,564,414,2
203064,17,564,430,3
203081,17,567,444,3
203097,17,557,452,3
203114,17,570,436,3
203131,17,567,431,3
203147,17,573,429,3
203164,17,567,452,3
203180,17,557,437,3
203197,17,573,421,3
203214,17,556,416,2
203230,17,570,447,3
203247,17,561,428,3
203264,17,558,428,3
203280,17,135,199,0
203297,17,587,442,3
203314,17,565,421,5
203330,17,582,418,3
203347,17,185,210,0
203363,17,576,438,3
203380,17,537,411,2
203397,17,559,435,3
203413,17,565,424,3
203430,17,571,392,2
203447,17,551,390,2
203463,17,551,364,4
203480,17,561,387,2
203497,17,554,386,2
203513,17,567,364,4
203530,17,542,352,4
203546,17,543,372,2
203563,17,560,387,2
203580,17,554,369,2
203596,17,565,368,2
203613,17,547,369,2
203630,17,567,359,4
203646,17,554,374,2
203663,17,531,379,2
203680,17,530,382,2
203696,17,549,362,4
203713,17,539,369,2
203729,17,548,367,2
203746,17,542,331,4
203763,17,552,360,4
203779,17,550,329,4
203796,17,541,375,2
203813,17,554,376,2
