Time (ms),Timegap (ms),Gaze X,Gaze Y,AOI
0,0,549,482,3
17,17,572,371,2
33,17,574,300,4
50,17,581,207,1
67,17,571,322,4
83,17,572,323,4
100,17,563,332,4
116,17,499,387,2
133,17,456,427,3
150,17,480,422,3
166,17,478,439,3
183,17,466,431,3
200,17,460,432,3
216,17,474,435,3
233,17,476,432,3
250,17,468,424,3
266,17,476,423,3
283,17,467,434,3
299,17,473,419,3
316,17,402,520,3
333,17,370,640,3
349,17,334,730,3
366,17,322,795,0
383,17,319,766,3
399,17,323,793,0
416,17,320,761,3
433,17,327,814,0
449,17,317,766,3
466,17,306,790,0
482,17,312,784,0
499,17,324,821,0
516,17,312,843,0
532,17,293,814,0
549,17,269,911,0
566,17,266,883,0
582,17,262,924,0
599,17,261,907,0
615,17,270,904,0
632,17,276,906,0
649,17,268,874,0
665,17,259,900,0
682,17,239,927,0
699,17,273,920,0
715,17,273,904,0
732,17,263,910,0
749,17,264,899,0
765,17,408,929,0
782,17,476,970,0
798,17,496,944,0
815,17,496,940,0
832,17,507,933,0
848,17,507,927,0
865,17,503,945,0
882,17,528,935,0
898,17,537,916,0
915,17,506,947,0
932,17,502,936,0
948,17,535,907,0
965,17,531,915,0
981,17,500,910,0
998,17,530,917,0
1015,17,523,959,0
1031,17,568,915,0
1048,17,583,909,0
1065,17,562,924,0
1081,17,548,937,0
1098,17,538,973,0
1115,17,536,948,0
1131,17,580,918,0
1148,17,552,959,0
1164,17,577,969,0
1181,17,570,919,0
1198,17,581,902,0
1214,17,567,901,0
1231,17,557,621,3
1248,17,547,433,3
1264,17,549,410,2
1281,17,547,394,2
1298,17,541,393,2
1314,17,548,405,2
1331,17,553,406,2
1347,17,562,385,2
1364,17,544,390,2
1381,17,545,386,2
1397,17,552,390,2
1414,17,544,393,2
1431,17,548,368,2
1447,17,549,372,2
1464,17,555,371,2
1481,17,547,375,2
1497,17,551,365,2
1514,17,556,372,2
1530,17,548,365,2
1547,17,546,367,2
1564,17,612,333,4
1580,17,628,339,0
1597,17,623,324,0
1614,17,629,312,0
1630,17,620,318,0
1647,17,623,321,0
1664,17,626,311,0
1680,17,636,321,0
1697,17,614,345,0
1713,17,629,311,0
1730,17,560,350,4
1747,17,618,318,0
1763,17,617,323,0
1780,17,600,329,4
1797,17,510,332,4
1813,17,413,359,0
1830,17,430,362,4
1846,17,431,348,4
1863,17,418,346,4
1880,17,412,367,2
1896,17,412,358,0
1913,17,406,360,0
1930,17,413,346,0
1946,17,355,314,0
1963,17,414,347,0
1980,17,359,307,0
1996,17,400,367,2
2013,17,359,326,0
2029,17,419,361,4
2046,17,415,363,0
2063,17,358,307,0
2096,33,405,361,0
2113,17,420,339,4
2129,17,416,352,4
2146,17,356,303,0
2163,17,358,296,0
2179,17,414,339,0
2196,17,418,354,4
2212,17,488,334,4
2229,17,466,278,0
2246,17,544,310,4
2262,17,540,348,4
2279,17,532,330,4
2296,17,535,339,4
2312,17,542,334,4
2329,17,539,332,4
2346,17,541,333,4
2362,17,543,341,4
2379,17,548,313,4
2395,17,542,334,4
2412,17,536,352,4
2429,17,532,330,4
2445,17,538,319,4
2462,17,543,328,4
2479,17,537,330,4
2495,17,538,313,4
2512,17,547,337,4
2529,17,543,335,4
2545,17,558,333,4
2562,17,553,307,4
2578,17,547,328,4
2595,17,541,315,4
2612,17,541,333,4
2628,17,539,345,4
2645,17,551,320,4
2662,17,538,354,4
2678,17,547,335,4
2695,17,542,337,4
2712,17,548,333,4
2728,17,540,318,4
2745,17,543,341,4
2761,17,546,341,4
2778,17,562,334,4
2795,17,559,321,4
2811,17,556,327,4
2828,17,561,338,4
2845,17,562,332,4
2861,17,564,329,4
2878,17,558,344,4
2894,17,551,324,4
2911,17,555,338,4
2928,17,560,350,4
2944,17,563,334,4
2961,17,556,353,4
2978,17,564,335,4
2994,17,562,338,4
3011,17,562,358,4
3028,17,547,334,4
3044,17,557,359,4
3061,17,564,331,4
3077,17,555,342,4
3094,17,560,341,4
3111,17,567,322,4
3127,17,559,335,4
3144,17,556,358,4
3161,17,566,331,4
3177,17,561,356,4
3194,17,565,347,4
3211,17,562,333,4
3227,17,567,344,4
3244,17,562,371,2
3260,17,565,339,4
3277,17,551,369,2
3294,17,558,357,4
3310,17,571,359,4
3327,17,577,347,4
3344,17,588,337,4
3360,17,593,290,4
3377,17,588,304,4
3394,17,583,320,4
3410,17,589,312,4
3427,17,584,318,4
3443,17,581,313,4
3460,17,586,289,4
3477,17,585,324,4
3493,17,584,321,4
3510,17,573,320,4
3527,17,590,315,4
3543,17,595,328,4
3560,17,584,322,4
3577,17,567,341,4
3593,17,516,316,4
3610,17,503,326,4
3626,17,498,327,4
3643,17,500,325,4
3660,17,501,329,4
3676,17,486,338,4
3693,17,499,333,4
3710,17,504,319,4
3726,17,496,340,4
3743,17,499,330,4
3760,17,504,325,4
3776,17,499,315,4
3793,17,497,340,4
3809,17,498,319,4
3826,17,505,326,4
3843,17,513,317,4
3859,17,563,324,4
3876,17,581,319,4
3893,17,583,330,4
3909,17,590,318,4
3926,17,592,312,4
3943,17,587,343,4
3959,17,581,329,4
3976,17,579,335,4
3992,17,583,330,4
4009,17,588,315,4
4026,17,593,332,4
4042,17,578,318,4
4059,17,591,337,4
4076,17,585,321,4
4092,17,567,334,4
4109,17,540,403,2
4125,17,536,408,2
4142,17,529,417,5
4159,17,533,410,2
4175,17,536,404,2
4192,17,540,404,2
4209,17,537,395,2
4225,17,530,403,2
4242,17,524,418,5
4259,17,529,407,2
4275,17,544,403,2
4292,17,536,429,3
4308,17,538,420,5
4325,17,531,408,2
4342,17,533,416,2
4358,17,533,409,2
4375,17,536,401,2
4392,17,534,412,2
4408,17,530,423,3
4425,17,533,402,2
4442,17,529,436,3
4458,17,550,391,2
4475,17,559,342,4
4491,17,565,356,4
4508,17,566,373,2
4525,17,576,343,4
4541,17,574,347,4
4558,17,570,351,4
4575,17,568,353,4
4591,17,580,352,4
4608,17,566,364,4
4625,17,555,355,4
4641,17,565,374,2
4658,17,569,341,4
4674,17,568,350,4
4691,17,568,357,4
4708,17,587,331,4
4724,17,580,346,4
4741,17,582,351,4
4758,17,577,326,4
4774,17,578,346,4
4791,17,580,350,4
4808,17,578,359,4
4824,17,574,356,4
4841,17,576,343,4
4857,17,572,338,4
4874,17,579,343,4
4891,17,581,344,4
4907,17,578,357,4
4924,17,515,384,2
4941,17,520,430,3
4957,17,516,431,3
4974,17,519,414,2
4991,17,511,422,3
5007,17,519,459,3
5024,17,526,432,3
5040,17,526,428,3
5057,17,531,438,3
5074,17,499,459,3
5090,17,522,433,3
5107,17,527,435,3
5124,17,532,424,3
5140,17,523,440,3
5157,17,524,413,2
5174,17,518,425,3
5190,17,520,430,3
5207,17,521,430,3
5223,17,526,435,3
5240,17,532,401,2
5257,17,529,423,3
5273,17,529,450,3
5290,17,528,437,3
5307,17,528,426,3
5323,17,533,426,3
5340,17,533,394,2
5356,17,529,417,5
5373,17,531,425,3
5390,17,528,433,3
5406,17,532,438,3
5423,17,561,332,4
5440,17,585,343,4
5456,17,582,318,4
5473,17,584,322,4
5490,17,578,318,4
5506,17,572,334,4
5523,17,581,307,4
5539,17,584,328,4
5556,17,582,324,4
5573,17,586,343,4
5589,17,590,331,4
5606,17,579,329,4
5623,17,583,326,4
5639,17,570,346,4
5656,17,564,328,4
5673,17,593,319,4
5689,17,585,322,4
5706,17,570,334,4
5722,17,589,329,4
5739,17,590,311,4
5756,17,586,323,4
5772,17,593,320,4
5789,17,584,321,4
5806,17,588,318,4
5822,17,584,312,4
5839,17,595,339,4
5856,17,588,316,4
5872,17,587,333,4
5889,17,587,317,4
5905,17,585,339,4
5922,17,578,319,4
5939,17,580,337,4
5955,17,577,352,4
5972,17,568,342,4
5989,17,588,336,4
6005,17,586,329,4
6022,17,569,317,4
6039,17,588,338,4
6055,17,587,326,4
6072,17,590,329,4
6088,17,592,333,4
6105,17,589,329,4
6122,17,588,340,4
6138,17,573,335,4
6155,17,576,348,4
6172,17,575,349,4
6188,17,586,319,4
6205,17,586,345,4
6222,17,589,325,4
6238,17,588,333,4
6255,17,569,343,4
6271,17,587,335,4
6288,17,575,337,4
6305,17,588,322,4
6321,17,588,302,4
6338,17,593,335,4
6355,17,584,346,4
6371,17,577,333,4
6388,17,592,309,4
6404,17,581,603,3
6637,233,509,526,3
6654,17,501,373,2
6671,17,521,279,0
6687,17,518,307,4
6704,17,515,326,4
6721,17,515,342,4
6737,17,515,324,4
6754,17,523,322,4
6770,17,538,329,4
6787,17,525,343,4
6804,17,535,338,4
6820,17,532,351,4
6837,17,533,356,4
6854,17,533,355,4
6870,17,531,354,4
6887,17,548,336,4
6904,17,534,341,4
6920,17,537,356,4
6937,17,535,369,2
6953,17,533,349,4
6970,17,531,340,4
6987,17,525,351,4
7003,17,528,348,4
7020,17,536,349,4
7037,17,543,337,4
7053,17,554,317,4
7070,17,542,341,4
7087,17,548,338,4
7103,17,556,318,4
7120,17,555,328,4
7136,17,547,343,4
7153,17,549,345,4
7170,17,547,321,4
7186,17,557,332,4
7203,17,551,334,4
7220,17,530,343,4
7236,17,553,353,4
7253,17,555,330,4
7270,17,560,331,4
7286,17,556,338,4
7303,17,544,343,4
7319,17,548,326,4
7336,17,560,318,4
7353,17,596,289,4
7369,17,601,279,0
7386,17,591,286,0
7403,17,586,296,4
7419,17,595,282,0
7436,17,595,304,4
7453,17,590,302,4
7469,17,590,310,4
7486,17,601,271,0
7502,17,590,263,0
7519,17,592,296,4
7536,17,590,290,4
7552,17,583,312,4
7569,17,593,288,4
7586,17,586,300,4
7602,17,596,276,0
7619,17,586,294,4
7635,17,588,308,4
7652,17,598,284,0
7669,17,592,267,0
7685,17,590,309,4
7702,17,599,275,0
7719,17,584,292,4
7735,17,507,307,4
7752,17,476,298,4
7769,17,473,310,4
7785,17,469,321,4
7802,17,470,308,4
7818,17,489,295,4
7835,17,473,322,4
7852,17,469,303,4
7868,17,474,294,4
7885,17,475,321,4
7902,17,477,309,4
7918,17,465,315,4
7935,17,481,310,4
7952,17,485,325,4
7968,17,466,309,4
7985,17,480,304,4
8001,17,467,291,4
8018,17,489,325,4
8035,17,473,326,4
8051,17,487,322,4
8068,17,504,382,2
8085,17,526,436,3
8101,17,529,420,5
8118,17,548,408,2
8135,17,521,427,3
8151,17,533,424,3
8168,17,528,432,3
8184,17,542,430,3
8201,17,523,439,3
8218,17,542,432,3
8234,17,535,433,3
8251,17,516,443,3
8268,17,543,425,3
8284,17,535,426,3
8301,17,533,439,3
8318,17,539,425,3
8334,17,545,422,3
8351,17,540,411,2
8367,17,539,415,2
8384,17,533,445,3
8401,17,525,427,3
8417,17,531,426,3
8434,17,536,424,3
8451,17,532,424,3
8467,17,542,418,5
8484,17,538,438,3
8501,17,538,376,2
8517,17,541,330,4
8534,17,561,321,4
8550,17,547,314,4
8567,17,552,333,4
8584,17,557,343,4
8600,17,543,326,4
8617,17,551,323,4
8634,17,549,327,4
8650,17,540,329,4
8667,17,542,338,4
8683,17,543,337,4
8700,17,576,326,4
8717,17,580,325,4
8733,17,582,316,4
8750,17,576,322,4
8767,17,566,309,4
8783,17,576,323,4
8800,17,585,319,4
8817,17,578,293,4
8833,17,573,316,4
8850,17,576,325,4
8866,17,580,299,4
8883,17,577,304,4
8900,17,576,304,4
8916,17,578,321,4
8933,17,579,311,4
8950,17,579,306,4
8966,17,577,302,4
8983,17,580,325,4
9000,17,577,316,4
9016,17,584,315,4
9033,17,580,321,4
9049,17,577,316,4
9066,17,577,322,4
9083,17,572,321,4
9099,17,578,302,4
9116,17,578,298,4
9133,17,580,311,4
9149,17,578,313,4
9166,17,571,333,4
9183,17,572,321,4
9199,17,577,333,4
9216,17,577,307,4
9232,17,571,330,4
9249,17,568,322,4
9266,17,572,321,4
9282,17,581,315,4
9299,17,564,353,4
9316,17,575,313,4
9332,17,586,298,4
9349,17,543,306,4
9366,17,516,269,0
9382,17,512,243,1
9399,17,508,270,0
9415,17,510,259,1
9432,17,519,253,1
9482,0,503,271,0
9482,50,503,271,0
9499,17,505,250,1
9515,17,515,267,0
9532,17,517,253,1
9549,17,512,262,0
9565,17,504,240,1
9582,17,504,260,0
9598,17,507,266,0
9615,17,519,268,0
9632,17,503,257,1
9648,17,492,231,1
9665,17,478,254,1
9682,17,491,227,1
9698,17,502,229,1
9715,17,488,223,1
9732,17,490,246,1
9748,17,500,223,1
9765,17,495,227,1
9781,17,505,236,1
9798,17,498,229,1
9815,17,507,208,1
9831,17,500,225,1
9865,33,503,226,1
9881,17,504,233,1
9898,17,503,237,1
9914,17,509,217,1
9931,17,501,228,1
9948,17,486,255,1
9964,17,502,231,1
9981,17,497,235,1
9998,17,502,218,1
10014,17,499,233,1
10031,17,501,224,1
10048,17,519,245,1
10064,17,542,290,4
10081,17,567,317,4
10097,17,540,293,4
10114,17,561,307,4
10131,17,553,304,4
10147,17,547,320,4
10164,17,550,324,4
10181,17,559,307,4
10197,17,558,305,4
10214,17,560,306,4
10231,17,549,327,4
10247,17,559,311,4
10264,17,556,301,4
10280,17,549,323,4
10297,17,557,317,4
10314,17,532,367,2
10330,17,530,381,2
10347,17,529,386,2
10364,17,531,365,2
10380,17,528,381,2
10397,17,529,388,2
10414,17,515,395,2
10430,17,533,396,2
10447,17,524,384,2
10463,17,526,369,2
10480,17,656,429,3
10497,17,724,497,3
10613,116,1025,899,0
10630,17,1038,895,0
10646,17,1018,856,0
10663,17,993,899,0
10680,17,1014,837,0
10696,17,1019,829,0
10713,17,997,839,0
10730,17,1019,819,0
10746,17,949,868,0
10763,17,1011,834,0
10780,17,1045,777,0
10796,17,1084,756,0
10813,17,1066,768,0
10829,17,1069,757,0
10846,17,1075,768,0
10863,17,1061,768,0
10879,17,1070,767,0
10896,17,1065,766,0
10913,17,1077,770,0
10929,17,1093,759,0
10946,17,1057,810,0
10962,17,1075,778,0
10979,17,1146,861,0
11129,150,470,614,3
11145,17,496,397,2
11162,17,517,389,2
11179,17,503,400,2
11195,17,499,395,2
11212,17,508,400,2
11229,17,503,387,2
11245,17,500,394,2
11262,17,510,386,2
11279,17,515,398,2
11295,17,494,399,2
11312,17,496,405,2
11328,17,496,423,3
11345,17,484,411,2
11362,17,539,380,2
11378,17,562,349,4
11395,17,570,343,4
11412,17,566,331,4
11428,17,582,306,4
11445,17,574,332,4
11462,17,578,321,4
11478,17,589,320,4
11495,17,575,312,4
11511,17,584,313,4
11528,17,586,309,4
11545,17,580,314,4
11561,17,563,491,3
11578,17,565,625,3
11927,349,504,499,3
11944,17,546,303,4
11961,17,534,303,4
11977,17,541,279,0
11994,17,538,289,4
12011,17,539,263,0
12027,17,549,287,0
12044,17,546,288,4
12060,17,542,298,4
12077,17,543,277,0
12094,17,542,295,4
12110,17,560,308,4
12127,17,584,293,4
12144,17,590,313,4
12160,17,577,310,4
12177,17,590,298,4
12193,17,596,314,4
12210,17,574,297,4
12227,17,573,294,4
12243,17,584,289,4
12260,17,585,308,4
12277,17,581,294,4
12293,17,586,303,4
12310,17,584,304,4
12327,17,586,284,0
12343,17,597,298,4
12360,17,526,326,4
12376,17,493,336,4
12393,17,490,409,2
12410,17,488,403,2
12426,17,495,533,3
12676,250,495,455,3
12693,17,494,614,3
12709,17,521,407,2
12726,17,530,394,2
12742,17,544,344,4
12759,17,519,379,2
12776,17,532,377,2
12792,17,528,403,2
12809,17,537,389,2
12826,17,542,369,2
12842,17,582,318,4
12859,17,600,280,0
12876,17,608,275,0
12892,17,599,281,0
12909,17,597,271,0
12925,17,599,279,0
12942,17,605,280,0
12959,17,601,282,0
12975,17,615,290,0
12992,17,597,287,0
13009,17,601,302,4
13025,17,593,304,4
13042,17,598,275,0
13059,17,590,290,4
13075,17,596,287,0
13092,17,586,292,4
13108,17,603,295,4
13125,17,593,283,0
13142,17,595,298,4
13158,17,593,297,4
13175,17,596,286,0
13192,17,597,280,0
13208,17,595,295,4
13225,17,600,297,4
13241,17,595,287,0
13258,17,607,268,0
13275,17,607,277,0
13291,17,560,309,4
13308,17,496,310,4
13325,17,484,310,4
13341,17,488,306,4
13358,17,473,326,4
13375,17,474,313,4
13391,17,478,330,4
13408,17,478,295,4
13424,17,484,309,4
13441,17,471,331,4
13458,17,479,304,4
13474,17,478,317,4
13491,17,481,301,4
13508,17,475,302,4
13524,17,475,330,4
13541,17,485,301,4
13558,17,489,312,4
13574,17,554,312,4
13591,17,589,316,4
13607,17,595,289,4
13624,17,592,296,4
13641,17,595,286,0
13657,17,591,300,4
13674,17,588,313,4
13691,17,595,285,0
13707,17,590,310,4
13724,17,588,292,4
13741,17,591,285,0
13757,17,593,285,0
13774,17,593,295,4
13790,17,588,292,4
13807,17,600,291,4
13824,17,605,288,4
13840,17,592,286,0
13857,17,588,293,4
13874,17,593,290,4
13890,17,588,295,4
13907,17,590,311,4
13924,17,609,278,0
13940,17,589,301,4
13957,17,591,299,4
13973,17,582,299,4
13990,17,599,299,4
14007,17,595,296,4
14023,17,586,321,4
14040,17,593,298,4
14057,17,596,292,4
14073,17,600,296,4
14090,17,592,276,0
14107,17,583,306,4
14123,17,563,313,4
14140,17,548,365,2
14156,17,546,386,2
14173,17,544,373,2
14190,17,544,378,2
14206,17,542,394,2
14223,17,532,411,2
14240,17,543,402,2
14256,17,538,373,2
14273,17,539,394,2
14290,17,532,389,2
14306,17,547,379,2
14323,17,541,378,2
14339,17,532,396,2
14356,17,533,387,2
14373,17,535,386,2
14389,17,527,395,2
14406,17,535,394,2
14423,17,529,373,2
14439,17,551,385,2
14456,17,510,414,2
14472,17,451,432,3
15204,732,919,813,0
15221,17,922,620,3
15238,17,933,612,3
15254,17,920,876,0
15537,283,547,602,3
15554,17,574,386,2
15570,17,561,371,2
15587,17,581,351,4
15604,17,549,381,2
15620,17,577,362,4
15637,17,560,357,4
15654,17,568,362,4
15670,17,561,358,4
15687,17,564,374,2
15703,17,551,377,2
15720,17,564,367,2
15737,17,564,367,2
15753,17,572,330,4
15770,17,581,336,4
15787,17,582,337,4
15803,17,570,329,4
15820,17,579,334,4
15837,17,588,328,4
15853,17,570,455,3
15870,17,548,625,3
16036,166,530,367,2
16053,17,534,421,5
16069,17,569,306,4
16086,17,573,302,4
16103,17,573,282,0
16119,17,571,280,0
16136,17,576,277,0
16153,17,583,291,4
16169,17,574,302,4
16186,17,573,300,4
16203,17,571,302,4
16219,17,561,333,4
16236,17,585,295,4
16252,17,575,306,4
16269,17,565,313,4
16286,17,579,309,4
16302,17,586,298,4
16319,17,581,322,4
16336,17,585,282,0
16352,17,587,302,4
16369,17,572,325,4
16386,17,578,310,4
16402,17,581,317,4
16419,17,559,319,4
16435,17,517,445,3
16452,17,511,423,3
16469,17,526,446,3
16485,17,525,425,3
16502,17,517,431,3
16519,17,527,428,3
16535,17,508,437,3
16552,17,530,430,3
16569,17,525,443,3
16585,17,504,441,3
16602,17,524,433,3
16618,17,565,447,3
16635,17,734,514,3
16652,17,829,595,3
16668,17,924,675,3
16685,17,993,705,3
16702,17,982,701,3
16718,17,977,727,3
16735,17,997,722,3
16751,17,992,714,3
16768,17,982,715,3
16785,17,974,716,3
16801,17,982,713,3
16818,17,982,707,3
16835,17,1027,726,0
16851,17,1009,766,3
16868,17,1062,780,0
16885,17,1042,761,0
16901,17,1028,760,0
16918,17,1039,758,0
16934,17,1035,773,0
16951,17,1036,775,0
16968,17,1047,779,0
16984,17,1041,773,0
17001,17,1033,781,0
17018,17,1031,799,0
17034,17,1060,734,0
17051,17,1040,820,0
17068,17,1041,785,0
17084,17,1036,784,0
17101,17,1036,791,0
17117,17,1051,790,0
17134,17,1049,787,0
17151,17,1051,792,0
17167,17,1050,787,0
17184,17,1056,785,0
17201,17,1054,791,0
17217,17,1053,798,0
17234,17,1063,785,0
17251,17,1044,745,0
17267,17,1058,780,0
17284,17,1040,789,0
17300,17,1041,778,0
17317,17,1041,768,0
17334,17,989,761,3
17350,17,940,785,0
17583,233,489,513,3
17600,17,488,447,3
17617,17,476,345,4
17633,17,528,307,4
17650,17,527,305,4
17666,17,528,331,4
17683,17,520,329,4
17700,17,533,321,4
17716,17,515,359,4
17733,17,513,339,4
17750,17,560,334,4
17766,17,584,316,4
17783,17,584,306,4
17800,17,587,297,4
17816,17,589,316,4
17833,17,595,293,4
17849,17,587,294,4
17866,17,590,315,4
17883,17,587,307,4
17899,17,584,341,4
17916,17,588,305,4
17933,17,592,290,4
17949,17,591,317,4
17966,17,593,307,4
17982,17,537,388,2
17999,17,525,448,3
18016,17,515,436,3
18032,17,528,450,3
18049,17,514,442,3
18066,17,525,451,3
18082,17,545,441,3
18099,17,528,433,3
18116,17,529,441,3
18132,17,531,442,3
18149,17,531,425,3
18165,17,542,430,3
18182,17,536,427,3
18199,17,518,432,3
18215,17,536,444,3
18232,17,532,437,3
18249,17,525,464,3
18265,17,515,446,3
18282,17,545,418,5
18299,17,526,446,3
18315,17,511,460,3
18332,17,523,456,3
18348,17,525,437,3
18365,17,525,386,2
18382,17,526,374,2
18398,17,524,375,2
18415,17,534,374,2
18432,17,523,397,2
18448,17,531,363,4
18465,17,546,373,2
18482,17,529,368,2
18498,17,527,386,2
18515,17,528,388,2
18531,17,528,429,3
18548,17,524,593,3
18565,17,524,759,3
18581,17,517,916,0
18598,17,554,954,0
18615,17,530,976,0
18631,17,533,973,0
18648,17,538,974,0
18665,17,549,965,0
18681,17,539,985,0
18698,17,538,972,0
18714,17,538,997,0
18731,17,541,979,0
18748,17,541,966,0
18764,17,559,946,0
18781,17,568,946,0
18798,17,565,948,0
18814,17,570,952,0
18831,17,570,945,0
18848,17,554,942,0
18864,17,570,956,0
18881,17,571,954,0
18897,17,573,948,0
18914,17,570,953,0
18931,17,566,966,0
18947,17,560,947,0
18964,17,566,945,0
18981,17,574,949,0
18997,17,584,982,0
19014,17,558,966,0
19030,17,566,930,0
19047,17,573,928,0
19064,17,573,930,0
19080,17,561,929,0
19097,17,590,1072,0
19430,333,527,481,3
19446,17,530,461,3
19463,17,534,522,3
19480,17,550,491,3
19496,17,548,460,3
19513,17,546,458,3
19530,17,548,455,3
19546,17,549,473,3
19563,17,546,469,3
19579,17,555,469,3
19596,17,545,470,3
19613,17,554,408,2
19629,17,566,333,4
19646,17,564,364,4
19663,17,559,324,4
19679,17,563,332,4
19696,17,553,343,4
19713,17,561,337,4
19729,17,561,349,4
19746,17,565,336,4
19762,17,578,340,4
19779,17,574,338,4
19796,17,574,320,4
19812,17,567,319,4
19829,17,570,314,4
19846,17,575,312,4
19862,17,569,305,4
19879,17,566,315,4
19896,17,570,312,4
19912,17,571,324,4
19929,17,576,325,4
19945,17,558,318,4
19962,17,572,324,4
19979,17,560,316,4
19995,17,580,294,4
20012,17,570,318,4
20029,17,571,299,4
20045,17,577,317,4
20062,17,577,309,4
20079,17,573,329,4
20095,17,564,320,4
20112,17,580,302,4
20128,17,583,321,4
20145,17,582,309,4
20162,17,577,318,4
20178,17,575,304,4
20195,17,569,302,4
20212,17,577,332,4
20228,17,583,316,4
20245,17,583,319,4
20261,17,577,348,4
20278,17,577,313,4
20295,17,577,318,4
20311,17,575,333,4
20328,17,573,326,4
20345,17,572,353,4
20361,17,585,329,4
20378,17,576,319,4
20395,17,585,708,3
20711,316,655,989,0
20727,17,611,963,0
20744,17,592,930,0
20761,17,596,866,0
20777,17,602,893,0
20794,17,602,921,0
20810,17,594,882,0
20827,17,600,891,0
20844,17,604,888,0
20860,17,601,865,0
20877,17,541,977,0
20894,17,610,909,0
21110,216,941,937,0
21127,17,812,626,3
21143,17,812,587,3
21160,17,798,583,3
21176,17,800,581,3
21193,17,791,620,3
21210,17,805,588,3
21226,17,803,594,3
21243,17,809,593,3
21260,17,795,594,3
21276,17,799,607,3
21293,17,809,620,3
21526,233,765,646,3
21542,17,747,590,3
21559,17,756,634,3
21576,17,764,625,3
21592,17,762,629,3
21609,17,766,641,3
21626,17,760,642,3
21642,17,758,642,3
21659,17,765,625,3
21675,17,761,644,3
21692,17,761,644,3
21709,17,778,643,3
21725,17,911,724,3
21742,17,977,741,3
21759,17,1057,768,0
21775,17,1054,734,0
21792,17,1064,748,0
21809,17,1051,754,0
21825,17,1055,770,0
21842,17,1050,752,0
21858,17,1035,769,0
21875,17,1033,807,0
21892,17,1046,756,0
21908,17,1039,766,0
21925,17,1053,748,0
21942,17,1059,744,0
21958,17,1064,769,0
21975,17,1067,745,0
21992,17,1086,738,0
22008,17,1079,757,0
22025,17,1069,750,0
22041,17,1078,774,0
22058,17,1066,741,0
22075,17,1075,736,0
22091,17,1068,776,0
22108,17,1077,728,0
22125,17,1083,740,0
22141,17,1081,739,0
22158,17,1071,752,0
22175,17,1065,816,0
22191,17,1067,735,0
22208,17,1040,855,0
22374,166,540,584,3
22391,17,562,485,3
22407,17,565,449,3
22424,17,565,465,3
22441,17,568,476,3
22457,17,565,461,3
22474,17,560,469,3
22491,17,558,486,3
22507,17,561,479,3
22524,17,556,515,3
22757,233,548,629,3
22773,17,562,420,5
22790,17,565,362,4
22807,17,555,378,2
22823,17,559,392,2
22840,17,527,530,3
23089,250,532,495,3
23106,17,566,348,4
23123,17,567,344,4
23139,17,582,349,4
23156,17,569,356,4
23173,17,575,332,4
23189,17,586,329,4
23206,17,563,356,4
23223,17,566,340,4
23239,17,569,325,4
23256,17,580,344,4
23272,17,583,324,4
23289,17,574,339,4
23306,17,585,341,4
23322,17,575,338,4
23339,17,570,337,4
23356,17,584,349,4
23372,17,574,338,4
23389,17,561,369,2
23406,17,582,351,4
23422,17,533,353,4
23439,17,483,359,4
23455,17,468,341,4
23472,17,460,356,4
23489,17,475,336,4
23505,17,475,330,4
23522,17,467,342,4
23539,17,471,348,4
23555,17,463,335,4
23572,17,464,335,4
23588,17,448,344,4
23605,17,468,323,4
23622,17,474,328,4
23638,17,547,301,4
23655,17,569,323,4
23672,17,585,306,4
23688,17,586,305,4
23705,17,584,296,4
23722,17,582,316,4
23738,17,584,308,4
23755,17,585,310,4
23771,17,588,308,4
23788,17,594,287,0
23805,17,587,273,0
23821,17,584,322,4
23838,17,593,303,4
23855,17,594,308,4
23871,17,587,311,4
23888,17,594,317,4
23905,17,593,321,4
23921,17,589,283,0
23938,17,592,308,4
23954,17,592,304,4
23971,17,591,315,4
23988,17,549,355,4
24004,17,537,448,3
24021,17,524,443,3
24038,17,517,454,3
24054,17,529,461,3
24071,17,514,467,3
24088,17,524,432,3
24104,17,537,438,3
24121,17,522,443,3
24137,17,540,446,3
24154,17,535,444,3
24171,17,538,440,3
24187,17,539,444,3
24204,17,534,450,3
24221,17,522,470,3
24237,17,539,430,3
24254,17,534,448,3
24271,17,537,442,3
24287,17,535,454,3
24304,17,539,450,3
24320,17,538,447,3
24337,17,541,446,3
24354,17,526,443,3
24370,17,538,462,3
24387,17,528,456,3
24404,17,536,453,3
24420,17,540,452,3
24437,17,538,436,3
24454,17,503,474,3
24470,17,526,435,3
24487,17,543,439,3
24503,17,523,451,3
24520,17,531,445,3
24537,17,549,346,4
24553,17,586,308,4
24570,17,590,303,4
24587,17,583,291,4
24603,17,564,310,4
24620,17,591,283,0
24637,17,590,295,4
24653,17,593,286,0
24670,17,574,304,4
24686,17,589,305,4
24703,17,588,305,4
24720,17,594,318,4
24736,17,588,319,4
24753,17,590,325,4
24770,17,599,316,4
24786,17,591,295,4
24803,17,593,309,4
24819,17,598,327,4
24836,17,595,313,4
24853,17,596,300,4
24869,17,597,316,4
24886,17,599,304,4
24903,17,603,310,4
24919,17,596,320,4
24936,17,603,315,4
24953,17,600,321,4
24969,17,597,309,4
24986,17,594,328,4
25002,17,610,313,4
25019,17,596,321,4
25036,17,591,329,4
25052,17,604,312,4
25069,17,590,319,4
25086,17,596,318,4
25102,17,594,315,4
25119,17,589,324,4
25136,17,590,336,4
25152,17,593,330,4
25169,17,596,301,4
25185,17,590,324,4
25202,17,594,311,4
25219,17,594,319,4
25235,17,591,313,4
25252,17,588,327,4
25269,17,591,327,4
25285,17,597,313,4
25302,17,597,332,4
25319,17,606,333,4
25335,17,590,317,4
25352,17,586,328,4
25368,17,593,332,4
25385,17,595,328,4
25402,17,594,317,4
25418,17,590,319,4
25435,17,590,318,4
25452,17,598,310,4
25468,17,587,314,4
25485,17,592,321,4
25502,17,588,326,4
25518,17,597,326,4
25535,17,600,320,4
25551,17,590,320,4
25568,17,594,307,4
25585,17,599,303,4
25601,17,588,325,4
25618,17,601,312,4
25635,17,595,326,4
25651,17,594,314,4
25668,17,595,327,4
25685,17,594,327,4
25701,17,600,346,4
25718,17,579,334,4
25734,17,520,362,4
25751,17,543,367,2
25768,17,534,364,4
25784,17,523,364,4
25801,17,534,393,2
25818,17,534,333,4
25834,17,524,366,2
25851,17,533,361,4
25868,17,527,363,4
25884,17,537,354,4
25901,17,538,289,4
25917,17,522,496,3
25934,17,474,386,2
25951,17,491,453,3
25967,17,486,478,3
25984,17,479,448,3
26001,17,482,451,3
26017,17,474,725,3
26034,17,485,688,3
26050,17,478,383,2
26067,17,488,408,2
26084,17,489,451,3
26100,17,497,571,3
26300,200,544,752,3
26317,17,515,579,3
26333,17,513,457,3
26350,17,510,643,3
26367,17,511,440,3
26383,17,513,456,3
26400,17,534,685,3
26633,233,489,756,3
26649,17,516,446,3
26666,17,536,452,3
26683,17,545,359,4
26699,17,550,309,4
26716,17,553,327,4
26733,17,548,395,2
26749,17,536,375,2
26766,17,531,411,2
26782,17,543,396,2
26799,17,543,372,2
26816,17,544,381,2
26832,17,547,384,2
26849,17,554,359,4
26866,17,542,368,2
26882,17,542,377,2
26899,17,550,346,4
26916,17,543,367,2
26932,17,545,372,2
26949,17,539,381,2
26965,17,545,363,4
26982,17,559,360,4
26999,17,549,377,2
27015,17,546,367,2
27032,17,547,376,2
27049,17,553,356,4
27065,17,510,372,2
27082,17,539,368,2
27098,17,527,354,4
27115,17,532,377,2
27132,17,526,367,2
27148,17,536,364,4
27165,17,532,364,4
27182,17,528,365,2
27198,17,532,347,4
27215,17,525,370,2
27232,17,539,349,4
27248,17,533,340,4
27265,17,535,353,4
27281,17,534,344,4
27298,17,525,373,2
27315,17,549,360,4
27331,17,531,364,4
27348,17,530,374,2
27365,17,532,356,4
27381,17,529,357,4
27398,17,532,358,4
27415,17,539,342,4
27431,17,518,365,2
27448,17,569,348,4
27464,17,583,339,4
27481,17,569,321,4
27498,17,579,335,4
27514,17,584,327,4
27531,17,574,335,4
27548,17,579,324,4
27564,17,573,327,4
27581,17,575,302,4
27847,266,475,615,3
27864,17,493,436,3
27880,17,461,323,4
27897,17,510,330,4
27914,17,509,325,4
27930,17,513,305,4
27947,17,519,326,4
27964,17,522,333,4
27980,17,512,336,4
27997,17,526,315,4
28013,17,520,328,4
28030,17,504,357,4
28047,17,523,348,4
28063,17,551,320,4
28080,17,577,314,4
28097,17,590,314,4
28113,17,594,334,4
28130,17,593,318,4
28147,17,583,322,4
28163,17,595,324,4
28180,17,587,317,4
28196,17,591,311,4
28213,17,583,331,4
28230,17,584,330,4
28246,17,586,312,4
28263,17,585,325,4
28280,17,596,308,4
28296,17,594,318,4
28313,17,588,331,4
28329,17,592,300,4
28346,17,581,331,4
28363,17,574,325,4
28379,17,582,326,4
28396,17,586,329,4
28413,17,585,327,4
28429,17,587,315,4
28446,17,585,317,4
28463,17,590,300,4
28479,17,590,313,4
28496,17,585,315,4
28512,17,589,318,4
28529,17,588,306,4
28546,17,592,314,4
28562,17,595,308,4
28579,17,589,328,4
28596,17,583,299,4
28612,17,588,312,4
28629,17,599,306,4
28646,17,585,310,4
28662,17,595,295,4
28679,17,577,311,4
28695,17,593,306,4
28712,17,588,291,4
28729,17,540,315,4
28745,17,533,328,4
28762,17,522,318,4
28779,17,526,313,4
28795,17,520,310,4
28812,17,521,310,4
28829,17,520,303,4
28845,17,527,310,4
28862,17,531,318,4
28878,17,526,330,4
28895,17,526,339,4
28912,17,519,335,4
28928,17,524,314,4
28945,17,529,312,4
28962,17,527,311,4
28978,17,523,329,4
28995,17,539,311,4
29012,17,580,305,4
29028,17,587,305,4
29045,17,583,308,4
29061,17,580,301,4
29078,17,584,308,4
29095,17,586,311,4
29111,17,582,314,4
29128,17,592,311,4
29145,17,584,302,4
29161,17,572,328,4
29178,17,585,320,4
29195,17,591,323,4
29211,17,580,305,4
29228,17,584,318,4
29244,17,584,301,4
29261,17,589,305,4
29278,17,588,310,4
29294,17,550,322,4
29311,17,504,320,4
29328,17,466,339,4
29344,17,479,333,4
29361,17,480,333,4
29377,17,471,334,4
29394,17,494,328,4
29411,17,491,332,4
29427,17,477,340,4
29444,17,474,345,4
29461,17,485,341,4
29477,17,491,332,4
29494,17,497,341,4
29511,17,477,362,4
29527,17,479,343,4
29544,17,485,346,4
29560,17,474,347,4
29577,17,522,314,4
29594,17,547,367,2
29610,17,578,333,4
29627,17,574,330,4
29644,17,571,340,4
29660,17,575,329,4
29677,17,576,328,4
29694,17,563,342,4
29710,17,577,340,4
29727,17,572,344,4
29743,17,565,351,4
29760,17,573,349,4
29777,17,575,343,4
29793,17,576,340,4
29810,17,531,403,2
29827,17,531,419,5
29843,17,534,443,3
29860,17,523,428,3
29877,17,539,432,3
29893,17,539,430,3
29910,17,539,426,3
29926,17,536,433,3
29943,17,544,417,5
29960,17,543,404,2
29976,17,528,413,2
29993,17,540,410,2
30010,17,541,414,2
30026,17,540,406,2
30043,17,531,433,3
30060,17,542,429,3
30076,17,540,412,2
30093,17,536,419,5
30109,17,542,424,3
30126,17,545,418,5
30143,17,543,404,2
30159,17,538,440,3
30176,17,536,448,3
30193,17,533,443,3
30209,17,536,428,3
30226,17,536,440,3
30243,17,536,442,3
30259,17,540,446,3
30276,17,537,442,3
30292,17,540,455,3
30309,17,532,447,3
30326,17,535,418,5
30342,17,532,435,3
30359,17,541,433,3
30376,17,539,446,3
30392,17,542,441,3
30409,17,541,440,3
30426,17,536,451,3
30442,17,535,449,3
30459,17,524,433,3
30475,17,539,427,3
30492,17,541,410,2
30509,17,536,435,3
30525,17,537,440,3
30542,17,524,449,3
30559,17,541,445,3
30575,17,542,452,3
30592,17,536,450,3
30608,17,539,437,3
30625,17,534,447,3
30642,17,534,441,3
30658,17,547,471,3
30675,17,628,478,3
30692,17,719,491,3
30708,17,790,513,3
30725,17,861,518,3
30742,17,926,527,3
30758,17,991,564,3
30775,17,1020,585,3
30791,17,1019,581,3
30808,17,1018,595,3
30825,17,1024,586,0
30841,17,1018,581,3
30858,17,1030,576,0
30875,17,1013,585,3
30925,0,821,479,3
30925,50,821,479,3
30941,17,694,416,2
30958,17,561,372,2
30974,17,544,366,2
30991,17,550,378,2
31008,17,538,359,4
31024,17,547,384,2
31041,17,545,367,2
31058,17,543,362,4
31074,17,539,374,2
31091,17,538,366,2
31108,17,546,379,2
31124,17,545,382,2
31141,17,549,366,2
31157,17,555,372,2
31174,17,549,374,2
31191,17,533,363,4
31207,17,552,364,4
31224,17,536,382,2
31241,17,551,355,4
31257,17,558,362,4
31274,17,560,367,2
31291,17,557,359,4
31307,17,535,367,2
31324,17,543,381,2
31340,17,561,351,4
31357,17,551,375,2
31374,17,539,369,2
31390,17,536,362,4
31407,17,557,364,4
31424,17,541,377,2
31440,17,551,349,4
31457,17,558,347,4
31474,17,551,353,4
31490,17,551,358,4
31507,17,535,369,2
31523,17,586,340,4
31540,17,598,326,4
31557,17,578,325,4
31573,17,595,298,4
31590,17,600,305,4
31607,17,597,307,4
31623,17,592,309,4
31640,17,607,310,4
31656,17,592,329,4
31673,17,591,318,4
31690,17,594,315,4
31706,17,595,317,4
31723,17,585,321,4
31740,17,607,318,4
31756,17,604,317,4
31773,17,601,301,4
31790,17,594,325,4
31806,17,589,314,4
31823,17,599,321,4
31839,17,588,332,4
31856,17,601,328,4
31873,17,578,328,4
31889,17,566,300,4
31906,17,560,328,4
31923,17,568,328,4
31939,17,549,340,4
31956,17,570,326,4
31973,17,562,315,4
31989,17,567,330,4
32006,17,571,318,4
32022,17,569,305,4
32039,17,556,333,4
32056,17,582,327,4
32072,17,560,343,4
32089,17,505,333,4
32106,17,499,360,4
32122,17,493,316,4
32139,17,472,337,4
32156,17,483,332,4
32172,17,463,345,4
32189,17,468,325,4
32205,17,480,332,4
32222,17,489,323,4
32239,17,502,320,4
32255,17,495,329,4
32272,17,471,324,4
32289,17,486,340,4
32305,17,478,356,4
32322,17,511,352,4
32339,17,606,349,4
32355,17,659,389,2
32372,17,678,339,0
32388,17,685,361,0
32405,17,683,336,0
32422,17,680,348,0
32438,17,677,340,0
32455,17,696,359,0
32472,17,686,330,0
32488,17,688,346,0
32505,17,680,339,0
32522,17,683,354,0
32538,17,679,370,2
32555,17,656,365,2
32571,17,570,432,3
32588,17,574,411,2
32605,17,558,438,3
32621,17,563,439,3
32638,17,578,435,3
32655,17,567,440,3
32671,17,565,421,5
32688,17,570,442,3
32705,17,574,436,3
32721,17,571,418,3
32738,17,573,419,3
32754,17,569,428,3
32771,17,565,429,3
32788,17,562,425,3
32804,17,560,441,3
32821,17,567,433,3
32838,17,565,442,3
32854,17,601,434,3
32871,17,672,408,2
32887,17,687,403,2
32904,17,695,418,3
32921,17,683,401,2
32937,17,691,406,2
32954,17,692,397,2
32971,17,682,419,3
32987,17,684,408,2
33004,17,672,412,2
33021,17,673,417,2
33037,17,682,403,2
33054,17,686,385,2
33070,17,670,416,2
33087,17,683,403,2
33104,17,684,416,2
33120,17,720,368,2
33137,17,752,352,0
33154,17,735,375,2
33170,17,747,348,0
33187,17,740,364,0
33204,17,737,353,0
33220,17,732,374,2
33237,17,735,346,0
33253,17,748,361,0
33270,17,737,340,0
33287,17,735,348,0
33303,17,746,350,0
33320,17,735,358,0
33337,17,744,337,0
33353,17,739,351,0
33370,17,734,362,0
33387,17,731,365,2
33403,17,670,374,2
33420,17,599,346,4
33436,17,545,334,4
33453,17,556,341,4
33470,17,544,324,4
33486,17,555,355,4
33503,17,538,339,4
33520,17,543,342,4
33536,17,555,342,4
33553,17,552,329,4
33570,17,546,343,4
33586,17,540,340,4
33603,17,551,342,4
33619,17,570,346,4
33636,17,585,330,4
33653,17,590,330,4
33669,17,578,347,4
33686,17,575,341,4
33703,17,583,334,4
33719,17,581,341,4
33736,17,576,347,4
33753,17,585,355,4
33769,17,573,353,4
33786,17,576,329,4
33802,17,573,338,4
33819,17,570,332,4
33836,17,573,339,4
33852,17,583,350,4
33869,17,571,362,4
33886,17,585,333,4
33902,17,588,355,4
33919,17,582,357,4
33936,17,590,340,4
33952,17,592,296,4
33969,17,546,392,2
33985,17,554,393,2
34002,17,576,581,3
34185,183,513,693,3
34202,17,486,445,3
34218,17,493,552,3
34235,17,483,340,4
34252,17,520,430,3
34268,17,498,499,3
34285,17,484,312,4
34301,17,495,428,3
34518,216,523,511,3
34534,17,524,565,3
34551,17,535,444,3
34568,17,548,326,4
34584,17,549,286,0
34601,17,547,342,4
34618,17,518,379,2
34900,283,728,522,3
34917,17,673,388,2
34934,17,705,339,0
34950,17,711,335,0
34967,17,709,328,0
34984,17,714,330,0
35000,17,708,363,0
35017,17,708,338,0
35033,17,643,338,0
35050,17,583,332,4
35067,17,522,355,4
35083,17,521,342,4
35100,17,525,349,4
35117,17,543,320,4
35133,17,522,356,4
35150,17,527,359,4
35166,17,537,357,4
35183,17,533,343,4
35200,17,527,357,4
35216,17,526,356,4
35233,17,527,342,4
35250,17,517,361,4
35266,17,525,336,4
35283,17,524,344,4
35300,17,523,351,4
35316,17,538,333,4
35333,17,520,351,4
35349,17,529,346,4
35366,17,522,354,4
35383,17,533,338,4
35399,17,525,347,4
35416,17,519,345,4
35433,17,530,352,4
35449,17,524,357,4
35466,17,527,351,4
35483,17,524,343,4
35499,17,522,368,2
35516,17,536,342,4
35532,17,523,354,4
35549,17,507,371,2
35566,17,522,346,4
35582,17,521,362,4
35599,17,529,417,5
35616,17,520,400,2
35632,17,522,438,3
35649,17,516,428,3
35666,17,519,430,3
35682,17,517,426,3
35699,17,524,442,3
35715,17,525,417,5
35732,17,518,417,5
35749,17,525,400,2
35765,17,525,417,5
35782,17,525,412,2
35799,17,528,418,5
35815,17,523,425,3
35832,17,531,436,3
35849,17,527,443,3
35865,17,543,424,3
35882,17,525,437,3
35898,17,525,456,3
35915,17,527,455,3
35932,17,540,431,3
35948,17,535,453,3
35965,17,532,456,3
35982,17,537,449,3
35998,17,549,373,2
36015,17,593,314,4
36032,17,554,355,4
36048,17,581,329,4
36065,17,579,339,4
36081,17,580,342,4
36098,17,588,335,4
36115,17,579,345,4
36131,17,576,337,4
36148,17,582,321,4
36165,17,576,337,4
36181,17,577,319,4
36198,17,591,336,4
36215,17,578,337,4
36231,17,576,347,4
36248,17,571,344,4
36264,17,571,325,4
36281,17,572,326,4
36298,17,578,320,4
36314,17,574,312,4
36331,17,585,312,4
36348,17,580,338,4
36364,17,578,315,4
36381,17,582,337,4
36397,17,575,356,4
36414,17,560,344,4
36431,17,576,331,4
36447,17,581,332,4
36464,17,571,332,4
36481,17,580,334,4
36497,17,574,347,4
36514,17,581,339,4
36531,17,576,337,4
36547,17,580,344,4
36564,17,574,347,4
36580,17,577,337,4
36597,17,581,337,4
36614,17,586,359,4
36630,17,574,324,4
36647,17,580,314,4
36664,17,577,359,4
36680,17,582,322,4
36697,17,580,336,4
36714,17,574,351,4
36730,17,578,352,4
36747,17,578,340,4
36763,17,585,339,4
36780,17,583,351,4
36797,17,582,328,4
36813,17,577,334,4
36830,17,576,351,4
36847,17,570,345,4
36863,17,580,351,4
36880,17,577,364,4
36897,17,572,339,4
36913,17,575,346,4
36930,17,574,358,4
36946,17,583,326,4
36963,17,574,352,4
36980,17,576,342,4
36996,17,573,345,4
37013,17,573,338,4
37030,17,581,330,4
37046,17,577,336,4
37063,17,578,347,4
37080,17,576,349,4
37096,17,571,335,4
37113,17,579,354,4
37129,17,575,360,4
37146,17,575,355,4
37163,17,572,344,4
37179,17,575,338,4
37196,17,573,351,4
37213,17,574,353,4
37229,17,575,340,4
37246,17,575,348,4
37263,17,581,339,4
37279,17,578,331,4
37296,17,569,342,4
37312,17,579,342,4
37329,17,575,339,4
37346,17,574,327,4
37362,17,576,348,4
37379,17,572,339,4
37396,17,570,341,4
37412,17,582,338,4
37429,17,580,338,4
37445,17,567,328,4
37462,17,579,341,4
37479,17,584,344,4
37495,17,575,336,4
37512,17,581,334,4
37529,17,580,344,4
37545,17,570,321,4
37562,17,578,332,4
37579,17,576,328,4
37595,17,556,348,4
37612,17,580,354,4
37628,17,571,330,4
37645,17,587,343,4
37662,17,571,322,4
37678,17,583,338,4
37695,17,581,335,4
37712,17,581,360,4
37728,17,576,321,4
37745,17,571,319,4
37762,17,585,313,4
37778,17,574,342,4
37795,17,579,367,2
37811,17,580,344,4
37828,17,569,347,4
37845,17,577,337,4
37861,17,579,339,4
37878,17,577,339,4
37895,17,572,331,4
37911,17,570,340,4
37928,17,583,324,4
37945,17,578,358,4
37961,17,554,358,4
37978,17,563,367,2
37994,17,559,356,4
38011,17,560,362,4
38028,17,561,356,4
38044,17,559,370,2
38061,17,568,365,2
38078,17,562,352,4
38094,17,572,363,4
38111,17,564,366,2
38128,17,558,349,4
38144,17,562,355,4
38161,17,562,375,2
38177,17,563,349,4
38194,17,571,338,4
38211,17,556,376,2
38227,17,559,370,2
38244,17,578,351,4
38261,17,561,373,2
38277,17,571,344,4
38294,17,560,330,4
38311,17,561,365,2
38327,17,525,425,3
38344,17,514,458,3
38360,17,532,428,3
38377,17,528,442,3
38394,17,523,449,3
38410,17,530,435,3
38427,17,526,440,3
38444,17,526,450,3
38460,17,531,445,3
38477,17,507,447,3
38494,17,529,437,3
38510,17,528,417,5
38527,17,534,455,3
38543,17,525,432,3
38560,17,519,458,3
38577,17,523,442,3
38593,17,509,449,3
38610,17,517,405,2
38627,17,521,443,3
38643,17,522,420,5
38660,17,520,410,2
38676,17,513,506,3
38693,17,491,825,0
38843,150,877,716,3
38859,17,867,720,3
38876,17,838,578,3
38893,17,835,521,3
38909,17,838,442,3
38926,17,778,425,3
38943,17,657,404,2
38959,17,550,344,4
38976,17,511,350,4
38993,17,508,375,2
39009,17,512,354,4
39026,17,520,355,4
39042,17,520,377,2
39059,17,508,378,2
39076,17,500,400,2
39092,17,505,389,2
39109,17,517,387,2
39126,17,505,372,2
39142,17,515,372,2
39159,17,521,374,2
39176,17,516,387,2
39192,17,516,387,2
39209,17,533,371,2
39225,17,522,351,4
39242,17,539,354,4
39259,17,535,360,4
39275,17,538,343,4
39292,17,531,334,4
39309,17,543,347,4
39325,17,555,354,4
39342,17,541,332,4
39359,17,533,369,2
39375,17,535,331,4
39392,17,528,343,4
39408,17,551,345,4
39425,17,532,352,4
39442,17,530,342,4
39458,17,534,369,2
39475,17,522,361,4
39492,17,539,354,4
39508,17,534,351,4
39525,17,540,351,4
39542,17,571,328,4
39558,17,584,331,4
39575,17,595,316,4
39591,17,599,314,4
39608,17,595,325,4
39625,17,601,314,4
39641,17,592,333,4
39658,17,595,329,4
39675,17,599,304,4
39691,17,592,323,4
39708,17,590,322,4
39724,17,595,339,4
39741,17,600,328,4
39758,17,588,306,4
39774,17,596,322,4
39791,17,588,320,4
39808,17,590,328,4
39824,17,586,346,4
39841,17,602,330,4
39858,17,599,327,4
39874,17,603,322,4
39891,17,600,324,4
39907,17,591,309,4
39924,17,605,297,4
39941,17,580,343,4
39957,17,587,339,4
39974,17,580,342,4
39991,17,588,321,4
40007,17,602,309,4
40024,17,599,328,4
40041,17,603,321,4
40057,17,586,320,4
40074,17,605,306,4
40090,17,601,323,4
40107,17,599,318,4
40124,17,578,331,4
40140,17,590,325,4
40157,17,602,314,4
40174,17,587,331,4
40190,17,580,317,4
40207,17,593,318,4
40224,17,597,316,4
40240,17,601,301,4
40257,17,600,298,4
40273,17,592,312,4
40290,17,590,328,4
40307,17,600,314,4
40323,17,595,324,4
40340,17,589,305,4
40357,17,599,320,4
40373,17,591,333,4
40390,17,599,325,4
40407,17,594,334,4
40423,17,595,329,4
40440,17,599,298,4
40456,17,592,325,4
40473,17,595,317,4
40490,17,598,287,0
40506,17,599,313,4
40523,17,598,315,4
40540,17,591,314,4
40556,17,605,319,4
40573,17,593,331,4
40590,17,597,314,4
40606,17,595,320,4
40623,17,602,314,4
40639,17,594,330,4
40656,17,595,303,4
40673,17,589,321,4
40689,17,603,322,4
40706,17,591,336,4
40723,17,579,310,4
40739,17,599,319,4
40756,17,589,326,4
40773,17,599,303,4
40789,17,592,327,4
40806,17,596,317,4
40822,17,600,325,4
40839,17,588,342,4
40856,17,589,314,4
40872,17,591,326,4
40889,17,587,331,4
40906,17,588,321,4
40922,17,592,312,4
40939,17,586,351,4
40955,17,589,322,4
40972,17,594,329,4
40989,17,595,327,4
41005,17,587,315,4
41022,17,598,319,4
41039,17,595,336,4
41055,17,590,335,4
41072,17,590,323,4
41089,17,589,335,4
41105,17,586,320,4
41122,17,588,332,4
41138,17,589,328,4
41155,17,588,333,4
41172,17,590,342,4
41188,17,591,338,4
41205,17,597,332,4
41222,17,538,358,4
41238,17,538,412,2
41255,17,536,433,3
41272,17,538,414,2
41288,17,537,427,3
41305,17,539,417,5
41321,17,536,420,5
41338,17,536,434,3
41355,17,537,409,2
41371,17,525,414,2
41388,17,539,419,5
41405,17,537,420,5
41421,17,535,419,5
41438,17,537,426,3
41455,17,533,418,5
41471,17,526,423,3
41488,17,531,425,3
41504,17,542,415,2
41521,17,540,417,5
41538,17,545,415,2
41554,17,533,429,3
41571,17,537,438,3
41588,17,538,416,2
41604,17,534,415,2
41621,17,536,412,2
41638,17,540,421,5
41654,17,541,412,2
41671,17,536,422,3
41687,17,534,416,2
41704,17,539,412,2
41721,17,534,431,3
41737,17,536,402,2
41754,17,534,444,3
41771,17,531,433,3
41787,17,539,403,2
41804,17,536,423,3
41821,17,534,441,3
41837,17,539,427,3
41854,17,534,432,3
41870,17,536,417,5
41887,17,539,417,5
41904,17,540,423,3
41920,17,538,418,5
41937,17,535,409,2
41954,17,539,405,2
41970,17,540,416,2
41987,17,538,435,3
42003,17,534,435,3
42020,17,536,388,2
42037,17,550,419,5
42053,17,542,431,3
42070,17,544,423,3
42087,17,540,416,2
42103,17,556,407,2
42120,17,540,425,3
42137,17,539,422,3
42153,17,541,419,5
42170,17,529,413,2
42186,17,532,408,2
42203,17,542,411,2
42220,17,541,419,5
42236,17,530,395,2
42253,17,543,430,3
42270,17,532,411,2
42286,17,526,418,5
42303,17,540,416,2
42320,17,538,416,2
42336,17,536,415,2
42353,17,547,412,2
42369,17,535,415,2
42386,17,525,423,3
42403,17,553,405,2
42419,17,533,396,2
42436,17,543,404,2
42453,17,533,431,3
42469,17,544,423,3
42486,17,541,408,2
42503,17,543,405,2
42519,17,548,399,2
42536,17,530,407,2
42552,17,545,423,3
42569,17,543,409,2
42586,17,543,416,2
42602,17,528,423,3
42619,17,542,408,2
42636,17,523,451,3
42652,17,558,613,3
42752,100,952,725,3
42769,17,959,709,3
42785,17,943,570,3
42802,17,946,417,3
42819,17,951,368,0
42835,17,954,341,0
42852,17,962,402,0
42869,17,962,423,3
42885,17,957,419,3
42902,17,963,408,0
42918,17,968,399,0
42935,17,965,415,3
42952,17,974,441,3
42968,17,963,419,3
42985,17,909,416,3
43002,17,760,399,2
43018,17,655,361,0
43035,17,547,363,4
43052,17,545,366,2
43068,17,557,393,2
43085,17,541,372,2
43101,17,552,362,4
43118,17,533,390,2
43135,17,528,411,2
43151,17,545,384,2
43168,17,531,372,2
43185,17,551,379,2
43201,17,535,366,2
43218,17,551,367,2
43234,17,532,375,2
43251,17,546,374,2
43268,17,535,386,2
43284,17,543,382,2
43301,17,544,372,2
43318,17,550,367,2
43334,17,565,385,2
43351,17,549,380,2
43368,17,531,400,2
43384,17,555,359,4
43401,17,541,387,2
43417,17,547,380,2
43434,17,540,380,2
43451,17,542,364,4
43467,17,536,376,2
43484,17,549,375,2
43501,17,545,393,2
43517,17,547,371,2
43534,17,539,382,2
43551,17,533,389,2
43567,17,548,397,2
43584,17,557,385,2
43600,17,548,382,2
43617,17,557,361,4
43634,17,550,376,2
43650,17,547,375,2
43667,17,544,380,2
43684,17,555,386,2
43700,17,545,379,2
43717,17,535,364,4
43734,17,546,338,4
43750,17,559,321,4
43767,17,560,330,4
43783,17,556,319,4
43800,17,545,342,4
43817,17,556,327,4
43833,17,556,332,4
43850,17,557,348,4
43867,17,549,333,4
43883,17,564,327,4
43900,17,559,332,4
43917,17,560,331,4
43933,17,585,310,4
43950,17,580,335,4
43966,17,585,326,4
43983,17,578,319,4
44000,17,574,335,4
44016,17,579,322,4
44033,17,578,322,4
44050,17,572,332,4
44066,17,586,292,4
44083,17,586,331,4
44100,17,572,349,4
44116,17,585,317,4
44133,17,586,324,4
44149,17,577,328,4
44166,17,585,322,4
44183,17,580,323,4
44199,17,578,304,4
44216,17,582,296,4
44233,17,587,310,4
44249,17,578,311,4
44266,17,586,307,4
44282,17,576,317,4
44299,17,574,332,4
44316,17,574,322,4
44332,17,551,350,4
44349,17,513,400,2
44366,17,506,413,2
44382,17,501,440,3
44399,17,499,426,3
44416,17,502,443,3
44432,17,523,421,5
44449,17,498,443,3
44465,17,503,439,3
44482,17,516,439,3
44499,17,511,445,3
44515,17,510,442,3
44532,17,517,425,3
44549,17,517,428,3
44565,17,514,423,3
44582,17,498,428,3
44599,17,513,423,3
44615,17,535,429,3
44632,17,507,441,3
44648,17,512,425,3
44665,17,519,429,3
44682,17,505,426,3
44698,17,505,423,3
44715,17,508,424,3
44732,17,497,431,3
44748,17,501,443,3
44765,17,521,441,3
44782,17,490,427,3
44798,17,502,420,5
44815,17,532,423,3
44831,17,508,435,3
44848,17,509,454,3
44865,17,506,466,3
44881,17,506,465,3
44898,17,505,474,3
44915,17,516,469,3
44931,17,519,443,3
44948,17,508,460,3
44965,17,506,462,3
44981,17,522,467,3
44998,17,503,481,3
45014,17,518,471,3
45031,17,506,448,3
45048,17,499,472,3
45064,17,515,396,2
45081,17,520,327,4
45098,17,497,564,3
45114,17,484,483,3
45131,17,510,290,4
45148,17,480,411,2
45164,17,496,459,3
45181,17,477,341,4
45197,17,522,300,4
45214,17,547,247,1
45231,17,519,314,4
45247,17,547,316,4
45264,17,525,321,4
45281,17,515,336,4
45297,17,533,336,4
45314,17,540,310,4
45331,17,564,341,4
45347,17,565,333,4
45364,17,570,328,4
45380,17,560,326,4
45414,33,569,336,4
45430,17,572,339,4
45447,17,573,346,4
45464,17,565,317,4
45480,17,566,353,4
45497,17,565,324,4
45513,17,567,318,4
45530,17,564,320,4
45547,17,563,328,4
45563,17,571,320,4
45580,17,569,306,4
45597,17,571,305,4
45613,17,581,325,4
45630,17,563,339,4
45647,17,566,320,4
45663,17,570,319,4
45680,17,580,317,4
45696,17,573,303,4
45713,17,577,319,4
45730,17,578,333,4
45746,17,577,330,4
45763,17,569,342,4
45780,17,575,327,4
45796,17,576,341,4
45813,17,571,340,4
45830,17,573,319,4
45846,17,572,323,4
45863,17,602,306,4
45879,17,575,309,4
45896,17,577,327,4
45913,17,576,333,4
45929,17,587,323,4
45946,17,566,328,4
45963,17,571,311,4
45979,17,511,484,3
46645,665,472,477,3
46661,17,525,315,4
46678,17,535,225,1
46695,17,528,255,1
46711,17,525,257,1
46728,17,518,269,0
46744,17,528,260,0
46761,17,557,327,4
46778,17,541,334,4
46794,17,547,348,4
46811,17,543,350,4
46828,17,533,378,2
46844,17,543,358,4
46861,17,546,350,4
46878,17,543,368,2
46894,17,504,417,5
47110,216,499,384,2
47127,17,549,329,4
47144,17,551,333,4
47160,17,558,318,4
47177,17,554,321,4
47194,17,550,319,4
47210,17,567,308,4
47227,17,557,329,4
47244,17,559,318,4
47260,17,558,317,4
47277,17,554,318,4
47293,17,554,343,4
47310,17,565,335,4
47327,17,552,331,4
47343,17,557,335,4
47360,17,564,320,4
47377,17,547,332,4
47393,17,564,326,4
47410,17,557,331,4
47427,17,556,324,4
47443,17,554,307,4
47460,17,576,322,4
47476,17,550,322,4
47493,17,553,318,4
47510,17,550,319,4
47526,17,546,309,4
47543,17,552,303,4
47560,17,552,330,4
47576,17,569,321,4
47593,17,555,310,4
47610,17,554,307,4
47626,17,549,323,4
47643,17,552,318,4
47659,17,560,319,4
47676,17,559,284,0
47693,17,548,326,4
47709,17,534,399,2
47726,17,538,406,2
47743,17,545,408,2
47759,17,534,415,2
47776,17,536,408,2
47792,17,541,404,2
47809,17,538,398,2
47826,17,546,397,2
47842,17,543,405,2
47859,17,535,409,2
47876,17,520,414,2
47892,17,537,406,2
47909,17,539,408,2
47926,17,538,382,2
47942,17,537,393,2
47959,17,540,404,2
47975,17,529,426,3
47992,17,567,348,4
48009,17,588,299,4
48025,17,533,351,4
48208,183,520,336,4
48225,17,511,312,4
48242,17,572,269,0
48258,17,570,294,4
48275,17,581,297,4
48292,17,575,302,4
48308,17,577,287,0
48325,17,575,299,4
48341,17,571,303,4
48358,17,575,307,4
48375,17,581,293,4
48391,17,575,300,4
48408,17,584,318,4
48425,17,571,310,4
48441,17,592,305,4
48458,17,588,309,4
48475,17,585,308,4
48491,17,584,303,4
48508,17,588,307,4
48524,17,589,305,4
48541,17,590,290,4
48558,17,581,309,4
48574,17,589,312,4
48591,17,588,330,4
48608,17,600,310,4
48624,17,589,310,4
48641,17,568,319,4
48658,17,510,316,4
48674,17,476,318,4
48691,17,475,319,4
48707,17,470,320,4
48724,17,467,329,4
48741,17,472,334,4
48757,17,467,319,4
48774,17,469,317,4
48791,17,469,322,4
48807,17,473,344,4
48824,17,471,312,4
48841,17,473,330,4
48857,17,465,320,4
48874,17,470,331,4
48890,17,468,333,4
48907,17,465,322,4
48924,17,465,322,4
48940,17,465,333,4
48957,17,466,322,4
48974,17,466,327,4
48990,17,470,349,4
49007,17,497,325,4
49023,17,516,335,4
49040,17,545,334,4
49057,17,550,313,4
49073,17,547,335,4
49090,17,545,324,4
49107,17,554,314,4
49123,17,554,326,4
49140,17,544,334,4
49157,17,546,333,4
49173,17,531,323,4
49190,17,552,339,4
49206,17,555,330,4
49223,17,576,325,4
49240,17,578,311,4
49256,17,571,330,4
49273,17,571,321,4
49290,17,571,317,4
49306,17,577,294,4
49323,17,577,317,4
49340,17,576,314,4
49356,17,586,310,4
49373,17,575,306,4
49389,17,574,306,4
49406,17,578,303,4
49423,17,570,330,4
49439,17,575,344,4
49456,17,573,332,4
49473,17,573,331,4
49489,17,532,394,2
49506,17,523,431,3
49523,17,519,415,2
49539,17,530,407,2
49556,17,536,402,2
49572,17,539,414,2
49589,17,525,406,2
49606,17,522,402,2
49622,17,544,404,2
49639,17,525,414,2
49656,17,535,415,2
49672,17,533,452,3
49689,17,526,432,3
49706,17,528,441,3
49722,17,537,450,3
49739,17,537,412,2
49755,17,540,441,3
49772,17,529,437,3
49789,17,513,437,3
49805,17,521,441,3
49822,17,519,438,3
49839,17,529,430,3
49855,17,513,426,3
49872,17,521,432,3
49889,17,523,426,3
49905,17,519,437,3
49922,17,516,435,3
49938,17,505,459,3
49955,17,520,438,3
49972,17,522,442,3
49988,17,510,439,3
50005,17,529,424,3
50022,17,526,430,3
50038,17,512,431,3
50055,17,502,459,3
50071,17,528,440,3
50088,17,536,430,3
50105,17,525,457,3
50121,17,527,424,3
50138,17,515,429,3
50155,17,506,439,3
50171,17,521,427,3
50188,17,517,431,3
50205,17,510,449,3
50221,17,508,455,3
50238,17,514,442,3
50254,17,542,351,4
50271,17,543,350,4
50288,17,540,348,4
50304,17,539,340,4
50321,17,541,344,4
50338,17,550,339,4
50354,17,537,354,4
50371,17,536,355,4
50388,17,539,350,4
50404,17,535,331,4
50421,17,541,336,4
50437,17,538,347,4
50454,17,538,357,4
50471,17,535,346,4
50487,17,537,341,4
50504,17,539,331,4
50521,17,551,353,4
50537,17,537,336,4
50554,17,536,342,4
50571,17,547,353,4
50587,17,546,339,4
50604,17,544,345,4
50620,17,539,338,4
50637,17,535,344,4
50654,17,540,360,4
50670,17,550,347,4
50687,17,537,352,4
50704,17,541,326,4
50720,17,538,339,4
50737,17,540,344,4
50754,17,532,360,4
50770,17,531,359,4
50787,17,527,367,2
50803,17,512,370,2
50820,17,526,360,4
50837,17,536,355,4
50853,17,531,353,4
50870,17,534,363,4
50887,17,531,364,4
50903,17,531,361,4
50920,17,524,374,2
50937,17,613,355,0
50953,17,684,349,0
50970,17,750,378,2
50986,17,803,396,0
51003,17,814,380,0
51020,17,815,399,0
51036,17,804,383,0
51053,17,821,380,0
51070,17,816,401,0
51086,17,814,370,0
51103,17,814,387,0
51120,17,811,397,0
51136,17,810,388,0
51153,17,808,401,0
51169,17,739,474,3
51253,83,501,661,3
51269,17,478,538,3
51286,17,465,411,2
51302,17,506,403,2
51319,17,519,328,4
51336,17,503,385,2
51352,17,505,364,4
51369,17,501,373,2
51386,17,504,390,2
51402,17,514,362,4
51419,17,495,377,2
51436,17,508,380,2
51452,17,498,374,2
51469,17,503,374,2
51485,17,510,370,2
51502,17,502,380,2
51519,17,507,344,4
51535,17,504,365,2
51552,17,503,389,2
51569,17,501,379,2
51585,17,505,362,4
51602,17,511,343,4
51619,17,496,385,2
51635,17,508,373,2
51652,17,501,406,2
51668,17,498,366,2
51685,17,503,371,2
51702,17,496,373,2
51718,17,516,359,4
51735,17,494,422,3
51752,17,482,719,3
51951,200,528,492,3
51968,17,548,323,4
51985,17,550,322,4
52001,17,544,338,4
52018,17,567,319,4
52034,17,549,331,4
52051,17,547,332,4
52068,17,549,333,4
52084,17,547,336,4
52101,17,553,328,4
52118,17,569,330,4
52134,17,574,319,4
52151,17,579,332,4
52168,17,573,331,4
52184,17,583,324,4
52201,17,582,319,4
52217,17,578,330,4
52234,17,576,317,4
52251,17,578,317,4
52267,17,585,327,4
52284,17,578,333,4
52301,17,578,319,4
52317,17,577,336,4
52334,17,575,336,4
52350,17,582,321,4
52367,17,585,321,4
52384,17,589,325,4
52400,17,575,335,4
52417,17,577,330,4
52434,17,585,316,4
52450,17,578,307,4
52467,17,580,316,4
52484,17,545,400,2
52500,17,533,417,5
52517,17,521,426,3
52533,17,516,449,3
52550,17,520,441,3
52567,17,535,440,3
52583,17,551,435,3
52600,17,536,450,3
52617,17,529,423,3
52633,17,535,431,3
52650,17,522,440,3
52667,17,533,422,3
52683,17,538,451,3
52700,17,539,431,3
52716,17,529,420,5
52733,17,529,424,3
52750,17,532,436,3
52766,17,536,416,2
52783,17,535,417,5
52800,17,532,414,2
52816,17,537,427,3
52833,17,539,447,3
52850,17,521,437,3
52866,17,533,433,3
52883,17,519,425,3
52899,17,523,380,2
52916,17,529,341,4
52933,17,523,354,4
52949,17,527,356,4
52966,17,528,347,4
52983,17,522,348,4
52999,17,525,337,4
53016,17,528,345,4
53033,17,535,339,4
53049,17,514,352,4
53066,17,538,356,4
53082,17,538,356,4
53099,17,564,333,4
53116,17,573,315,4
53132,17,575,324,4
53149,17,573,326,4
53166,17,579,338,4
53182,17,581,341,4
53199,17,569,318,4
53216,17,572,331,4
53232,17,571,334,4
53249,17,572,339,4
53265,17,562,351,4
53282,17,523,414,2
53299,17,529,458,3
53315,17,519,436,3
53332,17,547,427,3
53349,17,530,431,3
53365,17,526,432,3
53382,17,510,461,3
53399,17,529,443,3
53415,17,534,423,3
53432,17,535,449,3
53448,17,533,439,3
53465,17,545,439,3
53482,17,548,446,3
53498,17,533,438,3
53515,17,505,454,3
53532,17,525,455,3
53548,17,529,447,3
53565,17,527,453,3
53581,17,533,426,3
53598,17,511,445,3
53615,17,522,460,3
53631,17,527,438,3
53648,17,530,444,3
53665,17,527,442,3
53681,17,523,437,3
53698,17,530,441,3
53715,17,535,458,3
53731,17,529,421,5
53748,17,535,447,3
53764,17,531,462,3
53781,17,529,443,3
53798,17,504,446,3
53814,17,498,383,2
53831,17,474,356,4
53848,17,479,352,4
53864,17,469,352,4
53881,17,467,370,2
53898,17,469,334,4
53914,17,471,351,4
53931,17,465,349,4
53947,17,469,353,4
53964,17,477,356,4
53981,17,464,375,2
53997,17,474,350,4
54014,17,463,354,4
54031,17,466,381,2
54047,17,453,362,4
54064,17,508,355,4
54081,17,565,330,4
54097,17,575,331,4
54114,17,592,337,4
54130,17,571,325,4
54147,17,584,329,4
54164,17,579,335,4
54180,17,581,344,4
54197,17,585,351,4
54214,17,585,354,4
54230,17,581,344,4
54247,17,577,348,4
54264,17,574,338,4
54280,17,571,347,4
54297,17,574,342,4
54313,17,583,326,4
54330,17,590,354,4
54347,17,585,328,4
54363,17,580,327,4
54380,17,578,335,4
54397,17,584,338,4
54413,17,580,341,4
54430,17,588,324,4
54447,17,586,341,4
54463,17,581,322,4
54480,17,588,340,4
54496,17,586,340,4
54513,17,578,335,4
54530,17,591,354,4
54546,17,576,350,4
54563,17,581,333,4
54580,17,586,326,4
54596,17,591,349,4
54613,17,590,335,4
54630,17,570,347,4
54646,17,577,358,4
54663,17,591,347,4
54679,17,579,342,4
54696,17,579,334,4
54713,17,585,352,4
54729,17,575,353,4
54746,17,586,335,4
54763,17,587,349,4
54779,17,586,310,4
54796,17,536,641,3
54979,183,589,709,3
54995,17,556,558,3
55012,17,551,421,5
55029,17,531,378,2
55045,17,533,361,4
55062,17,524,369,2
55079,17,534,373,2
55095,17,544,374,2
55112,17,531,373,2
55129,17,529,384,2
55145,17,546,374,2
55162,17,534,376,2
55178,17,530,371,2
55195,17,549,356,4
55212,17,528,367,2
55228,17,536,360,4
55245,17,534,357,4
55262,17,538,367,2
55278,17,541,356,4
55295,17,541,353,4
55312,17,537,359,4
55328,17,540,362,4
55345,17,538,365,2
55361,17,542,362,4
55378,17,537,381,2
55395,17,535,354,4
55411,17,539,359,4
55428,17,538,370,2
55445,17,538,375,2
55461,17,518,365,2
55478,17,526,353,4
55495,17,525,363,4
55511,17,525,349,4
55528,17,526,372,2
55544,17,528,367,2
55561,17,524,384,2
55578,17,527,373,2
55594,17,528,359,4
55611,17,534,367,2
55628,17,540,360,4
55644,17,535,364,4
55661,17,526,365,2
55678,17,520,377,2
55694,17,534,357,4
55711,17,563,334,4
55727,17,582,326,4
55744,17,572,333,4
55761,17,577,301,4
55777,17,575,330,4
55794,17,580,330,4
55811,17,574,329,4
55827,17,572,334,4
55844,17,570,318,4
55860,17,577,304,4
55877,17,578,332,4
55894,17,568,329,4
55910,17,566,343,4
55927,17,577,306,4
55944,17,573,330,4
55960,17,561,328,4
55977,17,573,332,4
55994,17,584,308,4
56010,17,575,333,4
56027,17,554,287,0
56043,17,538,236,1
56060,17,524,195,1
56077,17,547,206,1
56093,17,532,194,1
56110,17,536,199,1
56127,17,521,201,1
56143,17,547,185,1
56160,17,539,209,1
56177,17,535,202,1
56193,17,526,209,1
56210,17,537,194,1
56226,17,521,202,1
56243,17,525,184,1
56260,17,539,195,1
56276,17,549,164,1
56293,17,534,195,1
56310,17,536,194,1
56326,17,552,192,1
56343,17,523,196,1
56360,17,537,179,1
56376,17,539,165,1
56393,17,536,182,1
56409,17,547,166,1
56426,17,538,169,1
56443,17,545,178,1
56459,17,538,193,1
56476,17,524,188,1
56493,17,520,193,1
56509,17,539,188,1
56526,17,542,182,1
56543,17,535,172,1
56559,17,541,177,1
56576,17,530,150,1
56592,17,539,165,1
56609,17,526,188,1
56626,17,536,181,1
56642,17,539,180,1
56659,17,536,192,1
56676,17,541,202,1
56692,17,536,279,0
56709,17,539,325,4
56726,17,534,340,4
56742,17,540,325,4
56759,17,546,328,4
56775,17,530,334,4
56792,17,546,335,4
56809,17,536,334,4
56825,17,542,340,4
56842,17,528,358,4
56859,17,528,356,4
56875,17,566,331,4
56892,17,534,356,4
56909,17,536,339,4
56925,17,530,346,4
56942,17,533,339,4
56958,17,559,357,4
56975,17,556,340,4
56992,17,553,336,4
57008,17,541,347,4
57025,17,556,354,4
57042,17,550,342,4
57058,17,507,378,2
57457,399,538,604,3
57474,17,566,424,3
57491,17,567,345,4
57507,17,566,411,2
57524,17,568,399,2
57541,17,577,416,2
57557,17,543,407,2
57574,17,571,398,2
57591,17,571,406,2
57607,17,579,396,2
57624,17,563,404,2
57640,17,572,387,2
57657,17,572,407,2
57674,17,566,390,2
57690,17,569,393,2
57707,17,551,405,2
57724,17,561,394,2
57740,17,551,399,2
57757,17,569,395,2
57774,17,570,386,2
57790,17,553,400,2
57807,17,560,386,2
57823,17,561,373,2
57840,17,559,397,2
57857,17,566,353,4
57873,17,551,382,2
57890,17,559,385,2
57907,17,552,379,2
57923,17,561,379,2
57940,17,554,380,2
57957,17,547,388,2
57973,17,563,370,2
57990,17,561,376,2
58006,17,563,364,4
58023,17,563,367,2
58040,17,649,358,0
58056,17,685,338,0
58073,17,694,309,0
58090,17,698,300,0
58106,17,695,309,0
58123,17,695,321,0
58139,17,694,291,0
58156,17,698,300,0
58173,17,696,297,0
58189,17,697,282,0
58206,17,691,304,0
58223,17,699,321,0
58239,17,695,310,0
58256,17,687,338,0
58273,17,687,326,0
58289,17,697,307,0
58306,17,697,310,0
58322,17,694,330,0
58339,17,687,317,0
58356,17,691,301,0
58372,17,686,308,0
58389,17,686,308,0
58406,17,687,311,0
58422,17,691,318,0
58439,17,692,316,0
58456,17,690,314,0
58472,17,691,295,0
58489,17,691,312,0
58505,17,691,315,0
58522,17,682,314,0
58539,17,631,360,0
58722,183,520,631,3
58738,17,513,446,3
58755,17,521,480,3
58772,17,496,368,2
58788,17,557,336,4
58805,17,543,303,4
58822,17,544,349,4
58838,17,551,342,4
58855,17,544,324,4
58871,17,511,587,3
59537,665,1162,792,0
59553,17,1144,675,0
59570,17,1158,781,0
59587,17,1157,771,0
59603,17,1153,773,0
59620,17,1154,779,0
59637,17,1149,777,0
59653,17,1153,776,0
59670,17,1162,777,0
59687,17,1148,783,0
59703,17,1158,789,0
59720,17,1161,786,0
59736,17,1156,780,0
59753,17,1162,810,0
59770,17,1182,866,0
59786,17,1159,845,0
59803,17,1171,869,0
59820,17,1178,870,0
59836,17,1177,860,0
59853,17,1174,860,0
59870,17,1175,858,0
59886,17,1173,865,0
59903,17,1172,865,0
59919,17,1186,866,0
59936,17,1191,864,0
59953,17,1049,736,0
59969,17,918,592,3
59986,17,744,472,3
60003,17,607,376,2
60019,17,504,365,2
60036,17,506,363,4
60053,17,496,360,4
60069,17,507,366,2
60086,17,505,370,2
60102,17,509,383,2
60119,17,518,371,2
60136,17,508,380,2
60152,17,514,363,4
60169,17,511,364,4
60186,17,506,361,4
60202,17,511,363,4
60219,17,508,370,2
60236,17,517,348,4
60252,17,512,349,4
60269,17,507,341,4
60285,17,511,353,4
60302,17,556,317,4
60319,17,556,330,4
60335,17,549,323,4
60352,17,559,309,4
60369,17,557,334,4
60385,17,552,332,4
60402,17,564,319,4
60418,17,554,319,4
60435,17,560,313,4
60452,17,569,319,4
60468,17,559,327,4
60485,17,561,334,4
60502,17,572,309,4
60518,17,567,319,4
60535,17,564,315,4
60552,17,562,314,4
60568,17,563,319,4
60585,17,584,311,4
60601,17,570,318,4
60618,17,575,308,4
60635,17,571,317,4
60651,17,562,324,4
60668,17,583,316,4
60685,17,569,322,4
60701,17,584,319,4
60718,17,574,309,4
60735,17,591,297,4
60751,17,583,319,4
60768,17,583,316,4
60784,17,570,324,4
60801,17,505,409,2
60818,17,518,412,2
60834,17,521,423,3
60851,17,529,403,2
60868,17,525,414,2
60884,17,534,414,2
60901,17,522,413,2
60918,17,528,422,3
60934,17,520,430,3
60951,17,528,407,2
60967,17,521,428,3
60984,17,527,434,3
61001,17,522,435,3
61017,17,523,429,3
61034,17,525,421,5
61051,17,526,433,3
61067,17,522,423,3
61084,17,511,434,3
61101,17,527,409,2
61117,17,527,428,3
61134,17,510,415,2
61150,17,514,437,3
61167,17,529,432,3
61184,17,503,424,3
61200,17,515,336,4
61217,17,516,370,2
61234,17,517,340,4
61250,17,509,346,4
61267,17,519,329,4
61284,17,522,349,4
61300,17,520,357,4
61317,17,504,354,4
61333,17,519,341,4
61350,17,509,354,4
61367,17,513,348,4
61383,17,509,357,4
61400,17,529,336,4
61417,17,516,346,4
61433,17,517,341,4
61450,17,509,376,2
61467,17,508,351,4
61483,17,519,349,4
61500,17,512,353,4
61516,17,534,338,4
61533,17,516,339,4
61550,17,522,316,4
61566,17,546,247,1
61583,17,533,272,0
61600,17,556,254,1
61616,17,546,247,1
61633,17,542,256,1
61649,17,533,260,0
61666,17,542,266,0
61683,17,540,255,1
61699,17,544,254,1
61716,17,545,241,1
61733,17,544,251,1
61749,17,541,282,0
61766,17,537,247,1
61783,17,539,254,1
61799,17,546,244,1
61816,17,546,260,0
61832,17,547,259,1
61849,17,548,245,1
61866,17,538,255,1
61882,17,544,254,1
61899,17,563,244,1
61916,17,545,333,4
61932,17,572,446,3
61949,17,601,539,3
61966,17,627,596,3
61982,17,623,599,3
61999,17,625,597,3
62015,17,627,594,3
62032,17,624,601,3
62049,17,626,584,3
62065,17,631,606,3
62082,17,625,589,3
62099,17,633,587,3
62115,17,628,609,3
62132,17,623,599,3
62149,17,622,585,3
62165,17,613,621,3
62182,17,626,620,3
62198,17,623,600,3
62215,17,620,591,3
62232,17,626,568,3
62248,17,630,606,3
62265,17,621,609,3
62282,17,633,602,3
62298,17,533,721,3
62315,17,543,822,0
62332,17,503,889,0
62348,17,529,865,0
62365,17,515,893,0
62381,17,518,889,0
62398,17,520,894,0
62415,17,518,889,0
62431,17,519,885,0
62448,17,520,888,0
62465,17,523,898,0
62481,17,518,890,0
62498,17,515,890,0
62515,17,514,892,0
62531,17,521,885,0
62548,17,530,882,0
62564,17,400,890,0
62581,17,289,908,0
62598,17,255,894,0
62614,17,284,880,0
62631,17,282,872,0
62648,17,284,878,0
62664,17,258,889,0
62681,17,276,878,0
62698,17,273,875,0
62714,17,242,892,0
62731,17,272,857,0
63479,749,549,576,3
63496,17,577,418,3
63513,17,583,286,0
63529,17,580,318,4
63546,17,583,320,4
63563,17,581,319,4
63579,17,580,313,4
63596,17,582,317,4
63612,17,579,329,4
63629,17,592,321,4
63646,17,593,327,4
63662,17,590,357,4
63679,17,593,327,4
63696,17,585,327,4
63712,17,594,329,4
63729,17,596,331,4
63746,17,576,342,4
63762,17,579,347,4
63779,17,585,324,4
63795,17,581,329,4
63812,17,576,336,4
63829,17,588,311,4
63845,17,588,303,4
63862,17,577,321,4
63879,17,587,340,4
63895,17,599,342,4
63912,17,585,328,4
63928,17,546,335,4
63945,17,538,431,3
63962,17,513,424,3
63978,17,534,445,3
63995,17,519,438,3
64012,17,534,439,3
64028,17,522,428,3
64045,17,511,460,3
64062,17,543,443,3
64078,17,537,441,3
64095,17,519,428,3
64111,17,533,428,3
64128,17,542,431,3
64145,17,542,421,5
64161,17,526,448,3
64178,17,525,439,3
64195,17,487,386,2
64211,17,476,343,4
64228,17,483,348,4
64245,17,482,312,4
64261,17,475,340,4
64278,17,478,338,4
64294,17,477,336,4
64311,17,495,316,4
64328,17,482,327,4
64344,17,481,327,4
64361,17,478,321,4
64378,17,485,308,4
64394,17,465,333,4
64411,17,491,327,4
64428,17,526,431,3
64444,17,537,406,2
64461,17,541,435,3
64477,17,526,449,3
64494,17,533,437,3
64511,17,538,443,3
64527,17,536,429,3
64544,17,535,444,3
64561,17,542,451,3
64577,17,540,437,3
64594,17,538,429,3
64611,17,534,450,3
64627,17,538,439,3
64644,17,539,435,3
64660,17,530,460,3
64677,17,521,454,3
64694,17,533,445,3
64710,17,535,438,3
64727,17,532,463,3
64744,17,535,451,3
64760,17,516,456,3
64777,17,534,450,3
64794,17,515,419,5
64810,17,531,454,3
64827,17,533,451,3
64843,17,522,450,3
64860,17,524,461,3
64877,17,528,465,3
64893,17,524,469,3
64910,17,529,459,3
64927,17,533,460,3
64943,17,527,464,3
64960,17,526,465,3
64977,17,529,452,3
64993,17,531,445,3
65010,17,526,462,3
65026,17,533,465,3
65043,17,531,467,3
65060,17,562,378,2
65076,17,577,341,4
65093,17,579,346,4
65110,17,587,319,4
65126,17,583,351,4
65143,17,584,322,4
65159,17,586,357,4
65176,17,584,332,4
65193,17,584,338,4
65209,17,590,319,4
65226,17,588,322,4
65243,17,586,331,4
65259,17,581,313,4
65276,17,590,322,4
65293,17,596,318,4
65309,17,582,323,4
65326,17,597,312,4
65342,17,597,312,4
65359,17,590,297,4
65376,17,590,335,4
65392,17,581,315,4
65409,17,593,303,4
65426,17,596,302,4
65442,17,589,314,4
65459,17,593,314,4
65476,17,594,307,4
65492,17,581,339,4
65509,17,548,331,4
65525,17,489,341,4
65542,17,471,333,4
65559,17,457,345,4
65575,17,463,349,4
65592,17,462,339,4
65609,17,456,345,4
65625,17,454,355,4
65642,17,463,356,4
65659,17,465,334,4
65675,17,464,341,4
65692,17,474,343,4
65708,17,470,337,4
65725,17,463,334,4
65742,17,467,343,4
65758,17,468,341,4
65775,17,466,346,4
65792,17,463,349,4
65808,17,463,364,4
65825,17,453,351,4
65842,17,462,331,4
65858,17,461,337,4
65875,17,459,359,4
65891,17,449,352,4
65908,17,458,348,4
65925,17,456,354,4
65941,17,457,364,4
65958,17,453,349,4
65975,17,463,344,4
65991,17,456,344,4
66008,17,463,335,4
66025,17,455,329,4
66041,17,453,355,4
66058,17,452,339,4
66074,17,455,332,4
66091,17,515,336,4
66108,17,541,342,4
66124,17,564,341,4
66141,17,564,356,4
66158,17,552,358,4
66174,17,569,351,4
66191,17,568,339,4
66207,17,570,342,4
66224,17,571,340,4
66241,17,568,349,4
66257,17,568,342,4
66274,17,565,333,4
66291,17,582,319,4
66307,17,590,323,4
66324,17,581,292,4
66341,17,585,315,4
66357,17,579,303,4
66374,17,576,313,4
66390,17,588,310,4
66407,17,587,306,4
66424,17,591,290,4
66440,17,573,311,4
66457,17,586,318,4
66474,17,581,312,4
66490,17,572,304,4
66507,17,520,323,4
66524,17,501,325,4
66540,17,509,343,4
66557,17,506,341,4
66573,17,503,344,4
66590,17,509,333,4
66607,17,503,342,4
66623,17,506,343,4
66640,17,506,344,4
66657,17,506,357,4
66673,17,504,344,4
66690,17,509,325,4
66707,17,501,348,4
66723,17,510,329,4
66740,17,502,355,4
66756,17,503,350,4
66773,17,503,367,2
66790,17,496,362,4
66806,17,511,348,4
66823,17,510,352,4
66840,17,505,342,4
66856,17,500,350,4
66873,17,454,360,4
67106,233,538,510,3
67122,17,562,400,2
67139,17,561,329,4
67156,17,556,343,4
67172,17,553,348,4
67189,17,578,328,4
67206,17,560,343,4
67222,17,578,340,4
67239,17,562,358,4
67256,17,563,340,4
67272,17,567,357,4
67289,17,564,335,4
67305,17,562,343,4
67322,17,533,353,4
67339,17,528,355,4
67355,17,531,373,2
67372,17,520,370,2
67389,17,539,364,4
67405,17,515,374,2
67422,17,521,369,2
67438,17,524,373,2
67455,17,533,358,4
67472,17,527,356,4
67488,17,525,357,4
67505,17,526,355,4
67522,17,517,382,2
67538,17,529,352,4
67555,17,523,357,4
67572,17,522,360,4
67588,17,527,358,4
67605,17,529,355,4
67621,17,536,365,2
67638,17,534,352,4
67655,17,525,372,2
67671,17,527,385,2
67688,17,528,368,2
67705,17,516,439,3
67721,17,484,439,3
67904,183,494,683,3
67921,17,473,481,3
67938,17,471,327,4
67954,17,502,418,5
67971,17,471,326,4
67987,17,480,434,3
68220,233,527,669,3
68237,17,531,502,3
68254,17,566,301,4
68270,17,556,321,4
68287,17,567,313,4
68304,17,560,323,4
68320,17,561,328,4
68337,17,549,345,4
68353,17,548,337,4
68370,17,554,329,4
68387,17,557,340,4
68403,17,558,327,4
68420,17,561,306,4
68437,17,552,351,4
68453,17,554,351,4
68470,17,549,334,4
68486,17,559,312,4
68503,17,536,597,3
68686,183,511,542,3
68703,17,507,444,3
68719,17,500,395,2
68736,17,475,581,3
68986,250,456,335,4
69019,33,512,303,4
69035,17,511,363,4
69052,17,509,331,4
69069,17,508,339,4
69085,17,500,330,4
69102,17,506,345,4
69119,17,504,364,4
69135,17,511,336,4
69152,17,506,371,2
69169,17,519,337,4
69185,17,521,314,4
69202,17,562,354,4
69218,17,567,361,4
69235,17,575,334,4
69252,17,561,349,4
69268,17,564,341,4
69285,17,561,329,4
69302,17,566,323,4
69318,17,565,336,4
69335,17,560,348,4
69352,17,575,334,4
69368,17,567,344,4
69385,17,559,339,4
69401,17,561,360,4
69418,17,581,320,4
69435,17,577,343,4
69451,17,565,323,4
69468,17,577,308,4
69485,17,570,329,4
69501,17,578,315,4
69518,17,560,318,4
69535,17,571,331,4
69551,17,521,410,2
69568,17,511,452,3
69584,17,486,456,3
69601,17,501,440,3
69618,17,506,463,3
69634,17,506,443,3
69651,17,510,438,3
69668,17,507,448,3
69684,17,500,443,3
69701,17,500,472,3
69717,17,488,455,3
69734,17,507,447,3
69751,17,499,448,3
69767,17,479,467,3
69784,17,506,439,3
69801,17,514,441,3
69817,17,501,455,3
69834,17,498,453,3
69851,17,491,455,3
69867,17,496,451,3
69884,17,510,444,3
69900,17,519,427,3
69917,17,506,443,3
69934,17,469,475,3
69950,17,486,681,3
70083,133,492,444,3
70100,17,485,376,2
70117,17,491,380,2
70133,17,543,289,4
70150,17,535,348,4
70167,17,535,360,4
70183,17,531,354,4
70200,17,525,352,4
70217,17,515,337,4
70233,17,504,326,4
70250,17,485,337,4
70266,17,482,341,4
70283,17,462,316,4
70300,17,463,312,4
70316,17,461,317,4
70333,17,476,332,4
70350,17,482,318,4
70366,17,484,346,4
70383,17,478,324,4
70400,17,480,317,4
70416,17,464,334,4
70433,17,460,331,4
70449,17,451,330,4
70466,17,448,321,4
70483,17,445,327,4
70499,17,443,347,4
70516,17,449,347,4
70533,17,449,329,4
70549,17,453,320,4
70566,17,450,317,4
70583,17,457,333,4
70599,17,453,340,4
70616,17,453,333,4
70632,17,446,346,4
70649,17,474,312,4
70666,17,447,331,4
70682,17,445,340,4
70699,17,469,328,4
70716,17,462,336,4
70732,17,461,335,4
70749,17,442,341,4
70765,17,456,334,4
70782,17,462,331,4
70799,17,524,342,4
70815,17,528,377,2
70832,17,524,376,2
70849,17,525,376,2
70865,17,530,348,4
70882,17,530,377,2
70899,17,520,379,2
70915,17,532,357,4
70932,17,529,379,2
70948,17,535,375,2
70965,17,530,344,4
70982,17,531,368,2
70998,17,528,370,2
71015,17,537,352,4
71032,17,518,383,2
71048,17,531,355,4
71065,17,525,367,2
71082,17,532,371,2
71098,17,540,368,2
71115,17,498,499,3
71298,183,517,345,4
71314,17,535,296,4
71331,17,531,310,4
71348,17,528,310,4
71364,17,526,330,4
71381,17,528,321,4
71398,17,529,314,4
71414,17,529,305,4
71431,17,528,303,4
71448,17,532,308,4
71464,17,533,297,4
71481,17,539,296,4
71497,17,530,306,4
71514,17,528,321,4
71531,17,530,316,4
71547,17,532,316,4
71564,17,475,312,4
71780,216,483,451,3
71797,17,493,473,3
71814,17,494,418,5
71830,17,497,521,3
71847,17,504,531,3
72080,233,496,422,3
72096,17,560,368,2
72113,17,559,320,4
72130,17,544,366,2
72146,17,556,342,4
72163,17,564,342,4
72179,17,542,351,4
72196,17,565,362,4
72213,17,533,355,4
72229,17,561,338,4
72246,17,576,331,4
72263,17,585,317,4
72279,17,593,326,4
72296,17,586,352,4
72313,17,586,312,4
72329,17,589,341,4
72346,17,581,329,4
72362,17,581,334,4
72379,17,578,335,4
72396,17,594,342,4
72412,17,586,339,4
72429,17,586,324,4
72446,17,584,328,4
72462,17,577,319,4
72479,17,547,392,2
72496,17,533,441,3
72512,17,531,459,3
72529,17,518,460,3
72545,17,538,468,3
72562,17,546,450,3
72579,17,523,457,3
72595,17,523,454,3
72612,17,531,455,3
72629,17,542,447,3
72645,17,530,435,3
72662,17,538,460,3
72679,17,542,451,3
72695,17,527,431,3
72712,17,508,443,3
72728,17,514,459,3
72745,17,509,437,3
72762,17,519,461,3
72778,17,530,452,3
72795,17,510,459,3
72812,17,520,473,3
72828,17,507,453,3
72845,17,502,461,3
72862,17,516,454,3
72878,17,560,402,2
72895,17,582,338,4
72911,17,593,329,4
72928,17,594,320,4
72945,17,592,335,4
72961,17,594,332,4
72978,17,594,336,4
72995,17,589,345,4
73011,17,594,346,4
73028,17,596,352,4
73044,17,591,341,4
73061,17,592,341,4
73078,17,596,318,4
73094,17,589,346,4
73111,17,593,324,4
73128,17,590,337,4
73144,17,596,340,4
73161,17,597,324,4
73178,17,600,320,4
73194,17,598,333,4
73211,17,600,333,4
73227,17,596,350,4
73244,17,597,327,4
73261,17,591,333,4
73277,17,597,343,4
73294,17,588,328,4
73311,17,606,347,4
73327,17,588,358,4
73344,17,599,316,4
73361,17,596,326,4
73377,17,595,322,4
73394,17,587,368,2
73410,17,516,349,4
73427,17,468,359,4
73444,17,477,339,4
73460,17,469,341,4
73477,17,469,365,2
73494,17,468,342,4
73510,17,481,343,4
73527,17,486,332,4
73544,17,476,347,4
73560,17,479,337,4
73577,17,466,356,4
73593,17,482,319,4
73610,17,470,335,4
73627,17,483,335,4
73643,17,472,348,4
73660,17,481,347,4
73677,17,470,341,4
73693,17,470,366,2
73710,17,473,335,4
73727,17,494,343,4
73743,17,492,348,4
73760,17,557,350,4
73776,17,607,359,4
73793,17,595,322,4
73810,17,593,333,4
73826,17,587,345,4
73843,17,608,328,4
73860,17,604,318,4
73876,17,605,331,4
73893,17,604,336,4
73910,17,611,312,4
73926,17,597,318,4
73943,17,600,337,4
73959,17,605,326,4
73976,17,606,351,4
73993,17,597,320,4
74009,17,604,337,4
74026,17,605,336,4
74043,17,605,315,4
74059,17,601,324,4
74076,17,603,339,4
74093,17,607,320,4
74109,17,607,336,4
74126,17,600,337,4
74142,17,593,325,4
74159,17,604,325,4
74176,17,607,317,4
74192,17,606,324,4
74209,17,602,333,4
74226,17,599,323,4
74242,17,608,331,4
74259,17,591,329,4
74275,17,596,338,4
74292,17,593,357,4
74309,17,590,339,4
74325,17,596,335,4
74342,17,593,332,4
74359,17,595,329,4
74375,17,594,326,4
74392,17,592,351,4
74409,17,594,332,4
74425,17,599,332,4
74442,17,590,350,4
74458,17,597,348,4
74475,17,594,334,4
74492,17,595,343,4
74508,17,589,359,4
74525,17,599,336,4
74542,17,588,349,4
74558,17,580,351,4
74575,17,592,339,4
74592,17,598,329,4
74608,17,597,347,4
74625,17,599,330,4
74641,17,593,346,4
74658,17,592,334,4
74675,17,595,334,4
74691,17,594,348,4
74708,17,587,338,4
74725,17,593,358,4
74741,17,594,333,4
74758,17,592,353,4
74775,17,589,329,4
74791,17,599,353,4
74808,17,601,346,4
74824,17,596,339,4
74841,17,584,380,2
74858,17,534,405,2
74874,17,524,394,2
74891,17,527,410,2
74908,17,522,421,5
74924,17,530,430,3
74941,17,526,419,5
74958,17,525,407,2
74974,17,526,403,2
74991,17,523,406,2
75007,17,529,411,2
75024,17,536,404,2
75041,17,523,395,2
75057,17,528,386,2
75074,17,498,679,3
75274,200,490,486,3
75290,17,484,416,2
75307,17,480,353,4
75324,17,500,412,2
75340,17,517,341,4
75357,17,539,287,0
75373,17,541,275,0
75390,17,527,293,4
75407,17,527,328,4
75423,17,526,322,4
75440,17,527,315,4
75457,17,531,335,4
75473,17,516,335,4
75490,17,535,356,4
75506,17,525,358,4
75523,17,534,351,4
75540,17,536,365,2
75556,17,519,365,2
75573,17,527,371,2
75590,17,517,367,2
75606,17,538,374,2
75623,17,530,367,2
75640,17,522,384,2
75656,17,541,394,2
75673,17,526,373,2
75689,17,524,370,2
75706,17,523,381,2
75723,17,541,390,2
75739,17,523,392,2
75756,17,539,390,2
75773,17,535,401,2
75789,17,545,382,2
75806,17,541,368,2
75823,17,531,367,2
75839,17,540,382,2
75856,17,526,379,2
75872,17,543,359,4
75889,17,574,366,2
75906,17,581,354,4
75922,17,580,363,4
75939,17,587,369,2
75956,17,579,370,2
75972,17,586,373,2
75989,17,575,366,2
76006,17,591,378,2
76022,17,569,394,2
76039,17,588,353,4
76055,17,585,366,2
76072,17,580,360,4
76089,17,581,367,2
76105,17,587,376,2
76122,17,586,377,2
76139,17,587,352,4
76155,17,563,404,2
76172,17,578,378,2
76189,17,576,372,2
76205,17,570,368,2
76222,17,585,363,4
76238,17,581,393,2
76255,17,558,394,2
76272,17,542,434,3
76288,17,543,452,3
76305,17,539,447,3
76322,17,542,458,3
76338,17,545,445,3
76355,17,542,438,3
76372,17,522,448,3
76388,17,545,450,3
76405,17,533,469,3
76421,17,544,454,3
76438,17,535,458,3
76455,17,540,470,3
76471,17,546,442,3
76488,17,536,433,3
76505,17,537,443,3
76521,17,537,446,3
76538,17,547,449,3
76554,17,534,450,3
76571,17,533,452,3
76588,17,546,401,2
76604,17,567,385,2
76621,17,583,357,4
76638,17,565,322,4
76654,17,573,336,4
76671,17,571,364,4
76688,17,578,337,4
76704,17,567,341,4
76721,17,566,347,4
76737,17,563,331,4
76754,17,574,350,4
76771,17,566,336,4
76787,17,582,337,4
76804,17,582,362,4
76821,17,584,337,4
76837,17,585,338,4
76854,17,585,348,4
76871,17,590,347,4
76887,17,595,341,4
76904,17,581,356,4
76920,17,583,359,4
76937,17,592,334,4
76954,17,582,371,2
76970,17,587,359,4
76987,17,586,345,4
77004,17,548,356,4
77020,17,501,362,4
77037,17,454,370,2
77054,17,475,348,4
77070,17,464,370,2
77087,17,461,370,2
77103,17,457,377,2
77120,17,481,362,4
77137,17,468,358,4
77153,17,451,360,4
77170,17,460,370,2
77187,17,459,357,4
77203,17,469,352,4
77220,17,457,350,4
77237,17,477,353,4
77253,17,469,353,4
77270,17,462,372,2
77286,17,459,353,4
77303,17,457,368,2
77320,17,448,377,2
77336,17,479,366,2
77353,17,475,360,4
77370,17,458,378,2
77386,17,456,348,4
77403,17,470,367,2
77420,17,461,381,2
77436,17,467,360,4
77453,17,454,358,4
77469,17,473,343,4
77486,17,476,356,4
77503,17,433,393,2
77785,283,577,644,3
77802,17,586,468,3
77819,17,604,350,4
77835,17,605,346,4
77852,17,603,360,4
77869,17,597,363,4
77885,17,605,348,4
77902,17,599,358,4
77919,17,602,331,4
77935,17,607,344,4
77952,17,600,337,4
77968,17,599,351,4
77985,17,602,344,4
78002,17,580,505,3
78201,200,550,570,3
78218,17,551,428,3
78235,17,561,323,4
78251,17,563,301,4
78268,17,574,327,4
78285,17,564,353,4
78301,17,562,321,4
78318,17,561,356,4
78334,17,563,327,4
78351,17,566,316,4
78368,17,564,339,4
78384,17,555,357,4
78401,17,559,335,4
78418,17,557,367,2
78434,17,558,356,4
78451,17,576,313,4
78468,17,530,465,3
78667,200,525,589,3
78684,17,521,492,3
78700,17,552,284,0
78717,17,545,320,4
78734,17,532,333,4
78750,17,542,322,4
78767,17,550,317,4
78784,17,553,324,4
78800,17,541,343,4
78817,17,545,311,4
78833,17,505,389,2
79199,366,617,414,2
79216,17,655,318,0
79233,17,657,331,0
79249,17,658,315,0
79266,17,647,339,0
79283,17,649,358,0
79299,17,652,317,0
79316,17,650,300,0
79333,17,655,328,0
79349,17,657,302,0
79366,17,614,330,0
79382,17,543,369,2
79399,17,539,374,2
79416,17,530,378,2
79432,17,534,404,2
79449,17,538,399,2
79466,17,534,388,2
79482,17,540,394,2
79499,17,527,390,2
79516,17,532,395,2
79532,17,547,400,2
79549,17,518,377,2
79565,17,530,389,2
79582,17,540,379,2
79599,17,529,378,2
79615,17,523,384,2
79632,17,543,377,2
79649,17,532,382,2
79665,17,525,379,2
79682,17,536,367,2
79699,17,531,373,2
79715,17,537,365,2
79732,17,527,361,4
79748,17,528,378,2
79765,17,543,354,4
79782,17,525,391,2
79798,17,534,373,2
79815,17,537,384,2
79832,17,534,368,2
79848,17,537,357,4
79865,17,533,385,2
79882,17,532,357,4
79898,17,532,346,4
79915,17,516,555,3
80131,216,498,374,2
80148,17,554,327,4
80164,17,565,319,4
80181,17,543,319,4
80198,17,548,312,4
80214,17,554,313,4
80231,17,550,328,4
80247,17,547,318,4
80264,17,496,373,2
80447,183,512,514,3
80464,17,537,433,3
80480,17,549,289,4
80497,17,548,323,4
80514,17,554,316,4
80530,17,538,323,4
80547,17,563,292,4
80564,17,548,334,4
80580,17,551,332,4
80597,17,547,325,4
80613,17,555,311,4
80630,17,549,309,4
80647,17,536,328,4
80663,17,486,324,4
80680,17,474,348,4
80697,17,466,337,4
80713,17,470,339,4
80730,17,476,336,4
80747,17,471,347,4
80763,17,464,337,4
80780,17,467,333,4
80796,17,466,339,4
80813,17,467,343,4
80830,17,480,326,4
80846,17,464,344,4
80863,17,476,339,4
80880,17,556,331,4
80896,17,579,321,4
80913,17,582,309,4
80930,17,584,313,4
80946,17,572,323,4
80963,17,584,317,4
80979,17,567,324,4
80996,17,577,333,4
81013,17,590,317,4
81029,17,570,338,4
81046,17,575,325,4
81063,17,579,333,4
81079,17,551,547,3
81262,183,644,731,3
81279,17,594,517,3
81295,17,597,445,3
81312,17,604,299,4
81329,17,615,308,0
81345,17,617,306,0
81362,17,616,297,0
81379,17,619,310,0
81395,17,612,300,4
81412,17,617,311,0
81429,17,614,320,0
81445,17,611,288,4
81462,17,616,332,0
81478,17,610,308,4
81495,17,567,342,4
81512,17,509,336,4
81528,17,490,307,4
81545,17,487,330,4
81562,17,499,327,4
81578,17,483,349,4
81595,17,503,354,4
81612,17,493,341,4
81628,17,498,348,4
81645,17,488,341,4
81661,17,500,352,4
81678,17,488,336,4
81695,17,492,332,4
81711,17,497,319,4
81728,17,483,369,2
81745,17,458,346,4
81761,17,473,342,4
81778,17,475,343,4
81795,17,460,347,4
81811,17,458,344,4
81828,17,457,343,4
81844,17,462,353,4
81861,17,447,355,4
81878,17,458,349,4
81894,17,453,369,2
81911,17,465,339,4
81928,17,465,326,4
81944,17,459,363,4
81961,17,546,358,4
81978,17,571,315,4
81994,17,581,319,4
82011,17,581,355,4
82027,17,573,332,4
82044,17,583,354,4
82061,17,576,333,4
82077,17,579,359,4
82094,17,571,344,4
82111,17,571,361,4
82127,17,578,325,4
82144,17,575,346,4
82161,17,578,338,4
82177,17,571,364,4
82194,17,573,346,4
82210,17,572,347,4
82227,17,574,343,4
82244,17,576,352,4
82260,17,527,423,3
82277,17,531,420,5
82294,17,534,419,5
82310,17,531,449,3
82327,17,536,439,3
82343,17,529,425,3
82360,17,527,453,3
82377,17,527,433,3
82393,17,530,446,3
82410,17,524,452,3
82427,17,528,451,3
82443,17,528,449,3
82460,17,532,425,3
82477,17,530,456,3
82493,17,526,449,3
82510,17,528,444,3
82526,17,528,418,5
82543,17,527,439,3
82560,17,527,435,3
82576,17,523,442,3
82593,17,506,426,3
82610,17,509,433,3
82626,17,529,445,3
82643,17,517,438,3
82660,17,522,439,3
82676,17,522,419,5
82693,17,517,443,3
82709,17,577,343,4
82726,17,597,323,4
82743,17,598,314,4
82759,17,591,312,4
82776,17,603,290,4
82793,17,594,322,4
82809,17,597,303,4
82826,17,598,312,4
82843,17,600,319,4
82859,17,592,307,4
82876,17,596,330,4
82892,17,605,317,4
82909,17,560,340,4
82926,17,498,393,2
82942,17,518,401,2
82959,17,502,409,2
82976,17,504,399,2
82992,17,519,397,2
83009,17,517,402,2
83026,17,511,395,2
83042,17,517,398,2
83059,17,516,405,2
83075,17,523,420,5
83092,17,533,376,2
83109,17,665,664,3
83225,116,1029,752,0
83242,17,1069,752,0
83258,17,1040,716,0
83275,17,1027,661,0
83292,17,1038,655,0
83308,17,1032,651,0
83325,17,1032,666,0
83342,17,1029,678,0
83358,17,1039,668,0
83375,17,1039,664,0
83392,17,1036,666,0
83408,17,1038,668,0
83425,17,1035,671,0
83441,17,1028,657,0
83458,17,864,546,3
83475,17,744,479,3
83491,17,595,420,3
83508,17,514,385,2
83525,17,520,388,2
83541,17,492,376,2
83558,17,514,374,2
83574,17,502,366,2
83591,17,510,387,2
83608,17,500,403,2
83624,17,507,378,2
83641,17,508,375,2
83658,17,504,371,2
83674,17,512,384,2
83691,17,516,375,2
83708,17,503,377,2
83724,17,509,377,2
83741,17,511,375,2
83757,17,532,384,2
83774,17,524,361,4
83791,17,512,376,2
83807,17,521,371,2
83824,17,530,353,4
83841,17,524,371,2
83857,17,526,366,2
83874,17,526,377,2
83891,17,525,379,2
83907,17,527,391,2
83924,17,533,363,4
83940,17,548,350,4
83957,17,580,340,4
83974,17,598,326,4
83990,17,582,326,4
84007,17,591,313,4
84024,17,581,336,4
84040,17,575,343,4
84057,17,576,326,4
84074,17,589,327,4
84090,17,584,330,4
84107,17,589,331,4
84123,17,580,331,4
84140,17,588,325,4
84157,17,566,338,4
84173,17,550,346,4
84190,17,535,416,2
84207,17,533,420,5
84223,17,522,439,3
84240,17,525,439,3
84257,17,526,439,3
84273,17,521,449,3
84290,17,530,434,3
84306,17,519,460,3
84323,17,531,447,3
84340,17,530,443,3
84356,17,535,452,3
84373,17,523,458,3
84390,17,525,448,3
84406,17,529,443,3
84423,17,531,434,3
84440,17,528,439,3
84456,17,528,443,3
84473,17,528,435,3
84489,17,521,345,4
84506,17,510,354,4
84523,17,520,350,4
84539,17,519,345,4
84556,17,522,361,4
84573,17,510,345,4
84589,17,515,346,4
84606,17,531,305,4
84622,17,526,333,4
84639,17,503,365,2
84656,17,525,351,4
84672,17,520,364,4
84689,17,527,345,4
84706,17,548,338,4
84722,17,573,334,4
84739,17,560,358,4
84756,17,581,342,4
84772,17,567,353,4
84789,17,566,348,4
84805,17,574,332,4
84822,17,571,336,4
84839,17,564,356,4
84855,17,573,321,4
84872,17,570,319,4
84889,17,571,334,4
84905,17,571,349,4
84922,17,588,340,4
84939,17,577,324,4
84955,17,568,330,4
84972,17,553,351,4
84988,17,568,326,4
85005,17,573,320,4
85022,17,572,350,4
85038,17,574,343,4
85055,17,581,332,4
85072,17,507,339,4
85088,17,475,356,4
85105,17,473,360,4
85122,17,476,333,4
85138,17,475,346,4
85155,17,485,339,4
85171,17,473,349,4
85188,17,475,357,4
85205,17,481,364,4
85221,17,485,331,4
85238,17,462,380,2
85255,17,487,347,4
85271,17,483,336,4
85288,17,478,352,4
85305,17,495,345,4
85321,17,526,323,4
85338,17,574,328,4
85354,17,582,327,4
85371,17,592,314,4
85388,17,572,353,4
85404,17,590,315,4
85421,17,579,333,4
85438,17,585,334,4
85454,17,590,301,4
85471,17,580,339,4
85488,17,584,328,4
85504,17,580,333,4
85521,17,584,340,4
85537,17,588,309,4
85554,17,578,337,4
85571,17,595,314,4
85587,17,584,321,4
85604,17,583,342,4
85621,17,578,334,4
85637,17,579,340,4
85654,17,581,345,4
85671,17,582,325,4
85687,17,580,337,4
85704,17,586,333,4
85720,17,586,335,4
85737,17,581,330,4
85754,17,584,319,4
85770,17,581,328,4
85787,17,592,322,4
85804,17,583,332,4
85820,17,584,316,4
85837,17,585,319,4
85853,17,583,324,4
85870,17,583,329,4
85887,17,581,350,4
85903,17,527,340,4
85920,17,501,348,4
85937,17,503,350,4
85953,17,494,344,4
85970,17,494,338,4
85987,17,503,348,4
86003,17,511,327,4
86020,17,493,355,4
86036,17,484,361,4
86053,17,500,328,4
86070,17,489,352,4
86086,17,496,342,4
86103,17,499,339,4
86120,17,501,346,4
86136,17,493,355,4
86153,17,502,333,4
86170,17,496,349,4
86186,17,532,339,4
86203,17,554,337,4
86219,17,563,339,4
86236,17,567,345,4
86253,17,578,311,4
86269,17,569,331,4
86286,17,563,339,4
86303,17,575,327,4
86319,17,566,331,4
86336,17,548,348,4
86353,17,556,326,4
86369,17,571,336,4
86386,17,565,339,4
86402,17,574,348,4
86419,17,580,332,4
86436,17,567,337,4
86452,17,572,353,4
86469,17,581,338,4
86486,17,571,342,4
86502,17,583,346,4
86519,17,572,336,4
86536,17,569,351,4
86552,17,581,350,4
86569,17,570,338,4
86585,17,591,335,4
86602,17,583,352,4
86619,17,587,307,4
86635,17,581,335,4
86652,17,579,324,4
86669,17,577,345,4
86685,17,578,347,4
86702,17,578,341,4
86719,17,585,341,4
86735,17,577,365,2
86752,17,579,347,4
86768,17,582,353,4
86785,17,575,340,4
86802,17,578,357,4
86818,17,579,342,4
86835,17,578,358,4
86852,17,583,337,4
86868,17,582,350,4
86885,17,578,337,4
86901,17,578,352,4
86918,17,577,336,4
86935,17,577,327,4
86951,17,574,337,4
86968,17,577,328,4
86985,17,569,341,4
87001,17,576,360,4
87018,17,575,345,4
87035,17,580,334,4
87051,17,578,346,4
87068,17,583,342,4
87084,17,658,351,0
87101,17,715,411,2
87118,17,784,422,3
87134,17,848,467,3
87151,17,937,481,3
87168,17,974,526,3
87184,17,966,539,3
87201,17,964,540,3
87218,17,970,535,3
87234,17,966,531,3
87251,17,977,537,3
87267,17,960,557,3
87284,17,973,530,3
87301,17,967,545,3
87317,17,879,518,3
87334,17,782,456,3
87351,17,661,409,2
87367,17,574,373,2
87384,17,531,353,4
87401,17,528,338,4
87417,17,542,336,4
87434,17,525,360,4
87450,17,528,356,4
87467,17,526,351,4
87484,17,531,349,4
87500,17,498,686,3
87600,100,493,510,3
87617,17,496,541,3
87633,17,517,397,2
87650,17,524,283,0
87667,17,511,341,4
87683,17,519,353,4
87700,17,525,328,4
87717,17,517,355,4
87733,17,508,361,4
87750,17,514,343,4
87767,17,514,337,4
87783,17,523,358,4
87800,17,507,342,4
87816,17,517,346,4
87833,17,521,346,4
87850,17,527,335,4
87866,17,518,349,4
87883,17,518,350,4
87900,17,526,360,4
87916,17,518,359,4
87933,17,584,359,4
87950,17,580,351,4
87966,17,564,351,4
87983,17,575,348,4
87999,17,566,356,4
88016,17,554,353,4
88033,17,575,362,4
88049,17,566,363,4
88066,17,569,357,4
88083,17,567,366,2
88099,17,564,345,4
88116,17,565,368,2
88132,17,577,348,4
88149,17,571,357,4
88166,17,565,360,4
88182,17,576,388,2
88199,17,543,393,2
88216,17,557,362,4
88232,17,548,369,2
88249,17,552,375,2
88266,17,545,381,2
88282,17,540,381,2
88299,17,546,368,2
88315,17,552,388,2
88332,17,540,373,2
88349,17,537,370,2
88365,17,531,374,2
88382,17,549,371,2
88399,17,534,392,2
88415,17,539,365,2
88432,17,537,391,2
88449,17,537,377,2
88465,17,543,380,2
88482,17,534,378,2
88498,17,541,371,2
88515,17,536,378,2
88532,17,543,368,2
88548,17,546,392,2
88565,17,539,366,2
88582,17,548,390,2
88598,17,525,438,3
88615,17,533,499,3
88632,17,504,484,3
88648,17,522,517,3
88665,17,521,508,3
88681,17,524,488,3
88698,17,514,483,3
88715,17,514,520,3
88731,17,531,508,3
88748,17,525,495,3
88765,17,526,506,3
88781,17,516,492,3
88798,17,535,477,3
88815,17,532,497,3
88831,17,523,500,3
88848,17,519,501,3
88864,17,529,488,3
88881,17,531,481,3
88898,17,526,500,3
88914,17,526,494,3
88931,17,511,507,3
88948,17,496,512,3
88964,17,495,493,3
88981,17,496,487,3
88998,17,506,484,3
89014,17,493,485,3
89031,17,481,482,3
89047,17,482,479,3
89064,17,486,481,3
89081,17,495,469,3
89097,17,499,458,3
89114,17,475,477,3
89131,17,496,468,3
89147,17,498,449,3
89164,17,466,415,2
89180,17,449,369,2
89197,17,444,391,2
89214,17,459,372,2
89230,17,420,403,2
89247,17,446,379,2
89264,17,455,382,2
89280,17,439,362,4
89297,17,455,374,2
89314,17,462,372,2
89330,17,462,371,2
89347,17,449,372,2
89363,17,452,379,2
89380,17,445,368,2
89397,17,448,371,2
89413,17,435,383,2
89430,17,437,383,2
89447,17,446,367,2
89463,17,450,368,2
89480,17,450,378,2
89497,17,443,383,2
89513,17,441,393,2
89530,17,459,365,2
89546,17,449,378,2
89563,17,534,355,4
89580,17,582,360,4
89596,17,573,361,4
89613,17,584,363,4
89630,17,582,359,4
89646,17,582,360,4
89663,17,585,356,4
89680,17,581,357,4
89696,17,582,359,4
89713,17,594,354,4
89729,17,590,359,4
89746,17,582,348,4
89763,17,581,345,4
89779,17,574,351,4
89796,17,579,359,4
89813,17,588,344,4
89829,17,583,352,4
89846,17,580,353,4
89863,17,543,363,4
89879,17,523,373,2
89896,17,516,358,4
89912,17,513,386,2
89929,17,521,382,2
89946,17,529,384,2
89962,17,529,372,2
89979,17,521,382,2
89996,17,522,368,2
90012,17,527,365,2
90029,17,521,388,2
90046,17,533,383,2
90062,17,535,381,2
90079,17,510,390,2
90095,17,536,378,2
90112,17,524,380,2
90129,17,528,360,4
90145,17,521,370,2
90162,17,524,363,4
90179,17,539,370,2
90195,17,534,375,2
90212,17,518,363,4
90229,17,529,366,2
90245,17,537,354,4
90262,17,537,385,2
90278,17,535,386,2
90295,17,539,376,2
90312,17,539,396,2
90328,17,527,390,2
90345,17,531,370,2
90362,17,525,365,2
90378,17,533,378,2
90395,17,514,382,2
90411,17,524,373,2
90428,17,522,360,4
90445,17,534,379,2
90461,17,510,385,2
90478,17,513,370,2
90495,17,518,370,2
90511,17,537,371,2
90528,17,524,385,2
90545,17,523,377,2
90561,17,503,400,2
90578,17,517,374,2
90594,17,513,369,2
90611,17,516,375,2
90628,17,521,370,2
90644,17,515,367,2
90661,17,519,359,4
90678,17,516,379,2
90694,17,512,384,2
90711,17,530,379,2
90728,17,520,380,2
90744,17,544,364,4
90761,17,532,375,2
90777,17,521,380,2
90794,17,511,379,2
90811,17,518,369,2
90827,17,519,371,2
90844,17,517,373,2
90861,17,519,382,2
90877,17,517,375,2
90894,17,516,389,2
90911,17,517,392,2
90927,17,518,381,2
90944,17,520,368,2
90960,17,520,374,2
90977,17,523,386,2
90994,17,517,379,2
91010,17,519,371,2
91027,17,507,390,2
91044,17,514,363,4
91060,17,520,386,2
91077,17,515,387,2
91094,17,527,367,2
91110,17,539,363,4
91127,17,539,394,2
91143,17,535,357,4
91160,17,525,368,2
91177,17,525,368,2
91193,17,527,369,2
91210,17,529,366,2
91227,17,520,369,2
91243,17,525,371,2
91260,17,524,379,2
91277,17,512,370,2
91293,17,537,362,4
91310,17,528,355,4
91326,17,506,357,4
91343,17,522,343,4
91360,17,514,367,2
91376,17,510,367,2
91393,17,507,359,4
91410,17,517,367,2
91426,17,520,362,4
91443,17,519,352,4
91459,17,503,373,2
91476,17,520,347,4
91493,17,519,345,4
91509,17,521,365,2
91526,17,526,361,4
91543,17,511,349,4
91559,17,518,373,2
91576,17,522,362,4
91593,17,510,371,2
91609,17,520,347,4
91626,17,538,353,4
91642,17,528,355,4
91659,17,516,390,2
91676,17,525,355,4
91692,17,524,346,4
91709,17,519,364,4
91726,17,542,354,4
91742,17,538,350,4
91759,17,533,346,4
91776,17,540,355,4
91792,17,534,361,4
91809,17,532,347,4
91825,17,551,339,4
91842,17,528,352,4
91859,17,525,358,4
91875,17,530,360,4
91892,17,534,341,4
91909,17,533,357,4
91925,17,540,351,4
91942,17,536,352,4
91959,17,536,344,4
91975,17,528,355,4
91992,17,530,355,4
92008,17,565,349,4
92025,17,582,351,4
92042,17,566,360,4
92058,17,553,353,4
92075,17,563,348,4
92092,17,572,344,4
92108,17,571,382,2
92125,17,570,331,4
92142,17,567,353,4
92158,17,574,351,4
92175,17,586,355,4
92191,17,569,370,2
92208,17,582,341,4
92225,17,581,340,4
92241,17,562,342,4
92258,17,572,342,4
92275,17,584,330,4
92291,17,575,351,4
92308,17,574,343,4
92325,17,579,333,4
92341,17,576,346,4
92358,17,573,354,4
92374,17,573,364,4
92391,17,564,356,4
92408,17,573,361,4
92424,17,534,341,4
92441,17,502,360,4
92458,17,490,377,2
92474,17,493,371,2
92491,17,500,370,2
92508,17,501,371,2
92524,17,502,359,4
92541,17,485,364,4
92557,17,498,381,2
92574,17,490,381,2
92591,17,468,389,2
92607,17,504,365,2
92624,17,487,381,2
92641,17,505,373,2
92657,17,478,380,2
92674,17,480,370,2
92690,17,458,392,2
92707,17,459,380,2
92724,17,463,365,2
92740,17,457,369,2
92757,17,468,374,2
92774,17,469,398,2
92790,17,466,360,4
92807,17,472,388,2
92824,17,467,387,2
92840,17,550,354,4
92857,17,577,371,2
92873,17,571,359,4
92890,17,572,389,2
92907,17,572,372,2
92923,17,579,352,4
92940,17,575,357,4
92957,17,580,366,2
92973,17,580,360,4
92990,17,577,365,2
93007,17,593,348,4
93023,17,580,345,4
93040,17,577,347,4
93056,17,581,347,4
93073,17,578,350,4
93090,17,583,331,4
93106,17,555,401,2
93123,17,533,458,3
93140,17,531,449,3
93156,17,536,449,3
93173,17,527,453,3
93190,17,527,444,3
93206,17,526,456,3
93223,17,522,449,3
93239,17,527,460,3
93256,17,523,444,3
93273,17,528,446,3
93289,17,530,427,3
93306,17,537,443,3
93323,17,534,428,3
93339,17,531,440,3
93356,17,537,442,3
93373,17,536,436,3
93389,17,534,440,3
93406,17,531,452,3
93422,17,521,455,3
93439,17,474,842,0
93539,100,528,780,0
93556,17,525,619,3
93572,17,514,524,3
93589,17,504,615,3
93605,17,514,524,3
93622,17,509,610,3
93639,17,513,553,3
93655,17,522,733,3
93822,166,571,657,3
93838,17,555,478,3
93855,17,561,541,3
93872,17,579,418,3
93888,17,592,265,0
93905,17,587,333,4
93921,17,588,355,4
93938,17,588,337,4
93955,17,577,346,4
93971,17,580,341,4
93988,17,584,354,4
94005,17,575,344,4
94021,17,578,350,4
94038,17,573,353,4
94055,17,576,346,4
94071,17,576,359,4
94088,17,581,345,4
94104,17,576,343,4
94121,17,571,350,4
94138,17,581,354,4
94154,17,575,337,4
94171,17,574,340,4
94188,17,579,338,4
94204,17,574,360,4
94221,17,554,366,2
94238,17,569,362,4
94254,17,560,355,4
94271,17,559,352,4
94287,17,563,342,4
94304,17,571,336,4
94321,17,566,366,2
94337,17,572,352,4
94354,17,563,350,4
94371,17,563,341,4
94387,17,568,349,4
94404,17,557,370,2
94421,17,561,349,4
94437,17,571,333,4
94454,17,564,351,4
94470,17,558,351,4
94487,17,559,366,2
94504,17,564,354,4
94520,17,571,347,4
94537,17,556,363,4
94554,17,558,360,4
94570,17,561,356,4
94587,17,554,377,2
94604,17,562,361,4
94620,17,559,359,4
94637,17,559,371,2
94653,17,561,367,2
94670,17,561,369,2
94687,17,560,375,2
94703,17,583,358,4
94720,17,575,347,4
94737,17,589,344,4
94753,17,584,361,4
94770,17,587,358,4
94787,17,583,360,4
94803,17,585,356,4
94820,17,588,345,4
94836,17,584,366,2
94853,17,581,351,4
94870,17,584,360,4
94886,17,581,338,4
94903,17,586,347,4
94920,17,584,347,4
94936,17,589,350,4
94953,17,581,344,4
94969,17,587,355,4
94986,17,580,351,4
95003,17,582,359,4
95019,17,587,354,4
95036,17,585,343,4
95053,17,589,348,4
95069,17,603,349,4
95086,17,589,356,4
95103,17,587,350,4
95119,17,565,530,3
95136,17,635,909,0
95385,250,651,717,3
95402,17,593,518,3
95419,17,589,450,3
95435,17,584,508,3
95452,17,576,537,3
95652,200,525,518,3
95668,17,513,357,4
95685,17,552,363,4
95701,17,556,299,4
95718,17,558,333,4
95735,17,555,330,4
95751,17,563,337,4
95768,17,558,323,4
95785,17,556,317,4
95801,17,553,333,4
95818,17,564,308,4
95835,17,558,314,4
95851,17,558,356,4
95868,17,549,334,4
95884,17,563,343,4
95901,17,553,327,4
95918,17,558,322,4
95934,17,541,354,4
95951,17,553,353,4
95968,17,560,337,4
95984,17,556,326,4
96001,17,505,354,4
96184,183,505,642,3
96200,17,494,408,2
96217,17,480,356,4
96234,17,535,329,4
96250,17,537,352,4
96267,17,528,367,2
96284,17,527,380,2
96300,17,531,371,2
96317,17,526,379,2
96334,17,529,345,4
96350,17,513,355,4
96367,17,535,366,2
96383,17,537,371,2
96400,17,520,367,2
96417,17,529,347,4
96433,17,538,365,2
96450,17,519,377,2
96467,17,529,380,2
96483,17,520,378,2
96500,17,526,372,2
96517,17,484,375,2
96700,183,480,667,3
96716,17,461,431,3
96733,17,496,367,2
96749,17,466,370,2
96766,17,467,362,4
96783,17,465,372,2
96799,17,471,346,4
96816,17,467,361,4
96833,17,466,360,4
96849,17,455,380,2
96866,17,472,350,4
96883,17,459,376,2
96899,17,451,372,2
96916,17,458,372,2
96932,17,466,363,4
96949,17,531,362,4
96966,17,585,349,4
96982,17,575,355,4
96999,17,586,354,4
97016,17,581,366,2
97032,17,581,352,4
97049,17,579,368,2
97066,17,579,368,2
97082,17,591,369,2
97099,17,593,354,4
97115,17,584,358,4
97132,17,596,357,4
97149,17,579,368,2
97165,17,584,353,4
97182,17,591,350,4
97199,17,586,369,2
97215,17,589,381,2
97232,17,588,355,4
97248,17,586,348,4
97265,17,590,366,2
97282,17,542,427,3
97298,17,542,459,3
97315,17,534,455,3
97332,17,521,461,3
97348,17,524,467,3
97365,17,524,481,3
97382,17,535,466,3
97398,17,511,465,3
97415,17,522,468,3
97431,17,536,492,3
97448,17,529,483,3
97465,17,530,470,3
97481,17,526,482,3
97498,17,525,468,3
97515,17,530,483,3
97531,17,524,457,3
97548,17,526,477,3
97565,17,516,466,3
97581,17,532,471,3
97598,17,521,473,3
97614,17,530,469,3
97631,17,529,474,3
97648,17,538,452,3
97664,17,516,464,3
97681,17,524,459,3
97698,17,518,483,3
97714,17,548,461,3
97731,17,563,384,2
97748,17,567,358,4
97764,17,575,370,2
97781,17,554,360,4
97797,17,564,368,2
97814,17,576,351,4
97831,17,570,362,4
97847,17,560,407,2
97864,17,576,383,2
97881,17,572,356,4
97897,17,556,370,2
97914,17,559,377,2
97931,17,560,384,2
97947,17,572,359,4
97964,17,568,370,2
97980,17,569,375,2
97997,17,566,367,2
98014,17,573,369,2
98030,17,570,391,2
98047,17,558,349,4
98064,17,559,365,2
98080,17,564,377,2
98097,17,566,372,2
98114,17,558,380,2
98130,17,566,372,2
98147,17,578,375,2
98163,17,568,363,4
98180,17,560,375,2
98197,17,569,381,2
98213,17,561,362,4
98230,17,562,374,2
98247,17,570,361,4
98263,17,576,368,2
98280,17,562,372,2
98297,17,551,383,2
98313,17,470,375,2
98330,17,449,371,2
98346,17,464,351,4
98363,17,439,398,2
98380,17,454,376,2
98396,17,460,365,2
98413,17,460,391,2
98430,17,451,385,2
98446,17,466,372,2
98463,17,443,392,2
98479,17,452,386,2
98496,17,484,345,4
98513,17,459,366,2
98529,17,468,371,2
98546,17,456,368,2
98563,17,469,354,4
98579,17,463,374,2
98596,17,454,384,2
98613,17,463,391,2
98629,17,457,369,2
98646,17,458,390,2
98662,17,474,362,4
98679,17,446,448,3
98696,17,445,548,3
98879,183,548,684,3
98895,17,517,733,3
98912,17,536,564,3
98929,17,548,386,2
98945,17,568,331,4
98962,17,557,367,2
98979,17,564,372,2
98995,17,553,376,2
99012,17,560,372,2
99028,17,568,365,2
99045,17,563,388,2
99062,17,553,366,2
99078,17,558,354,4
99095,17,555,368,2
99112,17,550,364,4
99128,17,565,359,4
99145,17,570,365,2
99162,17,555,360,4
99178,17,568,364,4
99195,17,566,366,2
99211,17,553,385,2
99228,17,569,352,4
99245,17,549,361,4
99261,17,564,376,2
99278,17,545,354,4
99295,17,558,335,4
99311,17,526,376,2
99328,17,533,377,2
99345,17,532,378,2
99361,17,532,376,2
99378,17,531,368,2
99394,17,532,350,4
99411,17,498,393,2
99428,17,528,371,2
99444,17,534,365,2
99461,17,529,348,4
99478,17,528,373,2
99494,17,529,368,2
99511,17,533,366,2
99527,17,518,380,2
99544,17,517,376,2
99561,17,534,367,2
99577,17,533,359,4
99594,17,521,363,4
99611,17,514,388,2
99627,17,530,354,4
99644,17,520,378,2
99661,17,539,350,4
99677,17,534,375,2
99694,17,530,386,2
99710,17,537,368,2
99727,17,541,352,4
99744,17,534,363,4
99760,17,539,365,2
99777,17,540,371,2
99794,17,539,378,2
99810,17,526,386,2
99827,17,527,372,2
99844,17,537,368,2
99860,17,534,381,2
99877,17,534,372,2
99893,17,519,384,2
99910,17,561,373,2
99927,17,549,384,2
99943,17,553,373,2
99960,17,537,375,2
99977,17,537,375,2
99993,17,554,377,2
100010,17,551,372,2
100027,17,552,373,2
100043,17,539,377,2
100060,17,547,355,4
100076,17,536,390,2
100093,17,560,351,4
100110,17,558,376,2
100126,17,572,365,2
100143,17,565,342,4
100160,17,576,360,4
100176,17,557,413,2
100193,17,520,405,2
100393,200,528,689,3
100409,17,494,485,3
100426,17,523,447,3
100442,17,537,429,3
100459,17,545,437,3
100476,17,514,437,3
100492,17,526,433,3
100509,17,517,451,3
100526,17,508,456,3
100542,17,555,426,3
100559,17,562,447,3
100576,17,558,464,3
100592,17,556,466,3
100609,17,561,446,3
100625,17,556,448,3
100642,17,559,458,3
100659,17,557,451,3
100675,17,559,454,3
100692,17,555,466,3
100709,17,559,452,3
100725,17,559,452,3
100742,17,561,464,3
100758,17,563,444,3
100775,17,558,452,3
100792,17,562,457,3
100808,17,557,453,3
100825,17,557,461,3
100842,17,547,440,3
100858,17,547,426,3
100875,17,505,438,3
100892,17,472,460,3
100908,17,470,451,3
100925,17,468,437,3
100941,17,475,428,3
100958,17,466,437,3
100975,17,456,441,3
100991,17,471,429,3
101008,17,466,451,3
101025,17,469,455,3
101041,17,480,456,3
101058,17,467,454,3
101075,17,454,458,3
101091,17,446,470,3
101108,17,470,457,3
101124,17,464,458,3
101141,17,481,459,3
101158,17,453,457,3
101174,17,458,440,3
101191,17,469,455,3
101208,17,470,433,3
101224,17,467,436,3
101241,17,470,444,3
101258,17,468,471,3
101274,17,461,466,3
101291,17,473,444,3
101307,17,448,465,3
101324,17,443,475,3
101341,17,463,456,3
101357,17,464,451,3
101374,17,453,447,3
101391,17,467,449,3
101407,17,510,467,3
101424,17,547,449,3
101441,17,562,450,3
101457,17,567,465,3
101474,17,559,450,3
101490,17,563,459,3
101507,17,560,450,3
101524,17,561,438,3
101540,17,557,473,3
101557,17,554,471,3
101574,17,557,445,3
101590,17,562,437,3
101607,17,557,458,3
101624,17,556,471,3
101640,17,561,448,3
101657,17,554,464,3
101673,17,553,469,3
101690,17,550,462,3
101707,17,552,467,3
101723,17,553,477,3
101740,17,555,457,3
101757,17,555,453,3
101773,17,550,460,3
101790,17,556,459,3
101806,17,560,454,3
101823,17,549,474,3
101840,17,554,472,3
101856,17,556,449,3
101873,17,555,459,3
101890,17,555,458,3
101906,17,523,425,3
101923,17,506,345,4
101940,17,495,370,2
101956,17,511,343,4
101973,17,501,346,4
101989,17,495,363,4
102006,17,511,351,4
102023,17,505,355,4
102039,17,511,342,4
102056,17,508,361,4
102073,17,518,349,4
102089,17,513,346,4
102106,17,509,341,4
102123,17,516,342,4
102139,17,505,355,4
102156,17,562,358,4
102172,17,570,327,4
102189,17,562,334,4
102206,17,564,351,4
102222,17,567,365,2
102239,17,571,338,4
102256,17,569,347,4
102272,17,567,360,4
102289,17,570,327,4
102306,17,571,327,4
102322,17,567,329,4
102339,17,566,316,4
102355,17,568,336,4
102372,17,570,332,4
102389,17,571,315,4
102405,17,571,334,4
102422,17,570,344,4
102439,17,572,338,4
102455,17,565,332,4
102472,17,579,334,4
102489,17,572,322,4
102505,17,581,314,4
102522,17,574,334,4
102538,17,577,313,4
102555,17,567,326,4
102572,17,583,322,4
102588,17,573,347,4
102605,17,572,342,4
102622,17,577,324,4
102638,17,568,322,4
102655,17,576,327,4
102672,17,578,325,4
102688,17,570,345,4
102705,17,570,352,4
102721,17,577,344,4
102738,17,581,336,4
102755,17,574,343,4
102771,17,566,362,4
102788,17,570,341,4
102805,17,572,338,4
102821,17,571,338,4
102838,17,566,372,2
102855,17,561,339,4
102871,17,568,339,4
102888,17,574,336,4
102904,17,575,334,4
102921,17,579,343,4
102938,17,574,359,4
102954,17,572,342,4
102971,17,570,357,4
102988,17,568,341,4
103004,17,574,342,4
103021,17,568,342,4
103037,17,569,353,4
103054,17,565,343,4
103071,17,563,355,4
103087,17,573,334,4
103104,17,543,372,2
103121,17,533,384,2
103137,17,531,360,4
103154,17,528,393,2
103171,17,532,382,2
103187,17,524,399,2
103204,17,535,393,2
103220,17,534,377,2
103237,17,529,389,2
103254,17,529,376,2
103270,17,532,374,2
103287,17,537,355,4
103304,17,532,366,2
103320,17,529,378,2
103337,17,530,379,2
103354,17,532,372,2
103370,17,525,364,4
103387,17,531,376,2
103403,17,533,394,2
103420,17,529,389,2
103437,17,526,381,2
103453,17,520,372,2
103470,17,534,366,2
103487,17,525,368,2
103503,17,531,379,2
103520,17,528,384,2
103537,17,531,365,2
103553,17,511,385,2
103570,17,538,386,2
103586,17,517,381,2
103603,17,530,393,2
103620,17,530,379,2
103636,17,510,391,2
103653,17,529,389,2
103670,17,526,396,2
103686,17,517,395,2
103703,17,527,402,2
103720,17,524,396,2
103736,17,511,390,2
103753,17,512,398,2
103769,17,514,366,2
103786,17,525,389,2
103803,17,515,382,2
103819,17,524,395,2
103836,17,529,385,2
103853,17,543,386,2
103869,17,516,383,2
103886,17,517,376,2
103903,17,531,389,2
103919,17,521,390,2
103936,17,540,380,2
103952,17,526,393,2
103969,17,530,366,2
103986,17,528,373,2
104002,17,530,360,4
104019,17,522,373,2
104036,17,532,367,2
104052,17,527,384,2
104069,17,553,365,2
104086,17,584,347,4
104102,17,591,329,4
104119,17,583,357,4
104135,17,586,351,4
104152,17,583,341,4
104169,17,589,344,4
104185,17,588,339,4
104202,17,581,339,4
104219,17,585,335,4
104235,17,587,347,4
104252,17,592,330,4
104268,17,588,337,4
104285,17,588,343,4
104302,17,586,353,4
104318,17,585,346,4
104335,17,534,384,2
104352,17,543,428,3
104368,17,532,443,3
104385,17,524,439,3
104402,17,531,437,3
104418,17,525,431,3
104435,17,521,452,3
104451,17,521,450,3
104468,17,518,431,3
104485,17,522,451,3
104501,17,523,448,3
104518,17,515,453,3
104535,17,518,452,3
104551,17,530,450,3
104568,17,530,454,3
104601,33,528,455,3
104618,17,557,414,2
104634,17,572,359,4
104668,33,592,346,4
104684,17,596,338,4
104701,17,587,343,4
104718,17,589,334,4
104734,17,583,352,4
104751,17,587,352,4
104768,17,589,340,4
104784,17,584,348,4
104801,17,587,351,4
104817,17,594,338,4
104834,17,589,350,4
104851,17,593,347,4
104867,17,593,348,4
104884,17,596,344,4
104901,17,594,325,4
104917,17,588,334,4
104934,17,591,337,4
104951,17,589,338,4
104967,17,595,321,4
104984,17,591,341,4
105000,17,590,333,4
105017,17,592,349,4
105034,17,602,303,4
105050,17,587,351,4
105067,17,595,331,4
105084,17,588,345,4
105100,17,597,349,4
105117,17,595,322,4
105134,17,596,317,4
105150,17,589,326,4
105167,17,592,344,4
105183,17,578,340,4
105200,17,547,506,3
105283,83,510,678,3
105300,17,519,575,3
105316,17,517,460,3
105333,17,542,429,3
105350,17,557,354,4
105366,17,562,316,4
105383,17,551,333,4
105400,17,561,351,4
105416,17,562,344,4
105433,17,562,346,4
105450,17,559,344,4
105466,17,564,360,4
105483,17,551,368,2
105499,17,527,418,5
105516,17,518,487,3
105533,17,528,452,3
105549,17,532,444,3
105566,17,525,461,3
105583,17,511,459,3
105599,17,520,470,3
105616,17,519,454,3
105633,17,520,457,3
105649,17,527,450,3
105666,17,528,461,3
105682,17,522,455,3
105699,17,514,445,3
105716,17,517,438,3
105732,17,535,441,3
105749,17,519,460,3
105766,17,527,451,3
105782,17,521,465,3
105799,17,517,463,3
105816,17,519,436,3
105832,17,521,447,3
105849,17,524,462,3
105865,17,519,470,3
105882,17,502,473,3
105899,17,530,454,3
105915,17,528,454,3
105932,17,528,450,3
105949,17,533,462,3
105965,17,544,412,2
105982,17,574,360,4
105999,17,591,334,4
106015,17,586,356,4
106032,17,588,351,4
106048,17,589,341,4
106065,17,586,362,4
106082,17,589,353,4
106098,17,584,329,4
106115,17,578,358,4
106132,17,589,340,4
106148,17,580,348,4
106165,17,595,351,4
106182,17,592,338,4
106198,17,595,353,4
106215,17,603,356,4
106231,17,590,328,4
106248,17,597,320,4
106265,17,598,330,4
106281,17,594,320,4
106298,17,586,352,4
106315,17,591,351,4
106331,17,588,352,4
106348,17,589,328,4
106365,17,598,338,4
106381,17,516,375,2
106398,17,479,370,2
106414,17,472,357,4
106431,17,454,376,2
106448,17,442,373,2
106464,17,460,362,4
106481,17,454,362,4
106498,17,465,345,4
106514,17,459,368,2
106531,17,469,357,4
106547,17,459,358,4
106564,17,453,367,2
106581,17,459,352,4
106597,17,458,357,4
106614,17,467,365,2
106631,17,453,371,2
106647,17,480,371,2
106664,17,464,372,2
106681,17,480,374,2
106697,17,468,372,2
106714,17,546,379,2
106730,17,589,351,4
106747,17,587,354,4
106764,17,588,333,4
106780,17,583,364,4
106797,17,590,348,4
106814,17,592,341,4
106830,17,592,350,4
106847,17,583,367,2
106864,17,584,362,4
106880,17,586,357,4
106897,17,560,549,3
107047,150,549,528,3
107063,17,551,428,3
107080,17,559,448,3
107096,17,565,384,2
107113,17,589,342,4
107130,17,567,400,2
107146,17,561,537,3
107745,599,944,787,0
107778,33,1024,808,0
107995,216,544,754,3
108011,17,537,502,3
108028,17,551,411,2
108045,17,544,440,3
108061,17,550,428,3
108078,17,548,434,3
108095,17,556,424,3
108111,17,552,436,3
108128,17,568,431,3
108144,17,559,426,3
108161,17,547,429,3
108178,17,557,426,3
108194,17,547,451,3
108211,17,555,437,3
108228,17,551,437,3
108244,17,548,424,3
108261,17,548,436,3
108278,17,547,459,3
108294,17,564,416,2
108311,17,553,401,2
108327,17,550,386,2
108344,17,555,378,2
108361,17,560,385,2
108377,17,562,380,2
108394,17,558,396,2
108411,17,561,387,2
108427,17,559,384,2
108444,17,560,380,2
108461,17,557,390,2
108477,17,559,396,2
108494,17,553,383,2
108510,17,555,388,2
108527,17,558,379,2
108544,17,519,437,3
108560,17,515,483,3
108577,17,514,452,3
108594,17,514,472,3
108610,17,516,481,3
108627,17,512,472,3
108644,17,510,496,3
108660,17,510,476,3
108677,17,512,470,3
108693,17,510,473,3
108710,17,514,469,3
108727,17,510,489,3
108743,17,513,488,3
108760,17,519,486,3
108777,17,515,482,3
108793,17,503,486,3
108810,17,490,498,3
108826,17,522,439,3
109026,200,544,715,3
109043,17,520,597,3
109059,17,529,428,3
109076,17,554,347,4
109093,17,552,299,4
109109,17,564,351,4
109126,17,553,366,2
109143,17,551,376,2
109159,17,584,386,2
109176,17,584,376,2
109192,17,582,388,2
109209,17,587,366,2
109226,17,584,364,4
109242,17,580,379,2
109259,17,588,381,2
109276,17,597,382,2
109292,17,586,378,2
109309,17,579,363,4
109326,17,584,380,2
109342,17,591,376,2
109359,17,585,390,2
109375,17,588,384,2
109392,17,713,434,3
109409,17,810,543,3
109425,17,885,581,3
109442,17,971,612,3
109459,17,1013,618,3
109475,17,1000,615,3
109492,17,1013,616,3
109509,17,1007,611,3
109525,17,1005,553,3
109542,17,1000,637,3
109558,17,1006,644,3
109575,17,1007,629,3
109592,17,1001,635,3
109608,17,1004,631,3
109625,17,1024,664,0
109642,17,1029,731,0
109658,17,1034,739,0
109675,17,1042,743,0
109692,17,1034,714,0
109708,17,1034,708,0
109725,17,1037,698,0
109741,17,1033,727,0
109758,17,1036,741,0
109775,17,1037,731,0
109791,17,1042,748,0
109808,17,1039,745,0
109825,17,1037,744,0
109841,17,1041,743,0
109858,17,1041,754,0
109874,17,1041,726,0
109891,17,1035,752,0
109908,17,1036,736,0
109924,17,1036,755,0
109941,17,1043,783,0
109958,17,1042,790,0
109974,17,1036,789,0
109991,17,1038,795,0
110008,17,1037,793,0
110024,17,1037,794,0
110041,17,1037,790,0
110057,17,1039,795,0
110074,17,1032,790,0
110091,17,1013,776,0
110107,17,872,634,3
110124,17,763,530,3
110141,17,616,523,3
110157,17,511,457,3
110174,17,551,403,2
110191,17,521,450,3
110207,17,524,454,3
110224,17,511,460,3
110240,17,515,431,3
110274,0,514,437,3
110274,33,514,437,3
110290,17,516,411,2
110307,17,514,443,3
110324,17,511,430,3
110340,17,521,434,3
110357,17,508,446,3
110374,17,519,451,3
110390,17,516,442,3
110407,17,493,456,3
110423,17,506,629,3
110573,150,555,681,3
110590,17,541,547,3
110606,17,533,406,2
110623,17,533,425,3
110640,17,544,569,3
110656,17,540,614,3
110673,17,535,427,3
110690,17,537,490,3
110706,17,564,643,3
110856,150,559,692,3
110873,17,496,786,0
110889,17,530,598,3
110906,17,542,457,3
110923,17,564,326,4
110939,17,559,384,2
110956,17,554,385,2
110972,17,552,400,2
110989,17,554,407,2
111006,17,558,379,2
111022,17,553,400,2
111039,17,557,380,2
111056,17,551,418,5
111072,17,552,406,2
111089,17,554,379,2
111105,17,554,395,2
111122,17,556,404,2
111139,17,559,408,2
111155,17,563,394,2
111172,17,551,394,2
111189,17,549,415,2
111205,17,554,410,2
111222,17,555,391,2
111239,17,558,381,2
111255,17,555,403,2
111272,17,547,394,2
111288,17,555,407,2
111305,17,554,425,3
111322,17,551,412,2
111338,17,560,380,2
111355,17,559,382,2
111372,17,557,429,3
111388,17,559,430,3
111405,17,558,398,2
111422,17,554,423,3
111438,17,563,394,2
111455,17,543,423,3
111471,17,521,441,3
111488,17,530,418,5
111505,17,528,421,5
111521,17,524,434,3
111538,17,517,429,3
111555,17,519,430,3
111571,17,527,423,3
111588,17,529,413,2
111605,17,528,429,3
111621,17,532,421,5
111638,17,532,395,2
111654,17,524,422,3
111671,17,526,423,3
111688,17,527,432,3
111704,17,519,414,2
111721,17,539,409,2
111738,17,524,421,5
111754,17,532,432,3
111771,17,527,418,5
111788,17,528,416,2
111804,17,518,415,2
111821,17,527,404,2
111837,17,528,401,2
111854,17,524,423,3
111871,17,532,403,2
111887,17,536,429,3
111904,17,533,423,3
111921,17,524,422,3
111937,17,532,434,3
111954,17,527,428,3
111971,17,538,413,2
111987,17,534,391,2
112004,17,541,397,2
112020,17,534,415,2
112037,17,534,398,2
112054,17,543,380,2
112070,17,532,390,2
112087,17,518,423,3
112104,17,529,402,2
112120,17,533,395,2
112137,17,525,413,2
112154,17,529,412,2
112170,17,534,393,2
112187,17,535,416,2
112203,17,534,427,3
112220,17,511,515,3
112237,17,500,571,3
112253,17,543,691,3
112852,599,983,838,0
112869,17,991,727,3
112885,17,986,747,3
112902,17,1043,739,0
112919,17,991,740,3
112935,17,992,726,3
112952,17,1000,717,3
112969,17,1002,720,3
112985,17,1032,802,0
113002,17,1039,768,0
113019,17,1035,792,0
113035,17,1039,789,0
113052,17,1025,781,0
113068,17,1029,797,0
113085,17,1022,775,0
113102,17,1028,792,0
113118,17,1027,799,0
113135,17,1027,770,0
113152,17,1021,800,0
113168,17,1015,790,0
113185,17,1043,802,0
113202,17,1049,767,0
113218,17,978,831,0
113235,17,824,878,0
113251,17,665,985,0
113268,17,524,948,0
113285,17,440,979,0
113301,17,446,1005,0
113318,17,453,995,0
113335,17,441,1000,0
113351,17,442,990,0
113368,17,445,989,0
113384,17,450,980,0
113401,17,436,998,0
113418,17,442,1005,0
113434,17,437,1000,0
113451,17,522,1024,0
113634,183,523,663,3
113651,17,547,470,3
113667,17,554,438,3
113684,17,553,458,3
113701,17,554,440,3
113717,17,549,451,3
113734,17,558,457,3
113750,17,558,433,3
113767,17,561,435,3
113784,17,543,467,3
113800,17,562,438,3
113817,17,549,457,3
113834,17,545,456,3
113850,17,533,790,0
114383,532,562,674,3
114399,17,482,938,0
114416,17,592,909,0
114433,17,584,864,0
114449,17,594,931,0
114832,383,578,811,0
114848,17,532,737,3
114865,17,531,672,3
114882,17,528,685,3
114898,17,583,789,0
115148,250,555,654,3
115164,17,570,554,3
115181,17,598,387,2
115198,17,597,394,2
115214,17,589,385,2
115231,17,588,380,2
115248,17,585,391,2
115264,17,587,400,2
115281,17,582,404,2
115298,17,589,407,2
115314,17,592,405,2
115331,17,596,396,2
115347,17,563,402,2
115364,17,526,415,2
115381,17,536,423,3
115397,17,533,416,2
115414,17,534,409,2
115431,17,510,403,2
115447,17,535,405,2
115464,17,534,410,2
115481,17,531,408,2
115497,17,525,405,2
115514,17,531,396,2
115530,17,530,385,2
115547,17,528,371,2
115564,17,524,398,2
115580,17,516,405,2
115597,17,534,393,2
115614,17,532,387,2
115630,17,529,359,4
115647,17,526,371,2
115663,17,539,377,2
115680,17,529,372,2
115697,17,520,378,2
115713,17,526,370,2
115730,17,532,373,2
115747,17,528,378,2
115763,17,532,373,2
115780,17,527,377,2
115797,17,537,359,4
115813,17,542,350,4
115830,17,518,376,2
115846,17,541,364,4
115863,17,535,389,2
115880,17,538,381,2
115896,17,528,374,2
115913,17,538,374,2
115930,17,529,382,2
115946,17,535,387,2
115963,17,531,375,2
115980,17,535,353,4
115996,17,543,363,4
116013,17,564,365,2
116029,17,561,344,4
116046,17,551,363,4
116063,17,566,374,2
116079,17,556,360,4
116096,17,552,371,2
116113,17,551,342,4
116129,17,565,355,4
116146,17,564,356,4
116163,17,557,371,2
116179,17,553,357,4
116196,17,548,365,2
116212,17,566,338,4
116229,17,564,316,4
116246,17,566,334,4
116262,17,558,303,4
116279,17,578,338,4
116296,17,566,318,4
116312,17,588,314,4
116329,17,568,337,4
116346,17,562,324,4
116362,17,565,332,4
116379,17,571,344,4
116395,17,567,335,4
116412,17,518,396,2
116429,17,527,428,3
116445,17,508,454,3
116462,17,513,445,3
116479,17,519,424,3
116495,17,513,447,3
116512,17,514,444,3
116529,17,514,446,3
116545,17,500,446,3
116562,17,515,439,3
116578,17,515,441,3
116595,17,521,414,2
116612,17,519,436,3
116628,17,519,444,3
116645,17,515,416,2
116662,17,518,438,3
116678,17,512,450,3
116695,17,517,447,3
116712,17,500,453,3
116728,17,511,438,3
116745,17,514,444,3
116761,17,514,446,3
116778,17,506,444,3
116795,17,512,438,3
116811,17,525,456,3
116828,17,518,438,3
116845,17,520,471,3
116861,17,518,461,3
116878,17,517,451,3
116894,17,512,443,3
116911,17,508,455,3
116928,17,510,467,3
116944,17,515,444,3
116961,17,517,457,3
116978,17,546,409,2
116994,17,553,333,4
117011,17,583,329,4
117028,17,586,311,4
117044,17,583,289,4
117061,17,579,334,4
117077,17,583,322,4
117094,17,588,300,4
117111,17,591,320,4
117127,17,587,309,4
117144,17,581,326,4
117161,17,588,309,4
117177,17,570,332,4
117194,17,577,327,4
117211,17,579,322,4
117227,17,581,299,4
117244,17,586,314,4
117260,17,587,306,4
117277,17,584,327,4
117294,17,582,314,4
117310,17,569,300,4
117327,17,577,320,4
117344,17,571,331,4
117360,17,584,326,4
117377,17,574,313,4
117394,17,583,223,1
117410,17,570,200,1
117427,17,559,192,1
117443,17,562,197,1
117460,17,567,173,1
117477,17,566,192,1
117493,17,572,194,1
117510,17,562,196,1
117527,17,565,199,1
117543,17,572,169,1
117560,17,567,207,1
117577,17,554,212,1
117593,17,582,185,1
117610,17,582,205,1
117626,17,556,218,1
117643,17,558,239,1
117660,17,514,386,2
117760,100,445,418,3
117776,17,433,342,4
117793,17,478,410,2
117809,17,493,317,4
117826,17,487,323,4
117843,17,493,303,4
117859,17,493,314,4
117876,17,507,325,4
117893,17,490,306,4
117909,17,502,308,4
117926,17,506,312,4
117942,17,500,318,4
117959,17,490,330,4
117976,17,470,340,4
117992,17,488,330,4
118009,17,474,335,4
118026,17,470,335,4
118042,17,482,310,4
118059,17,472,349,4
118076,17,473,320,4
118092,17,472,350,4
118109,17,469,329,4
118125,17,474,339,4
118142,17,491,332,4
118159,17,526,332,4
118175,17,572,327,4
118192,17,574,318,4
118209,17,582,305,4
118225,17,584,312,4
118242,17,584,329,4
118259,17,584,318,4
118275,17,581,326,4
118292,17,583,341,4
118308,17,586,324,4
118325,17,579,318,4
118342,17,575,313,4
118358,17,574,328,4
118375,17,571,322,4
118392,17,585,319,4
118408,17,589,321,4
118425,17,577,323,4
118442,17,582,322,4
118458,17,570,335,4
118475,17,568,341,4
118491,17,579,332,4
118508,17,580,341,4
118525,17,584,329,4
118541,17,583,329,4
118558,17,581,328,4
118575,17,583,307,4
118591,17,570,314,4
118608,17,577,314,4
118625,17,574,319,4
118641,17,586,324,4
118658,17,581,332,4
118674,17,586,342,4
118691,17,583,321,4
118708,17,572,330,4
118724,17,575,326,4
118741,17,581,325,4
118758,17,573,330,4
118774,17,586,318,4
118791,17,578,337,4
118808,17,581,319,4
118824,17,573,339,4
118841,17,577,325,4
118857,17,580,340,4
118874,17,575,332,4
118891,17,576,326,4
118907,17,586,350,4
118924,17,582,330,4
118941,17,582,324,4
118957,17,580,320,4
118974,17,582,315,4
118991,17,578,356,4
119007,17,586,314,4
119024,17,579,311,4
119040,17,580,326,4
119057,17,586,308,4
119074,17,585,314,4
119090,17,586,302,4
119107,17,578,318,4
119124,17,584,302,4
119140,17,576,291,4
119157,17,588,299,4
119173,17,588,326,4
119190,17,580,311,4
119207,17,589,303,4
119223,17,581,308,4
119240,17,584,314,4
119257,17,584,293,4
119273,17,582,293,4
119290,17,565,323,4
119307,17,565,312,4
119323,17,566,307,4
119340,17,572,305,4
119356,17,561,392,2
119506,150,508,477,3
119523,17,536,409,2
119539,17,543,344,4
119556,17,546,305,4
119573,17,543,298,4
119589,17,540,323,4
119606,17,546,296,4
119623,17,545,291,4
119639,17,546,296,4
119656,17,548,291,4
119673,17,546,291,4
119689,17,548,317,4
119706,17,552,314,4
119722,17,547,305,4
119739,17,549,305,4
119756,17,487,324,4
119939,183,518,467,3
119955,17,534,477,3
119972,17,551,420,5
119989,17,546,486,3
120221,233,565,482,3
120238,17,582,325,4
120255,17,530,359,4
120271,17,582,289,4
120288,17,583,315,4
120305,17,574,334,4
120321,17,563,421,5
120538,216,525,446,3
120554,17,560,339,4
120571,17,546,331,4
120587,17,545,336,4
120604,17,545,340,4
120621,17,549,342,4
120637,17,542,340,4
120654,17,540,335,4
120671,17,550,345,4
120687,17,545,356,4
120704,17,549,342,4
120721,17,486,347,4
120737,17,466,361,4
120754,17,477,345,4
120770,17,474,345,4
120787,17,465,353,4
120804,17,469,350,4
120820,17,469,346,4
120837,17,477,342,4
120854,17,469,369,2
120870,17,474,342,4
120887,17,475,357,4
120904,17,479,342,4
120920,17,475,345,4
120937,17,476,330,4
120953,17,475,361,4
120970,17,467,350,4
120987,17,471,342,4
121003,17,473,352,4
121020,17,424,366,2
121253,233,535,649,3
121270,17,530,427,3
121286,17,532,395,2
121303,17,557,398,2
121319,17,527,462,3
121336,17,511,474,3
121602,266,465,724,3
121619,17,498,609,3
121635,17,518,410,2
121652,17,517,373,2
121669,17,515,422,3
121685,17,515,421,5
121702,17,518,408,2
121719,17,524,415,2
121735,17,497,434,3
121752,17,515,429,3
121769,17,527,423,3
121785,17,526,423,3
121802,17,520,447,3
121818,17,523,422,3
121835,17,537,468,3
121852,17,529,434,3
121868,17,543,449,3
121885,17,544,438,3
121902,17,537,446,3
121918,17,529,453,3
121935,17,531,462,3
121952,17,541,456,3
121968,17,534,450,3
121985,17,522,451,3
122001,17,528,456,3
122018,17,531,467,3
122035,17,532,450,3
122051,17,522,453,3
122068,17,517,439,3
122085,17,518,455,3
122101,17,529,458,3
122118,17,517,440,3
122135,17,520,447,3
122151,17,538,415,2
122168,17,544,363,4
122184,17,536,364,4
122201,17,527,368,2
122218,17,527,385,2
122234,17,525,377,2
122251,17,528,379,2
122268,17,522,373,2
122284,17,524,379,2
122301,17,523,364,4
122318,17,508,384,2
122334,17,528,383,2
122351,17,527,374,2
122367,17,511,378,2
122384,17,520,380,2
122401,17,522,353,4
122417,17,526,366,2
122434,17,535,371,2
122451,17,521,364,4
122467,17,523,364,4
122484,17,526,368,2
122501,17,525,363,4
122517,17,519,375,2
122534,17,524,393,2
122550,17,539,368,2
122567,17,523,380,2
122584,17,512,401,2
122600,17,530,373,2
122617,17,536,370,2
122634,17,532,364,4
122650,17,527,359,4
122667,17,525,378,2
122683,17,529,391,2
122700,17,534,381,2
122717,17,533,373,2
122733,17,528,383,2
122750,17,534,383,2
122767,17,537,368,2
122783,17,551,365,2
122800,17,532,379,2
122817,17,526,385,2
122833,17,620,397,2
122850,17,682,402,2
122866,17,752,399,2
122883,17,738,414,2
122900,17,761,409,2
122916,17,751,413,2
122933,17,746,403,2
122950,17,747,408,2
122966,17,751,422,3
122983,17,764,379,2
123000,17,747,401,2
123016,17,745,412,2
123033,17,751,395,2
123049,17,746,405,2
123066,17,757,391,2
123083,17,751,416,2
123099,17,746,400,2
123116,17,758,385,2
123133,17,757,389,2
123149,17,762,386,2
123166,17,758,398,2
123183,17,748,398,2
123199,17,756,403,2
123216,17,656,432,3
123232,17,575,364,4
123249,17,522,395,2
123266,17,529,385,2
123282,17,528,394,2
123299,17,530,389,2
123316,17,521,405,2
123332,17,519,398,2
123349,17,525,385,2
123366,17,528,380,2
123382,17,520,376,2
123399,17,521,385,2
123415,17,516,376,2
123432,17,643,470,3
123449,17,766,512,3
123465,17,874,599,3
123482,17,961,676,3
123499,17,1024,728,0
123515,17,1048,738,0
123532,17,1041,791,0
123549,17,1040,737,0
123565,17,1038,752,0
123582,17,1048,753,0
123598,17,1039,708,0
123615,17,1052,742,0
123632,17,1044,756,0
123648,17,1039,757,0
123665,17,1051,753,0
123682,17,969,846,0
123698,17,1064,757,0
123715,17,1057,773,0
123731,17,1059,762,0
123748,17,1074,762,0
123765,17,1056,772,0
123781,17,1084,773,0
123798,17,1076,766,0
123815,17,1076,754,0
123831,17,1071,753,0
123848,17,1068,746,0
123865,17,1086,742,0
123881,17,1091,772,0
123898,17,1082,755,0
123914,17,1072,747,0
123931,17,1083,770,0
123948,17,978,753,3
123964,17,872,726,3
123981,17,811,510,3
124131,150,571,872,0
124147,17,574,826,0
124164,17,550,720,3
124181,17,521,792,0
124197,17,540,718,3
124214,17,562,627,3
124231,17,562,614,3
124247,17,546,635,3
124264,17,536,634,3
124280,17,542,640,3
124297,17,532,461,3
124314,17,538,381,2
124330,17,538,386,2
124347,17,547,360,4
124364,17,541,388,2
124380,17,540,363,4
124397,17,543,371,2
124414,17,529,392,2
124430,17,538,377,2
124447,17,536,409,2
124463,17,537,384,2
124480,17,546,364,4
124497,17,540,380,2
124513,17,539,367,2
124530,17,540,371,2
124547,17,539,375,2
124563,17,537,390,2
124580,17,539,370,2
124597,17,537,396,2
124613,17,535,377,2
124630,17,539,366,2
124646,17,535,377,2
124663,17,537,382,2
124680,17,535,353,4
124696,17,535,360,4
124713,17,537,345,4
124730,17,536,326,4
124746,17,535,359,4
124763,17,538,336,4
124780,17,548,344,4
124796,17,540,340,4
124813,17,540,338,4
124829,17,542,351,4
124846,17,544,245,1
124863,17,539,208,1
124879,17,547,216,1
124896,17,538,200,1
124913,17,549,188,1
124929,17,537,213,1
124946,17,535,219,1
124962,17,537,204,1
124979,17,539,206,1
124996,17,560,200,1
125012,17,540,189,1
125029,17,543,204,1
125046,17,544,216,1
125062,17,538,235,1
125079,17,541,227,1
125096,17,537,229,1
125112,17,531,198,1
125129,17,541,194,1
125145,17,512,210,1
125162,17,525,196,1
125179,17,506,200,1
125195,17,518,207,1
125212,17,537,207,1
125229,17,524,196,1
125245,17,536,200,1
125262,17,527,194,1
125279,17,510,211,1
125295,17,503,223,1
125312,17,519,208,1
125328,17,519,205,1
125345,17,444,307,4
125362,17,396,368,2
125378,17,396,374,2
125395,17,395,370,2
125412,17,396,376,2
125428,17,415,374,2
125445,17,400,386,2
125462,17,418,376,2
125478,17,410,372,2
125495,17,417,379,2
125511,17,412,391,2
125528,17,422,372,2
125545,17,404,398,2
125561,17,413,377,2
125578,17,421,387,2
125595,17,404,379,2
125611,17,400,388,2
125628,17,397,384,2
125645,17,395,409,2
125661,17,447,378,2
125678,17,518,358,4
125694,17,594,339,4
125711,17,654,284,0
125728,17,638,328,0
125744,17,660,309,0
125761,17,648,290,0
125778,17,653,323,0
125794,17,647,312,0
125811,17,644,309,0
125828,17,646,304,0
125844,17,651,290,0
125861,17,650,281,0
125877,17,645,303,0
125894,17,637,299,0
125911,17,555,366,2
125927,17,556,368,2
125944,17,551,388,2
125961,17,549,376,2
125977,17,545,376,2
125994,17,546,403,2
126010,17,561,372,2
126027,17,545,380,2
126044,17,555,381,2
126060,17,551,371,2
126077,17,548,396,2
126094,17,548,385,2
126110,17,552,370,2
126127,17,554,380,2
126144,17,549,377,2
126160,17,550,374,2
126177,17,556,374,2
126193,17,553,386,2
126210,17,549,369,2
126227,17,540,374,2
126243,17,549,373,2
126260,17,558,379,2
126277,17,546,390,2
126293,17,552,398,2
126310,17,552,372,2
126327,17,545,401,2
126343,17,550,373,2
126360,17,543,387,2
126376,17,537,377,2
126393,17,539,386,2
126410,17,541,377,2
126426,17,534,386,2
126443,17,534,392,2
126460,17,539,399,2
126476,17,544,383,2
126493,17,544,391,2
126510,17,550,387,2
126526,17,539,418,5
126543,17,540,406,2
126559,17,537,395,2
126576,17,536,368,2
126593,17,532,389,2
126609,17,532,413,2
126626,17,530,427,3
126643,17,495,520,3
126659,17,484,555,3
126676,17,488,547,3
126693,17,498,531,3
126709,17,494,540,3
126726,17,498,533,3
126742,17,479,540,3
126759,17,488,536,3
126776,17,494,534,3
126792,17,496,526,3
126809,17,493,536,3
126826,17,488,536,3
126842,17,497,523,3
126859,17,494,553,3
126876,17,503,526,3
126892,17,492,529,3
126909,17,395,551,3
126925,17,383,555,3
126942,17,379,562,3
126959,17,378,550,3
126975,17,372,550,3
126992,17,375,549,3
127009,17,380,556,3
127025,17,382,581,3
127042,17,391,558,3
127059,17,358,569,3
127075,17,359,566,3
127092,17,387,559,3
127108,17,387,579,3
127125,17,374,566,3
127142,17,376,570,3
127158,17,375,564,3
127175,17,369,566,3
127192,17,380,570,3
127208,17,376,557,3
127225,17,357,568,3
127241,17,376,560,3
127258,17,354,574,3
127275,17,373,565,3
127291,17,355,566,3
127308,17,406,561,3
127325,17,478,494,3
127341,17,525,441,3
127358,17,517,434,3
127375,17,521,440,3
127391,17,524,434,3
127408,17,530,429,3
127424,17,532,429,3
127441,17,534,430,3
127458,17,518,430,3
127474,17,515,430,3
127491,17,495,447,3
127508,17,522,412,2
127524,17,525,622,3
127691,166,669,499,3
127707,17,666,437,3
127724,17,654,461,3
127741,17,680,435,3
127757,17,656,443,3
127774,17,615,447,3
127807,33,520,397,2
127824,17,513,411,2
127840,17,538,391,2
127857,17,506,414,2
127874,17,514,387,2
127890,17,524,388,2
127907,17,504,419,5
127924,17,517,398,2
127940,17,524,401,2
127957,17,525,418,5
127973,17,519,397,2
127990,17,521,371,2
128007,17,520,409,2
128023,17,523,402,2
128040,17,521,416,2
128057,17,521,410,2
128073,17,523,420,5
128090,17,528,409,2
128107,17,520,423,3
128123,17,525,406,2
128140,17,523,408,2
128156,17,511,402,2
128173,17,515,407,2
128190,17,518,427,3
128206,17,518,410,2
128223,17,520,400,2
128240,17,511,414,2
128256,17,520,400,2
128273,17,522,401,2
128289,17,514,390,2
128306,17,521,415,2
128323,17,522,408,2
128339,17,513,399,2
128356,17,533,403,2
128373,17,525,395,2
128389,17,553,372,2
128406,17,560,381,2
128423,17,566,384,2
128439,17,564,373,2
128456,17,561,361,4
128472,17,561,366,2
128489,17,554,396,2
128506,17,564,387,2
128522,17,558,380,2
128539,17,563,377,2
128556,17,562,379,2
128572,17,599,470,3
128589,17,616,502,3
128606,17,618,522,3
128622,17,623,512,3
128639,17,623,510,3
128655,17,620,495,3
128672,17,622,530,3
128689,17,617,505,3
128705,17,625,506,3
128722,17,619,527,3
128739,17,629,517,3
128755,17,571,526,3
128772,17,477,507,3
128789,17,410,491,3
128805,17,410,527,3
128822,17,415,513,3
128838,17,410,510,3
128855,17,413,512,3
128872,17,429,510,3
128888,17,413,521,3
128905,17,423,524,3
128922,17,425,496,3
128938,17,410,512,3
128955,17,424,509,3
128972,17,419,514,3
128988,17,420,518,3
129005,17,413,520,3
129021,17,424,518,3
129038,17,424,511,3
129055,17,396,521,3
129071,17,414,510,3
129088,17,415,506,3
129105,17,428,498,3
129121,17,426,513,3
129138,17,421,525,3
129155,17,436,521,3
129171,17,413,501,3
129188,17,434,529,3
129204,17,432,520,3
129221,17,430,528,3
129238,17,520,493,3
129254,17,566,509,3
129271,17,596,502,3
129288,17,608,517,3
129304,17,601,493,3
129321,17,599,495,3
129338,17,601,499,3
129354,17,596,498,3
129371,17,600,493,3
129387,17,601,497,3
129404,17,595,499,3
129421,17,597,500,3
129437,17,598,504,3
129454,17,559,461,3
129471,17,583,356,4
129487,17,564,360,4
129504,17,578,368,2
129520,17,565,372,2
129537,17,574,343,4
129554,17,564,373,2
129570,17,562,381,2
129587,17,573,379,2
129604,17,567,357,4
129620,17,565,363,4
129637,17,563,369,2
129654,17,569,363,4
129670,17,571,352,4
129687,17,569,345,4
129703,17,563,370,2
129720,17,564,353,4
129737,17,582,362,4
129753,17,541,350,4
129770,17,499,398,2
129787,17,509,393,2
129803,17,479,379,2
129820,17,490,386,2
129837,17,490,385,2
129853,17,487,386,2
129870,17,482,414,2
129886,17,479,383,2
129903,17,490,382,2
129920,17,484,379,2
129936,17,487,365,2
129953,17,492,382,2
129970,17,528,280,0
129986,17,555,252,1
130003,17,542,269,0
130020,17,565,258,1
130036,17,545,257,1
130053,17,564,238,1
130069,17,541,261,0
130086,17,563,245,1
130103,17,554,240,1
130119,17,561,232,1
130136,17,553,224,1
130153,17,555,239,1
130169,17,562,245,1
130186,17,561,246,1
130203,17,558,231,1
130219,17,551,240,1
130236,17,565,232,1
130252,17,545,245,1
130269,17,565,234,1
130286,17,565,226,1
130302,17,583,214,1
130319,17,573,231,1
130336,17,574,234,1
130352,17,571,229,1
130369,17,582,241,1
130386,17,571,244,1
130402,17,580,240,1
130419,17,569,241,1
130435,17,568,229,1
130452,17,566,257,1
130469,17,571,256,1
130485,17,577,244,1
130502,17,568,236,1
130519,17,572,240,1
130535,17,566,242,1
130552,17,568,253,1
130568,17,571,228,1
130585,17,569,262,0
130602,17,575,257,1
130618,17,488,333,4
130635,17,490,369,2
130652,17,488,352,4
130668,17,487,373,2
130685,17,490,372,2
130702,17,500,365,2
130718,17,485,373,2
130735,17,496,362,4
130751,17,487,379,2
130768,17,476,368,2
130785,17,483,377,2
130801,17,475,364,4
130818,17,468,389,2
130835,17,564,354,4
130851,17,626,351,0
130868,17,689,305,0
130885,17,674,338,0
130901,17,684,331,0
130918,17,688,329,0
130934,17,684,331,0
130951,17,682,332,0
130968,17,682,331,0
130984,17,684,329,0
131001,17,684,320,0
131018,17,682,322,0
131034,17,679,337,0
131051,17,681,323,0
131068,17,690,297,0
131084,17,693,300,0
131101,17,687,310,0
131117,17,690,316,0
131134,17,723,329,0
131151,17,717,322,0
131167,17,724,333,0
131184,17,721,320,0
131201,17,722,313,0
131217,17,719,327,0
131234,17,711,338,0
131251,17,717,339,0
131267,17,728,318,0
131284,17,725,343,0
131300,17,720,338,0
131317,17,718,323,0
131334,17,713,336,0
131350,17,718,337,0
131367,17,720,336,0
131384,17,718,330,0
131400,17,724,336,0
131417,17,722,347,0
131434,17,668,439,3
131583,150,923,530,3
131617,33,730,530,3
131633,17,741,372,2
131650,17,729,267,0
131666,17,731,325,0
131683,17,734,308,0
131700,17,736,327,0
131716,17,736,311,0
131733,17,740,316,0
131750,17,651,345,0
131766,17,583,369,2
131783,17,555,363,4
131799,17,531,375,2
131816,17,559,379,2
131833,17,545,377,2
131849,17,545,384,2
131866,17,547,383,2
131883,17,550,381,2
131899,17,537,410,2
131916,17,551,381,2
131933,17,558,394,2
131949,17,556,388,2
131966,17,547,392,2
131982,17,561,371,2
131999,17,539,395,2
132016,17,529,402,2
132032,17,546,399,2
132049,17,545,385,2
132066,17,523,392,2
132082,17,536,383,2
132099,17,531,381,2
132116,17,541,393,2
132132,17,544,399,2
132149,17,538,380,2
132165,17,541,374,2
132182,17,541,381,2
132199,17,543,370,2
132215,17,539,383,2
132232,17,539,388,2
132249,17,542,393,2
132265,17,531,394,2
132282,17,537,417,5
132299,17,531,398,2
132315,17,532,409,2
132332,17,534,382,2
132348,17,527,399,2
132365,17,535,396,2
132382,17,535,392,2
132398,17,529,409,2
132415,17,536,396,2
132432,17,541,401,2
132448,17,531,385,2
132465,17,534,395,2
132482,17,535,351,4
132498,17,539,290,4
132515,17,540,281,0
132531,17,542,297,4
132548,17,540,295,4
132565,17,545,294,4
132581,17,537,297,4
132598,17,557,277,0
132615,17,556,276,0
132631,17,553,280,0
132648,17,534,276,0
132665,17,537,275,0
132681,17,563,276,0
132698,17,529,288,4
132714,17,554,249,1
132731,17,548,259,1
132748,17,543,291,4
132764,17,552,260,0
132781,17,533,330,4
132798,17,557,298,4
132814,17,547,354,4
132831,17,547,342,4
132848,17,540,355,4
132864,17,533,394,2
132881,17,537,329,4
132897,17,542,353,4
132914,17,544,341,4
132931,17,545,358,4
132947,17,553,326,4
132964,17,543,350,4
132981,17,547,346,4
132997,17,566,340,4
133014,17,533,381,2
133030,17,518,418,5
133047,17,509,463,3
133064,17,496,482,3
133080,17,503,493,3
133097,17,505,480,3
133114,17,501,493,3
133130,17,502,524,3
133147,17,500,538,3
133164,17,501,546,3
133180,17,499,532,3
133197,17,498,569,3
133213,17,492,572,3
133230,17,498,486,3
133247,17,491,570,3
133263,17,496,590,3
133280,17,490,613,3
133297,17,487,607,3
133313,17,498,508,3
133330,17,500,717,3
133347,17,488,678,3
133363,17,501,489,3
133380,17,493,657,3
133396,17,493,641,3
133413,17,489,637,3
133430,17,501,490,3
133446,17,504,487,3
133463,17,501,467,3
133480,17,520,434,3
133496,17,511,449,3
133513,17,526,445,3
133530,17,516,446,3
133546,17,527,441,3
133563,17,520,443,3
133579,17,519,451,3
133596,17,519,453,3
133613,17,519,466,3
133629,17,525,446,3
133646,17,517,448,3
133663,17,519,490,3
133679,17,521,488,3
133696,17,518,506,3
133713,17,524,494,3
133729,17,529,501,3
133746,17,522,492,3
133762,17,521,502,3
133779,17,520,490,3
133796,17,526,500,3
133812,17,525,488,3
133829,17,527,481,3
133846,17,522,475,3
133862,17,520,489,3
133879,17,519,498,3
133896,17,528,494,3
133912,17,522,469,3
133929,17,522,468,3
133945,17,521,498,3
133962,17,527,469,3
133979,17,518,491,3
133995,17,501,523,3
134012,17,512,487,3
134029,17,509,518,3
134045,17,505,501,3
134062,17,506,506,3
134078,17,507,483,3
134095,17,507,506,3
134112,17,505,498,3
134128,17,497,496,3
134145,17,500,505,3
134162,17,488,499,3
134178,17,502,525,3
134195,17,500,500,3
134212,17,494,507,3
134228,17,484,502,3
134245,17,483,521,3
134261,17,502,502,3
134278,17,491,487,3
134295,17,484,513,3
134311,17,492,515,3
134328,17,490,516,3
134345,17,492,510,3
134361,17,490,517,3
134378,17,490,513,3
134395,17,495,442,3
134411,17,490,360,4
134428,17,508,363,4
134444,17,486,363,4
134461,17,484,370,2
134478,17,504,359,4
134494,17,485,359,4
134511,17,512,358,4
134528,17,488,362,4
134544,17,492,371,2
134561,17,505,348,4
134578,17,494,384,2
134594,17,502,368,2
134611,17,506,366,2
134627,17,504,359,4
134644,17,489,364,4
134661,17,497,354,4
134677,17,473,414,2
134944,266,496,499,3
134960,17,523,339,4
134977,17,544,334,4
134993,17,550,322,4
135010,17,496,359,4
135027,17,509,508,3
135226,200,459,394,2
135243,17,473,288,4
135260,17,470,308,4
135276,17,472,316,4
135293,17,469,301,4
135309,17,468,301,4
135326,17,469,310,4
135343,17,474,300,4
135359,17,469,308,4
135376,17,462,297,4
135393,17,467,309,4
135409,17,476,296,4
135426,17,477,310,4
135443,17,476,298,4
135459,17,467,315,4
135476,17,511,378,2
135492,17,528,372,2
135509,17,514,383,2
135526,17,515,397,2
135542,17,526,400,2
135559,17,525,409,2
135576,17,534,361,4
135592,17,526,376,2
135609,17,527,387,2
135626,17,528,388,2
135642,17,519,379,2
135659,17,531,368,2
135675,17,526,392,2
135692,17,526,389,2
135709,17,528,379,2
135725,17,528,413,2
135742,17,536,392,2
135759,17,537,398,2
135775,17,536,384,2
135792,17,536,391,2
135809,17,529,389,2
135825,17,529,415,2
135842,17,531,387,2
135858,17,527,398,2
135875,17,534,393,2
135892,17,553,384,2
135908,17,551,386,2
135925,17,542,375,2
135942,17,551,384,2
135958,17,541,378,2
135975,17,539,395,2
135992,17,547,405,2
136008,17,559,374,2
136025,17,552,383,2
136041,17,545,390,2
136058,17,549,379,2
136075,17,549,380,2
136091,17,542,395,2
136108,17,555,393,2
136125,17,539,362,4
136141,17,551,370,2
136158,17,543,379,2
136175,17,540,379,2
136191,17,543,381,2
136208,17,533,376,2
136224,17,534,409,2
136241,17,541,389,2
136258,17,538,394,2
136274,17,535,381,2
136291,17,531,399,2
136308,17,538,375,2
136324,17,531,384,2
136341,17,548,380,2
136357,17,531,381,2
136374,17,541,378,2
136391,17,545,383,2
136407,17,540,385,2
136424,17,534,389,2
136441,17,530,393,2
136457,17,546,379,2
136474,17,542,382,2
136491,17,537,401,2
136507,17,542,385,2
136524,17,529,371,2
136540,17,547,384,2
136557,17,509,384,2
136574,17,512,361,4
136590,17,516,375,2
136607,17,517,362,4
136624,17,514,374,2
136640,17,516,366,2
136657,17,499,385,2
136674,17,506,377,2
136690,17,515,372,2
136707,17,515,369,2
136723,17,510,370,2
136740,17,507,361,4
136757,17,506,362,4
136773,17,511,348,4
136790,17,517,349,4
136807,17,518,360,4
136823,17,513,353,4
136840,17,523,367,2
136857,17,518,333,4
136873,17,528,361,4
136890,17,520,365,2
136906,17,518,359,4
136923,17,510,353,4
136940,17,519,352,4
136956,17,516,344,4
136973,17,515,352,4
136990,17,521,362,4
137006,17,522,392,2
137023,17,517,372,2
137040,17,516,364,4
137056,17,552,377,2
137073,17,521,376,2
137089,17,527,363,4
137106,17,504,598,3
137339,233,541,716,3
137356,17,531,516,3
137372,17,563,344,4
137389,17,553,360,4
137406,17,544,376,2
137422,17,559,370,2
137439,17,549,395,2
137455,17,548,373,2
137472,17,557,388,2
137489,17,573,344,4
137505,17,582,333,4
137522,17,575,334,4
137539,17,591,334,4
137555,17,596,337,4
137572,17,586,345,4
137588,17,581,352,4
137605,17,582,347,4
137622,17,586,320,4
137638,17,582,317,4
137655,17,584,337,4
137672,17,577,329,4
137688,17,578,339,4
137705,17,578,331,4
137722,17,576,338,4
137738,17,516,406,2
137755,17,512,422,3
137771,17,529,417,5
137788,17,529,414,2
137805,17,525,438,3
137821,17,524,426,3
137838,17,524,415,2
137855,17,522,422,3
137871,17,525,436,3
137888,17,531,417,5
137905,17,519,422,3
137921,17,525,448,3
137938,17,508,437,3
137954,17,526,417,5
137971,17,527,424,3
137988,17,520,423,3
138004,17,528,415,2
138021,17,526,432,3
138038,17,525,414,2
138054,17,528,396,2
138071,17,545,376,2
138088,17,559,332,4
138104,17,560,343,4
138121,17,565,334,4
138137,17,567,327,4
138154,17,570,350,4
138171,17,567,348,4
138187,17,565,338,4
138204,17,565,341,4
138221,17,568,336,4
138237,17,572,330,4
138254,17,561,333,4
138271,17,565,361,4
138287,17,581,346,4
138304,17,666,415,2
138320,17,680,463,3
138337,17,682,446,3
138354,17,679,457,3
138370,17,683,423,3
138387,17,680,428,3
138404,17,681,440,3
138420,17,682,431,3
138437,17,680,446,3
138454,17,678,429,3
138470,17,687,424,3
138487,17,681,451,3
138503,17,682,453,3
138520,17,680,438,3
138537,17,585,460,3
138553,17,540,483,3
138570,17,526,465,3
138587,17,519,459,3
138603,17,511,490,3
138620,17,514,480,3
138636,17,516,464,3
138653,17,517,466,3
138670,17,514,484,3
138686,17,521,474,3
138703,17,499,486,3
138720,17,511,495,3
138736,17,499,501,3
138753,17,509,492,3
138770,17,518,499,3
138786,17,515,481,3
138803,17,516,508,3
138819,17,507,517,3
138836,17,526,489,3
138853,17,520,487,3
138869,17,526,497,3
138886,17,518,504,3
138903,17,518,518,3
138919,17,520,506,3
138936,17,521,505,3
138953,17,520,512,3
138969,17,530,510,3
138986,17,514,523,3
139002,17,513,510,3
139019,17,512,506,3
139036,17,527,493,3
139052,17,525,447,3
139069,17,525,446,3
139086,17,523,438,3
139102,17,521,445,3
139119,17,519,437,3
139136,17,528,465,3
139152,17,519,470,3
139169,17,506,463,3
139185,17,525,452,3
139202,17,505,457,3
139219,17,526,447,3
139235,17,514,451,3
139252,17,518,430,3
139269,17,515,430,3
139285,17,516,440,3
139302,17,513,440,3
139319,17,519,438,3
139335,17,502,443,3
139352,17,518,448,3
139368,17,502,443,3
139385,17,515,448,3
139402,17,503,428,3
139418,17,518,424,3
139435,17,521,411,2
139452,17,502,427,3
139468,17,505,437,3
139485,17,519,569,3
139618,133,514,482,3
139635,17,511,430,3
139651,17,543,415,2
139668,17,535,352,4
139685,17,547,323,4
139701,17,544,367,2
139718,17,555,372,2
139734,17,536,386,2
139751,17,536,363,4
139768,17,549,364,4
139784,17,542,364,4
139801,17,556,352,4
139818,17,546,383,2
139834,17,532,382,2
139851,17,553,360,4
139867,17,539,365,2
139884,17,518,394,2
139901,17,546,388,2
139917,17,527,388,2
139934,17,533,377,2
139951,17,533,349,4
139967,17,534,376,2
139984,17,550,360,4
140001,17,547,364,4
140017,17,549,372,2
140034,17,544,383,2
140050,17,549,356,4
140067,17,543,358,4
140084,17,551,361,4
140100,17,539,342,4
140117,17,534,372,2
140134,17,532,378,2
140150,17,553,361,4
140167,17,553,356,4
140184,17,553,377,2
140200,17,546,370,2
140217,17,538,371,2
140233,17,557,362,4
140250,17,545,355,4
140267,17,559,352,4
140283,17,537,377,2
140300,17,540,373,2
140317,17,541,383,2
140333,17,527,387,2
140350,17,525,377,2
140367,17,544,373,2
140383,17,538,372,2
140400,17,540,363,4
140416,17,504,402,2
140616,200,499,437,3
140633,17,483,378,2
140649,17,484,358,4
140666,17,504,438,3
140683,17,487,364,4
140916,233,488,494,3
140932,17,523,351,4
140949,17,521,320,4
140965,17,528,338,4
140982,17,521,336,4
140999,17,519,339,4
141015,17,523,346,4
141032,17,529,326,4
141049,17,519,340,4
141065,17,519,345,4
141082,17,520,347,4
141098,17,522,343,4
141115,17,524,329,4
141132,17,518,335,4
141148,17,521,359,4
141165,17,570,340,4
141182,17,563,355,4
141198,17,576,369,2
141215,17,562,340,4
141232,17,565,332,4
141248,17,567,326,4
141265,17,553,356,4
141281,17,550,357,4
141298,17,563,354,4
141315,17,576,318,4
141331,17,547,334,4
141348,17,585,390,2
141365,17,652,485,3
141381,17,670,582,3
141398,17,678,580,3
141415,17,674,601,3
141431,17,674,600,3
141448,17,671,585,3
141464,17,679,574,3
141481,17,665,586,3
141498,17,676,594,3
141514,17,676,579,3
141531,17,666,594,3
141548,17,677,591,3
141564,17,677,606,3
141581,17,676,581,3
141598,17,673,607,3
141614,17,606,633,3
141631,17,544,580,3
141647,17,511,591,3
141664,17,508,588,3
141681,17,514,590,3
141697,17,508,601,3
141714,17,511,589,3
141731,17,509,603,3
141747,17,495,593,3
141764,17,513,599,3
141781,17,510,613,3
141797,17,487,605,3
141814,17,504,595,3
141830,17,513,525,3
141847,17,501,456,3
141864,17,516,400,2
141880,17,512,419,5
141897,17,506,413,2
141914,17,509,412,2
141930,17,514,419,5
141947,17,513,408,2
141964,17,518,405,2
141980,17,511,411,2
141997,17,504,424,3
142013,17,512,421,5
142030,17,508,425,3
142047,17,513,421,5
142063,17,502,425,3
142080,17,512,405,2
142097,17,517,415,2
142113,17,508,421,5
142130,17,521,428,3
142146,17,508,415,2
142163,17,533,429,3
142180,17,516,435,3
142196,17,514,427,3
142213,17,523,413,2
142230,17,514,431,3
142246,17,502,446,3
142263,17,512,442,3
142280,17,524,450,3
142296,17,532,440,3
142313,17,539,418,5
142329,17,525,409,2
142346,17,538,347,4
142363,17,540,345,4
142379,17,523,356,4
142396,17,544,348,4
142413,17,539,333,4
142429,17,535,354,4
142446,17,548,338,4
142463,17,531,349,4
142479,17,535,338,4
142496,17,542,346,4
142512,17,541,373,2
142529,17,540,361,4
142546,17,547,378,2
142562,17,556,337,4
142579,17,558,346,4
142596,17,554,352,4
142612,17,562,353,4
142629,17,548,357,4
142646,17,552,356,4
142662,17,551,357,4
142679,17,555,352,4
142695,17,550,345,4
142712,17,573,366,2
142729,17,577,366,2
142745,17,558,360,4
142762,17,579,339,4
142779,17,569,358,4
142795,17,574,353,4
142812,17,574,337,4
142829,17,568,358,4
142845,17,565,372,2
142862,17,565,352,4
142878,17,566,360,4
142895,17,574,345,4
142912,17,575,365,2
142928,17,570,352,4
142945,17,564,378,2
142962,17,565,369,2
142978,17,567,359,4
142995,17,524,360,4
143012,17,486,366,2
143028,17,484,358,4
143045,17,483,365,2
143061,17,480,357,4
143078,17,477,355,4
143095,17,484,351,4
143111,17,477,356,4
143128,17,470,363,4
143145,17,474,378,2
143161,17,485,370,2
143178,17,459,379,2
143195,17,461,369,2
143211,17,477,382,2
143228,17,482,365,2
143244,17,487,373,2
143261,17,490,359,4
143278,17,472,354,4
143294,17,522,363,4
143311,17,514,375,2
143328,17,530,374,2
143344,17,520,370,2
143361,17,523,359,4
143377,17,526,375,2
143394,17,518,363,4
143411,17,519,378,2
143427,17,519,397,2
143444,17,516,362,4
143461,17,517,360,4
143477,17,525,352,4
143494,17,482,413,2
143627,133,531,540,3
143644,17,524,563,3
143660,17,559,363,4
143677,17,559,318,4
143694,17,549,352,4
143710,17,551,361,4
143727,17,560,350,4
143743,17,559,363,4
143760,17,556,349,4
143777,17,558,368,2
143793,17,559,358,4
143810,17,561,345,4
143843,0,562,342,4
143843,33,562,342,4
143860,17,564,348,4
143877,17,540,382,2
143893,17,544,368,2
143910,17,547,357,4
143926,17,553,345,4
143943,17,541,352,4
143960,17,549,367,2
143976,17,544,372,2
143993,17,547,340,4
144010,17,537,362,4
144026,17,558,351,4
144043,17,560,348,4
144060,17,550,354,4
144076,17,545,359,4
144093,17,553,344,4
144109,17,546,364,4
144126,17,542,347,4
144143,17,545,340,4
144159,17,541,357,4
144176,17,544,349,4
144193,17,539,364,4
144209,17,559,352,4
144226,17,551,340,4
144243,17,542,350,4
144259,17,542,366,2
144276,17,548,355,4
144292,17,560,357,4
144309,17,543,345,4
144326,17,544,353,4
144342,17,544,359,4
144359,17,549,344,4
144376,17,551,346,4
144392,17,551,366,2
144409,17,544,368,2
144425,17,536,362,4
144442,17,544,342,4
144459,17,543,356,4
144475,17,558,363,4
144492,17,545,362,4
144509,17,544,363,4
144525,17,536,367,2
144542,17,540,360,4
144559,17,523,357,4
144575,17,459,371,2
144592,17,400,361,0
144608,17,361,373,2
144625,17,333,373,2
144642,17,363,376,2
144658,17,331,409,2
144675,17,341,380,2
144692,17,343,363,0
144708,17,354,373,2
144725,17,339,377,2
144742,17,336,389,2
144758,17,366,371,2
144775,17,326,380,2
144791,17,336,382,2
144808,17,355,358,0
144825,17,353,369,2
144841,17,286,381,2
144858,17,260,404,2
144875,17,258,400,2
144891,17,217,413,2
144908,17,212,418,3
144925,17,239,420,3
144941,17,248,406,2
144958,17,245,409,2
144974,17,236,409,2
144991,17,251,404,2
145008,17,250,412,2
145024,17,239,405,2
145041,17,232,415,2
145058,17,213,409,2
145074,17,251,407,2
145091,17,247,407,2
145108,17,225,420,3
145124,17,260,407,2
145141,17,261,402,2
145157,17,257,405,2
145174,17,242,413,2
145191,17,213,432,3
145207,17,203,438,3
145224,17,207,429,3
145241,17,173,443,3
145257,17,185,440,3
145274,17,202,429,3
145291,17,191,435,3
145307,17,184,444,3
145324,17,225,432,3
145340,17,187,442,3
145357,17,195,436,3
145374,17,209,433,3
145390,17,201,431,3
145407,17,200,434,3
145424,17,185,431,3
145440,17,180,444,3
145457,17,204,435,3
145474,17,192,433,3
145490,17,209,437,3
145507,17,198,445,3
145523,17,197,436,3
145540,17,207,434,3
145557,17,191,432,3
145573,17,171,442,3
145590,17,207,433,3
145607,17,169,444,3
145623,17,208,437,3
145640,17,184,439,3
145656,17,212,530,3
145673,17,219,569,3
145690,17,223,581,3
145706,17,194,585,3
145723,17,213,591,3
145740,17,220,583,3
145756,17,197,603,3
145773,17,230,593,3
145790,17,217,603,3
145806,17,204,593,3
145823,17,181,595,3
145839,17,205,591,3
145856,17,215,590,3
145873,17,210,592,3
145889,17,207,594,3
145906,17,205,588,3
145923,17,200,593,3
145939,17,202,593,3
145956,17,218,593,3
145973,17,162,641,3
145989,17,144,641,3
146006,17,149,639,3
146022,17,152,639,3
146039,17,155,652,3
146056,17,151,638,3
146072,17,140,645,3
146089,17,149,644,3
146106,17,155,645,3
146122,17,135,650,3
146139,17,147,644,3
146156,17,156,652,3
146172,17,156,643,3
146189,17,160,648,3
146205,17,181,643,3
146222,17,291,601,3
146239,17,342,564,3
146255,17,424,560,3
146272,17,407,555,3
146289,17,426,564,3
146305,17,432,553,3
146322,17,417,547,3
146339,17,421,553,3
146355,17,431,535,3
146372,17,430,528,3
146388,17,506,566,3
146405,17,508,622,3
146422,17,511,619,3
146438,17,526,625,3
146455,17,538,615,3
146472,17,523,611,3
146488,17,539,623,3
146505,17,545,606,3
146522,17,546,591,3
146538,17,514,616,3
146555,17,545,616,3
146571,17,543,637,3
146588,17,538,615,3
146605,17,498,499,3
146621,17,521,381,2
146638,17,506,380,2
146655,17,506,378,2
146671,17,518,363,4
146688,17,517,374,2
146704,17,511,364,4
146721,17,521,355,4
146738,17,503,355,4
146754,17,513,368,2
146771,17,513,362,4
146788,17,522,356,4
146804,17,498,385,2
146821,17,529,371,2
146838,17,495,353,4
146854,17,478,342,4
146871,17,487,355,4
146887,17,456,365,2
146904,17,465,346,4
146921,17,465,363,4
146937,17,453,351,4
146954,17,464,358,4
146971,17,457,370,2
146987,17,473,371,2
147004,17,465,357,4
147021,17,471,342,4
147037,17,476,351,4
147054,17,484,350,4
147070,17,454,349,4
147087,17,464,356,4
147104,17,465,356,4
147120,17,484,341,4
147137,17,470,374,2
147154,17,478,344,4
147170,17,447,410,2
147187,17,443,445,3
147204,17,443,427,3
147220,17,436,455,3
147237,17,438,440,3
147253,17,444,448,3
147270,17,437,465,3
147287,17,447,448,3
147303,17,444,450,3
147320,17,437,441,3
147337,17,437,455,3
147353,17,432,459,3
147370,17,450,435,3
147387,17,420,446,3
147403,17,440,459,3
147420,17,441,457,3
147436,17,444,453,3
147453,17,438,464,3
147470,17,419,459,3
147486,17,439,468,3
147503,17,423,462,3
147520,17,442,461,3
147536,17,486,447,3
147553,17,534,413,2
147570,17,571,433,3
147586,17,536,689,3
147719,133,561,655,3
147736,17,535,600,3
147753,17,537,483,3
147769,17,561,374,2
147786,17,577,264,0
147802,17,555,365,2
147819,17,559,363,4
147836,17,571,361,4
147852,17,565,343,4
147869,17,560,359,4
147886,17,534,384,2
147902,17,541,373,2
147919,17,542,367,2
147935,17,539,386,2
147952,17,542,365,2
147969,17,522,376,2
147985,17,547,387,2
148002,17,533,393,2
148019,17,534,370,2
148035,17,527,380,2
148052,17,514,518,3
148069,17,535,756,3
148185,116,528,680,3
148202,17,472,593,3
148218,17,504,417,5
148235,17,528,365,2
148252,17,522,395,2
148268,17,523,352,4
148285,17,527,389,2
148301,17,527,381,2
148318,17,504,402,2
148335,17,505,386,2
148351,17,505,404,2
148368,17,519,392,2
148385,17,483,419,3
148584,200,530,615,3
148601,17,533,408,2
148618,17,534,342,4
148634,17,518,370,2
148651,17,541,345,4
148667,17,542,332,4
148684,17,544,341,4
148701,17,536,356,4
148717,17,534,348,4
148734,17,539,337,4
148751,17,549,356,4
148767,17,550,353,4
148784,17,528,339,4
148801,17,555,334,4
148817,17,535,348,4
148834,17,534,369,2
148850,17,546,354,4
148867,17,547,349,4
148884,17,549,330,4
148900,17,549,347,4
148917,17,520,376,2
148934,17,518,382,2
148950,17,534,375,2
148967,17,537,381,2
148983,17,534,384,2
149000,17,526,372,2
149017,17,532,377,2
149033,17,546,374,2
149050,17,527,358,4
149067,17,551,362,4
149083,17,526,375,2
149100,17,547,376,2
149117,17,540,345,4
149133,17,568,330,4
149150,17,577,334,4
149166,17,584,334,4
149183,17,578,321,4
149200,17,585,316,4
149216,17,583,313,4
149233,17,583,303,4
149250,17,575,305,4
149266,17,585,310,4
149283,17,573,304,4
149300,17,580,309,4
149316,17,582,325,4
149333,17,589,263,0
149349,17,524,666,3
149549,200,518,538,3
149566,17,531,429,3
149582,17,517,438,3
149599,17,521,423,3
149616,17,522,426,3
149632,17,528,425,3
149649,17,528,434,3
149666,17,507,449,3
149682,17,532,428,3
149699,17,534,436,3
149715,17,531,447,3
149732,17,532,441,3
149749,17,540,442,3
149765,17,518,436,3
149782,17,535,425,3
149799,17,519,444,3
149815,17,528,447,3
149832,17,516,440,3
149849,17,520,448,3
149865,17,534,420,5
149882,17,545,437,3
149898,17,533,440,3
149915,17,539,449,3
149932,17,534,440,3
149948,17,539,451,3
149965,17,533,448,3
149982,17,533,465,3
149998,17,525,444,3
150015,17,545,434,3
150032,17,542,448,3
150048,17,544,437,3
150065,17,530,443,3
150081,17,538,445,3
150098,17,524,436,3
150115,17,519,448,3
150131,17,538,434,3
150148,17,530,437,3
150165,17,544,433,3
150181,17,538,440,3
150198,17,517,453,3
150214,17,515,447,3
150231,17,539,450,3
150248,17,535,452,3
150264,17,542,430,3
150281,17,542,445,3
150298,17,531,443,3
150314,17,533,449,3
150331,17,531,438,3
150348,17,528,467,3
150364,17,542,444,3
150381,17,536,452,3
150397,17,528,442,3
150414,17,534,449,3
150431,17,536,439,3
150447,17,539,425,3
150464,17,545,422,3
150481,17,563,393,2
150497,17,559,381,2
150514,17,557,375,2
150531,17,570,391,2
150547,17,557,401,2
150564,17,569,377,2
150580,17,555,377,2
150597,17,553,387,2
150614,17,554,393,2
150630,17,569,392,2
150647,17,566,392,2
150664,17,562,388,2
150680,17,558,382,2
150697,17,554,382,2
150714,17,565,396,2
150730,17,535,396,2
150747,17,418,471,3
150763,17,381,483,3
150780,17,377,497,3
150797,17,345,494,3
150813,17,343,512,3
150830,17,377,497,3
150847,17,343,495,3
150863,17,375,506,3
150880,17,352,497,3
150897,17,364,498,3
150913,17,382,514,3
150930,17,361,510,3
150946,17,355,497,3
150963,17,353,507,3
150980,17,365,492,3
150996,17,352,502,3
151013,17,360,497,3
151030,17,358,494,3
151046,17,364,493,3
151063,17,381,501,3
151080,17,374,503,3
151096,17,354,491,3
151113,17,355,505,3
151129,17,367,499,3
151146,17,343,505,3
151163,17,356,505,3
151179,17,359,489,3
151196,17,353,499,3
151213,17,361,508,3
151229,17,352,512,3
151246,17,347,530,3
151263,17,238,884,0
151279,17,383,775,0
151612,333,573,683,3
151645,33,579,709,3
151662,17,595,950,0
151678,17,581,838,0
151695,17,547,699,3
151712,17,523,547,3
151728,17,523,542,3
151745,17,505,450,3
151762,17,516,436,3
151778,17,513,470,3
151795,17,502,643,3
151811,17,499,564,3
151828,17,512,537,3
151845,17,513,522,3
151861,17,508,489,3
151878,17,517,451,3
151895,17,534,416,2
151911,17,539,427,3
151928,17,536,389,2
151945,17,549,359,4
151961,17,542,310,4
151978,17,530,360,4
151994,17,531,336,4
152011,17,530,384,2
152028,17,531,370,2
152044,17,534,393,2
152061,17,530,381,2
152078,17,529,414,2
152094,17,520,399,2
152111,17,520,402,2
152128,17,531,421,5
152144,17,529,408,2
152161,17,533,416,2
152177,17,527,408,2
152194,17,536,409,2
152211,17,540,404,2
152227,17,530,400,2
152244,17,523,428,3
152261,17,538,398,2
152277,17,531,412,2
152294,17,544,409,2
152311,17,531,420,5
152327,17,539,397,2
152344,17,534,406,2
152360,17,533,420,5
152377,17,530,396,2
152394,17,534,418,5
152410,17,526,407,2
152427,17,540,402,2
152444,17,540,384,2
152460,17,531,421,5
152477,17,529,424,3
152493,17,530,418,5
152510,17,531,408,2
152527,17,539,411,2
152543,17,530,389,2
152560,17,531,411,2
152577,17,529,393,2
152593,17,533,416,2
152610,17,540,400,2
152627,17,547,393,2
152643,17,528,405,2
152660,17,513,376,2
152676,17,497,400,2
152693,17,502,390,2
152710,17,513,388,2
152726,17,495,388,2
152743,17,505,394,2
152760,17,496,396,2
152776,17,506,405,2
152793,17,502,377,2
152810,17,497,370,2
152826,17,539,397,2
152843,17,655,458,3
152859,17,747,514,3
152876,17,792,515,3
152893,17,784,558,3
152909,17,789,543,3
152926,17,779,541,3
152943,17,791,548,3
152959,17,782,520,3
152976,17,784,539,3
152993,17,788,533,3
153009,17,783,528,3
153026,17,785,543,3
153042,17,791,559,3
153059,17,784,542,3
153076,17,773,548,3
153092,17,778,523,3
153109,17,786,514,3
153126,17,783,517,3
153142,17,778,536,3
153159,17,781,534,3
153176,17,784,534,3
153192,17,672,532,3
153209,17,572,484,3
153225,17,503,431,3
153242,17,483,410,2
153259,17,480,421,3
153275,17,479,426,3
153292,17,478,421,3
153309,17,472,436,3
153325,17,476,406,2
153342,17,475,425,3
153359,17,475,410,2
153375,17,476,432,3
153392,17,477,417,2
153408,17,468,412,2
153425,17,476,418,3
153442,17,476,425,3
153458,17,475,394,2
153475,17,478,415,2
153492,17,475,409,2
153508,17,471,411,2
153525,17,475,416,2
153542,17,473,416,2
153558,17,482,425,3
153575,17,388,436,3
153591,17,284,429,3
153608,17,230,441,3
153625,17,243,446,3
153641,17,234,448,3
153658,17,254,457,3
153675,17,222,440,3
153691,17,240,444,3
153708,17,231,445,3
153724,17,218,455,3
153741,17,242,438,3
153758,17,230,449,3
153774,17,235,454,3
153791,17,207,557,3
153924,133,595,857,0
153941,17,508,792,0
153957,17,522,624,3
153974,17,532,505,3
153991,17,558,425,3
154007,17,543,355,4
154024,17,546,362,4
154041,17,551,339,4
154057,17,525,608,3
154074,17,554,763,3
154856,782,708,687,3
154872,17,708,904,0
154889,17,703,683,3
154906,17,708,496,3
154922,17,705,515,3
154939,17,715,525,3
154955,17,717,518,3
154972,17,714,526,3
154989,17,723,505,3
155005,17,708,515,3
155022,17,712,520,3
155039,17,710,504,3
155055,17,725,525,3
155072,17,718,520,3
155089,17,716,531,3
155105,17,713,539,3
155122,17,721,527,3
155138,17,655,524,3
155155,17,550,456,3
155172,17,522,424,3
155188,17,506,411,2
155205,17,514,411,2
155222,17,515,425,3
155238,17,483,430,3
155255,17,504,422,3
155272,17,509,431,3
155288,17,496,437,3
155305,17,502,430,3
155321,17,511,421,5
155338,17,505,422,3
155355,17,505,421,5
155371,17,512,425,3
155388,17,512,396,2
155405,17,494,399,2
155421,17,493,405,2
155438,17,507,414,2
155455,17,506,398,2
155471,17,506,388,2
155488,17,504,399,2
155504,17,512,395,2
155521,17,512,394,2
155538,17,509,390,2
155554,17,513,430,3
155571,17,509,443,3
155588,17,497,443,3
155604,17,505,436,3
155621,17,515,433,3
155638,17,515,420,5
155654,17,523,428,3
155671,17,509,452,3
155687,17,521,437,3
155704,17,517,433,3
155721,17,515,453,3
155737,17,514,434,3
155754,17,517,463,3
155771,17,504,445,3
155787,17,516,442,3
155804,17,510,451,3
155821,17,519,453,3
155837,17,493,450,3
155854,17,509,452,3
155870,17,573,441,3
155887,17,606,446,3
155904,17,635,436,3
155920,17,634,447,3
155937,17,644,439,3
155954,17,643,437,3
155970,17,646,413,2
155987,17,639,428,3
156003,17,636,438,3
156020,17,641,436,3
156037,17,647,420,3
156053,17,642,417,2
156070,17,636,423,3
156087,17,647,426,3
156103,17,636,436,3
156120,17,558,431,3
156137,17,533,414,2
156153,17,537,404,2
156170,17,523,452,3
156186,17,534,429,3
156203,17,540,427,3
156220,17,536,426,3
156236,17,531,414,2
156253,17,535,407,2
156270,17,527,415,2
156286,17,542,415,2
156303,17,528,413,2
156320,17,535,421,5
156336,17,533,414,2
156353,17,540,409,2
156369,17,536,412,2
156386,17,538,418,5
156403,17,536,412,2
156419,17,531,417,5
156436,17,544,412,2
156453,17,533,405,2
156469,17,545,403,2
156486,17,545,402,2
156503,17,530,400,2
156519,17,545,415,2
156536,17,538,419,5
156552,17,540,417,5
156569,17,538,403,2
156586,17,535,433,3
156602,17,546,385,2
156619,17,538,360,4
156636,17,542,365,2
156652,17,543,360,4
156669,17,539,368,2
156686,17,540,350,4
156702,17,538,358,4
156719,17,541,371,2
156735,17,537,384,2
156752,17,540,371,2
156769,17,534,382,2
156785,17,645,396,2
156802,17,761,463,3
156835,33,989,634,3
156852,17,1069,723,0
156885,33,1113,796,0
156902,17,1117,798,0
156918,17,1105,800,0
156935,17,1117,815,0
156952,17,1113,819,0
156968,17,1107,823,0
156985,17,1111,810,0
157002,17,1123,792,0
157018,17,1114,811,0
157035,17,1108,840,0
157051,17,967,704,3
157068,17,843,577,3
157085,17,683,491,3
157101,17,574,409,2
157118,17,513,373,2
157135,17,507,414,2
157151,17,517,401,2
157168,17,524,407,2
157185,17,515,404,2
157201,17,511,398,2
157218,17,523,434,3
157234,17,513,422,3
157251,17,525,419,5
157268,17,518,393,2
157284,17,510,404,2
157301,17,514,410,2
157318,17,525,400,2
157334,17,527,397,2
157351,17,593,427,3
157368,17,754,508,3
157384,17,880,589,3
157401,17,1002,679,3
157417,17,1086,747,0
157434,17,1156,855,0
157451,17,1150,847,0
157467,17,1141,848,0
157484,17,1144,852,0
157501,17,1150,856,0
157517,17,1162,860,0
157534,17,1145,862,0
157551,17,1133,858,0
157567,17,1147,864,0
157584,17,1159,860,0
157600,17,1146,854,0
157617,17,1165,855,0
157634,17,1141,855,0
157650,17,1010,773,0
157667,17,870,656,3
157684,17,688,593,3
157700,17,553,531,3
157717,17,455,502,3
157734,17,403,508,3
157750,17,318,511,3
157767,17,267,507,3
157783,17,280,500,3
157800,17,266,512,3
157817,17,233,522,3
157833,17,237,527,3
157850,17,268,505,3
157867,17,257,500,3
157883,17,253,507,3
157900,17,255,510,3
157917,17,231,510,3
157933,17,239,500,3
157950,17,242,514,3
157966,17,262,505,3
157983,17,261,509,3
158000,17,268,495,3
158016,17,264,500,3
158033,17,274,480,3
158050,17,271,493,3
158066,17,286,480,3
158083,17,277,482,3
158100,17,284,474,3
158116,17,285,489,3
158133,17,291,483,3
158149,17,314,469,3
158166,17,279,492,3
158183,17,305,490,3
158199,17,321,435,3
158216,17,387,370,2
158233,17,440,331,4
158249,17,432,320,4
158266,17,451,310,4
158282,17,443,319,4
158299,17,432,316,4
158316,17,425,344,4
158332,17,439,304,4
158349,17,441,308,4
158366,17,436,319,4
158382,17,425,332,4
158399,17,459,302,4
158416,17,448,289,4
158432,17,429,321,4
158449,17,425,303,4
158465,17,443,310,4
158482,17,430,327,4
158499,17,438,339,4
158515,17,427,317,4
158532,17,448,306,4
158549,17,445,296,4
158565,17,478,324,4
158582,17,543,305,4
158599,17,600,278,0
158615,17,585,296,4
158632,17,597,285,0
158648,17,592,265,0
158665,17,600,283,0
158682,17,599,281,0
158698,17,607,288,4
158715,17,601,281,0
158732,17,592,295,4
158748,17,609,280,0
158765,17,471,406,2
158782,17,327,507,3
158798,17,193,596,3
158815,17,95,652,3
158831,17,66,674,3
158848,17,43,670,3
158865,17,66,678,3
158881,17,52,675,3
158898,17,44,677,3
158915,17,37,680,3
158931,17,59,673,3
158948,17,59,674,3
158965,17,64,676,3
158981,17,49,683,3
158998,17,34,676,3
159014,17,56,678,3
159031,17,55,671,3
159064,33,0,731,0
159081,17,17,706,3
159098,17,3,728,3
159114,17,5,693,3
159131,17,4,692,3
159148,17,2,703,3
159164,17,8,702,3
159197,33,3,710,3
159214,17,66,714,3
159397,183,377,839,0
159414,17,382,716,3
159430,17,413,616,3
159447,17,407,621,3
159464,17,418,577,3
159480,17,421,610,3
159497,17,406,589,3
159513,17,380,765,3
159730,216,502,723,3
159746,17,477,592,3
159763,17,487,527,3
159780,17,486,642,3
159796,17,514,720,3
160013,216,522,751,3
160029,17,504,544,3
160046,17,539,386,2
160062,17,533,382,2
160079,17,499,655,3
160295,216,488,827,0
160312,17,502,536,3
160329,17,536,378,2
160345,17,525,420,5
160362,17,527,417,5
160379,17,525,432,3
160395,17,530,408,2
160412,17,525,393,2
160428,17,521,406,2
160445,17,527,406,2
160462,17,525,414,2
160478,17,524,393,2
160495,17,530,413,2
160512,17,527,419,5
160528,17,529,397,2
160545,17,520,412,2
160561,17,526,414,2
160578,17,522,395,2
160595,17,519,416,2
160611,17,516,423,3
160628,17,519,413,2
160645,17,497,437,3
160811,166,235,507,3
160828,17,261,446,3
160844,17,246,434,3
160861,17,250,430,3
160878,17,263,421,3
160894,17,244,427,3
160911,17,246,434,3
160927,17,277,421,3
160944,17,251,410,2
160961,17,275,418,3
160977,17,251,431,3
160994,17,263,434,3
161011,17,267,385,2
161027,17,304,299,0
161044,17,319,274,0
161061,17,321,297,0
161077,17,318,297,0
161094,17,322,290,0
161110,17,326,309,0
161127,17,322,296,0
161144,17,358,285,0
161160,17,326,291,0
161177,17,329,289,0
161194,17,349,268,0
161210,17,330,291,0
161227,17,339,281,0
161244,17,320,282,0
161260,17,328,297,0
161277,17,329,287,0
161293,17,326,309,0
161310,17,375,257,1
161327,17,383,238,1
161343,17,368,244,1
161360,17,376,226,1
161377,17,383,230,1
161393,17,387,224,1
161410,17,361,256,1
161427,17,389,216,1
161443,17,383,220,1
161460,17,378,266,0
161476,17,412,209,1
161493,17,384,238,1
161510,17,366,231,1
161526,17,387,232,1
161543,17,392,224,1
161560,17,288,365,2
161576,17,231,480,3
161593,17,220,591,3
161610,17,191,659,3
161626,17,195,647,3
161643,17,201,658,3
161659,17,196,653,3
161676,17,197,657,3
161693,17,192,664,3
161709,17,203,650,3
161726,17,195,653,3
161743,17,185,665,3
161759,17,199,660,3
161776,17,170,657,3
161792,17,203,647,3
161809,17,198,657,3
161826,17,192,656,3
161842,17,203,661,3
161859,17,208,652,3
161876,17,258,656,3
161892,17,296,655,3
161909,17,297,642,3
161926,17,297,634,3
161942,17,299,651,3
161959,17,292,639,3
161975,17,304,632,3
161992,17,301,652,3
162009,17,297,627,3
162025,17,295,634,3
162042,17,300,632,3
162059,17,322,637,3
162075,17,309,639,3
162092,17,487,661,3
162109,17,584,668,3
162125,17,671,655,3
162142,17,681,644,3
162158,17,697,620,3
162175,17,688,640,3
162192,17,693,658,3
162208,17,683,661,3
162225,17,699,643,3
162242,17,683,645,3
162258,17,694,662,3
162275,17,686,667,3
162292,17,693,656,3
162308,17,682,656,3
162325,17,699,652,3
162341,17,686,645,3
162358,17,702,685,3
162375,17,709,688,3
162391,17,712,690,3
162408,17,719,700,3
162425,17,706,681,3
162441,17,715,696,3
162458,17,705,700,3
162475,17,715,656,3
162491,17,707,672,3
162508,17,718,688,3
162524,17,701,684,3
162541,17,715,675,3
162558,17,704,708,3
162574,17,713,690,3
162591,17,714,685,3
162608,17,720,676,3
162624,17,711,668,3
162641,17,709,683,3
162658,17,706,689,3
162674,17,718,673,3
162691,17,708,672,3
162707,17,716,683,3
162724,17,710,666,3
162741,17,717,693,3
162757,17,619,696,3
162774,17,441,680,3
162791,17,386,771,0
162824,33,250,389,2
162840,17,272,696,3
162857,17,275,644,3
162874,17,273,672,3
162890,17,283,664,3
162907,17,247,656,3
162924,17,263,638,3
162940,17,235,635,3
162957,17,240,651,3
162974,17,276,669,3
162990,17,272,669,3
163007,17,272,668,3
163190,183,427,611,3
163206,17,386,716,3
163223,17,357,801,0
163240,17,425,624,3
163423,183,553,613,3
163439,17,546,506,3
163456,17,572,327,4
163473,17,565,388,2
163489,17,561,373,2
163506,17,561,383,2
163523,17,561,376,2
163539,17,561,405,2
163556,17,561,380,2
163572,17,563,364,4
163589,17,561,380,2
163606,17,565,357,4
163622,17,561,393,2
163639,17,556,410,2
163656,17,562,387,2
163672,17,459,428,3
163689,17,354,461,3
163706,17,246,502,3
163722,17,149,538,3
163739,17,71,573,3
163822,83,11,631,3
164121,299,520,442,3
164138,17,514,559,3
164155,17,541,398,2
164171,17,547,388,2
164188,17,508,597,3
164404,216,494,705,3
164421,17,529,459,3
164437,17,528,413,2
164454,17,531,412,2
164471,17,525,424,3
164487,17,535,422,3
164504,17,535,417,5
164521,17,534,407,2
164537,17,521,412,2
164554,17,538,400,2
164571,17,531,419,5
164587,17,533,433,3
164604,17,529,422,3
164620,17,514,414,2
164637,17,534,426,3
164654,17,531,428,3
164670,17,528,427,3
164687,17,525,410,2
164704,17,526,433,3
164720,17,519,429,3
164737,17,529,432,3
164754,17,526,429,3
164770,17,519,437,3
164787,17,506,450,3
164803,17,424,424,3
164820,17,374,436,3
164837,17,380,440,3
164853,17,399,423,3
164870,17,396,429,3
164887,17,397,426,3
164903,17,389,435,3
164920,17,398,422,3
164937,17,407,432,3
164953,17,397,433,3
164970,17,400,432,3
164986,17,481,411,2
165003,17,497,416,2
165020,17,491,402,2
165036,17,498,413,2
165053,17,503,419,5
165070,17,496,417,5
165086,17,496,414,2
165103,17,504,397,2
165119,17,509,422,3
165136,17,491,407,2
165153,17,493,425,3
165169,17,496,421,5
165186,17,496,427,3
165203,17,500,411,2
165219,17,493,429,3
165236,17,498,430,3
165253,17,498,400,2
165269,17,502,414,2
165286,17,495,415,2
165302,17,511,429,3
165319,17,447,780,0
165552,233,597,866,0
165569,17,566,690,3
165585,17,526,658,3
165602,17,523,634,3
165619,17,541,466,3
165635,17,555,548,3
165868,233,565,824,0
165885,17,495,586,3
165901,17,514,414,2
165918,17,521,382,2
165935,17,517,411,2
165951,17,531,403,2
165968,17,528,389,2
165985,17,519,385,2
166001,17,520,405,2
166018,17,534,410,2
166034,17,529,406,2
166051,17,526,412,2
166068,17,533,402,2
166084,17,525,394,2
166101,17,525,407,2
166118,17,541,386,2
166134,17,525,389,2
166151,17,522,417,5
166168,17,526,399,2
166184,17,535,394,2
166201,17,526,397,2
166217,17,521,413,2
166234,17,519,413,2
166251,17,523,381,2
166267,17,530,432,3
166284,17,538,395,2
166301,17,543,409,2
166317,17,525,417,5
166334,17,521,418,5
166350,17,504,413,2
166367,17,490,404,2
166384,17,471,415,2
166400,17,472,408,2
166417,17,463,419,3
166434,17,483,412,2
166450,17,468,413,2
166467,17,478,399,2
166484,17,466,424,3
166500,17,465,428,3
166517,17,471,394,2
166533,17,466,416,2
166550,17,470,399,2
166567,17,478,403,2
166583,17,491,292,4
166600,17,495,297,4
166617,17,482,335,4
166633,17,494,322,4
166650,17,523,351,4
166667,17,521,369,2
166683,17,523,379,2
166700,17,524,373,2
166716,17,525,397,2
166733,17,509,377,2
166750,17,520,386,2
166766,17,518,365,2
166783,17,518,381,2
166800,17,529,371,2
166816,17,496,389,2
166833,17,530,358,4
166850,17,509,427,3
166866,17,510,465,3
166883,17,485,443,3
166899,17,516,443,3
166916,17,507,442,3
166933,17,522,449,3
166949,17,526,441,3
166966,17,522,431,3
166983,17,521,443,3
166999,17,523,438,3
167016,17,513,439,3
167033,17,502,449,3
167049,17,513,451,3
167066,17,520,454,3
167082,17,503,444,3
167099,17,505,448,3
167116,17,499,470,3
167132,17,501,503,3
167149,17,502,507,3
167166,17,514,495,3
167182,17,489,501,3
167199,17,510,522,3
167216,17,466,511,3
167232,17,521,511,3
167249,17,509,510,3
167265,17,497,519,3
167282,17,513,515,3
167299,17,513,496,3
167315,17,505,522,3
167332,17,496,498,3
167349,17,497,508,3
167365,17,508,513,3
167382,17,503,494,3
167398,17,514,502,3
167415,17,507,498,3
167432,17,506,518,3
167448,17,498,491,3
167465,17,492,437,3
167482,17,500,429,3
167498,17,503,431,3
167515,17,500,424,3
167532,17,503,432,3
167548,17,500,428,3
167565,17,509,419,5
167581,17,508,421,5
167598,17,475,432,3
167615,17,495,443,3
167631,17,501,416,2
167648,17,505,415,2
167665,17,527,433,3
167681,17,526,444,3
167698,17,521,428,3
167715,17,532,413,2
167731,17,529,420,5
167748,17,530,424,3
167764,17,533,422,3
167781,17,534,412,2
167798,17,536,420,5
167814,17,532,427,3
167831,17,538,409,2
167848,17,533,425,3
167864,17,541,416,2
167881,17,520,396,2
167898,17,530,416,2
167914,17,528,399,2
167931,17,529,406,2
167947,17,517,416,2
167964,17,521,405,2
167981,17,528,398,2
167997,17,528,398,2
168014,17,527,396,2
168031,17,530,407,2
168047,17,525,406,2
168064,17,514,403,2
168081,17,518,403,2
168097,17,529,406,2
168114,17,536,369,2
168130,17,526,391,2
168147,17,544,402,2
168164,17,519,404,2
168180,17,511,403,2
168197,17,541,393,2
168214,17,522,401,2
168230,17,533,394,2
168247,17,530,391,2
168264,17,526,400,2
168280,17,528,409,2
168297,17,536,391,2
168313,17,529,397,2
168330,17,520,395,2
168347,17,525,407,2
168363,17,528,397,2
168380,17,530,413,2
168397,17,533,381,2
168413,17,508,401,2
168430,17,513,413,2
168447,17,531,398,2
168463,17,515,381,2
168480,17,513,398,2
168496,17,515,412,2
168513,17,517,424,3
168530,17,517,421,5
168546,17,501,417,5
168563,17,526,391,2
168580,17,516,405,2
168596,17,523,402,2
168613,17,521,405,2
168629,17,527,409,2
168646,17,524,393,2
168663,17,527,383,2
168679,17,523,380,2
168696,17,502,405,2
168713,17,538,400,2
168729,17,526,386,2
168746,17,521,406,2
168763,17,525,395,2
168779,17,527,393,2
168796,17,521,420,5
168812,17,526,444,3
168829,17,530,437,3
168846,17,525,454,3
168862,17,516,455,3
168879,17,525,441,3
168896,17,529,439,3
168912,17,530,455,3
168929,17,513,457,3
168946,17,536,457,3
168962,17,520,436,3
168979,17,523,461,3
168995,17,521,467,3
169012,17,519,458,3
169029,17,530,446,3
169045,17,526,473,3
169062,17,525,456,3
169079,17,506,471,3
169095,17,516,449,3
169112,17,518,463,3
169129,17,526,458,3
169145,17,513,461,3
169162,17,516,476,3
169178,17,527,456,3
169195,17,520,466,3
169212,17,494,588,3
169561,349,559,446,3
169578,17,559,399,2
169594,17,566,443,3
169611,17,560,425,3
169628,17,569,435,3
169644,17,564,432,3
169661,17,556,419,5
169678,17,560,416,2
169694,17,566,438,3
169711,17,562,418,5
169727,17,557,443,3
169744,17,563,418,5
169761,17,561,425,3
169777,17,564,420,5
169794,17,565,430,3
169811,17,566,420,5
169827,17,560,435,3
169844,17,561,427,3
169860,17,562,421,5
169877,17,540,414,2
169894,17,535,379,2
169910,17,541,396,2
169927,17,546,396,2
169944,17,528,401,2
169960,17,545,378,2
169977,17,543,396,2
169994,17,538,407,2
170010,17,542,376,2
170027,17,545,383,2
170043,17,529,378,2
170060,17,545,392,2
170077,17,596,276,0
170093,17,553,386,2
170110,17,536,395,2
170127,17,545,393,2
170143,17,549,379,2
170160,17,553,397,2
170177,17,552,414,2
170193,17,553,381,2
170210,17,540,393,2
170226,17,554,373,2
170243,17,552,396,2
170260,17,551,395,2
170276,17,566,377,2
170293,17,550,398,2
170310,17,535,413,2
170326,17,548,392,2
170343,17,549,397,2
170360,17,547,405,2
170376,17,553,397,2
170393,17,552,395,2
170409,17,551,400,2
170426,17,551,394,2
170443,17,551,402,2
170459,17,563,387,2
170476,17,552,391,2
170493,17,555,391,2
170509,17,552,389,2
170526,17,550,385,2
170543,17,549,398,2
170559,17,538,402,2
170576,17,517,400,2
170592,17,520,408,2
170609,17,519,397,2
170626,17,523,402,2
170642,17,520,406,2
170659,17,523,391,2
170676,17,524,406,2
170692,17,526,390,2
170709,17,507,406,2
170726,17,525,379,2
170742,17,538,405,2
170759,17,525,397,2
170775,17,526,394,2
170792,17,524,374,2
170809,17,527,381,2
170825,17,530,386,2
170842,17,515,408,2
170859,17,537,399,2
170875,17,539,395,2
170892,17,533,406,2
170908,17,535,385,2
170925,17,513,402,2
170942,17,536,409,2
170958,17,536,379,2
170975,17,534,390,2
170992,17,530,395,2
171008,17,535,411,2
171025,17,535,400,2
171042,17,525,399,2
171058,17,532,395,2
171075,17,531,390,2
171091,17,533,394,2
171108,17,525,396,2
171125,17,544,406,2
171141,17,539,399,2
171158,17,535,411,2
171175,17,534,395,2
171191,17,539,377,2
171208,17,532,388,2
171225,17,523,407,2
171241,17,525,403,2
171258,17,535,399,2
171274,17,533,393,2
171291,17,531,396,2
171308,17,542,382,2
171324,17,533,388,2
171341,17,540,391,2
171358,17,541,388,2
171374,17,536,387,2
171391,17,537,396,2
171408,17,530,409,2
171424,17,544,388,2
171441,17,547,394,2
171457,17,566,410,2
171474,17,552,397,2
171491,17,560,388,2
171507,17,566,374,2
171524,17,559,390,2
171541,17,571,410,2
171557,17,554,404,2
171574,17,556,390,2
171591,17,557,394,2
171607,17,548,404,2
171624,17,551,401,2
171640,17,557,405,2
171657,17,553,387,2
171674,17,555,399,2
171690,17,558,410,2
171707,17,550,408,2
171724,17,528,413,2
171740,17,541,411,2
171757,17,547,398,2
171774,17,542,413,2
171790,17,535,419,5
171807,17,537,408,2
171823,17,549,413,2
171840,17,534,403,2
171857,17,545,407,2
171873,17,534,397,2
171890,17,552,403,2
171907,17,544,374,2
171923,17,542,372,2
171940,17,544,388,2
171957,17,532,382,2
171973,17,525,412,2
171990,17,536,405,2
172006,17,531,413,2
172023,17,543,400,2
172040,17,546,394,2
172056,17,546,386,2
172073,17,546,409,2
172090,17,544,406,2
172106,17,540,402,2
172123,17,547,377,2
172139,17,540,409,2
172156,17,542,380,2
172173,17,553,397,2
172189,17,540,395,2
172206,17,522,398,2
172223,17,525,404,2
172239,17,546,403,2
172256,17,544,384,2
172273,17,535,372,2
172289,17,541,384,2
172306,17,539,392,2
172322,17,542,390,2
172339,17,546,399,2
172356,17,542,403,2
172372,17,536,390,2
172389,17,524,400,2
172406,17,543,390,2
172422,17,517,402,2
172439,17,550,418,5
172456,17,534,388,2
172472,17,543,407,2
172489,17,535,389,2
172505,17,537,407,2
172522,17,548,413,2
172539,17,527,403,2
172555,17,521,411,2
172572,17,536,378,2
172589,17,527,390,2
172605,17,532,400,2
172622,17,537,400,2
172639,17,532,395,2
172655,17,520,391,2
172672,17,536,386,2
172688,17,529,410,2
172705,17,534,408,2
172722,17,534,391,2
172738,17,531,399,2
172755,17,532,402,2
172772,17,533,393,2
172788,17,529,415,2
172805,17,539,381,2
172822,17,562,370,2
172838,17,587,384,2
172855,17,570,371,2
172871,17,563,397,2
172888,17,555,382,2
172905,17,576,372,2
172921,17,569,378,2
172938,17,567,405,2
172955,17,567,391,2
172971,17,563,396,2
172988,17,569,396,2
173005,17,568,363,4
173021,17,563,377,2
173038,17,561,368,2
173054,17,567,368,2
173071,17,559,377,2
173088,17,562,384,2
173104,17,583,372,2
173121,17,561,393,2
173138,17,566,409,2
173154,17,566,387,2
173171,17,571,378,2
173187,17,573,383,2
173204,17,553,382,2
173221,17,563,377,2
173237,17,568,362,4
173254,17,558,384,2
173271,17,569,382,2
173287,17,566,359,4
173304,17,561,379,2
173321,17,553,388,2
173337,17,575,368,2
173354,17,653,351,0
173370,17,710,408,2
173387,17,715,411,2
173404,17,724,395,2
173420,17,721,386,2
173437,17,720,389,2
173454,17,721,407,2
173470,17,717,376,2
173487,17,722,419,3
173504,17,724,420,3
173520,17,724,372,2
173537,17,729,371,2
173553,17,715,403,2
173570,17,716,401,2
173587,17,719,380,2
173603,17,715,383,2
173620,17,720,392,2
173637,17,735,372,2
173653,17,711,389,2
173670,17,714,378,2
173687,17,713,384,2
173703,17,711,392,2
173720,17,687,416,2
173736,17,693,404,2
173753,17,689,403,2
173770,17,691,411,2
173786,17,691,418,3
173803,17,688,406,2
173820,17,693,427,3
173836,17,688,401,2
173853,17,687,391,2
173870,17,682,404,2
173886,17,690,393,2
173903,17,693,414,2
173919,17,681,389,2
173936,17,693,388,2
173953,17,691,412,2
173969,17,682,426,3
173986,17,687,409,2
174003,17,621,424,3
174019,17,578,392,2
174036,17,557,419,5
174053,17,528,436,3
174069,17,540,458,3
174086,17,549,440,3
174102,17,529,419,5
174119,17,535,427,3
174136,17,546,422,3
174152,17,519,426,3
174169,17,542,425,3
174186,17,531,418,5
174202,17,534,426,3
174219,17,512,416,2
174236,17,540,395,2
174252,17,533,420,5
174269,17,534,435,3
174285,17,532,449,3
174302,17,529,463,3
174319,17,535,453,3
174335,17,529,429,3
174352,17,546,413,2
174369,17,525,431,3
174385,17,527,460,3
174402,17,537,461,3
174418,17,538,407,2
174435,17,552,401,2
174452,17,484,595,3
174468,17,562,678,3
174585,116,572,869,0
174601,17,552,715,3
174618,17,481,852,0
174635,17,463,762,3
174651,17,466,698,3
174668,17,474,655,3
174685,17,472,596,3
174701,17,464,560,3
174718,17,477,524,3
174735,17,470,482,3
174751,17,487,466,3
174768,17,492,425,3
174784,17,500,402,2
174801,17,505,381,2
174818,17,488,412,2
174834,17,518,393,2
174851,17,495,423,3
174868,17,493,399,2
174884,17,495,414,2
174901,17,491,441,3
174918,17,502,415,2
174934,17,505,411,2
174951,17,553,382,2
174967,17,555,339,4
174984,17,557,342,4
175001,17,562,382,2
175017,17,559,363,4
175034,17,566,378,2
175051,17,569,395,2
175067,17,559,368,2
175084,17,552,404,2
175101,17,567,381,2
175117,17,559,374,2
175134,17,566,372,2
175150,17,548,370,2
175167,17,551,396,2
175184,17,555,412,2
175200,17,541,414,2
175217,17,557,400,2
175234,17,544,413,2
175250,17,547,382,2
175267,17,555,370,2
175284,17,545,388,2
175300,17,556,378,2
175317,17,552,376,2
175333,17,547,394,2
175350,17,547,413,2
175367,17,550,394,2
175383,17,550,398,2
175400,17,550,410,2
175417,17,559,382,2
175433,17,554,382,2
175450,17,554,390,2
175466,17,540,398,2
175483,17,549,389,2
175500,17,547,379,2
175516,17,635,409,2
175533,17,691,430,3
175550,17,691,424,3
175566,17,694,440,3
175583,17,692,422,3
175600,17,697,428,3
175616,17,705,413,2
175633,17,690,422,3
175649,17,691,423,3
175666,17,700,436,3
175683,17,697,419,3
175699,17,690,449,3
175716,17,775,595,3
175733,17,852,731,3
175749,17,904,928,0
176082,333,964,1003,0
176099,17,712,935,0
176115,17,625,679,3
176132,17,561,697,3
176149,17,532,510,3
176165,17,551,443,3
176182,17,533,440,3
176198,17,534,462,3
176215,17,532,462,3
176232,17,535,438,3
176248,17,532,448,3
176265,17,533,466,3
176282,17,526,464,3
176298,17,537,461,3
176315,17,535,460,3
176332,17,542,467,3
176348,17,538,471,3
176365,17,537,464,3
176381,17,516,404,2
176398,17,518,408,2
176415,17,514,407,2
176431,17,515,436,3
176448,17,515,410,2
176465,17,512,407,2
176481,17,511,427,3
176498,17,519,420,5
176515,17,513,429,3
176531,17,514,428,3
176548,17,517,398,2
176564,17,513,420,5
176581,17,520,419,5
176598,17,517,407,2
176614,17,515,399,2
176631,17,514,412,2
176648,17,523,407,2
176664,17,516,407,2
176681,17,524,392,2
176697,17,520,409,2
176714,17,523,403,2
176731,17,524,408,2
176747,17,517,404,2
176764,17,520,388,2
176781,17,521,427,3
176797,17,512,415,2
176814,17,517,405,2
176831,17,519,405,2
176847,17,521,390,2
176864,17,519,376,2
176880,17,525,374,2
176897,17,521,380,2
176914,17,520,403,2
176930,17,522,399,2
176947,17,522,388,2
176964,17,521,399,2
176980,17,504,374,2
176997,17,512,388,2
177014,17,519,405,2
177030,17,550,365,2
177047,17,616,316,0
177063,17,699,250,1
177080,17,716,225,1
177097,17,717,206,1
177113,17,720,210,1
177130,17,719,256,1
177147,17,710,247,1
177163,17,710,243,1
177180,17,717,223,1
177197,17,711,230,1
177213,17,709,229,1
177230,17,714,239,1
177246,17,710,230,1
177263,17,711,235,1
177280,17,717,229,1
177296,17,712,213,1
177313,17,723,196,1
177330,17,729,211,1
177346,17,772,202,0
177363,17,777,211,0
177380,17,776,205,0
177396,17,774,192,0
177413,17,769,207,0
177429,17,774,185,0
177446,17,779,183,0
177463,17,777,201,0
177479,17,773,194,0
177496,17,771,190,0
177513,17,766,215,0
177529,17,778,221,0
177546,17,768,197,0
177563,17,777,174,0
177579,17,774,212,0
177596,17,762,178,0
177612,17,729,196,1
177629,17,644,213,1
177646,17,589,189,1
177662,17,593,200,1
177679,17,594,181,1
177696,17,585,201,1
177712,17,587,202,1
177729,17,586,226,1
177745,17,586,213,1
177762,17,588,200,1
177779,17,587,211,1
177795,17,586,236,1
177812,17,579,216,1
177829,17,586,213,1
177845,17,582,217,1
177862,17,585,217,1
177879,17,577,219,1
177895,17,582,181,1
177912,17,589,215,1
177928,17,586,204,1
177945,17,561,235,1
177962,17,548,262,0
177978,17,542,258,1
177995,17,535,270,0
178012,17,535,252,1
178028,17,536,253,1
178045,17,536,255,1
178062,17,544,272,0
178078,17,533,274,0
178095,17,539,256,1
178111,17,510,315,4
178128,17,515,383,2
178145,17,511,355,4
178161,17,515,398,2
178178,17,527,393,2
178195,17,528,395,2
178211,17,515,409,2
178228,17,515,386,2
178245,17,510,392,2
178261,17,521,388,2
178278,17,497,397,2
178294,17,523,388,2
178311,17,518,389,2
178328,17,517,398,2
178344,17,521,384,2
178361,17,514,421,5
178378,17,517,389,2
178394,17,517,402,2
178411,17,518,407,2
178428,17,510,396,2
178444,17,518,383,2
178461,17,520,405,2
178477,17,493,424,3
178494,17,528,388,2
178511,17,508,424,3
178527,17,517,397,2
178544,17,514,400,2
178561,17,525,509,3
178660,100,512,1026,0
178677,17,474,785,0
178694,17,385,702,3
178710,17,411,584,3
178727,17,428,486,3
178744,17,439,425,3
178760,17,461,371,2
178777,17,467,393,2
178794,17,464,387,2
178810,17,459,414,2
178827,17,458,414,2
178843,17,448,398,2
178860,17,441,373,2
178877,17,405,615,3
178893,17,452,658,3
179110,216,536,1001,0
179126,17,515,802,0
179143,17,459,609,3
179159,17,474,502,3
179176,17,496,407,2
179193,17,497,445,3
179209,17,497,427,3
179226,17,492,462,3
179243,17,478,439,3
179259,17,552,401,2
179276,17,563,402,2
179293,17,567,407,2
179309,17,560,384,2
179326,17,567,387,2
179342,17,560,392,2
179359,17,557,400,2
179376,17,566,378,2
179392,17,558,395,2
179409,17,552,385,2
179426,17,557,384,2
179442,17,557,380,2
179459,17,554,378,2
179476,17,568,384,2
179492,17,561,417,5
179509,17,561,429,3
179525,17,558,409,2
179542,17,556,413,2
179559,17,489,444,3
179575,17,499,470,3
179592,17,483,483,3
179609,17,482,496,3
179625,17,483,493,3
179642,17,466,499,3
179659,17,491,482,3
179675,17,486,482,3
179692,17,488,500,3
179708,17,490,494,3
179725,17,474,493,3
179742,17,475,479,3
180158,416,616,711,3
180174,17,590,423,3
180191,17,613,314,0
180207,17,606,339,4
180224,17,609,358,4
180241,17,609,339,4
180257,17,616,323,0
180274,17,605,333,4
180291,17,609,336,4
180307,17,606,314,4
180324,17,577,503,3
180540,216,526,571,3
180557,17,546,413,2
180573,17,550,365,2
180590,17,554,379,2
180607,17,550,417,5
180623,17,549,397,2
180640,17,552,387,2
180657,17,555,401,2
180673,17,518,403,2
180939,266,527,757,3
180956,17,532,414,2
180973,17,545,353,4
180989,17,528,355,4
181006,17,538,355,4
181023,17,542,368,2
181039,17,554,356,4
181056,17,534,382,2
181073,17,539,385,2
181089,17,530,371,2
181106,17,522,368,2
181122,17,528,376,2
181139,17,537,365,2
181156,17,539,362,4
181172,17,507,412,2
181189,17,522,449,3
181206,17,503,452,3
181222,17,518,447,3
181239,17,516,442,3
181255,17,535,420,5
181272,17,509,421,5
181289,17,519,407,2
181305,17,517,430,3
181322,17,522,412,2
181339,17,506,432,3
181355,17,532,425,3
181372,17,517,416,2
181389,17,496,437,3
181405,17,529,408,2
181422,17,519,415,2
181438,17,518,413,2
181455,17,520,415,2
181472,17,525,406,2
181488,17,515,415,2
181505,17,519,419,5
181522,17,507,427,3
181538,17,524,438,3
181555,17,521,409,2
181572,17,517,428,3
181588,17,435,446,3
181605,17,365,466,3
181621,17,348,512,3
181638,17,343,485,3
181655,17,346,491,3
181671,17,338,489,3
181688,17,352,497,3
181705,17,342,499,3
181721,17,347,497,3
181738,17,356,490,3
181755,17,306,515,3
181771,17,244,542,3
181788,17,187,602,3
181804,17,214,603,3
181821,17,205,611,3
181838,17,202,610,3
181854,17,209,608,3
181871,17,189,617,3
181888,17,199,598,3
181904,17,222,585,3
182087,183,435,639,3
182104,17,450,537,3
182121,17,466,527,3
182137,17,457,518,3
182154,17,467,517,3
182170,17,469,531,3
182187,17,466,530,3
182204,17,463,534,3
182220,17,467,526,3
182237,17,454,543,3
182254,17,440,540,3
182270,17,468,544,3
182287,17,463,535,3
182304,17,440,549,3
182320,17,462,538,3
182337,17,463,539,3
182353,17,467,514,3
182370,17,483,441,3
182387,17,523,376,2
182403,17,512,377,2
182420,17,518,356,4
182437,17,524,377,2
182453,17,513,379,2
182470,17,509,382,2
182486,17,501,385,2
182503,17,528,362,4
182520,17,503,362,4
182536,17,504,377,2
182553,17,507,384,2
182570,17,506,362,4
182586,17,498,392,2
182603,17,497,375,2
182620,17,504,387,2
182636,17,414,437,3
182653,17,399,472,3
182669,17,395,495,3
182686,17,358,506,3
182703,17,378,493,3
182719,17,380,511,3
182736,17,370,524,3
182753,17,387,509,3
182769,17,358,517,3
182786,17,391,497,3
182803,17,381,515,3
182819,17,338,516,3
182836,17,346,527,3
182852,17,381,523,3
182869,17,382,518,3
182886,17,380,504,3
182902,17,354,535,3
182919,17,386,530,3
182936,17,354,541,3
182952,17,502,509,3
182969,17,579,482,3
182986,17,622,463,3
183002,17,613,467,3
183019,17,619,465,3
183035,17,614,468,3
183052,17,617,496,3
183069,17,620,487,3
183085,17,622,468,3
183102,17,617,478,3
183119,17,623,461,3
183135,17,628,463,3
183152,17,594,394,2
183169,17,572,327,4
183185,17,560,343,4
183202,17,567,301,4
183218,17,562,330,4
183235,17,561,316,4
183252,17,561,315,4
183268,17,554,333,4
183285,17,562,320,4
183302,17,560,318,4
183318,17,555,334,4
183335,17,560,303,4
183352,17,541,333,4
183368,17,556,313,4
183385,17,559,318,4
183401,17,548,320,4
183418,17,545,321,4
183435,17,543,336,4
183451,17,551,561,3
184017,566,538,821,0
184034,17,507,344,4
184050,17,525,208,1
184067,17,518,244,1
184083,17,532,245,1
184100,17,519,268,0
184117,17,516,267,0
184133,17,521,251,1
184150,17,529,291,4
184499,349,640,600,3
184516,17,624,413,2
184533,17,651,344,0
184549,17,639,327,0
184566,17,635,332,0
184583,17,647,340,0
184599,17,644,339,0
184616,17,647,338,0
184632,17,649,327,0
184649,17,655,341,0
184666,17,658,318,0
184682,17,643,347,0
184699,17,648,320,0
184716,17,649,348,0
184732,17,643,351,0
184749,17,653,311,0
184765,17,573,340,4
184782,17,500,318,4
184799,17,497,301,4
184815,17,510,304,4
184832,17,502,307,4
184849,17,486,312,4
184865,17,496,315,4
184882,17,499,302,4
184899,17,494,282,0
184915,17,508,294,4
184932,17,496,291,4
184948,17,496,286,0
184965,17,499,296,4
184982,17,497,267,0
184998,17,399,283,0
185015,17,364,266,0
185032,17,327,293,0
185048,17,339,273,0
185065,17,375,246,1
185082,17,365,259,1
185098,17,358,256,1
185115,17,382,265,0
185131,17,336,266,0
185148,17,355,258,1
185165,17,358,261,0
185181,17,331,271,0
185198,17,351,270,0
185215,17,369,262,0
185231,17,348,270,0
185248,17,344,271,0
185265,17,357,260,0
185281,17,347,282,0
185298,17,347,277,0
185314,17,353,275,0
185331,17,357,272,0
185348,17,360,264,0
185364,17,339,276,0
185381,17,349,269,0
185398,17,341,285,0
185414,17,389,273,0
185431,17,472,336,4
185448,17,497,405,2
185464,17,508,365,2
185481,17,504,391,2
185497,17,488,391,2
185514,17,514,412,2
185531,17,498,392,2
185547,17,522,399,2
185564,17,484,398,2
185581,17,484,389,2
185597,17,486,413,2
185614,17,510,409,2
185631,17,515,400,2
185647,17,512,413,2
185664,17,535,376,2
185680,17,547,378,2
185697,17,552,359,4
185714,17,531,368,2
185730,17,554,338,4
185747,17,551,379,2
185764,17,560,370,2
185780,17,553,375,2
185797,17,542,394,2
185813,17,545,362,4
185830,17,552,371,2
185847,17,555,392,2
185863,17,529,384,2
185880,17,551,345,4
185897,17,541,359,4
185913,17,555,370,2
185930,17,554,375,2
185947,17,543,371,2
185963,17,515,353,4
185980,17,488,296,4
185996,17,491,255,1
186013,17,483,264,0
186030,17,494,262,0
186046,17,486,265,0
186063,17,473,244,1
186080,17,476,268,0
186096,17,487,239,1
186113,17,478,267,0
186130,17,483,264,0
186146,17,488,258,1
186163,17,490,252,1
186179,17,480,260,0
186196,17,499,230,1
186213,17,493,243,1
186229,17,495,247,1
186246,17,496,243,1
186263,17,511,283,0
186279,17,533,335,4
186296,17,540,336,4
186313,17,538,341,4
186329,17,537,334,4
186346,17,534,356,4
186362,17,543,353,4
186379,17,543,335,4
186396,17,539,350,4
186412,17,544,330,4
186429,17,539,350,4
186446,17,544,351,4
186462,17,539,328,4
186479,17,538,325,4
186496,17,541,350,4
186512,17,554,366,2
186529,17,548,352,4
186545,17,547,367,2
186562,17,549,373,2
186579,17,544,391,2
186595,17,545,385,2
186612,17,543,357,4
186629,17,550,801,0
186795,166,471,638,3
186812,17,482,478,3
186828,17,512,370,2
186845,17,518,377,2
186862,17,493,386,2
186878,17,514,382,2
186895,17,511,381,2
186911,17,512,374,2
186928,17,516,384,2
186945,17,519,379,2
186961,17,513,377,2
186978,17,526,376,2
186995,17,485,507,3
187194,200,510,682,3
187211,17,503,408,2
187227,17,513,363,4
187244,17,496,362,4
187261,17,486,379,2
187277,17,499,355,4
187294,17,502,387,2
187311,17,502,360,4
187327,17,490,371,2
187344,17,500,372,2
187361,17,504,370,2
187377,17,487,386,2
187394,17,489,367,2
187410,17,545,367,2
187427,17,544,361,4
187444,17,539,355,4
187460,17,544,363,4
187477,17,552,342,4
187494,17,542,372,2
187510,17,540,366,2
187527,17,549,376,2
187544,17,544,369,2
187560,17,545,372,2
187577,17,548,368,2
187593,17,539,358,4
187610,17,541,381,2
187627,17,548,358,4
187643,17,538,396,2
187660,17,520,441,3
187677,17,523,418,5
187693,17,531,418,5
187710,17,538,417,5
187727,17,538,420,5
187743,17,521,423,3
187760,17,531,439,3
187776,17,516,440,3
187793,17,523,424,3
187810,17,526,415,2
187826,17,539,432,3
187843,17,522,428,3
187860,17,536,428,3
187876,17,522,422,3
187893,17,514,466,3
187910,17,510,587,3
188226,316,713,619,3
188242,17,688,389,2
188259,17,704,363,0
188275,17,708,357,0
188292,17,701,378,2
188309,17,701,383,2
188325,17,706,376,2
188342,17,683,738,3
188542,200,539,754,3
188558,17,492,418,5
188575,17,489,375,2
188592,17,500,407,2
188608,17,506,395,2
188625,17,509,391,2
188641,17,495,401,2
188658,17,488,405,2
188675,17,493,419,5
188691,17,504,386,2
188708,17,498,383,2
188725,17,506,405,2
188741,17,496,404,2
188758,17,505,376,2
188775,17,484,418,5
188791,17,493,390,2
188808,17,509,355,4
188824,17,507,389,2
188841,17,527,372,2
188858,17,557,373,2
188874,17,570,372,2
188891,17,567,385,2
188908,17,566,395,2
188924,17,571,384,2
188941,17,565,385,2
188958,17,567,382,2
188974,17,563,359,4
188991,17,567,396,2
189007,17,562,384,2
189024,17,561,383,2
189041,17,561,404,2
189057,17,568,383,2
189074,17,562,400,2
189091,17,565,366,2
189107,17,565,365,2
189124,17,568,366,2
189141,17,564,381,2
189157,17,564,384,2
189174,17,567,379,2
189190,17,558,378,2
189207,17,565,376,2
189224,17,579,368,2
189240,17,574,379,2
189257,17,568,385,2
189274,17,559,394,2
189290,17,542,408,2
189307,17,531,411,2
189323,17,548,408,2
189340,17,553,380,2
189357,17,541,410,2
189373,17,545,410,2
189390,17,549,412,2
189407,17,546,413,2
189423,17,533,407,2
189440,17,545,447,3
189457,17,555,496,3
189473,17,581,559,3
189490,17,611,564,3
189506,17,598,570,3
189523,17,606,601,3
189540,17,608,562,3
189556,17,606,555,3
189573,17,596,578,3
189590,17,604,551,3
189606,17,602,589,3
189623,17,598,580,3
189640,17,608,584,3
189656,17,618,565,3
189673,17,616,589,3
189689,17,625,611,3
189706,17,621,581,3
189723,17,630,590,3
189739,17,621,610,3
189756,17,623,606,3
189773,17,623,586,3
189789,17,623,599,3
189806,17,612,615,3
189823,17,622,589,3
189839,17,614,578,3
189856,17,580,557,3
189872,17,549,419,5
189889,17,524,370,2
189906,17,531,402,2
189922,17,526,386,2
189939,17,534,394,2
189956,17,529,375,2
189972,17,525,389,2
189989,17,535,378,2
190006,17,526,393,2
190022,17,531,377,2
190039,17,525,389,2
190055,17,536,401,2
190072,17,529,380,2
190089,17,533,383,2
190105,17,523,385,2
190122,17,528,388,2
190139,17,530,375,2
190155,17,524,375,2
190172,17,529,418,5
190189,17,601,483,3
190205,17,611,579,3
190222,17,622,586,3
190238,17,619,579,3
190255,17,602,592,3
190272,17,618,571,3
190288,17,620,578,3
190305,17,619,566,3
190322,17,607,587,3
190338,17,614,570,3
190355,17,612,576,3
190372,17,617,603,3
190388,17,617,576,3
190405,17,616,583,3
190421,17,607,586,3
190438,17,622,575,3
190455,17,627,583,3
190471,17,629,581,3
190488,17,610,587,3
190505,17,620,580,3
190521,17,625,573,3
190538,17,611,592,3
190554,17,629,594,3
190571,17,642,598,3
190588,17,641,588,3
190604,17,634,609,3
190621,17,633,594,3
190638,17,637,581,3
190654,17,625,595,3
190671,17,624,582,3
190688,17,621,601,3
190704,17,618,586,3
190721,17,633,621,3
190737,17,645,593,3
190754,17,629,572,3
190771,17,639,604,3
190787,17,626,616,3
190804,17,633,592,3
190821,17,617,599,3
190837,17,637,601,3
190854,17,618,601,3
190871,17,639,588,3
190887,17,631,602,3
190904,17,633,584,3
190920,17,642,598,3
190937,17,613,594,3
190954,17,628,602,3
190970,17,631,605,3
190987,17,630,609,3
191004,17,625,592,3
191020,17,631,613,3
191037,17,632,594,3
191054,17,633,592,3
191070,17,639,568,3
191087,17,634,606,3
191103,17,635,574,3
191120,17,635,571,3
191137,17,636,594,3
191153,17,644,538,3
191170,17,602,454,3
191187,17,556,402,2
191203,17,526,378,2
191220,17,524,386,2
191237,17,527,372,2
191253,17,522,379,2
191270,17,531,368,2
191286,17,515,389,2
191303,17,527,390,2
191320,17,521,378,2
191336,17,513,408,2
191353,17,521,409,2
191370,17,516,399,2
191386,17,533,389,2
191403,17,508,387,2
191420,17,519,393,2
191436,17,530,388,2
191453,17,518,391,2
191469,17,522,403,2
191486,17,527,416,2
191503,17,547,513,3
191519,17,529,618,3
191536,17,546,598,3
191553,17,543,626,3
191569,17,543,574,3
191586,17,547,584,3
191602,17,547,602,3
191619,17,546,610,3
191636,17,530,610,3
191652,17,543,610,3
191669,17,541,623,3
191686,17,540,593,3
191702,17,546,596,3
191719,17,530,617,3
191736,17,538,629,3
191752,17,551,629,3
191769,17,541,618,3
191785,17,532,560,3
191802,17,519,436,3
191819,17,514,421,5
191835,17,530,423,3
191852,17,517,426,3
191869,17,515,418,5
191885,17,518,420,5
191902,17,525,411,2
191919,17,529,445,3
191935,17,522,430,3
191952,17,529,424,3
191968,17,525,428,3
191985,17,544,476,3
192002,17,642,494,3
192018,17,747,491,3
192035,17,805,505,3
192052,17,866,542,3
192068,17,859,541,3
192085,17,861,536,3
192102,17,860,557,3
192118,17,867,532,3
192135,17,859,534,3
192151,17,863,508,3
192168,17,864,530,3
192185,17,865,524,3
192201,17,809,491,3
192218,17,698,456,3
192235,17,594,402,2
192251,17,536,389,2
192268,17,545,359,4
192285,17,543,398,2
192301,17,526,372,2
192318,17,530,366,2
192334,17,531,385,2
192351,17,532,387,2
192368,17,545,378,2
192384,17,541,393,2
192401,17,543,383,2
192418,17,547,371,2
192434,17,549,368,2
192451,17,541,369,2
192468,17,540,376,2
192484,17,538,380,2
192501,17,543,391,2
192517,17,541,388,2
192534,17,530,380,2
192551,17,544,379,2
192567,17,537,384,2
192584,17,533,378,2
192601,17,546,371,2
192617,17,529,376,2
192634,17,537,382,2
192651,17,548,382,2
192667,17,531,379,2
192684,17,546,376,2
192700,17,545,378,2
192717,17,549,387,2
192734,17,548,386,2
192750,17,545,404,2
192767,17,544,396,2
192784,17,548,382,2
192800,17,545,374,2
192817,17,548,383,2
192833,17,545,383,2
192850,17,552,377,2
192867,17,541,419,5
192883,17,547,380,2
192900,17,539,378,2
192917,17,542,377,2
192933,17,599,409,2
192950,17,667,420,3
192967,17,742,483,3
192983,17,803,674,3
193116,133,1044,916,0
193133,17,1000,708,3
193150,17,1062,799,0
193166,17,1074,793,0
193183,17,987,663,3
193199,17,993,718,3
193216,17,1083,818,0
193233,17,994,769,0
193249,17,999,716,3
193266,17,987,728,3
193283,17,990,731,3
193299,17,998,692,3
193316,17,993,718,3
193333,17,983,693,3
193349,17,1006,693,3
193366,17,960,803,0
193382,17,960,802,0
193399,17,994,716,3
193416,17,992,718,3
193432,17,990,719,3
193449,17,989,723,3
193466,17,992,725,3
193482,17,987,726,3
193499,17,1008,737,3
193516,17,993,718,3
193532,17,997,715,3
193549,17,991,713,3
193565,17,993,723,3
193582,17,996,726,3
193599,17,994,732,3
193615,17,997,734,3
193632,17,1003,730,3
193649,17,992,732,3
193665,17,993,745,3
193682,17,938,786,0
193699,17,994,736,3
193715,17,990,735,3
193732,17,906,643,3
193748,17,795,509,3
193765,17,687,415,2
193782,17,578,410,2
193798,17,570,349,4
193815,17,556,372,2
193832,17,560,405,2
193848,17,556,389,2
193865,17,549,412,2
193881,17,552,397,2
193898,17,545,403,2
193915,17,556,395,2
193931,17,552,400,2
193948,17,558,389,2
193965,17,527,439,3
193981,17,519,465,3
193998,17,539,448,3
194015,17,524,446,3
194031,17,532,431,3
194048,17,513,453,3
194064,17,531,425,3
194081,17,530,451,3
194098,17,536,455,3
194114,17,523,454,3
194131,17,537,430,3
194148,17,529,442,3
194164,17,539,443,3
194181,17,529,455,3
194198,17,533,447,3
194214,17,534,442,3
194231,17,536,448,3
194247,17,540,443,3
194264,17,541,453,3
194281,17,563,530,3
194297,17,595,613,3
194314,17,666,724,3
194331,17,715,790,0
194347,17,789,821,0
194364,17,820,843,0
194381,17,817,841,0
194397,17,823,840,0
194414,17,819,888,0
194430,17,822,847,0
194447,17,817,843,0
194464,17,800,833,0
194480,17,812,866,0
194497,17,813,853,0
194514,17,793,854,0
194530,17,816,837,0
194547,17,843,839,0
194564,17,801,854,0
194580,17,811,839,0
194597,17,820,869,0
194613,17,818,845,0
194630,17,805,831,0
194647,17,821,845,0
194663,17,814,849,0
194680,17,817,841,0
194697,17,805,853,0
194713,17,811,846,0
194730,17,802,856,0
194747,17,812,852,0
194763,17,807,852,0
194780,17,803,842,0
194796,17,813,844,0
194813,17,817,847,0
194830,17,805,841,0
194846,17,811,839,0
194863,17,791,846,0
194880,17,797,846,0
194896,17,798,831,0
194913,17,816,855,0
194930,17,809,838,0
194946,17,799,853,0
194963,17,812,851,0
194979,17,813,832,0
194996,17,818,847,0
195013,17,810,839,0
195029,17,785,843,0
195046,17,811,831,0
195063,17,809,837,0
195079,17,814,838,0
195096,17,800,831,0
195112,17,798,838,0
195129,17,799,834,0
195146,17,793,844,0
195162,17,796,849,0
195179,17,790,843,0
195196,17,803,845,0
195212,17,792,823,0
195229,17,794,842,0
195246,17,796,838,0
195262,17,787,847,0
195279,17,766,846,0
195295,17,785,842,0
195312,17,791,835,0
195329,17,781,850,0
195345,17,781,835,0
195362,17,777,835,0
195379,17,776,849,0
195395,17,783,843,0
195412,17,733,795,0
195429,17,656,563,3
195445,17,621,479,3
195462,17,601,430,3
195478,17,601,358,4
195495,17,588,442,3
195512,17,590,426,3
195528,17,593,412,2
195545,17,587,424,3
195562,17,589,408,2
195578,17,588,417,2
195595,17,593,413,2
195612,17,589,417,2
195628,17,589,418,3
195645,17,594,397,2
195661,17,571,398,2
195678,17,576,392,2
195695,17,568,394,2
195711,17,577,383,2
195728,17,570,386,2
195745,17,578,371,2
195761,17,567,373,2
195778,17,566,396,2
195795,17,615,467,3
195811,17,649,647,3
195828,17,712,782,0
195844,17,722,975,0
195861,17,740,1069,0
197009,1148,429,829,0
197026,17,446,812,0
197042,17,459,618,3
197059,17,498,430,3
197075,17,510,348,4
197092,17,493,443,3
197109,17,508,423,3
197125,17,496,401,2
197142,17,504,425,3
197159,17,499,442,3
197175,17,494,442,3
197192,17,511,415,2
197209,17,506,433,3
197225,17,505,424,3
197242,17,506,419,5
197258,17,501,414,2
197275,17,507,428,3
197292,17,525,396,2
197308,17,534,398,2
197325,17,544,369,2
197342,17,555,385,2
197358,17,544,397,2
197375,17,545,378,2
197391,17,561,387,2
197408,17,556,370,2
197425,17,554,375,2
197441,17,552,387,2
197458,17,554,386,2
197475,17,545,368,2
197491,17,542,384,2
197508,17,560,364,4
197525,17,545,391,2
197541,17,545,382,2
197558,17,549,349,4
197574,17,544,377,2
197591,17,547,363,4
197608,17,533,387,2
197624,17,446,348,4
197641,17,397,302,0
197658,17,337,285,0
197674,17,355,313,0
197691,17,350,273,0
197708,17,342,282,0
197724,17,357,276,0
197741,17,338,288,0
197757,17,338,290,0
197774,17,344,296,0
197791,17,307,203,0
198356,566,550,586,3
198373,17,524,405,2
198390,17,535,338,4
198406,17,533,415,2
198423,17,535,418,5
198440,17,508,426,3
198456,17,518,422,3
198473,17,527,410,2
198489,17,535,416,2
198506,17,527,430,3
198523,17,528,428,3
198539,17,495,415,2
198922,383,566,674,3
198939,17,540,411,2
198955,17,574,267,0
198972,17,584,352,4
198988,17,587,319,4
199005,17,582,323,4
199022,17,576,330,4
199038,17,585,330,4
199055,17,575,328,4
199072,17,580,328,4
199088,17,582,335,4
199105,17,595,308,4
199122,17,557,357,4
199138,17,568,349,4
199155,17,564,348,4
199171,17,554,345,4
199188,17,564,363,4
199205,17,568,343,4
199221,17,553,353,4
199238,17,563,342,4
199255,17,567,329,4
199271,17,554,335,4
199288,17,562,328,4
199305,17,557,333,4
199321,17,568,345,4
199338,17,532,469,3
199604,266,505,571,3
199621,17,537,365,2
199637,17,533,264,0
199654,17,546,352,4
199670,17,537,325,4
199687,17,536,357,4
199704,17,538,339,4
199720,17,543,343,4
199737,17,551,337,4
199754,17,547,319,4
199770,17,549,335,4
199787,17,539,345,4
199804,17,542,354,4
199820,17,541,348,4
199837,17,547,356,4
199853,17,541,325,4
199870,17,540,376,2
199887,17,541,363,4
199903,17,529,344,4
199920,17,553,346,4
199937,17,536,353,4
199953,17,537,368,2
199970,17,530,369,2
199987,17,532,380,2
200003,17,526,395,2
200020,17,532,367,2
200036,17,532,389,2
200053,17,531,375,2
200070,17,533,380,2
200086,17,537,375,2
200103,17,536,377,2
200120,17,532,359,4
200136,17,531,374,2
200153,17,537,357,4
200170,17,537,383,2
200186,17,527,357,4
200203,17,524,374,2
200219,17,535,375,2
200236,17,539,366,2
200253,17,527,369,2
200269,17,532,370,2
200286,17,533,353,4
200303,17,530,370,2
200319,17,537,378,2
200336,17,550,346,4
200353,17,523,359,4
200369,17,535,355,4
200386,17,520,368,2
200402,17,531,358,4
200419,17,539,368,2
200436,17,534,377,2
200452,17,560,363,4
200469,17,581,303,4
200486,17,573,336,4
200502,17,577,320,4
200519,17,570,329,4
200536,17,573,357,4
200552,17,575,353,4
200569,17,561,342,4
200585,17,576,324,4
200602,17,572,321,4
200619,17,572,339,4
200635,17,568,341,4
200652,17,578,330,4
200669,17,598,331,4
200685,17,586,342,4
200702,17,571,342,4
200719,17,573,347,4
200735,17,565,347,4
200752,17,553,369,2
200768,17,542,372,2
200785,17,533,348,4
200802,17,543,359,4
200818,17,544,342,4
200835,17,551,370,2
200852,17,548,343,4
200868,17,549,344,4
200885,17,544,337,4
200901,17,548,344,4
200918,17,534,347,4
200935,17,543,347,4
200951,17,541,351,4
200968,17,559,363,4
200985,17,553,361,4
201001,17,553,363,4
201018,17,552,378,2
201035,17,550,361,4
201051,17,549,368,2
201068,17,548,367,2
201084,17,529,377,2
201101,17,529,374,2
201118,17,550,389,2
201134,17,548,372,2
201151,17,552,352,4
201168,17,501,366,2
201184,17,497,386,2
201201,17,504,366,2
201218,17,477,396,2
201234,17,503,367,2
201251,17,504,350,4
201267,17,502,379,2
201284,17,487,381,2
201301,17,507,368,2
201317,17,494,366,2
201334,17,478,403,2
201351,17,496,381,2
201367,17,500,373,2
201384,17,496,375,2
201401,17,493,396,2
201417,17,504,389,2
201434,17,538,390,2
201450,17,526,399,2
201467,17,538,365,2
201484,17,529,384,2
201500,17,513,389,2
201517,17,526,390,2
201534,17,529,411,2
201550,17,533,397,2
201567,17,531,387,2
201584,17,530,394,2
201600,17,538,380,2
201617,17,528,403,2
201633,17,539,371,2
201650,17,556,395,2
201667,17,550,380,2
201683,17,545,376,2
201700,17,557,385,2
201717,17,547,383,2
201733,17,560,386,2
201750,17,547,392,2
201767,17,551,384,2
201783,17,559,367,2
201800,17,552,386,2
201816,17,548,375,2
201833,17,558,360,4
201850,17,521,451,3
201866,17,522,457,3
201883,17,519,464,3
201900,17,539,450,3
201916,17,526,463,3
201933,17,524,465,3
201949,17,523,458,3
201966,17,531,464,3
201983,17,521,469,3
201999,17,524,462,3
202016,17,518,451,3
202033,17,561,957,0
202582,549,492,419,5
202598,17,522,308,4
202615,17,512,316,4
202632,17,499,313,4
202648,17,477,526,3
202881,233,515,563,3
202898,17,535,388,2
202914,17,533,326,4
202931,17,532,406,2
202948,17,530,386,2
202964,17,517,374,2
202981,17,546,374,2
202998,17,535,387,2
203014,17,502,384,2
203031,17,537,379,2
203047,17,570,368,2
203064,17,563,372,2
203081,17,564,362,4
203097,17,558,379,2
203114,17,556,377,2
203131,17,561,392,2
203147,17,565,382,2
203164,17,566,385,2
203180,17,563,376,2
203197,17,566,388,2
203214,17,561,395,2
203230,17,564,380,2
203247,17,566,374,2
203264,17,561,381,2
203280,17,563,379,2
203297,17,562,370,2
203314,17,563,338,4
203330,17,559,377,2
203347,17,567,372,2
203363,17,551,348,4
203380,17,562,372,2
203397,17,564,308,4
203413,17,534,499,3
203596,183,526,634,3
203613,17,513,399,2
203630,17,537,350,4
203646,17,543,333,4
203663,17,554,347,4
203680,17,544,337,4
203696,17,551,336,4
203713,17,543,335,4
203729,17,544,352,4
203746,17,500,368,2
203763,17,465,357,4
203779,17,477,377,2
203796,17,473,363,4
203813,17,482,368,2
203829,17,467,375,2
203846,17,471,373,2
