Time (ms),Timegap (ms),Gaze X,Gaze Y,AOI
0,0,546,902,0
17,17,559,912,0
33,17,607,870,0
50,17,606,933,0
67,17,609,858,0
83,17,614,871,0
100,17,608,872,0
116,17,609,870,0
133,17,611,875,0
150,17,607,872,0
166,17,608,873,0
183,17,611,871,0
200,17,608,877,0
216,17,610,876,0
233,17,609,873,0
250,17,609,869,0
266,17,551,898,0
283,17,558,884,0
299,17,552,890,0
316,17,551,889,0
333,17,549,887,0
349,17,549,893,0
366,17,553,885,0
383,17,552,887,0
399,17,551,887,0
416,17,550,888,0
433,17,547,892,0
449,17,556,948,0
1264,815,603,512,3
1281,17,634,907,0
1298,17,633,695,3
1314,17,599,424,3
1331,17,609,528,3
1347,17,613,542,3
1364,17,615,537,3
1381,17,617,534,3
1397,17,619,552,3
1414,17,579,480,3
1431,17,560,389,2
1447,17,569,433,3
1464,17,558,401,2
1481,17,568,410,2
1497,17,566,400,2
1514,17,562,410,2
1530,17,573,408,2
1547,17,574,406,2
1564,17,570,390,2
1580,17,572,385,2
1597,17,569,392,2
1614,17,574,397,2
1630,17,574,373,2
1647,17,580,381,2
1664,17,575,370,2
1680,17,573,373,2
1697,17,573,370,2
1713,17,586,383,2
1730,17,579,365,2
1747,17,583,373,2
1763,17,579,372,2
1780,17,576,358,4
1797,17,564,376,2
1813,17,475,375,2
1830,17,445,348,4
1846,17,448,355,4
1863,17,446,339,4
1880,17,449,361,4
1896,17,447,361,4
1913,17,451,357,4
1930,17,445,355,4
1946,17,436,355,4
1963,17,431,350,4
1980,17,444,350,4
1996,17,444,342,4
2013,17,430,360,4
2029,17,414,358,0
2046,17,409,343,0
2063,17,413,341,0
2079,17,409,347,0
2096,17,411,352,0
2113,17,409,358,0
2129,17,411,362,0
2146,17,411,330,0
2163,17,408,343,0
2179,17,420,357,4
2196,17,408,341,0
2212,17,414,362,0
2229,17,413,339,0
2246,17,419,358,4
2262,17,466,362,4
2279,17,501,349,4
2296,17,497,356,4
2312,17,507,347,4
2329,17,504,358,4
2346,17,504,360,4
2362,17,504,352,4
2379,17,506,361,4
2395,17,507,350,4
2412,17,509,365,2
2429,17,508,345,4
2445,17,507,361,4
2462,17,510,364,4
2479,17,499,372,2
2495,17,507,353,4
2512,17,510,353,4
2529,17,506,356,4
2545,17,519,372,2
2562,17,512,431,3
2578,17,534,593,3
2595,17,535,752,3
2612,17,547,854,0
2628,17,542,851,0
2645,17,542,864,0
2662,17,546,860,0
2678,17,547,865,0
2695,17,545,858,0
2712,17,549,865,0
2728,17,552,864,0
2745,17,547,864,0
2761,17,543,868,0
2778,17,549,863,0
2795,17,545,862,0
2811,17,547,869,0
2828,17,602,888,0
2845,17,601,882,0
2861,17,598,885,0
2878,17,600,889,0
2894,17,603,889,0
2911,17,605,887,0
2928,17,603,883,0
2944,17,601,888,0
2961,17,604,891,0
2978,17,571,748,3
2994,17,559,607,3
3011,17,535,451,3
3028,17,530,411,2
3044,17,538,404,2
3061,17,535,395,2
3077,17,543,397,2
3094,17,537,399,2
3111,17,537,385,2
3127,17,535,396,2
3144,17,537,397,2
3161,17,541,409,2
3177,17,537,410,2
3194,17,533,410,2
3211,17,534,400,2
3227,17,536,402,2
3244,17,535,398,2
3260,17,535,397,2
3277,17,533,402,2
3294,17,539,403,2
3310,17,539,405,2
3327,17,538,395,2
3344,17,541,400,2
3360,17,543,397,2
3377,17,542,413,2
3394,17,557,354,4
3410,17,565,377,2
3427,17,554,364,4
3443,17,560,356,4
3460,17,563,367,2
3477,17,561,367,2
3493,17,567,369,2
3510,17,559,366,2
3527,17,567,372,2
3543,17,566,367,2
3560,17,575,351,4
3577,17,568,354,4
3593,17,568,345,4
3610,17,572,373,2
3626,17,572,343,4
3643,17,570,345,4
3660,17,570,347,4
3676,17,574,364,4
3693,17,568,355,4
3710,17,568,359,4
3726,17,570,360,4
3743,17,574,371,2
3760,17,569,360,4
3776,17,569,364,4
3793,17,569,366,2
3809,17,573,361,4
3826,17,571,375,2
3843,17,567,353,4
3859,17,571,367,2
3876,17,571,376,2
3893,17,567,376,2
3909,17,570,372,2
3926,17,570,372,2
3943,17,568,365,2
3959,17,571,390,2
3976,17,571,380,2
3992,17,568,394,2
4009,17,571,383,2
4026,17,566,378,2
4042,17,569,379,2
4059,17,573,391,2
4076,17,571,388,2
4092,17,542,404,2
4109,17,546,381,2
4125,17,540,419,5
4142,17,536,381,2
4159,17,542,401,2
4175,17,540,404,2
4192,17,534,372,2
4209,17,539,392,2
4225,17,538,397,2
4242,17,544,393,2
4259,17,538,385,2
4275,17,539,394,2
4292,17,540,386,2
4308,17,535,388,2
4325,17,539,389,2
4342,17,536,378,2
4358,17,536,382,2
4375,17,542,396,2
4392,17,541,399,2
4408,17,541,416,2
4425,17,534,388,2
4442,17,542,392,2
4458,17,547,414,2
4475,17,541,385,2
4491,17,539,386,2
4508,17,542,393,2
4525,17,539,389,2
4541,17,539,399,2
4558,17,535,392,2
4575,17,505,409,2
4591,17,519,427,3
4608,17,515,415,2
4625,17,517,430,3
4641,17,515,441,3
4658,17,515,427,3
4674,17,513,438,3
4691,17,516,445,3
4708,17,510,424,3
4724,17,516,435,3
4741,17,513,437,3
4758,17,513,432,3
4774,17,508,408,2
4791,17,514,444,3
4808,17,510,426,3
4824,17,509,436,3
4841,17,509,412,2
4857,17,511,433,3
4874,17,511,427,3
4891,17,512,427,3
4907,17,505,429,3
4924,17,508,434,3
4941,17,504,431,3
4957,17,506,419,5
4974,17,505,438,3
4991,17,504,414,2
5007,17,503,428,3
5024,17,502,424,3
5040,17,500,411,2
5057,17,505,415,2
5074,17,509,431,3
5090,17,503,420,5
5107,17,505,416,2
5124,17,507,418,5
5140,17,505,442,3
5157,17,507,425,3
5174,17,499,411,2
5190,17,504,438,3
5207,17,500,405,2
5223,17,503,431,3
5240,17,503,442,3
5257,17,505,429,3
5273,17,504,426,3
5290,17,503,429,3
5307,17,510,444,3
5323,17,497,420,5
5340,17,508,431,3
5356,17,502,421,5
5373,17,498,422,3
5390,17,490,447,3
5406,17,496,438,3
5423,17,499,449,3
5440,17,489,430,3
5456,17,488,436,3
5473,17,494,450,3
5490,17,487,437,3
5506,17,491,442,3
5523,17,493,451,3
5539,17,532,388,2
5556,17,554,373,2
5573,17,551,373,2
5589,17,560,390,2
5606,17,558,380,2
5623,17,560,380,2
5639,17,560,374,2
5656,17,559,385,2
5673,17,556,370,2
5689,17,560,362,4
5706,17,561,395,2
5722,17,557,367,2
5739,17,565,393,2
5756,17,569,364,4
5772,17,565,378,2
5789,17,570,385,2
5806,17,565,359,4
5822,17,570,368,2
5839,17,567,357,4
5856,17,571,360,4
5872,17,571,377,2
5889,17,572,368,2
5905,17,568,354,4
5922,17,570,363,4
5939,17,570,367,2
5955,17,571,373,2
5989,33,569,363,4
5989,0,569,363,4
6005,17,567,346,4
6022,17,571,360,4
6039,17,569,352,4
6055,17,568,351,4
6072,17,569,374,2
6088,17,565,359,4
6105,17,574,374,2
6122,17,564,349,4
6138,17,569,369,2
6155,17,568,352,4
6172,17,568,363,4
6188,17,543,390,2
6205,17,543,424,3
6222,17,542,414,2
6238,17,536,415,2
6255,17,545,423,3
6271,17,547,435,3
6288,17,541,429,3
6305,17,541,404,2
6321,17,540,413,2
6338,17,540,413,2
6355,17,544,427,3
6371,17,542,418,5
6388,17,545,415,2
6404,17,547,435,3
6421,17,545,429,3
6438,17,542,414,2
6454,17,542,414,2
6471,17,540,419,5
6488,17,539,415,2
6504,17,543,414,2
6521,17,539,404,2
6538,17,542,420,5
6554,17,540,419,5
6571,17,540,435,3
6587,17,539,415,2
6604,17,537,405,2
6621,17,542,415,2
6637,17,543,416,2
6654,17,537,403,2
6671,17,541,426,3
6687,17,529,404,2
6704,17,533,415,2
6721,17,530,403,2
6737,17,533,405,2
6754,17,531,403,2
6770,17,534,398,2
6787,17,533,427,3
6804,17,534,418,5
6820,17,533,423,3
6837,17,530,414,2
6854,17,532,413,2
6870,17,531,406,2
6887,17,532,397,2
6904,17,531,413,2
6920,17,534,422,3
6937,17,533,416,2
6953,17,536,422,3
6970,17,535,425,3
6987,17,536,427,3
7003,17,535,428,3
7020,17,532,413,2
7037,17,531,409,2
7053,17,532,416,2
7070,17,534,431,3
7087,17,533,411,2
7103,17,531,407,2
7120,17,536,419,5
7136,17,535,423,3
7153,17,536,421,5
7170,17,535,415,2
7186,17,535,418,5
7203,17,538,418,5
7220,17,543,440,3
7236,17,540,418,5
7253,17,542,422,3
7270,17,541,423,3
7286,17,543,433,3
7303,17,528,422,3
7319,17,538,426,3
7336,17,536,423,3
7353,17,526,408,2
7369,17,519,388,2
7386,17,530,389,2
7403,17,528,394,2
7419,17,528,396,2
7436,17,526,394,2
7453,17,524,397,2
7469,17,527,382,2
7486,17,519,369,2
7502,17,521,381,2
7519,17,522,397,2
7536,17,523,377,2
7552,17,516,370,2
7569,17,523,371,2
7586,17,521,366,2
7602,17,520,369,2
7619,17,520,374,2
7635,17,515,359,4
7652,17,520,376,2
7669,17,523,374,2
7685,17,487,366,2
7702,17,444,365,2
7719,17,462,358,4
7735,17,457,352,4
7752,17,456,344,4
7769,17,455,372,2
7785,17,458,360,4
7802,17,455,355,4
7818,17,452,350,4
7835,17,458,373,2
7852,17,460,364,4
7868,17,454,351,4
7885,17,456,361,4
7902,17,454,351,4
7918,17,437,373,2
7935,17,445,369,2
7952,17,441,361,4
7968,17,437,371,2
7985,17,440,398,2
8001,17,435,360,4
8018,17,442,384,2
8035,17,453,498,3
8051,17,455,510,3
8068,17,458,520,3
8085,17,460,533,3
8101,17,460,529,3
8118,17,461,525,3
8135,17,458,508,3
8151,17,454,508,3
8168,17,452,503,3
8184,17,462,512,3
8201,17,456,508,3
8218,17,458,513,3
8234,17,463,505,3
8251,17,458,503,3
8268,17,460,499,3
8284,17,456,497,3
8301,17,461,509,3
8318,17,490,419,5
8334,17,504,415,2
8351,17,505,393,2
8367,17,510,410,2
8384,17,509,412,2
8401,17,512,409,2
8417,17,507,403,2
8434,17,513,402,2
8451,17,514,409,2
8467,17,512,399,2
8484,17,516,403,2
8501,17,513,410,2
8517,17,516,409,2
8534,17,512,409,2
8550,17,510,400,2
8567,17,516,411,2
8584,17,513,403,2
8600,17,514,408,2
8617,17,516,417,5
8634,17,516,427,3
8650,17,518,426,3
8667,17,516,421,5
8683,17,517,420,5
8700,17,512,414,2
8717,17,516,424,3
8733,17,516,408,2
8750,17,515,428,3
8767,17,515,427,3
8783,17,512,424,3
8800,17,514,422,3
8817,17,519,422,3
8833,17,514,411,2
8850,17,517,424,3
8866,17,515,424,3
8883,17,512,409,2
8900,17,511,405,2
8916,17,516,416,2
8933,17,514,411,2
8950,17,514,415,2
8966,17,517,428,3
8983,17,517,423,3
9000,17,515,408,2
9016,17,510,418,5
9033,17,516,416,2
9049,17,512,421,5
9066,17,507,407,2
9083,17,510,425,3
9099,17,511,408,2
9116,17,506,388,2
9133,17,507,393,2
9149,17,509,395,2
9166,17,510,406,2
9183,17,508,410,2
9199,17,512,413,2
9216,17,514,413,2
9232,17,510,407,2
9249,17,508,411,2
9266,17,511,416,2
9282,17,510,424,3
9299,17,511,432,3
9316,17,510,404,2
9332,17,512,411,2
9349,17,510,413,2
9366,17,544,397,2
9382,17,564,396,2
9399,17,559,394,2
9415,17,560,389,2
9432,17,557,389,2
9449,17,560,391,2
9465,17,561,401,2
9482,17,557,390,2
9499,17,560,376,2
9515,17,562,377,2
9532,17,566,394,2
9549,17,562,379,2
9565,17,568,363,4
9582,17,563,385,2
9598,17,567,393,2
9615,17,567,384,2
9632,17,562,378,2
9648,17,567,379,2
9665,17,568,391,2
9682,17,564,358,4
9698,17,565,373,2
9715,17,564,395,2
9732,17,569,397,2
9748,17,565,389,2
9765,17,574,395,2
9781,17,565,385,2
9798,17,577,367,2
9815,17,572,360,4
9831,17,569,371,2
9848,17,572,381,2
9865,17,575,371,2
9881,17,567,368,2
9898,17,580,373,2
9914,17,574,365,2
9931,17,575,379,2
9948,17,570,377,2
9964,17,572,372,2
9981,17,572,370,2
9998,17,576,364,4
10014,17,573,377,2
10031,17,573,371,2
10048,17,577,378,2
10064,17,576,375,2
10081,17,578,380,2
10097,17,575,362,4
10114,17,575,373,2
10131,17,582,375,2
10147,17,580,378,2
10164,17,578,372,2
10181,17,582,371,2
10197,17,588,375,2
10214,17,582,368,2
10231,17,584,384,2
10247,17,582,372,2
10264,17,587,360,4
10280,17,588,367,2
10297,17,584,363,4
10314,17,584,378,2
10330,17,566,416,2
10347,17,540,413,2
10364,17,547,422,3
10380,17,541,421,5
10397,17,536,409,2
10414,17,536,408,2
10430,17,541,411,2
10447,17,543,407,2
10463,17,535,405,2
10480,17,542,404,2
10497,17,541,393,2
10513,17,538,403,2
10530,17,535,416,2
10547,17,541,414,2
10563,17,537,412,2
10580,17,540,409,2
10597,17,533,410,2
10613,17,538,413,2
10630,17,544,417,5
10646,17,538,410,2
10663,17,537,396,2
10680,17,536,391,2
10696,17,535,392,2
10713,17,532,401,2
10730,17,535,400,2
10746,17,535,412,2
10763,17,533,396,2
10780,17,530,400,2
10796,17,536,399,2
10813,17,534,394,2
10829,17,535,402,2
10846,17,533,395,2
10863,17,538,379,2
10879,17,535,385,2
10896,17,535,385,2
10913,17,536,392,2
10929,17,533,397,2
10946,17,534,399,2
10962,17,533,401,2
10979,17,536,409,2
10996,17,538,405,2
11012,17,537,399,2
11029,17,536,395,2
11046,17,540,401,2
11062,17,532,388,2
11079,17,531,399,2
11096,17,539,406,2
11112,17,539,398,2
11129,17,536,413,2
11145,17,541,409,2
11162,17,538,401,2
11179,17,533,410,2
11195,17,535,409,2
11212,17,534,419,5
11229,17,532,409,2
11245,17,541,412,2
11262,17,534,402,2
11279,17,535,402,2
11295,17,534,417,5
11312,17,535,413,2
11328,17,535,406,2
11345,17,534,402,2
11362,17,534,405,2
11378,17,534,404,2
11395,17,539,427,3
11412,17,539,417,5
11428,17,536,417,5
11445,17,533,396,2
11462,17,538,421,5
11478,17,534,411,2
11495,17,537,414,2
11511,17,528,406,2
11528,17,538,387,2
11545,17,532,384,2
11561,17,535,376,2
11578,17,533,382,2
11595,17,533,380,2
11611,17,538,376,2
11628,17,538,382,2
11645,17,533,361,4
11661,17,530,311,4
11678,17,539,320,4
11694,17,540,303,4
11711,17,539,285,0
11728,17,542,287,0
11744,17,538,288,4
11761,17,525,265,0
11778,17,503,239,1
11794,17,485,171,1
11811,17,482,171,1
11828,17,483,163,1
11844,17,482,179,1
11861,17,480,146,1
11877,17,486,176,1
11894,17,485,184,1
11911,17,483,164,1
11927,17,485,165,1
11944,17,482,163,1
11961,17,485,168,1
11977,17,484,164,1
11994,17,485,164,1
12011,17,483,177,1
12027,17,487,161,1
12044,17,481,163,1
12060,17,484,157,1
12077,17,483,163,1
12094,17,485,154,1
12110,17,477,152,1
12127,17,411,155,1
12144,17,403,165,1
12160,17,405,157,1
12177,17,399,156,1
12193,17,391,131,0
12210,17,472,233,1
12227,17,521,315,4
12243,17,511,304,4
12260,17,539,332,4
12277,17,528,329,4
12293,17,533,339,4
12310,17,531,346,4
12327,17,532,352,4
12343,17,534,325,4
12360,17,531,344,4
12376,17,528,355,4
12393,17,530,332,4
12410,17,523,349,4
12426,17,529,347,4
12443,17,530,331,4
12460,17,527,336,4
12476,17,526,336,4
12493,17,529,349,4
12510,17,530,350,4
12526,17,528,354,4
12543,17,528,345,4
12559,17,528,350,4
12576,17,530,347,4
12593,17,525,344,4
12609,17,529,365,2
12626,17,524,344,4
12643,17,524,357,4
12659,17,526,349,4
12676,17,523,342,4
12693,17,523,345,4
12709,17,485,385,2
12726,17,489,381,2
12742,17,481,373,2
12759,17,483,394,2
12776,17,481,381,2
12792,17,482,376,2
12809,17,482,375,2
12826,17,483,380,2
12842,17,480,381,2
12859,17,478,382,2
12876,17,483,395,2
12892,17,480,386,2
12909,17,486,405,2
12925,17,476,403,2
12942,17,485,391,2
12959,17,485,394,2
12975,17,485,408,2
12992,17,482,407,2
13009,17,484,392,2
13025,17,481,402,2
13042,17,480,400,2
13059,17,481,406,2
13075,17,483,406,2
13092,17,476,390,2
13108,17,480,403,2
13125,17,482,397,2
13142,17,484,404,2
13158,17,477,396,2
13175,17,482,390,2
13192,17,470,398,2
13208,17,484,395,2
13225,17,474,385,2
13241,17,475,399,2
13258,17,476,391,2
13275,17,472,400,2
13291,17,474,390,2
13308,17,475,393,2
13325,17,461,395,2
13341,17,473,419,3
13358,17,473,399,2
13375,17,474,408,2
13391,17,477,413,2
13408,17,476,402,2
13424,17,473,403,2
13441,17,474,403,2
13458,17,472,394,2
13474,17,478,393,2
13491,17,459,392,2
13508,17,485,405,2
13524,17,514,401,2
13541,17,505,381,2
13558,17,509,375,2
13574,17,517,403,2
13591,17,510,387,2
13607,17,509,376,2
13624,17,516,397,2
13641,17,509,386,2
13657,17,512,395,2
13674,17,514,406,2
13691,17,512,390,2
13707,17,535,368,2
13724,17,544,370,2
13741,17,546,363,4
13757,17,547,366,2
13774,17,546,344,4
13790,17,550,355,4
13807,17,550,367,2
13824,17,550,361,4
13840,17,550,353,4
13857,17,551,359,4
13874,17,553,374,2
13890,17,550,364,4
13907,17,552,371,2
13924,17,548,361,4
13940,17,547,369,2
13957,17,546,354,4
13973,17,538,370,2
13990,17,539,358,4
14007,17,539,375,2
14023,17,539,362,4
14040,17,542,378,2
14057,17,528,372,2
14073,17,542,355,4
14090,17,539,355,4
14107,17,539,370,2
14123,17,542,352,4
14140,17,541,365,2
14156,17,540,362,4
14173,17,537,361,4
14206,33,543,365,2
14223,17,541,366,2
14273,50,522,420,5
14273,0,522,420,5
14290,17,535,412,2
14306,17,531,410,2
14323,17,536,427,3
14339,17,531,410,2
14356,17,529,411,2
14373,17,530,417,5
14389,17,529,422,3
14406,17,533,430,3
14423,17,531,421,5
14439,17,533,413,2
14456,17,530,414,2
14472,17,534,424,3
14489,17,538,434,3
14506,17,532,427,3
14522,17,535,425,3
14539,17,529,411,2
14556,17,534,434,3
14572,17,533,430,3
14589,17,530,429,3
14606,17,533,420,5
14622,17,525,418,5
14639,17,531,431,3
14655,17,531,430,3
14672,17,535,420,5
14689,17,534,429,3
14705,17,534,424,3
14722,17,532,427,3
14739,17,531,423,3
14755,17,533,435,3
14772,17,537,436,3
14789,17,526,422,3
14805,17,528,429,3
14822,17,532,423,3
14838,17,531,419,5
14855,17,528,421,5
14872,17,526,411,2
14888,17,521,382,2
14905,17,520,380,2
14922,17,520,364,4
14938,17,522,373,2
14955,17,523,386,2
14972,17,525,387,2
14988,17,524,387,2
15005,17,524,374,2
15021,17,526,370,2
15038,17,526,366,2
15055,17,524,380,2
15071,17,525,380,2
15088,17,527,380,2
15105,17,529,379,2
15121,17,530,371,2
15138,17,527,365,2
15155,17,526,369,2
15171,17,527,374,2
15188,17,528,379,2
15204,17,523,367,2
15221,17,525,370,2
15238,17,527,387,2
15254,17,511,388,2
15271,17,517,398,2
15288,17,511,378,2
15304,17,514,376,2
15321,17,512,369,2
15338,17,512,385,2
15354,17,514,391,2
15371,17,514,392,2
15387,17,514,384,2
15404,17,513,368,2
15421,17,514,384,2
15437,17,515,379,2
15454,17,515,378,2
15471,17,511,360,4
15487,17,513,384,2
15504,17,512,371,2
15521,17,516,376,2
15537,17,514,414,2
15554,17,517,440,3
15570,17,518,448,3
15587,17,518,443,3
15604,17,513,435,3
15620,17,521,444,3
15637,17,521,446,3
15654,17,517,435,3
15670,17,518,448,3
15687,17,512,448,3
15703,17,516,432,3
15720,17,514,441,3
15737,17,520,445,3
15753,17,517,439,3
15770,17,523,461,3
15787,17,520,444,3
15803,17,519,440,3
15820,17,519,446,3
15837,17,518,436,3
15853,17,521,435,3
15870,17,516,447,3
15886,17,521,456,3
15903,17,516,451,3
15920,17,517,440,3
15936,17,522,447,3
15953,17,544,385,2
15970,17,546,353,4
15986,17,550,386,2
16003,17,549,373,2
16020,17,551,369,2
16036,17,552,364,4
16053,17,556,380,2
16069,17,553,379,2
16086,17,555,382,2
16103,17,553,371,2
16119,17,549,363,4
16136,17,568,362,4
16153,17,573,348,4
16169,17,577,366,2
16186,17,575,367,2
16203,17,571,340,4
16219,17,575,346,4
16236,17,578,365,2
16252,17,572,335,4
16269,17,576,364,4
16286,17,572,355,4
16302,17,571,350,4
16319,17,577,358,4
16336,17,571,349,4
16352,17,570,341,4
16369,17,551,369,2
16386,17,551,367,2
16402,17,548,351,4
16419,17,551,362,4
16435,17,552,349,4
16452,17,546,358,4
16469,17,547,357,4
16485,17,550,364,4
16502,17,551,353,4
16519,17,549,369,2
16535,17,550,354,4
16552,17,551,366,2
16569,17,550,366,2
16585,17,548,366,2
16602,17,523,420,5
16618,17,520,472,3
16635,17,507,445,3
16652,17,524,451,3
16668,17,519,469,3
16685,17,519,465,3
16702,17,524,484,3
16718,17,516,481,3
16735,17,522,482,3
16751,17,513,470,3
16768,17,519,457,3
16785,17,518,461,3
16801,17,521,458,3
16818,17,518,472,3
16835,17,518,453,3
16851,17,517,470,3
16868,17,525,471,3
16885,17,523,472,3
16901,17,507,454,3
16918,17,513,466,3
16934,17,517,472,3
16951,17,518,465,3
16968,17,516,459,3
17001,33,522,473,3
17001,0,522,473,3
17018,17,519,473,3
17034,17,525,481,3
17051,17,525,466,3
17068,17,523,442,3
17084,17,547,388,2
17101,17,558,378,2
17117,17,554,361,4
17134,17,562,372,2
17151,17,559,367,2
17167,17,558,361,4
17184,17,560,376,2
17201,17,562,392,2
17217,17,561,367,2
17234,17,563,372,2
17251,17,562,388,2
17267,17,542,381,2
17284,17,540,378,2
17300,17,542,385,2
17317,17,537,370,2
17334,17,539,369,2
17350,17,541,364,4
17367,17,537,368,2
17384,17,540,363,4
17400,17,538,366,2
17417,17,544,385,2
17434,17,545,373,2
17450,17,544,381,2
17467,17,531,366,2
17483,17,484,363,4
17500,17,497,357,4
17517,17,489,368,2
17533,17,482,361,4
17550,17,489,361,4
17567,17,490,361,4
17583,17,487,363,4
17600,17,487,363,4
17617,17,488,365,2
17633,17,487,348,4
17650,17,495,369,2
17666,17,481,343,4
17683,17,505,404,2
17700,17,526,435,3
17716,17,521,458,3
17733,17,526,441,3
17750,17,529,463,3
17766,17,521,453,3
17783,17,530,473,3
17800,17,528,466,3
17816,17,524,463,3
17833,17,525,463,3
17849,17,521,455,3
17866,17,533,457,3
17883,17,523,456,3
17899,17,518,448,3
17916,17,515,460,3
17933,17,522,460,3
17949,17,523,447,3
17966,17,528,476,3
17982,17,521,453,3
17999,17,518,453,3
18016,17,525,454,3
18032,17,522,452,3
18049,17,523,457,3
18066,17,522,478,3
18082,17,523,472,3
18099,17,525,464,3
18116,17,527,464,3
18132,17,523,458,3
18149,17,525,466,3
18165,17,519,455,3
18182,17,518,457,3
18199,17,526,460,3
18215,17,521,469,3
18232,17,522,463,3
18249,17,523,470,3
18265,17,526,471,3
18282,17,520,463,3
18299,17,518,444,3
18315,17,521,461,3
18332,17,523,459,3
18348,17,524,458,3
18365,17,520,471,3
18382,17,522,464,3
18398,17,521,466,3
18415,17,520,456,3
18432,17,519,432,3
18448,17,525,419,5
18465,17,518,426,3
18482,17,520,425,3
18498,17,521,435,3
18515,17,527,422,3
18531,17,521,409,2
18548,17,532,419,5
18565,17,523,421,5
18581,17,523,412,2
18598,17,515,419,5
18615,17,522,423,3
18631,17,514,420,5
18648,17,513,410,2
18665,17,522,426,3
18681,17,530,429,3
18698,17,538,425,3
18714,17,535,419,5
18731,17,542,419,5
18748,17,538,419,5
18764,17,540,421,5
18781,17,537,411,2
18798,17,534,409,2
18814,17,536,415,2
18831,17,539,405,2
18848,17,533,394,2
18864,17,536,403,2
18881,17,541,401,2
18897,17,537,402,2
18914,17,538,401,2
18931,17,542,409,2
18947,17,539,415,2
18964,17,540,415,2
18981,17,540,398,2
18997,17,539,395,2
19014,17,547,403,2
19030,17,547,405,2
19047,17,544,401,2
19064,17,545,396,2
19080,17,542,394,2
19097,17,550,397,2
19114,17,550,390,2
19130,17,548,406,2
19147,17,547,404,2
19164,17,545,372,2
19180,17,549,394,2
19197,17,552,409,2
19213,17,547,397,2
19230,17,551,417,5
19247,17,550,404,2
19263,17,546,386,2
19280,17,550,396,2
19297,17,551,401,2
19313,17,551,391,2
19330,17,549,406,2
19347,17,555,393,2
19363,17,549,401,2
19380,17,554,432,3
19396,17,549,402,2
19413,17,552,397,2
19430,17,551,397,2
19446,17,551,403,2
19463,17,551,412,2
19480,17,549,386,2
19496,17,542,378,2
19513,17,548,376,2
19530,17,546,379,2
19546,17,548,387,2
19563,17,548,380,2
19579,17,551,378,2
19596,17,549,373,2
19613,17,553,379,2
19629,17,558,365,2
19646,17,561,352,4
19663,17,569,365,2
19679,17,552,365,2
19696,17,567,364,4
19713,17,567,377,2
19729,17,561,372,2
19746,17,571,361,4
19762,17,564,363,4
19779,17,557,358,4
19796,17,569,358,4
19812,17,567,375,2
19829,17,566,374,2
19846,17,568,379,2
19862,17,580,354,4
19879,17,568,352,4
19896,17,566,356,4
19912,17,557,354,4
19929,17,553,358,4
19945,17,569,368,2
19962,17,570,364,4
19979,17,566,364,4
19995,17,567,371,2
20012,17,565,350,4
20029,17,566,346,4
20045,17,569,357,4
20062,17,564,361,4
20079,17,569,370,2
20095,17,564,353,4
20112,17,564,353,4
20128,17,566,357,4
20145,17,568,356,4
20162,17,571,366,2
20178,17,566,353,4
20195,17,562,354,4
20212,17,565,357,4
20228,17,565,357,4
20245,17,565,367,2
20261,17,568,355,4
20278,17,565,361,4
20295,17,566,373,2
20311,17,569,378,2
20328,17,570,381,2
20345,17,566,367,2
20361,17,567,361,4
20378,17,564,371,2
20395,17,540,391,2
20411,17,547,376,2
20428,17,544,400,2
20444,17,547,407,2
20461,17,540,388,2
20478,17,547,399,2
20494,17,547,404,2
20511,17,546,384,2
20528,17,543,390,2
20544,17,545,398,2
20561,17,548,403,2
20578,17,545,395,2
20594,17,553,380,2
20611,17,556,372,2
20627,17,561,376,2
20644,17,557,376,2
20661,17,563,374,2
20677,17,555,368,2
20694,17,558,378,2
20711,17,561,380,2
20727,17,561,381,2
20744,17,563,385,2
20761,17,561,375,2
20777,17,561,373,2
20794,17,559,363,4
20810,17,560,378,2
20827,17,560,383,2
20844,17,555,380,2
20860,17,566,369,2
20877,17,565,353,4
20894,17,564,369,2
20910,17,565,392,2
20927,17,568,376,2
20944,17,569,368,2
20960,17,568,378,2
20977,17,565,378,2
20993,17,566,364,4
21010,17,567,387,2
21027,17,565,363,4
21043,17,561,355,4
21060,17,566,366,2
21077,17,563,358,4
21093,17,564,375,2
21110,17,564,358,4
21127,17,566,372,2
21143,17,562,362,4
21160,17,565,359,4
21176,17,562,359,4
21193,17,566,363,4
21210,17,558,360,4
21226,17,565,369,2
21243,17,563,371,2
21260,17,566,374,2
21276,17,568,370,2
21293,17,566,368,2
21309,17,567,376,2
21326,17,565,371,2
21343,17,573,369,2
21359,17,567,356,4
21376,17,570,364,4
21393,17,570,367,2
21409,17,569,363,4
21426,17,569,347,4
21443,17,570,369,2
21459,17,566,359,4
21476,17,567,355,4
21492,17,571,376,2
21509,17,570,378,2
21526,17,568,362,4
21542,17,570,370,2
21559,17,570,380,2
21576,17,572,373,2
21592,17,548,377,2
21609,17,547,386,2
21626,17,546,387,2
21642,17,546,403,2
21659,17,547,413,2
21675,17,549,406,2
21692,17,548,406,2
21709,17,544,396,2
21725,17,552,413,2
21742,17,546,397,2
21759,17,560,412,2
21775,17,553,407,2
21792,17,548,404,2
21809,17,549,397,2
21825,17,549,392,2
21842,17,555,402,2
21858,17,548,403,2
21875,17,548,400,2
21892,17,552,420,5
21908,17,550,397,2
21925,17,547,386,2
21942,17,547,395,2
21958,17,550,376,2
21975,17,550,402,2
21992,17,551,402,2
22008,17,550,392,2
22025,17,548,393,2
22041,17,554,389,2
22058,17,550,388,2
22075,17,555,400,2
22091,17,551,393,2
22108,17,552,393,2
22125,17,549,392,2
22141,17,549,370,2
22158,17,546,381,2
22175,17,552,399,2
22191,17,548,391,2
22208,17,553,391,2
22224,17,551,386,2
22241,17,555,412,2
22258,17,548,394,2
22274,17,551,376,2
22291,17,530,416,2
22308,17,534,401,2
22324,17,529,409,2
22341,17,529,398,2
22358,17,531,416,2
22374,17,534,428,3
22391,17,532,432,3
22407,17,529,419,5
22424,17,527,413,2
22441,17,528,405,2
22457,17,527,409,2
22474,17,523,413,2
22491,17,523,402,2
22507,17,520,419,5
22524,17,530,438,3
22540,17,528,414,2
22557,17,527,422,3
22574,17,525,419,5
22590,17,522,473,3
22607,17,518,595,3
22624,17,531,717,3
22674,50,556,859,0
22674,0,556,859,0
22690,17,558,872,0
22707,17,561,866,0
22723,17,557,870,0
22740,17,563,870,0
22757,17,564,872,0
22773,17,565,871,0
22790,17,562,870,0
22807,17,561,871,0
22823,17,567,875,0
22840,17,567,869,0
22857,17,569,731,3
22873,17,562,645,3
22890,17,546,509,3
22906,17,549,447,3
22923,17,550,417,5
22940,17,547,392,2
22956,17,557,430,3
22973,17,559,432,3
22990,17,553,414,2
23006,17,553,426,3
23023,17,558,426,3
23040,17,552,410,2
23056,17,556,428,3
23073,17,555,404,2
23089,17,554,414,2
23106,17,557,432,3
23123,17,554,415,2
23139,17,560,428,3
23156,17,559,423,3
23173,17,557,417,5
23189,17,561,418,5
23206,17,553,408,2
23223,17,555,428,3
23239,17,556,412,2
23256,17,558,402,2
23272,17,553,421,5
23289,17,550,402,2
23306,17,556,421,5
23322,17,552,400,2
23339,17,552,402,2
23356,17,556,410,2
23372,17,554,413,2
23389,17,550,420,5
23406,17,554,415,2
23422,17,553,432,3
23439,17,553,421,5
23455,17,552,430,3
23472,17,551,405,2
23489,17,550,415,2
23505,17,551,419,5
23522,17,552,435,3
23539,17,553,450,3
23555,17,532,400,2
23572,17,538,391,2
23588,17,537,393,2
23605,17,532,375,2
23622,17,527,364,4
23638,17,532,390,2
23655,17,534,383,2
23672,17,534,387,2
23688,17,529,382,2
23705,17,529,399,2
23722,17,524,392,2
23738,17,529,381,2
23755,17,533,388,2
23771,17,524,386,2
23788,17,481,339,4
23805,17,496,347,4
23821,17,497,374,2
23838,17,494,365,2
23855,17,493,351,4
23871,17,495,359,4
23888,17,490,341,4
23905,17,498,353,4
23921,17,498,373,2
23938,17,492,354,4
23954,17,490,354,4
23988,33,437,345,4
23988,0,437,345,4
24004,17,435,347,4
24021,17,427,341,4
24038,17,435,333,4
24054,17,431,334,4
24071,17,432,337,4
24088,17,431,328,4
24104,17,436,345,4
24121,17,433,344,4
24137,17,431,329,4
24154,17,432,340,4
24171,17,429,341,4
24187,17,430,344,4
24204,17,431,339,4
24221,17,432,330,4
24237,17,431,351,4
24254,17,432,348,4
24271,17,434,341,4
24287,17,428,346,4
24304,17,450,354,4
24320,17,507,446,3
24337,17,490,434,3
24354,17,506,448,3
24370,17,502,437,3
24387,17,505,449,3
24404,17,503,443,3
24420,17,499,442,3
24437,17,501,435,3
24454,17,511,457,3
24470,17,503,457,3
24487,17,502,447,3
24503,17,520,399,2
24520,17,548,370,2
24537,17,564,341,4
24553,17,562,350,4
24570,17,563,333,4
24587,17,561,362,4
24603,17,565,350,4
24620,17,556,340,4
24637,17,564,363,4
24653,17,564,347,4
24670,17,558,335,4
24686,17,561,332,4
24703,17,567,357,4
24720,17,567,383,2
24736,17,563,346,4
24753,17,564,360,4
24770,17,567,348,4
24786,17,529,392,2
24803,17,540,445,3
24819,17,538,433,3
24836,17,531,440,3
24853,17,538,457,3
24869,17,537,439,3
24886,17,537,429,3
24903,17,530,449,3
24919,17,536,456,3
24936,17,531,430,3
24953,17,531,427,3
24969,17,537,462,3
24986,17,534,455,3
25002,17,539,464,3
25019,17,530,431,3
25036,17,514,407,2
25052,17,510,401,2
25069,17,516,385,2
25086,17,509,384,2
25102,17,523,394,2
25119,17,512,394,2
25136,17,511,396,2
25152,17,511,389,2
25169,17,516,395,2
25185,17,516,403,2
25202,17,509,385,2
25219,17,516,383,2
25235,17,512,375,2
25252,17,486,374,2
25269,17,456,356,4
25285,17,460,360,4
25302,17,449,344,4
25319,17,456,361,4
25335,17,458,356,4
25352,17,460,337,4
25368,17,455,353,4
25385,17,463,353,4
25402,17,456,363,4
25418,17,455,349,4
25435,17,458,364,4
25452,17,459,358,4
25468,17,459,356,4
25485,17,456,345,4
25502,17,479,383,2
25518,17,513,436,3
25535,17,502,433,3
25551,17,515,450,3
25568,17,519,445,3
25585,17,514,440,3
25601,17,515,447,3
25618,17,518,453,3
25635,17,518,434,3
25651,17,516,436,3
25668,17,517,423,3
25685,17,522,466,3
25701,17,520,437,3
25718,17,520,428,3
25734,17,519,425,3
25751,17,520,444,3
25768,17,524,465,3
25784,17,527,465,3
25801,17,512,421,5
25818,17,505,378,2
25834,17,497,348,4
25851,17,492,326,4
25868,17,490,322,4
25884,17,495,323,4
25901,17,498,334,4
25917,17,497,337,4
25934,17,495,342,4
25951,17,494,335,4
25967,17,496,338,4
25984,17,494,332,4
26001,17,497,335,4
26017,17,498,344,4
26034,17,495,342,4
26050,17,493,327,4
26067,17,494,340,4
26084,17,499,338,4
26100,17,495,328,4
26117,17,493,332,4
26134,17,497,341,4
26150,17,494,344,4
26167,17,487,332,4
26184,17,499,333,4
26200,17,495,342,4
26217,17,497,327,4
26233,17,498,329,4
26250,17,492,354,4
26267,17,437,352,4
26283,17,446,365,2
26300,17,440,349,4
26317,17,437,356,4
26333,17,441,362,4
26350,17,443,370,2
26367,17,435,347,4
26383,17,437,333,4
26400,17,438,345,4
26416,17,437,341,4
26433,17,440,357,4
26450,17,438,350,4
26466,17,438,361,4
26483,17,434,365,2
26500,17,492,411,2
26516,17,490,384,2
26533,17,490,386,2
26550,17,497,401,2
26566,17,496,385,2
26583,17,501,396,2
26599,17,499,399,2
26616,17,499,396,2
26633,17,497,393,2
26649,17,501,407,2
26666,17,496,383,2
26683,17,494,384,2
26699,17,485,384,2
26716,17,489,379,2
26733,17,489,416,2
26749,17,501,422,3
26766,17,496,411,2
26782,17,501,413,2
26799,17,506,404,2
26816,17,502,390,2
26832,17,506,399,2
26849,17,507,394,2
26866,17,507,397,2
26882,17,510,415,2
26899,17,515,413,2
26916,17,517,405,2
26932,17,507,409,2
26949,17,509,409,2
26965,17,508,402,2
26999,33,511,399,2
26999,0,511,399,2
27015,17,510,404,2
27032,17,503,406,2
27049,17,509,398,2
27065,17,507,409,2
27082,17,510,418,5
27098,17,509,405,2
27115,17,502,408,2
27132,17,504,410,2
27148,17,499,392,2
27165,17,521,389,2
27182,17,526,400,2
27198,17,527,409,2
27215,17,527,400,2
27232,17,525,393,2
27248,17,529,417,5
27265,17,526,396,2
27281,17,525,419,5
27298,17,529,402,2
27315,17,527,411,2
27331,17,531,406,2
27348,17,530,406,2
27365,17,531,393,2
27381,17,529,401,2
27398,17,532,398,2
27415,17,531,404,2
27431,17,530,394,2
27448,17,533,414,2
27464,17,533,398,2
27481,17,536,415,2
27498,17,532,407,2
27514,17,529,394,2
27531,17,559,386,2
27548,17,558,394,2
27564,17,555,385,2
27581,17,557,393,2
27598,17,560,382,2
27614,17,561,383,2
27631,17,560,391,2
27647,17,554,371,2
27664,17,555,387,2
27681,17,566,367,2
27697,17,565,373,2
27714,17,566,360,4
27731,17,563,349,4
27747,17,565,364,4
27764,17,566,368,2
27781,17,567,363,4
27797,17,570,356,4
27814,17,565,358,4
27830,17,567,360,4
27847,17,566,349,4
27864,17,599,348,4
27880,17,662,344,0
27897,17,659,361,0
27914,17,669,347,0
27930,17,651,320,0
27947,17,665,338,0
27964,17,674,323,0
27980,17,668,339,0
27997,17,657,358,0
28013,17,667,353,0
28030,17,665,340,0
28047,17,671,328,0
28063,17,664,339,0
28080,17,660,339,0
28097,17,588,375,2
28113,17,536,371,2
28130,17,547,362,4
28147,17,540,374,2
28163,17,545,365,2
28180,17,543,354,4
28196,17,547,369,2
28213,17,544,368,2
28230,17,540,355,4
28246,17,522,371,2
28263,17,415,360,0
28280,17,375,356,0
28296,17,379,365,2
28313,17,374,360,0
28329,17,372,356,0
28346,17,383,353,0
28363,17,383,365,2
28379,17,384,359,0
28396,17,381,343,0
28413,17,386,353,0
28429,17,392,366,2
28446,17,369,349,0
28463,17,368,367,2
28479,17,386,356,0
28496,17,374,363,0
28512,17,387,361,0
28529,17,491,399,2
28546,17,485,402,2
28562,17,492,391,2
28579,17,491,390,2
28596,17,494,399,2
28612,17,497,414,2
28629,17,496,411,2
28662,33,499,400,2
28679,17,500,411,2
28695,17,501,417,5
28712,17,502,411,2
28729,17,515,434,3
28745,17,521,454,3
28762,17,521,426,3
28779,17,528,446,3
28795,17,529,430,3
28812,17,530,440,3
28829,17,526,439,3
28845,17,533,449,3
28862,17,524,444,3
28878,17,532,427,3
28895,17,537,462,3
28912,17,524,452,3
28928,17,527,433,3
28945,17,532,449,3
28962,17,530,457,3
28978,17,534,450,3
28995,17,529,434,3
29012,17,528,439,3
29028,17,531,439,3
29045,17,530,454,3
29061,17,531,455,3
29078,17,533,452,3
29095,17,533,457,3
29111,17,533,467,3
29128,17,540,474,3
29145,17,534,453,3
29161,17,535,456,3
29178,17,538,460,3
29195,17,537,457,3
29211,17,531,480,3
29228,17,534,460,3
29244,17,532,454,3
29261,17,535,457,3
29278,17,533,468,3
29294,17,532,479,3
29311,17,531,457,3
29328,17,532,458,3
29344,17,530,457,3
29361,17,525,447,3
29377,17,527,459,3
29394,17,524,469,3
29411,17,532,467,3
29427,17,530,464,3
29444,17,526,456,3
29461,17,526,477,3
29477,17,526,459,3
29494,17,526,458,3
29511,17,525,441,3
29527,17,537,411,2
29544,17,535,363,4
29560,17,542,354,4
29577,17,539,367,2
29594,17,537,360,4
29610,17,540,375,2
29627,17,534,351,4
29644,17,537,358,4
29660,17,533,362,4
29677,17,541,369,2
29694,17,535,378,2
29710,17,542,364,4
29727,17,536,381,2
29743,17,540,382,2
29760,17,539,372,2
29777,17,541,371,2
29793,17,535,358,4
29810,17,535,369,2
29827,17,534,354,4
29843,17,537,368,2
29860,17,542,382,2
29877,17,540,385,2
29893,17,538,360,4
29910,17,540,377,2
29926,17,537,362,4
29943,17,539,372,2
29960,17,543,391,2
29993,33,538,380,2
29993,0,538,380,2
30010,17,543,383,2
30026,17,542,389,2
30043,17,544,385,2
30060,17,535,378,2
30076,17,540,364,4
30093,17,545,388,2
30109,17,540,387,2
30126,17,545,383,2
30143,17,546,389,2
30159,17,539,373,2
30176,17,540,375,2
30193,17,544,390,2
30209,17,539,387,2
30226,17,542,379,2
30243,17,541,385,2
30259,17,539,385,2
30276,17,543,366,2
30292,17,536,357,4
30309,17,541,385,2
30326,17,542,384,2
30342,17,537,374,2
30359,17,538,371,2
30376,17,543,379,2
30392,17,543,389,2
30409,17,537,383,2
30426,17,544,380,2
30442,17,541,372,2
30459,17,542,372,2
30475,17,538,365,2
30492,17,540,389,2
30509,17,542,381,2
30525,17,545,383,2
30542,17,541,386,2
30559,17,541,385,2
30575,17,529,400,2
30592,17,538,417,5
30608,17,529,395,2
30625,17,525,388,2
30642,17,533,396,2
30658,17,533,392,2
30675,17,531,391,2
30692,17,527,385,2
30708,17,529,389,2
30725,17,527,387,2
30742,17,523,386,2
30758,17,542,382,2
30775,17,546,392,2
30791,17,541,393,2
30808,17,542,392,2
30825,17,539,410,2
30841,17,540,413,2
30858,17,544,424,3
30875,17,540,401,2
30891,17,539,393,2
30908,17,546,387,2
30925,17,546,401,2
30941,17,544,402,2
30958,17,540,380,2
30974,17,546,380,2
30991,17,544,380,2
31008,17,543,387,2
31024,17,549,396,2
31041,17,549,402,2
31058,17,550,396,2
31074,17,545,392,2
31091,17,544,386,2
31108,17,537,381,2
31124,17,523,405,2
31141,17,533,374,2
31157,17,523,521,3
31174,17,557,688,3
31207,33,653,882,0
31324,116,598,818,0
31340,17,579,610,3
31357,17,554,394,2
31374,17,564,432,3
31390,17,563,440,3
31407,17,562,437,3
31424,17,566,429,3
31440,17,567,433,3
31457,17,569,443,3
31474,17,568,438,3
31490,17,570,451,3
31507,17,569,442,3
31523,17,570,441,3
31540,17,568,429,3
31557,17,565,426,3
31573,17,565,448,3
31590,17,566,440,3
31607,17,562,430,3
31623,17,569,449,3
31640,17,564,425,3
31656,17,558,439,3
31673,17,565,441,3
31690,17,542,445,3
31706,17,540,431,3
31723,17,539,437,3
31740,17,540,438,3
31756,17,537,422,3
31773,17,543,441,3
31790,17,541,443,3
31806,17,535,425,3
31823,17,537,444,3
31839,17,535,441,3
31856,17,528,427,3
31873,17,549,418,5
31889,17,590,373,2
31906,17,608,391,2
31923,17,600,376,2
31939,17,607,355,4
31956,17,606,354,4
31973,17,585,365,2
31989,17,613,366,2
32006,17,610,372,2
32022,17,612,358,4
32039,17,611,370,2
32056,17,592,330,4
32072,17,591,350,4
32089,17,583,322,4
32106,17,599,321,4
32122,17,593,339,4
32139,17,594,334,4
32156,17,601,361,4
32172,17,580,343,4
32189,17,601,356,4
32205,17,580,338,4
32222,17,598,350,4
32239,17,600,356,4
32255,17,582,348,4
32272,17,600,361,4
32289,17,596,351,4
32305,17,600,367,2
32322,17,596,328,4
32339,17,610,348,4
32355,17,633,329,0
32372,17,657,351,0
32388,17,657,328,0
32405,17,654,337,0
32422,17,664,341,0
32438,17,666,330,0
32455,17,670,345,0
32472,17,657,333,0
32488,17,649,313,0
32505,17,661,323,0
32522,17,652,330,0
32538,17,685,352,0
32555,17,728,352,0
32571,17,716,348,0
32588,17,731,364,0
32605,17,730,349,0
32621,17,727,356,0
32638,17,723,355,0
32655,17,727,369,2
32671,17,727,378,2
32688,17,721,367,2
32705,17,726,361,0
32721,17,720,342,0
32738,17,720,354,0
32754,17,720,345,0
32771,17,726,377,2
32788,17,719,369,2
32804,17,724,367,2
32821,17,723,365,2
32838,17,723,384,2
32854,17,717,362,0
32871,17,726,372,2
32887,17,715,371,2
32904,17,727,370,2
32921,17,727,374,2
32937,17,724,389,2
32954,17,717,406,2
32971,17,771,626,3
33137,166,658,457,3
33154,17,656,369,2
33170,17,666,389,2
33187,17,659,381,2
33204,17,669,396,2
33220,17,666,390,2
33237,17,658,378,2
33253,17,660,395,2
33270,17,654,394,2
33287,17,670,396,2
33303,17,665,376,2
33320,17,662,399,2
33337,17,653,364,0
33353,17,660,373,2
33370,17,661,372,2
33387,17,661,370,2
33403,17,610,394,2
33420,17,624,382,2
33436,17,617,375,2
33453,17,620,371,2
33470,17,619,395,2
33486,17,621,381,2
33503,17,628,371,2
33520,17,616,375,2
33536,17,616,371,2
33553,17,616,362,0
33570,17,617,366,2
33586,17,605,382,2
33603,17,603,343,4
33619,17,608,345,4
33636,17,597,338,4
33653,17,593,344,4
33669,17,603,332,4
33686,17,598,335,4
33703,17,595,346,4
33719,17,595,343,4
33736,17,594,352,4
33753,17,586,335,4
33769,17,597,351,4
33786,17,593,340,4
33802,17,588,344,4
33819,17,546,365,2
33836,17,540,363,4
33852,17,534,378,2
33869,17,529,355,4
33886,17,535,362,4
33902,17,532,353,4
33919,17,539,364,4
33936,17,534,357,4
33952,17,535,369,2
33969,17,533,367,2
33985,17,531,358,4
34002,17,531,349,4
34019,17,552,332,4
34035,17,571,351,4
34052,17,568,354,4
34069,17,571,337,4
34085,17,572,370,2
34102,17,571,344,4
34118,17,572,359,4
34135,17,570,346,4
34152,17,573,351,4
34168,17,572,351,4
34185,17,572,365,2
34202,17,574,372,2
34218,17,571,341,4
34235,17,573,367,2
34252,17,573,366,2
34268,17,573,362,4
34285,17,576,358,4
34301,17,574,367,2
34318,17,574,367,2
34335,17,574,359,4
34351,17,576,362,4
34368,17,589,356,4
34385,17,574,351,4
34401,17,574,335,4
34418,17,575,351,4
34435,17,569,344,4
34451,17,573,360,4
34468,17,574,363,4
34484,17,571,353,4
34501,17,571,348,4
34518,17,571,339,4
34534,17,570,348,4
34551,17,513,391,2
34568,17,530,385,2
34584,17,524,386,2
34601,17,525,388,2
34618,17,524,395,2
34634,17,527,400,2
34651,17,529,401,2
34667,17,523,385,2
34684,17,523,391,2
34701,17,524,385,2
34717,17,521,379,2
34734,17,521,388,2
34751,17,526,397,2
34767,17,528,379,2
34784,17,532,373,2
34801,17,530,371,2
34817,17,515,437,3
34834,17,520,581,3
34850,17,542,715,3
34867,17,536,832,0
34884,17,546,859,0
34900,17,542,861,0
34917,17,543,864,0
34934,17,547,862,0
34950,17,548,864,0
34967,17,545,862,0
34984,17,544,863,0
35000,17,544,863,0
35017,17,547,861,0
35033,17,548,863,0
35050,17,544,870,0
35067,17,555,899,0
35083,17,553,893,0
35100,17,553,894,0
35117,17,551,893,0
35133,17,551,894,0
35150,17,555,896,0
35166,17,551,893,0
35183,17,553,899,0
35200,17,551,900,0
35216,17,557,895,0
35233,17,553,900,0
35250,17,552,899,0
35266,17,593,894,0
35283,17,594,902,0
35300,17,592,898,0
35316,17,595,896,0
35333,17,594,898,0
35349,17,596,898,0
35366,17,595,895,0
35383,17,600,897,0
35399,17,598,900,0
35416,17,596,898,0
35433,17,596,896,0
35449,17,607,896,0
35466,17,602,895,0
35483,17,606,897,0
35499,17,601,896,0
35516,17,609,896,0
35532,17,602,894,0
35549,17,604,895,0
35566,17,585,717,3
35582,17,566,611,3
35599,17,557,477,3
35616,17,537,398,2
35632,17,542,378,2
35649,17,542,395,2
35666,17,543,370,2
35682,17,540,384,2
35699,17,543,390,2
35715,17,543,383,2
35732,17,541,383,2
35749,17,543,399,2
35765,17,542,394,2
35782,17,543,406,2
35799,17,544,393,2
35815,17,550,398,2
35832,17,543,384,2
35849,17,545,390,2
35865,17,546,390,2
35882,17,516,405,2
35898,17,525,412,2
35915,17,518,402,2
35932,17,521,412,2
35948,17,520,410,2
35965,17,523,399,2
35982,17,523,408,2
35998,17,520,411,2
36015,17,522,420,5
36032,17,523,405,2
36048,17,522,416,2
36065,17,524,422,3
36081,17,525,426,3
36098,17,523,419,5
36115,17,514,401,2
36131,17,533,348,4
36148,17,542,337,4
36165,17,541,352,4
36181,17,553,355,4
36198,17,542,357,4
36215,17,542,357,4
36231,17,541,341,4
36248,17,541,346,4
36264,17,545,352,4
36281,17,545,350,4
36298,17,545,364,4
36314,17,543,346,4
36331,17,545,372,2
36348,17,539,353,4
36364,17,545,355,4
36381,17,546,328,4
36397,17,543,329,4
36414,17,537,334,4
36431,17,541,351,4
36447,17,543,365,2
36464,17,545,361,4
36481,17,544,353,4
36497,17,539,345,4
36514,17,543,351,4
36531,17,543,356,4
36547,17,548,354,4
36564,17,548,358,4
36580,17,544,344,4
36597,17,565,340,4
36614,17,567,365,2
36630,17,564,337,4
36647,17,562,347,4
36664,17,560,345,4
36680,17,565,351,4
36697,17,557,322,4
36714,17,562,345,4
36730,17,561,334,4
36747,17,561,343,4
36763,17,561,351,4
36780,17,563,353,4
36797,17,561,352,4
36813,17,564,335,4
36830,17,562,362,4
36847,17,561,350,4
36863,17,562,355,4
36880,17,546,357,4
36897,17,523,373,2
36913,17,529,359,4
36930,17,520,370,2
36946,17,528,383,2
36963,17,526,364,4
36980,17,526,378,2
36996,17,523,370,2
37013,17,527,367,2
37030,17,528,377,2
37046,17,525,380,2
37063,17,527,373,2
37080,17,525,377,2
37096,17,524,374,2
37113,17,524,372,2
37129,17,536,375,2
37146,17,535,375,2
37163,17,533,378,2
37179,17,534,387,2
37196,17,534,375,2
37213,17,532,367,2
37229,17,529,370,2
37246,17,532,371,2
37263,17,539,372,2
37279,17,509,430,3
37296,17,520,467,3
37312,17,510,469,3
37329,17,516,474,3
37346,17,524,469,3
37362,17,515,470,3
37379,17,509,460,3
37396,17,514,454,3
37412,17,515,461,3
37429,17,519,464,3
37445,17,516,460,3
37462,17,519,456,3
37479,17,516,455,3
37495,17,513,445,3
37512,17,518,458,3
37529,17,515,468,3
37545,17,518,477,3
37562,17,516,470,3
37579,17,514,481,3
37595,17,514,476,3
37612,17,511,468,3
37628,17,513,477,3
37645,17,514,471,3
37662,17,512,467,3
37678,17,512,465,3
37695,17,515,470,3
37712,17,511,462,3
37728,17,511,467,3
37745,17,514,467,3
37762,17,511,459,3
37778,17,512,471,3
37795,17,515,476,3
37811,17,511,473,3
37828,17,510,460,3
37845,17,515,441,3
37861,17,515,403,2
37878,17,511,359,4
37895,17,519,365,2
37911,17,519,360,4
37928,17,517,364,4
37945,17,523,378,2
37961,17,521,358,4
37978,17,518,370,2
37994,17,527,376,2
38011,17,522,357,4
38028,17,515,342,4
38044,17,525,371,2
38061,17,524,359,4
38078,17,517,355,4
38094,17,524,347,4
38111,17,522,368,2
38128,17,529,377,2
38144,17,525,367,2
38161,17,520,373,2
38177,17,522,365,2
38194,17,525,374,2
38211,17,521,362,4
38227,17,521,359,4
38244,17,522,353,4
38261,17,523,336,4
38277,17,525,363,4
38294,17,524,362,4
38311,17,525,360,4
38327,17,528,355,4
38344,17,522,348,4
38360,17,523,353,4
38377,17,524,358,4
38394,17,525,363,4
38410,17,528,367,2
38427,17,527,364,4
38444,17,524,360,4
38460,17,524,366,2
38477,17,522,355,4
38494,17,525,347,4
38510,17,524,360,4
38527,17,525,358,4
38543,17,523,370,2
38560,17,524,369,2
38577,17,514,390,2
38593,17,518,386,2
38610,17,518,384,2
38627,17,517,394,2
38643,17,516,380,2
38660,17,518,397,2
38676,17,519,387,2
38693,17,517,380,2
38710,17,515,391,2
38726,17,519,393,2
38743,17,521,406,2
38760,17,517,399,2
38776,17,511,378,2
38793,17,536,452,3
38810,17,559,580,3
38826,17,571,701,3
38843,17,572,793,0
38859,17,589,861,0
38876,17,581,865,0
38893,17,586,872,0
38909,17,582,877,0
38926,17,587,873,0
38943,17,585,873,0
38959,17,580,870,0
38976,17,585,873,0
38993,17,584,871,0
39009,17,583,868,0
39026,17,584,865,0
39042,17,580,867,0
39059,17,564,793,0
39076,17,553,723,3
39092,17,537,630,3
39109,17,542,581,3
39126,17,531,537,3
39142,17,526,520,3
39159,17,536,538,3
39176,17,535,544,3
39192,17,542,534,3
39209,17,524,501,3
39225,17,519,449,3
39242,17,523,423,3
39259,17,517,404,2
39275,17,515,396,2
39292,17,516,383,2
39309,17,524,403,2
39325,17,518,403,2
39342,17,516,405,2
39359,17,520,406,2
39375,17,524,398,2
39392,17,525,398,2
39408,17,526,392,2
39425,17,529,395,2
39442,17,523,400,2
39458,17,523,393,2
39492,33,528,395,2
39492,0,528,395,2
39508,17,523,393,2
39625,116,529,391,2
39625,0,529,391,2
39641,17,529,385,2
39658,17,559,362,4
39675,17,556,377,2
39691,17,564,375,2
39708,17,557,366,2
39724,17,556,369,2
39741,17,562,363,4
39758,17,557,367,2
39774,17,555,366,2
39791,17,563,373,2
39808,17,570,363,4
39824,17,568,372,2
39841,17,570,354,4
39858,17,580,352,4
39874,17,567,348,4
39891,17,576,338,4
39907,17,578,338,4
39924,17,585,350,4
39941,17,575,344,4
39957,17,577,350,4
39974,17,573,339,4
39991,17,576,335,4
40007,17,576,357,4
40024,17,574,348,4
40074,50,569,365,2
40090,17,586,351,4
40107,17,587,333,4
40124,17,579,333,4
40140,17,595,333,4
40157,17,587,334,4
40174,17,579,353,4
40190,17,579,340,4
40207,17,583,359,4
40224,17,583,349,4
40240,17,586,331,4
40257,17,575,355,4
40273,17,579,351,4
40290,17,577,344,4
40307,17,578,350,4
40323,17,578,357,4
40340,17,581,366,2
40357,17,579,364,4
40373,17,567,349,4
40390,17,643,360,0
40407,17,703,370,2
40423,17,726,400,2
40440,17,732,402,2
40456,17,729,387,2
40473,17,733,380,2
40490,17,739,387,2
40506,17,738,386,2
40523,17,733,390,2
40540,17,735,396,2
40556,17,734,379,2
40573,17,733,387,2
40590,17,733,374,2
40606,17,735,397,2
40623,17,738,389,2
40639,17,731,373,2
40656,17,731,392,2
40673,17,720,374,2
40689,17,721,374,2
40706,17,652,513,3
40723,17,616,647,3
40739,17,590,771,0
40756,17,575,849,0
40773,17,577,842,0
40789,17,578,864,0
40806,17,574,855,0
40822,17,574,851,0
40839,17,578,858,0
40856,17,580,854,0
40872,17,579,850,0
40889,17,576,842,0
40906,17,580,850,0
40922,17,580,856,0
40939,17,590,871,0
40955,17,594,888,0
40972,17,595,883,0
40989,17,597,884,0
41005,17,592,887,0
41022,17,599,896,0
41039,17,591,890,0
41055,17,595,888,0
41072,17,592,889,0
41089,17,598,893,0
41105,17,592,843,0
41122,17,596,711,3
41138,17,588,635,3
41155,17,566,511,3
41172,17,567,459,3
41188,17,550,399,2
41205,17,546,387,2
41222,17,546,384,2
41238,17,553,356,4
41255,17,547,353,4
41272,17,550,368,2
41288,17,557,364,4
41305,17,554,365,2
41321,17,557,364,4
41338,17,558,363,4
41355,17,555,364,4
41371,17,553,361,4
41388,17,556,371,2
41405,17,558,365,2
41421,17,557,366,2
41438,17,555,355,4
41455,17,555,372,2
41471,17,558,364,4
41488,17,571,363,4
41504,17,571,362,4
41521,17,570,360,4
41538,17,570,354,4
41554,17,569,350,4
41571,17,574,354,4
41588,17,572,365,2
41604,17,576,377,2
41621,17,577,369,2
41638,17,580,361,4
41654,17,575,352,4
41671,17,581,366,2
41687,17,580,354,4
41704,17,578,365,2
41721,17,594,358,4
41737,17,575,354,4
41754,17,575,335,4
41771,17,587,337,4
41787,17,587,354,4
41804,17,586,374,2
41821,17,588,351,4
41837,17,589,370,2
41854,17,593,351,4
41870,17,583,361,4
41887,17,590,342,4
41904,17,586,342,4
41920,17,594,371,2
41937,17,589,353,4
41954,17,590,358,4
41970,17,590,350,4
41987,17,594,362,4
42003,17,589,332,4
42020,17,591,359,4
42037,17,590,341,4
42053,17,584,369,2
42070,17,570,390,2
42087,17,573,377,2
42103,17,573,372,2
42120,17,570,379,2
42137,17,573,377,2
42153,17,571,391,2
42170,17,570,396,2
42186,17,544,413,2
42203,17,551,457,3
42220,17,547,440,3
42236,17,541,440,3
42253,17,543,455,3
42270,17,541,430,3
42286,17,542,437,3
42303,17,544,450,3
42320,17,546,454,3
42336,17,539,434,3
42353,17,543,423,3
42369,17,541,431,3
42386,17,545,459,3
42403,17,546,443,3
42419,17,520,432,3
42436,17,525,437,3
42453,17,522,428,3
42469,17,525,435,3
42486,17,521,420,5
42503,17,525,413,2
42519,17,522,407,2
42536,17,527,424,3
42552,17,521,419,5
42569,17,520,420,5
42586,17,518,432,3
42602,17,520,417,5
42619,17,524,421,5
42636,17,522,415,2
42652,17,520,413,2
42669,17,520,429,3
42686,17,521,428,3
42702,17,527,431,3
42719,17,517,416,2
42735,17,513,436,3
42752,17,513,412,2
42769,17,511,425,3
42785,17,515,447,3
42802,17,523,590,3
42819,17,546,583,3
42852,33,524,308,4
42985,133,531,683,3
43002,17,528,567,3
43018,17,520,422,3
43035,17,518,395,2
43052,17,521,411,2
43068,17,528,416,2
43085,17,521,412,2
43101,17,523,409,2
43118,17,520,409,2
43135,17,526,400,2
43151,17,530,410,2
43168,17,526,414,2
43185,17,529,414,2
43201,17,529,411,2
43218,17,527,414,2
43234,17,531,409,2
43251,17,536,425,3
43268,17,535,403,2
43284,17,534,411,2
43301,17,541,415,2
43318,17,536,397,2
43334,17,535,407,2
43351,17,534,407,2
43368,17,534,395,2
43384,17,538,407,2
43401,17,554,394,2
43417,17,551,396,2
43434,17,556,392,2
43451,17,553,371,2
43467,17,554,403,2
43484,17,545,400,2
43501,17,546,397,2
43517,17,559,402,2
43534,17,557,373,2
43551,17,558,375,2
43567,17,561,396,2
43584,17,552,382,2
43600,17,550,393,2
43617,17,555,390,2
43634,17,546,389,2
43650,17,550,390,2
43667,17,557,392,2
43684,17,554,379,2
43700,17,561,403,2
43717,17,556,380,2
43734,17,546,396,2
43750,17,552,393,2
43767,17,555,396,2
43783,17,554,383,2
43800,17,549,385,2
43817,17,541,385,2
43833,17,549,410,2
43850,17,548,379,2
43867,17,556,387,2
43883,17,540,387,2
43900,17,540,382,2
43917,17,556,381,2
43933,17,555,390,2
43950,17,547,383,2
43966,17,551,402,2
43983,17,540,406,2
44000,17,548,403,2
44016,17,554,403,2
44033,17,558,402,2
44050,17,557,404,2
44066,17,551,392,2
44083,17,552,404,2
44100,17,551,392,2
44116,17,555,399,2
44133,17,547,397,2
44149,17,553,402,2
44166,17,554,387,2
44183,17,549,396,2
44199,17,555,396,2
44216,17,552,403,2
44233,17,551,416,2
44249,17,553,420,5
44266,17,549,406,2
44283,17,550,398,2
44299,17,551,389,2
44316,17,551,404,2
44332,17,547,398,2
44349,17,551,413,2
44366,17,549,402,2
44382,17,549,408,2
44399,17,545,397,2
44416,17,547,408,2
44432,17,565,391,2
44449,17,566,374,2
44465,17,564,388,2
44482,17,567,379,2
44499,17,557,370,2
44515,17,568,390,2
44532,17,562,386,2
44549,17,569,411,2
44565,17,567,418,5
44582,17,564,395,2
44599,17,557,377,2
44615,17,559,361,4
44632,17,566,379,2
44648,17,563,378,2
44665,17,563,379,2
44682,17,569,382,2
44698,17,566,382,2
44715,17,566,403,2
44732,17,523,421,5
44748,17,527,411,2
44765,17,525,423,3
44782,17,520,439,3
44798,17,525,407,2
44815,17,521,417,5
44831,17,527,430,3
44848,17,525,433,3
44865,17,524,423,3
44881,17,526,423,3
44898,17,524,435,3
44915,17,531,421,5
44931,17,525,434,3
44948,17,527,436,3
44965,17,525,436,3
44981,17,528,442,3
44998,17,526,439,3
45014,17,522,427,3
45031,17,522,427,3
45048,17,524,430,3
45064,17,526,431,3
45081,17,530,442,3
45098,17,531,449,3
45114,17,524,432,3
45131,17,524,435,3
45148,17,525,434,3
45164,17,534,466,3
45181,17,529,444,3
45197,17,526,440,3
45214,17,526,448,3
45231,17,526,439,3
45247,17,530,430,3
45264,17,529,426,3
45281,17,526,426,3
45297,17,534,431,3
45314,17,527,449,3
45331,17,529,450,3
45347,17,531,451,3
45364,17,528,442,3
45380,17,524,450,3
45397,17,529,458,3
45414,17,528,448,3
45430,17,530,450,3
45447,17,529,435,3
45464,17,529,440,3
45480,17,525,439,3
45497,17,525,450,3
45513,17,526,435,3
45530,17,523,439,3
45547,17,526,458,3
45563,17,526,436,3
45580,17,529,447,3
45597,17,526,444,3
45613,17,525,431,3
45630,17,524,438,3
45647,17,527,458,3
45663,17,521,421,5
45680,17,562,478,3
45696,17,579,553,3
45713,17,567,501,3
45730,17,572,515,3
45746,17,576,513,3
45763,17,575,536,3
45780,17,571,523,3
45796,17,573,526,3
45813,17,574,527,3
45830,17,571,521,3
45846,17,570,517,3
45863,17,567,525,3
45879,17,578,548,3
45896,17,573,524,3
45913,17,570,506,3
45929,17,568,520,3
45946,17,577,526,3
45963,17,572,520,3
45979,17,571,524,3
45996,17,572,525,3
46013,17,578,543,3
46029,17,576,521,3
46046,17,576,517,3
46062,17,570,541,3
46079,17,572,544,3
46096,17,575,542,3
46112,17,573,531,3
46129,17,576,553,3
46146,17,569,535,3
46162,17,575,518,3
46179,17,571,528,3
46196,17,569,534,3
46212,17,566,520,3
46229,17,572,518,3
46245,17,578,518,3
46262,17,576,531,3
46279,17,567,523,3
46295,17,570,528,3
46312,17,574,553,3
46329,17,568,525,3
46345,17,572,540,3
46362,17,563,524,3
46379,17,565,532,3
46395,17,567,510,3
46412,17,568,530,3
46428,17,570,533,3
46445,17,566,533,3
46462,17,567,531,3
46478,17,571,528,3
46495,17,569,510,3
46512,17,567,520,3
46528,17,568,529,3
46545,17,575,526,3
46562,17,565,536,3
46578,17,569,542,3
46595,17,563,548,3
46611,17,571,542,3
46628,17,561,527,3
46645,17,566,520,3
46661,17,562,519,3
46678,17,566,535,3
46695,17,564,526,3
46711,17,549,506,3
46728,17,531,447,3
46744,17,524,420,5
46761,17,530,414,2
46778,17,524,415,2
46794,17,529,416,2
46811,17,529,414,2
46828,17,527,430,3
46844,17,527,426,3
46861,17,527,413,2
46878,17,527,421,5
46894,17,527,425,3
46911,17,525,428,3
46927,17,530,424,3
46944,17,526,420,5
46961,17,525,422,3
46977,17,528,422,3
46994,17,528,429,3
47011,17,524,423,3
47027,17,528,412,2
47044,17,533,418,5
47061,17,522,415,2
47077,17,525,422,3
47094,17,528,436,3
47110,17,528,423,3
47127,17,528,428,3
47144,17,523,425,3
47160,17,524,417,5
47177,17,525,437,3
47194,17,527,430,3
47210,17,526,432,3
47227,17,528,432,3
47244,17,525,436,3
47260,17,525,439,3
47277,17,526,457,3
47293,17,534,567,3
47310,17,544,680,3
47327,17,549,774,0
47343,17,560,828,0
47360,17,553,808,0
47377,17,552,824,0
47393,17,552,823,0
47410,17,561,824,0
47427,17,553,828,0
47443,17,554,827,0
47460,17,556,825,0
47476,17,556,823,0
47493,17,549,825,0
47510,17,551,828,0
47526,17,561,852,0
47543,17,593,910,0
47560,17,578,877,0
47576,17,584,898,0
47593,17,582,889,0
47610,17,588,891,0
47626,17,582,889,0
47643,17,578,891,0
47659,17,585,897,0
47676,17,584,897,0
47693,17,572,801,0
47709,17,573,676,3
47726,17,553,568,3
47743,17,547,489,3
47759,17,552,478,3
47776,17,547,479,3
47792,17,551,452,3
47809,17,556,473,3
47826,17,560,482,3
47842,17,553,486,3
47859,17,552,465,3
47876,17,551,482,3
47892,17,561,478,3
47909,17,561,495,3
47926,17,559,485,3
47942,17,561,490,3
47959,17,559,477,3
47975,17,554,463,3
47992,17,558,485,3
48009,17,557,477,3
48025,17,555,489,3
48042,17,557,466,3
48059,17,558,480,3
48075,17,556,475,3
48092,17,554,421,5
48109,17,557,393,2
48125,17,552,391,2
48142,17,559,404,2
48158,17,554,405,2
48175,17,558,400,2
48192,17,554,395,2
48208,17,560,390,2
48225,17,557,397,2
48242,17,556,393,2
48258,17,559,406,2
48275,17,557,405,2
48292,17,556,398,2
48308,17,563,400,2
48325,17,559,404,2
48341,17,558,415,2
48358,17,557,411,2
48375,17,559,407,2
48391,17,558,406,2
48408,17,558,417,5
48425,17,557,406,2
48441,17,561,399,2
48458,17,558,390,2
48475,17,559,405,2
48491,17,556,387,2
48508,17,558,414,2
48524,17,559,421,5
48541,17,551,396,2
48558,17,548,397,2
48574,17,543,514,3
48591,17,584,659,3
48641,50,590,772,0
48658,17,576,496,3
48674,17,568,388,2
48691,17,572,393,2
48707,17,569,384,2
48724,17,569,395,2
48741,17,572,370,2
48757,17,570,386,2
48774,17,568,372,2
48791,17,569,375,2
48807,17,572,359,4
48824,17,569,366,2
48841,17,573,376,2
48857,17,573,386,2
48874,17,574,382,2
48890,17,574,398,2
48907,17,570,362,4
48924,17,567,387,2
48940,17,571,389,2
48957,17,571,392,2
48974,17,569,379,2
48990,17,571,375,2
49007,17,567,386,2
49023,17,567,363,4
49040,17,572,402,2
49057,17,570,381,2
49073,17,568,377,2
49090,17,568,369,2
49107,17,570,374,2
49123,17,569,375,2
49140,17,570,379,2
49157,17,567,373,2
49173,17,569,386,2
49190,17,569,384,2
49206,17,570,382,2
49223,17,566,375,2
49240,17,569,391,2
49256,17,567,380,2
49273,17,570,374,2
49290,17,566,372,2
49306,17,564,376,2
49323,17,568,392,2
49340,17,565,390,2
49356,17,559,366,2
49373,17,570,383,2
49389,17,574,394,2
49406,17,566,400,2
49423,17,566,382,2
49439,17,565,372,2
49456,17,569,372,2
49473,17,567,383,2
49489,17,563,384,2
49506,17,563,385,2
49523,17,570,389,2
49539,17,567,383,2
49556,17,567,379,2
49572,17,567,373,2
49589,17,567,374,2
49606,17,568,388,2
49622,17,565,383,2
49639,17,563,377,2
49656,17,564,373,2
49672,17,566,391,2
49689,17,566,394,2
49706,17,566,390,2
49722,17,568,387,2
49739,17,563,397,2
49755,17,567,394,2
49772,17,563,372,2
49789,17,565,374,2
49805,17,566,395,2
49822,17,562,387,2
49839,17,563,362,4
49855,17,559,359,4
49872,17,562,371,2
49889,17,559,392,2
49905,17,556,384,2
49922,17,556,380,2
49938,17,558,371,2
49955,17,558,368,2
49988,33,558,380,2
49988,0,558,380,2
50005,17,557,375,2
50022,17,556,376,2
50038,17,553,377,2
50055,17,556,368,2
50071,17,549,367,2
50088,17,556,367,2
50105,17,556,381,2
50121,17,559,379,2
50138,17,553,374,2
50155,17,551,369,2
50171,17,550,372,2
50188,17,553,381,2
50205,17,558,394,2
50221,17,551,381,2
50238,17,555,376,2
50254,17,553,372,2
50271,17,551,369,2
50288,17,555,398,2
50304,17,558,395,2
50321,17,554,384,2
50338,17,555,377,2
50354,17,551,364,4
50371,17,552,368,2
50388,17,551,373,2
50404,17,555,392,2
50421,17,556,396,2
50437,17,552,371,2
50454,17,553,365,2
50471,17,556,385,2
50487,17,556,363,4
50504,17,552,366,2
50521,17,558,382,2
50537,17,556,368,2
50554,17,560,408,2
50571,17,557,369,2
50587,17,550,349,4
50604,17,552,389,2
50620,17,562,400,2
50637,17,559,393,2
50654,17,558,395,2
50670,17,558,388,2
50687,17,558,372,2
50704,17,557,388,2
50720,17,553,387,2
50737,17,518,403,2
50754,17,528,401,2
50770,17,516,389,2
50787,17,524,415,2
50803,17,525,402,2
50820,17,527,410,2
50837,17,526,403,2
50853,17,526,410,2
50870,17,524,404,2
50887,17,528,409,2
50903,17,527,394,2
50920,17,529,420,5
50937,17,533,424,3
50953,17,526,410,2
50970,17,524,407,2
50986,17,527,403,2
51003,17,526,400,2
51020,17,526,401,2
51036,17,527,415,2
51053,17,529,417,5
51070,17,529,414,2
51086,17,528,421,5
51103,17,528,412,2
51120,17,525,400,2
51136,17,526,405,2
51153,17,531,394,2
51169,17,529,412,2
51186,17,532,399,2
51203,17,532,400,2
51219,17,531,420,5
51236,17,527,403,2
51253,17,532,404,2
51269,17,529,418,5
51286,17,532,407,2
51302,17,531,413,2
51319,17,527,407,2
51336,17,533,433,3
51352,17,529,394,2
51369,17,529,406,2
51386,17,534,423,3
51402,17,533,413,2
51419,17,530,421,5
51436,17,528,399,2
51452,17,528,413,2
51469,17,531,412,2
51485,17,526,419,5
51502,17,531,419,5
51519,17,528,439,3
51535,17,527,411,2
51552,17,527,416,2
51569,17,527,417,5
51585,17,528,407,2
51602,17,523,408,2
51619,17,523,421,5
51635,17,521,415,2
51652,17,531,444,3
51668,17,527,411,2
51685,17,525,405,2
51702,17,525,419,5
51718,17,526,399,2
51735,17,523,414,2
51752,17,528,418,5
51768,17,523,415,2
51785,17,526,415,2
51802,17,522,409,2
51818,17,520,405,2
51835,17,525,418,5
51851,17,526,421,5
51868,17,527,415,2
51885,17,525,404,2
51901,17,519,400,2
51918,17,526,428,3
51935,17,517,399,2
51951,17,519,401,2
51968,17,524,418,5
51985,17,522,403,2
52001,17,515,420,5
52018,17,524,427,3
52034,17,519,415,2
52051,17,517,410,2
52068,17,519,405,2
52084,17,521,410,2
52101,17,517,412,2
52118,17,515,404,2
52134,17,517,408,2
52151,17,515,399,2
52168,17,520,404,2
52184,17,517,393,2
52201,17,514,403,2
52217,17,516,409,2
52234,17,516,412,2
52251,17,517,404,2
52267,17,515,405,2
52284,17,511,403,2
52301,17,512,396,2
52317,17,519,418,5
52334,17,522,430,3
52350,17,520,423,3
52367,17,514,428,3
52384,17,512,416,2
52400,17,515,429,3
52417,17,510,410,2
52434,17,512,401,2
52450,17,509,399,2
52467,17,504,417,5
52484,17,506,418,5
52500,17,504,408,2
52517,17,511,425,3
52533,17,509,419,5
52550,17,506,400,2
52567,17,505,399,2
52583,17,502,403,2
52600,17,504,417,5
52617,17,505,415,2
52633,17,504,427,3
52650,17,509,438,3
52667,17,506,408,2
52683,17,505,420,5
52700,17,503,409,2
52716,17,504,397,2
52733,17,503,410,2
52750,17,503,408,2
52766,17,503,391,2
52783,17,507,417,5
52800,17,501,400,2
52816,17,506,432,3
52833,17,503,415,2
52850,17,501,421,5
52866,17,502,414,2
52883,17,501,415,2
52899,17,503,420,5
52916,17,502,419,5
52933,17,496,414,2
52949,17,502,416,2
52966,17,499,429,3
52983,17,505,439,3
52999,17,500,432,3
53016,17,500,418,5
53033,17,507,435,3
53049,17,496,406,2
53066,17,494,404,2
53082,17,500,413,2
53099,17,498,421,5
53116,17,495,412,2
53132,17,496,418,5
53149,17,498,418,5
53166,17,495,428,3
53182,17,498,420,5
53199,17,500,425,3
53216,17,494,423,3
53232,17,500,437,3
53249,17,498,437,3
53265,17,503,436,3
53282,17,492,418,5
53299,17,495,394,2
53315,17,498,408,2
53332,17,490,410,2
53349,17,499,430,3
53365,17,497,438,3
53382,17,494,431,3
53399,17,500,430,3
53415,17,496,421,5
53432,17,493,410,2
53448,17,494,410,2
53465,17,496,428,3
53482,17,499,436,3
53498,17,493,423,3
53515,17,498,421,5
53532,17,493,408,2
53548,17,486,410,2
53565,17,491,420,5
53581,17,495,422,3
53598,17,496,424,3
53615,17,496,438,3
53631,17,496,439,3
53648,17,491,438,3
53665,17,514,447,3
53681,17,542,593,3
53698,17,603,997,0
53814,116,599,933,0
53831,17,574,694,3
53848,17,554,497,3
53864,17,550,424,3
53881,17,551,451,3
53898,17,550,440,3
53914,17,552,447,3
53931,17,546,420,5
53947,17,549,433,3
53964,17,551,437,3
53981,17,553,444,3
53997,17,556,446,3
54014,17,555,444,3
54031,17,550,437,3
54047,17,551,425,3
54064,17,551,432,3
54081,17,555,442,3
54097,17,547,426,3
54114,17,546,429,3
54130,17,549,431,3
54147,17,556,430,3
54164,17,550,421,5
54180,17,550,414,2
54197,17,551,424,3
54214,17,560,445,3
54230,17,552,426,3
54247,17,562,423,3
54264,17,558,428,3
54280,17,554,443,3
54297,17,561,434,3
54313,17,562,434,3
54330,17,557,428,3
54347,17,556,445,3
54363,17,560,446,3
54380,17,557,446,3
54397,17,560,438,3
54413,17,553,428,3
54430,17,558,434,3
54447,17,563,427,3
54463,17,558,434,3
54480,17,564,430,3
54496,17,558,433,3
54513,17,557,430,3
54530,17,558,442,3
54546,17,563,446,3
54563,17,560,446,3
54580,17,564,451,3
54596,17,558,437,3
54613,17,562,455,3
54630,17,558,444,3
54646,17,557,438,3
54663,17,563,449,3
54679,17,561,429,3
54696,17,556,417,5
54713,17,555,423,3
54729,17,558,438,3
54746,17,558,442,3
54763,17,560,433,3
54779,17,558,440,3
54796,17,558,446,3
54812,17,556,442,3
54829,17,552,443,3
54846,17,557,442,3
54862,17,559,446,3
54879,17,554,433,3
54896,17,561,445,3
54912,17,554,449,3
54929,17,552,447,3
54946,17,556,445,3
54962,17,557,429,3
54979,17,553,436,3
54995,17,553,445,3
55012,17,553,436,3
55029,17,552,443,3
55045,17,552,436,3
55062,17,552,452,3
55079,17,550,437,3
55095,17,516,438,3
55112,17,520,430,3
55129,17,516,430,3
55145,17,520,438,3
55162,17,515,442,3
55178,17,516,440,3
55195,17,520,434,3
55212,17,510,426,3
55228,17,513,423,3
55245,17,516,440,3
55262,17,515,446,3
55278,17,519,444,3
55295,17,516,438,3
55312,17,515,439,3
55328,17,515,443,3
55345,17,514,443,3
55361,17,513,447,3
55378,17,514,455,3
55395,17,516,445,3
55411,17,516,448,3
55428,17,519,458,3
55445,17,514,440,3
55461,17,517,442,3
55478,17,516,439,3
55495,17,516,437,3
55511,17,516,436,3
55528,17,512,432,3
55544,17,514,440,3
55561,17,515,446,3
55578,17,517,450,3
55594,17,519,449,3
55611,17,520,454,3
55628,17,519,441,3
55644,17,524,444,3
55661,17,520,446,3
55678,17,519,440,3
55694,17,523,431,3
55711,17,520,426,3
55727,17,521,428,3
55744,17,521,440,3
55761,17,526,434,3
55777,17,523,448,3
55794,17,526,455,3
55811,17,522,435,3
55827,17,519,436,3
55844,17,524,450,3
55860,17,524,435,3
55877,17,518,434,3
55894,17,523,443,3
55910,17,514,431,3
55927,17,521,424,3
55944,17,520,437,3
55960,17,520,435,3
55977,17,521,435,3
55994,17,514,423,3
56010,17,521,420,5
56027,17,520,445,3
56043,17,524,455,3
56060,17,518,451,3
56077,17,521,419,5
56093,17,520,438,3
56110,17,514,426,3
56127,17,517,428,3
56143,17,515,434,3
56160,17,519,424,3
56177,17,521,448,3
56193,17,515,418,5
56210,17,512,437,3
56226,17,516,427,3
56243,17,516,423,3
56260,17,513,430,3
56276,17,508,429,3
56293,17,511,438,3
56310,17,514,423,3
56326,17,513,434,3
56343,17,516,432,3
56360,17,514,416,2
56376,17,514,435,3
56393,17,514,434,3
56409,17,520,438,3
56426,17,513,451,3
56443,17,528,536,3
56459,17,584,914,0
56626,166,556,703,3
56642,17,534,439,3
56659,17,525,376,2
56676,17,535,392,2
56692,17,530,378,2
56709,17,532,395,2
56726,17,535,385,2
56742,17,538,396,2
56759,17,537,390,2
56775,17,532,384,2
56792,17,535,404,2
56809,17,535,398,2
56825,17,535,395,2
56842,17,527,396,2
56859,17,533,394,2
56875,17,539,415,2
56892,17,537,405,2
56909,17,536,397,2
56925,17,538,391,2
56942,17,535,396,2
56958,17,537,386,2
56975,17,543,407,2
56992,17,539,393,2
57008,17,532,390,2
57025,17,541,393,2
57058,33,536,386,2
57058,0,536,386,2
57075,17,537,403,2
57091,17,537,408,2
57108,17,534,398,2
57125,17,535,392,2
57141,17,541,404,2
57158,17,534,381,2
57175,17,539,399,2
57191,17,543,413,2
57208,17,540,394,2
57225,17,539,386,2
57241,17,537,382,2
57258,17,540,401,2
57274,17,542,405,2
57291,17,540,406,2
57308,17,534,391,2
57324,17,539,371,2
57341,17,542,394,2
57358,17,537,380,2
57374,17,535,379,2
57391,17,538,368,2
57408,17,536,391,2
57424,17,535,378,2
57441,17,538,376,2
57457,17,539,383,2
57474,17,545,349,4
57491,17,565,358,4
57524,33,568,360,4
57524,0,568,360,4
57541,17,568,369,2
57557,17,564,387,2
57574,17,563,369,2
57591,17,563,363,4
57607,17,563,354,4
57624,17,568,364,4
57640,17,561,365,2
57657,17,557,336,4
57674,17,562,355,4
57690,17,562,342,4
57707,17,561,344,4
57724,17,559,345,4
57740,17,557,351,4
57757,17,556,361,4
57774,17,558,360,4
57790,17,562,354,4
57807,17,561,360,4
57823,17,557,357,4
57840,17,563,357,4
57857,17,563,362,4
57873,17,559,349,4
57890,17,561,368,2
57907,17,558,366,2
57923,17,562,374,2
57940,17,560,376,2
57957,17,560,363,4
57973,17,558,350,4
57990,17,555,350,4
58006,17,555,341,4
58023,17,560,352,4
58040,17,560,350,4
58056,17,557,347,4
58073,17,555,351,4
58090,17,556,349,4
58106,17,560,360,4
58123,17,560,360,4
58139,17,560,369,2
58156,17,557,370,2
58173,17,555,355,4
58189,17,556,348,4
58206,17,555,354,4
58223,17,555,353,4
58239,17,558,351,4
58256,17,555,359,4
58273,17,552,346,4
58289,17,552,339,4
58306,17,549,348,4
58322,17,554,356,4
58339,17,556,355,4
58356,17,558,349,4
58372,17,554,347,4
58389,17,553,370,2
58406,17,548,358,4
58422,17,548,359,4
58439,17,556,352,4
58456,17,551,356,4
58472,17,554,365,2
58489,17,549,354,4
58505,17,552,380,2
58522,17,549,370,2
58539,17,550,369,2
58555,17,548,369,2
58572,17,551,360,4
58589,17,550,372,2
58605,17,556,386,2
58622,17,552,353,4
58639,17,556,383,2
58655,17,556,363,4
58672,17,549,368,2
58688,17,554,381,2
58705,17,556,388,2
58722,17,556,383,2
58738,17,557,374,2
58755,17,554,368,2
58772,17,551,383,2
58788,17,551,375,2
58805,17,497,397,2
58822,17,515,408,2
58838,17,505,419,5
58855,17,504,424,3
58871,17,505,411,2
58888,17,504,413,2
58905,17,504,409,2
58921,17,504,421,5
58938,17,503,408,2
58955,17,499,404,2
58971,17,507,402,2
58988,17,507,405,2
59005,17,510,427,3
59021,17,510,407,2
59038,17,513,410,2
59054,17,507,407,2
59071,17,509,402,2
59088,17,510,406,2
59104,17,512,412,2
59121,17,512,410,2
59138,17,511,407,2
59154,17,507,389,2
59188,33,513,401,2
59188,0,513,401,2
59204,17,514,409,2
59221,17,513,396,2
59237,17,515,386,2
59254,17,510,407,2
59271,17,512,406,2
59287,17,519,418,5
59304,17,517,406,2
59321,17,515,405,2
59337,17,514,419,5
59354,17,518,407,2
59387,33,515,388,2
59387,0,515,388,2
59404,17,514,383,2
59420,17,517,392,2
59437,17,518,405,2
59454,17,522,416,2
59470,17,524,415,2
59487,17,521,421,5
59504,17,517,412,2
59520,17,523,399,2
59537,17,516,400,2
59553,17,522,423,3
59570,17,525,413,2
59587,17,517,405,2
59603,17,521,402,2
59620,17,521,410,2
59637,17,516,403,2
59653,17,523,404,2
59670,17,522,420,5
59687,17,518,410,2
59703,17,522,419,5
59720,17,520,418,5
59736,17,515,412,2
59753,17,521,397,2
59770,17,523,423,3
59786,17,524,418,5
59803,17,521,416,2
59820,17,520,405,2
59836,17,525,426,3
59853,17,521,424,3
59870,17,516,412,2
59886,17,512,418,5
59903,17,518,418,5
59919,17,519,420,5
59936,17,520,412,2
59953,17,522,412,2
59969,17,520,405,2
59986,17,520,424,3
60003,17,517,427,3
60019,17,517,409,2
60036,17,516,428,3
60053,17,518,435,3
60069,17,510,411,2
60086,17,517,418,5
60102,17,519,427,3
60119,17,511,410,2
60136,17,514,412,2
60152,17,517,414,2
60169,17,509,421,5
60186,17,518,423,3
60202,17,512,416,2
60219,17,512,414,2
60236,17,510,423,3
60252,17,510,413,2
60269,17,511,416,2
60285,17,512,419,5
60302,17,510,410,2
60319,17,514,420,5
60335,17,507,404,2
60352,17,509,417,5
60369,17,510,419,5
60385,17,515,411,2
60402,17,509,416,2
60418,17,509,409,2
60435,17,513,429,3
60452,17,509,406,2
60468,17,508,408,2
60485,17,510,420,5
60502,17,513,426,3
60518,17,507,404,2
60552,33,510,410,2
60568,17,517,416,2
60585,17,512,420,5
60601,17,505,401,2
60618,17,503,407,2
60635,17,506,415,2
60651,17,507,415,2
60668,17,507,420,5
60685,17,516,417,5
60701,17,506,411,2
60718,17,513,426,3
60735,17,505,419,5
60751,17,499,427,3
60768,17,507,418,5
60784,17,507,418,5
60801,17,515,413,2
60818,17,510,422,3
60834,17,500,400,2
60851,17,505,421,5
60868,17,498,394,2
60884,17,503,406,2
60901,17,504,416,2
60918,17,500,409,2
60934,17,500,412,2
60951,17,515,422,3
60967,17,514,407,2
60984,17,499,384,2
61001,17,512,401,2
61017,17,505,414,2
61034,17,504,416,2
61051,17,498,403,2
61067,17,507,415,2
61084,17,517,428,3
61101,17,501,432,3
61117,17,504,422,3
61134,17,501,431,3
61150,17,498,410,2
61167,17,498,413,2
61184,17,501,407,2
61200,17,504,420,5
61217,17,510,430,3
61234,17,499,420,5
61250,17,511,420,5
61267,17,497,416,2
61284,17,508,421,5
61300,17,506,402,2
61317,17,501,422,3
61333,17,508,421,5
61350,17,513,429,3
61367,17,511,427,3
61383,17,507,419,5
61400,17,496,427,3
61417,17,495,409,2
61433,17,507,412,2
61450,17,507,421,5
61467,17,504,425,3
61483,17,506,433,3
61500,17,501,431,3
61516,17,509,418,5
61533,17,509,407,2
61550,17,506,403,2
61566,17,510,427,3
61583,17,511,431,3
61600,17,511,431,3
61616,17,514,439,3
61633,17,513,421,5
61649,17,510,416,2
61666,17,511,431,3
61683,17,503,441,3
61699,17,513,419,5
61716,17,513,424,3
61733,17,509,421,5
61749,17,515,434,3
61766,17,514,436,3
61783,17,509,416,2
61799,17,510,412,2
61816,17,501,410,2
61832,17,509,408,2
61849,17,509,416,2
61866,17,510,433,3
61882,17,510,429,3
61899,17,508,400,2
61916,17,508,421,5
61932,17,516,411,2
61949,17,512,420,5
61966,17,513,437,3
61982,17,512,417,5
61999,17,509,411,2
62015,17,510,435,3
62032,17,510,407,2
62049,17,514,419,5
62065,17,515,423,3
62082,17,516,430,3
62099,17,514,418,5
62115,17,515,420,5
62132,17,512,415,2
62149,17,514,425,3
62165,17,513,428,3
62182,17,513,428,3
62198,17,514,415,2
62215,17,510,424,3
62232,17,510,435,3
62248,17,500,428,3
62265,17,510,431,3
62282,17,513,430,3
62298,17,507,411,2
62315,17,510,420,5
62332,17,510,425,3
62348,17,507,417,5
62365,17,512,428,3
62381,17,503,405,2
62398,17,502,406,2
62415,17,510,413,2
62431,17,513,419,5
62448,17,511,419,5
62465,17,508,423,3
62481,17,510,441,3
62498,17,507,424,3
62515,17,514,444,3
62531,17,508,434,3
62548,17,509,427,3
62564,17,504,415,2
62581,17,507,425,3
62598,17,507,418,5
62614,17,505,408,2
62631,17,506,418,5
62648,17,506,424,3
62664,17,505,425,3
62681,17,507,432,3
62698,17,507,422,3
62714,17,506,424,3
62731,17,510,433,3
62747,17,513,435,3
62764,17,510,420,5
62781,17,509,428,3
62797,17,510,430,3
62814,17,509,418,5
62831,17,509,431,3
62847,17,518,442,3
62864,17,518,426,3
62880,17,516,436,3
62897,17,517,418,5
62914,17,517,422,3
62930,17,514,430,3
62947,17,522,426,3
62964,17,520,416,2
62980,17,519,414,2
62997,17,517,421,5
63014,17,512,429,3
63030,17,510,429,3
63047,17,512,426,3
63063,17,511,418,5
63080,17,510,423,3
63097,17,512,413,2
63113,17,507,407,2
63130,17,516,426,3
63147,17,512,416,2
63163,17,513,415,2
63180,17,512,417,5
63197,17,508,431,3
63213,17,514,431,3
63230,17,515,428,3
63246,17,517,431,3
63263,17,520,413,2
63280,17,514,408,2
63296,17,517,410,2
63313,17,519,411,2
63330,17,517,423,3
63346,17,516,426,3
63363,17,515,422,3
63380,17,523,425,3
63396,17,523,402,2
63413,17,515,398,2
63429,17,521,416,2
63446,17,518,432,3
63463,17,530,424,3
63479,17,522,417,5
63496,17,519,421,5
63513,17,519,417,5
63529,17,527,427,3
63546,17,509,412,2
63563,17,516,411,2
63579,17,513,414,2
63596,17,514,410,2
63612,17,513,413,2
63629,17,515,421,5
63646,17,516,419,5
63662,17,514,424,3
63679,17,510,415,2
63696,17,512,430,3
63712,17,514,414,2
63729,17,518,414,2
63746,17,516,415,2
63762,17,518,421,5
63779,17,521,430,3
63795,17,520,420,5
63812,17,515,408,2
63829,17,517,419,5
63845,17,518,420,5
63862,17,520,421,5
63879,17,522,412,2
63895,17,514,433,3
63912,17,515,439,3
63928,17,520,427,3
63945,17,513,416,2
63962,17,509,409,2
63978,17,512,413,2
63995,17,517,420,5
64012,17,512,426,3
64028,17,515,427,3
64045,17,515,409,2
64062,17,518,417,5
64078,17,520,419,5
64095,17,516,419,5
64111,17,512,404,2
64128,17,510,416,2
64145,17,509,406,2
64161,17,509,414,2
64178,17,513,420,5
64195,17,516,413,2
64211,17,510,404,2
64228,17,509,410,2
64245,17,512,404,2
64261,17,510,399,2
64278,17,516,420,5
64294,17,515,424,3
64311,17,514,416,2
64328,17,517,407,2
64344,17,517,418,5
64361,17,512,414,2
64378,17,516,407,2
64394,17,511,404,2
64411,17,511,419,5
64428,17,510,410,2
64444,17,511,408,2
64461,17,518,416,2
64477,17,512,424,3
64494,17,512,419,5
64511,17,515,431,3
64527,17,511,415,2
64544,17,510,420,5
64561,17,512,414,2
64577,17,517,423,3
64594,17,514,420,5
64611,17,511,404,2
64627,17,512,431,3
64644,17,516,435,3
64660,17,508,409,2
64677,17,511,429,3
64694,17,511,422,3
64710,17,513,411,2
64727,17,510,428,3
64744,17,511,410,2
64760,17,503,394,2
64777,17,508,422,3
64794,17,512,428,3
64810,17,505,410,2
64827,17,507,413,2
64843,17,508,424,3
64860,17,504,416,2
64877,17,508,429,3
64893,17,505,407,2
64910,17,501,398,2
64927,17,509,415,2
64943,17,506,407,2
64960,17,506,418,5
64977,17,508,414,2
64993,17,505,407,2
65010,17,501,395,2
65026,17,503,412,2
65043,17,503,393,2
65060,17,506,404,2
65076,17,499,405,2
65093,17,503,404,2
65110,17,506,410,2
65126,17,504,408,2
65143,17,506,398,2
65159,17,528,394,2
65176,17,538,385,2
65193,17,535,385,2
65209,17,537,391,2
65226,17,537,368,2
65243,17,532,388,2
65259,17,536,386,2
65276,17,536,391,2
65293,17,541,377,2
65309,17,539,373,2
65326,17,535,370,2
65342,17,544,390,2
65359,17,536,385,2
65376,17,540,389,2
65392,17,536,372,2
65409,17,534,380,2
65426,17,535,382,2
65442,17,542,392,2
65459,17,540,378,2
65476,17,540,395,2
65492,17,541,374,2
65509,17,537,382,2
65525,17,540,364,4
65542,17,538,375,2
65559,17,549,382,2
65575,17,537,373,2
65592,17,538,385,2
65609,17,535,380,2
65625,17,546,394,2
65642,17,552,378,2
65659,17,541,386,2
65675,17,545,384,2
65692,17,542,399,2
65708,17,540,389,2
65725,17,546,379,2
65742,17,540,379,2
65758,17,540,383,2
65775,17,538,388,2
65792,17,545,394,2
65808,17,543,395,2
65825,17,542,397,2
65842,17,548,400,2
65858,17,559,384,2
65875,17,553,384,2
65891,17,566,387,2
65908,17,558,373,2
65925,17,559,390,2
65941,17,560,376,2
65958,17,564,408,2
65975,17,561,392,2
65991,17,565,392,2
66008,17,561,374,2
66025,17,567,383,2
66041,17,565,385,2
66058,17,559,387,2
66074,17,553,387,2
66091,17,561,374,2
66108,17,565,394,2
66124,17,562,369,2
66141,17,564,376,2
66158,17,565,375,2
66174,17,563,385,2
66191,17,567,382,2
66207,17,567,390,2
66224,17,564,381,2
66241,17,538,394,2
66257,17,512,421,5
66274,17,514,403,2
66291,17,510,412,2
66307,17,508,417,5
66324,17,512,416,2
66341,17,514,416,2
66357,17,512,413,2
66374,17,514,416,2
66390,17,512,419,5
66407,17,511,429,3
66424,17,511,422,3
66440,17,514,415,2
66457,17,518,410,2
66474,17,517,411,2
66490,17,515,416,2
66507,17,518,416,2
66524,17,516,414,2
66540,17,496,461,3
66557,17,501,449,3
66573,17,490,468,3
66590,17,503,481,3
66607,17,513,484,3
66623,17,499,466,3
66640,17,500,487,3
66657,17,502,470,3
66673,17,495,462,3
66690,17,499,456,3
66707,17,505,481,3
66723,17,508,469,3
66740,17,501,470,3
66756,17,505,476,3
66773,17,499,457,3
66790,17,503,460,3
66806,17,505,482,3
66823,17,508,459,3
66840,17,498,477,3
66856,17,507,464,3
66873,17,511,438,3
66890,17,511,442,3
66906,17,507,433,3
66923,17,521,442,3
66939,17,517,434,3
66956,17,518,442,3
66973,17,517,440,3
66989,17,516,431,3
67006,17,519,425,3
67023,17,521,439,3
67039,17,515,425,3
67056,17,518,435,3
67073,17,518,435,3
67089,17,522,440,3
67106,17,516,437,3
67122,17,520,429,3
67139,17,524,442,3
67156,17,520,434,3
67172,17,520,433,3
67189,17,521,438,3
67206,17,514,420,5
67222,17,522,440,3
67239,17,517,420,5
67256,17,519,444,3
67272,17,518,423,3
67289,17,522,430,3
67305,17,513,418,5
67322,17,517,430,3
67339,17,543,474,3
67355,17,575,531,3
67372,17,558,486,3
67389,17,568,517,3
67405,17,566,513,3
67422,17,570,527,3
67438,17,569,540,3
67455,17,570,516,3
67472,17,571,529,3
67488,17,570,506,3
67505,17,568,514,3
67522,17,570,535,3
67538,17,570,525,3
67555,17,570,525,3
67572,17,571,506,3
67588,17,569,534,3
67605,17,553,464,3
67621,17,546,428,3
67638,17,548,425,3
67655,17,537,391,2
67671,17,540,380,2
67688,17,537,380,2
67705,17,542,370,2
67721,17,538,374,2
67738,17,542,369,2
67755,17,544,383,2
67771,17,548,397,2
67788,17,545,393,2
67804,17,548,394,2
67821,17,542,367,2
67838,17,543,376,2
67854,17,545,384,2
67871,17,545,386,2
67888,17,548,387,2
67904,17,546,380,2
67921,17,533,382,2
67938,17,537,384,2
67954,17,538,378,2
67971,17,534,387,2
67987,17,537,399,2
68004,17,539,392,2
68021,17,537,380,2
68054,33,540,393,2
68054,0,540,393,2
68071,17,542,394,2
68087,17,540,387,2
68104,17,536,369,2
68121,17,540,392,2
68137,17,542,379,2
68154,17,538,389,2
68170,17,536,376,2
68187,17,543,374,2
68204,17,535,372,2
68220,17,512,410,2
68237,17,519,409,2
68254,17,514,410,2
68270,17,514,399,2
68287,17,519,425,3
68304,17,517,409,2
68320,17,515,405,2
68337,17,506,417,5
68353,17,510,416,2
68370,17,513,416,2
68387,17,513,434,3
68403,17,508,423,3
68420,17,499,454,3
68437,17,502,433,3
68453,17,506,445,3
68470,17,502,449,3
68486,17,503,454,3
68503,17,507,456,3
68520,17,500,447,3
68536,17,504,451,3
68553,17,501,439,3
68570,17,501,442,3
68586,17,500,473,3
68603,17,497,487,3
68620,17,496,468,3
68636,17,495,475,3
68653,17,496,479,3
68669,17,497,469,3
68686,17,497,481,3
68703,17,501,481,3
68719,17,501,492,3
68736,17,501,501,3
68753,17,490,480,3
68769,17,499,503,3
68786,17,503,489,3
68803,17,500,489,3
68819,17,498,458,3
68836,17,497,431,3
68852,17,501,445,3
68869,17,500,417,5
68886,17,500,440,3
68902,17,506,446,3
68919,17,502,435,3
68936,17,496,441,3
68952,17,485,429,3
68969,17,500,424,3
68986,17,504,375,2
69002,17,504,366,2
69019,17,504,374,2
69035,17,509,371,2
69052,17,502,367,2
69069,17,504,359,4
69085,17,507,379,2
69102,17,507,369,2
69119,17,499,360,4
69135,17,503,372,2
69152,17,507,363,4
69169,17,508,358,4
69185,17,464,343,4
69202,17,474,324,4
69218,17,459,334,4
69235,17,464,349,4
69252,17,463,347,4
69268,17,468,341,4
69285,17,476,354,4
69302,17,473,350,4
69318,17,469,352,4
69335,17,470,352,4
69352,17,480,349,4
69368,17,479,355,4
69385,17,456,348,4
69401,17,457,339,4
69418,17,440,333,4
69435,17,446,341,4
69451,17,431,335,4
69468,17,441,360,4
69485,17,445,353,4
69501,17,451,363,4
69518,17,454,341,4
69535,17,440,335,4
69551,17,457,338,4
69568,17,446,346,4
69584,17,456,348,4
69601,17,449,343,4
69618,17,454,353,4
69634,17,461,340,4
69651,17,448,339,4
69668,17,438,318,4
69684,17,451,306,4
69701,17,433,305,4
69717,17,456,312,4
69734,17,430,295,4
69751,17,430,284,0
69767,17,421,294,4
69784,17,440,284,0
69801,17,432,287,0
69817,17,425,279,0
69834,17,444,300,4
69851,17,448,270,0
69867,17,473,258,1
69884,17,481,271,0
69900,17,468,274,0
69917,17,478,278,0
69934,17,469,270,0
69950,17,475,263,0
69967,17,471,272,0
69984,17,478,253,1
70000,17,473,251,1
70017,17,484,266,0
70034,17,469,248,1
70050,17,469,251,1
70067,17,472,263,0
70083,17,479,265,0
70100,17,479,275,0
70117,17,469,267,0
70133,17,471,279,0
70150,17,489,296,4
70167,17,489,306,4
70183,17,494,299,4
70200,17,502,322,4
70217,17,485,314,4
70233,17,491,306,4
70250,17,505,316,4
70266,17,504,308,4
70283,17,497,324,4
70300,17,488,317,4
70316,17,499,311,4
70333,17,489,323,4
70350,17,489,324,4
70366,17,522,347,4
70383,17,523,348,4
70400,17,524,342,4
70416,17,524,335,4
70433,17,522,347,4
70449,17,530,350,4
70466,17,526,373,2
70483,17,527,358,4
70499,17,527,361,4
70516,17,529,364,4
70533,17,523,352,4
70549,17,524,367,2
70566,17,524,361,4
70583,17,522,340,4
70599,17,527,355,4
70616,17,526,363,4
70632,17,525,355,4
70649,17,529,362,4
70666,17,528,346,4
70682,17,527,352,4
70699,17,527,358,4
70716,17,522,346,4
70732,17,506,365,2
70749,17,512,350,4
70765,17,512,357,4
70782,17,509,359,4
70799,17,511,360,4
70815,17,512,345,4
70832,17,508,364,4
70849,17,512,360,4
70865,17,514,368,2
70882,17,511,366,2
70899,17,507,353,4
70915,17,511,361,4
70932,17,511,355,4
70948,17,516,344,4
70965,17,506,356,4
70982,17,510,366,2
70998,17,511,356,4
71015,17,509,359,4
71032,17,517,381,2
71048,17,515,380,2
71065,17,515,372,2
71082,17,516,356,4
71098,17,517,371,2
71115,17,518,383,2
71131,17,521,379,2
71148,17,513,365,2
71165,17,515,375,2
71181,17,516,366,2
71198,17,513,363,4
71215,17,511,367,2
71231,17,510,357,4
71248,17,511,365,2
71265,17,512,373,2
71281,17,515,381,2
71298,17,514,384,2
71314,17,516,373,2
71331,17,512,366,2
71348,17,508,366,2
71364,17,511,396,2
71381,17,511,388,2
71398,17,510,392,2
71414,17,507,372,2
71431,17,505,379,2
71448,17,505,380,2
71464,17,508,390,2
71481,17,511,398,2
71497,17,508,380,2
71514,17,507,367,2
71531,17,508,375,2
71547,17,504,366,2
71564,17,508,380,2
71581,17,510,377,2
71597,17,511,383,2
71614,17,506,385,2
71631,17,505,375,2
71647,17,510,371,2
71664,17,514,394,2
71680,17,511,379,2
71697,17,512,377,2
71714,17,504,366,2
71730,17,505,374,2
71747,17,508,379,2
71764,17,511,370,2
71780,17,516,376,2
71797,17,515,378,2
71814,17,522,385,2
71830,17,516,373,2
71847,17,514,363,4
71863,17,518,376,2
71880,17,513,357,4
71897,17,516,372,2
71913,17,515,373,2
71930,17,517,389,2
71947,17,513,371,2
71963,17,513,381,2
71980,17,518,386,2
71996,17,552,353,4
72013,17,562,353,4
72030,17,560,354,4
72046,17,565,362,4
72063,17,564,366,2
72080,17,565,368,2
72096,17,565,361,4
72113,17,564,364,4
72130,17,558,352,4
72146,17,560,355,4
72163,17,570,350,4
72179,17,571,350,4
72196,17,570,340,4
72213,17,574,361,4
72229,17,567,356,4
72246,17,576,369,2
72263,17,574,366,2
72279,17,571,364,4
72296,17,574,359,4
72313,17,576,357,4
72329,17,574,356,4
72346,17,573,351,4
72362,17,573,369,2
72379,17,548,379,2
72396,17,553,379,2
72412,17,551,369,2
72429,17,551,378,2
72446,17,555,379,2
72462,17,552,377,2
72479,17,552,385,2
72496,17,553,377,2
72512,17,550,385,2
72529,17,545,376,2
72545,17,551,369,2
72562,17,547,382,2
72579,17,552,392,2
72595,17,550,390,2
72612,17,555,398,2
72629,17,546,387,2
72645,17,548,390,2
72662,17,517,408,2
72679,17,522,403,2
72695,17,515,410,2
72712,17,519,416,2
72728,17,517,411,2
72745,17,518,419,5
72762,17,517,405,2
72778,17,515,408,2
72795,17,516,403,2
72812,17,518,407,2
72828,17,516,398,2
72845,17,513,379,2
72862,17,515,404,2
72878,17,513,398,2
72895,17,518,413,2
72911,17,516,399,2
72928,17,515,392,2
72945,17,517,398,2
72961,17,521,404,2
72978,17,502,384,2
72995,17,502,378,2
73011,17,503,381,2
73028,17,500,374,2
73061,33,505,392,2
73061,0,505,392,2
73078,17,504,383,2
73094,17,509,381,2
73111,17,506,367,2
73128,17,505,369,2
73144,17,505,383,2
73161,17,511,388,2
73178,17,509,380,2
73194,17,509,385,2
73211,17,513,398,2
73227,17,513,406,2
73244,17,511,387,2
73261,17,514,382,2
73277,17,507,380,2
73294,17,514,377,2
73311,17,512,381,2
73327,17,513,383,2
73344,17,504,377,2
73361,17,507,382,2
73377,17,543,380,2
73394,17,552,357,4
73410,17,552,373,2
73427,17,558,381,2
73444,17,558,395,2
73460,17,553,377,2
73477,17,555,374,2
73494,17,557,374,2
73510,17,553,359,4
73527,17,552,358,4
73544,17,552,356,4
73560,17,551,350,4
73577,17,555,371,2
73593,17,556,374,2
73610,17,550,372,2
73627,17,550,368,2
73643,17,551,358,4
73660,17,554,362,4
73677,17,550,364,4
73693,17,550,359,4
73710,17,550,364,4
73727,17,546,359,4
73743,17,547,345,4
73760,17,551,363,4
73776,17,551,359,4
73793,17,551,358,4
73810,17,553,360,4
73826,17,553,353,4
73843,17,551,376,2
73860,17,553,360,4
73876,17,551,359,4
73893,17,550,356,4
73910,17,550,361,4
73926,17,552,384,2
73943,17,549,366,2
73959,17,556,364,4
73976,17,556,369,2
73993,17,535,366,2
74009,17,546,364,4
74026,17,544,388,2
74043,17,539,384,2
74059,17,536,377,2
74076,17,543,375,2
74093,17,539,370,2
74109,17,541,388,2
74126,17,538,378,2
74142,17,540,367,2
74159,17,541,365,2
74176,17,539,366,2
74192,17,544,389,2
74209,17,541,386,2
74226,17,538,380,2
74242,17,539,372,2
74259,17,542,386,2
74275,17,543,377,2
74292,17,539,380,2
74309,17,542,381,2
74325,17,547,391,2
74342,17,544,385,2
74359,17,543,371,2
74375,17,534,362,4
74392,17,509,371,2
74409,17,524,368,2
74425,17,519,361,4
74442,17,514,354,4
74458,17,515,370,2
74475,17,516,382,2
74492,17,517,382,2
74508,17,515,380,2
74525,17,517,383,2
74542,17,522,387,2
74558,17,511,372,2
74575,17,517,363,4
74592,17,516,369,2
74608,17,527,381,2
74625,17,521,386,2
74641,17,539,373,2
74658,17,568,367,2
74675,17,570,394,2
74691,17,572,379,2
74708,17,575,375,2
74725,17,571,367,2
74741,17,573,376,2
74758,17,570,381,2
74775,17,568,370,2
74791,17,574,377,2
74808,17,568,370,2
74824,17,574,367,2
74841,17,567,367,2
74858,17,568,366,2
74874,17,574,373,2
74891,17,565,370,2
74908,17,567,370,2
74924,17,571,372,2
74941,17,572,365,2
74958,17,568,354,4
74974,17,565,361,4
74991,17,568,354,4
75007,17,568,357,4
75024,17,565,356,4
75041,17,567,362,4
75057,17,567,371,2
75074,17,575,363,4
75091,17,565,350,4
75107,17,569,357,4
75124,17,568,347,4
75141,17,570,356,4
75157,17,569,355,4
75174,17,574,350,4
75190,17,571,360,4
75207,17,568,360,4
75224,17,571,368,2
75240,17,568,359,4
75257,17,569,361,4
75274,17,574,357,4
75290,17,566,353,4
75307,17,572,359,4
75324,17,573,360,4
75340,17,572,347,4
75357,17,568,365,2
75373,17,578,359,4
75390,17,571,376,2
75407,17,571,372,2
75423,17,569,368,2
75440,17,567,383,2
75457,17,569,382,2
75473,17,570,365,2
75490,17,568,385,2
75506,17,569,375,2
75523,17,571,368,2
75540,17,571,363,4
75556,17,573,368,2
75573,17,573,374,2
75590,17,576,370,2
75606,17,574,360,4
75623,17,563,359,4
75640,17,557,361,4
75656,17,548,381,2
75673,17,550,381,2
75689,17,541,372,2
75706,17,540,370,2
75723,17,536,372,2
75739,17,529,363,4
75756,17,527,355,4
75773,17,525,351,4
75789,17,520,374,2
75806,17,530,390,2
75823,17,526,373,2
75839,17,530,384,2
75856,17,528,371,2
75872,17,530,363,4
75889,17,530,375,2
75906,17,534,374,2
75922,17,530,357,4
75939,17,531,366,2
75956,17,529,355,4
75989,33,525,391,2
75989,0,525,391,2
76006,17,521,394,2
76022,17,522,386,2
76039,17,525,370,2
76055,17,526,399,2
76072,17,520,383,2
76089,17,519,385,2
76105,17,527,495,3
76122,17,551,786,0
76238,116,527,896,0
76255,17,504,741,3
76272,17,543,883,0
76288,17,525,700,3
76305,17,513,548,3
76322,17,507,392,2
76338,17,511,435,3
76355,17,514,435,3
76372,17,513,431,3
76388,17,510,421,5
76405,17,511,416,2
76421,17,518,412,2
76438,17,517,420,5
76455,17,512,405,2
76471,17,523,431,3
76488,17,518,414,2
76505,17,519,390,2
76521,17,519,425,3
76538,17,518,417,5
76554,17,518,429,3
76571,17,534,635,3
76588,17,554,856,0
76604,17,530,685,3
76621,17,571,1011,0
76638,17,557,965,0
76654,17,562,680,3
76671,17,566,733,3
76688,17,547,667,3
76704,17,543,797,0
76721,17,525,587,3
76737,17,520,423,3
76754,17,521,434,3
76771,17,521,430,3
76787,17,520,421,5
76804,17,527,441,3
76821,17,530,422,3
76837,17,527,433,3
76854,17,528,419,5
76871,17,532,439,3
76887,17,529,423,3
76904,17,529,418,5
76920,17,519,423,3
76937,17,523,438,3
76954,17,519,440,3
76970,17,514,416,2
76987,17,517,436,3
77004,17,522,438,3
77020,17,515,421,5
77037,17,522,418,5
77054,17,519,434,3
77070,17,522,425,3
77087,17,522,426,3
77103,17,530,412,2
77120,17,556,405,2
77137,17,551,384,2
77153,17,553,404,2
77170,17,551,397,2
77187,17,553,395,2
77203,17,548,394,2
77220,17,554,408,2
77237,17,550,405,2
77253,17,550,392,2
77270,17,549,396,2
77286,17,550,402,2
77303,17,550,398,2
77320,17,555,398,2
77336,17,578,359,4
77353,17,575,371,2
77370,17,574,366,2
77386,17,577,360,4
77403,17,577,386,2
77420,17,576,374,2
77436,17,575,363,4
77453,17,574,380,2
77469,17,579,379,2
77486,17,578,382,2
77503,17,577,365,2
77519,17,575,373,2
77536,17,577,364,4
77553,17,580,367,2
77569,17,576,356,4
77586,17,534,385,2
77603,17,546,384,2
77619,17,544,385,2
77636,17,545,373,2
77652,17,541,361,4
77669,17,541,369,2
77686,17,540,374,2
77702,17,543,380,2
77719,17,522,384,2
77736,17,505,377,2
77752,17,510,381,2
77769,17,508,385,2
77785,17,510,375,2
77802,17,508,381,2
77819,17,506,366,2
77835,17,508,372,2
77852,17,509,383,2
77869,17,511,371,2
77885,17,508,358,4
77902,17,518,366,2
77919,17,518,357,4
77935,17,517,373,2
77952,17,520,371,2
77968,17,518,365,2
77985,17,512,362,4
78002,17,530,360,4
78018,17,543,377,2
78035,17,545,381,2
78052,17,543,374,2
78068,17,544,370,2
78085,17,543,351,4
78102,17,554,384,2
78118,17,548,365,2
78135,17,552,383,2
78151,17,558,365,2
78168,17,554,374,2
78185,17,557,369,2
78201,17,553,366,2
78218,17,560,370,2
78235,17,559,378,2
78251,17,562,383,2
78268,17,557,366,2
78285,17,560,384,2
78301,17,560,382,2
78318,17,559,382,2
78334,17,556,377,2
78351,17,555,367,2
78368,17,541,398,2
78384,17,544,380,2
78401,17,538,353,4
78418,17,541,371,2
78434,17,540,373,2
78451,17,543,390,2
78468,17,541,392,2
78484,17,536,378,2
78501,17,541,385,2
78517,17,543,388,2
78534,17,541,366,2
78551,17,538,396,2
78567,17,544,391,2
78584,17,527,378,2
78601,17,521,394,2
78617,17,522,396,2
78634,17,522,404,2
78651,17,522,398,2
78667,17,518,414,2
78684,17,522,393,2
78700,17,518,406,2
78717,17,520,410,2
78734,17,522,398,2
78750,17,523,416,2
78767,17,519,391,2
78784,17,524,393,2
78800,17,516,397,2
78817,17,519,408,2
78833,17,522,405,2
78850,17,527,411,2
78867,17,526,394,2
78883,17,523,402,2
78900,17,518,401,2
78917,17,526,396,2
78933,17,520,395,2
78950,17,526,408,2
78967,17,526,397,2
78983,17,522,398,2
79000,17,517,414,2
79016,17,521,402,2
79033,17,526,421,5
79050,17,523,410,2
79066,17,526,405,2
79083,17,539,415,2
79100,17,530,389,2
79116,17,529,392,2
79133,17,533,406,2
79150,17,535,395,2
79166,17,534,420,5
79183,17,530,379,2
79199,17,535,393,2
79216,17,533,401,2
79233,17,534,405,2
79249,17,531,408,2
79266,17,530,403,2
79283,17,528,398,2
79299,17,542,408,2
79316,17,542,589,3
79516,200,545,962,0
79532,17,518,714,3
79549,17,506,515,3
79565,17,502,384,2
79582,17,506,417,5
79599,17,503,414,2
79615,17,506,415,2
79632,17,516,422,3
79649,17,510,407,2
79665,17,514,392,2
79682,17,513,397,2
79699,17,511,400,2
79715,17,516,400,2
79732,17,512,391,2
79748,17,517,407,2
79765,17,517,418,5
79782,17,513,402,2
79798,17,512,409,2
79815,17,515,409,2
79832,17,519,398,2
79848,17,517,401,2
79865,17,511,399,2
79882,17,520,435,3
79898,17,515,395,2
79915,17,515,418,5
79931,17,521,402,2
79948,17,517,393,2
79965,17,519,383,2
79981,17,526,398,2
79998,17,525,391,2
80015,17,545,370,2
80031,17,541,371,2
80048,17,540,357,4
80064,17,543,352,4
80081,17,540,363,4
80098,17,540,356,4
80114,17,544,356,4
80131,17,548,359,4
80148,17,537,352,4
80164,17,540,348,4
80181,17,548,366,2
80198,17,541,357,4
80214,17,539,361,4
80231,17,538,367,2
80247,17,544,354,4
80264,17,546,378,2
80281,17,539,355,4
80297,17,550,382,2
80314,17,542,384,2
80331,17,544,375,2
80347,17,541,371,2
80364,17,538,344,4
80381,17,539,353,4
80397,17,546,373,2
80414,17,541,369,2
80430,17,543,369,2
80447,17,540,345,4
80464,17,545,392,2
80480,17,544,392,2
80497,17,546,379,2
80514,17,550,383,2
80547,33,546,373,2
80564,17,544,378,2
80580,17,546,384,2
80597,17,544,367,2
80613,17,546,367,2
80630,17,537,374,2
80647,17,545,362,4
80663,17,543,375,2
80680,17,545,363,4
80697,17,540,374,2
80713,17,540,366,2
80730,17,544,375,2
80747,17,538,383,2
80763,17,538,359,4
80780,17,542,376,2
80796,17,543,382,2
80813,17,538,374,2
80830,17,542,367,2
80846,17,537,367,2
80863,17,533,351,4
80880,17,529,357,4
80896,17,534,351,4
80913,17,542,368,2
80930,17,531,379,2
80946,17,533,377,2
80963,17,534,368,2
80996,33,534,380,2
80996,0,534,380,2
81013,17,532,382,2
81029,17,536,386,2
81046,17,534,385,2
81063,17,533,376,2
81079,17,533,384,2
81096,17,533,383,2
81112,17,528,372,2
81129,17,531,393,2
81146,17,534,382,2
81162,17,528,381,2
81179,17,531,371,2
81196,17,529,368,2
81212,17,526,371,2
81229,17,531,369,2
81246,17,526,372,2
81262,17,527,374,2
81279,17,530,378,2
81295,17,526,360,4
81312,17,528,383,2
81329,17,528,383,2
81345,17,528,376,2
81362,17,527,376,2
81379,17,524,376,2
81395,17,528,370,2
81412,17,524,380,2
81429,17,524,374,2
81445,17,524,371,2
81462,17,528,387,2
81478,17,527,380,2
81495,17,527,396,2
81512,17,530,390,2
81528,17,528,388,2
81545,17,525,389,2
81562,17,524,381,2
81578,17,521,390,2
81595,17,495,409,2
81612,17,511,427,3
81628,17,502,414,2
81645,17,501,417,5
81661,17,500,404,2
81678,17,496,394,2
81695,17,506,425,3
81711,17,503,403,2
81728,17,499,406,2
81745,17,500,411,2
81761,17,501,413,2
81778,17,503,424,3
81795,17,500,410,2
81811,17,504,412,2
81828,17,495,429,3
81844,17,491,416,2
81861,17,487,423,3
81878,17,490,398,2
81894,17,482,402,2
81911,17,489,425,3
81928,17,485,401,2
81944,17,489,419,5
81961,17,486,413,2
81978,17,491,428,3
81994,17,492,410,2
82011,17,497,411,2
82027,17,492,413,2
82044,17,479,418,3
82061,17,471,404,2
82077,17,526,700,3
82094,17,540,714,3
82260,166,460,819,0
82277,17,450,617,3
82294,17,435,441,3
82310,17,437,379,2
82327,17,435,405,2
82343,17,437,384,2
82360,17,434,373,2
82377,17,444,373,2
82393,17,431,366,2
82410,17,450,364,4
82427,17,448,385,2
82443,17,460,373,2
82460,17,444,370,2
82477,17,444,379,2
82493,17,440,372,2
82510,17,452,363,4
82526,17,444,374,2
82543,17,439,381,2
82560,17,460,360,4
82576,17,445,368,2
82593,17,451,371,2
82610,17,445,376,2
82626,17,437,377,2
82643,17,436,357,4
82660,17,440,370,2
82676,17,435,357,4
82693,17,446,359,4
82709,17,432,349,4
82726,17,457,349,4
82743,17,437,340,4
82759,17,443,349,4
82776,17,445,353,4
82793,17,437,353,4
82809,17,464,354,4
82826,17,436,351,4
82843,17,447,341,4
82859,17,435,337,4
82876,17,448,351,4
82892,17,448,365,2
82909,17,449,363,4
82926,17,446,367,2
82942,17,454,366,2
82959,17,447,349,4
82976,17,481,368,2
82992,17,483,371,2
83009,17,485,383,2
83026,17,490,382,2
83042,17,485,361,4
83059,17,488,367,2
83075,17,492,380,2
83092,17,498,378,2
83109,17,507,385,2
83125,17,494,381,2
83142,17,491,366,2
83159,17,495,371,2
83175,17,487,380,2
83192,17,491,373,2
83209,17,491,374,2
83225,17,493,368,2
83242,17,491,368,2
83258,17,492,372,2
83275,17,498,377,2
83292,17,491,362,4
83308,17,500,374,2
83325,17,493,378,2
83342,17,493,379,2
83358,17,497,378,2
83375,17,498,375,2
83392,17,494,397,2
83408,17,494,402,2
83425,17,485,402,2
83441,17,497,401,2
83458,17,495,405,2
83475,17,490,390,2
83491,17,498,396,2
83508,17,489,386,2
83525,17,491,383,2
83541,17,498,383,2
83558,17,491,384,2
83574,17,491,394,2
83591,17,485,400,2
83608,17,489,392,2
83624,17,490,396,2
83641,17,487,395,2
83658,17,494,395,2
83674,17,488,384,2
83691,17,495,397,2
83708,17,486,402,2
83724,17,495,400,2
83741,17,496,402,2
83757,17,477,393,2
83774,17,489,401,2
83791,17,487,398,2
83807,17,488,401,2
83824,17,491,415,2
83841,17,490,402,2
83857,17,489,393,2
83874,17,481,380,2
83891,17,485,397,2
83907,17,481,391,2
83924,17,483,405,2
83940,17,486,402,2
83957,17,484,390,2
83974,17,485,392,2
83990,17,486,404,2
84007,17,485,403,2
84024,17,483,398,2
84040,17,486,395,2
84057,17,488,405,2
84074,17,485,414,2
84090,17,492,412,2
84107,17,486,383,2
84123,17,482,387,2
84140,17,490,403,2
84157,17,490,414,2
84173,17,484,395,2
84190,17,484,396,2
84207,17,490,413,2
84223,17,484,409,2
84240,17,484,391,2
84257,17,490,405,2
84273,17,484,408,2
84290,17,491,409,2
84306,17,489,408,2
84323,17,486,406,2
84340,17,534,381,2
84356,17,552,370,2
84373,17,553,368,2
84390,17,555,352,4
84406,17,554,375,2
84423,17,552,357,4
84440,17,556,359,4
84456,17,553,362,4
84473,17,551,372,2
84489,17,555,371,2
84506,17,560,376,2
84523,17,557,377,2
84539,17,559,370,2
84556,17,565,357,4
84573,17,564,348,4
84589,17,566,364,4
84606,17,562,363,4
84622,17,563,348,4
84639,17,560,351,4
84656,17,563,351,4
84672,17,562,346,4
84689,17,561,337,4
84706,17,562,356,4
84722,17,563,343,4
84739,17,562,336,4
84756,17,562,338,4
84772,17,564,350,4
84789,17,559,345,4
84805,17,560,341,4
84822,17,561,345,4
84839,17,563,357,4
84855,17,565,349,4
84872,17,562,354,4
84889,17,564,351,4
84905,17,564,356,4
84922,17,551,366,2
84939,17,548,477,3
84955,17,580,822,0
85038,83,560,909,0
85055,17,522,672,3
85072,17,537,496,3
85088,17,511,336,4
85105,17,522,387,2
85122,17,525,379,2
85138,17,523,380,2
85155,17,526,373,2
85171,17,528,381,2
85188,17,532,384,2
85205,17,532,382,2
85221,17,531,369,2
85238,17,527,358,4
85255,17,529,363,4
85271,17,528,355,4
85288,17,531,365,2
85305,17,529,360,4
85321,17,527,364,4
85338,17,534,369,2
85354,17,561,350,4
85371,17,550,343,4
85388,17,559,351,4
85404,17,556,351,4
85421,17,557,352,4
85438,17,556,336,4
85454,17,555,352,4
85471,17,561,326,4
85488,17,557,351,4
85504,17,555,344,4
85521,17,563,352,4
85537,17,552,339,4
85554,17,561,339,4
85571,17,556,358,4
85587,17,564,345,4
85604,17,554,335,4
85621,17,564,360,4
85637,17,558,349,4
85654,17,499,335,4
85671,17,481,325,4
85687,17,487,329,4
85704,17,484,329,4
85720,17,487,313,4
85737,17,488,332,4
85754,17,486,336,4
85770,17,484,328,4
85787,17,484,344,4
85804,17,492,350,4
85820,17,489,338,4
85837,17,494,341,4
85853,17,498,339,4
85870,17,456,338,4
85887,17,450,316,4
85903,17,462,352,4
85920,17,453,332,4
85937,17,441,332,4
85953,17,447,336,4
86020,67,454,310,4
86036,17,447,316,4
86053,17,448,332,4
86120,67,438,338,4
86120,0,438,338,4
86153,33,450,346,4
86170,17,447,335,4
86186,17,434,322,4
86203,17,436,329,4
86219,17,449,347,4
86236,17,444,322,4
86253,17,432,334,4
86269,17,446,329,4
86286,17,440,347,4
86319,33,446,337,4
86319,0,446,337,4
86336,17,458,333,4
86353,17,450,346,4
86386,33,455,333,4
86386,0,455,333,4
86402,17,461,334,4
86419,17,447,327,4
86436,17,451,329,4
86452,17,454,354,4
86469,17,455,331,4
86486,17,462,345,4
86502,17,460,346,4
86519,17,441,328,4
86536,17,455,335,4
86552,17,505,331,4
86569,17,530,332,4
86585,17,526,345,4
86602,17,528,330,4
86619,17,525,334,4
86635,17,530,336,4
86652,17,530,337,4
86669,17,529,332,4
86685,17,532,320,4
86702,17,532,341,4
86719,17,534,340,4
86735,17,531,339,4
86752,17,531,343,4
86768,17,531,346,4
86785,17,529,346,4
86802,17,520,308,4
86818,17,525,318,4
86835,17,530,322,4
86852,17,532,340,4
86868,17,530,334,4
86885,17,529,327,4
86901,17,532,317,4
86918,17,531,315,4
86935,17,526,366,2
86951,17,522,349,4
86968,17,519,345,4
86985,17,527,363,4
87001,17,528,380,2
87018,17,521,358,4
87035,17,520,360,4
87051,17,523,366,2
87068,17,526,364,4
87084,17,521,366,2
87101,17,522,356,4
87118,17,525,360,4
87134,17,528,365,2
87151,17,532,368,2
87168,17,530,379,2
87184,17,533,371,2
87201,17,534,373,2
87218,17,533,375,2
87234,17,529,370,2
87251,17,529,352,4
87267,17,532,376,2
87284,17,536,373,2
87301,17,519,359,4
87317,17,521,373,2
87334,17,528,382,2
87351,17,526,376,2
87367,17,523,377,2
87384,17,527,379,2
87401,17,528,369,2
87417,17,528,376,2
87434,17,526,377,2
87450,17,526,380,2
87467,17,523,366,2
87484,17,525,375,2
87500,17,524,370,2
87517,17,523,358,4
87534,17,523,376,2
87550,17,523,370,2
87567,17,524,388,2
87584,17,519,377,2
87600,17,524,405,2
87617,17,525,390,2
87633,17,521,382,2
87650,17,523,383,2
87667,17,519,391,2
87683,17,521,388,2
87700,17,525,396,2
87717,17,521,383,2
87733,17,518,391,2
87750,17,524,389,2
87767,17,513,373,2
87783,17,525,383,2
87800,17,520,386,2
87816,17,519,387,2
87833,17,520,403,2
87850,17,514,380,2
87866,17,521,399,2
87883,17,513,382,2
87900,17,519,399,2
87916,17,523,390,2
87933,17,528,409,2
87950,17,521,391,2
87966,17,523,394,2
87983,17,559,362,4
87999,17,565,368,2
88016,17,561,374,2
88033,17,565,359,4
88049,17,565,366,2
88066,17,560,362,4
88083,17,564,354,4
88099,17,567,367,2
88116,17,567,356,4
88132,17,567,361,4
88149,17,570,357,4
88166,17,567,373,2
88182,17,565,363,4
88199,17,563,369,2
88216,17,558,390,2
88232,17,523,402,2
88249,17,486,363,4
88266,17,470,381,2
88282,17,484,377,2
88299,17,476,355,4
88315,17,487,382,2
88332,17,478,371,2
88349,17,484,383,2
88365,17,480,358,4
88382,17,486,373,2
88399,17,480,372,2
88415,17,449,368,2
88432,17,446,379,2
88449,17,454,379,2
88465,17,455,383,2
88482,17,457,390,2
88498,17,457,380,2
88515,17,451,381,2
88532,17,455,382,2
88548,17,453,374,2
88565,17,445,364,4
88582,17,446,375,2
88598,17,434,378,2
88615,17,445,376,2
88632,17,446,377,2
88648,17,450,365,2
88665,17,443,379,2
88681,17,442,389,2
88698,17,443,384,2
88715,17,432,384,2
88731,17,343,403,2
88748,17,296,412,2
88765,17,311,421,3
88781,17,292,439,3
88798,17,297,432,3
88815,17,292,438,3
88831,17,296,427,3
88848,17,296,425,3
88864,17,296,425,3
88881,17,297,427,3
88898,17,361,445,3
88914,17,464,482,3
88931,17,464,492,3
88948,17,485,484,3
88964,17,479,503,3
88981,17,486,489,3
88998,17,485,481,3
89014,17,479,497,3
89031,17,486,487,3
89047,17,482,482,3
89064,17,486,477,3
89081,17,474,489,3
89097,17,485,487,3
89114,17,480,490,3
89131,17,477,491,3
89147,17,480,485,3
89164,17,475,470,3
89180,17,482,484,3
89197,17,481,482,3
89214,17,479,480,3
89230,17,484,501,3
89247,17,483,482,3
89264,17,485,483,3
89280,17,492,497,3
89297,17,504,488,3
89314,17,504,471,3
89330,17,506,481,3
89347,17,504,469,3
89363,17,507,493,3
89380,17,504,480,3
89397,17,507,464,3
89413,17,506,461,3
89430,17,508,490,3
89447,17,508,465,3
89463,17,540,429,3
89480,17,609,398,2
89497,17,653,406,2
89513,17,642,406,2
89530,17,657,403,2
89546,17,648,407,2
89563,17,649,384,2
89580,17,646,402,2
89596,17,649,412,2
89613,17,653,413,2
89630,17,676,436,3
89646,17,671,429,3
89663,17,673,425,3
89680,17,677,416,2
89696,17,684,436,3
89713,17,676,425,3
89729,17,676,431,3
89746,17,678,416,2
89763,17,677,435,3
89779,17,671,422,3
89796,17,671,407,2
89813,17,695,446,3
89829,17,687,441,3
89846,17,684,451,3
89863,17,683,399,2
89879,17,685,421,3
89896,17,691,429,3
89912,17,689,425,3
89929,17,688,418,3
89946,17,693,434,3
89962,17,681,426,3
89979,17,686,424,3
89996,17,680,423,3
90012,17,689,438,3
90029,17,633,394,2
90046,17,599,407,2
90062,17,575,368,2
90079,17,580,383,2
90095,17,562,367,2
90112,17,559,353,4
90129,17,559,358,4
90145,17,561,370,2
90162,17,551,341,4
90179,17,554,353,4
90195,17,551,367,2
90212,17,544,345,4
90229,17,545,354,4
90245,17,536,335,4
90262,17,517,339,4
90278,17,499,346,4
90295,17,502,335,4
90312,17,505,370,2
90328,17,472,360,4
90345,17,438,378,2
90362,17,415,376,2
90378,17,424,349,4
90395,17,419,379,2
90411,17,431,372,2
90428,17,427,370,2
90445,17,423,365,2
90461,17,425,380,2
90478,17,433,371,2
90495,17,425,369,2
90511,17,421,375,2
90528,17,385,369,2
90545,17,412,869,0
90561,17,421,592,3
90744,183,376,847,0
90761,17,368,611,3
90777,17,385,364,0
90794,17,396,359,0
90811,17,410,354,0
90827,17,418,375,2
90844,17,427,380,2
90861,17,429,374,2
90877,17,427,381,2
90894,17,423,367,2
90911,17,436,381,2
90927,17,428,374,2
90944,17,416,377,2
90960,17,423,356,4
90977,17,426,360,4
90994,17,440,372,2
91010,17,438,370,2
91027,17,451,393,2
91044,17,515,397,2
91060,17,493,396,2
91077,17,500,399,2
91094,17,497,399,2
91110,17,500,403,2
91127,17,503,396,2
91143,17,501,390,2
91160,17,499,397,2
91177,17,505,407,2
91193,17,503,425,3
91210,17,506,399,2
91227,17,497,411,2
91243,17,497,386,2
91260,17,511,695,3
91277,17,523,734,3
91543,266,486,568,3
91559,17,475,387,2
91576,17,480,369,2
91593,17,487,389,2
91609,17,491,383,2
91626,17,492,389,2
91642,17,490,372,2
91659,17,493,382,2
91676,17,491,368,2
91692,17,494,377,2
91709,17,495,375,2
91726,17,495,381,2
91742,17,497,388,2
91759,17,494,371,2
91776,17,524,387,2
91792,17,520,377,2
91809,17,518,377,2
91825,17,518,371,2
91842,17,522,386,2
91859,17,523,423,3
91875,17,524,410,2
91892,17,525,376,2
91909,17,520,392,2
91925,17,518,389,2
91942,17,515,390,2
91959,17,516,386,2
91975,17,512,372,2
91992,17,516,372,2
92008,17,519,382,2
92025,17,519,400,2
92042,17,520,389,2
92058,17,528,391,2
92075,17,517,375,2
92092,17,518,381,2
92108,17,518,376,2
92125,17,529,364,4
92142,17,563,348,4
92158,17,560,358,4
92175,17,566,353,4
92191,17,564,354,4
92208,17,559,348,4
92225,17,560,368,2
92241,17,563,366,2
92258,17,561,361,4
92275,17,571,360,4
92291,17,557,351,4
92308,17,564,357,4
92325,17,559,373,2
92341,17,562,360,4
92358,17,564,365,2
92374,17,559,364,4
92391,17,558,359,4
92408,17,559,373,2
92424,17,559,360,4
92441,17,583,370,2
92458,17,672,363,0
92474,17,694,347,0
92491,17,686,341,0
92508,17,693,337,0
92524,17,675,331,0
92541,17,687,341,0
92557,17,695,334,0
92574,17,685,357,0
92591,17,700,355,0
92607,17,682,340,0
92624,17,683,338,0
92641,17,690,361,0
92657,17,688,343,0
92674,17,667,332,0
92690,17,676,359,0
92707,17,676,334,0
92724,17,678,355,0
92740,17,642,448,3
92757,17,622,527,3
92774,17,598,652,3
92790,17,576,716,3
92807,17,579,709,3
92824,17,575,730,3
92840,17,573,726,3
92857,17,574,727,3
92873,17,578,724,3
92890,17,578,725,3
92907,17,575,723,3
92923,17,577,721,3
92940,17,571,717,3
92957,17,573,742,3
92973,17,570,760,3
92990,17,563,745,3
93007,17,562,741,3
93023,17,560,729,3
93040,17,568,663,3
93056,17,562,617,3
93073,17,561,558,3
93090,17,568,519,3
93106,17,565,487,3
93123,17,576,465,3
93140,17,561,453,3
93156,17,563,423,3
93173,17,560,409,2
93190,17,565,412,2
93206,17,560,404,2
93223,17,557,377,2
93239,17,559,385,2
93256,17,563,375,2
93273,17,560,381,2
93289,17,562,375,2
93306,17,562,374,2
93323,17,563,374,2
93339,17,564,370,2
93356,17,564,379,2
93373,17,564,381,2
93389,17,566,386,2
93406,17,567,356,4
93422,17,572,351,4
93439,17,577,368,2
93456,17,580,355,4
93472,17,581,349,4
93489,17,578,361,4
93506,17,577,356,4
93522,17,578,362,4
93539,17,580,367,2
93556,17,577,352,4
93572,17,574,355,4
93589,17,578,355,4
93605,17,585,372,2
93622,17,579,357,4
93639,17,578,351,4
93655,17,580,348,4
93672,17,578,339,4
93689,17,574,342,4
93705,17,580,346,4
93722,17,582,372,2
93739,17,576,364,4
93755,17,580,363,4
93772,17,577,362,4
93788,17,580,369,2
93805,17,582,362,4
93822,17,577,346,4
93838,17,582,378,2
93855,17,583,365,2
93872,17,578,356,4
93888,17,576,339,4
93905,17,579,364,4
93921,17,579,357,4
93938,17,579,357,4
93955,17,576,347,4
93971,17,578,357,4
93988,17,578,365,2
94005,17,575,355,4
94021,17,577,355,4
94038,17,580,372,2
94055,17,581,365,2
94071,17,579,351,4
94088,17,581,380,2
94104,17,582,364,4
94121,17,579,368,2
94138,17,581,378,2
94154,17,586,373,2
94171,17,588,357,4
94188,17,590,375,2
94204,17,591,361,4
94221,17,585,357,4
94238,17,588,354,4
94254,17,591,363,4
94271,17,590,374,2
94287,17,585,352,4
94304,17,590,364,4
94321,17,584,351,4
94337,17,585,367,2
94354,17,585,371,2
94371,17,583,364,4
94387,17,584,356,4
94404,17,586,354,4
94421,17,584,366,2
94437,17,582,361,4
94454,17,584,362,4
94470,17,585,375,2
94487,17,583,373,2
94504,17,584,368,2
94520,17,580,354,4
94537,17,583,360,4
94554,17,580,349,4
94570,17,578,351,4
94587,17,580,366,2
94604,17,579,352,4
94620,17,581,359,4
94637,17,559,365,2
94653,17,562,349,4
94670,17,562,353,4
94687,17,563,362,4
94703,17,561,351,4
94720,17,562,374,2
94737,17,562,368,2
94753,17,561,343,4
94770,17,560,349,4
94787,17,561,356,4
94803,17,563,368,2
94820,17,563,364,4
94836,17,556,350,4
94853,17,563,343,4
94870,17,567,361,4
94886,17,566,353,4
94903,17,562,352,4
94920,17,566,368,2
94936,17,566,358,4
94953,17,561,342,4
94969,17,565,357,4
94986,17,564,360,4
95003,17,565,360,4
95019,17,563,361,4
95036,17,562,369,2
95053,17,563,378,2
95069,17,523,406,2
95086,17,526,411,2
95103,17,524,394,2
95119,17,521,393,2
95136,17,528,406,2
95152,17,519,390,2
95169,17,527,412,2
95186,17,525,398,2
95202,17,523,384,2
95219,17,525,396,2
95236,17,521,385,2
95252,17,527,388,2
95269,17,529,410,2
95286,17,521,390,2
95302,17,525,402,2
95319,17,524,396,2
95335,17,526,380,2
95352,17,525,391,2
95369,17,522,365,2
95385,17,531,393,2
95402,17,528,404,2
95419,17,530,386,2
95435,17,526,386,2
95452,17,528,384,2
95469,17,525,379,2
95485,17,532,377,2
95502,17,523,391,2
95518,17,529,382,2
95535,17,529,387,2
95552,17,531,396,2
95568,17,523,383,2
95585,17,525,393,2
95602,17,525,380,2
95618,17,522,392,2
95635,17,520,392,2
95652,17,527,396,2
95668,17,526,396,2
95685,17,526,392,2
95701,17,525,392,2
95718,17,529,401,2
95735,17,524,375,2
95751,17,527,388,2
95768,17,526,389,2
95785,17,526,374,2
95801,17,528,402,2
95818,17,529,405,2
95835,17,528,404,2
95851,17,525,396,2
95868,17,527,396,2
95884,17,523,378,2
95901,17,531,383,2
95918,17,542,387,2
95934,17,539,373,2
95951,17,537,385,2
95968,17,539,388,2
95984,17,535,381,2
96001,17,538,368,2
96018,17,537,369,2
96034,17,539,399,2
96051,17,541,411,2
96067,17,541,397,2
96084,17,539,377,2
96101,17,539,388,2
96117,17,541,388,2
96134,17,543,402,2
96151,17,542,383,2
96167,17,537,395,2
96184,17,535,397,2
96200,17,539,381,2
96217,17,534,412,2
96234,17,521,418,5
96250,17,521,422,3
96267,17,525,427,3
96284,17,524,432,3
96300,17,528,428,3
96317,17,524,440,3
96334,17,526,439,3
96350,17,529,446,3
96367,17,526,451,3
96383,17,527,430,3
96400,17,523,427,3
96417,17,523,417,5
96433,17,535,434,3
96450,17,535,444,3
96467,17,537,435,3
96483,17,535,453,3
96500,17,533,438,3
96517,17,540,457,3
96533,17,538,448,3
96550,17,540,448,3
96566,17,539,449,3
96583,17,537,445,3
96600,17,539,452,3
96616,17,537,439,3
96633,17,538,441,3
96650,17,541,453,3
96666,17,540,449,3
96683,17,543,467,3
96700,17,539,443,3
96716,17,540,453,3
96733,17,537,441,3
96749,17,542,458,3
96766,17,545,456,3
96783,17,536,450,3
96799,17,539,453,3
96816,17,538,473,3
96833,17,540,473,3
96849,17,537,442,3
96866,17,539,448,3
96883,17,542,455,3
96899,17,541,448,3
96916,17,540,422,3
96932,17,545,372,2
96949,17,556,399,2
96966,17,553,396,2
96982,17,554,397,2
96999,17,556,409,2
97016,17,555,401,2
97032,17,553,400,2
97049,17,551,383,2
97066,17,554,389,2
97082,17,554,391,2
97099,17,556,391,2
97115,17,549,372,2
97132,17,549,375,2
97149,17,540,418,5
97165,17,538,432,3
97182,17,536,427,3
97199,17,535,409,2
97215,17,531,430,3
97232,17,536,439,3
97248,17,531,430,3
97265,17,533,437,3
97282,17,526,425,3
97298,17,533,441,3
97315,17,535,428,3
97332,17,533,435,3
97348,17,537,442,3
97365,17,536,435,3
97382,17,536,425,3
97398,17,516,393,2
97415,17,519,386,2
97431,17,517,383,2
97448,17,516,394,2
97465,17,518,395,2
97481,17,519,402,2
97498,17,520,410,2
97515,17,522,391,2
97531,17,518,400,2
97548,17,518,394,2
97565,17,520,388,2
97581,17,485,395,2
97598,17,465,360,4
97614,17,470,366,2
97631,17,465,359,4
97648,17,464,346,4
97664,17,464,351,4
97681,17,460,356,4
97698,17,467,362,4
97714,17,464,365,2
97731,17,467,373,2
97748,17,473,362,4
97764,17,470,366,2
97781,17,457,362,4
97797,17,460,363,4
97814,17,454,351,4
97831,17,458,340,4
97847,17,460,341,4
97864,17,453,349,4
97881,17,459,358,4
97897,17,461,352,4
97914,17,459,351,4
97931,17,456,345,4
97947,17,464,370,2
97964,17,443,338,4
97980,17,450,357,4
97997,17,450,355,4
98014,17,441,350,4
98030,17,448,366,2
98047,17,452,344,4
98064,17,452,349,4
98080,17,441,340,4
98097,17,443,356,4
98114,17,432,330,4
98130,17,447,346,4
98147,17,455,356,4
98163,17,453,359,4
98180,17,445,346,4
98197,17,437,359,4
98213,17,449,363,4
98230,17,449,355,4
98247,17,450,346,4
98263,17,448,361,4
98280,17,450,363,4
98297,17,440,367,2
98313,17,448,348,4
98330,17,446,344,4
98346,17,444,351,4
98363,17,450,356,4
98380,17,452,358,4
98396,17,451,345,4
98413,17,447,353,4
98430,17,452,354,4
98446,17,445,358,4
98463,17,451,360,4
98479,17,451,352,4
98496,17,461,359,4
98513,17,453,370,2
98529,17,454,369,2
98546,17,452,365,2
98563,17,452,359,4
98579,17,462,371,2
98596,17,476,377,2
98613,17,490,391,2
98629,17,491,410,2
98646,17,492,391,2
98662,17,492,391,2
98679,17,494,389,2
98696,17,495,413,2
98712,17,495,396,2
98729,17,494,386,2
98746,17,497,386,2
98762,17,493,383,2
98779,17,496,407,2
98796,17,493,400,2
98812,17,495,400,2
98829,17,493,390,2
98845,17,501,410,2
98862,17,494,413,2
98879,17,500,404,2
98895,17,488,381,2
98912,17,494,396,2
98929,17,498,402,2
98945,17,490,381,2
98962,17,491,402,2
98979,17,483,372,2
98995,17,487,388,2
99012,17,489,385,2
99028,17,490,398,2
99045,17,496,410,2
99062,17,498,413,2
99078,17,490,395,2
99095,17,489,384,2
99112,17,490,387,2
99128,17,489,383,2
99145,17,491,386,2
99162,17,499,392,2
99178,17,495,403,2
99195,17,492,382,2
99211,17,518,405,2
99228,17,508,369,2
99245,17,512,385,2
99261,17,521,400,2
99278,17,517,403,2
99295,17,522,405,2
99311,17,523,412,2
99328,17,514,395,2
99345,17,509,406,2
99361,17,516,399,2
99378,17,518,403,2
99394,17,517,392,2
99411,17,517,421,5
99428,17,515,403,2
99444,17,517,410,2
99461,17,516,415,2
99478,17,518,400,2
99494,17,514,404,2
99511,17,519,409,2
99527,17,523,407,2
99544,17,518,402,2
99561,17,512,407,2
99577,17,516,400,2
99594,17,519,406,2
99611,17,523,396,2
99627,17,523,385,2
99644,17,525,383,2
99661,17,528,399,2
99677,17,526,392,2
99694,17,528,385,2
99710,17,527,379,2
99727,17,526,384,2
99744,17,525,378,2
99760,17,525,382,2
99777,17,522,387,2
99794,17,528,380,2
99810,17,531,392,2
99827,17,528,389,2
99844,17,525,390,2
99860,17,529,396,2
99877,17,531,395,2
99893,17,527,408,2
99910,17,529,386,2
99927,17,533,411,2
99943,17,533,400,2
99960,17,524,385,2
99977,17,529,395,2
99993,17,527,406,2
100010,17,526,395,2
100027,17,529,403,2
100043,17,524,385,2
100060,17,524,393,2
100076,17,527,394,2
100093,17,520,395,2
100110,17,539,383,2
100126,17,547,368,2
100143,17,540,370,2
100160,17,542,372,2
100176,17,541,374,2
100193,17,544,361,4
100210,17,547,348,4
100226,17,548,375,2
100243,17,549,383,2
100259,17,545,366,2
100276,17,548,369,2
100293,17,549,352,4
100309,17,555,390,2
100326,17,570,425,3
100343,17,561,424,3
100359,17,566,426,3
100376,17,567,414,2
100393,17,567,425,3
100409,17,567,420,5
100426,17,564,419,5
100442,17,565,408,2
100459,17,563,422,3
100476,17,567,434,3
100492,17,585,448,3
100509,17,584,443,3
100526,17,588,448,3
100542,17,581,438,3
100559,17,583,435,3
100576,17,585,444,3
100592,17,582,439,3
100609,17,580,449,3
100625,17,584,449,3
100642,17,584,455,3
100659,17,583,446,3
100675,17,584,436,3
100692,17,583,439,3
100709,17,584,432,3
100725,17,588,429,3
100742,17,582,430,3
100758,17,581,448,3
100775,17,582,449,3
100792,17,518,450,3
100808,17,483,448,3
100825,17,488,443,3
100842,17,482,448,3
100858,17,482,448,3
100875,17,484,445,3
100892,17,483,448,3
100908,17,484,450,3
100925,17,484,445,3
100941,17,482,446,3
100958,17,476,441,3
100975,17,482,434,3
100991,17,483,443,3
101008,17,482,458,3
101025,17,486,465,3
101041,17,490,469,3
101058,17,484,470,3
101075,17,483,457,3
101091,17,487,470,3
101108,17,482,459,3
101124,17,483,455,3
101141,17,482,456,3
101158,17,483,473,3
101174,17,481,456,3
101191,17,484,460,3
101208,17,488,462,3
101224,17,483,449,3
101241,17,457,456,3
101258,17,463,444,3
101274,17,458,438,3
101291,17,464,460,3
101307,17,459,468,3
101324,17,464,461,3
101341,17,461,459,3
101357,17,466,450,3
101374,17,463,444,3
101391,17,461,465,3
101407,17,467,461,3
101424,17,463,458,3
101441,17,462,451,3
101457,17,464,435,3
101474,17,465,441,3
101490,17,462,450,3
101507,17,467,440,3
101524,17,463,437,3
101540,17,464,456,3
101557,17,465,455,3
101574,17,469,464,3
101590,17,468,464,3
101607,17,465,459,3
101624,17,496,443,3
101640,17,517,447,3
101657,17,551,434,3
101673,17,570,447,3
101690,17,575,434,3
101707,17,575,441,3
101723,17,575,432,3
101740,17,576,422,3
101757,17,578,447,3
101773,17,582,433,3
101790,17,581,426,3
101806,17,583,445,3
101823,17,584,425,3
101840,17,582,425,3
101856,17,581,437,3
101873,17,584,428,3
101890,17,596,439,3
101906,17,596,453,3
101923,17,594,448,3
101940,17,594,425,3
101956,17,593,429,3
101989,33,595,438,3
101989,0,595,438,3
102006,17,601,444,3
102023,17,596,440,3
102039,17,591,425,3
102056,17,577,451,3
102073,17,549,442,3
102089,17,551,464,3
102106,17,549,448,3
102123,17,553,467,3
102139,17,555,457,3
102156,17,557,474,3
102172,17,552,461,3
102189,17,551,448,3
102206,17,552,450,3
102222,17,557,473,3
102239,17,554,446,3
102256,17,551,447,3
102272,17,552,454,3
102289,17,551,446,3
102306,17,551,452,3
102322,17,554,469,3
102339,17,551,458,3
102355,17,554,459,3
102372,17,559,465,3
102389,17,550,452,3
102405,17,551,475,3
102422,17,547,453,3
102439,17,552,466,3
102455,17,559,436,3
102472,17,551,437,3
102489,17,557,457,3
102505,17,562,450,3
102522,17,554,447,3
102538,17,556,457,3
102555,17,558,459,3
102572,17,554,451,3
102588,17,559,463,3
102605,17,557,460,3
102622,17,560,471,3
102638,17,560,472,3
102655,17,562,474,3
102672,17,562,473,3
102688,17,556,450,3
102705,17,564,473,3
102721,17,542,416,2
102738,17,547,405,2
102755,17,544,377,2
102771,17,541,386,2
102788,17,546,390,2
102805,17,543,377,2
102821,17,540,375,2
102838,17,551,398,2
102855,17,543,402,2
102871,17,546,397,2
102888,17,543,377,2
102904,17,547,395,2
102921,17,547,398,2
102938,17,546,368,2
102954,17,553,363,4
102971,17,561,358,4
103004,33,557,351,4
103021,17,559,365,2
103037,17,558,360,4
103054,17,561,356,4
103071,17,560,343,4
103087,17,561,350,4
103104,17,562,367,2
103121,17,559,360,4
103137,17,562,359,4
103154,17,553,351,4
103171,17,530,398,2
103187,17,537,382,2
103204,17,538,401,2
103220,17,534,392,2
103237,17,532,400,2
103254,17,529,392,2
103270,17,531,399,2
103287,17,528,444,3
103304,17,528,582,3
103320,17,530,707,3
103337,17,551,796,0
103354,17,549,795,0
103370,17,546,813,0
103387,17,550,813,0
103403,17,550,808,0
103420,17,546,809,0
103437,17,553,803,0
103453,17,551,807,0
103470,17,548,805,0
103487,17,551,808,0
103520,33,554,808,0
103537,17,552,809,0
103553,17,555,809,0
103570,17,555,811,0
103586,17,552,808,0
103603,17,552,805,0
103620,17,552,806,0
103636,17,538,720,3
103653,17,531,665,3
103670,17,520,601,3
103686,17,515,553,3
103703,17,517,553,3
103720,17,518,553,3
103736,17,520,563,3
103753,17,517,550,3
103769,17,507,503,3
103786,17,511,443,3
103803,17,516,435,3
103819,17,515,421,5
103836,17,514,404,2
103853,17,511,392,2
103869,17,513,410,2
103886,17,514,402,2
103903,17,514,402,2
103919,17,521,413,2
103936,17,520,409,2
103952,17,524,414,2
103969,17,518,415,2
103986,17,521,422,3
104002,17,518,403,2
104019,17,518,415,2
104036,17,519,419,5
104052,17,518,411,2
104069,17,518,410,2
104086,17,520,404,2
104102,17,519,399,2
104119,17,524,404,2
104135,17,525,421,5
104152,17,524,416,2
104169,17,521,412,2
104185,17,521,412,2
104202,17,523,410,2
104219,17,527,410,2
104235,17,474,416,2
104252,17,433,394,2
104268,17,430,399,2
104285,17,437,403,2
104302,17,433,390,2
104318,17,438,410,2
104335,17,437,402,2
104352,17,439,397,2
104368,17,438,401,2
104385,17,439,419,3
104402,17,443,419,3
104418,17,438,413,2
104435,17,438,407,2
104451,17,437,411,2
104468,17,427,380,2
104485,17,428,383,2
104501,17,422,364,4
104518,17,420,372,2
104535,17,423,369,2
104551,17,422,367,2
104568,17,420,352,4
104585,17,432,374,2
104601,17,437,363,4
104618,17,430,366,2
104634,17,435,364,4
104651,17,425,358,4
104668,17,418,360,4
104684,17,433,378,2
104701,17,431,380,2
104718,17,432,378,2
104734,17,429,360,4
104751,17,439,381,2
104768,17,432,387,2
104784,17,436,369,2
104801,17,427,370,2
104817,17,413,375,2
104834,17,431,378,2
104851,17,433,381,2
104867,17,429,359,4
104884,17,421,356,4
104901,17,430,361,4
104917,17,430,381,2
104934,17,426,375,2
104951,17,420,381,2
104967,17,432,367,2
104984,17,422,363,4
105000,17,425,356,4
105017,17,424,373,2
105034,17,424,378,2
105050,17,430,382,2
105067,17,432,383,2
105084,17,426,369,2
105100,17,421,359,4
105117,17,428,361,4
105134,17,432,394,2
105150,17,430,383,2
105167,17,417,359,4
105183,17,427,377,2
105200,17,432,379,2
105217,17,423,372,2
105233,17,429,365,2
105250,17,423,352,4
105267,17,426,361,4
105283,17,422,380,2
105300,17,427,367,2
105316,17,422,375,2
105333,17,427,377,2
105350,17,426,358,4
105366,17,421,363,4
105383,17,400,340,0
105400,17,420,367,2
105416,17,423,377,2
105433,17,420,370,2
105450,17,420,345,4
105466,17,422,363,4
105483,17,421,359,4
105499,17,420,380,2
105516,17,417,373,2
105533,17,421,365,2
105549,17,424,370,2
105566,17,419,353,4
105583,17,420,358,4
105599,17,415,353,0
105616,17,424,364,4
105633,17,420,367,2
105649,17,427,380,2
105666,17,424,376,2
105682,17,422,385,2
105699,17,418,361,4
105716,17,421,372,2
105732,17,424,378,2
105749,17,420,371,2
105766,17,417,369,2
105782,17,417,358,4
105799,17,424,376,2
105816,17,418,368,2
105832,17,416,364,4
105849,17,417,351,4
105865,17,424,389,2
105882,17,421,370,2
105899,17,418,359,4
105915,17,418,376,2
105932,17,421,373,2
105949,17,407,387,2
105965,17,418,383,2
105982,17,421,383,2
105999,17,421,395,2
106015,17,424,383,2
106032,17,420,397,2
106048,17,421,384,2
106065,17,421,384,2
106082,17,417,372,2
106098,17,420,382,2
106115,17,416,399,2
106132,17,416,367,2
106148,17,416,375,2
106165,17,416,383,2
106182,17,416,377,2
106198,17,421,397,2
106215,17,416,358,4
106231,17,422,387,2
106248,17,418,378,2
106265,17,419,379,2
106281,17,417,367,2
106298,17,424,389,2
106315,17,420,379,2
106331,17,419,392,2
106348,17,420,407,2
106365,17,420,385,2
106381,17,415,378,2
106398,17,412,390,2
106414,17,414,392,2
106431,17,422,387,2
106448,17,418,378,2
106464,17,411,384,2
106481,17,419,391,2
106498,17,414,389,2
106514,17,412,372,2
106531,17,410,370,2
106547,17,418,396,2
106564,17,415,395,2
106581,17,415,383,2
106597,17,416,385,2
106614,17,418,387,2
106631,17,415,393,2
106647,17,418,395,2
106664,17,416,383,2
106681,17,418,381,2
106697,17,409,382,2
106714,17,424,398,2
106730,17,414,389,2
106747,17,418,396,2
106764,17,410,373,2
106780,17,415,383,2
106797,17,416,399,2
106814,17,416,401,2
106830,17,416,384,2
106847,17,414,396,2
106864,17,422,380,2
106880,17,411,377,2
106897,17,409,378,2
106913,17,411,399,2
106930,17,413,396,2
106947,17,413,411,2
106963,17,404,390,2
106980,17,410,394,2
106997,17,418,404,2
107013,17,404,384,2
107030,17,409,386,2
107047,17,411,387,2
107063,17,405,396,2
107080,17,406,378,2
107096,17,410,383,2
107113,17,410,398,2
107130,17,405,399,2
107146,17,419,392,2
107163,17,412,388,2
107180,17,416,421,3
107196,17,407,391,2
107213,17,417,393,2
107230,17,415,409,2
107246,17,413,412,2
107263,17,423,404,2
107279,17,410,396,2
107296,17,412,419,3
107313,17,411,413,2
107329,17,417,414,2
107346,17,415,406,2
107363,17,413,392,2
107379,17,419,412,2
107396,17,421,421,3
107413,17,415,386,2
107429,17,417,400,2
107446,17,418,407,2
107462,17,424,404,2
107479,17,414,400,2
107496,17,421,382,2
107512,17,414,385,2
107529,17,419,398,2
107546,17,418,404,2
107562,17,417,394,2
107579,17,414,390,2
107595,17,419,389,2
107612,17,425,396,2
107629,17,425,419,3
107645,17,424,410,2
107662,17,423,417,2
107679,17,421,404,2
107695,17,416,389,2
107712,17,417,386,2
107729,17,415,404,2
107745,17,421,407,2
107762,17,420,406,2
107778,17,423,394,2
107795,17,420,389,2
107812,17,425,413,2
107828,17,423,405,2
107845,17,421,410,2
107862,17,421,396,2
107878,17,488,413,2
107895,17,488,412,2
107912,17,499,407,2
107928,17,503,413,2
107945,17,499,420,5
107961,17,504,414,2
107978,17,503,408,2
107995,17,505,411,2
108011,17,505,430,3
108028,17,499,420,5
108045,17,503,422,3
108061,17,503,417,5
108078,17,502,419,5
108095,17,498,413,2
108111,17,502,412,2
108128,17,501,414,2
108144,17,508,417,5
108161,17,507,420,5
108178,17,501,409,2
108194,17,502,414,2
108211,17,508,422,3
108228,17,514,430,3
108244,17,512,429,3
108261,17,509,423,3
108278,17,512,391,2
108294,17,507,419,5
108311,17,517,424,3
108327,17,513,424,3
108344,17,507,420,5
108361,17,515,430,3
108377,17,515,418,5
108394,17,521,435,3
108411,17,515,423,3
108427,17,513,406,2
108444,17,514,408,2
108461,17,516,425,3
108477,17,511,426,3
108494,17,515,423,3
108510,17,515,425,3
108527,17,521,418,5
108544,17,511,418,5
108560,17,512,417,5
108577,17,508,420,5
108594,17,514,428,3
108610,17,512,430,3
108627,17,506,426,3
108644,17,511,421,5
108660,17,514,428,3
108677,17,509,429,3
108693,17,511,440,3
108710,17,503,413,2
108727,17,506,426,3
108743,17,508,431,3
108760,17,505,425,3
108777,17,507,418,5
108793,17,505,417,5
108810,17,501,414,2
108826,17,500,420,5
108843,17,500,420,5
108860,17,502,409,2
108876,17,505,429,3
108893,17,517,418,5
108910,17,506,415,2
108926,17,517,437,3
108943,17,508,439,3
108960,17,512,416,2
108993,33,514,424,3
108993,0,514,424,3
109009,17,515,430,3
109026,17,517,422,3
109043,17,513,430,3
109059,17,506,407,2
109076,17,513,440,3
109093,17,518,443,3
109109,17,519,454,3
109126,17,509,423,3
109143,17,508,443,3
109159,17,508,446,3
109176,17,517,436,3
109192,17,511,442,3
109209,17,506,428,3
109226,17,513,413,2
109242,17,517,427,3
109259,17,514,440,3
109276,17,511,420,5
109292,17,511,416,2
109309,17,512,438,3
109326,17,511,433,3
109342,17,515,433,3
109359,17,513,424,3
109375,17,509,427,3
109392,17,511,433,3
109409,17,514,432,3
109425,17,515,434,3
109442,17,538,391,2
109459,17,556,390,2
109475,17,560,416,2
109492,17,556,394,2
109509,17,558,389,2
109525,17,557,400,2
109542,17,560,386,2
109558,17,559,389,2
109575,17,558,384,2
109592,17,556,391,2
109608,17,558,390,2
109625,17,559,399,2
109642,17,558,398,2
109658,17,560,398,2
109675,17,565,397,2
109692,17,566,398,2
109708,17,557,392,2
109725,17,562,403,2
109741,17,563,397,2
109758,17,560,404,2
109775,17,565,424,3
109791,17,560,418,5
109808,17,561,418,5
109825,17,561,434,3
109841,17,551,386,2
109858,17,555,406,2
109874,17,557,396,2
109891,17,557,419,5
109908,17,560,418,5
109924,17,559,419,5
109941,17,561,414,2
109958,17,561,412,2
109974,17,562,416,2
109991,17,565,430,3
110008,17,560,409,2
110024,17,558,406,2
110041,17,557,398,2
110057,17,558,413,2
110074,17,561,413,2
110091,17,557,411,2
110107,17,559,411,2
110124,17,557,414,2
110141,17,559,439,3
110157,17,560,414,2
110174,17,529,446,3
110191,17,535,440,3
110207,17,520,439,3
110224,17,530,450,3
110240,17,526,449,3
110257,17,525,441,3
110274,17,531,440,3
110290,17,524,450,3
110307,17,522,442,3
110324,17,531,458,3
110340,17,532,449,3
110357,17,524,440,3
110374,17,523,436,3
110390,17,529,444,3
110407,17,526,451,3
110423,17,527,460,3
110440,17,524,441,3
110457,17,522,436,3
110473,17,518,420,5
110490,17,522,445,3
110507,17,527,442,3
110523,17,523,440,3
110540,17,523,447,3
110557,17,527,461,3
110573,17,525,443,3
110590,17,522,435,3
110606,17,528,444,3
110623,17,522,431,3
110640,17,516,436,3
110656,17,528,444,3
110673,17,526,445,3
110690,17,526,453,3
110706,17,524,445,3
110723,17,528,449,3
110740,17,524,442,3
110756,17,524,440,3
110773,17,518,440,3
110789,17,511,438,3
110806,17,525,444,3
110823,17,528,441,3
110839,17,521,449,3
110856,17,522,437,3
110873,17,516,421,5
110889,17,517,453,3
110906,17,528,463,3
110923,17,523,448,3
110939,17,521,450,3
110956,17,525,460,3
110972,17,522,453,3
110989,17,522,453,3
111006,17,524,452,3
111022,17,524,451,3
111039,17,533,468,3
111056,17,524,461,3
111072,17,513,450,3
111089,17,525,473,3
111105,17,523,477,3
111122,17,527,456,3
111139,17,524,475,3
111155,17,528,467,3
111172,17,522,445,3
111189,17,523,456,3
111205,17,520,452,3
111222,17,525,454,3
111239,17,525,453,3
111255,17,525,465,3
111272,17,528,463,3
111288,17,526,468,3
111305,17,526,467,3
111322,17,534,470,3
111338,17,531,455,3
111355,17,516,453,3
111372,17,518,463,3
111388,17,521,451,3
111405,17,523,459,3
111422,17,520,466,3
111438,17,514,473,3
111455,17,531,458,3
111471,17,523,457,3
111488,17,524,452,3
111505,17,519,451,3
111521,17,521,473,3
111538,17,520,477,3
111555,17,540,641,3
111571,17,568,647,3
111588,17,636,656,3
111688,100,549,926,0
111704,17,576,902,0
111721,17,580,929,0
111738,17,580,862,0
111754,17,569,864,0
111771,17,575,863,0
111788,17,578,838,0
111804,17,584,860,0
111821,17,584,862,0
111837,17,582,867,0
111854,17,586,854,0
111871,17,543,893,0
111887,17,530,891,0
111904,17,533,884,0
111921,17,525,893,0
111937,17,533,890,0
111954,17,535,882,0
111971,17,532,893,0
111987,17,531,884,0
112004,17,525,891,0
112020,17,532,887,0
112037,17,528,889,0
112054,17,511,898,0
112070,17,512,902,0
112087,17,504,901,0
112104,17,513,899,0
112120,17,515,897,0
112137,17,530,745,3
112154,17,533,633,3
112170,17,539,533,3
112187,17,524,469,3
112203,17,526,491,3
112220,17,531,491,3
112237,17,538,502,3
112253,17,534,492,3
112270,17,536,493,3
112287,17,536,501,3
112303,17,537,486,3
112320,17,537,499,3
112336,17,540,494,3
112353,17,539,504,3
112370,17,538,482,3
112386,17,535,483,3
112403,17,539,502,3
112420,17,541,502,3
112436,17,537,498,3
112453,17,532,495,3
112470,17,534,483,3
112486,17,540,493,3
112503,17,541,511,3
112519,17,540,499,3
112536,17,540,513,3
112553,17,542,513,3
112569,17,539,524,3
112586,17,542,506,3
112603,17,541,511,3
112619,17,539,504,3
112636,17,545,516,3
112653,17,539,505,3
112669,17,539,507,3
112686,17,541,502,3
112702,17,541,504,3
112719,17,545,494,3
112736,17,542,497,3
112752,17,545,497,3
112769,17,542,499,3
112786,17,538,502,3
112802,17,543,520,3
112819,17,538,490,3
112836,17,539,495,3
112852,17,540,501,3
112869,17,544,494,3
112885,17,544,511,3
112902,17,544,501,3
112919,17,539,488,3
112935,17,541,496,3
112952,17,535,496,3
112969,17,540,497,3
112985,17,539,495,3
113002,17,540,497,3
113019,17,541,505,3
113035,17,540,505,3
113052,17,541,496,3
113068,17,537,505,3
113085,17,542,520,3
113102,17,537,503,3
113118,17,539,499,3
113135,17,538,515,3
113152,17,548,522,3
113168,17,542,523,3
113185,17,540,519,3
113202,17,537,502,3
113218,17,539,505,3
113235,17,535,497,3
113251,17,534,495,3
113268,17,531,489,3
113285,17,543,502,3
113301,17,532,498,3
113318,17,534,502,3
113335,17,535,497,3
113351,17,533,522,3
113368,17,534,490,3
113384,17,529,508,3
113401,17,531,517,3
113418,17,529,493,3
113434,17,540,487,3
113451,17,529,505,3
113468,17,535,507,3
113484,17,543,491,3
113501,17,528,480,3
113518,17,524,488,3
113534,17,538,492,3
113551,17,537,518,3
113567,17,524,525,3
113584,17,526,728,3
113601,17,478,505,3
113750,150,569,952,0
113767,17,532,708,3
113784,17,522,506,3
113800,17,513,391,2
113817,17,519,435,3
113834,17,511,414,2
113850,17,510,419,5
113867,17,519,421,5
113884,17,516,403,2
113900,17,513,413,2
113917,17,508,405,2
113933,17,510,408,2
113950,17,513,422,3
113967,17,515,422,3
113983,17,520,413,2
114000,17,521,417,5
114017,17,510,400,2
114033,17,519,410,2
114050,17,512,423,3
114067,17,527,447,3
114083,17,508,408,2
114100,17,527,432,3
114116,17,521,427,3
114133,17,509,421,5
114150,17,498,406,2
114166,17,505,398,2
114183,17,499,394,2
114200,17,496,387,2
114216,17,497,393,2
114233,17,506,405,2
114250,17,507,421,5
114266,17,502,412,2
114283,17,497,398,2
114299,17,502,416,2
114316,17,506,422,3
114333,17,508,417,5
114349,17,507,421,5
114366,17,503,401,2
114383,17,508,415,2
114399,17,510,406,2
114416,17,506,440,3
114433,17,506,426,3
114449,17,504,413,2
114466,17,501,398,2
114482,17,499,395,2
114499,17,506,416,2
114516,17,501,415,2
114532,17,504,415,2
114549,17,504,410,2
114566,17,505,427,3
114582,17,505,405,2
114599,17,504,409,2
114615,17,504,415,2
114632,17,500,412,2
114649,17,502,405,2
114665,17,503,411,2
114682,17,500,410,2
114699,17,502,401,2
114715,17,502,414,2
114732,17,530,386,2
114749,17,531,387,2
114765,17,539,417,5
114782,17,539,421,5
114798,17,543,393,2
114815,17,539,405,2
114832,17,535,394,2
114848,17,543,409,2
114865,17,541,402,2
114882,17,535,384,2
114898,17,541,419,5
114915,17,537,391,2
114932,17,551,423,3
114948,17,575,384,2
114965,17,571,392,2
114981,17,568,391,2
114998,17,574,374,2
115015,17,569,388,2
115031,17,567,376,2
115048,17,573,377,2
115065,17,575,385,2
115081,17,574,388,2
115098,17,577,403,2
115115,17,574,391,2
115131,17,572,391,2
115148,17,567,378,2
115164,17,565,390,2
115181,17,568,391,2
115198,17,565,388,2
115214,17,571,401,2
115231,17,563,388,2
115248,17,515,435,3
115264,17,523,396,2
115281,17,518,419,5
115298,17,520,447,3
115314,17,523,439,3
115331,17,518,415,2
115347,17,522,422,3
115364,17,522,427,3
115381,17,522,409,2
115397,17,482,441,3
115414,17,370,544,3
115431,17,294,623,3
115447,17,191,672,3
115464,17,152,725,3
115481,17,164,720,3
115497,17,153,725,3
115514,17,149,725,3
115530,17,145,732,3
115547,17,138,720,3
115564,17,133,722,3
115580,17,150,725,3
115597,17,62,738,3
115614,17,156,722,3
115630,17,146,714,3
115647,17,196,819,0
115663,17,336,815,0
115680,17,474,868,0
115697,17,560,903,0
115713,17,559,892,0
115730,17,579,902,0
115747,17,498,981,0
115763,17,571,900,0
115780,17,571,900,0
115797,17,575,901,0
115813,17,573,897,0
115830,17,577,902,0
115846,17,575,896,0
115863,17,575,898,0
115880,17,577,897,0
115896,17,572,899,0
115913,17,578,895,0
115930,17,579,898,0
115946,17,578,899,0
115963,17,574,896,0
115980,17,572,900,0
115996,17,574,899,0
116013,17,559,917,0
116029,17,561,911,0
116046,17,558,910,0
116079,33,558,912,0
116096,17,556,911,0
116113,17,558,910,0
116129,17,557,910,0
116146,17,556,910,0
116163,17,554,910,0
116179,17,556,902,0
116196,17,540,712,3
116212,17,544,645,3
116229,17,521,517,3
116246,17,519,485,3
116262,17,524,466,3
116279,17,524,490,3
116296,17,528,494,3
116312,17,528,487,3
116329,17,527,492,3
116346,17,526,501,3
116362,17,519,446,3
116379,17,536,400,2
116395,17,528,441,3
116412,17,521,424,3
116429,17,536,440,3
116445,17,529,409,2
116462,17,534,434,3
116479,17,533,416,2
116495,17,531,432,3
116512,17,531,423,3
116529,17,522,410,2
116545,17,533,409,2
116562,17,533,422,3
116578,17,541,405,2
116595,17,533,430,3
116612,17,531,414,2
116628,17,527,424,3
116645,17,533,401,2
116662,17,530,435,3
116678,17,538,412,2
116695,17,546,423,3
116712,17,545,420,5
116728,17,545,411,2
116745,17,538,414,2
116761,17,533,407,2
116778,17,541,422,3
116795,17,535,398,2
116811,17,542,421,5
116828,17,535,405,2
116845,17,539,404,2
116861,17,535,411,2
116878,17,537,419,5
116894,17,539,414,2
116911,17,534,407,2
116928,17,539,429,3
116944,17,525,405,2
116961,17,538,405,2
116978,17,530,427,3
116994,17,542,427,3
117011,17,529,419,5
117028,17,527,458,3
117044,17,514,451,3
117061,17,532,442,3
117077,17,511,452,3
117094,17,527,448,3
117111,17,528,460,3
117127,17,509,442,3
117144,17,506,448,3
117161,17,510,442,3
117177,17,510,433,3
117194,17,511,467,3
117211,17,511,460,3
117227,17,511,449,3
117244,17,504,443,3
117260,17,512,437,3
117277,17,509,453,3
117294,17,510,460,3
117310,17,518,451,3
117327,17,506,445,3
117344,17,533,421,5
117360,17,549,389,2
117377,17,535,419,5
117394,17,551,396,2
117410,17,552,399,2
117427,17,548,402,2
117443,17,535,411,2
117460,17,545,396,2
117477,17,547,375,2
117493,17,538,388,2
117510,17,537,385,2
117527,17,533,401,2
117543,17,580,388,2
117560,17,573,392,2
117577,17,577,399,2
117593,17,581,404,2
117610,17,578,392,2
117626,17,571,399,2
117643,17,576,415,2
117660,17,580,400,2
117676,17,582,406,2
117693,17,587,401,2
117710,17,584,387,2
117726,17,577,390,2
117743,17,573,391,2
117760,17,579,403,2
117776,17,577,382,2
117793,17,577,398,2
117809,17,578,404,2
117826,17,578,400,2
117843,17,588,418,3
117859,17,581,407,2
117876,17,580,378,2
117893,17,572,394,2
117909,17,574,391,2
117926,17,572,389,2
117942,17,571,391,2
117959,17,572,392,2
117976,17,573,385,2
117992,17,539,403,2
118009,17,505,403,2
118026,17,516,418,5
118042,17,517,395,2
118059,17,508,419,5
118076,17,525,408,2
118092,17,503,412,2
118109,17,511,423,3
118125,17,518,428,3
118142,17,506,397,2
118159,17,508,396,2
118175,17,508,412,2
118192,17,525,419,5
118209,17,514,417,5
118225,17,525,413,2
118242,17,582,414,2
118259,17,573,401,2
118275,17,575,411,2
118292,17,580,415,2
118308,17,580,403,2
118325,17,580,402,2
118342,17,580,412,2
118358,17,574,403,2
118375,17,580,423,3
118392,17,580,403,2
118408,17,577,399,2
118425,17,577,407,2
118442,17,576,412,2
118458,17,584,407,2
118475,17,577,398,2
118491,17,579,409,2
118508,17,579,391,2
118525,17,542,463,3
118541,17,522,568,3
118558,17,524,557,3
118575,17,522,563,3
118591,17,531,559,3
118608,17,525,574,3
118625,17,530,574,3
118641,17,520,553,3
118658,17,527,564,3
118674,17,525,554,3
118691,17,526,567,3
118708,17,531,546,3
118724,17,524,560,3
118741,17,527,558,3
118758,17,538,561,3
118774,17,541,518,3
118791,17,539,544,3
118808,17,535,544,3
118824,17,535,531,3
118841,17,539,543,3
118857,17,527,539,3
118874,17,537,532,3
118891,17,530,546,3
118907,17,538,538,3
118924,17,538,519,3
118941,17,532,533,3
118957,17,541,549,3
118974,17,521,484,3
118991,17,514,425,3
119007,17,532,414,2
119024,17,525,427,3
119040,17,523,429,3
119057,17,523,420,5
119074,17,526,434,3
119090,17,523,438,3
119107,17,522,422,3
119124,17,519,407,2
119140,17,535,416,2
119157,17,531,422,3
119173,17,524,427,3
119190,17,538,422,3
119207,17,524,427,3
119223,17,525,430,3
119240,17,523,412,2
119257,17,528,432,3
119273,17,525,438,3
119290,17,526,442,3
119307,17,523,428,3
119323,17,542,421,5
119340,17,524,425,3
119356,17,527,421,5
119373,17,528,423,3
119390,17,521,423,3
119406,17,531,456,3
119423,17,541,526,3
119440,17,554,584,3
119456,17,590,675,3
119473,17,610,713,3
119490,17,615,779,0
119506,17,623,813,0
119523,17,556,841,0
119539,17,620,836,0
119556,17,628,831,0
119573,17,621,838,0
119589,17,628,850,0
119606,17,631,843,0
119623,17,635,831,0
119639,17,620,848,0
119656,17,621,840,0
119673,17,621,830,0
119689,17,638,827,0
119706,17,649,824,0
119722,17,612,802,0
119739,17,604,942,0
119856,116,838,928,0
119872,17,898,905,0
119889,17,865,834,0
119905,17,858,842,0
119922,17,856,837,0
119939,17,853,829,0
119955,17,857,820,0
119972,17,857,825,0
119989,17,857,824,0
120005,17,856,821,0
120022,17,827,853,0
120039,17,789,914,0
120088,50,794,893,0
120105,17,798,899,0
120122,17,798,897,0
120138,17,794,890,0
120155,17,795,900,0
120172,17,795,895,0
120188,17,795,891,0
120205,17,658,735,3
120222,17,626,642,3
120238,17,563,509,3
120255,17,526,443,3
120271,17,537,466,3
120288,17,540,462,3
120305,17,534,450,3
120321,17,541,443,3
120338,17,545,456,3
120355,17,541,450,3
120371,17,537,457,3
120388,17,545,457,3
120404,17,543,462,3
120421,17,543,462,3
120438,17,540,443,3
120454,17,555,463,3
120471,17,549,464,3
120488,17,547,479,3
120504,17,544,469,3
120521,17,553,478,3
120538,17,555,479,3
120554,17,553,476,3
120571,17,511,443,3
120587,17,518,433,3
120604,17,519,443,3
120621,17,519,419,5
120637,17,532,436,3
120654,17,518,412,2
120671,17,523,423,3
120687,17,524,447,3
120704,17,520,421,5
120721,17,522,434,3
120737,17,526,428,3
120754,17,522,413,2
120770,17,523,415,2
120787,17,517,426,3
120804,17,515,422,3
120820,17,516,431,3
120837,17,520,424,3
120854,17,528,423,3
120870,17,527,434,3
120887,17,519,429,3
120904,17,523,439,3
120920,17,516,429,3
120937,17,526,426,3
120953,17,527,423,3
120970,17,545,400,2
120987,17,566,418,5
121003,17,556,415,2
121020,17,570,405,2
121037,17,564,391,2
121053,17,562,392,2
121070,17,563,385,2
121087,17,570,408,2
121103,17,573,416,2
121120,17,565,417,5
121136,17,569,414,2
121153,17,566,416,2
121170,17,563,418,5
121186,17,567,421,5
121203,17,573,410,2
121220,17,556,419,5
121236,17,566,421,5
121253,17,563,414,2
121270,17,564,423,3
121286,17,568,411,2
121303,17,536,420,5
121319,17,543,427,3
121336,17,540,407,2
121353,17,537,406,2
121369,17,538,408,2
121386,17,537,413,2
121403,17,538,403,2
121419,17,539,405,2
121436,17,540,402,2
121452,17,539,424,3
121469,17,537,410,2
121486,17,539,401,2
121502,17,540,411,2
121519,17,537,414,2
121536,17,543,417,5
121552,17,540,398,2
121569,17,539,412,2
121586,17,540,417,5
121602,17,539,430,3
121619,17,538,412,2
121635,17,542,409,2
121652,17,538,416,2
121669,17,541,421,5
121685,17,535,400,2
121702,17,538,419,5
121719,17,536,413,2
121735,17,539,404,2
121752,17,537,420,5
121769,17,537,401,2
121785,17,539,424,3
121802,17,539,413,2
121818,17,537,420,5
121835,17,537,409,2
121852,17,532,401,2
121868,17,535,422,3
121885,17,537,421,5
121902,17,534,391,2
121918,17,530,392,2
121935,17,535,411,2
121952,17,530,396,2
121968,17,533,399,2
121985,17,539,423,3
122001,17,537,429,3
122018,17,534,410,2
122035,17,532,408,2
122051,17,534,408,2
122068,17,533,420,5
122085,17,536,407,2
122101,17,531,396,2
122118,17,534,407,2
122135,17,535,414,2
122151,17,532,407,2
122168,17,537,419,5
122184,17,531,398,2
122201,17,534,399,2
122218,17,534,415,2
122234,17,535,406,2
122251,17,534,412,2
122268,17,534,412,2
122284,17,532,416,2
122301,17,529,401,2
122318,17,530,411,2
122334,17,530,416,2
122351,17,530,412,2
122367,17,528,412,2
122384,17,532,426,3
122401,17,528,394,2
122417,17,532,422,3
122434,17,533,432,3
122451,17,529,420,5
122467,17,532,417,5
122484,17,526,413,2
122501,17,529,425,3
122517,17,528,401,2
122534,17,527,405,2
122550,17,520,392,2
122567,17,528,419,5
122584,17,524,396,2
122600,17,525,403,2
122617,17,520,399,2
122634,17,523,405,2
122650,17,526,426,3
122667,17,524,398,2
122683,17,523,388,2
122700,17,520,410,2
122717,17,523,398,2
122733,17,527,398,2
122750,17,523,396,2
122767,17,529,418,5
122783,17,526,408,2
122800,17,527,409,2
122817,17,524,406,2
122833,17,522,406,2
122850,17,514,429,3
122866,17,515,435,3
122883,17,518,436,3
122900,17,518,454,3
122916,17,520,452,3
122933,17,517,457,3
122950,17,514,446,3
122966,17,519,433,3
122983,17,514,450,3
123000,17,521,452,3
123016,17,520,441,3
123033,17,512,431,3
123049,17,513,448,3
123066,17,509,430,3
123083,17,521,450,3
123099,17,523,439,3
123116,17,517,418,5
123133,17,520,423,3
123149,17,535,443,3
123166,17,522,431,3
123183,17,528,417,5
123199,17,531,423,3
123216,17,530,435,3
123232,17,528,409,2
123249,17,522,420,5
123266,17,531,410,2
123282,17,532,435,3
123299,17,522,432,3
123316,17,520,417,5
123332,17,536,563,3
123349,17,551,719,3
123366,17,571,876,0
123382,17,583,980,0
123399,17,587,1055,0
123415,17,579,987,0
123432,17,565,841,0
123449,17,544,634,3
123465,17,532,420,5
123482,17,535,445,3
123499,17,539,443,3
123515,17,539,437,3
123532,17,538,419,5
123549,17,540,417,5
123565,17,543,431,3
123582,17,543,431,3
123598,17,540,428,3
123615,17,543,430,3
123632,17,545,430,3
123648,17,542,432,3
123665,17,545,434,3
123682,17,545,441,3
123698,17,541,431,3
123715,17,539,420,5
123731,17,540,413,2
123748,17,548,441,3
123765,17,552,444,3
123781,17,546,434,3
123798,17,551,433,3
123815,17,545,446,3
123831,17,540,437,3
123848,17,549,452,3
123865,17,548,436,3
123881,17,548,430,3
123898,17,542,426,3
123914,17,546,433,3
123931,17,544,442,3
123948,17,536,433,3
123964,17,540,417,5
123981,17,544,429,3
123998,17,544,421,5
124014,17,541,431,3
124031,17,543,434,3
124048,17,544,416,2
124064,17,543,422,3
124081,17,545,430,3
124097,17,538,421,5
124114,17,544,434,3
124131,17,543,425,3
124147,17,554,419,5
124164,17,551,425,3
124181,17,550,421,5
124197,17,550,404,2
124214,17,553,414,2
124231,17,548,422,3
124247,17,555,423,3
124264,17,547,407,2
124280,17,554,414,2
124297,17,550,414,2
124314,17,558,435,3
124330,17,556,431,3
124347,17,555,420,5
124364,17,553,406,2
124380,17,551,411,2
124397,17,547,407,2
124414,17,549,415,2
124430,17,516,424,3
124447,17,528,426,3
124463,17,521,417,5
124480,17,518,418,5
124497,17,523,416,2
124513,17,525,431,3
124530,17,519,421,5
124547,17,526,429,3
124563,17,522,427,3
124580,17,509,424,3
124597,17,441,442,3
124613,17,438,447,3
124630,17,431,452,3
124646,17,439,455,3
124663,17,434,432,3
124680,17,429,455,3
124696,17,372,464,3
124713,17,378,516,3
124730,17,390,521,3
124746,17,363,530,3
124763,17,386,517,3
124780,17,389,538,3
124796,17,390,521,3
124813,17,389,538,3
124829,17,384,513,3
124846,17,388,527,3
124863,17,372,550,3
124879,17,353,534,3
124896,17,375,544,3
124913,17,361,535,3
124929,17,372,530,3
124946,17,364,505,3
124962,17,371,546,3
124979,17,363,541,3
124996,17,351,543,3
125012,17,376,524,3
125029,17,351,545,3
125046,17,366,552,3
125062,17,370,546,3
125079,17,385,519,3
125096,17,476,429,3
125112,17,550,343,4
125129,17,588,308,4
125145,17,587,284,0
125162,17,598,291,4
125179,17,592,294,4
125195,17,592,291,4
125212,17,595,268,0
125229,17,596,294,4
125245,17,598,285,0
125262,17,594,277,0
125279,17,596,291,4
125295,17,595,287,0
125312,17,595,270,0
125328,17,573,309,4
125345,17,519,280,0
125362,17,530,283,0
125378,17,522,281,0
125395,17,520,287,0
125412,17,521,294,4
125428,17,519,279,0
125445,17,521,266,0
125462,17,522,297,4
125478,17,521,278,0
125495,17,519,292,4
125511,17,522,285,0
125528,17,516,274,0
125545,17,516,276,0
125561,17,519,274,0
125578,17,518,285,0
125595,17,525,247,1
125611,17,525,266,0
125628,17,513,280,0
125645,17,519,254,1
125661,17,518,256,1
125678,17,511,261,0
125694,17,506,260,0
125711,17,515,262,0
125728,17,521,250,1
125744,17,519,279,0
125761,17,520,270,0
125778,17,523,258,1
125794,17,521,266,0
125811,17,518,265,0
125828,17,514,259,1
125844,17,514,260,0
125861,17,480,308,4
125877,17,498,416,2
125894,17,503,419,5
125911,17,507,443,3
125927,17,501,443,3
125944,17,503,430,3
125961,17,500,433,3
125977,17,509,459,3
125994,17,502,431,3
126010,17,499,423,3
126027,17,503,458,3
126044,17,500,435,3
126060,17,501,417,5
126077,17,524,421,5
126094,17,562,443,3
126110,17,552,419,5
126127,17,558,419,5
126144,17,560,429,3
126160,17,559,444,3
126177,17,568,447,3
126193,17,557,435,3
126210,17,559,437,3
126227,17,558,420,5
126243,17,560,450,3
126260,17,560,434,3
126277,17,567,441,3
126293,17,570,460,3
126310,17,559,425,3
126327,17,561,440,3
126343,17,569,438,3
126360,17,564,443,3
126376,17,563,434,3
126393,17,628,396,2
126410,17,694,353,0
126426,17,710,329,0
126443,17,736,321,0
126460,17,713,339,0
126476,17,729,311,0
126493,17,715,337,0
126510,17,722,327,0
126543,33,722,345,0
126543,0,722,345,0
126559,17,737,336,0
126576,17,710,314,0
126593,17,718,330,0
126609,17,734,314,0
126626,17,716,330,0
126643,17,714,321,0
126659,17,720,297,0
126676,17,715,340,0
126693,17,715,332,0
126709,17,715,336,0
126726,17,716,332,0
126742,17,713,330,0
126759,17,719,335,0
126776,17,743,333,0
126792,17,739,338,0
126809,17,736,355,0
126826,17,735,336,0
126842,17,734,330,0
126859,17,737,353,0
126876,17,744,356,0
126892,17,735,354,0
126909,17,742,349,0
126925,17,750,343,0
126942,17,755,333,0
126959,17,735,333,0
126975,17,739,341,0
126992,17,741,333,0
127009,17,737,345,0
127025,17,738,364,0
127042,17,734,330,0
127059,17,766,352,0
127075,17,743,344,0
127092,17,747,374,2
127108,17,745,356,0
127125,17,753,352,0
127142,17,739,332,0
127158,17,742,362,0
127175,17,738,349,0
127192,17,744,354,0
127208,17,749,358,0
127225,17,744,374,2
127241,17,739,348,0
127258,17,609,454,3
127275,17,568,438,3
127291,17,565,451,3
127308,17,561,428,3
127325,17,569,436,3
127341,17,562,444,3
127358,17,563,447,3
127375,17,555,431,3
127391,17,542,457,3
127408,17,556,790,0
127524,116,281,923,0
127541,17,562,798,0
127558,17,544,578,3
127574,17,541,406,2
127591,17,543,420,5
127607,17,537,441,3
127624,17,546,429,3
127641,17,548,448,3
127657,17,549,437,3
127674,17,550,424,3
127691,17,554,453,3
127707,17,556,449,3
127724,17,544,436,3
127741,17,547,451,3
127757,17,555,449,3
127774,17,547,417,5
127790,17,549,454,3
127807,17,552,450,3
127824,17,547,441,3
127840,17,535,417,5
127857,17,545,432,3
127874,17,537,429,3
127890,17,542,432,3
127907,17,530,424,3
127924,17,547,435,3
127940,17,546,447,3
127957,17,536,440,3
127973,17,541,440,3
127990,17,539,451,3
128007,17,536,451,3
128023,17,537,429,3
128040,17,538,442,3
128057,17,533,430,3
128073,17,535,439,3
128090,17,536,440,3
128107,17,539,436,3
128123,17,536,450,3
128140,17,534,444,3
128156,17,533,457,3
128173,17,527,448,3
128190,17,529,452,3
128206,17,540,428,3
128223,17,540,437,3
128240,17,541,441,3
128256,17,543,444,3
128273,17,548,419,5
128289,17,541,450,3
128306,17,543,408,2
128323,17,545,421,5
128339,17,545,435,3
128356,17,545,418,5
128373,17,541,426,3
128389,17,542,422,3
128406,17,542,430,3
128423,17,544,418,5
128439,17,543,434,3
128456,17,530,492,3
128472,17,526,566,3
128489,17,531,578,3
128506,17,530,617,3
128522,17,530,593,3
128539,17,528,578,3
128556,17,531,587,3
128572,17,527,578,3
128589,17,529,589,3
128606,17,530,593,3
128622,17,529,593,3
128639,17,528,568,3
128655,17,528,567,3
128672,17,530,575,3
128689,17,526,574,3
128705,17,523,567,3
128722,17,522,576,3
128739,17,527,562,3
128755,17,520,553,3
128772,17,509,578,3
128789,17,514,583,3
128805,17,506,593,3
128822,17,508,594,3
128838,17,506,579,3
128855,17,511,581,3
128872,17,515,576,3
128888,17,514,606,3
128905,17,516,599,3
128922,17,558,578,3
128938,17,664,574,3
128955,17,683,552,3
128972,17,695,566,3
128988,17,699,575,3
129005,17,687,541,3
129021,17,694,561,3
129038,17,694,567,3
129055,17,691,547,3
129071,17,694,571,3
129088,17,701,628,3
129105,17,682,582,3
129121,17,591,635,3
129204,83,617,571,3
129221,17,737,910,0
129238,17,723,661,3
129254,17,687,513,3
129271,17,699,542,3
129288,17,698,546,3
129304,17,694,540,3
129321,17,703,545,3
129338,17,703,538,3
129354,17,699,537,3
129371,17,701,547,3
129387,17,718,550,3
129404,17,716,555,3
129421,17,718,582,3
129437,17,721,559,3
129454,17,723,559,3
129471,17,718,542,3
129487,17,721,542,3
129504,17,716,562,3
129520,17,717,570,3
129537,17,718,559,3
129554,17,717,548,3
129570,17,717,538,3
129587,17,605,589,3
129604,17,520,568,3
129620,17,542,573,3
129637,17,519,573,3
129654,17,526,569,3
129670,17,529,596,3
129687,17,524,583,3
129703,17,525,584,3
129720,17,526,569,3
129737,17,526,567,3
129753,17,520,570,3
129770,17,529,586,3
129787,17,526,593,3
129803,17,519,571,3
129820,17,522,536,3
129837,17,534,469,3
129853,17,538,438,3
129870,17,548,452,3
129886,17,547,437,3
129903,17,551,443,3
129920,17,552,444,3
129936,17,550,446,3
129953,17,549,446,3
129970,17,549,431,3
129986,17,550,444,3
130003,17,544,442,3
130020,17,538,397,2
130036,17,539,347,4
130053,17,540,335,4
130069,17,546,349,4
130086,17,547,366,2
130103,17,549,357,4
130119,17,546,357,4
130136,17,546,361,4
130153,17,545,364,4
130169,17,547,362,4
130186,17,537,346,4
130203,17,548,368,2
130219,17,548,352,4
130236,17,541,355,4
130252,17,544,347,4
130269,17,542,339,4
130286,17,546,371,2
130302,17,551,368,2
130319,17,549,360,4
130336,17,547,360,4
130352,17,550,350,4
130369,17,552,378,2
130386,17,560,413,2
130402,17,561,405,2
130419,17,556,384,2
130435,17,558,392,2
130452,17,554,381,2
130469,17,559,405,2
130485,17,559,415,2
130502,17,559,414,2
130519,17,559,403,2
130535,17,555,409,2
130552,17,559,397,2
130568,17,557,411,2
130585,17,557,418,5
130602,17,555,395,2
130618,17,559,403,2
130635,17,554,404,2
130652,17,549,388,2
130668,17,535,493,3
130685,17,546,560,3
130702,17,536,544,3
130718,17,535,545,3
130735,17,540,544,3
130751,17,539,560,3
130768,17,542,556,3
130785,17,540,556,3
130801,17,539,550,3
130818,17,545,564,3
130835,17,538,543,3
130851,17,542,558,3
130868,17,538,547,3
130885,17,498,590,3
130901,17,516,596,3
130918,17,507,607,3
130934,17,513,587,3
130951,17,511,601,3
130968,17,511,596,3
130984,17,504,586,3
131001,17,502,591,3
131018,17,514,603,3
131034,17,502,636,3
131051,17,527,755,3
131068,17,532,837,0
131084,17,524,810,0
131101,17,530,837,0
131117,17,529,822,0
131134,17,530,833,0
131151,17,532,833,0
131167,17,532,827,0
131184,17,534,830,0
131201,17,533,832,0
131217,17,531,833,0
131234,17,535,828,0
131251,17,539,834,0
131267,17,425,910,0
131284,17,543,830,0
131300,17,521,655,3
131317,17,515,572,3
131334,17,505,511,3
131350,17,512,506,3
131367,17,511,491,3
131384,17,514,513,3
131400,17,516,508,3
131417,17,519,517,3
131434,17,520,498,3
131450,17,512,454,3
131467,17,516,478,3
131483,17,521,455,3
131500,17,527,459,3
131517,17,520,452,3
131533,17,528,458,3
131550,17,519,455,3
131567,17,519,468,3
131583,17,521,467,3
131600,17,519,466,3
131617,17,523,463,3
131633,17,521,483,3
131650,17,516,451,3
131666,17,530,470,3
131683,17,527,572,3
131700,17,534,687,3
131716,17,543,770,0
131733,17,539,765,3
131750,17,540,783,0
131766,17,540,774,0
131783,17,541,783,0
131799,17,541,782,0
131816,17,542,777,0
131833,17,541,781,0
131849,17,538,781,0
131866,17,541,782,0
131883,17,538,782,0
131899,17,539,765,3
131916,17,539,779,0
131933,17,562,834,0
131949,17,552,817,0
131982,33,557,827,0
131982,0,557,827,0
131999,17,557,837,0
132016,17,558,831,0
132032,17,555,834,0
132049,17,555,815,0
132066,17,559,830,0
132082,17,593,834,0
132099,17,716,837,0
132116,17,801,862,0
132132,17,782,851,0
132149,17,795,855,0
132165,17,800,856,0
132182,17,797,864,0
132199,17,800,853,0
132215,17,799,855,0
132232,17,794,852,0
132249,17,791,854,0
132265,17,779,841,0
132282,17,660,673,3
132299,17,593,620,3
132315,17,575,522,3
132332,17,568,487,3
132348,17,566,487,3
132365,17,569,468,3
132382,17,573,481,3
132398,17,569,480,3
132415,17,554,469,3
132432,17,563,476,3
132448,17,573,475,3
132465,17,562,475,3
132482,17,566,492,3
132498,17,565,488,3
132515,17,574,501,3
132531,17,562,493,3
132548,17,563,475,3
132565,17,568,504,3
132581,17,562,474,3
132598,17,528,534,3
132615,17,530,545,3
132631,17,531,562,3
132648,17,538,560,3
132665,17,542,554,3
132681,17,528,564,3
132698,17,531,546,3
132714,17,535,559,3
132731,17,531,549,3
132748,17,535,538,3
132764,17,530,553,3
132781,17,532,566,3
132798,17,533,544,3
132814,17,531,547,3
132831,17,526,548,3
132848,17,527,543,3
132864,17,535,544,3
132881,17,532,541,3
132897,17,531,544,3
132914,17,531,548,3
132931,17,539,562,3
132947,17,533,540,3
132964,17,530,560,3
132981,17,534,550,3
132997,17,524,517,3
133014,17,522,516,3
133030,17,528,533,3
133047,17,528,508,3
133064,17,522,514,3
133080,17,521,503,3
133097,17,523,512,3
133114,17,522,538,3
133130,17,528,527,3
133147,17,525,531,3
133164,17,517,522,3
133180,17,519,508,3
133197,17,521,499,3
133213,17,533,488,3
133230,17,526,501,3
133247,17,525,475,3
133263,17,526,495,3
133280,17,525,496,3
133297,17,533,481,3
133313,17,532,477,3
133330,17,533,480,3
133347,17,527,486,3
133363,17,523,475,3
133380,17,524,475,3
133396,17,513,478,3
133413,17,533,442,3
133430,17,547,441,3
133446,17,545,427,3
133463,17,553,444,3
133480,17,547,441,3
133496,17,550,450,3
133513,17,548,435,3
133530,17,554,447,3
133546,17,549,422,3
133563,17,548,461,3
133579,17,551,433,3
133596,17,554,449,3
133613,17,555,444,3
133629,17,552,459,3
133646,17,554,444,3
133663,17,550,453,3
133679,17,550,488,3
133696,17,578,831,0
133713,17,572,807,0
133729,17,583,1050,0
133762,33,585,1011,0
133779,17,607,1062,0
133796,17,580,813,0
133812,17,559,629,3
133829,17,557,517,3
133846,17,557,508,3
133862,17,552,502,3
133879,17,554,505,3
133896,17,559,516,3
133912,17,562,510,3
133929,17,554,494,3
133945,17,556,506,3
133962,17,556,497,3
133979,17,558,514,3
133995,17,556,509,3
134012,17,556,490,3
134029,17,562,516,3
134045,17,531,516,3
134062,17,534,515,3
134078,17,528,507,3
134095,17,526,529,3
134112,17,527,509,3
134128,17,527,507,3
134145,17,529,509,3
134162,17,526,486,3
134178,17,528,511,3
134195,17,524,510,3
134212,17,531,511,3
134228,17,529,507,3
134245,17,528,489,3
134261,17,530,506,3
134278,17,534,514,3
134295,17,534,673,3
134311,17,294,543,3
134428,116,555,958,0
134444,17,562,943,0
134461,17,535,686,3
134478,17,528,506,3
134494,17,518,419,5
134511,17,523,451,3
134528,17,529,458,3
134544,17,526,438,3
134561,17,526,448,3
134578,17,529,466,3
134594,17,532,460,3
134611,17,521,448,3
134627,17,418,519,3
134644,17,386,545,3
134661,17,390,560,3
134677,17,384,564,3
134694,17,397,563,3
134711,17,379,543,3
134727,17,390,554,3
134744,17,381,563,3
134761,17,391,559,3
134777,17,377,554,3
134794,17,381,591,3
134810,17,389,599,3
134827,17,395,602,3
134844,17,392,581,3
134860,17,388,584,3
134877,17,388,568,3
134894,17,389,599,3
134910,17,383,594,3
134927,17,390,603,3
134944,17,373,572,3
134960,17,387,581,3
134993,33,400,590,3
134993,0,400,590,3
135010,17,372,579,3
135027,17,395,607,3
135043,17,404,572,3
135060,17,496,590,3
135077,17,517,587,3
135093,17,531,582,3
135110,17,535,593,3
135127,17,531,594,3
135143,17,525,582,3
135160,17,531,575,3
135176,17,532,583,3
135193,17,525,576,3
135210,17,529,594,3
135226,17,538,592,3
135243,17,624,583,3
135260,17,636,574,3
135276,17,646,579,3
135293,17,647,587,3
135309,17,644,567,3
135326,17,642,570,3
135343,17,644,575,3
135359,17,630,581,3
135376,17,528,479,3
135393,17,516,457,3
135409,17,519,474,3
135426,17,514,450,3
135443,17,521,463,3
135459,17,513,444,3
135476,17,519,460,3
135492,17,519,469,3
135509,17,520,468,3
135526,17,508,447,3
135542,17,522,451,3
135559,17,515,461,3
135576,17,528,469,3
135592,17,522,461,3
135609,17,545,539,3
135626,17,568,642,3
135642,17,581,728,3
135659,17,584,777,0
135675,17,581,768,0
135692,17,583,780,0
135709,17,587,783,0
135725,17,587,780,0
135742,17,584,784,0
135759,17,596,790,0
135775,17,591,779,0
135792,17,590,779,0
135809,17,597,785,0
135825,17,587,780,0
135842,17,568,735,3
135858,17,553,714,3
135875,17,556,857,0
135892,17,527,604,3
135908,17,490,473,3
136008,100,544,841,0
136025,17,537,846,0
136041,17,525,614,3
136058,17,513,437,3
136075,17,504,456,3
136091,17,522,458,3
136108,17,519,449,3
136125,17,505,436,3
136141,17,511,443,3
136158,17,524,446,3
136175,17,530,461,3
136191,17,524,432,3
136208,17,522,436,3
136224,17,513,434,3
136241,17,524,438,3
136258,17,525,443,3
136274,17,522,433,3
136291,17,529,443,3
136308,17,527,463,3
136324,17,525,438,3
136341,17,522,446,3
136357,17,515,459,3
136374,17,530,459,3
136391,17,525,430,3
136407,17,525,442,3
136424,17,518,450,3
136441,17,528,436,3
136457,17,524,459,3
136474,17,531,447,3
136491,17,517,440,3
136507,17,529,443,3
136524,17,532,441,3
136540,17,526,459,3
136557,17,525,439,3
136574,17,527,475,3
136590,17,530,483,3
136607,17,516,459,3
136624,17,532,470,3
136640,17,532,459,3
136657,17,532,461,3
136674,17,516,466,3
136690,17,515,460,3
136707,17,528,446,3
136723,17,526,468,3
136740,17,510,495,3
136757,17,521,535,3
136773,17,509,531,3
136790,17,520,560,3
136807,17,514,541,3
136823,17,503,550,3
136840,17,523,551,3
136857,17,519,552,3
136873,17,516,552,3
136890,17,514,541,3
136906,17,509,559,3
136923,17,515,556,3
136940,17,509,548,3
136956,17,505,537,3
136973,17,517,543,3
136990,17,520,556,3
137006,17,512,543,3
137023,17,521,556,3
137040,17,520,538,3
137056,17,509,548,3
137073,17,526,515,3
137089,17,531,468,3
137106,17,534,470,3
137123,17,535,460,3
137139,17,536,478,3
137156,17,531,461,3
137173,17,536,471,3
137189,17,539,468,3
137206,17,537,483,3
137223,17,531,468,3
137239,17,535,481,3
137256,17,538,460,3
137272,17,532,460,3
137289,17,536,485,3
137306,17,535,476,3
137322,17,535,474,3
137339,17,535,478,3
137356,17,528,463,3
137372,17,533,448,3
137389,17,524,465,3
137406,17,539,459,3
137422,17,530,462,3
137439,17,525,447,3
137455,17,524,427,3
137472,17,526,457,3
137489,17,527,442,3
137505,17,524,448,3
137522,17,523,445,3
137539,17,523,442,3
137555,17,522,445,3
137572,17,527,444,3
137588,17,519,446,3
137605,17,524,437,3
137622,17,525,449,3
137638,17,515,448,3
137655,17,523,452,3
137672,17,525,438,3
137688,17,528,428,3
137705,17,513,447,3
137722,17,525,436,3
137738,17,524,460,3
137755,17,527,433,3
137771,17,529,461,3
137788,17,524,431,3
137805,17,528,454,3
137821,17,517,434,3
137838,17,521,433,3
137855,17,528,452,3
137871,17,523,441,3
137888,17,524,451,3
137905,17,523,443,3
137921,17,517,431,3
137938,17,509,433,3
137954,17,522,444,3
137971,17,515,447,3
137988,17,529,452,3
138004,17,515,446,3
138021,17,516,447,3
138038,17,519,450,3
138054,17,515,458,3
138071,17,511,458,3
138088,17,524,460,3
138104,17,517,476,3
138121,17,519,459,3
138137,17,520,452,3
138154,17,516,455,3
138171,17,519,444,3
138187,17,514,452,3
138204,17,531,454,3
138221,17,516,469,3
138237,17,519,446,3
138254,17,520,448,3
138271,17,516,451,3
138287,17,518,435,3
138304,17,514,447,3
138320,17,519,448,3
138337,17,511,437,3
138354,17,522,453,3
138370,17,522,461,3
138387,17,537,467,3
138404,17,535,455,3
138420,17,513,435,3
138437,17,528,431,3
138454,17,515,464,3
138470,17,520,447,3
138487,17,531,457,3
138503,17,538,442,3
138520,17,547,432,3
138537,17,531,433,3
138553,17,535,434,3
138570,17,532,416,2
138587,17,548,416,2
138603,17,529,441,3
138620,17,530,418,5
138636,17,531,436,3
138653,17,530,438,3
138670,17,533,444,3
138686,17,528,431,3
138703,17,531,439,3
138720,17,525,433,3
138736,17,531,458,3
138753,17,545,427,3
138770,17,535,431,3
138786,17,542,426,3
138803,17,554,415,2
138819,17,556,433,3
138836,17,552,402,2
138853,17,552,400,2
138869,17,546,411,2
138886,17,556,430,3
138903,17,548,420,5
138919,17,553,416,2
138936,17,544,413,2
138953,17,541,416,2
138969,17,555,420,5
138986,17,543,435,3
139002,17,559,430,3
139019,17,559,446,3
139036,17,559,434,3
139052,17,556,408,2
139069,17,556,417,5
139086,17,542,447,3
139102,17,513,451,3
139119,17,526,446,3
139136,17,510,466,3
139152,17,527,454,3
139169,17,517,469,3
139185,17,512,456,3
139202,17,521,444,3
139219,17,512,457,3
139235,17,513,467,3
139252,17,507,459,3
139269,17,523,460,3
139285,17,514,458,3
139302,17,515,464,3
139319,17,521,468,3
139335,17,512,460,3
139352,17,514,466,3
139368,17,507,461,3
139385,17,510,452,3
139402,17,509,465,3
139418,17,507,456,3
139435,17,507,451,3
139452,17,513,451,3
139468,17,507,446,3
139485,17,514,461,3
139502,17,512,464,3
139518,17,519,487,3
139535,17,536,723,3
139551,17,571,1003,0
139651,100,584,1026,0
139668,17,559,798,0
139685,17,547,621,3
139701,17,535,456,3
139718,17,539,493,3
139734,17,544,475,3
139751,17,540,480,3
139768,17,536,472,3
139784,17,540,486,3
139801,17,540,473,3
139818,17,547,497,3
139834,17,542,476,3
139851,17,541,459,3
139867,17,543,481,3
139884,17,548,473,3
139901,17,543,465,3
139917,17,539,455,3
139934,17,545,479,3
139951,17,546,471,3
139967,17,544,477,3
139984,17,545,474,3
140001,17,546,467,3
140017,17,542,458,3
140034,17,553,467,3
140050,17,555,475,3
140067,17,558,470,3
140084,17,550,444,3
140100,17,556,459,3
140117,17,558,450,3
140134,17,555,459,3
140150,17,557,456,3
140167,17,562,451,3
140184,17,562,463,3
140200,17,557,438,3
140217,17,558,447,3
140233,17,549,445,3
140250,17,560,437,3
140267,17,554,467,3
140283,17,566,458,3
140300,17,564,438,3
140317,17,559,441,3
140333,17,552,436,3
140350,17,565,444,3
140367,17,565,437,3
140383,17,555,449,3
140400,17,550,447,3
140416,17,554,425,3
140433,17,558,444,3
140450,17,556,452,3
140466,17,532,455,3
140483,17,535,465,3
140500,17,529,457,3
140516,17,542,459,3
140533,17,518,447,3
140550,17,531,450,3
140566,17,525,456,3
140583,17,529,453,3
140599,17,527,442,3
140616,17,541,433,3
140633,17,522,452,3
140649,17,525,450,3
140666,17,523,455,3
140683,17,525,448,3
140699,17,516,460,3
140716,17,542,447,3
140733,17,538,441,3
140749,17,550,485,3
140766,17,547,504,3
140782,17,544,494,3
140799,17,535,493,3
140816,17,543,510,3
140832,17,533,606,3
140849,17,545,603,3
140866,17,526,636,3
140882,17,539,632,3
140899,17,539,622,3
140916,17,539,633,3
140932,17,532,628,3
140949,17,534,636,3
140965,17,530,631,3
140982,17,522,640,3
140999,17,530,639,3
141015,17,534,631,3
141032,17,520,590,3
141049,17,529,520,3
141065,17,512,464,3
141082,17,535,482,3
141098,17,513,464,3
141115,17,528,463,3
141132,17,536,475,3
141148,17,518,463,3
141165,17,519,463,3
141182,17,532,466,3
141198,17,524,470,3
141215,17,517,458,3
141232,17,526,469,3
141248,17,521,483,3
141265,17,532,418,5
141281,17,546,411,2
141298,17,531,415,2
141315,17,550,414,2
141331,17,540,422,3
141348,17,548,427,3
141365,17,543,422,3
141381,17,537,420,5
141398,17,552,415,2
141415,17,543,436,3
141431,17,549,403,2
141448,17,551,418,5
141464,17,554,437,3
141481,17,554,429,3
141498,17,550,415,2
141514,17,552,433,3
141531,17,553,444,3
141548,17,537,428,3
141564,17,545,432,3
141581,17,551,422,3
141598,17,538,428,3
141614,17,545,420,5
141631,17,498,428,3
141647,17,462,436,3
141664,17,473,450,3
141681,17,468,440,3
141697,17,463,425,3
141714,17,460,433,3
141731,17,458,437,3
141747,17,471,431,3
141764,17,466,442,3
141781,17,448,428,3
141797,17,468,441,3
141814,17,450,422,3
141830,17,467,444,3
141847,17,453,442,3
141864,17,469,430,3
141880,17,465,431,3
141897,17,464,426,3
141914,17,461,421,3
141930,17,467,427,3
141947,17,481,438,3
141964,17,482,444,3
141980,17,494,430,3
141997,17,495,438,3
142013,17,496,417,5
142030,17,492,430,3
142047,17,492,433,3
142063,17,487,431,3
142080,17,485,428,3
142097,17,488,439,3
142113,17,486,432,3
142130,17,490,429,3
142146,17,493,423,3
142163,17,493,435,3
142180,17,492,427,3
142196,17,487,426,3
142213,17,484,423,3
142230,17,484,419,5
142246,17,485,435,3
142263,17,485,423,3
142280,17,483,427,3
142296,17,485,440,3
142313,17,451,424,3
142329,17,463,412,2
142346,17,456,402,2
142363,17,464,424,3
142379,17,458,426,3
142396,17,458,413,2
142413,17,464,436,3
142429,17,456,410,2
142446,17,459,429,3
142463,17,449,423,3
142479,17,463,431,3
142496,17,460,428,3
142579,83,517,485,3
142596,17,518,490,3
142612,17,524,502,3
142629,17,520,491,3
142646,17,519,485,3
142662,17,513,490,3
142679,17,520,513,3
142695,17,516,492,3
142712,17,518,497,3
142729,17,515,485,3
142745,17,520,490,3
142762,17,517,510,3
142779,17,514,490,3
142795,17,508,499,3
142812,17,514,502,3
142829,17,513,477,3
142845,17,517,501,3
142862,17,517,496,3
142878,17,514,485,3
142895,17,515,478,3
142912,17,513,478,3
142928,17,518,479,3
142945,17,518,493,3
142962,17,514,498,3
142995,33,477,456,3
142995,0,477,456,3
143012,17,491,472,3
143028,17,471,465,3
143045,17,480,471,3
143061,17,481,477,3
143078,17,490,479,3
143095,17,480,476,3
143111,17,480,456,3
143128,17,488,485,3
143145,17,497,468,3
143161,17,485,476,3
143178,17,480,480,3
143195,17,481,468,3
143211,17,483,478,3
143228,17,491,490,3
143244,17,486,491,3
143261,17,493,472,3
143278,17,485,463,3
143294,17,470,468,3
143311,17,480,468,3
143328,17,485,470,3
143344,17,471,480,3
143361,17,474,479,3
143377,17,477,474,3
143394,17,472,483,3
143411,17,482,466,3
143427,17,481,459,3
143444,17,478,476,3
143461,17,472,465,3
143477,17,508,470,3
143494,17,500,450,3
143511,17,501,453,3
143527,17,525,453,3
143544,17,508,454,3
143560,17,523,445,3
143577,17,527,459,3
143594,17,497,456,3
143610,17,508,464,3
143627,17,515,465,3
143644,17,497,442,3
143660,17,516,462,3
143677,17,512,463,3
143694,17,507,469,3
143710,17,544,545,3
143727,17,570,618,3
143743,17,563,613,3
143760,17,565,605,3
143777,17,565,612,3
143793,17,562,617,3
143810,17,559,619,3
143827,17,563,617,3
143843,17,565,618,3
143860,17,569,607,3
143877,17,569,620,3
143893,17,567,623,3
143910,17,566,621,3
143926,17,542,559,3
143943,17,539,530,3
143960,17,524,495,3
143993,33,512,461,3
144010,17,509,444,3
144026,17,509,444,3
144043,17,506,439,3
144060,17,517,438,3
144076,17,510,450,3
144093,17,504,456,3
144109,17,518,434,3
144126,17,500,459,3
144143,17,515,459,3
144159,17,523,455,3
144176,17,512,456,3
144193,17,511,500,3
144209,17,506,621,3
144226,17,509,716,3
144243,17,518,816,0
144259,17,519,812,0
144276,17,523,817,0
144292,17,516,819,0
144309,17,528,838,0
144326,17,520,832,0
144342,17,522,830,0
144359,17,530,837,0
144376,17,531,806,0
144392,17,482,705,3
144409,17,472,635,3
144425,17,466,546,3
144442,17,441,507,3
144459,17,445,493,3
144475,17,442,495,3
144492,17,465,496,3
144509,17,468,508,3
144525,17,450,512,3
144542,17,479,494,3
144559,17,503,422,3
144575,17,491,433,3
144592,17,490,428,3
144608,17,508,433,3
144625,17,508,419,5
144642,17,506,423,3
144658,17,506,442,3
144675,17,497,420,5
144692,17,488,423,3
144708,17,511,448,3
144725,17,509,433,3
144742,17,399,428,3
144758,17,343,408,2
144775,17,355,419,3
144791,17,347,416,2
144808,17,354,426,3
144825,17,346,407,2
144841,17,356,415,2
144858,17,346,396,2
144875,17,350,421,3
144891,17,352,395,2
144908,17,339,406,2
144925,17,366,403,2
144941,17,421,400,2
144958,17,434,429,3
144974,17,461,409,2
144991,17,459,408,2
145008,17,434,404,2
145024,17,441,418,3
145041,17,448,408,2
145058,17,435,392,2
145074,17,455,421,3
145091,17,432,409,2
145108,17,395,420,3
145124,17,331,534,3
145141,17,286,607,3
145157,17,293,593,3
145174,17,275,608,3
145191,17,266,611,3
145207,17,296,605,3
145224,17,305,593,3
145241,17,295,617,3
145257,17,280,600,3
145274,17,299,607,3
145291,17,288,601,3
145307,17,284,606,3
145324,17,203,670,3
145340,17,217,651,3
145357,17,215,663,3
145374,17,225,659,3
145390,17,210,652,3
145407,17,219,665,3
145424,17,226,664,3
145440,17,224,665,3
145457,17,233,666,3
145474,17,223,660,3
145490,17,220,669,3
145507,17,224,663,3
145523,17,218,654,3
145540,17,180,670,3
145557,17,156,671,3
145573,17,182,677,3
145590,17,154,676,3
145607,17,160,669,3
145623,17,176,668,3
145640,17,182,662,3
145656,17,166,669,3
145673,17,174,669,3
145690,17,175,663,3
145706,17,174,672,3
145723,17,186,658,3
145740,17,208,580,3
145756,17,219,548,3
145773,17,233,540,3
145790,17,216,536,3
145806,17,223,553,3
145823,17,238,537,3
145839,17,226,533,3
145856,17,236,536,3
145873,17,279,513,3
145889,17,384,497,3
145906,17,488,449,3
145923,17,494,452,3
145939,17,497,433,3
145956,17,507,439,3
145973,17,491,444,3
145989,17,488,450,3
146006,17,499,452,3
146022,17,497,443,3
146039,17,502,447,3
146056,17,490,438,3
146072,17,507,447,3
146089,17,487,434,3
146106,17,489,449,3
146122,17,483,442,3
146139,17,492,455,3
146156,17,504,449,3
146172,17,494,449,3
146189,17,500,435,3
146205,17,486,446,3
146222,17,493,436,3
146239,17,506,451,3
146255,17,509,458,3
146272,17,504,445,3
146289,17,496,434,3
146305,17,502,448,3
146322,17,509,458,3
146339,17,531,434,3
146355,17,523,420,5
146372,17,543,431,3
146388,17,541,453,3
146405,17,534,445,3
146422,17,533,432,3
146438,17,537,430,3
146455,17,531,427,3
146472,17,540,430,3
146488,17,544,416,2
146505,17,532,437,3
146522,17,534,426,3
146538,17,544,426,3
146555,17,553,417,5
146571,17,538,418,5
146588,17,551,412,2
146605,17,553,413,2
146621,17,537,400,2
146638,17,546,403,2
146655,17,547,408,2
146671,17,537,398,2
146688,17,537,408,2
146704,17,546,422,3
146721,17,496,445,3
146738,17,353,407,2
146754,17,272,440,3
146771,17,245,450,3
146788,17,251,454,3
146804,17,237,446,3
146821,17,262,439,3
146838,17,264,437,3
146854,17,239,440,3
146871,17,250,442,3
146887,17,265,431,3
146904,17,224,440,3
146921,17,267,443,3
146937,17,262,436,3
146954,17,390,380,2
146971,17,456,409,2
146987,17,424,398,2
147004,17,456,402,2
147021,17,459,400,2
147037,17,455,403,2
147054,17,457,406,2
147070,17,454,402,2
147087,17,437,418,3
147104,17,468,402,2
147120,17,462,397,2
147137,17,449,405,2
147154,17,463,405,2
147170,17,458,391,2
147187,17,462,402,2
147204,17,464,398,2
147220,17,452,409,2
147237,17,468,411,2
147253,17,469,407,2
147270,17,457,413,2
147287,17,468,399,2
147303,17,454,411,2
147320,17,444,398,2
147337,17,433,384,2
147353,17,464,394,2
147370,17,466,388,2
147387,17,467,391,2
147403,17,458,397,2
147420,17,452,389,2
147436,17,452,396,2
147453,17,445,404,2
147470,17,465,396,2
147486,17,456,417,2
147503,17,503,415,2
147520,17,490,432,3
147536,17,510,415,2
147553,17,494,410,2
147570,17,509,410,2
147586,17,502,417,5
147603,17,510,431,3
147619,17,510,429,3
147636,17,508,436,3
147653,17,494,441,3
147669,17,516,545,3
147686,17,516,694,3
147703,17,515,756,3
147719,17,536,731,3
147736,17,525,622,3
147753,17,523,539,3
147769,17,530,550,3
147786,17,534,560,3
147802,17,536,554,3
147819,17,534,561,3
147836,17,536,555,3
147852,17,539,566,3
147869,17,542,564,3
147886,17,540,556,3
147902,17,540,563,3
147919,17,466,688,3
147935,17,459,792,0
147952,17,459,861,0
147969,17,433,829,0
147985,17,460,859,0
148002,17,461,860,0
148019,17,452,862,0
148035,17,456,859,0
148052,17,458,855,0
148069,17,451,853,0
148085,17,460,857,0
148118,33,328,899,0
148135,17,307,899,0
148152,17,302,899,0
148168,17,302,903,0
148185,17,301,900,0
148202,17,301,895,0
148218,17,302,897,0
148235,17,299,901,0
148252,17,299,901,0
148268,17,298,897,0
148285,17,306,900,0
148301,17,304,904,0
148318,17,299,901,0
148335,17,304,898,0
148351,17,319,907,0
148385,33,534,917,0
148385,0,534,917,0
148401,17,517,918,0
148418,17,532,923,0
148435,17,533,915,0
148451,17,535,922,0
148468,17,526,874,0
148484,17,520,678,3
148501,17,526,587,3
148518,17,495,517,3
148534,17,516,520,3
148551,17,525,524,3
148568,17,508,516,3
148584,17,529,503,3
148601,17,503,413,2
148618,17,528,436,3
148634,17,505,415,2
148651,17,519,422,3
148667,17,524,428,3
148684,17,522,414,2
148701,17,524,429,3
148717,17,506,407,2
148734,17,514,407,2
148751,17,505,432,3
148767,17,513,418,5
148784,17,524,422,3
148801,17,508,415,2
148817,17,505,418,5
148834,17,518,417,5
148850,17,504,424,3
148867,17,517,440,3
148884,17,495,418,5
148900,17,519,427,3
148917,17,495,414,2
148934,17,519,419,5
148950,17,514,403,2
148967,17,534,415,2
148983,17,518,425,3
149000,17,535,425,3
149017,17,514,414,2
149033,17,525,410,2
149050,17,529,415,2
149067,17,529,420,5
149083,17,529,399,2
149100,17,597,381,2
149117,17,699,337,0
149133,17,705,371,2
149150,17,728,347,0
149166,17,717,346,0
149183,17,724,342,0
149200,17,722,360,0
149216,17,723,347,0
149233,17,722,357,0
149250,17,726,333,0
149266,17,723,333,0
149283,17,742,350,0
149300,17,740,329,0
149316,17,734,338,0
149333,17,740,346,0
149349,17,741,355,0
149366,17,750,356,0
149383,17,737,338,0
149399,17,743,376,2
149416,17,739,351,0
149433,17,749,348,0
149449,17,738,352,0
149466,17,752,367,2
149483,17,741,347,0
149499,17,744,353,0
149516,17,651,366,2
149532,17,534,387,2
149549,17,439,366,2
149566,17,450,387,2
149582,17,455,379,2
149599,17,449,373,2
149616,17,458,372,2
149632,17,445,385,2
149649,17,454,367,2
149666,17,458,376,2
149682,17,453,386,2
149699,17,370,364,0
149715,17,318,382,2
149732,17,302,378,2
149749,17,287,357,0
149765,17,296,363,0
149782,17,296,375,2
149799,17,288,368,2
149815,17,308,373,2
149832,17,296,388,2
149849,17,294,366,2
149865,17,315,379,2
149882,17,325,378,2
149898,17,295,401,2
149915,17,293,379,2
149932,17,299,371,2
149948,17,447,500,3
149965,17,504,630,3
149982,17,505,592,3
149998,17,515,626,3
150015,17,513,609,3
150032,17,512,611,3
150048,17,507,613,3
150065,17,511,611,3
150081,17,508,605,3
150098,17,508,599,3
150115,17,548,683,3
150131,17,536,675,3
150148,17,536,674,3
150165,17,541,672,3
150181,17,538,669,3
150198,17,538,670,3
150214,17,540,671,3
150231,17,538,666,3
150248,17,536,674,3
150264,17,536,672,3
150281,17,535,671,3
150298,17,534,651,3
150314,17,534,625,3
150331,17,538,640,3
150348,17,536,647,3
150364,17,534,639,3
150381,17,535,644,3
150397,17,539,659,3
150414,17,535,642,3
150431,17,536,647,3
150447,17,539,659,3
150464,17,535,645,3
150481,17,537,641,3
150497,17,532,561,3
150514,17,539,498,3
150531,17,536,430,3
150547,17,546,419,5
150564,17,538,405,2
150580,17,544,431,3
150597,17,538,410,2
150614,17,539,403,2
150630,17,545,411,2
150647,17,540,416,2
150664,17,538,404,2
150680,17,540,418,5
150697,17,537,413,2
150714,17,538,411,2
150730,17,537,412,2
150747,17,540,419,5
150763,17,539,405,2
150780,17,516,413,2
150797,17,444,404,2
150813,17,427,413,2
150830,17,430,417,2
150847,17,429,401,2
150863,17,424,404,2
150880,17,434,401,2
150897,17,431,434,3
150913,17,420,428,3
150930,17,427,407,2
150946,17,434,411,2
150963,17,379,466,3
150996,33,335,495,3
150996,0,335,495,3
151013,17,337,512,3
151030,17,328,515,3
151046,17,343,516,3
151063,17,336,514,3
151080,17,327,513,3
151096,17,336,514,3
151113,17,340,516,3
151129,17,335,518,3
151146,17,340,514,3
151163,17,340,521,3
151179,17,391,436,3
151196,17,468,425,3
151213,17,482,419,3
151229,17,484,400,2
151246,17,485,402,2
151263,17,484,417,5
151279,17,485,415,2
151296,17,487,402,2
151312,17,486,417,5
151329,17,486,415,2
151346,17,485,417,5
151362,17,485,415,2
151379,17,485,427,3
151396,17,488,408,2
151412,17,487,419,5
151429,17,483,399,2
151445,17,490,416,2
151462,17,487,403,2
151479,17,489,410,2
151495,17,484,391,2
151512,17,483,407,2
151529,17,485,394,2
151545,17,486,417,5
151562,17,486,427,3
151579,17,504,433,3
151595,17,497,444,3
151612,17,493,429,3
151628,17,496,423,3
151645,17,498,422,3
151662,17,500,418,5
151678,17,500,410,2
151695,17,503,422,3
151712,17,501,427,3
151728,17,503,429,3
151745,17,507,452,3
151762,17,505,438,3
151778,17,505,434,3
151795,17,510,434,3
151811,17,504,425,3
151828,17,497,424,3
151845,17,509,431,3
151861,17,511,431,3
151878,17,506,441,3
151895,17,498,436,3
151911,17,513,433,3
151928,17,518,445,3
151945,17,503,428,3
151961,17,515,437,3
151978,17,504,439,3
151994,17,510,435,3
152011,17,512,437,3
152028,17,509,430,3
152044,17,495,455,3
152061,17,533,427,3
152078,17,580,885,0
152227,150,559,760,3
152244,17,544,454,3
152261,17,538,438,3
152277,17,528,429,3
152294,17,545,433,3
152311,17,531,423,3
152327,17,540,431,3
152344,17,544,436,3
152360,17,546,431,3
152377,17,545,429,3
152394,17,541,422,3
152410,17,546,444,3
152427,17,537,430,3
152444,17,548,436,3
152460,17,539,430,3
152477,17,547,426,3
152493,17,547,441,3
152510,17,549,454,3
152527,17,546,435,3
152543,17,539,439,3
152560,17,535,422,3
152577,17,551,446,3
152593,17,546,441,3
152610,17,542,424,3
152627,17,544,433,3
152643,17,548,445,3
152660,17,555,425,3
152676,17,546,440,3
152693,17,668,525,3
152710,17,780,556,3
152726,17,793,583,3
152743,17,802,545,3
152760,17,798,555,3
152776,17,794,563,3
152793,17,799,539,3
152810,17,797,563,3
152826,17,799,566,3
152843,17,787,547,3
152859,17,789,546,3
152876,17,789,560,3
152893,17,797,584,3
152909,17,794,560,3
152926,17,795,573,3
152943,17,793,569,3
152959,17,771,577,3
152976,17,763,582,3
152993,17,764,585,3
153009,17,760,579,3
153026,17,759,566,3
153042,17,760,581,3
153059,17,757,571,3
153076,17,758,567,3
153092,17,763,602,3
153109,17,669,555,3
153126,17,603,466,3
153142,17,570,427,3
153159,17,560,413,2
153176,17,551,416,2
153192,17,554,406,2
153209,17,558,427,3
153225,17,559,414,2
153242,17,557,419,5
153259,17,564,425,3
153275,17,556,419,5
153292,17,554,410,2
153309,17,570,438,3
153325,17,564,414,2
153342,17,547,442,3
153359,17,511,388,2
153375,17,509,391,2
153392,17,509,407,2
153408,17,510,404,2
153425,17,509,402,2
153442,17,489,399,2
153458,17,511,379,2
153475,17,515,374,2
153492,17,509,392,2
153508,17,506,388,2
153525,17,479,390,2
153542,17,423,403,2
153558,17,431,397,2
153575,17,417,393,2
153591,17,425,385,2
153608,17,423,410,2
153625,17,438,431,3
153641,17,435,398,2
153658,17,418,396,2
153675,17,431,407,2
153691,17,423,399,2
153708,17,425,404,2
153724,17,339,384,2
153741,17,303,390,2
153758,17,296,399,2
153774,17,295,432,3
153791,17,318,418,3
153808,17,292,400,2
153824,17,296,424,3
153841,17,292,420,3
153858,17,319,420,3
153874,17,294,407,2
153891,17,290,399,2
153907,17,322,415,2
153924,17,289,401,2
153941,17,319,410,2
153957,17,224,426,3
153974,17,209,425,3
153991,17,184,432,3
154007,17,209,419,3
154024,17,162,412,0
154041,17,170,429,3
154057,17,174,428,3
154074,17,210,420,3
154090,17,172,427,3
154107,17,180,435,3
154124,17,171,444,3
154140,17,103,419,3
154157,17,194,441,3
154174,17,161,417,3
154190,17,169,431,3
154207,17,169,426,3
154224,17,166,416,3
154240,17,164,417,3
154257,17,173,419,3
154273,17,168,428,3
154290,17,172,444,3
154307,17,194,416,2
154323,17,193,432,3
154340,17,180,443,3
154357,17,174,390,0
154373,17,168,383,0
154390,17,166,373,0
154407,17,203,393,2
154423,17,172,400,0
154440,17,168,405,0
154456,17,173,386,0
154473,17,174,396,0
154490,17,167,405,0
154506,17,169,380,0
154523,17,170,391,0
154540,17,164,381,0
154556,17,235,407,2
154573,17,346,475,3
154590,17,435,441,3
154606,17,469,434,3
154623,17,481,435,3
154639,17,476,434,3
154656,17,487,422,3
154673,17,483,419,3
154689,17,481,415,2
154706,17,480,438,3
154723,17,488,426,3
154739,17,482,422,3
154756,17,489,422,3
154772,17,488,434,3
154789,17,487,423,3
154806,17,490,436,3
154822,17,483,416,2
154839,17,487,447,3
154856,17,487,414,2
154872,17,495,428,3
154889,17,488,402,2
154906,17,433,441,3
154922,17,397,471,3
154939,17,403,467,3
154955,17,397,471,3
154972,17,398,480,3
154989,17,408,472,3
155005,17,395,480,3
155022,17,411,491,3
155039,17,406,476,3
155055,17,346,522,3
155072,17,319,514,3
155089,17,334,534,3
155105,17,338,540,3
155122,17,333,525,3
155138,17,348,537,3
155155,17,351,539,3
155172,17,332,525,3
155188,17,317,516,3
155205,17,341,522,3
155222,17,322,549,3
155238,17,324,543,3
155255,17,323,550,3
155272,17,326,531,3
155288,17,322,552,3
155305,17,325,537,3
155321,17,320,535,3
155338,17,322,542,3
155355,17,335,442,3
155371,17,324,447,3
155388,17,351,445,3
155405,17,331,444,3
155421,17,355,440,3
155438,17,346,438,3
155455,17,352,445,3
155471,17,336,465,3
155488,17,357,458,3
155504,17,335,453,3
155521,17,330,447,3
155538,17,331,427,3
155554,17,420,445,3
155571,17,500,455,3
155588,17,481,444,3
155604,17,499,465,3
155621,17,496,467,3
155638,17,498,464,3
155654,17,498,464,3
155671,17,506,455,3
155687,17,509,448,3
155704,17,504,459,3
155721,17,505,462,3
155737,17,504,465,3
155754,17,490,467,3
155771,17,518,486,3
155787,17,574,601,3
155804,17,623,708,3
155821,17,655,822,0
155837,17,656,872,0
155854,17,662,856,0
155870,17,655,864,0
155887,17,673,881,0
155904,17,661,870,0
155920,17,667,856,0
155937,17,665,865,0
155954,17,661,867,0
155970,17,729,895,0
155987,17,811,907,0
156003,17,827,908,0
156020,17,836,910,0
156037,17,830,907,0
156053,17,833,910,0
156070,17,831,913,0
156087,17,833,908,0
156103,17,828,910,0
156120,17,830,907,0
156137,17,828,907,0
156153,17,828,908,0
156170,17,828,905,0
156186,17,828,906,0
156203,17,872,880,0
156220,17,985,834,0
156236,17,1069,804,0
156253,17,1088,790,0
156270,17,1091,791,0
156286,17,1092,793,0
156303,17,1091,788,0
156320,17,1091,790,0
156336,17,1090,792,0
156353,17,1093,790,0
156369,17,1097,789,0
156386,17,1117,762,0
156403,17,1106,769,0
156419,17,1107,768,0
156436,17,1105,768,0
156453,17,1111,766,0
156469,17,1113,771,0
156486,17,1066,749,0
156503,17,884,638,3
156519,17,754,592,3
156536,17,623,499,3
156552,17,606,509,3
156569,17,593,489,3
156586,17,600,495,3
156602,17,597,484,3
156619,17,603,513,3
156636,17,599,514,3
156652,17,597,489,3
156669,17,600,490,3
156686,17,528,443,3
156702,17,516,416,2
156719,17,515,411,2
156735,17,512,406,2
156752,17,514,404,2
156769,17,515,414,2
156785,17,511,404,2
156802,17,528,405,2
156819,17,517,430,3
156835,17,518,416,2
156852,17,521,403,2
156869,17,522,407,2
156885,17,524,421,5
156902,17,522,402,2
156918,17,442,420,3
156935,17,332,398,2
156952,17,329,421,3
156968,17,303,437,3
156985,17,274,401,2
157002,17,308,413,2
157018,17,309,439,3
157035,17,308,431,3
157051,17,306,431,3
157068,17,307,445,3
157085,17,298,444,3
157101,17,269,444,3
157118,17,278,452,3
157135,17,278,451,3
157151,17,250,454,3
157168,17,288,453,3
157185,17,279,443,3
157201,17,283,454,3
157218,17,285,444,3
157234,17,291,451,3
157251,17,269,460,3
157268,17,277,456,3
157284,17,272,440,3
157301,17,274,436,3
157318,17,259,472,3
157334,17,259,463,3
157351,17,269,461,3
157368,17,267,442,3
157384,17,274,464,3
157401,17,384,455,3
157417,17,493,409,2
157434,17,466,449,3
157451,17,503,411,2
157467,17,486,425,3
157484,17,496,415,2
157501,17,477,419,3
157517,17,498,431,3
157534,17,501,421,5
157551,17,501,426,3
157567,17,503,423,3
157584,17,502,414,2
157600,17,488,428,3
157617,17,491,433,3
157634,17,485,427,3
157650,17,510,394,2
157667,17,530,374,2
157684,17,524,389,2
157700,17,531,366,2
157717,17,531,367,2
157734,17,533,396,2
157750,17,534,391,2
157767,17,528,389,2
157783,17,531,390,2
157800,17,532,374,2
157817,17,530,381,2
157833,17,537,381,2
157850,17,532,375,2
157867,17,534,386,2
157883,17,533,393,2
157900,17,534,383,2
157917,17,531,360,4
157933,17,536,378,2
157950,17,544,403,2
157966,17,549,441,3
157983,17,539,431,3
158000,17,551,426,3
158016,17,546,422,3
158033,17,545,406,2
158050,17,547,424,3
158066,17,532,425,3
158083,17,550,416,2
158100,17,538,421,5
158116,17,543,411,2
158133,17,530,431,3
158149,17,546,434,3
158166,17,541,415,2
158183,17,560,410,2
158199,17,556,403,2
158216,17,562,414,2
158233,17,566,413,2
158249,17,561,403,2
158266,17,563,413,2
158282,17,565,413,2
158299,17,558,413,2
158316,17,561,416,2
158332,17,552,406,2
158349,17,553,412,2
158366,17,559,409,2
158382,17,552,409,2
158399,17,559,425,3
158416,17,553,403,2
158432,17,563,442,3
158449,17,551,396,2
158465,17,552,416,2
158482,17,500,397,2
158499,17,503,403,2
158515,17,495,407,2
158532,17,499,409,2
158549,17,496,396,2
158565,17,496,388,2
158582,17,498,406,2
158599,17,499,408,2
158615,17,496,394,2
158632,17,496,398,2
158648,17,496,403,2
158665,17,496,402,2
158682,17,501,407,2
158698,17,501,399,2
158715,17,497,415,2
158732,17,494,401,2
158748,17,497,413,2
158765,17,498,408,2
158782,17,496,400,2
158798,17,503,421,5
158815,17,499,407,2
158831,17,493,405,2
158848,17,495,403,2
158865,17,491,397,2
158881,17,496,393,2
158898,17,501,417,5
158915,17,493,401,2
158931,17,491,399,2
158948,17,515,442,3
158965,17,486,401,2
158981,17,494,410,2
158998,17,459,384,2
159014,17,475,390,2
159031,17,466,401,2
159048,17,463,404,2
159064,17,445,391,2
159081,17,468,409,2
159098,17,468,404,2
159114,17,462,385,2
159131,17,461,391,2
159148,17,447,391,2
159164,17,466,396,2
159181,17,460,392,2
159197,17,465,393,2
159214,17,446,401,2
159231,17,457,398,2
159247,17,449,391,2
159264,17,441,370,2
159281,17,463,407,2
159297,17,459,390,2
159314,17,457,395,2
159330,17,460,398,2
159347,17,444,369,2
159364,17,455,374,2
159380,17,452,408,2
159397,17,450,393,2
159414,17,452,381,2
159430,17,454,404,2
159447,17,454,405,2
159464,17,463,372,2
159480,17,455,397,2
159497,17,449,392,2
159513,17,463,412,2
159530,17,465,409,2
159547,17,500,426,3
159563,17,495,421,5
159580,17,496,442,3
159597,17,490,425,3
159613,17,494,428,3
159630,17,490,419,5
159647,17,495,439,3
159663,17,498,442,3
159680,17,494,430,3
159696,17,497,440,3
159713,17,493,435,3
159730,17,496,430,3
159746,17,493,434,3
159763,17,490,432,3
159780,17,492,420,5
159796,17,495,447,3
159813,17,518,541,3
159830,17,533,678,3
159846,17,541,661,3
159863,17,537,676,3
159879,17,539,674,3
159896,17,536,677,3
159913,17,538,670,3
159929,17,538,674,3
159946,17,539,671,3
159963,17,531,673,3
159979,17,526,649,3
159996,17,500,541,3
160013,17,493,476,3
160029,17,487,441,3
160046,17,493,452,3
160062,17,495,454,3
160079,17,493,455,3
160096,17,501,461,3
160112,17,498,441,3
160129,17,496,451,3
160146,17,492,453,3
160162,17,494,462,3
160179,17,497,459,3
160196,17,502,457,3
160212,17,500,466,3
160229,17,496,464,3
160245,17,499,448,3
160262,17,505,444,3
160279,17,502,445,3
160295,17,501,441,3
160312,17,500,453,3
160329,17,503,441,3
160345,17,504,445,3
160362,17,499,437,3
160379,17,500,438,3
160395,17,497,439,3
160412,17,504,438,3
160428,17,488,439,3
160445,17,502,437,3
160462,17,508,436,3
160478,17,489,440,3
160495,17,488,431,3
160512,17,508,441,3
160528,17,484,444,3
160545,17,497,447,3
160561,17,485,428,3
160578,17,507,457,3
160595,17,501,441,3
160611,17,483,434,3
160628,17,501,437,3
160645,17,499,437,3
160661,17,487,444,3
160678,17,510,443,3
160695,17,476,426,3
160711,17,488,429,3
160728,17,471,432,3
160744,17,463,420,3
160761,17,479,421,3
160778,17,483,409,2
160794,17,481,414,2
160811,17,464,418,3
160828,17,385,359,0
160844,17,327,377,2
160861,17,316,375,2
160878,17,305,360,0
160894,17,310,366,2
160911,17,307,367,2
160927,17,317,380,2
160944,17,306,362,0
160961,17,315,384,2
160977,17,315,400,2
160994,17,306,385,2
161011,17,307,382,2
161027,17,250,421,3
161044,17,257,485,3
161061,17,239,460,3
161077,17,265,517,3
161094,17,254,486,3
161110,17,244,495,3
161127,17,252,501,3
161144,17,252,491,3
161160,17,252,495,3
161177,17,241,502,3
161194,17,235,484,3
161210,17,256,479,3
161227,17,191,462,3
161244,17,187,412,2
161260,17,177,366,0
161277,17,171,355,0
161293,17,160,358,0
161310,17,177,365,0
161327,17,168,359,0
161343,17,166,353,0
161360,17,171,365,0
161377,17,168,364,0
161393,17,177,357,0
161410,17,238,307,0
161427,17,307,262,0
161443,17,342,189,1
161460,17,334,206,1
161476,17,357,206,1
161493,17,346,189,1
161510,17,347,179,1
161526,17,331,199,1
161543,17,352,185,1
161560,17,338,183,1
161576,17,343,181,1
161593,17,353,193,1
161610,17,351,181,1
161626,17,342,208,1
161643,17,440,327,4
161659,17,507,388,2
161676,17,473,381,2
161693,17,510,411,2
161709,17,483,397,2
161726,17,495,404,2
161743,17,505,398,2
161759,17,505,394,2
161776,17,485,401,2
161792,17,482,406,2
161809,17,484,403,2
161826,17,481,389,2
161842,17,524,396,2
161859,17,529,395,2
161876,17,537,397,2
161892,17,541,392,2
161909,17,536,391,2
161926,17,527,408,2
161942,17,537,413,2
161959,17,526,395,2
161975,17,537,422,3
161992,17,540,416,2
162009,17,537,402,2
162025,17,533,404,2
162042,17,533,407,2
162059,17,548,415,2
162075,17,539,417,5
162092,17,604,556,3
162109,17,617,611,3
162125,17,617,611,3
162142,17,632,656,3
162158,17,630,638,3
162175,17,619,634,3
162192,17,622,654,3
162208,17,621,648,3
162225,17,630,653,3
162242,17,627,644,3
162258,17,630,664,3
162275,17,628,652,3
162292,17,623,640,3
162308,17,626,647,3
162325,17,624,624,3
162341,17,623,643,3
162358,17,625,639,3
162375,17,630,658,3
162391,17,631,657,3
162408,17,630,657,3
162425,17,630,649,3
162441,17,629,655,3
162458,17,632,646,3
162475,17,626,653,3
162491,17,633,658,3
162508,17,630,652,3
162524,17,626,654,3
162541,17,631,665,3
162558,17,628,656,3
162574,17,599,621,3
162591,17,530,517,3
162608,17,508,445,3
162624,17,520,418,5
162641,17,519,425,3
162658,17,507,419,5
162674,17,506,419,5
162691,17,519,417,5
162707,17,509,416,2
162724,17,517,419,5
162741,17,524,425,3
162757,17,518,420,5
162774,17,519,417,5
162791,17,524,398,2
162807,17,539,410,2
162824,17,537,390,2
162840,17,538,395,2
162857,17,540,405,2
162874,17,554,411,2
162890,17,554,399,2
162907,17,541,396,2
162924,17,539,395,2
162940,17,542,398,2
162957,17,558,404,2
162974,17,552,416,2
162990,17,555,397,2
163007,17,562,415,2
163023,17,558,408,2
163040,17,556,387,2
163057,17,551,390,2
163073,17,487,401,2
163090,17,448,396,2
163107,17,441,394,2
163123,17,434,394,2
163140,17,460,394,2
163157,17,452,392,2
163173,17,459,395,2
163190,17,443,414,2
163206,17,461,414,2
163223,17,465,411,2
163240,17,454,412,2
163256,17,457,409,2
163273,17,445,398,2
163290,17,450,378,2
163306,17,441,391,2
163323,17,450,401,2
163340,17,319,502,3
163356,17,227,555,3
163373,17,202,611,3
163389,17,198,589,3
163406,17,187,593,3
163423,17,203,602,3
163439,17,178,605,3
163456,17,181,601,3
163473,17,190,596,3
163489,17,169,589,3
163506,17,198,606,3
163523,17,206,601,3
163539,17,196,601,3
163556,17,187,593,3
163572,17,177,595,3
163589,17,192,594,3
163606,17,204,597,3
163622,17,205,602,3
163639,17,173,601,3
163656,17,177,598,3
163672,17,194,606,3
163689,17,173,591,3
163706,17,194,602,3
163722,17,191,610,3
163739,17,241,591,3
163755,17,327,606,3
163772,17,419,574,3
163789,17,513,563,3
163805,17,532,495,3
163822,17,540,451,3
163839,17,543,449,3
163855,17,545,444,3
163872,17,550,431,3
163889,17,549,432,3
163905,17,544,428,3
163922,17,552,435,3
163938,17,551,436,3
163955,17,551,448,3
163972,17,549,433,3
163988,17,552,447,3
164005,17,550,414,2
164022,17,555,448,3
164038,17,548,435,3
164055,17,549,428,3
164071,17,548,427,3
164088,17,546,408,2
164105,17,550,445,3
164121,17,547,427,3
164138,17,550,417,5
164155,17,552,437,3
164171,17,544,425,3
164188,17,549,417,5
164205,17,545,442,3
164221,17,544,432,3
164238,17,552,446,3
164254,17,550,435,3
164271,17,546,439,3
164288,17,547,448,3
164304,17,549,435,3
164321,17,544,432,3
164338,17,545,432,3
164354,17,540,426,3
164371,17,549,437,3
164388,17,546,424,3
164404,17,543,430,3
164421,17,543,432,3
164437,17,543,448,3
164454,17,540,424,3
164471,17,542,445,3
164487,17,542,452,3
164504,17,544,418,5
164521,17,536,439,3
164537,17,540,422,3
164554,17,544,443,3
164571,17,540,424,3
164587,17,540,419,5
164604,17,540,441,3
164620,17,540,451,3
164637,17,542,430,3
164654,17,541,459,3
164670,17,542,435,3
164687,17,540,430,3
164704,17,537,438,3
164720,17,545,455,3
164737,17,543,449,3
164754,17,546,441,3
164770,17,544,446,3
164787,17,517,443,3
164803,17,508,462,3
164820,17,506,438,3
164837,17,506,460,3
164853,17,508,453,3
164870,17,507,450,3
164887,17,505,454,3
164903,17,503,436,3
164920,17,507,442,3
164937,17,504,438,3
164953,17,513,434,3
164970,17,513,440,3
164986,17,498,438,3
165003,17,512,437,3
165020,17,513,447,3
165036,17,492,433,3
165053,17,503,449,3
165070,17,508,439,3
165086,17,512,447,3
165103,17,512,436,3
165119,17,617,408,2
165136,17,707,378,2
165153,17,693,377,2
165169,17,707,377,2
165186,17,704,374,2
165203,17,717,371,2
165219,17,714,390,2
165236,17,702,382,2
165253,17,715,387,2
165269,17,711,405,2
165286,17,702,401,2
165302,17,703,384,2
165319,17,696,384,2
165336,17,704,386,2
165352,17,705,381,2
165369,17,699,399,2
165386,17,702,371,2
165402,17,694,363,0
165419,17,715,394,2
165436,17,705,375,2
165452,17,713,399,2
165469,17,710,389,2
165485,17,706,376,2
165502,17,707,388,2
165519,17,698,379,2
165535,17,707,382,2
165552,17,708,368,2
165569,17,702,383,2
165585,17,701,379,2
165602,17,706,365,2
165619,17,712,394,2
165635,17,705,381,2
165652,17,699,386,2
165668,17,706,375,2
165685,17,704,383,2
165702,17,706,379,2
165718,17,700,374,2
165735,17,696,370,2
165752,17,699,378,2
165768,17,705,379,2
165785,17,699,378,2
165802,17,707,380,2
165818,17,697,376,2
165835,17,696,374,2
165851,17,702,365,2
165868,17,702,398,2
165885,17,631,408,2
165901,17,581,433,3
165918,17,572,405,2
165935,17,570,408,2
165951,17,569,420,5
165968,17,571,411,2
165985,17,570,415,2
166001,17,567,417,5
166018,17,570,402,2
166034,17,569,423,3
166051,17,569,413,2
166068,17,573,417,2
166084,17,566,414,2
166101,17,567,416,2
166118,17,570,419,3
166134,17,568,413,2
166151,17,566,397,2
166168,17,570,419,3
166184,17,565,412,2
166201,17,567,404,2
166217,17,569,413,2
166234,17,563,410,2
166251,17,567,414,2
166267,17,567,410,2
166284,17,535,420,5
166301,17,509,426,3
166317,17,519,421,5
166334,17,514,426,3
166350,17,518,439,3
166367,17,516,427,3
166384,17,514,433,3
166400,17,518,436,3
166417,17,521,436,3
166434,17,518,420,5
166450,17,520,423,3
166467,17,520,424,3
166484,17,520,424,3
166500,17,516,434,3
166517,17,510,412,2
166533,17,517,443,3
166550,17,514,416,2
166567,17,518,421,5
166583,17,518,430,3
166600,17,521,447,3
166617,17,507,432,3
166633,17,513,450,3
166650,17,512,432,3
166667,17,507,437,3
166683,17,504,431,3
166700,17,510,448,3
166716,17,506,441,3
166733,17,501,427,3
166750,17,513,460,3
166766,17,508,449,3
166783,17,510,435,3
166800,17,508,435,3
166816,17,506,439,3
166833,17,500,443,3
166850,17,505,443,3
166866,17,450,486,3
166883,17,357,490,3
166899,17,329,471,3
166916,17,337,474,3
166933,17,330,465,3
166949,17,334,481,3
166966,17,335,471,3
166983,17,331,464,3
166999,17,330,496,3
167016,17,337,491,3
167033,17,334,471,3
167049,17,332,473,3
167066,17,331,459,3
167082,17,369,488,3
167099,17,437,452,3
167116,17,440,459,3
167132,17,461,476,3
167149,17,470,584,3
167166,17,519,878,0
167232,67,446,457,3
167249,17,576,1042,0
167265,17,556,810,0
167282,17,535,615,3
167299,17,529,451,3
167315,17,523,443,3
167332,17,519,444,3
167349,17,521,451,3
167398,50,524,457,3
167398,0,524,457,3
167415,17,519,438,3
167432,17,522,447,3
167448,17,521,423,3
167465,17,521,441,3
167482,17,526,446,3
167498,17,518,436,3
167515,17,518,441,3
167532,17,520,430,3
167548,17,521,439,3
167565,17,519,430,3
167581,17,519,429,3
167598,17,519,437,3
167615,17,517,444,3
167631,17,520,434,3
167648,17,516,439,3
167665,17,517,435,3
167681,17,517,437,3
167698,17,516,457,3
167715,17,515,439,3
167731,17,513,431,3
167748,17,498,463,3
167764,17,544,840,0
167781,17,488,544,3
167898,116,615,767,0
167914,17,603,563,3
167931,17,561,414,2
167947,17,588,411,2
167964,17,583,406,2
167981,17,590,400,2
167997,17,593,407,2
168014,17,595,428,3
168031,17,593,408,2
168047,17,591,413,2
168064,17,592,422,3
168081,17,593,407,2
168097,17,583,421,3
168114,17,563,419,5
168130,17,568,419,5
168147,17,564,425,3
168164,17,568,419,5
168180,17,565,413,2
168197,17,563,439,3
168214,17,564,409,2
168230,17,559,427,3
168247,17,564,406,2
168264,17,561,430,3
168280,17,527,448,3
168297,17,538,430,3
168313,17,529,418,5
168330,17,531,438,3
168347,17,532,429,3
168363,17,530,417,5
168380,17,534,443,3
168397,17,531,426,3
168413,17,535,441,3
168430,17,538,430,3
168447,17,534,420,5
168463,17,534,421,5
168480,17,536,435,3
168496,17,531,423,3
168530,33,534,418,5
168530,0,534,418,5
168546,17,532,405,2
168563,17,531,433,3
168580,17,527,430,3
168596,17,528,439,3
168613,17,532,441,3
168629,17,528,425,3
168646,17,530,421,5
168663,17,531,437,3
168679,17,534,426,3
168696,17,532,446,3
168713,17,532,417,5
168729,17,535,431,3
168746,17,524,442,3
168763,17,536,512,3
168779,17,535,507,3
168796,17,539,519,3
168812,17,528,493,3
168829,17,533,499,3
168846,17,535,501,3
168862,17,525,494,3
168879,17,528,482,3
168896,17,533,503,3
168912,17,518,496,3
168929,17,524,535,3
168946,17,532,634,3
168962,17,527,602,3
168979,17,530,644,3
168995,17,532,647,3
169012,17,535,638,3
169029,17,533,631,3
169045,17,533,652,3
169062,17,528,649,3
169079,17,529,635,3
169095,17,531,655,3
169112,17,524,635,3
169129,17,533,651,3
169145,17,532,613,3
169162,17,531,636,3
169178,17,529,644,3
169195,17,535,650,3
169212,17,532,638,3
169228,17,538,638,3
169245,17,535,650,3
169262,17,550,763,3
169278,17,586,918,0
169295,17,634,1073,0
169395,100,619,897,0
169411,17,589,671,3
169428,17,574,507,3
169445,17,569,383,2
169461,17,571,422,3
169478,17,575,430,3
169495,17,575,416,2
169511,17,575,431,3
169528,17,572,416,2
169544,17,576,433,3
169561,17,561,412,2
169578,17,549,346,4
169594,17,563,400,2
169611,17,557,371,2
169628,17,559,391,2
169644,17,543,365,2
169661,17,548,367,2
169678,17,550,365,2
169694,17,551,374,2
169711,17,555,366,2
169727,17,556,361,4
169744,17,560,386,2
169761,17,528,357,4
169777,17,529,341,4
169794,17,535,333,4
169811,17,528,353,4
169827,17,541,359,4
169844,17,590,294,4
169860,17,605,314,4
169877,17,601,298,4
169894,17,608,289,4
169910,17,610,311,4
169927,17,606,300,4
169944,17,607,299,4
169960,17,611,318,4
169977,17,607,320,4
169994,17,610,312,4
170010,17,626,329,0
170027,17,624,326,0
170043,17,618,305,0
170060,17,627,315,0
170077,17,621,301,0
170093,17,625,308,0
170110,17,626,315,0
170127,17,623,316,0
170143,17,626,287,0
170160,17,624,336,0
170177,17,620,296,0
170193,17,621,321,0
170210,17,622,318,0
170226,17,605,315,4
170243,17,566,383,2
170260,17,570,357,4
170276,17,567,383,2
170293,17,559,380,2
170310,17,560,375,2
170326,17,558,380,2
170343,17,561,381,2
170360,17,569,379,2
170376,17,558,376,2
170393,17,563,381,2
170409,17,540,369,2
170426,17,520,338,4
170443,17,518,346,4
170459,17,522,347,4
170476,17,513,343,4
170493,17,519,345,4
170509,17,523,351,4
170526,17,523,351,4
170543,17,517,360,4
170559,17,524,369,2
170576,17,471,428,3
170592,17,502,397,2
170609,17,500,435,3
170626,17,486,442,3
170642,17,494,447,3
170659,17,485,444,3
170676,17,487,444,3
170692,17,505,436,3
170709,17,492,434,3
170726,17,487,436,3
170742,17,526,472,3
170759,17,525,504,3
170775,17,523,488,3
170792,17,538,517,3
170809,17,524,514,3
170825,17,521,491,3
170842,17,534,498,3
170859,17,533,505,3
170875,17,525,494,3
170892,17,536,488,3
170908,17,533,500,3
170925,17,532,509,3
170942,17,535,504,3
170958,17,538,503,3
171042,83,532,495,3
171058,17,541,515,3
171075,17,541,510,3
171091,17,531,500,3
171108,17,533,503,3
171125,17,536,499,3
171141,17,521,500,3
171158,17,519,482,3
171175,17,523,496,3
171191,17,535,493,3
171208,17,521,485,3
171225,17,521,491,3
171241,17,520,472,3
171258,17,525,497,3
171274,17,526,491,3
171291,17,525,480,3
171308,17,535,496,3
171324,17,520,493,3
171341,17,511,491,3
171358,17,443,581,3
171374,17,389,605,3
171391,17,383,622,3
171408,17,368,618,3
171424,17,373,601,3
171441,17,377,607,3
171457,17,375,606,3
171474,17,384,622,3
171491,17,381,613,3
171507,17,371,622,3
171524,17,377,620,3
171541,17,378,602,3
171557,17,395,613,3
171574,17,375,620,3
171591,17,376,609,3
171607,17,375,615,3
171624,17,393,617,3
171640,17,430,576,3
171657,17,488,509,3
171674,17,503,496,3
171690,17,506,474,3
171707,17,519,484,3
171724,17,508,472,3
171740,17,508,493,3
171757,17,507,474,3
171774,17,512,482,3
171790,17,507,469,3
171807,17,510,480,3
171823,17,509,485,3
171840,17,495,517,3
171857,17,518,676,3
171873,17,440,558,3
171890,17,348,726,3
171907,17,417,871,0
171923,17,421,965,0
171940,17,410,943,0
171957,17,408,903,0
171973,17,402,896,0
171990,17,407,888,0
172006,17,421,910,0
172023,17,419,907,0
172040,17,424,896,0
172056,17,423,904,0
172073,17,422,902,0
172090,17,421,898,0
172106,17,424,896,0
172123,17,456,904,0
172139,17,522,905,0
172156,17,532,906,0
172173,17,535,905,0
172189,17,534,902,0
172206,17,535,904,0
172223,17,533,906,0
172239,17,535,898,0
172256,17,538,901,0
172273,17,535,900,0
172289,17,533,902,0
172306,17,539,904,0
172322,17,537,903,0
172339,17,480,912,0
172356,17,356,890,0
172372,17,325,896,0
172389,17,321,900,0
172406,17,320,896,0
172422,17,320,894,0
172439,17,319,899,0
172456,17,317,895,0
172472,17,321,899,0
172489,17,321,897,0
172505,17,322,899,0
172522,17,321,899,0
172539,17,319,900,0
172555,17,322,901,0
172572,17,323,899,0
172589,17,320,899,0
172605,17,324,896,0
172622,17,362,837,0
172639,17,429,732,3
172655,17,490,674,3
172672,17,544,561,3
172688,17,545,537,3
172705,17,555,535,3
172722,17,555,521,3
172738,17,557,544,3
172755,17,568,539,3
172772,17,559,530,3
172788,17,560,480,3
172805,17,572,487,3
172822,17,567,484,3
172838,17,568,467,3
172855,17,569,485,3
172871,17,571,470,3
172888,17,574,466,3
172905,17,581,493,3
172921,17,570,480,3
172938,17,572,432,3
172955,17,572,425,3
172971,17,576,440,3
172988,17,577,426,3
173005,17,570,422,3
173021,17,571,430,3
173038,17,578,427,3
173054,17,573,406,2
173071,17,578,415,2
173088,17,568,415,2
173104,17,565,424,3
173121,17,603,879,0
173138,17,595,866,0
173221,83,648,1057,0
173237,17,629,782,0
173254,17,610,699,3
173271,17,598,484,3
173287,17,580,418,3
173304,17,580,414,2
173321,17,589,434,3
173337,17,584,410,2
173354,17,587,416,2
173370,17,591,428,3
173387,17,585,428,3
173404,17,588,405,2
173420,17,585,426,3
173437,17,583,418,3
173454,17,583,435,3
173470,17,582,399,2
173487,17,592,424,3
173504,17,558,446,3
173520,17,561,432,3
173537,17,560,444,3
173553,17,560,417,5
173570,17,559,447,3
173587,17,559,402,2
173603,17,564,440,3
173620,17,558,432,3
173637,17,560,435,3
173653,17,557,414,2
173670,17,560,424,3
173687,17,555,435,3
173703,17,558,429,3
173720,17,559,434,3
173736,17,549,419,5
173753,17,530,445,3
173770,17,537,460,3
173786,17,534,468,3
173803,17,531,456,3
173820,17,534,459,3
173836,17,533,454,3
173853,17,528,433,3
173870,17,531,443,3
173886,17,535,436,3
173903,17,529,443,3
173919,17,527,441,3
173936,17,536,442,3
173953,17,531,458,3
173969,17,531,449,3
173986,17,534,437,3
174003,17,531,445,3
174019,17,531,448,3
174036,17,529,454,3
174053,17,528,453,3
174069,17,536,469,3
174086,17,525,444,3
174102,17,532,462,3
174119,17,531,472,3
174136,17,528,458,3
174152,17,532,469,3
174169,17,532,461,3
174186,17,527,462,3
174202,17,518,450,3
174219,17,550,849,0
174236,17,572,843,0
174252,17,616,972,0
174269,17,751,598,3
174369,100,882,993,0
174385,17,586,815,0
174402,17,564,641,3
174418,17,558,470,3
174435,17,555,426,3
174452,17,553,450,3
174468,17,561,440,3
174485,17,547,437,3
174502,17,548,435,3
174518,17,552,442,3
174535,17,552,441,3
174552,17,550,432,3
174568,17,561,435,3
174585,17,549,425,3
174601,17,559,443,3
174618,17,547,421,5
174635,17,547,428,3
174651,17,555,425,3
174668,17,547,432,3
174685,17,542,430,3
174701,17,526,431,3
174718,17,518,433,3
174735,17,526,436,3
174751,17,518,426,3
174768,17,517,442,3
174784,17,513,438,3
174801,17,530,444,3
174818,17,514,425,3
174834,17,515,442,3
174851,17,514,433,3
174868,17,518,434,3
174884,17,518,420,5
174901,17,518,415,2
174918,17,518,426,3
174934,17,515,420,5
174951,17,523,420,5
174967,17,521,438,3
174984,17,523,449,3
175001,17,523,444,3
175017,17,528,458,3
175034,17,522,424,3
175051,17,527,442,3
175067,17,523,441,3
175084,17,525,436,3
175101,17,522,438,3
175117,17,523,435,3
175134,17,526,443,3
175150,17,497,496,3
175167,17,488,494,3
175184,17,490,487,3
175200,17,496,505,3
175217,17,487,479,3
175234,17,493,505,3
175250,17,488,491,3
175267,17,490,491,3
175284,17,493,498,3
175300,17,487,519,3
175317,17,480,490,3
175333,17,508,673,3
175350,17,550,1041,0
175483,133,602,924,0
175500,17,582,789,0
175516,17,570,665,3
175533,17,563,593,3
175550,17,573,536,3
175566,17,559,470,3
175583,17,546,392,2
175600,17,564,439,3
175616,17,562,442,3
175633,17,561,444,3
175649,17,561,435,3
175666,17,547,435,3
175683,17,561,429,3
175699,17,540,423,3
175716,17,554,435,3
175733,17,546,444,3
175749,17,556,428,3
175766,17,557,403,2
175783,17,551,443,3
175799,17,561,420,5
175816,17,554,417,5
175832,17,557,435,3
175849,17,545,436,3
175866,17,552,417,5
175882,17,558,433,3
175899,17,557,430,3
175916,17,554,446,3
175932,17,559,450,3
175949,17,554,443,3
175966,17,544,499,3
175982,17,546,642,3
175999,17,552,777,0
176015,17,567,872,0
176032,17,572,923,0
176065,33,573,920,0
176065,0,573,920,0
176082,17,573,920,0
176099,17,576,921,0
176115,17,575,921,0
176132,17,576,921,0
176149,17,579,919,0
176165,17,576,920,0
176182,17,577,921,0
176198,17,579,920,0
176215,17,583,916,0
176232,17,579,923,0
176248,17,575,921,0
176265,17,576,920,0
176282,17,605,926,0
176298,17,604,922,0
176315,17,607,929,0
176332,17,611,928,0
176348,17,606,928,0
176365,17,611,930,0
176381,17,607,930,0
176398,17,609,928,0
176415,17,610,928,0
176431,17,606,930,0
176448,17,602,931,0
176465,17,609,933,0
176481,17,606,929,0
176498,17,605,932,0
176515,17,609,933,0
176531,17,607,929,0
176548,17,609,928,0
176564,17,680,925,0
176581,17,775,916,0
176598,17,774,911,0
176614,17,788,915,0
176631,17,786,913,0
176648,17,781,906,0
176664,17,784,915,0
176681,17,782,913,0
176697,17,788,915,0
176714,17,729,795,0
176731,17,665,668,3
176747,17,602,553,3
176764,17,568,484,3
176781,17,580,464,3
176797,17,568,450,3
176814,17,575,461,3
176831,17,576,473,3
176847,17,572,474,3
176864,17,583,481,3
176880,17,572,454,3
176897,17,582,480,3
176914,17,580,470,3
176930,17,577,462,3
176947,17,576,463,3
176964,17,576,465,3
177014,50,565,465,3
177030,17,578,442,3
177047,17,576,450,3
177063,17,578,461,3
177080,17,557,422,3
177097,17,569,422,3
177113,17,568,431,3
177130,17,567,433,3
177147,17,574,438,3
177163,17,566,436,3
177180,17,566,436,3
177197,17,576,432,3
177213,17,568,429,3
177230,17,670,395,2
177246,17,755,333,0
177263,17,777,288,0
177280,17,782,294,0
177296,17,793,270,0
177313,17,780,294,0
177330,17,788,291,0
177346,17,786,299,0
177363,17,785,278,0
177380,17,776,287,0
177396,17,792,293,0
177413,17,805,283,0
177429,17,785,297,0
177446,17,655,263,0
177463,17,594,257,1
177479,17,606,256,1
177496,17,597,255,1
177513,17,603,256,1
177529,17,601,255,1
177546,17,604,267,0
177563,17,597,241,1
177579,17,604,245,1
177596,17,571,253,1
177612,17,557,230,1
177629,17,568,241,1
177646,17,554,216,1
177662,17,555,234,1
177679,17,561,231,1
177696,17,552,233,1
177712,17,560,230,1
177729,17,563,235,1
177745,17,565,263,0
177762,17,557,251,1
177779,17,564,252,1
177795,17,561,252,1
177812,17,553,238,1
177829,17,559,224,1
177845,17,556,237,1
177862,17,559,240,1
177879,17,559,229,1
177895,17,563,253,1
177912,17,559,247,1
177928,17,564,299,4
177945,17,569,396,2
177962,17,570,394,2
177978,17,574,408,2
177995,17,568,399,2
178012,17,570,414,2
178028,17,572,422,3
178045,17,574,434,3
178062,17,572,408,2
178078,17,575,401,2
178095,17,570,393,2
178111,17,567,403,2
178128,17,572,417,2
178145,17,572,422,3
178161,17,569,396,2
178178,17,573,396,2
178195,17,574,420,3
178211,17,566,396,2
178228,17,572,418,3
178245,17,574,420,3
178261,17,541,403,2
178278,17,531,425,3
178294,17,531,425,3
178311,17,527,450,3
178328,17,526,414,2
178344,17,524,427,3
178378,33,528,432,3
178378,0,528,432,3
178394,17,525,425,3
178411,17,524,421,5
178428,17,521,423,3
178444,17,526,431,3
178461,17,526,431,3
178477,17,524,432,3
178494,17,525,423,3
178511,17,529,425,3
178527,17,510,423,3
178544,17,500,422,3
178561,17,507,451,3
178577,17,503,441,3
178594,17,500,418,5
178611,17,501,409,2
178627,17,501,416,2
178644,17,499,418,5
178660,17,501,420,5
178677,17,500,412,2
178694,17,502,435,3
178710,17,505,433,3
178727,17,502,424,3
178744,17,501,422,3
178760,17,496,436,3
178777,17,502,423,3
178794,17,501,408,2
178810,17,501,415,2
178827,17,507,444,3
178843,17,502,451,3
178860,17,506,446,3
178877,17,500,435,3
178893,17,488,420,5
178910,17,462,407,2
178927,17,466,421,3
178943,17,465,401,2
178960,17,470,402,2
178993,33,479,410,2
178993,0,479,410,2
179010,17,471,420,3
179026,17,464,414,2
179043,17,468,417,2
179060,17,471,436,3
179076,17,464,416,2
179093,17,464,416,2
179110,17,474,419,3
179126,17,512,426,3
179143,17,501,426,3
179159,17,504,417,5
179176,17,513,443,3
179193,17,509,448,3
179209,17,509,436,3
179226,17,507,439,3
179243,17,516,443,3
179259,17,510,440,3
179276,17,512,454,3
179293,17,509,446,3
179309,17,491,434,3
179326,17,515,519,3
179342,17,382,549,3
179359,17,481,431,3
179476,116,455,439,3
179492,17,556,1005,0
179509,17,574,885,0
179525,17,550,634,3
179542,17,534,470,3
179559,17,542,442,3
179575,17,541,433,3
179592,17,542,427,3
179609,17,546,454,3
179625,17,539,430,3
179642,17,540,429,3
179659,17,539,438,3
179675,17,551,431,3
179692,17,536,428,3
179708,17,538,427,3
179725,17,537,418,5
179742,17,538,411,2
179758,17,538,436,3
179775,17,540,435,3
179792,17,534,417,5
179808,17,545,416,2
179825,17,541,418,5
179842,17,546,417,5
179858,17,540,425,3
179875,17,553,427,3
179891,17,547,432,3
179908,17,546,428,3
179925,17,540,439,3
179941,17,538,467,3
179958,17,542,459,3
179975,17,524,451,3
179991,17,540,467,3
180008,17,545,470,3
180025,17,545,460,3
180041,17,544,463,3
180058,17,541,444,3
180074,17,542,464,3
180091,17,526,465,3
180108,17,535,455,3
180124,17,545,463,3
180141,17,537,468,3
180158,17,547,458,3
180174,17,526,526,3
180191,17,544,662,3
180207,17,534,762,3
180224,17,539,832,0
180241,17,534,825,0
180257,17,543,836,0
180274,17,536,825,0
180291,17,541,834,0
180307,17,536,832,0
180324,17,543,821,0
180341,17,540,835,0
180357,17,536,836,0
180374,17,539,839,0
180390,17,530,829,0
180407,17,524,759,3
180424,17,526,659,3
180440,17,537,565,3
180457,17,513,487,3
180474,17,516,479,3
180490,17,530,463,3
180507,17,521,475,3
180524,17,527,484,3
180540,17,524,461,3
180557,17,526,483,3
180573,17,526,471,3
180590,17,526,466,3
180607,17,528,467,3
180623,17,526,465,3
180640,17,527,459,3
180657,17,536,483,3
180673,17,528,468,3
180690,17,527,454,3
180707,17,532,481,3
180723,17,530,457,3
180740,17,530,467,3
180756,17,531,468,3
180773,17,532,455,3
180790,17,534,482,3
180806,17,532,464,3
180823,17,528,464,3
180840,17,539,491,3
180856,17,525,466,3
180873,17,525,466,3
180890,17,527,444,3
180906,17,531,459,3
180923,17,561,454,3
180939,17,588,450,3
180956,17,584,429,3
180973,17,587,436,3
180989,17,586,445,3
181006,17,588,448,3
181023,17,592,440,3
181039,17,587,445,3
181056,17,596,459,3
181073,17,582,432,3
181089,17,585,443,3
181106,17,586,450,3
181122,17,588,448,3
181139,17,592,441,3
181156,17,591,431,3
181172,17,583,442,3
181189,17,590,441,3
181206,17,592,440,3
181222,17,585,443,3
181239,17,588,429,3
181255,17,521,514,3
181272,17,520,604,3
181289,17,536,625,3
181305,17,531,652,3
181322,17,534,638,3
181339,17,526,646,3
181355,17,521,651,3
181372,17,526,647,3
181389,17,531,629,3
181405,17,513,635,3
181422,17,531,653,3
181438,17,512,632,3
181455,17,464,671,3
181472,17,449,647,3
181488,17,464,673,3
181505,17,461,645,3
181522,17,463,676,3
181538,17,445,674,3
181555,17,462,672,3
181572,17,443,656,3
181588,17,455,662,3
181605,17,447,653,3
181621,17,468,528,3
181638,17,487,494,3
181655,17,502,446,3
181671,17,505,423,3
181688,17,502,426,3
181705,17,502,441,3
181721,17,507,435,3
181738,17,516,427,3
181755,17,519,436,3
181771,17,522,431,3
181788,17,521,436,3
181804,17,518,416,2
181821,17,503,432,3
181838,17,523,431,3
181854,17,522,439,3
181871,17,499,432,3
181888,17,506,420,5
181904,17,523,447,3
181921,17,520,436,3
181938,17,520,423,3
181954,17,514,435,3
181971,17,521,441,3
181987,17,519,440,3
182004,17,517,431,3
182021,17,506,441,3
182037,17,522,454,3
182054,17,516,427,3
182071,17,515,431,3
182087,17,506,436,3
182104,17,504,431,3
182121,17,504,428,3
182137,17,510,453,3
182154,17,515,433,3
182170,17,512,424,3
182187,17,519,439,3
182204,17,502,432,3
182220,17,521,435,3
182237,17,520,439,3
182254,17,517,443,3
182270,17,507,440,3
182287,17,508,446,3
182304,17,518,416,2
182320,17,524,448,3
182337,17,518,448,3
182353,17,511,450,3
182370,17,517,436,3
182387,17,518,432,3
182403,17,510,458,3
182420,17,507,436,3
182437,17,516,441,3
182453,17,516,423,3
182470,17,515,435,3
182486,17,520,451,3
182503,17,514,434,3
182520,17,514,435,3
182536,17,514,429,3
182553,17,513,419,5
182570,17,511,440,3
182586,17,518,429,3
182603,17,516,435,3
182620,17,509,437,3
182636,17,513,474,3
182653,17,512,454,3
182669,17,525,449,3
182686,17,520,453,3
182703,17,526,452,3
182719,17,523,444,3
182736,17,516,439,3
182753,17,519,422,3
182769,17,519,434,3
182786,17,517,431,3
182803,17,526,449,3
182819,17,526,430,3
182836,17,522,443,3
182852,17,523,450,3
182869,17,525,451,3
182886,17,540,462,3
182902,17,535,470,3
182919,17,539,457,3
182936,17,536,453,3
182952,17,536,441,3
182969,17,531,448,3
182986,17,537,453,3
183002,17,537,460,3
183019,17,537,462,3
183035,17,536,464,3
183052,17,539,471,3
183069,17,535,455,3
183085,17,534,458,3
183102,17,543,472,3
183119,17,538,449,3
183135,17,527,459,3
183152,17,536,464,3
183169,17,530,457,3
183185,17,532,453,3
183202,17,532,459,3
183218,17,532,449,3
183235,17,534,467,3
183252,17,535,479,3
183268,17,536,474,3
183285,17,537,471,3
183302,17,541,475,3
183318,17,537,457,3
183335,17,533,454,3
183352,17,504,491,3
183368,17,461,496,3
183385,17,454,495,3
183401,17,464,496,3
183418,17,475,505,3
183435,17,443,487,3
183451,17,449,504,3
183468,17,471,499,3
183485,17,464,502,3
183501,17,464,506,3
183518,17,469,508,3
183534,17,472,498,3
183551,17,517,465,3
183568,17,529,476,3
183584,17,527,437,3
183601,17,510,461,3
183618,17,525,457,3
183634,17,526,452,3
183651,17,526,455,3
183668,17,532,450,3
183684,17,523,454,3
183701,17,512,468,3
183717,17,515,459,3
183734,17,525,453,3
183751,17,532,448,3
183767,17,512,455,3
183784,17,527,451,3
183801,17,504,442,3
183817,17,522,449,3
183834,17,532,443,3
183851,17,507,440,3
183867,17,526,450,3
183884,17,518,436,3
183900,17,526,451,3
183917,17,526,458,3
183934,17,532,450,3
183950,17,508,433,3
183967,17,531,450,3
184000,33,534,470,3
184017,17,530,452,3
184034,17,508,454,3
184050,17,521,448,3
184067,17,529,445,3
184083,17,529,448,3
184100,17,531,454,3
184117,17,507,450,3
184133,17,533,451,3
184150,17,538,450,3
184167,17,521,457,3
184183,17,540,464,3
184200,17,525,445,3
184217,17,527,432,3
184233,17,543,452,3
184250,17,531,455,3
184266,17,542,458,3
184283,17,530,422,3
184300,17,540,445,3
184316,17,541,452,3
184333,17,527,471,3
184350,17,534,443,3
184366,17,535,433,3
184383,17,526,452,3
184400,17,528,444,3
184416,17,538,440,3
184433,17,535,445,3
184449,17,544,460,3
184466,17,545,466,3
184483,17,544,445,3
184499,17,543,455,3
184516,17,539,458,3
184533,17,549,451,3
184549,17,541,434,3
184566,17,539,434,3
184583,17,540,451,3
184599,17,545,431,3
184616,17,546,431,3
184632,17,533,434,3
184649,17,534,428,3
184666,17,533,416,2
184682,17,539,456,3
184699,17,536,449,3
184716,17,540,434,3
184732,17,540,449,3
184749,17,544,429,3
184765,17,544,439,3
184782,17,535,439,3
184799,17,535,424,3
184815,17,537,453,3
184832,17,535,441,3
184849,17,539,450,3
184865,17,536,445,3
184882,17,537,456,3
184899,17,539,466,3
184915,17,536,446,3
184932,17,532,452,3
184948,17,467,478,3
184965,17,394,492,3
184982,17,392,482,3
184998,17,380,498,3
185015,17,390,491,3
185032,17,384,499,3
185048,17,388,509,3
185065,17,378,485,3
185082,17,378,502,3
185098,17,383,523,3
185115,17,336,531,3
185131,17,350,558,3
185148,17,333,550,3
185165,17,333,548,3
185181,17,347,551,3
185198,17,325,553,3
185215,17,350,555,3
185231,17,335,559,3
185248,17,330,567,3
185265,17,351,557,3
185281,17,350,561,3
185298,17,355,561,3
185314,17,353,559,3
185331,17,352,565,3
185348,17,331,543,3
185364,17,347,548,3
185381,17,323,534,3
185398,17,352,565,3
185414,17,334,562,3
185431,17,331,538,3
185448,17,354,566,3
185464,17,397,521,3
185481,17,441,459,3
185497,17,497,440,3
185514,17,494,443,3
185531,17,493,438,3
185547,17,496,448,3
185564,17,498,443,3
185581,17,483,435,3
185597,17,486,461,3
185614,17,502,442,3
185631,17,484,428,3
185647,17,478,439,3
185664,17,482,441,3
185680,17,501,406,2
185697,17,508,402,2
185714,17,501,431,3
185730,17,516,426,3
185747,17,514,421,5
185764,17,509,417,5
185780,17,498,429,3
185797,17,495,427,3
185813,17,508,420,5
185830,17,503,413,2
185847,17,548,415,2
185863,17,542,416,2
185880,17,549,395,2
185897,17,559,417,5
185913,17,553,407,2
185930,17,546,405,2
185947,17,550,402,2
185963,17,555,414,2
185980,17,555,419,5
185996,17,556,423,3
186013,17,549,416,2
186030,17,521,386,2
186046,17,398,480,3
186063,17,364,523,3
186080,17,343,498,3
186096,17,329,527,3
186113,17,333,521,3
186130,17,334,526,3
186146,17,340,531,3
186163,17,334,529,3
186179,17,357,529,3
186196,17,361,518,3
186213,17,360,542,3
186229,17,328,513,3
186246,17,342,513,3
186263,17,351,502,3
186279,17,354,443,3
186296,17,342,324,0
186313,17,314,276,0
186329,17,340,254,1
186346,17,318,272,0
186362,17,315,235,1
186379,17,349,242,1
186396,17,314,252,0
186412,17,308,255,0
186429,17,321,270,0
186446,17,325,265,0
186462,17,289,234,0
186479,17,272,220,0
186496,17,281,244,0
186512,17,278,223,0
186529,17,278,238,0
186545,17,281,236,0
186562,17,278,237,0
186579,17,263,231,0
186595,17,274,223,0
186612,17,268,202,0
186629,17,286,246,0
186645,17,280,295,0
186662,17,318,437,3
186679,17,338,494,3
186695,17,305,480,3
186712,17,335,520,3
186728,17,313,504,3
186745,17,326,494,3
186762,17,323,493,3
186778,17,311,503,3
186795,17,308,475,3
186812,17,337,507,3
186828,17,330,528,3
186845,17,312,496,3
186862,17,332,513,3
186878,17,413,466,3
186895,17,508,441,3
186911,17,495,436,3
186928,17,516,427,3
186945,17,511,423,3
186961,17,523,439,3
186995,33,513,421,5
187011,17,519,451,3
187028,17,514,438,3
187044,17,517,433,3
187061,17,515,428,3
187078,17,518,434,3
187094,17,522,455,3
187111,17,521,446,3
187128,17,521,461,3
187144,17,520,427,3
187161,17,515,449,3
187178,17,598,494,3
187194,17,673,497,3
187211,17,655,483,3
187227,17,674,511,3
187244,17,669,504,3
187261,17,669,506,3
187277,17,671,495,3
187294,17,674,520,3
187311,17,673,515,3
187327,17,676,504,3
187344,17,673,521,3
187361,17,672,500,3
187377,17,671,504,3
187394,17,672,499,3
187410,17,672,519,3
187427,17,672,495,3
187444,17,670,496,3
187460,17,671,505,3
187477,17,669,513,3
187494,17,674,517,3
187510,17,669,494,3
187527,17,670,524,3
187544,17,670,508,3
187560,17,677,532,3
187577,17,672,513,3
187593,17,673,511,3
187610,17,598,501,3
187627,17,547,432,3
187643,17,524,412,2
187660,17,512,402,2
187677,17,512,405,2
187693,17,513,416,2
187710,17,510,414,2
187727,17,512,391,2
187743,17,507,415,2
187760,17,512,401,2
187776,17,516,425,3
187793,17,515,401,2
187810,17,509,414,2
187826,17,512,407,2
187843,17,510,433,3
187860,17,504,405,2
187876,17,509,426,3
187893,17,512,418,5
187910,17,509,409,2
187926,17,505,414,2
187943,17,506,409,2
187959,17,510,418,5
187976,17,517,421,5
187993,17,514,419,5
188009,17,507,411,2
188026,17,507,402,2
188043,17,521,420,5
188059,17,515,403,2
188076,17,515,435,3
188092,17,513,410,2
188109,17,518,422,3
188126,17,517,429,3
188142,17,511,405,2
188159,17,513,421,5
188176,17,517,418,5
188192,17,520,428,3
188209,17,517,426,3
188226,17,511,404,2
188242,17,520,408,2
188259,17,520,420,5
188275,17,516,419,5
188292,17,499,409,2
188309,17,532,435,3
188325,17,535,453,3
188342,17,530,434,3
188359,17,530,453,3
188375,17,533,452,3
188392,17,533,457,3
188409,17,529,440,3
188425,17,529,439,3
188442,17,530,458,3
188458,17,531,458,3
188475,17,527,438,3
188492,17,530,455,3
188508,17,525,443,3
188525,17,527,441,3
188542,17,528,472,3
188558,17,525,453,3
188575,17,519,454,3
188592,17,527,551,3
188608,17,564,1067,0
188725,116,561,924,0
188741,17,542,653,3
188758,17,531,488,3
188775,17,527,452,3
188791,17,520,438,3
188808,17,524,468,3
188824,17,532,458,3
188841,17,529,454,3
188858,17,526,456,3
188874,17,527,457,3
188891,17,533,470,3
188908,17,524,461,3
188924,17,528,466,3
188941,17,530,456,3
188958,17,525,457,3
188991,33,519,431,3
189007,17,526,443,3
189024,17,523,445,3
189041,17,527,460,3
189057,17,528,453,3
189074,17,524,446,3
189091,17,529,471,3
189107,17,524,444,3
189124,17,527,446,3
189141,17,525,431,3
189157,17,521,427,3
189174,17,529,438,3
189190,17,523,439,3
189207,17,531,470,3
189224,17,588,524,3
189240,17,647,591,3
189257,17,641,599,3
189274,17,651,605,3
189290,17,645,594,3
189307,17,647,610,3
189323,17,647,621,3
189340,17,639,587,3
189357,17,642,593,3
189373,17,641,605,3
189390,17,639,599,3
189407,17,642,610,3
189423,17,640,612,3
189440,17,638,606,3
189457,17,643,612,3
189473,17,644,636,3
189490,17,639,609,3
189506,17,638,611,3
189523,17,637,603,3
189540,17,636,595,3
189556,17,639,615,3
189573,17,637,613,3
189590,17,633,592,3
189606,17,625,651,3
189623,17,566,786,0
189640,17,561,878,0
189656,17,552,865,0
189673,17,553,886,0
189689,17,559,884,0
189706,17,560,894,0
189723,17,553,888,0
189739,17,559,876,0
189756,17,559,880,0
189773,17,561,889,0
189789,17,563,882,0
189806,17,560,885,0
189823,17,559,883,0
189839,17,563,878,0
189856,17,564,887,0
189872,17,566,883,0
189889,17,568,874,0
189906,17,562,875,0
189922,17,567,872,0
189939,17,567,871,0
189956,17,536,771,0
190039,83,517,567,3
190055,17,519,565,3
190072,17,517,556,3
190089,17,519,579,3
190105,17,516,576,3
190122,17,518,568,3
190139,17,517,585,3
190155,17,518,555,3
190172,17,518,574,3
190189,17,520,575,3
190205,17,518,571,3
190222,17,519,550,3
190238,17,517,560,3
190255,17,515,540,3
190272,17,524,493,3
190288,17,528,482,3
190305,17,526,469,3
190322,17,528,475,3
190338,17,530,485,3
190355,17,530,493,3
190372,17,528,480,3
190388,17,530,483,3
190405,17,526,466,3
190421,17,530,473,3
190438,17,532,473,3
190455,17,532,472,3
190471,17,532,483,3
190488,17,533,484,3
190505,17,528,469,3
190521,17,531,461,3
190538,17,536,462,3
190554,17,535,460,3
190571,17,530,442,3
190588,17,536,456,3
190604,17,535,442,3
190621,17,535,469,3
190638,17,540,464,3
190654,17,539,451,3
190671,17,543,461,3
190688,17,543,468,3
190704,17,542,461,3
190721,17,547,453,3
190737,17,543,458,3
190754,17,546,452,3
190771,17,548,449,3
190787,17,552,428,3
190804,17,559,439,3
190821,17,561,435,3
190837,17,561,435,3
190854,17,565,453,3
190871,17,553,433,3
190887,17,558,429,3
190904,17,556,424,3
190920,17,564,448,3
190937,17,558,448,3
190954,17,552,430,3
190970,17,557,444,3
190987,17,562,460,3
191004,17,559,431,3
191020,17,557,425,3
191037,17,555,441,3
191054,17,554,438,3
191070,17,555,447,3
191087,17,558,455,3
191103,17,560,462,3
191120,17,552,429,3
191137,17,554,450,3
191153,17,559,437,3
191170,17,555,444,3
191187,17,554,430,3
191203,17,557,434,3
191220,17,551,439,3
191237,17,556,442,3
191253,17,554,429,3
191270,17,558,437,3
191286,17,561,440,3
191303,17,560,433,3
191320,17,564,457,3
191336,17,559,444,3
191353,17,560,424,3
191370,17,561,459,3
191386,17,560,441,3
191403,17,563,452,3
191420,17,558,428,3
191436,17,565,455,3
191453,17,563,463,3
191469,17,559,456,3
191486,17,564,443,3
191503,17,555,450,3
191519,17,565,452,3
191536,17,562,450,3
191553,17,562,444,3
191569,17,557,438,3
191586,17,559,446,3
191602,17,536,484,3
191619,17,542,528,3
191636,17,540,506,3
191652,17,541,539,3
191669,17,540,528,3
191686,17,541,528,3
191702,17,548,527,3
191719,17,539,531,3
191736,17,534,522,3
191752,17,533,532,3
191769,17,535,513,3
191785,17,531,514,3
191802,17,536,528,3
191819,17,532,529,3
191835,17,541,515,3
191852,17,531,507,3
191869,17,525,480,3
191885,17,539,484,3
191902,17,523,461,3
191919,17,531,470,3
191935,17,525,481,3
191952,17,531,489,3
192002,50,528,487,3
192002,0,528,487,3
192018,17,525,469,3
192035,17,537,524,3
192052,17,569,657,3
192068,17,582,725,3
192085,17,591,757,3
192102,17,594,778,0
192118,17,599,778,0
192135,17,586,763,3
192151,17,599,770,0
192168,17,558,803,0
192185,17,583,759,3
192201,17,594,767,0
192218,17,559,658,3
192235,17,541,569,3
192251,17,532,480,3
192268,17,526,472,3
192285,17,532,462,3
192301,17,535,482,3
192318,17,537,473,3
192334,17,539,481,3
192351,17,533,472,3
192368,17,539,487,3
192384,17,539,482,3
192401,17,534,476,3
192418,17,537,492,3
192434,17,536,476,3
192451,17,537,454,3
192468,17,538,471,3
192484,17,548,465,3
192501,17,547,462,3
192517,17,539,468,3
192534,17,536,459,3
192551,17,548,474,3
192567,17,546,471,3
192584,17,547,480,3
192601,17,539,463,3
192617,17,551,485,3
192634,17,543,482,3
192651,17,546,478,3
192667,17,542,482,3
192684,17,542,474,3
192700,17,553,479,3
192717,17,549,474,3
192734,17,550,480,3
192750,17,552,484,3
192767,17,549,475,3
192784,17,555,481,3
192800,17,550,472,3
192817,17,547,472,3
192833,17,536,482,3
192850,17,553,477,3
192867,17,543,462,3
192883,17,547,481,3
192900,17,534,475,3
192917,17,543,479,3
192933,17,546,493,3
192950,17,541,466,3
192967,17,549,490,3
192983,17,542,463,3
193000,17,562,445,3
193016,17,568,436,3
193033,17,574,436,3
193050,17,577,431,3
193066,17,576,424,3
193083,17,577,437,3
193100,17,578,419,3
193116,17,577,421,3
193133,17,568,426,3
193150,17,578,426,3
193166,17,582,431,3
193183,17,562,425,3
193199,17,660,412,2
193216,17,758,373,2
193233,17,766,364,0
193249,17,781,346,0
193266,17,783,382,2
193283,17,782,373,2
193299,17,785,358,0
193316,17,782,362,0
193333,17,768,358,0
193349,17,786,362,0
193366,17,780,367,2
193382,17,783,371,2
193399,17,779,335,0
193416,17,776,351,0
193432,17,791,346,0
193449,17,794,307,0
193466,17,789,346,0
193482,17,789,327,0
193499,17,796,323,0
193516,17,790,325,0
193532,17,793,364,0
193549,17,789,337,0
193565,17,787,308,0
193582,17,793,333,0
193599,17,792,340,0
193615,17,794,350,0
193632,17,791,326,0
193649,17,793,332,0
193665,17,786,329,0
193682,17,779,329,0
193699,17,790,345,0
193715,17,784,341,0
193732,17,831,450,3
193748,17,832,544,3
193765,17,833,505,3
193782,17,841,555,3
193798,17,834,531,3
193815,17,833,525,3
193832,17,839,545,3
193848,17,829,539,3
193865,17,834,529,3
193881,17,834,513,3
193898,17,834,549,3
193915,17,834,535,3
193931,17,828,529,3
193948,17,834,546,3
193965,17,832,527,3
193981,17,827,546,3
193998,17,830,549,3
194015,17,824,540,3
194031,17,830,553,3
194064,33,833,538,3
194064,0,833,538,3
194081,17,831,521,3
194098,17,831,516,3
194114,17,835,547,3
194131,17,829,535,3
194148,17,828,535,3
194164,17,838,534,3
194181,17,831,527,3
194198,17,835,557,3
194214,17,833,526,3
194231,17,836,528,3
194247,17,832,517,3
194264,17,844,545,3
194281,17,835,540,3
194297,17,837,513,3
194314,17,833,535,3
194331,17,834,532,3
194347,17,837,552,3
194364,17,840,546,3
194381,17,840,534,3
194397,17,837,541,3
194414,17,835,522,3
194430,17,838,527,3
194447,17,834,529,3
194464,17,833,551,3
194480,17,843,552,3
194497,17,825,524,3
194514,17,828,543,3
194530,17,838,523,3
194547,17,835,548,3
194564,17,839,556,3
194580,17,837,529,3
194597,17,800,520,3
194613,17,678,498,3
194630,17,591,467,3
194647,17,541,442,3
194663,17,544,443,3
194680,17,541,433,3
194697,17,537,439,3
194713,17,540,451,3
194730,17,539,446,3
194747,17,539,437,3
194763,17,536,433,3
194780,17,535,441,3
194796,17,539,448,3
194813,17,537,441,3
194830,17,535,421,5
194846,17,542,433,3
194863,17,537,434,3
194880,17,521,448,3
194896,17,511,487,3
194913,17,532,558,3
194930,17,542,622,3
194946,17,539,633,3
194963,17,541,623,3
194979,17,529,614,3
194996,17,548,627,3
195013,17,540,617,3
195029,17,540,618,3
195046,17,540,600,3
195063,17,526,610,3
195079,17,530,627,3
195096,17,538,620,3
195112,17,539,620,3
195129,17,533,625,3
195146,17,549,628,3
195162,17,542,622,3
195179,17,543,623,3
195196,17,540,619,3
195212,17,578,633,3
195229,17,606,607,3
195246,17,596,600,3
195262,17,607,614,3
195279,17,602,608,3
195295,17,604,596,3
195312,17,608,615,3
195329,17,597,611,3
195345,17,611,620,3
195362,17,601,605,3
195379,17,599,606,3
195395,17,600,629,3
195412,17,629,935,0
195545,133,566,834,0
195562,17,553,520,3
195578,17,543,427,3
195595,17,545,433,3
195612,17,545,431,3
195628,17,544,418,5
195645,17,546,410,2
195661,17,551,433,3
195678,17,548,425,3
195695,17,551,413,2
195711,17,544,409,2
195728,17,550,407,2
195745,17,551,432,3
195761,17,545,406,2
195778,17,547,417,5
195795,17,549,425,3
195811,17,545,419,5
195828,17,544,412,2
195844,17,540,406,2
195861,17,549,422,3
195878,17,543,411,2
195894,17,543,404,2
195911,17,545,419,5
195928,17,543,416,2
195944,17,551,398,2
195961,17,540,396,2
195978,17,544,394,2
195994,17,541,387,2
196011,17,551,409,2
196027,17,547,402,2
196044,17,546,395,2
196061,17,548,405,2
196077,17,548,407,2
196094,17,549,413,2
196111,17,542,405,2
196127,17,548,406,2
196144,17,547,398,2
196160,17,541,379,2
196177,17,553,412,2
196194,17,547,400,2
196210,17,546,390,2
196227,17,549,398,2
196244,17,550,409,2
196260,17,547,394,2
196277,17,534,397,2
196294,17,526,403,2
196310,17,518,389,2
196327,17,518,405,2
196343,17,523,407,2
196360,17,521,407,2
196377,17,519,389,2
196393,17,522,394,2
196410,17,520,399,2
196427,17,517,391,2
196443,17,520,383,2
196460,17,518,385,2
196477,17,519,413,2
196493,17,516,400,2
196510,17,520,394,2
196526,17,517,395,2
196543,17,521,380,2
196560,17,520,399,2
196576,17,511,402,2
196593,17,517,420,5
196610,17,516,400,2
196626,17,518,417,5
196643,17,519,413,2
196660,17,519,416,2
196676,17,516,408,2
196693,17,523,428,3
196709,17,515,415,2
196726,17,514,421,5
196743,17,518,416,2
196759,17,515,421,5
196776,17,527,427,3
196793,17,524,406,2
196809,17,514,438,3
196826,17,526,410,2
196843,17,526,408,2
196859,17,528,436,3
196876,17,513,425,3
196892,17,517,415,2
196909,17,521,428,3
196926,17,528,434,3
196942,17,518,414,2
196959,17,538,458,3
197009,50,598,634,3
197026,17,595,622,3
197042,17,598,619,3
197059,17,591,614,3
197075,17,597,643,3
197092,17,592,621,3
197109,17,595,634,3
197125,17,596,630,3
197142,17,593,633,3
197159,17,584,633,3
197175,17,598,639,3
197192,17,596,625,3
197209,17,594,624,3
197225,17,599,639,3
197242,17,599,618,3
197258,17,594,625,3
197275,17,596,625,3
197292,17,598,638,3
197308,17,596,642,3
197325,17,591,633,3
197342,17,587,625,3
197358,17,594,627,3
197375,17,588,624,3
197391,17,587,621,3
197408,17,596,627,3
197425,17,587,626,3
197441,17,595,640,3
197458,17,589,619,3
197475,17,591,626,3
197491,17,590,625,3
197508,17,589,631,3
197525,17,590,617,3
197541,17,590,630,3
197558,17,588,620,3
197574,17,589,649,3
197591,17,591,621,3
197608,17,591,636,3
197624,17,592,643,3
197641,17,584,619,3
197658,17,594,638,3
197674,17,589,629,3
197691,17,587,627,3
197708,17,588,625,3
197724,17,589,627,3
197741,17,589,610,3
197757,17,584,631,3
197774,17,587,623,3
197791,17,584,617,3
197807,17,582,613,3
197824,17,582,626,3
197841,17,560,591,3
197857,17,515,513,3
197874,17,511,442,3
197891,17,520,456,3
197907,17,510,437,3
197924,17,516,444,3
197940,17,517,434,3
197957,17,509,435,3
197974,17,509,430,3
197990,17,511,433,3
198007,17,509,428,3
198024,17,514,445,3
198040,17,510,433,3
198057,17,507,425,3
198074,17,512,442,3
198090,17,511,432,3
198107,17,465,458,3
198123,17,356,382,2
198140,17,311,384,2
198157,17,312,405,2
198173,17,306,400,2
198190,17,299,394,2
198207,17,313,385,2
198223,17,299,363,0
198240,17,306,384,2
198257,17,309,387,2
198273,17,305,398,2
198290,17,311,398,2
198306,17,251,350,0
198323,17,268,381,2
198340,17,252,367,2
198356,17,260,372,2
198373,17,259,356,0
198390,17,236,377,2
198406,17,242,375,2
198423,17,234,371,2
198440,17,264,379,2
198456,17,235,372,2
198473,17,225,379,2
198489,17,245,384,2
198506,17,238,384,2
198523,17,241,382,2
198539,17,246,381,2
198556,17,243,375,2
198573,17,245,389,2
198589,17,243,380,2
198606,17,242,408,2
198622,17,224,379,2
198639,17,238,372,2
198656,17,248,412,2
198672,17,240,400,2
198689,17,233,389,2
198706,17,236,398,2
198722,17,254,385,2
198739,17,236,393,2
198756,17,231,389,2
198772,17,236,376,2
198789,17,236,369,2
198805,17,256,398,2
198822,17,228,388,2
198839,17,235,383,2
198855,17,240,405,2
198872,17,237,397,2
198889,17,240,370,2
198905,17,345,395,2
198922,17,437,420,3
198939,17,457,423,3
198955,17,455,437,3
198972,17,472,423,3
198988,17,467,439,3
199005,17,459,431,3
199022,17,475,426,3
199038,17,455,409,2
199055,17,466,432,3
199072,17,460,443,3
199088,17,478,446,3
199105,17,469,441,3
199122,17,458,446,3
199138,17,455,436,3
199155,17,460,429,3
199171,17,460,438,3
199188,17,457,428,3
199205,17,464,423,3
199221,17,472,422,3
199238,17,473,422,3
199255,17,475,422,3
199271,17,468,446,3
199288,17,464,428,3
199305,17,469,435,3
199321,17,466,432,3
199338,17,453,446,3
199354,17,459,430,3
199371,17,474,926,0
199471,100,428,943,0
199488,17,392,640,3
199504,17,377,372,2
199521,17,377,394,2
199537,17,397,423,3
199554,17,375,411,2
199571,17,388,420,3
199587,17,388,403,2
199604,17,388,408,2
199621,17,386,398,2
199637,17,396,415,2
199654,17,392,392,2
199670,17,398,418,3
199687,17,434,416,2
199704,17,441,416,2
199720,17,441,430,3
199737,17,459,411,2
199754,17,453,393,2
199770,17,443,419,3
199787,17,453,442,3
199804,17,450,426,3
199820,17,445,428,3
199837,17,450,409,2
199853,17,451,437,3
199870,17,448,410,2
199887,17,445,403,2
199903,17,449,421,3
199920,17,451,410,2
199937,17,450,415,2
199953,17,456,421,3
199970,17,489,428,3
199987,17,486,462,3
200003,17,490,455,3
200020,17,492,450,3
200036,17,489,455,3
200053,17,495,454,3
200070,17,492,450,3
200086,17,492,444,3
200103,17,495,450,3
200120,17,496,437,3
200136,17,497,437,3
200153,17,490,458,3
200170,17,536,536,3
200186,17,586,683,3
200203,17,623,833,0
200219,17,622,865,0
200236,17,615,856,0
200253,17,621,860,0
200269,17,619,857,0
200286,17,617,857,0
200303,17,619,847,0
200319,17,620,848,0
200336,17,620,859,0
200353,17,619,859,0
200369,17,622,858,0
200386,17,619,856,0
200402,17,586,918,0
200419,17,585,903,0
200436,17,585,913,0
200452,17,584,916,0
200469,17,581,916,0
200486,17,585,911,0
200502,17,585,914,0
200519,17,585,908,0
200536,17,582,908,0
200552,17,584,917,0
200569,17,582,918,0
200585,17,583,915,0
200602,17,587,917,0
200619,17,581,915,0
200635,17,583,913,0
200652,17,585,918,0
200669,17,585,915,0
200685,17,585,915,0
200702,17,583,908,0
200719,17,585,916,0
200735,17,587,910,0
200752,17,582,914,0
200768,17,586,915,0
200785,17,587,914,0
200802,17,587,913,0
200818,17,589,914,0
200835,17,583,905,0
200852,17,508,730,3
200868,17,477,639,3
200885,17,447,523,3
200901,17,442,505,3
200918,17,447,495,3
200935,17,444,511,3
200951,17,452,511,3
200968,17,453,531,3
200985,17,441,504,3
201001,17,470,506,3
201018,17,459,518,3
201035,17,462,521,3
201051,17,446,527,3
201068,17,457,500,3
201084,17,462,485,3
201101,17,455,510,3
201118,17,453,501,3
201134,17,458,506,3
201151,17,468,493,3
201168,17,451,495,3
201184,17,474,531,3
201201,17,473,509,3
201218,17,454,519,3
201234,17,472,517,3
201251,17,476,527,3
201267,17,469,447,3
201284,17,508,413,2
201301,17,515,402,2
201317,17,513,390,2
201334,17,500,400,2
201351,17,507,413,2
201367,17,513,428,3
201384,17,510,402,2
201401,17,514,399,2
201417,17,517,402,2
201434,17,507,400,2
201450,17,508,413,2
201467,17,507,401,2
201484,17,517,412,2
201500,17,537,403,2
201517,17,539,398,2
201534,17,543,418,5
201550,17,539,405,2
201567,17,540,411,2
201584,17,540,420,5
201600,17,540,424,3
201617,17,543,426,3
201633,17,540,403,2
201650,17,540,410,2
201667,17,541,382,2
201683,17,541,439,3
201700,17,542,420,5
201717,17,542,426,3
201733,17,540,417,5
201750,17,539,413,2
201767,17,541,405,2
201783,17,539,418,5
201800,17,543,422,3
201816,17,541,427,3
201833,17,546,432,3
201850,17,543,408,2
201866,17,541,418,5
201883,17,540,412,2
201900,17,472,445,3
201916,17,414,433,3
201933,17,432,424,3
201949,17,418,428,3
201983,33,429,470,3
201983,0,429,470,3
201999,17,424,436,3
202016,17,403,430,3
202033,17,410,444,3
202049,17,410,446,3
202066,17,430,460,3
202083,17,433,430,3
202099,17,445,437,3
202116,17,472,418,3
202132,17,471,438,3
202149,17,483,426,3
202166,17,480,429,3
202182,17,483,449,3
202199,17,485,446,3
202216,17,468,437,3
202232,17,483,429,3
202249,17,481,430,3
202266,17,482,427,3
202282,17,487,435,3
202299,17,476,415,2
202315,17,480,428,3
202332,17,477,430,3
202349,17,480,430,3
202365,17,482,428,3
202382,17,481,422,3
202399,17,477,416,2
202415,17,479,434,3
202432,17,480,426,3
202449,17,474,420,3
202465,17,471,416,2
202482,17,474,416,2
202498,17,476,426,3
202515,17,481,440,3
202532,17,468,428,3
202548,17,482,429,3
202565,17,477,428,3
202582,17,481,424,3
202598,17,472,408,2
202615,17,478,419,3
202632,17,477,429,3
202648,17,476,423,3
202665,17,485,420,5
202681,17,478,425,3
202698,17,483,413,2
202715,17,479,420,3
202731,17,477,431,3
202748,17,480,426,3
202765,17,481,428,3
202781,17,473,418,3
202798,17,482,457,3
202815,17,474,421,3
202831,17,473,414,2
202848,17,474,414,2
202864,17,479,439,3
202881,17,481,426,3
202898,17,466,441,3
202914,17,478,420,3
202931,17,475,420,3
202948,17,478,422,3
202964,17,478,433,3
202981,17,480,427,3
202998,17,497,418,5
203014,17,516,448,3
203031,17,516,459,3
203047,17,519,461,3
203064,17,519,459,3
203081,17,521,460,3
203097,17,519,455,3
203114,17,517,442,3
203131,17,516,448,3
203147,17,521,451,3
203164,17,520,461,3
203180,17,521,449,3
203197,17,525,461,3
203214,17,521,467,3
203230,17,534,468,3
203247,17,544,435,3
203264,17,538,425,3
203280,17,543,444,3
203297,17,545,445,3
203314,17,545,435,3
203330,17,549,457,3
203347,17,545,446,3
203363,17,544,431,3
203380,17,545,432,3
203397,17,544,435,3
203413,17,544,435,3
203430,17,545,436,3
203447,17,549,451,3
203463,17,543,445,3
203480,17,548,444,3
203497,17,547,453,3
203513,17,553,457,3
203530,17,542,455,3
203546,17,550,439,3
203563,17,551,430,3
203580,17,549,426,3
203596,17,551,451,3
203613,17,552,441,3
203630,17,551,451,3
203646,17,547,438,3
203663,17,540,432,3
203680,17,549,437,3
203696,17,541,425,3
203713,17,547,422,3
203729,17,562,478,3
203746,17,599,566,3
203763,17,607,588,3
203779,17,613,590,3
203796,17,614,607,3
203813,17,605,598,3
