Time (ms),Timegap (ms),Gaze X,Gaze Y,AOI
0,0,501,355,4
17,17,513,353,4
33,17,504,366,2
50,17,510,374,2
67,17,508,358,4
83,17,510,364,4
100,17,504,378,2
116,17,510,355,4
133,17,502,362,4
150,17,509,358,4
166,17,517,336,4
183,17,518,340,4
200,17,497,361,4
216,17,507,353,4
233,17,503,369,2
250,17,507,366,2
266,17,501,361,4
283,17,509,354,4
299,17,513,344,4
316,17,497,388,2
333,17,499,371,2
349,17,486,364,4
366,17,502,360,4
383,17,496,362,4
399,17,496,355,4
416,17,474,385,2
433,17,437,425,3
449,17,428,429,3
466,17,449,401,2
482,17,445,409,2
499,17,443,405,2
516,17,443,417,2
532,17,445,435,3
549,17,447,422,3
566,17,447,416,2
582,17,436,432,3
599,17,446,439,3
615,17,441,420,3
632,17,447,421,3
649,17,445,425,3
665,17,453,440,3
682,17,453,429,3
699,17,457,426,3
715,17,445,435,3
732,17,428,430,3
749,17,450,438,3
765,17,450,416,2
782,17,424,435,3
798,17,421,438,3
815,17,437,438,3
832,17,433,436,3
848,17,456,430,3
865,17,461,430,3
882,17,443,437,3
898,17,447,441,3
915,17,462,436,3
932,17,442,423,3
948,17,453,452,3
965,17,443,427,3
981,17,440,436,3
998,17,437,437,3
1015,17,459,437,3
1031,17,444,429,3
1048,17,436,426,3
1065,17,442,427,3
1081,17,449,413,2
1098,17,428,441,3
1115,17,430,438,3
1131,17,441,440,3
1148,17,435,427,3
1164,17,447,438,3
1181,17,473,387,2
1198,17,476,360,4
1214,17,476,341,4
1231,17,481,324,4
1248,17,483,348,4
1264,17,488,349,4
1281,17,481,349,4
1298,17,487,341,4
1314,17,481,325,4
1331,17,480,326,4
1347,17,488,305,4
1364,17,483,311,4
1381,17,488,326,4
1397,17,471,317,4
1414,17,481,343,4
1431,17,486,328,4
1447,17,494,332,4
1464,17,468,316,4
1481,17,487,333,4
1497,17,494,326,4
1514,17,472,306,4
1530,17,486,306,4
1547,17,482,340,4
1564,17,481,331,4
1580,17,483,323,4
1597,17,470,347,4
1614,17,483,335,4
1630,17,490,331,4
1647,17,481,337,4
1664,17,476,304,4
1680,17,470,329,4
1697,17,474,331,4
1713,17,484,327,4
1730,17,479,336,4
1747,17,480,317,4
1763,17,508,322,4
1780,17,472,300,4
1797,17,487,312,4
1813,17,504,327,4
1830,17,490,313,4
1846,17,491,300,4
1863,17,498,303,4
1880,17,503,316,4
1896,17,484,290,4
1913,17,501,295,4
1930,17,497,315,4
1946,17,490,293,4
1963,17,525,304,4
1980,17,493,329,4
1996,17,502,289,4
2013,17,492,296,4
2029,17,492,270,0
2046,17,495,292,4
2063,17,502,282,0
2079,17,495,296,4
2096,17,494,292,4
2113,17,493,297,4
2129,17,488,310,4
2146,17,478,286,0
2163,17,500,308,4
2179,17,495,307,4
2196,17,494,325,4
2212,17,465,342,4
2229,17,501,292,4
2246,17,502,312,4
2262,17,498,284,0
2279,17,495,262,0
2296,17,493,259,1
2312,17,492,289,4
2329,17,524,285,0
2346,17,500,303,4
2362,17,501,188,1
2379,17,494,284,0
2395,17,473,343,4
2412,17,529,335,4
2429,17,538,257,1
2445,17,548,287,0
2462,17,532,284,0
2479,17,544,244,1
2495,17,544,296,4
2512,17,539,293,4
2529,17,531,310,4
2545,17,524,417,5
2745,200,451,406,2
2761,17,531,292,4
2778,17,548,298,4
2795,17,529,299,4
2811,17,533,290,4
2828,17,533,291,4
2845,17,528,318,4
2861,17,551,309,4
2878,17,530,283,0
2894,17,533,322,4
2911,17,532,303,4
2928,17,538,293,4
2944,17,528,312,4
2961,17,527,301,4
2978,17,539,311,4
2994,17,529,290,4
3011,17,520,311,4
3028,17,514,321,4
3044,17,512,326,4
3061,17,522,331,4
3077,17,520,326,4
3094,17,523,293,4
3111,17,524,327,4
3127,17,523,306,4
3144,17,512,320,4
3161,17,513,340,4
3177,17,528,309,4
3194,17,525,308,4
3211,17,511,324,4
3227,17,524,312,4
3244,17,528,325,4
3260,17,521,318,4
3277,17,517,320,4
3294,17,527,335,4
3310,17,527,348,4
3327,17,530,328,4
3344,17,513,309,4
3360,17,530,328,4
3377,17,526,347,4
3394,17,518,334,4
3410,17,529,321,4
3427,17,527,368,2
3443,17,533,326,4
3460,17,529,336,4
3477,17,524,335,4
3493,17,534,327,4
3510,17,522,342,4
3527,17,520,345,4
3543,17,522,344,4
3560,17,529,341,4
3593,0,513,351,4
3593,33,513,351,4
3610,17,511,341,4
3626,17,523,342,4
3643,17,518,340,4
3660,17,525,341,4
3676,17,542,336,4
3693,17,525,356,4
3710,17,518,345,4
3726,17,511,334,4
3743,17,425,356,4
3760,17,332,330,0
3776,17,301,323,0
3793,17,332,337,0
3809,17,324,328,0
3826,17,340,337,0
3843,17,311,336,0
3859,17,318,338,0
3876,17,327,340,0
3893,17,323,309,0
3909,17,331,335,0
3926,17,333,326,0
3943,17,319,331,0
3959,17,332,333,0
3976,17,326,350,0
3992,17,324,328,0
4009,17,325,323,0
4026,17,298,309,0
4042,17,303,343,0
4059,17,302,343,0
4076,17,284,332,0
4092,17,288,348,0
4109,17,293,367,2
4125,17,288,350,0
4142,17,301,358,0
4159,17,289,346,0
4175,17,291,354,0
4192,17,291,357,0
4209,17,291,352,0
4225,17,289,352,0
4242,17,293,358,0
4259,17,293,348,0
4275,17,296,354,0
4292,17,309,365,2
4308,17,290,359,0
4325,17,288,361,0
4342,17,295,363,0
4358,17,299,347,0
4375,17,284,353,0
4392,17,287,361,0
4408,17,291,354,0
4425,17,294,350,0
4442,17,292,361,0
4458,17,296,334,0
4475,17,297,334,0
4491,17,298,356,0
4508,17,291,349,0
4525,17,293,361,0
4541,17,350,341,0
4558,17,475,377,2
4575,17,547,358,4
4591,17,552,354,4
4608,17,565,362,4
4625,17,568,358,4
4641,17,567,360,4
4658,17,555,373,2
4674,17,561,346,4
4691,17,552,325,4
4708,17,560,380,2
4724,17,546,358,4
4741,17,560,371,2
4758,17,560,351,4
4774,17,545,348,4
4791,17,560,363,4
4808,17,563,359,4
4824,17,559,362,4
4841,17,551,344,4
4857,17,551,361,4
4874,17,558,356,4
4891,17,540,350,4
4907,17,556,318,4
4924,17,549,335,4
4941,17,551,312,4
4957,17,544,324,4
4974,17,556,324,4
4991,17,549,317,4
5007,17,543,324,4
5024,17,550,327,4
5040,17,561,323,4
5057,17,551,311,4
5074,17,541,318,4
5090,17,552,336,4
5107,17,558,328,4
5124,17,546,276,0
5140,17,560,305,4
5157,17,565,309,4
5174,17,559,336,4
5190,17,563,298,4
5207,17,555,313,4
5223,17,566,304,4
5240,17,572,311,4
5257,17,562,321,4
5273,17,544,329,4
5290,17,551,307,4
5307,17,570,302,4
5323,17,558,304,4
5340,17,566,303,4
5356,17,549,288,4
5373,17,544,308,4
5390,17,567,310,4
5406,17,570,309,4
5423,17,557,326,4
5440,17,572,310,4
5456,17,555,309,4
5473,17,559,310,4
5490,17,567,307,4
5506,17,563,303,4
5523,17,567,308,4
5539,17,562,286,0
5556,17,563,314,4
5573,17,580,202,1
5706,133,565,687,3
5722,17,551,444,3
5739,17,561,212,1
5756,17,577,215,1
5772,17,556,323,4
5789,17,586,331,4
5806,17,564,330,4
5822,17,570,305,4
5839,17,569,320,4
5856,17,584,321,4
5872,17,569,315,4
5889,17,567,338,4
5905,17,573,329,4
5922,17,571,342,4
5939,17,571,316,4
5955,17,588,328,4
5972,17,566,338,4
5989,17,570,327,4
6005,17,568,336,4
6022,17,569,325,4
6039,17,565,329,4
6055,17,572,306,4
6072,17,560,319,4
6088,17,565,325,4
6105,17,576,318,4
6122,17,570,333,4
6138,17,570,319,4
6155,17,568,301,4
6172,17,569,313,4
6188,17,579,335,4
6205,17,602,310,4
6222,17,582,317,4
6238,17,566,320,4
6255,17,580,321,4
6271,17,571,348,4
6288,17,565,320,4
6305,17,571,331,4
6321,17,551,341,4
6338,17,524,347,4
6355,17,519,335,4
6371,17,523,358,4
6388,17,529,363,4
6404,17,523,345,4
6421,17,522,339,4
6438,17,526,357,4
6454,17,526,370,2
6471,17,519,373,2
6488,17,522,340,4
6504,17,521,367,2
6521,17,512,353,4
6538,17,508,353,4
6554,17,520,361,4
6571,17,520,352,4
6587,17,521,344,4
6604,17,523,356,4
6621,17,509,473,3
6953,333,547,329,4
6970,17,538,362,4
6987,17,536,365,2
7003,17,543,347,4
7020,17,538,359,4
7037,17,539,353,4
7053,17,543,367,2
7070,17,529,351,4
7087,17,545,365,2
7103,17,527,344,4
7120,17,540,356,4
7136,17,544,367,2
7153,17,538,357,4
7170,17,535,339,4
7186,17,534,347,4
7203,17,531,355,4
7220,17,538,326,4
7236,17,540,343,4
7253,17,545,352,4
7270,17,535,354,4
7286,17,525,344,4
7303,17,535,353,4
7319,17,529,356,4
7336,17,527,347,4
7353,17,532,354,4
7369,17,540,330,4
7386,17,532,367,2
7403,17,530,365,2
7419,17,462,318,4
7436,17,461,311,4
7453,17,462,295,4
7469,17,451,305,4
7486,17,460,263,0
7502,17,465,281,0
7519,17,487,266,0
7536,17,458,282,0
7552,17,479,260,0
7569,17,480,291,4
7586,17,464,276,0
7602,17,472,291,4
7619,17,469,282,0
7635,17,470,281,0
7652,17,445,263,0
7669,17,435,267,0
7685,17,436,266,0
7702,17,450,267,0
7719,17,454,284,0
7735,17,455,272,0
7752,17,447,291,4
7769,17,447,272,0
7785,17,451,261,0
7802,17,455,262,0
7818,17,445,269,0
7835,17,450,257,1
7852,17,451,288,4
7868,17,455,285,0
7885,17,446,277,0
7902,17,456,274,0
7918,17,447,269,0
7935,17,438,283,0
7952,17,436,278,0
7968,17,498,342,4
7985,17,533,394,2
8001,17,534,382,2
8018,17,533,395,2
8035,17,534,376,2
8051,17,538,399,2
8068,17,538,380,2
8085,17,527,393,2
8101,17,530,395,2
8118,17,541,414,2
8135,17,535,399,2
8151,17,535,405,2
8168,17,531,398,2
8184,17,540,382,2
8201,17,522,403,2
8218,17,538,393,2
8234,17,528,403,2
8251,17,541,389,2
8268,17,524,400,2
8284,17,526,407,2
8301,17,526,392,2
8318,17,524,401,2
8334,17,521,401,2
8351,17,521,410,2
8367,17,538,405,2
8384,17,536,420,5
8401,17,530,404,2
8417,17,534,413,2
8434,17,474,385,2
8451,17,412,367,2
8467,17,390,315,0
8484,17,409,359,0
8501,17,402,336,0
8517,17,411,335,0
8534,17,408,339,0
8550,17,409,351,0
8567,17,403,331,0
8584,17,385,355,0
8600,17,392,343,0
8617,17,388,336,0
8634,17,406,339,0
8650,17,382,338,0
8667,17,396,332,0
8683,17,389,327,0
8700,17,419,348,4
8717,17,410,356,0
8733,17,425,341,4
8750,17,405,344,0
8767,17,413,332,0
8783,17,401,341,0
8800,17,405,351,0
8817,17,405,350,0
8833,17,413,350,0
8850,17,390,360,0
8866,17,406,351,0
8883,17,382,332,0
8900,17,438,285,0
8916,17,451,300,4
8933,17,480,307,4
8950,17,477,317,4
8966,17,475,305,4
8983,17,469,338,4
9000,17,461,314,4
9016,17,446,304,4
9033,17,450,338,4
9049,17,471,307,4
9066,17,484,318,4
9083,17,462,331,4
9099,17,446,315,4
9116,17,460,298,4
9133,17,470,328,4
9149,17,464,332,4
9166,17,460,326,4
9183,17,454,311,4
9199,17,464,292,4
9216,17,470,336,4
9232,17,471,304,4
9249,17,464,334,4
9266,17,463,329,4
9282,17,484,334,4
9299,17,462,307,4
9449,150,455,738,3
9465,17,479,503,3
9482,17,482,311,4
9499,17,493,303,4
9515,17,494,356,4
9532,17,479,360,4
9549,17,498,349,4
9565,17,492,342,4
9582,17,472,360,4
9598,17,502,368,2
9615,17,478,361,4
9632,17,484,348,4
9648,17,488,346,4
9665,17,490,353,4
9682,17,482,356,4
9698,17,482,347,4
9715,17,492,336,4
9732,17,490,336,4
9748,17,483,341,4
9765,17,483,346,4
9781,17,485,339,4
9798,17,493,360,4
9815,17,490,371,2
9831,17,488,348,4
9848,17,494,362,4
9865,17,488,347,4
9881,17,485,352,4
9898,17,485,331,4
9914,17,476,355,4
9931,17,490,355,4
9948,17,496,352,4
9964,17,489,342,4
9981,17,489,347,4
9998,17,489,350,4
10014,17,491,348,4
10031,17,496,369,2
10048,17,480,348,4
10064,17,486,358,4
10081,17,489,340,4
10097,17,496,352,4
10114,17,494,355,4
10131,17,500,355,4
10147,17,490,340,4
10164,17,498,350,4
10181,17,487,349,4
10197,17,493,359,4
10214,17,499,350,4
10231,17,492,346,4
10247,17,485,355,4
10264,17,493,356,4
10280,17,492,337,4
10297,17,486,365,2
10314,17,484,345,4
10330,17,479,358,4
10347,17,500,344,4
10364,17,497,353,4
10380,17,484,348,4
10397,17,487,359,4
10414,17,493,347,4
10430,17,479,348,4
10447,17,486,363,4
10463,17,485,350,4
10480,17,491,358,4
10497,17,487,355,4
10513,17,495,365,2
10530,17,491,357,4
10547,17,494,349,4
10563,17,493,355,4
10580,17,493,361,4
10597,17,490,355,4
10613,17,493,359,4
10630,17,488,344,4
10646,17,493,392,2
10663,17,490,352,4
10680,17,480,380,2
10696,17,484,368,2
10713,17,490,369,2
10730,17,486,354,4
10746,17,477,375,2
10763,17,489,373,2
10780,17,487,351,4
10796,17,490,433,3
10946,150,507,908,0
10962,17,490,690,3
10979,17,510,415,2
10996,17,503,387,2
11012,17,498,416,2
11029,17,504,446,3
11046,17,502,435,3
11062,17,501,423,3
11079,17,498,428,3
11096,17,504,443,3
11112,17,512,441,3
11129,17,510,442,3
11145,17,490,433,3
11162,17,508,432,3
11179,17,502,441,3
11195,17,512,437,3
11212,17,498,445,3
11229,17,502,424,3
11245,17,503,444,3
11262,17,498,450,3
11279,17,515,439,3
11295,17,505,427,3
11312,17,495,420,5
11328,17,505,443,3
11345,17,507,439,3
11362,17,505,453,3
11378,17,497,441,3
11395,17,494,439,3
11412,17,501,434,3
11428,17,494,457,3
11445,17,476,448,3
11462,17,485,438,3
11478,17,476,445,3
11495,17,489,444,3
11511,17,495,453,3
11528,17,500,447,3
11545,17,496,461,3
11561,17,500,449,3
11578,17,510,427,3
11595,17,530,426,3
11611,17,522,447,3
11628,17,542,412,2
11645,17,534,437,3
11661,17,535,424,3
11678,17,517,430,3
11694,17,534,441,3
11711,17,547,431,3
11728,17,543,436,3
11744,17,542,436,3
11761,17,540,410,2
11778,17,536,393,2
11794,17,551,428,3
11811,17,537,421,5
11828,17,545,422,3
11844,17,529,423,3
11861,17,541,431,3
11877,17,540,407,2
11894,17,553,418,5
11911,17,542,440,3
11927,17,541,416,2
11944,17,533,419,5
11961,17,547,420,5
11977,17,542,404,2
11994,17,543,415,2
12011,17,555,418,5
12027,17,521,417,5
12044,17,524,425,3
12060,17,517,427,3
12077,17,517,422,3
12094,17,513,448,3
12110,17,523,431,3
12127,17,514,421,5
12144,17,519,440,3
12160,17,517,422,3
12177,17,522,410,2
12193,17,513,432,3
12210,17,534,418,5
12227,17,514,434,3
12243,17,514,417,5
12260,17,521,415,2
12277,17,517,426,3
12293,17,507,431,3
12310,17,512,416,2
12327,17,517,424,3
12343,17,514,430,3
12360,17,511,440,3
12376,17,505,419,5
12393,17,509,436,3
12410,17,505,431,3
12426,17,509,440,3
12443,17,505,463,3
12460,17,525,329,4
12476,17,548,331,4
12493,17,576,290,4
12510,17,570,286,0
12526,17,572,274,0
12543,17,567,280,0
12559,17,551,280,0
12576,17,553,274,0
12593,17,566,292,4
12609,17,565,272,0
12626,17,559,288,4
12643,17,565,283,0
12659,17,554,307,4
12676,17,575,286,0
12693,17,553,314,4
12709,17,565,294,4
12726,17,559,268,0
12742,17,563,294,4
12759,17,559,291,4
12776,17,571,259,1
12792,17,567,280,0
12809,17,558,272,0
12826,17,550,262,0
12842,17,544,291,4
12859,17,571,283,0
12876,17,570,275,0
12892,17,549,286,0
12909,17,571,286,0
12925,17,560,273,0
12942,17,603,285,0
12959,17,555,286,0
12975,17,554,276,0
12992,17,536,242,1
13009,17,498,208,1
13025,17,468,182,1
13042,17,473,186,1
13059,17,493,185,1
13075,17,488,188,1
13092,17,488,176,1
13108,17,506,183,1
13125,17,488,188,1
13142,17,493,180,1
13158,17,486,206,1
13175,17,490,176,1
13192,17,472,188,1
13208,17,495,187,1
13225,17,490,172,1
13241,17,487,179,1
13258,17,487,163,1
13275,17,501,174,1
13291,17,489,179,1
13308,17,490,175,1
13325,17,491,183,1
13341,17,497,173,1
13358,17,493,170,1
13375,17,492,177,1
13391,17,484,179,1
13408,17,497,181,1
13424,17,500,191,1
13441,17,500,167,1
13458,17,495,191,1
13474,17,498,174,1
13491,17,482,191,1
13508,17,484,180,1
13524,17,479,170,1
13541,17,492,192,1
13558,17,479,189,1
13574,17,486,191,1
13591,17,483,198,1
13607,17,496,191,1
13624,17,498,189,1
13641,17,498,191,1
13657,17,502,185,1
13674,17,499,202,1
13691,17,492,177,1
13707,17,509,206,1
13724,17,484,174,1
13741,17,495,166,1
13757,17,495,198,1
13774,17,484,186,1
13790,17,486,181,1
13807,17,502,222,1
13824,17,514,337,4
13840,17,520,346,4
13857,17,509,362,4
13874,17,514,367,2
13890,17,516,375,2
13907,17,516,371,2
13924,17,520,377,2
13940,17,514,379,2
13957,17,508,386,2
13973,17,514,380,2
13990,17,515,392,2
14007,17,519,385,2
14023,17,524,400,2
14040,17,530,413,2
14057,17,537,404,2
14073,17,555,847,0
14273,200,534,442,3
14290,17,492,187,1
14306,17,522,239,1
14323,17,537,285,0
14339,17,534,337,4
14356,17,533,315,4
14373,17,543,319,4
14389,17,544,323,4
14406,17,540,332,4
14423,17,542,322,4
14439,17,561,325,4
14456,17,540,322,4
14472,17,537,324,4
14489,17,536,332,4
14506,17,548,326,4
14522,17,543,324,4
14539,17,540,343,4
14556,17,544,323,4
14572,17,548,335,4
14589,17,551,318,4
14606,17,545,323,4
14622,17,543,335,4
14639,17,546,341,4
14655,17,549,344,4
14672,17,522,331,4
14689,17,539,340,4
14705,17,545,322,4
14722,17,548,346,4
14739,17,544,352,4
14755,17,535,353,4
14772,17,531,338,4
14789,17,545,334,4
14805,17,538,357,4
14822,17,533,340,4
14838,17,542,343,4
14855,17,537,353,4
14872,17,533,348,4
14888,17,536,351,4
14905,17,535,342,4
14922,17,536,349,4
14938,17,522,333,4
14955,17,545,334,4
14972,17,520,354,4
14988,17,526,360,4
15005,17,532,337,4
15021,17,542,346,4
15038,17,537,345,4
15055,17,534,336,4
15071,17,547,349,4
15088,17,537,352,4
15105,17,537,348,4
15121,17,535,340,4
15138,17,537,348,4
15155,17,539,349,4
15171,17,537,357,4
15188,17,540,360,4
15204,17,542,345,4
15221,17,543,355,4
15238,17,543,344,4
15254,17,549,337,4
15271,17,539,345,4
15288,17,551,337,4
15304,17,542,345,4
15321,17,540,344,4
15338,17,548,357,4
15354,17,542,334,4
15371,17,548,338,4
15387,17,540,356,4
15404,17,544,343,4
15421,17,539,337,4
15437,17,540,340,4
15454,17,538,350,4
15471,17,535,335,4
15487,17,533,340,4
15504,17,528,339,4
15521,17,541,333,4
15537,17,538,344,4
15554,17,536,360,4
15570,17,536,342,4
15587,17,540,353,4
15604,17,521,406,2
15620,17,522,424,3
15637,17,522,423,3
15654,17,504,432,3
15670,17,522,424,3
15687,17,520,418,5
15703,17,520,419,5
15720,17,531,420,5
15737,17,520,408,2
15753,17,525,423,3
15770,17,528,426,3
15787,17,527,431,3
15803,17,514,423,3
15820,17,514,429,3
15837,17,522,416,2
15853,17,523,413,2
15870,17,523,407,2
15886,17,514,431,3
15903,17,521,435,3
15920,17,525,414,2
15936,17,523,423,3
15953,17,521,418,5
15970,17,528,432,3
15986,17,539,424,3
16003,17,518,430,3
16020,17,525,433,3
16036,17,502,416,2
16053,17,521,421,5
16069,17,518,388,2
16086,17,527,424,3
16103,17,522,418,5
16119,17,516,414,2
16136,17,524,427,3
16153,17,529,419,5
16169,17,517,427,3
16186,17,535,421,5
16203,17,522,421,5
16219,17,514,433,3
16236,17,510,423,3
16252,17,519,435,3
16269,17,527,432,3
16286,17,532,447,3
16302,17,509,437,3
16319,17,516,447,3
16336,17,508,444,3
16352,17,522,433,3
16369,17,520,439,3
16386,17,518,435,3
16402,17,519,451,3
16419,17,518,424,3
16435,17,530,427,3
16452,17,527,446,3
16469,17,514,430,3
16485,17,505,438,3
16502,17,510,433,3
16519,17,519,441,3
16535,17,531,435,3
16552,17,522,416,2
16569,17,515,439,3
16585,17,531,444,3
16602,17,545,435,3
16618,17,529,427,3
16635,17,534,442,3
16652,17,511,433,3
16668,17,530,442,3
16685,17,548,434,3
16702,17,529,438,3
16718,17,508,418,5
16735,17,527,437,3
16751,17,526,417,5
16768,17,530,420,5
16785,17,504,428,3
16801,17,510,410,2
16818,17,530,429,3
16835,17,512,414,2
16851,17,509,427,3
16868,17,506,434,3
16885,17,525,446,3
16901,17,532,431,3
16918,17,530,425,3
16934,17,514,440,3
16951,17,528,440,3
16968,17,529,437,3
16984,17,517,439,3
17001,17,532,439,3
17018,17,530,429,3
17034,17,541,425,3
17051,17,529,448,3
17068,17,535,433,3
17084,17,526,424,3
17101,17,539,435,3
17117,17,527,436,3
17134,17,540,437,3
17167,0,519,434,3
17167,33,519,434,3
17184,17,536,436,3
17201,17,540,430,3
17217,17,535,446,3
17234,17,532,440,3
17251,17,533,454,3
17267,17,538,446,3
17284,17,518,439,3
17300,17,535,430,3
17317,17,530,439,3
17334,17,531,429,3
17350,17,520,438,3
17367,17,537,442,3
17384,17,530,453,3
17400,17,533,448,3
17417,17,544,452,3
17434,17,534,419,5
17450,17,535,436,3
17467,17,531,450,3
17483,17,532,438,3
17500,17,533,447,3
17517,17,507,432,3
17533,17,545,426,3
17550,17,542,435,3
17567,17,522,432,3
17583,17,527,452,3
17600,17,520,445,3
17617,17,536,445,3
17633,17,539,440,3
17650,17,532,441,3
17666,17,530,442,3
17683,17,542,440,3
17700,17,514,458,3
17716,17,546,449,3
17733,17,537,439,3
17750,17,555,465,3
17766,17,545,808,0
17933,166,520,693,3
17949,17,529,426,3
17966,17,531,300,4
17982,17,547,394,2
17999,17,535,397,2
18016,17,545,384,2
18032,17,541,388,2
18049,17,525,383,2
18066,17,539,375,2
18082,17,547,395,2
18099,17,532,390,2
18116,17,545,379,2
18132,17,527,403,2
18149,17,540,396,2
18165,17,539,401,2
18182,17,542,377,2
18199,17,546,396,2
18215,17,546,395,2
18232,17,547,389,2
18249,17,545,408,2
18265,17,550,382,2
18282,17,549,391,2
18299,17,550,406,2
18315,17,541,389,2
18332,17,545,400,2
18348,17,544,405,2
18365,17,550,394,2
18382,17,530,394,2
18398,17,553,388,2
18415,17,546,399,2
18432,17,537,398,2
18448,17,555,387,2
18465,17,557,382,2
18482,17,550,403,2
18498,17,534,391,2
18515,17,553,393,2
18531,17,559,395,2
18548,17,543,381,2
18565,17,536,382,2
18581,17,554,395,2
18598,17,546,381,2
18615,17,559,381,2
18631,17,547,378,2
18648,17,558,383,2
18665,17,544,391,2
18681,17,552,373,2
18698,17,531,384,2
18714,17,550,400,2
18731,17,534,391,2
18748,17,556,388,2
18764,17,547,388,2
18781,17,539,399,2
18798,17,553,400,2
18814,17,547,385,2
18831,17,545,393,2
18848,17,525,389,2
18864,17,547,386,2
18881,17,543,373,2
18897,17,543,383,2
18914,17,542,373,2
18931,17,533,393,2
18947,17,543,380,2
18964,17,558,380,2
18981,17,551,381,2
18997,17,541,385,2
19014,17,543,387,2
19030,17,545,386,2
19047,17,549,381,2
19064,17,547,399,2
19080,17,536,399,2
19097,17,565,415,2
19114,17,538,417,5
19130,17,554,393,2
19147,17,553,388,2
19164,17,557,392,2
19180,17,553,398,2
19197,17,551,399,2
19213,17,570,378,2
19230,17,541,390,2
19247,17,533,384,2
19263,17,500,392,2
19280,17,508,395,2
19297,17,507,384,2
19313,17,513,381,2
19330,17,505,402,2
19347,17,504,387,2
19363,17,498,381,2
19380,17,510,382,2
19396,17,523,402,2
19413,17,521,413,2
19430,17,502,403,2
19446,17,501,396,2
19463,17,515,420,5
19480,17,505,399,2
19496,17,499,403,2
19513,17,513,391,2
19530,17,514,391,2
19546,17,492,408,2
19563,17,529,392,2
19579,17,507,385,2
19596,17,501,399,2
19613,17,501,387,2
19629,17,519,397,2
19646,17,510,389,2
19663,17,528,386,2
19679,17,496,375,2
19696,17,485,359,4
19713,17,477,334,4
19729,17,488,346,4
19746,17,470,346,4
19762,17,479,360,4
19779,17,485,345,4
19796,17,478,345,4
19812,17,472,355,4
19829,17,484,337,4
19846,17,480,353,4
19862,17,492,356,4
19879,17,480,351,4
19896,17,481,360,4
19912,17,484,347,4
19929,17,482,354,4
19945,17,481,371,2
19962,17,497,358,4
19979,17,483,334,4
19995,17,488,347,4
20012,17,487,361,4
20029,17,472,353,4
20045,17,479,343,4
20062,17,468,389,2
20079,17,492,355,4
20095,17,491,364,4
20112,17,482,360,4
20128,17,484,353,4
20145,17,478,343,4
20162,17,479,374,2
20178,17,480,366,2
20195,17,481,363,4
20212,17,476,357,4
20228,17,494,363,4
20245,17,481,361,4
20261,17,488,342,4
20278,17,493,354,4
20295,17,494,364,4
20311,17,482,369,2
20328,17,494,367,2
20345,17,477,368,2
20361,17,487,360,4
20378,17,486,358,4
20395,17,494,371,2
20411,17,483,340,4
20428,17,486,374,2
20444,17,483,359,4
20461,17,488,361,4
20478,17,478,366,2
20494,17,497,376,2
20511,17,467,365,2
20528,17,473,356,4
20544,17,490,359,4
20561,17,496,367,2
20578,17,492,357,4
20594,17,479,377,2
20611,17,486,348,4
20627,17,496,363,4
20644,17,490,528,3
20827,183,443,601,3
20844,17,470,337,4
20860,17,454,309,4
20877,17,475,361,4
20894,17,453,343,4
20910,17,474,343,4
20927,17,472,349,4
20944,17,473,346,4
20960,17,477,355,4
20977,17,471,340,4
20993,17,476,361,4
21010,17,474,367,2
21027,17,478,354,4
21043,17,470,351,4
21060,17,485,372,2
21077,17,469,349,4
21093,17,477,369,2
21110,17,476,376,2
21127,17,458,364,4
21143,17,481,352,4
21160,17,476,364,4
21176,17,480,364,4
21193,17,476,352,4
21210,17,461,368,2
21226,17,477,371,2
21243,17,474,366,2
21260,17,477,364,4
21276,17,474,361,4
21293,17,465,378,2
21309,17,455,337,4
21326,17,479,358,4
21343,17,464,353,4
21359,17,475,373,2
21376,17,464,361,4
21393,17,469,366,2
21409,17,480,382,2
21426,17,464,382,2
21443,17,476,379,2
21459,17,471,369,2
21476,17,459,343,4
21492,17,461,375,2
21509,17,482,360,4
21526,17,459,370,2
21542,17,469,369,2
21559,17,470,373,2
21576,17,471,377,2
21592,17,474,376,2
21609,17,463,363,4
21626,17,403,352,0
21642,17,334,332,0
21659,17,381,700,3
21842,183,433,722,3
21858,17,427,625,3
21875,17,430,195,1
21892,17,442,275,0
21908,17,451,327,4
21925,17,458,337,4
21942,17,430,347,4
21958,17,436,327,4
21975,17,446,345,4
21992,17,448,330,4
22008,17,448,355,4
22025,17,449,340,4
22041,17,447,354,4
22058,17,444,329,4
22075,17,449,331,4
22091,17,428,345,4
22108,17,461,360,4
22125,17,450,336,4
22141,17,452,327,4
22158,17,452,335,4
22175,17,456,358,4
22191,17,445,340,4
22208,17,447,355,4
22224,17,446,354,4
22241,17,453,362,4
22258,17,443,340,4
22274,17,446,339,4
22291,17,442,344,4
22308,17,461,353,4
22324,17,442,351,4
22341,17,452,357,4
22358,17,441,359,4
22374,17,450,354,4
22391,17,451,352,4
22407,17,451,370,2
22424,17,436,351,4
22441,17,470,353,4
22457,17,523,374,2
22474,17,515,358,4
22491,17,522,356,4
22507,17,500,357,4
22524,17,509,378,2
22540,17,524,376,2
22557,17,509,390,2
22574,17,513,374,2
22590,17,508,376,2
22607,17,519,380,2
22624,17,491,383,2
22640,17,500,384,2
22657,17,513,376,2
22674,17,512,375,2
22690,17,499,383,2
22707,17,513,376,2
22723,17,486,354,4
22740,17,508,382,2
22757,17,509,381,2
22773,17,512,375,2
22790,17,514,370,2
22807,17,510,366,2
22823,17,511,377,2
22840,17,500,401,2
22857,17,376,532,3
22873,17,271,686,3
22890,17,207,767,0
22906,17,170,830,0
22923,17,115,881,0
22940,17,129,875,0
22956,17,168,843,0
22973,17,156,880,0
22990,17,166,893,0
23006,17,174,906,0
23023,17,173,829,0
23040,17,185,928,0
23056,17,93,823,0
23073,17,180,830,0
23089,17,106,827,0
23106,17,113,827,0
23123,17,136,929,0
23139,17,150,926,0
23156,17,180,833,0
23173,17,177,924,0
23189,17,221,907,0
23206,17,286,988,0
23223,17,380,989,0
23239,17,398,927,0
23256,17,392,1000,0
23272,17,396,1004,0
23289,17,409,946,0
23306,17,403,1008,0
23322,17,413,951,0
23339,17,409,928,0
23356,17,413,1016,0
23372,17,408,948,0
23389,17,414,950,0
23406,17,409,945,0
23422,17,416,920,0
23439,17,410,946,0
23455,17,418,785,0
23472,17,424,624,3
23489,17,452,438,3
23505,17,475,367,2
23522,17,484,361,4
23539,17,503,364,4
23555,17,492,364,4
23572,17,502,370,2
23588,17,509,362,4
23605,17,491,361,4
23622,17,482,363,4
23638,17,493,382,2
23655,17,514,385,2
23672,17,500,366,2
23688,17,493,357,4
23705,17,496,360,4
23722,17,495,362,4
23738,17,502,357,4
23755,17,500,365,2
23771,17,503,346,4
23788,17,500,348,4
23805,17,499,335,4
23821,17,498,365,2
23838,17,490,353,4
23855,17,493,349,4
23871,17,501,405,2
23888,17,528,426,3
23905,17,525,445,3
23921,17,526,447,3
23938,17,527,442,3
23954,17,522,450,3
23971,17,514,445,3
23988,17,522,455,3
24004,17,530,448,3
24021,17,539,450,3
24038,17,529,456,3
24054,17,523,456,3
24071,17,517,453,3
24088,17,522,441,3
24104,17,515,441,3
24121,17,528,440,3
24137,17,519,436,3
24154,17,518,442,3
24171,17,525,448,3
24187,17,527,436,3
24204,17,527,456,3
24221,17,524,447,3
24237,17,519,440,3
24254,17,534,455,3
24271,17,507,443,3
24287,17,521,435,3
24304,17,520,457,3
24320,17,514,441,3
24337,17,532,457,3
24354,17,514,451,3
24370,17,529,436,3
24387,17,522,433,3
24404,17,513,431,3
24420,17,509,435,3
24437,17,515,442,3
24454,17,524,431,3
24470,17,509,428,3
24487,17,520,444,3
24503,17,507,449,3
24520,17,517,436,3
24537,17,515,437,3
24553,17,521,448,3
24570,17,524,449,3
24587,17,514,437,3
24603,17,515,450,3
24620,17,512,468,3
24637,17,516,442,3
24653,17,526,442,3
24670,17,509,455,3
24686,17,515,463,3
24703,17,519,449,3
24720,17,517,446,3
24736,17,520,454,3
24753,17,531,459,3
24770,17,515,458,3
24786,17,504,461,3
24803,17,528,455,3
24819,17,513,457,3
24836,17,521,462,3
24853,17,511,451,3
24869,17,513,446,3
24886,17,518,459,3
24903,17,517,460,3
24919,17,514,451,3
24936,17,515,468,3
24953,17,538,452,3
24969,17,515,452,3
24986,17,516,454,3
25002,17,521,463,3
25019,17,516,458,3
25036,17,523,450,3
25052,17,517,454,3
25069,17,518,457,3
25086,17,499,466,3
25102,17,501,450,3
25119,17,500,446,3
25136,17,501,452,3
25152,17,508,443,3
25169,17,479,463,3
25185,17,484,456,3
25202,17,504,434,3
25219,17,505,449,3
25235,17,502,446,3
25252,17,501,433,3
25269,17,501,430,3
25285,17,507,444,3
25302,17,508,434,3
25319,17,497,435,3
25335,17,500,447,3
25352,17,498,398,2
25368,17,543,349,4
25385,17,527,288,4
25402,17,532,296,4
25418,17,541,298,4
25435,17,532,302,4
25452,17,532,310,4
25468,17,531,305,4
25485,17,534,300,4
25502,17,536,299,4
25518,17,528,319,4
25535,17,530,306,4
25551,17,523,316,4
25568,17,519,299,4
25585,17,520,295,4
25601,17,537,294,4
25618,17,531,283,0
25635,17,520,292,4
25651,17,526,282,0
25668,17,524,321,4
25685,17,524,303,4
25701,17,539,308,4
25718,17,585,308,4
25734,17,591,300,4
25751,17,577,302,4
25768,17,580,319,4
25784,17,583,287,0
25801,17,582,301,4
25818,17,580,290,4
25834,17,577,311,4
25851,17,578,300,4
25868,17,584,293,4
25884,17,579,288,4
25901,17,582,278,0
25917,17,599,278,0
25934,17,585,307,4
25951,17,575,305,4
25967,17,574,282,0
25984,17,571,286,0
26001,17,584,283,0
26017,17,572,298,4
26034,17,573,279,0
26050,17,583,285,0
26067,17,576,294,4
26084,17,562,297,4
26100,17,579,303,4
26117,17,577,305,4
26134,17,567,307,4
26150,17,575,297,4
26167,17,577,306,4
26184,17,578,309,4
26200,17,576,308,4
26217,17,569,313,4
26233,17,579,320,4
26250,17,578,298,4
26267,17,584,298,4
26283,17,521,348,4
26300,17,499,417,5
26317,17,498,394,2
26333,17,510,400,2
26350,17,498,388,2
26367,17,496,407,2
26383,17,508,420,5
26400,17,493,413,2
26416,17,494,417,5
26433,17,505,407,2
26450,17,492,412,2
26466,17,499,413,2
26483,17,496,417,5
26500,17,499,415,2
26516,17,496,395,2
26533,17,498,404,2
26550,17,496,416,2
26566,17,491,419,5
26583,17,495,405,2
26599,17,487,402,2
26616,17,498,404,2
26633,17,490,406,2
26649,17,491,407,2
26666,17,493,404,2
26683,17,509,406,2
26699,17,506,408,2
26716,17,492,407,2
26733,17,497,422,3
26749,17,502,401,2
26766,17,497,412,2
26782,17,501,437,3
26799,17,488,425,3
26816,17,485,430,3
26832,17,492,402,2
26849,17,487,389,2
26866,17,466,559,3
26882,17,494,911,0
27082,200,537,738,3
27098,17,481,406,2
27115,17,469,255,1
27132,17,477,421,3
27148,17,486,289,4
27165,17,483,284,0
27182,17,498,347,4
27198,17,501,356,4
27215,17,477,360,4
27232,17,498,358,4
27248,17,499,359,4
27265,17,500,328,4
27281,17,484,345,4
27298,17,494,345,4
27315,17,487,365,2
27331,17,482,346,4
27348,17,501,353,4
27365,17,497,340,4
27381,17,497,355,4
27398,17,498,341,4
27415,17,478,345,4
27431,17,491,342,4
27448,17,502,357,4
27464,17,490,351,4
27481,17,480,340,4
27498,17,497,364,4
27514,17,496,363,4
27531,17,483,358,4
27548,17,500,366,2
27564,17,498,371,2
27581,17,493,361,4
27598,17,477,354,4
27614,17,485,365,2
27631,17,490,364,4
27647,17,494,370,2
27664,17,528,391,2
27681,17,535,402,2
27697,17,528,395,2
27714,17,522,406,2
27731,17,512,413,2
27747,17,539,394,2
27764,17,536,406,2
27781,17,511,399,2
27797,17,517,403,2
27814,17,526,388,2
27830,17,536,398,2
27847,17,538,397,2
27864,17,540,394,2
27880,17,540,395,2
27897,17,518,400,2
27914,17,545,385,2
27930,17,538,381,2
27947,17,545,389,2
27964,17,548,376,2
27980,17,533,397,2
27997,17,536,377,2
28013,17,560,388,2
28030,17,535,376,2
28047,17,534,396,2
28063,17,538,393,2
28080,17,529,373,2
28097,17,539,380,2
28113,17,533,384,2
28130,17,541,397,2
28147,17,536,386,2
28163,17,521,397,2
28180,17,531,388,2
28196,17,532,380,2
28213,17,519,394,2
28230,17,526,393,2
28246,17,523,400,2
28263,17,520,398,2
28280,17,522,385,2
28296,17,527,378,2
28313,17,538,385,2
28329,17,517,389,2
28346,17,525,380,2
28363,17,533,405,2
28379,17,528,399,2
28396,17,528,412,2
28413,17,523,400,2
28429,17,511,394,2
28446,17,526,388,2
28463,17,466,380,2
28479,17,418,325,4
28496,17,381,273,0
28512,17,390,319,0
28529,17,390,312,0
28546,17,393,321,0
28562,17,391,327,0
28579,17,391,308,0
28596,17,401,312,0
28612,17,386,301,0
28629,17,391,308,0
28646,17,389,312,0
28662,17,371,311,0
28679,17,374,297,0
28695,17,381,311,0
28712,17,391,309,0
28729,17,389,303,0
28745,17,383,326,0
28762,17,395,326,0
28779,17,389,331,0
28795,17,398,313,0
28812,17,390,323,0
28829,17,410,300,0
28845,17,489,328,4
28862,17,522,350,4
28878,17,529,356,4
28895,17,510,343,4
28912,17,536,360,4
28928,17,532,351,4
28945,17,531,337,4
28962,17,528,339,4
28978,17,521,346,4
28995,17,521,345,4
29012,17,519,352,4
29028,17,519,353,4
29045,17,538,332,4
29061,17,524,348,4
29078,17,526,353,4
29095,17,526,346,4
29111,17,530,339,4
29128,17,516,348,4
29145,17,523,348,4
29161,17,529,347,4
29178,17,531,345,4
29195,17,528,346,4
29211,17,524,347,4
29228,17,533,351,4
29244,17,535,362,4
29261,17,529,356,4
29278,17,540,346,4
29294,17,530,333,4
29311,17,526,347,4
29328,17,540,329,4
29344,17,523,359,4
29361,17,523,353,4
29377,17,510,361,4
29394,17,524,358,4
29411,17,541,329,4
29427,17,524,354,4
29444,17,526,353,4
29461,17,532,370,2
29477,17,509,381,2
29494,17,523,345,4
29511,17,528,352,4
29527,17,528,339,4
29544,17,522,332,4
29560,17,520,348,4
29577,17,524,343,4
29594,17,519,358,4
29610,17,521,346,4
29627,17,523,351,4
29644,17,508,341,4
29660,17,521,366,2
29677,17,504,352,4
29694,17,521,369,2
29710,17,525,348,4
29727,17,518,354,4
29743,17,533,361,4
29760,17,521,353,4
29777,17,517,356,4
29793,17,516,359,4
29810,17,522,355,4
29827,17,526,377,2
29843,17,522,357,4
29860,17,517,355,4
29877,17,517,353,4
29893,17,521,362,4
29910,17,522,360,4
29926,17,526,357,4
29943,17,530,368,2
29960,17,520,350,4
29976,17,519,369,2
29993,17,520,366,2
30010,17,521,369,2
30026,17,519,359,4
30043,17,515,373,2
30060,17,523,367,2
30076,17,519,373,2
30093,17,512,380,2
30109,17,522,346,4
30126,17,521,371,2
30143,17,506,366,2
30159,17,512,375,2
30176,17,514,339,4
30193,17,520,359,4
30209,17,515,356,4
30226,17,511,371,2
30243,17,525,353,4
30259,17,517,354,4
30276,17,517,367,2
30292,17,517,365,2
30309,17,512,379,2
30326,17,514,351,4
30342,17,513,382,2
30359,17,516,375,2
30376,17,511,378,2
30392,17,517,371,2
30409,17,509,383,2
30426,17,495,380,2
30442,17,512,361,4
30459,17,508,369,2
30475,17,508,377,2
30492,17,509,371,2
30509,17,523,372,2
30525,17,521,368,2
30542,17,502,370,2
30559,17,512,372,2
30575,17,507,360,4
30592,17,514,379,2
30608,17,510,382,2
30625,17,505,366,2
30642,17,515,377,2
30658,17,503,379,2
30675,17,524,384,2
30692,17,514,378,2
30708,17,511,387,2
30725,17,502,365,2
30742,17,514,378,2
30758,17,514,368,2
30775,17,499,369,2
30791,17,509,369,2
30808,17,509,372,2
30825,17,497,362,4
30841,17,430,526,3
31041,200,221,297,0
31058,17,157,323,0
31074,17,172,134,0
31091,17,172,87,0
31108,17,179,122,0
31124,17,181,119,0
31141,17,201,100,0
31157,17,199,111,0
31174,17,189,110,0
31191,17,221,117,0
31207,17,205,120,0
31224,17,217,77,0
31241,17,206,103,0
31257,17,209,108,0
31274,17,207,103,0
31291,17,199,100,0
31307,17,221,102,0
31324,17,217,101,0
31340,17,221,116,0
31357,17,207,120,0
31374,17,220,107,0
31390,17,228,117,0
31407,17,238,118,0
31424,17,212,121,0
31440,17,282,180,0
31457,17,415,315,0
31474,17,508,353,4
31490,17,509,376,2
31507,17,513,346,4
31523,17,502,357,4
31540,17,497,366,2
31557,17,508,337,4
31573,17,519,356,4
31590,17,520,370,2
31607,17,502,348,4
31623,17,518,344,4
31640,17,497,348,4
31656,17,508,361,4
31673,17,517,352,4
31690,17,520,347,4
31706,17,523,352,4
31723,17,509,379,2
31740,17,527,349,4
31756,17,524,369,2
31773,17,525,362,4
31790,17,509,366,2
31806,17,530,344,4
31823,17,516,363,4
31839,17,542,410,2
31856,17,528,417,5
31873,17,535,423,3
31889,17,536,426,3
31906,17,525,436,3
31923,17,536,423,3
31939,17,544,440,3
31956,17,537,411,2
31973,17,541,431,3
31989,17,542,432,3
32006,17,525,428,3
32022,17,530,435,3
32039,17,534,426,3
32056,17,532,445,3
32072,17,545,426,3
32089,17,551,429,3
32106,17,539,422,3
32122,17,546,419,5
32139,17,549,435,3
32156,17,531,429,3
32172,17,539,443,3
32189,17,534,424,3
32205,17,542,414,2
32222,17,529,433,3
32239,17,527,423,3
32255,17,504,369,2
32272,17,508,330,4
32289,17,516,318,4
32305,17,520,314,4
32322,17,495,318,4
32339,17,518,323,4
32355,17,514,314,4
32372,17,502,312,4
32388,17,518,310,4
32405,17,515,305,4
32422,17,510,321,4
32438,17,493,318,4
32455,17,522,333,4
32472,17,504,334,4
32488,17,512,323,4
32505,17,486,317,4
32522,17,510,319,4
32538,17,506,331,4
32555,17,509,327,4
32571,17,511,330,4
32588,17,486,322,4
32605,17,497,313,4
32621,17,507,335,4
32638,17,523,342,4
32655,17,513,364,4
32671,17,516,335,4
32688,17,516,316,4
32705,17,493,310,4
32721,17,487,333,4
32738,17,515,338,4
32754,17,505,335,4
32771,17,505,342,4
32788,17,527,341,4
32804,17,637,347,0
32821,17,695,378,2
32838,17,702,386,2
32854,17,708,367,2
32871,17,706,389,2
32887,17,708,373,2
32904,17,694,364,0
32921,17,712,368,2
32937,17,697,377,2
32954,17,715,383,2
32971,17,705,376,2
32987,17,704,372,2
33004,17,691,378,2
33021,17,721,378,2
33037,17,707,391,2
33054,17,702,379,2
33070,17,705,382,2
33087,17,703,387,2
33104,17,650,379,2
33120,17,589,357,4
33137,17,552,323,4
33154,17,573,308,4
33170,17,562,316,4
33187,17,563,323,4
33204,17,560,327,4
33220,17,564,320,4
33237,17,561,336,4
33253,17,561,325,4
33270,17,561,322,4
33287,17,554,316,4
33303,17,561,314,4
33320,17,554,335,4
33337,17,564,331,4
33353,17,555,337,4
33370,17,572,291,4
33387,17,553,335,4
33403,17,555,334,4
33420,17,562,324,4
33436,17,587,307,4
33453,17,584,324,4
33470,17,588,311,4
33486,17,581,328,4
33503,17,579,331,4
33520,17,587,315,4
33536,17,587,330,4
33553,17,581,329,4
33570,17,584,337,4
33586,17,588,321,4
33603,17,588,311,4
33619,17,589,324,4
33636,17,589,325,4
33653,17,584,329,4
33669,17,578,332,4
33686,17,581,316,4
33703,17,586,318,4
33719,17,588,325,4
33736,17,575,322,4
33753,17,542,392,2
33769,17,513,482,3
33786,17,523,464,3
33802,17,522,483,3
33819,17,512,485,3
33836,17,520,483,3
33852,17,521,483,3
33869,17,518,475,3
33886,17,517,493,3
33902,17,509,468,3
33919,17,510,481,3
33936,17,521,474,3
33952,17,512,475,3
33969,17,517,477,3
33985,17,515,498,3
34002,17,523,499,3
34019,17,520,468,3
34035,17,520,477,3
34052,17,536,483,3
34069,17,515,501,3
34085,17,529,503,3
34102,17,511,478,3
34118,17,518,463,3
34135,17,512,471,3
34152,17,512,478,3
34168,17,533,479,3
34185,17,522,490,3
34202,17,498,442,3
34218,17,484,377,2
34235,17,500,334,4
34252,17,505,285,0
34268,17,520,292,4
34285,17,511,275,0
34301,17,511,279,0
34318,17,509,291,4
34335,17,509,284,0
34351,17,514,300,4
34368,17,519,264,0
34385,17,514,286,0
34401,17,504,291,4
34418,17,521,288,4
34435,17,515,277,0
34451,17,515,288,4
34468,17,522,287,0
34484,17,517,294,4
34501,17,522,286,0
34518,17,515,291,4
34534,17,520,289,4
34551,17,519,291,4
34568,17,505,331,4
34584,17,505,387,2
34601,17,487,372,2
34618,17,500,367,2
34634,17,498,360,4
34651,17,504,356,4
34667,17,501,364,4
34684,17,498,386,2
34701,17,499,378,2
34717,17,504,366,2
34734,17,494,361,4
34751,17,511,373,2
34767,17,497,352,4
34784,17,508,392,2
34801,17,499,364,4
34817,17,504,361,4
34834,17,509,385,2
34850,17,499,362,4
34867,17,497,375,2
34884,17,500,368,2
34900,17,515,414,2
35067,166,543,851,0
35083,17,436,809,0
35100,17,450,675,3
35117,17,450,465,3
35133,17,449,425,3
35150,17,444,484,3
35166,17,477,499,3
35183,17,467,519,3
35200,17,468,512,3
35216,17,473,505,3
35233,17,481,510,3
35250,17,468,508,3
35266,17,476,522,3
35283,17,473,521,3
35300,17,482,524,3
35316,17,470,526,3
35333,17,473,529,3
35349,17,471,514,3
35366,17,469,533,3
35383,17,469,536,3
35399,17,468,521,3
35416,17,466,531,3
35433,17,480,524,3
35449,17,469,519,3
35466,17,472,518,3
35483,17,475,533,3
35499,17,498,468,3
35516,17,496,368,2
35532,17,507,398,2
35549,17,512,385,2
35566,17,511,384,2
35582,17,510,397,2
35599,17,510,391,2
35616,17,512,382,2
35632,17,511,375,2
35649,17,516,374,2
35666,17,515,385,2
35682,17,509,383,2
35699,17,515,378,2
35715,17,507,375,2
35732,17,509,409,2
35749,17,514,388,2
35765,17,506,394,2
35782,17,513,391,2
35799,17,510,401,2
35815,17,506,382,2
35832,17,514,396,2
35849,17,517,427,3
35865,17,517,449,3
35882,17,511,430,3
35898,17,514,429,3
35915,17,512,423,3
35932,17,514,425,3
35948,17,518,418,5
35965,17,527,414,2
35982,17,532,417,5
35998,17,517,426,3
36015,17,520,430,3
36032,17,514,412,2
36048,17,517,411,2
36065,17,520,423,3
36081,17,512,417,5
36098,17,512,421,5
36115,17,520,433,3
36131,17,515,433,3
36148,17,518,376,2
36165,17,516,328,4
36181,17,525,350,4
36198,17,517,314,4
36215,17,512,320,4
36231,17,518,318,4
36248,17,508,322,4
36264,17,522,332,4
36281,17,510,341,4
36298,17,517,330,4
36314,17,517,323,4
36331,17,520,336,4
36348,17,519,327,4
36364,17,514,335,4
36381,17,511,343,4
36397,17,517,322,4
36414,17,518,328,4
36431,17,516,325,4
36447,17,522,324,4
36464,17,524,347,4
36481,17,510,353,4
36497,17,525,319,4
36514,17,510,335,4
36531,17,529,344,4
36547,17,515,322,4
36564,17,519,334,4
36580,17,518,343,4
36597,17,514,327,4
36614,17,526,336,4
36630,17,520,331,4
36647,17,517,334,4
36664,17,524,339,4
36680,17,515,329,4
36697,17,525,331,4
36714,17,481,337,4
36730,17,474,325,4
36747,17,475,315,4
36763,17,460,311,4
36780,17,466,318,4
36797,17,475,341,4
36813,17,466,331,4
36830,17,464,321,4
36847,17,460,320,4
36863,17,471,318,4
36880,17,472,328,4
36897,17,471,315,4
36913,17,473,323,4
36930,17,465,310,4
36946,17,467,315,4
36963,17,468,298,4
36980,17,477,315,4
36996,17,467,305,4
37013,17,473,327,4
37030,17,463,321,4
37046,17,465,310,4
37063,17,435,319,4
37080,17,465,315,4
37096,17,456,331,4
37113,17,459,315,4
37129,17,466,306,4
37146,17,460,329,4
37163,17,445,311,4
37179,17,464,289,4
37196,17,468,313,4
37213,17,463,298,4
37229,17,440,311,4
37246,17,443,312,4
37263,17,453,310,4
37279,17,449,318,4
37296,17,456,308,4
37312,17,454,300,4
37329,17,490,318,4
37346,17,530,360,4
37362,17,526,349,4
37379,17,526,337,4
37396,17,531,359,4
37412,17,509,338,4
37429,17,532,343,4
37445,17,526,363,4
37462,17,523,327,4
37479,17,527,350,4
37495,17,512,349,4
37512,17,532,341,4
37529,17,527,333,4
37545,17,513,330,4
37562,17,528,335,4
37579,17,523,349,4
37595,17,522,359,4
37612,17,525,342,4
37628,17,520,348,4
37645,17,519,368,2
37662,17,507,361,4
37678,17,503,339,4
37695,17,516,332,4
37712,17,531,357,4
37728,17,536,357,4
37745,17,516,381,2
37762,17,519,458,3
37778,17,510,443,3
37795,17,526,453,3
37811,17,519,457,3
37828,17,509,469,3
37845,17,513,470,3
37861,17,512,457,3
37878,17,512,466,3
37895,17,513,449,3
37911,17,518,458,3
37928,17,507,453,3
37945,17,510,455,3
37961,17,513,469,3
37978,17,510,457,3
37994,17,510,463,3
38011,17,514,468,3
38028,17,514,444,3
38044,17,513,470,3
38061,17,499,441,3
38078,17,507,470,3
38094,17,504,466,3
38111,17,516,465,3
38128,17,520,454,3
38144,17,509,449,3
38161,17,517,444,3
38177,17,510,444,3
38194,17,510,462,3
38211,17,505,460,3
38227,17,490,463,3
38244,17,509,441,3
38261,17,506,455,3
38277,17,515,465,3
38294,17,517,453,3
38311,17,493,456,3
38327,17,514,463,3
38344,17,511,448,3
38360,17,511,445,3
38377,17,509,460,3
38394,17,505,461,3
38410,17,513,468,3
38427,17,511,477,3
38444,17,507,472,3
38460,17,510,467,3
38477,17,509,466,3
38494,17,497,462,3
38510,17,517,468,3
38527,17,510,454,3
38543,17,504,457,3
38560,17,508,449,3
38577,17,510,470,3
38593,17,505,414,2
38610,17,523,416,2
38627,17,519,408,2
38643,17,525,402,2
38660,17,520,410,2
38676,17,519,401,2
38693,17,526,410,2
38710,17,519,397,2
38726,17,522,413,2
38743,17,522,411,2
38760,17,526,393,2
38776,17,525,389,2
38793,17,524,385,2
38810,17,534,385,2
38826,17,521,408,2
38843,17,531,413,2
38859,17,533,386,2
38876,17,525,380,2
38893,17,522,392,2
38909,17,523,399,2
38926,17,540,399,2
38943,17,534,407,2
38959,17,524,398,2
38976,17,531,400,2
38993,17,533,402,2
39009,17,532,404,2
39026,17,528,380,2
39042,17,523,390,2
39059,17,535,395,2
39076,17,528,384,2
39092,17,519,379,2
39109,17,526,397,2
39126,17,530,412,2
39142,17,510,385,2
39159,17,537,398,2
39176,17,532,396,2
39192,17,526,388,2
39209,17,527,392,2
39225,17,480,425,3
39242,17,390,391,2
39259,17,336,776,0
39442,183,496,554,3
39458,17,449,633,3
39475,17,465,479,3
39492,17,449,331,4
39508,17,467,320,4
39525,17,474,412,2
39542,17,478,413,2
39558,17,475,411,2
39575,17,466,404,2
39591,17,473,410,2
39608,17,476,391,2
39625,17,483,402,2
39641,17,482,416,2
39658,17,472,418,3
39675,17,470,416,2
39691,17,473,420,3
39708,17,482,416,2
39724,17,469,415,2
39741,17,465,422,3
39758,17,480,413,2
39774,17,474,419,3
39791,17,480,413,2
39808,17,524,432,3
39824,17,535,454,3
39841,17,538,464,3
39858,17,534,438,3
39874,17,535,430,3
39891,17,535,445,3
39907,17,534,458,3
39924,17,536,440,3
39941,17,532,464,3
39957,17,540,448,3
39974,17,525,444,3
39991,17,542,456,3
40007,17,539,437,3
40024,17,537,464,3
40041,17,541,455,3
40057,17,534,452,3
40074,17,525,448,3
40090,17,531,450,3
40107,17,528,458,3
40124,17,534,452,3
40140,17,538,457,3
40157,17,517,460,3
40174,17,520,455,3
40190,17,535,448,3
40207,17,537,433,3
40224,17,536,435,3
40240,17,546,447,3
40257,17,545,456,3
40273,17,520,458,3
40290,17,536,463,3
40307,17,541,460,3
40323,17,535,458,3
40340,17,539,450,3
40357,17,533,461,3
40373,17,534,461,3
40390,17,539,445,3
40407,17,531,455,3
40423,17,541,452,3
40440,17,541,440,3
40456,17,534,445,3
40473,17,539,463,3
40490,17,541,449,3
40506,17,534,464,3
40523,17,540,453,3
40540,17,542,462,3
40556,17,549,464,3
40573,17,538,454,3
40590,17,537,475,3
40606,17,540,459,3
40623,17,534,468,3
40639,17,532,481,3
40656,17,534,466,3
40673,17,537,456,3
40689,17,536,465,3
40706,17,535,469,3
40723,17,542,461,3
40739,17,531,465,3
40756,17,535,482,3
40773,17,534,469,3
40789,17,554,462,3
40806,17,533,472,3
40822,17,580,486,3
40839,17,674,540,3
40856,17,665,589,3
40872,17,667,593,3
40889,17,665,589,3
40906,17,663,573,3
40922,17,668,594,3
40939,17,674,590,3
40955,17,670,595,3
40972,17,669,580,3
40989,17,679,579,3
41005,17,678,572,3
41022,17,677,584,3
41039,17,671,567,3
41055,17,672,562,3
41072,17,656,552,3
41089,17,598,514,3
41105,17,567,447,3
41122,17,552,382,2
41138,17,550,380,2
41155,17,540,370,2
41172,17,540,378,2
41188,17,550,373,2
41205,17,547,366,2
41222,17,553,384,2
41238,17,540,374,2
41255,17,546,386,2
41272,17,551,388,2
41288,17,552,372,2
41305,17,548,375,2
41321,17,551,378,2
41338,17,540,373,2
41355,17,540,388,2
41371,17,545,385,2
41388,17,546,370,2
41405,17,544,387,2
41421,17,545,375,2
41438,17,541,394,2
41455,17,541,399,2
41471,17,541,371,2
41488,17,542,401,2
41504,17,550,384,2
41521,17,541,378,2
41538,17,540,387,2
41554,17,534,378,2
41571,17,546,394,2
41588,17,545,384,2
41604,17,555,380,2
41621,17,544,400,2
41638,17,550,384,2
41654,17,548,377,2
41671,17,537,357,4
41687,17,550,391,2
41704,17,551,382,2
41721,17,528,381,2
41737,17,546,388,2
41754,17,558,386,2
41771,17,538,388,2
41787,17,545,392,2
41804,17,534,374,2
41821,17,546,376,2
41837,17,517,358,4
41854,17,492,357,4
41870,17,488,288,4
41887,17,483,317,4
41904,17,488,326,4
41920,17,472,318,4
41937,17,491,304,4
41954,17,496,323,4
41970,17,483,328,4
41987,17,478,304,4
42003,17,487,305,4
42020,17,490,315,4
42037,17,490,321,4
42053,17,491,314,4
42070,17,501,319,4
42087,17,483,302,4
42103,17,490,319,4
42120,17,482,325,4
42137,17,477,323,4
42153,17,479,314,4
42170,17,496,312,4
42186,17,502,313,4
42203,17,480,329,4
42220,17,498,320,4
42236,17,478,321,4
42253,17,493,328,4
42270,17,493,319,4
42286,17,489,337,4
42303,17,488,320,4
42320,17,477,325,4
42336,17,497,311,4
42353,17,492,344,4
42369,17,474,322,4
42386,17,489,321,4
42403,17,488,330,4
42419,17,493,327,4
42436,17,492,332,4
42453,17,485,344,4
42469,17,489,322,4
42486,17,510,355,4
42503,17,555,373,2
42519,17,562,379,2
42536,17,558,382,2
42552,17,555,370,2
42569,17,556,382,2
42586,17,558,360,4
42602,17,559,374,2
42619,17,553,376,2
42636,17,558,369,2
42652,17,555,372,2
42669,17,555,352,4
42686,17,556,387,2
42702,17,554,364,4
42719,17,567,375,2
42735,17,554,373,2
42752,17,565,379,2
42769,17,524,382,2
42785,17,526,377,2
42802,17,529,386,2
42819,17,529,385,2
42835,17,530,387,2
42852,17,526,390,2
42869,17,518,392,2
42885,17,537,377,2
42902,17,534,396,2
42918,17,516,371,2
42935,17,527,378,2
42952,17,523,376,2
42968,17,527,374,2
42985,17,523,368,2
43002,17,510,378,2
43018,17,536,360,4
43035,17,523,367,2
43052,17,514,366,2
43068,17,524,385,2
43085,17,531,352,4
43101,17,523,383,2
43118,17,523,374,2
43135,17,526,394,2
43151,17,523,390,2
43168,17,528,378,2
43185,17,512,366,2
43201,17,526,373,2
43218,17,526,368,2
43234,17,538,374,2
43251,17,524,378,2
43268,17,527,370,2
43284,17,529,378,2
43301,17,524,384,2
43318,17,526,374,2
43334,17,525,373,2
43351,17,523,381,2
43368,17,532,378,2
43384,17,524,373,2
43401,17,531,376,2
43417,17,533,377,2
43434,17,548,381,2
43451,17,523,361,4
43467,17,529,351,4
43484,17,525,348,4
43501,17,525,374,2
43517,17,526,372,2
43534,17,527,370,2
43551,17,533,370,2
43567,17,519,371,2
43584,17,537,368,2
43600,17,518,354,4
43617,17,527,365,2
43634,17,529,365,2
43650,17,530,383,2
43667,17,524,363,4
43684,17,525,369,2
43700,17,531,361,4
43717,17,525,358,4
43734,17,525,369,2
43750,17,526,361,4
43767,17,534,374,2
43783,17,542,368,2
43800,17,539,359,4
43817,17,545,364,4
43833,17,525,367,2
43850,17,539,369,2
43867,17,535,354,4
43883,17,532,350,4
43900,17,533,365,2
43917,17,536,362,4
43933,17,532,355,4
43950,17,511,340,4
43966,17,510,316,4
43983,17,515,297,4
44000,17,514,307,4
44016,17,503,318,4
44033,17,507,289,4
44050,17,516,292,4
44066,17,509,299,4
44083,17,506,318,4
44100,17,505,314,4
44116,17,508,317,4
44133,17,512,313,4
44149,17,511,322,4
44166,17,498,314,4
44183,17,507,315,4
44199,17,503,317,4
44216,17,511,325,4
44233,17,514,313,4
44249,17,511,315,4
44266,17,499,325,4
44282,17,513,305,4
44299,17,515,301,4
44316,17,507,307,4
44332,17,505,306,4
44349,17,501,316,4
44366,17,492,330,4
44382,17,509,314,4
44399,17,506,315,4
44416,17,502,316,4
44432,17,504,307,4
44449,17,505,314,4
44465,17,510,316,4
44482,17,500,324,4
44499,17,503,307,4
44515,17,515,332,4
44532,17,535,341,4
44549,17,524,322,4
44565,17,525,330,4
44582,17,527,340,4
44599,17,527,327,4
44615,17,529,331,4
44632,17,530,318,4
44648,17,522,338,4
44665,17,523,346,4
44682,17,519,336,4
44698,17,523,335,4
44715,17,525,340,4
44732,17,524,339,4
44748,17,526,339,4
44765,17,531,336,4
44782,17,522,342,4
44798,17,520,338,4
44815,17,525,329,4
44831,17,525,347,4
44848,17,522,342,4
44865,17,532,333,4
44881,17,521,346,4
44898,17,525,353,4
44915,17,523,323,4
44931,17,521,344,4
44948,17,509,327,4
44965,17,515,337,4
44981,17,520,335,4
44998,17,504,333,4
45014,17,542,317,4
45031,17,522,331,4
45048,17,519,330,4
45064,17,522,352,4
45081,17,530,341,4
45098,17,518,353,4
45114,17,513,334,4
45131,17,522,333,4
45148,17,524,335,4
45164,17,525,332,4
45181,17,512,323,4
45197,17,525,332,4
45214,17,518,312,4
45231,17,523,344,4
45247,17,523,330,4
45264,17,515,329,4
45281,17,531,316,4
45297,17,523,343,4
45314,17,526,322,4
45331,17,515,323,4
45347,17,510,337,4
45364,17,520,334,4
45380,17,530,322,4
45397,17,522,320,4
45414,17,535,344,4
45430,17,516,314,4
45447,17,518,335,4
45464,17,523,333,4
45480,17,512,342,4
45497,17,523,325,4
45513,17,516,325,4
45530,17,524,335,4
45547,17,516,324,4
45563,17,513,323,4
45580,17,525,349,4
45597,17,527,327,4
45613,17,523,323,4
45630,17,525,318,4
45647,17,525,336,4
45663,17,523,341,4
45680,17,523,335,4
45696,17,526,330,4
45713,17,528,352,4
45730,17,521,342,4
45746,17,515,338,4
45763,17,527,337,4
45780,17,522,324,4
45796,17,506,336,4
45813,17,525,334,4
45830,17,521,340,4
45846,17,524,349,4
45863,17,521,333,4
45879,17,524,334,4
45896,17,521,331,4
45913,17,530,336,4
45929,17,517,320,4
45946,17,523,353,4
45963,17,521,324,4
45979,17,524,351,4
45996,17,530,347,4
46013,17,517,331,4
46029,17,525,333,4
46046,17,532,313,4
46062,17,525,334,4
46079,17,515,311,4
46096,17,526,367,2
46112,17,530,385,2
46129,17,529,387,2
46146,17,531,393,2
46162,17,530,408,2
46179,17,519,398,2
46196,17,520,387,2
46212,17,515,372,2
46229,17,512,370,2
46245,17,518,385,2
46262,17,527,378,2
46279,17,518,391,2
46295,17,527,382,2
46312,17,537,365,2
46329,17,531,380,2
46345,17,525,396,2
46362,17,534,398,2
46379,17,518,393,2
46395,17,518,390,2
46412,17,531,397,2
46428,17,530,380,2
46445,17,531,389,2
46462,17,515,387,2
46478,17,538,389,2
46495,17,511,395,2
46512,17,526,388,2
46528,17,521,386,2
46545,17,521,395,2
46562,17,517,390,2
46578,17,517,390,2
46595,17,528,389,2
46611,17,529,389,2
46628,17,525,402,2
46645,17,529,394,2
46661,17,523,383,2
46678,17,519,401,2
46695,17,519,402,2
46711,17,523,413,2
46728,17,527,395,2
46744,17,514,390,2
46761,17,524,388,2
46778,17,519,381,2
46794,17,524,394,2
46811,17,507,388,2
46828,17,523,384,2
46844,17,521,396,2
46861,17,522,393,2
46878,17,521,380,2
46894,17,522,395,2
46911,17,518,387,2
46927,17,519,411,2
46944,17,516,389,2
46961,17,520,407,2
46977,17,519,438,3
47110,133,568,442,3
47127,17,497,598,3
47144,17,511,308,4
47160,17,506,285,0
47177,17,507,391,2
47194,17,504,359,4
47210,17,516,394,2
47227,17,523,406,2
47244,17,521,397,2
47260,17,523,397,2
47277,17,518,391,2
47293,17,519,393,2
47310,17,510,391,2
47327,17,539,385,2
47343,17,521,388,2
47360,17,524,378,2
47377,17,513,390,2
47393,17,522,373,2
47410,17,521,400,2
47427,17,520,381,2
47443,17,528,379,2
47460,17,520,390,2
47476,17,516,386,2
47493,17,517,387,2
47510,17,519,393,2
47526,17,516,397,2
47543,17,531,404,2
47560,17,528,375,2
47576,17,541,388,2
47593,17,518,366,2
47610,17,516,364,4
47626,17,509,384,2
47643,17,517,375,2
47659,17,521,383,2
47676,17,514,359,4
47693,17,491,378,2
47709,17,525,377,2
47726,17,496,395,2
47743,17,511,385,2
47759,17,523,402,2
47776,17,502,397,2
47792,17,512,382,2
47809,17,510,375,2
47826,17,514,384,2
47842,17,518,383,2
47859,17,506,386,2
47876,17,490,357,4
47892,17,486,332,4
47909,17,481,349,4
47926,17,485,337,4
47942,17,476,326,4
47959,17,487,321,4
47975,17,504,336,4
47992,17,480,336,4
48009,17,472,327,4
48025,17,481,332,4
48042,17,486,336,4
48059,17,483,327,4
48075,17,509,335,4
48092,17,494,318,4
48109,17,481,341,4
48125,17,461,321,4
48142,17,475,310,4
48158,17,467,316,4
48175,17,464,310,4
48192,17,452,319,4
48208,17,479,322,4
48225,17,456,325,4
48242,17,477,318,4
48258,17,472,315,4
48275,17,469,309,4
48292,17,449,318,4
48308,17,474,293,4
48325,17,469,295,4
48341,17,489,312,4
48358,17,580,307,4
48375,17,602,303,4
48391,17,591,310,4
48408,17,584,302,4
48425,17,592,312,4
48441,17,600,295,4
48458,17,592,322,4
48475,17,604,308,4
48491,17,595,305,4
48508,17,599,310,4
48524,17,609,314,4
48541,17,590,299,4
48558,17,595,288,4
48574,17,607,296,4
48591,17,593,304,4
48608,17,589,316,4
48624,17,598,305,4
48641,17,577,315,4
48658,17,597,300,4
48674,17,596,299,4
48691,17,607,315,4
48707,17,600,320,4
48724,17,605,312,4
48741,17,598,302,4
48757,17,606,316,4
48774,17,605,304,4
48791,17,598,303,4
48807,17,602,309,4
48824,17,590,295,4
48841,17,606,285,0
48857,17,611,286,0
48874,17,602,299,4
48890,17,589,308,4
48907,17,597,300,4
48924,17,605,295,4
48940,17,613,303,0
48957,17,608,324,4
48974,17,592,296,4
48990,17,561,353,4
49007,17,544,404,2
49023,17,539,406,2
49040,17,542,404,2
49057,17,549,396,2
49073,17,539,407,2
49090,17,536,408,2
49107,17,537,409,2
49123,17,541,400,2
49140,17,529,416,2
49157,17,548,407,2
49173,17,544,407,2
49190,17,524,423,3
49206,17,556,403,2
49223,17,530,407,2
49240,17,537,409,2
49256,17,541,408,2
49273,17,524,399,2
49290,17,544,414,2
49306,17,548,404,2
49323,17,514,370,2
49340,17,495,311,4
49356,17,496,278,0
49373,17,509,288,4
49389,17,492,287,0
49406,17,500,320,4
49423,17,479,271,0
49439,17,497,275,0
49456,17,479,292,4
49473,17,502,291,4
49489,17,485,298,4
49506,17,484,292,4
49523,17,500,298,4
49539,17,504,296,4
49556,17,495,276,0
49572,17,472,310,4
49589,17,454,298,4
49606,17,466,291,4
49622,17,494,293,4
49639,17,471,304,4
49656,17,477,303,4
49672,17,490,305,4
49689,17,457,300,4
49706,17,461,292,4
49722,17,463,303,4
49739,17,459,265,0
49755,17,461,295,4
49772,17,455,299,4
49789,17,471,283,0
49805,17,466,291,4
49822,17,469,287,0
49839,17,470,294,4
49855,17,476,303,4
49872,17,486,293,4
49889,17,546,325,4
49905,17,556,349,4
49922,17,591,345,4
49938,17,576,314,4
49955,17,575,337,4
49972,17,582,344,4
49988,17,583,324,4
50005,17,569,335,4
50022,17,575,347,4
50038,17,574,347,4
50055,17,571,345,4
50071,17,566,332,4
50088,17,562,337,4
50105,17,577,319,4
50121,17,570,346,4
50138,17,558,334,4
50155,17,571,319,4
50171,17,576,337,4
50188,17,577,329,4
50205,17,567,356,4
50221,17,557,336,4
50238,17,560,338,4
50254,17,557,333,4
50271,17,573,332,4
50288,17,559,341,4
50304,17,574,342,4
50321,17,570,308,4
50338,17,546,383,2
50354,17,529,416,2
50371,17,530,416,2
50388,17,523,417,5
50404,17,532,410,2
50421,17,530,416,2
50437,17,523,415,2
50454,17,524,420,5
50471,17,523,423,3
50487,17,517,426,3
50504,17,520,420,5
50521,17,519,403,2
50537,17,532,406,2
50554,17,530,412,2
50571,17,539,418,5
50587,17,530,418,5
50604,17,521,412,2
50620,17,517,396,2
50637,17,527,406,2
50654,17,526,409,2
50670,17,522,407,2
50687,17,527,417,5
50704,17,521,425,3
50720,17,527,408,2
50737,17,521,418,5
50754,17,521,417,5
50770,17,526,437,3
50787,17,532,428,3
50803,17,524,418,5
50820,17,519,410,2
50837,17,534,423,3
50853,17,527,427,3
50870,17,519,429,3
50887,17,520,424,3
50903,17,536,421,5
50920,17,529,412,2
50937,17,524,418,5
50953,17,528,438,3
50970,17,538,441,3
50986,17,534,443,3
51003,17,534,417,5
51020,17,510,423,3
51036,17,539,450,3
51053,17,531,437,3
51070,17,520,443,3
51086,17,535,457,3
51103,17,518,417,5
51120,17,513,563,3
51203,83,494,661,3
51219,17,508,292,4
51236,17,529,276,0
51253,17,522,365,2
51269,17,519,376,2
51286,17,517,363,4
51302,17,521,355,4
51319,17,515,379,2
51336,17,514,361,4
51352,17,517,362,4
51369,17,508,359,4
51386,17,514,359,4
51402,17,511,363,4
51419,17,521,362,4
51436,17,533,356,4
51452,17,517,355,4
51469,17,504,359,4
51485,17,513,361,4
51502,17,515,368,2
51519,17,529,353,4
51535,17,525,335,4
51552,17,524,372,2
51569,17,505,341,4
51585,17,519,354,4
51602,17,513,354,4
51619,17,508,354,4
51635,17,520,349,4
51652,17,516,344,4
51668,17,515,357,4
51685,17,522,349,4
51702,17,521,351,4
51718,17,511,365,2
51735,17,514,358,4
51752,17,525,340,4
51768,17,522,339,4
51785,17,521,350,4
51802,17,519,353,4
51818,17,516,360,4
51835,17,518,350,4
51851,17,519,365,2
51868,17,518,354,4
51885,17,518,359,4
51901,17,516,329,4
51918,17,523,330,4
51935,17,516,341,4
51951,17,523,363,4
51968,17,515,344,4
51985,17,517,353,4
52001,17,535,349,4
52018,17,518,362,4
52034,17,519,349,4
52051,17,518,350,4
52068,17,529,350,4
52084,17,521,372,2
52101,17,497,337,4
52118,17,471,319,4
52134,17,463,329,4
52151,17,454,317,4
52168,17,468,307,4
52184,17,451,320,4
52201,17,468,310,4
52217,17,477,322,4
52234,17,450,325,4
52251,17,470,314,4
52267,17,458,310,4
52284,17,475,316,4
52301,17,465,313,4
52317,17,468,320,4
52334,17,468,315,4
52350,17,463,327,4
52367,17,456,318,4
52384,17,462,337,4
52400,17,461,342,4
52417,17,447,323,4
52434,17,460,326,4
52450,17,458,331,4
52467,17,456,329,4
52484,17,464,354,4
52500,17,462,327,4
52517,17,525,348,4
52533,17,572,372,2
52550,17,557,387,2
52567,17,558,366,2
52583,17,558,372,2
52600,17,553,367,2
52617,17,556,369,2
52633,17,561,375,2
52650,17,558,365,2
52667,17,552,385,2
52683,17,560,380,2
52700,17,553,386,2
52716,17,554,384,2
52733,17,558,370,2
52750,17,550,387,2
52766,17,551,378,2
52783,17,552,367,2
52800,17,553,385,2
52816,17,551,377,2
52833,17,552,388,2
52850,17,549,383,2
52866,17,559,363,4
52883,17,557,369,2
52899,17,559,392,2
52916,17,557,368,2
52933,17,559,380,2
52949,17,555,390,2
52966,17,555,400,2
52983,17,558,369,2
52999,17,561,334,4
53016,17,545,325,4
53033,17,556,355,4
53049,17,554,340,4
53066,17,555,315,4
53082,17,560,309,4
53099,17,563,329,4
53116,17,558,268,0
53132,17,570,218,1
53149,17,557,195,1
53166,17,554,210,1
53182,17,557,204,1
53199,17,556,200,1
53216,17,555,195,1
53232,17,546,202,1
53249,17,556,204,1
53265,17,553,191,1
53282,17,556,205,1
53299,17,542,201,1
53315,17,555,213,1
53332,17,556,215,1
53349,17,543,201,1
53365,17,559,205,1
53382,17,537,184,1
53399,17,560,204,1
53415,17,560,196,1
53432,17,556,178,1
53448,17,556,185,1
53465,17,553,174,1
53482,17,551,209,1
53498,17,552,186,1
53515,17,552,185,1
53532,17,550,199,1
53548,17,536,196,1
53565,17,553,190,1
53581,17,532,178,1
53598,17,550,188,1
53615,17,555,197,1
53631,17,554,175,1
53648,17,553,192,1
53665,17,553,195,1
53681,17,550,185,1
53698,17,557,193,1
53715,17,555,190,1
53731,17,554,194,1
53748,17,563,195,1
53764,17,556,182,1
53781,17,553,192,1
53798,17,552,177,1
53814,17,550,199,1
53831,17,555,204,1
53848,17,553,197,1
53864,17,550,193,1
53881,17,547,208,1
53898,17,533,196,1
53914,17,483,192,1
53931,17,431,167,1
53947,17,446,171,1
53964,17,446,173,1
53981,17,434,182,1
53997,17,438,182,1
54014,17,429,184,1
54031,17,425,188,1
54047,17,440,184,1
54064,17,421,185,1
54081,17,426,188,1
54097,17,428,186,1
54114,17,429,182,1
54130,17,418,164,1
54147,17,420,179,1
54164,17,422,188,1
54180,17,439,180,1
54197,17,436,189,1
54214,17,436,187,1
54230,17,425,170,1
54247,17,438,182,1
54264,17,423,194,1
54280,17,444,222,1
54297,17,537,373,2
54313,17,541,389,2
54330,17,540,408,2
54347,17,555,406,2
54363,17,552,405,2
54380,17,540,391,2
54397,17,545,413,2
54413,17,544,397,2
54430,17,530,392,2
54447,17,550,406,2
54463,17,540,400,2
54480,17,549,404,2
54496,17,564,401,2
54513,17,541,416,2
54530,17,525,378,2
54546,17,521,407,2
54563,17,544,382,2
54580,17,545,395,2
54596,17,537,379,2
54613,17,538,411,2
54630,17,540,377,2
54646,17,537,393,2
54663,17,534,391,2
54679,17,539,391,2
54696,17,540,385,2
54713,17,527,393,2
54729,17,543,401,2
54746,17,544,397,2
54763,17,541,398,2
54779,17,549,379,2
54796,17,537,393,2
54812,17,544,379,2
54829,17,542,385,2
54846,17,553,398,2
54862,17,536,373,2
54879,17,561,385,2
54896,17,540,398,2
54912,17,532,388,2
54929,17,539,399,2
54946,17,540,386,2
54962,17,538,389,2
54979,17,544,402,2
54995,17,545,393,2
55012,17,521,393,2
55029,17,537,391,2
55045,17,540,379,2
55062,17,525,389,2
55079,17,537,394,2
55095,17,541,397,2
55112,17,541,377,2
55129,17,541,390,2
55145,17,543,385,2
55162,17,534,387,2
55178,17,545,383,2
55195,17,545,385,2
55212,17,548,388,2
55228,17,532,399,2
55245,17,554,395,2
55262,17,513,564,3
55461,200,529,472,3
55478,17,521,281,0
55495,17,523,356,4
55511,17,519,344,4
55528,17,516,345,4
55544,17,518,352,4
55561,17,525,344,4
55578,17,521,335,4
55594,17,519,347,4
55611,17,532,334,4
55628,17,520,356,4
55644,17,511,367,2
55661,17,518,352,4
55678,17,535,361,4
55694,17,519,356,4
55711,17,518,340,4
55727,17,533,350,4
55744,17,520,342,4
55761,17,524,355,4
55777,17,503,350,4
55794,17,513,349,4
55811,17,505,366,2
55827,17,494,350,4
55844,17,515,348,4
55860,17,531,338,4
55877,17,513,368,2
55894,17,511,362,4
55910,17,511,362,4
55927,17,531,358,4
55944,17,515,364,4
55960,17,506,362,4
55977,17,515,350,4
55994,17,521,363,4
56010,17,518,358,4
56027,17,512,347,4
56043,17,524,362,4
56060,17,501,362,4
56077,17,503,368,2
56093,17,506,356,4
56110,17,504,363,4
56127,17,504,362,4
56143,17,511,358,4
56160,17,502,328,4
56177,17,522,364,4
56193,17,472,371,2
56210,17,456,316,4
56226,17,461,311,4
56243,17,479,313,4
56260,17,465,315,4
56276,17,468,318,4
56293,17,455,310,4
56310,17,464,304,4
56326,17,469,311,4
56343,17,463,303,4
56360,17,466,309,4
56376,17,466,318,4
56393,17,469,330,4
56409,17,460,313,4
56426,17,450,295,4
56443,17,458,307,4
56459,17,465,309,4
56476,17,471,320,4
56493,17,454,296,4
56509,17,473,310,4
56526,17,451,304,4
56543,17,463,307,4
56559,17,458,315,4
56576,17,475,318,4
56592,17,480,310,4
56609,17,564,320,4
56626,17,612,313,4
56642,17,608,328,4
56659,17,610,314,4
56676,17,613,312,0
56692,17,610,307,4
56709,17,591,315,4
56726,17,593,320,4
56742,17,608,312,4
56759,17,621,309,0
56775,17,613,317,0
56792,17,603,328,4
56809,17,600,344,4
56825,17,589,316,4
56842,17,606,318,4
56859,17,592,314,4
56875,17,597,333,4
56892,17,576,311,4
56909,17,607,334,4
56925,17,597,325,4
56942,17,603,314,4
56958,17,582,340,4
56975,17,597,337,4
56992,17,594,325,4
57008,17,577,341,4
57025,17,599,324,4
57042,17,569,349,4
57058,17,591,305,4
57075,17,594,309,4
57091,17,593,297,4
57108,17,590,336,4
57125,17,553,349,4
57141,17,518,398,2
57158,17,523,388,2
57175,17,532,405,2
57191,17,529,397,2
57208,17,523,419,5
57225,17,526,423,3
57241,17,519,416,2
57258,17,522,406,2
57274,17,539,411,2
57291,17,524,398,2
57308,17,523,406,2
57324,17,524,393,2
57341,17,524,409,2
57358,17,523,403,2
57374,17,526,412,2
57391,17,525,403,2
57408,17,526,410,2
57424,17,496,406,2
57441,17,516,404,2
57457,17,510,386,2
57474,17,521,406,2
57491,17,525,402,2
57507,17,524,404,2
57524,17,523,409,2
57541,17,530,393,2
57557,17,514,394,2
57574,17,522,409,2
57591,17,530,406,2
57607,17,523,406,2
57624,17,518,411,2
57640,17,513,399,2
57657,17,518,395,2
57674,17,518,397,2
57690,17,525,417,5
57707,17,523,418,5
57724,17,528,414,2
57740,17,523,420,5
57757,17,521,401,2
57774,17,528,411,2
57790,17,519,399,2
57807,17,510,402,2
57823,17,517,409,2
57840,17,518,407,2
57857,17,517,418,5
57873,17,516,403,2
57890,17,522,419,5
57907,17,507,425,3
57923,17,517,410,2
57940,17,521,414,2
57957,17,521,408,2
57973,17,523,397,2
57990,17,519,420,5
58006,17,517,400,2
58023,17,532,404,2
58040,17,504,398,2
58056,17,505,425,3
58073,17,522,416,2
58090,17,528,412,2
58106,17,506,416,2
58123,17,523,396,2
58139,17,524,415,2
58156,17,525,407,2
58173,17,526,369,2
58189,17,552,301,4
58206,17,534,297,4
58223,17,554,286,0
58239,17,551,276,0
58256,17,552,288,4
58273,17,548,284,0
58289,17,566,284,0
58306,17,557,294,4
58322,17,556,292,4
58339,17,556,276,0
58356,17,536,297,4
58372,17,553,303,4
58389,17,545,297,4
58406,17,548,280,0
58422,17,553,288,4
58439,17,536,276,0
58456,17,548,294,4
58472,17,557,284,0
58489,17,545,284,0
58505,17,544,276,0
58522,17,558,295,4
58539,17,535,293,4
58555,17,548,279,0
58572,17,556,280,0
58589,17,551,284,0
58605,17,544,277,0
58622,17,546,298,4
58639,17,553,301,4
58655,17,532,295,4
58672,17,560,290,4
58688,17,543,298,4
58705,17,541,299,4
58722,17,547,279,0
58738,17,504,340,4
58755,17,512,373,2
58772,17,532,378,2
58788,17,494,373,2
58805,17,512,364,4
58822,17,514,374,2
58838,17,515,377,2
58855,17,508,380,2
58871,17,516,365,2
58888,17,520,382,2
58905,17,505,374,2
58921,17,494,364,4
58938,17,506,360,4
58955,17,509,377,2
58971,17,511,376,2
58988,17,511,369,2
59005,17,522,352,4
59021,17,510,363,4
59038,17,512,377,2
59054,17,499,373,2
59071,17,514,366,2
59088,17,517,358,4
59104,17,520,377,2
59121,17,520,370,2
59138,17,518,384,2
59154,17,519,379,2
59171,17,511,369,2
59188,17,520,369,2
59204,17,519,361,4
59221,17,515,359,4
59237,17,522,365,2
59254,17,515,359,4
59271,17,523,362,4
59287,17,514,354,4
59304,17,496,373,2
59321,17,514,362,4
59337,17,517,383,2
59354,17,517,367,2
59370,17,527,367,2
59387,17,523,378,2
59404,17,518,384,2
59420,17,506,370,2
59437,17,513,378,2
59454,17,526,367,2
59470,17,514,364,4
59487,17,519,378,2
59504,17,523,385,2
59520,17,516,358,4
59537,17,520,376,2
59553,17,517,363,4
59570,17,521,368,2
59587,17,526,376,2
59603,17,521,382,2
59620,17,514,371,2
59637,17,515,381,2
59653,17,516,370,2
59670,17,519,371,2
59687,17,512,352,4
59703,17,517,362,4
59720,17,506,367,2
59736,17,505,377,2
59753,17,516,379,2
59770,17,515,376,2
59786,17,516,374,2
59803,17,517,373,2
59820,17,514,379,2
59836,17,524,382,2
59853,17,519,370,2
59870,17,515,365,2
59886,17,518,379,2
59903,17,509,365,2
59919,17,520,369,2
59936,17,514,376,2
59953,17,513,374,2
59969,17,491,358,4
59986,17,521,375,2
60003,17,517,370,2
60019,17,505,367,2
60036,17,523,374,2
60053,17,516,371,2
60069,17,511,370,2
60086,17,521,372,2
60102,17,514,367,2
60119,17,506,366,2
60136,17,517,367,2
60152,17,520,359,4
60169,17,510,366,2
60186,17,510,361,4
60202,17,498,385,2
60219,17,478,330,4
60236,17,452,316,4
60252,17,452,298,4
60269,17,445,320,4
60285,17,439,311,4
60302,17,443,317,4
60319,17,454,308,4
60335,17,462,300,4
60352,17,449,324,4
60369,17,467,318,4
60385,17,470,313,4
60402,17,442,309,4
60418,17,438,320,4
60435,17,458,312,4
60452,17,468,314,4
60468,17,452,315,4
60485,17,464,309,4
60502,17,468,299,4
60518,17,469,306,4
60535,17,451,313,4
60552,17,448,315,4
60568,17,456,314,4
60585,17,458,327,4
60601,17,510,330,4
60618,17,570,318,4
60635,17,582,330,4
60651,17,569,295,4
60668,17,582,312,4
60685,17,578,313,4
60701,17,580,310,4
60718,17,585,315,4
60735,17,570,318,4
60751,17,577,310,4
60768,17,575,317,4
60784,17,582,312,4
60801,17,569,316,4
60818,17,579,321,4
60834,17,584,294,4
60851,17,575,298,4
60868,17,573,320,4
60884,17,573,316,4
60901,17,581,325,4
60918,17,583,331,4
60934,17,583,314,4
60951,17,571,322,4
60967,17,570,319,4
60984,17,578,319,4
61001,17,575,316,4
61017,17,582,318,4
61034,17,584,319,4
61051,17,575,348,4
61067,17,581,336,4
61084,17,565,318,4
61101,17,576,306,4
61117,17,573,313,4
61134,17,565,318,4
61150,17,576,311,4
61167,17,568,322,4
61184,17,569,317,4
61200,17,582,327,4
61217,17,574,329,4
61234,17,572,318,4
61250,17,587,336,4
61267,17,581,317,4
61284,17,574,320,4
61300,17,576,319,4
61317,17,568,336,4
61333,17,572,323,4
61350,17,575,330,4
61367,17,570,311,4
61383,17,576,329,4
61400,17,564,305,4
61417,17,570,315,4
61433,17,568,327,4
61450,17,570,321,4
61467,17,571,356,4
61483,17,573,331,4
61500,17,574,330,4
61516,17,562,310,4
61533,17,567,334,4
61550,17,567,326,4
61566,17,571,336,4
61583,17,573,320,4
61600,17,539,351,4
61616,17,505,381,2
61633,17,521,387,2
61649,17,528,396,2
61666,17,516,407,2
61683,17,516,386,2
61699,17,515,398,2
61716,17,509,384,2
61733,17,509,377,2
61749,17,527,372,2
61766,17,509,417,5
61783,17,507,390,2
61799,17,513,394,2
61816,17,523,391,2
61832,17,515,405,2
61849,17,518,403,2
61866,17,512,398,2
61882,17,524,395,2
61899,17,518,389,2
61916,17,514,392,2
61932,17,517,403,2
61949,17,512,397,2
61966,17,507,401,2
61982,17,523,418,5
61999,17,515,408,2
62015,17,507,395,2
62032,17,519,372,2
62049,17,528,318,4
62065,17,562,303,4
62082,17,545,317,4
62099,17,545,329,4
62115,17,548,300,4
62132,17,539,329,4
62149,17,539,337,4
62165,17,544,320,4
62182,17,545,323,4
62198,17,542,319,4
62215,17,542,308,4
62232,17,544,307,4
62248,17,547,327,4
62265,17,549,310,4
62282,17,548,312,4
62298,17,540,309,4
62315,17,548,305,4
62332,17,552,299,4
62348,17,553,303,4
62365,17,556,299,4
62381,17,545,319,4
62398,17,541,303,4
62415,17,544,303,4
62431,17,551,318,4
62448,17,561,286,0
62465,17,602,256,1
62481,17,600,218,1
62498,17,617,211,1
62515,17,618,210,1
62531,17,618,214,1
62548,17,603,213,1
62564,17,598,211,1
62581,17,632,210,1
62598,17,619,213,1
62614,17,637,199,1
62631,17,626,226,1
62648,17,624,213,1
62664,17,635,205,1
62681,17,626,209,1
62698,17,609,217,1
62714,17,627,209,1
62731,17,620,219,1
62747,17,622,223,1
62764,17,621,245,1
62781,17,622,230,1
62797,17,628,233,1
62814,17,542,324,4
62831,17,518,372,2
62847,17,532,342,4
62864,17,518,358,4
62880,17,519,345,4
62897,17,514,352,4
62914,17,519,368,2
62930,17,523,364,4
62947,17,519,381,2
62964,17,518,360,4
62980,17,516,354,4
62997,17,521,354,4
63014,17,522,368,2
63030,17,521,369,2
63047,17,511,362,4
63063,17,519,365,2
63080,17,520,361,4
63097,17,513,379,2
63113,17,519,369,2
63130,17,526,365,2
63147,17,519,364,4
63163,17,521,377,2
63180,17,527,361,4
63197,17,524,364,4
63213,17,522,368,2
63230,17,532,364,4
63246,17,518,375,2
63263,17,516,378,2
63280,17,525,385,2
63296,17,511,376,2
63313,17,523,385,2
63330,17,520,370,2
63346,17,518,372,2
63363,17,520,361,4
63380,17,522,371,2
63396,17,517,380,2
63413,17,530,382,2
63429,17,512,379,2
63446,17,521,383,2
63463,17,514,378,2
63479,17,524,389,2
63496,17,512,394,2
63513,17,511,381,2
63529,17,534,373,2
63546,17,513,376,2
63563,17,511,372,2
63579,17,518,382,2
63596,17,521,386,2
63612,17,521,378,2
63629,17,519,377,2
63646,17,520,379,2
63662,17,517,370,2
63679,17,529,395,2
63696,17,524,375,2
63712,17,517,368,2
63729,17,515,368,2
63746,17,525,367,2
63762,17,510,368,2
63779,17,502,374,2
63795,17,530,373,2
63812,17,526,368,2
63829,17,514,374,2
63845,17,513,372,2
63862,17,523,358,4
63879,17,522,386,2
63895,17,523,371,2
63912,17,505,368,2
63928,17,521,371,2
63945,17,521,352,4
63962,17,523,363,4
63978,17,526,366,2
63995,17,528,379,2
64012,17,533,438,3
64028,17,529,429,3
64045,17,529,449,3
64062,17,535,437,3
64078,17,530,425,3
64095,17,532,424,3
64111,17,529,431,3
64128,17,532,426,3
64145,17,529,443,3
64161,17,526,446,3
64178,17,533,408,2
64195,17,526,422,3
64211,17,530,438,3
64228,17,534,432,3
64245,17,537,431,3
64261,17,535,424,3
64278,17,535,420,5
64294,17,525,419,5
64311,17,526,435,3
64328,17,528,424,3
64344,17,526,445,3
64361,17,540,458,3
64378,17,518,458,3
64394,17,520,456,3
64411,17,521,442,3
64428,17,533,455,3
64444,17,523,459,3
64461,17,522,443,3
64477,17,537,471,3
64494,17,522,456,3
64511,17,529,473,3
64527,17,529,457,3
64544,17,530,455,3
64561,17,522,450,3
64577,17,518,463,3
64594,17,520,468,3
64611,17,527,458,3
64627,17,527,464,3
64644,17,522,455,3
64660,17,534,449,3
64677,17,569,405,2
64694,17,595,375,2
64710,17,591,350,4
64727,17,593,355,4
64744,17,592,341,4
64760,17,598,358,4
64777,17,593,354,4
64794,17,598,346,4
64810,17,597,333,4
64827,17,600,364,4
64843,17,576,361,4
64860,17,591,359,4
64877,17,599,346,4
64893,17,593,350,4
64910,17,593,361,4
64927,17,597,353,4
64943,17,586,355,4
64960,17,607,356,4
64977,17,581,358,4
64993,17,596,340,4
65010,17,592,352,4
65026,17,594,346,4
65043,17,580,348,4
65060,17,597,335,4
65076,17,590,370,2
65093,17,595,364,4
65110,17,593,359,4
65126,17,590,353,4
65143,17,589,344,4
65159,17,592,330,4
65176,17,594,310,4
65193,17,598,308,4
65209,17,572,315,4
65226,17,596,309,4
65243,17,581,301,4
65259,17,594,311,4
65276,17,594,304,4
65293,17,598,323,4
65309,17,586,331,4
65326,17,598,319,4
65342,17,588,302,4
65359,17,594,320,4
65376,17,579,331,4
65392,17,548,420,5
65409,17,534,467,3
65426,17,535,445,3
65442,17,541,436,3
65459,17,532,472,3
65476,17,520,464,3
65492,17,545,455,3
65509,17,526,460,3
65525,17,533,470,3
65542,17,538,464,3
65559,17,540,463,3
65575,17,527,476,3
65592,17,548,467,3
65609,17,537,475,3
65625,17,540,459,3
65642,17,539,452,3
65659,17,555,451,3
65675,17,533,457,3
65692,17,539,464,3
65708,17,552,450,3
65725,17,560,466,3
65742,17,541,468,3
65758,17,544,458,3
65775,17,547,464,3
65792,17,550,463,3
65808,17,550,480,3
65825,17,544,466,3
65842,17,515,453,3
65858,17,540,462,3
65875,17,512,450,3
65891,17,536,482,3
65908,17,528,467,3
65925,17,521,477,3
65941,17,525,456,3
65958,17,512,480,3
65975,17,522,457,3
65991,17,524,455,3
66008,17,525,464,3
66025,17,504,480,3
66041,17,530,464,3
66058,17,527,462,3
66074,17,512,467,3
66091,17,520,477,3
66108,17,508,464,3
66124,17,521,463,3
66141,17,530,447,3
66158,17,513,448,3
66174,17,526,463,3
66191,17,520,468,3
66207,17,531,446,3
66224,17,518,461,3
66241,17,512,448,3
66257,17,514,471,3
66274,17,524,464,3
66291,17,526,459,3
66307,17,524,462,3
66324,17,528,451,3
66341,17,536,452,3
66357,17,536,459,3
66374,17,536,463,3
66390,17,531,464,3
66407,17,530,454,3
66424,17,526,449,3
66440,17,529,443,3
66457,17,516,443,3
66474,17,523,453,3
66490,17,519,452,3
66507,17,529,442,3
66524,17,524,452,3
66540,17,535,448,3
66557,17,529,454,3
66573,17,528,443,3
66590,17,536,450,3
66607,17,528,476,3
66623,17,514,513,3
66640,17,521,521,3
66657,17,503,554,3
66673,17,523,515,3
66690,17,512,514,3
66707,17,519,521,3
66723,17,518,524,3
66740,17,519,529,3
66756,17,518,531,3
66773,17,517,526,3
66790,17,527,517,3
66806,17,530,524,3
66823,17,522,534,3
66840,17,515,535,3
66856,17,531,437,3
66873,17,522,374,2
66890,17,535,382,2
66906,17,532,374,2
66923,17,540,386,2
66939,17,545,376,2
66956,17,515,360,4
66973,17,524,371,2
66989,17,531,374,2
67006,17,523,379,2
67023,17,530,387,2
67039,17,530,390,2
67056,17,525,365,2
67073,17,529,364,4
67089,17,531,369,2
67106,17,534,381,2
67122,17,530,387,2
67139,17,535,382,2
67156,17,526,381,2
67172,17,539,381,2
67189,17,517,385,2
67206,17,515,371,2
67222,17,517,371,2
67239,17,530,354,4
67256,17,541,399,2
67272,17,556,328,4
67355,0,660,802,0
67355,83,660,802,0
67372,17,566,555,3
67389,17,556,367,2
67405,17,555,313,4
67422,17,565,336,4
67438,17,552,357,4
67455,17,565,334,4
67472,17,577,354,4
67488,17,539,351,4
67505,17,563,352,4
67522,17,559,352,4
67538,17,562,351,4
67555,17,570,354,4
67572,17,561,340,4
67588,17,563,351,4
67605,17,555,358,4
67621,17,575,352,4
67638,17,557,362,4
67655,17,573,349,4
67671,17,564,360,4
67688,17,563,356,4
67705,17,571,363,4
67721,17,542,364,4
67738,17,564,365,2
67755,17,552,372,2
67771,17,564,365,2
67788,17,559,385,2
67804,17,556,368,2
67821,17,574,357,4
67838,17,565,365,2
67854,17,539,373,2
67871,17,558,363,4
67888,17,559,383,2
67904,17,551,357,4
67921,17,554,367,2
67938,17,543,367,2
67954,17,558,364,4
67971,17,552,363,4
67987,17,553,379,2
68004,17,525,397,2
68021,17,511,426,3
68037,17,514,427,3
68054,17,493,413,2
68071,17,510,423,3
68087,17,506,444,3
68104,17,519,437,3
68121,17,494,430,3
68137,17,511,422,3
68154,17,517,430,3
68170,17,512,443,3
68187,17,511,431,3
68204,17,514,422,3
68220,17,524,417,5
68237,17,610,360,4
68254,17,665,261,0
68270,17,698,225,1
68287,17,695,241,1
68304,17,691,226,1
68320,17,698,235,1
68337,17,700,237,1
68353,17,698,235,1
68370,17,698,247,1
68387,17,691,242,1
68403,17,695,235,1
68420,17,691,236,1
68437,17,694,242,1
68453,17,691,238,1
68470,17,692,246,1
68486,17,694,226,1
68503,17,696,221,1
68520,17,691,238,1
68536,17,691,202,1
68553,17,699,222,1
68570,17,689,234,1
68586,17,693,230,1
68603,17,690,218,1
68620,17,692,235,1
68636,17,714,229,1
68653,17,636,275,0
68669,17,543,347,4
68686,17,498,389,2
68703,17,507,380,2
68719,17,506,400,2
68736,17,499,385,2
68753,17,491,383,2
68769,17,502,395,2
68786,17,517,378,2
68803,17,499,395,2
68819,17,489,373,2
68836,17,495,383,2
68852,17,500,386,2
68869,17,497,382,2
68886,17,483,391,2
68902,17,499,394,2
68919,17,502,397,2
68936,17,480,395,2
68952,17,491,393,2
68969,17,512,369,2
68986,17,588,353,4
69002,17,648,274,0
69035,0,709,243,1
69035,33,709,243,1
69052,17,704,224,1
69069,17,696,238,1
69085,17,703,230,1
69102,17,700,230,1
69119,17,700,234,1
69135,17,697,228,1
69152,17,696,241,1
69169,17,687,231,1
69185,17,705,229,1
69202,17,704,228,1
69218,17,701,214,1
69235,17,704,217,1
69252,17,690,223,1
69268,17,701,204,1
69285,17,702,239,1
69302,17,717,231,1
69318,17,705,244,1
69335,17,723,228,1
69352,17,727,181,1
69368,17,729,178,1
69385,17,739,190,0
69401,17,729,195,1
69418,17,733,197,0
69435,17,727,190,1
69451,17,723,198,1
69468,17,728,178,1
69485,17,728,182,1
69501,17,725,182,1
69518,17,734,171,0
69535,17,728,187,1
69551,17,723,208,1
69568,17,728,197,1
69584,17,728,203,1
69601,17,731,184,0
69618,17,735,184,0
69634,17,725,198,1
69651,17,728,192,1
69668,17,720,201,1
69684,17,732,198,0
69701,17,725,194,1
69717,17,727,201,1
69734,17,719,242,1
69751,17,729,254,1
69767,17,724,248,1
69784,17,723,249,1
69801,17,719,234,1
69817,17,724,236,1
69834,17,703,243,1
69851,17,722,260,0
69867,17,718,241,1
69884,17,724,262,0
69900,17,718,244,1
69917,17,717,252,1
69934,17,722,263,0
69950,17,721,254,1
69967,17,716,259,1
69984,17,700,248,1
70000,17,720,261,0
70017,17,717,258,1
70034,17,718,273,0
70050,17,719,244,1
70067,17,726,261,0
70083,17,714,265,0
70100,17,713,256,1
70117,17,719,249,1
70133,17,724,261,0
70150,17,712,256,1
70167,17,711,271,0
70183,17,717,272,0
70200,17,707,269,0
70217,17,724,272,0
70233,17,708,263,0
70250,17,713,254,1
70266,17,715,254,1
70283,17,710,267,0
70300,17,712,241,1
70316,17,722,254,1
70333,17,714,268,0
70350,17,713,237,1
70366,17,711,257,1
70383,17,708,260,0
70400,17,712,278,0
70416,17,707,245,1
70433,17,708,259,1
70449,17,704,281,0
70466,17,709,260,0
70483,17,708,253,1
70499,17,702,277,0
70516,17,711,252,1
70533,17,701,265,0
70549,17,707,267,0
70566,17,705,268,0
70583,17,603,335,4
70599,17,515,381,2
70616,17,484,427,3
70632,17,479,425,3
70649,17,481,430,3
70666,17,457,424,3
70682,17,459,426,3
70699,17,497,430,3
70716,17,491,435,3
70732,17,470,449,3
70749,17,494,463,3
70765,17,477,440,3
70782,17,483,452,3
70799,17,464,434,3
70815,17,482,431,3
70832,17,481,425,3
70849,17,462,423,3
70865,17,496,440,3
70882,17,486,430,3
70899,17,514,381,2
70915,17,511,419,5
70932,17,503,405,2
70948,17,519,386,2
70965,17,496,392,2
70982,17,499,391,2
70998,17,503,395,2
71015,17,513,409,2
71032,17,496,402,2
71048,17,503,390,2
71065,17,507,402,2
71082,17,507,377,2
71098,17,517,382,2
71115,17,516,399,2
71131,17,505,378,2
71148,17,507,381,2
71165,17,500,397,2
71181,17,503,399,2
71198,17,504,399,2
71215,17,516,400,2
71231,17,544,334,4
71248,17,543,395,2
71265,17,527,490,3
71281,17,520,620,3
71364,83,514,731,3
71381,17,499,607,3
71398,17,503,440,3
71414,17,508,405,2
71431,17,533,318,4
71448,17,512,348,4
71464,17,531,383,2
71481,17,532,375,2
71497,17,527,358,4
71514,17,531,369,2
71531,17,535,380,2
71547,17,539,377,2
71564,17,539,362,4
71581,17,534,353,4
71597,17,536,362,4
71614,17,543,362,4
71631,17,531,383,2
71647,17,534,372,2
71664,17,546,388,2
71680,17,538,377,2
71697,17,541,391,2
71714,17,538,384,2
71730,17,534,376,2
71747,17,531,385,2
71764,17,535,385,2
71780,17,537,359,4
71797,17,536,381,2
71814,17,534,385,2
71830,17,533,384,2
71847,17,525,399,2
71863,17,531,383,2
71880,17,529,369,2
71897,17,532,371,2
71913,17,531,370,2
71930,17,540,397,2
71947,17,527,406,2
71963,17,526,380,2
71980,17,527,391,2
71996,17,531,386,2
72013,17,526,411,2
72030,17,509,444,3
72046,17,511,444,3
72063,17,512,453,3
72080,17,515,443,3
72096,17,513,446,3
72113,17,515,453,3
72130,17,515,467,3
72146,17,503,459,3
72163,17,507,459,3
72179,17,515,459,3
72196,17,508,457,3
72213,17,513,430,3
72229,17,517,449,3
72246,17,510,467,3
72263,17,518,474,3
72279,17,511,450,3
72296,17,509,455,3
72313,17,508,467,3
72329,17,514,465,3
72346,17,510,456,3
72362,17,511,457,3
72379,17,520,459,3
72396,17,514,464,3
72412,17,512,464,3
72429,17,543,420,5
72446,17,589,357,4
72462,17,596,288,4
72479,17,611,247,1
72496,17,624,264,0
72512,17,604,250,1
72529,17,617,252,1
72545,17,598,286,0
72562,17,608,273,0
72579,17,610,266,0
72595,17,628,253,1
72612,17,619,283,0
72629,17,621,258,1
72645,17,616,257,1
72662,17,626,255,1
72679,17,627,262,0
72695,17,601,284,0
72712,17,622,278,0
72728,17,622,272,0
72745,17,626,265,0
72762,17,608,256,1
72778,17,618,276,0
72795,17,618,290,0
72812,17,627,262,0
72828,17,601,257,1
72845,17,576,327,4
72862,17,537,371,2
72878,17,555,350,4
72895,17,543,354,4
72911,17,543,358,4
72928,17,534,362,4
72945,17,543,352,4
72961,17,539,369,2
72978,17,536,369,2
72995,17,549,354,4
73011,17,554,357,4
73028,17,540,366,2
73044,17,538,350,4
73061,17,523,349,4
73078,17,540,374,2
73094,17,545,351,4
73111,17,529,369,2
73128,17,535,363,4
73144,17,543,357,4
73161,17,540,363,4
73178,17,539,372,2
73194,17,549,362,4
73211,17,537,387,2
73227,17,514,448,3
73244,17,519,456,3
73261,17,513,450,3
73277,17,508,471,3
73294,17,509,479,3
73311,17,507,457,3
73327,17,502,461,3
73344,17,502,458,3
73361,17,525,459,3
73377,17,514,434,3
73394,17,505,450,3
73410,17,507,448,3
73427,17,512,443,3
73444,17,515,434,3
73460,17,509,441,3
73477,17,516,447,3
73494,17,508,450,3
73510,17,506,443,3
73527,17,502,468,3
73544,17,517,448,3
73560,17,510,461,3
73577,17,504,460,3
73593,17,516,461,3
73610,17,507,449,3
73627,17,508,444,3
73643,17,499,439,3
73660,17,504,438,3
73677,17,498,442,3
73693,17,505,441,3
73710,17,505,447,3
73727,17,516,439,3
73743,17,506,425,3
73760,17,496,437,3
73776,17,518,428,3
73793,17,509,437,3
73810,17,499,430,3
73826,17,488,438,3
73843,17,506,435,3
73860,17,506,454,3
73876,17,507,410,2
73893,17,513,384,2
73910,17,511,331,4
73926,17,511,345,4
73943,17,512,329,4
73959,17,504,333,4
73976,17,508,345,4
73993,17,519,329,4
74009,17,506,345,4
74026,17,509,335,4
74043,17,516,328,4
74059,17,505,328,4
74076,17,516,339,4
74093,17,527,344,4
74109,17,513,323,4
74126,17,512,327,4
74142,17,509,339,4
74159,17,519,334,4
74176,17,507,334,4
74192,17,515,324,4
74209,17,516,331,4
74226,17,509,346,4
74242,17,508,350,4
74259,17,521,319,4
74275,17,519,326,4
74292,17,513,340,4
74309,17,512,336,4
74325,17,520,336,4
74342,17,514,328,4
74359,17,518,340,4
74375,17,508,324,4
74392,17,526,331,4
74409,17,520,336,4
74425,17,523,317,4
74442,17,504,322,4
74458,17,522,330,4
74475,17,504,306,4
74492,17,524,326,4
74508,17,515,325,4
74525,17,520,328,4
74542,17,514,326,4
74558,17,514,324,4
74575,17,507,320,4
74592,17,515,332,4
74608,17,514,334,4
74625,17,516,324,4
74641,17,511,331,4
74658,17,515,342,4
74675,17,510,327,4
74691,17,512,310,4
74708,17,523,320,4
74725,17,511,328,4
74741,17,504,318,4
74758,17,523,320,4
74775,17,510,321,4
74791,17,507,326,4
74808,17,525,334,4
74824,17,512,321,4
74841,17,517,329,4
74858,17,515,327,4
74874,17,505,325,4
74891,17,504,323,4
74908,17,501,327,4
74924,17,523,393,2
74941,17,515,385,2
74958,17,521,391,2
74974,17,530,383,2
74991,17,517,398,2
75007,17,512,401,2
75024,17,518,383,2
75041,17,519,401,2
75057,17,524,388,2
75074,17,525,398,2
75091,17,509,384,2
75107,17,526,395,2
75124,17,522,389,2
75141,17,512,407,2
75157,17,534,389,2
75174,17,515,400,2
75190,17,522,382,2
75207,17,518,397,2
75224,17,526,407,2
75240,17,522,419,5
75257,17,523,398,2
75274,17,515,391,2
75290,17,521,397,2
75307,17,522,378,2
75324,17,526,374,2
75340,17,527,379,2
75357,17,521,401,2
75373,17,518,391,2
75390,17,515,404,2
75407,17,526,395,2
75423,17,531,392,2
75440,17,524,401,2
75457,17,511,396,2
75473,17,522,397,2
75490,17,524,400,2
75506,17,526,387,2
75523,17,526,383,2
75540,17,528,392,2
75556,17,524,394,2
75573,17,538,416,2
75590,17,526,396,2
75606,17,519,402,2
75623,17,530,388,2
75640,17,525,391,2
75656,17,521,401,2
75673,17,526,408,2
75689,17,527,389,2
75706,17,541,396,2
75723,17,522,393,2
75739,17,534,381,2
75756,17,514,383,2
75773,17,513,393,2
75789,17,509,379,2
75806,17,525,386,2
75823,17,521,393,2
75839,17,526,382,2
75856,17,531,375,2
75872,17,531,380,2
75889,17,524,389,2
75906,17,526,399,2
75922,17,526,390,2
75939,17,538,391,2
75956,17,526,382,2
75972,17,531,392,2
75989,17,529,394,2
76006,17,539,395,2
76022,17,532,385,2
76039,17,511,397,2
76055,17,529,380,2
76072,17,538,376,2
76089,17,533,383,2
76105,17,524,381,2
76122,17,528,396,2
76139,17,530,379,2
76155,17,530,388,2
76172,17,537,380,2
76189,17,530,383,2
76205,17,534,390,2
76222,17,529,384,2
76238,17,535,377,2
76255,17,524,388,2
76272,17,530,398,2
76288,17,523,387,2
76305,17,530,384,2
76322,17,529,381,2
76338,17,524,384,2
76355,17,527,379,2
76372,17,538,385,2
76388,17,510,377,2
76405,17,528,400,2
76421,17,527,388,2
76438,17,530,393,2
76455,17,520,396,2
76471,17,513,373,2
76488,17,530,392,2
76505,17,522,393,2
76521,17,522,391,2
76538,17,530,399,2
76554,17,508,380,2
76571,17,531,382,2
76588,17,515,402,2
76604,17,538,384,2
76621,17,527,378,2
76638,17,518,400,2
76654,17,523,386,2
76671,17,524,399,2
76688,17,517,402,2
76704,17,508,399,2
76721,17,527,408,2
76737,17,524,397,2
76754,17,529,399,2
76771,17,523,395,2
76787,17,520,403,2
76804,17,541,403,2
76821,17,541,395,2
76837,17,540,423,3
76854,17,537,389,2
76871,17,537,397,2
76887,17,525,405,2
76904,17,541,419,5
76920,17,541,411,2
76937,17,542,400,2
76954,17,532,399,2
76970,17,532,416,2
76987,17,537,410,2
77004,17,537,402,2
77020,17,534,404,2
77037,17,530,388,2
77054,17,538,401,2
77070,17,538,383,2
77087,17,540,397,2
77103,17,544,412,2
77120,17,538,402,2
77137,17,546,398,2
77153,17,537,392,2
77170,17,542,390,2
77187,17,545,407,2
77203,17,536,396,2
77220,17,539,398,2
77237,17,538,401,2
77253,17,546,400,2
77270,17,536,396,2
77286,17,539,413,2
77303,17,535,407,2
77320,17,530,394,2
77336,17,520,388,2
77353,17,526,398,2
77370,17,521,399,2
77386,17,522,400,2
77403,17,516,405,2
77420,17,526,403,2
77436,17,527,411,2
77453,17,527,405,2
77469,17,520,383,2
77486,17,524,390,2
77503,17,522,401,2
77519,17,518,395,2
77536,17,527,399,2
77553,17,525,407,2
77569,17,514,399,2
77586,17,525,398,2
77603,17,522,397,2
77619,17,518,396,2
77636,17,519,409,2
77652,17,518,402,2
77669,17,527,407,2
77686,17,516,413,2
77702,17,539,399,2
77719,17,546,394,2
77736,17,535,384,2
77752,17,538,394,2
77769,17,532,380,2
77785,17,536,388,2
77802,17,549,386,2
77819,17,539,383,2
77835,17,542,407,2
77852,17,535,408,2
77869,17,534,390,2
77885,17,525,389,2
77902,17,536,400,2
77919,17,538,396,2
77935,17,548,385,2
77952,17,540,399,2
77968,17,537,402,2
77985,17,529,410,2
78002,17,530,407,2
78018,17,538,392,2
78035,17,527,412,2
78052,17,536,394,2
78068,17,547,403,2
78085,17,519,398,2
78102,17,530,416,2
78118,17,540,418,5
78135,17,541,394,2
78151,17,534,403,2
78168,17,535,397,2
78185,17,536,396,2
78201,17,530,410,2
78218,17,539,427,3
78235,17,535,408,2
78251,17,533,390,2
78268,17,532,413,2
78285,17,531,409,2
78301,17,536,398,2
78318,17,528,390,2
78334,17,537,384,2
78351,17,532,377,2
78368,17,531,391,2
78384,17,520,394,2
78401,17,541,404,2
78418,17,537,389,2
78434,17,533,388,2
78451,17,533,377,2
78468,17,531,392,2
78484,17,530,407,2
78501,17,527,404,2
78517,17,533,390,2
78534,17,537,390,2
78551,17,539,392,2
78567,17,540,393,2
78584,17,544,390,2
78601,17,530,404,2
78617,17,527,403,2
78634,17,532,403,2
78651,17,531,394,2
78667,17,529,402,2
78684,17,537,383,2
78700,17,529,395,2
78717,17,540,418,5
78734,17,529,389,2
78750,17,533,388,2
78767,17,520,410,2
78784,17,529,388,2
78800,17,528,397,2
78817,17,524,391,2
78833,17,528,382,2
78850,17,536,399,2
78867,17,529,396,2
78883,17,535,377,2
78900,17,532,387,2
78917,17,535,377,2
78933,17,531,381,2
78950,17,534,377,2
78967,17,542,382,2
78983,17,540,386,2
79000,17,540,392,2
79016,17,538,392,2
79033,17,543,407,2
79050,17,523,401,2
79066,17,540,402,2
79083,17,541,398,2
79100,17,537,384,2
79116,17,540,387,2
79133,17,546,392,2
79150,17,538,395,2
79166,17,540,375,2
79183,17,536,382,2
79199,17,548,369,2
79216,17,535,397,2
79233,17,543,373,2
79249,17,541,387,2
79266,17,543,376,2
79283,17,545,393,2
79299,17,549,373,2
79316,17,547,388,2
79333,17,552,384,2
79349,17,541,395,2
79366,17,546,381,2
79382,17,514,393,2
79399,17,528,390,2
79416,17,517,375,2
79432,17,508,381,2
79449,17,518,368,2
79466,17,519,374,2
79482,17,518,381,2
79499,17,506,388,2
79516,17,522,371,2
79532,17,516,374,2
79549,17,501,381,2
79565,17,516,378,2
79582,17,515,377,2
79599,17,516,379,2
79615,17,510,374,2
79632,17,520,373,2
79649,17,517,379,2
79665,17,513,385,2
79682,17,512,389,2
79699,17,532,377,2
79715,17,519,393,2
79732,17,521,366,2
79748,17,496,393,2
79765,17,509,386,2
79782,17,515,369,2
79798,17,511,378,2
79815,17,514,380,2
79832,17,505,375,2
79848,17,504,378,2
79865,17,509,391,2
79882,17,506,384,2
79898,17,523,372,2
79915,17,519,391,2
79931,17,493,382,2
79948,17,511,372,2
79965,17,511,382,2
79981,17,497,374,2
79998,17,534,388,2
80015,17,493,379,2
80031,17,497,376,2
80048,17,512,377,2
80064,17,508,391,2
80081,17,507,378,2
80098,17,506,368,2
80114,17,514,384,2
80131,17,506,365,2
80148,17,516,388,2
80164,17,511,371,2
80181,17,516,390,2
80198,17,523,377,2
80214,17,512,362,4
80231,17,512,370,2
80247,17,516,371,2
80264,17,509,384,2
80281,17,501,377,2
80297,17,505,384,2
80314,17,500,376,2
80331,17,497,377,2
80347,17,492,376,2
80364,17,509,380,2
80381,17,515,369,2
80397,17,498,394,2
80414,17,506,392,2
80430,17,505,385,2
80447,17,507,372,2
80464,17,505,354,4
80480,17,509,375,2
80497,17,509,386,2
80514,17,506,384,2
80530,17,510,373,2
80547,17,512,369,2
80564,17,515,384,2
80580,17,497,394,2
80597,17,507,367,2
80613,17,500,366,2
80630,17,490,392,2
80647,17,510,366,2
80663,17,536,301,4
80680,17,543,241,1
80697,17,542,287,0
80713,17,535,269,0
80730,17,527,247,1
80747,17,546,253,1
80763,17,542,261,0
80780,17,540,269,0
80796,17,543,257,1
80813,17,546,254,1
80830,17,548,250,1
80846,17,527,241,1
80863,17,549,246,1
80880,17,544,274,0
80896,17,535,269,0
80913,17,545,269,0
80930,17,548,259,1
80946,17,538,269,0
80963,17,545,269,0
80979,17,532,289,4
80996,17,501,345,4
81013,17,518,382,2
81029,17,501,375,2
81046,17,508,389,2
81063,17,504,388,2
81079,17,502,368,2
81096,17,505,379,2
81112,17,512,395,2
81129,17,493,376,2
81146,17,517,384,2
81162,17,511,385,2
81179,17,507,374,2
81196,17,500,381,2
81212,17,505,387,2
81229,17,509,371,2
81246,17,510,383,2
81262,17,501,404,2
81279,17,498,380,2
81295,17,511,376,2
81312,17,515,382,2
81329,17,496,388,2
81345,17,507,401,2
81362,17,507,396,2
81379,17,499,404,2
81395,17,496,395,2
81412,17,497,386,2
81429,17,501,384,2
81445,17,495,381,2
81462,17,502,400,2
81478,17,507,384,2
81495,17,503,392,2
81512,17,496,398,2
81528,17,520,369,2
81545,17,534,326,4
81562,17,543,327,4
81578,17,539,322,4
81595,17,549,319,4
81612,17,524,314,4
81628,17,544,304,4
81645,17,544,332,4
81661,17,531,325,4
81678,17,548,307,4
81695,17,546,313,4
81711,17,534,303,4
81728,17,525,329,4
81745,17,531,300,4
81761,17,527,310,4
81778,17,556,304,4
81795,17,546,297,4
81811,17,550,330,4
81828,17,579,290,4
81844,17,568,305,4
81861,17,565,284,0
81878,17,571,288,4
81894,17,574,307,4
81911,17,553,298,4
81928,17,578,304,4
81944,17,583,302,4
81961,17,577,291,4
81978,17,561,309,4
81994,17,559,305,4
82011,17,560,301,4
82027,17,580,306,4
82044,17,565,279,0
82061,17,572,301,4
82077,17,572,289,4
82094,17,573,316,4
82111,17,583,311,4
82127,17,608,550,3
82343,216,584,576,3
82360,17,548,323,4
82377,17,552,256,1
82393,17,537,317,4
82410,17,559,311,4
82427,17,540,305,4
82443,17,551,308,4
82460,17,544,277,0
82477,17,538,306,4
82493,17,527,303,4
82510,17,542,306,4
82526,17,557,293,4
82543,17,550,312,4
82560,17,544,319,4
82576,17,563,322,4
82593,17,546,311,4
82610,17,547,307,4
82626,17,561,320,4
82643,17,551,332,4
82660,17,545,315,4
82676,17,546,307,4
82693,17,542,323,4
82709,17,548,322,4
82726,17,539,326,4
82743,17,545,304,4
82759,17,541,311,4
82776,17,543,312,4
82793,17,547,310,4
82809,17,539,325,4
82826,17,524,314,4
82843,17,550,306,4
82859,17,545,317,4
82876,17,543,309,4
82892,17,544,327,4
82909,17,543,346,4
82926,17,541,311,4
82942,17,539,310,4
82959,17,539,332,4
82976,17,538,304,4
82992,17,540,311,4
83009,17,539,313,4
83026,17,542,330,4
83042,17,548,306,4
83059,17,537,323,4
83075,17,544,318,4
83092,17,541,322,4
83109,17,541,324,4
83125,17,540,309,4
83142,17,550,332,4
83159,17,538,313,4
83175,17,538,318,4
83192,17,536,342,4
83209,17,535,326,4
83225,17,544,319,4
83242,17,533,320,4
83258,17,545,328,4
83275,17,535,334,4
83292,17,539,341,4
83308,17,543,326,4
83325,17,532,319,4
83342,17,549,333,4
83358,17,535,325,4
83375,17,544,336,4
83392,17,548,341,4
83408,17,542,347,4
83425,17,522,355,4
83441,17,536,360,4
83458,17,552,366,2
83475,17,518,363,4
83491,17,452,524,3
83724,233,457,674,3
83741,17,467,462,3
83757,17,467,314,4
83774,17,471,262,0
83791,17,475,366,2
83807,17,470,355,4
83824,17,490,370,2
83841,17,491,370,2
83857,17,488,369,2
83874,17,489,359,4
83891,17,499,344,4
83907,17,486,374,2
83924,17,491,361,4
83940,17,492,382,2
83957,17,489,352,4
83974,17,484,351,4
83990,17,481,354,4
84007,17,487,376,2
84024,17,485,385,2
84040,17,479,365,2
84057,17,479,359,4
84074,17,477,361,4
84090,17,475,367,2
84107,17,483,389,2
84123,17,479,387,2
84140,17,488,388,2
84157,17,520,427,3
84173,17,513,408,2
84190,17,509,417,5
84207,17,514,426,3
84223,17,508,417,5
84240,17,514,425,3
84257,17,516,419,5
84273,17,513,428,3
84290,17,518,421,5
84306,17,516,409,2
84323,17,518,432,3
84340,17,509,445,3
84356,17,509,429,3
84373,17,519,435,3
84390,17,512,420,5
84406,17,501,413,2
84423,17,525,440,3
84440,17,493,426,3
84456,17,514,425,3
84473,17,509,424,3
84489,17,503,430,3
84506,17,507,418,5
84523,17,509,416,2
84539,17,511,439,3
84556,17,519,424,3
84573,17,512,412,2
84589,17,511,434,3
84606,17,504,424,3
84622,17,505,419,5
84639,17,515,424,3
84656,17,505,420,5
84672,17,512,408,2
84689,17,510,434,3
84706,17,508,435,3
84722,17,515,430,3
84739,17,515,427,3
84756,17,508,429,3
84772,17,506,418,5
84789,17,508,428,3
84805,17,511,442,3
84822,17,505,414,2
84839,17,512,438,3
84855,17,511,437,3
84872,17,512,424,3
84889,17,498,438,3
84905,17,516,445,3
84922,17,503,427,3
84939,17,506,423,3
84955,17,499,435,3
84972,17,507,435,3
84988,17,492,409,2
85005,17,510,440,3
85022,17,510,453,3
85038,17,504,435,3
85055,17,501,433,3
85072,17,506,427,3
85088,17,502,425,3
85105,17,507,460,3
85122,17,502,450,3
85138,17,495,421,5
85155,17,511,447,3
85171,17,525,427,3
85188,17,562,399,2
85205,17,566,390,2
85221,17,569,378,2
85238,17,571,380,2
85255,17,577,392,2
85271,17,567,396,2
85288,17,569,367,2
85305,17,563,393,2
85321,17,582,378,2
85338,17,565,382,2
85354,17,575,379,2
85371,17,566,396,2
85388,17,566,400,2
85404,17,574,375,2
85421,17,575,378,2
85438,17,572,385,2
85454,17,567,388,2
85471,17,574,374,2
85488,17,521,385,2
85504,17,504,384,2
85521,17,512,382,2
85537,17,513,380,2
85554,17,513,362,4
85571,17,519,390,2
85587,17,514,382,2
85604,17,522,362,4
85621,17,511,395,2
85637,17,522,358,4
85654,17,506,386,2
85671,17,516,392,2
85687,17,521,367,2
85704,17,504,393,2
85720,17,513,373,2
85737,17,522,380,2
85754,17,527,377,2
85770,17,504,388,2
85787,17,452,376,2
85804,17,455,360,4
85820,17,461,359,4
85837,17,461,345,4
85853,17,446,355,4
85870,17,454,350,4
85887,17,460,347,4
85903,17,463,354,4
85920,17,464,362,4
85937,17,470,342,4
85953,17,446,375,2
85970,17,456,358,4
85987,17,447,356,4
86003,17,460,352,4
86020,17,457,348,4
86036,17,462,338,4
86053,17,447,357,4
86070,17,453,346,4
86086,17,445,337,4
86103,17,468,339,4
86120,17,441,347,4
86136,17,438,331,4
86153,17,446,333,4
86170,17,456,342,4
86186,17,455,336,4
86203,17,451,337,4
86219,17,451,335,4
86236,17,451,310,4
86253,17,452,334,4
86269,17,450,329,4
86286,17,456,329,4
86303,17,459,358,4
86319,17,457,317,4
86336,17,449,308,4
86353,17,454,337,4
86369,17,456,332,4
86386,17,465,326,4
86402,17,499,299,4
86419,17,525,274,0
86436,17,520,267,0
86452,17,524,265,0
86469,17,534,274,0
86486,17,518,269,0
86502,17,533,282,0
86519,17,536,277,0
86536,17,529,274,0
86552,17,532,271,0
86569,17,544,265,0
86585,17,527,290,4
86602,17,530,248,1
86619,17,528,277,0
86635,17,527,271,0
86652,17,530,284,0
86669,17,531,265,0
86685,17,519,279,0
86702,17,532,295,4
86719,17,529,274,0
86735,17,531,258,1
86752,17,524,253,1
86768,17,528,261,0
86785,17,545,257,1
86802,17,515,280,0
86818,17,531,261,0
86835,17,525,265,0
86852,17,537,280,0
86868,17,534,239,1
86885,17,520,264,0
86901,17,541,260,0
86918,17,523,261,0
86935,17,540,260,0
86951,17,512,262,0
86968,17,530,290,4
86985,17,543,274,0
87001,17,531,278,0
87018,17,499,355,4
87035,17,505,349,4
87051,17,503,374,2
87068,17,497,365,2
87084,17,504,381,2
87101,17,503,388,2
87118,17,495,359,4
87134,17,499,375,2
87151,17,496,370,2
87168,17,514,363,4
87184,17,498,385,2
87201,17,504,370,2
87218,17,495,372,2
87234,17,498,381,2
87251,17,502,377,2
87267,17,504,384,2
87284,17,497,375,2
87301,17,499,379,2
87317,17,505,382,2
87334,17,500,371,2
87351,17,517,388,2
87367,17,512,364,4
87384,17,499,368,2
87401,17,510,370,2
87417,17,517,374,2
87434,17,513,399,2
87450,17,505,391,2
87467,17,519,389,2
87484,17,508,375,2
87500,17,503,386,2
87517,17,502,392,2
87534,17,510,378,2
87550,17,504,380,2
87567,17,509,378,2
87584,17,489,398,2
87600,17,505,399,2
87617,17,505,401,2
87633,17,512,393,2
87650,17,508,406,2
87667,17,516,393,2
87683,17,505,377,2
87700,17,507,389,2
87717,17,515,397,2
87733,17,514,409,2
87750,17,505,370,2
87767,17,510,407,2
87783,17,505,410,2
87800,17,512,397,2
87816,17,520,396,2
87833,17,508,393,2
87850,17,507,390,2
87866,17,502,383,2
87883,17,506,377,2
87900,17,508,395,2
87916,17,507,396,2
87933,17,518,396,2
87950,17,496,389,2
87966,17,492,394,2
87983,17,497,391,2
87999,17,510,396,2
88016,17,504,400,2
88033,17,504,381,2
88049,17,493,396,2
88066,17,500,399,2
88083,17,490,406,2
88099,17,500,404,2
88116,17,503,403,2
88132,17,491,417,5
88149,17,496,406,2
88166,17,496,402,2
88182,17,497,416,2
88199,17,519,413,2
88216,17,515,458,3
88232,17,536,889,0
88299,67,510,1062,0
88315,17,503,721,3
88332,17,493,492,3
88349,17,499,376,2
88365,17,511,406,2
88382,17,513,463,3
88399,17,494,479,3
88415,17,511,463,3
88432,17,511,458,3
88449,17,505,472,3
88465,17,518,449,3
88482,17,513,442,3
88498,17,514,471,3
88515,17,511,459,3
88532,17,514,461,3
88548,17,512,453,3
88565,17,512,446,3
88582,17,521,450,3
88598,17,503,458,3
88615,17,513,470,3
88632,17,514,485,3
88648,17,514,475,3
88665,17,504,475,3
88681,17,518,469,3
88698,17,518,466,3
88715,17,512,473,3
88731,17,510,460,3
88748,17,511,459,3
88765,17,502,467,3
88781,17,506,470,3
88798,17,501,459,3
88815,17,514,430,3
88831,17,521,363,4
88848,17,538,358,4
88864,17,533,334,4
88881,17,541,351,4
88898,17,536,357,4
88914,17,538,358,4
88931,17,531,358,4
88948,17,529,352,4
88964,17,543,352,4
88981,17,540,353,4
88998,17,525,353,4
89014,17,539,356,4
89031,17,534,356,4
89047,17,533,362,4
89064,17,545,341,4
89081,17,538,348,4
89097,17,542,330,4
89114,17,558,350,4
89131,17,555,339,4
89147,17,570,327,4
89164,17,564,334,4
89180,17,558,335,4
89197,17,565,323,4
89214,17,573,337,4
89230,17,573,327,4
89247,17,568,325,4
89264,17,577,346,4
89280,17,574,350,4
89297,17,550,326,4
89314,17,571,352,4
89330,17,565,329,4
89347,17,563,339,4
89363,17,572,344,4
89380,17,572,339,4
89397,17,567,346,4
89413,17,560,346,4
89430,17,578,350,4
89447,17,566,352,4
89463,17,567,335,4
89480,17,562,333,4
89497,17,573,321,4
89513,17,557,333,4
89530,17,515,397,2
89546,17,508,434,3
89563,17,511,438,3
89580,17,514,437,3
89596,17,504,443,3
89613,17,512,437,3
89630,17,505,441,3
89646,17,522,433,3
89663,17,510,446,3
89680,17,522,440,3
89696,17,508,438,3
89713,17,505,431,3
89729,17,512,447,3
89746,17,520,433,3
89763,17,515,436,3
89779,17,503,432,3
89796,17,419,399,2
89813,17,390,370,2
89829,17,415,378,2
89846,17,423,377,2
89863,17,411,354,0
89879,17,415,371,2
89896,17,421,384,2
89912,17,402,359,0
89929,17,420,372,2
89946,17,417,373,2
89962,17,415,399,2
89979,17,403,379,2
89996,17,392,350,0
90012,17,421,384,2
90029,17,421,372,2
90046,17,425,363,4
90062,17,416,363,4
90079,17,440,339,4
90095,17,422,325,4
90112,17,439,341,4
90129,17,421,328,4
90145,17,420,326,4
90162,17,450,336,4
90179,17,444,338,4
90195,17,435,334,4
90212,17,435,346,4
90229,17,442,343,4
90245,17,443,325,4
90262,17,449,353,4
90278,17,449,359,4
90295,17,441,340,4
90312,17,443,358,4
90328,17,443,353,4
90345,17,438,334,4
90362,17,444,349,4
90378,17,422,327,4
90395,17,444,351,4
90411,17,451,361,4
90428,17,446,332,4
90445,17,444,349,4
90461,17,436,346,4
90478,17,437,345,4
90495,17,440,341,4
90511,17,425,346,4
90528,17,441,329,4
90545,17,449,336,4
90561,17,453,344,4
90578,17,434,348,4
90594,17,448,337,4
90611,17,445,364,4
90628,17,448,349,4
90644,17,452,353,4
90661,17,445,349,4
90678,17,442,330,4
90694,17,445,358,4
90711,17,443,335,4
90728,17,451,370,2
90744,17,458,374,2
90761,17,441,363,4
90777,17,441,343,4
90794,17,451,349,4
90811,17,433,346,4
90827,17,446,344,4
90844,17,426,343,4
90861,17,450,358,4
90877,17,434,371,2
90894,17,445,365,2
90911,17,451,341,4
90927,17,457,364,4
90944,17,447,356,4
90960,17,451,367,2
90977,17,450,371,2
90994,17,448,336,4
91010,17,447,357,4
91027,17,449,345,4
91044,17,449,375,2
91060,17,433,374,2
91077,17,443,373,2
91094,17,447,356,4
91110,17,427,373,2
91127,17,452,364,4
91143,17,454,361,4
91160,17,458,370,2
91177,17,458,371,2
91193,17,447,378,2
91210,17,446,361,4
91227,17,450,367,2
91243,17,452,374,2
91260,17,447,383,2
91277,17,432,371,2
91293,17,433,369,2
91310,17,450,375,2
91326,17,456,392,2
91343,17,450,385,2
91360,17,428,376,2
91376,17,446,388,2
91393,17,450,373,2
91410,17,439,380,2
91426,17,454,386,2
91443,17,447,373,2
91459,17,444,374,2
91476,17,441,381,2
91493,17,447,384,2
91509,17,450,399,2
91526,17,452,379,2
91543,17,445,387,2
91559,17,448,371,2
91576,17,439,395,2
91593,17,447,369,2
91609,17,447,390,2
91626,17,454,386,2
91642,17,436,382,2
91659,17,446,374,2
91676,17,449,399,2
91692,17,449,395,2
91709,17,448,388,2
91726,17,448,387,2
91742,17,445,388,2
91759,17,441,392,2
91776,17,444,366,2
91792,17,444,386,2
91809,17,449,382,2
91825,17,436,374,2
91842,17,480,393,2
91859,17,476,410,2
91875,17,479,395,2
91892,17,475,388,2
91909,17,462,391,2
91925,17,481,393,2
91942,17,466,387,2
91959,17,484,385,2
91975,17,471,400,2
91992,17,481,379,2
92008,17,479,399,2
92025,17,470,392,2
92042,17,487,401,2
92058,17,481,383,2
92075,17,488,374,2
92092,17,509,384,2
92108,17,543,378,2
92125,17,549,376,2
92142,17,553,373,2
92158,17,555,357,4
92175,17,554,367,2
92191,17,562,358,4
92208,17,550,376,2
92225,17,541,352,4
92241,17,542,368,2
92258,17,562,361,4
92275,17,557,370,2
92291,17,556,368,2
92308,17,556,358,4
92325,17,554,370,2
92341,17,558,365,2
92358,17,552,362,4
92374,17,553,375,2
92391,17,555,371,2
92408,17,553,387,2
92424,17,556,364,4
92441,17,562,361,4
92458,17,552,360,4
92474,17,551,374,2
92491,17,542,378,2
92508,17,556,362,4
92524,17,551,364,4
92541,17,555,379,2
92557,17,557,370,2
92574,17,558,364,4
92591,17,556,368,2
92607,17,573,368,2
92624,17,552,369,2
92641,17,553,349,4
92657,17,552,371,2
92674,17,567,367,2
92690,17,568,380,2
92707,17,552,382,2
92724,17,557,372,2
92740,17,556,367,2
92757,17,565,371,2
92774,17,554,379,2
92790,17,554,372,2
92807,17,568,376,2
92824,17,544,389,2
92840,17,554,397,2
92857,17,553,368,2
92873,17,567,376,2
92890,17,537,390,2
92907,17,540,387,2
92923,17,549,407,2
92940,17,556,373,2
92957,17,553,393,2
92973,17,555,371,2
92990,17,552,375,2
93007,17,550,368,2
93023,17,552,363,4
93040,17,543,361,4
93056,17,553,375,2
93073,17,553,375,2
93090,17,548,368,2
93106,17,561,362,4
93123,17,557,360,4
93140,17,542,362,4
93156,17,560,360,4
93173,17,554,369,2
93190,17,571,377,2
93206,17,556,386,2
93223,17,581,376,2
93239,17,546,381,2
93256,17,565,365,2
93273,17,562,372,2
93289,17,581,345,4
93306,17,561,365,2
93323,17,563,379,2
93339,17,556,381,2
93356,17,559,396,2
93373,17,556,377,2
93389,17,556,390,2
93406,17,563,375,2
93422,17,559,393,2
93439,17,572,376,2
93456,17,565,360,4
93472,17,561,354,4
93489,17,563,366,2
93506,17,565,362,4
93522,17,559,383,2
93539,17,566,380,2
93556,17,558,367,2
93572,17,554,375,2
93589,17,557,372,2
93605,17,559,375,2
93622,17,538,385,2
93639,17,553,373,2
93655,17,581,377,2
93672,17,557,385,2
93689,17,554,385,2
93705,17,557,385,2
93722,17,540,360,4
93739,17,556,383,2
93755,17,558,386,2
93772,17,561,380,2
93788,17,553,374,2
93805,17,555,371,2
93822,17,551,366,2
93838,17,554,384,2
93855,17,559,391,2
93872,17,559,381,2
93888,17,565,371,2
93905,17,549,382,2
93921,17,556,377,2
93938,17,558,382,2
93955,17,568,387,2
93971,17,557,373,2
93988,17,547,376,2
94005,17,554,381,2
94021,17,552,387,2
94038,17,566,355,4
94055,17,553,356,4
94071,17,548,368,2
94088,17,541,389,2
94104,17,550,370,2
94121,17,546,364,4
94138,17,551,381,2
94154,17,571,384,2
94171,17,561,379,2
94188,17,567,379,2
94204,17,558,388,2
94221,17,555,369,2
94238,17,560,381,2
94254,17,555,401,2
94271,17,552,394,2
94287,17,550,375,2
94304,17,555,388,2
94321,17,556,376,2
94337,17,555,371,2
94354,17,549,405,2
94371,17,560,364,4
94387,17,561,366,2
94404,17,554,359,4
94421,17,555,374,2
94437,17,562,385,2
94454,17,555,411,2
94470,17,545,388,2
94487,17,552,379,2
94504,17,559,369,2
94520,17,561,384,2
94537,17,556,374,2
94554,17,553,372,2
94570,17,552,377,2
94587,17,559,382,2
94604,17,565,374,2
94620,17,559,378,2
94637,17,552,375,2
94653,17,550,368,2
94670,17,555,366,2
94687,17,556,372,2
94703,17,554,347,4
94720,17,559,386,2
94737,17,548,377,2
94753,17,536,379,2
94770,17,556,382,2
94787,17,538,378,2
94803,17,553,360,4
94820,17,557,370,2
94836,17,557,383,2
94853,17,540,357,4
94870,17,553,365,2
94886,17,555,370,2
94903,17,553,354,4
94920,17,557,371,2
94936,17,549,370,2
94953,17,550,389,2
94969,17,552,392,2
94986,17,559,366,2
95003,17,553,360,4
95019,17,552,374,2
95036,17,556,382,2
95053,17,550,368,2
95069,17,553,380,2
95086,17,554,370,2
95103,17,552,379,2
95119,17,548,389,2
95136,17,545,371,2
95152,17,519,372,2
95169,17,545,387,2
95186,17,536,351,4
95202,17,509,380,2
95219,17,521,374,2
95236,17,525,386,2
95252,17,524,370,2
95269,17,539,393,2
95286,17,512,362,4
95302,17,521,374,2
95319,17,517,378,2
95335,17,521,366,2
95352,17,514,373,2
95369,17,527,375,2
95385,17,534,390,2
95402,17,537,369,2
95419,17,530,370,2
95435,17,530,368,2
95452,17,542,374,2
95469,17,515,368,2
95485,17,539,366,2
95502,17,535,370,2
95518,17,520,390,2
95535,17,519,371,2
95552,17,518,370,2
95568,17,526,375,2
95585,17,519,392,2
95602,17,493,375,2
95618,17,492,335,4
95635,17,481,350,4
95652,17,449,314,4
95668,17,438,322,4
95685,17,468,385,2
95701,17,475,381,2
95718,17,464,369,2
95735,17,464,378,2
95751,17,456,359,4
95768,17,463,365,2
95785,17,451,368,2
95801,17,465,363,4
95818,17,466,339,4
95835,17,467,378,2
95851,17,465,377,2
95868,17,466,371,2
95884,17,465,389,2
95901,17,471,389,2
95918,17,461,378,2
95934,17,465,370,2
95951,17,476,387,2
95968,17,457,384,2
95984,17,466,379,2
96001,17,471,381,2
96018,17,469,370,2
96034,17,457,381,2
96051,17,475,393,2
96067,17,461,382,2
96084,17,457,380,2
96101,17,475,386,2
96117,17,451,359,4
96134,17,463,366,2
96151,17,475,394,2
96167,17,455,391,2
96184,17,461,380,2
96200,17,467,405,2
96217,17,462,390,2
96234,17,498,424,3
96250,17,512,417,5
96267,17,513,435,3
96284,17,508,435,3
96300,17,510,433,3
96317,17,507,442,3
96334,17,518,439,3
96350,17,512,435,3
96367,17,509,432,3
96383,17,522,427,3
96400,17,504,429,3
96417,17,508,436,3
96433,17,505,454,3
96450,17,514,427,3
96467,17,515,429,3
96483,17,513,451,3
96500,17,510,421,5
96517,17,507,425,3
96533,17,502,441,3
96550,17,503,434,3
96566,17,512,426,3
96583,17,508,429,3
96600,17,504,411,2
96616,17,506,442,3
96633,17,513,432,3
96650,17,512,422,3
96666,17,511,448,3
96683,17,528,431,3
96700,17,523,416,2
96716,17,514,423,3
96733,17,512,415,2
96749,17,531,413,2
96766,17,514,418,5
96783,17,512,420,5
96799,17,531,391,2
96816,17,526,374,2
96833,17,522,369,2
96849,17,541,362,4
96866,17,537,355,4
96883,17,528,352,4
96899,17,534,355,4
96916,17,534,364,4
96932,17,537,362,4
96949,17,539,369,2
96966,17,544,370,2
96982,17,531,381,2
96999,17,533,363,4
97016,17,520,354,4
97032,17,528,352,4
97049,17,547,368,2
97066,17,530,348,4
97082,17,541,351,4
97099,17,524,374,2
97115,17,540,350,4
97132,17,525,364,4
97149,17,532,342,4
97165,17,536,337,4
97182,17,530,360,4
97199,17,532,361,4
97215,17,531,356,4
97232,17,533,374,2
97248,17,535,354,4
97265,17,531,351,4
97282,17,534,359,4
97298,17,535,357,4
97315,17,528,372,2
97332,17,539,322,4
97348,17,548,342,4
97365,17,558,339,4
97382,17,558,349,4
97398,17,550,333,4
97415,17,550,344,4
97431,17,560,339,4
97448,17,548,333,4
97465,17,547,322,4
97481,17,553,334,4
97498,17,547,337,4
97515,17,539,344,4
97531,17,557,328,4
97548,17,546,321,4
97565,17,555,337,4
97581,17,541,342,4
97598,17,550,345,4
97614,17,555,332,4
97631,17,544,343,4
97648,17,548,340,4
97664,17,538,332,4
97681,17,550,325,4
97698,17,555,346,4
97714,17,555,352,4
97731,17,557,331,4
97748,17,544,345,4
97764,17,553,333,4
97781,17,548,334,4
97797,17,546,327,4
97814,17,545,338,4
97831,17,541,348,4
97847,17,541,336,4
97864,17,553,365,2
97881,17,546,343,4
97897,17,556,343,4
97914,17,558,346,4
97931,17,555,346,4
97947,17,495,364,4
97964,17,457,343,4
97980,17,447,363,4
97997,17,460,335,4
98014,17,456,334,4
98030,17,454,339,4
98047,17,447,333,4
98064,17,453,352,4
98080,17,468,345,4
98097,17,460,347,4
98114,17,455,336,4
98130,17,461,331,4
98147,17,460,341,4
98163,17,460,347,4
98180,17,449,344,4
98197,17,456,336,4
98213,17,466,359,4
98230,17,472,351,4
98247,17,452,343,4
98263,17,439,346,4
98280,17,459,339,4
98297,17,463,351,4
98313,17,452,333,4
98330,17,464,335,4
98346,17,468,364,4
98363,17,459,358,4
98380,17,449,341,4
98396,17,458,349,4
98413,17,463,367,2
98430,17,451,351,4
98446,17,462,364,4
98463,17,464,358,4
98479,17,454,322,4
98496,17,459,342,4
98513,17,468,355,4
98529,17,473,350,4
98546,17,480,354,4
98563,17,483,344,4
98579,17,481,342,4
98596,17,465,349,4
98613,17,481,331,4
98629,17,483,354,4
98646,17,480,358,4
98662,17,470,347,4
98679,17,478,355,4
98696,17,471,334,4
98712,17,470,327,4
98729,17,472,329,4
98746,17,480,336,4
98762,17,475,331,4
98779,17,481,342,4
98796,17,485,344,4
98812,17,478,346,4
98829,17,477,341,4
98845,17,477,348,4
98862,17,482,354,4
98879,17,482,324,4
98895,17,486,324,4
98912,17,465,336,4
98929,17,488,347,4
98945,17,476,336,4
98962,17,480,335,4
98979,17,474,339,4
98995,17,466,333,4
99012,17,487,352,4
99028,17,486,362,4
99045,17,490,352,4
99062,17,495,353,4
99078,17,499,365,2
99095,17,485,354,4
99112,17,483,350,4
99128,17,472,344,4
99145,17,467,353,4
99162,17,523,380,2
99178,17,518,370,2
99195,17,502,375,2
99211,17,520,375,2
99228,17,519,384,2
99245,17,497,390,2
99261,17,527,373,2
99278,17,510,392,2
99295,17,515,365,2
99311,17,497,377,2
99328,17,508,384,2
99345,17,514,383,2
99361,17,503,379,2
99378,17,499,389,2
99394,17,534,392,2
99411,17,522,388,2
99428,17,521,382,2
99444,17,508,387,2
99461,17,514,372,2
99478,17,516,368,2
99494,17,520,369,2
99511,17,515,391,2
99527,17,522,371,2
99544,17,530,388,2
99561,17,514,357,4
99577,17,504,386,2
99594,17,522,371,2
99611,17,524,365,2
99627,17,509,370,2
99644,17,510,377,2
99661,17,513,378,2
99677,17,525,379,2
99694,17,524,385,2
99710,17,518,384,2
99727,17,516,362,4
99744,17,507,389,2
99760,17,525,387,2
99777,17,515,369,2
99794,17,521,360,4
99810,17,514,381,2
99827,17,504,376,2
99844,17,522,371,2
99860,17,521,378,2
99877,17,526,382,2
99893,17,523,369,2
99910,17,490,386,2
99927,17,506,377,2
99943,17,514,355,4
99960,17,514,399,2
99977,17,500,371,2
99993,17,497,358,4
100010,17,505,384,2
100027,17,510,371,2
100043,17,509,389,2
100060,17,497,368,2
100076,17,499,377,2
100093,17,496,368,2
100110,17,523,375,2
100126,17,492,389,2
100143,17,525,386,2
100160,17,506,385,2
100176,17,493,394,2
100193,17,520,385,2
100210,17,512,389,2
100226,17,509,401,2
100243,17,498,410,2
100259,17,508,393,2
100276,17,507,391,2
100293,17,508,385,2
100309,17,498,392,2
100326,17,503,368,2
100343,17,494,370,2
100359,17,505,389,2
100376,17,491,380,2
100393,17,486,383,2
100409,17,490,395,2
100426,17,499,374,2
100442,17,509,381,2
100459,17,494,394,2
100476,17,500,391,2
100492,17,504,397,2
100509,17,510,395,2
100526,17,507,391,2
100542,17,496,380,2
100559,17,512,395,2
100576,17,499,377,2
100592,17,515,413,2
100609,17,513,395,2
100625,17,520,389,2
100642,17,493,392,2
100659,17,505,393,2
100675,17,500,394,2
100692,17,507,395,2
100709,17,508,372,2
100725,17,500,407,2
100742,17,508,392,2
100758,17,510,398,2
100775,17,505,402,2
100792,17,512,372,2
100808,17,508,388,2
100825,17,503,408,2
100842,17,509,401,2
100858,17,507,402,2
100875,17,508,398,2
100892,17,507,402,2
100908,17,502,400,2
100925,17,512,391,2
100941,17,505,400,2
100958,17,503,387,2
100975,17,508,405,2
100991,17,511,391,2
101008,17,500,406,2
101025,17,504,397,2
101041,17,503,400,2
101058,17,501,430,3
101075,17,511,402,2
101091,17,504,408,2
101108,17,511,384,2
101124,17,499,392,2
101141,17,516,394,2
101158,17,509,392,2
101174,17,500,422,3
101191,17,497,418,5
101208,17,505,409,2
101224,17,514,409,2
101241,17,507,413,2
101258,17,511,404,2
101274,17,518,409,2
101291,17,496,380,2
101307,17,517,391,2
101324,17,500,402,2
101341,17,504,396,2
101357,17,495,405,2
101374,17,505,398,2
101391,17,507,398,2
101407,17,513,401,2
101424,17,519,410,2
101441,17,514,390,2
101457,17,490,399,2
101474,17,507,427,3
101490,17,509,402,2
101507,17,505,402,2
101524,17,514,404,2
101540,17,507,390,2
101557,17,506,402,2
101574,17,491,411,2
101590,17,512,415,2
101607,17,494,424,3
101624,17,506,401,2
101640,17,482,420,3
101657,17,509,407,2
101673,17,509,405,2
101690,17,496,428,3
101707,17,494,400,2
101723,17,502,409,2
101740,17,493,397,2
101757,17,493,432,3
101773,17,511,391,2
101790,17,504,406,2
101806,17,504,393,2
101823,17,488,412,2
101840,17,487,408,2
101856,17,515,418,5
101873,17,485,397,2
101890,17,513,392,2
101906,17,503,404,2
101923,17,508,414,2
101940,17,510,419,5
101956,17,512,428,3
101973,17,497,414,2
101989,17,498,417,5
102006,17,512,420,5
102023,17,497,408,2
102039,17,506,405,2
102056,17,530,405,2
102073,17,546,392,2
102089,17,554,388,2
102106,17,560,363,4
102123,17,558,379,2
102139,17,554,366,2
102156,17,568,367,2
102172,17,568,384,2
102189,17,577,372,2
102206,17,558,383,2
102222,17,556,397,2
102239,17,549,389,2
102256,17,559,376,2
102272,17,562,391,2
102289,17,556,382,2
102306,17,554,383,2
102322,17,555,393,2
102339,17,560,365,2
102355,17,553,384,2
102372,17,552,403,2
102389,17,551,394,2
102405,17,550,388,2
102422,17,550,376,2
102439,17,548,386,2
102455,17,542,385,2
102472,17,557,388,2
102489,17,539,391,2
102505,17,552,404,2
102522,17,546,386,2
102538,17,538,354,4
102555,17,555,318,4
102572,17,542,345,4
102588,17,536,342,4
102605,17,539,328,4
102622,17,537,303,4
102638,17,538,344,4
102655,17,534,331,4
102672,17,541,334,4
102688,17,549,328,4
102705,17,541,337,4
102721,17,540,345,4
102738,17,546,340,4
102755,17,540,343,4
102771,17,539,332,4
102788,17,554,332,4
102805,17,554,333,4
102821,17,546,318,4
102838,17,540,334,4
102855,17,535,328,4
102871,17,526,336,4
102888,17,544,349,4
102904,17,536,358,4
102921,17,552,339,4
102938,17,536,351,4
102954,17,545,329,4
102971,17,532,350,4
102988,17,541,335,4
103004,17,544,327,4
103021,17,540,338,4
103037,17,541,327,4
103054,17,550,350,4
103071,17,547,337,4
103087,17,545,355,4
103104,17,539,353,4
103121,17,540,351,4
103137,17,527,351,4
103154,17,546,340,4
103171,17,530,353,4
103187,17,482,366,2
103204,17,485,366,2
103220,17,496,356,4
103237,17,494,374,2
103254,17,479,371,2
103270,17,512,371,2
103287,17,493,392,2
103304,17,480,367,2
103320,17,480,391,2
103337,17,493,384,2
103354,17,493,394,2
103370,17,505,375,2
103387,17,499,379,2
103403,17,506,367,2
103420,17,494,398,2
103437,17,501,393,2
103453,17,496,382,2
103470,17,501,389,2
103487,17,495,386,2
103503,17,502,388,2
103520,17,498,389,2
103537,17,498,377,2
103553,17,505,384,2
103570,17,508,387,2
103586,17,497,365,2
103603,17,501,367,2
103620,17,478,371,2
103636,17,506,372,2
103653,17,494,382,2
103670,17,513,399,2
103686,17,495,392,2
103703,17,493,367,2
103720,17,505,395,2
103736,17,496,383,2
103753,17,492,379,2
103769,17,509,369,2
103786,17,489,377,2
103803,17,492,373,2
103819,17,492,367,2
103836,17,474,397,2
103853,17,493,373,2
103869,17,496,377,2
103886,17,507,369,2
103903,17,490,380,2
103919,17,500,381,2
103936,17,499,391,2
103952,17,497,378,2
103969,17,497,393,2
103986,17,490,387,2
104002,17,498,389,2
104019,17,507,388,2
104036,17,473,368,2
104052,17,505,399,2
104069,17,496,360,4
104086,17,499,447,3
104102,17,504,470,3
104119,17,510,401,2
104135,17,510,361,4
104152,17,512,373,2
104169,17,519,399,2
104185,17,514,390,2
104202,17,515,389,2
104219,17,517,382,2
104235,17,509,397,2
104252,17,513,398,2
104268,17,507,401,2
104285,17,516,388,2
104302,17,529,380,2
104318,17,516,397,2
104335,17,519,386,2
104352,17,520,391,2
104368,17,518,379,2
104385,17,514,390,2
104402,17,497,390,2
104418,17,520,386,2
104435,17,513,386,2
104451,17,517,377,2
104468,17,515,390,2
104485,17,525,392,2
104501,17,516,404,2
104518,17,527,388,2
104535,17,582,346,4
104551,17,594,345,4
104568,17,602,346,4
104585,17,595,359,4
104601,17,588,340,4
104618,17,595,329,4
104634,17,598,346,4
104651,17,601,330,4
104668,17,599,344,4
104684,17,603,338,4
104701,17,593,339,4
104718,17,615,338,0
104734,17,593,336,4
104751,17,608,333,4
104768,17,602,324,4
104784,17,595,326,4
104801,17,600,332,4
104817,17,595,333,4
104834,17,595,349,4
104851,17,603,332,4
104867,17,591,337,4
104884,17,586,345,4
104901,17,592,324,4
104917,17,585,309,4
104934,17,580,346,4
104951,17,581,338,4
104967,17,586,305,4
104984,17,591,341,4
105000,17,588,343,4
105017,17,590,315,4
105034,17,587,342,4
105050,17,593,329,4
105067,17,583,337,4
105084,17,587,344,4
105100,17,598,312,4
105117,17,586,345,4
105134,17,584,329,4
105150,17,584,341,4
105167,17,581,334,4
105183,17,582,349,4
105200,17,582,314,4
105217,17,583,335,4
105233,17,588,317,4
105250,17,581,352,4
105267,17,583,335,4
105283,17,492,351,4
105300,17,444,321,4
105316,17,433,308,4
105333,17,435,306,4
105350,17,440,321,4
105366,17,451,326,4
105383,17,437,312,4
105400,17,450,319,4
105416,17,417,306,4
105433,17,437,311,4
105450,17,440,324,4
105466,17,442,317,4
105483,17,440,322,4
105499,17,435,324,4
105516,17,439,323,4
105533,17,427,324,4
105549,17,446,299,4
105566,17,436,347,4
105583,17,428,318,4
105599,17,438,326,4
105616,17,447,338,4
105633,17,430,329,4
105649,17,437,334,4
105666,17,425,330,4
105682,17,420,322,4
105699,17,441,318,4
105716,17,439,314,4
105732,17,437,299,4
105749,17,425,325,4
105766,17,439,323,4
105782,17,437,297,4
105799,17,441,316,4
105816,17,438,304,4
105832,17,436,335,4
105849,17,430,317,4
105865,17,411,314,0
105882,17,431,323,4
105899,17,438,301,4
105915,17,436,317,4
105932,17,435,312,4
105949,17,437,312,4
105965,17,435,322,4
105982,17,431,320,4
105999,17,434,329,4
106015,17,434,327,4
106032,17,423,310,4
106048,17,442,342,4
106065,17,438,335,4
106082,17,426,318,4
106098,17,435,308,4
106115,17,430,324,4
106132,17,449,316,4
106148,17,437,315,4
106165,17,430,319,4
106182,17,443,322,4
106198,17,441,313,4
106215,17,434,315,4
106231,17,435,342,4
106248,17,436,320,4
106265,17,436,306,4
106281,17,436,304,4
106298,17,447,328,4
106315,17,442,322,4
106331,17,442,337,4
106348,17,447,317,4
106365,17,431,338,4
106381,17,449,331,4
106398,17,441,307,4
106414,17,438,319,4
106431,17,453,338,4
106448,17,439,310,4
106464,17,436,314,4
106481,17,439,327,4
106498,17,433,311,4
106514,17,437,323,4
106531,17,434,320,4
106547,17,440,335,4
106564,17,436,337,4
106581,17,437,340,4
106597,17,447,332,4
106614,17,438,323,4
106631,17,440,334,4
106647,17,434,337,4
106664,17,440,330,4
106681,17,440,317,4
106697,17,418,325,4
106714,17,413,328,0
106730,17,440,329,4
106747,17,441,314,4
106764,17,417,335,4
106780,17,435,325,4
106797,17,443,320,4
106814,17,490,346,4
106830,17,556,394,2
106847,17,562,371,2
106864,17,556,380,2
106897,0,551,381,2
106897,33,551,381,2
106913,17,560,381,2
106930,17,569,367,2
106947,17,551,384,2
106963,17,565,390,2
106980,17,568,383,2
106997,17,569,377,2
107013,17,564,378,2
107030,17,572,380,2
107047,17,565,373,2
107063,17,553,372,2
107080,17,564,394,2
107096,17,568,377,2
107113,17,561,374,2
107130,17,557,378,2
107146,17,561,380,2
107163,17,559,388,2
107180,17,560,383,2
107196,17,566,383,2
107213,17,546,382,2
107230,17,520,378,2
107246,17,518,396,2
107263,17,515,370,2
107279,17,517,375,2
107296,17,519,362,4
107313,17,525,379,2
107329,17,528,361,4
107346,17,516,386,2
107363,17,493,361,4
107379,17,520,374,2
107396,17,518,364,4
107413,17,518,375,2
107429,17,516,380,2
107446,17,494,366,2
107462,17,500,384,2
107479,17,513,368,2
107496,17,524,376,2
107512,17,523,367,2
107529,17,519,375,2
107546,17,516,369,2
107562,17,494,377,2
107579,17,519,384,2
107595,17,520,380,2
107612,17,525,376,2
107629,17,515,396,2
107645,17,509,372,2
107662,17,516,483,3
107679,17,493,523,3
107695,17,471,678,3
107712,17,472,824,0
107729,17,470,572,3
107745,17,465,419,3
107762,17,486,447,3
107778,17,490,354,4
107795,17,514,388,2
107812,17,505,396,2
107828,17,513,420,5
107845,17,500,419,5
107862,17,493,404,2
107878,17,489,391,2
107895,17,506,419,5
107912,17,494,389,2
107928,17,475,393,2
107945,17,499,389,2
107961,17,485,441,3
107978,17,409,619,3
107995,17,312,871,0
108011,17,374,912,0
108028,17,387,864,0
108045,17,356,920,0
108061,17,397,869,0
108078,17,384,868,0
108095,17,379,860,0
108111,17,380,881,0
108128,17,385,869,0
108144,17,393,889,0
108161,17,388,868,0
108178,17,398,864,0
108194,17,307,905,0
108211,17,309,904,0
108228,17,385,862,0
108244,17,399,914,0
108261,17,381,889,0
108278,17,386,822,0
108294,17,394,665,3
108311,17,416,534,3
108327,17,441,417,2
108344,17,449,349,4
108361,17,460,378,2
108377,17,461,382,2
108394,17,464,362,4
108411,17,468,384,2
108427,17,477,391,2
108444,17,478,380,2
108461,17,477,394,2
108477,17,476,383,2
108494,17,471,398,2
108510,17,481,397,2
108527,17,473,388,2
108544,17,477,391,2
108560,17,480,400,2
108577,17,476,394,2
108594,17,469,389,2
108610,17,477,366,2
108627,17,478,376,2
108644,17,480,392,2
108660,17,479,383,2
108677,17,474,375,2
108693,17,476,396,2
108710,17,459,381,2
108727,17,479,401,2
108743,17,474,371,2
108760,17,475,364,4
108777,17,484,362,4
108793,17,478,375,2
108810,17,474,371,2
108826,17,484,373,2
108843,17,470,374,2
108860,17,473,387,2
108876,17,507,389,2
108893,17,509,418,5
108910,17,520,428,3
108926,17,523,429,3
108943,17,528,433,3
108960,17,525,447,3
108976,17,515,428,3
108993,17,526,431,3
109009,17,524,432,3
109026,17,531,435,3
109043,17,517,440,3
109059,17,520,418,5
109076,17,525,432,3
109093,17,519,413,2
109109,17,521,434,3
109126,17,522,434,3
109143,17,524,417,5
109159,17,522,427,3
109176,17,520,419,5
109192,17,516,407,2
109209,17,526,412,2
109226,17,526,411,2
109242,17,520,418,5
109259,17,520,388,2
109276,17,526,415,2
109292,17,528,421,5
109309,17,529,440,3
109326,17,510,390,2
109342,17,514,364,4
109359,17,513,375,2
109375,17,512,376,2
109392,17,516,372,2
109409,17,515,361,4
109425,17,500,361,4
109442,17,512,353,4
109459,17,491,378,2
109475,17,508,375,2
109492,17,519,356,4
109509,17,506,386,2
109525,17,520,376,2
109542,17,516,354,4
109558,17,514,362,4
109575,17,506,349,4
109592,17,519,372,2
109608,17,522,366,2
109625,17,520,355,4
109642,17,513,374,2
109658,17,505,368,2
109675,17,528,364,4
109692,17,522,380,2
109708,17,512,373,2
109725,17,516,366,2
109741,17,500,356,4
109758,17,520,376,2
109775,17,517,379,2
109791,17,502,375,2
109808,17,510,371,2
109825,17,523,378,2
109841,17,502,373,2
109858,17,516,372,2
109874,17,499,383,2
109891,17,515,378,2
109908,17,525,371,2
109924,17,512,426,3
109941,17,489,457,3
109958,17,495,439,3
109974,17,523,455,3
109991,17,514,471,3
110008,17,516,467,3
110024,17,525,452,3
110041,17,514,454,3
110057,17,519,476,3
110074,17,522,475,3
110091,17,510,455,3
110107,17,519,472,3
110124,17,513,463,3
110141,17,500,463,3
110157,17,517,451,3
110174,17,529,467,3
110191,17,521,460,3
110207,17,520,446,3
110224,17,513,467,3
110240,17,513,472,3
110257,17,521,456,3
110274,17,512,456,3
110290,17,533,469,3
110307,17,528,469,3
110324,17,499,476,3
110340,17,519,441,3
110357,17,547,367,2
110374,17,547,331,4
110390,17,557,366,2
110407,17,551,347,4
110423,17,549,345,4
110440,17,550,343,4
110457,17,553,337,4
110473,17,547,353,4
110490,17,557,337,4
110507,17,556,341,4
110523,17,552,333,4
110540,17,548,330,4
110557,17,553,350,4
110573,17,550,343,4
110590,17,549,344,4
110606,17,548,360,4
110623,17,568,320,4
110640,17,583,338,4
110656,17,568,328,4
110673,17,568,334,4
110690,17,570,327,4
110706,17,568,344,4
110723,17,572,323,4
110740,17,568,338,4
110756,17,568,329,4
110773,17,582,353,4
110789,17,581,334,4
110806,17,578,342,4
110823,17,586,345,4
110839,17,565,339,4
110856,17,573,329,4
110873,17,574,343,4
110889,17,567,338,4
110906,17,577,337,4
110923,17,575,355,4
110939,17,570,323,4
110956,17,563,351,4
110972,17,562,348,4
110989,17,569,316,4
111006,17,572,347,4
111022,17,568,315,4
111039,17,577,320,4
111056,17,579,321,4
111072,17,575,336,4
111089,17,562,311,4
111105,17,569,328,4
111122,17,576,325,4
111139,17,566,327,4
111155,17,565,331,4
111172,17,569,327,4
111189,17,566,321,4
111205,17,579,314,4
111222,17,568,327,4
111239,17,561,323,4
111255,17,507,371,2
111272,17,507,375,2
111288,17,497,373,2
111305,17,499,394,2
111322,17,510,381,2
111338,17,506,386,2
111355,17,510,384,2
111372,17,503,382,2
111388,17,512,388,2
111405,17,523,389,2
111422,17,508,398,2
111438,17,494,388,2
111455,17,506,383,2
111471,17,498,371,2
111488,17,489,367,2
111505,17,504,376,2
111521,17,512,379,2
111538,17,493,365,2
111555,17,501,377,2
111571,17,508,383,2
111588,17,513,359,4
111605,17,494,381,2
111621,17,501,360,4
111638,17,496,368,2
111654,17,507,362,4
111671,17,507,362,4
111688,17,504,351,4
111704,17,512,386,2
111721,17,501,378,2
111738,17,508,372,2
111754,17,507,381,2
111771,17,499,376,2
111788,17,518,374,2
111804,17,510,358,4
111821,17,506,378,2
111837,17,509,389,2
111854,17,512,371,2
111871,17,501,381,2
111887,17,498,386,2
111904,17,508,382,2
111921,17,512,380,2
111937,17,505,367,2
111954,17,515,382,2
111971,17,498,358,4
111987,17,507,361,4
112004,17,514,364,4
112020,17,498,371,2
112037,17,506,364,4
112054,17,496,361,4
112070,17,499,364,4
112087,17,504,385,2
112104,17,499,357,4
112120,17,505,358,4
112137,17,501,361,4
112154,17,513,388,2
112170,17,504,363,4
112187,17,507,354,4
112203,17,509,368,2
112220,17,514,366,2
112237,17,513,356,4
112253,17,507,365,2
112270,17,498,358,4
112287,17,508,368,2
112303,17,506,372,2
112320,17,514,364,4
112336,17,507,351,4
112353,17,518,365,2
112370,17,516,360,4
112386,17,520,368,2
112403,17,514,372,2
112420,17,508,416,2
112436,17,511,428,3
112453,17,511,426,3
112470,17,527,432,3
112486,17,509,438,3
112503,17,516,419,5
112519,17,523,423,3
112536,17,515,429,3
112553,17,496,422,3
112569,17,512,450,3
112586,17,506,429,3
112603,17,519,427,3
112619,17,508,444,3
112636,17,514,412,2
112653,17,506,454,3
112669,17,518,434,3
112686,17,509,453,3
112702,17,513,440,3
112719,17,497,432,3
112736,17,524,433,3
112752,17,518,442,3
112769,17,515,436,3
112786,17,519,435,3
112802,17,508,426,3
112819,17,510,446,3
112836,17,509,427,3
112852,17,515,441,3
112869,17,515,426,3
112885,17,513,451,3
112902,17,525,451,3
112919,17,532,442,3
112935,17,534,458,3
112952,17,532,427,3
112969,17,529,436,3
112985,17,533,427,3
113002,17,527,455,3
113019,17,525,440,3
113035,17,531,464,3
113052,17,530,438,3
113068,17,522,444,3
113085,17,527,427,3
113102,17,514,425,3
113118,17,531,433,3
113135,17,526,438,3
113152,17,515,452,3
113168,17,525,440,3
113185,17,526,440,3
113202,17,547,460,3
113218,17,528,429,3
113235,17,542,452,3
113251,17,522,423,3
113268,17,493,373,2
113285,17,484,339,4
113301,17,472,330,4
113318,17,480,334,4
113335,17,481,323,4
113351,17,474,342,4
113368,17,488,320,4
113384,17,479,311,4
113401,17,474,336,4
113418,17,474,335,4
113434,17,478,318,4
113451,17,493,329,4
113468,17,485,336,4
113484,17,478,335,4
113501,17,476,338,4
113518,17,487,334,4
113534,17,491,337,4
113551,17,483,337,4
113567,17,480,320,4
113584,17,479,342,4
113601,17,489,348,4
113617,17,479,336,4
113634,17,480,332,4
113651,17,475,326,4
113667,17,488,326,4
113684,17,513,341,4
113701,17,546,336,4
113717,17,576,352,4
113734,17,580,341,4
113750,17,567,348,4
113767,17,582,330,4
113784,17,584,340,4
113800,17,583,335,4
113817,17,586,344,4
113834,17,592,330,4
113850,17,583,336,4
113867,17,580,336,4
113884,17,586,356,4
113900,17,580,338,4
113917,17,571,329,4
113933,17,578,342,4
113950,17,588,325,4
113967,17,576,328,4
113983,17,585,325,4
114000,17,577,337,4
114017,17,582,333,4
114033,17,542,443,3
114050,17,533,466,3
114067,17,531,473,3
114083,17,544,460,3
114100,17,531,480,3
114116,17,531,474,3
114133,17,530,475,3
114150,17,527,458,3
114166,17,526,471,3
114183,17,539,477,3
114200,17,532,471,3
114216,17,528,458,3
114233,17,527,466,3
114250,17,541,466,3
114266,17,532,466,3
114283,17,527,466,3
114299,17,546,463,3
114316,17,543,461,3
114333,17,529,466,3
114349,17,516,470,3
114366,17,543,465,3
114383,17,528,462,3
114399,17,531,484,3
114416,17,515,455,3
114433,17,518,448,3
114449,17,515,437,3
114466,17,511,453,3
114482,17,515,474,3
114499,17,509,454,3
114516,17,519,466,3
114532,17,530,430,3
114549,17,519,447,3
114566,17,513,445,3
114582,17,509,453,3
114599,17,508,467,3
114615,17,522,452,3
114632,17,511,457,3
114649,17,517,454,3
114665,17,511,452,3
114682,17,507,438,3
114699,17,513,448,3
114715,17,510,464,3
114732,17,507,462,3
114749,17,511,454,3
114765,17,510,460,3
114782,17,514,450,3
114798,17,517,456,3
114815,17,498,443,3
114832,17,511,451,3
114848,17,510,465,3
114865,17,510,475,3
114882,17,504,462,3
114898,17,517,470,3
114915,17,517,457,3
114932,17,511,467,3
114948,17,510,472,3
114965,17,512,473,3
114981,17,510,475,3
114998,17,514,467,3
115015,17,510,478,3
115031,17,514,469,3
115048,17,517,484,3
115065,17,513,475,3
115081,17,511,454,3
115098,17,510,470,3
115115,17,511,463,3
115131,17,508,485,3
115148,17,509,478,3
115164,17,504,485,3
115181,17,507,460,3
115198,17,514,471,3
115214,17,509,472,3
115231,17,514,463,3
115248,17,509,458,3
115264,17,524,397,2
115281,17,532,409,2
115298,17,524,407,2
115314,17,529,384,2
115331,17,525,404,2
115347,17,525,420,5
115364,17,525,397,2
115381,17,525,411,2
115397,17,526,417,5
115414,17,523,405,2
115431,17,521,398,2
115447,17,527,394,2
115464,17,526,414,2
115481,17,522,394,2
115497,17,527,394,2
115514,17,516,405,2
115530,17,524,387,2
115547,17,524,406,2
115564,17,531,390,2
115580,17,524,395,2
115597,17,516,393,2
115614,17,529,398,2
115630,17,520,401,2
115647,17,520,401,2
115663,17,518,406,2
115680,17,528,416,2
115697,17,521,413,2
115713,17,516,417,5
115730,17,518,408,2
115747,17,530,352,4
115763,17,491,473,3
115780,17,507,851,0
115830,50,473,774,0
115846,17,482,563,3
115863,17,520,447,3
115880,17,488,355,4
115896,17,499,384,2
115913,17,489,412,2
115930,17,499,409,2
115946,17,509,382,2
115963,17,506,382,2
115980,17,506,373,2
115996,17,503,390,2
116013,17,507,389,2
116029,17,505,394,2
116046,17,505,392,2
116063,17,499,374,2
116079,17,497,393,2
116096,17,502,384,2
116113,17,504,397,2
116129,17,504,405,2
116146,17,507,393,2
116163,17,504,382,2
116179,17,500,372,2
116196,17,494,403,2
116212,17,495,396,2
116229,17,501,401,2
116246,17,501,391,2
116262,17,498,396,2
116279,17,506,403,2
116296,17,502,394,2
116312,17,502,404,2
116329,17,502,392,2
116346,17,509,392,2
116362,17,496,407,2
116379,17,499,400,2
116395,17,502,406,2
116412,17,508,406,2
116429,17,502,402,2
116445,17,507,406,2
116462,17,522,452,3
116479,17,519,445,3
116495,17,520,464,3
116512,17,520,465,3
116529,17,518,470,3
116545,17,516,463,3
116562,17,535,457,3
116578,17,520,433,3
116595,17,526,455,3
116612,17,519,465,3
116628,17,518,427,3
116645,17,522,453,3
116662,17,522,463,3
116678,17,510,453,3
116695,17,523,463,3
116712,17,518,457,3
116728,17,519,453,3
116745,17,510,453,3
116761,17,501,461,3
116778,17,522,465,3
116795,17,520,453,3
116811,17,514,463,3
116828,17,528,452,3
116845,17,508,443,3
116861,17,513,447,3
116878,17,503,377,2
116894,17,513,371,2
116911,17,523,376,2
116928,17,507,363,4
116944,17,513,346,4
116961,17,518,343,4
116978,17,518,344,4
116994,17,518,348,4
117011,17,515,369,2
117028,17,512,360,4
117044,17,516,369,2
117061,17,500,349,4
117077,17,516,356,4
117094,17,514,375,2
117111,17,511,449,3
117127,17,524,459,3
117144,17,509,458,3
117161,17,522,489,3
117177,17,525,455,3
117194,17,513,438,3
117211,17,515,454,3
117227,17,511,456,3
117244,17,514,459,3
117260,17,519,428,3
117277,17,519,439,3
117294,17,514,450,3
117310,17,533,451,3
117327,17,514,450,3
117344,17,517,460,3
117360,17,518,447,3
117377,17,520,464,3
117394,17,517,450,3
117410,17,515,450,3
117427,17,517,471,3
117443,17,513,456,3
117460,17,514,437,3
117477,17,516,472,3
117493,17,501,409,2
117510,17,504,337,4
117527,17,512,294,4
117543,17,511,308,4
117560,17,515,285,0
117577,17,517,287,0
117593,17,523,284,0
117610,17,520,293,4
117626,17,510,286,0
117643,17,517,280,0
117660,17,516,289,4
117676,17,517,294,4
117693,17,512,290,4
117710,17,508,296,4
117726,17,514,302,4
117743,17,527,299,4
117760,17,513,299,4
117776,17,520,290,4
117793,17,516,309,4
117809,17,517,303,4
117826,17,524,285,0
117843,17,515,294,4
117859,17,507,289,4
117876,17,508,283,0
117893,17,513,294,4
117909,17,517,295,4
117926,17,510,306,4
117942,17,517,299,4
117959,17,515,297,4
117976,17,516,292,4
117992,17,513,289,4
118009,17,511,291,4
118026,17,505,302,4
118042,17,510,302,4
118059,17,506,304,4
118076,17,504,294,4
118092,17,508,300,4
118109,17,506,293,4
118125,17,511,280,0
118142,17,509,299,4
118159,17,506,306,4
118175,17,507,279,0
118192,17,518,303,4
118209,17,515,301,4
118225,17,509,295,4
118242,17,512,320,4
118259,17,516,294,4
118275,17,513,297,4
118292,17,516,300,4
118308,17,508,307,4
118325,17,512,299,4
118342,17,521,305,4
118358,17,512,377,2
118375,17,510,429,3
118392,17,522,446,3
118408,17,514,427,3
118425,17,525,421,5
118442,17,514,418,5
118458,17,505,433,3
118475,17,506,443,3
118508,0,517,429,3
118508,33,517,429,3
118525,17,505,430,3
118541,17,513,433,3
118558,17,504,418,5
118575,17,511,421,5
118591,17,513,441,3
118608,17,525,443,3
118625,17,526,418,5
118641,17,508,429,3
118658,17,503,444,3
118674,17,509,427,3
118691,17,504,409,2
118708,17,509,404,2
118724,17,506,414,2
118741,17,509,411,2
118758,17,510,432,3
118774,17,512,442,3
118791,17,514,435,3
118808,17,517,422,3
118824,17,517,439,3
118841,17,516,424,3
118857,17,517,418,5
118874,17,508,424,3
118891,17,505,426,3
118907,17,518,416,2
118924,17,504,413,2
118941,17,520,432,3
118957,17,509,417,5
118974,17,510,422,3
118991,17,513,409,2
119007,17,515,416,2
119024,17,511,428,3
119040,17,515,431,3
119057,17,516,447,3
119074,17,518,444,3
119090,17,510,441,3
119107,17,524,421,5
119124,17,517,665,3
119140,17,595,926,0
119240,100,486,845,0
119257,17,495,690,3
119273,17,518,552,3
119290,17,514,462,3
119307,17,513,348,4
119323,17,522,398,2
119340,17,509,385,2
119356,17,511,382,2
119373,17,527,386,2
119390,17,516,404,2
119406,17,508,385,2
119423,17,520,399,2
119440,17,529,396,2
119456,17,521,394,2
119473,17,512,403,2
119490,17,524,413,2
119506,17,523,384,2
119523,17,513,402,2
119539,17,520,413,2
119556,17,513,399,2
119573,17,517,383,2
119589,17,519,410,2
119606,17,512,400,2
119623,17,514,392,2
119639,17,517,383,2
119656,17,526,406,2
119673,17,518,407,2
119689,17,528,389,2
119706,17,514,394,2
119722,17,517,419,5
119739,17,522,407,2
119756,17,509,414,2
119772,17,518,422,3
119789,17,519,409,2
119806,17,512,419,5
119822,17,524,402,2
119839,17,525,400,2
119856,17,499,409,2
119872,17,518,426,3
119889,17,526,426,3
119905,17,516,411,2
119922,17,511,421,5
119939,17,507,410,2
119955,17,523,420,5
119972,17,514,422,3
119989,17,510,435,3
120005,17,504,410,2
120022,17,515,409,2
120039,17,509,438,3
120055,17,523,402,2
120072,17,508,436,3
120088,17,523,439,3
120105,17,515,431,3
120122,17,519,435,3
120138,17,521,429,3
120155,17,518,437,3
120172,17,506,420,5
120188,17,516,422,3
120205,17,526,409,2
120221,17,504,412,2
120238,17,520,417,5
120255,17,508,409,2
120271,17,515,425,3
120288,17,511,401,2
120305,17,509,405,2
120321,17,511,418,5
120338,17,509,405,2
120355,17,515,409,2
120371,17,513,389,2
120388,17,506,417,5
120404,17,507,406,2
120421,17,505,420,5
120438,17,521,421,5
120454,17,511,410,2
120471,17,506,396,2
120488,17,501,398,2
120504,17,514,416,2
120521,17,516,399,2
120538,17,511,436,3
120554,17,512,413,2
120571,17,502,442,3
120587,17,509,425,3
120604,17,509,431,3
120621,17,505,394,2
120637,17,511,397,2
120654,17,511,412,2
120671,17,511,403,2
120687,17,505,420,5
120704,17,503,412,2
120721,17,504,406,2
120737,17,510,428,3
120754,17,518,407,2
120770,17,500,413,2
120787,17,521,403,2
120804,17,518,422,3
120820,17,515,405,2
120837,17,501,413,2
120854,17,504,402,2
120870,17,515,423,3
120887,17,501,433,3
120904,17,518,396,2
120920,17,511,411,2
120937,17,517,432,3
120953,17,509,404,2
120970,17,525,415,2
120987,17,515,418,5
121003,17,514,410,2
121020,17,513,419,5
121037,17,517,419,5
121053,17,508,417,5
121070,17,508,427,3
121087,17,510,414,2
121103,17,501,418,5
121120,17,501,421,5
121136,17,512,417,5
121153,17,507,413,2
121170,17,494,417,5
121186,17,511,428,3
121203,17,510,419,5
121220,17,509,404,2
121236,17,497,409,2
121253,17,508,422,3
121270,17,514,414,2
121286,17,504,420,5
121303,17,496,421,5
121319,17,504,403,2
121336,17,511,422,3
121353,17,506,412,2
121369,17,517,425,3
121386,17,518,418,5
121403,17,511,421,5
121419,17,508,421,5
121436,17,501,431,3
121452,17,497,415,2
121469,17,502,403,2
121486,17,511,412,2
121502,17,499,424,3
121519,17,507,426,3
121536,17,503,413,2
121552,17,508,404,2
121569,17,497,406,2
121586,17,510,402,2
121602,17,518,390,2
121619,17,510,410,2
121635,17,507,384,2
121652,17,512,423,3
121669,17,506,408,2
121685,17,511,432,3
121702,17,505,422,3
121719,17,519,408,2
121735,17,493,411,2
121752,17,524,414,2
121769,17,503,410,2
121785,17,508,400,2
121802,17,512,425,3
121818,17,487,411,2
121835,17,509,425,3
121852,17,509,402,2
121868,17,510,420,5
121885,17,511,415,2
121902,17,517,402,2
121918,17,530,415,2
121935,17,519,427,3
121952,17,508,405,2
121968,17,509,417,5
121985,17,512,427,3
122001,17,520,421,5
122018,17,524,416,2
122035,17,513,413,2
122051,17,512,427,3
122068,17,511,417,5
122085,17,511,426,3
122101,17,523,425,3
122118,17,515,433,3
122135,17,513,412,2
122151,17,514,414,2
122168,17,520,426,3
122184,17,513,405,2
122201,17,515,409,2
122218,17,532,398,2
122234,17,519,416,2
122251,17,531,405,2
122268,17,524,442,3
122284,17,531,421,5
122301,17,535,423,3
122318,17,533,429,3
122334,17,535,431,3
122351,17,531,425,3
122367,17,534,437,3
122384,17,521,448,3
122401,17,541,436,3
122417,17,532,431,3
122434,17,523,432,3
122451,17,538,435,3
122467,17,532,451,3
122484,17,537,419,5
122501,17,543,414,2
122517,17,541,437,3
122534,17,537,440,3
122550,17,534,440,3
122567,17,536,432,3
122584,17,537,440,3
122600,17,534,431,3
122617,17,537,418,5
122634,17,541,417,5
122650,17,528,351,4
122667,17,531,325,4
122683,17,543,358,4
122700,17,544,363,4
122717,17,532,356,4
122733,17,536,370,2
122750,17,541,354,4
122767,17,539,348,4
122783,17,542,337,4
122800,17,537,341,4
122817,17,538,333,4
122833,17,540,345,4
122850,17,542,356,4
122866,17,543,340,4
122883,17,519,342,4
122900,17,547,341,4
122916,17,548,352,4
122933,17,539,339,4
122950,17,545,338,4
122966,17,539,346,4
122983,17,545,329,4
123000,17,535,351,4
123016,17,511,388,2
123033,17,508,376,2
123049,17,501,393,2
123066,17,509,396,2
123083,17,506,389,2
123099,17,502,408,2
123116,17,504,392,2
123133,17,498,403,2
123149,17,507,387,2
123166,17,517,406,2
123183,17,513,407,2
123199,17,506,380,2
123216,17,524,392,2
123232,17,510,406,2
123249,17,512,384,2
123266,17,521,404,2
123282,17,482,387,2
123299,17,520,388,2
123316,17,497,391,2
123332,17,504,394,2
123349,17,512,393,2
123366,17,510,398,2
123382,17,507,394,2
123399,17,530,403,2
123415,17,508,407,2
123432,17,511,398,2
123449,17,507,403,2
123465,17,506,391,2
123482,17,506,402,2
123499,17,508,394,2
123515,17,510,401,2
123532,17,519,377,2
123549,17,516,400,2
123565,17,518,386,2
123582,17,506,394,2
123598,17,514,396,2
123615,17,511,369,2
123632,17,509,390,2
123648,17,519,387,2
123665,17,530,396,2
123682,17,508,412,2
123698,17,514,399,2
123715,17,514,379,2
123731,17,521,420,5
123748,17,516,405,2
123765,17,512,698,3
123781,17,490,1037,0
123881,100,477,665,3
123898,17,492,376,2
123914,17,510,419,5
123931,17,497,330,4
123948,17,505,391,2
123964,17,498,405,2
123981,17,500,381,2
123998,17,489,384,2
124014,17,511,385,2
124031,17,513,363,4
124048,17,513,409,2
124064,17,509,391,2
124081,17,494,400,2
124097,17,506,392,2
124114,17,503,384,2
124131,17,513,393,2
124147,17,515,375,2
124164,17,488,387,2
124181,17,527,366,2
124197,17,507,387,2
124214,17,515,376,2
124231,17,505,378,2
124247,17,504,366,2
124264,17,508,375,2
124280,17,494,403,2
124297,17,511,395,2
124314,17,509,394,2
124330,17,525,384,2
124347,17,491,388,2
124364,17,494,386,2
124380,17,507,387,2
124397,17,497,389,2
124414,17,505,396,2
124430,17,504,388,2
124447,17,501,406,2
124463,17,509,382,2
124480,17,508,374,2
124497,17,501,402,2
124513,17,502,401,2
124530,17,487,410,2
124547,17,512,402,2
124563,17,503,401,2
124580,17,503,395,2
124597,17,496,383,2
124613,17,494,403,2
124630,17,499,405,2
124646,17,513,398,2
124663,17,509,398,2
124680,17,493,393,2
124696,17,495,412,2
124713,17,515,370,2
124730,17,548,377,2
124746,17,549,397,2
124763,17,547,375,2
124780,17,546,373,2
124796,17,550,371,2
124813,17,554,385,2
124829,17,552,367,2
124846,17,555,365,2
124863,17,553,367,2
124879,17,553,384,2
124896,17,540,378,2
124913,17,555,383,2
124929,17,548,359,4
124946,17,586,356,4
124962,17,658,339,0
124979,17,696,246,1
124996,17,699,290,0
125012,17,697,286,0
125029,17,692,282,0
125046,17,695,271,0
125062,17,685,287,0
125079,17,689,279,0
125096,17,692,274,0
125112,17,696,287,0
125129,17,699,280,0
125145,17,693,286,0
125162,17,702,272,0
125179,17,690,289,0
125195,17,699,277,0
125212,17,684,262,0
125229,17,698,285,0
125245,17,693,281,0
125262,17,695,261,0
125279,17,693,303,0
125295,17,690,280,0
125312,17,689,292,0
125328,17,687,297,0
125345,17,698,266,0
125362,17,691,284,0
125378,17,694,270,0
125395,17,688,297,0
125412,17,689,282,0
125428,17,691,289,0
125445,17,636,316,0
125462,17,549,341,4
125478,17,537,355,4
125495,17,523,370,2
125511,17,536,350,4
125528,17,539,362,4
125545,17,544,359,4
125561,17,533,346,4
125578,17,537,363,4
125595,17,538,348,4
125611,17,542,348,4
125628,17,535,360,4
125645,17,521,363,4
125661,17,527,352,4
125678,17,526,363,4
125694,17,517,357,4
125711,17,533,364,4
125728,17,543,360,4
125744,17,542,363,4
125761,17,532,358,4
125778,17,530,346,4
125794,17,526,354,4
125811,17,537,457,3
125828,17,506,515,3
125844,17,512,510,3
125861,17,512,514,3
125877,17,506,501,3
125894,17,515,511,3
125911,17,508,503,3
125927,17,515,517,3
125944,17,506,493,3
125961,17,510,510,3
125977,17,513,529,3
125994,17,507,496,3
126010,17,510,517,3
126027,17,510,522,3
126044,17,534,525,3
126060,17,510,507,3
126077,17,513,518,3
126094,17,517,522,3
126110,17,508,503,3
126127,17,514,514,3
126144,17,508,542,3
126160,17,504,510,3
126177,17,505,525,3
126193,17,514,512,3
126210,17,503,513,3
126227,17,509,525,3
126243,17,521,406,2
126260,17,502,361,4
126277,17,509,358,4
126293,17,495,356,4
126310,17,510,362,4
126327,17,513,350,4
126343,17,512,367,2
126360,17,502,358,4
126376,17,519,358,4
126393,17,517,362,4
126410,17,511,356,4
126426,17,517,370,2
126443,17,503,349,4
126460,17,497,365,2
126476,17,509,347,4
126493,17,511,353,4
126510,17,518,357,4
126526,17,510,357,4
126543,17,494,349,4
126559,17,511,347,4
126576,17,521,357,4
126593,17,500,376,2
126609,17,519,358,4
126626,17,501,363,4
126643,17,512,350,4
126659,17,492,377,2
126676,17,490,359,4
126693,17,527,366,2
126709,17,512,361,4
126726,17,521,372,2
126742,17,492,366,2
126759,17,515,372,2
126776,17,513,361,4
126792,17,527,305,4
126809,17,565,254,1
126826,17,581,219,1
126842,17,581,243,1
126859,17,587,212,1
126876,17,576,223,1
126892,17,587,208,1
126909,17,583,218,1
126925,17,582,227,1
126942,17,579,204,1
126959,17,601,222,1
126975,17,581,224,1
126992,17,591,211,1
127009,17,566,235,1
127025,17,580,215,1
127042,17,579,210,1
127059,17,584,224,1
127075,17,583,240,1
127092,17,570,225,1
127108,17,581,229,1
127125,17,582,213,1
127142,17,575,202,1
127158,17,508,217,1
127175,17,528,205,1
127192,17,515,191,1
127208,17,510,202,1
127225,17,522,197,1
127241,17,515,205,1
127258,17,523,202,1
127275,17,511,203,1
127291,17,520,196,1
127308,17,521,196,1
127325,17,518,221,1
127341,17,523,208,1
127358,17,516,206,1
127375,17,521,243,1
127391,17,484,328,4
127408,17,497,346,4
127424,17,503,358,4
127441,17,498,340,4
127458,17,506,356,4
127474,17,495,377,2
127491,17,524,343,4
127508,17,482,358,4
127524,17,500,343,4
127541,17,510,339,4
127558,17,494,346,4
127574,17,488,365,2
127591,17,508,365,2
127607,17,498,385,2
127624,17,502,363,4
127641,17,499,372,2
127657,17,501,370,2
127674,17,501,377,2
127691,17,501,363,4
127707,17,502,374,2
127724,17,483,366,2
127741,17,494,360,4
127757,17,490,373,2
127774,17,506,391,2
127790,17,494,376,2
127807,17,504,341,4
127824,17,501,382,2
127840,17,473,360,4
127857,17,518,359,4
127874,17,497,370,2
127890,17,492,376,2
127907,17,498,370,2
127924,17,491,380,2
127940,17,490,352,4
127957,17,492,372,2
127973,17,489,391,2
127990,17,494,365,2
128007,17,469,382,2
128023,17,497,370,2
128040,17,496,380,2
128057,17,496,394,2
128073,17,472,372,2
128090,17,495,384,2
128107,17,485,385,2
128123,17,500,355,4
128140,17,493,378,2
128156,17,473,383,2
128173,17,493,371,2
128190,17,500,378,2
128206,17,494,389,2
128223,17,491,383,2
128240,17,499,380,2
128256,17,498,386,2
128273,17,513,391,2
128289,17,500,382,2
128306,17,508,353,4
128323,17,504,384,2
128339,17,499,374,2
128356,17,497,364,4
128373,17,494,374,2
128389,17,501,364,4
128406,17,500,388,2
128423,17,491,353,4
128439,17,496,375,2
128456,17,499,367,2
128472,17,504,351,4
128489,17,496,374,2
128506,17,507,399,2
128522,17,505,380,2
128539,17,532,399,2
128556,17,555,405,2
128572,17,540,380,2
128589,17,534,412,2
128606,17,544,421,5
128622,17,548,395,2
128639,17,557,376,2
128655,17,543,400,2
128672,17,548,389,2
128689,17,550,392,2
128705,17,548,412,2
128722,17,555,383,2
128739,17,541,405,2
128755,17,550,406,2
128772,17,549,399,2
128789,17,553,425,3
128805,17,548,417,5
128822,17,543,399,2
128838,17,545,400,2
128855,17,543,388,2
128872,17,544,421,5
128888,17,535,396,2
128905,17,549,402,2
128922,17,541,390,2
128938,17,537,413,2
128955,17,542,394,2
128972,17,542,411,2
128988,17,550,403,2
129005,17,520,411,2
129021,17,546,392,2
129038,17,537,410,2
129055,17,555,407,2
129071,17,541,398,2
129088,17,540,409,2
129105,17,542,411,2
129121,17,558,421,5
129138,17,533,419,5
129155,17,485,524,3
129171,17,496,540,3
129188,17,485,554,3
129204,17,492,552,3
129221,17,491,541,3
129238,17,486,550,3
129254,17,498,536,3
129271,17,481,552,3
129288,17,490,527,3
129304,17,474,540,3
129321,17,496,537,3
129338,17,491,516,3
129354,17,503,459,3
129371,17,503,435,3
129387,17,516,432,3
129404,17,508,427,3
129421,17,509,406,2
129437,17,498,436,3
129454,17,512,423,3
129471,17,510,419,5
129487,17,516,428,3
129504,17,517,409,2
129520,17,513,413,2
129537,17,511,413,2
129554,17,523,408,2
129570,17,514,418,5
129587,17,512,410,2
129604,17,512,414,2
129620,17,511,419,5
129637,17,522,413,2
129654,17,515,423,3
129670,17,511,404,2
129687,17,506,416,2
129703,17,518,422,3
129720,17,509,410,2
129737,17,517,397,2
129753,17,503,414,2
129770,17,455,378,2
129787,17,442,368,2
129803,17,451,364,4
129820,17,448,343,4
129837,17,448,349,4
129853,17,462,333,4
129870,17,455,361,4
129886,17,450,355,4
129903,17,449,332,4
129920,17,463,367,2
129936,17,455,348,4
129953,17,458,350,4
129970,17,447,341,4
129986,17,449,342,4
130003,17,462,333,4
130020,17,445,333,4
130036,17,451,336,4
130053,17,452,341,4
130069,17,454,350,4
130086,17,453,364,4
130103,17,449,372,2
130119,17,441,343,4
130136,17,446,342,4
130153,17,451,350,4
130169,17,451,347,4
130186,17,495,324,4
130203,17,569,330,4
130219,17,621,323,0
130236,17,620,326,0
130252,17,633,289,0
130269,17,642,317,0
130286,17,633,296,0
130302,17,640,314,0
130319,17,677,318,0
130336,17,640,315,0
130352,17,641,311,0
130369,17,628,300,0
130386,17,633,278,0
130402,17,636,309,0
130419,17,640,304,0
130435,17,626,322,0
130452,17,619,313,0
130469,17,648,301,0
130485,17,627,304,0
130502,17,649,314,0
130519,17,627,315,0
130535,17,641,288,0
130552,17,602,309,4
130568,17,552,270,0
130585,17,561,243,1
130602,17,563,233,1
130618,17,566,259,1
130635,17,564,270,0
130652,17,557,254,1
130668,17,553,273,0
130685,17,558,255,1
130702,17,557,259,1
130718,17,551,256,1
130735,17,559,257,1
130751,17,552,284,0
130768,17,559,254,1
130785,17,556,249,1
130801,17,555,265,0
130818,17,558,264,0
130835,17,557,266,0
130851,17,562,251,1
130868,17,556,270,0
130885,17,529,261,0
130901,17,527,259,1
130918,17,527,252,1
130934,17,525,264,0
130951,17,526,238,1
130968,17,524,237,1
130984,17,528,254,1
131001,17,529,232,1
131018,17,515,245,1
131034,17,518,232,1
131051,17,533,244,1
131068,17,531,241,1
131084,17,528,237,1
131101,17,530,228,1
131117,17,531,223,1
131134,17,528,229,1
131151,17,523,233,1
131167,17,528,245,1
131184,17,526,238,1
131201,17,530,239,1
131217,17,563,271,0
131234,17,601,269,0
131251,17,597,295,4
131267,17,588,283,0
131284,17,599,268,0
131300,17,595,280,0
131317,17,598,301,4
131334,17,593,294,4
131350,17,593,280,0
131367,17,598,272,0
131384,17,591,291,4
131400,17,594,301,4
131417,17,592,289,4
131434,17,539,328,4
131450,17,508,385,2
131467,17,512,392,2
131483,17,506,401,2
131500,17,511,391,2
131517,17,507,381,2
131533,17,505,396,2
131550,17,512,383,2
131567,17,510,387,2
131583,17,512,400,2
131600,17,505,399,2
131617,17,503,389,2
131633,17,515,390,2
131650,17,511,411,2
131666,17,517,379,2
131683,17,508,398,2
131700,17,506,376,2
131716,17,505,385,2
131733,17,508,406,2
131750,17,506,400,2
131766,17,509,406,2
131783,17,508,395,2
131799,17,506,410,2
131816,17,503,394,2
131833,17,502,402,2
131849,17,511,387,2
131866,17,506,410,2
131883,17,499,391,2
131899,17,510,413,2
131916,17,501,480,3
131933,17,484,650,3
131949,17,467,429,3
131982,33,178,464,3
131999,17,471,862,0
132016,17,490,606,3
132032,17,485,504,3
132049,17,495,426,3
132066,17,488,357,4
132082,17,490,390,2
132099,17,486,407,2
132116,17,494,398,2
132132,17,494,414,2
132149,17,491,398,2
132165,17,494,399,2
132182,17,508,406,2
132199,17,497,388,2
132215,17,501,411,2
132232,17,498,432,3
132249,17,492,410,2
132265,17,499,421,5
132282,17,498,407,2
132299,17,504,396,2
132315,17,498,400,2
132332,17,493,397,2
132348,17,503,417,5
132365,17,500,402,2
132382,17,493,402,2
132398,17,504,427,3
132415,17,504,405,2
132432,17,507,413,2
132448,17,491,403,2
132465,17,496,389,2
132482,17,493,403,2
132498,17,490,411,2
132515,17,472,417,2
132531,17,494,419,5
132548,17,488,400,2
132565,17,497,398,2
132581,17,492,400,2
132598,17,512,414,2
132615,17,490,401,2
132631,17,494,396,2
132648,17,509,392,2
132665,17,491,425,3
132681,17,498,414,2
132698,17,493,389,2
132714,17,491,416,2
132731,17,500,411,2
132748,17,507,397,2
132764,17,488,402,2
132781,17,491,405,2
132798,17,496,391,2
132814,17,500,408,2
132831,17,497,411,2
132848,17,495,396,2
132864,17,497,385,2
132881,17,500,395,2
132897,17,497,384,2
132914,17,492,394,2
132931,17,485,395,2
132947,17,491,394,2
132964,17,489,385,2
132981,17,498,407,2
132997,17,485,412,2
133014,17,493,416,2
133030,17,482,415,2
133047,17,509,414,2
133064,17,530,449,3
133080,17,546,446,3
133097,17,535,439,3
133114,17,527,441,3
133130,17,538,475,3
133147,17,532,435,3
133164,17,544,437,3
133180,17,537,431,3
133197,17,545,423,3
133213,17,529,418,5
133230,17,538,442,3
133247,17,564,441,3
133263,17,538,435,3
133280,17,542,432,3
133297,17,540,440,3
133313,17,535,455,3
133330,17,550,451,3
133347,17,537,445,3
133363,17,538,457,3
133380,17,540,433,3
133396,17,536,446,3
133413,17,509,447,3
133430,17,528,433,3
133446,17,540,463,3
133463,17,537,460,3
133480,17,534,452,3
133496,17,535,451,3
133513,17,537,453,3
133530,17,540,440,3
133546,17,532,452,3
133563,17,544,475,3
133579,17,537,441,3
133596,17,537,450,3
133613,17,509,444,3
133629,17,537,434,3
133646,17,526,445,3
133663,17,540,441,3
133679,17,512,442,3
133696,17,535,455,3
133713,17,538,447,3
133729,17,555,435,3
133746,17,534,476,3
133762,17,529,518,3
133779,17,525,510,3
133796,17,526,498,3
133812,17,532,504,3
133829,17,531,478,3
133846,17,546,495,3
133862,17,521,492,3
133879,17,529,492,3
133896,17,550,490,3
133912,17,523,491,3
133929,17,523,487,3
133945,17,530,491,3
133962,17,525,521,3
133979,17,521,492,3
133995,17,524,496,3
134012,17,533,492,3
134029,17,524,502,3
134045,17,501,462,3
134062,17,484,387,2
134078,17,476,368,2
134095,17,488,376,2
134112,17,496,367,2
134128,17,485,378,2
134145,17,493,368,2
134162,17,483,365,2
134178,17,483,369,2
134195,17,489,359,4
134212,17,489,360,4
134228,17,483,361,4
134245,17,494,360,4
134261,17,487,367,2
134278,17,493,366,2
134295,17,486,358,4
134311,17,448,351,4
134328,17,448,345,4
134345,17,448,331,4
134361,17,448,355,4
134378,17,442,350,4
134395,17,454,347,4
134411,17,431,331,4
134428,17,443,335,4
134444,17,449,360,4
134461,17,454,332,4
134478,17,450,331,4
134494,17,450,341,4
134511,17,438,330,4
134528,17,446,348,4
134544,17,445,345,4
134561,17,436,317,4
134578,17,443,316,4
134594,17,378,335,0
134611,17,356,340,0
134627,17,358,340,0
134644,17,364,346,0
134661,17,365,349,0
134677,17,355,348,0
134694,17,345,346,0
134711,17,362,339,0
134727,17,362,329,0
134744,17,333,352,0
134761,17,354,341,0
134777,17,362,340,0
134794,17,360,334,0
134810,17,361,363,0
134827,17,362,355,0
134844,17,342,340,0
134860,17,349,342,0
134877,17,363,343,0
134894,17,353,349,0
134910,17,357,363,0
134927,17,327,411,2
134944,17,359,455,3
134960,17,349,479,3
134977,17,360,473,3
134993,17,332,493,3
135010,17,357,472,3
135027,17,331,447,3
135043,17,325,473,3
135060,17,354,484,3
135077,17,339,461,3
135093,17,356,455,3
135110,17,353,453,3
135127,17,351,458,3
135143,17,409,435,3
135160,17,470,417,2
135176,17,487,399,2
135193,17,503,389,2
135210,17,480,369,2
135226,17,510,405,2
135243,17,495,391,2
135260,17,489,398,2
135276,17,485,385,2
135293,17,501,377,2
135309,17,494,384,2
135326,17,498,395,2
135343,17,486,377,2
135359,17,495,393,2
135376,17,498,396,2
135393,17,489,399,2
135409,17,497,410,2
135426,17,491,403,2
135443,17,487,415,2
135459,17,477,389,2
135476,17,481,410,2
135492,17,497,397,2
135509,17,479,413,2
135526,17,488,413,2
135542,17,485,406,2
135559,17,506,392,2
135576,17,488,393,2
135592,17,491,389,2
135609,17,489,380,2
135626,17,490,399,2
135642,17,494,392,2
135659,17,491,397,2
135675,17,498,400,2
135692,17,498,390,2
135709,17,490,397,2
135725,17,485,394,2
135742,17,500,400,2
135759,17,504,381,2
135775,17,526,367,2
135792,17,525,366,2
135809,17,512,354,4
135825,17,526,354,4
135842,17,525,374,2
135858,17,519,373,2
135875,17,519,384,2
135892,17,505,384,2
135908,17,508,377,2
135925,17,520,373,2
135942,17,523,364,4
135958,17,526,379,2
135975,17,532,369,2
135992,17,519,375,2
136008,17,516,380,2
136025,17,516,376,2
136041,17,521,365,2
136058,17,512,386,2
136075,17,520,366,2
136091,17,526,356,4
136108,17,517,358,4
136125,17,514,366,2
136141,17,517,365,2
136158,17,517,366,2
136175,17,517,358,4
136191,17,519,374,2
136208,17,519,362,4
136224,17,514,368,2
136241,17,506,361,4
136258,17,527,382,2
136274,17,520,350,4
136291,17,520,380,2
136308,17,517,377,2
136324,17,512,362,4
136341,17,520,351,4
136357,17,529,366,2
136374,17,514,369,2
136391,17,515,377,2
136407,17,516,379,2
136424,17,522,370,2
136441,17,503,355,4
136457,17,513,365,2
136474,17,516,381,2
136491,17,526,382,2
136507,17,514,380,2
136524,17,517,387,2
136540,17,508,372,2
136557,17,515,364,4
136574,17,522,372,2
136590,17,514,383,2
136607,17,510,363,4
136624,17,523,374,2
136640,17,530,358,4
136657,17,511,386,2
136674,17,501,389,2
136690,17,509,380,2
136707,17,514,382,2
136723,17,513,377,2
136740,17,512,377,2
136757,17,517,383,2
136773,17,490,365,2
136790,17,492,353,4
136807,17,474,366,2
136823,17,488,362,4
136840,17,484,367,2
136857,17,491,379,2
136873,17,490,378,2
136890,17,494,373,2
136906,17,503,352,4
136923,17,491,363,4
136940,17,497,370,2
136956,17,507,362,4
136973,17,487,374,2
136990,17,484,360,4
137006,17,483,350,4
137023,17,473,352,4
137040,17,449,343,4
137056,17,464,356,4
137073,17,461,337,4
137089,17,473,335,4
137106,17,462,322,4
137123,17,460,326,4
137139,17,458,333,4
137156,17,456,334,4
137173,17,446,344,4
137189,17,457,353,4
137206,17,471,332,4
137223,17,467,354,4
137239,17,475,341,4
137256,17,468,342,4
137272,17,461,347,4
137289,17,458,348,4
137306,17,463,360,4
137322,17,481,388,2
137339,17,509,424,3
137356,17,503,415,2
137372,17,521,437,3
137389,17,515,424,3
137406,17,504,423,3
137422,17,506,425,3
137439,17,496,425,3
137455,17,504,421,5
137472,17,518,421,5
137489,17,509,405,2
137505,17,501,419,5
137522,17,500,416,2
137539,17,517,419,5
137555,17,488,428,3
137572,17,505,421,5
137588,17,497,424,3
137605,17,494,426,3
137622,17,510,430,3
137638,17,508,421,5
137655,17,507,414,2
137672,17,510,406,2
137688,17,492,423,3
137705,17,502,407,2
137722,17,499,413,2
137738,17,506,422,3
137755,17,507,433,3
137771,17,504,415,2
137788,17,520,427,3
137805,17,507,432,3
137821,17,499,409,2
137838,17,487,362,4
137855,17,468,310,4
137871,17,493,313,4
137888,17,481,307,4
137905,17,479,309,4
137921,17,475,311,4
137938,17,484,316,4
137954,17,482,319,4
137971,17,480,328,4
137988,17,478,304,4
138004,17,482,302,4
138021,17,481,328,4
138038,17,488,309,4
138054,17,487,316,4
138071,17,472,317,4
138088,17,480,326,4
138104,17,483,309,4
138121,17,482,311,4
138137,17,488,299,4
138154,17,476,305,4
138171,17,479,313,4
138187,17,478,326,4
138204,17,506,415,2
138221,17,495,493,3
138237,17,490,479,3
138254,17,487,478,3
138271,17,508,462,3
138287,17,499,493,3
138304,17,484,494,3
138320,17,491,493,3
138337,17,509,504,3
138354,17,490,478,3
138370,17,501,495,3
138387,17,498,473,3
138404,17,503,490,3
138420,17,500,481,3
138437,17,489,497,3
138454,17,513,469,3
138470,17,500,484,3
138487,17,502,490,3
138503,17,490,502,3
138520,17,475,491,3
138537,17,495,491,3
138553,17,495,471,3
138570,17,493,486,3
138587,17,530,448,3
138603,17,545,430,3
138620,17,529,404,2
138636,17,526,400,2
138653,17,528,411,2
138670,17,532,430,3
138686,17,529,407,2
138703,17,535,410,2
138720,17,523,415,2
138736,17,528,407,2
138753,17,532,411,2
138770,17,531,424,3
138786,17,525,417,5
138803,17,523,412,2
138819,17,530,428,3
138836,17,533,416,2
138853,17,540,422,3
138869,17,521,406,2
138886,17,511,429,3
138903,17,522,428,3
138919,17,545,417,5
138936,17,533,422,3
138953,17,525,399,2
138969,17,529,405,2
138986,17,533,410,2
139002,17,522,405,2
139019,17,517,417,5
139036,17,528,416,2
139052,17,532,415,2
139069,17,534,413,2
139086,17,534,407,2
139102,17,529,420,5
139119,17,530,420,5
139136,17,549,447,3
139152,17,531,417,5
139169,17,520,425,3
139185,17,528,431,3
139202,17,526,438,3
139219,17,527,414,2
139235,17,527,412,2
139252,17,525,403,2
139269,17,528,425,3
139285,17,527,430,3
139302,17,520,402,2
139319,17,523,411,2
139335,17,524,410,2
139352,17,532,420,5
139368,17,523,407,2
139385,17,528,431,3
139402,17,530,436,3
139418,17,523,440,3
139435,17,536,434,3
139452,17,526,429,3
139468,17,536,423,3
139485,17,541,412,2
139502,17,531,425,3
139518,17,536,411,2
139535,17,527,429,3
139551,17,522,416,2
139568,17,520,435,3
139585,17,524,434,3
139601,17,531,452,3
139618,17,536,430,3
139635,17,527,416,2
139651,17,534,417,5
139668,17,530,442,3
139685,17,525,451,3
139701,17,533,416,2
139718,17,528,433,3
139734,17,527,426,3
139751,17,548,435,3
139768,17,522,445,3
139784,17,534,422,3
139801,17,513,445,3
139818,17,544,422,3
139834,17,530,424,3
139851,17,527,426,3
139867,17,540,410,2
139884,17,534,425,3
139901,17,528,433,3
139917,17,530,445,3
139934,17,542,455,3
139951,17,530,447,3
139967,17,530,430,3
139984,17,541,429,3
140001,17,533,432,3
140017,17,541,418,5
140034,17,536,424,3
140050,17,535,430,3
140067,17,524,423,3
140084,17,531,424,3
140100,17,525,421,5
140117,17,527,434,3
140134,17,533,448,3
140150,17,532,435,3
140167,17,524,426,3
140184,17,527,422,3
140200,17,527,445,3
140217,17,543,435,3
140233,17,529,444,3
140250,17,526,440,3
140267,17,522,435,3
140283,17,538,433,3
140300,17,524,449,3
140317,17,521,447,3
140333,17,533,430,3
140350,17,526,440,3
140367,17,518,451,3
140383,17,534,448,3
140400,17,529,443,3
140416,17,515,442,3
140433,17,524,442,3
140450,17,519,445,3
140466,17,516,452,3
140483,17,520,436,3
140500,17,523,435,3
140516,17,522,454,3
140533,17,521,446,3
140550,17,519,436,3
140566,17,522,428,3
140583,17,518,427,3
140599,17,517,436,3
140616,17,515,453,3
140633,17,517,451,3
140649,17,520,442,3
140666,17,512,409,2
140683,17,516,428,3
140699,17,514,427,3
140716,17,512,427,3
140733,17,516,424,3
140749,17,521,434,3
140766,17,523,409,2
140782,17,504,417,5
140799,17,488,390,2
140816,17,489,410,2
140832,17,469,391,2
140849,17,489,414,2
140866,17,482,395,2
140882,17,488,398,2
140899,17,478,388,2
140916,17,487,392,2
140932,17,482,400,2
140949,17,476,403,2
140965,17,474,400,2
140982,17,490,389,2
140999,17,470,394,2
141015,17,479,388,2
141032,17,486,396,2
141049,17,488,403,2
141065,17,476,386,2
141082,17,469,396,2
141098,17,482,397,2
141115,17,467,393,2
141132,17,475,398,2
141148,17,485,406,2
141165,17,485,387,2
141182,17,476,409,2
141198,17,477,401,2
141215,17,484,398,2
141232,17,499,395,2
141248,17,521,429,3
141265,17,520,395,2
141281,17,515,397,2
141298,17,521,438,3
141315,17,530,398,2
141331,17,516,408,2
141348,17,523,414,2
141365,17,521,385,2
141381,17,519,397,2
141398,17,517,397,2
141415,17,516,401,2
141431,17,526,421,5
141448,17,522,416,2
141464,17,514,423,3
141481,17,517,417,5
141498,17,518,412,2
141514,17,520,401,2
141531,17,515,403,2
141548,17,529,394,2
141564,17,518,384,2
141581,17,525,394,2
141598,17,520,393,2
141614,17,516,410,2
141631,17,516,415,2
141647,17,511,401,2
141664,17,513,410,2
141681,17,528,417,5
141697,17,514,385,2
141714,17,512,390,2
141731,17,517,409,2
141747,17,537,410,2
141764,17,524,395,2
141781,17,515,409,2
141797,17,514,403,2
141814,17,516,394,2
141830,17,518,402,2
141847,17,523,399,2
141864,17,518,392,2
141880,17,519,397,2
141897,17,524,398,2
141914,17,524,394,2
141930,17,520,412,2
141947,17,512,418,5
141964,17,516,392,2
141980,17,520,420,5
141997,17,516,412,2
142013,17,525,393,2
142030,17,517,442,3
142047,17,499,554,3
142063,17,508,592,3
142080,17,523,586,3
142097,17,517,569,3
142113,17,508,604,3
142130,17,517,592,3
142146,17,523,598,3
142163,17,528,605,3
142180,17,521,594,3
142196,17,514,593,3
142213,17,513,597,3
142230,17,509,573,3
142246,17,517,586,3
142263,17,511,592,3
142280,17,516,572,3
142296,17,519,581,3
142313,17,517,589,3
142329,17,526,589,3
142346,17,509,565,3
142363,17,512,576,3
142379,17,512,580,3
142396,17,506,605,3
142413,17,522,578,3
142429,17,509,574,3
142446,17,502,587,3
142463,17,512,580,3
142479,17,463,575,3
142496,17,415,544,3
142512,17,429,536,3
142529,17,430,541,3
142546,17,417,530,3
142562,17,430,522,3
142579,17,416,553,3
142596,17,416,525,3
142612,17,416,539,3
142629,17,433,537,3
142646,17,424,534,3
142662,17,420,542,3
142679,17,414,533,3
142695,17,421,543,3
142712,17,427,554,3
142729,17,429,526,3
142745,17,470,422,3
142762,17,488,377,2
142779,17,494,359,4
142795,17,501,363,4
142812,17,502,362,4
142829,17,499,377,2
142845,17,519,360,4
142862,17,496,365,2
142878,17,484,366,2
142895,17,502,377,2
142912,17,505,359,4
142928,17,506,370,2
142945,17,500,367,2
142962,17,498,357,4
142978,17,498,382,2
142995,17,507,344,4
143012,17,500,362,4
143028,17,500,382,2
143045,17,501,373,2
143061,17,495,350,4
143078,17,492,371,2
143095,17,497,381,2
143111,17,491,361,4
143128,17,490,367,2
143145,17,501,353,4
143161,17,501,364,4
143178,17,489,358,4
143195,17,498,374,2
143211,17,487,371,2
143228,17,481,379,2
143244,17,495,367,2
143261,17,494,346,4
143278,17,492,355,4
143294,17,486,366,2
143311,17,501,373,2
143328,17,493,367,2
143344,17,497,357,4
143361,17,503,346,4
143377,17,504,358,4
143394,17,489,376,2
143411,17,498,355,4
143427,17,493,393,2
143444,17,493,383,2
143461,17,498,367,2
143477,17,497,362,4
143494,17,489,376,2
143511,17,496,368,2
143527,17,500,363,4
143544,17,480,385,2
143560,17,490,369,2
143577,17,506,378,2
143594,17,491,377,2
143610,17,490,368,2
143627,17,490,375,2
143644,17,489,382,2
143660,17,502,353,4
143677,17,501,372,2
143694,17,490,369,2
143710,17,493,389,2
143727,17,503,378,2
143743,17,505,388,2
143760,17,499,376,2
143777,17,489,380,2
143793,17,489,377,2
143810,17,494,378,2
143827,17,504,360,4
143843,17,489,393,2
143860,17,508,373,2
143877,17,500,396,2
143893,17,496,375,2
143910,17,493,352,4
143926,17,491,373,2
143943,17,501,392,2
143960,17,495,363,4
143976,17,492,382,2
143993,17,494,393,2
144010,17,498,365,2
144026,17,509,384,2
144043,17,501,382,2
144060,17,496,377,2
144076,17,508,386,2
144093,17,503,416,2
144109,17,473,448,3
144126,17,476,720,3
144209,83,473,886,0
144226,17,485,640,3
144243,17,492,454,3
144259,17,491,414,2
144276,17,500,361,4
144292,17,500,446,3
144309,17,505,443,3
144326,17,503,454,3
144342,17,497,461,3
144359,17,503,444,3
144376,17,497,444,3
144392,17,502,440,3
144409,17,496,449,3
144425,17,500,450,3
144442,17,495,454,3
144459,17,498,433,3
144475,17,492,455,3
144492,17,498,439,3
144509,17,505,462,3
144525,17,493,458,3
144542,17,506,452,3
144559,17,494,430,3
144575,17,502,470,3
144592,17,496,431,3
144608,17,489,456,3
144625,17,501,447,3
144642,17,496,465,3
144658,17,491,465,3
144675,17,500,473,3
144692,17,503,460,3
144708,17,492,446,3
144725,17,476,432,3
144742,17,458,410,2
144758,17,455,364,4
144775,17,459,378,2
144791,17,458,368,2
144808,17,452,362,4
144825,17,455,365,2
144841,17,458,377,2
144858,17,450,361,4
144875,17,457,362,4
144891,17,456,370,2
144908,17,461,375,2
144925,17,446,372,2
144941,17,458,367,2
144958,17,454,376,2
144974,17,459,364,4
144991,17,452,364,4
145008,17,453,374,2
145024,17,453,380,2
145041,17,456,373,2
145058,17,468,389,2
145074,17,458,347,4
145091,17,450,389,2
145108,17,453,362,4
145124,17,457,384,2
145141,17,451,363,4
145157,17,459,362,4
145174,17,458,396,2
145191,17,458,360,4
145207,17,464,360,4
145224,17,459,388,2
145241,17,455,381,2
145257,17,466,379,2
145274,17,449,360,4
145291,17,469,352,4
145307,17,490,397,2
145324,17,501,391,2
145340,17,501,388,2
145357,17,494,374,2
145374,17,499,359,4
145390,17,497,380,2
145407,17,498,395,2
145424,17,496,359,4
145440,17,492,374,2
145457,17,499,388,2
145474,17,500,366,2
145490,17,509,355,4
145507,17,501,375,2
145523,17,491,356,4
145540,17,395,417,2
145557,17,294,411,2
145573,17,229,411,2
145590,17,256,436,3
145607,17,249,411,2
145623,17,251,417,2
145640,17,249,424,3
145656,17,252,410,2
145673,17,259,422,3
145690,17,259,431,3
145706,17,248,424,3
145723,17,252,410,2
145740,17,233,407,2
145756,17,223,410,2
145773,17,239,439,3
145790,17,233,408,2
145806,17,250,389,2
145823,17,232,416,2
145839,17,256,406,2
145856,17,272,407,2
145873,17,246,393,2
145889,17,258,427,3
145906,17,245,447,3
145923,17,248,405,2
145939,17,227,386,2
145956,17,229,463,3
145973,17,194,564,3
145989,17,184,605,3
146006,17,164,595,3
146022,17,177,604,3
146039,17,186,604,3
146056,17,168,595,3
146072,17,156,595,3
146089,17,167,591,3
146106,17,152,604,3
146122,17,160,603,3
146139,17,184,598,3
146156,17,188,596,3
146172,17,152,609,3
146189,17,157,605,3
146205,17,158,606,3
146222,17,158,616,3
146239,17,186,610,3
146255,17,146,598,3
146272,17,177,613,3
146289,17,164,598,3
146305,17,181,613,3
146322,17,182,604,3
146339,17,185,599,3
146355,17,173,619,3
146372,17,164,634,3
146388,17,146,632,3
146405,17,155,640,3
146422,17,156,633,3
146438,17,167,633,3
146455,17,158,634,3
146472,17,131,635,3
146488,17,150,619,3
146505,17,151,635,3
146522,17,166,635,3
146538,17,135,638,3
146555,17,149,633,3
146571,17,168,638,3
146588,17,160,604,3
146605,17,279,566,3
146621,17,386,496,3
146638,17,494,437,3
146655,17,506,428,3
146671,17,508,416,2
146688,17,505,418,5
146704,17,508,409,2
146721,17,507,415,2
146738,17,513,425,3
146754,17,502,432,3
146771,17,525,419,5
146788,17,515,431,3
146804,17,505,428,3
146821,17,505,427,3
146838,17,515,423,3
146854,17,505,450,3
146871,17,477,436,3
146887,17,494,450,3
146904,17,496,427,3
146921,17,488,440,3
146937,17,486,415,2
146954,17,493,434,3
146971,17,495,442,3
146987,17,490,425,3
147004,17,499,407,2
147021,17,496,346,4
147037,17,490,350,4
147054,17,500,356,4
147070,17,500,366,2
147087,17,495,351,4
147104,17,468,361,4
147120,17,498,341,4
147137,17,500,345,4
147154,17,493,349,4
147170,17,505,339,4
147187,17,493,356,4
147204,17,483,340,4
147220,17,501,369,2
147237,17,492,331,4
147253,17,495,368,2
147270,17,486,343,4
147287,17,480,343,4
147303,17,489,347,4
147320,17,488,341,4
147337,17,484,345,4
147353,17,491,327,4
147370,17,484,321,4
147387,17,477,353,4
147403,17,489,349,4
147420,17,498,337,4
147436,17,500,355,4
147453,17,498,350,4
147470,17,498,330,4
147486,17,497,363,4
147503,17,488,359,4
147520,17,489,358,4
147536,17,479,342,4
147553,17,495,338,4
147570,17,502,342,4
147586,17,477,339,4
147603,17,491,356,4
147619,17,499,359,4
147636,17,497,336,4
147653,17,527,390,2
147669,17,522,382,2
147686,17,516,391,2
147703,17,511,411,2
147719,17,512,399,2
147736,17,514,392,2
147753,17,517,391,2
147769,17,512,385,2
147786,17,503,386,2
147802,17,520,389,2
147819,17,511,375,2
147836,17,516,384,2
147852,17,524,388,2
147869,17,515,394,2
147886,17,517,405,2
147902,17,520,374,2
147919,17,517,395,2
147935,17,516,406,2
147952,17,523,391,2
147969,17,514,394,2
147985,17,519,389,2
148002,17,518,382,2
148019,17,506,393,2
148035,17,516,394,2
148052,17,524,390,2
148069,17,517,386,2
148085,17,508,383,2
148102,17,515,378,2
148118,17,514,398,2
148135,17,515,392,2
148152,17,517,383,2
148168,17,518,404,2
148185,17,513,406,2
148202,17,518,399,2
148218,17,517,392,2
148235,17,525,388,2
148252,17,524,364,4
148401,150,459,693,3
148418,17,456,391,2
148435,17,458,299,4
148451,17,462,320,4
148468,17,470,357,4
148484,17,468,345,4
148501,17,467,355,4
148518,17,470,368,2
148534,17,452,360,4
148551,17,466,364,4
148568,17,470,368,2
148584,17,463,361,4
148601,17,471,362,4
148618,17,468,358,4
148634,17,469,367,2
148651,17,467,375,2
148667,17,466,364,4
148684,17,468,374,2
148701,17,466,362,4
148717,17,465,371,2
148734,17,467,355,4
148751,17,475,377,2
148767,17,465,359,4
148784,17,481,356,4
148801,17,521,363,4
148817,17,525,346,4
148834,17,532,349,4
148850,17,527,350,4
148867,17,530,367,2
148884,17,527,339,4
148900,17,523,342,4
148917,17,537,335,4
148934,17,528,345,4
148950,17,532,341,4
148967,17,523,337,4
148983,17,527,367,2
149000,17,528,344,4
149017,17,530,350,4
149033,17,521,366,2
149050,17,529,329,4
149067,17,524,371,2
149083,17,527,359,4
149100,17,533,366,2
149117,17,523,350,4
149133,17,525,333,4
149150,17,530,344,4
149166,17,542,332,4
149183,17,552,341,4
149200,17,563,352,4
149216,17,565,363,4
149233,17,565,332,4
149250,17,565,325,4
149266,17,564,327,4
149283,17,570,330,4
149300,17,562,333,4
149316,17,563,322,4
149333,17,554,327,4
149349,17,566,348,4
149366,17,562,323,4
149383,17,568,327,4
149399,17,567,337,4
149416,17,561,327,4
149433,17,567,315,4
149449,17,559,349,4
149466,17,568,340,4
149483,17,565,302,4
149499,17,562,326,4
149516,17,563,350,4
149532,17,572,319,4
149549,17,565,335,4
149566,17,561,340,4
149582,17,564,338,4
149599,17,581,314,4
149616,17,665,351,0
149632,17,682,347,0
149649,17,667,342,0
149666,17,671,363,0
149682,17,671,382,2
149699,17,683,355,0
149715,17,688,365,2
149732,17,680,351,0
149749,17,659,375,2
149765,17,675,378,2
149782,17,680,361,0
149799,17,674,341,0
149815,17,685,350,0
149832,17,675,354,0
149849,17,672,372,2
149865,17,672,357,0
149882,17,700,329,0
149898,17,705,280,0
149915,17,711,284,0
149932,17,700,284,0
149948,17,731,297,0
149965,17,700,270,0
149982,17,729,281,0
149998,17,718,286,0
150015,17,712,268,0
150032,17,717,277,0
150048,17,704,287,0
150065,17,662,310,0
150081,17,587,316,4
150098,17,546,328,4
150115,17,555,312,4
150131,17,552,321,4
150148,17,553,318,4
150165,17,553,319,4
150181,17,551,316,4
150198,17,551,328,4
150214,17,538,323,4
150231,17,556,319,4
150248,17,557,325,4
150264,17,549,322,4
150281,17,557,335,4
150298,17,549,336,4
150314,17,555,315,4
150331,17,555,334,4
150348,17,549,321,4
150364,17,560,334,4
150381,17,553,345,4
150397,17,508,337,4
150414,17,466,331,4
150431,17,483,330,4
150447,17,479,315,4
150464,17,479,323,4
150481,17,483,331,4
150497,17,478,319,4
150514,17,482,344,4
150531,17,485,326,4
150547,17,480,305,4
150564,17,476,335,4
150580,17,487,352,4
150597,17,499,321,4
150614,17,474,346,4
150630,17,483,327,4
150647,17,485,308,4
150664,17,484,334,4
150680,17,486,344,4
150697,17,492,320,4
150714,17,480,333,4
150730,17,492,318,4
150747,17,482,305,4
150763,17,482,328,4
150780,17,494,325,4
150797,17,488,314,4
150813,17,510,322,4
150830,17,563,328,4
150847,17,562,322,4
150863,17,572,290,4
150880,17,573,317,4
150897,17,572,310,4
150913,17,577,297,4
150930,17,570,303,4
150946,17,560,301,4
150963,17,566,309,4
150980,17,564,301,4
150996,17,564,307,4
151013,17,573,298,4
151030,17,582,311,4
151046,17,575,299,4
151063,17,568,293,4
151080,17,570,285,0
151096,17,559,297,4
151113,17,574,297,4
151129,17,574,294,4
151146,17,569,291,4
151163,17,580,310,4
151179,17,577,319,4
151196,17,588,315,4
151213,17,585,315,4
151229,17,586,302,4
151246,17,577,330,4
151263,17,569,344,4
151279,17,574,324,4
151296,17,577,350,4
151312,17,585,320,4
151329,17,586,350,4
151346,17,580,312,4
151362,17,576,334,4
151379,17,581,305,4
151396,17,574,324,4
151412,17,584,308,4
151429,17,578,316,4
151445,17,577,321,4
151462,17,574,319,4
151479,17,576,331,4
151495,17,576,325,4
151512,17,569,336,4
151529,17,569,333,4
151545,17,572,322,4
151562,17,578,331,4
151579,17,570,323,4
151595,17,519,348,4
151612,17,502,373,2
151628,17,511,371,2
151645,17,511,375,2
151662,17,509,380,2
151678,17,507,376,2
151695,17,510,387,2
151712,17,510,368,2
151728,17,520,369,2
151745,17,501,386,2
151762,17,502,380,2
151778,17,504,380,2
151795,17,510,386,2
151811,17,507,371,2
151828,17,501,377,2
151845,17,514,367,2
151861,17,513,376,2
151878,17,510,379,2
151895,17,508,372,2
151911,17,522,368,2
151928,17,511,376,2
151945,17,512,387,2
151961,17,511,341,4
151978,17,489,913,0
152094,116,509,471,3
152111,17,511,654,3
152128,17,504,444,3
152144,17,502,371,2
152161,17,505,397,2
152177,17,505,394,2
152194,17,501,415,2
152211,17,512,431,3
152227,17,514,401,2
152244,17,511,412,2
152261,17,513,409,2
152277,17,506,414,2
152294,17,516,405,2
152311,17,520,430,3
152327,17,512,415,2
152344,17,522,425,3
152360,17,509,435,3
152377,17,515,419,5
152394,17,511,425,3
152410,17,527,412,2
152427,17,520,433,3
152444,17,517,403,2
152460,17,517,417,5
152477,17,514,400,2
152493,17,515,425,3
152510,17,527,414,2
152527,17,517,425,3
152543,17,510,410,2
152560,17,521,410,2
152577,17,509,422,3
152593,17,508,404,2
152610,17,514,407,2
152627,17,510,397,2
152643,17,512,422,3
152660,17,511,405,2
152676,17,513,427,3
152693,17,518,413,2
152710,17,516,401,2
152726,17,518,412,2
152743,17,521,417,5
152760,17,475,388,2
152776,17,442,341,4
152793,17,435,306,4
152810,17,436,316,4
152826,17,446,300,4
152843,17,443,311,4
152859,17,438,320,4
152876,17,439,331,4
152893,17,436,307,4
152909,17,443,309,4
152926,17,431,310,4
152943,17,435,302,4
152959,17,440,311,4
152976,17,436,302,4
152993,17,441,321,4
153009,17,432,311,4
153026,17,452,291,4
153042,17,435,305,4
153059,17,442,305,4
153076,17,435,320,4
153092,17,451,291,4
153109,17,451,319,4
153126,17,448,328,4
153142,17,452,311,4
153159,17,448,294,4
153176,17,463,317,4
153192,17,450,301,4
153209,17,455,315,4
153225,17,449,313,4
153242,17,457,297,4
153259,17,455,313,4
153275,17,458,315,4
153292,17,453,312,4
153309,17,456,315,4
153325,17,461,313,4
153342,17,455,314,4
153359,17,448,299,4
153375,17,445,318,4
153392,17,449,308,4
153408,17,508,349,4
153425,17,622,430,3
153442,17,736,513,3
153458,17,766,540,3
153475,17,762,531,3
153492,17,764,537,3
153508,17,755,561,3
153525,17,759,541,3
153542,17,754,550,3
153558,17,749,552,3
153575,17,744,542,3
153591,17,760,555,3
153608,17,742,536,3
153625,17,752,552,3
153641,17,749,546,3
153658,17,756,539,3
153675,17,762,554,3
153691,17,757,544,3
153708,17,758,556,3
153724,17,749,550,3
153741,17,763,567,3
153758,17,757,544,3
153774,17,734,541,3
153791,17,719,522,3
153808,17,745,531,3
153824,17,727,541,3
153841,17,722,546,3
153858,17,721,537,3
153874,17,690,517,3
153891,17,606,451,3
153907,17,518,375,2
153924,17,440,322,4
153941,17,418,307,4
153957,17,420,335,4
153974,17,418,317,4
153991,17,418,333,4
154007,17,419,319,4
154024,17,419,319,4
154041,17,417,330,4
154057,17,407,327,0
154074,17,417,329,4
154090,17,409,309,0
154107,17,429,323,4
154124,17,398,319,0
154140,17,421,328,4
154157,17,411,304,0
154174,17,417,309,4
154190,17,424,321,4
154207,17,394,317,0
154224,17,416,307,4
154240,17,338,321,0
154257,17,259,325,0
154273,17,237,336,0
154290,17,233,332,0
154307,17,206,323,0
154323,17,235,323,0
154340,17,207,317,0
154357,17,223,327,0
154373,17,206,320,0
154390,17,244,343,0
154407,17,207,319,0
154423,17,207,327,0
154440,17,203,334,0
154456,17,225,319,0
154473,17,188,359,0
154490,17,177,327,0
154506,17,162,368,0
154523,17,170,338,0
154540,17,146,327,0
154556,17,159,333,0
154573,17,160,359,0
154590,17,148,330,0
154606,17,148,336,0
154623,17,176,331,0
154639,17,167,322,0
154656,17,152,335,0
154673,17,169,350,0
154689,17,169,341,0
154706,17,160,340,0
154723,17,180,329,0
154739,17,164,337,0
154756,17,155,346,0
154772,17,166,328,0
154789,17,177,321,0
154806,17,170,338,0
154822,17,146,334,0
154839,17,173,345,0
154856,17,168,320,0
154872,17,173,338,0
154889,17,164,339,0
154906,17,176,342,0
154922,17,165,331,0
154939,17,145,328,0
154955,17,169,323,0
154972,17,144,325,0
154989,17,167,335,0
155005,17,186,344,0
155022,17,167,339,0
155039,17,158,361,0
155055,17,146,456,3
155072,17,137,488,3
155089,17,146,491,3
155105,17,112,504,3
155122,17,146,488,3
155138,17,151,487,3
155155,17,136,488,3
155172,17,148,491,3
155188,17,142,489,3
155205,17,148,495,3
155222,17,112,493,3
155238,17,130,493,3
155255,17,135,489,3
155272,17,141,497,3
155288,17,139,485,3
155305,17,136,491,3
155321,17,230,429,3
155338,17,371,420,3
155355,17,429,362,4
155371,17,435,380,2
155388,17,441,372,2
155405,17,433,364,4
155421,17,438,363,4
155438,17,425,365,2
155455,17,437,359,4
155471,17,454,363,4
155488,17,416,354,4
155504,17,412,380,2
155521,17,447,365,2
155538,17,445,370,2
155554,17,412,358,0
155571,17,432,353,4
155588,17,447,352,4
155604,17,421,373,2
155621,17,416,368,2
155638,17,430,375,2
155654,17,438,364,4
155671,17,430,371,2
155687,17,440,365,2
155704,17,473,389,2
155721,17,512,381,2
155737,17,484,353,4
155754,17,506,372,2
155771,17,505,374,2
155787,17,509,388,2
155804,17,505,380,2
155821,17,483,376,2
155837,17,481,377,2
155854,17,510,372,2
155870,17,495,369,2
155887,17,505,364,4
155904,17,502,354,4
155920,17,516,381,2
155937,17,495,381,2
155954,17,503,373,2
155970,17,498,385,2
155987,17,494,387,2
156003,17,494,430,3
156203,200,472,728,3
156220,17,471,427,3
156236,17,487,346,4
156253,17,483,379,2
156270,17,473,406,2
156286,17,485,386,2
156303,17,498,373,2
156320,17,496,374,2
156336,17,486,366,2
156353,17,494,390,2
156369,17,475,383,2
156386,17,481,393,2
156403,17,485,384,2
156419,17,480,395,2
156436,17,487,386,2
156453,17,483,384,2
156469,17,475,402,2
156486,17,487,372,2
156503,17,478,398,2
156519,17,484,385,2
156536,17,468,377,2
156552,17,482,364,4
156569,17,482,401,2
156586,17,481,395,2
156602,17,470,381,2
156619,17,486,373,2
156636,17,476,376,2
156652,17,480,389,2
156669,17,476,384,2
156686,17,478,374,2
156702,17,480,383,2
156719,17,485,393,2
156735,17,484,370,2
156752,17,477,382,2
156769,17,482,384,2
156785,17,483,391,2
156802,17,489,354,4
156819,17,491,354,4
156835,17,507,351,4
156852,17,506,347,4
156869,17,503,320,4
156885,17,505,337,4
156902,17,496,327,4
156918,17,489,324,4
156935,17,482,353,4
156952,17,497,319,4
156968,17,489,321,4
156985,17,496,329,4
157002,17,488,323,4
157018,17,497,317,4
157035,17,494,342,4
157051,17,493,307,4
157068,17,501,333,4
157085,17,495,350,4
157101,17,495,318,4
157118,17,493,327,4
157135,17,491,339,4
157151,17,497,333,4
157168,17,492,322,4
157185,17,505,327,4
157201,17,499,309,4
157218,17,508,320,4
157234,17,497,300,4
157251,17,497,346,4
157268,17,434,411,2
157284,17,385,483,3
157301,17,403,490,3
157318,17,402,473,3
157334,17,390,511,3
157351,17,384,473,3
157368,17,358,491,3
157384,17,370,472,3
157401,17,374,479,3
157417,17,405,514,3
157434,17,382,497,3
157451,17,392,488,3
157467,17,399,486,3
157484,17,395,482,3
157501,17,379,479,3
157517,17,379,477,3
157534,17,386,462,3
157551,17,381,486,3
157567,17,361,443,3
157584,17,375,481,3
157600,17,365,464,3
157617,17,391,492,3
157634,17,438,453,3
157650,17,492,376,2
157667,17,509,363,4
157684,17,504,365,2
157700,17,504,356,4
157717,17,509,336,4
157734,17,516,337,4
157750,17,498,362,4
157767,17,511,359,4
157783,17,499,357,4
157800,17,500,350,4
157817,17,499,334,4
157833,17,509,354,4
157850,17,493,351,4
157867,17,509,359,4
157883,17,494,345,4
157900,17,502,345,4
157917,17,498,374,2
157933,17,505,366,2
157950,17,497,359,4
157966,17,507,353,4
157983,17,499,335,4
158000,17,506,347,4
158016,17,504,356,4
158033,17,506,340,4
158050,17,511,338,4
158066,17,501,340,4
158083,17,502,341,4
158100,17,501,389,2
158116,17,504,365,2
158133,17,514,349,4
158149,17,511,364,4
158166,17,498,343,4
158183,17,506,345,4
158199,17,495,334,4
158216,17,506,345,4
158233,17,504,340,4
158249,17,491,356,4
158266,17,494,350,4
158282,17,499,344,4
158299,17,483,358,4
158316,17,501,349,4
158332,17,493,361,4
158349,17,505,347,4
158366,17,505,378,2
158382,17,501,356,4
158399,17,498,359,4
158416,17,501,341,4
158432,17,502,347,4
158449,17,496,346,4
158465,17,497,341,4
158482,17,501,332,4
158499,17,489,366,2
158515,17,454,233,1
158532,17,485,222,1
158549,17,489,229,1
158565,17,483,214,1
158582,17,497,176,1
158599,17,491,203,1
158615,17,482,206,1
158632,17,477,214,1
158648,17,489,198,1
158665,17,484,215,1
158682,17,486,207,1
158698,17,458,205,1
158715,17,389,198,1
158732,17,377,196,1
158748,17,377,217,1
158765,17,370,177,1
158782,17,361,220,1
158798,17,383,182,1
158815,17,382,208,1
158831,17,361,204,1
158848,17,363,193,1
158865,17,372,201,1
158881,17,375,194,1
158898,17,376,191,1
158915,17,368,149,1
158931,17,365,210,1
158948,17,380,197,1
158965,17,369,189,1
158981,17,368,193,1
158998,17,381,222,1
159014,17,374,193,1
159031,17,372,219,1
159048,17,370,196,1
159064,17,366,208,1
159081,17,395,200,1
159098,17,411,189,1
159114,17,402,180,1
159131,17,415,190,1
159148,17,411,213,1
159164,17,400,182,1
159181,17,399,198,1
159197,17,419,185,1
159214,17,403,182,1
159231,17,408,189,1
159247,17,405,195,1
159264,17,408,207,1
159281,17,399,167,1
159297,17,420,178,1
159314,17,414,162,1
159330,17,453,172,1
159347,17,453,172,1
159364,17,453,190,1
159380,17,448,177,1
159397,17,448,197,1
159414,17,467,191,1
159430,17,454,167,1
159447,17,458,196,1
159464,17,454,186,1
159480,17,455,175,1
159497,17,457,208,1
159513,17,440,193,1
159530,17,437,181,1
159547,17,441,179,1
159563,17,445,186,1
159580,17,446,190,1
159597,17,459,182,1
159613,17,444,177,1
159630,17,459,172,1
159647,17,460,198,1
159663,17,442,179,1
159680,17,478,261,0
159696,17,518,348,4
159713,17,513,350,4
159730,17,528,368,2
159746,17,513,352,4
159763,17,513,367,2
159780,17,513,356,4
159796,17,497,349,4
159813,17,524,376,2
159830,17,517,354,4
159846,17,504,368,2
159863,17,502,374,2
159879,17,513,389,2
159896,17,505,361,4
159913,17,514,425,3
160062,150,469,781,0
160079,17,471,477,3
160096,17,474,360,4
160112,17,482,315,4
160129,17,480,355,4
160146,17,486,367,2
160162,17,484,381,2
160179,17,488,383,2
160196,17,475,379,2
160212,17,482,377,2
160229,17,485,380,2
160245,17,490,360,4
160262,17,474,378,2
160279,17,486,375,2
160295,17,480,357,4
160312,17,477,372,2
160329,17,479,375,2
160345,17,479,366,2
160362,17,486,351,4
160379,17,484,379,2
160395,17,469,372,2
160412,17,485,373,2
160428,17,472,394,2
160445,17,482,360,4
160462,17,492,363,4
160478,17,487,377,2
160495,17,486,363,4
160512,17,476,384,2
160528,17,480,366,2
160545,17,478,361,4
160561,17,476,329,4
160578,17,474,376,2
160595,17,486,377,2
160611,17,482,348,4
160628,17,477,371,2
160645,17,485,348,4
160661,17,476,358,4
160678,17,485,357,4
160695,17,431,321,4
160711,17,416,301,4
160728,17,410,269,0
160744,17,438,287,0
160761,17,404,289,0
160778,17,423,279,0
160794,17,420,270,0
160811,17,406,284,0
160828,17,417,265,0
160844,17,406,282,0
160861,17,424,271,0
160878,17,418,299,4
160894,17,418,296,4
160911,17,408,279,0
160927,17,409,296,0
160944,17,412,283,0
160961,17,411,274,0
160977,17,418,270,0
160994,17,422,261,0
161011,17,418,298,4
161027,17,406,276,0
161044,17,469,294,4
161061,17,469,333,4
161077,17,468,329,4
161094,17,461,329,4
161110,17,460,334,4
161127,17,459,344,4
161144,17,456,317,4
161160,17,467,326,4
161177,17,460,332,4
161194,17,463,331,4
161210,17,463,314,4
161227,17,465,323,4
161244,17,462,340,4
161260,17,370,294,0
161277,17,287,262,0
161293,17,245,228,0
161310,17,259,224,0
161327,17,256,241,0
161343,17,258,248,0
161360,17,256,253,0
161377,17,237,252,0
161393,17,242,264,0
161410,17,236,230,0
161427,17,253,247,0
161443,17,253,241,0
161460,17,236,275,0
161476,17,262,259,0
161493,17,269,243,0
161510,17,260,249,0
161526,17,270,246,0
161543,17,267,253,0
161560,17,238,263,0
161576,17,258,260,0
161593,17,236,297,0
161610,17,254,266,0
161626,17,318,297,0
161643,17,442,349,4
161659,17,479,362,4
161676,17,478,351,4
161693,17,480,360,4
161709,17,491,374,2
161726,17,497,365,2
161743,17,480,375,2
161759,17,481,351,4
161776,17,477,373,2
161792,17,480,384,2
161809,17,480,361,4
161826,17,490,363,4
161842,17,485,379,2
161859,17,482,346,4
161876,17,486,360,4
161892,17,477,362,4
161909,17,482,361,4
161926,17,491,353,4
161942,17,485,368,2
161959,17,467,375,2
161975,17,475,356,4
161992,17,390,333,0
162009,17,323,292,0
162025,17,284,231,0
162042,17,313,241,0
162059,17,309,252,0
162075,17,313,225,0
162092,17,312,238,0
162109,17,322,262,0
162125,17,292,231,0
162142,17,295,261,0
162158,17,315,227,1
162175,17,294,246,0
162192,17,319,242,1
162208,17,319,239,1
162225,17,311,275,0
162242,17,315,251,1
162258,17,309,225,0
162275,17,316,247,1
162292,17,311,209,0
162308,17,315,248,1
162325,17,320,224,1
162341,17,302,234,0
162358,17,311,232,0
162375,17,345,230,1
162391,17,455,266,0
162408,17,509,274,0
162425,17,506,275,0
162441,17,516,286,0
162458,17,509,294,4
162475,17,519,264,0
162491,17,518,305,4
162508,17,514,279,0
162524,17,535,288,4
162541,17,516,282,0
162558,17,523,286,0
162574,17,515,288,4
162591,17,515,271,0
162608,17,513,298,4
162624,17,514,290,4
162641,17,512,298,4
162658,17,513,271,0
162674,17,522,291,4
162691,17,517,287,0
162707,17,428,258,1
162724,17,386,172,1
162741,17,382,167,1
162757,17,389,165,1
162774,17,368,162,1
162791,17,384,189,1
162807,17,384,165,1
162824,17,386,174,1
162840,17,385,173,1
162857,17,383,204,1
162874,17,384,182,1
162890,17,383,168,1
162907,17,379,162,1
162924,17,390,177,1
162940,17,388,169,1
162957,17,384,179,1
162974,17,387,164,1
162990,17,393,172,1
163007,17,384,175,1
163023,17,391,176,1
163040,17,392,209,1
163057,17,410,199,1
163073,17,463,347,4
163090,17,504,396,2
163107,17,522,384,2
163123,17,511,383,2
163140,17,506,393,2
163157,17,523,392,2
163173,17,522,383,2
163190,17,489,392,2
163206,17,494,396,2
163223,17,505,367,2
163240,17,511,383,2
163256,17,494,366,2
163273,17,509,385,2
163306,33,539,378,2
163306,0,539,378,2
163323,17,522,385,2
163340,17,495,409,2
163356,17,530,387,2
163373,17,505,388,2
163389,17,501,391,2
163406,17,463,366,2
163423,17,452,361,4
163439,17,478,374,2
163456,17,477,373,2
163473,17,461,357,4
163489,17,462,342,4
163506,17,473,368,2
163523,17,454,367,2
163539,17,458,353,4
163556,17,463,366,2
163572,17,474,361,4
163589,17,473,359,4
163606,17,471,330,4
163622,17,476,327,4
163639,17,472,353,4
163656,17,462,363,4
163672,17,452,357,4
163689,17,467,345,4
163706,17,470,365,2
163722,17,472,351,4
163739,17,480,358,4
163755,17,523,398,2
163772,17,499,365,2
163789,17,519,380,2
163805,17,520,382,2
163822,17,511,379,2
163839,17,506,377,2
163855,17,499,391,2
163872,17,524,378,2
163889,17,519,385,2
163905,17,511,394,2
163922,17,496,370,2
163938,17,504,370,2
163955,17,525,388,2
163972,17,514,389,2
163988,17,507,838,0
164121,133,546,535,3
164138,17,479,753,3
164155,17,489,514,3
164171,17,489,324,4
164188,17,511,277,0
164205,17,501,370,2
164221,17,503,349,4
164238,17,498,361,4
164254,17,491,370,2
164271,17,503,374,2
164288,17,501,350,4
164304,17,501,352,4
164321,17,508,346,4
164338,17,514,375,2
164354,17,506,371,2
164371,17,499,373,2
164388,17,501,354,4
164404,17,504,368,2
164421,17,497,352,4
164437,17,501,354,4
164454,17,499,361,4
164471,17,504,364,4
164487,17,504,362,4
164504,17,506,368,2
164521,17,506,355,4
164537,17,506,346,4
164554,17,502,346,4
164571,17,500,357,4
164587,17,496,337,4
164604,17,496,356,4
164620,17,493,351,4
164637,17,503,351,4
164654,17,507,355,4
164670,17,496,365,2
164687,17,494,363,4
164704,17,501,350,4
164720,17,498,351,4
164737,17,490,345,4
164754,17,485,343,4
164770,17,502,376,2
164787,17,493,358,4
164803,17,502,356,4
164820,17,487,342,4
164837,17,497,349,4
164853,17,492,361,4
164870,17,486,357,4
164887,17,482,355,4
164903,17,493,372,2
164920,17,492,368,2
164937,17,477,348,4
164953,17,490,347,4
164970,17,525,352,4
164986,17,548,387,2
165003,17,531,382,2
165020,17,547,370,2
165036,17,555,384,2
165053,17,544,380,2
165070,17,542,383,2
165086,17,540,372,2
165103,17,541,376,2
165119,17,541,355,4
165136,17,543,383,2
165153,17,544,378,2
165169,17,540,372,2
165186,17,532,373,2
165203,17,541,355,4
165219,17,540,366,2
165236,17,537,374,2
165253,17,542,371,2
165269,17,538,385,2
165286,17,549,388,2
165302,17,540,395,2
165319,17,533,385,2
165336,17,534,380,2
165352,17,540,377,2
165369,17,559,373,2
165386,17,552,363,4
165402,17,524,369,2
165419,17,428,356,4
165436,17,373,311,0
165452,17,380,344,0
165469,17,380,341,0
165485,17,375,311,0
165502,17,386,329,0
165519,17,364,321,0
165535,17,366,304,0
165552,17,382,311,0
165569,17,376,356,0
165585,17,357,306,0
165602,17,370,321,0
165619,17,375,328,0
165635,17,386,318,0
165652,17,374,299,0
165668,17,374,351,0
165685,17,368,345,0
165702,17,381,327,0
165718,17,389,339,0
165735,17,373,328,0
165752,17,354,340,0
165768,17,299,318,0
165785,17,246,284,0
165802,17,242,283,0
165818,17,249,276,0
165835,17,216,268,0
165851,17,233,293,0
165868,17,235,287,0
165885,17,238,299,0
165901,17,232,280,0
165918,17,244,298,0
165935,17,232,279,0
165951,17,233,294,0
165968,17,231,285,0
165985,17,243,284,0
166001,17,233,285,0
166018,17,235,276,0
166034,17,231,288,0
166051,17,239,299,0
166068,17,239,308,0
166084,17,213,275,0
166101,17,233,287,0
166118,17,241,299,0
166134,17,213,275,0
166151,17,226,261,0
166168,17,314,317,0
166184,17,443,342,4
166201,17,505,368,2
166217,17,514,368,2
166234,17,505,368,2
166251,17,523,353,4
166267,17,524,374,2
166284,17,515,361,4
166301,17,498,391,2
166317,17,494,364,4
166334,17,504,353,4
166350,17,516,353,4
166367,17,500,360,4
166384,17,517,333,4
166400,17,496,360,4
166417,17,504,363,4
166434,17,504,364,4
166450,17,516,370,2
166467,17,501,370,2
166484,17,505,352,4
166500,17,516,356,4
166517,17,517,367,2
166533,17,507,368,2
166550,17,498,358,4
166567,17,514,357,4
166583,17,508,347,4
166600,17,518,377,2
166617,17,517,362,4
166633,17,532,358,4
166650,17,527,365,2
166667,17,515,356,4
166683,17,510,369,2
166700,17,522,364,4
166716,17,514,354,4
166733,17,513,344,4
166750,17,567,375,2
166766,17,667,413,2
166783,17,727,429,3
166800,17,711,421,3
166816,17,711,434,3
166833,17,713,423,3
166850,17,722,424,3
166866,17,723,422,3
166883,17,708,434,3
166899,17,713,445,3
166916,17,720,433,3
166933,17,708,423,3
166949,17,709,417,2
166966,17,684,406,2
166983,17,603,390,2
166999,17,509,371,2
167016,17,513,356,4
167033,17,494,391,2
167049,17,493,375,2
167066,17,514,384,2
167082,17,533,352,4
167099,17,510,343,4
167116,17,509,360,4
167132,17,506,357,4
167149,17,512,373,2
167166,17,506,377,2
167182,17,518,368,2
167199,17,506,368,2
167216,17,514,369,2
167232,17,498,365,2
167249,17,504,371,2
167265,17,491,350,4
167282,17,501,331,4
167299,17,509,367,2
167315,17,501,381,2
167332,17,613,385,2
167349,17,719,394,2
167365,17,742,414,2
167382,17,769,415,2
167398,17,770,406,2
167415,17,761,417,2
167432,17,763,420,3
167448,17,766,412,2
167465,17,747,394,2
167482,17,765,413,2
167498,17,763,398,2
167515,17,746,407,2
167532,17,770,405,2
167548,17,774,413,2
167565,17,769,391,2
167581,17,765,392,2
167598,17,697,411,2
167615,17,581,357,4
167631,17,563,334,4
167648,17,563,370,2
167665,17,559,345,4
167681,17,557,360,4
167698,17,567,352,4
167715,17,566,354,4
167731,17,541,358,4
167748,17,537,348,4
167764,17,551,349,4
167781,17,556,339,4
167798,17,558,333,4
167814,17,556,354,4
167831,17,550,336,4
167848,17,561,346,4
167864,17,526,376,2
167881,17,504,365,2
167898,17,518,377,2
167914,17,515,380,2
167931,17,504,355,4
167947,17,506,385,2
167964,17,520,371,2
167981,17,510,370,2
167997,17,523,378,2
168014,17,509,382,2
168031,17,518,370,2
168047,17,514,373,2
168064,17,515,361,4
168081,17,514,371,2
168097,17,530,368,2
168114,17,504,571,3
168264,150,534,671,3
168280,17,457,576,3
168297,17,460,331,4
168313,17,478,205,1
168330,17,493,335,4
168347,17,474,342,4
168363,17,482,323,4
168380,17,482,324,4
168397,17,492,317,4
168413,17,487,338,4
168430,17,493,330,4
168447,17,476,343,4
168463,17,495,321,4
168480,17,479,350,4
168496,17,487,325,4
168513,17,495,341,4
168530,17,474,298,4
168546,17,481,337,4
168563,17,493,332,4
168580,17,486,345,4
168596,17,485,353,4
168613,17,476,336,4
168629,17,483,323,4
168646,17,485,329,4
168663,17,488,343,4
168679,17,474,329,4
168696,17,481,339,4
168713,17,480,343,4
168729,17,467,325,4
168746,17,474,349,4
168763,17,482,350,4
168779,17,485,368,2
168796,17,489,368,2
168812,17,476,345,4
168829,17,489,339,4
168846,17,479,350,4
168862,17,484,357,4
168879,17,508,400,2
168896,17,511,392,2
168912,17,509,386,2
168929,17,507,388,2
168946,17,506,389,2
168962,17,510,408,2
168979,17,504,400,2
168995,17,507,382,2
169012,17,504,402,2
169029,17,497,392,2
169045,17,504,395,2
169062,17,503,385,2
169079,17,501,405,2
169095,17,503,376,2
169112,17,509,388,2
169129,17,504,389,2
169145,17,509,385,2
169162,17,503,379,2
169178,17,503,388,2
169195,17,496,390,2
169212,17,500,395,2
169228,17,506,380,2
169245,17,506,387,2
169262,17,505,395,2
169278,17,514,396,2
169295,17,507,387,2
169312,17,510,399,2
169328,17,499,372,2
169345,17,486,391,2
169361,17,520,405,2
169378,17,515,406,2
169395,17,513,373,2
169411,17,506,403,2
169428,17,509,378,2
169445,17,520,407,2
169461,17,525,385,2
169478,17,517,394,2
169495,17,504,408,2
169511,17,522,400,2
169528,17,516,411,2
169544,17,506,414,2
169561,17,515,403,2
169578,17,510,406,2
169594,17,494,398,2
169611,17,515,395,2
169628,17,515,385,2
169644,17,511,422,3
169661,17,506,397,2
169678,17,504,399,2
169694,17,507,403,2
169711,17,499,401,2
169727,17,514,415,2
169744,17,506,404,2
169761,17,505,406,2
169777,17,511,409,2
169794,17,508,410,2
169811,17,518,413,2
169827,17,512,427,3
169844,17,513,414,2
169860,17,507,404,2
169877,17,519,388,2
169894,17,514,408,2
169910,17,513,407,2
169927,17,518,424,3
169944,17,496,389,2
169960,17,518,409,2
169977,17,510,425,3
169994,17,508,400,2
170010,17,514,436,3
170027,17,512,386,2
170043,17,517,402,2
170060,17,511,413,2
170077,17,526,398,2
170093,17,513,409,2
170110,17,508,408,2
170127,17,515,405,2
170143,17,518,388,2
170160,17,504,413,2
170177,17,484,372,2
170193,17,448,353,4
170210,17,456,353,4
170226,17,465,382,2
170243,17,458,367,2
170260,17,453,364,4
170276,17,458,378,2
170293,17,457,372,2
170310,17,455,358,4
170326,17,451,357,4
170343,17,454,367,2
170360,17,431,354,4
170376,17,461,373,2
170393,17,434,354,4
170409,17,428,369,2
170426,17,367,369,2
170443,17,394,360,0
170459,17,393,371,2
170476,17,378,375,2
170493,17,388,372,2
170509,17,391,367,2
170526,17,372,364,0
170543,17,388,369,2
170559,17,366,341,0
170576,17,368,345,0
170592,17,373,360,0
170609,17,372,349,0
170626,17,369,353,0
170642,17,440,362,4
170659,17,481,374,2
170676,17,475,349,4
170692,17,486,349,4
170709,17,489,371,2
170726,17,493,362,4
170742,17,489,364,4
170759,17,476,364,4
170775,17,484,365,2
170792,17,487,340,4
170809,17,487,369,2
170825,17,495,376,2
170842,17,490,370,2
170859,17,477,368,2
170875,17,483,366,2
170892,17,484,371,2
170908,17,491,382,2
170925,17,495,366,2
170942,17,491,373,2
170958,17,491,370,2
170975,17,491,350,4
170992,17,484,369,2
171008,17,483,358,4
171025,17,495,377,2
171042,17,507,359,4
171058,17,542,350,4
171075,17,536,361,4
171091,17,548,348,4
171108,17,543,333,4
171125,17,556,336,4
171141,17,559,348,4
171158,17,550,343,4
171175,17,555,338,4
171191,17,561,344,4
171208,17,569,355,4
171225,17,559,329,4
171241,17,552,355,4
171258,17,550,335,4
171274,17,527,375,2
171291,17,525,417,5
171308,17,524,423,3
171324,17,523,445,3
171341,17,516,430,3
171358,17,522,427,3
171374,17,519,452,3
171391,17,517,413,2
171408,17,528,431,3
171424,17,519,432,3
171441,17,518,415,2
171457,17,514,420,5
171474,17,513,437,3
171491,17,530,414,2
171507,17,518,432,3
171524,17,513,417,5
171541,17,520,435,3
171557,17,524,423,3
171574,17,517,422,3
171591,17,514,414,2
171607,17,511,419,5
171624,17,511,426,3
171640,17,514,417,5
171657,17,509,436,3
171674,17,516,438,3
171690,17,518,421,5
171707,17,515,433,3
171724,17,520,425,3
171740,17,520,431,3
171757,17,519,459,3
171774,17,521,431,3
171790,17,506,425,3
171807,17,516,439,3
171823,17,520,398,2
171840,17,517,373,2
171857,17,521,370,2
171873,17,520,361,4
171890,17,525,374,2
171907,17,511,366,2
171923,17,526,384,2
171940,17,521,352,4
171957,17,525,380,2
171973,17,528,378,2
171990,17,511,398,2
172006,17,520,398,2
172023,17,524,387,2
172040,17,526,372,2
172056,17,516,384,2
172073,17,528,402,2
172090,17,510,401,2
172106,17,518,389,2
172123,17,518,395,2
172139,17,515,407,2
172156,17,520,403,2
172173,17,520,415,2
172189,17,522,407,2
172206,17,510,417,5
172223,17,497,395,2
172239,17,514,408,2
172256,17,520,424,3
172273,17,514,399,2
172289,17,514,426,3
172306,17,514,398,2
172322,17,536,428,3
172339,17,518,421,5
172356,17,518,437,3
172372,17,509,404,2
172389,17,534,410,2
172406,17,533,407,2
172422,17,526,411,2
172439,17,516,413,2
172456,17,520,407,2
172472,17,523,413,2
172489,17,524,404,2
172505,17,518,424,3
172522,17,532,410,2
172539,17,526,408,2
172555,17,519,409,2
172572,17,508,425,3
172589,17,510,415,2
172605,17,517,420,5
172622,17,522,410,2
172639,17,527,414,2
172655,17,511,343,4
172738,83,489,639,3
172755,17,502,307,4
172772,17,513,299,4
172788,17,513,380,2
172805,17,513,396,2
172822,17,514,374,2
172838,17,505,372,2
172855,17,499,373,2
172871,17,515,365,2
172888,17,497,385,2
172905,17,510,380,2
172921,17,518,379,2
172938,17,518,386,2
172955,17,511,390,2
172971,17,506,369,2
172988,17,509,373,2
173005,17,498,362,4
173021,17,517,377,2
173038,17,498,378,2
173054,17,519,368,2
173071,17,513,365,2
173088,17,508,375,2
173104,17,511,372,2
173121,17,501,385,2
173138,17,507,382,2
173154,17,503,385,2
173171,17,495,374,2
173187,17,514,390,2
173204,17,510,354,4
173221,17,506,388,2
173237,17,516,374,2
173254,17,507,374,2
173271,17,507,378,2
173287,17,504,354,4
173304,17,505,376,2
173321,17,512,369,2
173337,17,555,350,4
173354,17,573,328,4
173370,17,576,319,4
173387,17,589,329,4
173404,17,582,339,4
173420,17,584,340,4
173437,17,575,321,4
173454,17,578,331,4
173470,17,573,329,4
173487,17,575,336,4
173504,17,573,346,4
173520,17,571,337,4
173537,17,572,330,4
173553,17,577,325,4
173570,17,624,356,0
173587,17,711,395,2
173603,17,706,394,2
173620,17,722,411,2
173637,17,723,410,2
173653,17,722,400,2
173670,17,728,414,2
173687,17,722,398,2
173703,17,719,410,2
173720,17,736,417,2
173736,17,755,396,2
173753,17,727,390,2
173770,17,726,406,2
173786,17,706,398,2
173803,17,748,391,2
173820,17,713,392,2
173836,17,728,427,3
173853,17,716,423,3
173870,17,722,409,2
173886,17,720,409,2
173903,17,730,402,2
173919,17,731,417,2
173936,17,747,409,2
173953,17,725,403,2
173969,17,725,402,2
173986,17,729,404,2
174003,17,642,386,2
174019,17,564,370,2
174036,17,527,357,4
174053,17,519,354,4
174069,17,512,323,4
174086,17,519,355,4
174102,17,527,346,4
174119,17,519,347,4
174136,17,516,345,4
174152,17,511,356,4
174169,17,513,346,4
174186,17,519,347,4
174202,17,514,338,4
174219,17,515,335,4
174236,17,522,342,4
174252,17,522,366,2
174269,17,515,354,4
174285,17,519,361,4
174302,17,514,357,4
174319,17,524,342,4
174335,17,524,329,4
174352,17,516,338,4
174369,17,520,360,4
174385,17,513,360,4
174402,17,515,335,4
174418,17,545,348,4
174435,17,561,347,4
174452,17,559,340,4
174468,17,558,335,4
174485,17,553,333,4
174502,17,554,348,4
174518,17,561,350,4
174535,17,554,324,4
174552,17,546,326,4
174568,17,556,332,4
174585,17,556,344,4
174601,17,549,331,4
174618,17,550,344,4
174635,17,560,344,4
174651,17,555,357,4
174668,17,548,351,4
174685,17,560,360,4
174701,17,559,366,2
174718,17,555,334,4
174735,17,556,339,4
174751,17,557,363,4
174768,17,548,351,4
174784,17,540,344,4
174801,17,553,343,4
174818,17,557,348,4
174834,17,562,358,4
174851,17,555,332,4
174868,17,556,346,4
174884,17,550,350,4
174901,17,551,330,4
174918,17,557,342,4
174934,17,519,345,4
174951,17,495,333,4
174967,17,510,346,4
174984,17,520,350,4
175001,17,500,352,4
175017,17,511,352,4
175034,17,518,334,4
175051,17,505,343,4
175067,17,506,343,4
175084,17,502,346,4
175101,17,506,352,4
175117,17,509,343,4
175134,17,498,352,4
175150,17,506,340,4
175167,17,507,346,4
175184,17,497,331,4
175200,17,501,351,4
175217,17,509,339,4
175234,17,497,353,4
175250,17,498,329,4
175267,17,500,327,4
175284,17,504,330,4
175300,17,513,336,4
175317,17,501,331,4
175333,17,524,331,4
175516,183,552,744,3
175533,17,486,718,3
175550,17,426,558,3
175566,17,491,345,4
175583,17,503,245,1
175600,17,503,329,4
175616,17,493,355,4
175633,17,514,329,4
175649,17,494,340,4
175666,17,504,330,4
175683,17,511,329,4
175699,17,504,337,4
175716,17,493,331,4
175733,17,509,300,4
175749,17,509,357,4
175766,17,497,338,4
175783,17,497,337,4
175799,17,494,320,4
175816,17,492,316,4
175832,17,504,340,4
175849,17,497,322,4
175866,17,506,336,4
175882,17,500,335,4
175899,17,524,339,4
175916,17,513,346,4
175932,17,516,348,4
175949,17,503,360,4
175966,17,506,349,4
175982,17,495,354,4
175999,17,517,344,4
176015,17,499,343,4
176032,17,513,341,4
176049,17,522,349,4
176065,17,504,329,4
176082,17,506,331,4
176099,17,489,316,4
176115,17,502,352,4
176132,17,502,336,4
176149,17,491,328,4
176165,17,488,341,4
176182,17,505,339,4
176198,17,503,332,4
176215,17,513,355,4
176232,17,500,339,4
176248,17,503,320,4
176265,17,505,344,4
176282,17,505,331,4
176298,17,505,332,4
176315,17,493,320,4
176332,17,509,340,4
176348,17,495,326,4
176365,17,501,334,4
176381,17,509,353,4
176398,17,502,324,4
176415,17,491,345,4
176431,17,501,328,4
176448,17,501,333,4
176465,17,514,324,4
176481,17,498,330,4
176498,17,516,339,4
176515,17,502,338,4
176531,17,508,343,4
176548,17,508,338,4
176564,17,503,323,4
176581,17,507,328,4
176598,17,502,339,4
176614,17,510,350,4
176631,17,512,349,4
176648,17,509,336,4
176664,17,493,348,4
176681,17,507,305,4
176697,17,490,342,4
176714,17,513,327,4
176731,17,500,330,4
176747,17,500,332,4
176764,17,509,323,4
176781,17,504,325,4
176797,17,503,345,4
176814,17,506,316,4
176831,17,514,334,4
176847,17,499,330,4
176864,17,498,328,4
176880,17,509,322,4
176897,17,511,318,4
176914,17,513,338,4
176930,17,506,344,4
176947,17,508,342,4
176964,17,490,337,4
176980,17,498,355,4
176997,17,504,381,2
177014,17,495,362,4
177030,17,488,388,2
177047,17,502,383,2
177063,17,488,369,2
177080,17,507,362,4
177097,17,494,357,4
177113,17,508,379,2
177130,17,499,360,4
177147,17,508,367,2
177163,17,497,364,4
177180,17,490,366,2
177197,17,498,378,2
177213,17,504,369,2
177230,17,490,371,2
177246,17,499,371,2
177263,17,498,384,2
177280,17,504,368,2
177296,17,487,361,4
177313,17,491,364,4
177330,17,505,360,4
177346,17,494,370,2
177363,17,492,375,2
177380,17,513,368,2
177396,17,604,329,4
177413,17,710,247,1
177429,17,759,182,0
177446,17,777,161,0
177463,17,784,173,0
177479,17,762,170,0
177496,17,789,187,0
177513,17,776,191,0
177529,17,772,187,0
177546,17,764,183,0
177563,17,762,179,0
177579,17,755,183,0
177596,17,777,194,0
177612,17,756,188,0
177629,17,759,193,0
177646,17,759,205,0
177662,17,751,198,0
177679,17,758,192,0
177696,17,765,196,0
177712,17,751,210,0
177729,17,753,195,0
177745,17,743,199,0
177762,17,744,209,0
177779,17,760,218,0
177795,17,750,222,0
177812,17,768,197,0
177829,17,759,192,0
177845,17,762,200,0
177862,17,766,185,0
177879,17,753,211,0
177895,17,762,189,0
177912,17,768,180,0
177928,17,784,192,0
177945,17,784,197,0
177962,17,785,183,0
177978,17,811,178,0
177995,17,809,194,0
178012,17,805,193,0
178028,17,785,207,0
178045,17,779,198,0
178062,17,805,175,0
178078,17,803,185,0
178095,17,797,183,0
178111,17,805,184,0
178128,17,774,192,0
178145,17,789,185,0
178161,17,733,186,0
178178,17,636,188,1
178195,17,582,198,1
178211,17,601,163,1
178228,17,599,209,1
178245,17,589,176,1
178261,17,604,198,1
178278,17,599,192,1
178294,17,601,169,1
178311,17,598,179,1
178328,17,592,197,1
178344,17,596,175,1
178361,17,592,167,1
178378,17,591,187,1
178394,17,580,184,1
178411,17,594,190,1
178428,17,602,177,1
178444,17,601,159,1
178461,17,586,153,1
178477,17,555,162,1
178494,17,560,181,1
178511,17,555,154,1
178527,17,552,171,1
178544,17,550,188,1
178561,17,550,160,1
178577,17,545,139,1
178594,17,549,172,1
178611,17,555,147,1
178627,17,554,166,1
178644,17,554,150,1
178660,17,555,151,1
178677,17,553,163,1
178694,17,527,206,1
178710,17,511,264,0
178727,17,497,266,0
178744,17,478,271,0
178760,17,500,280,0
178777,17,493,260,0
178794,17,494,279,0
178810,17,493,261,0
178827,17,495,270,0
178843,17,492,285,0
178860,17,492,281,0
178877,17,505,277,0
178893,17,502,271,0
178910,17,500,271,0
178927,17,497,282,0
178943,17,501,259,1
178960,17,498,272,0
178976,17,499,277,0
178993,17,498,279,0
179010,17,484,276,0
179026,17,502,258,1
179043,17,496,260,0
179060,17,486,252,1
179076,17,499,255,1
179093,17,497,265,0
179110,17,509,247,1
179126,17,504,257,1
179143,17,505,250,1
179159,17,500,256,1
179176,17,496,250,1
179193,17,479,263,0
179209,17,491,278,0
179226,17,500,255,1
179243,17,494,269,0
179259,17,503,256,1
179276,17,503,258,1
179293,17,497,261,0
179309,17,499,281,0
179326,17,491,253,1
179342,17,481,253,1
179359,17,487,315,4
179376,17,473,385,2
179392,17,473,408,2
179409,17,490,427,3
179426,17,480,438,3
179442,17,502,440,3
179459,17,472,419,3
179476,17,463,419,3
179492,17,476,414,2
179509,17,486,443,3
179525,17,482,429,3
179542,17,481,420,3
179559,17,475,436,3
179575,17,474,408,2
179592,17,471,416,2
179609,17,479,415,2
179625,17,462,449,3
179642,17,480,452,3
179659,17,482,441,3
179675,17,477,411,2
179692,17,479,454,3
179708,17,474,424,3
179725,17,481,420,3
179742,17,492,442,3
179758,17,492,422,3
179775,17,463,418,3
179792,17,482,429,3
179808,17,484,429,3
179825,17,496,463,3
179842,17,483,448,3
179858,17,495,382,2
179875,17,520,380,2
179891,17,524,392,2
179908,17,504,378,2
179925,17,519,396,2
179941,17,537,358,4
179958,17,526,384,2
179975,17,500,390,2
179991,17,519,419,5
180008,17,528,369,2
180024,17,516,387,2
180041,17,528,377,2
180058,17,529,365,2
180074,17,510,381,2
180091,17,517,378,2
180108,17,533,378,2
180124,17,516,365,2
180141,17,512,372,2
180158,17,527,361,4
180174,17,524,379,2
180191,17,517,387,2
180207,17,520,390,2
180224,17,527,372,2
180241,17,520,377,2
180257,17,516,373,2
180274,17,514,365,2
180291,17,526,371,2
180307,17,522,364,4
180324,17,514,366,2
180341,17,517,369,2
180357,17,518,370,2
180374,17,521,366,2
180390,17,515,380,2
180407,17,510,366,2
180424,17,527,377,2
180440,17,521,344,4
180457,17,512,391,2
180474,17,520,370,2
180490,17,524,385,2
180507,17,527,365,2
180524,17,521,376,2
180540,17,501,536,3
180557,17,454,853,0
180673,116,651,569,3
180690,17,567,730,3
180707,17,466,761,3
180723,17,468,391,2
180740,17,490,268,0
180756,17,497,283,0
180773,17,502,362,4
180790,17,495,363,4
180806,17,494,341,4
180823,17,501,331,4
180840,17,495,340,4
180856,17,488,375,2
180873,17,495,348,4
180890,17,495,357,4
180906,17,500,371,2
180923,17,488,349,4
180939,17,511,359,4
180956,17,502,357,4
180973,17,494,368,2
180989,17,486,369,2
181006,17,488,352,4
181023,17,496,358,4
181039,17,494,370,2
181056,17,503,346,4
181073,17,492,349,4
181089,17,497,361,4
181106,17,503,358,4
181122,17,489,353,4
181139,17,499,345,4
181156,17,501,350,4
181172,17,487,355,4
181189,17,493,365,2
181206,17,482,360,4
181222,17,501,376,2
181239,17,497,343,4
181255,17,492,348,4
181272,17,504,372,2
181289,17,491,355,4
181305,17,495,358,4
181322,17,492,364,4
181339,17,494,345,4
181355,17,497,358,4
181372,17,493,341,4
181389,17,502,359,4
181405,17,512,337,4
181422,17,542,343,4
181438,17,547,333,4
181455,17,552,341,4
181472,17,554,352,4
181488,17,549,340,4
181505,17,545,356,4
181522,17,551,342,4
181538,17,545,344,4
181555,17,549,355,4
181572,17,550,349,4
181588,17,549,358,4
181605,17,548,356,4
181621,17,551,352,4
181638,17,550,339,4
181655,17,549,358,4
181671,17,532,337,4
181688,17,547,359,4
181705,17,553,352,4
181721,17,548,338,4
181738,17,557,337,4
181755,17,548,351,4
181771,17,560,339,4
181788,17,556,349,4
181804,17,552,354,4
181821,17,559,343,4
181838,17,553,332,4
181854,17,560,349,4
181871,17,545,347,4
181888,17,503,373,2
181904,17,491,374,2
181921,17,497,363,4
181938,17,491,401,2
181954,17,496,388,2
181971,17,485,393,2
181987,17,486,362,4
182004,17,484,369,2
182021,17,482,368,2
182037,17,488,394,2
182054,17,486,377,2
182071,17,491,390,2
182087,17,490,388,2
182104,17,494,363,4
182121,17,476,393,2
182137,17,484,395,2
182154,17,497,387,2
182170,17,494,388,2
182187,17,497,382,2
182204,17,510,376,2
182220,17,502,374,2
182237,17,494,378,2
182254,17,503,378,2
182270,17,522,398,2
182287,17,500,382,2
182304,17,500,379,2
182320,17,494,375,2
182337,17,487,378,2
182353,17,492,375,2
182370,17,485,363,4
182387,17,500,358,4
182403,17,506,372,2
182420,17,500,375,2
182437,17,510,373,2
182453,17,504,385,2
182470,17,502,394,2
182486,17,503,382,2
182503,17,491,384,2
182520,17,488,381,2
182536,17,493,373,2
182553,17,498,382,2
182570,17,495,380,2
182586,17,496,384,2
182603,17,504,367,2
182620,17,505,388,2
182636,17,503,384,2
182653,17,501,395,2
182669,17,507,400,2
182686,17,498,391,2
182703,17,490,365,2
182719,17,505,393,2
182736,17,504,363,4
182753,17,509,397,2
182769,17,501,377,2
182786,17,499,372,2
182803,17,499,381,2
182819,17,498,376,2
182836,17,499,370,2
182852,17,519,385,2
182869,17,498,383,2
182886,17,496,376,2
182902,17,510,394,2
182919,17,498,388,2
182936,17,503,381,2
182952,17,503,390,2
182969,17,508,387,2
182986,17,484,374,2
183002,17,502,389,2
183019,17,505,386,2
183035,17,503,383,2
183052,17,489,373,2
183069,17,512,383,2
183085,17,515,389,2
183102,17,508,367,2
183119,17,505,402,2
183135,17,499,377,2
183152,17,494,411,2
183169,17,451,516,3
183185,17,388,592,3
183202,17,395,612,3
183218,17,390,612,3
183235,17,404,613,3
183252,17,384,598,3
183268,17,389,596,3
183285,17,388,594,3
183302,17,408,597,3
183318,17,398,608,3
183335,17,389,613,3
183352,17,394,607,3
183368,17,392,607,3
183385,17,393,603,3
183401,17,389,601,3
183418,17,386,598,3
183435,17,389,605,3
183451,17,400,589,3
183468,17,392,608,3
183485,17,397,611,3
183501,17,388,619,3
183518,17,393,585,3
183534,17,384,604,3
183551,17,419,603,3
183568,17,382,602,3
183584,17,384,590,3
183601,17,406,582,3
183618,17,391,601,3
183634,17,342,563,3
183651,17,339,572,3
183668,17,316,590,3
183684,17,315,578,3
183701,17,322,579,3
183717,17,315,578,3
183734,17,311,577,3
183751,17,324,583,3
183767,17,319,595,3
183784,17,322,583,3
183801,17,309,590,3
183817,17,332,600,3
183834,17,312,585,3
183851,17,394,514,3
183867,17,479,440,3
183884,17,503,392,2
183900,17,505,387,2
183917,17,501,406,2
183934,17,503,371,2
183950,17,505,385,2
183967,17,509,362,4
183984,17,511,390,2
184000,17,507,419,5
184017,17,504,404,2
184034,17,508,387,2
184050,17,512,400,2
184067,17,500,371,2
184083,17,506,397,2
184100,17,508,388,2
184117,17,506,381,2
184133,17,505,372,2
184150,17,506,388,2
184167,17,507,407,2
184183,17,501,384,2
184200,17,496,337,4
184217,17,503,375,2
184233,17,500,849,0
184250,17,525,936,0
184283,33,585,514,3
184300,17,432,712,3
184316,17,453,383,2
184333,17,441,237,1
184350,17,476,310,4
184366,17,462,378,2
184383,17,462,374,2
184400,17,461,356,4
184416,17,462,347,4
184433,17,467,338,4
184449,17,449,334,4
184466,17,470,332,4
184483,17,469,331,4
184499,17,470,349,4
184516,17,464,348,4
184533,17,466,347,4
184549,17,473,347,4
184566,17,463,348,4
184583,17,469,366,2
184599,17,471,359,4
184616,17,463,354,4
184632,17,459,335,4
184649,17,469,366,2
184666,17,473,342,4
184682,17,474,373,2
184699,17,512,346,4
184716,17,508,381,2
184732,17,507,354,4
184749,17,510,361,4
184765,17,505,400,2
184782,17,502,366,2
184799,17,504,374,2
184815,17,509,366,2
184832,17,502,349,4
184849,17,503,378,2
184865,17,502,377,2
184882,17,510,374,2
184899,17,516,361,4
184915,17,506,363,4
184932,17,502,370,2
184948,17,501,368,2
184965,17,504,359,4
184982,17,496,382,2
184998,17,512,384,2
185015,17,504,341,4
185032,17,477,356,4
185048,17,409,341,0
185065,17,345,337,0
185082,17,356,353,0
185098,17,350,335,0
185115,17,369,330,0
185131,17,352,330,0
185148,17,346,339,0
185165,17,370,359,0
185181,17,350,340,0
185198,17,365,311,0
185215,17,376,355,0
185231,17,369,330,0
185248,17,383,323,0
185265,17,377,343,0
185281,17,356,333,0
185298,17,378,343,0
185314,17,349,339,0
185331,17,352,354,0
185348,17,381,314,0
185364,17,449,330,4
185381,17,465,333,4
185398,17,486,347,4
185414,17,473,347,4
185431,17,470,352,4
185448,17,470,352,4
185464,17,474,319,4
185481,17,461,332,4
185497,17,453,326,4
185514,17,469,343,4
185531,17,464,320,4
185547,17,464,342,4
185564,17,474,331,4
185581,17,468,355,4
185597,17,433,377,2
185614,17,330,451,3
185631,17,321,503,3
185647,17,318,504,3
185664,17,308,496,3
185680,17,310,497,3
185697,17,320,500,3
185714,17,311,493,3
185730,17,324,503,3
185747,17,308,501,3
185764,17,321,508,3
185780,17,328,495,3
185797,17,319,499,3
185813,17,316,486,3
185830,17,314,470,3
185847,17,306,497,3
185863,17,317,482,3
185880,17,315,499,3
185897,17,325,507,3
185913,17,309,490,3
185930,17,313,498,3
185947,17,325,494,3
185963,17,327,502,3
185980,17,315,492,3
185996,17,390,435,3
186013,17,470,381,2
186030,17,488,318,4
186046,17,474,324,4
186063,17,484,309,4
186080,17,486,331,4
186096,17,490,287,0
186113,17,500,315,4
186130,17,480,318,4
186146,17,481,332,4
186163,17,499,306,4
186179,17,482,291,4
186196,17,482,315,4
186213,17,492,312,4
186229,17,493,313,4
186246,17,497,300,4
186263,17,492,301,4
186279,17,494,290,4
186296,17,473,300,4
186313,17,372,295,0
186329,17,318,262,0
186346,17,311,257,0
186362,17,321,272,0
186379,17,323,258,1
186396,17,312,257,0
186412,17,318,269,0
186429,17,329,257,1
186446,17,323,258,1
186462,17,320,265,0
186479,17,301,249,0
186496,17,318,257,1
186512,17,315,249,1
186529,17,319,259,1
186545,17,322,264,0
186562,17,314,256,0
186579,17,326,258,1
186595,17,324,254,1
186612,17,327,264,0
186629,17,302,258,0
186645,17,302,252,0
186662,17,322,270,0
186679,17,332,251,1
186695,17,321,256,1
186712,17,333,246,1
186728,17,325,255,1
186745,17,336,255,1
186762,17,341,268,0
186778,17,334,263,0
186795,17,335,269,0
186812,17,337,266,0
186828,17,323,274,0
186845,17,305,253,0
186862,17,307,244,0
186878,17,323,240,1
186895,17,312,258,0
186911,17,313,243,0
186928,17,318,261,0
186945,17,313,250,0
186961,17,306,257,0
186978,17,345,284,0
186995,17,330,246,1
187011,17,307,240,0
187028,17,304,239,0
187044,17,338,248,1
187061,17,329,236,1
187078,17,305,262,0
187094,17,314,267,0
187111,17,312,259,0
187128,17,307,250,0
187144,17,348,265,0
187161,17,317,275,0
187178,17,322,265,0
187194,17,311,269,0
187211,17,335,243,1
187227,17,337,245,1
187244,17,328,263,0
187261,17,337,255,1
187277,17,303,246,0
187294,17,337,257,1
187311,17,335,270,0
187327,17,305,239,0
187344,17,308,238,0
187361,17,322,242,1
187377,17,315,233,1
187394,17,322,259,1
187410,17,317,236,1
187427,17,348,272,0
187444,17,350,252,1
187460,17,312,261,0
187477,17,317,252,1
187494,17,335,266,0
187510,17,326,269,0
187527,17,342,265,0
187544,17,318,243,1
187560,17,312,253,0
187577,17,321,245,1
187593,17,343,268,0
187610,17,321,227,1
187627,17,421,339,4
187643,17,519,418,5
187660,17,570,428,3
187677,17,548,406,2
187693,17,551,413,2
187710,17,551,418,5
187727,17,550,425,3
187743,17,553,446,3
187760,17,546,405,2
187776,17,540,424,3
187793,17,549,416,2
187810,17,548,439,3
187826,17,553,448,3
187843,17,550,441,3
187860,17,553,435,3
187876,17,550,425,3
187893,17,546,421,5
187910,17,546,411,2
187926,17,552,438,3
187943,17,555,421,5
187959,17,544,429,3
187976,17,538,423,3
187993,17,545,415,2
188009,17,547,443,3
188026,17,535,435,3
188043,17,541,429,3
188059,17,542,422,3
188076,17,537,434,3
188092,17,528,443,3
188109,17,540,442,3
188126,17,546,431,3
188142,17,534,445,3
188159,17,540,432,3
188176,17,555,451,3
188192,17,548,423,3
188209,17,537,427,3
188226,17,538,440,3
188242,17,536,429,3
188259,17,532,454,3
188275,17,536,438,3
188292,17,537,435,3
188309,17,540,452,3
188325,17,538,442,3
188342,17,538,438,3
188359,17,543,426,3
188375,17,537,445,3
188392,17,540,445,3
188409,17,540,434,3
188425,17,546,428,3
188442,17,556,456,3
188458,17,538,429,3
188475,17,522,448,3
188492,17,555,448,3
188508,17,542,438,3
188525,17,531,438,3
188542,17,549,431,3
188558,17,531,427,3
188575,17,561,439,3
188592,17,547,445,3
188608,17,555,439,3
188625,17,541,429,3
188641,17,533,429,3
188658,17,543,432,3
188675,17,554,439,3
188691,17,541,426,3
188708,17,538,438,3
188725,17,540,421,5
188741,17,542,447,3
188758,17,533,426,3
188775,17,541,450,3
188791,17,553,429,3
188808,17,549,433,3
188824,17,546,430,3
188841,17,541,424,3
188858,17,538,439,3
188874,17,540,425,3
188891,17,527,451,3
188908,17,543,423,3
188924,17,548,451,3
188941,17,542,418,5
188958,17,546,448,3
188974,17,524,442,3
188991,17,542,429,3
189007,17,542,435,3
189024,17,547,424,3
189041,17,544,436,3
189057,17,548,424,3
189074,17,546,425,3
189091,17,537,464,3
189107,17,542,441,3
189124,17,541,416,2
189141,17,541,452,3
189157,17,534,430,3
189174,17,541,428,3
189190,17,520,432,3
189207,17,535,438,3
189224,17,541,430,3
189240,17,545,449,3
189257,17,556,445,3
189274,17,545,432,3
189290,17,517,430,3
189307,17,534,450,3
189323,17,543,420,5
189340,17,521,448,3
189357,17,545,433,3
189373,17,562,431,3
189390,17,562,434,3
189407,17,549,420,5
189423,17,547,430,3
189440,17,531,438,3
189457,17,526,425,3
189473,17,548,455,3
189490,17,552,440,3
189506,17,552,437,3
189523,17,546,443,3
189540,17,542,435,3
189556,17,541,438,3
189573,17,552,420,5
189590,17,559,428,3
189606,17,567,424,3
189623,17,545,433,3
189640,17,548,441,3
189656,17,558,426,3
189673,17,547,427,3
189689,17,545,451,3
189706,17,519,447,3
189723,17,543,445,3
189739,17,554,443,3
189756,17,551,436,3
189773,17,551,420,5
189789,17,542,438,3
189806,17,548,430,3
189823,17,567,448,3
189839,17,538,456,3
189856,17,635,494,3
189872,17,718,544,3
189889,17,803,623,3
189906,17,883,752,3
189922,17,939,837,0
189939,17,981,936,0
189956,17,1018,983,0
189972,17,981,1044,0
190039,67,1018,1055,0
190055,17,1008,1055,0
190072,17,1012,1049,0
190089,17,1007,1047,0
190105,17,1006,1047,0
190139,33,1010,1056,0
190405,266,815,1023,0
190438,33,990,970,0
190488,50,828,933,0
190505,17,737,833,0
190521,17,769,771,0
190538,17,619,513,3
190554,17,566,633,3
190571,17,619,970,0
190588,17,602,696,3
190604,17,629,502,3
190621,17,640,455,3
190638,17,625,621,3
190654,17,633,647,3
190671,17,632,653,3
190688,17,629,660,3
190704,17,603,640,3
190721,17,522,547,3
190737,17,507,481,3
190754,17,520,510,3
190771,17,516,499,3
190787,17,525,520,3
190804,17,521,501,3
190821,17,528,509,3
190837,17,529,508,3
190854,17,525,487,3
190871,17,527,500,3
190887,17,519,489,3
190904,17,519,486,3
190920,17,533,486,3
190937,17,513,514,3
190954,17,519,501,3
190970,17,518,507,3
190987,17,520,502,3
191004,17,521,494,3
191020,17,504,498,3
191037,17,530,498,3
191054,17,519,508,3
191070,17,533,492,3
191087,17,535,487,3
191103,17,510,498,3
191120,17,519,498,3
191137,17,515,480,3
191153,17,530,508,3
191170,17,534,503,3
191187,17,507,509,3
191203,17,521,503,3
191220,17,547,502,3
191237,17,521,500,3
191253,17,515,507,3
191270,17,525,489,3
191286,17,520,493,3
191303,17,522,499,3
191320,17,526,496,3
191336,17,522,484,3
191353,17,523,483,3
191370,17,516,505,3
191386,17,506,499,3
191403,17,482,462,3
191420,17,462,437,3
191436,17,465,433,3
191453,17,454,505,3
191469,17,482,1005,0
191586,116,556,415,2
191602,17,473,790,0
191619,17,477,510,3
191636,17,472,290,4
191652,17,492,305,4
191669,17,489,377,2
191686,17,496,374,2
191702,17,497,387,2
191719,17,510,374,2
191736,17,500,371,2
191752,17,496,352,4
191769,17,494,357,4
191785,17,487,363,4
191802,17,493,362,4
191819,17,501,353,4
191835,17,499,365,2
191852,17,503,362,4
191869,17,486,348,4
191885,17,499,351,4
191902,17,497,354,4
191919,17,491,362,4
191935,17,502,365,2
191952,17,488,357,4
191968,17,486,362,4
191985,17,491,363,4
192002,17,495,360,4
192018,17,492,335,4
192035,17,493,341,4
192052,17,487,361,4
192068,17,484,371,2
192085,17,492,344,4
192102,17,483,363,4
192118,17,479,338,4
192135,17,492,359,4
192151,17,475,360,4
192168,17,484,349,4
192185,17,499,335,4
192201,17,496,361,4
192218,17,490,366,2
192235,17,493,340,4
192251,17,487,341,4
192268,17,495,348,4
192285,17,510,353,4
192301,17,484,345,4
192318,17,495,372,2
192334,17,484,334,4
192351,17,492,358,4
192368,17,480,373,2
192384,17,492,351,4
192401,17,490,348,4
192418,17,492,374,2
192434,17,489,365,2
192451,17,492,361,4
192468,17,497,377,2
192484,17,492,338,4
192501,17,496,335,4
192517,17,494,355,4
192534,17,479,546,3
192684,150,555,788,0
192700,17,458,805,0
192717,17,465,719,3
192734,17,452,266,0
192750,17,460,315,4
192767,17,479,291,4
192784,17,486,372,2
192800,17,479,355,4
192817,17,480,358,4
192833,17,479,367,2
192850,17,493,373,2
192867,17,488,383,2
192883,17,485,379,2
192900,17,496,369,2
192917,17,494,378,2
192933,17,486,376,2
192950,17,483,367,2
192967,17,474,360,4
192983,17,486,368,2
193000,17,493,370,2
193016,17,485,369,2
193033,17,488,373,2
193050,17,488,370,2
193066,17,487,369,2
193083,17,483,371,2
193100,17,474,392,2
193116,17,491,399,2
193133,17,487,396,2
193150,17,487,400,2
193166,17,490,394,2
193183,17,494,382,2
193199,17,506,404,2
193216,17,489,391,2
193233,17,489,390,2
193249,17,487,396,2
193266,17,493,376,2
193283,17,507,394,2
193299,17,565,407,2
193316,17,698,461,3
193333,17,763,447,3
193349,17,787,483,3
193366,17,756,483,3
193382,17,801,473,3
193399,17,806,444,3
193416,17,790,459,3
193432,17,781,477,3
193449,17,788,462,3
193466,17,778,472,3
193482,17,776,457,3
193499,17,786,449,3
193516,17,766,476,3
193532,17,778,461,3
193549,17,763,446,3
193565,17,774,460,3
193582,17,774,458,3
193599,17,777,468,3
193615,17,710,382,2
193632,17,654,293,0
193649,17,612,234,1
193665,17,616,269,0
193682,17,597,257,1
193699,17,612,247,1
193715,17,607,251,1
193732,17,609,241,1
193748,17,608,228,1
193765,17,628,230,1
193782,17,614,237,1
193798,17,608,225,1
193815,17,606,229,1
193832,17,609,232,1
193848,17,623,216,1
193865,17,622,226,1
193881,17,609,220,1
193898,17,587,249,1
193915,17,491,251,1
193931,17,386,200,1
193948,17,339,205,1
193965,17,345,208,1
193981,17,336,213,1
193998,17,335,223,1
194015,17,325,192,1
194031,17,344,212,1
194048,17,346,211,1
194064,17,357,202,1
194081,17,339,203,1
194098,17,336,181,1
194114,17,332,210,1
194131,17,327,171,1
194148,17,344,190,1
194164,17,323,198,1
194181,17,291,168,0
194198,17,286,175,0
194214,17,275,191,0
194231,17,258,181,0
194247,17,248,198,0
194264,17,281,171,0
194281,17,273,195,0
194297,17,283,183,0
194314,17,291,204,0
194331,17,257,183,0
194347,17,275,193,0
194364,17,275,188,0
194381,17,278,202,0
194397,17,243,199,0
194414,17,257,193,0
194430,17,245,201,0
194447,17,244,208,0
194464,17,271,209,0
194480,17,248,195,0
194497,17,221,184,0
194514,17,245,202,0
194530,17,243,228,0
194547,17,274,202,0
194564,17,236,194,0
194580,17,232,296,0
194597,17,254,318,0
194613,17,233,313,0
194630,17,239,309,0
194647,17,243,329,0
194663,17,242,314,0
194680,17,230,304,0
194697,17,235,319,0
194713,17,236,308,0
194730,17,235,335,0
194747,17,228,334,0
194763,17,248,324,0
194780,17,236,333,0
194796,17,239,319,0
194813,17,247,321,0
194830,17,213,351,0
194846,17,217,308,0
194863,17,222,351,0
194880,17,228,323,0
194896,17,228,317,0
194913,17,231,334,0
194930,17,221,316,0
194946,17,219,343,0
194963,17,219,323,0
194979,17,242,331,0
194996,17,239,362,0
195013,17,246,332,0
195029,17,210,367,2
195046,17,215,455,3
195063,17,209,485,3
195079,17,212,474,3
195096,17,189,478,3
195112,17,222,474,3
195129,17,210,476,3
195146,17,206,478,3
195162,17,217,469,3
195179,17,200,486,3
195196,17,213,480,3
195212,17,212,484,3
195229,17,228,460,3
195246,17,271,473,3
195262,17,386,448,3
195279,17,500,409,2
195295,17,554,351,4
195312,17,546,352,4
195329,17,556,364,4
195345,17,537,359,4
195362,17,552,357,4
195379,17,544,355,4
195395,17,543,365,2
195412,17,547,354,4
195429,17,547,370,2
195445,17,554,344,4
195462,17,541,370,2
195478,17,544,362,4
195495,17,550,385,2
195512,17,551,342,4
195528,17,547,365,2
195545,17,555,368,2
195562,17,552,360,4
195578,17,540,362,4
195595,17,541,363,4
195612,17,557,366,2
195628,17,546,362,4
195645,17,545,359,4
195661,17,546,370,2
195678,17,546,362,4
195695,17,551,372,2
195711,17,541,376,2
195728,17,544,359,4
195745,17,542,366,2
195761,17,543,377,2
195778,17,518,378,2
195795,17,513,371,2
195811,17,519,378,2
195828,17,524,374,2
195844,17,529,376,2
195861,17,527,368,2
195878,17,518,383,2
195894,17,533,375,2
195911,17,512,380,2
195928,17,526,375,2
195944,17,524,387,2
195961,17,512,365,2
195978,17,510,391,2
195994,17,531,374,2
196011,17,512,388,2
196027,17,508,363,4
196044,17,519,382,2
196061,17,505,364,4
196077,17,524,383,2
196094,17,519,387,2
196111,17,529,380,2
196127,17,514,384,2
196144,17,514,372,2
196160,17,519,367,2
196177,17,509,375,2
196194,17,517,360,4
196210,17,512,377,2
196227,17,517,369,2
196244,17,521,348,4
196260,17,525,374,2
196277,17,524,360,4
196294,17,526,340,4
196310,17,511,358,4
196327,17,530,355,4
196343,17,519,362,4
196360,17,528,363,4
196377,17,518,364,4
196393,17,519,355,4
196410,17,520,360,4
196427,17,519,350,4
196443,17,514,358,4
196460,17,521,377,2
196477,17,528,346,4
196493,17,522,371,2
196510,17,511,371,2
196526,17,524,372,2
196543,17,514,353,4
196560,17,519,373,2
196576,17,517,353,4
196593,17,520,353,4
196610,17,528,372,2
196626,17,527,355,4
196643,17,531,355,4
196660,17,524,356,4
196676,17,528,376,2
196693,17,520,350,4
196709,17,532,350,4
196726,17,529,358,4
196743,17,530,347,4
196759,17,513,351,4
196776,17,517,342,4
196793,17,522,335,4
196809,17,536,335,4
196826,17,514,346,4
196843,17,515,363,4
196859,17,529,330,4
196876,17,528,361,4
196892,17,523,334,4
196909,17,525,336,4
196926,17,519,350,4
196942,17,529,328,4
196959,17,516,337,4
196976,17,538,349,4
196992,17,517,349,4
197009,17,529,349,4
197026,17,514,335,4
197042,17,526,365,2
197059,17,537,342,4
197075,17,534,343,4
197092,17,529,368,2
197109,17,534,328,4
197125,17,502,358,4
197142,17,516,352,4
197159,17,533,341,4
197175,17,526,337,4
197192,17,447,372,2
197209,17,328,334,0
197225,17,276,333,0
197242,17,306,343,0
197258,17,286,333,0
197275,17,311,337,0
197292,17,294,333,0
197308,17,307,337,0
197325,17,306,330,0
197342,17,295,344,0
197358,17,297,369,2
197375,17,287,326,0
197391,17,289,317,0
197408,17,308,342,0
197425,17,340,335,0
197441,17,440,341,4
197458,17,472,328,4
197475,17,471,306,4
197491,17,461,323,4
197508,17,470,306,4
197525,17,481,341,4
197541,17,474,331,4
197558,17,469,319,4
197574,17,470,321,4
197591,17,478,313,4
197608,17,487,335,4
197624,17,475,316,4
197641,17,475,322,4
197658,17,461,318,4
197674,17,473,323,4
197691,17,452,342,4
197708,17,476,325,4
197724,17,466,336,4
197741,17,463,346,4
197757,17,456,338,4
197774,17,461,344,4
197791,17,474,346,4
197807,17,463,343,4
197824,17,472,338,4
197841,17,473,338,4
197857,17,470,342,4
197874,17,474,354,4
197891,17,494,367,2
197907,17,485,373,2
197924,17,495,352,4
197940,17,489,381,2
197957,17,490,375,2
197974,17,496,368,2
197990,17,492,370,2
198007,17,490,375,2
198024,17,484,382,2
198040,17,494,378,2
198057,17,491,375,2
198074,17,497,375,2
198090,17,501,385,2
198107,17,506,369,2
198123,17,420,369,2
198140,17,299,315,0
198157,17,264,285,0
198173,17,265,302,0
198190,17,256,287,0
198207,17,265,299,0
198223,17,269,295,0
198240,17,266,306,0
198257,17,261,300,0
198273,17,259,297,0
198290,17,261,326,0
198306,17,270,297,0
198323,17,250,306,0
198340,17,271,297,0
198356,17,260,312,0
198373,17,240,293,0
198390,17,261,294,0
198406,17,259,291,0
198423,17,264,306,0
198440,17,266,312,0
198456,17,265,319,0
198473,17,272,323,0
198489,17,270,322,0
198506,17,258,325,0
198523,17,260,303,0
198539,17,191,283,0
198556,17,124,219,0
198573,17,178,250,0
198589,17,147,238,0
198606,17,161,269,0
198622,17,128,214,0
198639,17,151,266,0
198656,17,160,242,0
198672,17,168,226,0
198689,17,148,241,0
198706,17,185,238,0
198722,17,150,252,0
198739,17,165,228,0
198756,17,129,239,0
198772,17,129,238,0
198789,17,164,245,0
198805,17,158,248,0
198822,17,135,246,0
198839,17,220,280,0
198855,17,346,353,0
198872,17,486,358,4
198889,17,479,385,2
198905,17,487,372,2
198922,17,489,371,2
198939,17,491,385,2
198955,17,467,356,4
198972,17,487,391,2
198988,17,485,374,2
199005,17,489,375,2
199022,17,487,375,2
199038,17,483,366,2
199055,17,493,374,2
199072,17,488,367,2
199088,17,500,370,2
199105,17,493,373,2
199122,17,486,358,4
199138,17,487,360,4
199155,17,491,336,4
199171,17,494,368,2
199188,17,491,358,4
199205,17,495,355,4
199221,17,492,364,4
199238,17,487,363,4
199255,17,492,359,4
199271,17,406,360,0
199288,17,303,356,0
199305,17,175,308,0
199321,17,127,253,0
199338,17,136,270,0
199354,17,127,262,0
199371,17,114,259,0
199388,17,128,270,0
199404,17,136,273,0
199421,17,124,269,0
199438,17,119,267,0
199454,17,118,249,0
199471,17,127,265,0
199488,17,145,247,0
199504,17,126,256,0
199521,17,136,261,0
199537,17,120,269,0
199554,17,102,266,0
199571,17,160,268,0
199587,17,227,358,0
199604,17,371,483,3
199621,17,508,511,3
199637,17,534,535,3
199654,17,552,534,3
199670,17,544,515,3
199687,17,557,547,3
199704,17,558,509,3
199720,17,546,524,3
199737,17,549,525,3
199754,17,557,505,3
199770,17,548,521,3
199787,17,537,545,3
199804,17,530,550,3
199820,17,544,539,3
199837,17,535,538,3
199853,17,537,526,3
199870,17,530,548,3
199887,17,538,543,3
199903,17,534,534,3
199920,17,546,560,3
199937,17,547,519,3
199953,17,534,521,3
199970,17,538,525,3
199987,17,530,514,3
200003,17,534,537,3
200020,17,520,551,3
200036,17,518,481,3
200053,17,487,397,2
200070,17,491,369,2
200086,17,498,355,4
200103,17,500,375,2
200120,17,491,355,4
200136,17,483,371,2
200153,17,503,365,2
200170,17,486,365,2
200186,17,484,363,4
200203,17,495,366,2
200219,17,488,353,4
200236,17,493,352,4
200253,17,485,366,2
200269,17,477,374,2
200286,17,488,364,4
200303,17,485,359,4
200319,17,495,358,4
200336,17,502,352,4
200353,17,497,345,4
200369,17,494,362,4
200386,17,497,385,2
200402,17,502,365,2
200419,17,480,545,3
200536,116,313,657,3
200552,17,433,219,1
200569,17,461,302,4
200585,17,460,328,4
200602,17,462,353,4
200619,17,456,365,2
200635,17,452,337,4
200652,17,453,370,2
200669,17,462,352,4
200685,17,460,359,4
200702,17,437,372,2
200719,17,461,358,4
200735,17,461,362,4
200752,17,441,374,2
200768,17,459,372,2
200785,17,451,367,2
200802,17,447,359,4
200818,17,459,363,4
200835,17,463,353,4
200852,17,445,369,2
200868,17,444,375,2
200885,17,457,363,4
200901,17,463,355,4
200918,17,456,371,2
200935,17,443,362,4
200951,17,454,353,4
200968,17,454,369,2
200985,17,451,367,2
201001,17,452,382,2
201018,17,448,368,2
201035,17,459,365,2
201051,17,448,364,4
201068,17,447,369,2
201084,17,446,361,4
201101,17,453,368,2
201118,17,464,370,2
201134,17,448,356,4
201151,17,444,368,2
201168,17,444,364,4
201184,17,446,357,4
201201,17,444,379,2
201218,17,446,348,4
201234,17,451,343,4
201251,17,450,371,2
201267,17,481,366,2
201284,17,506,356,4
201301,17,503,348,4
201317,17,502,368,2
201334,17,499,351,4
201351,17,493,343,4
201367,17,512,344,4
201384,17,505,355,4
201401,17,488,341,4
201417,17,489,332,4
201434,17,507,351,4
201450,17,504,349,4
201467,17,503,356,4
201484,17,505,335,4
201500,17,506,328,4
201517,17,496,354,4
201534,17,511,336,4
201550,17,502,340,4
201567,17,488,344,4
201584,17,510,356,4
201600,17,509,359,4
201617,17,507,367,2
201633,17,511,358,4
201650,17,436,380,2
201667,17,311,366,2
201683,17,257,340,0
201700,17,247,353,0
201717,17,241,355,0
201733,17,215,348,0
201750,17,229,353,0
201767,17,212,355,0
201783,17,242,347,0
201800,17,215,377,2
201816,17,212,354,0
201833,17,236,338,0
201850,17,231,373,2
201866,17,224,344,0
201883,17,239,377,2
201900,17,232,357,0
201916,17,211,363,0
201933,17,219,363,0
201949,17,221,343,0
201966,17,213,354,0
201983,17,234,358,0
201999,17,232,354,0
202016,17,231,363,0
202033,17,243,376,2
202049,17,212,373,2
202066,17,248,376,2
202083,17,231,377,2
202099,17,239,368,2
202116,17,274,376,2
202132,17,391,364,0
202149,17,480,379,2
202166,17,496,339,4
202182,17,499,351,4
202199,17,497,354,4
202216,17,499,339,4
202232,17,481,334,4
202249,17,498,349,4
202266,17,486,370,2
202282,17,489,359,4
202299,17,505,353,4
202315,17,496,368,2
202332,17,511,356,4
202349,17,487,344,4
202365,17,493,361,4
202382,17,489,346,4
202399,17,496,362,4
202415,17,508,366,2
202432,17,488,342,4
202449,17,487,367,2
202465,17,502,356,4
202482,17,488,361,4
202498,17,499,359,4
202515,17,497,355,4
202532,17,504,346,4
202548,17,500,352,4
202565,17,490,342,4
202582,17,489,361,4
202598,17,505,354,4
202615,17,493,356,4
202632,17,491,338,4
202648,17,497,349,4
202665,17,447,398,2
202681,17,344,434,3
202698,17,279,474,3
202715,17,263,485,3
202731,17,274,484,3
202748,17,278,488,3
202765,17,259,491,3
202781,17,268,499,3
202798,17,263,494,3
202815,17,263,468,3
202831,17,243,469,3
202848,17,256,499,3
202864,17,279,480,3
202881,17,263,480,3
202898,17,267,494,3
202914,17,257,498,3
202931,17,273,495,3
202948,17,260,486,3
202964,17,272,489,3
202981,17,268,486,3
202998,17,262,493,3
203014,17,262,503,3
203031,17,328,505,3
203047,17,426,604,3
203064,17,449,605,3
203081,17,456,605,3
203097,17,462,612,3
203114,17,454,626,3
203131,17,462,604,3
203147,17,451,625,3
203164,17,451,622,3
203180,17,464,600,3
203197,17,457,569,3
203214,17,479,443,3
203230,17,483,361,4
203247,17,490,371,2
203264,17,485,351,4
203280,17,477,357,4
203297,17,468,361,4
203314,17,481,383,2
203330,17,466,361,4
203347,17,475,375,2
203363,17,481,372,2
203380,17,493,351,4
203397,17,477,383,2
203413,17,488,370,2
203430,17,479,393,2
203447,17,480,370,2
203463,17,493,375,2
203480,17,473,387,2
203497,17,492,374,2
203513,17,488,377,2
203530,17,475,364,4
203546,17,484,363,4
203563,17,486,367,2
203580,17,468,365,2
203596,17,476,369,2
203613,17,479,357,4
203630,17,479,359,4
203646,17,467,368,2
203663,17,492,355,4
203680,17,482,379,2
203696,17,479,386,2
203713,17,481,393,2
203729,17,460,360,4
203746,17,470,381,2
203763,17,481,375,2
203779,17,467,382,2
203796,17,397,355,0
203813,17,340,351,0
203829,17,368,351,0
203846,17,363,345,0
203863,17,377,338,0
203879,17,352,340,0
203896,17,368,334,0
203912,17,351,348,0
203929,17,352,331,0
