Time (ms),Timegap (ms),Gaze X,Gaze Y,AOI
0,0,712,941,0
17,17,719,952,0
33,17,715,968,0
50,17,719,938,0
67,17,723,958,0
83,17,640,1027,0
216,133,753,929,0
233,17,737,848,0
250,17,754,858,0
266,17,747,853,0
283,17,735,861,0
299,17,737,864,0
316,17,732,873,0
349,33,730,883,0
366,17,737,877,0
383,17,729,875,0
399,17,744,878,0
416,17,741,880,0
433,17,741,875,0
449,17,742,873,0
466,17,743,880,0
482,17,735,880,0
499,17,729,873,0
516,17,728,875,0
532,17,728,883,0
549,17,737,868,0
566,17,735,876,0
582,17,738,873,0
599,17,734,877,0
615,17,727,870,0
632,17,726,875,0
649,17,744,871,0
665,17,723,880,0
682,17,738,875,0
699,17,733,870,0
715,17,736,868,0
732,17,725,855,0
749,17,730,877,0
765,17,734,873,0
782,17,730,863,0
798,17,715,868,0
815,17,728,872,0
832,17,732,868,0
848,17,732,864,0
865,17,729,867,0
882,17,720,870,0
898,17,727,860,0
915,17,723,867,0
932,17,729,859,0
948,17,731,866,0
965,17,718,878,0
981,17,730,858,0
998,17,720,862,0
1015,17,731,857,0
1031,17,724,828,0
1048,17,726,854,0
1065,17,722,843,0
1081,17,712,867,0
1098,17,719,860,0
1115,17,724,857,0
1131,17,722,843,0
1148,17,716,858,0
1164,17,724,851,0
1181,17,701,875,0
1198,17,731,848,0
1214,17,719,846,0
1231,17,715,854,0
1248,17,715,832,0
1264,17,681,661,3
1281,17,640,550,3
1298,17,603,473,3
1314,17,644,487,3
1331,17,619,487,3
1347,17,617,467,3
1364,17,625,469,3
1381,17,644,488,3
1397,17,615,468,3
1414,17,599,473,3
1431,17,579,415,2
1447,17,574,415,2
1464,17,574,423,3
1481,17,578,416,2
1497,17,577,417,2
1514,17,578,418,3
1530,17,575,409,2
1547,17,579,418,3
1564,17,584,421,3
1580,17,578,406,2
1597,17,578,413,2
1614,17,584,401,2
1630,17,582,417,2
1647,17,582,403,2
1664,17,597,390,2
1680,17,612,380,2
1697,17,599,382,2
1713,17,600,399,2
1730,17,608,391,2
1747,17,609,388,2
1763,17,599,393,2
1780,17,615,380,2
1797,17,607,393,2
1813,17,607,385,2
1830,17,620,367,2
1846,17,610,392,2
1863,17,646,374,2
1880,17,641,386,2
1896,17,634,383,2
1913,17,643,371,2
1930,17,643,385,2
1946,17,646,345,0
1963,17,648,352,0
1980,17,646,389,2
1996,17,644,362,0
2013,17,640,380,2
2029,17,650,375,2
2046,17,650,374,2
2063,17,647,371,2
2079,17,649,387,2
2096,17,648,377,2
2113,17,644,381,2
2129,17,644,396,2
2146,17,645,380,2
2163,17,646,389,2
2179,17,647,386,2
2196,17,646,381,2
2212,17,648,379,2
2229,17,645,396,2
2246,17,640,386,2
2262,17,652,388,2
2279,17,627,391,2
2296,17,554,419,5
2312,17,554,404,2
2329,17,557,387,2
2346,17,554,403,2
2362,17,555,412,2
2379,17,558,405,2
2395,17,559,390,2
2412,17,555,419,5
2429,17,552,419,5
2445,17,550,403,2
2462,17,558,401,2
2479,17,559,419,5
2495,17,552,409,2
2512,17,559,408,2
2529,17,558,415,2
2545,17,558,411,2
2562,17,551,402,2
2578,17,552,412,2
2595,17,561,414,2
2612,17,557,407,2
2628,17,555,391,2
2645,17,553,391,2
2662,17,553,414,2
2678,17,546,421,5
2695,17,551,389,2
2712,17,550,406,2
2728,17,533,584,3
2811,83,492,790,0
2828,17,522,487,3
2845,17,536,330,4
2861,17,538,388,2
2878,17,533,416,2
2894,17,530,428,3
2911,17,538,404,2
2928,17,530,428,3
2944,17,530,427,3
2961,17,528,442,3
2978,17,532,419,5
2994,17,536,421,5
3011,17,531,447,3
3028,17,532,419,5
3044,17,539,423,3
3061,17,532,440,3
3077,17,538,424,3
3094,17,536,418,5
3111,17,529,422,3
3127,17,532,411,2
3144,17,541,404,2
3161,17,539,427,3
3177,17,532,435,3
3194,17,539,427,3
3211,17,538,424,3
3227,17,534,403,2
3244,17,543,422,3
3260,17,530,406,2
3277,17,533,408,2
3294,17,539,419,5
3310,17,534,421,5
3327,17,537,410,2
3344,17,534,427,3
3360,17,536,407,2
3377,17,534,412,2
3394,17,538,420,5
3410,17,529,413,2
3427,17,535,429,3
3443,17,533,412,2
3460,17,530,415,2
3477,17,535,422,3
3493,17,535,426,3
3510,17,536,402,2
3527,17,533,425,3
3543,17,531,418,5
3560,17,531,411,2
3577,17,533,422,3
3593,17,533,406,2
3610,17,534,428,3
3626,17,537,424,3
3643,17,530,426,3
3660,17,532,431,3
3676,17,526,435,3
3693,17,530,431,3
3710,17,529,427,3
3726,17,528,428,3
3743,17,531,398,2
3760,17,528,430,3
3776,17,529,430,3
3793,17,530,421,5
3809,17,528,428,3
3826,17,532,431,3
3843,17,523,435,3
3859,17,530,431,3
3876,17,526,426,3
3893,17,525,425,3
3909,17,531,421,5
3926,17,532,408,2
3943,17,531,426,3
3959,17,531,418,5
3976,17,528,423,3
3992,17,528,428,3
4009,17,529,430,3
4026,17,523,424,3
4042,17,529,432,3
4059,17,529,422,3
4076,17,524,414,2
4092,17,529,412,2
4109,17,527,426,3
4125,17,536,414,2
4142,17,526,411,2
4159,17,531,425,3
4175,17,527,420,5
4192,17,528,440,3
4209,17,533,435,3
4225,17,531,417,5
4242,17,533,422,3
4259,17,484,423,3
4275,17,375,446,3
4292,17,343,462,3
4308,17,352,465,3
4325,17,348,475,3
4342,17,334,484,3
4358,17,349,452,3
4375,17,342,466,3
4392,17,337,472,3
4408,17,342,470,3
4425,17,345,472,3
4442,17,351,459,3
4458,17,347,474,3
4475,17,343,460,3
4491,17,344,471,3
4508,17,350,454,3
4525,17,339,468,3
4541,17,350,472,3
4558,17,348,468,3
4575,17,341,461,3
4591,17,347,473,3
4608,17,353,455,3
4625,17,353,462,3
4641,17,454,430,3
4658,17,478,423,3
4674,17,482,438,3
4691,17,490,403,2
4708,17,491,418,5
4724,17,493,400,2
4741,17,494,404,2
4758,17,495,414,2
4774,17,489,412,2
4791,17,490,386,2
4808,17,493,416,2
4824,17,490,424,3
4841,17,489,413,2
4857,17,491,395,2
4874,17,485,422,3
4891,17,495,399,2
4907,17,492,411,2
4924,17,491,399,2
4941,17,489,433,3
4957,17,489,407,2
4974,17,492,408,2
4991,17,492,418,5
5007,17,494,421,5
5024,17,492,423,3
5040,17,492,398,2
5057,17,492,411,2
5074,17,487,424,3
5090,17,486,415,2
5107,17,492,415,2
5124,17,486,429,3
5140,17,494,410,2
5157,17,494,421,5
5174,17,491,421,5
5190,17,489,383,2
5207,17,445,794,0
5290,83,450,901,0
5307,17,483,619,3
5323,17,504,464,3
5340,17,517,367,2
5356,17,515,378,2
5373,17,516,398,2
5390,17,517,402,2
5406,17,510,418,5
5423,17,514,429,3
5440,17,513,433,3
5456,17,512,433,3
5473,17,509,437,3
5490,17,510,456,3
5506,17,509,440,3
5523,17,505,456,3
5539,17,512,437,3
5556,17,512,435,3
5573,17,511,433,3
5589,17,509,450,3
5606,17,511,447,3
5623,17,511,441,3
5639,17,514,438,3
5656,17,510,431,3
5673,17,512,435,3
5689,17,512,435,3
5706,17,511,455,3
5722,17,514,451,3
5739,17,509,451,3
5756,17,512,448,3
5772,17,513,433,3
5789,17,509,447,3
5806,17,510,422,3
5822,17,510,459,3
5839,17,505,451,3
5856,17,509,459,3
5872,17,512,452,3
5889,17,507,449,3
5905,17,514,444,3
5922,17,509,440,3
5939,17,511,431,3
5955,17,505,450,3
5972,17,510,440,3
5989,17,508,451,3
6005,17,511,464,3
6022,17,517,443,3
6039,17,507,451,3
6055,17,508,450,3
6072,17,513,458,3
6088,17,517,445,3
6105,17,506,453,3
6122,17,512,440,3
6138,17,510,450,3
6155,17,507,452,3
6172,17,505,455,3
6188,17,509,446,3
6205,17,507,434,3
6222,17,509,431,3
6238,17,514,429,3
6255,17,510,470,3
6271,17,510,443,3
6288,17,513,436,3
6305,17,509,432,3
6321,17,511,419,5
6338,17,493,581,3
6754,416,442,936,0
6770,17,436,995,0
6787,17,441,990,0
6804,17,454,882,0
6820,17,455,886,0
6837,17,443,994,0
6854,17,454,886,0
6870,17,455,885,0
6887,17,457,879,0
6904,17,445,980,0
6920,17,496,818,0
6937,17,500,697,3
6953,17,509,597,3
6970,17,514,584,3
6987,17,513,567,3
7003,17,517,562,3
7020,17,518,554,3
7037,17,519,585,3
7053,17,511,564,3
7070,17,511,561,3
7087,17,517,560,3
7103,17,522,553,3
7120,17,513,569,3
7136,17,518,575,3
7153,17,519,563,3
7170,17,518,563,3
7186,17,514,573,3
7203,17,515,575,3
7220,17,519,556,3
7236,17,520,563,3
7253,17,521,551,3
7270,17,518,562,3
7286,17,517,558,3
7303,17,518,548,3
7319,17,521,553,3
7336,17,523,503,3
7353,17,528,423,3
7369,17,535,405,2
7386,17,527,404,2
7403,17,530,417,5
7419,17,534,413,2
7436,17,528,417,5
7453,17,527,419,5
7469,17,529,399,2
7486,17,528,405,2
7502,17,527,426,3
7519,17,529,417,5
7536,17,533,394,2
7552,17,530,417,5
7569,17,532,413,2
7586,17,529,406,2
7602,17,533,418,5
7619,17,530,421,5
7635,17,525,418,5
7652,17,528,416,2
7669,17,523,414,2
7685,17,523,428,3
7702,17,514,425,3
7719,17,526,415,2
7735,17,524,424,3
7752,17,523,424,3
7769,17,516,447,3
7785,17,531,403,2
7802,17,524,405,2
7818,17,529,405,2
7835,17,532,406,2
7852,17,527,427,3
7868,17,474,410,2
7885,17,463,416,2
7902,17,459,420,3
7918,17,460,415,2
7935,17,462,409,2
7952,17,466,410,2
7968,17,468,405,2
7985,17,462,408,2
8001,17,453,454,3
8018,17,191,582,3
8068,50,399,899,0
8085,17,417,615,3
8101,17,443,414,2
8118,17,455,344,4
8135,17,462,350,4
8151,17,457,376,2
8168,17,454,417,2
8184,17,456,413,2
8201,17,455,412,2
8218,17,452,412,2
8234,17,456,415,2
8251,17,461,410,2
8268,17,518,449,3
8284,17,515,475,3
8301,17,524,480,3
8318,17,519,492,3
8334,17,520,486,3
8351,17,523,479,3
8367,17,520,498,3
8384,17,518,494,3
8401,17,531,468,3
8417,17,521,478,3
8434,17,528,448,3
8451,17,495,766,3
8584,133,497,748,3
8600,17,516,498,3
8617,17,533,393,2
8634,17,539,417,5
8650,17,531,458,3
8667,17,533,446,3
8683,17,526,468,3
8700,17,533,445,3
8717,17,530,445,3
8733,17,533,438,3
8750,17,533,445,3
8767,17,527,450,3
8783,17,531,442,3
8800,17,529,444,3
8817,17,536,438,3
8833,17,531,436,3
8850,17,536,457,3
8866,17,532,437,3
8883,17,530,447,3
8900,17,536,435,3
8916,17,529,461,3
8933,17,531,450,3
8950,17,538,424,3
8966,17,533,462,3
8983,17,569,503,3
9000,17,593,572,3
9016,17,603,665,3
9033,17,618,719,3
9049,17,620,711,3
9066,17,622,715,3
9083,17,628,697,3
9099,17,623,679,3
9116,17,623,817,0
9199,83,398,1004,0
9216,17,452,584,3
9232,17,464,527,3
9249,17,472,535,3
9266,17,465,539,3
9282,17,468,539,3
9299,17,469,548,3
9316,17,469,535,3
9332,17,476,536,3
9349,17,464,544,3
9366,17,462,539,3
9382,17,469,531,3
9399,17,462,524,3
9415,17,455,529,3
9432,17,469,531,3
9449,17,524,433,3
9465,17,521,421,5
9482,17,530,427,3
9499,17,530,431,3
9515,17,529,421,5
9532,17,527,434,3
9549,17,531,428,3
9565,17,531,425,3
9582,17,529,421,5
9598,17,527,411,2
9615,17,532,423,3
9632,17,534,418,5
9648,17,537,407,2
9665,17,537,423,3
9682,17,536,427,3
9698,17,528,421,5
9715,17,532,429,3
9732,17,536,424,3
9748,17,536,431,3
9765,17,531,402,2
9781,17,536,413,2
9798,17,534,419,5
9815,17,534,422,3
9831,17,532,414,2
9848,17,529,422,3
9865,17,532,424,3
9881,17,533,422,3
9898,17,536,431,3
9914,17,533,418,5
9931,17,534,412,2
9948,17,535,425,3
9964,17,538,419,5
9981,17,533,440,3
9998,17,532,430,3
10014,17,533,423,3
10031,17,531,427,3
10048,17,533,443,3
10064,17,529,424,3
10081,17,530,408,2
10097,17,531,429,3
10114,17,530,422,3
10131,17,530,436,3
10147,17,530,421,5
10164,17,530,424,3
10181,17,536,438,3
10197,17,533,422,3
10214,17,529,455,3
10231,17,530,422,3
10247,17,532,437,3
10264,17,526,427,3
10280,17,529,411,2
10297,17,529,434,3
10314,17,531,411,2
10330,17,529,441,3
10347,17,528,431,3
10364,17,525,430,3
10380,17,527,444,3
10397,17,535,421,5
10414,17,528,441,3
10430,17,534,419,5
10447,17,534,418,5
10463,17,532,441,3
10480,17,521,440,3
10497,17,529,444,3
10513,17,528,421,5
10530,17,525,444,3
10547,17,529,420,5
10563,17,527,428,3
10580,17,530,430,3
10597,17,527,418,5
10613,17,531,421,5
10630,17,529,428,3
10646,17,529,425,3
10663,17,524,433,3
10680,17,532,418,5
10696,17,527,421,5
10713,17,530,422,3
10730,17,527,420,5
10746,17,526,411,2
10763,17,529,421,5
10780,17,528,422,3
10796,17,529,411,2
10813,17,523,434,3
10829,17,532,420,5
10846,17,529,418,5
10863,17,534,411,2
10879,17,532,408,2
10896,17,537,413,2
10913,17,529,415,2
10929,17,532,402,2
10946,17,532,403,2
10962,17,538,407,2
10979,17,534,422,3
10996,17,531,414,2
11012,17,538,422,3
11029,17,535,410,2
11046,17,537,397,2
11062,17,533,402,2
11079,17,532,405,2
11096,17,534,409,2
11112,17,533,410,2
11129,17,534,399,2
11145,17,529,413,2
11162,17,532,420,5
11179,17,528,412,2
11195,17,532,405,2
11212,17,531,419,5
11229,17,522,767,0
11328,100,549,660,3
11345,17,569,368,2
11362,17,573,254,1
11378,17,566,365,2
11395,17,571,353,4
11412,17,563,380,2
11428,17,582,363,4
11445,17,565,344,4
11462,17,580,338,4
11478,17,574,369,2
11495,17,574,354,4
11511,17,575,357,4
11528,17,581,343,4
11545,17,562,366,2
11561,17,575,357,4
11578,17,563,361,4
11595,17,562,371,2
11611,17,566,359,4
11628,17,571,362,4
11645,17,567,350,4
11661,17,547,405,2
11678,17,535,430,3
11694,17,528,433,3
11711,17,531,427,3
11728,17,526,444,3
11744,17,530,436,3
11761,17,531,417,5
11778,17,530,423,3
11794,17,526,439,3
11811,17,531,430,3
11828,17,532,423,3
11844,17,533,436,3
11861,17,529,435,3
11877,17,539,429,3
11894,17,530,460,3
11911,17,525,442,3
11927,17,531,447,3
11944,17,522,441,3
11961,17,530,437,3
11977,17,531,436,3
11994,17,527,443,3
12011,17,534,441,3
12027,17,529,434,3
12044,17,531,440,3
12060,17,523,447,3
12077,17,534,436,3
12094,17,534,419,5
12110,17,529,433,3
12127,17,532,419,5
12144,17,535,436,3
12160,17,532,443,3
12177,17,531,446,3
12193,17,535,427,3
12210,17,534,421,5
12227,17,536,421,5
12243,17,533,410,2
12260,17,529,460,3
12277,17,529,437,3
12293,17,530,445,3
12310,17,527,450,3
12327,17,534,437,3
12343,17,530,435,3
12360,17,530,441,3
12376,17,529,438,3
12393,17,529,433,3
12410,17,525,444,3
12426,17,531,446,3
12443,17,530,425,3
12460,17,534,437,3
12476,17,530,417,5
12493,17,529,426,3
12510,17,523,403,2
12526,17,514,394,2
12543,17,522,388,2
12559,17,517,392,2
12576,17,511,401,2
12593,17,516,395,2
12609,17,519,381,2
12626,17,513,409,2
12643,17,521,387,2
12659,17,519,377,2
12676,17,509,404,2
12693,17,520,374,2
12709,17,518,394,2
12726,17,520,385,2
12742,17,520,382,2
12759,17,517,385,2
12776,17,521,388,2
12792,17,516,383,2
12809,17,515,367,2
12826,17,467,861,0
12925,100,426,623,3
12942,17,456,320,4
12959,17,457,354,4
12975,17,450,389,2
12992,17,464,373,2
13009,17,462,379,2
13025,17,453,396,2
13042,17,460,364,4
13059,17,460,367,2
13075,17,455,372,2
13092,17,461,349,4
13108,17,449,391,2
13125,17,456,366,2
13142,17,461,379,2
13158,17,459,379,2
13175,17,461,366,2
13192,17,455,369,2
13208,17,488,368,2
13225,17,524,369,2
13241,17,515,379,2
13258,17,519,377,2
13275,17,528,365,2
13291,17,524,374,2
13308,17,527,369,2
13325,17,524,367,2
13341,17,522,376,2
13358,17,526,356,4
13375,17,527,358,4
13391,17,523,369,2
13408,17,526,363,4
13424,17,531,375,2
13441,17,525,357,4
13458,17,524,380,2
13474,17,524,381,2
13491,17,524,367,2
13508,17,525,373,2
13524,17,526,377,2
13541,17,525,369,2
13558,17,526,371,2
13574,17,526,382,2
13591,17,525,383,2
13607,17,521,384,2
13624,17,522,380,2
13641,17,524,376,2
13657,17,523,389,2
13674,17,521,473,3
13691,17,526,444,3
13707,17,529,488,3
13724,17,528,485,3
13741,17,528,482,3
13757,17,525,472,3
13774,17,531,456,3
13790,17,526,478,3
13807,17,524,490,3
13824,17,522,489,3
13840,17,526,485,3
13857,17,522,485,3
13874,17,524,469,3
13890,17,527,486,3
13907,17,531,493,3
13924,17,524,473,3
13940,17,528,475,3
13957,17,526,466,3
13973,17,528,481,3
13990,17,528,468,3
14007,17,528,480,3
14023,17,526,495,3
14040,17,526,490,3
14057,17,526,478,3
14073,17,493,814,0
14173,100,488,767,0
14190,17,516,417,5
14206,17,528,404,2
14223,17,528,429,3
14240,17,526,444,3
14256,17,525,437,3
14273,17,535,435,3
14290,17,532,432,3
14306,17,530,431,3
14323,17,526,454,3
14339,17,529,450,3
14356,17,535,442,3
14373,17,523,446,3
14389,17,527,434,3
14406,17,530,433,3
14423,17,527,433,3
14439,17,535,440,3
14456,17,532,424,3
14472,17,557,474,3
14489,17,556,574,3
14506,17,577,728,3
14522,17,602,883,0
14539,17,588,1032,0
14988,449,376,1037,0
15005,17,396,1024,0
15021,17,396,982,0
15038,17,461,981,0
15055,17,394,1013,0
15071,17,387,1001,0
15088,17,358,1061,0
15105,17,392,1004,0
15121,17,328,1054,0
15138,17,438,915,0
15155,17,451,866,0
15171,17,460,887,0
15188,17,457,881,0
15204,17,450,879,0
15221,17,452,890,0
15238,17,450,881,0
15254,17,450,883,0
15271,17,458,887,0
15288,17,457,881,0
15304,17,457,880,0
15321,17,454,884,0
15338,17,457,893,0
15354,17,459,889,0
15371,17,488,660,3
15387,17,500,521,3
15404,17,522,419,5
15421,17,526,430,3
15437,17,527,423,3
15454,17,536,418,5
15471,17,532,427,3
15487,17,534,425,3
15504,17,534,435,3
15521,17,525,434,3
15537,17,533,437,3
15554,17,530,430,3
15570,17,536,403,2
15587,17,534,423,3
15604,17,532,445,3
15620,17,535,427,3
15637,17,532,414,2
15654,17,532,427,3
15670,17,535,427,3
15687,17,529,430,3
15703,17,536,429,3
15720,17,535,423,3
15737,17,537,417,5
15753,17,541,427,3
15770,17,532,413,2
15787,17,535,426,3
15803,17,537,428,3
15820,17,537,412,2
15837,17,540,408,2
15853,17,538,420,5
15870,17,540,419,5
15886,17,535,417,5
15903,17,538,422,3
15920,17,540,432,3
15936,17,536,436,3
15953,17,535,422,3
15970,17,536,426,3
15986,17,534,416,2
16003,17,540,414,2
16020,17,538,417,5
16036,17,542,425,3
16053,17,541,415,2
16069,17,539,425,3
16086,17,537,430,3
16103,17,535,428,3
16119,17,539,423,3
16136,17,545,413,2
16153,17,538,431,3
16169,17,540,423,3
16186,17,537,436,3
16203,17,538,411,2
16219,17,537,422,3
16236,17,538,424,3
16252,17,532,443,3
16269,17,538,415,2
16286,17,536,419,5
16302,17,540,408,2
16319,17,534,405,2
16336,17,538,403,2
16352,17,534,411,2
16369,17,533,437,3
16386,17,536,418,5
16402,17,536,398,2
16419,17,537,427,3
16435,17,537,418,5
16452,17,536,423,3
16469,17,536,437,3
16485,17,535,416,2
16502,17,535,420,5
16519,17,536,439,3
16535,17,534,424,3
16552,17,535,443,3
16569,17,529,434,3
16585,17,535,432,3
16602,17,532,437,3
16618,17,539,405,2
16635,17,532,426,3
16652,17,534,421,5
16668,17,530,442,3
16685,17,536,427,3
16702,17,532,414,2
16718,17,531,417,5
16735,17,533,429,3
16751,17,531,438,3
16768,17,535,423,3
16785,17,531,425,3
16801,17,533,444,3
16818,17,529,415,2
16835,17,532,430,3
16851,17,533,424,3
16868,17,531,417,5
16885,17,528,425,3
16901,17,526,427,3
16918,17,528,423,3
16934,17,529,423,3
16951,17,523,433,3
16968,17,503,669,3
17068,100,472,790,0
17084,17,507,489,3
17101,17,529,349,4
17117,17,529,333,4
17134,17,522,398,2
17151,17,524,416,2
17167,17,523,421,5
17184,17,528,408,2
17201,17,524,412,2
17217,17,521,429,3
17234,17,525,420,5
17251,17,524,413,2
17267,17,525,416,2
17284,17,524,413,2
17300,17,522,412,2
17317,17,521,429,3
17334,17,525,417,5
17350,17,523,434,3
17367,17,525,419,5
17384,17,518,435,3
17400,17,520,427,3
17417,17,520,412,2
17434,17,523,414,2
17450,17,517,421,5
17467,17,518,424,3
17483,17,520,427,3
17500,17,520,428,3
17517,17,524,413,2
17533,17,523,430,3
17550,17,521,412,2
17567,17,518,422,3
17583,17,520,425,3
17600,17,525,414,2
17617,17,524,421,5
17633,17,524,413,2
17650,17,525,406,2
17666,17,525,406,2
17683,17,521,416,2
17700,17,520,412,2
17716,17,525,419,5
17733,17,532,419,5
17750,17,523,424,3
17766,17,524,411,2
17783,17,528,403,2
17800,17,523,428,3
17816,17,524,424,3
17833,17,525,420,5
17849,17,523,430,3
17866,17,521,422,3
17883,17,520,426,3
17899,17,525,414,2
17916,17,521,417,5
17933,17,522,437,3
17949,17,524,420,5
17966,17,531,420,5
17982,17,535,409,2
17999,17,530,408,2
18016,17,532,423,3
18032,17,531,421,5
18049,17,528,414,2
18066,17,525,422,3
18082,17,522,422,3
18099,17,524,420,5
18116,17,528,440,3
18132,17,526,427,3
18149,17,526,424,3
18165,17,528,408,2
18182,17,526,410,2
18199,17,525,418,5
18215,17,524,427,3
18232,17,523,430,3
18249,17,526,419,5
18265,17,532,416,2
18282,17,528,435,3
18299,17,522,426,3
18315,17,524,423,3
18332,17,527,423,3
18348,17,526,434,3
18365,17,528,439,3
18382,17,522,427,3
18398,17,527,440,3
18415,17,528,421,5
18432,17,525,430,3
18448,17,527,426,3
18465,17,522,427,3
18482,17,522,446,3
18498,17,525,421,5
18515,17,522,445,3
18531,17,525,426,3
18548,17,524,429,3
18565,17,523,444,3
18581,17,524,413,2
18598,17,502,654,3
18698,100,511,623,3
18714,17,522,481,3
18731,17,543,363,4
18748,17,535,368,2
18764,17,541,376,2
18781,17,534,421,5
18798,17,538,434,3
18814,17,539,429,3
18831,17,535,426,3
18848,17,537,419,5
18864,17,538,416,2
18881,17,535,424,3
18897,17,538,412,2
18914,17,538,407,2
18931,17,538,430,3
18947,17,533,435,3
18964,17,536,428,3
18981,17,533,434,3
18997,17,538,434,3
19014,17,538,434,3
19030,17,537,419,5
19047,17,540,418,5
19064,17,535,427,3
19080,17,533,425,3
19097,17,530,424,3
19114,17,534,423,3
19130,17,535,413,2
19147,17,538,411,2
19164,17,537,414,2
19180,17,532,418,5
19197,17,533,416,2
19213,17,531,417,5
19230,17,535,418,5
19247,17,538,401,2
19263,17,529,426,3
19280,17,535,415,2
19297,17,540,397,2
19313,17,531,418,5
19330,17,534,399,2
19347,17,536,405,2
19363,17,536,408,2
19380,17,531,422,3
19396,17,534,428,3
19413,17,534,411,2
19430,17,534,431,3
19446,17,534,434,3
19463,17,537,411,2
19480,17,531,436,3
19496,17,534,425,3
19513,17,535,414,2
19530,17,533,419,5
19546,17,525,458,3
19563,17,534,409,2
19579,17,531,423,3
19596,17,531,428,3
19613,17,536,423,3
19629,17,536,424,3
19646,17,531,433,3
19663,17,528,423,3
19679,17,534,412,2
19696,17,546,425,3
19713,17,528,436,3
19729,17,534,356,4
19746,17,543,375,2
19762,17,543,350,4
19779,17,541,367,2
19796,17,538,376,2
19812,17,531,392,2
19829,17,533,396,2
19846,17,536,380,2
19862,17,537,363,4
19879,17,537,371,2
19896,17,540,374,2
19912,17,537,383,2
19929,17,536,367,2
19945,17,536,384,2
19962,17,541,380,2
19979,17,542,373,2
19995,17,539,370,2
20012,17,541,391,2
20029,17,538,372,2
20045,17,536,365,2
20062,17,531,386,2
20079,17,535,379,2
20095,17,538,361,4
20112,17,538,370,2
20145,33,536,396,2
20162,17,537,371,2
20178,17,534,388,2
20195,17,530,391,2
20212,17,532,392,2
20228,17,539,365,2
20245,17,539,365,2
20261,17,537,365,2
20278,17,536,392,2
20295,17,537,371,2
20311,17,542,362,4
20328,17,537,384,2
20345,17,534,378,2
20361,17,539,371,2
20378,17,540,374,2
20395,17,538,370,2
20411,17,533,384,2
20428,17,535,405,2
20444,17,539,370,2
20461,17,531,378,2
20478,17,533,377,2
20494,17,538,383,2
20511,17,536,370,2
20528,17,535,374,2
20544,17,536,388,2
20561,17,542,374,2
20578,17,535,390,2
20594,17,538,381,2
20611,17,541,381,2
20627,17,536,387,2
20644,17,540,367,2
20661,17,535,389,2
20677,17,538,370,2
20694,17,541,391,2
20711,17,540,349,4
20727,17,538,361,4
20744,17,542,381,2
20761,17,535,388,2
20777,17,538,379,2
20794,17,537,378,2
20810,17,536,386,2
20827,17,532,406,2
20844,17,535,382,2
20860,17,534,379,2
20877,17,535,378,2
20894,17,541,384,2
20910,17,538,377,2
20927,17,537,379,2
20944,17,533,405,2
20960,17,538,387,2
20977,17,536,386,2
20993,17,537,385,2
21010,17,541,381,2
21027,17,539,382,2
21043,17,541,375,2
21060,17,535,387,2
21077,17,540,386,2
21093,17,541,391,2
21110,17,549,362,4
21127,17,545,356,4
21143,17,543,383,2
21160,17,542,379,2
21176,17,541,381,2
21193,17,539,395,2
21210,17,543,391,2
21226,17,533,386,2
21243,17,538,386,2
21260,17,543,362,4
21276,17,540,396,2
21293,17,540,396,2
21309,17,545,379,2
21326,17,534,399,2
21343,17,539,384,2
21359,17,540,387,2
21376,17,540,395,2
21393,17,541,387,2
21409,17,541,394,2
21426,17,540,396,2
21443,17,539,383,2
21459,17,546,389,2
21476,17,538,386,2
21492,17,538,390,2
21509,17,538,393,2
21526,17,537,402,2
21542,17,536,402,2
21559,17,538,383,2
21576,17,537,401,2
21592,17,541,376,2
21609,17,536,403,2
21626,17,536,399,2
21642,17,539,387,2
21659,17,538,400,2
21675,17,540,373,2
21692,17,536,401,2
21709,17,539,394,2
21725,17,532,413,2
21742,17,535,412,2
21759,17,535,387,2
21775,17,533,397,2
21792,17,539,406,2
21809,17,541,382,2
21825,17,541,387,2
21842,17,542,377,2
21858,17,534,388,2
21875,17,539,399,2
21892,17,540,395,2
21908,17,534,400,2
21925,17,541,383,2
21942,17,536,404,2
21958,17,535,407,2
21975,17,537,394,2
21992,17,542,393,2
22008,17,540,398,2
22025,17,539,387,2
22041,17,533,403,2
22058,17,535,395,2
22075,17,537,383,2
22091,17,533,402,2
22108,17,535,397,2
22125,17,540,392,2
22141,17,529,414,2
22158,17,532,409,2
22175,17,526,416,2
22191,17,536,397,2
22208,17,539,383,2
22224,17,533,402,2
22241,17,536,394,2
22258,17,537,406,2
22274,17,543,389,2
22291,17,536,397,2
22308,17,537,396,2
22324,17,534,391,2
22341,17,533,403,2
22358,17,536,390,2
22374,17,534,403,2
22391,17,535,411,2
22407,17,533,379,2
22424,17,536,384,2
22441,17,539,389,2
22457,17,536,392,2
22474,17,538,386,2
22491,17,534,397,2
22507,17,533,414,2
22524,17,532,409,2
22540,17,531,392,2
22557,17,519,420,5
22574,17,513,411,2
22590,17,492,567,3
22607,17,688,541,3
22624,17,234,843,0
22723,100,473,874,0
22740,17,501,601,3
22757,17,516,434,3
22773,17,536,361,4
22790,17,535,360,4
22807,17,527,397,2
22823,17,526,424,3
22840,17,523,445,3
22857,17,524,450,3
22873,17,527,425,3
22890,17,521,448,3
22906,17,530,416,2
22923,17,528,435,3
22940,17,531,421,5
22956,17,524,437,3
22973,17,530,417,5
22990,17,528,443,3
23006,17,528,432,3
23023,17,532,440,3
23040,17,529,424,3
23056,17,524,432,3
23073,17,529,428,3
23089,17,525,430,3
23106,17,531,461,3
23123,17,523,439,3
23139,17,528,436,3
23156,17,529,441,3
23173,17,528,430,3
23189,17,530,435,3
23206,17,530,443,3
23223,17,530,424,3
23239,17,533,436,3
23256,17,537,436,3
23272,17,533,431,3
23289,17,533,437,3
23306,17,538,436,3
23322,17,537,432,3
23339,17,534,428,3
23356,17,531,419,5
23372,17,532,463,3
23389,17,529,438,3
23406,17,528,445,3
23422,17,537,421,5
23439,17,531,432,3
23455,17,533,438,3
23472,17,531,442,3
23489,17,528,423,3
23505,17,532,437,3
23522,17,532,446,3
23539,17,537,425,3
23555,17,532,426,3
23572,17,527,452,3
23588,17,526,437,3
23605,17,530,447,3
23622,17,533,425,3
23638,17,524,445,3
23655,17,526,448,3
23672,17,530,433,3
23688,17,531,431,3
23705,17,528,436,3
23722,17,532,442,3
23738,17,535,397,2
23755,17,537,402,2
23771,17,540,408,2
23788,17,532,416,2
23805,17,535,388,2
23821,17,537,410,2
23838,17,530,416,2
23855,17,536,404,2
23871,17,535,408,2
23888,17,535,406,2
23905,17,533,400,2
23921,17,535,392,2
23938,17,537,386,2
23954,17,530,414,2
23971,17,535,409,2
23988,17,535,396,2
24004,17,530,406,2
24021,17,536,390,2
24038,17,532,410,2
24054,17,539,400,2
24071,17,534,420,5
24088,17,530,428,3
24104,17,529,406,2
24121,17,533,397,2
24137,17,537,388,2
24154,17,534,407,2
24171,17,533,397,2
24187,17,530,420,5
24204,17,529,421,5
24221,17,544,449,3
24237,17,557,499,3
24254,17,547,461,3
24271,17,544,496,3
24287,17,556,481,3
24304,17,547,500,3
24320,17,555,479,3
24337,17,549,490,3
24354,17,543,481,3
24370,17,553,483,3
24387,17,552,485,3
24404,17,550,484,3
24420,17,552,487,3
24437,17,530,432,3
24454,17,539,397,2
24470,17,539,399,2
24487,17,538,393,2
24503,17,538,410,2
24520,17,538,398,2
24537,17,543,400,2
24553,17,539,400,2
24570,17,541,396,2
24587,17,539,394,2
24603,17,546,392,2
24620,17,539,402,2
24637,17,544,414,2
24653,17,543,381,2
24670,17,547,336,4
24686,17,545,355,4
24703,17,548,347,4
24720,17,548,353,4
24736,17,552,344,4
24753,17,545,344,4
24770,17,546,343,4
24786,17,549,348,4
24803,17,547,335,4
24819,17,550,346,4
24836,17,546,316,4
24853,17,546,349,4
24869,17,550,345,4
24886,17,546,363,4
24903,17,552,336,4
24919,17,550,333,4
24936,17,545,368,2
24953,17,549,353,4
24969,17,549,344,4
24986,17,554,327,4
25002,17,554,332,4
25019,17,526,395,2
25036,17,524,377,2
25052,17,523,397,2
25069,17,524,405,2
25086,17,525,398,2
25102,17,524,393,2
25119,17,528,360,4
25136,17,518,400,2
25152,17,522,398,2
25169,17,523,401,2
25185,17,520,404,2
25202,17,528,378,2
25219,17,527,375,2
25235,17,525,396,2
25252,17,516,410,2
25269,17,521,408,2
25285,17,524,392,2
25302,17,518,400,2
25319,17,526,399,2
25335,17,525,369,2
25352,17,528,397,2
25368,17,527,359,4
25385,17,522,390,2
25402,17,521,391,2
25418,17,523,403,2
25435,17,521,407,2
25452,17,527,405,2
25468,17,516,409,2
25485,17,525,373,2
25502,17,521,399,2
25518,17,523,411,2
25535,17,523,408,2
25551,17,529,382,2
25568,17,522,399,2
25585,17,523,400,2
25601,17,526,405,2
25618,17,522,381,2
25635,17,519,401,2
25651,17,520,419,5
25668,17,524,376,2
25685,17,525,390,2
25701,17,521,406,2
25718,17,522,398,2
25734,17,525,393,2
25751,17,523,403,2
25768,17,530,401,2
25784,17,519,393,2
25801,17,524,398,2
25818,17,526,389,2
25834,17,529,391,2
25851,17,517,406,2
25868,17,515,401,2
25884,17,519,410,2
25901,17,522,393,2
25917,17,520,384,2
25934,17,522,388,2
25951,17,528,377,2
25967,17,525,411,2
25984,17,526,367,2
26001,17,522,375,2
26017,17,522,409,2
26034,17,519,392,2
26050,17,519,401,2
26067,17,517,396,2
26084,17,519,388,2
26100,17,520,408,2
26117,17,519,399,2
26134,17,519,410,2
26150,17,523,404,2
26167,17,527,394,2
26184,17,521,408,2
26200,17,525,394,2
26217,17,522,402,2
26233,17,523,385,2
26250,17,522,406,2
26267,17,520,390,2
26283,17,525,395,2
26300,17,532,373,2
26317,17,525,388,2
26333,17,523,390,2
26350,17,527,366,2
26367,17,529,388,2
26383,17,517,415,2
26400,17,524,397,2
26416,17,524,385,2
26433,17,528,394,2
26450,17,523,394,2
26466,17,522,390,2
26483,17,526,407,2
26500,17,526,397,2
26516,17,532,381,2
26533,17,523,396,2
26550,17,525,390,2
26566,17,524,400,2
26583,17,522,420,5
26599,17,524,400,2
26616,17,520,400,2
26633,17,523,391,2
26649,17,520,394,2
26666,17,520,401,2
26683,17,530,368,2
26699,17,522,408,2
26716,17,518,414,2
26733,17,507,505,3
26832,100,494,789,0
26849,17,529,532,3
26866,17,531,438,3
26882,17,542,390,2
26899,17,546,391,2
26916,17,544,416,2
26932,17,549,405,2
26949,17,544,428,3
26965,17,545,431,3
26982,17,547,437,3
26999,17,549,418,5
27015,17,544,431,3
27032,17,548,432,3
27049,17,543,437,3
27065,17,546,434,3
27082,17,549,432,3
27098,17,544,440,3
27115,17,550,433,3
27132,17,550,422,3
27148,17,548,433,3
27165,17,541,433,3
27182,17,545,446,3
27198,17,548,430,3
27215,17,547,434,3
27232,17,550,438,3
27248,17,549,437,3
27265,17,545,432,3
27298,33,548,444,3
27315,17,546,444,3
27331,17,547,419,5
27348,17,552,430,3
27365,17,549,427,3
27381,17,548,442,3
27398,17,554,424,3
27415,17,550,432,3
27431,17,546,410,2
27448,17,553,421,5
27464,17,550,444,3
27481,17,548,433,3
27498,17,546,426,3
27514,17,548,424,3
27531,17,547,434,3
27548,17,551,437,3
27564,17,550,413,2
27581,17,549,420,5
27598,17,547,433,3
27614,17,547,429,3
27631,17,547,435,3
27647,17,548,426,3
27664,17,547,447,3
27681,17,552,439,3
27697,17,544,442,3
27714,17,546,445,3
27731,17,545,424,3
27747,17,551,426,3
27764,17,549,422,3
27781,17,546,424,3
27797,17,555,432,3
27814,17,548,426,3
27830,17,545,447,3
27847,17,551,425,3
27864,17,543,414,2
27880,17,527,377,2
27897,17,525,413,2
27914,17,532,393,2
27930,17,529,414,2
27947,17,530,402,2
27964,17,530,406,2
27980,17,532,407,2
27997,17,539,387,2
28013,17,533,391,2
28030,17,532,415,2
28047,17,532,404,2
28063,17,531,399,2
28080,17,537,385,2
28097,17,533,395,2
28113,17,531,378,2
28130,17,534,400,2
28147,17,538,375,2
28163,17,536,400,2
28180,17,537,387,2
28196,17,537,388,2
28213,17,534,386,2
28230,17,532,400,2
28246,17,539,397,2
28263,17,539,389,2
28280,17,542,390,2
28296,17,530,411,2
28313,17,536,411,2
28329,17,534,404,2
28346,17,538,400,2
28363,17,538,382,2
28379,17,532,413,2
28396,17,538,403,2
28413,17,538,406,2
28429,17,534,399,2
28446,17,562,386,2
28463,17,561,390,2
28479,17,559,384,2
28496,17,563,387,2
28512,17,564,399,2
28529,17,567,386,2
28546,17,567,385,2
28562,17,562,391,2
28579,17,570,377,2
28596,17,581,355,4
28612,17,582,388,2
28629,17,585,381,2
28646,17,598,362,4
28662,17,592,368,2
28679,17,588,375,2
28695,17,583,364,4
28712,17,592,359,4
28729,17,589,376,2
28745,17,589,373,2
28762,17,590,373,2
28779,17,590,355,4
28795,17,589,368,2
28812,17,587,358,4
28829,17,587,383,2
28845,17,589,391,2
28862,17,594,378,2
28878,17,585,385,2
28895,17,591,350,4
28912,17,600,354,4
28928,17,595,346,4
28945,17,599,359,4
28962,17,600,368,2
28978,17,597,379,2
28995,17,598,370,2
29012,17,597,373,2
29028,17,601,353,4
29045,17,600,369,2
29061,17,597,367,2
29078,17,601,377,2
29095,17,570,412,2
29111,17,558,424,3
29128,17,554,438,3
29145,17,554,452,3
29161,17,556,437,3
29178,17,553,442,3
29195,17,553,443,3
29211,17,559,434,3
29228,17,547,445,3
29244,17,552,446,3
29261,17,549,429,3
29278,17,521,712,3
29427,150,494,652,3
29444,17,509,458,3
29461,17,535,344,4
29477,17,534,366,2
29494,17,523,416,2
29511,17,527,423,3
29527,17,534,421,5
29544,17,530,422,3
29560,17,526,424,3
29577,17,523,423,3
29594,17,531,430,3
29610,17,526,431,3
29627,17,530,415,2
29644,17,526,419,5
29660,17,525,434,3
29677,17,527,426,3
29694,17,525,441,3
29710,17,526,420,5
29727,17,528,417,5
29743,17,521,430,3
29760,17,530,434,3
29777,17,525,415,2
29793,17,524,423,3
29810,17,517,446,3
29827,17,524,423,3
29843,17,532,411,2
29860,17,530,424,3
29877,17,526,423,3
29893,17,531,426,3
29910,17,529,426,3
29926,17,531,427,3
29943,17,532,422,3
29960,17,528,405,2
29976,17,528,425,3
29993,17,525,442,3
30010,17,520,444,3
30026,17,520,428,3
30043,17,522,413,2
30060,17,529,408,2
30076,17,528,423,3
30093,17,536,411,2
30109,17,527,423,3
30126,17,526,419,5
30143,17,527,416,2
30159,17,524,422,3
30176,17,525,404,2
30193,17,525,436,3
30209,17,530,420,5
30226,17,525,418,5
30243,17,519,434,3
30259,17,525,416,2
30276,17,523,421,5
30292,17,532,415,2
30309,17,527,414,2
30326,17,519,437,3
30342,17,525,411,2
30359,17,526,413,2
30376,17,528,398,2
30392,17,516,414,2
30409,17,517,389,2
30426,17,516,387,2
30442,17,514,395,2
30459,17,514,418,5
30475,17,516,394,2
30492,17,520,395,2
30509,17,515,422,3
30525,17,515,402,2
30542,17,518,398,2
30559,17,517,413,2
30575,17,516,402,2
30592,17,522,414,2
30608,17,515,399,2
30625,17,515,391,2
30642,17,518,406,2
30658,17,519,400,2
30675,17,516,398,2
30692,17,517,398,2
30708,17,513,416,2
30725,17,517,409,2
30742,17,515,415,2
30758,17,519,415,2
30775,17,520,405,2
30791,17,519,399,2
30808,17,522,422,3
30825,17,522,404,2
30841,17,508,417,5
30858,17,517,402,2
30875,17,519,400,2
30891,17,517,426,3
30908,17,516,415,2
30925,17,519,392,2
30941,17,515,404,2
30958,17,523,423,3
30974,17,519,406,2
30991,17,517,397,2
31008,17,518,423,3
31024,17,514,413,2
31041,17,513,427,3
31058,17,520,404,2
31074,17,521,387,2
31091,17,520,391,2
31108,17,517,412,2
31124,17,516,408,2
31141,17,517,410,2
31157,17,522,411,2
31174,17,519,384,2
31191,17,511,418,5
31207,17,519,382,2
31224,17,515,416,2
31241,17,518,406,2
31257,17,519,401,2
31274,17,516,396,2
31291,17,516,402,2
31307,17,524,381,2
31324,17,514,396,2
31340,17,515,398,2
31357,17,520,400,2
31374,17,520,394,2
31390,17,518,408,2
31407,17,515,405,2
31424,17,519,390,2
31440,17,521,388,2
31457,17,517,409,2
31474,17,515,403,2
31490,17,518,399,2
31507,17,518,407,2
31523,17,517,400,2
31540,17,516,414,2
31557,17,514,428,3
31573,17,515,403,2
31590,17,525,390,2
31607,17,525,398,2
31623,17,519,410,2
31640,17,516,410,2
31656,17,519,406,2
31673,17,523,401,2
31690,17,518,398,2
31706,17,526,396,2
31723,17,562,408,2
31740,17,555,394,2
31756,17,564,395,2
31773,17,561,402,2
31790,17,561,399,2
31806,17,552,402,2
31823,17,561,396,2
31839,17,559,403,2
31856,17,562,384,2
31873,17,570,405,2
31889,17,560,399,2
31906,17,559,382,2
31923,17,561,411,2
31939,17,560,408,2
31956,17,562,405,2
31973,17,566,395,2
31989,17,564,402,2
32006,17,598,349,4
32022,17,581,379,2
32039,17,587,380,2
32056,17,587,377,2
32072,17,596,391,2
32089,17,590,382,2
32106,17,586,390,2
32122,17,587,364,4
32139,17,582,400,2
32156,17,587,378,2
32172,17,583,370,2
32189,17,594,372,2
32205,17,599,367,2
32222,17,602,376,2
32239,17,600,354,4
32255,17,591,384,2
32272,17,600,378,2
32289,17,585,374,2
32305,17,588,397,2
32422,116,512,843,0
32438,17,531,640,3
32455,17,551,442,3
32472,17,562,347,4
32488,17,559,372,2
32505,17,562,379,2
32522,17,556,420,5
32538,17,556,430,3
32555,17,559,415,2
32571,17,554,416,2
32588,17,554,428,3
32605,17,558,394,2
32621,17,557,429,3
32638,17,563,422,3
32655,17,557,423,3
32671,17,557,411,2
32688,17,643,437,3
32705,17,661,448,3
32721,17,664,434,3
32738,17,668,435,3
32754,17,670,418,3
32771,17,669,418,3
32788,17,669,450,3
32804,17,672,441,3
32821,17,673,425,3
32838,17,675,416,2
32854,17,672,404,2
32871,17,694,368,2
32887,17,677,320,0
32904,17,692,289,0
32921,17,700,290,0
32937,17,688,279,0
32954,17,692,285,0
32971,17,693,294,0
32987,17,687,293,0
33004,17,689,295,0
33021,17,696,332,0
33037,17,681,283,0
33054,17,673,263,0
33070,17,669,278,0
33087,17,671,257,1
33104,17,662,262,0
33120,17,680,264,0
33137,17,675,250,1
33154,17,666,263,0
33170,17,674,263,0
33187,17,676,249,1
33204,17,672,252,1
33220,17,675,234,1
33237,17,674,252,1
33253,17,676,247,1
33270,17,666,290,0
33287,17,677,229,1
33303,17,668,255,1
33320,17,657,262,0
33337,17,668,239,1
33353,17,627,310,0
33370,17,594,339,4
33387,17,603,319,4
33403,17,597,347,4
33420,17,608,303,4
33436,17,593,340,4
33453,17,603,349,4
33470,17,590,346,4
33486,17,606,311,4
33503,17,592,338,4
33520,17,593,314,4
33536,17,600,345,4
33553,17,596,322,4
33570,17,601,333,4
33586,17,597,342,4
33603,17,595,351,4
33619,17,599,327,4
33636,17,598,341,4
33653,17,596,347,4
33669,17,590,359,4
33686,17,592,353,4
33703,17,588,346,4
33719,17,599,339,4
33736,17,597,336,4
33753,17,594,365,2
33769,17,592,327,4
33786,17,608,342,4
33802,17,597,337,4
33819,17,591,373,2
33836,17,594,363,4
33852,17,600,356,4
33869,17,593,340,4
33886,17,589,354,4
33902,17,520,408,2
33919,17,478,409,2
33936,17,482,414,2
33952,17,473,433,3
33969,17,475,421,3
33985,17,472,443,3
34002,17,474,413,2
34019,17,477,409,2
34035,17,473,412,2
34052,17,475,418,3
34069,17,480,421,3
34085,17,475,410,2
34102,17,478,423,3
34118,17,477,430,3
34135,17,477,426,3
34152,17,473,433,3
34168,17,478,422,3
34185,17,474,423,3
34202,17,475,423,3
34218,17,474,412,2
34235,17,475,436,3
34252,17,477,425,3
34268,17,524,424,3
34285,17,524,419,5
34301,17,531,418,5
34318,17,525,421,5
34335,17,527,445,3
34351,17,533,424,3
34368,17,537,435,3
34385,17,535,413,2
34401,17,536,410,2
34418,17,530,437,3
34435,17,532,446,3
34451,17,530,420,5
34468,17,530,428,3
34484,17,527,420,5
34501,17,529,449,3
34518,17,526,433,3
34534,17,534,426,3
34551,17,527,421,5
34568,17,531,439,3
34584,17,531,430,3
34601,17,530,425,3
34618,17,534,446,3
34634,17,530,434,3
34651,17,532,446,3
34667,17,538,422,3
34684,17,540,411,2
34701,17,527,439,3
34717,17,539,447,3
34734,17,529,449,3
34751,17,529,445,3
34767,17,533,439,3
34784,17,531,423,3
34801,17,517,569,3
34934,133,621,641,3
34967,33,551,617,3
34984,17,549,724,3
35000,17,565,708,3
35017,17,580,698,3
35033,17,585,709,3
35050,17,594,678,3
35067,17,600,670,3
35083,17,606,664,3
35100,17,609,673,3
35117,17,613,679,3
35133,17,616,683,3
35150,17,617,691,3
35166,17,642,573,3
35183,17,611,692,3
35200,17,607,691,3
35216,17,604,683,3
35233,17,657,550,3
35250,17,596,675,3
35266,17,587,702,3
35283,17,580,701,3
35300,17,576,695,3
35316,17,651,520,3
35333,17,560,706,3
35349,17,556,709,3
35366,17,557,710,3
35383,17,668,507,3
35399,17,663,486,3
35416,17,562,619,3
35433,17,552,739,3
35449,17,663,616,3
35466,17,653,538,3
35483,17,580,628,3
35499,17,592,634,3
35516,17,603,641,3
35532,17,617,654,3
35549,17,627,662,3
35566,17,647,671,3
35582,17,560,504,3
35599,17,544,484,3
35616,17,529,443,3
35632,17,534,442,3
35649,17,534,450,3
35666,17,536,451,3
35682,17,532,447,3
35699,17,532,445,3
35715,17,534,442,3
35732,17,534,423,3
35749,17,533,436,3
35765,17,529,447,3
35782,17,535,453,3
35799,17,542,432,3
35815,17,534,443,3
35832,17,534,438,3
35849,17,536,438,3
35865,17,532,443,3
35882,17,535,470,3
35898,17,533,463,3
35915,17,528,438,3
35932,17,537,441,3
35948,17,534,436,3
35965,17,532,446,3
35982,17,534,446,3
35998,17,537,447,3
36015,17,535,465,3
36032,17,527,406,2
36048,17,528,385,2
36065,17,536,381,2
36081,17,523,404,2
36098,17,529,394,2
36115,17,531,397,2
36131,17,531,401,2
36148,17,528,405,2
36165,17,529,395,2
36181,17,531,407,2
36198,17,529,394,2
36215,17,533,398,2
36231,17,528,386,2
36248,17,532,406,2
36264,17,530,409,2
36281,17,530,394,2
36298,17,536,396,2
36314,17,532,409,2
36331,17,533,391,2
36348,17,538,388,2
36364,17,527,400,2
36381,17,527,392,2
36397,17,536,381,2
36414,17,539,370,2
36431,17,532,387,2
36447,17,527,384,2
36464,17,533,400,2
36481,17,532,410,2
36497,17,530,379,2
36514,17,533,397,2
36531,17,531,404,2
36547,17,535,390,2
36564,17,536,385,2
36580,17,531,408,2
36597,17,533,453,3
36614,17,528,446,3
36630,17,529,446,3
36647,17,527,426,3
36664,17,529,467,3
36680,17,530,450,3
36697,17,527,434,3
36714,17,533,449,3
36730,17,524,462,3
36747,17,532,445,3
36763,17,529,429,3
36780,17,526,462,3
36797,17,525,447,3
36813,17,528,447,3
36830,17,530,445,3
36847,17,527,459,3
36863,17,525,450,3
36880,17,528,463,3
36897,17,530,451,3
36913,17,528,430,3
36930,17,529,451,3
36946,17,525,448,3
36963,17,527,447,3
36980,17,529,422,3
36996,17,527,450,3
37013,17,524,460,3
37030,17,527,462,3
37046,17,526,448,3
37063,17,529,451,3
37080,17,529,462,3
37096,17,528,445,3
37113,17,528,455,3
37129,17,508,480,3
37146,17,514,522,3
37163,17,501,510,3
37179,17,498,505,3
37196,17,507,509,3
37213,17,514,512,3
37229,17,509,505,3
37246,17,505,502,3
37263,17,497,501,3
37279,17,505,514,3
37296,17,506,520,3
37312,17,508,511,3
37329,17,506,519,3
37346,17,513,502,3
37362,17,505,524,3
37379,17,523,506,3
37396,17,521,460,3
37412,17,532,461,3
37429,17,528,449,3
37445,17,527,469,3
37462,17,531,455,3
37479,17,530,460,3
37495,17,525,460,3
37512,17,529,465,3
37529,17,533,451,3
37545,17,529,442,3
37562,17,530,449,3
37579,17,536,451,3
37595,17,531,456,3
37612,17,528,450,3
37628,17,532,452,3
37645,17,534,455,3
37662,17,533,460,3
37678,17,534,460,3
37695,17,533,461,3
37712,17,532,448,3
37728,17,537,452,3
37745,17,529,459,3
37762,17,533,465,3
37778,17,530,463,3
37795,17,541,459,3
37811,17,522,468,3
37828,17,527,455,3
37845,17,528,449,3
37861,17,534,449,3
37878,17,527,459,3
37895,17,532,458,3
37911,17,520,459,3
37928,17,533,461,3
37945,17,533,464,3
37961,17,528,454,3
37978,17,537,429,3
37994,17,525,462,3
38011,17,534,440,3
38028,17,533,446,3
38044,17,538,378,2
38061,17,538,344,4
38078,17,535,368,2
38094,17,537,365,2
38111,17,535,352,4
38128,17,535,360,4
38144,17,540,365,2
38161,17,539,356,4
38177,17,538,371,2
38194,17,538,351,4
38211,17,542,355,4
38227,17,542,349,4
38244,17,545,360,4
38261,17,536,365,2
38277,17,536,387,2
38294,17,531,380,2
38311,17,535,357,4
38327,17,535,371,2
38344,17,542,350,4
38360,17,535,370,2
38377,17,538,360,4
38394,17,536,359,4
38410,17,540,363,4
38427,17,519,401,2
38444,17,518,415,2
38460,17,517,406,2
38477,17,516,425,3
38494,17,510,421,5
38510,17,513,408,2
38527,17,514,426,3
38543,17,515,418,5
38560,17,513,433,3
38577,17,520,403,2
38593,17,514,420,5
38610,17,511,418,5
38627,17,516,417,5
38643,17,514,427,3
38660,17,517,410,2
38676,17,510,428,3
38693,17,499,497,3
38710,17,451,982,0
38843,133,561,761,3
38859,17,573,528,3
38876,17,567,424,3
38893,17,583,391,2
38909,17,578,405,2
38926,17,581,452,3
38943,17,581,449,3
38959,17,582,447,3
38976,17,580,452,3
38993,17,576,452,3
39009,17,579,470,3
39026,17,582,466,3
39042,17,581,467,3
39059,17,580,461,3
39076,17,578,460,3
39092,17,585,460,3
39109,17,575,472,3
39126,17,581,466,3
39142,17,580,471,3
39159,17,584,447,3
39176,17,578,452,3
39192,17,581,464,3
39209,17,581,453,3
39225,17,579,465,3
39242,17,586,436,3
39259,17,587,447,3
39275,17,587,451,3
39292,17,582,460,3
39309,17,578,463,3
39325,17,582,447,3
39342,17,585,451,3
39359,17,583,455,3
39375,17,581,451,3
39392,17,580,453,3
39408,17,582,460,3
39425,17,581,472,3
39442,17,586,452,3
39458,17,580,468,3
39475,17,582,454,3
39492,17,573,471,3
39508,17,581,467,3
39525,17,581,451,3
39542,17,581,453,3
39558,17,580,460,3
39575,17,580,443,3
39591,17,575,458,3
39608,17,582,460,3
39625,17,579,457,3
39641,17,583,460,3
39658,17,578,454,3
39675,17,515,420,5
39691,17,522,409,2
39708,17,520,422,3
39724,17,522,409,2
39741,17,520,416,2
39758,17,519,416,2
39774,17,520,408,2
39791,17,517,435,3
39808,17,519,423,3
39824,17,524,406,2
39841,17,524,410,2
39858,17,517,414,2
39874,17,519,412,2
39891,17,522,400,2
39907,17,524,437,3
39924,17,518,418,5
39941,17,512,447,3
39957,17,523,416,2
39974,17,518,424,3
39991,17,522,420,5
40007,17,518,419,5
40024,17,521,424,3
40041,17,521,413,2
40057,17,518,423,3
40074,17,522,413,2
40090,17,521,410,2
40107,17,518,416,2
40124,17,516,425,3
40140,17,545,414,2
40157,17,563,428,3
40174,17,571,413,2
40190,17,569,425,3
40207,17,568,434,3
40224,17,571,424,3
40240,17,566,429,3
40257,17,564,435,3
40273,17,569,441,3
40290,17,570,426,3
40307,17,574,420,3
40323,17,571,425,3
40340,17,574,415,2
40357,17,594,434,3
40373,17,678,465,3
40390,17,701,485,3
40407,17,703,479,3
40423,17,697,483,3
40440,17,692,493,3
40456,17,697,469,3
40473,17,703,477,3
40490,17,688,512,3
40506,17,690,495,3
40523,17,699,483,3
40540,17,695,478,3
40556,17,694,488,3
40573,17,692,504,3
40590,17,692,494,3
40606,17,702,495,3
40623,17,697,486,3
40639,17,694,494,3
40656,17,701,496,3
40673,17,696,492,3
40689,17,705,504,3
40706,17,709,473,3
40739,33,702,492,3
40739,0,702,492,3
40756,17,700,489,3
40773,17,699,476,3
40789,17,702,462,3
40806,17,702,486,3
40822,17,702,489,3
40839,17,702,480,3
40856,17,726,485,3
40872,17,736,570,3
40989,116,969,704,3
41005,17,701,719,3
41022,17,730,486,3
41039,17,739,391,2
41055,17,731,416,2
41072,17,738,436,3
41089,17,733,441,3
41105,17,728,434,3
41122,17,734,435,3
41138,17,734,440,3
41155,17,728,446,3
41172,17,732,439,3
41188,17,735,422,3
41205,17,728,442,3
41222,17,736,426,3
41238,17,731,427,3
41255,17,676,431,3
41272,17,589,382,2
41288,17,544,412,2
41305,17,546,406,2
41321,17,547,400,2
41338,17,547,380,2
41355,17,548,395,2
41371,17,547,388,2
41388,17,554,394,2
41405,17,550,389,2
41421,17,552,392,2
41438,17,548,398,2
41455,17,547,399,2
41471,17,554,393,2
41488,17,551,396,2
41504,17,551,406,2
41521,17,549,379,2
41538,17,552,373,2
41554,17,552,376,2
41571,17,547,404,2
41588,17,555,389,2
41604,17,550,392,2
41621,17,549,386,2
41638,17,549,400,2
41654,17,549,411,2
41671,17,548,410,2
41687,17,550,397,2
41704,17,558,387,2
41721,17,554,374,2
41737,17,549,384,2
41754,17,549,399,2
41771,17,548,388,2
41787,17,548,396,2
41804,17,553,396,2
41821,17,550,395,2
41837,17,549,391,2
41854,17,557,400,2
41870,17,552,386,2
41887,17,554,402,2
41904,17,549,402,2
41920,17,546,409,2
41937,17,551,391,2
41954,17,547,401,2
41970,17,545,395,2
41987,17,549,399,2
42003,17,549,425,3
42020,17,547,414,2
42037,17,544,397,2
42053,17,550,421,5
42070,17,556,386,2
42087,17,551,405,2
42103,17,548,412,2
42120,17,548,402,2
42137,17,554,392,2
42153,17,548,395,2
42170,17,549,398,2
42186,17,551,395,2
42203,17,549,407,2
42220,17,549,404,2
42236,17,548,392,2
42253,17,555,390,2
42286,33,551,415,2
42303,17,549,411,2
42320,17,547,401,2
42336,17,551,406,2
42353,17,550,389,2
42369,17,540,436,3
42386,17,500,856,0
42469,83,465,839,0
42486,17,497,554,3
42503,17,508,429,3
42519,17,511,403,2
42536,17,516,416,2
42552,17,513,468,3
42569,17,515,443,3
42586,17,513,458,3
42602,17,518,458,3
42619,17,520,460,3
42636,17,517,451,3
42652,17,510,450,3
42669,17,513,454,3
42686,17,521,445,3
42702,17,518,438,3
42719,17,519,445,3
42735,17,518,443,3
42752,17,515,460,3
42769,17,510,449,3
42785,17,514,457,3
42802,17,515,453,3
42819,17,519,435,3
42835,17,519,451,3
42852,17,521,447,3
42869,17,517,459,3
42885,17,519,453,3
42902,17,521,442,3
42918,17,524,439,3
42935,17,520,428,3
42952,17,524,443,3
42968,17,517,463,3
42985,17,525,419,5
43002,17,526,437,3
43018,17,521,455,3
43035,17,524,449,3
43052,17,523,445,3
43068,17,516,454,3
43085,17,523,441,3
43101,17,519,440,3
43118,17,521,441,3
43135,17,520,456,3
43151,17,520,447,3
43168,17,521,436,3
43185,17,520,438,3
43201,17,515,459,3
43218,17,523,421,5
43234,17,516,449,3
43251,17,523,434,3
43268,17,515,444,3
43284,17,520,437,3
43301,17,516,456,3
43318,17,521,447,3
43334,17,523,442,3
43351,17,521,447,3
43368,17,514,455,3
43384,17,521,459,3
43401,17,510,445,3
43417,17,523,438,3
43434,17,521,445,3
43451,17,523,446,3
43467,17,519,463,3
43484,17,518,462,3
43501,17,516,452,3
43517,17,522,455,3
43534,17,520,454,3
43551,17,517,457,3
43567,17,519,443,3
43584,17,518,452,3
43600,17,520,440,3
43617,17,517,469,3
43634,17,524,435,3
43650,17,519,451,3
43667,17,521,442,3
43684,17,520,431,3
43700,17,522,457,3
43717,17,520,465,3
43734,17,518,449,3
43750,17,531,427,3
43767,17,559,397,2
43783,17,555,413,2
43800,17,547,409,2
43817,17,554,417,5
43833,17,555,422,3
43850,17,554,408,2
43867,17,555,413,2
43900,33,555,403,2
43917,17,547,413,2
43933,17,552,404,2
43950,17,551,400,2
43966,17,559,402,2
43983,17,555,404,2
44000,17,553,416,2
44016,17,550,402,2
44033,17,551,413,2
44050,17,551,413,2
44066,17,555,403,2
44083,17,553,399,2
44100,17,551,398,2
44116,17,547,404,2
44133,17,554,421,5
44149,17,553,398,2
44166,17,555,403,2
44183,17,553,421,5
44199,17,556,399,2
44216,17,539,417,5
44233,17,528,459,3
44249,17,523,458,3
44266,17,531,452,3
44283,17,528,464,3
44299,17,524,464,3
44316,17,525,455,3
44349,33,520,464,3
44366,17,520,454,3
44482,116,480,815,0
44499,17,499,564,3
44515,17,494,439,3
44532,17,525,415,2
44549,17,522,423,3
44565,17,519,467,3
44582,17,518,480,3
44599,17,516,464,3
44615,17,517,471,3
44632,17,514,465,3
44648,17,514,482,3
44665,17,514,464,3
44682,17,512,474,3
44698,17,514,476,3
44715,17,517,471,3
44732,17,516,479,3
44748,17,519,481,3
44765,17,516,473,3
44782,17,514,478,3
44798,17,510,469,3
44815,17,521,480,3
44831,17,512,473,3
44848,17,511,474,3
44865,17,513,469,3
44881,17,515,459,3
44898,17,524,474,3
44915,17,514,478,3
44931,17,513,473,3
44948,17,516,481,3
44965,17,519,472,3
44981,17,519,479,3
44998,17,520,478,3
45014,17,518,473,3
45031,17,515,473,3
45048,17,514,462,3
45064,17,521,469,3
45081,17,514,496,3
45098,17,516,483,3
45114,17,518,474,3
45131,17,517,482,3
45148,17,510,479,3
45164,17,517,483,3
45181,17,515,481,3
45197,17,520,476,3
45214,17,494,698,3
45331,116,442,930,0
45347,17,485,643,3
45364,17,491,484,3
45380,17,499,440,3
45397,17,499,496,3
45414,17,503,470,3
45430,17,493,490,3
45447,17,504,469,3
45464,17,499,497,3
45480,17,495,485,3
45497,17,503,499,3
45513,17,499,494,3
45530,17,497,507,3
45547,17,503,482,3
45563,17,497,499,3
45580,17,506,476,3
45597,17,504,485,3
45613,17,498,501,3
45630,17,502,488,3
45647,17,499,494,3
45663,17,499,497,3
45680,17,501,485,3
45696,17,495,500,3
45713,17,493,512,3
45730,17,504,492,3
45746,17,504,494,3
45763,17,500,490,3
45780,17,506,489,3
45796,17,506,487,3
45813,17,504,488,3
45830,17,502,489,3
45846,17,501,499,3
45863,17,502,489,3
45879,17,508,477,3
45896,17,504,487,3
45913,17,498,495,3
45929,17,502,509,3
45946,17,512,491,3
45963,17,507,484,3
45979,17,507,493,3
45996,17,503,496,3
46013,17,502,486,3
46029,17,500,506,3
46046,17,502,480,3
46062,17,509,474,3
46079,17,498,504,3
46096,17,492,496,3
46112,17,465,500,3
46129,17,341,954,0
46295,166,432,977,0
46312,17,459,818,0
46329,17,464,629,3
46345,17,467,546,3
46362,17,485,465,3
46379,17,479,506,3
46395,17,486,507,3
46412,17,478,528,3
46428,17,477,533,3
46445,17,479,540,3
46462,17,492,517,3
46478,17,485,530,3
46495,17,487,530,3
46512,17,484,542,3
46528,17,481,515,3
46545,17,480,541,3
46562,17,483,506,3
46578,17,484,524,3
46595,17,487,529,3
46611,17,480,521,3
46628,17,485,524,3
46645,17,486,515,3
46661,17,495,522,3
46678,17,515,454,3
46695,17,522,466,3
46711,17,527,458,3
46728,17,524,468,3
46744,17,525,460,3
46761,17,527,464,3
46778,17,522,470,3
46794,17,530,457,3
46811,17,523,459,3
46828,17,525,438,3
46844,17,524,457,3
46861,17,533,463,3
46878,17,525,458,3
46894,17,523,468,3
46911,17,523,476,3
46927,17,528,461,3
46944,17,524,468,3
46961,17,522,451,3
46977,17,528,448,3
46994,17,526,463,3
47011,17,530,448,3
47027,17,524,447,3
47044,17,526,452,3
47061,17,526,458,3
47077,17,524,465,3
47094,17,525,448,3
47110,17,523,465,3
47127,17,526,457,3
47144,17,519,474,3
47160,17,526,451,3
47177,17,526,462,3
47194,17,525,471,3
47210,17,525,463,3
47227,17,526,448,3
47244,17,525,448,3
47260,17,528,459,3
47277,17,524,464,3
47293,17,526,462,3
47310,17,520,478,3
47327,17,523,448,3
47343,17,522,469,3
47360,17,521,464,3
47377,17,517,458,3
47393,17,525,461,3
47410,17,527,456,3
47427,17,527,427,3
47443,17,487,798,0
47543,100,460,370,2
47560,17,504,583,3
47576,17,527,432,3
47593,17,522,412,2
47610,17,521,441,3
47626,17,524,439,3
47643,17,516,439,3
47659,17,526,430,3
47676,17,521,458,3
47693,17,528,436,3
47709,17,521,453,3
47726,17,524,462,3
47743,17,522,455,3
47759,17,519,461,3
47776,17,520,453,3
47792,17,520,434,3
47809,17,529,439,3
47826,17,536,389,2
47842,17,538,401,2
47859,17,539,391,2
47876,17,538,404,2
47892,17,533,397,2
47909,17,543,379,2
47926,17,539,388,2
47942,17,540,394,2
47959,17,543,390,2
47975,17,538,390,2
47992,17,543,386,2
48009,17,542,378,2
48025,17,537,400,2
48042,17,541,401,2
48059,17,539,391,2
48075,17,545,371,2
48092,17,541,373,2
48109,17,542,378,2
48125,17,545,366,2
48142,17,546,398,2
48158,17,544,372,2
48175,17,544,387,2
48192,17,543,380,2
48208,17,540,380,2
48225,17,539,388,2
48242,17,546,386,2
48258,17,541,425,3
48275,17,543,457,3
48292,17,539,453,3
48308,17,541,463,3
48325,17,539,461,3
48341,17,538,460,3
48358,17,537,462,3
48375,17,538,479,3
48391,17,535,456,3
48408,17,537,454,3
48425,17,537,452,3
48441,17,538,453,3
48458,17,540,455,3
48475,17,543,450,3
48491,17,533,475,3
48508,17,539,457,3
48524,17,539,451,3
48541,17,543,438,3
48558,17,535,465,3
48574,17,529,464,3
48591,17,524,468,3
48608,17,524,468,3
48624,17,529,464,3
48641,17,526,455,3
48658,17,525,457,3
48674,17,521,475,3
48691,17,526,475,3
48707,17,521,477,3
48724,17,520,470,3
48741,17,523,474,3
48757,17,524,463,3
48774,17,519,478,3
48791,17,517,477,3
48807,17,522,459,3
48824,17,521,469,3
48841,17,522,470,3
48857,17,524,464,3
48874,17,518,479,3
48890,17,524,465,3
48907,17,520,484,3
48924,17,524,446,3
48940,17,524,466,3
48957,17,524,460,3
48974,17,519,481,3
48990,17,524,466,3
49007,17,523,474,3
49023,17,518,480,3
49040,17,520,493,3
49057,17,520,475,3
49073,17,526,464,3
49090,17,520,477,3
49107,17,521,456,3
49123,17,524,483,3
49140,17,523,476,3
49157,17,525,466,3
49173,17,523,470,3
49190,17,522,480,3
49206,17,519,471,3
49223,17,521,473,3
49240,17,523,466,3
49256,17,522,458,3
49273,17,520,473,3
49290,17,522,471,3
49306,17,518,479,3
49323,17,521,501,3
49340,17,525,468,3
49356,17,523,462,3
49373,17,524,472,3
49389,17,522,477,3
49406,17,523,468,3
49423,17,519,489,3
49439,17,524,463,3
49456,17,523,466,3
49473,17,530,461,3
49489,17,529,446,3
49506,17,527,458,3
49523,17,526,467,3
49539,17,523,477,3
49556,17,519,484,3
49572,17,521,486,3
49589,17,520,500,3
49606,17,520,488,3
49622,17,519,474,3
49639,17,518,479,3
49656,17,526,457,3
49672,17,521,478,3
49689,17,524,475,3
49706,17,525,478,3
49722,17,517,475,3
49739,17,528,463,3
49755,17,521,467,3
49772,17,518,486,3
49789,17,523,479,3
49805,17,525,453,3
49822,17,524,485,3
49839,17,520,479,3
49855,17,527,466,3
49872,17,515,481,3
49889,17,524,477,3
49905,17,527,474,3
49922,17,526,456,3
49938,17,508,426,3
49955,17,516,424,3
49972,17,515,407,2
49988,17,514,430,3
50005,17,512,435,3
50022,17,517,423,3
50038,17,518,407,2
50055,17,517,419,5
50088,33,519,413,2
50088,0,519,413,2
50105,17,513,424,3
50121,17,517,420,5
50138,17,515,423,3
50155,17,513,426,3
50188,33,517,431,3
50188,0,517,431,3
50205,17,517,411,2
50221,17,516,427,3
50238,17,521,412,2
50254,17,516,415,2
50271,17,515,414,2
50288,17,513,419,5
50304,17,513,384,2
50321,17,513,393,2
50338,17,516,394,2
50354,17,513,393,2
50371,17,515,386,2
50388,17,517,379,2
50404,17,512,380,2
50421,17,517,389,2
50437,17,517,392,2
50454,17,513,394,2
50471,17,523,402,2
50487,17,590,357,4
50504,17,601,364,4
50521,17,605,360,4
50537,17,611,348,4
50554,17,604,370,2
50571,17,600,363,4
50587,17,594,364,4
50604,17,598,338,4
50620,17,605,352,4
50637,17,584,377,2
50654,17,596,379,2
50670,17,603,366,2
50687,17,594,344,4
50704,17,598,371,2
50720,17,601,358,4
50737,17,597,356,4
50754,17,600,357,4
50770,17,610,349,4
50787,17,596,348,4
50803,17,605,346,4
50820,17,600,352,4
50837,17,599,350,4
50853,17,597,339,4
50870,17,614,337,0
50887,17,593,367,2
50903,17,585,453,3
51020,116,525,742,3
51036,17,545,474,3
51053,17,565,367,2
51070,17,558,407,2
51086,17,565,425,3
51103,17,563,403,2
51120,17,562,411,2
51136,17,560,414,2
51153,17,560,441,3
51169,17,565,416,2
51186,17,560,427,3
51203,17,556,425,3
51219,17,556,427,3
51236,17,561,431,3
51253,17,559,424,3
51269,17,560,423,3
51286,17,557,426,3
51302,17,557,432,3
51319,17,562,421,5
51336,17,564,422,3
51352,17,568,425,3
51369,17,561,430,3
51386,17,563,424,3
51402,17,558,421,5
51419,17,559,423,3
51436,17,563,398,2
51452,17,562,428,3
51469,17,559,430,3
51485,17,565,432,3
51502,17,562,426,3
51519,17,565,432,3
51535,17,562,436,3
51552,17,564,420,5
51569,17,565,410,2
51585,17,562,418,5
51602,17,527,399,2
51619,17,536,415,2
51635,17,529,402,2
51652,17,532,420,5
51668,17,532,413,2
51685,17,527,412,2
51702,17,525,418,5
51718,17,531,415,2
51735,17,528,429,3
51752,17,525,423,3
51768,17,528,421,5
51785,17,533,419,5
51802,17,534,421,5
51818,17,531,413,2
51835,17,529,413,2
51851,17,528,417,5
51868,17,535,412,2
51885,17,524,446,3
51901,17,526,442,3
51918,17,525,415,2
51935,17,524,428,3
51951,17,526,437,3
51968,17,527,428,3
51985,17,528,415,2
52001,17,524,426,3
52018,17,528,428,3
52034,17,530,414,2
52051,17,522,416,2
52068,17,522,445,3
52084,17,527,418,5
52101,17,526,417,5
52118,17,529,410,2
52134,17,546,417,5
52151,17,542,380,2
52168,17,553,372,2
52184,17,546,383,2
52201,17,546,365,2
52217,17,545,372,2
52234,17,552,368,2
52251,17,546,383,2
52267,17,550,366,2
52284,17,544,400,2
52301,17,547,386,2
52317,17,553,364,4
52334,17,542,382,2
52350,17,553,378,2
52367,17,547,387,2
52384,17,550,366,2
52400,17,556,378,2
52417,17,552,372,2
52434,17,553,362,4
52450,17,550,362,4
52467,17,549,377,2
52484,17,549,383,2
52500,17,556,369,2
52517,17,549,371,2
52533,17,551,383,2
52550,17,562,369,2
52567,17,550,377,2
52583,17,546,392,2
52600,17,555,388,2
52617,17,550,386,2
52633,17,547,376,2
52650,17,553,365,2
52667,17,546,391,2
52683,17,554,372,2
52700,17,556,364,4
52716,17,549,378,2
52733,17,547,383,2
52750,17,548,374,2
52766,17,546,385,2
52783,17,550,372,2
52800,17,550,356,4
52816,17,546,392,2
52833,17,545,401,2
52850,17,550,388,2
52866,17,548,392,2
52883,17,559,377,2
52899,17,543,401,2
52916,17,550,387,2
52933,17,548,398,2
52949,17,547,390,2
52966,17,547,382,2
52983,17,539,387,2
52999,17,548,380,2
53016,17,540,376,2
53033,17,549,378,2
53049,17,541,393,2
53066,17,540,406,2
53082,17,538,392,2
53099,17,540,393,2
53116,17,544,404,2
53132,17,554,453,3
53149,17,551,442,3
53166,17,555,433,3
53182,17,547,454,3
53199,17,549,452,3
53216,17,547,461,3
53232,17,552,455,3
53249,17,554,446,3
53265,17,549,462,3
53282,17,551,454,3
53299,17,553,462,3
53315,17,551,447,3
53332,17,553,440,3
53349,17,570,453,3
53365,17,600,476,3
53382,17,604,452,3
53399,17,609,467,3
53415,17,620,452,3
53432,17,610,430,3
53448,17,611,443,3
53465,17,612,435,3
53482,17,614,448,3
53498,17,611,467,3
53515,17,614,446,3
53532,17,611,441,3
53548,17,607,449,3
53565,17,612,448,3
53581,17,617,453,3
53598,17,597,408,2
53615,17,586,398,2
53631,17,593,386,2
53648,17,588,400,2
53665,17,589,426,3
53681,17,594,404,2
53698,17,599,392,2
53715,17,595,405,2
53731,17,587,394,2
53748,17,599,397,2
53764,17,593,399,2
53781,17,589,414,2
53798,17,596,399,2
53814,17,592,391,2
53831,17,596,378,2
53848,17,594,387,2
53864,17,593,395,2
53881,17,596,398,2
53898,17,596,396,2
53914,17,604,397,2
53931,17,594,386,2
53947,17,603,393,2
53964,17,593,394,2
53981,17,569,388,2
53997,17,569,338,4
54014,17,568,345,4
54031,17,569,333,4
54047,17,578,350,4
54064,17,571,357,4
54081,17,580,353,4
54097,17,565,352,4
54114,17,571,355,4
54130,17,565,353,4
54147,17,565,353,4
54164,17,564,363,4
54180,17,567,353,4
54197,17,561,342,4
54214,17,567,346,4
54230,17,570,354,4
54247,17,564,357,4
54264,17,576,344,4
54280,17,572,347,4
54297,17,578,332,4
54313,17,576,339,4
54330,17,574,350,4
54347,17,585,344,4
54363,17,566,343,4
54380,17,569,349,4
54397,17,576,333,4
54413,17,566,359,4
54430,17,564,378,2
54447,17,569,347,4
54463,17,570,351,4
54480,17,571,357,4
54496,17,580,331,4
54513,17,578,340,4
54530,17,572,363,4
54546,17,577,352,4
54563,17,568,350,4
54580,17,568,355,4
54596,17,563,361,4
54613,17,563,360,4
54630,17,568,361,4
54646,17,575,358,4
54663,17,561,370,2
54679,17,564,361,4
54696,17,563,352,4
54713,17,558,364,4
54729,17,568,347,4
54746,17,562,357,4
54763,17,558,368,2
54779,17,560,361,4
54796,17,558,359,4
54812,17,535,378,2
54829,17,533,404,2
54846,17,531,405,2
54862,17,529,415,2
54879,17,531,409,2
54896,17,532,379,2
54912,17,529,407,2
54929,17,528,402,2
54946,17,484,768,0
55079,133,488,856,0
55095,17,515,551,3
55112,17,534,384,2
55129,17,539,430,3
55145,17,534,437,3
55162,17,535,453,3
55178,17,538,451,3
55195,17,536,433,3
55212,17,535,447,3
55228,17,550,430,3
55245,17,534,446,3
55262,17,535,467,3
55278,17,537,465,3
55295,17,534,442,3
55312,17,537,454,3
55328,17,540,428,3
55345,17,536,462,3
55361,17,536,444,3
55378,17,538,437,3
55395,17,539,427,3
55411,17,539,452,3
55428,17,537,430,3
55445,17,540,439,3
55461,17,542,415,2
55478,17,544,439,3
55495,17,539,456,3
55511,17,540,440,3
55528,17,542,444,3
55544,17,546,416,2
55561,17,541,443,3
55578,17,551,418,5
55594,17,540,435,3
55611,17,541,430,3
55628,17,544,430,3
55644,17,541,439,3
55661,17,538,446,3
55678,17,541,421,5
55694,17,558,416,2
55711,17,542,423,3
55727,17,548,416,2
55744,17,544,430,3
55761,17,536,442,3
55777,17,534,446,3
55794,17,547,432,3
55811,17,543,428,3
55827,17,541,421,5
55844,17,538,443,3
55860,17,542,451,3
55877,17,545,419,5
55894,17,543,426,3
55910,17,539,434,3
55927,17,543,419,5
55944,17,542,414,2
55960,17,545,404,2
55977,17,547,389,2
55994,17,545,406,2
56010,17,547,383,2
56027,17,551,373,2
56043,17,547,395,2
56060,17,538,412,2
56077,17,544,386,2
56093,17,550,394,2
56110,17,546,392,2
56127,17,550,393,2
56143,17,547,392,2
56160,17,541,399,2
56177,17,551,366,2
56193,17,557,385,2
56210,17,549,358,4
56226,17,567,357,4
56243,17,554,361,4
56260,17,549,373,2
56276,17,553,355,4
56293,17,552,367,2
56310,17,551,362,4
56326,17,558,341,4
56343,17,557,358,4
56360,17,559,341,4
56376,17,555,344,4
56393,17,548,373,2
56409,17,553,356,4
56426,17,549,365,2
56443,17,564,346,4
56459,17,549,367,2
56476,17,553,341,4
56493,17,556,347,4
56509,17,558,339,4
56526,17,557,344,4
56543,17,561,340,4
56559,17,554,351,4
56576,17,557,346,4
56592,17,554,356,4
56609,17,557,339,4
56626,17,555,343,4
56642,17,559,355,4
56659,17,553,356,4
56676,17,558,342,4
56692,17,549,361,4
56709,17,552,361,4
56726,17,563,371,2
56742,17,550,352,4
56759,17,553,362,4
56775,17,550,365,2
56792,17,554,339,4
56809,17,565,343,4
56825,17,595,298,4
56842,17,598,303,4
56859,17,594,306,4
56875,17,597,315,4
56892,17,631,280,0
56909,17,597,310,4
56925,17,595,313,4
56942,17,600,312,4
56958,17,610,301,4
56975,17,594,306,4
56992,17,593,321,4
57008,17,619,285,0
57025,17,607,299,4
57042,17,595,331,4
57058,17,594,332,4
57075,17,595,326,4
57091,17,599,310,4
57108,17,601,306,4
57125,17,600,291,4
57141,17,596,343,4
57158,17,609,307,4
57191,33,581,340,4
57208,17,544,408,2
57225,17,547,389,2
57241,17,545,417,5
57258,17,541,392,2
57274,17,545,400,2
57291,17,545,382,2
57308,17,552,376,2
57324,17,549,389,2
57341,17,541,391,2
57358,17,549,403,2
57374,17,554,402,2
57391,17,545,402,2
57408,17,547,400,2
57424,17,547,409,2
57441,17,546,399,2
57457,17,545,412,2
57474,17,549,382,2
57491,17,545,389,2
57507,17,553,400,2
57524,17,550,411,2
57541,17,545,422,3
57557,17,546,402,2
57574,17,550,395,2
57591,17,574,366,2
57607,17,582,356,4
57624,17,578,353,4
57640,17,574,380,2
57657,17,573,374,2
57674,17,583,350,4
57690,17,584,349,4
57707,17,575,355,4
57724,17,582,362,4
57740,17,574,361,4
57757,17,582,344,4
57774,17,579,355,4
57790,17,584,336,4
57807,17,585,272,0
57823,17,598,271,0
57840,17,591,275,0
57857,17,602,281,0
57873,17,597,269,0
57890,17,612,276,0
57907,17,621,223,1
57923,17,620,244,1
57940,17,626,220,1
57957,17,617,240,1
57973,17,622,217,1
57990,17,623,210,1
58006,17,612,229,1
58023,17,614,217,1
58040,17,624,210,1
58056,17,617,217,1
58073,17,620,220,1
58090,17,615,228,1
58106,17,618,199,1
58123,17,594,206,1
58139,17,605,203,1
58156,17,597,208,1
58173,17,588,210,1
58189,17,593,202,1
58206,17,590,218,1
58223,17,596,221,1
58239,17,601,203,1
58256,17,595,221,1
58273,17,594,218,1
58289,17,592,201,1
58306,17,592,215,1
58322,17,590,216,1
58339,17,581,213,1
58356,17,543,240,1
58372,17,541,233,1
58389,17,534,242,1
58406,17,534,226,1
58422,17,540,223,1
58439,17,546,212,1
58456,17,541,209,1
58472,17,537,228,1
58489,17,537,223,1
58505,17,539,222,1
58522,17,547,227,1
58539,17,536,236,1
58555,17,538,244,1
58572,17,539,242,1
58589,17,544,214,1
58605,17,525,298,4
58622,17,506,374,2
58639,17,509,369,2
58655,17,509,392,2
58672,17,509,385,2
58688,17,509,385,2
58705,17,514,396,2
58722,17,512,369,2
58738,17,514,365,2
58755,17,516,384,2
58772,17,516,391,2
58788,17,513,375,2
58805,17,516,381,2
58822,17,512,399,2
58838,17,513,387,2
58855,17,514,387,2
58871,17,513,360,4
58888,17,458,810,0
59005,116,447,918,0
59021,17,492,585,3
59038,17,516,352,4
59054,17,521,361,4
59071,17,522,408,2
59088,17,522,424,3
59104,17,522,394,2
59121,17,528,409,2
59138,17,525,427,3
59154,17,523,411,2
59171,17,561,408,2
59188,17,591,436,3
59204,17,594,415,2
59221,17,589,428,3
59237,17,594,413,2
59254,17,590,417,2
59271,17,587,440,3
59287,17,595,422,3
59304,17,592,432,3
59321,17,595,431,3
59337,17,590,409,2
59354,17,593,424,3
59370,17,585,446,3
59387,17,597,421,3
59404,17,588,438,3
59420,17,592,433,3
59437,17,595,423,3
59454,17,591,428,3
59470,17,590,421,3
59487,17,597,420,3
59504,17,599,427,3
59520,17,596,414,2
59537,17,599,409,2
59553,17,601,407,2
59570,17,594,423,3
59587,17,587,425,3
59603,17,597,422,3
59620,17,591,433,3
59637,17,592,423,3
59653,17,540,420,5
59670,17,546,412,2
59687,17,536,431,3
59703,17,540,417,5
59720,17,545,424,3
59736,17,544,435,3
59753,17,544,406,2
59770,17,537,424,3
59786,17,546,421,5
59803,17,542,422,3
59820,17,544,411,2
59836,17,542,412,2
59853,17,542,416,2
59870,17,542,414,2
59886,17,542,422,3
59903,17,538,424,3
59919,17,535,374,2
59936,17,535,396,2
59953,17,543,382,2
59969,17,539,384,2
59986,17,539,380,2
60003,17,538,390,2
60019,17,536,386,2
60036,17,541,371,2
60053,17,532,402,2
60069,17,540,395,2
60086,17,528,413,2
60186,100,518,352,4
60202,17,501,601,3
60219,17,509,429,3
60236,17,521,342,4
60252,17,528,355,4
60269,17,521,379,2
60285,17,523,389,2
60302,17,514,427,3
60319,17,522,397,2
60335,17,520,423,3
60352,17,522,408,2
60369,17,518,435,3
60385,17,524,422,3
60402,17,520,418,5
60418,17,522,414,2
60435,17,527,416,2
60452,17,522,409,2
60468,17,522,420,5
60485,17,527,408,2
60502,17,523,408,2
60518,17,524,424,3
60535,17,527,406,2
60552,17,523,413,2
60568,17,525,404,2
60585,17,523,399,2
60601,17,527,406,2
60618,17,527,394,2
60635,17,525,417,5
60651,17,526,421,5
60668,17,528,405,2
60685,17,525,398,2
60701,17,526,412,2
60718,17,521,415,2
60735,17,523,390,2
60751,17,527,421,5
60768,17,529,414,2
60784,17,529,410,2
60801,17,524,404,2
60818,17,529,397,2
60834,17,533,390,2
60851,17,532,401,2
60868,17,528,400,2
60884,17,534,398,2
60901,17,527,417,5
60918,17,525,411,2
60934,17,525,411,2
60951,17,534,387,2
60967,17,528,414,2
60984,17,530,411,2
61001,17,530,424,3
61017,17,533,398,2
61034,17,525,409,2
61051,17,532,392,2
61067,17,529,430,3
61084,17,526,409,2
61101,17,539,392,2
61117,17,528,412,2
61134,17,528,403,2
61150,17,530,403,2
61167,17,527,419,5
61184,17,527,417,5
61200,17,531,413,2
61217,17,529,393,2
61234,17,534,404,2
61250,17,528,408,2
61267,17,530,405,2
61284,17,534,404,2
61300,17,531,400,2
61317,17,529,402,2
61333,17,530,419,5
61350,17,531,412,2
61367,17,530,403,2
61383,17,564,383,2
61400,17,540,390,2
61417,17,552,358,4
61433,17,549,375,2
61450,17,547,367,2
61467,17,552,358,4
61483,17,547,382,2
61500,17,550,390,2
61516,17,552,378,2
61533,17,551,370,2
61550,17,547,375,2
61566,17,546,382,2
61583,17,552,383,2
61600,17,548,390,2
61616,17,550,383,2
61633,17,551,361,4
61649,17,551,380,2
61666,17,554,374,2
61683,17,548,377,2
61699,17,547,389,2
61716,17,545,382,2
61733,17,545,396,2
61749,17,545,390,2
61766,17,549,380,2
61783,17,545,398,2
61799,17,547,391,2
61816,17,546,385,2
61832,17,544,386,2
61849,17,553,372,2
61866,17,507,416,2
61882,17,508,394,2
61899,17,498,406,2
61916,17,498,386,2
61932,17,501,396,2
61949,17,500,407,2
61966,17,498,408,2
61982,17,496,399,2
61999,17,497,407,2
62015,17,498,398,2
62032,17,500,406,2
62049,17,493,419,5
62065,17,498,408,2
62082,17,497,405,2
62099,17,499,407,2
62115,17,499,389,2
62132,17,503,390,2
62149,17,504,401,2
62165,17,504,400,2
62182,17,496,404,2
62198,17,500,405,2
62215,17,498,409,2
62232,17,502,403,2
62248,17,499,407,2
62265,17,500,395,2
62282,17,503,395,2
62298,17,498,397,2
62315,17,500,397,2
62332,17,500,405,2
62348,17,505,384,2
62365,17,500,397,2
62381,17,502,383,2
62398,17,504,387,2
62415,17,499,401,2
62431,17,498,410,2
62448,17,504,396,2
62465,17,497,405,2
62481,17,501,371,2
62498,17,435,936,0
62598,100,502,668,3
62614,17,523,499,3
62631,17,531,410,2
62648,17,534,391,2
62664,17,534,400,2
62681,17,539,374,2
62698,17,532,417,5
62714,17,531,413,2
62731,17,531,427,3
62747,17,533,437,3
62764,17,531,434,3
62781,17,529,435,3
62797,17,533,421,5
62814,17,531,434,3
62831,17,536,430,3
62847,17,534,426,3
62864,17,533,439,3
62880,17,532,439,3
62897,17,533,419,5
62914,17,528,425,3
62930,17,536,411,2
62947,17,530,429,3
62964,17,532,430,3
62980,17,529,434,3
62997,17,533,429,3
63014,17,529,434,3
63030,17,530,435,3
63047,17,529,430,3
63063,17,532,434,3
63080,17,525,431,3
63097,17,524,448,3
63113,17,535,405,2
63130,17,529,417,5
63147,17,532,430,3
63163,17,535,410,2
63180,17,530,419,5
63197,17,529,429,3
63213,17,529,443,3
63230,17,531,427,3
63246,17,537,426,3
63263,17,527,423,3
63280,17,527,428,3
63296,17,529,431,3
63313,17,525,439,3
63330,17,531,424,3
63346,17,527,444,3
63363,17,532,433,3
63380,17,532,435,3
63396,17,526,428,3
63413,17,527,425,3
63429,17,530,431,3
63446,17,528,429,3
63463,17,525,427,3
63479,17,528,418,5
63496,17,524,433,3
63513,17,523,404,2
63529,17,496,750,3
63696,166,426,982,0
63712,17,476,788,0
63729,17,486,623,3
63746,17,505,522,3
63762,17,507,473,3
63779,17,527,471,3
63795,17,508,509,3
63812,17,512,507,3
63829,17,504,513,3
63845,17,502,504,3
63862,17,505,538,3
63879,17,509,520,3
63895,17,512,513,3
63912,17,500,532,3
63928,17,528,460,3
63945,17,529,428,3
63962,17,535,431,3
63978,17,538,416,2
63995,17,535,430,3
64012,17,535,440,3
64028,17,535,420,5
64045,17,540,432,3
64062,17,536,421,5
64078,17,535,433,3
64095,17,538,428,3
64111,17,534,441,3
64128,17,540,422,3
64145,17,534,427,3
64161,17,535,413,2
64178,17,541,430,3
64195,17,548,391,2
64211,17,556,382,2
64228,17,554,382,2
64245,17,557,369,2
64261,17,556,380,2
64278,17,557,387,2
64294,17,551,368,2
64311,17,552,375,2
64328,17,554,386,2
64344,17,556,381,2
64361,17,556,375,2
64378,17,557,371,2
64394,17,557,380,2
64411,17,559,365,2
64428,17,559,381,2
64444,17,553,380,2
64461,17,562,373,2
64477,17,558,371,2
64494,17,557,352,4
64511,17,558,370,2
64527,17,495,470,3
64544,17,472,492,3
64561,17,473,494,3
64577,17,476,491,3
64594,17,482,489,3
64611,17,475,513,3
64627,17,476,481,3
64644,17,470,488,3
64660,17,480,493,3
64677,17,476,485,3
64694,17,474,494,3
64710,17,468,491,3
64727,17,474,498,3
64744,17,474,488,3
64760,17,484,499,3
64777,17,471,491,3
64794,17,481,484,3
64810,17,480,495,3
64827,17,480,479,3
64843,17,476,483,3
64860,17,568,412,2
64877,17,587,394,2
64893,17,592,403,2
64910,17,594,402,2
64927,17,597,394,2
64943,17,594,385,2
64960,17,594,384,2
64977,17,596,386,2
64993,17,594,398,2
65010,17,593,376,2
65026,17,593,394,2
65043,17,596,383,2
65060,17,599,364,4
65076,17,598,313,4
65093,17,606,320,4
65110,17,605,301,4
65126,17,617,309,0
65143,17,611,291,4
65159,17,607,310,4
65176,17,614,307,0
65193,17,608,315,4
65209,17,615,307,0
65226,17,601,321,4
65243,17,605,327,4
65259,17,605,323,4
65276,17,605,309,4
65293,17,598,320,4
65309,17,610,335,4
65326,17,604,325,4
65342,17,610,312,4
65359,17,605,303,4
65376,17,607,310,4
65392,17,618,307,0
65409,17,602,310,4
65426,17,628,307,0
65442,17,605,324,4
65459,17,620,299,0
65476,17,607,325,4
65492,17,610,317,4
65509,17,612,296,4
65525,17,601,338,4
65542,17,604,329,4
65559,17,600,323,4
65575,17,599,314,4
65592,17,614,319,0
65609,17,601,332,4
65625,17,602,321,4
65642,17,608,313,4
65659,17,608,312,4
65675,17,608,316,4
65692,17,612,325,4
65708,17,597,338,4
65725,17,607,327,4
65742,17,605,328,4
65758,17,606,319,4
65775,17,569,360,4
65792,17,543,394,2
65808,17,551,399,2
65825,17,543,400,2
65842,17,545,401,2
65858,17,543,411,2
65875,17,546,399,2
65891,17,541,415,2
65908,17,546,398,2
65925,17,547,382,2
65941,17,543,399,2
65958,17,542,395,2
65975,17,548,393,2
65991,17,544,404,2
66008,17,535,406,2
66025,17,542,423,3
66041,17,544,405,2
66058,17,542,400,2
66074,17,549,389,2
66091,17,546,405,2
66108,17,544,415,2
66124,17,545,423,3
66141,17,545,406,2
66158,17,545,404,2
66174,17,542,401,2
66191,17,546,397,2
66207,17,537,427,3
66224,17,539,417,5
66241,17,543,421,5
66257,17,539,417,5
66274,17,539,392,2
66291,17,543,392,2
66307,17,542,432,3
66324,17,540,407,2
66341,17,544,403,2
66357,17,541,407,2
66374,17,543,402,2
66390,17,542,408,2
66407,17,545,411,2
66424,17,541,400,2
66440,17,546,386,2
66457,17,546,417,5
66474,17,541,418,5
66490,17,543,411,2
66507,17,543,424,3
66524,17,540,411,2
66540,17,542,407,2
66557,17,550,394,2
66573,17,540,429,3
66590,17,542,417,5
66607,17,546,398,2
66623,17,548,385,2
66640,17,546,403,2
66657,17,545,411,2
66673,17,546,399,2
66690,17,544,395,2
66707,17,546,399,2
66723,17,546,420,5
66740,17,547,421,5
66756,17,548,464,3
66773,17,540,458,3
66790,17,543,468,3
66806,17,544,497,3
66823,17,541,467,3
66840,17,544,465,3
66856,17,544,455,3
66873,17,546,465,3
66890,17,549,450,3
66906,17,547,473,3
66923,17,546,457,3
67039,116,527,579,3
67056,17,548,376,2
67073,17,547,423,3
67089,17,550,416,2
67106,17,546,433,3
67122,17,543,454,3
67139,17,576,459,3
67156,17,656,469,3
67172,17,711,506,3
67189,17,709,469,3
67206,17,716,475,3
67222,17,725,484,3
67239,17,716,483,3
67256,17,717,506,3
67272,17,723,475,3
67289,17,716,508,3
67305,17,726,486,3
67322,17,715,500,3
67339,17,727,489,3
67355,17,731,482,3
67372,17,724,507,3
67389,17,718,508,3
67405,17,719,489,3
67422,17,719,496,3
67438,17,717,512,3
67455,17,711,486,3
67472,17,720,475,3
67488,17,728,466,3
67505,17,723,476,3
67522,17,728,483,3
67538,17,717,500,3
67555,17,620,481,3
67572,17,575,441,3
67588,17,568,440,3
67605,17,564,453,3
67621,17,570,434,3
67638,17,563,440,3
67655,17,568,451,3
67671,17,571,442,3
67688,17,565,454,3
67705,17,569,444,3
67721,17,565,450,3
67738,17,563,451,3
67755,17,568,449,3
67771,17,561,452,3
67788,17,563,441,3
67804,17,567,446,3
67821,17,564,437,3
67838,17,569,432,3
67854,17,567,458,3
67871,17,567,441,3
67888,17,503,411,2
67904,17,512,417,5
67921,17,509,400,2
67938,17,503,418,5
67954,17,508,398,2
67971,17,513,391,2
67987,17,507,416,2
68004,17,512,429,3
68021,17,508,411,2
68037,17,509,398,2
68054,17,507,415,2
68071,17,508,418,5
68087,17,506,415,2
68104,17,502,423,3
68121,17,503,407,2
68137,17,505,426,3
68154,17,505,406,2
68170,17,505,422,3
68187,17,504,401,2
68204,17,499,433,3
68220,17,501,403,2
68237,17,504,405,2
68254,17,505,415,2
68270,17,505,402,2
68287,17,505,407,2
68304,17,502,413,2
68320,17,498,414,2
68337,17,504,419,5
68353,17,502,420,5
68370,17,503,408,2
68387,17,499,399,2
68403,17,505,408,2
68420,17,500,415,2
68437,17,506,403,2
68453,17,506,398,2
68470,17,504,420,5
68486,17,507,399,2
68503,17,507,408,2
68520,17,509,419,5
68536,17,508,408,2
68553,17,501,412,2
68570,17,506,409,2
68586,17,509,397,2
68603,17,506,406,2
68620,17,507,412,2
68636,17,506,410,2
68653,17,510,412,2
68669,17,507,398,2
68686,17,509,427,3
68703,17,509,391,2
68719,17,508,410,2
68736,17,508,402,2
68753,17,508,396,2
68769,17,508,410,2
68786,17,512,398,2
68803,17,526,364,4
68819,17,531,353,4
68836,17,532,365,2
68852,17,532,373,2
68869,17,529,363,4
68886,17,535,350,4
68902,17,540,349,4
68919,17,533,367,2
68936,17,551,279,0
68952,17,556,272,0
68969,17,561,263,0
68986,17,563,257,1
69002,17,576,247,1
69019,17,562,253,1
69035,17,561,272,0
69052,17,562,256,1
69069,17,554,279,0
69085,17,559,266,0
69102,17,569,262,0
69119,17,560,246,1
69135,17,557,282,0
69152,17,555,264,0
69169,17,554,260,0
69185,17,563,229,1
69202,17,559,257,1
69218,17,562,274,0
69235,17,555,278,0
69252,17,562,263,0
69268,17,559,286,0
69285,17,557,262,0
69302,17,563,246,1
69318,17,558,277,0
69335,17,553,287,0
69352,17,569,264,0
69368,17,636,266,0
69385,17,654,276,0
69401,17,658,301,0
69418,17,652,262,0
69435,17,650,293,0
69451,17,649,303,0
69468,17,649,304,0
69485,17,653,285,0
69501,17,654,279,0
69518,17,641,307,0
69535,17,638,308,0
69551,17,648,295,0
69568,17,653,287,0
69584,17,662,290,0
69601,17,688,224,1
69618,17,688,234,1
69634,17,687,215,1
69651,17,689,239,1
69668,17,688,246,1
69684,17,692,214,1
69701,17,690,223,1
69717,17,687,221,1
69734,17,689,239,1
69751,17,687,234,1
69767,17,685,225,1
69784,17,688,228,1
69801,17,677,254,1
69817,17,576,379,2
69834,17,555,391,2
69851,17,548,408,2
69867,17,549,419,5
69884,17,547,403,2
69900,17,546,428,3
69917,17,547,416,2
69934,17,546,412,2
69950,17,548,419,5
69967,17,552,409,2
69984,17,550,404,2
70000,17,551,407,2
70017,17,555,394,2
70034,17,557,386,2
70050,17,553,412,2
70067,17,553,397,2
70083,17,550,411,2
70100,17,549,402,2
70117,17,551,411,2
70133,17,551,414,2
70150,17,500,869,0
70233,83,493,765,3
70250,17,528,455,3
70266,17,548,345,4
70283,17,548,396,2
70300,17,545,396,2
70316,17,544,410,2
70333,17,546,423,3
70350,17,546,411,2
70366,17,549,403,2
70383,17,544,422,3
70400,17,544,411,2
70416,17,542,423,3
70433,17,544,429,3
70449,17,542,401,2
70466,17,546,388,2
70483,17,541,415,2
70499,17,542,415,2
70516,17,518,440,3
70533,17,511,470,3
70549,17,505,469,3
70566,17,510,471,3
70583,17,508,481,3
70599,17,514,475,3
70616,17,511,461,3
70632,17,507,464,3
70649,17,510,479,3
70666,17,507,466,3
70682,17,511,471,3
70699,17,509,457,3
70716,17,504,472,3
70732,17,507,463,3
70749,17,509,454,3
70765,17,512,456,3
70782,17,514,469,3
70799,17,512,452,3
70815,17,515,464,3
70832,17,517,444,3
70849,17,517,462,3
70865,17,516,461,3
70882,17,513,451,3
70899,17,508,456,3
70915,17,510,470,3
70932,17,490,676,3
71198,266,480,881,0
71215,17,506,612,3
71231,17,512,486,3
71248,17,516,519,3
71265,17,521,526,3
71281,17,513,549,3
71298,17,516,553,3
71314,17,514,544,3
71331,17,508,551,3
71348,17,513,552,3
71364,17,522,461,3
71381,17,519,488,3
71398,17,522,461,3
71414,17,523,474,3
71431,17,524,485,3
71448,17,525,472,3
71464,17,523,459,3
71481,17,521,466,3
71497,17,521,478,3
71514,17,521,462,3
71531,17,534,486,3
71547,17,644,487,3
71564,17,758,618,3
71581,17,819,724,3
71597,17,824,765,3
71614,17,833,748,3
71631,17,833,762,3
71647,17,772,781,0
71664,17,846,765,3
71680,17,846,717,3
71697,17,828,771,0
71714,17,832,736,3
71730,17,816,759,3
71747,17,752,812,0
71764,17,815,761,3
71780,17,751,816,0
71797,17,750,829,0
71814,17,824,745,3
71830,17,725,685,3
71880,50,545,393,2
71897,17,550,361,4
71913,17,546,381,2
71930,17,559,381,2
71947,17,553,376,2
71963,17,572,367,2
71980,17,563,377,2
71996,17,550,382,2
72013,17,563,368,2
72030,17,564,369,2
72046,17,552,394,2
72063,17,566,376,2
72080,17,552,374,2
72096,17,559,366,2
72113,17,550,371,2
72130,17,571,367,2
72146,17,554,369,2
72163,17,547,381,2
72179,17,560,367,2
72196,17,564,388,2
72213,17,552,381,2
72229,17,550,386,2
72246,17,553,384,2
72263,17,555,373,2
72279,17,548,398,2
72296,17,550,399,2
72313,17,554,387,2
72329,17,547,393,2
72346,17,549,404,2
72362,17,517,472,3
72379,17,528,456,3
72396,17,516,474,3
72412,17,759,666,3
72562,150,503,696,3
72579,17,505,453,3
72595,17,515,412,2
72612,17,518,449,3
72629,17,520,449,3
72645,17,520,464,3
72662,17,519,460,3
72679,17,521,465,3
72695,17,515,457,3
72712,17,517,473,3
72728,17,515,467,3
72745,17,521,472,3
72762,17,514,480,3
72778,17,521,458,3
72795,17,515,482,3
72812,17,521,449,3
72828,17,518,459,3
72845,17,519,473,3
72862,17,520,472,3
72878,17,517,467,3
72895,17,524,452,3
72911,17,522,453,3
72928,17,517,463,3
72945,17,516,467,3
72961,17,514,460,3
72978,17,521,461,3
72995,17,521,461,3
73011,17,521,460,3
73028,17,523,453,3
73045,17,513,462,3
73061,17,520,469,3
73078,17,519,464,3
73094,17,513,477,3
73111,17,517,466,3
73128,17,518,457,3
73144,17,516,472,3
73161,17,521,467,3
73178,17,521,437,3
73194,17,519,470,3
73211,17,518,469,3
73227,17,520,464,3
73244,17,522,471,3
73261,17,523,462,3
73277,17,526,454,3
73294,17,522,471,3
73311,17,522,453,3
73327,17,523,466,3
73344,17,552,430,3
73361,17,547,418,5
73377,17,562,410,2
73394,17,562,395,2
73410,17,556,402,2
73427,17,561,386,2
73444,17,558,406,2
73460,17,558,404,2
73477,17,557,388,2
73494,17,559,404,2
73510,17,562,387,2
73527,17,561,403,2
73544,17,551,425,3
73560,17,560,397,2
73577,17,560,406,2
73593,17,560,408,2
73610,17,557,404,2
73627,17,558,411,2
73643,17,557,414,2
73660,17,557,409,2
73677,17,560,394,2
73693,17,555,393,2
73710,17,554,413,2
73727,17,557,393,2
73743,17,557,400,2
73760,17,560,416,2
73776,17,558,410,2
73793,17,553,411,2
73810,17,560,400,2
73826,17,555,404,2
73843,17,554,405,2
73860,17,555,423,3
73876,17,560,414,2
73893,17,556,384,2
73910,17,556,414,2
73926,17,558,411,2
73943,17,555,412,2
73959,17,554,393,2
73976,17,559,402,2
73993,17,556,402,2
74009,17,558,404,2
74026,17,558,403,2
74043,17,564,408,2
74059,17,557,403,2
74076,17,560,390,2
74093,17,557,429,3
74109,17,552,448,3
74275,166,480,840,0
74292,17,514,574,3
74309,17,528,387,2
74325,17,534,402,2
74342,17,537,408,2
74359,17,534,419,5
74375,17,534,404,2
74392,17,539,414,2
74409,17,540,418,5
74425,17,538,415,2
74442,17,537,431,3
74458,17,532,414,2
74475,17,537,423,3
74492,17,540,421,5
74508,17,542,401,2
74525,17,531,443,3
74542,17,536,412,2
74558,17,537,401,2
74575,17,535,428,3
74592,17,535,417,5
74608,17,538,411,2
74625,17,538,421,5
74641,17,536,417,5
74658,17,538,428,3
74675,17,536,436,3
74691,17,537,439,3
74708,17,535,433,3
74725,17,538,413,2
74741,17,541,408,2
74758,17,542,422,3
74775,17,537,425,3
74791,17,538,424,3
74808,17,541,412,2
74824,17,544,400,2
74841,17,542,402,2
74858,17,539,415,2
74874,17,538,422,3
74891,17,534,421,5
74908,17,545,384,2
74924,17,536,410,2
74941,17,534,417,5
74958,17,538,409,2
74974,17,542,418,5
74991,17,540,413,2
75007,17,537,422,3
75024,17,540,411,2
75041,17,534,432,3
75057,17,538,427,3
75074,17,534,427,3
75091,17,541,417,5
75107,17,535,416,2
75124,17,543,424,3
75141,17,540,416,2
75157,17,539,421,5
75174,17,541,401,2
75190,17,540,415,2
75207,17,541,422,3
75224,17,534,422,3
75240,17,534,420,5
75257,17,533,412,2
75274,17,534,423,3
75290,17,533,413,2
75307,17,536,418,5
75324,17,542,423,3
75340,17,532,428,3
75357,17,530,439,3
75373,17,530,423,3
75390,17,534,414,2
75407,17,534,421,5
75423,17,534,414,2
75440,17,531,419,5
75457,17,536,424,3
75473,17,538,403,2
75490,17,531,416,2
75506,17,526,414,2
75523,17,533,400,2
75540,17,535,407,2
75556,17,533,416,2
75573,17,532,414,2
75590,17,531,420,5
75606,17,534,410,2
75623,17,534,416,2
75640,17,538,423,3
75656,17,532,413,2
75673,17,531,405,2
75689,17,533,424,3
75706,17,535,406,2
75723,17,530,422,3
75739,17,534,422,3
75756,17,532,418,5
75773,17,533,420,5
75789,17,534,412,2
75806,17,539,402,2
75823,17,538,398,2
75839,17,533,403,2
75856,17,534,416,2
75872,17,534,425,3
75889,17,531,418,5
75906,17,532,443,3
75922,17,533,416,2
75939,17,533,413,2
75956,17,530,440,3
75972,17,535,422,3
75989,17,533,409,2
76006,17,529,434,3
76022,17,534,422,3
76039,17,540,420,5
76055,17,541,397,2
76072,17,535,421,5
76089,17,537,415,2
76105,17,538,415,2
76122,17,538,416,2
76139,17,533,430,3
76155,17,540,414,2
76172,17,537,410,2
76189,17,536,420,5
76205,17,545,405,2
76222,17,552,367,2
76238,17,556,393,2
76255,17,552,365,2
76272,17,549,380,2
76288,17,554,381,2
76305,17,549,378,2
76322,17,549,372,2
76338,17,551,373,2
76355,17,548,375,2
76372,17,546,385,2
76388,17,549,378,2
76405,17,552,383,2
76421,17,551,381,2
76438,17,552,384,2
76455,17,548,385,2
76471,17,546,371,2
76488,17,550,373,2
76505,17,544,387,2
76521,17,549,381,2
76538,17,556,384,2
76554,17,555,359,4
76571,17,544,395,2
76588,17,546,383,2
76604,17,549,376,2
76621,17,544,535,3
76737,116,498,728,3
76754,17,540,451,3
76771,17,542,358,4
76787,17,563,289,4
76804,17,545,394,2
76821,17,549,381,2
76837,17,557,386,2
76854,17,551,367,2
76871,17,551,382,2
76887,17,550,370,2
76904,17,549,377,2
76920,17,553,382,2
76937,17,548,374,2
76954,17,553,360,4
76970,17,544,386,2
76987,17,548,386,2
77004,17,552,386,2
77020,17,547,384,2
77037,17,550,376,2
77054,17,549,381,2
77070,17,549,388,2
77087,17,549,392,2
77103,17,545,387,2
77120,17,556,389,2
77137,17,572,392,2
77153,17,572,390,2
77170,17,586,374,2
77187,17,569,383,2
77203,17,573,372,2
77220,17,579,383,2
77237,17,581,366,2
77253,17,578,374,2
77270,17,584,377,2
77286,17,575,364,4
77303,17,581,369,2
77320,17,574,388,2
77336,17,576,369,2
77353,17,578,395,2
77370,17,579,378,2
77386,17,577,381,2
77403,17,576,397,2
77420,17,578,381,2
77436,17,580,377,2
77453,17,576,390,2
77469,17,576,386,2
77486,17,577,405,2
77503,17,574,383,2
77519,17,574,384,2
77536,17,566,391,2
77553,17,572,399,2
77569,17,575,392,2
77586,17,577,398,2
77603,17,577,385,2
77619,17,573,407,2
77636,17,576,387,2
77652,17,574,401,2
77669,17,575,393,2
77686,17,528,415,2
77702,17,547,414,2
77719,17,539,422,3
77736,17,541,426,3
77752,17,541,421,5
77769,17,536,435,3
77785,17,538,409,2
77802,17,539,426,3
77819,17,537,427,3
77835,17,544,421,5
77852,17,540,419,5
77869,17,539,427,3
77885,17,536,428,3
77902,17,515,458,3
77919,17,525,420,5
77935,17,519,430,3
77952,17,519,448,3
77968,17,520,449,3
77985,17,514,455,3
78002,17,521,450,3
78018,17,523,427,3
78035,17,516,444,3
78052,17,513,442,3
78068,17,521,444,3
78085,17,518,445,3
78102,17,519,440,3
78118,17,522,440,3
78135,17,518,428,3
78151,17,519,438,3
78168,17,519,439,3
78185,17,524,436,3
78201,17,520,449,3
78218,17,520,445,3
78235,17,521,444,3
78251,17,519,444,3
78268,17,524,450,3
78285,17,523,444,3
78301,17,521,443,3
78318,17,527,439,3
78334,17,524,454,3
78351,17,526,450,3
78368,17,525,436,3
78384,17,522,439,3
78401,17,522,443,3
78418,17,524,454,3
78434,17,521,446,3
78451,17,521,448,3
78468,17,519,460,3
78484,17,520,459,3
78501,17,522,442,3
78517,17,525,430,3
78534,17,520,443,3
78551,17,524,448,3
78567,17,522,458,3
78584,17,521,453,3
78601,17,522,457,3
78617,17,522,449,3
78634,17,523,450,3
78651,17,523,444,3
78667,17,524,431,3
78684,17,514,481,3
78700,17,521,447,3
78717,17,521,440,3
78734,17,523,444,3
78750,17,526,441,3
78767,17,523,456,3
78784,17,523,454,3
78800,17,523,444,3
78817,17,526,439,3
78833,17,523,439,3
78850,17,529,432,3
78867,17,527,428,3
78883,17,524,422,3
78900,17,530,438,3
78917,17,527,434,3
78933,17,523,452,3
78950,17,522,444,3
78967,17,525,467,3
78983,17,530,446,3
79000,17,522,426,3
79016,17,519,457,3
79033,17,526,454,3
79050,17,526,433,3
79066,17,521,433,3
79083,17,528,432,3
79100,17,529,426,3
79116,17,524,457,3
79133,17,526,441,3
79150,17,522,454,3
79166,17,522,432,3
79183,17,524,457,3
79199,17,523,434,3
79216,17,520,443,3
79233,17,526,445,3
79249,17,526,450,3
79266,17,523,452,3
79283,17,519,462,3
79299,17,522,445,3
79316,17,525,453,3
79333,17,521,455,3
79349,17,528,428,3
79366,17,521,444,3
79382,17,523,451,3
79399,17,525,438,3
79416,17,529,434,3
79432,17,527,450,3
79449,17,527,431,3
79466,17,525,447,3
79482,17,526,447,3
79499,17,523,448,3
79516,17,528,422,3
79532,17,529,421,5
79549,17,527,437,3
79565,17,527,435,3
79582,17,530,436,3
79599,17,528,426,3
79615,17,525,433,3
79632,17,526,441,3
79649,17,528,425,3
79665,17,527,439,3
79682,17,525,433,3
79699,17,526,421,5
79715,17,525,418,5
79732,17,517,455,3
79748,17,527,435,3
79765,17,528,432,3
79782,17,529,426,3
79798,17,526,432,3
79815,17,526,429,3
79832,17,526,449,3
79848,17,527,431,3
79865,17,531,422,3
79882,17,531,429,3
79898,17,527,423,3
79915,17,524,435,3
79931,17,526,450,3
79948,17,527,424,3
79965,17,530,428,3
79981,17,526,438,3
79998,17,533,422,3
80015,17,528,434,3
80031,17,529,446,3
80048,17,530,443,3
80064,17,524,438,3
80081,17,531,445,3
80098,17,531,403,2
80114,17,537,409,2
80131,17,540,368,2
80148,17,543,381,2
80164,17,544,380,2
80181,17,535,381,2
80198,17,538,400,2
80214,17,539,399,2
80231,17,541,397,2
80247,17,540,389,2
80264,17,537,412,2
80281,17,537,395,2
80297,17,541,392,2
80314,17,544,375,2
80331,17,539,396,2
80347,17,538,385,2
80364,17,535,405,2
80480,116,478,716,3
80497,17,519,419,5
80514,17,520,355,4
80530,17,517,407,2
80547,17,530,396,2
80564,17,525,411,2
80580,17,527,404,2
80597,17,523,406,2
80613,17,527,406,2
80630,17,528,387,2
80647,17,531,386,2
80663,17,523,409,2
80680,17,531,398,2
80697,17,523,401,2
80713,17,527,402,2
80730,17,529,397,2
80747,17,525,409,2
80763,17,521,393,2
80780,17,531,390,2
80796,17,520,409,2
80813,17,524,413,2
80830,17,522,410,2
80846,17,519,402,2
80863,17,523,403,2
80880,17,524,399,2
80896,17,529,406,2
80913,17,528,402,2
80930,17,564,386,2
80946,17,566,372,2
80963,17,571,376,2
80979,17,569,370,2
80996,17,576,361,4
81013,17,571,367,2
81029,17,569,377,2
81046,17,570,392,2
81063,17,567,390,2
81079,17,573,371,2
81096,17,574,368,2
81112,17,575,360,4
81129,17,572,371,2
81146,17,569,387,2
81162,17,564,375,2
81179,17,564,395,2
81196,17,569,388,2
81212,17,570,367,2
81229,17,573,377,2
81246,17,525,377,2
81262,17,497,390,2
81279,17,493,390,2
81295,17,493,405,2
81312,17,487,396,2
81329,17,497,389,2
81345,17,494,403,2
81362,17,494,383,2
81379,17,494,372,2
81395,17,498,368,2
81412,17,493,394,2
81429,17,501,378,2
81445,17,492,397,2
81462,17,491,377,2
81478,17,489,398,2
81495,17,495,389,2
81512,17,490,385,2
81528,17,492,368,2
81545,17,495,398,2
81562,17,492,396,2
81578,17,493,387,2
81595,17,495,366,2
81612,17,491,396,2
81628,17,493,390,2
81645,17,501,386,2
81661,17,491,399,2
81678,17,497,379,2
81695,17,491,409,2
81711,17,495,373,2
81728,17,497,390,2
81745,17,498,381,2
81761,17,495,386,2
81778,17,491,378,2
81795,17,493,402,2
81811,17,495,386,2
81828,17,491,390,2
81844,17,490,382,2
81861,17,490,401,2
81878,17,492,396,2
81894,17,501,388,2
81911,17,489,404,2
81928,17,495,392,2
81944,17,494,396,2
81961,17,493,403,2
81978,17,495,392,2
81994,17,495,396,2
82011,17,492,403,2
82027,17,497,396,2
82044,17,500,400,2
82061,17,498,389,2
82077,17,494,396,2
82094,17,494,404,2
82111,17,501,406,2
82127,17,495,404,2
82144,17,501,399,2
82161,17,495,414,2
82177,17,500,396,2
82194,17,498,391,2
82210,17,497,413,2
82227,17,500,392,2
82244,17,497,413,2
82260,17,492,399,2
82277,17,495,403,2
82294,17,494,404,2
82310,17,496,388,2
82327,17,499,389,2
82343,17,499,411,2
82360,17,495,409,2
82377,17,497,405,2
82393,17,496,402,2
82410,17,498,405,2
82427,17,498,408,2
82443,17,488,418,5
82460,17,493,409,2
82477,17,497,414,2
82493,17,500,407,2
82510,17,499,396,2
82526,17,497,399,2
82543,17,498,392,2
82560,17,499,395,2
82576,17,496,397,2
82593,17,497,394,2
82610,17,497,396,2
82626,17,498,401,2
82643,17,499,398,2
82660,17,497,411,2
82676,17,496,411,2
82693,17,494,403,2
82709,17,492,430,3
82726,17,494,425,3
82743,17,499,398,2
82759,17,498,415,2
82776,17,488,474,3
82892,116,753,724,3
82909,17,513,516,3
82926,17,528,393,2
82942,17,530,355,4
82959,17,538,369,2
82976,17,531,400,2
82992,17,526,409,2
83009,17,532,409,2
83026,17,529,412,2
83042,17,539,400,2
83059,17,532,415,2
83075,17,534,387,2
83092,17,533,399,2
83109,17,535,383,2
83125,17,533,410,2
83142,17,534,406,2
83159,17,538,387,2
83175,17,528,399,2
83192,17,531,395,2
83209,17,530,396,2
83225,17,532,416,2
83242,17,529,400,2
83258,17,529,402,2
83275,17,532,406,2
83292,17,533,408,2
83308,17,529,391,2
83325,17,530,393,2
83342,17,528,403,2
83358,17,530,399,2
83375,17,528,395,2
83392,17,529,399,2
83408,17,532,405,2
83425,17,528,406,2
83441,17,530,397,2
83458,17,532,395,2
83475,17,527,398,2
83491,17,532,388,2
83508,17,532,390,2
83525,17,533,403,2
83541,17,527,394,2
83558,17,530,393,2
83574,17,532,410,2
83591,17,530,394,2
83608,17,531,398,2
83624,17,536,390,2
83641,17,532,382,2
83658,17,536,401,2
83674,17,525,403,2
83691,17,529,392,2
83708,17,533,400,2
83724,17,527,387,2
83741,17,533,405,2
83757,17,529,388,2
83774,17,537,409,2
83791,17,534,403,2
83807,17,527,413,2
83824,17,532,400,2
83841,17,529,389,2
83857,17,527,390,2
83874,17,531,403,2
83891,17,528,409,2
83907,17,533,405,2
83924,17,525,414,2
83940,17,534,409,2
83957,17,533,399,2
83974,17,532,397,2
83990,17,527,424,3
84007,17,532,411,2
84024,17,527,407,2
84040,17,533,418,5
84057,17,528,418,5
84074,17,525,415,2
84090,17,530,406,2
84107,17,530,399,2
84123,17,525,404,2
84140,17,523,412,2
84157,17,530,417,5
84173,17,530,415,2
84190,17,529,408,2
84207,17,528,400,2
84223,17,526,409,2
84240,17,527,408,2
84257,17,529,408,2
84273,17,525,404,2
84290,17,529,397,2
84306,17,530,404,2
84323,17,528,406,2
84340,17,529,399,2
84356,17,527,395,2
84373,17,526,414,2
84390,17,530,381,2
84406,17,472,848,0
84556,150,441,895,0
84573,17,474,654,3
84589,17,499,476,3
84606,17,501,406,2
84622,17,504,408,2
84639,17,508,422,3
84656,17,520,442,3
84672,17,510,438,3
84689,17,506,459,3
84706,17,507,441,3
84722,17,509,446,3
84739,17,508,461,3
84756,17,505,451,3
84772,17,505,450,3
84789,17,507,449,3
84805,17,568,470,3
84822,17,617,528,3
84839,17,635,561,3
84855,17,645,524,3
84872,17,636,556,3
84889,17,658,554,3
84905,17,633,571,3
84922,17,637,538,3
84939,17,636,552,3
84955,17,646,561,3
84972,17,637,540,3
84988,17,647,545,3
85005,17,633,545,3
85022,17,653,546,3
85038,17,634,556,3
85055,17,651,550,3
85072,17,645,535,3
85088,17,637,552,3
85105,17,645,573,3
85122,17,654,547,3
85138,17,652,546,3
85155,17,640,546,3
85171,17,649,546,3
85188,17,642,557,3
85205,17,655,543,3
85221,17,637,555,3
85238,17,648,531,3
85255,17,640,545,3
85271,17,657,568,3
85288,17,647,558,3
85305,17,650,564,3
85321,17,632,547,3
85338,17,637,551,3
85354,17,657,552,3
85371,17,644,545,3
85388,17,651,544,3
85404,17,661,551,3
85421,17,641,562,3
85438,17,638,542,3
85454,17,645,558,3
85471,17,634,530,3
85488,17,638,541,3
85504,17,655,533,3
85521,17,553,536,3
85537,17,519,491,3
85554,17,521,497,3
85571,17,516,485,3
85587,17,515,476,3
85604,17,516,492,3
85621,17,518,476,3
85637,17,513,483,3
85654,17,517,495,3
85671,17,520,483,3
85687,17,524,473,3
85704,17,520,485,3
85720,17,518,480,3
85737,17,517,468,3
85754,17,514,497,3
85770,17,514,490,3
85787,17,516,483,3
85804,17,516,480,3
85820,17,517,474,3
85837,17,517,480,3
85853,17,516,480,3
85870,17,515,484,3
85887,17,507,631,3
85970,83,507,400,2
85987,17,500,563,3
86003,17,522,379,2
86020,17,520,402,2
86036,17,522,418,5
86053,17,523,429,3
86070,17,523,420,5
86086,17,517,425,3
86103,17,518,423,3
86120,17,523,408,2
86136,17,524,420,5
86153,17,520,426,3
86170,17,516,422,3
86186,17,520,423,3
86203,17,518,433,3
86219,17,525,425,3
86236,17,517,428,3
86253,17,514,431,3
86269,17,522,414,2
86286,17,523,432,3
86303,17,522,439,3
86319,17,519,426,3
86336,17,518,415,2
86353,17,520,436,3
86369,17,520,429,3
86386,17,519,430,3
86402,17,521,435,3
86419,17,532,422,3
86436,17,537,380,2
86452,17,542,390,2
86469,17,535,391,2
86486,17,540,406,2
86502,17,535,403,2
86519,17,542,395,2
86536,17,538,421,5
86552,17,539,403,2
86569,17,545,380,2
86585,17,537,404,2
86602,17,540,408,2
86619,17,540,392,2
86635,17,546,411,2
86652,17,542,411,2
86669,17,538,410,2
86685,17,542,402,2
86702,17,543,390,2
86719,17,547,386,2
86735,17,538,410,2
86752,17,541,405,2
86768,17,541,380,2
86785,17,537,416,2
86802,17,536,408,2
86818,17,539,403,2
86835,17,535,404,2
86852,17,542,394,2
86868,17,534,402,2
86885,17,530,469,3
86901,17,673,1073,0
87001,100,500,695,3
87018,17,527,472,3
87035,17,536,361,4
87051,17,547,341,4
87068,17,541,396,2
87084,17,541,393,2
87101,17,539,403,2
87118,17,538,412,2
87134,17,539,411,2
87151,17,537,413,2
87168,17,531,408,2
87184,17,534,397,2
87201,17,537,400,2
87218,17,544,400,2
87234,17,536,413,2
87251,17,522,480,3
87267,17,538,512,3
87284,17,507,530,3
87301,17,461,646,3
87467,166,510,699,3
87484,17,589,693,3
87500,17,638,590,3
87517,17,624,645,3
87534,17,630,663,3
87550,17,630,650,3
87567,17,635,642,3
87584,17,634,630,3
87600,17,631,629,3
87617,17,636,622,3
87633,17,634,646,3
87650,17,646,642,3
87667,17,650,635,3
87683,17,633,642,3
87700,17,640,635,3
87717,17,633,655,3
87733,17,631,645,3
87750,17,645,644,3
87767,17,640,640,3
87783,17,627,651,3
87800,17,634,658,3
87816,17,631,653,3
87833,17,642,632,3
87850,17,649,636,3
87866,17,630,667,3
87883,17,620,520,3
87900,17,574,475,3
87916,17,561,437,3
87933,17,562,426,3
87950,17,563,441,3
87966,17,564,438,3
87983,17,566,439,3
87999,17,565,436,3
88016,17,561,429,3
88033,17,561,447,3
88049,17,563,431,3
88066,17,570,422,3
88083,17,570,423,3
88099,17,570,416,2
88116,17,554,433,3
88132,17,467,403,2
88149,17,481,399,2
88166,17,468,408,2
88182,17,469,423,3
88199,17,471,410,2
88216,17,474,398,2
88232,17,470,416,2
88249,17,470,413,2
88266,17,468,414,2
88282,17,471,413,2
88299,17,474,399,2
88315,17,469,405,2
88332,17,470,411,2
88349,17,470,412,2
88365,17,471,421,3
88382,17,476,422,3
88399,17,471,408,2
88415,17,479,408,2
88432,17,478,415,2
88449,17,470,425,3
88465,17,478,413,2
88482,17,474,408,2
88498,17,475,409,2
88515,17,476,420,3
88532,17,476,401,2
88548,17,476,421,3
88565,17,475,406,2
88582,17,471,416,2
88598,17,475,406,2
88615,17,476,404,2
88632,17,500,435,3
88648,17,597,444,3
88665,17,612,465,3
88681,17,622,463,3
88698,17,620,457,3
88715,17,624,458,3
88731,17,625,472,3
88748,17,622,469,3
88765,17,615,477,3
88781,17,616,439,3
88798,17,635,447,3
88815,17,628,464,3
88831,17,638,462,3
88848,17,626,464,3
88864,17,634,452,3
88881,17,633,436,3
88898,17,634,460,3
88914,17,619,479,3
88931,17,624,442,3
88948,17,605,461,3
88964,17,616,485,3
88981,17,617,455,3
88998,17,527,479,3
89014,17,508,446,3
89031,17,516,465,3
89047,17,509,465,3
89064,17,510,460,3
89081,17,517,460,3
89097,17,507,467,3
89114,17,504,466,3
89131,17,508,460,3
89147,17,506,483,3
89164,17,509,461,3
89180,17,513,453,3
89197,17,509,475,3
89214,17,511,477,3
89230,17,501,565,3
89347,116,543,767,0
89363,17,450,867,0
89380,17,507,599,3
89397,17,518,431,3
89413,17,517,417,5
89430,17,521,453,3
89447,17,519,461,3
89463,17,515,468,3
89480,17,512,454,3
89497,17,522,446,3
89513,17,522,455,3
89530,17,518,443,3
89546,17,522,469,3
89563,17,518,438,3
89580,17,551,399,2
89596,17,548,401,2
89613,17,554,376,2
89630,17,546,394,2
89646,17,553,388,2
89663,17,552,397,2
89680,17,554,405,2
89696,17,554,389,2
89713,17,551,380,2
89729,17,551,395,2
89746,17,549,389,2
89763,17,553,386,2
89779,17,552,379,2
89796,17,552,389,2
89813,17,553,387,2
89829,17,557,367,2
89846,17,556,387,2
89863,17,551,383,2
89879,17,550,384,2
89896,17,550,395,2
89912,17,556,375,2
89929,17,547,395,2
89946,17,552,381,2
89962,17,553,376,2
89979,17,554,375,2
89996,17,554,384,2
90012,17,557,370,2
90029,17,552,405,2
90046,17,558,377,2
90062,17,552,393,2
90079,17,561,383,2
90095,17,550,390,2
90112,17,554,392,2
90129,17,554,372,2
90145,17,549,391,2
90162,17,556,379,2
90179,17,552,405,2
90195,17,554,373,2
90212,17,550,403,2
90229,17,558,377,2
90245,17,556,390,2
90262,17,548,418,5
90278,17,550,403,2
90295,17,551,403,2
90312,17,557,390,2
90328,17,593,404,2
90345,17,581,392,2
90362,17,593,361,4
90378,17,587,413,2
90395,17,579,405,2
90411,17,572,568,3
90545,133,104,679,3
90561,17,473,823,0
90578,17,508,587,3
90594,17,521,452,3
90611,17,525,415,2
90628,17,527,437,3
90644,17,529,434,3
90661,17,521,453,3
90678,17,526,448,3
90694,17,524,440,3
90711,17,522,452,3
90728,17,528,474,3
90744,17,531,458,3
90761,17,528,461,3
90777,17,519,476,3
90794,17,518,464,3
90811,17,531,463,3
90827,17,526,460,3
90844,17,524,470,3
90861,17,524,467,3
90877,17,527,451,3
90894,17,527,455,3
90911,17,539,445,3
90927,17,523,459,3
90944,17,524,478,3
90960,17,525,468,3
90977,17,528,459,3
90994,17,531,462,3
91010,17,520,459,3
91060,50,530,459,3
91077,17,529,464,3
91094,17,528,457,3
91110,17,524,446,3
91127,17,522,449,3
91143,17,523,428,3
91160,17,522,437,3
91177,17,518,437,3
91193,17,522,433,3
91210,17,524,440,3
91227,17,525,432,3
91243,17,525,436,3
91260,17,515,452,3
91277,17,516,440,3
91293,17,520,445,3
91310,17,517,440,3
91326,17,528,429,3
91343,17,520,432,3
91360,17,519,437,3
91376,17,516,437,3
91393,17,519,454,3
91410,17,517,447,3
91426,17,522,423,3
91443,17,524,421,5
91460,17,522,438,3
91476,17,521,423,3
91493,17,520,420,5
91509,17,520,456,3
91526,17,524,421,5
91543,17,522,407,2
91559,17,517,434,3
91576,17,522,431,3
91593,17,523,437,3
91609,17,521,427,3
91626,17,526,415,2
91642,17,517,430,3
91659,17,518,457,3
91676,17,521,425,3
91692,17,520,420,5
91709,17,519,443,3
91726,17,522,422,3
91742,17,520,426,3
91759,17,530,415,2
91776,17,526,397,2
91792,17,530,417,5
91809,17,530,412,2
91825,17,528,418,5
91842,17,527,416,2
91859,17,533,399,2
91875,17,531,402,2
91892,17,530,403,2
91909,17,533,411,2
91925,17,530,422,3
91942,17,530,398,2
91959,17,530,404,2
91975,17,530,410,2
91992,17,530,444,3
92008,17,473,911,0
92025,17,492,830,0
92042,17,507,597,3
92058,17,532,414,2
92075,17,533,337,4
92092,17,526,384,2
92108,17,528,431,3
92125,17,534,420,5
92142,17,530,417,5
92158,17,532,370,2
92175,17,489,956,0
92291,116,368,479,3
92308,17,479,771,0
92325,17,527,488,3
92341,17,536,348,4
92358,17,544,385,2
92374,17,537,402,2
92391,17,540,395,2
92408,17,537,408,2
92424,17,539,404,2
92441,17,539,393,2
92458,17,542,377,2
92474,17,538,403,2
92491,17,536,414,2
92508,17,537,414,2
92524,17,539,410,2
92541,17,540,409,2
92557,17,538,398,2
92574,17,542,414,2
92591,17,565,388,2
92607,17,566,376,2
92624,17,570,382,2
92641,17,567,401,2
92657,17,572,372,2
92674,17,564,379,2
92690,17,574,391,2
92707,17,577,382,2
92724,17,573,386,2
92740,17,576,382,2
92757,17,577,366,2
92774,17,576,380,2
92790,17,581,371,2
92807,17,580,378,2
92824,17,579,370,2
92840,17,578,382,2
92857,17,579,370,2
92873,17,581,383,2
92890,17,572,387,2
92907,17,576,385,2
92923,17,583,375,2
92940,17,585,400,2
92957,17,580,387,2
92973,17,583,379,2
92990,17,580,382,2
93007,17,580,380,2
93023,17,584,370,2
93040,17,573,390,2
93056,17,578,376,2
93073,17,583,365,2
93090,17,577,402,2
93106,17,583,361,4
93123,17,582,382,2
93140,17,575,380,2
93156,17,577,376,2
93173,17,579,385,2
93190,17,580,377,2
93206,17,581,383,2
93223,17,579,384,2
93239,17,576,386,2
93256,17,580,406,2
93273,17,579,392,2
93289,17,578,385,2
93306,17,579,386,2
93323,17,585,365,2
93339,17,583,390,2
93356,17,575,387,2
93373,17,579,389,2
93389,17,581,381,2
93406,17,578,387,2
93422,17,576,380,2
93439,17,576,400,2
93456,17,587,378,2
93472,17,576,376,2
93489,17,545,419,5
93506,17,545,475,3
93522,17,524,490,3
93539,17,529,479,3
93556,17,527,450,3
93572,17,523,478,3
93589,17,536,468,3
93605,17,525,477,3
93622,17,526,488,3
93639,17,529,473,3
93655,17,527,480,3
93672,17,536,473,3
93689,17,525,480,3
93705,17,527,495,3
93722,17,523,474,3
93739,17,532,474,3
93755,17,524,474,3
93772,17,525,491,3
93788,17,541,466,3
93805,17,529,482,3
93822,17,524,494,3
93838,17,526,492,3
93855,17,526,478,3
93872,17,528,487,3
93888,17,526,494,3
93905,17,532,498,3
93921,17,527,485,3
93938,17,529,527,3
94104,166,486,821,0
94121,17,518,584,3
94138,17,534,402,2
94154,17,546,373,2
94171,17,536,445,3
94188,17,538,445,3
94204,17,535,450,3
94221,17,537,459,3
94238,17,539,454,3
94254,17,531,461,3
94271,17,539,454,3
94287,17,539,448,3
94304,17,539,447,3
94321,17,549,432,3
94337,17,559,380,2
94354,17,565,385,2
94371,17,564,408,2
94387,17,567,384,2
94404,17,564,407,2
94421,17,562,397,2
94437,17,558,415,2
94454,17,566,375,2
94470,17,565,384,2
94487,17,569,384,2
94504,17,567,396,2
94520,17,562,397,2
94537,17,566,397,2
94554,17,568,389,2
94570,17,566,383,2
94587,17,568,379,2
94604,17,529,393,2
94620,17,497,405,2
94637,17,498,407,2
94653,17,493,392,2
94670,17,501,382,2
94687,17,499,396,2
94703,17,495,399,2
94720,17,498,385,2
94737,17,492,418,5
94753,17,497,387,2
94770,17,500,382,2
94787,17,496,404,2
94803,17,501,381,2
94820,17,497,386,2
94836,17,499,389,2
94853,17,496,395,2
94870,17,494,396,2
94886,17,498,409,2
94903,17,497,400,2
94920,17,496,400,2
94936,17,497,399,2
94953,17,497,400,2
94969,17,497,388,2
94986,17,497,400,2
95003,17,496,397,2
95019,17,490,403,2
95036,17,501,380,2
95053,17,496,408,2
95069,17,498,400,2
95086,17,495,400,2
95103,17,494,409,2
95119,17,500,389,2
95136,17,495,389,2
95152,17,492,429,3
95169,17,494,397,2
95186,17,492,421,5
95202,17,489,418,5
95219,17,490,418,5
95236,17,489,416,2
95252,17,494,411,2
95269,17,499,401,2
95286,17,496,415,2
95302,17,492,423,3
95319,17,499,397,2
95335,17,439,825,0
95435,100,483,829,0
95452,17,515,556,3
95469,17,529,420,5
95485,17,535,370,2
95502,17,530,444,3
95518,17,530,465,3
95535,17,529,469,3
95552,17,531,472,3
95568,17,527,467,3
95585,17,528,470,3
95602,17,529,475,3
95618,17,523,465,3
95635,17,533,448,3
95652,17,529,458,3
95668,17,535,448,3
95685,17,526,481,3
95701,17,525,494,3
95718,17,529,466,3
95735,17,532,483,3
95751,17,527,465,3
95768,17,531,474,3
95785,17,524,481,3
95801,17,525,481,3
95818,17,532,472,3
95835,17,529,473,3
95851,17,529,476,3
95868,17,532,463,3
95884,17,530,464,3
95901,17,535,450,3
95918,17,532,461,3
95934,17,534,456,3
95951,17,534,463,3
95968,17,526,462,3
95984,17,538,468,3
96001,17,535,461,3
96018,17,533,459,3
96034,17,538,471,3
96051,17,534,461,3
96067,17,528,471,3
96084,17,533,469,3
96101,17,537,466,3
96117,17,533,466,3
96134,17,535,472,3
96151,17,538,472,3
96167,17,536,442,3
96184,17,533,471,3
96200,17,532,466,3
96217,17,528,471,3
96234,17,517,424,3
96250,17,521,444,3
96267,17,525,437,3
96284,17,520,423,3
96300,17,522,439,3
96317,17,532,423,3
96334,17,528,438,3
96350,17,523,434,3
96367,17,524,407,2
96383,17,521,419,5
96400,17,527,421,5
96417,17,519,432,3
96433,17,521,419,5
96450,17,523,434,3
96467,17,525,434,3
96483,17,525,410,2
96500,17,523,429,3
96517,17,520,441,3
96533,17,526,439,3
96550,17,526,418,5
96566,17,519,412,2
96583,17,528,420,5
96600,17,530,414,2
96616,17,523,427,3
96633,17,526,409,2
96650,17,526,418,5
96666,17,522,433,3
96683,17,524,421,5
96700,17,520,428,3
96716,17,530,410,2
96733,17,525,418,5
96749,17,528,413,2
96766,17,526,422,3
96783,17,525,428,3
96799,17,524,418,5
96816,17,529,421,5
96833,17,526,433,3
96849,17,527,420,5
96866,17,526,430,3
96883,17,524,424,3
96899,17,523,419,5
96916,17,531,408,2
96932,17,526,405,2
96949,17,530,428,3
96966,17,561,403,2
96982,17,575,380,2
96999,17,579,366,2
97016,17,580,358,4
97032,17,582,374,2
97049,17,579,367,2
97066,17,582,371,2
97082,17,577,368,2
97099,17,581,394,2
97115,17,580,389,2
97132,17,581,391,2
97149,17,577,396,2
97165,17,577,379,2
97182,17,577,384,2
97199,17,578,389,2
97215,17,576,392,2
97232,17,581,373,2
97248,17,578,380,2
97265,17,578,380,2
97282,17,581,387,2
97298,17,583,377,2
97315,17,581,374,2
97332,17,582,379,2
97348,17,581,361,4
97365,17,583,366,2
97382,17,583,363,4
97398,17,583,369,2
97415,17,579,364,4
97431,17,581,383,2
97448,17,588,368,2
97465,17,578,372,2
97481,17,587,360,4
97498,17,584,354,4
97515,17,581,376,2
97531,17,589,349,4
97548,17,589,352,4
97565,17,588,350,4
97581,17,590,342,4
97598,17,587,363,4
97614,17,586,376,2
97631,17,550,792,0
97731,100,695,788,0
97748,17,492,741,3
97764,17,511,584,3
97781,17,521,444,3
97797,17,537,391,2
97814,17,531,363,4
97831,17,532,442,3
97847,17,532,432,3
97864,17,537,442,3
97881,17,533,450,3
97897,17,527,464,3
97914,17,536,430,3
97931,17,527,455,3
97947,17,533,444,3
97964,17,532,452,3
97980,17,542,431,3
97997,17,535,453,3
98014,17,536,447,3
98030,17,533,445,3
98047,17,541,439,3
98064,17,535,433,3
98080,17,540,436,3
98097,17,533,449,3
98114,17,535,445,3
98130,17,534,453,3
98147,17,536,460,3
98163,17,537,439,3
98180,17,535,436,3
98197,17,536,447,3
98213,17,531,446,3
98230,17,534,436,3
98247,17,536,441,3
98263,17,537,436,3
98280,17,537,445,3
98297,17,532,431,3
98313,17,534,452,3
98330,17,534,455,3
98346,17,534,447,3
98363,17,529,442,3
98380,17,533,439,3
98396,17,532,436,3
98413,17,535,448,3
98430,17,536,441,3
98446,17,537,439,3
98463,17,535,436,3
98479,17,516,457,3
98496,17,526,457,3
98513,17,516,468,3
98529,17,515,466,3
98546,17,520,473,3
98563,17,516,485,3
98579,17,519,470,3
98596,17,520,454,3
98613,17,520,478,3
98629,17,508,490,3
98646,17,518,472,3
98662,17,522,476,3
98679,17,519,470,3
98696,17,523,446,3
98712,17,519,480,3
98729,17,517,470,3
98746,17,518,487,3
98762,17,515,465,3
98779,17,522,468,3
98796,17,527,452,3
98812,17,524,461,3
98829,17,516,472,3
98845,17,520,474,3
98862,17,519,472,3
98879,17,522,468,3
98895,17,515,481,3
98912,17,512,468,3
98929,17,516,489,3
98945,17,515,471,3
98962,17,522,454,3
98979,17,514,471,3
98995,17,515,474,3
99012,17,521,467,3
99028,17,521,459,3
99045,17,517,470,3
99062,17,522,453,3
99078,17,517,471,3
99095,17,524,447,3
99112,17,515,474,3
99128,17,521,478,3
99145,17,525,468,3
99162,17,515,474,3
99178,17,525,460,3
99195,17,521,484,3
99211,17,511,481,3
99228,17,523,478,3
99245,17,523,468,3
99261,17,492,786,0
99378,116,544,688,3
99394,17,646,842,0
99411,17,673,712,3
99428,17,718,677,3
99444,17,787,786,0
99461,17,842,924,0
99478,17,840,925,0
99494,17,847,936,0
99511,17,851,941,0
99527,17,847,940,0
99544,17,849,947,0
99561,17,857,942,0
99577,17,856,941,0
99594,17,851,944,0
99611,17,858,938,0
99627,17,856,938,0
99644,17,856,929,0
99661,17,849,930,0
99677,17,845,939,0
99694,17,853,938,0
99710,17,860,931,0
99727,17,860,929,0
99744,17,857,931,0
99760,17,839,943,0
99777,17,718,911,0
99794,17,702,913,0
99810,17,691,912,0
99827,17,701,915,0
99844,17,704,912,0
99860,17,702,917,0
99877,17,692,913,0
99893,17,709,934,0
99910,17,707,908,0
99927,17,707,912,0
99943,17,689,913,0
99960,17,712,909,0
99977,17,703,910,0
99993,17,709,909,0
100010,17,701,905,0
100027,17,698,906,0
100043,17,709,901,0
100060,17,707,899,0
100076,17,591,724,3
100093,17,569,558,3
100110,17,540,479,3
100126,17,544,480,3
100143,17,547,463,3
100160,17,548,480,3
100176,17,548,480,3
100193,17,551,476,3
100210,17,547,494,3
100226,17,549,477,3
100243,17,547,491,3
100259,17,550,472,3
100276,17,550,484,3
100293,17,552,476,3
100309,17,548,477,3
100326,17,552,479,3
100343,17,549,479,3
100359,17,546,477,3
100376,17,550,462,3
100393,17,550,467,3
100409,17,554,475,3
100426,17,558,456,3
100442,17,553,471,3
100459,17,547,484,3
100476,17,555,457,3
100492,17,547,479,3
100509,17,542,398,2
100526,17,548,430,3
100542,17,552,405,2
100559,17,548,408,2
100576,17,546,427,3
100592,17,548,402,2
100609,17,545,430,3
100625,17,551,409,2
100642,17,549,411,2
100659,17,545,401,2
100675,17,546,404,2
100692,17,545,426,3
100709,17,544,425,3
100725,17,550,428,3
100742,17,545,422,3
100758,17,548,415,2
100775,17,545,439,3
100792,17,545,440,3
100808,17,544,419,5
100825,17,551,409,2
100842,17,570,385,2
100858,17,576,383,2
100875,17,591,380,2
100892,17,575,376,2
100908,17,576,375,2
100925,17,573,372,2
100941,17,573,385,2
100958,17,586,376,2
100975,17,580,377,2
100991,17,576,380,2
101008,17,573,406,2
101025,17,572,382,2
101041,17,577,384,2
101058,17,576,379,2
101075,17,576,379,2
101091,17,574,370,2
101108,17,575,368,2
101124,17,577,361,4
101141,17,576,372,2
101158,17,572,385,2
101174,17,578,369,2
101191,17,571,379,2
101208,17,576,367,2
101224,17,575,366,2
101241,17,571,382,2
101258,17,573,376,2
101274,17,571,378,2
101291,17,565,391,2
101307,17,534,395,2
101324,17,529,417,5
101341,17,528,408,2
101357,17,529,401,2
101374,17,529,401,2
101391,17,528,397,2
101407,17,528,397,2
101424,17,529,397,2
101441,17,533,399,2
101457,17,530,412,2
101474,17,527,390,2
101490,17,528,392,2
101507,17,532,399,2
101524,17,529,404,2
101540,17,530,403,2
101557,17,529,400,2
101574,17,535,400,2
101590,17,530,416,2
101607,17,531,398,2
101624,17,528,481,3
101757,133,511,746,3
101773,17,510,536,3
101790,17,524,431,3
101806,17,530,376,2
101823,17,527,392,2
101840,17,533,422,3
101856,17,528,420,5
101873,17,527,420,5
101890,17,535,429,3
101906,17,530,418,5
101923,17,532,416,2
101940,17,574,391,2
101956,17,571,386,2
101973,17,582,355,4
101989,17,578,356,4
102006,17,580,361,4
102023,17,577,382,2
102039,17,575,373,2
102056,17,575,379,2
102073,17,579,363,4
102089,17,579,383,2
102106,17,578,364,4
102123,17,584,363,4
102139,17,582,365,2
102156,17,583,375,2
102172,17,572,383,2
102189,17,584,374,2
102206,17,577,372,2
102222,17,583,371,2
102239,17,581,384,2
102256,17,579,370,2
102272,17,587,371,2
102289,17,584,370,2
102306,17,578,362,4
102322,17,582,356,4
102339,17,582,362,4
102355,17,583,362,4
102372,17,578,375,2
102389,17,578,374,2
102405,17,533,412,2
102422,17,518,404,2
102439,17,515,406,2
102455,17,514,419,5
102472,17,516,409,2
102489,17,522,407,2
102505,17,516,406,2
102522,17,515,405,2
102538,17,516,406,2
102555,17,520,402,2
102572,17,519,405,2
102588,17,518,426,3
102605,17,517,430,3
102622,17,511,416,2
102638,17,519,483,3
102655,17,512,452,3
102672,17,518,496,3
102688,17,518,468,3
102705,17,515,476,3
102721,17,516,474,3
102738,17,522,460,3
102755,17,519,469,3
102771,17,516,473,3
102788,17,517,477,3
102805,17,521,469,3
102821,17,516,467,3
102838,17,522,474,3
102855,17,515,460,3
102871,17,522,481,3
102888,17,514,475,3
102904,17,511,479,3
102921,17,516,464,3
102938,17,512,491,3
102954,17,514,481,3
102971,17,518,475,3
102988,17,515,465,3
103004,17,515,477,3
103021,17,519,471,3
103037,17,513,479,3
103054,17,507,489,3
103071,17,515,484,3
103087,17,516,482,3
103104,17,514,486,3
103121,17,517,478,3
103137,17,518,462,3
103154,17,521,454,3
103171,17,519,463,3
103187,17,525,457,3
103204,17,520,480,3
103220,17,516,484,3
103237,17,519,477,3
103254,17,518,481,3
103270,17,519,479,3
103287,17,516,459,3
103304,17,521,475,3
103320,17,523,463,3
103337,17,520,466,3
103354,17,522,483,3
103370,17,519,465,3
103387,17,516,481,3
103403,17,515,486,3
103420,17,520,472,3
103437,17,525,464,3
103453,17,519,464,3
103470,17,517,475,3
103487,17,518,470,3
103503,17,520,455,3
103520,17,511,480,3
103537,17,514,475,3
103553,17,486,859,0
103653,100,443,926,0
103670,17,479,631,3
103686,17,502,443,3
103703,17,506,418,5
103720,17,512,450,3
103736,17,507,471,3
103753,17,510,462,3
103769,17,510,453,3
103786,17,508,477,3
103803,17,512,466,3
103819,17,510,447,3
103836,17,507,479,3
103853,17,508,457,3
103869,17,517,459,3
103886,17,512,459,3
103903,17,511,464,3
103919,17,512,454,3
103936,17,517,439,3
103952,17,511,463,3
103969,17,514,466,3
103986,17,517,462,3
104002,17,511,468,3
104019,17,513,453,3
104036,17,516,447,3
104052,17,516,466,3
104069,17,517,476,3
104086,17,517,461,3
104102,17,511,461,3
104119,17,518,447,3
104135,17,511,451,3
104152,17,518,448,3
104169,17,516,449,3
104185,17,521,444,3
104202,17,514,458,3
104219,17,544,396,2
104235,17,540,366,2
104252,17,552,362,4
104268,17,547,354,4
104285,17,550,358,4
104302,17,546,359,4
104318,17,548,358,4
104335,17,545,366,2
104352,17,545,372,2
104368,17,547,369,2
104385,17,548,371,2
104402,17,544,366,2
104418,17,543,379,2
104435,17,542,381,2
104451,17,545,377,2
104468,17,547,363,4
104485,17,548,380,2
104501,17,551,368,2
104518,17,549,368,2
104535,17,546,371,2
104551,17,541,384,2
104568,17,546,362,4
104585,17,545,372,2
104601,17,541,395,2
104618,17,546,379,2
104634,17,545,378,2
104651,17,544,378,2
104668,17,540,387,2
104684,17,541,384,2
104701,17,540,398,2
104718,17,543,392,2
104734,17,546,349,4
104751,17,543,396,2
104768,17,545,375,2
104784,17,540,384,2
104801,17,541,370,2
104817,17,545,378,2
104834,17,545,363,4
104851,17,540,367,2
104867,17,544,386,2
104884,17,546,355,4
104901,17,525,407,2
104917,17,540,458,3
104934,17,514,445,3
104951,17,527,454,3
104967,17,519,468,3
104984,17,528,452,3
105000,17,530,460,3
105017,17,527,451,3
105034,17,529,471,3
105050,17,525,468,3
105067,17,534,459,3
105084,17,527,448,3
105100,17,526,460,3
105117,17,527,467,3
105134,17,520,475,3
105150,17,524,447,3
105167,17,521,466,3
105183,17,515,486,3
105200,17,526,478,3
105217,17,516,475,3
105233,17,513,476,3
105250,17,509,489,3
105267,17,516,477,3
105283,17,517,482,3
105300,17,515,489,3
105316,17,511,487,3
105333,17,509,489,3
105350,17,514,469,3
105366,17,514,479,3
105383,17,516,466,3
105400,17,517,472,3
105416,17,518,473,3
105433,17,521,466,3
105450,17,516,484,3
105466,17,519,478,3
105483,17,516,490,3
105499,17,510,475,3
105516,17,511,475,3
105533,17,514,460,3
105549,17,513,496,3
105566,17,519,466,3
105583,17,510,500,3
105599,17,521,458,3
105616,17,507,491,3
105633,17,516,483,3
105649,17,514,476,3
105666,17,511,485,3
105682,17,517,479,3
105699,17,516,474,3
105716,17,508,488,3
105732,17,518,454,3
105749,17,519,487,3
105766,17,520,471,3
105782,17,517,473,3
105799,17,516,472,3
105816,17,524,479,3
105832,17,514,495,3
105849,17,519,474,3
105865,17,516,481,3
105882,17,514,477,3
105899,17,513,490,3
105915,17,520,480,3
105932,17,512,481,3
105949,17,516,481,3
105965,17,516,494,3
105982,17,515,479,3
105999,17,515,480,3
106015,17,519,477,3
106032,17,519,473,3
106048,17,516,467,3
106065,17,514,483,3
106082,17,525,456,3
106098,17,518,440,3
106115,17,521,444,3
106132,17,516,448,3
106148,17,517,439,3
106165,17,517,444,3
106182,17,519,439,3
106198,17,521,447,3
106215,17,521,427,3
106231,17,524,438,3
106248,17,522,443,3
106265,17,522,441,3
106281,17,521,440,3
106298,17,522,446,3
106315,17,530,433,3
106331,17,602,415,2
106348,17,622,406,2
106365,17,635,393,2
106381,17,640,413,2
106398,17,635,406,2
106414,17,636,396,2
106431,17,639,398,2
106448,17,619,396,2
106464,17,629,388,2
106481,17,630,393,2
106498,17,624,411,2
106514,17,625,418,3
106531,17,626,418,3
106547,17,629,400,2
106564,17,626,399,2
106581,17,632,390,2
106597,17,624,398,2
106614,17,631,410,2
106631,17,619,415,2
106647,17,561,476,3
106664,17,569,486,3
106681,17,561,503,3
106697,17,558,499,3
106714,17,558,490,3
106730,17,560,482,3
106747,17,558,490,3
106764,17,556,509,3
106780,17,521,766,3
106897,116,507,738,3
106913,17,518,518,3
106930,17,528,420,5
106947,17,530,480,3
106963,17,533,500,3
106980,17,529,498,3
106997,17,532,492,3
107013,17,530,501,3
107030,17,537,487,3
107047,17,531,497,3
107063,17,530,496,3
107080,17,530,507,3
107096,17,534,490,3
107113,17,534,484,3
107130,17,538,483,3
107146,17,535,484,3
107163,17,532,494,3
107180,17,527,486,3
107196,17,531,490,3
107213,17,536,485,3
107230,17,528,509,3
107246,17,532,508,3
107263,17,534,479,3
107279,17,536,481,3
107296,17,533,504,3
107313,17,528,500,3
107329,17,534,491,3
107346,17,533,478,3
107363,17,529,498,3
107379,17,536,489,3
107396,17,539,489,3
107413,17,530,492,3
107429,17,534,488,3
107446,17,532,503,3
107462,17,530,503,3
107479,17,533,500,3
107496,17,534,488,3
107512,17,536,502,3
107529,17,534,480,3
107546,17,544,488,3
107562,17,539,493,3
107579,17,540,492,3
107595,17,531,488,3
107612,17,532,472,3
107629,17,533,491,3
107645,17,530,489,3
107662,17,541,480,3
107679,17,533,496,3
107695,17,540,492,3
107712,17,539,490,3
107729,17,542,493,3
107745,17,541,501,3
107762,17,540,492,3
107778,17,542,494,3
107795,17,543,482,3
107812,17,545,480,3
107828,17,538,492,3
107845,17,538,485,3
107862,17,539,498,3
107878,17,536,503,3
107895,17,538,487,3
107912,17,539,496,3
107928,17,540,490,3
107945,17,540,491,3
107961,17,539,489,3
107978,17,541,492,3
107995,17,541,482,3
108011,17,541,488,3
108028,17,536,492,3
108045,17,532,491,3
108061,17,533,501,3
108078,17,544,484,3
108095,17,539,475,3
108111,17,531,505,3
108128,17,532,482,3
108144,17,531,477,3
108161,17,536,472,3
108178,17,535,483,3
108194,17,532,495,3
108211,17,535,472,3
108228,17,529,497,3
108244,17,530,486,3
108261,17,535,469,3
108278,17,529,489,3
108294,17,542,685,3
108411,116,502,608,3
108427,17,520,414,2
108444,17,525,395,2
108461,17,522,454,3
108477,17,527,430,3
108494,17,528,428,3
108510,17,529,429,3
108527,17,529,439,3
108544,17,527,435,3
108560,17,527,445,3
108577,17,525,436,3
108594,17,546,403,2
108610,17,531,380,2
108627,17,537,393,2
108644,17,539,363,4
108660,17,532,401,2
108677,17,540,379,2
108693,17,542,377,2
108710,17,544,379,2
108727,17,547,378,2
108743,17,543,369,2
108760,17,537,405,2
108777,17,550,354,4
108793,17,547,366,2
108810,17,546,377,2
108826,17,530,393,2
108843,17,543,437,3
108860,17,540,437,3
108876,17,535,448,3
108893,17,532,447,3
108910,17,527,477,3
108926,17,537,455,3
108943,17,537,436,3
108960,17,544,441,3
108976,17,535,435,3
108993,17,537,446,3
109009,17,535,448,3
109026,17,538,442,3
109043,17,537,452,3
109059,17,537,449,3
109076,17,514,462,3
109093,17,530,452,3
109109,17,520,468,3
109126,17,521,463,3
109143,17,526,459,3
109159,17,524,457,3
109176,17,519,466,3
109192,17,517,491,3
109209,17,521,483,3
109226,17,521,472,3
109242,17,526,462,3
109259,17,522,472,3
109276,17,522,471,3
109292,17,522,488,3
109309,17,474,423,3
109326,17,459,387,2
109342,17,459,383,2
109359,17,455,385,2
109375,17,459,395,2
109392,17,447,380,2
109409,17,446,379,2
109425,17,448,382,2
109442,17,453,388,2
109459,17,445,389,2
109475,17,450,387,2
109492,17,453,372,2
109509,17,453,389,2
109525,17,454,377,2
109542,17,453,388,2
109558,17,456,384,2
109575,17,459,377,2
109592,17,527,367,2
109608,17,516,382,2
109625,17,527,362,4
109642,17,521,373,2
109658,17,522,369,2
109675,17,520,379,2
109692,17,521,380,2
109708,17,520,377,2
109725,17,522,362,4
109741,17,527,371,2
109758,17,519,384,2
109775,17,519,384,2
109791,17,523,388,2
109808,17,521,393,2
109825,17,520,393,2
109841,17,522,379,2
109858,17,517,389,2
109874,17,523,377,2
109891,17,522,362,4
109908,17,521,377,2
109924,17,522,374,2
109941,17,526,373,2
109958,17,518,387,2
109974,17,518,400,2
109991,17,519,387,2
110008,17,522,390,2
110024,17,521,368,2
110041,17,522,369,2
110057,17,520,379,2
110074,17,521,385,2
110091,17,525,387,2
110107,17,521,390,2
110124,17,522,390,2
110141,17,521,391,2
110157,17,521,379,2
110174,17,520,384,2
110191,17,521,392,2
110207,17,521,380,2
110224,17,526,365,2
110240,17,521,375,2
110257,17,521,386,2
110274,17,527,375,2
110290,17,523,375,2
110307,17,522,377,2
110324,17,525,366,2
110340,17,523,380,2
110357,17,528,365,2
110374,17,523,362,4
110390,17,522,397,2
110407,17,528,374,2
110423,17,526,370,2
110440,17,520,374,2
110457,17,521,382,2
110473,17,523,373,2
110490,17,520,378,2
110507,17,524,364,4
110523,17,524,373,2
110540,17,524,386,2
110557,17,522,364,4
110573,17,522,383,2
110590,17,522,380,2
110606,17,477,447,3
110623,17,488,420,5
110640,17,487,425,3
110656,17,490,442,3
110673,17,483,439,3
110690,17,491,431,3
110706,17,487,430,3
110723,17,492,416,2
110740,17,489,420,5
110756,17,486,436,3
110773,17,496,429,3
110789,17,490,434,3
110806,17,496,422,3
110823,17,488,438,3
110839,17,489,435,3
110856,17,491,426,3
110873,17,487,450,3
110889,17,490,444,3
110906,17,483,431,3
110923,17,489,428,3
110939,17,491,431,3
110956,17,493,445,3
110972,17,494,434,3
110989,17,490,442,3
111006,17,482,438,3
111022,17,494,440,3
111039,17,488,441,3
111056,17,486,455,3
111072,17,488,443,3
111089,17,494,434,3
111105,17,488,442,3
111122,17,489,443,3
111139,17,490,429,3
111155,17,489,453,3
111172,17,490,441,3
111189,17,492,439,3
111205,17,493,440,3
111222,17,495,434,3
111239,17,488,447,3
111255,17,492,435,3
111272,17,493,432,3
111288,17,490,442,3
111305,17,490,436,3
111322,17,492,431,3
111338,17,463,444,3
111355,17,414,469,3
111372,17,376,888,0
111505,133,355,778,0
111521,17,393,579,3
111538,17,414,494,3
111555,17,413,438,3
111571,17,418,431,3
111588,17,420,456,3
111605,17,413,490,3
111621,17,412,483,3
111638,17,421,472,3
111654,17,409,500,3
111671,17,407,503,3
111688,17,414,495,3
111704,17,412,493,3
111721,17,413,480,3
111738,17,419,482,3
111754,17,420,484,3
111771,17,415,492,3
111788,17,421,480,3
111804,17,421,478,3
111821,17,413,486,3
111837,17,420,475,3
111854,17,422,492,3
111871,17,423,483,3
111887,17,416,482,3
111904,17,418,482,3
111921,17,422,476,3
111937,17,418,487,3
111954,17,423,490,3
111971,17,423,488,3
111987,17,426,470,3
112004,17,427,477,3
112020,17,427,464,3
112037,17,427,494,3
112054,17,428,478,3
112070,17,427,491,3
112087,17,427,491,3
112104,17,427,471,3
112120,17,426,486,3
112137,17,429,482,3
112154,17,429,480,3
112170,17,430,491,3
112187,17,426,483,3
112203,17,429,487,3
112220,17,429,493,3
112237,17,427,490,3
112253,17,433,474,3
112270,17,426,490,3
112287,17,422,477,3
112303,17,489,448,3
112320,17,501,463,3
112336,17,508,452,3
112353,17,509,448,3
112370,17,507,456,3
112386,17,510,445,3
112403,17,511,456,3
112420,17,512,442,3
112436,17,501,457,3
112453,17,505,439,3
112470,17,505,448,3
112486,17,507,446,3
112503,17,506,448,3
112519,17,504,442,3
112536,17,507,455,3
112553,17,506,452,3
112569,17,503,456,3
112586,17,504,449,3
112603,17,511,445,3
112619,17,520,438,3
112636,17,548,411,2
112653,17,552,408,2
112669,17,556,427,3
112686,17,556,408,2
112702,17,560,410,2
112719,17,560,411,2
112736,17,560,406,2
112752,17,557,411,2
112769,17,561,409,2
112786,17,551,412,2
112802,17,574,389,2
112819,17,663,371,2
112836,17,668,352,0
112852,17,674,363,0
112869,17,694,337,0
112885,17,672,360,0
112902,17,681,356,0
112919,17,684,353,0
112935,17,685,354,0
112952,17,685,329,0
112969,17,681,340,0
112985,17,678,345,0
113002,17,691,355,0
113019,17,695,360,0
113035,17,700,365,2
113052,17,698,358,0
113068,17,700,364,0
113085,17,699,375,2
113102,17,704,352,0
113118,17,721,339,0
113135,17,711,332,0
113152,17,711,341,0
113168,17,693,351,0
113185,17,711,339,0
113202,17,702,343,0
113218,17,718,329,0
113235,17,712,347,0
113251,17,707,341,0
113268,17,703,328,0
113285,17,707,354,0
113301,17,725,348,0
113318,17,714,365,2
113335,17,716,363,0
113351,17,710,376,2
113368,17,708,374,2
113384,17,714,371,2
113401,17,715,363,0
113418,17,705,378,2
113434,17,713,366,2
113451,17,717,359,0
113468,17,708,355,0
113484,17,718,374,2
113501,17,710,365,2
113518,17,711,352,0
113534,17,724,352,0
113551,17,711,378,2
113567,17,705,377,2
113584,17,711,366,2
113601,17,724,355,0
113617,17,722,352,0
113634,17,712,368,2
113651,17,711,352,0
113667,17,701,364,0
113684,17,557,423,3
113701,17,533,413,2
113717,17,536,418,5
113734,17,535,415,2
113750,17,532,428,3
113767,17,532,405,2
113784,17,538,409,2
113800,17,532,416,2
113817,17,536,414,2
113834,17,538,409,2
113850,17,534,396,2
113867,17,534,413,2
113884,17,531,416,2
113900,17,534,408,2
113917,17,532,417,5
113933,17,535,419,5
113950,17,537,413,2
113967,17,535,401,2
113983,17,531,416,2
114000,17,532,417,5
114017,17,528,411,2
114033,17,531,408,2
114050,17,525,422,3
114067,17,528,418,5
114083,17,527,431,3
114100,17,528,420,5
114116,17,527,430,3
114133,17,530,427,3
114150,17,530,418,5
114166,17,527,411,2
114183,17,543,412,2
114200,17,531,424,3
114216,17,531,420,5
114233,17,524,435,3
114250,17,526,440,3
114266,17,530,425,3
114283,17,528,414,2
114299,17,530,421,5
114316,17,524,443,3
114333,17,525,437,3
114349,17,525,434,3
114366,17,528,425,3
114383,17,532,432,3
114399,17,532,431,3
114416,17,526,428,3
114433,17,531,420,5
114449,17,528,418,5
114466,17,527,416,2
114482,17,530,427,3
114499,17,533,416,2
114516,17,531,426,3
114532,17,530,418,5
114549,17,527,434,3
114566,17,529,417,5
114582,17,533,427,3
114599,17,531,426,3
114615,17,529,419,5
114632,17,504,474,3
114649,17,507,498,3
114665,17,506,480,3
114682,17,510,477,3
114699,17,507,493,3
114715,17,511,488,3
114732,17,514,482,3
114749,17,509,498,3
114765,17,508,494,3
114782,17,512,483,3
114798,17,510,490,3
114815,17,510,481,3
114832,17,512,474,3
114848,17,510,486,3
114865,17,509,494,3
114882,17,508,484,3
114898,17,507,490,3
114915,17,507,500,3
114932,17,508,467,3
114948,17,515,458,3
114965,17,515,478,3
114981,17,509,487,3
114998,17,511,491,3
115015,17,517,481,3
115031,17,512,481,3
115048,17,517,477,3
115065,17,511,473,3
115081,17,519,472,3
115098,17,516,480,3
115115,17,502,481,3
115131,17,510,490,3
115148,17,509,490,3
115164,17,518,475,3
115181,17,515,475,3
115198,17,510,488,3
115214,17,513,483,3
115231,17,508,486,3
115248,17,508,478,3
115264,17,507,472,3
115281,17,516,477,3
115298,17,512,494,3
115314,17,512,474,3
115331,17,504,493,3
115347,17,504,486,3
115364,17,474,1001,0
115547,183,575,758,3
115564,17,600,527,3
115580,17,613,444,3
115597,17,608,483,3
115614,17,608,489,3
115630,17,610,514,3
115647,17,610,491,3
115663,17,607,482,3
115680,17,609,509,3
115697,17,609,506,3
115713,17,597,513,3
115730,17,613,501,3
115747,17,611,500,3
115763,17,613,499,3
115780,17,602,494,3
115797,17,601,519,3
115813,17,608,506,3
115830,17,603,508,3
115846,17,595,514,3
115863,17,615,505,3
115880,17,614,500,3
115896,17,605,510,3
115913,17,613,502,3
115930,17,616,499,3
115946,17,611,508,3
115963,17,610,516,3
115980,17,615,501,3
115996,17,612,488,3
116013,17,611,511,3
116029,17,609,507,3
116046,17,609,486,3
116063,17,599,506,3
116079,17,613,518,3
116096,17,612,503,3
116113,17,608,500,3
116129,17,605,502,3
116146,17,612,486,3
116163,17,561,501,3
116179,17,550,446,3
116196,17,545,460,3
116212,17,544,471,3
116229,17,542,468,3
116246,17,545,460,3
116262,17,549,458,3
116279,17,545,448,3
116296,17,552,447,3
116312,17,547,443,3
116329,17,547,452,3
116346,17,541,461,3
116362,17,546,455,3
116379,17,541,457,3
116395,17,541,456,3
116412,17,546,453,3
116429,17,553,440,3
116445,17,545,452,3
116462,17,542,451,3
116479,17,534,469,3
116495,17,501,399,2
116512,17,505,405,2
116529,17,499,399,2
116545,17,506,398,2
116562,17,507,402,2
116578,17,505,411,2
116595,17,507,410,2
116612,17,507,400,2
116628,17,510,407,2
116645,17,509,404,2
116662,17,508,387,2
116678,17,509,401,2
116695,17,505,392,2
116712,17,508,406,2
116728,17,511,387,2
116745,17,507,412,2
116761,17,511,394,2
116778,17,510,396,2
116795,17,510,397,2
116811,17,510,411,2
116828,17,506,398,2
116845,17,509,398,2
116861,17,509,388,2
116878,17,507,404,2
116894,17,505,396,2
116911,17,507,391,2
116928,17,558,398,2
116944,17,552,377,2
116961,17,560,359,4
116978,17,562,366,2
116994,17,558,381,2
117011,17,559,375,2
117028,17,564,361,4
117044,17,563,363,4
117061,17,562,377,2
117077,17,558,372,2
117094,17,559,366,2
117111,17,559,360,4
117127,17,559,368,2
117144,17,561,359,4
117161,17,562,347,4
117177,17,560,364,4
117194,17,561,369,2
117211,17,556,377,2
117227,17,561,352,4
117244,17,557,370,2
117260,17,557,381,2
117277,17,561,374,2
117294,17,559,357,4
117310,17,562,368,2
117327,17,559,372,2
117344,17,575,364,4
117360,17,579,315,4
117377,17,584,323,4
117394,17,589,310,4
117410,17,588,319,4
117427,17,592,325,4
117443,17,590,327,4
117460,17,589,329,4
117477,17,588,331,4
117493,17,589,322,4
117510,17,591,324,4
117527,17,590,307,4
117543,17,551,389,2
117560,17,562,405,2
117577,17,550,383,2
117593,17,557,406,2
117610,17,553,400,2
117626,17,555,422,3
117643,17,555,408,2
117660,17,556,398,2
117676,17,560,415,2
117693,17,570,402,2
117710,17,564,407,2
117726,17,561,393,2
117743,17,553,432,3
117760,17,557,419,5
117776,17,527,466,3
117793,17,520,523,3
117809,17,512,495,3
117826,17,515,509,3
117843,17,510,504,3
117859,17,512,513,3
117876,17,516,523,3
117893,17,513,504,3
117909,17,516,511,3
117926,17,516,509,3
117942,17,516,523,3
117959,17,518,502,3
117976,17,514,499,3
117992,17,508,526,3
118009,17,519,487,3
118026,17,509,510,3
118042,17,524,498,3
118059,17,513,502,3
118076,17,517,494,3
118092,17,506,505,3
118109,17,434,549,3
118125,17,428,550,3
118142,17,431,551,3
118159,17,423,553,3
118175,17,428,547,3
118192,17,424,557,3
118209,17,426,551,3
118225,17,429,558,3
118242,17,429,552,3
118259,17,423,565,3
118275,17,426,543,3
118292,17,431,537,3
118308,17,430,538,3
118325,17,429,551,3
118342,17,463,527,3
118358,17,509,450,3
118375,17,562,387,2
118392,17,570,400,2
118408,17,574,394,2
118425,17,571,394,2
118442,17,584,393,2
118458,17,580,379,2
118475,17,575,386,2
118491,17,583,375,2
118508,17,568,383,2
118525,17,570,384,2
118541,17,572,389,2
118558,17,565,396,2
118575,17,564,400,2
118591,17,564,387,2
118608,17,574,393,2
118625,17,562,404,2
118641,17,584,379,2
118658,17,644,362,0
118674,17,653,370,2
118691,17,670,338,0
118708,17,666,364,0
118724,17,663,346,0
118741,17,662,352,0
118758,17,646,349,0
118774,17,666,357,0
118791,17,665,358,0
118808,17,662,352,0
118824,17,661,360,0
118841,17,663,363,0
118857,17,648,348,0
118874,17,663,354,0
118891,17,651,356,0
118907,17,672,344,0
118957,50,663,345,0
118957,0,663,345,0
118974,17,664,361,0
118991,17,641,350,0
119007,17,662,336,0
119024,17,661,380,2
119040,17,665,353,0
119057,17,658,363,0
119074,17,660,368,2
119090,17,651,361,0
119107,17,559,425,3
119124,17,546,428,3
119140,17,537,426,3
119157,17,538,420,5
119173,17,538,441,3
119190,17,547,420,5
119207,17,544,432,3
119223,17,544,437,3
119240,17,542,427,3
119257,17,542,421,5
119273,17,539,432,3
119290,17,542,424,3
119307,17,543,416,2
119323,17,540,431,3
119340,17,539,425,3
119356,17,542,435,3
119373,17,540,419,5
119390,17,549,411,2
119406,17,544,427,3
119423,17,539,422,3
119440,17,534,434,3
119456,17,540,439,3
119589,133,631,754,3
119606,17,641,483,3
119623,17,667,378,2
119639,17,651,380,2
119656,17,663,378,2
119673,17,666,391,2
119689,17,668,393,2
119706,17,671,381,2
119722,17,660,378,2
119739,17,667,383,2
119756,17,669,401,2
119772,17,670,403,2
119789,17,652,395,2
119806,17,671,375,2
119822,17,668,398,2
119839,17,657,378,2
119856,17,655,394,2
119872,17,669,376,2
119889,17,667,363,0
119905,17,657,365,2
119922,17,668,385,2
119939,17,663,370,2
119955,17,670,390,2
119972,17,657,369,2
119989,17,664,367,2
120005,17,658,377,2
120022,17,666,360,0
120039,17,664,372,2
120055,17,673,352,0
120072,17,665,370,2
120088,17,675,376,2
120105,17,671,371,2
120122,17,668,376,2
120138,17,664,376,2
120155,17,672,383,2
120172,17,669,381,2
120188,17,664,374,2
120205,17,670,387,2
120222,17,660,386,2
120238,17,659,373,2
120255,17,650,389,2
120271,17,529,410,2
120288,17,532,432,3
120305,17,517,416,2
120321,17,521,433,3
120338,17,522,428,3
120355,17,525,424,3
120371,17,522,411,2
120388,17,524,412,2
120404,17,521,416,2
120421,17,519,423,3
120438,17,524,417,5
120454,17,523,427,3
120471,17,525,429,3
120488,17,520,423,3
120504,17,518,442,3
120521,17,526,419,5
120538,17,523,421,5
120554,17,523,419,5
120571,17,531,421,5
120587,17,533,419,5
120604,17,532,433,3
120621,17,534,412,2
120637,17,525,407,2
120654,17,529,415,2
120671,17,520,427,3
120687,17,519,425,3
120704,17,522,412,2
120721,17,521,428,3
120737,17,521,431,3
120754,17,522,427,3
120770,17,516,430,3
120787,17,517,431,3
120804,17,532,409,2
120820,17,528,403,2
120837,17,526,413,2
120854,17,524,431,3
120870,17,517,427,3
120887,17,524,404,2
120904,17,526,419,5
120920,17,520,434,3
120937,17,519,421,5
120953,17,521,419,5
120970,17,523,423,3
120987,17,519,430,3
121003,17,527,419,5
121020,17,521,413,2
121037,17,521,418,5
121053,17,523,414,2
121070,17,517,412,2
121087,17,518,418,5
121103,17,521,425,3
121120,17,519,431,3
121136,17,523,429,3
121153,17,526,400,2
121170,17,524,414,2
121186,17,520,417,5
121203,17,521,400,2
121220,17,524,427,3
121236,17,523,409,2
121253,17,521,408,2
121270,17,516,418,5
121286,17,523,418,5
121303,17,518,434,3
121319,17,509,431,3
121336,17,521,431,3
121353,17,525,442,3
121369,17,513,430,3
121386,17,461,941,0
121502,116,486,829,0
121519,17,521,577,3
121536,17,519,464,3
121552,17,526,425,3
121569,17,527,417,5
121586,17,526,439,3
121602,17,519,451,3
121619,17,528,457,3
121635,17,526,452,3
121652,17,530,443,3
121669,17,523,454,3
121685,17,528,445,3
121702,17,524,447,3
121719,17,523,462,3
121735,17,526,450,3
121752,17,523,457,3
121769,17,525,457,3
121785,17,521,463,3
121802,17,525,459,3
121818,17,524,459,3
121835,17,524,452,3
121852,17,523,457,3
121868,17,521,447,3
121885,17,525,464,3
121902,17,526,461,3
121918,17,528,453,3
121935,17,530,449,3
121952,17,528,444,3
121968,17,527,445,3
121985,17,533,459,3
122001,17,526,460,3
122018,17,523,462,3
122035,17,527,462,3
122051,17,533,453,3
122068,17,534,437,3
122085,17,531,449,3
122101,17,529,444,3
122118,17,531,458,3
122135,17,526,457,3
122151,17,532,457,3
122168,17,532,441,3
122184,17,524,461,3
122201,17,526,452,3
122218,17,533,455,3
122234,17,529,462,3
122251,17,528,461,3
122268,17,534,442,3
122284,17,530,453,3
122301,17,526,445,3
122318,17,528,449,3
122334,17,525,438,3
122351,17,529,448,3
122367,17,530,452,3
122384,17,527,439,3
122401,17,531,447,3
122417,17,527,429,3
122434,17,529,454,3
122451,17,531,446,3
122467,17,526,450,3
122484,17,525,464,3
122501,17,528,459,3
122517,17,524,459,3
122534,17,521,449,3
122550,17,522,459,3
122567,17,523,448,3
122584,17,532,441,3
122600,17,525,453,3
122617,17,524,449,3
122634,17,524,440,3
122650,17,522,453,3
122667,17,521,437,3
122683,17,515,444,3
122700,17,529,451,3
122717,17,525,441,3
122733,17,524,449,3
122750,17,526,437,3
122767,17,515,452,3
122783,17,521,469,3
122800,17,520,455,3
122817,17,518,461,3
122833,17,515,449,3
122850,17,518,451,3
122866,17,521,461,3
122883,17,526,450,3
122900,17,520,450,3
122916,17,523,441,3
122933,17,526,443,3
122950,17,525,446,3
122966,17,516,465,3
122983,17,524,446,3
123000,17,522,445,3
123016,17,519,438,3
123033,17,520,445,3
123049,17,519,441,3
123066,17,517,455,3
123083,17,522,437,3
123099,17,516,578,3
123249,150,481,1050,0
123266,17,482,815,0
123282,17,503,591,3
123299,17,520,405,2
123316,17,529,381,2
123332,17,535,427,3
123349,17,523,429,3
123366,17,523,451,3
123382,17,521,460,3
123399,17,524,428,3
123415,17,520,450,3
123432,17,522,450,3
123449,17,531,427,3
123465,17,533,421,5
123482,17,522,446,3
123499,17,520,447,3
123515,17,521,459,3
123532,17,521,446,3
123549,17,520,453,3
123565,17,514,469,3
123582,17,519,451,3
123598,17,524,455,3
123615,17,522,457,3
123632,17,524,464,3
123648,17,529,445,3
123665,17,522,462,3
123682,17,521,461,3
123698,17,521,456,3
123715,17,523,457,3
123731,17,524,456,3
123748,17,526,450,3
123765,17,531,459,3
123781,17,525,457,3
123798,17,532,437,3
123815,17,528,451,3
123831,17,526,448,3
123848,17,532,449,3
123865,17,525,457,3
123881,17,527,450,3
123898,17,530,439,3
123914,17,527,441,3
123931,17,526,454,3
123948,17,527,448,3
123964,17,529,450,3
123981,17,531,449,3
123998,17,528,448,3
124014,17,532,444,3
124031,17,533,444,3
124048,17,529,447,3
124064,17,523,449,3
124081,17,524,452,3
124097,17,530,453,3
124114,17,527,449,3
124131,17,533,451,3
124147,17,533,447,3
124164,17,525,440,3
124181,17,530,444,3
124197,17,537,442,3
124214,17,528,449,3
124231,17,522,458,3
124247,17,534,459,3
124264,17,527,454,3
124280,17,530,453,3
124297,17,545,435,3
124314,17,536,465,3
124330,17,529,454,3
124347,17,531,446,3
124364,17,533,436,3
124380,17,531,433,3
124397,17,526,440,3
124414,17,533,449,3
124430,17,536,443,3
124447,17,531,450,3
124463,17,530,453,3
124480,17,535,462,3
124497,17,532,439,3
124513,17,526,465,3
124530,17,532,439,3
124547,17,532,435,3
124563,17,524,463,3
124580,17,531,458,3
124597,17,531,450,3
124613,17,531,457,3
124630,17,511,427,3
124646,17,525,417,5
124663,17,523,436,3
124680,17,525,420,5
124696,17,524,437,3
124713,17,521,426,3
124730,17,522,424,3
124746,17,519,413,2
124763,17,522,429,3
124780,17,525,423,3
124796,17,519,423,3
124813,17,525,416,2
124829,17,525,412,2
124846,17,519,424,3
124863,17,522,424,3
124879,17,530,422,3
124896,17,522,418,5
124913,17,519,426,3
124929,17,519,430,3
124946,17,520,416,2
124962,17,519,444,3
124979,17,516,425,3
124996,17,522,423,3
125012,17,519,436,3
125029,17,516,440,3
125046,17,517,426,3
125062,17,521,420,5
125079,17,515,427,3
125096,17,520,430,3
125112,17,513,428,3
125129,17,520,440,3
125145,17,515,425,3
125162,17,523,446,3
125179,17,518,424,3
125195,17,517,448,3
125212,17,513,433,3
125229,17,518,415,2
125245,17,520,413,2
125262,17,616,487,3
125279,17,631,494,3
125295,17,629,503,3
125312,17,647,508,3
125328,17,640,504,3
125345,17,642,513,3
125362,17,654,500,3
125378,17,642,503,3
125395,17,640,507,3
125412,17,644,507,3
125428,17,643,520,3
125445,17,644,520,3
125462,17,635,517,3
125478,17,643,509,3
125495,17,643,509,3
125511,17,648,505,3
125528,17,566,492,3
125545,17,534,422,3
125561,17,534,424,3
125578,17,537,410,2
125595,17,531,425,3
125611,17,528,436,3
125628,17,529,425,3
125645,17,533,428,3
125661,17,533,432,3
125678,17,533,423,3
125694,17,532,425,3
125711,17,530,412,2
125728,17,528,431,3
125744,17,533,420,5
125761,17,529,442,3
125778,17,531,435,3
125794,17,530,438,3
125811,17,538,427,3
125828,17,528,425,3
125844,17,533,426,3
125861,17,533,434,3
125877,17,533,426,3
125894,17,529,430,3
125911,17,536,425,3
125927,17,529,436,3
125944,17,536,431,3
125961,17,529,432,3
125977,17,529,424,3
125994,17,544,408,2
126010,17,534,418,5
126027,17,528,424,3
126044,17,527,437,3
126060,17,536,427,3
126077,17,532,430,3
126094,17,528,435,3
126110,17,536,429,3
126127,17,538,414,2
126144,17,532,439,3
126160,17,529,436,3
126177,17,530,413,2
126193,17,532,422,3
126210,17,534,421,5
126227,17,536,425,3
126243,17,535,417,5
126260,17,516,432,3
126277,17,532,429,3
126293,17,525,428,3
126310,17,534,408,2
126327,17,531,439,3
126343,17,525,434,3
126360,17,533,434,3
126376,17,533,429,3
126393,17,526,452,3
126410,17,529,443,3
126426,17,529,433,3
126443,17,524,446,3
126460,17,530,435,3
126476,17,532,434,3
126493,17,529,424,3
126510,17,531,421,5
126526,17,527,437,3
126543,17,531,455,3
126559,17,530,421,5
126576,17,523,434,3
126593,17,531,438,3
126609,17,533,430,3
126626,17,535,433,3
126643,17,530,437,3
126659,17,533,423,3
126676,17,530,430,3
126693,17,532,442,3
126709,17,534,445,3
126726,17,533,421,5
126742,17,525,448,3
126759,17,528,442,3
126776,17,525,432,3
126792,17,527,428,3
126809,17,529,412,2
126826,17,526,441,3
126842,17,525,453,3
126859,17,527,445,3
126876,17,527,442,3
126892,17,532,434,3
126909,17,529,443,3
126925,17,523,435,3
126942,17,528,448,3
126959,17,521,453,3
126975,17,523,450,3
126992,17,524,442,3
127009,17,528,454,3
127025,17,515,461,3
127042,17,525,428,3
127059,17,525,442,3
127075,17,525,444,3
127092,17,523,436,3
127108,17,530,450,3
127125,17,517,452,3
127142,17,522,436,3
127158,17,518,464,3
127175,17,524,438,3
127192,17,526,448,3
127208,17,525,459,3
127225,17,515,462,3
127241,17,521,446,3
127258,17,529,439,3
127275,17,523,437,3
127291,17,525,444,3
127308,17,530,420,5
127325,17,523,454,3
127341,17,526,453,3
127358,17,526,439,3
127375,17,528,442,3
127391,17,528,419,5
127408,17,528,456,3
127424,17,523,426,3
127441,17,522,440,3
127458,17,517,438,3
127474,17,525,453,3
127491,17,522,444,3
127508,17,517,461,3
127524,17,521,454,3
127541,17,527,439,3
127558,17,515,437,3
127574,17,520,432,3
127591,17,522,432,3
127607,17,510,578,3
127624,17,479,995,0
127724,100,497,924,0
127741,17,533,611,3
127757,17,545,421,5
127774,17,547,385,2
127790,17,593,550,3
127807,17,650,617,3
127824,17,702,709,3
127840,17,713,704,3
127857,17,725,704,3
127874,17,738,688,3
127890,17,725,703,3
127907,17,734,694,3
127924,17,733,693,3
127940,17,724,699,3
127957,17,737,681,3
127973,17,739,708,3
127990,17,732,705,3
128007,17,724,703,3
128023,17,742,706,3
128040,17,740,659,3
128057,17,735,695,3
128073,17,734,692,3
128090,17,739,696,3
128107,17,746,700,3
128123,17,742,708,3
128140,17,736,703,3
128156,17,742,697,3
128173,17,743,701,3
128190,17,688,661,3
128206,17,575,514,3
128223,17,528,451,3
128240,17,530,462,3
128256,17,529,450,3
128273,17,533,440,3
128289,17,533,438,3
128306,17,533,459,3
128339,33,535,457,3
128339,0,535,457,3
128356,17,538,443,3
128373,17,536,446,3
128389,17,537,443,3
128406,17,533,460,3
128423,17,534,447,3
128439,17,535,440,3
128456,17,536,447,3
128472,17,535,445,3
128489,17,532,449,3
128506,17,535,440,3
128522,17,532,440,3
128539,17,534,452,3
128556,17,534,447,3
128572,17,532,464,3
128589,17,537,451,3
128606,17,534,455,3
128622,17,533,465,3
128639,17,534,466,3
128655,17,535,454,3
128672,17,547,454,3
128689,17,519,417,5
128705,17,522,442,3
128722,17,526,428,3
128739,17,532,417,5
128755,17,526,427,3
128772,17,528,429,3
128789,17,527,419,5
128805,17,529,418,5
128822,17,528,421,5
128838,17,531,426,3
128855,17,527,440,3
128872,17,524,449,3
128888,17,525,428,3
128905,17,528,424,3
128922,17,524,443,3
128938,17,522,433,3
128955,17,533,421,5
128972,17,527,423,3
128988,17,579,396,2
129005,17,574,416,2
129021,17,584,403,2
129038,17,582,409,2
129055,17,581,398,2
129071,17,570,407,2
129088,17,582,415,2
129105,17,580,423,3
129121,17,583,410,2
129138,17,581,408,2
129155,17,589,415,2
129171,17,590,413,2
129188,17,578,398,2
129204,17,585,416,2
129221,17,581,410,2
129238,17,579,410,2
129254,17,595,385,2
129271,17,582,390,2
129288,17,581,366,2
129304,17,586,353,4
129321,17,585,353,4
129338,17,589,346,4
129354,17,584,367,2
129371,17,588,351,4
129387,17,585,374,2
129404,17,583,362,4
129421,17,582,365,2
129437,17,585,358,4
129454,17,587,353,4
129471,17,592,348,4
129487,17,586,355,4
129504,17,585,354,4
129520,17,586,360,4
129537,17,584,363,4
129554,17,586,368,2
129570,17,585,361,4
129587,17,584,382,2
129604,17,580,377,2
129620,17,583,362,4
129637,17,586,368,2
129654,17,591,358,4
129670,17,581,433,3
129753,83,840,769,0
129770,17,525,638,3
129787,17,548,434,3
129803,17,554,356,4
129820,17,555,406,2
129837,17,560,396,2
129853,17,554,401,2
129870,17,549,408,2
129886,17,554,421,5
129903,17,556,402,2
129920,17,557,413,2
129936,17,557,405,2
129953,17,560,402,2
129970,17,554,397,2
129986,17,556,408,2
130003,17,558,406,2
130020,17,556,414,2
130036,17,556,428,3
130053,17,551,428,3
130069,17,556,411,2
130086,17,553,428,3
130103,17,556,423,3
130119,17,554,421,5
130136,17,556,407,2
130153,17,556,419,5
130169,17,553,422,3
130186,17,552,415,2
130203,17,552,421,5
130219,17,553,407,2
130236,17,551,402,2
130252,17,550,418,5
130269,17,554,401,2
130286,17,563,404,2
130302,17,548,422,3
130319,17,556,413,2
130336,17,551,432,3
130352,17,553,422,3
130369,17,554,416,2
130386,17,557,400,2
130402,17,556,403,2
130419,17,556,407,2
130435,17,554,406,2
130452,17,559,405,2
130469,17,552,401,2
130485,17,555,412,2
130502,17,556,411,2
130519,17,559,413,2
130535,17,556,410,2
130552,17,558,394,2
130568,17,560,420,5
130585,17,516,517,3
130602,17,481,582,3
130618,17,485,590,3
130635,17,476,618,3
130652,17,487,604,3
130668,17,486,599,3
130685,17,488,603,3
130702,17,489,602,3
130718,17,490,583,3
130735,17,486,593,3
130751,17,496,590,3
130768,17,494,591,3
130785,17,497,604,3
130801,17,483,602,3
130818,17,488,598,3
130835,17,474,848,0
131001,166,504,727,3
131018,17,495,654,3
131034,17,485,720,3
131051,17,505,570,3
131068,17,501,592,3
131084,17,499,614,3
131101,17,497,608,3
131117,17,499,603,3
131134,17,503,619,3
131151,17,496,610,3
131167,17,503,606,3
131184,17,497,606,3
131201,17,501,599,3
131217,17,497,604,3
131234,17,501,611,3
131251,17,498,610,3
131267,17,502,587,3
131284,17,500,607,3
131300,17,504,603,3
131317,17,498,608,3
131334,17,495,603,3
131350,17,501,608,3
131367,17,498,616,3
131384,17,495,623,3
131400,17,494,618,3
131417,17,497,603,3
131434,17,517,567,3
131450,17,515,530,3
131467,17,518,532,3
131483,17,515,547,3
131500,17,521,533,3
131517,17,523,542,3
131533,17,529,513,3
131550,17,527,703,3
131567,17,518,900,0
131583,17,517,1056,0
131783,200,600,1054,0
131799,17,633,948,0
131816,17,647,977,0
131833,17,648,960,0
131849,17,575,960,0
131866,17,645,967,0
131883,17,642,960,0
131899,17,638,935,0
131916,17,649,949,0
131933,17,635,1027,0
132049,116,629,989,0
132066,17,605,959,0
132082,17,690,888,0
132099,17,695,914,0
132116,17,701,874,0
132132,17,696,897,0
132149,17,701,846,0
132165,17,695,925,0
132182,17,696,885,0
132199,17,695,900,0
132215,17,694,901,0
132232,17,693,908,0
132249,17,690,908,0
132265,17,688,907,0
132282,17,690,906,0
132299,17,697,897,0
132315,17,693,910,0
132332,17,688,907,0
132348,17,691,911,0
132365,17,692,900,0
132382,17,697,910,0
132398,17,686,896,0
132415,17,687,909,0
132432,17,693,905,0
132448,17,690,912,0
132465,17,693,912,0
132482,17,687,908,0
132498,17,690,911,0
132515,17,681,912,0
132531,17,686,903,0
132548,17,689,911,0
132565,17,687,900,0
132581,17,696,896,0
132598,17,687,911,0
132615,17,685,909,0
132631,17,686,907,0
132648,17,690,907,0
132665,17,689,912,0
132681,17,693,894,0
132698,17,688,905,0
132714,17,686,903,0
132731,17,682,901,0
132748,17,686,905,0
132764,17,690,908,0
132781,17,680,901,0
132798,17,684,899,0
132814,17,679,900,0
132831,17,666,763,3
132848,17,640,660,3
132864,17,615,517,3
132881,17,573,445,3
132897,17,574,459,3
132914,17,566,437,3
132931,17,581,437,3
132947,17,580,440,3
132964,17,582,435,3
132981,17,577,462,3
132997,17,571,433,3
133014,17,574,439,3
133030,17,571,430,3
133047,17,578,441,3
133064,17,576,432,3
133080,17,574,448,3
133097,17,577,425,3
133114,17,579,438,3
133130,17,576,446,3
133147,17,581,448,3
133164,17,581,425,3
133180,17,581,445,3
133197,17,580,459,3
133213,17,580,440,3
133230,17,584,457,3
133247,17,592,444,3
133263,17,517,448,3
133280,17,508,399,2
133297,17,501,423,3
133313,17,505,406,2
133330,17,500,433,3
133347,17,500,425,3
133363,17,504,432,3
133380,17,507,414,2
133396,17,504,426,3
133413,17,502,417,5
133430,17,503,423,3
133446,17,502,421,5
133463,17,504,407,2
133480,17,507,413,2
133496,17,503,432,3
133513,17,507,410,2
133530,17,506,414,2
133546,17,499,422,3
133563,17,504,417,5
133579,17,500,432,3
133596,17,508,410,2
133613,17,507,407,2
133629,17,502,415,2
133646,17,499,437,3
133663,17,507,421,5
133679,17,500,417,5
133696,17,504,410,2
133713,17,507,416,2
133729,17,501,419,5
133746,17,512,446,3
133762,17,508,464,3
133779,17,509,470,3
133796,17,514,456,3
133812,17,511,468,3
133829,17,513,457,3
133846,17,513,460,3
133862,17,511,464,3
133879,17,511,457,3
133896,17,510,467,3
133912,17,514,475,3
133929,17,511,458,3
133945,17,513,457,3
133962,17,517,443,3
133979,17,515,461,3
133995,17,510,462,3
134012,17,515,446,3
134029,17,514,438,3
134045,17,511,462,3
134062,17,510,453,3
134078,17,514,444,3
134095,17,510,467,3
134112,17,507,447,3
134128,17,519,441,3
134145,17,518,448,3
134162,17,518,450,3
134178,17,507,454,3
134195,17,507,464,3
134212,17,519,457,3
134228,17,513,458,3
134245,17,518,454,3
134261,17,517,439,3
134278,17,514,446,3
134295,17,515,458,3
134311,17,514,446,3
134328,17,513,466,3
134345,17,516,444,3
134361,17,515,454,3
134378,17,526,440,3
134395,17,515,465,3
134411,17,525,450,3
134428,17,506,435,3
134444,17,475,857,0
134528,83,503,652,3
134544,17,478,728,3
134561,17,510,530,3
134578,17,518,455,3
134594,17,527,422,3
134611,17,509,483,3
134627,17,519,482,3
134644,17,514,496,3
134661,17,509,499,3
134677,17,513,509,3
134694,17,517,497,3
134711,17,513,490,3
134727,17,519,499,3
134744,17,517,477,3
134761,17,521,490,3
134777,17,520,495,3
134794,17,514,482,3
134810,17,511,498,3
134827,17,519,492,3
134844,17,519,501,3
134860,17,525,503,3
134877,17,518,495,3
134894,17,519,488,3
134910,17,513,509,3
134927,17,518,496,3
134944,17,521,505,3
134960,17,521,506,3
134977,17,515,489,3
134993,17,521,486,3
135010,17,518,508,3
135027,17,521,507,3
135043,17,518,489,3
135060,17,521,501,3
135077,17,520,492,3
135093,17,519,493,3
135110,17,517,493,3
135127,17,515,495,3
135143,17,522,502,3
135160,17,521,494,3
135176,17,521,508,3
135193,17,515,507,3
135210,17,519,497,3
135226,17,524,492,3
135243,17,523,486,3
135260,17,523,499,3
135276,17,527,496,3
135293,17,521,500,3
135309,17,521,483,3
135326,17,522,499,3
135343,17,522,508,3
135359,17,519,494,3
135376,17,523,497,3
135393,17,523,510,3
135409,17,524,513,3
135426,17,518,493,3
135443,17,519,511,3
135459,17,524,508,3
135476,17,526,498,3
135492,17,527,507,3
135509,17,521,506,3
135526,17,524,502,3
135542,17,523,521,3
135559,17,524,512,3
135576,17,522,511,3
135592,17,525,496,3
135609,17,524,498,3
135626,17,528,505,3
135642,17,528,504,3
135659,17,524,506,3
135675,17,527,492,3
135692,17,532,490,3
135709,17,524,497,3
135725,17,542,511,3
135742,17,626,599,3
135759,17,689,706,3
135775,17,700,737,3
135792,17,706,728,3
135809,17,700,746,3
135825,17,707,746,3
135842,17,703,740,3
135858,17,709,742,3
135875,17,710,721,3
135892,17,711,738,3
135908,17,699,742,3
135925,17,708,729,3
135942,17,705,744,3
135958,17,704,712,3
135975,17,700,747,3
135992,17,716,748,3
136008,17,798,910,0
136025,17,811,992,0
136041,17,823,973,0
136058,17,828,988,0
136075,17,817,986,0
136091,17,825,982,0
136108,17,822,982,0
136125,17,820,981,0
136141,17,820,977,0
136158,17,824,977,0
136175,17,826,984,0
136191,17,824,978,0
136208,17,821,951,0
136507,299,451,957,0
136524,17,436,954,0
136540,17,505,882,0
136557,17,497,955,0
136574,17,493,856,0
136590,17,509,823,0
136607,17,500,849,0
136624,17,508,853,0
136640,17,510,847,0
136657,17,518,812,0
136674,17,500,648,3
136690,17,517,505,3
136707,17,508,559,3
136723,17,502,568,3
136740,17,515,582,3
136757,17,517,575,3
136773,17,513,558,3
136790,17,521,576,3
136807,17,517,589,3
136823,17,527,462,3
136840,17,538,436,3
136857,17,546,435,3
136873,17,535,470,3
136890,17,539,428,3
136906,17,545,435,3
136923,17,538,438,3
136940,17,537,442,3
136956,17,541,457,3
136973,17,538,442,3
136990,17,539,434,3
137006,17,545,442,3
137023,17,546,442,3
137040,17,546,433,3
137056,17,545,435,3
137073,17,541,437,3
137089,17,547,428,3
137106,17,543,445,3
137123,17,538,438,3
137139,17,523,408,2
137156,17,532,408,2
137173,17,533,409,2
137189,17,533,398,2
137206,17,536,374,2
137223,17,532,399,2
137239,17,530,415,2
137256,17,534,404,2
137272,17,531,383,2
137289,17,534,381,2
137306,17,532,377,2
137322,17,530,390,2
137339,17,537,388,2
137356,17,533,408,2
137372,17,532,413,2
137389,17,534,395,2
137406,17,533,407,2
137422,17,533,395,2
137439,17,532,395,2
137455,17,529,393,2
137472,17,536,386,2
137489,17,532,380,2
137505,17,532,400,2
137522,17,538,378,2
137539,17,531,394,2
137555,17,538,377,2
137572,17,531,408,2
137588,17,531,397,2
137605,17,534,370,2
137622,17,529,397,2
137638,17,534,386,2
137655,17,532,388,2
137672,17,536,377,2
137688,17,530,406,2
137705,17,466,535,3
137722,17,460,537,3
137738,17,459,563,3
137755,17,468,548,3
137771,17,463,537,3
137788,17,457,546,3
137805,17,462,542,3
137821,17,462,546,3
137838,17,453,544,3
137855,17,458,537,3
137871,17,481,543,3
137888,17,493,542,3
137905,17,506,532,3
137921,17,504,531,3
137938,17,504,542,3
137954,17,504,544,3
137971,17,504,549,3
137988,17,499,538,3
138004,17,498,559,3
138021,17,506,531,3
138038,17,503,527,3
138054,17,497,552,3
138071,17,497,552,3
138088,17,507,551,3
138104,17,500,548,3
138121,17,502,528,3
138137,17,510,539,3
138154,17,501,533,3
138171,17,518,539,3
138187,17,535,423,3
138204,17,549,413,2
138221,17,554,405,2
138237,17,556,395,2
138254,17,555,383,2
138271,17,557,392,2
138287,17,556,407,2
138304,17,557,404,2
138320,17,557,398,2
138337,17,556,400,2
138354,17,556,419,5
138370,17,552,409,2
138387,17,554,378,2
138404,17,566,352,4
138420,17,557,373,2
138437,17,561,361,4
138454,17,564,367,2
138470,17,563,353,4
138487,17,565,351,4
138503,17,570,349,4
138520,17,561,353,4
138537,17,564,359,4
138553,17,566,358,4
138570,17,566,371,2
138587,17,560,364,4
138603,17,566,349,4
138620,17,573,409,2
138636,17,608,440,3
139235,599,433,884,0
139252,17,539,885,0
139269,17,541,763,3
139285,17,564,700,3
139302,17,561,745,3
139319,17,558,749,3
139335,17,573,760,3
139352,17,567,758,3
139368,17,563,769,0
139385,17,569,758,3
139402,17,567,763,3
139418,17,570,755,3
139435,17,569,753,3
139452,17,568,762,3
139468,17,576,762,3
139485,17,575,756,3
139502,17,563,762,3
139518,17,562,763,3
139535,17,569,758,3
139551,17,562,761,3
139568,17,558,766,3
139585,17,555,766,3
139601,17,557,770,0
139618,17,560,766,3
139635,17,560,765,3
139651,17,562,765,3
139668,17,561,767,0
139685,17,560,769,0
139701,17,560,765,3
139718,17,570,915,0
140150,433,661,1003,0
140167,17,618,980,0
140184,17,632,924,0
140200,17,536,1022,0
140217,17,628,930,0
140233,17,630,992,0
140250,17,620,990,0
140267,17,628,992,0
140283,17,624,946,0
140300,17,629,945,0
140317,17,633,989,0
140333,17,564,965,0
140350,17,471,891,0
140367,17,428,921,0
140383,17,430,923,0
140400,17,428,932,0
140416,17,431,933,0
140433,17,432,923,0
140450,17,431,932,0
140466,17,378,1008,0
140483,17,437,937,0
140500,17,426,931,0
140516,17,405,1002,0
140533,17,467,833,0
140550,17,485,658,3
140566,17,519,577,3
140583,17,518,610,3
140599,17,519,584,3
140616,17,527,599,3
140633,17,530,590,3
140649,17,523,587,3
140666,17,520,590,3
140683,17,530,588,3
140699,17,521,563,3
140716,17,508,466,3
140733,17,511,493,3
140749,17,505,470,3
140766,17,509,473,3
140782,17,512,474,3
140799,17,506,467,3
140816,17,513,461,3
140832,17,513,474,3
140849,17,527,383,2
140866,17,524,390,2
140882,17,527,389,2
140899,17,521,394,2
140916,17,527,381,2
140932,17,527,375,2
140949,17,519,395,2
140965,17,524,394,2
140982,17,523,391,2
140999,17,523,385,2
141015,17,523,394,2
141032,17,522,383,2
141049,17,520,392,2
141065,17,524,386,2
141082,17,527,379,2
141098,17,524,394,2
141115,17,524,393,2
141132,17,525,400,2
141148,17,524,386,2
141165,17,522,383,2
141182,17,518,400,2
141198,17,524,387,2
141215,17,526,395,2
141232,17,520,393,2
141248,17,524,376,2
141265,17,523,384,2
141281,17,524,384,2
141298,17,523,381,2
141315,17,517,391,2
141331,17,517,398,2
141348,17,522,390,2
141365,17,523,384,2
141381,17,520,383,2
141398,17,521,384,2
141415,17,519,389,2
141431,17,524,392,2
141448,17,517,396,2
141464,17,522,387,2
141481,17,519,394,2
141498,17,515,394,2
141514,17,515,390,2
141531,17,522,390,2
141548,17,515,396,2
141564,17,519,388,2
141581,17,521,400,2
141598,17,515,399,2
141614,17,520,403,2
141631,17,517,386,2
141647,17,516,393,2
141664,17,519,391,2
141681,17,519,384,2
141697,17,518,404,2
141714,17,515,393,2
141731,17,521,397,2
141747,17,516,390,2
141764,17,512,409,2
141781,17,490,404,2
141797,17,482,396,2
141814,17,474,398,2
141830,17,470,403,2
141847,17,469,412,2
141864,17,468,407,2
141880,17,471,413,2
141897,17,472,401,2
141914,17,487,394,2
141930,17,467,397,2
141947,17,473,398,2
141964,17,462,417,2
141980,17,470,401,2
141997,17,472,402,2
142013,17,473,406,2
142030,17,472,397,2
142047,17,474,425,3
142063,17,470,406,2
142080,17,478,385,2
142097,17,468,427,3
142113,17,474,402,2
142130,17,479,395,2
142146,17,470,413,2
142163,17,472,410,2
142180,17,472,409,2
142196,17,468,414,2
142213,17,472,417,2
142230,17,487,413,2
142246,17,540,428,3
142263,17,528,417,5
142280,17,537,407,2
142296,17,532,420,5
142313,17,534,436,3
142329,17,533,404,2
142346,17,532,410,2
142363,17,543,408,2
142379,17,539,420,5
142396,17,539,405,2
142413,17,535,397,2
142429,17,539,401,2
142446,17,538,412,2
142463,17,538,416,2
142479,17,533,417,5
142496,17,546,402,2
142512,17,539,404,2
142529,17,542,416,2
142546,17,538,418,5
142562,17,532,391,2
142579,17,541,395,2
142596,17,548,385,2
142612,17,547,390,2
142629,17,538,400,2
142646,17,505,654,3
142745,100,460,1048,0
142762,17,471,788,0
142779,17,491,604,3
142795,17,513,455,3
142812,17,520,392,2
142829,17,527,362,4
142845,17,521,371,2
142862,17,521,411,2
142878,17,525,425,3
142895,17,524,449,3
142912,17,527,440,3
142928,17,533,422,3
142945,17,533,425,3
142962,17,530,431,3
142978,17,528,428,3
142995,17,517,458,3
143012,17,523,435,3
143028,17,524,432,3
143045,17,526,423,3
143061,17,533,429,3
143078,17,527,438,3
143095,17,529,445,3
143111,17,531,428,3
143128,17,527,446,3
143145,17,525,450,3
143161,17,531,443,3
143178,17,526,446,3
143195,17,531,396,2
143211,17,530,402,2
143228,17,529,399,2
143244,17,533,386,2
143261,17,533,378,2
143278,17,532,390,2
143294,17,526,399,2
143311,17,524,405,2
143328,17,532,391,2
143344,17,531,392,2
143361,17,534,400,2
143377,17,535,389,2
143394,17,529,409,2
143411,17,531,376,2
143427,17,532,388,2
143444,17,529,399,2
143461,17,528,390,2
143477,17,533,397,2
143494,17,531,403,2
143511,17,528,417,5
143527,17,532,392,2
143544,17,527,400,2
143560,17,535,383,2
143577,17,533,385,2
143594,17,528,406,2
143610,17,528,407,2
143627,17,532,407,2
143644,17,534,393,2
143660,17,529,416,2
143677,17,530,403,2
143694,17,533,404,2
143710,17,525,413,2
143727,17,525,408,2
143743,17,524,406,2
143760,17,530,406,2
143777,17,526,401,2
143793,17,523,394,2
143810,17,527,408,2
143827,17,525,413,2
143843,17,532,398,2
143860,17,530,407,2
143877,17,533,409,2
143893,17,530,411,2
143910,17,529,403,2
143926,17,524,414,2
143943,17,526,407,2
143960,17,527,396,2
143976,17,527,404,2
143993,17,527,413,2
144010,17,532,404,2
144026,17,531,397,2
144043,17,530,401,2
144060,17,528,400,2
144076,17,527,400,2
144093,17,527,399,2
144109,17,531,399,2
144126,17,530,400,2
144143,17,530,412,2
144159,17,536,398,2
144176,17,525,402,2
144193,17,528,392,2
144209,17,528,407,2
144226,17,531,397,2
144243,17,523,408,2
144259,17,525,394,2
144276,17,532,398,2
144292,17,529,405,2
144309,17,532,408,2
144326,17,530,412,2
144342,17,531,403,2
144359,17,525,385,2
144376,17,526,383,2
144392,17,524,391,2
144409,17,529,410,2
144425,17,524,415,2
144442,17,522,417,5
144459,17,528,391,2
144475,17,526,412,2
144492,17,523,403,2
144509,17,525,401,2
144525,17,523,402,2
144542,17,526,404,2
144559,17,520,415,2
144575,17,520,414,2
144592,17,519,398,2
144608,17,523,407,2
144625,17,529,401,2
144642,17,521,408,2
144658,17,522,411,2
144675,17,521,386,2
144692,17,525,401,2
144708,17,528,393,2
144725,17,524,409,2
144742,17,526,419,5
144758,17,526,389,2
144775,17,526,406,2
144791,17,529,400,2
144808,17,521,417,5
144825,17,525,410,2
144841,17,527,420,5
144858,17,526,406,2
144875,17,527,405,2
144891,17,530,395,2
144908,17,527,397,2
144925,17,528,410,2
144941,17,528,409,2
144958,17,528,404,2
144974,17,531,400,2
144991,17,530,388,2
145008,17,534,380,2
145024,17,527,398,2
145041,17,531,392,2
145058,17,529,391,2
145074,17,524,418,5
145091,17,527,392,2
145108,17,533,382,2
145124,17,531,390,2
145141,17,530,404,2
145157,17,530,401,2
145174,17,522,405,2
145191,17,528,400,2
145207,17,529,388,2
145224,17,528,396,2
145241,17,530,379,2
145257,17,530,389,2
145274,17,526,398,2
145291,17,527,404,2
145307,17,525,412,2
145324,17,533,392,2
145340,17,530,384,2
145357,17,527,385,2
145374,17,530,407,2
145390,17,527,404,2
145407,17,529,400,2
145424,17,531,385,2
145440,17,532,377,2
145457,17,532,384,2
145474,17,530,409,2
145490,17,525,391,2
145507,17,530,410,2
145523,17,527,418,5
145540,17,531,405,2
145557,17,534,401,2
145573,17,533,387,2
145590,17,532,351,4
145607,17,495,880,0
145740,133,533,813,0
145756,17,569,581,3
145773,17,573,477,3
145790,17,570,440,3
145806,17,584,416,2
145823,17,578,461,3
145839,17,575,488,3
145856,17,563,510,3
145873,17,572,507,3
145889,17,570,506,3
145906,17,571,506,3
145923,17,577,485,3
145939,17,567,519,3
145956,17,573,517,3
145973,17,575,513,3
145989,17,570,506,3
146006,17,574,505,3
146022,17,570,512,3
146039,17,571,504,3
146056,17,567,517,3
146072,17,566,508,3
146089,17,573,513,3
146106,17,570,493,3
146122,17,575,519,3
146139,17,567,510,3
146156,17,571,500,3
146172,17,567,510,3
146189,17,575,503,3
146205,17,559,509,3
146222,17,566,493,3
146239,17,571,491,3
146255,17,575,489,3
146272,17,573,523,3
146289,17,581,492,3
146305,17,568,515,3
146322,17,573,500,3
146339,17,572,508,3
146355,17,572,499,3
146372,17,564,515,3
146388,17,570,505,3
146405,17,575,493,3
146422,17,571,509,3
146438,17,576,511,3
146455,17,564,516,3
146472,17,560,506,3
146488,17,564,512,3
146505,17,567,523,3
146522,17,561,517,3
146538,17,574,514,3
146555,17,571,515,3
146571,17,573,500,3
146588,17,565,514,3
146605,17,577,502,3
146621,17,570,502,3
146638,17,572,509,3
146655,17,567,513,3
146671,17,568,502,3
146688,17,574,514,3
146704,17,571,514,3
146721,17,564,510,3
146738,17,564,513,3
146754,17,567,506,3
146771,17,569,505,3
146788,17,563,504,3
146804,17,566,517,3
146821,17,568,515,3
146838,17,563,519,3
146854,17,565,516,3
146871,17,565,516,3
146887,17,561,519,3
146904,17,567,506,3
146921,17,568,519,3
146937,17,563,518,3
146954,17,567,521,3
146971,17,563,525,3
146987,17,564,505,3
147004,17,561,511,3
147021,17,563,515,3
147037,17,566,533,3
147054,17,562,520,3
147070,17,565,536,3
147087,17,567,518,3
147104,17,567,516,3
147120,17,562,514,3
147137,17,564,501,3
147154,17,566,525,3
147170,17,569,510,3
147187,17,570,505,3
147204,17,563,517,3
147220,17,564,518,3
147237,17,565,515,3
147253,17,565,511,3
147270,17,567,527,3
147287,17,567,518,3
147303,17,570,519,3
147320,17,569,511,3
147337,17,567,519,3
147353,17,570,518,3
147370,17,502,477,3
147387,17,521,457,3
147403,17,503,465,3
147436,33,509,459,3
147453,17,506,458,3
147470,17,509,449,3
147486,17,503,466,3
147503,17,507,446,3
147520,17,510,447,3
147536,17,514,445,3
147553,17,512,434,3
147570,17,504,456,3
147586,17,508,453,3
147603,17,511,448,3
147619,17,502,459,3
147636,17,511,451,3
147653,17,504,449,3
147669,17,511,439,3
147686,17,510,436,3
147703,17,501,442,3
147719,17,515,460,3
147736,17,513,468,3
147753,17,509,450,3
147769,17,510,433,3
147786,17,500,436,3
147802,17,513,447,3
147819,17,512,454,3
147836,17,508,469,3
147852,17,511,444,3
147869,17,513,440,3
147886,17,507,453,3
147902,17,510,455,3
147919,17,515,457,3
147935,17,512,451,3
147952,17,513,439,3
147969,17,519,447,3
147985,17,514,445,3
148002,17,522,436,3
148019,17,517,439,3
148035,17,515,444,3
148052,17,520,462,3
148069,17,518,446,3
148085,17,517,458,3
148102,17,515,446,3
148118,17,515,438,3
148135,17,513,449,3
148152,17,519,445,3
148168,17,519,424,3
148185,17,517,458,3
148202,17,511,446,3
148218,17,518,434,3
148235,17,518,427,3
148252,17,516,442,3
148268,17,522,449,3
148285,17,514,437,3
148301,17,521,449,3
148318,17,520,454,3
148335,17,523,434,3
148351,17,531,448,3
148368,17,518,448,3
148385,17,518,465,3
148401,17,518,447,3
148418,17,515,453,3
148435,17,523,431,3
148451,17,522,446,3
148468,17,522,456,3
148484,17,523,444,3
148501,17,520,450,3
148518,17,523,446,3
148534,17,521,446,3
148551,17,519,457,3
148568,17,522,437,3
148584,17,521,430,3
148601,17,523,441,3
148618,17,533,436,3
148634,17,523,447,3
148651,17,522,441,3
148667,17,525,453,3
148684,17,527,442,3
148701,17,524,460,3
148717,17,534,434,3
148734,17,527,452,3
148751,17,523,455,3
148767,17,531,425,3
148784,17,536,455,3
148801,17,531,437,3
148817,17,522,444,3
148834,17,528,438,3
148850,17,530,431,3
148867,17,529,423,3
148884,17,525,457,3
148900,17,522,447,3
148917,17,531,433,3
148934,17,531,437,3
148950,17,529,451,3
148967,17,529,429,3
148983,17,529,444,3
149000,17,521,462,3
149017,17,527,463,3
149033,17,523,503,3
149133,100,467,887,0
149150,17,486,663,3
149166,17,505,484,3
149183,17,513,439,3
149200,17,515,464,3
149216,17,514,487,3
149233,17,512,500,3
149250,17,509,502,3
149266,17,513,510,3
149283,17,508,503,3
149300,17,508,505,3
149316,17,509,497,3
149333,17,510,512,3
149349,17,509,512,3
149366,17,510,503,3
149383,17,515,502,3
149399,17,514,513,3
149416,17,506,521,3
149433,17,505,521,3
149449,17,506,509,3
149466,17,500,503,3
149483,17,511,504,3
149499,17,507,510,3
149516,17,514,486,3
149532,17,506,503,3
149549,17,511,508,3
149566,17,511,507,3
149582,17,510,508,3
149599,17,506,486,3
149616,17,513,494,3
149632,17,513,496,3
149649,17,506,497,3
149666,17,508,508,3
149682,17,508,497,3
149699,17,505,490,3
149715,17,508,507,3
149732,17,506,504,3
149749,17,502,499,3
149765,17,500,500,3
149782,17,503,516,3
149799,17,507,500,3
149815,17,505,503,3
149832,17,507,500,3
149849,17,505,503,3
149865,17,508,521,3
149882,17,512,508,3
149898,17,513,502,3
149915,17,505,511,3
149932,17,511,494,3
149948,17,513,501,3
149965,17,510,515,3
149982,17,513,506,3
149998,17,511,516,3
150015,17,512,505,3
150032,17,513,501,3
150048,17,513,493,3
150065,17,512,512,3
150081,17,513,499,3
150098,17,515,499,3
150115,17,510,500,3
150131,17,509,490,3
150148,17,616,537,3
150165,17,674,485,3
150181,17,664,508,3
150198,17,666,516,3
150214,17,665,522,3
150231,17,668,526,3
150248,17,672,521,3
150264,17,667,511,3
150281,17,660,530,3
150298,17,670,533,3
150314,17,671,527,3
150331,17,671,541,3
150348,17,665,530,3
150364,17,667,516,3
150381,17,667,518,3
150397,17,664,527,3
150414,17,673,506,3
150431,17,678,520,3
150447,17,667,526,3
150464,17,668,519,3
150481,17,665,542,3
150497,17,669,518,3
150514,17,667,523,3
150531,17,668,509,3
150547,17,663,528,3
150564,17,659,616,3
150680,116,556,1048,0
150697,17,587,694,3
150714,17,612,471,3
150730,17,613,436,3
150747,17,610,474,3
150763,17,617,480,3
150780,17,612,485,3
150797,17,608,514,3
150813,17,610,493,3
150830,17,618,503,3
150847,17,610,518,3
150863,17,623,491,3
150880,17,617,498,3
150897,17,613,520,3
150913,17,612,513,3
150930,17,617,496,3
150946,17,614,501,3
150963,17,616,489,3
150980,17,613,497,3
150996,17,615,495,3
151013,17,619,504,3
151030,17,619,477,3
151046,17,616,493,3
151063,17,622,501,3
151080,17,614,478,3
151096,17,621,492,3
151113,17,618,483,3
151129,17,618,495,3
151146,17,616,507,3
151163,17,619,501,3
151179,17,619,494,3
151196,17,620,488,3
151213,17,610,489,3
151229,17,617,489,3
151246,17,619,482,3
151263,17,616,493,3
151279,17,618,498,3
151296,17,625,490,3
151312,17,617,501,3
151329,17,617,496,3
151346,17,621,477,3
151362,17,620,508,3
151379,17,618,487,3
151396,17,623,487,3
151412,17,619,505,3
151429,17,620,531,3
151545,116,559,871,0
151562,17,573,642,3
151579,17,590,464,3
151595,17,594,428,3
151612,17,595,435,3
151628,17,604,441,3
151645,17,595,470,3
151662,17,593,495,3
151678,17,593,492,3
151695,17,589,482,3
151712,17,592,476,3
151728,17,591,478,3
151745,17,593,482,3
151762,17,593,493,3
151778,17,591,491,3
151795,17,588,493,3
151811,17,594,479,3
151828,17,588,476,3
151845,17,590,494,3
151861,17,584,484,3
151878,17,584,490,3
151895,17,593,489,3
151911,17,585,486,3
151928,17,594,493,3
151945,17,586,499,3
151961,17,592,487,3
151978,17,589,479,3
151994,17,595,482,3
152011,17,591,483,3
152028,17,589,496,3
152044,17,594,477,3
152061,17,585,494,3
152078,17,587,466,3
152094,17,588,486,3
152111,17,596,479,3
152128,17,592,450,3
152144,17,587,462,3
152161,17,593,461,3
152177,17,589,475,3
152194,17,593,469,3
152211,17,590,486,3
152227,17,597,466,3
152244,17,585,486,3
152261,17,596,482,3
152277,17,591,477,3
152294,17,598,482,3
152311,17,597,491,3
152327,17,597,466,3
152344,17,591,472,3
152360,17,594,473,3
152377,17,596,466,3
152394,17,593,475,3
152410,17,589,477,3
152427,17,588,479,3
152444,17,592,472,3
152460,17,594,483,3
152477,17,582,490,3
152493,17,591,483,3
152510,17,589,469,3
152527,17,591,463,3
152543,17,594,469,3
152560,17,583,466,3
152577,17,597,464,3
152593,17,588,487,3
152610,17,595,462,3
152627,17,564,475,3
152643,17,514,431,3
152660,17,506,447,3
152676,17,498,451,3
152693,17,502,439,3
152710,17,502,430,3
152726,17,501,427,3
152743,17,507,423,3
152760,17,496,454,3
152776,17,504,430,3
152793,17,503,448,3
152810,17,505,425,3
152826,17,504,426,3
152843,17,503,432,3
152859,17,502,450,3
152876,17,511,426,3
152893,17,505,449,3
152909,17,500,434,3
152926,17,504,429,3
152943,17,508,424,3
152959,17,505,455,3
152976,17,504,429,3
152993,17,502,445,3
153009,17,510,440,3
153026,17,510,424,3
153042,17,502,441,3
153059,17,501,436,3
153076,17,506,446,3
153092,17,508,447,3
153109,17,506,440,3
153126,17,508,426,3
153142,17,510,430,3
153159,17,508,434,3
153176,17,504,428,3
153192,17,502,422,3
153209,17,508,428,3
153225,17,508,428,3
153242,17,506,428,3
153259,17,503,434,3
153275,17,503,438,3
153292,17,503,438,3
153309,17,505,425,3
153325,17,502,428,3
153342,17,505,404,2
153359,17,506,429,3
153375,17,508,426,3
153392,17,509,441,3
153408,17,506,416,2
153425,17,509,440,3
153442,17,507,447,3
153458,17,514,434,3
153475,17,506,446,3
153492,17,556,454,3
153508,17,644,491,3
153525,17,667,480,3
153542,17,673,493,3
153558,17,672,493,3
153575,17,670,488,3
153591,17,679,485,3
153608,17,675,483,3
153625,17,677,489,3
153641,17,675,504,3
153658,17,677,486,3
153675,17,677,478,3
153691,17,676,497,3
153708,17,678,482,3
153724,17,669,508,3
153741,17,674,482,3
153758,17,682,477,3
153774,17,677,476,3
153791,17,674,481,3
153808,17,685,479,3
153824,17,680,495,3
153841,17,656,686,3
153957,116,569,880,0
153974,17,589,606,3
153991,17,602,396,2
154007,17,606,349,4
154024,17,597,446,3
154041,17,595,462,3
154057,17,592,439,3
154074,17,597,448,3
154090,17,591,461,3
154107,17,598,447,3
154124,17,597,439,3
154140,17,536,468,3
154157,17,473,471,3
154174,17,478,473,3
154190,17,473,443,3
154207,17,470,447,3
154224,17,480,454,3
154240,17,472,462,3
154257,17,478,454,3
154273,17,480,445,3
154290,17,477,455,3
154307,17,479,440,3
154323,17,476,463,3
154340,17,476,449,3
154357,17,473,461,3
154373,17,471,456,3
154390,17,470,465,3
154407,17,474,469,3
154423,17,477,463,3
154440,17,476,452,3
154456,17,470,461,3
154473,17,477,467,3
154490,17,478,462,3
154506,17,478,466,3
154523,17,470,451,3
154540,17,476,453,3
154556,17,471,455,3
154573,17,481,452,3
154590,17,477,462,3
154606,17,474,451,3
154623,17,477,448,3
154639,17,483,464,3
154656,17,475,456,3
154673,17,466,454,3
154689,17,484,449,3
154706,17,481,453,3
154723,17,479,461,3
154739,17,480,450,3
154756,17,477,448,3
154772,17,478,440,3
154789,17,476,463,3
154806,17,480,478,3
154822,17,475,449,3
154839,17,473,458,3
154856,17,475,463,3
154872,17,475,467,3
154889,17,474,450,3
154906,17,474,452,3
154922,17,472,449,3
154939,17,482,439,3
154955,17,477,454,3
154972,17,478,463,3
154989,17,474,458,3
155005,17,478,476,3
155022,17,474,468,3
155039,17,470,468,3
155055,17,473,461,3
155072,17,475,470,3
155089,17,479,440,3
155105,17,477,394,2
155122,17,455,729,3
155238,116,501,901,0
155255,17,487,650,3
155272,17,499,518,3
155288,17,502,431,3
155305,17,512,380,2
155321,17,505,414,2
155338,17,512,392,2
155355,17,505,421,5
155371,17,503,461,3
155388,17,508,445,3
155405,17,511,434,3
155421,17,505,448,3
155438,17,505,453,3
155455,17,505,433,3
155471,17,504,456,3
155488,17,507,445,3
155504,17,505,452,3
155521,17,503,448,3
155538,17,508,450,3
155554,17,510,453,3
155571,17,503,445,3
155588,17,510,454,3
155604,17,506,455,3
155621,17,509,460,3
155638,17,504,450,3
155654,17,508,465,3
155671,17,509,451,3
155687,17,508,445,3
155704,17,507,448,3
155721,17,502,453,3
155737,17,506,453,3
155754,17,508,438,3
155771,17,503,459,3
155787,17,509,439,3
155804,17,502,473,3
155821,17,505,461,3
155837,17,506,454,3
155854,17,506,456,3
155870,17,507,453,3
155887,17,506,444,3
155904,17,506,432,3
155920,17,507,454,3
155937,17,509,453,3
155954,17,502,456,3
155970,17,502,450,3
155987,17,505,460,3
156003,17,500,456,3
156020,17,503,447,3
156037,17,507,474,3
156053,17,505,455,3
156070,17,502,446,3
156087,17,504,455,3
156103,17,500,451,3
156120,17,503,452,3
156137,17,502,443,3
156153,17,504,450,3
156170,17,499,446,3
156186,17,506,443,3
156203,17,506,423,3
156220,17,510,439,3
156236,17,508,450,3
156253,17,506,457,3
156270,17,505,447,3
156286,17,505,429,3
156303,17,497,448,3
156320,17,509,448,3
156336,17,498,456,3
156353,17,500,445,3
156369,17,502,452,3
156386,17,504,433,3
156403,17,502,439,3
156419,17,508,452,3
156436,17,507,445,3
156453,17,501,442,3
156469,17,506,441,3
156486,17,505,466,3
156503,17,501,452,3
156519,17,499,459,3
156536,17,503,455,3
156552,17,503,440,3
156569,17,501,460,3
156586,17,498,454,3
156602,17,503,448,3
156619,17,501,457,3
156636,17,501,437,3
156652,17,506,445,3
156669,17,499,458,3
156686,17,501,448,3
156702,17,503,447,3
156719,17,508,457,3
156735,17,503,448,3
156752,17,500,459,3
156769,17,499,447,3
156785,17,498,454,3
156802,17,498,456,3
156819,17,499,470,3
156835,17,503,447,3
156852,17,500,468,3
156869,17,497,447,3
156885,17,500,455,3
156902,17,498,463,3
156918,17,503,452,3
156935,17,503,381,2
156952,17,635,575,3
157051,100,449,1019,0
157068,17,485,716,3
157085,17,492,523,3
157101,17,498,410,2
157118,17,499,360,4
157135,17,498,377,2
157151,17,503,440,3
157168,17,497,433,3
157185,17,502,453,3
157201,17,499,452,3
157218,17,500,447,3
157234,17,498,460,3
157251,17,505,457,3
157268,17,504,455,3
157284,17,511,454,3
157301,17,498,455,3
157318,17,500,468,3
157334,17,502,448,3
157351,17,505,457,3
157368,17,504,452,3
157384,17,504,461,3
157401,17,506,448,3
157417,17,502,440,3
157434,17,510,466,3
157451,17,509,460,3
157467,17,501,468,3
157484,17,507,438,3
157501,17,509,443,3
157517,17,513,437,3
157534,17,520,434,3
157551,17,514,463,3
157567,17,512,464,3
157584,17,512,463,3
157600,17,512,450,3
157617,17,508,472,3
157634,17,515,446,3
157650,17,509,452,3
157667,17,511,451,3
157684,17,511,461,3
157700,17,502,461,3
157717,17,516,451,3
157734,17,509,456,3
157750,17,511,454,3
157767,17,506,474,3
157783,17,508,458,3
157800,17,502,473,3
157817,17,511,454,3
157833,17,511,470,3
157850,17,512,449,3
157867,17,508,442,3
157883,17,503,447,3
157900,17,506,468,3
157917,17,506,464,3
157933,17,504,468,3
157950,17,510,455,3
157966,17,508,460,3
157983,17,518,454,3
158000,17,507,476,3
158016,17,511,462,3
158033,17,518,453,3
158050,17,505,473,3
158066,17,512,463,3
158083,17,507,457,3
158100,17,510,459,3
158116,17,506,448,3
158133,17,508,462,3
158149,17,508,463,3
158166,17,514,459,3
158183,17,513,454,3
158199,17,510,465,3
158216,17,516,465,3
158233,17,515,466,3
158249,17,515,456,3
158266,17,516,468,3
158282,17,510,442,3
158299,17,522,447,3
158316,17,516,454,3
158332,17,512,467,3
158349,17,509,472,3
158366,17,515,455,3
158382,17,518,454,3
158399,17,522,445,3
158416,17,494,485,3
158432,17,450,722,3
158632,200,672,783,0
158648,17,580,610,3
158665,17,579,605,3
158682,17,567,890,0
158698,17,580,771,0
158715,17,594,653,3
158732,17,601,574,3
158748,17,603,527,3
158765,17,490,500,3
158782,17,525,341,4
158798,17,514,458,3
158815,17,514,456,3
158831,17,523,460,3
158848,17,519,472,3
158865,17,520,475,3
158881,17,520,476,3
158898,17,519,485,3
158915,17,511,488,3
158931,17,509,473,3
158948,17,519,466,3
158965,17,522,462,3
158981,17,523,475,3
158998,17,532,472,3
159014,17,517,462,3
159031,17,524,476,3
159048,17,525,449,3
159064,17,525,441,3
159081,17,525,455,3
159098,17,526,453,3
159114,17,523,455,3
159131,17,526,468,3
159148,17,525,472,3
159164,17,525,447,3
159181,17,519,463,3
159197,17,520,476,3
159214,17,521,454,3
159231,17,518,474,3
159247,17,523,475,3
159264,17,523,464,3
159281,17,522,446,3
159297,17,522,476,3
159314,17,521,453,3
159330,17,526,432,3
159347,17,524,440,3
159364,17,523,452,3
159380,17,520,437,3
159397,17,522,440,3
159414,17,524,445,3
159430,17,528,446,3
159447,17,521,466,3
159464,17,523,469,3
159480,17,519,474,3
159497,17,524,460,3
159513,17,528,434,3
159530,17,530,449,3
159547,17,523,451,3
159563,17,529,458,3
159580,17,528,471,3
159597,17,523,460,3
159613,17,529,454,3
159630,17,527,459,3
159647,17,528,445,3
159663,17,529,454,3
159680,17,529,438,3
159696,17,530,462,3
159713,17,528,445,3
159730,17,529,460,3
159746,17,534,447,3
159763,17,535,448,3
159780,17,535,446,3
159796,17,534,449,3
159813,17,531,458,3
159830,17,529,468,3
159846,17,543,448,3
159863,17,540,463,3
159879,17,535,473,3
159896,17,544,448,3
159913,17,535,445,3
159929,17,540,459,3
159946,17,537,468,3
159963,17,535,455,3
159979,17,538,449,3
159996,17,535,449,3
160013,17,539,460,3
160029,17,537,461,3
160046,17,538,463,3
160062,17,534,455,3
160079,17,539,443,3
160096,17,534,475,3
160112,17,534,453,3
160129,17,528,450,3
160146,17,539,463,3
160162,17,533,470,3
160179,17,533,457,3
160196,17,537,471,3
160212,17,532,464,3
160229,17,534,471,3
160245,17,529,454,3
160262,17,540,473,3
160279,17,543,454,3
160295,17,526,445,3
160312,17,533,456,3
160329,17,531,452,3
160345,17,530,464,3
160362,17,531,467,3
160379,17,528,598,3
160512,133,533,813,0
160528,17,536,548,3
160561,33,569,295,4
160578,17,556,426,3
160595,17,552,442,3
160611,17,548,443,3
160628,17,553,448,3
160645,17,565,429,3
160661,17,558,454,3
160678,17,561,440,3
160695,17,554,443,3
160711,17,559,440,3
160728,17,557,448,3
160744,17,554,440,3
160761,17,559,436,3
160778,17,558,437,3
160794,17,562,432,3
160811,17,557,433,3
160828,17,570,430,3
160844,17,565,452,3
160861,17,566,431,3
160878,17,567,423,3
160894,17,562,434,3
160911,17,570,407,2
160927,17,547,453,3
160944,17,518,426,3
160961,17,518,418,5
160977,17,522,410,2
160994,17,523,406,2
161011,17,518,416,2
161027,17,520,400,2
161044,17,520,409,2
161061,17,516,411,2
161077,17,523,417,5
161094,17,521,405,2
161110,17,521,423,3
161127,17,523,403,2
161144,17,523,425,3
161160,17,516,442,3
161177,17,522,409,2
161194,17,522,415,2
161210,17,528,415,2
161227,17,523,438,3
161244,17,525,422,3
161260,17,524,420,5
161277,17,518,433,3
161293,17,525,427,3
161310,17,520,435,3
161327,17,521,420,5
161343,17,527,409,2
161360,17,522,426,3
161377,17,519,441,3
161393,17,523,420,5
161410,17,525,444,3
161427,17,526,430,3
161443,17,523,437,3
161460,17,520,438,3
161476,17,519,443,3
161493,17,521,434,3
161510,17,520,420,5
161526,17,517,404,2
161626,100,567,736,3
161643,17,557,478,3
161659,17,581,357,4
161676,17,586,419,3
161693,17,581,432,3
161709,17,582,439,3
161726,17,588,432,3
161743,17,595,425,3
161759,17,589,424,3
161776,17,599,437,3
161792,17,598,441,3
161809,17,592,431,3
161826,17,603,445,3
161842,17,596,437,3
161859,17,601,432,3
161876,17,598,436,3
161892,17,599,438,3
161909,17,594,428,3
161926,17,594,443,3
161942,17,599,431,3
161959,17,601,425,3
161975,17,604,412,2
161992,17,603,405,2
162009,17,595,426,3
162025,17,621,416,2
162042,17,602,429,3
162059,17,600,429,3
162075,17,604,423,3
162092,17,602,424,3
162109,17,600,420,3
162125,17,601,418,3
162142,17,600,421,3
162158,17,601,423,3
162175,17,606,422,3
162192,17,600,437,3
162208,17,599,426,3
162225,17,609,424,3
162242,17,600,418,3
162258,17,599,422,3
162275,17,603,424,3
162292,17,598,419,3
162308,17,597,410,2
162325,17,591,438,3
162341,17,599,410,2
162358,17,616,412,2
162375,17,598,420,3
162391,17,600,419,3
162408,17,602,419,3
162425,17,604,410,2
162441,17,599,434,3
162458,17,602,417,2
162475,17,598,419,3
162491,17,596,429,3
162508,17,596,421,3
162524,17,603,436,3
162541,17,590,405,2
162558,17,602,415,2
162574,17,593,416,2
162591,17,603,417,2
162608,17,591,431,3
162624,17,593,409,2
162641,17,588,449,3
162658,17,591,419,3
162674,17,593,440,3
162691,17,590,422,3
162707,17,588,425,3
162724,17,600,425,3
162741,17,599,419,3
162757,17,563,430,3
162774,17,518,457,3
162791,17,520,447,3
162807,17,512,470,3
162824,17,516,451,3
162840,17,504,450,3
162857,17,467,958,0
162940,83,483,878,0
162957,17,499,624,3
162974,17,512,467,3
162990,17,513,380,2
163007,17,521,347,4
163023,17,523,354,4
163040,17,526,312,4
163057,17,505,417,5
163073,17,518,434,3
163090,17,516,424,3
163107,17,521,351,4
163123,17,520,381,2
163140,17,514,447,3
163157,17,520,458,3
163173,17,638,560,3
163190,17,616,594,3
163206,17,625,590,3
163223,17,624,579,3
163240,17,628,582,3
163256,17,630,574,3
163273,17,622,585,3
163290,17,631,582,3
163306,17,630,574,3
163323,17,628,575,3
163340,17,621,579,3
163356,17,625,585,3
163373,17,632,579,3
163389,17,588,595,3
163406,17,594,617,3
163423,17,585,602,3
163439,17,589,600,3
163456,17,577,617,3
163473,17,583,605,3
163489,17,585,620,3
163506,17,590,613,3
163523,17,580,618,3
163539,17,578,605,3
163556,17,576,612,3
163572,17,584,617,3
163589,17,578,607,3
163606,17,579,612,3
163622,17,580,622,3
163639,17,580,623,3
163656,17,583,608,3
163672,17,582,609,3
163689,17,539,576,3
163706,17,522,534,3
163722,17,518,504,3
163739,17,515,485,3
163755,17,519,517,3
163772,17,522,510,3
163789,17,516,500,3
163805,17,519,487,3
163822,17,524,499,3
163839,17,523,499,3
163855,17,520,497,3
163872,17,520,496,3
163889,17,526,492,3
163905,17,517,505,3
163922,17,517,506,3
163938,17,517,501,3
163955,17,524,494,3
163972,17,526,484,3
163988,17,517,505,3
164005,17,519,480,3
164022,17,518,489,3
164038,17,520,484,3
164055,17,519,473,3
164071,17,519,482,3
164088,17,521,472,3
164105,17,527,490,3
164121,17,525,508,3
164138,17,522,475,3
164155,17,524,471,3
164171,17,525,478,3
164188,17,517,487,3
164205,17,523,475,3
164238,33,524,472,3
164238,0,524,472,3
164254,17,525,480,3
164271,17,514,476,3
164288,17,518,460,3
164304,17,516,445,3
164321,17,514,460,3
164338,17,518,448,3
164354,17,518,472,3
164371,17,514,453,3
164388,17,522,462,3
164404,17,517,462,3
164421,17,522,441,3
164437,17,521,455,3
164454,17,528,455,3
164471,17,525,453,3
164487,17,524,458,3
164504,17,524,463,3
164521,17,521,472,3
164537,17,526,461,3
164554,17,530,444,3
164571,17,527,471,3
164587,17,530,459,3
164604,17,529,467,3
164620,17,529,460,3
164637,17,525,452,3
164654,17,527,464,3
164670,17,527,458,3
164687,17,526,474,3
164704,17,529,462,3
164720,17,523,463,3
164737,17,525,466,3
164754,17,528,454,3
164770,17,528,463,3
164787,17,519,472,3
164803,17,506,445,3
164820,17,511,445,3
164837,17,503,443,3
164853,17,504,446,3
164870,17,511,429,3
164887,17,507,436,3
164903,17,510,428,3
164920,17,510,421,5
164937,17,512,435,3
164953,17,505,433,3
164970,17,506,423,3
164986,17,501,425,3
165003,17,500,452,3
165020,17,506,429,3
165036,17,494,419,5
165053,17,503,437,3
165070,17,502,440,3
165086,17,506,428,3
165103,17,502,440,3
165119,17,503,443,3
165136,17,506,434,3
165153,17,497,444,3
165169,17,499,432,3
165186,17,496,433,3
165203,17,497,447,3
165219,17,505,427,3
165236,17,503,443,3
165253,17,502,433,3
165269,17,508,434,3
165286,17,511,431,3
165302,17,507,430,3
165319,17,501,453,3
165336,17,509,419,5
165352,17,507,423,3
165369,17,507,420,5
165386,17,507,429,3
165402,17,508,432,3
165419,17,616,432,3
165436,17,709,420,3
165452,17,725,415,2
165469,17,721,420,3
165485,17,723,423,3
165502,17,714,437,3
165519,17,718,426,3
165535,17,728,434,3
165552,17,740,429,3
165569,17,723,424,3
165585,17,719,411,2
165602,17,707,435,3
165619,17,731,412,2
165635,17,777,439,3
165652,17,789,415,2
165668,17,791,421,3
165685,17,785,425,3
165702,17,790,439,3
165718,17,795,418,3
165735,17,787,424,3
165752,17,803,398,0
165768,17,794,434,3
165785,17,802,421,3
165802,17,769,435,3
165818,17,770,434,3
165835,17,793,442,3
165851,17,778,418,3
165868,17,799,438,3
165885,17,803,427,3
165901,17,806,435,3
165918,17,790,424,3
165935,17,805,427,3
165951,17,807,417,3
165968,17,792,417,2
165985,17,771,432,3
166001,17,622,453,3
166018,17,524,417,5
166034,17,518,421,5
166051,17,509,412,2
166068,17,511,407,2
166084,17,507,404,2
166101,17,503,425,3
166118,17,506,419,5
166134,17,512,414,2
166151,17,509,419,5
166168,17,504,416,2
166184,17,507,432,3
166201,17,510,419,5
166217,17,506,424,3
166234,17,507,410,2
166251,17,509,420,5
166267,17,502,426,3
166284,17,514,425,3
166301,17,515,415,2
166317,17,506,423,3
166334,17,510,425,3
166350,17,506,422,3
166367,17,506,417,5
166384,17,500,437,3
166400,17,511,430,3
166417,17,510,424,3
166434,17,509,418,5
166450,17,504,420,5
166467,17,501,423,3
166484,17,505,416,2
166500,17,507,431,3
166517,17,512,416,2
166533,17,506,434,3
166550,17,508,416,2
166567,17,506,432,3
166583,17,501,425,3
166600,17,506,431,3
166617,17,504,428,3
166633,17,509,431,3
166650,17,509,422,3
166667,17,506,427,3
166683,17,506,409,2
166700,17,512,408,2
166716,17,506,431,3
166733,17,507,433,3
166750,17,507,424,3
166766,17,502,431,3
166783,17,508,430,3
166800,17,507,428,3
166816,17,504,437,3
166833,17,504,430,3
166850,17,510,424,3
166866,17,505,448,3
166883,17,506,434,3
166899,17,505,631,3
166916,17,585,494,3
166983,67,525,861,0
166999,17,537,579,3
167016,17,536,433,3
167033,17,539,387,2
167049,17,547,348,4
167066,17,540,421,5
167082,17,536,440,3
167099,17,541,457,3
167116,17,540,455,3
167149,33,542,456,3
167166,17,533,439,3
167182,17,538,440,3
167199,17,541,448,3
167216,17,535,446,3
167232,17,538,453,3
167249,17,538,461,3
167265,17,540,438,3
167282,17,538,452,3
167299,17,546,449,3
167315,17,541,448,3
167332,17,541,436,3
167349,17,544,447,3
167365,17,532,443,3
167382,17,544,443,3
167398,17,542,446,3
167415,17,539,453,3
167432,17,543,425,3
167448,17,535,451,3
167465,17,538,429,3
167482,17,547,422,3
167498,17,542,440,3
167515,17,534,437,3
167532,17,547,431,3
167548,17,542,434,3
167565,17,545,440,3
167581,17,545,435,3
167598,17,544,438,3
167615,17,541,449,3
167631,17,539,439,3
167648,17,541,443,3
167665,17,545,447,3
167681,17,544,443,3
167698,17,545,438,3
167715,17,542,438,3
167731,17,543,459,3
167748,17,541,440,3
167764,17,547,420,5
167781,17,536,471,3
167798,17,545,422,3
167814,17,541,438,3
167831,17,545,426,3
167848,17,535,441,3
167864,17,535,439,3
167881,17,542,438,3
167898,17,545,433,3
167914,17,539,435,3
167931,17,540,451,3
167947,17,534,439,3
167964,17,543,426,3
167981,17,540,435,3
167997,17,543,447,3
168014,17,541,445,3
168031,17,539,459,3
168047,17,547,434,3
168064,17,543,436,3
168081,17,541,440,3
168097,17,543,433,3
168114,17,545,426,3
168130,17,543,423,3
168147,17,547,436,3
168164,17,539,454,3
168180,17,542,458,3
168197,17,545,443,3
168214,17,547,415,2
168230,17,540,439,3
168247,17,549,430,3
168264,17,545,420,5
168280,17,548,440,3
168297,17,546,422,3
168313,17,546,437,3
168330,17,552,428,3
168347,17,548,434,3
168363,17,559,430,3
168380,17,551,421,5
168397,17,548,426,3
168413,17,548,433,3
168430,17,553,417,5
168447,17,540,417,5
168463,17,550,434,3
168480,17,560,438,3
168496,17,554,443,3
168513,17,541,439,3
168530,17,559,426,3
168546,17,545,436,3
168563,17,549,440,3
168580,17,544,444,3
168596,17,550,438,3
168613,17,550,436,3
168629,17,553,445,3
168646,17,550,433,3
168663,17,544,456,3
168679,17,546,437,3
168696,17,546,427,3
168713,17,547,437,3
168729,17,543,454,3
168746,17,548,438,3
168763,17,545,434,3
168779,17,548,427,3
168796,17,547,429,3
168812,17,543,439,3
168829,17,544,433,3
168846,17,538,443,3
168862,17,541,443,3
168879,17,539,449,3
168896,17,543,420,5
168912,17,547,433,3
168929,17,507,451,3
168946,17,512,461,3
168962,17,520,440,3
168979,17,515,442,3
168995,17,518,434,3
169012,17,520,430,3
169029,17,517,424,3
169045,17,515,444,3
169062,17,509,436,3
169079,17,520,419,5
169095,17,518,442,3
169112,17,518,430,3
169129,17,516,434,3
169145,17,518,439,3
169162,17,512,439,3
169178,17,516,448,3
169195,17,517,438,3
169212,17,518,440,3
169228,17,514,456,3
169245,17,516,445,3
169262,17,518,426,3
169278,17,510,440,3
169295,17,518,427,3
169312,17,516,421,5
169328,17,521,434,3
169345,17,519,439,3
169361,17,519,438,3
169378,17,520,488,3
169395,17,517,471,3
169411,17,525,479,3
169428,17,521,464,3
169445,17,518,471,3
169461,17,525,468,3
169478,17,523,474,3
169495,17,524,462,3
169511,17,527,481,3
169528,17,520,473,3
169544,17,525,453,3
169561,17,520,448,3
169578,17,523,447,3
169594,17,526,469,3
169611,17,526,437,3
169628,17,524,443,3
169644,17,522,464,3
169661,17,521,451,3
169678,17,526,452,3
169694,17,524,474,3
169711,17,518,464,3
169727,17,526,471,3
169744,17,526,447,3
169761,17,521,464,3
169777,17,525,471,3
169794,17,522,480,3
169811,17,493,712,3
169960,150,489,871,0
169977,17,506,586,3
169994,17,531,421,5
170010,17,522,478,3
170027,17,522,516,3
170043,17,524,517,3
170060,17,523,523,3
170077,17,535,523,3
170093,17,529,507,3
170110,17,530,512,3
170127,17,526,515,3
170143,17,532,490,3
170160,17,530,511,3
170177,17,533,503,3
170193,17,541,503,3
170210,17,529,513,3
170226,17,530,523,3
170243,17,532,504,3
170260,17,531,519,3
170276,17,534,529,3
170293,17,526,525,3
170310,17,538,504,3
170326,17,534,489,3
170343,17,527,499,3
170360,17,540,498,3
170376,17,529,506,3
170393,17,538,529,3
170409,17,527,513,3
170426,17,531,518,3
170443,17,530,525,3
170459,17,536,501,3
170476,17,536,509,3
170493,17,530,518,3
170509,17,532,499,3
170526,17,538,494,3
170543,17,529,508,3
170559,17,531,514,3
170576,17,537,512,3
170592,17,529,533,3
170609,17,538,518,3
170626,17,483,624,3
170642,17,492,611,3
170659,17,487,629,3
170676,17,486,632,3
170692,17,491,638,3
170709,17,499,615,3
170726,17,489,638,3
170742,17,487,635,3
170759,17,491,622,3
170775,17,489,631,3
170792,17,489,640,3
170809,17,489,628,3
170825,17,495,633,3
170842,17,495,640,3
170859,17,493,618,3
170875,17,491,624,3
170892,17,488,626,3
170908,17,492,637,3
170925,17,484,639,3
170942,17,498,617,3
170958,17,483,642,3
170975,17,489,623,3
170992,17,484,629,3
171008,17,486,607,3
171025,17,492,600,3
171042,17,486,621,3
171058,17,485,637,3
171075,17,484,624,3
171091,17,487,621,3
171108,17,478,800,0
171308,200,458,965,0
171324,17,487,845,0
171341,17,493,750,3
171358,17,504,630,3
171374,17,495,569,3
171391,17,495,556,3
171408,17,502,539,3
171424,17,497,599,3
171441,17,492,577,3
171457,17,499,588,3
171474,17,492,595,3
171491,17,503,591,3
171507,17,498,603,3
171524,17,493,598,3
171541,17,499,596,3
171557,17,495,596,3
171574,17,494,604,3
171591,17,497,599,3
171607,17,499,587,3
171624,17,495,591,3
171640,17,509,601,3
171657,17,642,589,3
171674,17,644,586,3
171690,17,675,580,3
171707,17,659,582,3
171724,17,664,585,3
171740,17,663,591,3
171757,17,665,581,3
171774,17,661,585,3
171790,17,653,582,3
171807,17,660,591,3
171823,17,648,583,3
171840,17,662,586,3
171857,17,659,573,3
171873,17,663,576,3
171890,17,664,580,3
171907,17,663,593,3
171923,17,656,582,3
171940,17,657,589,3
171957,17,651,589,3
171973,17,662,600,3
171990,17,666,576,3
172006,17,655,594,3
172023,17,660,596,3
172040,17,653,586,3
172056,17,659,578,3
172073,17,673,579,3
172090,17,664,583,3
172106,17,666,589,3
172123,17,664,587,3
172139,17,655,602,3
172156,17,541,760,3
172173,17,494,815,0
172189,17,495,805,0
172206,17,477,841,0
172223,17,490,832,0
172239,17,483,832,0
172256,17,481,825,0
172273,17,483,841,0
172289,17,481,832,0
172306,17,486,847,0
172322,17,475,845,0
172339,17,490,832,0
172356,17,480,843,0
172372,17,482,840,0
172389,17,487,836,0
172406,17,482,834,0
172422,17,482,834,0
172439,17,485,834,0
172456,17,482,830,0
172472,17,479,816,0
172489,17,490,895,0
172605,116,251,984,0
172655,50,715,1045,0
172672,17,706,1053,0
172688,17,701,1026,0
172705,17,695,1036,0
172738,33,700,1031,0
172755,17,700,1034,0
172772,17,705,1034,0
172788,17,724,1001,0
172805,17,699,894,0
172822,17,710,934,0
172838,17,712,918,0
172855,17,717,922,0
172871,17,715,911,0
172888,17,719,922,0
172905,17,711,918,0
172921,17,716,920,0
172938,17,715,921,0
172955,17,713,922,0
172971,17,714,920,0
172988,17,710,920,0
173005,17,713,919,0
173021,17,721,928,0
173038,17,713,925,0
173054,17,712,915,0
173071,17,711,923,0
173088,17,714,920,0
173104,17,714,923,0
173121,17,713,923,0
173138,17,709,917,0
173154,17,707,918,0
173171,17,709,922,0
173187,17,648,914,0
173204,17,705,913,0
173221,17,712,921,0
173237,17,709,919,0
173254,17,706,915,0
173271,17,705,916,0
173287,17,713,915,0
173304,17,711,922,0
173321,17,709,923,0
173337,17,708,924,0
173354,17,711,924,0
173370,17,712,919,0
173387,17,711,921,0
173404,17,707,928,0
173420,17,712,917,0
173437,17,707,923,0
173454,17,705,920,0
173470,17,703,919,0
173487,17,702,914,0
173504,17,706,920,0
173520,17,711,920,0
173537,17,708,928,0
173553,17,708,922,0
173570,17,707,921,0
173587,17,711,924,0
173603,17,716,917,0
173620,17,708,922,0
173637,17,703,922,0
173653,17,708,923,0
173670,17,702,920,0
173687,17,706,917,0
173703,17,704,924,0
173720,17,707,920,0
173736,17,710,920,0
173753,17,710,920,0
173770,17,704,921,0
173786,17,705,920,0
173803,17,718,928,0
173820,17,709,893,0
173836,17,605,1053,0
174019,183,548,1034,0
174053,33,629,1017,0
174069,17,642,1074,0
174086,17,662,943,0
174102,17,646,945,0
174119,17,651,944,0
174136,17,660,893,0
174152,17,662,909,0
174169,17,656,924,0
174186,17,652,909,0
174202,17,655,908,0
174219,17,663,904,0
174236,17,647,907,0
174252,17,650,898,0
174269,17,654,912,0
174285,17,616,1063,0
174302,17,657,918,0
174319,17,661,914,0
174335,17,656,915,0
174352,17,660,915,0
174369,17,652,934,0
174385,17,653,925,0
174402,17,660,917,0
174418,17,654,926,0
174435,17,653,925,0
174452,17,661,901,0
174468,17,655,929,0
174485,17,604,1006,0
174502,17,647,925,0
174518,17,655,931,0
174535,17,655,923,0
174552,17,648,930,0
174568,17,652,924,0
174585,17,651,935,0
174601,17,658,927,0
174618,17,655,925,0
174635,17,652,928,0
174651,17,655,929,0
174668,17,647,921,0
174685,17,652,923,0
174701,17,655,922,0
174718,17,655,916,0
174735,17,662,918,0
174751,17,653,934,0
174768,17,653,925,0
174784,17,654,931,0
174801,17,649,928,0
174818,17,657,918,0
174834,17,646,935,0
174851,17,659,925,0
174868,17,653,930,0
174884,17,661,922,0
174901,17,670,932,0
174918,17,658,937,0
174934,17,660,920,0
174951,17,659,930,0
174967,17,667,918,0
174984,17,655,931,0
175001,17,654,933,0
175017,17,653,935,0
175034,17,653,930,0
175051,17,652,926,0
175067,17,659,924,0
175084,17,649,918,0
175101,17,650,927,0
175117,17,657,920,0
175134,17,658,930,0
175150,17,656,931,0
175167,17,654,937,0
175184,17,656,933,0
175200,17,653,937,0
175217,17,658,928,0
175250,33,664,938,0
175267,17,653,942,0
175284,17,652,951,0
175300,17,652,944,0
175317,17,658,943,0
175333,17,664,939,0
175350,17,665,921,0
175367,17,653,939,0
175383,17,660,943,0
175400,17,649,947,0
175417,17,656,947,0
175433,17,645,937,0
175450,17,647,936,0
175466,17,656,935,0
175483,17,655,936,0
175500,17,663,944,0
175516,17,661,918,0
175683,166,627,961,0
175699,17,639,832,0
175716,17,632,813,0
175733,17,633,819,0
175749,17,644,814,0
175766,17,639,833,0
175783,17,645,832,0
175799,17,626,839,0
175816,17,638,833,0
175832,17,625,826,0
175849,17,631,832,0
175866,17,624,829,0
175882,17,638,842,0
175899,17,633,838,0
175916,17,629,838,0
175932,17,629,836,0
175949,17,635,833,0
175966,17,630,831,0
175982,17,643,818,0
175999,17,632,844,0
176015,17,627,829,0
176032,17,635,834,0
176049,17,635,839,0
176065,17,638,830,0
176082,17,636,837,0
176099,17,633,828,0
176115,17,630,831,0
176132,17,637,832,0
176149,17,638,830,0
176165,17,638,834,0
176182,17,632,827,0
176198,17,632,841,0
176215,17,632,831,0
176232,17,636,827,0
176248,17,633,825,0
176265,17,634,827,0
176282,17,629,827,0
176298,17,637,826,0
176315,17,636,825,0
176332,17,635,825,0
176348,17,634,821,0
176365,17,638,824,0
176381,17,644,829,0
176398,17,634,824,0
176415,17,642,824,0
176431,17,630,827,0
176448,17,635,830,0
176465,17,627,825,0
176481,17,629,820,0
176498,17,633,829,0
176515,17,632,822,0
176531,17,636,806,0
176548,17,626,922,0
176681,133,559,769,0
176697,17,491,715,3
176714,17,557,652,3
176731,17,560,570,3
176747,17,561,611,3
176764,17,557,628,3
176781,17,557,626,3
176797,17,559,627,3
176814,17,550,646,3
176831,17,564,638,3
176847,17,558,628,3
176864,17,561,626,3
176880,17,559,632,3
176897,17,556,634,3
176914,17,560,632,3
176930,17,552,632,3
176947,17,564,604,3
176964,17,566,451,3
176980,17,562,373,2
176997,17,555,327,4
177014,17,554,350,4
177030,17,558,310,4
177047,17,558,334,4
177063,17,563,315,4
177080,17,558,320,4
177097,17,563,329,4
177113,17,560,333,4
177130,17,563,339,4
177147,17,561,328,4
177163,17,538,356,4
177180,17,541,362,4
177197,17,527,386,2
177213,17,529,365,2
177230,17,533,378,2
177246,17,532,385,2
177263,17,527,376,2
177280,17,531,382,2
177296,17,533,373,2
177313,17,529,378,2
177330,17,534,368,2
177346,17,536,371,2
177363,17,533,366,2
177380,17,532,394,2
177396,17,529,380,2
177413,17,539,374,2
177429,17,534,375,2
177446,17,537,378,2
177463,17,534,371,2
177479,17,536,369,2
177496,17,530,372,2
177513,17,531,381,2
177529,17,530,384,2
177546,17,502,400,2
177563,17,479,421,3
177579,17,478,422,3
177596,17,472,432,3
177612,17,473,411,2
177629,17,474,403,2
177646,17,471,439,3
177662,17,475,415,2
177679,17,476,422,3
177696,17,473,411,2
177712,17,474,415,2
177729,17,478,427,3
177745,17,468,417,2
177762,17,476,408,2
177779,17,480,409,2
177795,17,503,436,3
177812,17,499,455,3
177829,17,511,446,3
177845,17,500,466,3
177862,17,498,460,3
177879,17,503,453,3
177895,17,499,445,3
177912,17,508,433,3
177928,17,509,442,3
177945,17,504,451,3
177962,17,497,446,3
177978,17,501,455,3
177995,17,503,468,3
178012,17,506,449,3
178028,17,497,445,3
178045,17,497,464,3
178062,17,502,476,3
178078,17,506,449,3
178095,17,504,432,3
178111,17,557,392,2
178128,17,562,376,2
178145,17,565,365,2
178161,17,563,375,2
178178,17,567,373,2
178195,17,564,362,4
178211,17,571,352,4
178228,17,566,372,2
178245,17,562,361,4
178261,17,571,357,4
178278,17,566,387,2
178294,17,568,377,2
178311,17,571,372,2
178328,17,567,371,2
178344,17,568,376,2
178361,17,568,367,2
178378,17,562,373,2
178394,17,573,352,4
178411,17,568,372,2
178428,17,572,375,2
178444,17,567,374,2
178461,17,631,329,0
178477,17,666,287,0
178494,17,705,265,0
178511,17,735,229,0
178527,17,746,193,0
178544,17,759,179,0
178561,17,755,162,0
178577,17,759,163,0
178594,17,754,169,0
178611,17,768,169,0
178627,17,763,163,0
178644,17,759,189,0
178660,17,772,168,0
178677,17,750,174,0
178694,17,754,180,0
178710,17,749,172,0
178727,17,753,170,0
178744,17,760,192,0
178760,17,756,165,0
178777,17,760,161,0
178794,17,754,177,0
178810,17,755,177,0
178827,17,753,168,0
178843,17,761,183,0
178860,17,752,181,0
178877,17,758,181,0
178893,17,758,180,0
178910,17,691,204,1
178927,17,623,246,1
178943,17,600,247,1
178960,17,595,252,1
178976,17,592,266,0
178993,17,600,249,1
179010,17,593,267,0
179026,17,589,256,1
179043,17,595,246,1
179060,17,601,256,1
179076,17,595,247,1
179093,17,589,259,1
179110,17,594,253,1
179126,17,594,269,0
179143,17,592,249,1
179159,17,591,259,1
179176,17,585,247,1
179193,17,592,249,1
179209,17,592,255,1
179226,17,595,247,1
179243,17,575,274,0
179259,17,483,400,2
179276,17,500,468,3
179293,17,472,452,3
179309,17,488,470,3
179326,17,487,471,3
179342,17,487,472,3
179359,17,489,461,3
179376,17,488,469,3
179392,17,483,460,3
179409,17,478,472,3
179426,17,480,476,3
179442,17,483,468,3
179459,17,485,477,3
179476,17,485,459,3
179492,17,482,480,3
179509,17,479,464,3
179525,17,484,457,3
179542,17,485,461,3
179559,17,510,424,3
179575,17,499,410,2
179592,17,507,424,3
179609,17,500,397,2
179625,17,511,397,2
179642,17,500,417,5
179659,17,505,395,2
179675,17,503,427,3
179692,17,505,426,3
179708,17,501,419,5
179725,17,511,401,2
179742,17,507,406,2
179758,17,509,396,2
179775,17,510,409,2
179792,17,509,403,2
179808,17,518,409,2
179825,17,503,412,2
179842,17,515,393,2
179858,17,504,410,2
179875,17,517,377,2
179891,17,501,403,2
179908,17,507,405,2
179925,17,506,401,2
179941,17,505,405,2
179958,17,510,409,2
179975,17,511,420,5
179991,17,508,399,2
180008,17,502,413,2
180025,17,503,400,2
180041,17,508,393,2
180058,17,508,418,5
180074,17,576,374,2
180091,17,557,406,2
180108,17,568,404,2
180124,17,565,399,2
180141,17,563,414,2
180158,17,567,380,2
180174,17,569,410,2
180191,17,566,385,2
180207,17,566,398,2
180224,17,573,374,2
180241,17,568,375,2
180257,17,570,379,2
180274,17,565,408,2
180291,17,556,402,2
180307,17,563,409,2
180324,17,567,409,2
180341,17,566,396,2
180357,17,562,413,2
180374,17,565,393,2
180390,17,567,391,2
180407,17,567,399,2
180424,17,570,394,2
180440,17,563,397,2
180457,17,566,409,2
180474,17,572,399,2
180490,17,561,410,2
180507,17,565,420,5
180524,17,563,402,2
180540,17,562,410,2
180557,17,566,391,2
180573,17,573,412,2
180590,17,570,402,2
180607,17,559,400,2
180623,17,558,413,2
180640,17,564,406,2
180657,17,564,403,2
180673,17,565,403,2
180690,17,574,390,2
180707,17,565,399,2
180723,17,561,406,2
180740,17,568,388,2
180756,17,561,407,2
180773,17,557,412,2
180790,17,559,407,2
180806,17,562,391,2
180823,17,563,404,2
180840,17,560,397,2
180856,17,570,386,2
180873,17,566,404,2
180890,17,565,392,2
180906,17,565,411,2
180923,17,568,395,2
180939,17,559,391,2
180956,17,563,393,2
180973,17,564,403,2
180989,17,550,420,5
181006,17,538,401,2
181023,17,533,407,2
181039,17,532,408,2
181056,17,531,436,3
181073,17,535,416,2
181089,17,533,415,2
181106,17,533,387,2
181122,17,531,423,3
181139,17,536,408,2
181156,17,535,414,2
181172,17,535,415,2
181189,17,531,411,2
181206,17,531,411,2
181222,17,535,416,2
181239,17,535,402,2
181255,17,538,416,2
181272,17,539,392,2
181289,17,530,412,2
181305,17,536,414,2
181322,17,532,410,2
181339,17,536,388,2
181355,17,534,410,2
181372,17,530,409,2
181389,17,530,425,3
181405,17,537,402,2
181422,17,531,413,2
181438,17,534,408,2
181455,17,529,417,5
181472,17,533,408,2
181488,17,535,406,2
181505,17,533,416,2
181522,17,539,394,2
181538,17,533,396,2
181555,17,529,413,2
181572,17,534,421,5
181588,17,535,418,5
181605,17,532,417,5
181621,17,533,411,2
181638,17,531,427,3
181655,17,535,409,2
181671,17,529,402,2
181688,17,530,435,3
181705,17,540,398,2
181721,17,532,406,2
181738,17,516,426,3
181755,17,533,517,3
181771,17,522,508,3
181788,17,533,510,3
181804,17,521,518,3
181821,17,529,510,3
181838,17,525,514,3
181854,17,523,530,3
181871,17,534,504,3
181888,17,526,534,3
181904,17,520,520,3
181921,17,521,533,3
181938,17,524,526,3
181954,17,523,507,3
181971,17,515,533,3
181987,17,520,517,3
182004,17,526,530,3
182021,17,485,586,3
182037,17,479,631,3
182054,17,472,627,3
182071,17,470,643,3
182087,17,469,648,3
182104,17,460,634,3
182121,17,464,629,3
182137,17,467,642,3
182154,17,474,642,3
182170,17,466,645,3
182187,17,465,643,3
182204,17,468,647,3
182220,17,465,644,3
182237,17,472,640,3
182254,17,469,644,3
182270,17,477,627,3
182287,17,492,649,3
182304,17,489,655,3
182320,17,496,637,3
182337,17,495,654,3
182353,17,495,669,3
182370,17,494,659,3
182387,17,499,647,3
182403,17,492,652,3
182420,17,495,653,3
182437,17,534,585,3
182453,17,537,482,3
182470,17,550,442,3
182486,17,551,445,3
182503,17,552,439,3
182520,17,557,448,3
182536,17,559,446,3
182553,17,565,439,3
182570,17,555,440,3
182586,17,556,440,3
182603,17,556,423,3
182620,17,549,433,3
182636,17,561,431,3
182653,17,535,445,3
182669,17,544,471,3
182686,17,545,423,3
182703,17,538,446,3
182719,17,541,438,3
182736,17,541,455,3
182753,17,539,436,3
182769,17,541,426,3
182786,17,548,424,3
182803,17,542,451,3
182819,17,541,433,3
182836,17,546,434,3
182852,17,543,456,3
182869,17,547,455,3
182886,17,541,442,3
182902,17,545,444,3
182919,17,544,447,3
182936,17,546,419,5
182952,17,545,450,3
182969,17,542,445,3
182986,17,543,431,3
183002,17,536,445,3
183019,17,551,446,3
183035,17,550,443,3
183052,17,540,446,3
183069,17,537,456,3
183085,17,501,844,0
183185,100,529,639,3
183202,17,556,447,3
183218,17,570,340,4
183235,17,563,344,4
183252,17,567,370,2
183268,17,570,397,2
183285,17,565,409,2
183302,17,573,409,2
183318,17,571,385,2
183335,17,577,400,2
183352,17,569,411,2
183368,17,581,396,2
183385,17,569,408,2
183401,17,570,404,2
183418,17,569,402,2
183435,17,570,405,2
183451,17,572,409,2
183468,17,580,409,2
183485,17,565,420,5
183501,17,576,403,2
183518,17,577,400,2
183534,17,579,401,2
183551,17,570,419,3
183568,17,574,410,2
183584,17,585,386,2
183601,17,573,392,2
183618,17,568,408,2
183634,17,569,416,2
183651,17,567,422,3
183668,17,575,404,2
183684,17,571,395,2
183701,17,574,404,2
183717,17,576,412,2
183734,17,576,391,2
183751,17,570,414,2
183767,17,579,396,2
183784,17,577,416,2
183801,17,570,424,3
183817,17,570,422,3
183834,17,570,417,2
183851,17,566,417,5
183867,17,576,418,3
183884,17,572,405,2
183900,17,570,411,2
183934,33,536,415,2
183934,0,536,415,2
183950,17,526,422,3
183967,17,535,400,2
183984,17,527,418,5
184000,17,525,411,2
184017,17,530,403,2
184034,17,531,423,3
184050,17,532,407,2
184067,17,530,425,3
184083,17,524,431,3
184100,17,526,433,3
184117,17,529,424,3
184133,17,522,423,3
184150,17,530,430,3
184167,17,530,426,3
184183,17,526,435,3
184200,17,531,415,2
184217,17,526,431,3
184233,17,527,429,3
184250,17,529,429,3
184266,17,521,438,3
184283,17,522,440,3
184300,17,525,433,3
184316,17,530,410,2
184333,17,522,424,3
184350,17,534,416,2
184366,17,529,430,3
184383,17,522,429,3
184400,17,526,410,2
184416,17,525,433,3
184433,17,528,425,3
184449,17,523,417,5
184466,17,533,403,2
184483,17,525,427,3
184499,17,528,408,2
184516,17,527,411,2
184533,17,528,409,2
184549,17,525,404,2
184566,17,527,407,2
184583,17,530,425,3
184599,17,528,421,5
184616,17,530,418,5
184632,17,523,404,2
184649,17,527,396,2
184666,17,517,443,3
184682,17,530,423,3
184699,17,528,407,2
184716,17,520,441,3
184732,17,526,423,3
184749,17,525,408,2
184765,17,528,405,2
184782,17,526,424,3
184799,17,522,422,3
184815,17,523,424,3
184832,17,522,432,3
184849,17,525,425,3
184865,17,527,409,2
184882,17,522,426,3
184899,17,527,430,3
184915,17,537,414,2
184932,17,528,418,5
184948,17,520,404,2
184965,17,521,423,3
184982,17,522,411,2
184998,17,519,439,3
185015,17,519,436,3
185032,17,521,441,3
185048,17,520,420,5
185065,17,521,419,5
185082,17,525,396,2
185098,17,520,421,5
185115,17,521,422,3
185131,17,520,429,3
185148,17,514,417,5
185165,17,514,431,3
185181,17,523,425,3
185198,17,526,416,2
185215,17,522,416,2
185231,17,521,429,3
185248,17,521,423,3
185265,17,520,449,3
185281,17,520,447,3
185298,17,517,437,3
185314,17,521,441,3
185331,17,522,421,5
185348,17,522,421,5
185364,17,514,432,3
185381,17,517,420,5
185398,17,520,429,3
185414,17,520,431,3
185431,17,522,431,3
185448,17,520,418,5
185464,17,522,421,5
185481,17,480,425,3
185497,17,393,428,3
185514,17,370,439,3
185531,17,369,428,3
185547,17,365,441,3
185564,17,361,416,2
185581,17,359,420,3
185597,17,369,406,2
185614,17,367,419,3
185631,17,362,429,3
185647,17,358,411,2
185664,17,362,427,3
185680,17,343,423,3
185697,17,315,411,2
185714,17,320,415,2
185730,17,314,409,2
185747,17,320,407,2
185764,17,315,423,3
185780,17,316,403,2
185797,17,324,391,2
185813,17,320,393,2
185830,17,309,420,3
185847,17,302,424,3
185863,17,317,413,2
185880,17,321,414,2
185897,17,323,401,2
185913,17,350,393,2
185930,17,479,436,3
185947,17,533,416,2
185963,17,548,410,2
185980,17,542,413,2
185996,17,544,415,2
186013,17,542,412,2
186030,17,539,402,2
186046,17,542,426,3
186063,17,544,400,2
186080,17,543,413,2
186096,17,543,404,2
186113,17,545,400,2
186130,17,542,393,2
186146,17,543,404,2
186163,17,548,399,2
186179,17,537,398,2
186196,17,547,398,2
186213,17,547,400,2
186229,17,540,401,2
186246,17,543,393,2
186263,17,540,387,2
186279,17,536,394,2
186296,17,540,410,2
186313,17,547,400,2
186329,17,544,408,2
186346,17,540,417,5
186362,17,542,397,2
186379,17,542,400,2
186396,17,544,412,2
186412,17,543,388,2
186429,17,547,392,2
186446,17,543,402,2
186462,17,546,410,2
186479,17,543,418,5
186496,17,541,415,2
186512,17,549,403,2
186529,17,538,415,2
186545,17,543,416,2
186562,17,544,401,2
186579,17,549,397,2
186595,17,543,400,2
186612,17,553,407,2
186629,17,542,395,2
186645,17,541,409,2
186662,17,545,398,2
186679,17,543,423,3
186695,17,546,397,2
186712,17,549,406,2
186728,17,548,389,2
186745,17,547,391,2
186762,17,540,396,2
186778,17,561,397,2
186795,17,552,418,5
186812,17,551,390,2
186828,17,552,400,2
186845,17,548,415,2
186862,17,545,401,2
186878,17,542,397,2
186895,17,543,410,2
186911,17,553,402,2
186928,17,550,396,2
186945,17,551,409,2
186961,17,549,413,2
186978,17,549,395,2
186995,17,549,415,2
187011,17,548,406,2
187028,17,548,418,5
187044,17,550,424,3
187061,17,549,421,5
187078,17,547,424,3
187094,17,547,407,2
187111,17,550,395,2
187128,17,550,420,5
187144,17,541,408,2
187161,17,541,424,3
187178,17,545,410,2
187194,17,549,388,2
187211,17,548,410,2
187227,17,545,416,2
187244,17,546,416,2
187261,17,545,399,2
187277,17,540,411,2
187294,17,543,432,3
187311,17,544,419,5
187327,17,538,416,2
187344,17,548,407,2
187361,17,550,403,2
187377,17,542,415,2
187394,17,548,388,2
187410,17,546,401,2
187427,17,543,417,5
187444,17,547,408,2
187460,17,549,413,2
187477,17,543,404,2
187494,17,544,392,2
187510,17,542,398,2
187527,17,494,464,3
187544,17,391,530,3
187560,17,299,589,3
187577,17,296,609,3
187593,17,278,612,3
187610,17,292,616,3
187627,17,275,615,3
187643,17,286,623,3
187660,17,284,617,3
187677,17,282,619,3
187693,17,279,624,3
187710,17,278,632,3
187727,17,270,595,3
187743,17,278,598,3
187760,17,274,601,3
187776,17,288,600,3
187793,17,280,601,3
187810,17,282,590,3
187826,17,281,604,3
187843,17,274,604,3
187860,17,279,594,3
187876,17,272,588,3
187893,17,275,593,3
187910,17,274,564,3
187993,83,498,802,0
188009,17,528,537,3
188026,17,542,384,2
188043,17,546,378,2
188059,17,540,407,2
188076,17,545,433,3
188092,17,545,437,3
188109,17,542,437,3
188126,17,546,430,3
188142,17,548,423,3
188159,17,549,428,3
188176,17,545,446,3
188192,17,549,424,3
188209,17,551,429,3
188226,17,595,434,3
188242,17,674,485,3
188259,17,738,559,3
188275,17,753,569,3
188292,17,762,584,3
188309,17,746,581,3
188325,17,770,590,3
188342,17,763,594,3
188359,17,762,575,3
188375,17,748,586,3
188392,17,771,571,3
188409,17,763,564,3
188425,17,755,579,3
188442,17,747,571,3
188458,17,746,587,3
188475,17,756,586,3
188492,17,753,562,3
188508,17,662,558,3
188525,17,579,517,3
188542,17,557,466,3
188558,17,559,456,3
188575,17,557,470,3
188592,17,566,443,3
188608,17,563,457,3
188625,17,558,463,3
188641,17,563,471,3
188658,17,565,455,3
188675,17,567,459,3
188691,17,565,462,3
188708,17,547,474,3
188725,17,521,427,3
188741,17,514,460,3
188758,17,521,441,3
188775,17,526,436,3
188791,17,523,434,3
188808,17,518,450,3
188824,17,515,419,5
188841,17,522,447,3
188858,17,524,450,3
188874,17,524,439,3
188891,17,524,432,3
188908,17,527,448,3
188924,17,523,442,3
188941,17,525,450,3
188958,17,528,438,3
188974,17,523,427,3
188991,17,525,421,5
189007,17,524,433,3
189024,17,518,467,3
189041,17,526,439,3
189057,17,524,441,3
189074,17,518,447,3
189091,17,525,449,3
189107,17,522,440,3
189124,17,520,453,3
189141,17,524,442,3
189157,17,527,439,3
189174,17,527,435,3
189190,17,527,442,3
189207,17,529,432,3
189224,17,524,439,3
189240,17,528,439,3
189257,17,525,444,3
189274,17,524,453,3
189290,17,530,432,3
189307,17,527,436,3
189323,17,526,439,3
189340,17,523,442,3
189357,17,532,435,3
189373,17,551,377,2
189390,17,554,366,2
189407,17,559,379,2
189423,17,561,366,2
189440,17,557,377,2
189457,17,563,371,2
189473,17,559,360,4
189490,17,553,389,2
189506,17,558,381,2
189523,17,553,381,2
189540,17,557,382,2
189556,17,560,372,2
189573,17,554,378,2
189590,17,555,368,2
189606,17,555,375,2
189623,17,557,368,2
189640,17,554,371,2
189656,17,555,392,2
189673,17,554,375,2
189689,17,558,376,2
189706,17,530,357,4
189723,17,513,354,4
189739,17,515,370,2
189756,17,512,349,4
189773,17,515,348,4
189789,17,513,354,4
189806,17,509,347,4
189823,17,510,339,4
189839,17,511,345,4
189856,17,515,346,4
189872,17,514,356,4
189889,17,517,339,4
189906,17,517,352,4
189922,17,510,354,4
189939,17,511,349,4
189956,17,513,338,4
189972,17,514,343,4
189989,17,510,356,4
190006,17,497,327,4
190022,17,381,374,2
190039,17,302,400,2
190055,17,272,393,2
190072,17,261,399,2
190089,17,259,408,2
190105,17,265,392,2
190122,17,255,396,2
190139,17,247,412,2
190155,17,256,409,2
190172,17,250,409,2
190189,17,262,403,2
190205,17,257,404,2
190222,17,267,407,2
190238,17,253,404,2
190255,17,242,422,3
190272,17,266,404,2
190288,17,253,419,3
190305,17,261,417,2
190322,17,263,409,2
190338,17,252,416,2
190355,17,272,415,2
190372,17,271,399,2
190388,17,248,411,2
190405,17,248,417,2
190421,17,252,423,3
190438,17,261,421,3
190455,17,259,417,2
190471,17,346,410,2
190488,17,447,386,2
190505,17,470,410,2
190521,17,489,400,2
190538,17,484,397,2
190554,17,481,406,2
190571,17,484,396,2
190588,17,485,399,2
190604,17,484,401,2
190621,17,489,390,2
190638,17,485,400,2
190654,17,486,398,2
190671,17,483,397,2
190688,17,486,402,2
190704,17,523,356,4
190721,17,527,315,4
190737,17,543,330,4
190754,17,541,322,4
190771,17,546,315,4
190787,17,547,316,4
190804,17,544,324,4
190821,17,549,327,4
190837,17,542,318,4
190854,17,547,326,4
190871,17,547,316,4
190887,17,542,275,0
190904,17,539,288,4
190920,17,544,272,0
190937,17,544,285,0
190954,17,544,293,4
190970,17,542,283,0
190987,17,542,280,0
191004,17,538,291,4
191020,17,547,286,0
191037,17,544,293,4
191054,17,538,280,0
191070,17,542,280,0
191087,17,540,299,4
191103,17,537,290,4
191120,17,494,402,2
191137,17,462,534,3
191153,17,468,625,3
191170,17,448,604,3
191187,17,463,633,3
191203,17,446,617,3
191220,17,460,621,3
191237,17,458,615,3
191253,17,465,609,3
191270,17,453,605,3
191286,17,452,616,3
191303,17,459,625,3
191320,17,460,625,3
191336,17,448,624,3
191353,17,457,613,3
191370,17,460,618,3
191386,17,459,621,3
191403,17,471,609,3
191420,17,530,601,3
191436,17,524,598,3
191453,17,529,601,3
191469,17,525,621,3
191486,17,525,591,3
191503,17,527,600,3
191519,17,529,601,3
191536,17,528,594,3
191553,17,527,601,3
191569,17,529,616,3
191586,17,524,614,3
191602,17,524,609,3
191619,17,527,593,3
191636,17,536,592,3
191652,17,527,604,3
191669,17,530,603,3
191686,17,533,603,3
191702,17,588,582,3
191719,17,606,583,3
191736,17,608,574,3
191752,17,608,576,3
191769,17,607,575,3
191785,17,604,585,3
191802,17,607,575,3
191819,17,622,586,3
191835,17,607,558,3
191852,17,610,566,3
191869,17,616,565,3
191885,17,610,581,3
191902,17,613,574,3
191919,17,620,567,3
191935,17,619,571,3
191952,17,607,567,3
191968,17,610,577,3
191985,17,601,581,3
192002,17,607,560,3
192018,17,602,788,0
192251,233,575,495,3
192268,17,583,715,3
192285,17,583,548,3
192301,17,594,489,3
192318,17,588,558,3
192334,17,590,560,3
192351,17,599,569,3
192368,17,604,565,3
192384,17,594,576,3
192401,17,590,583,3
192418,17,594,562,3
192434,17,596,576,3
192451,17,595,573,3
192468,17,597,581,3
192484,17,594,593,3
192501,17,595,561,3
192517,17,596,576,3
192534,17,592,584,3
192551,17,591,586,3
192567,17,618,552,3
192584,17,654,489,3
192601,17,656,478,3
192617,17,640,484,3
192634,17,647,478,3
192651,17,645,479,3
192667,17,656,494,3
192684,17,654,479,3
192700,17,643,477,3
192717,17,656,479,3
192734,17,648,467,3
192750,17,654,488,3
192767,17,668,473,3
192784,17,659,481,3
192800,17,657,485,3
192817,17,657,481,3
192833,17,660,477,3
192850,17,665,462,3
192867,17,658,474,3
192883,17,658,486,3
192900,17,663,501,3
192917,17,654,485,3
192933,17,563,430,3
192950,17,531,430,3
192967,17,532,424,3
192983,17,536,414,2
193000,17,532,428,3
193016,17,532,440,3
193033,17,531,434,3
193050,17,534,418,5
193066,17,534,415,2
193083,17,534,436,3
193100,17,529,412,2
193116,17,535,425,3
193133,17,534,419,5
193150,17,536,418,5
193166,17,532,426,3
193183,17,534,413,2
193199,17,534,416,2
193216,17,531,418,5
193233,17,536,411,2
193249,17,535,424,3
193266,17,530,433,3
193283,17,533,423,3
193299,17,535,420,5
193316,17,533,431,3
193333,17,533,416,2
193349,17,534,417,5
193366,17,577,402,2
193382,17,700,408,2
193399,17,753,395,2
193416,17,771,400,2
193432,17,773,388,2
193449,17,776,386,2
193466,17,786,383,2
193482,17,765,393,2
193499,17,761,389,2
193516,17,768,372,2
193532,17,770,399,2
193549,17,759,398,2
193565,17,760,372,2
193582,17,775,408,2
193599,17,780,383,2
193615,17,772,401,2
193632,17,826,445,3
193649,17,804,431,3
193665,17,808,438,3
193682,17,808,443,3
193699,17,806,459,3
193715,17,814,435,3
193732,17,822,442,3
193748,17,805,457,3
193765,17,804,432,3
193782,17,813,432,3
193798,17,819,440,3
193815,17,817,437,3
193832,17,803,435,3
193848,17,813,437,3
193865,17,805,430,3
193881,17,800,449,3
193898,17,782,471,3
193915,17,803,442,3
193931,17,808,466,3
193948,17,787,451,3
193965,17,793,454,3
193981,17,790,445,3
193998,17,784,465,3
194015,17,793,475,3
194031,17,816,437,3
194048,17,807,447,3
194064,17,807,462,3
194081,17,800,481,3
194098,17,784,462,3
194114,17,798,463,3
194131,17,796,445,3
194148,17,802,453,3
194164,17,800,464,3
194181,17,798,464,3
194198,17,802,444,3
194214,17,805,454,3
194231,17,799,448,3
194247,17,815,451,3
194264,17,805,459,3
194281,17,804,465,3
194297,17,799,462,3
194314,17,798,479,3
194331,17,806,470,3
194347,17,803,471,3
194364,17,802,481,3
194381,17,786,463,3
194397,17,799,469,3
194414,17,788,467,3
194430,17,802,459,3
194447,17,806,445,3
194464,17,797,460,3
194480,17,791,467,3
194497,17,805,461,3
194514,17,796,486,3
194530,17,787,453,3
194547,17,808,439,3
194564,17,660,451,3
194580,17,563,415,2
194597,17,530,397,2
194613,17,525,404,2
194630,17,530,405,2
194647,17,531,413,2
194663,17,531,411,2
194680,17,529,406,2
194697,17,530,411,2
194713,17,531,409,2
194730,17,532,407,2
194747,17,526,394,2
194763,17,527,407,2
194780,17,531,422,3
194796,17,528,407,2
194813,17,528,411,2
194830,17,532,391,2
194846,17,530,407,2
194863,17,530,400,2
194880,17,517,574,3
194979,100,528,485,3
194996,17,532,356,4
195013,17,528,394,2
195029,17,534,407,2
195046,17,535,397,2
195063,17,531,410,2
195079,17,534,412,2
195096,17,533,404,2
195112,17,531,423,3
195129,17,534,394,2
195146,17,535,392,2
195162,17,537,411,2
195179,17,535,405,2
195196,17,536,411,2
195212,17,532,407,2
195229,17,536,412,2
195246,17,537,405,2
195262,17,536,407,2
195279,17,535,410,2
195295,17,537,399,2
195312,17,535,412,2
195329,17,535,421,5
195345,17,538,426,3
195362,17,537,411,2
195379,17,537,407,2
195395,17,535,417,5
195412,17,532,416,2
195429,17,536,409,2
195445,17,538,412,2
195462,17,538,412,2
195478,17,536,405,2
195495,17,539,399,2
195512,17,535,414,2
195528,17,537,413,2
195545,17,537,400,2
195562,17,534,410,2
195578,17,537,409,2
195595,17,541,386,2
195612,17,538,420,5
195628,17,537,415,2
195645,17,540,425,3
195661,17,540,414,2
195678,17,543,405,2
195695,17,538,412,2
195711,17,541,411,2
195728,17,537,407,2
195745,17,537,418,5
195761,17,539,427,3
195778,17,538,416,2
195795,17,539,414,2
195811,17,533,414,2
195828,17,537,419,5
195844,17,535,413,2
195861,17,538,416,2
195878,17,539,410,2
195894,17,543,404,2
195911,17,536,423,3
195928,17,535,418,5
195944,17,538,407,2
195961,17,540,423,3
195978,17,537,420,5
195994,17,537,417,5
196011,17,536,417,5
196027,17,533,415,2
196044,17,540,414,2
196061,17,538,418,5
196077,17,534,413,2
196094,17,537,425,3
196111,17,532,418,5
196127,17,534,417,5
196144,17,535,397,2
196160,17,486,868,0
196227,67,601,937,0
196244,17,639,641,3
196260,17,674,453,3
196277,17,660,418,3
196294,17,663,456,3
196310,17,668,458,3
196327,17,665,463,3
196343,17,680,482,3
196360,17,664,486,3
196377,17,665,468,3
196393,17,675,484,3
196410,17,668,479,3
196427,17,675,473,3
196443,17,667,479,3
196460,17,669,476,3
196477,17,670,480,3
196493,17,684,476,3
196510,17,833,582,3
196526,17,924,630,3
196543,17,957,658,3
196560,17,959,673,3
196576,17,942,662,3
196593,17,952,659,3
196610,17,963,660,3
196626,17,953,655,3
196643,17,958,680,3
196660,17,958,667,3
196676,17,958,663,3
196693,17,970,653,3
196709,17,967,678,3
196726,17,1044,749,0
196743,17,1037,758,0
196759,17,1047,754,0
196776,17,1042,757,0
196793,17,1046,753,0
196809,17,991,780,0
196843,33,1048,760,0
196843,0,1048,760,0
196859,17,1044,730,0
196876,17,1049,758,0
196892,17,1042,732,0
196909,17,1050,751,0
196926,17,1049,732,0
196942,17,918,698,3
196959,17,754,573,3
196976,17,640,504,3
196992,17,630,504,3
197009,17,620,487,3
197026,17,633,505,3
197042,17,622,480,3
197059,17,622,511,3
197075,17,624,504,3
197092,17,632,496,3
197109,17,625,504,3
197125,17,537,433,3
197142,17,520,413,2
197159,17,519,414,2
197175,17,514,403,2
197192,17,517,401,2
197209,17,522,401,2
197225,17,521,401,2
197242,17,526,391,2
197258,17,524,410,2
197275,17,524,402,2
197292,17,520,405,2
197308,17,516,417,5
197325,17,522,396,2
197342,17,517,425,3
197358,17,525,407,2
197375,17,520,413,2
197391,17,519,407,2
197408,17,521,399,2
197425,17,521,405,2
197441,17,517,415,2
197458,17,519,406,2
197475,17,515,403,2
197491,17,513,409,2
197508,17,514,415,2
197525,17,523,407,2
197541,17,519,410,2
197558,17,483,434,3
197574,17,355,535,3
197591,17,279,583,3
197608,17,292,573,3
197624,17,272,581,3
197641,17,273,587,3
197658,17,268,576,3
197674,17,281,590,3
197691,17,273,580,3
197708,17,281,590,3
197724,17,282,602,3
197741,17,274,593,3
197757,17,273,599,3
197774,17,269,592,3
197791,17,273,590,3
197807,17,275,588,3
197824,17,287,582,3
197841,17,274,595,3
197857,17,276,595,3
197874,17,284,598,3
197891,17,279,592,3
197907,17,283,598,3
197924,17,280,594,3
197940,17,271,593,3
197957,17,345,621,3
197974,17,415,635,3
197990,17,420,637,3
198007,17,426,650,3
198024,17,432,627,3
198040,17,429,633,3
198057,17,432,633,3
198074,17,431,633,3
198090,17,425,644,3
198107,17,424,632,3
198123,17,427,639,3
198140,17,428,639,3
198157,17,434,626,3
198173,17,369,618,3
198190,17,295,584,3
198207,17,282,576,3
198223,17,287,573,3
198240,17,282,567,3
198257,17,279,593,3
198273,17,282,574,3
198290,17,289,574,3
198306,17,272,573,3
198323,17,275,587,3
198340,17,273,589,3
198356,17,276,580,3
198373,17,277,572,3
198390,17,278,583,3
198406,17,287,572,3
198423,17,280,563,3
198440,17,279,569,3
198456,17,279,565,3
198473,17,277,588,3
198489,17,400,553,3
198506,17,473,536,3
198523,17,492,525,3
198539,17,520,533,3
198556,17,507,517,3
198573,17,513,519,3
198589,17,513,511,3
198606,17,513,537,3
198622,17,512,523,3
198639,17,511,518,3
198656,17,512,526,3
198672,17,532,522,3
198689,17,651,519,3
198706,17,641,530,3
198722,17,660,516,3
198739,17,653,527,3
198756,17,642,503,3
198772,17,643,515,3
198789,17,653,525,3
198805,17,650,504,3
198822,17,663,506,3
198839,17,647,530,3
198855,17,658,507,3
198872,17,596,470,3
198889,17,523,397,2
198905,17,478,339,4
198922,17,481,348,4
198939,17,476,328,4
198955,17,476,342,4
198972,17,480,341,4
198988,17,476,348,4
199005,17,474,330,4
199022,17,474,347,4
199038,17,478,331,4
199055,17,475,343,4
199072,17,488,354,4
199088,17,504,391,2
199105,17,502,364,4
199122,17,507,382,2
199138,17,505,369,2
199155,17,505,377,2
199171,17,507,378,2
199188,17,502,394,2
199205,17,507,377,2
199221,17,505,386,2
199238,17,506,386,2
199255,17,504,385,2
199271,17,507,378,2
199288,17,503,394,2
199305,17,503,384,2
199321,17,503,377,2
199338,17,500,385,2
199354,17,506,377,2
199371,17,507,375,2
199388,17,509,386,2
199404,17,508,390,2
199421,17,506,397,2
199438,17,511,380,2
199454,17,507,385,2
199471,17,508,393,2
199488,17,508,386,2
199504,17,506,376,2
199521,17,509,374,2
199537,17,511,372,2
199554,17,508,399,2
199571,17,507,377,2
199587,17,505,393,2
199604,17,507,401,2
199621,17,510,371,2
199637,17,503,390,2
199654,17,507,378,2
199670,17,544,382,2
199687,17,529,399,2
199704,17,540,386,2
199720,17,536,408,2
199737,17,504,406,2
199754,17,361,405,2
199770,17,299,401,2
199787,17,303,409,2
199804,17,284,411,2
199820,17,304,410,2
199837,17,291,426,3
199853,17,292,420,3
199870,17,288,388,2
199887,17,296,399,2
199903,17,294,409,2
199920,17,294,394,2
199937,17,297,406,2
199953,17,295,403,2
199970,17,296,401,2
199987,17,285,411,2
200003,17,298,405,2
200020,17,295,357,0
200136,116,506,684,3
200153,17,527,465,3
200170,17,538,371,2
200186,17,531,447,3
200203,17,530,474,3
200219,17,537,457,3
200236,17,538,471,3
200253,17,534,471,3
200269,17,541,469,3
200286,17,532,465,3
200303,17,537,476,3
200319,17,547,470,3
200336,17,540,481,3
200353,17,540,467,3
200369,17,536,477,3
200386,17,618,486,3
200402,17,691,489,3
200419,17,771,492,3
200436,17,795,496,3
200452,17,803,498,3
200469,17,805,497,3
200486,17,804,525,3
200502,17,797,526,3
200519,17,802,508,3
200536,17,799,497,3
200552,17,807,507,3
200569,17,814,490,3
200585,17,806,501,3
200602,17,811,491,3
200619,17,815,500,3
200635,17,810,500,3
200652,17,812,502,3
200669,17,801,504,3
200685,17,801,509,3
200702,17,727,506,3
200719,17,700,490,3
200735,17,683,492,3
200752,17,698,497,3
200768,17,689,489,3
200785,17,682,479,3
200802,17,700,493,3
200818,17,695,476,3
200835,17,692,486,3
200852,17,689,476,3
200868,17,692,491,3
200885,17,683,490,3
200901,17,700,471,3
200918,17,695,483,3
200935,17,700,481,3
200951,17,683,491,3
200968,17,695,506,3
200985,17,535,489,3
201001,17,536,438,3
201018,17,519,436,3
201035,17,518,443,3
201051,17,521,439,3
201068,17,516,431,3
201084,17,520,450,3
201101,17,512,450,3
201118,17,514,424,3
201134,17,510,444,3
201151,17,517,432,3
201168,17,516,435,3
201184,17,510,432,3
201201,17,509,466,3
201218,17,510,442,3
201234,17,510,435,3
201251,17,509,451,3
201267,17,508,435,3
201284,17,507,430,3
201301,17,507,455,3
201317,17,509,448,3
201334,17,512,450,3
201351,17,511,448,3
201367,17,505,447,3
201384,17,508,463,3
201401,17,511,461,3
201417,17,505,457,3
201534,116,495,647,3
201550,17,516,401,2
201567,17,520,369,2
201584,17,528,292,4
201600,17,523,398,2
201617,17,516,411,2
201633,17,524,404,2
201650,17,530,417,5
201667,17,523,416,2
201683,17,522,419,5
201700,17,526,407,2
201717,17,526,416,2
201733,17,523,413,2
201750,17,526,419,5
201767,17,524,398,2
201783,17,529,404,2
201800,17,519,428,3
201816,17,527,407,2
201833,17,546,410,2
201850,17,553,411,2
201866,17,558,411,2
201883,17,552,415,2
201900,17,555,402,2
201916,17,557,406,2
201933,17,564,381,2
201949,17,561,411,2
201966,17,566,401,2
201983,17,557,407,2
201999,17,559,406,2
202016,17,560,399,2
202033,17,558,417,5
202049,17,562,406,2
202066,17,566,393,2
202083,17,564,374,2
202099,17,568,394,2
202116,17,557,408,2
202132,17,556,398,2
202149,17,559,414,2
202166,17,559,403,2
202182,17,560,411,2
202199,17,558,423,3
202216,17,562,409,2
202232,17,563,416,2
202249,17,558,416,2
202266,17,561,420,5
202282,17,554,428,3
202299,17,490,422,3
202315,17,377,480,3
202332,17,325,501,3
202349,17,338,505,3
202365,17,318,511,3
202382,17,326,503,3
202399,17,326,505,3
202415,17,328,514,3
202432,17,326,501,3
202449,17,325,495,3
202465,17,329,494,3
202482,17,325,498,3
202498,17,332,496,3
202515,17,323,493,3
202532,17,337,497,3
202548,17,329,515,3
202565,17,326,506,3
202582,17,337,509,3
202598,17,332,491,3
202615,17,325,490,3
202632,17,328,496,3
202648,17,328,504,3
202665,17,332,494,3
202681,17,331,486,3
202698,17,331,490,3
202715,17,251,541,3
202731,17,215,552,3
202748,17,213,558,3
202765,17,202,563,3
202781,17,215,569,3
202798,17,214,544,3
202815,17,212,553,3
202831,17,208,556,3
202848,17,211,552,3
202864,17,203,564,3
202881,17,322,524,3
202898,17,459,445,3
202914,17,506,418,5
202931,17,516,402,2
202948,17,510,419,5
202964,17,513,406,2
202981,17,514,393,2
202998,17,516,400,2
203014,17,517,415,2
203031,17,519,409,2
203047,17,513,424,3
203064,17,517,408,2
203081,17,507,426,3
203097,17,512,418,5
203114,17,515,427,3
203131,17,518,428,3
203147,17,518,420,5
203164,17,508,434,3
203180,17,519,410,2
203197,17,516,437,3
203214,17,520,403,2
203230,17,520,424,3
203247,17,519,411,2
203264,17,520,420,5
203280,17,523,417,5
203297,17,523,399,2
203314,17,515,426,3
203330,17,520,418,5
203347,17,519,422,3
203363,17,521,420,5
203380,17,524,414,2
203397,17,524,410,2
203413,17,524,411,2
203430,17,523,420,5
203447,17,521,407,2
203463,17,519,423,3
203480,17,501,504,3
203497,17,509,550,3
203513,17,505,537,3
203530,17,506,550,3
203546,17,508,541,3
203563,17,509,551,3
203580,17,504,566,3
203596,17,505,554,3
203613,17,504,561,3
203630,17,503,558,3
203646,17,513,547,3
203663,17,505,554,3
203680,17,505,560,3
203696,17,501,564,3
203713,17,502,567,3
203729,17,500,557,3
203746,17,504,558,3
203763,17,507,549,3
203779,17,515,541,3
203796,17,516,450,3
203813,17,518,463,3
203829,17,516,451,3
203846,17,521,454,3
203863,17,516,455,3
203879,17,521,456,3
203896,17,524,452,3
203912,17,512,461,3
203929,17,521,462,3
