Time (ms),Timegap (ms),Gaze X,Gaze Y,AOI
0,0,604,784,0
17,17,601,807,0
33,17,597,833,0
50,17,605,818,0
67,17,600,835,0
83,17,598,813,0
100,17,598,833,0
116,17,597,811,0
133,17,601,823,0
150,17,601,826,0
166,17,600,814,0
183,17,599,835,0
200,17,598,821,0
216,17,603,824,0
233,17,599,822,0
250,17,606,820,0
266,17,606,819,0
283,17,662,828,0
299,17,609,824,0
316,17,607,824,0
333,17,609,818,0
349,17,608,822,0
366,17,610,827,0
383,17,613,822,0
399,17,622,835,0
416,17,616,824,0
433,17,616,827,0
449,17,615,822,0
466,17,618,832,0
482,17,621,828,0
499,17,621,819,0
516,17,619,823,0
532,17,625,828,0
549,17,629,820,0
566,17,624,822,0
582,17,619,829,0
599,17,624,822,0
615,17,627,821,0
632,17,633,824,0
649,17,632,815,0
665,17,628,825,0
682,17,639,812,0
699,17,732,975,0
715,17,777,816,0
732,17,792,803,0
749,17,801,798,0
765,17,740,1002,0
782,17,783,990,0
798,17,906,815,0
815,17,767,993,0
832,17,887,817,0
848,17,746,999,0
865,17,869,823,0
882,17,820,809,0
898,17,812,811,0
915,17,891,829,0
932,17,819,807,0
948,17,814,813,0
965,17,885,826,0
981,17,821,814,0
998,17,812,813,0
1015,17,810,814,0
1031,17,813,816,0
1048,17,817,811,0
1065,17,829,813,0
1081,17,813,814,0
1098,17,818,812,0
1115,17,814,815,0
1131,17,839,816,0
1148,17,949,757,3
1164,17,1029,816,0
1181,17,1022,813,0
1198,17,1016,810,0
1214,17,936,951,0
1231,17,924,947,0
1248,17,911,942,0
1264,17,893,937,0
1281,17,880,934,0
1298,17,874,936,0
1314,17,971,914,0
1331,17,863,943,0
1347,17,876,952,0
1364,17,911,914,0
1547,183,652,546,3
1564,17,607,433,3
1580,17,581,498,3
1597,17,605,471,3
1614,17,589,466,3
1630,17,583,463,3
1647,17,582,484,3
1664,17,581,464,3
1680,17,581,466,3
1697,17,578,462,3
1713,17,572,475,3
1730,17,555,444,3
1747,17,507,406,2
1763,17,506,401,2
1780,17,503,395,2
1797,17,498,389,2
1813,17,497,393,2
1830,17,494,381,2
1846,17,506,382,2
1863,17,496,390,2
1880,17,493,393,2
1896,17,497,380,2
1913,17,497,392,2
1930,17,494,380,2
1946,17,504,397,2
1963,17,497,392,2
1980,17,455,362,4
1996,17,405,349,0
2013,17,398,346,0
2029,17,398,360,0
2046,17,395,347,0
2063,17,400,330,0
2079,17,405,352,0
2096,17,395,349,0
2113,17,398,338,0
2129,17,399,354,0
2146,17,400,348,0
2163,17,399,343,0
2179,17,402,354,0
2196,17,393,338,0
2212,17,394,343,0
2229,17,398,337,0
2246,17,399,343,0
2262,17,403,344,0
2279,17,403,334,0
2296,17,397,341,0
2312,17,446,352,4
2329,17,466,363,4
2346,17,463,366,2
2362,17,463,356,4
2379,17,466,357,4
2395,17,463,350,4
2412,17,464,351,4
2429,17,463,364,4
2445,17,460,354,4
2462,17,462,350,4
2479,17,464,355,4
2495,17,464,359,4
2512,17,465,356,4
2529,17,467,363,4
2545,17,462,356,4
2562,17,468,357,4
2578,17,465,363,4
2595,17,465,354,4
2612,17,466,362,4
2628,17,470,377,2
2645,17,475,370,2
2662,17,467,369,2
2678,17,466,355,4
2695,17,477,365,2
2712,17,468,369,2
2728,17,467,372,2
2745,17,465,363,4
2761,17,469,363,4
2778,17,471,369,2
2795,17,474,376,2
2811,17,468,368,2
2828,17,467,370,2
2845,17,480,378,2
2861,17,470,371,2
2878,17,471,374,2
2894,17,469,364,4
2911,17,469,379,2
2928,17,471,376,2
2944,17,471,369,2
2961,17,473,382,2
2978,17,472,378,2
2994,17,475,375,2
3011,17,476,378,2
3028,17,478,368,2
3044,17,472,376,2
3061,17,474,378,2
3077,17,477,373,2
3094,17,472,376,2
3111,17,470,371,2
3127,17,476,370,2
3144,17,479,376,2
3161,17,482,379,2
3177,17,473,377,2
3194,17,483,372,2
3211,17,475,384,2
3227,17,471,386,2
3260,33,472,384,2
3277,17,481,376,2
3294,17,472,381,2
3310,17,474,381,2
3327,17,473,390,2
3344,17,471,382,2
3360,17,473,388,2
3377,17,475,382,2
3394,17,465,392,2
3410,17,469,424,3
3427,17,465,410,2
3443,17,464,429,3
3460,17,461,416,2
3477,17,462,420,3
3493,17,460,419,3
3510,17,467,422,3
3527,17,463,427,3
3543,17,459,416,2
3560,17,465,411,2
3577,17,464,423,3
3593,17,466,427,3
3610,17,463,429,3
3626,17,466,417,2
3643,17,464,424,3
3660,17,463,421,3
3676,17,466,432,3
3693,17,469,432,3
3710,17,467,417,2
3726,17,469,433,3
3743,17,467,430,3
3760,17,465,428,3
3776,17,466,425,3
3809,33,468,420,3
3826,17,467,414,2
3843,17,470,425,3
3859,17,470,422,3
3876,17,471,420,3
3893,17,468,411,2
3909,17,468,419,3
3926,17,472,418,3
3943,17,469,432,3
3959,17,471,423,3
3976,17,469,426,3
3992,17,467,402,2
4009,17,469,418,3
4026,17,468,411,2
4042,17,469,413,2
4059,17,469,416,2
4076,17,472,423,3
4092,17,469,411,2
4109,17,469,426,3
4125,17,469,422,3
4142,17,470,409,2
4159,17,469,409,2
4175,17,469,418,3
4192,17,470,427,3
4209,17,473,421,3
4225,17,469,416,2
4242,17,472,421,3
4259,17,467,425,3
4275,17,473,423,3
4292,17,469,414,2
4308,17,471,435,3
4325,17,472,427,3
4342,17,476,422,3
4358,17,478,419,3
4375,17,484,427,3
4392,17,489,433,3
4408,17,494,454,3
4425,17,500,476,3
4442,17,489,468,3
4458,17,488,469,3
4475,17,496,471,3
4491,17,498,472,3
4508,17,497,468,3
4525,17,494,468,3
4541,17,494,473,3
4558,17,499,464,3
4575,17,502,481,3
4591,17,494,471,3
4608,17,549,577,3
4625,17,584,699,3
4641,17,592,818,0
4658,17,569,855,0
4674,17,574,866,0
4691,17,586,846,0
4708,17,588,839,0
4724,17,580,862,0
4741,17,584,850,0
4758,17,590,859,0
4774,17,523,928,0
4791,17,583,850,0
4808,17,590,843,0
4824,17,589,856,0
4841,17,588,856,0
4857,17,586,842,0
4874,17,587,857,0
4891,17,591,861,0
4907,17,590,847,0
4924,17,586,846,0
4941,17,587,852,0
4957,17,578,722,3
4974,17,556,620,3
4991,17,522,512,3
5007,17,509,496,3
5024,17,508,492,3
5040,17,506,498,3
5057,17,503,491,3
5074,17,506,497,3
5090,17,508,496,3
5107,17,507,494,3
5124,17,504,494,3
5140,17,505,503,3
5157,17,505,490,3
5174,17,505,507,3
5190,17,505,507,3
5207,17,507,499,3
5223,17,501,501,3
5240,17,506,505,3
5257,17,503,496,3
5273,17,507,498,3
5290,17,504,488,3
5307,17,506,501,3
5323,17,515,500,3
5340,17,502,498,3
5356,17,504,507,3
5373,17,501,500,3
5390,17,504,502,3
5406,17,504,503,3
5423,17,500,497,3
5440,17,506,494,3
5456,17,503,495,3
5473,17,506,501,3
5490,17,508,503,3
5506,17,507,497,3
5523,17,510,495,3
5539,17,506,496,3
5556,17,506,512,3
5573,17,501,498,3
5589,17,509,500,3
5606,17,501,500,3
5623,17,506,497,3
5639,17,503,491,3
5656,17,507,496,3
5673,17,504,508,3
5689,17,510,505,3
5706,17,500,497,3
5722,17,507,493,3
5739,17,512,493,3
5756,17,506,485,3
5772,17,509,506,3
5789,17,508,492,3
5806,17,510,502,3
5822,17,506,490,3
5839,17,510,493,3
5856,17,512,491,3
5872,17,508,483,3
5889,17,508,489,3
5905,17,511,487,3
5922,17,508,491,3
5939,17,512,491,3
5955,17,511,494,3
5972,17,516,502,3
5989,17,512,503,3
6005,17,513,495,3
6022,17,513,495,3
6039,17,509,490,3
6055,17,512,490,3
6072,17,510,501,3
6088,17,515,498,3
6105,17,515,498,3
6122,17,513,494,3
6138,17,511,508,3
6155,17,512,498,3
6172,17,530,499,3
6188,17,566,501,3
6205,17,557,487,3
6222,17,561,483,3
6238,17,559,487,3
6255,17,559,490,3
6271,17,557,491,3
6288,17,557,492,3
6305,17,559,485,3
6321,17,556,483,3
6338,17,556,483,3
6355,17,488,428,3
6371,17,487,432,3
6388,17,486,432,3
6404,17,486,438,3
6421,17,486,441,3
6438,17,487,437,3
6454,17,486,433,3
6471,17,486,435,3
6488,17,487,437,3
6504,17,484,436,3
6521,17,487,437,3
6538,17,487,440,3
6554,17,487,437,3
6571,17,488,439,3
6587,17,493,423,3
6604,17,490,434,3
6621,17,491,434,3
6637,17,476,427,3
6654,17,480,438,3
6671,17,477,434,3
6687,17,480,440,3
6704,17,482,433,3
6721,17,494,433,3
6737,17,488,434,3
6754,17,482,437,3
6770,17,489,434,3
6787,17,482,430,3
6804,17,479,430,3
6820,17,486,438,3
6837,17,484,441,3
6854,17,486,435,3
6870,17,475,424,3
6887,17,478,434,3
6904,17,481,435,3
6920,17,480,435,3
6937,17,487,439,3
6953,17,474,435,3
6970,17,484,435,3
6987,17,473,431,3
7003,17,482,433,3
7020,17,477,423,3
7037,17,476,431,3
7053,17,479,433,3
7070,17,481,440,3
7087,17,477,443,3
7103,17,478,428,3
7120,17,476,431,3
7136,17,480,424,3
7153,17,480,444,3
7170,17,479,436,3
7186,17,479,440,3
7203,17,479,411,2
7220,17,477,441,3
7236,17,478,438,3
7253,17,479,442,3
7270,17,476,440,3
7286,17,480,436,3
7303,17,479,438,3
7319,17,473,442,3
7336,17,484,450,3
7353,17,474,433,3
7369,17,470,441,3
7386,17,479,444,3
7403,17,487,438,3
7419,17,476,432,3
7436,17,477,442,3
7453,17,472,432,3
7469,17,473,448,3
7486,17,475,435,3
7502,17,477,439,3
7519,17,477,440,3
7536,17,475,439,3
7552,17,474,436,3
7569,17,514,432,3
7586,17,541,428,3
7602,17,612,388,2
7619,17,684,764,3
7952,333,1200,810,0
7968,17,1200,810,0
7985,17,1200,810,0
8018,33,1193,979,0
8101,83,1129,1009,0
8184,83,1129,991,0
8817,632,598,499,3
8833,17,608,489,3
8850,17,598,489,3
8866,17,580,486,3
8883,17,517,476,3
8900,17,505,457,3
8916,17,508,464,3
8933,17,511,467,3
8950,17,506,459,3
8966,17,505,462,3
8983,17,505,460,3
9000,17,494,460,3
9016,17,498,463,3
9033,17,504,472,3
9049,17,501,470,3
9066,17,503,463,3
9083,17,501,456,3
9099,17,504,477,3
9116,17,500,467,3
9133,17,498,457,3
9149,17,505,463,3
9166,17,497,457,3
9183,17,494,458,3
9199,17,500,458,3
9216,17,497,459,3
9232,17,493,452,3
9249,17,491,451,3
9266,17,501,453,3
9282,17,480,466,3
9299,17,439,427,3
9316,17,430,403,2
9332,17,429,421,3
9349,17,427,406,2
9366,17,429,425,3
9382,17,432,411,2
9399,17,431,428,3
9415,17,434,424,3
9432,17,429,428,3
9449,17,429,414,2
9465,17,432,431,3
9482,17,430,417,2
9499,17,427,411,2
9515,17,431,420,3
9532,17,430,412,2
9549,17,432,419,3
9565,17,432,426,3
9582,17,433,419,3
9598,17,437,412,2
9615,17,474,373,2
9632,17,510,443,3
9648,17,501,516,3
9665,17,540,580,3
9682,17,533,628,3
9698,17,545,531,3
9715,17,532,429,3
9732,17,508,339,4
9748,17,499,351,4
9765,17,501,356,4
9781,17,501,356,4
9798,17,502,353,4
9815,17,503,356,4
9831,17,497,343,4
9848,17,495,339,4
9865,17,495,338,4
9881,17,496,340,4
9898,17,494,349,4
9914,17,493,339,4
9931,17,495,340,4
9948,17,493,340,4
9964,17,495,346,4
9981,17,497,351,4
9998,17,492,342,4
10014,17,497,326,4
10031,17,494,329,4
10048,17,496,335,4
10064,17,496,353,4
10081,17,498,335,4
10097,17,493,347,4
10114,17,498,358,4
10131,17,496,368,2
10147,17,498,351,4
10164,17,492,345,4
10181,17,501,348,4
10197,17,497,348,4
10214,17,500,357,4
10231,17,498,353,4
10247,17,496,345,4
10264,17,494,348,4
10280,17,498,343,4
10297,17,498,354,4
10314,17,495,343,4
10330,17,476,378,2
10347,17,470,385,2
10364,17,471,376,2
10380,17,472,392,2
10397,17,470,388,2
10414,17,470,397,2
10430,17,472,383,2
10447,17,468,380,2
10463,17,470,390,2
10480,17,470,394,2
10497,17,472,388,2
10513,17,470,382,2
10530,17,472,393,2
10547,17,474,382,2
10563,17,470,384,2
10580,17,474,395,2
10597,17,473,397,2
10613,17,474,382,2
10630,17,473,391,2
10646,17,471,393,2
10663,17,470,387,2
10680,17,472,379,2
10696,17,468,391,2
10713,17,469,379,2
10730,17,470,401,2
10746,17,466,391,2
10763,17,468,383,2
10780,17,468,386,2
10796,17,469,391,2
10813,17,469,395,2
10829,17,470,389,2
10846,17,469,392,2
10863,17,467,393,2
10879,17,465,389,2
10896,17,467,377,2
10913,17,465,389,2
10929,17,468,391,2
10946,17,464,397,2
10962,17,467,396,2
10979,17,465,394,2
10996,17,466,398,2
11012,17,464,389,2
11029,17,462,400,2
11046,17,466,399,2
11062,17,461,381,2
11079,17,462,377,2
11096,17,462,386,2
11112,17,467,398,2
11129,17,463,395,2
11145,17,471,397,2
11162,17,464,396,2
11179,17,464,393,2
11195,17,465,391,2
11212,17,462,404,2
11229,17,460,379,2
11245,17,463,397,2
11262,17,468,384,2
11279,17,462,386,2
11295,17,467,393,2
11312,17,466,391,2
11328,17,463,391,2
11345,17,467,391,2
11362,17,466,393,2
11378,17,466,388,2
11395,17,467,401,2
11412,17,468,395,2
11428,17,465,383,2
11445,17,468,398,2
11462,17,463,392,2
11478,17,468,396,2
11495,17,468,419,3
11511,17,466,427,3
11528,17,468,417,2
11545,17,467,427,3
11561,17,465,421,3
11578,17,463,415,2
11595,17,461,422,3
11611,17,461,423,3
11628,17,459,419,3
11645,17,458,415,2
11661,17,461,410,2
11678,17,461,425,3
11694,17,462,427,3
11711,17,457,419,3
11728,17,455,419,3
11744,17,459,427,3
11761,17,462,425,3
11778,17,460,427,3
11794,17,458,419,3
11811,17,456,420,3
11828,17,459,422,3
11844,17,461,420,3
11861,17,461,420,3
11877,17,459,400,2
11894,17,476,423,3
11911,17,470,418,3
11927,17,459,422,3
11944,17,464,412,2
11961,17,461,425,3
11977,17,458,418,3
11994,17,463,419,3
12011,17,469,418,3
12027,17,461,420,3
12044,17,459,425,3
12060,17,461,422,3
12077,17,484,405,2
12094,17,505,336,4
12110,17,507,339,4
12127,17,525,335,4
12144,17,508,339,4
12160,17,499,340,4
12177,17,517,333,4
12193,17,506,336,4
12210,17,494,341,4
12227,17,507,348,4
12243,17,516,341,4
12260,17,511,341,4
12277,17,494,343,4
12293,17,515,345,4
12310,17,522,350,4
12327,17,507,347,4
12343,17,527,347,4
12360,17,527,348,4
12376,17,523,345,4
12393,17,519,342,4
12410,17,529,353,4
12426,17,514,354,4
12443,17,529,348,4
12460,17,516,342,4
12476,17,512,347,4
12493,17,509,349,4
12510,17,516,345,4
12526,17,506,342,4
12543,17,508,339,4
12559,17,500,334,4
12576,17,512,343,4
12593,17,507,339,4
12609,17,511,332,4
12626,17,545,336,4
12643,17,543,332,4
12659,17,535,335,4
12676,17,549,343,4
12693,17,539,335,4
12709,17,560,336,4
12726,17,558,331,4
12742,17,559,330,4
12759,17,542,337,4
12776,17,551,324,4
12792,17,557,339,4
12809,17,550,325,4
12826,17,540,330,4
12842,17,554,340,4
12859,17,548,342,4
12876,17,554,337,4
12892,17,548,335,4
12909,17,548,334,4
12925,17,540,334,4
12942,17,557,328,4
12959,17,555,329,4
12975,17,558,333,4
12992,17,556,338,4
13009,17,546,336,4
13025,17,564,336,4
13042,17,539,327,4
13059,17,514,335,4
13075,17,513,332,4
13092,17,512,339,4
13108,17,517,333,4
13125,17,506,327,4
13142,17,506,339,4
13158,17,524,335,4
13175,17,515,344,4
13192,17,514,332,4
13208,17,503,327,4
13225,17,509,332,4
13241,17,503,321,4
13258,17,505,329,4
13275,17,502,327,4
13291,17,500,334,4
13308,17,503,330,4
13325,17,497,321,4
13341,17,462,390,2
13358,17,458,433,3
13375,17,462,418,3
13391,17,460,451,3
13408,17,462,434,3
13424,17,462,439,3
13441,17,461,437,3
13458,17,463,438,3
13474,17,462,441,3
13491,17,462,440,3
13508,17,465,438,3
13524,17,464,438,3
13541,17,459,438,3
13558,17,461,439,3
13574,17,463,436,3
13591,17,462,435,3
13607,17,463,434,3
13624,17,461,442,3
13641,17,465,433,3
13657,17,461,446,3
13674,17,465,436,3
13691,17,462,434,3
13707,17,460,433,3
13724,17,469,426,3
13741,17,493,411,2
13757,17,502,363,4
13774,17,500,357,4
13790,17,505,358,4
13807,17,505,374,2
13824,17,510,373,2
13840,17,510,366,2
13857,17,501,371,2
13874,17,501,369,2
13890,17,507,357,4
13907,17,499,379,2
13924,17,501,373,2
13940,17,499,369,2
13957,17,498,373,2
13973,17,509,379,2
13990,17,502,376,2
14007,17,504,378,2
14023,17,502,382,2
14040,17,511,374,2
14057,17,498,382,2
14073,17,498,385,2
14090,17,498,382,2
14107,17,500,377,2
14123,17,497,378,2
14140,17,496,369,2
14156,17,500,383,2
14173,17,505,383,2
14190,17,501,372,2
14206,17,500,384,2
14223,17,500,382,2
14240,17,502,383,2
14256,17,502,375,2
14273,17,513,385,2
14290,17,500,370,2
14306,17,501,375,2
14323,17,502,384,2
14339,17,502,387,2
14356,17,501,370,2
14373,17,499,378,2
14389,17,499,383,2
14406,17,498,365,2
14423,17,470,385,2
14439,17,466,409,2
14456,17,465,381,2
14472,17,468,390,2
14489,17,469,395,2
14506,17,469,390,2
14522,17,468,405,2
14539,17,472,403,2
14556,17,467,404,2
14572,17,469,401,2
14589,17,473,401,2
14606,17,470,395,2
14622,17,475,418,3
14639,17,471,400,2
14655,17,474,406,2
14672,17,471,400,2
14689,17,470,397,2
14705,17,476,401,2
14722,17,472,407,2
14739,17,470,402,2
14755,17,473,399,2
14772,17,469,401,2
14789,17,468,399,2
14805,17,466,388,2
14822,17,470,401,2
14838,17,471,398,2
14855,17,471,405,2
14872,17,472,399,2
14888,17,472,403,2
14905,17,472,405,2
14922,17,472,397,2
14938,17,469,390,2
14955,17,469,392,2
14972,17,471,404,2
14988,17,472,396,2
15005,17,473,396,2
15021,17,471,400,2
15038,17,471,399,2
15055,17,472,405,2
15071,17,474,385,2
15088,17,475,390,2
15105,17,468,397,2
15121,17,471,403,2
15138,17,475,394,2
15155,17,474,380,2
15171,17,474,393,2
15188,17,477,400,2
15204,17,474,400,2
15221,17,474,398,2
15238,17,472,393,2
15254,17,475,385,2
15271,17,474,403,2
15288,17,475,395,2
15304,17,476,395,2
15321,17,474,381,2
15338,17,479,398,2
15354,17,476,395,2
15371,17,478,379,2
15387,17,478,391,2
15404,17,478,394,2
15421,17,477,398,2
15437,17,478,396,2
15454,17,478,403,2
15471,17,479,394,2
15487,17,477,390,2
15504,17,479,387,2
15521,17,482,401,2
15537,17,476,431,3
15554,17,476,440,3
15570,17,479,433,3
15587,17,480,445,3
15604,17,477,451,3
15620,17,479,442,3
15637,17,481,442,3
15654,17,484,448,3
15670,17,478,433,3
15687,17,479,455,3
15703,17,480,431,3
15720,17,481,431,3
15737,17,479,442,3
15753,17,482,459,3
15770,17,479,456,3
15787,17,478,450,3
15803,17,479,447,3
15820,17,481,451,3
15837,17,476,449,3
15853,17,481,451,3
15870,17,475,447,3
15886,17,479,440,3
15903,17,481,451,3
15920,17,478,444,3
15936,17,480,449,3
15953,17,477,454,3
15970,17,485,446,3
15986,17,483,460,3
16003,17,482,436,3
16020,17,485,440,3
16036,17,484,452,3
16053,17,487,459,3
16069,17,490,455,3
16086,17,521,452,3
16103,17,566,459,3
16119,17,610,477,3
16136,17,643,468,3
16153,17,654,494,3
16169,17,703,530,3
16186,17,710,541,3
16203,17,720,563,3
16219,17,707,571,3
16236,17,702,571,3
16252,17,710,566,3
16269,17,683,570,3
16286,17,685,573,3
16302,17,700,569,3
16319,17,706,571,3
16336,17,708,573,3
16352,17,685,571,3
16369,17,695,560,3
16386,17,684,559,3
16402,17,692,566,3
16419,17,686,564,3
16435,17,696,569,3
16452,17,685,560,3
16469,17,696,551,3
16485,17,692,562,3
16502,17,700,561,3
16519,17,698,556,3
16535,17,706,559,3
16552,17,695,560,3
16569,17,701,562,3
16585,17,694,559,3
16602,17,685,556,3
16618,17,696,555,3
16635,17,697,564,3
16652,17,648,544,3
16668,17,560,512,3
16685,17,520,482,3
16702,17,514,479,3
16718,17,515,481,3
16735,17,513,493,3
16751,17,516,483,3
16768,17,519,480,3
16785,17,517,485,3
16801,17,518,474,3
16818,17,510,481,3
16835,17,515,490,3
16851,17,513,489,3
16868,17,515,475,3
16885,17,514,472,3
16901,17,509,503,3
16918,17,511,474,3
16934,17,506,483,3
16951,17,518,483,3
16968,17,512,476,3
16984,17,501,481,3
17001,17,509,484,3
17018,17,514,487,3
17034,17,497,466,3
17051,17,492,462,3
17068,17,488,453,3
17084,17,498,451,3
17101,17,498,466,3
17117,17,505,466,3
17134,17,499,460,3
17151,17,491,453,3
17167,17,497,455,3
17184,17,492,460,3
17201,17,488,453,3
17217,17,498,463,3
17234,17,498,448,3
17251,17,497,469,3
17267,17,497,453,3
17284,17,494,465,3
17300,17,496,453,3
17317,17,498,430,3
17334,17,501,355,4
17350,17,502,345,4
17367,17,494,339,4
17384,17,498,345,4
17400,17,497,331,4
17417,17,495,336,4
17434,17,496,355,4
17450,17,497,343,4
17467,17,507,349,4
17483,17,501,353,4
17500,17,499,355,4
17517,17,497,348,4
17533,17,496,342,4
17550,17,503,352,4
17567,17,502,351,4
17583,17,499,339,4
17600,17,499,348,4
17617,17,499,345,4
17633,17,497,337,4
17650,17,499,349,4
17666,17,502,333,4
17683,17,500,353,4
17700,17,495,336,4
17716,17,499,356,4
17733,17,497,348,4
17750,17,498,330,4
17766,17,497,344,4
17783,17,497,338,4
17800,17,499,350,4
17816,17,499,343,4
17833,17,496,334,4
17849,17,497,334,4
17866,17,485,351,4
17883,17,468,388,2
17899,17,467,391,2
17916,17,470,394,2
17933,17,467,387,2
17949,17,470,398,2
17966,17,468,386,2
17982,17,469,394,2
17999,17,470,388,2
18016,17,472,393,2
18032,17,471,380,2
18049,17,476,390,2
18066,17,470,387,2
18082,17,476,396,2
18099,17,475,392,2
18116,17,478,397,2
18132,17,475,402,2
18149,17,474,400,2
18165,17,478,402,2
18182,17,484,392,2
18199,17,478,387,2
18215,17,478,386,2
18232,17,477,397,2
18249,17,476,396,2
18265,17,480,402,2
18282,17,482,405,2
18299,17,481,403,2
18315,17,482,407,2
18332,17,478,396,2
18348,17,478,390,2
18365,17,478,391,2
18382,17,474,394,2
18398,17,480,397,2
18415,17,477,391,2
18432,17,479,402,2
18448,17,479,399,2
18465,17,476,386,2
18482,17,478,405,2
18498,17,479,401,2
18515,17,480,399,2
18531,17,480,406,2
18548,17,479,398,2
18565,17,481,401,2
18581,17,477,393,2
18598,17,480,407,2
18615,17,478,393,2
18631,17,476,395,2
18648,17,476,392,2
18665,17,479,402,2
18681,17,478,392,2
18698,17,473,400,2
18714,17,478,399,2
18731,17,479,393,2
18748,17,476,388,2
18764,17,476,398,2
18781,17,473,402,2
18798,17,475,400,2
18814,17,477,402,2
18831,17,476,403,2
18848,17,472,399,2
18864,17,478,398,2
18881,17,470,407,2
18897,17,475,408,2
18914,17,475,398,2
18931,17,474,396,2
18947,17,471,393,2
18964,17,475,388,2
18981,17,474,406,2
18997,17,469,401,2
19014,17,473,396,2
19030,17,475,404,2
19047,17,471,400,2
19064,17,472,390,2
19080,17,471,409,2
19097,17,472,402,2
19114,17,470,390,2
19130,17,474,406,2
19147,17,472,390,2
19164,17,473,406,2
19180,17,473,399,2
19197,17,472,401,2
19213,17,470,394,2
19230,17,472,399,2
19247,17,469,406,2
19263,17,470,401,2
19280,17,472,403,2
19297,17,470,395,2
19313,17,476,397,2
19330,17,468,398,2
19347,17,471,401,2
19363,17,474,406,2
19380,17,481,404,2
19396,17,473,392,2
19413,17,475,401,2
19430,17,477,396,2
19446,17,473,407,2
19463,17,472,408,2
19480,17,473,390,2
19496,17,474,404,2
19513,17,472,406,2
19530,17,472,400,2
19546,17,474,409,2
19563,17,471,399,2
19579,17,471,396,2
19596,17,471,390,2
19613,17,472,401,2
19629,17,480,437,3
19646,17,475,426,3
19663,17,474,436,3
19679,17,474,436,3
19696,17,474,424,3
19713,17,472,420,3
19729,17,472,427,3
19746,17,468,430,3
19762,17,474,427,3
19779,17,473,437,3
19796,17,471,428,3
19812,17,470,418,3
19829,17,472,419,3
19846,17,475,435,3
19862,17,478,434,3
19879,17,474,423,3
19896,17,475,430,3
19912,17,478,431,3
19929,17,477,435,3
19945,17,477,430,3
19962,17,475,432,3
19979,17,475,442,3
19995,17,477,430,3
20012,17,479,426,3
20029,17,468,439,3
20045,17,420,403,2
20062,17,389,368,2
20079,17,392,364,0
20095,17,390,390,2
20112,17,384,373,2
20128,17,391,385,2
20145,17,386,377,2
20162,17,386,376,2
20178,17,388,385,2
20195,17,393,385,2
20212,17,394,380,2
20228,17,389,374,2
20245,17,383,380,2
20261,17,380,374,2
20278,17,392,384,2
20295,17,391,379,2
20311,17,390,377,2
20328,17,389,372,2
20345,17,389,380,2
20361,17,391,371,2
20378,17,374,382,2
20395,17,346,360,0
20411,17,335,361,0
20428,17,340,369,2
20444,17,335,354,0
20461,17,338,362,0
20478,17,336,370,2
20494,17,344,376,2
20511,17,334,361,0
20528,17,336,364,0
20544,17,345,360,0
20561,17,335,351,0
20578,17,330,349,0
20594,17,338,343,0
20611,17,339,357,0
20627,17,340,363,0
20644,17,336,361,0
20661,17,335,376,2
20677,17,339,377,2
20694,17,336,364,0
20711,17,331,364,0
20727,17,332,371,2
20744,17,332,351,0
20761,17,337,360,0
20777,17,337,365,2
20794,17,337,362,0
20810,17,338,360,0
20827,17,334,354,0
20844,17,340,364,0
20860,17,338,369,2
20877,17,341,360,0
20894,17,335,361,0
20910,17,338,365,2
20927,17,339,362,0
20944,17,338,359,0
20960,17,332,363,0
20977,17,336,363,0
20993,17,334,376,2
21010,17,336,372,2
21027,17,340,351,0
21043,17,344,367,2
21060,17,339,380,2
21077,17,337,376,2
21093,17,335,361,0
21110,17,323,360,0
21127,17,328,358,0
21143,17,328,370,2
21160,17,328,359,0
21176,17,327,359,0
21193,17,325,361,0
21210,17,328,355,0
21226,17,330,350,0
21243,17,336,360,0
21260,17,328,356,0
21276,17,333,356,0
21293,17,336,358,0
21309,17,326,355,0
21326,17,327,347,0
21343,17,324,355,0
21359,17,324,350,0
21376,17,324,344,0
21393,17,326,339,0
21409,17,327,344,0
21426,17,325,355,0
21443,17,323,343,0
21459,17,325,350,0
21476,17,346,343,0
21492,17,400,335,0
21509,17,427,325,4
21526,17,424,318,4
21542,17,424,321,4
21559,17,422,319,4
21576,17,421,319,4
21592,17,422,316,4
21609,17,425,327,4
21626,17,425,318,4
21642,17,422,319,4
21659,17,425,320,4
21675,17,425,343,4
21692,17,425,323,4
21709,17,427,331,4
21725,17,425,320,4
21742,17,425,320,4
21759,17,429,324,4
21775,17,404,334,0
21792,17,395,359,0
21809,17,401,361,0
21825,17,397,373,2
21842,17,398,358,0
21858,17,401,370,2
21875,17,394,360,0
21892,17,393,360,0
21908,17,393,365,2
21925,17,396,356,0
21942,17,398,356,0
21958,17,395,359,0
21975,17,393,359,0
21992,17,399,359,0
22008,17,401,357,0
22025,17,399,345,0
22041,17,403,375,2
22058,17,400,350,0
22075,17,400,357,0
22091,17,400,372,2
22108,17,406,357,0
22125,17,398,356,0
22141,17,402,354,0
22158,17,404,360,0
22175,17,397,356,0
22191,17,400,370,2
22208,17,400,365,2
22224,17,413,353,0
22241,17,400,353,0
22258,17,403,358,0
22274,17,402,355,0
22291,17,401,351,0
22308,17,403,356,0
22324,17,402,361,0
22341,17,404,360,0
22358,17,402,368,2
22374,17,404,350,0
22391,17,406,360,0
22407,17,406,362,0
22424,17,434,379,2
22441,17,469,391,2
22457,17,460,394,2
22474,17,466,397,2
22491,17,465,398,2
22507,17,465,388,2
22524,17,467,396,2
22540,17,464,386,2
22557,17,461,399,2
22574,17,468,401,2
22590,17,471,400,2
22607,17,466,388,2
22624,17,468,396,2
22640,17,469,394,2
22657,17,468,393,2
22674,17,469,392,2
22690,17,472,403,2
22707,17,470,412,2
22723,17,471,403,2
22740,17,467,400,2
22757,17,463,395,2
22773,17,465,406,2
22790,17,468,385,2
22807,17,463,389,2
22823,17,464,396,2
22840,17,464,384,2
22857,17,463,397,2
22873,17,464,396,2
22890,17,461,402,2
22906,17,473,398,2
22923,17,467,402,2
22940,17,464,409,2
22956,17,461,400,2
22973,17,465,394,2
22990,17,466,399,2
23006,17,460,385,2
23023,17,465,402,2
23040,17,462,394,2
23056,17,465,391,2
23073,17,463,391,2
23089,17,464,387,2
23106,17,468,388,2
23123,17,468,402,2
23139,17,467,399,2
23156,17,462,392,2
23173,17,466,400,2
23189,17,465,393,2
23206,17,468,403,2
23223,17,474,393,2
23239,17,465,398,2
23256,17,467,396,2
23272,17,470,393,2
23289,17,464,402,2
23306,17,464,401,2
23322,17,470,397,2
23339,17,463,397,2
23356,17,463,387,2
23372,17,463,391,2
23389,17,468,394,2
23406,17,465,396,2
23422,17,465,389,2
23439,17,465,400,2
23455,17,465,396,2
23472,17,464,399,2
23489,17,464,397,2
23505,17,464,402,2
23522,17,468,396,2
23539,17,468,403,2
23555,17,466,393,2
23572,17,470,409,2
23588,17,470,406,2
23605,17,469,407,2
23622,17,469,401,2
23638,17,467,400,2
23655,17,470,409,2
23672,17,486,438,3
23688,17,479,444,3
23705,17,479,439,3
23722,17,479,447,3
23738,17,481,449,3
23755,17,477,436,3
23771,17,476,447,3
23788,17,479,440,3
23805,17,475,437,3
23821,17,478,442,3
23838,17,474,436,3
23855,17,478,449,3
23871,17,478,444,3
23888,17,478,444,3
23905,17,481,444,3
23921,17,479,435,3
23938,17,479,448,3
23954,17,476,437,3
23971,17,478,426,3
23988,17,482,432,3
24004,17,493,453,3
24021,17,485,434,3
24038,17,489,440,3
24054,17,492,432,3
24071,17,495,441,3
24088,17,498,435,3
24104,17,493,442,3
24121,17,494,440,3
24137,17,490,441,3
24154,17,489,440,3
24171,17,486,446,3
24187,17,491,427,3
24204,17,492,436,3
24221,17,497,447,3
24237,17,497,438,3
24254,17,493,439,3
24271,17,490,438,3
24287,17,483,436,3
24304,17,497,442,3
24320,17,490,464,3
24337,17,476,458,3
24354,17,479,452,3
24370,17,483,457,3
24387,17,484,458,3
24404,17,494,472,3
24420,17,486,475,3
24437,17,491,470,3
24454,17,484,469,3
24470,17,487,467,3
24487,17,481,457,3
24503,17,482,466,3
24520,17,477,458,3
24537,17,484,463,3
24553,17,485,465,3
24570,17,481,467,3
24587,17,482,459,3
24603,17,489,466,3
24620,17,481,457,3
24637,17,489,470,3
24653,17,485,459,3
24670,17,487,463,3
24686,17,515,439,3
24703,17,530,401,2
24720,17,525,413,2
24736,17,532,418,5
24753,17,530,396,2
24770,17,546,611,3
24786,17,581,799,0
24803,17,597,507,3
24853,50,517,594,3
24869,17,535,514,3
24886,17,509,321,4
24903,17,496,291,4
24919,17,512,353,4
24936,17,512,355,4
24953,17,515,362,4
24969,17,507,348,4
24986,17,510,356,4
25002,17,510,360,4
25019,17,508,352,4
25036,17,506,351,4
25052,17,507,348,4
25069,17,506,350,4
25086,17,501,344,4
25102,17,504,350,4
25119,17,504,350,4
25136,17,501,361,4
25152,17,499,364,4
25169,17,499,358,4
25185,17,499,357,4
25202,17,497,342,4
25219,17,497,351,4
25235,17,495,352,4
25252,17,500,355,4
25269,17,496,340,4
25285,17,498,338,4
25302,17,496,355,4
25319,17,499,352,4
25335,17,500,343,4
25352,17,497,349,4
25368,17,495,345,4
25385,17,493,338,4
25402,17,484,342,4
25418,17,436,344,4
25435,17,407,347,0
25452,17,414,359,0
25468,17,410,332,0
25485,17,412,344,0
25502,17,410,333,0
25518,17,413,360,0
25535,17,410,342,0
25551,17,414,353,0
25568,17,409,357,0
25585,17,417,353,4
25601,17,412,339,0
25618,17,416,340,4
25635,17,398,352,0
25651,17,372,381,2
25668,17,360,382,2
25685,17,364,401,2
25701,17,365,390,2
25718,17,364,373,2
25734,17,366,407,2
25751,17,363,379,2
25768,17,371,395,2
25784,17,372,393,2
25801,17,370,400,2
25818,17,369,396,2
25834,17,372,401,2
25851,17,371,385,2
25868,17,377,392,2
25884,17,373,390,2
25901,17,371,390,2
25917,17,376,389,2
25934,17,379,396,2
25951,17,370,390,2
25967,17,373,382,2
25984,17,374,385,2
26001,17,374,398,2
26017,17,380,385,2
26034,17,381,397,2
26050,17,381,402,2
26067,17,380,385,2
26084,17,371,386,2
26100,17,385,406,2
26117,17,401,392,2
26134,17,448,407,2
26150,17,455,410,2
26167,17,454,385,2
26184,17,457,402,2
26200,17,455,394,2
26217,17,460,402,2
26233,17,458,402,2
26250,17,458,403,2
26267,17,462,399,2
26283,17,458,405,2
26300,17,457,420,3
26317,17,458,404,2
26333,17,455,413,2
26350,17,453,402,2
26367,17,460,408,2
26383,17,457,403,2
26400,17,459,404,2
26416,17,461,412,2
26433,17,455,404,2
26450,17,456,404,2
26466,17,459,401,2
26483,17,456,405,2
26500,17,460,409,2
26516,17,462,423,3
26533,17,457,412,2
26550,17,461,412,2
26566,17,460,412,2
26583,17,459,405,2
26599,17,460,417,2
26616,17,460,401,2
26633,17,459,410,2
26649,17,461,413,2
26666,17,456,416,2
26683,17,459,415,2
26699,17,454,414,2
26716,17,458,421,3
26733,17,458,411,2
26749,17,453,393,2
26766,17,458,411,2
26782,17,454,411,2
26799,17,451,420,3
26816,17,448,402,2
26832,17,452,407,2
26849,17,451,400,2
26866,17,446,400,2
26882,17,452,406,2
26899,17,457,403,2
26916,17,449,415,2
26932,17,447,405,2
26949,17,448,403,2
26965,17,448,404,2
26982,17,448,400,2
26999,17,446,395,2
27015,17,449,411,2
27032,17,449,409,2
27049,17,446,410,2
27065,17,447,410,2
27082,17,445,408,2
27098,17,446,406,2
27115,17,447,400,2
27132,17,445,392,2
27148,17,449,401,2
27165,17,447,402,2
27182,17,448,409,2
27198,17,443,405,2
27215,17,443,394,2
27232,17,447,395,2
27248,17,447,398,2
27265,17,446,411,6
27281,17,448,410,2
27298,17,445,399,2
27315,17,450,407,2
27331,17,448,410,2
27348,17,448,400,2
27365,17,447,399,2
27381,17,446,400,2
27398,17,446,399,2
27415,17,447,406,2
27431,17,449,394,2
27448,17,448,408,2
27464,17,449,406,2
27481,17,446,405,2
27498,17,451,408,2
27514,17,448,403,2
27531,17,448,409,2
27548,17,449,404,2
27564,17,449,410,2
27581,17,445,401,2
27598,17,449,405,2
27614,17,448,413,2
27631,17,447,403,2
27647,17,444,406,2
27664,17,444,406,2
27681,17,446,395,2
27697,17,442,404,2
27714,17,448,406,2
27731,17,444,398,2
27747,17,476,416,2
27764,17,480,417,2
27781,17,473,413,2
27797,17,475,424,3
27814,17,479,418,3
27830,17,478,404,2
27847,17,481,415,2
27864,17,480,414,2
27880,17,475,418,3
27897,17,477,413,2
27914,17,483,417,2
27930,17,479,418,3
27947,17,477,412,2
27964,17,477,413,2
27980,17,478,415,2
27997,17,475,421,3
28013,17,473,410,2
28030,17,475,418,3
28047,17,476,413,2
28063,17,487,417,5
28080,17,478,411,2
28097,17,475,418,3
28113,17,477,419,3
28130,17,475,425,3
28147,17,480,425,3
28163,17,479,422,3
28180,17,480,421,3
28196,17,475,410,2
28213,17,479,415,2
28230,17,478,417,2
28246,17,477,424,3
28263,17,481,426,3
28280,17,475,425,3
28296,17,476,417,2
28313,17,478,419,3
28329,17,479,416,2
28346,17,489,403,2
28363,17,515,386,2
28379,17,529,350,4
28396,17,559,530,3
28413,17,575,643,3
28479,67,575,643,3
28496,17,545,479,3
28512,17,515,390,2
28529,17,493,294,4
28546,17,501,357,4
28562,17,498,347,4
28579,17,499,355,4
28596,17,497,339,4
28612,17,496,351,4
28629,17,495,362,4
28646,17,498,370,2
28662,17,493,358,4
28679,17,492,342,4
28695,17,491,358,4
28712,17,493,354,4
28729,17,493,345,4
28745,17,495,371,2
28762,17,490,354,4
28779,17,492,346,4
28795,17,493,344,4
28812,17,493,351,4
28829,17,491,361,4
28845,17,491,364,4
28862,17,496,344,4
28878,17,494,358,4
28895,17,494,360,4
28912,17,495,361,4
28928,17,495,376,2
28945,17,494,360,4
28962,17,493,365,2
28978,17,488,359,4
28995,17,492,360,4
29012,17,491,353,4
29028,17,494,376,2
29045,17,493,347,4
29061,17,489,349,4
29078,17,499,370,2
29095,17,491,365,2
29111,17,493,356,4
29128,17,490,347,4
29145,17,493,352,4
29161,17,502,365,2
29178,17,481,409,2
29195,17,477,436,3
29211,17,478,434,3
29228,17,478,447,3
29244,17,475,432,3
29261,17,479,441,3
29278,17,475,435,3
29294,17,477,432,3
29311,17,477,427,3
29328,17,476,440,3
29344,17,476,440,3
29361,17,476,443,3
29377,17,478,447,3
29394,17,478,449,3
29411,17,476,440,3
29427,17,478,442,3
29444,17,481,436,3
29461,17,483,437,3
29477,17,479,419,3
29494,17,470,415,2
29511,17,473,610,3
29627,116,449,447,3
29644,17,457,375,2
29660,17,458,304,4
29677,17,453,288,4
29694,17,452,342,4
29710,17,457,355,4
29727,17,452,358,4
29743,17,455,345,4
29760,17,452,352,4
29777,17,453,351,4
29793,17,450,334,4
29810,17,452,346,4
29827,17,451,353,4
29843,17,450,339,4
29860,17,452,352,4
29877,17,449,351,4
29893,17,450,342,4
29910,17,450,344,4
29926,17,447,345,4
29943,17,450,348,4
29960,17,450,346,4
29976,17,450,350,4
29993,17,450,344,4
30010,17,458,351,4
30026,17,453,352,4
30043,17,453,342,4
30060,17,451,348,4
30076,17,450,350,4
30093,17,450,340,4
30109,17,448,349,4
30126,17,450,350,4
30143,17,448,351,4
30159,17,452,358,4
30176,17,451,356,4
30193,17,459,349,4
30209,17,453,347,4
30226,17,449,357,4
30243,17,447,344,4
30259,17,453,356,4
30276,17,449,335,4
30292,17,447,344,4
30309,17,453,361,4
30326,17,450,343,4
30342,17,452,347,4
30359,17,458,358,4
30376,17,460,357,4
30392,17,454,350,4
30409,17,449,347,4
30426,17,449,357,4
30442,17,454,351,4
30459,17,447,352,4
30475,17,451,354,4
30492,17,463,366,2
30509,17,447,361,4
30525,17,459,345,4
30542,17,459,359,4
30559,17,451,362,4
30575,17,448,366,2
30592,17,452,357,4
30608,17,448,357,4
30625,17,451,357,4
30642,17,483,406,2
30658,17,491,439,3
30675,17,490,436,3
30692,17,489,438,3
30708,17,485,449,3
30725,17,489,440,3
30742,17,489,444,3
30758,17,491,443,3
30775,17,494,449,3
30791,17,490,438,3
30808,17,494,436,3
30825,17,491,438,3
30841,17,491,439,3
30858,17,490,435,3
30875,17,494,436,3
30891,17,486,427,3
30908,17,490,433,3
30925,17,492,428,3
30941,17,501,435,3
30958,17,497,445,3
30974,17,487,419,5
30991,17,494,436,3
31008,17,497,432,3
31024,17,494,430,3
31041,17,496,437,3
31058,17,495,429,3
31074,17,494,439,3
31091,17,493,426,3
31108,17,497,433,3
31124,17,498,432,3
31141,17,494,422,3
31157,17,497,438,3
31174,17,500,448,3
31191,17,498,431,3
31207,17,497,433,3
31224,17,499,433,3
31241,17,496,438,3
31257,17,502,435,3
31274,17,499,432,3
31291,17,500,447,3
31307,17,504,431,3
31324,17,508,447,3
31340,17,499,442,3
31357,17,500,447,3
31374,17,505,439,3
31390,17,508,445,3
31407,17,499,448,3
31424,17,510,441,3
31440,17,499,434,3
31457,17,501,439,3
31474,17,499,445,3
31490,17,498,446,3
31507,17,502,446,3
31523,17,499,438,3
31540,17,499,443,3
31557,17,498,452,3
31573,17,501,447,3
31590,17,502,442,3
31607,17,500,430,3
31623,17,501,435,3
31640,17,502,444,3
31656,17,497,436,3
31673,17,498,434,3
31690,17,498,443,3
31706,17,499,437,3
31723,17,494,445,3
31740,17,489,458,3
31756,17,490,447,3
31773,17,492,452,3
31790,17,487,455,3
31806,17,493,444,3
31823,17,489,445,3
31839,17,489,456,3
31856,17,488,453,3
31873,17,491,461,3
31889,17,488,459,3
31906,17,488,446,3
31923,17,487,464,3
31939,17,488,450,3
31956,17,492,450,3
31973,17,485,456,3
31989,17,486,453,3
32006,17,487,464,3
32022,17,488,464,3
32039,17,491,478,3
32056,17,483,454,3
32072,17,484,450,3
32089,17,494,454,3
32106,17,490,455,3
32122,17,489,444,3
32139,17,489,456,3
32156,17,493,454,3
32172,17,496,462,3
32189,17,492,470,3
32205,17,493,456,3
32222,17,497,456,3
32239,17,491,464,3
32255,17,491,456,3
32272,17,491,457,3
32289,17,532,420,5
32305,17,541,407,2
32322,17,545,412,2
32339,17,540,408,2
32355,17,540,402,2
32372,17,541,414,2
32388,17,538,415,2
32405,17,544,421,5
32422,17,543,410,2
32438,17,536,410,2
32455,17,542,415,2
32472,17,542,399,2
32488,17,535,401,2
32505,17,538,406,2
32522,17,542,402,2
32538,17,543,405,2
32555,17,543,410,2
32571,17,542,409,2
32588,17,579,404,2
32605,17,653,400,2
32621,17,646,400,2
32638,17,648,396,2
32655,17,650,393,2
32671,17,657,389,2
32688,17,651,412,2
32705,17,650,402,2
32721,17,646,389,2
32738,17,650,405,2
32754,17,649,391,2
32771,17,647,387,2
32788,17,650,398,2
32804,17,651,396,2
32821,17,656,413,2
32838,17,653,385,2
32854,17,650,395,2
32871,17,658,394,2
32887,17,654,398,2
32904,17,646,390,2
32921,17,657,395,2
32937,17,651,385,2
32954,17,656,387,2
32971,17,656,400,2
32987,17,658,404,2
33004,17,643,390,2
33021,17,648,399,2
33037,17,650,388,2
33054,17,660,403,2
33070,17,648,405,2
33087,17,650,407,2
33104,17,645,395,2
33120,17,643,395,2
33137,17,657,394,2
33154,17,652,405,2
33170,17,619,384,2
33187,17,570,392,2
33204,17,563,405,2
33220,17,574,403,2
33237,17,567,394,2
33253,17,573,404,2
33270,17,591,671,3
33420,150,631,381,2
33436,17,618,711,3
33453,17,596,465,3
33470,17,575,390,2
33486,17,551,325,4
33503,17,563,375,2
33520,17,561,370,2
33536,17,559,365,2
33553,17,562,375,2
33570,17,561,374,2
33586,17,560,379,2
33603,17,557,373,2
33619,17,559,369,2
33636,17,555,362,4
33653,17,556,361,4
33669,17,554,355,4
33686,17,557,360,4
33703,17,556,355,4
33719,17,555,370,2
33736,17,559,370,2
33753,17,557,364,4
33769,17,560,378,2
33786,17,556,370,2
33802,17,554,367,2
33819,17,555,361,4
33836,17,556,371,2
33852,17,553,379,2
33869,17,560,371,2
33886,17,553,368,2
33902,17,553,373,2
33919,17,547,377,2
33936,17,554,371,2
33952,17,553,379,2
33969,17,559,371,2
33985,17,552,375,2
34002,17,550,380,2
34019,17,546,384,2
34035,17,551,382,2
34052,17,566,378,2
34069,17,545,383,2
34085,17,534,386,2
34102,17,548,393,2
34118,17,549,381,2
34135,17,557,395,2
34152,17,562,382,2
34168,17,541,380,2
34185,17,528,380,2
34202,17,497,375,2
34218,17,499,377,2
34235,17,501,375,2
34252,17,496,378,2
34268,17,497,365,2
34285,17,498,375,2
34301,17,496,371,2
34318,17,499,380,2
34335,17,497,378,2
34351,17,497,366,2
34368,17,499,373,2
34385,17,499,379,2
34401,17,500,375,2
34418,17,498,378,2
34435,17,498,371,2
34451,17,500,374,2
34468,17,500,371,2
34484,17,497,369,2
34501,17,500,373,2
34518,17,499,369,2
34534,17,498,380,2
34551,17,497,364,4
34568,17,501,369,2
34584,17,499,371,2
34601,17,497,372,2
34618,17,478,390,2
34634,17,479,387,2
34651,17,478,381,2
34667,17,478,392,2
34684,17,481,381,2
34701,17,478,380,2
34717,17,477,387,2
34734,17,479,386,2
34751,17,472,376,2
34767,17,475,396,2
34784,17,477,380,2
34801,17,481,389,2
34817,17,477,395,2
34834,17,473,388,2
34850,17,473,396,2
34867,17,480,389,2
34884,17,477,377,2
34900,17,482,398,2
34917,17,475,380,2
34934,17,479,396,2
34950,17,481,383,2
34967,17,484,372,2
34984,17,479,398,2
35000,17,481,386,2
35017,17,478,394,2
35033,17,481,381,2
35050,17,486,399,2
35067,17,479,393,2
35083,17,481,394,2
35100,17,479,376,2
35117,17,482,392,2
35133,17,484,388,2
35150,17,484,394,2
35166,17,481,393,2
35183,17,482,389,2
35200,17,480,384,2
35216,17,480,391,2
35233,17,481,384,2
35250,17,482,386,2
35266,17,483,392,2
35283,17,480,403,2
35300,17,482,398,2
35316,17,480,392,2
35333,17,481,396,2
35349,17,480,397,2
35366,17,485,397,2
35383,17,482,386,2
35399,17,478,391,2
35416,17,482,398,2
35433,17,479,395,2
35449,17,476,394,2
35466,17,484,400,2
35483,17,477,388,2
35499,17,477,397,2
35516,17,483,388,2
35532,17,474,378,2
35549,17,477,395,2
35566,17,478,393,2
35582,17,478,393,2
35599,17,479,386,2
35616,17,478,384,2
35632,17,481,403,2
35649,17,479,410,2
35666,17,479,402,2
35682,17,477,395,2
35699,17,472,412,2
35715,17,475,423,3
35732,17,477,414,2
35749,17,474,431,3
35765,17,476,427,3
35782,17,470,437,3
35799,17,479,424,3
35815,17,475,424,3
35832,17,471,421,3
35849,17,475,423,3
35865,17,478,423,3
35882,17,476,424,3
35898,17,472,427,3
35915,17,477,422,3
35932,17,476,423,3
35948,17,477,442,3
35965,17,473,428,3
35982,17,468,437,3
35998,17,463,441,3
36015,17,471,441,3
36032,17,473,436,3
36048,17,469,439,3
36065,17,475,446,3
36081,17,469,427,3
36098,17,475,448,3
36115,17,476,442,3
36131,17,472,449,3
36148,17,471,442,3
36165,17,472,442,3
36181,17,468,444,3
36198,17,473,454,3
36215,17,474,454,3
36231,17,477,459,3
36248,17,477,444,3
36264,17,472,447,3
36281,17,474,443,3
36298,17,478,447,3
36314,17,475,440,3
36331,17,477,448,3
36348,17,478,443,3
36364,17,478,438,3
36381,17,477,447,3
36397,17,479,437,3
36414,17,480,425,3
36431,17,478,442,3
36447,17,481,439,3
36464,17,479,443,3
36481,17,483,453,3
36497,17,483,436,3
36514,17,481,442,3
36531,17,481,441,3
36547,17,481,435,3
36564,17,480,451,3
36580,17,477,436,3
36597,17,482,426,3
36614,17,483,435,3
36630,17,478,439,3
36647,17,477,435,3
36664,17,485,441,3
36680,17,478,438,3
36697,17,482,434,3
36714,17,478,447,3
36730,17,483,442,3
36747,17,484,452,3
36763,17,474,450,3
36780,17,447,496,3
36797,17,403,507,3
36813,17,388,495,3
36830,17,393,496,3
36847,17,391,495,3
36863,17,396,500,3
36880,17,397,497,3
36897,17,400,501,3
36913,17,394,503,3
36930,17,395,501,3
36946,17,397,500,3
36963,17,390,502,3
36980,17,399,492,3
36996,17,398,510,3
37013,17,399,504,3
37030,17,397,510,3
37046,17,397,499,3
37063,17,394,496,3
37080,17,397,500,3
37096,17,401,507,3
37113,17,405,513,3
37129,17,397,503,3
37146,17,405,495,3
37163,17,398,501,3
37179,17,395,503,3
37196,17,402,495,3
37213,17,401,508,3
37229,17,401,501,3
37246,17,402,498,3
37263,17,395,505,3
37279,17,400,505,3
37296,17,393,499,3
37312,17,432,491,3
37329,17,479,505,3
37346,17,476,494,3
37362,17,478,501,3
37379,17,477,492,3
37396,17,475,495,3
37412,17,476,519,3
37429,17,478,501,3
37445,17,474,506,3
37462,17,475,497,3
37479,17,476,504,3
37495,17,477,499,3
37512,17,471,494,3
37529,17,476,500,3
37545,17,515,473,3
37562,17,536,451,3
37579,17,540,433,3
37595,17,541,438,3
37612,17,536,435,3
37628,17,541,448,3
37645,17,536,448,3
37662,17,537,437,3
37678,17,540,437,3
37695,17,535,440,3
37712,17,542,444,3
37728,17,539,445,3
37745,17,539,444,3
37762,17,541,441,3
37778,17,539,442,3
37795,17,535,437,3
37811,17,537,441,3
37828,17,536,446,3
37845,17,533,445,3
37861,17,531,442,3
37878,17,538,450,3
37895,17,534,431,3
37911,17,505,417,5
37928,17,482,394,2
37945,17,479,383,2
37961,17,478,396,2
37978,17,480,397,2
37994,17,480,393,2
38011,17,481,393,2
38028,17,480,396,2
38044,17,482,391,2
38061,17,481,393,2
38078,17,478,385,2
38094,17,480,395,2
38111,17,481,394,2
38128,17,482,394,2
38144,17,482,397,2
38161,17,479,392,2
38177,17,481,403,2
38194,17,480,388,2
38211,17,480,395,2
38227,17,482,405,2
38244,17,481,394,2
38261,17,479,392,2
38277,17,480,382,2
38294,17,481,386,2
38311,17,477,382,2
38327,17,480,389,2
38344,17,479,381,2
38360,17,482,383,2
38377,17,479,391,2
38394,17,477,384,2
38410,17,479,389,2
38427,17,480,387,2
38444,17,478,383,2
38460,17,482,398,2
38477,17,477,396,2
38494,17,479,395,2
38510,17,478,388,2
38527,17,476,387,2
38543,17,476,384,2
38560,17,477,387,2
38577,17,476,391,2
38593,17,475,382,2
38610,17,476,383,2
38627,17,475,378,2
38643,17,477,382,2
38660,17,478,397,2
38676,17,477,386,2
38693,17,479,393,2
38710,17,480,385,2
38726,17,479,392,2
38743,17,477,389,2
38760,17,477,387,2
38776,17,481,385,2
38793,17,478,394,2
38810,17,478,386,2
38826,17,481,399,2
38843,17,475,383,2
38859,17,485,388,2
38876,17,475,383,2
38893,17,481,392,2
38909,17,477,394,2
38926,17,481,394,2
38943,17,477,387,2
38959,17,474,386,2
38976,17,473,390,2
38993,17,478,395,2
39009,17,474,378,2
39026,17,478,372,2
39042,17,473,379,2
39059,17,478,381,2
39076,17,481,389,2
39092,17,474,380,2
39109,17,475,383,2
39126,17,477,388,2
39142,17,475,397,2
39159,17,475,386,2
39176,17,472,375,2
39192,17,485,389,2
39209,17,471,397,2
39225,17,474,378,2
39242,17,476,387,2
39259,17,472,385,2
39275,17,474,393,2
39292,17,475,389,2
39309,17,473,390,2
39325,17,474,397,2
39342,17,472,388,2
39359,17,473,398,2
39375,17,473,386,2
39392,17,472,399,2
39408,17,474,385,2
39425,17,471,396,2
39442,17,473,392,2
39458,17,479,400,2
39475,17,471,396,2
39492,17,472,400,2
39508,17,472,402,2
39525,17,475,407,2
39542,17,477,399,2
39558,17,473,416,2
39575,17,472,403,2
39591,17,472,399,2
39608,17,472,403,2
39625,17,470,416,2
39641,17,474,406,2
39658,17,476,411,2
39675,17,474,407,2
39691,17,473,393,2
39708,17,476,408,2
39724,17,481,446,3
39741,17,477,443,3
39758,17,476,442,3
39774,17,478,449,3
39791,17,481,437,3
39808,17,483,438,3
39824,17,474,435,3
39841,17,478,440,3
39858,17,482,441,3
39874,17,479,439,3
39891,17,476,444,3
39907,17,472,447,3
39924,17,479,441,3
39941,17,481,438,3
39957,17,478,443,3
39974,17,478,435,3
39991,17,474,435,3
40007,17,479,440,3
40024,17,477,439,3
40041,17,479,443,3
40057,17,479,431,3
40074,17,478,433,3
40090,17,480,438,3
40107,17,473,429,3
40124,17,479,430,3
40140,17,475,440,3
40157,17,478,435,3
40174,17,478,433,3
40190,17,476,447,3
40207,17,476,439,3
40224,17,476,438,3
40240,17,479,435,3
40257,17,475,438,3
40273,17,476,432,3
40290,17,475,440,3
40307,17,475,440,3
40323,17,477,436,3
40340,17,477,439,3
40357,17,480,443,3
40373,17,477,439,3
40390,17,496,447,3
40407,17,513,435,3
40423,17,509,434,3
40440,17,510,429,3
40456,17,513,443,3
40473,17,511,429,3
40490,17,512,434,3
40506,17,513,436,3
40523,17,516,442,3
40540,17,512,436,3
40556,17,514,440,3
40573,17,512,436,3
40590,17,512,443,3
40606,17,513,431,3
40623,17,512,445,3
40639,17,516,426,3
40656,17,515,443,3
40673,17,513,435,3
40689,17,517,439,3
40706,17,516,439,3
40723,17,511,435,3
40739,17,519,450,3
40756,17,517,441,3
40773,17,522,438,3
40789,17,515,446,3
40806,17,512,447,3
40822,17,519,445,3
40839,17,513,442,3
40856,17,518,447,3
40872,17,520,450,3
40889,17,521,440,3
40906,17,508,445,3
40922,17,516,441,3
40939,17,515,446,3
40955,17,526,439,3
40972,17,511,431,3
40989,17,520,458,3
41005,17,519,436,3
41022,17,516,440,3
41039,17,513,439,3
41055,17,517,440,3
41072,17,519,451,3
41089,17,519,443,3
41105,17,516,439,3
41122,17,517,442,3
41138,17,515,444,3
41155,17,519,449,3
41172,17,522,465,3
41188,17,519,436,3
41205,17,512,442,3
41222,17,515,432,3
41238,17,516,437,3
41255,17,521,456,3
41272,17,521,444,3
41288,17,527,443,3
41305,17,518,442,3
41321,17,519,447,3
41338,17,518,453,3
41355,17,517,452,3
41371,17,520,451,3
41388,17,519,444,3
41405,17,516,438,3
41421,17,528,450,3
41438,17,515,436,3
41455,17,517,451,3
41471,17,517,443,3
41488,17,521,444,3
41504,17,518,455,3
41521,17,521,445,3
41538,17,516,445,3
41554,17,510,448,3
41571,17,524,441,3
41588,17,520,454,3
41604,17,517,442,3
41621,17,529,441,3
41638,17,521,447,3
41654,17,523,445,3
41671,17,526,445,3
41687,17,517,450,3
41704,17,528,454,3
41721,17,528,444,3
41737,17,528,444,3
41754,17,518,440,3
41771,17,533,438,3
41787,17,530,443,3
41804,17,522,436,3
41821,17,520,448,3
41837,17,518,451,3
41854,17,522,456,3
41870,17,515,443,3
41887,17,521,450,3
41904,17,519,442,3
41920,17,520,449,3
41937,17,523,443,3
41954,17,517,446,3
41970,17,519,449,3
41987,17,522,441,3
42003,17,519,441,3
42020,17,515,457,3
42037,17,517,437,3
42053,17,519,441,3
42070,17,517,440,3
42087,17,520,447,3
42103,17,519,466,3
42120,17,520,444,3
42137,17,520,431,3
42153,17,520,450,3
42170,17,521,435,3
42186,17,516,446,3
42203,17,516,433,3
42220,17,520,438,3
42236,17,522,443,3
42253,17,512,442,3
42270,17,524,440,3
42286,17,522,438,3
42303,17,517,437,3
42320,17,520,442,3
42336,17,520,441,3
42353,17,523,442,3
42369,17,523,447,3
42386,17,520,451,3
42403,17,522,446,3
42419,17,518,437,3
42436,17,512,443,3
42453,17,525,455,3
42469,17,520,443,3
42486,17,521,447,3
42503,17,525,442,3
42519,17,522,437,3
42536,17,522,440,3
42552,17,526,444,3
42569,17,518,435,3
42586,17,524,446,3
42602,17,526,449,3
42619,17,523,445,3
42636,17,522,447,3
42652,17,526,452,3
42669,17,527,445,3
42686,17,520,436,3
42702,17,521,443,3
42719,17,524,447,3
42735,17,521,446,3
42752,17,554,465,3
42769,17,560,480,3
42785,17,560,477,3
42802,17,562,470,3
42819,17,566,476,3
42835,17,553,463,3
42852,17,563,466,3
42869,17,562,466,3
42885,17,560,474,3
42902,17,562,481,3
42918,17,562,475,3
42935,17,561,473,3
42952,17,559,476,3
42968,17,554,466,3
42985,17,556,466,3
43002,17,563,467,3
43018,17,558,456,3
43035,17,558,461,3
43052,17,563,477,3
43068,17,561,464,3
43085,17,558,463,3
43101,17,555,470,3
43118,17,559,471,3
43135,17,555,451,3
43151,17,554,460,3
43168,17,555,467,3
43185,17,555,472,3
43201,17,555,465,3
43218,17,552,471,3
43234,17,552,475,3
43251,17,553,463,3
43268,17,555,469,3
43284,17,556,466,3
43301,17,557,480,3
43318,17,559,470,3
43334,17,526,452,3
43351,17,491,405,2
43368,17,482,407,2
43384,17,486,420,5
43401,17,483,412,2
43417,17,489,406,2
43434,17,486,402,2
43451,17,485,400,2
43467,17,486,420,5
43484,17,484,414,2
43501,17,489,407,2
43517,17,485,399,2
43534,17,489,410,2
43551,17,489,415,2
43567,17,486,414,2
43584,17,483,408,2
43600,17,484,412,2
43617,17,494,404,2
43634,17,483,409,2
43650,17,484,414,2
43667,17,487,413,2
43684,17,486,421,5
43700,17,487,404,2
43717,17,484,417,5
43734,17,485,406,2
43750,17,483,403,2
43767,17,485,409,2
43783,17,484,409,2
43800,17,480,401,2
43817,17,480,412,2
43833,17,479,403,2
43850,17,482,402,2
43867,17,483,414,2
43883,17,482,396,2
43900,17,480,408,2
43917,17,477,402,2
43933,17,474,406,2
43950,17,478,411,2
43966,17,478,400,2
43983,17,479,420,3
44000,17,478,407,2
44016,17,472,407,2
44033,17,481,403,2
44050,17,478,402,2
44066,17,478,406,2
44083,17,477,411,2
44100,17,478,413,2
44116,17,479,400,2
44133,17,479,415,2
44149,17,478,412,2
44166,17,480,418,3
44183,17,480,407,2
44199,17,480,408,2
44216,17,481,405,2
44233,17,480,401,2
44249,17,478,403,2
44266,17,478,415,2
44283,17,478,406,2
44299,17,477,402,2
44316,17,476,402,2
44332,17,479,416,2
44349,17,477,404,2
44366,17,478,412,2
44382,17,475,397,2
44399,17,473,404,2
44416,17,477,413,2
44432,17,478,404,2
44449,17,477,411,2
44465,17,477,407,2
44482,17,476,414,2
44499,17,475,403,2
44515,17,478,395,2
44532,17,471,407,2
44549,17,478,417,2
44565,17,476,410,2
44582,17,469,405,2
44599,17,473,410,2
44615,17,472,403,2
44632,17,471,413,2
44648,17,492,401,2
44665,17,520,389,2
44682,17,516,377,2
44698,17,527,396,2
44715,17,531,404,2
44732,17,523,417,5
44748,17,526,397,2
44765,17,523,402,2
44782,17,525,389,2
44798,17,530,409,2
44815,17,531,403,2
44831,17,526,389,2
44848,17,526,403,2
44865,17,526,397,2
44881,17,521,403,2
44898,17,529,413,2
44915,17,526,414,2
44931,17,529,415,2
44948,17,529,390,2
44965,17,529,377,2
44981,17,530,388,2
44998,17,528,392,2
45014,17,527,381,2
45031,17,529,392,2
45048,17,529,400,2
45064,17,528,399,2
45081,17,536,392,2
45098,17,529,388,2
45114,17,528,393,2
45131,17,528,380,2
45148,17,530,394,2
45164,17,526,390,2
45181,17,520,392,2
45197,17,514,382,2
45214,17,514,391,2
45231,17,518,383,2
45247,17,514,374,2
45264,17,515,392,2
45281,17,519,389,2
45297,17,515,376,2
45314,17,516,382,2
45331,17,519,386,2
45347,17,516,383,2
45364,17,510,383,2
45380,17,478,448,3
45397,17,468,453,3
45414,17,470,464,3
45430,17,472,457,3
45447,17,467,446,3
45464,17,470,453,3
45480,17,482,455,3
45497,17,468,456,3
45513,17,471,460,3
45530,17,472,454,3
45547,17,471,444,3
45563,17,476,440,3
45580,17,470,457,3
45597,17,469,447,3
45613,17,479,470,3
45630,17,480,452,3
45647,17,476,445,3
45663,17,473,448,3
45680,17,472,461,3
45696,17,468,454,3
45713,17,473,457,3
45730,17,472,447,3
45746,17,481,446,3
45763,17,473,455,3
45780,17,481,460,3
45796,17,478,463,3
45813,17,471,458,3
45830,17,476,452,3
45846,17,472,453,3
45863,17,475,454,3
45879,17,473,452,3
45896,17,477,439,3
45913,17,477,441,3
45929,17,490,399,2
45946,17,498,360,4
45963,17,493,351,4
45979,17,489,363,4
45996,17,488,357,4
46013,17,489,344,4
46029,17,490,349,4
46046,17,493,356,4
46062,17,490,345,4
46079,17,491,336,4
46096,17,491,351,4
46112,17,491,356,4
46129,17,491,359,4
46146,17,492,344,4
46162,17,494,364,4
46179,17,491,357,4
46196,17,490,360,4
46212,17,492,344,4
46229,17,486,341,4
46245,17,459,292,4
46262,17,431,241,1
46279,17,418,231,1
46295,17,419,227,1
46312,17,419,232,1
46329,17,418,209,1
46345,17,423,215,1
46362,17,423,233,1
46379,17,429,237,1
46395,17,425,238,1
46412,17,423,230,1
46428,17,422,224,1
46445,17,423,224,1
46462,17,423,227,1
46478,17,426,226,1
46495,17,427,236,1
46512,17,424,228,1
46528,17,424,222,1
46545,17,424,237,1
46562,17,424,225,1
46578,17,425,245,1
46595,17,415,238,1
46611,17,426,226,1
46628,17,425,240,1
46645,17,423,228,1
46661,17,426,233,1
46678,17,430,241,1
46695,17,469,318,4
46711,17,485,361,4
46728,17,483,367,2
46744,17,481,363,4
46761,17,482,373,2
46778,17,483,377,2
46794,17,482,350,4
46811,17,483,372,2
46828,17,483,372,2
46844,17,481,364,4
46861,17,479,372,2
46878,17,483,363,4
46894,17,481,378,2
46911,17,485,372,2
46927,17,485,366,2
46944,17,479,362,4
46961,17,484,359,4
46977,17,482,374,2
46994,17,483,372,2
47011,17,484,369,2
47027,17,481,366,2
47044,17,485,380,2
47061,17,483,373,2
47077,17,481,370,2
47094,17,479,366,2
47110,17,484,368,2
47127,17,481,380,2
47144,17,481,370,2
47160,17,482,369,2
47177,17,484,375,2
47194,17,483,373,2
47210,17,483,365,2
47227,17,483,367,2
47244,17,484,372,2
47260,17,483,372,2
47277,17,482,381,2
47293,17,480,372,2
47310,17,483,376,2
47327,17,485,386,2
47343,17,485,370,2
47360,17,484,367,2
47377,17,486,383,2
47393,17,485,363,4
47410,17,488,379,2
47427,17,485,390,2
47443,17,487,369,2
47460,17,486,378,2
47476,17,489,365,2
47493,17,483,372,2
47510,17,487,375,2
47526,17,485,369,2
47543,17,487,372,2
47560,17,485,379,2
47576,17,490,381,2
47593,17,486,375,2
47610,17,485,366,2
47626,17,488,387,2
47643,17,488,374,2
47659,17,485,368,2
47676,17,484,391,2
47693,17,484,390,2
47709,17,476,453,3
47726,17,478,452,3
47743,17,478,455,3
47759,17,478,452,3
47776,17,476,442,3
47792,17,478,448,3
47809,17,475,430,3
47826,17,479,461,3
47842,17,478,439,3
47859,17,476,433,3
47876,17,471,454,3
47892,17,469,447,3
47909,17,475,448,3
47926,17,470,445,3
47942,17,473,442,3
47959,17,474,437,3
47975,17,472,439,3
47992,17,474,451,3
48009,17,467,453,3
48025,17,466,446,3
48042,17,468,442,3
48059,17,469,450,3
48075,17,465,445,3
48092,17,466,435,3
48109,17,463,437,3
48125,17,469,444,3
48142,17,474,440,3
48158,17,512,395,2
48175,17,518,402,2
48192,17,515,395,2
48208,17,514,389,2
48225,17,517,388,2
48242,17,517,378,2
48258,17,532,390,2
48275,17,516,378,2
48292,17,516,383,2
48308,17,523,384,2
48325,17,519,386,2
48341,17,514,379,2
48358,17,515,391,2
48375,17,517,391,2
48391,17,517,387,2
48408,17,516,395,2
48425,17,516,386,2
48441,17,519,385,2
48458,17,513,373,2
48475,17,516,372,2
48491,17,516,365,2
48508,17,516,359,4
48524,17,516,360,4
48541,17,517,373,2
48558,17,514,353,4
48574,17,518,367,2
48591,17,518,370,2
48608,17,517,366,2
48624,17,517,375,2
48641,17,516,353,4
48658,17,519,370,2
48674,17,515,366,2
48691,17,516,367,2
48707,17,512,362,4
48724,17,464,381,2
48741,17,449,386,2
48757,17,449,396,2
48774,17,455,389,2
48791,17,516,453,3
48807,17,510,460,3
48824,17,511,456,3
48841,17,514,452,3
48857,17,514,450,3
48874,17,508,452,3
48890,17,520,459,3
48907,17,515,462,3
48924,17,524,459,3
48940,17,518,466,3
48957,17,516,462,3
48974,17,514,471,3
48990,17,517,458,3
49007,17,518,463,3
49023,17,519,456,3
49040,17,512,442,3
49057,17,524,461,3
49073,17,522,458,3
49090,17,522,466,3
49107,17,522,396,2
49123,17,511,369,2
49140,17,509,378,2
49157,17,511,367,2
49173,17,510,370,2
49190,17,508,365,2
49206,17,509,365,2
49223,17,507,363,4
49240,17,511,370,2
49256,17,514,371,2
49273,17,510,369,2
49290,17,510,378,2
49306,17,511,367,2
49323,17,509,369,2
49340,17,509,358,4
49356,17,509,362,4
49373,17,509,363,4
49389,17,513,372,2
49406,17,510,367,2
49423,17,509,359,4
49439,17,525,352,4
49456,17,532,358,4
49473,17,532,346,4
49489,17,533,357,4
49506,17,530,351,4
49523,17,533,353,4
49539,17,532,352,4
49556,17,534,355,4
49572,17,531,354,4
49589,17,532,353,4
49606,17,525,342,4
49622,17,516,337,4
49639,17,531,353,4
49656,17,530,345,4
49672,17,524,352,4
49689,17,543,344,4
49706,17,536,340,4
49722,17,532,357,4
49739,17,530,348,4
49755,17,531,352,4
49772,17,521,344,4
49789,17,543,346,4
49805,17,526,355,4
49822,17,523,333,4
49839,17,550,350,4
49855,17,526,346,4
49872,17,535,342,4
49889,17,537,347,4
49905,17,528,347,4
49922,17,551,353,4
49938,17,527,357,4
49955,17,536,348,4
49972,17,540,357,4
49988,17,534,353,4
50005,17,527,372,2
50022,17,512,381,2
50038,17,511,339,4
50055,17,479,302,4
50071,17,487,339,4
50088,17,485,385,2
50105,17,476,302,4
50121,17,478,329,4
50138,17,480,351,4
50155,17,478,431,3
50171,17,486,525,3
50188,17,496,548,3
50205,17,494,559,3
50221,17,526,521,3
50238,17,535,480,3
50254,17,529,390,2
50271,17,545,330,4
50288,17,557,310,4
50304,17,553,298,4
50321,17,551,265,0
50338,17,555,323,4
50354,17,555,343,4
50371,17,563,386,2
50388,17,560,382,2
50404,17,567,382,2
50421,17,565,389,2
50437,17,566,395,2
50454,17,565,402,2
50471,17,558,374,2
50487,17,558,373,2
50504,17,559,396,2
50521,17,563,381,2
50537,17,561,378,2
50554,17,560,395,2
50571,17,551,396,2
50587,17,556,388,2
50604,17,557,395,2
50620,17,553,386,2
50637,17,562,394,2
50654,17,558,373,2
50670,17,555,381,2
50687,17,559,389,2
50704,17,555,388,2
50720,17,562,384,2
50737,17,526,378,2
50754,17,500,384,2
50770,17,503,378,2
50787,17,503,403,2
50803,17,504,385,2
50820,17,501,379,2
50837,17,501,388,2
50853,17,520,391,2
50870,17,501,389,2
50887,17,522,385,2
50903,17,499,374,2
50920,17,503,385,2
50937,17,501,388,2
50953,17,502,391,2
50970,17,502,387,2
50986,17,500,381,2
51003,17,497,378,2
51020,17,509,375,2
51036,17,510,378,2
51053,17,525,392,2
51070,17,505,385,2
51086,17,507,392,2
51103,17,511,386,2
51120,17,511,390,2
51136,17,499,386,2
51153,17,503,385,2
51169,17,507,383,2
51186,17,506,384,2
51203,17,503,385,2
51219,17,504,385,2
51236,17,502,387,2
51253,17,503,371,2
51269,17,508,385,2
51286,17,506,385,2
51302,17,516,377,2
51319,17,509,389,2
51336,17,508,390,2
51352,17,502,383,2
51369,17,509,374,2
51386,17,501,390,2
51402,17,504,373,2
51419,17,510,378,2
51436,17,507,378,2
51452,17,506,386,2
51469,17,504,386,2
51485,17,526,384,2
51502,17,502,387,2
51519,17,503,380,2
51535,17,523,385,2
51552,17,507,388,2
51569,17,502,379,2
51585,17,513,379,2
51602,17,502,383,2
51619,17,510,389,2
51635,17,513,384,2
51652,17,510,380,2
51668,17,520,388,2
51685,17,503,377,2
51702,17,501,390,2
51718,17,502,379,2
51735,17,501,386,2
51752,17,527,391,2
51768,17,491,397,2
51785,17,475,416,2
51802,17,482,417,2
51818,17,470,427,3
51835,17,467,420,3
51851,17,472,426,3
51868,17,475,416,2
51885,17,467,429,3
51901,17,468,413,2
51918,17,480,422,3
51935,17,473,429,3
51951,17,469,426,3
51968,17,471,433,3
51985,17,468,427,3
52001,17,469,427,3
52018,17,467,422,3
52034,17,468,423,3
52051,17,468,428,3
52068,17,467,420,3
52084,17,469,429,3
52101,17,469,441,3
52118,17,470,432,3
52134,17,470,438,3
52151,17,469,431,3
52168,17,468,418,3
52184,17,470,430,3
52201,17,468,420,3
52217,17,470,443,3
52234,17,468,432,3
52251,17,467,431,3
52267,17,468,439,3
52284,17,468,425,3
52301,17,470,430,3
52317,17,470,428,3
52334,17,467,431,3
52350,17,469,437,3
52367,17,469,439,3
52384,17,472,418,3
52400,17,466,429,3
52417,17,466,443,3
52434,17,473,444,3
52450,17,469,438,3
52467,17,473,424,3
52484,17,472,432,3
52500,17,472,430,3
52517,17,469,438,3
52533,17,471,422,3
52550,17,472,421,3
52567,17,473,445,3
52583,17,474,441,3
52600,17,475,435,3
52617,17,472,441,3
52633,17,475,435,3
52650,17,471,420,3
52667,17,472,418,3
52683,17,473,412,2
52700,17,473,439,3
52716,17,473,434,3
52733,17,474,429,3
52750,17,477,440,3
52766,17,472,423,3
52783,17,473,426,3
52800,17,475,440,3
52816,17,478,436,3
52833,17,502,412,2
52850,17,513,375,2
52866,17,517,365,2
52883,17,513,357,4
52899,17,520,369,2
52916,17,515,355,4
52933,17,517,379,2
52949,17,509,366,2
52966,17,514,371,2
52983,17,516,364,4
52999,17,510,356,4
53016,17,516,381,2
53033,17,514,367,2
53049,17,530,338,4
53066,17,531,336,4
53082,17,529,344,4
53099,17,522,330,4
53116,17,529,338,4
53132,17,528,355,4
53149,17,528,328,4
53166,17,529,341,4
53182,17,526,347,4
53199,17,532,335,4
53216,17,524,338,4
53232,17,528,332,4
53249,17,525,328,4
53265,17,528,349,4
53282,17,487,359,4
53299,17,454,429,3
53315,17,459,463,3
53332,17,457,443,3
53349,17,455,431,3
53365,17,461,443,3
53382,17,461,444,3
53399,17,459,434,3
53415,17,462,444,3
53432,17,458,451,3
53448,17,466,445,3
53465,17,466,439,3
53482,17,462,443,3
53498,17,460,451,3
53515,17,464,451,3
53532,17,464,445,3
53548,17,463,438,3
53565,17,466,454,3
53581,17,459,447,3
53598,17,464,440,3
53615,17,463,434,3
53631,17,470,449,3
53648,17,464,453,3
53665,17,462,439,3
53681,17,469,449,3
53698,17,466,432,3
53715,17,466,442,3
53731,17,468,447,3
53748,17,466,439,3
53764,17,470,432,3
53781,17,464,436,3
53798,17,467,447,3
53814,17,466,440,3
53831,17,467,440,3
53848,17,464,438,3
53864,17,467,440,3
53881,17,468,439,3
53898,17,466,443,3
53914,17,465,441,3
53931,17,464,426,3
53947,17,468,427,3
53964,17,473,441,3
53981,17,471,440,3
53997,17,464,442,3
54014,17,468,451,3
54031,17,467,444,3
54047,17,470,443,3
54064,17,465,437,3
54081,17,468,442,3
54097,17,470,450,3
54114,17,468,435,3
54130,17,469,450,3
54147,17,465,444,3
54164,17,471,443,3
54180,17,465,441,3
54197,17,466,440,3
54214,17,472,452,3
54230,17,467,439,3
54247,17,470,437,3
54264,17,464,432,3
54280,17,466,448,3
54297,17,462,426,3
54313,17,466,450,3
54330,17,466,452,3
54347,17,494,441,3
54363,17,498,430,3
54380,17,485,437,3
54397,17,494,437,3
54413,17,495,442,3
54430,17,491,445,3
54447,17,496,439,3
54463,17,494,441,3
54480,17,491,438,3
54496,17,494,443,3
54513,17,494,435,3
54530,17,496,434,3
54546,17,496,441,3
54563,17,496,446,3
54580,17,494,432,3
54596,17,495,435,3
54613,17,495,434,3
54630,17,499,434,3
54646,17,497,446,3
54663,17,496,439,3
54679,17,499,442,3
54696,17,499,436,3
54713,17,501,438,3
54729,17,500,439,3
54746,17,503,442,3
54763,17,496,429,3
54779,17,486,412,2
54796,17,492,405,2
54812,17,486,396,2
54829,17,500,420,5
54846,17,501,423,3
54862,17,516,414,2
54879,17,534,475,3
54896,17,543,463,3
54912,17,545,555,3
54929,17,531,581,3
54946,17,537,639,3
54962,17,520,607,3
54979,17,518,492,3
54995,17,501,330,4
55012,17,494,266,0
55029,17,486,329,4
55045,17,506,375,2
55062,17,498,377,2
55079,17,497,386,2
55095,17,503,378,2
55112,17,494,387,2
55129,17,493,378,2
55145,17,492,370,2
55162,17,493,370,2
55178,17,491,366,2
55195,17,491,382,2
55212,17,489,384,2
55228,17,490,377,2
55245,17,488,362,4
55262,17,491,382,2
55278,17,487,364,4
55295,17,492,374,2
55312,17,488,370,2
55328,17,489,381,2
55345,17,494,371,2
55361,17,490,375,2
55378,17,487,366,2
55395,17,488,372,2
55411,17,490,384,2
55428,17,491,375,2
55445,17,491,370,2
55461,17,489,379,2
55478,17,489,357,4
55495,17,491,373,2
55511,17,489,369,2
55528,17,487,365,2
55544,17,491,376,2
55561,17,489,374,2
55578,17,487,383,2
55594,17,489,373,2
55611,17,494,362,4
55628,17,489,372,2
55644,17,490,376,2
55661,17,488,372,2
55678,17,499,389,2
55694,17,489,379,2
55711,17,486,373,2
55727,17,487,373,2
55744,17,488,364,4
55761,17,486,372,2
55777,17,494,389,2
55794,17,488,370,2
55811,17,485,373,2
55827,17,488,386,2
55844,17,491,382,2
55860,17,488,374,2
55877,17,486,377,2
55894,17,488,382,2
55910,17,489,376,2
55927,17,496,405,2
55944,17,499,404,2
55960,17,497,402,2
55977,17,502,409,2
55994,17,495,399,2
56010,17,499,398,2
56027,17,496,396,2
56043,17,494,401,2
56060,17,496,403,2
56077,17,495,401,2
56093,17,493,392,2
56110,17,490,407,2
56127,17,496,404,2
56143,17,495,416,2
56160,17,490,404,2
56177,17,495,414,2
56193,17,495,421,5
56210,17,491,406,2
56226,17,507,354,4
56243,17,511,343,4
56260,17,518,331,4
56276,17,507,334,4
56293,17,507,334,4
56310,17,511,332,4
56326,17,505,335,4
56343,17,507,328,4
56360,17,506,343,4
56376,17,506,324,4
56393,17,500,336,4
56409,17,499,347,4
56426,17,505,341,4
56443,17,503,336,4
56459,17,508,346,4
56476,17,507,358,4
56493,17,509,349,4
56509,17,501,346,4
56526,17,507,353,4
56543,17,506,352,4
56559,17,506,346,4
56576,17,504,339,4
56592,17,502,350,4
56609,17,503,341,4
56626,17,506,349,4
56642,17,506,346,4
56659,17,508,339,4
56676,17,506,347,4
56692,17,507,344,4
56709,17,477,331,4
56726,17,439,317,4
56742,17,426,289,4
56759,17,419,297,4
56775,17,415,304,0
56792,17,425,290,4
56809,17,418,308,4
56825,17,427,298,4
56842,17,424,300,4
56859,17,424,310,4
56875,17,424,311,4
56892,17,423,301,4
56909,17,424,298,4
56925,17,426,300,4
56942,17,423,305,4
56958,17,423,299,4
56975,17,420,299,4
56992,17,424,299,4
57008,17,424,302,4
57025,17,423,302,4
57042,17,428,302,4
57058,17,426,311,4
57075,17,428,303,4
57091,17,426,307,4
57108,17,427,292,4
57125,17,424,311,4
57141,17,429,304,4
57158,17,426,302,4
57175,17,427,308,4
57191,17,427,312,4
57208,17,427,306,4
57225,17,427,311,4
57241,17,429,302,4
57258,17,428,302,4
57274,17,446,360,4
57291,17,463,417,2
57308,17,478,469,3
57324,17,485,453,3
57341,17,489,470,3
57358,17,484,455,3
57374,17,495,474,3
57391,17,488,487,3
57408,17,487,474,3
57424,17,491,464,3
57441,17,488,468,3
57457,17,488,468,3
57474,17,485,471,3
57491,17,490,463,3
57507,17,489,456,3
57524,17,488,461,3
57541,17,488,461,3
57557,17,486,453,3
57574,17,488,459,3
57591,17,490,467,3
57607,17,498,481,3
57624,17,493,466,3
57640,17,491,460,3
57657,17,490,462,3
57674,17,490,470,3
57690,17,491,458,3
57707,17,489,460,3
57724,17,486,465,3
57740,17,489,450,3
57757,17,474,447,3
57774,17,464,421,3
57790,17,477,430,3
57807,17,469,427,3
57823,17,475,429,3
57840,17,476,425,3
57857,17,477,413,2
57873,17,473,437,3
57890,17,470,428,3
57907,17,468,423,3
57923,17,471,441,3
57940,17,471,429,3
57957,17,469,428,3
57973,17,477,426,3
57990,17,496,375,2
58006,17,514,362,4
58023,17,505,350,4
58040,17,502,357,4
58056,17,504,356,4
58073,17,501,361,4
58090,17,503,363,4
58106,17,504,375,2
58123,17,508,366,2
58139,17,507,371,2
58156,17,510,370,2
58173,17,511,365,2
58189,17,572,431,3
58206,17,622,520,3
58223,17,666,583,3
58239,17,684,735,3
58256,17,702,591,3
58273,17,717,846,0
58289,17,740,942,0
58306,17,788,938,0
58322,17,784,1054,0
58339,17,799,1072,0
59587,1248,693,854,0
59603,17,679,914,0
59620,17,632,693,3
59637,17,634,753,3
59653,17,577,582,3
59670,17,537,537,3
59687,17,511,524,3
59703,17,521,533,3
59720,17,515,527,3
59736,17,522,526,3
59753,17,523,527,3
59770,17,521,531,3
59786,17,518,527,3
59803,17,516,520,3
59820,17,517,525,3
59836,17,517,525,3
59853,17,515,523,3
59870,17,519,515,3
59886,17,515,514,3
59903,17,505,475,3
59919,17,483,431,3
59936,17,484,433,3
59953,17,482,431,3
59969,17,486,436,3
59986,17,480,437,3
60003,17,480,427,3
60019,17,484,428,3
60036,17,478,425,3
60053,17,483,431,3
60069,17,476,434,3
60086,17,481,436,3
60102,17,479,432,3
60119,17,477,430,3
60136,17,479,419,3
60152,17,478,418,3
60169,17,477,422,3
60186,17,478,418,3
60202,17,476,425,3
60219,17,475,425,3
60236,17,478,429,3
60252,17,480,424,3
60269,17,479,418,3
60285,17,481,417,2
60302,17,508,440,3
60319,17,572,467,3
60335,17,618,502,3
60352,17,644,437,3
60369,17,626,555,3
60385,17,735,600,3
60402,17,724,753,3
60418,17,729,794,0
60435,17,721,825,0
60452,17,828,841,0
60468,17,823,953,0
60485,17,783,902,0
60552,67,976,1062,0
62431,1880,976,1062,0
62448,17,976,1062,0
62465,17,976,1062,0
62481,17,976,1062,0
62498,17,976,1062,0
62515,17,976,1062,0
62531,17,976,1062,0
62548,17,976,1062,0
62564,17,976,1062,0
62581,17,626,529,3
62598,17,544,491,3
62614,17,516,453,3
62631,17,516,461,3
62648,17,518,458,3
62664,17,518,464,3
62681,17,518,468,3
62698,17,516,450,3
62714,17,518,463,3
62731,17,523,459,3
62747,17,521,462,3
62764,17,517,456,3
62781,17,525,452,3
62797,17,519,477,3
62814,17,526,461,3
62831,17,518,457,3
62847,17,503,442,3
62864,17,484,424,3
62880,17,483,420,3
62897,17,476,414,2
62914,17,479,418,3
62930,17,480,434,3
62947,17,478,428,3
62964,17,476,415,2
62980,17,479,409,2
62997,17,477,421,3
63014,17,478,421,3
63030,17,475,421,3
63047,17,477,400,2
63063,17,484,424,3
63080,17,490,413,2
63097,17,529,410,2
63113,17,550,408,2
63130,17,576,392,2
63147,17,629,499,3
63296,150,620,618,3
63313,17,543,368,2
63330,17,554,357,4
63346,17,552,380,2
63363,17,530,401,2
63380,17,536,391,2
63396,17,543,391,2
63413,17,543,403,2
63429,17,536,389,2
63446,17,540,404,2
63463,17,538,389,2
63479,17,530,405,2
63496,17,533,391,2
63513,17,536,384,2
63529,17,540,383,2
63546,17,537,396,2
63563,17,532,388,2
63579,17,536,392,2
63596,17,538,396,2
63612,17,531,391,2
63629,17,526,389,2
63646,17,534,389,2
63662,17,531,372,2
63679,17,530,383,2
63696,17,524,387,2
63712,17,526,386,2
63729,17,525,384,2
63746,17,521,388,2
63762,17,523,384,2
63779,17,519,377,2
63795,17,515,392,2
63812,17,522,387,2
63829,17,517,388,2
63845,17,515,393,2
63862,17,510,381,2
63879,17,512,389,2
63895,17,513,391,2
63912,17,513,396,2
63928,17,510,380,2
63945,17,520,397,2
63962,17,508,399,2
63978,17,483,414,2
63995,17,481,433,3
64012,17,480,424,3
64028,17,477,424,3
64045,17,477,422,3
64062,17,473,419,3
64078,17,481,417,2
64095,17,477,416,2
64111,17,474,434,3
64128,17,473,426,3
64145,17,475,418,3
64161,17,471,425,3
64178,17,470,419,3
64195,17,468,411,2
64211,17,470,417,2
64228,17,468,423,3
64245,17,472,408,2
64261,17,471,418,3
64278,17,468,413,2
64294,17,469,416,2
64311,17,472,423,3
64328,17,467,403,2
64344,17,469,411,2
64361,17,469,442,3
64378,17,470,415,2
64394,17,471,440,3
64411,17,470,429,3
64428,17,467,430,3
64444,17,472,422,3
64461,17,471,431,3
64477,17,470,434,3
64494,17,472,425,3
64511,17,474,428,3
64527,17,472,424,3
64544,17,471,430,3
64561,17,476,435,3
64577,17,508,418,5
64594,17,555,343,4
64611,17,561,322,4
64627,17,568,323,4
64644,17,575,329,4
64660,17,564,327,4
64677,17,564,330,4
64694,17,565,336,4
64710,17,571,334,4
64727,17,562,334,4
64744,17,567,335,4
64760,17,573,332,4
64777,17,575,331,4
64794,17,571,332,4
64810,17,571,329,4
64827,17,572,338,4
64843,17,576,344,4
64860,17,574,342,4
64877,17,577,336,4
64893,17,569,346,4
64910,17,567,345,4
64927,17,571,343,4
64943,17,546,364,4
64960,17,536,383,2
64977,17,542,367,2
64993,17,540,367,2
65010,17,534,375,2
65026,17,537,368,2
65043,17,534,367,2
65060,17,540,378,2
65076,17,537,363,4
65093,17,546,371,2
65110,17,534,362,4
65126,17,538,365,2
65143,17,541,365,2
65159,17,541,380,2
65176,17,544,379,2
65193,17,542,380,2
65209,17,547,366,2
65226,17,545,366,2
65243,17,544,357,4
65259,17,547,375,2
65276,17,546,368,2
65293,17,544,372,2
65309,17,547,364,4
65326,17,548,371,2
65342,17,549,376,2
65359,17,549,378,2
65376,17,544,358,4
65392,17,549,382,2
65409,17,546,375,2
65426,17,549,382,2
65442,17,546,363,4
65459,17,525,407,2
65476,17,512,427,3
65492,17,517,416,2
65509,17,513,414,2
65525,17,516,423,3
65542,17,515,426,3
65559,17,518,422,3
65575,17,517,424,3
65592,17,517,415,2
65609,17,520,424,3
65625,17,517,423,3
65642,17,517,424,3
65659,17,518,423,3
65675,17,520,421,5
65692,17,521,423,3
65708,17,520,430,3
65725,17,513,424,3
65742,17,516,428,3
65758,17,517,413,2
65775,17,521,428,3
65792,17,520,428,3
65808,17,516,404,2
65825,17,523,418,5
65842,17,522,415,2
65858,17,525,426,3
65875,17,526,431,3
65891,17,524,417,5
65908,17,525,416,2
65925,17,531,415,2
65941,17,527,418,5
65958,17,530,418,5
65975,17,532,439,3
65991,17,532,422,3
66008,17,529,417,5
66025,17,534,419,5
66041,17,533,436,3
66058,17,533,426,3
66074,17,527,427,3
66091,17,531,418,5
66108,17,534,425,3
66124,17,575,416,2
66141,17,609,395,2
66158,17,613,387,2
66174,17,609,376,2
66191,17,617,383,2
66207,17,615,381,2
66224,17,616,383,2
66241,17,617,372,2
66257,17,618,372,2
66274,17,620,389,2
66291,17,624,387,2
66307,17,618,383,2
66324,17,620,389,2
66341,17,623,391,2
66374,33,621,376,2
66374,0,621,376,2
66390,17,621,389,2
66407,17,630,391,2
66424,17,623,384,2
66440,17,634,391,2
66457,17,620,381,2
66474,17,624,382,2
66490,17,614,381,2
66507,17,624,394,2
66524,17,630,385,2
66540,17,589,385,2
66557,17,587,412,2
66573,17,581,399,2
66590,17,585,411,2
66607,17,572,426,3
66623,17,587,408,2
66640,17,584,410,2
66657,17,578,403,2
66673,17,589,409,2
66690,17,593,399,2
66707,17,584,416,2
66723,17,581,422,3
66740,17,592,414,2
66756,17,590,415,2
66773,17,586,403,2
66790,17,586,421,3
66806,17,531,409,2
66823,17,515,420,5
66840,17,517,414,2
66856,17,511,404,2
66873,17,513,419,5
66890,17,511,418,5
66906,17,510,413,2
66923,17,516,407,2
66939,17,509,408,2
66956,17,511,414,2
66973,17,508,412,2
66989,17,514,422,3
67006,17,516,418,5
67023,17,516,407,2
67039,17,514,421,5
67056,17,510,416,2
67073,17,511,408,2
67089,17,509,418,5
67106,17,508,416,2
67122,17,514,420,5
67139,17,512,423,3
67156,17,506,415,2
67172,17,508,417,5
67189,17,510,414,2
67206,17,512,416,2
67222,17,513,418,5
67239,17,508,410,2
67256,17,500,371,2
67272,17,507,427,3
67289,17,502,405,2
67305,17,522,597,3
67322,17,521,669,3
67339,17,524,710,3
67355,17,532,702,3
67372,17,523,697,3
67389,17,490,614,3
67405,17,505,571,3
67422,17,501,502,3
67438,17,493,356,4
67455,17,493,411,2
67472,17,484,369,2
67488,17,484,338,4
67505,17,486,357,4
67522,17,493,408,2
67538,17,496,417,5
67555,17,497,419,5
67572,17,496,424,3
67588,17,497,419,5
67605,17,495,429,3
67621,17,496,421,5
67638,17,496,416,2
67655,17,494,421,5
67671,17,494,415,2
67688,17,500,425,3
67705,17,499,417,5
67721,17,497,429,3
67738,17,498,424,3
67755,17,499,432,3
67771,17,496,412,2
67788,17,496,416,2
67804,17,499,434,3
67821,17,497,416,2
67838,17,495,425,3
67854,17,498,427,3
67871,17,496,417,5
67888,17,498,434,3
67904,17,499,428,3
67921,17,501,421,5
67938,17,495,417,5
67954,17,498,418,5
67971,17,499,424,3
67987,17,505,420,5
69618,1630,325,696,3
69634,17,332,516,3
69651,17,397,334,0
69668,17,341,310,0
69684,17,345,392,2
69701,17,344,423,3
69717,17,342,414,2
69734,17,346,426,3
69751,17,341,419,3
69767,17,339,433,3
69784,17,340,431,3
69801,17,347,443,3
69817,17,346,446,3
69834,17,346,435,3
69851,17,348,451,3
69867,17,348,439,3
69884,17,346,429,3
69900,17,349,439,3
69917,17,345,429,3
69934,17,351,438,3
69950,17,348,425,3
69967,17,345,433,3
69984,17,348,426,3
70000,17,347,422,3
70017,17,349,428,3
70034,17,355,413,2
70050,17,348,428,3
70067,17,345,412,2
70083,17,346,410,2
70117,33,345,304,0
70117,0,345,304,0
70133,17,345,304,0
72645,2512,1310,719,0
72712,67,1718,708,0
73394,682,1575,427,0
74009,615,1135,531,0
74076,67,742,219,0
75007,932,1870,840,0
75057,50,950,56,0
75141,83,817,312,0
75157,17,1309,107,0
75174,17,818,187,0
75224,50,523,375,2
75307,83,676,417,2
75357,50,421,219,1
75407,50,670,388,2
75473,67,690,203,1
75490,17,492,361,4
75523,33,661,477,3
75573,50,919,532,3
75606,33,436,177,1
75623,17,427,183,1
75656,33,655,227,1
75739,83,429,308,4
75823,83,964,518,3
75839,17,828,489,3
75889,50,438,307,4
75906,17,675,37,0
75922,17,949,481,3
75956,33,868,500,3
75989,33,395,229,1
76022,33,1219,581,0
76055,33,363,99,0
76072,17,431,570,3
76122,50,863,123,0
76139,17,856,560,3
76155,17,438,296,4
76205,50,953,579,3
76238,33,1146,617,0
76255,17,927,511,3
76288,33,364,60,0
76305,17,906,486,3
76322,17,157,104,0
76405,83,407,133,1
76455,50,900,521,3
76471,17,968,520,3
76488,17,458,348,4
76521,33,873,531,3
76604,83,1239,545,0
76671,67,693,462,3
76787,116,965,473,3
76804,17,360,111,0
76937,133,874,98,0
76954,17,354,24,0
77087,133,336,51,0
77203,116,368,109,0
77237,33,500,101,0
77286,50,1077,505,0
77353,67,366,116,0
77453,100,1021,457,3
77619,166,345,13,0
77686,67,1183,614,0
77802,116,345,93,0
77919,116,613,440,3
78185,266,726,509,3
78218,33,659,294,0
78351,133,403,206,1
78384,33,288,481,3
78434,50,288,481,3
78484,50,288,481,3
78517,33,445,536,3
78567,50,445,536,3
78667,100,368,131,0
78700,33,368,131,0
78767,67,833,351,0
78800,33,390,111,0
78833,33,357,109,0
78850,17,337,11,0
78883,33,362,235,1
78967,83,446,214,1
79000,33,394,173,1
79033,33,423,135,1
79100,67,357,159,1
79116,17,409,233,1
79150,33,390,148,1
79199,50,448,269,0
79316,116,300,522,3
79482,166,103,37,0
79549,67,103,37,0
79665,116,376,136,1
79798,133,123,177,0
80015,216,348,90,0
80381,366,162,761,3
80613,233,595,305,4
80647,33,523,344,4
80747,100,793,265,0
80846,100,346,553,3
80863,17,356,406,2
80880,17,350,407,2
80896,17,802,123,0
80946,50,679,145,1
80996,50,370,338,0
81013,17,1505,438,0
81029,17,1624,382,0
81046,17,347,491,3
81096,50,353,470,3
81129,33,1430,466,0
81146,17,1233,437,0
81179,33,330,454,3
81196,17,343,474,3
81212,17,1444,434,0
81246,33,521,568,3
81295,50,1552,425,0
81329,33,1305,501,0
81412,83,1360,456,0
81495,83,1145,62,0
81512,17,1211,120,0
81528,17,349,366,2
81545,17,350,347,0
81562,17,349,350,0
81578,17,1195,69,0
81628,50,407,407,2
81678,50,1427,473,0
81695,17,853,917,0
81711,17,501,528,3
81745,33,1162,650,0
81761,17,1034,964,0
81795,33,1335,463,0
81811,17,512,544,3
81828,17,1196,6,0
81844,17,1488,476,0
81894,50,959,505,3
81961,67,1251,54,0
81978,17,386,347,0
82011,33,1039,367,0
82027,17,386,391,2
82077,50,1288,95,0
82094,17,1050,107,0
82111,17,1208,138,0
82144,33,1213,23,0
82194,50,1039,176,0
82210,17,355,486,3
82260,50,911,442,3
82277,17,1201,88,0
82343,67,976,237,0
82360,17,772,871,0
82377,17,1130,99,0
82393,17,1130,99,0
82410,17,1578,535,0
82427,17,1578,535,0
82460,33,859,1053,0
82477,17,734,195,0
82493,17,1109,397,0
82510,17,794,889,0
82543,33,794,889,0
82593,50,1211,17,0
82626,33,965,277,0
82643,17,926,471,3
82660,17,1765,536,0
82676,17,1194,72,0
82693,17,1187,17,0
82793,100,1196,344,0
82826,33,820,947,0
82843,17,1206,111,0
82859,17,1109,13,0
82876,17,1491,320,0
82926,50,1064,953,0
82942,17,395,435,3
82976,33,851,135,0
82992,17,402,478,3
83009,17,402,478,3
83042,33,402,478,3
83059,17,732,806,0
83092,33,963,124,0
83125,33,963,124,0
83159,33,963,124,0
83175,17,963,124,0
83225,50,626,379,2
83242,17,626,379,2
83275,33,468,81,0
83308,33,1323,132,0
83325,17,1321,110,0
83342,17,1731,915,0
83358,17,1097,124,0
83375,17,1200,25,0
83392,17,1105,107,0
83408,17,888,907,0
83458,50,1217,27,0
83475,17,823,325,0
83491,17,1146,364,0
83525,33,958,951,0
83541,17,1021,1052,0
83558,17,878,897,0
83574,17,878,897,0
83591,17,877,912,0
83608,17,876,909,0
83624,17,1003,901,0
83641,17,883,888,0
83658,17,484,44,0
83674,17,891,900,0
83708,33,891,900,0
83724,17,966,148,0
83757,33,1060,819,0
83791,33,823,856,0
83807,17,892,912,0
83841,33,908,920,0
83857,17,879,865,0
83874,17,840,881,0
83907,33,888,902,0
83924,17,886,910,0
83940,17,841,882,0
83957,17,1065,902,0
83974,17,853,885,0
84040,67,1171,135,0
84057,17,819,840,0
84090,33,816,850,0
84107,17,1686,432,0
84123,17,1008,890,0
84190,67,1016,296,0
84223,33,1084,907,0
84240,17,832,786,0
84273,33,947,857,0
84290,17,730,881,0
84306,17,855,511,3
84340,33,1432,919,0
84356,17,1037,909,0
84390,33,991,891,0
84423,33,973,876,0
84440,17,549,228,1
84456,17,941,364,0
84473,17,1260,59,0
84506,33,1260,59,0
84589,83,1009,933,0
84606,17,1009,933,0
84706,100,1599,429,0
84722,17,1393,191,0
84739,17,1312,107,0
84805,67,1377,162,0
84822,17,1245,103,0
84839,17,1245,103,0
84855,17,1454,317,0
84872,17,1106,1006,0
84905,33,923,935,0
84988,83,923,935,0
85005,17,923,935,0
85022,17,726,542,3
85038,17,921,869,0
85088,50,931,896,0
85105,17,1563,1019,0
85122,17,1347,922,0
85221,100,1320,550,0
85255,33,1368,295,0
85271,17,1687,331,0
85305,33,781,623,3
85321,17,781,623,3
85338,17,572,167,1
85371,33,1305,294,0
85471,100,880,615,3
85504,33,880,615,3
85571,67,858,582,3
85621,50,1244,137,0
85654,33,1364,155,0
85671,17,1364,155,0
85737,67,889,580,3
85787,50,972,528,3
85887,100,1287,354,0
85937,50,1287,354,0
85953,17,323,400,2
85987,33,323,400,2
86036,50,323,400,2
86120,83,323,400,2
86136,17,323,400,2
86170,33,539,500,3
86236,67,45,59,0
86303,67,292,652,3
86319,17,1033,607,0
86569,250,1033,607,0
86602,33,1033,607,0
86619,17,711,550,3
86652,33,711,550,3
86669,17,711,550,3
86719,50,711,550,3
86785,67,1509,395,0
86802,17,963,893,0
86835,33,963,893,0
86868,33,963,893,0
86901,33,1136,115,0
86918,17,1136,115,0
86951,33,1136,115,0
86968,17,1629,892,0
86985,17,1532,616,0
87051,67,1010,759,3
87068,17,1257,468,0
87101,33,1512,257,0
87118,17,448,14,0
87134,17,1640,305,0
87168,33,1177,82,0
87184,17,485,327,4
87218,33,1234,272,0
87234,17,1234,272,0
87267,33,1916,897,0
87284,17,784,850,0
87317,33,665,391,2
87367,50,1169,55,0
87401,33,1169,55,0
87434,33,619,193,1
87484,50,619,193,1
87517,33,600,244,1
87534,17,600,244,1
87584,50,600,244,1
87617,33,1405,188,0
87633,17,1405,188,0
87650,17,1405,188,0
87700,50,1430,416,0
87717,17,622,166,1
87750,33,1200,366,0
87767,17,1502,250,0
87800,33,677,720,3
87816,17,677,720,3
87833,17,677,720,3
87850,17,677,720,3
87933,83,677,720,3
87950,17,677,720,3
87966,17,677,720,3
87983,17,677,720,3
87999,17,677,720,3
88016,17,677,720,3
88033,17,677,720,3
88066,33,677,720,3
88083,17,282,85,0
88132,50,282,85,0
88149,17,282,85,0
88232,83,282,85,0
88266,33,687,747,3
88299,33,969,688,3
88315,17,969,688,3
88365,50,1537,846,0
88399,33,954,952,0
88415,17,835,783,0
88432,17,816,796,0
88465,33,518,53,0
88515,50,1344,800,0
88582,67,723,346,0
88598,17,635,266,0
88615,17,635,266,0
88632,17,694,405,2
88665,33,694,405,2
88698,33,668,321,0
88715,17,1882,418,0
88898,183,1192,7,0
89147,250,827,551,3
89363,216,1734,586,0
89397,33,812,697,3
89413,17,746,798,0
89546,133,1494,292,0
89580,33,1494,292,0
89630,50,747,737,3
89680,50,504,330,4
89879,200,878,201,0
89946,67,878,201,0
89979,33,878,201,0
90029,50,898,863,0
90046,17,898,863,0
90062,17,1088,108,0
90312,250,1135,739,0
90345,33,1542,615,0
90495,150,1680,503,0
90511,17,1680,503,0
90578,67,1680,503,0
90611,33,1680,503,0
90644,33,812,707,3
90694,50,965,111,0
90811,116,1273,416,0
90827,17,1446,249,0
90877,50,1446,249,0
90927,50,430,555,3
90994,67,681,732,3
91010,17,1000,108,0
91060,50,1040,159,0
91127,67,1295,398,0
91160,33,1052,261,0
91177,17,1078,147,0
91193,17,1078,147,0
91293,100,1188,360,0
91310,17,1188,360,0
91410,100,1210,217,0
91443,33,938,743,3
91476,33,1286,288,0
91493,17,1550,744,0
91509,17,1048,136,0
91526,17,777,380,2
91559,33,802,389,0
91709,150,1018,183,0
91759,50,1018,183,0
91825,67,1034,198,0
91842,17,1042,28,0
91942,100,1419,850,0
92025,83,1025,159,0
92042,17,1025,159,0
92058,17,1025,159,0
92075,17,1025,159,0
92092,17,895,360,0
92108,17,952,208,0
92158,50,1276,511,0
92175,17,1276,511,0
92241,67,1407,213,0
92258,17,855,291,0
92408,150,1200,547,0
92424,17,1200,547,0
92458,33,1182,843,0
92474,17,1182,843,0
92491,17,775,64,0
92508,17,1190,21,0
92524,17,1190,21,0
92641,116,900,417,3
92757,116,863,291,0
92790,33,438,594,3
92807,17,438,594,3
92824,17,1078,143,0
92840,17,1229,777,0
92857,17,1203,196,0
93106,250,1129,316,0
93123,17,1129,316,0
93190,67,1101,402,0
93206,17,1046,3,0
93289,83,1046,3,0
93406,116,1046,3,0
93506,100,801,705,3
93522,17,897,243,0
93539,17,897,243,0
93572,33,897,243,0
93622,50,897,243,0
93655,33,897,243,0
93705,50,1125,24,0
93822,116,1014,226,0
93872,50,1014,226,0
94021,150,1199,351,0
94038,17,913,492,3
94071,33,1096,319,0
94088,17,1096,319,0
94121,33,830,666,3
94171,50,1006,843,0
94254,83,802,437,3
94321,67,1210,354,0
94337,17,1322,198,0
94371,33,857,274,0
94404,33,1014,80,0
94454,50,1014,80,0
94487,33,1014,80,0
94554,67,1358,252,0
94570,17,737,389,2
94587,17,737,389,2
94620,33,764,180,0
94637,17,1404,673,0
94653,17,775,411,2
94687,33,1890,881,0
94753,67,864,824,0
94770,17,864,824,0
94787,17,856,410,0
94836,50,856,410,0
94886,50,856,410,0
95385,499,1766,466,0
95435,50,1318,249,0
95485,50,1318,249,0
95518,33,1318,249,0
95535,17,541,524,3
95618,83,541,524,3
95652,33,541,524,3
95668,17,467,649,3
95801,133,467,649,3
95818,17,1107,160,0
95835,17,1107,160,0
95884,50,1107,160,0
95901,17,1107,160,0
95951,50,1107,160,0
95968,17,768,329,0
96018,50,768,329,0
96051,33,328,517,3
96101,50,328,517,3
96134,33,1061,138,0
96151,17,1061,138,0
96167,17,1061,138,0
96234,67,345,366,2
96267,33,1119,36,0
96284,17,1119,36,0
96300,17,1057,221,0
96334,33,1057,221,0
96500,166,1266,289,0
96533,33,826,234,0
96566,33,826,234,0
96583,17,826,234,0
96616,33,761,442,3
96633,17,1060,46,0
96683,50,702,480,3
96700,17,702,480,3
96733,33,702,480,3
96833,100,702,480,3
96849,17,702,480,3
97016,166,928,432,3
97032,17,928,432,3
97082,50,928,432,3
97099,17,729,546,3
97115,17,729,546,3
97132,17,881,364,0
97149,17,881,364,0
97182,33,881,364,0
97199,17,881,364,0
97215,17,763,447,3
97248,33,763,447,3
97964,715,670,785,0
97980,17,670,785,0
98014,33,1909,899,0
98047,33,868,776,0
98080,33,1070,301,0
98114,33,1070,301,0
98147,33,1070,301,0
98163,17,854,412,0
98180,17,754,140,0
98213,33,754,140,0
98230,17,754,140,0
98380,150,725,7,0
98396,17,700,555,3
98513,116,1368,432,0
98546,33,642,227,1
98662,116,738,687,3
98746,83,573,533,3
98762,17,573,533,3
98796,33,703,272,0
98812,17,703,272,0
98829,17,703,272,0
98862,33,703,272,0
98879,17,852,443,3
98945,67,862,312,0
98979,33,862,312,0
98995,17,617,165,1
99062,67,736,292,0
99078,17,587,474,3
99095,17,801,299,0
99278,183,823,369,0
99295,17,823,369,0
99311,17,823,369,0
99328,17,1143,453,0
99378,50,1143,453,0
99394,17,1143,453,0
99461,67,946,530,3
99594,133,634,206,1
99611,17,1426,480,0
99644,33,992,351,0
99661,17,647,234,1
99677,17,633,294,0
99694,17,774,484,3
99727,33,548,257,1
99760,33,548,257,1
99794,33,1491,268,0
99810,17,1025,346,0
99827,17,1025,346,0
99927,100,1859,480,0
99943,17,1859,480,0
99993,50,1859,480,0
100010,17,1859,480,0
100043,33,1859,480,0
100060,17,799,405,0
100076,17,1232,288,0
100126,50,1232,288,0
100143,17,636,333,0
100160,17,815,337,0
100210,50,1340,233,0
100226,17,674,332,0
100243,17,802,411,0
100259,17,802,411,0
100276,17,1360,382,0
100326,50,1360,382,0
100343,17,1360,382,0
100376,33,919,256,0
100442,67,797,487,3
100476,33,1161,401,0
100492,17,682,353,0
100526,33,1344,277,0
100542,17,1344,277,0
100559,17,121,211,0
100576,17,380,514,3
100609,33,1324,382,0
100625,17,1514,341,0
100675,50,1220,697,0
100709,33,495,732,3
100842,133,966,455,3
100858,17,375,429,3
100875,17,375,429,3
100925,50,375,429,3
100941,17,375,429,3
100975,33,375,429,3
101008,33,375,429,3
101041,33,375,429,3
101075,33,1017,485,3
101091,17,1355,362,0
101108,17,808,218,0
101124,17,1327,419,0
101158,33,1437,419,0
101208,50,1437,419,0
101224,17,1437,419,0
101241,17,1437,419,0
101291,50,1765,490,0
101324,33,622,430,3
101341,17,1303,451,0
101374,33,599,227,1
101391,17,588,145,1
101407,17,856,295,0
101457,50,580,257,1
101474,17,1209,600,0
101507,33,702,897,0
101540,33,641,140,1
101557,17,1371,280,0
101574,17,1223,368,0
101590,17,245,571,3
101624,33,245,571,3
101640,17,575,112,0
101657,17,575,112,0
101690,33,575,112,0
101707,17,575,112,0
101723,17,575,112,0
101740,17,575,112,0
101790,50,575,112,0
101806,17,575,112,0
101823,17,575,112,0
101856,33,575,112,0
101923,67,963,319,0
101956,33,845,423,3
101989,33,845,423,3
102006,17,845,423,3
102039,33,845,423,3
102056,17,845,423,3
102089,33,845,423,3
102106,17,845,423,3
102123,17,845,423,3
102139,17,845,423,3
102156,17,845,423,3
102172,17,845,423,3
102189,17,845,423,3
102206,17,845,423,3
102239,33,845,423,3
102272,33,845,423,3
102289,17,845,423,3
102422,133,845,423,3
102439,17,845,423,3
102472,33,845,423,3
102489,17,845,423,3
102705,216,608,347,4
102721,17,698,420,3
102738,17,698,420,3
102755,17,630,380,2
102771,17,660,379,2
102788,17,685,525,3
102805,17,599,205,1
102855,50,599,205,1
102871,17,599,205,1
102888,17,819,284,0
102904,17,681,253,1
102971,67,799,331,0
102988,17,684,281,0
103004,17,633,462,3
103021,17,626,236,1
103071,50,626,236,1
103087,17,626,236,1
103121,33,967,24,0
103320,200,679,416,2
103537,216,698,463,3
103553,17,698,463,3
103686,133,606,193,1
103720,33,1198,387,0
103736,17,783,185,0
103853,116,727,281,0
103986,133,609,179,1
104002,17,609,179,1
104036,33,609,179,1
104119,83,1266,785,0
104135,17,1366,642,0
104185,50,640,431,3
104202,17,640,431,3
104219,17,640,431,3
104235,17,640,431,3
104268,33,640,431,3
104302,33,640,431,3
104335,33,1771,619,0
104352,17,985,372,0
104385,33,985,372,0
104418,33,985,372,0
104435,17,985,372,0
104451,17,503,627,3
104518,67,503,627,3
104668,150,1408,727,0
104701,33,1408,727,0
104734,33,935,202,0
104834,100,935,202,0
104851,17,935,202,0
104901,50,687,300,0
104917,17,687,300,0
104967,50,687,300,0
105000,33,830,455,3
105017,17,830,455,3
105134,116,522,303,4
105167,33,626,538,3
105200,33,1509,706,0
105217,17,1509,706,0
105233,17,1509,706,0
105250,17,1509,706,0
105283,33,1509,706,0
105599,316,684,412,2
105633,33,497,545,3
105666,33,497,545,3
105682,17,497,545,3
105716,33,497,545,3
105732,17,1173,447,0
105749,17,1173,447,0
105766,17,1173,447,0
105782,17,1173,447,0
105816,33,989,458,3
105832,17,708,119,0
105849,17,826,117,0
105882,33,571,667,3
105949,67,979,468,3
106082,133,1385,814,0
106098,17,1385,814,0
106115,17,1385,814,0
106132,17,1385,814,0
106165,33,1547,826,0
106182,17,622,653,3
106198,17,622,653,3
106265,67,678,247,1
106298,33,678,247,1
106315,17,678,247,1
106348,33,1055,473,0
106365,17,1055,473,0
106431,67,1055,473,0
106614,183,781,556,3
106647,33,781,556,3
106664,17,973,430,3
106681,17,973,430,3
106697,17,973,430,3
106714,17,973,430,3
106747,33,973,430,3
106764,17,973,430,3
106797,33,973,430,3
106847,50,973,430,3
106864,17,810,28,0
106897,33,810,28,0
106930,33,810,28,0
106947,17,810,28,0
106980,33,810,28,0
107030,50,757,281,0
107047,17,757,281,0
107080,33,808,11,0
107096,17,808,11,0
107113,17,974,406,0
107130,17,888,401,0
107163,33,888,401,0
107230,67,888,401,0
107296,67,1206,13,0
107379,83,1242,59,0
107429,50,797,204,0
107446,17,916,474,3
107512,67,737,323,0
107529,17,747,348,0
107546,17,661,307,0
107562,17,680,169,1
107579,17,919,405,0
107595,17,924,278,0
107612,17,906,403,0
107629,17,858,433,3
107645,17,1021,84,0
107662,17,633,267,0
107679,17,632,268,0
107745,67,1428,275,0
107795,50,1428,275,0
107812,17,1428,275,0
107828,17,1428,275,0
107862,33,1428,275,0
107878,17,772,564,3
107895,17,895,273,0
107912,17,895,273,0
107945,33,630,167,1
107961,17,630,167,1
107978,17,1342,858,0
108011,33,558,417,5
108028,17,1352,763,0
108061,33,770,401,2
108095,33,868,374,0
108128,33,928,67,0
108178,50,696,254,1
108194,17,640,883,0
108211,17,1593,802,0
108228,17,729,425,3
108244,17,1464,796,0
108261,17,623,418,3
108278,17,923,335,0
108344,67,989,36,0
108361,17,1275,354,0
108377,17,1275,354,0
108394,17,1275,354,0
108411,17,583,320,4
108427,17,855,440,3
108444,17,1103,496,0
108477,33,1103,496,0
108494,17,1103,496,0
108510,17,1103,496,0
108527,17,1103,496,0
108594,67,743,379,2
108660,67,733,194,0
108677,17,672,298,0
108693,17,1541,572,0
108710,17,607,395,2
108743,33,778,315,0
108760,17,984,500,3
108777,17,510,14,0
108793,17,950,107,0
108810,17,960,122,0
108826,17,683,129,0
108893,67,1137,31,0
108943,50,680,169,1
108960,17,589,369,2
109009,50,971,162,0
109043,33,556,387,2
109076,33,829,262,0
109109,33,908,279,0
109126,17,1495,321,0
109159,33,979,152,0
109176,17,1665,664,0
109192,17,1485,225,0
109209,17,557,225,1
109242,33,1220,736,0
109259,17,802,326,0
109292,33,1254,821,0
109309,17,916,257,0
109326,17,993,162,0
109342,17,622,438,3
109375,33,1239,201,0
109425,50,539,323,4
109442,17,1237,53,0
109475,33,887,892,0
109542,67,1035,401,0
109642,100,942,336,0
109708,67,631,194,1
109741,33,1080,115,0
109808,67,1010,109,0
109825,17,618,317,0
109858,33,618,317,0
109874,17,1248,119,0
109991,116,1208,58,0
110008,17,1021,1,0
110024,17,1021,1,0
110041,17,449,399,2
110141,100,1213,372,0
110157,17,1213,372,0
110224,67,990,212,0
110240,17,1091,7,0
110274,33,910,56,0
110307,33,1262,60,0
110324,17,1038,2,0
110340,17,686,331,0
110357,17,686,331,0
110390,33,1016,90,0
110407,17,1390,231,0
110423,17,637,355,0
110473,50,1156,37,0
110490,17,940,115,0
110507,17,1037,410,0
110523,17,1081,379,0
110640,116,1147,476,0
110656,17,1147,476,0
110673,17,1147,476,0
110706,33,1017,251,0
110756,50,1033,235,0
110806,50,1102,282,0
110839,33,1102,282,0
110873,33,1102,282,0
110889,17,1064,419,0
110956,67,1064,419,0
110989,33,1064,419,0
111006,17,1042,43,0
111022,17,904,159,0
111056,33,904,159,0
111089,33,896,160,0
111105,17,1003,241,0
111155,50,608,414,2
111172,17,998,243,0
111205,33,951,211,0
111222,17,951,211,0
111288,67,980,160,0
111305,17,958,168,0
111322,17,1260,101,0
111338,17,1188,61,0
111355,17,1188,61,0
111372,17,979,193,0
111388,17,1200,111,0
111405,17,1074,211,0
111422,17,1031,216,0
111455,33,921,265,0
111521,67,987,161,0
111555,33,987,161,0
111571,17,1482,779,0
111588,17,1482,779,0
111654,67,1482,779,0
111671,17,829,415,3
111688,17,829,415,3
111721,33,829,415,3
111738,17,1001,157,0
111754,17,1001,157,0
111771,17,915,201,0
111788,17,586,261,0
111837,50,586,261,0
111921,83,928,6,0
111937,17,677,68,0
111954,17,1014,389,0
112054,100,931,74,0
112303,250,1051,194,0
112320,17,1051,194,0
112336,17,884,365,0
112386,50,884,365,0
112420,33,1814,791,0
112436,17,1134,42,0
112453,17,843,131,0
112470,17,1032,438,0
112486,17,1137,180,0
112519,33,1123,365,0
112569,50,1456,649,0
112636,67,1006,317,0
112653,17,903,173,0
112702,50,956,168,0
112752,50,1160,76,0
112786,33,1082,62,0
112852,67,1148,48,0
112869,17,1701,769,0
112935,67,1021,229,0
112969,33,860,153,0
112985,17,868,154,0
113002,17,1174,52,0
113068,67,908,126,0
113168,100,562,151,1
113235,67,562,151,1
113368,133,979,190,0
113468,100,885,208,0
113617,150,1712,800,0
113634,17,1712,800,0
113684,50,912,289,0
113701,17,958,465,3
113734,33,865,125,0
113750,17,865,125,0
113784,33,967,156,0
113884,100,860,178,0
113933,50,1122,1,0
113950,17,684,551,3
113967,17,881,432,3
114000,33,1020,41,0
114067,67,573,167,1
114116,50,973,208,0
114183,67,926,144,0
114250,67,1119,24,0
114283,33,947,217,0
114316,33,988,386,0
114366,50,1301,212,0
114449,83,984,434,3
114466,17,1843,754,0
114499,33,895,111,0
114516,17,925,124,0
114615,100,579,477,3
114665,50,879,163,0
114699,33,694,166,1
114715,17,773,501,3
114732,17,900,112,0
114749,17,1892,741,0
114898,150,1058,206,0
114948,50,1030,190,0
115048,100,1058,94,0
115065,17,918,323,0
115098,33,542,321,4
115131,33,1169,40,0
115181,50,960,231,0
115248,67,1575,813,0
115264,17,1461,769,0
115298,33,867,446,3
115314,17,986,147,0
115331,17,939,105,0
115447,116,916,113,0
115464,17,924,278,0
115481,17,1042,270,0
115547,67,1033,419,0
115580,33,885,514,3
115597,17,543,118,0
115647,50,838,508,3
115680,33,838,508,3
115697,17,838,508,3
115747,50,996,33,0
115763,17,1185,85,0
115797,33,1160,216,0
115813,17,555,569,3
115913,100,1802,770,0
116013,100,502,386,2
116029,17,1744,674,0
116046,17,1297,279,0
116163,116,472,526,3
116246,83,1026,98,0
116262,17,567,524,3
116362,100,883,153,0
116379,17,883,153,0
116395,17,962,108,0
116412,17,1138,17,0
116429,17,1011,118,0
116445,17,928,163,0
116462,17,934,88,0
116529,67,1160,39,0
116545,17,1858,719,0
116562,17,1858,719,0
116578,17,1219,62,0
116695,116,855,441,3
116712,17,855,441,3
116845,133,1028,414,0
117044,200,1716,701,0
117094,50,1823,717,0
117127,33,1116,37,0
117161,33,828,440,3
117177,17,1033,154,0
117194,17,1169,55,0
117211,17,1117,25,0
117277,67,1741,783,0
117294,17,1352,147,0
117344,50,1051,100,0
117377,33,1204,8,0
117410,33,1204,8,0
117493,83,1461,715,0
117543,50,1118,8,0
117593,50,1125,11,0
117610,17,567,422,3
117660,50,567,422,3
117726,67,926,48,0
117743,17,581,332,4
117893,150,1909,753,0
117926,33,605,435,3
117959,33,621,815,0
117992,33,640,437,3
118009,17,662,486,3
118059,50,1173,7,0
118076,17,1173,7,0
118092,17,986,69,0
118142,50,1226,29,0
118175,33,1187,26,0
118242,67,1097,193,0
118275,33,1097,193,0
118292,17,949,143,0
118325,33,945,130,0
118342,17,943,138,0
118358,17,546,551,3
118442,83,574,199,1
118458,17,1107,20,0
118708,250,1020,35,0
118724,17,639,130,0
118791,67,621,80,0
118957,166,623,278,0
119024,67,689,222,1
119057,33,635,175,1
119074,17,635,175,1
119090,17,1089,30,0
119223,133,350,374,2
119356,133,626,490,3
119456,100,516,303,4
119490,33,676,400,2
119506,17,676,400,2
119573,67,531,531,3
119639,67,1043,141,0
119673,33,1031,77,0
119806,133,944,329,0
119822,17,1045,331,0
119872,50,1141,56,0
120005,133,981,234,0
120039,33,964,137,0
120105,67,612,277,0
120122,17,612,277,0
120138,17,612,277,0
120271,133,278,95,0
120338,67,1142,985,0
120454,116,568,250,1
120504,50,891,101,0
120521,17,891,101,0
120538,17,890,116,0
120554,17,890,116,0
120671,116,345,314,0
120687,17,345,314,0
120754,67,893,625,3
120804,50,876,622,3
120854,50,611,470,3
120904,50,573,228,1
120937,33,744,324,0
121053,116,848,405,0
121070,17,348,227,1
121170,100,687,169,1
121220,50,976,85,0
121236,17,976,85,0
121270,33,585,413,2
121336,67,933,153,0
121353,17,933,153,0
121369,17,577,180,1
121469,100,812,275,0
121486,17,812,275,0
121519,33,588,170,1
121586,67,588,170,1
121619,33,588,170,1
121635,17,966,57,0
121669,33,575,120,0
121802,133,575,240,1
121818,17,167,590,3
121852,33,514,148,1
121885,33,807,466,3
121918,33,604,229,1
121952,33,588,272,0
121968,17,585,284,0
122068,100,990,445,3
122085,17,932,210,0
122184,100,923,341,0
122218,33,498,236,1
122301,83,621,120,0
122384,83,595,125,0
122434,50,612,243,1
122467,33,598,73,0
122534,67,539,240,1
122783,250,647,395,2
122800,17,538,186,1
122817,17,615,220,1
122833,17,588,45,0
122850,17,616,203,1
122983,133,1054,145,0
123049,67,1054,145,0
123083,33,578,255,1
123116,33,1178,915,0
123249,133,535,265,0
123332,83,545,217,1
123349,17,179,517,3
123366,17,833,432,3
123465,100,678,285,0
123499,33,646,223,1
123515,17,1122,0,0
123532,17,1122,0,0
123549,17,687,327,0
123565,17,680,319,0
123582,17,667,247,1
123598,17,574,33,0
123632,33,611,397,2
123648,17,611,397,2
123665,17,725,359,0
123698,33,721,357,0
123715,17,1274,94,0
123765,50,786,320,0
123865,100,1579,729,0
123914,50,1579,729,0
124014,100,953,266,0
124081,67,1197,8,0
124114,33,891,122,0
124147,33,656,481,3
124264,116,660,219,1
124280,17,665,239,1
124380,100,534,284,0
124397,17,672,69,0
124447,50,672,69,0
124463,17,664,181,1
124563,100,629,382,2
124646,83,630,260,0
124663,17,176,625,3
124730,67,611,177,1
124746,17,598,145,1
124813,67,599,101,0
124829,17,685,184,1
124846,17,629,230,1
124863,17,837,420,3
124913,50,513,1,0
124962,50,609,272,0
124979,17,572,118,0
125079,100,836,309,0
125112,33,511,237,1
125129,17,271,614,3
125162,33,554,187,1
125229,67,573,174,1
125245,17,636,221,1
125262,17,888,373,0
125279,17,592,219,1
125295,17,590,212,1
125345,50,590,212,1
125378,33,531,193,1
125445,67,545,200,1
125478,33,636,285,0
125528,50,1141,929,0
125595,67,342,721,3
125611,17,900,247,0
125645,33,137,522,3
125728,83,274,551,3
125811,83,573,146,1
125894,83,524,267,0
125977,83,1612,770,0
126010,33,330,46,0
126027,17,330,46,0
126110,83,286,8,0
126144,33,583,214,1
126177,33,1302,769,0
126310,133,551,135,1
126343,33,590,280,0
126376,33,951,392,0
126526,150,590,247,1
126593,67,589,281,0
126709,116,641,270,0
126726,17,634,233,1
126759,33,146,510,3
126809,50,146,510,3
126892,83,1132,938,0
126975,83,531,224,1
126992,17,614,305,0
127042,50,588,546,3
127075,33,540,185,1
127125,50,540,185,1
127192,67,540,185,1
127225,33,605,170,1
127241,17,605,170,1
127258,17,613,165,1
127291,33,627,266,0
127325,33,659,263,0
127458,133,648,449,3
127474,17,726,180,1
127491,17,726,180,1
127574,83,689,258,1
127591,17,608,456,3
127607,17,656,435,3
127641,33,698,73,0
127774,133,679,266,0
127790,17,606,259,1
127807,17,953,310,0
127824,17,572,372,2
127840,17,557,260,0
127857,17,909,230,0
127890,33,463,284,0
127924,33,631,603,3
127973,50,519,210,1
128023,50,1164,893,0
128073,50,1391,370,0
128107,33,854,423,3
128123,17,619,454,3
128156,33,650,224,1
128173,17,942,497,3
128206,33,607,386,2
128273,67,445,24,0
128289,17,1100,183,0
128323,33,1352,796,0
128356,33,592,313,4
128373,17,645,269,0
128406,33,495,156,1
128423,17,489,141,1
128572,150,671,248,1
128606,33,577,218,1
128622,17,827,363,0
128639,17,827,363,0
128739,100,676,239,1
128805,67,596,370,2
128822,17,971,319,0
128855,33,1002,268,0
128872,17,954,156,0
128888,17,1018,253,0
128905,17,1175,11,0
128988,83,1748,686,0
129005,17,338,32,0
129021,17,990,260,0
129055,33,514,135,1
129071,17,616,229,1
129088,17,599,315,4
129105,17,851,299,0
129204,100,522,238,1
129354,150,514,311,4
129404,50,463,253,1
129421,17,463,253,1
129520,100,602,422,3
129654,133,921,501,3
129670,17,569,348,4
129687,17,569,348,4
129720,33,300,12,0
129753,33,501,455,3
129770,17,273,425,3
129870,100,395,366,2
129886,17,933,14,0
129903,17,1053,227,0
129936,33,617,284,0
130003,67,617,258,1
130136,133,1037,73,0
130153,17,1005,340,0
130203,50,1005,340,0
130219,17,844,422,3
130236,17,1883,745,0
130286,50,985,554,3
130302,17,634,131,0
130352,50,400,550,3
130402,50,1331,481,0
130419,17,1887,758,0
130452,33,553,323,4
130519,67,471,188,1
130668,150,567,318,4
130735,67,611,316,4
130751,17,641,203,1
130768,17,498,346,4
130785,17,1150,769,0
130801,17,1336,769,0
130851,50,1482,711,0
130885,33,682,366,2
130901,17,1046,9,0
130918,17,560,98,0
130934,17,672,455,3
131084,150,1883,604,0
131134,50,518,252,1
131184,50,1777,663,0
131201,17,1675,714,0
131217,17,1363,795,0
131234,17,1046,255,0
131317,83,565,103,0
131334,17,487,304,4
131350,17,1292,91,0
131367,17,1292,91,0
131400,33,1854,794,0
131434,33,879,13,0
131450,17,879,13,0
131500,50,567,92,0
131533,33,1682,626,0
131600,67,1224,807,0
131633,33,741,506,3
131666,33,1125,746,0
131700,33,531,238,1
131750,50,619,233,1
131799,50,594,520,3
131833,33,547,302,4
132099,266,1418,930,0
132116,17,1017,11,0
132132,17,1348,767,0
132149,17,1282,730,0
132165,17,851,397,0
132182,17,552,351,4
132265,83,861,148,0
132315,50,1196,62,0
132332,17,1023,269,0
132365,33,989,341,0
132382,17,1011,270,0
132398,17,1018,322,0
132432,33,1323,771,0
132482,50,1010,21,0
132565,83,1078,267,0
132581,17,982,353,0
132598,17,1002,25,0
132615,17,1002,25,0
132648,33,1026,327,0
132665,17,606,299,4
132698,33,824,463,3
132714,17,1454,679,0
132731,17,644,327,0
132764,33,1039,261,0
132781,17,985,332,0
132798,17,985,332,0
132848,50,994,356,0
132881,33,988,336,0
132964,83,1019,353,0
133080,116,1034,357,0
133114,33,1017,316,0
133130,17,989,339,0
133164,33,615,392,2
133180,17,808,428,3
133263,83,820,451,3
133280,17,1261,700,0
133297,17,1020,343,0
133347,50,568,414,2
133380,33,319,192,1
133396,17,1410,543,0
133480,83,1013,298,0
133496,17,896,405,0
133530,33,896,405,0
133546,17,1226,760,0
133579,33,1052,287,0
133596,17,501,274,0
133613,17,607,296,4
133629,17,603,530,3
133762,133,568,78,0
133796,33,894,369,0
133829,33,1201,15,0
133896,67,632,186,1
133912,17,530,271,0
133945,33,1581,634,0
133979,33,1378,174,0
134045,67,1386,199,0
134145,100,1007,330,0
134178,33,1341,725,0
134212,33,580,132,0
134261,50,1072,251,0
134328,67,1308,97,0
134345,17,1310,788,0
134361,17,548,300,4
134478,116,925,361,0
134494,17,581,397,2
134528,33,737,221,0
134544,17,1288,89,0
134561,17,981,53,0
134611,50,938,47,0
134677,67,1224,704,0
134727,50,851,412,0
134794,67,880,660,3
134827,33,1298,125,0
134993,166,1015,555,3
135010,17,696,514,3
135043,33,595,397,2
135060,17,1066,305,0
135093,33,582,162,1
135110,17,535,248,1
135143,33,1009,337,0
135260,116,669,421,3
135276,17,593,297,4
135393,116,1061,80,0
135409,17,897,522,3
135426,17,477,235,1
135459,33,381,48,0
135526,67,691,189,1
135592,67,988,403,0
135626,33,884,335,0
135642,17,884,335,0
135675,33,984,382,0
135692,17,984,382,0
135725,33,896,156,0
135759,33,1745,790,0
135809,50,1301,819,0
135858,50,292,216,0
135908,50,1218,289,0
136108,200,1470,748,0
136125,17,1470,748,0
136141,17,1470,748,0
136175,33,1470,748,0
136274,100,504,329,4
136291,17,1003,336,0
136308,17,541,606,3
136324,17,1291,84,0
136357,33,1291,84,0
136374,17,570,332,4
136391,17,671,273,0
136474,83,697,435,3
136491,17,917,21,0
136507,17,642,193,1
136624,116,1362,659,0
136690,67,841,410,0
136723,33,1038,172,0
136773,50,513,357,4
136790,17,1388,783,0
136940,150,1404,521,0
137023,83,500,317,4
137040,17,1070,5,0
137056,17,1070,5,0
137139,83,930,174,0
137206,67,1880,767,0
137223,17,564,435,3
137256,33,613,321,0
137272,17,559,328,4
137322,50,1390,500,0
137372,50,1259,815,0
137389,17,1408,244,0
137439,50,1322,630,0
137455,17,1364,795,0
137472,17,1283,546,0
137489,17,943,388,0
137622,133,914,81,0
137638,17,499,274,0
137655,17,499,274,0
137705,50,938,413,3
137738,33,778,395,2
137821,83,1084,218,0
137838,17,604,337,4
137855,17,1409,767,0
137888,33,421,243,1
138137,250,1332,776,0
138154,17,1088,510,0
138187,33,1510,701,0
138221,33,1853,764,0
138271,50,1853,764,0
138287,17,1115,414,0
138337,50,1245,672,0
138354,17,580,307,4
138370,17,552,263,0
138404,33,778,110,0
138420,17,579,609,3
138437,17,1392,794,0
138454,17,512,360,4
138470,17,1475,452,0
138503,33,716,290,0
138520,17,1642,722,0
138537,17,1496,676,0
138570,33,1035,328,0
138587,17,581,572,3
138620,33,1351,735,0
138670,50,1281,650,0
138686,17,593,488,3
138703,17,568,611,3
138736,33,1218,737,0
138836,100,1295,733,0
138936,100,1747,808,0
138969,33,1149,379,0
139036,67,1128,346,0
139202,166,1128,346,0
139219,17,633,647,3
139319,100,539,624,3
139435,116,816,497,3
139468,33,1472,718,0
139585,116,1472,718,0
139601,17,458,316,4
139718,116,1242,745,0
139784,67,1100,901,0
139801,17,1258,943,0
139818,17,1258,943,0
139867,50,1258,943,0
139901,33,1247,944,0
139917,17,1313,948,0
139967,50,1752,553,0
140001,33,1320,953,0
140184,183,1262,919,0
140200,17,1854,877,0
140217,17,1110,932,0
140300,83,1301,961,0
140317,17,1315,971,0
140383,67,1526,917,0
140400,17,1300,937,0
140433,33,1378,939,0
140533,100,1152,993,0
140566,33,1365,970,0
140583,17,1357,968,0
140599,17,1414,953,0
140616,17,1373,963,0
140666,50,1049,905,0
140799,133,1277,928,0
140816,17,1277,928,0
140882,67,1336,911,0
140899,17,1773,907,0
140916,17,1319,898,0
140999,83,1522,877,0
141115,116,1179,933,0
141232,116,1830,889,0
141298,67,1309,707,0
141398,100,1404,952,0
141415,17,1519,938,0
141448,33,1244,903,0
141481,33,1210,829,0
141514,33,1410,947,0
141747,233,1422,914,0
141764,17,1267,912,0
141797,33,1209,939,0
141847,50,859,753,3
141864,17,1673,896,0
141897,33,1351,877,0
141930,33,1351,877,0
141997,67,1238,953,0
142013,17,1645,920,0
142030,17,1143,789,0
142080,50,1877,798,0
142230,150,790,657,3
142396,166,1248,963,0
142562,166,1359,974,0
142812,250,470,163,1
142829,17,1667,860,0
142945,116,658,461,3
143028,83,1223,858,0
143095,67,515,313,4
143128,33,1272,694,0
143195,67,519,337,4
143444,250,1011,938,0
143477,33,539,233,1
143511,33,1661,941,0
143544,33,1471,759,0
143594,50,1471,759,0
143677,83,1325,832,0
143743,67,867,186,0
143793,50,1500,237,0
143877,83,579,574,3
143943,67,559,635,3
143960,17,1443,623,0
143993,33,1419,742,0
144060,67,1419,742,0
144259,200,1419,742,0
144342,83,508,547,3
144359,17,488,275,0
144392,33,594,599,3
144425,33,1381,595,0
144542,116,636,439,3
144608,67,1245,822,0
144642,33,1245,822,0
144675,33,594,312,4
144742,67,1189,809,0
144758,17,1596,574,0
144775,17,1596,574,0
144858,83,1852,951,0
144875,17,1852,951,0
144908,33,1836,725,0
145008,100,1185,895,0
145074,67,544,11,0
145124,50,732,161,0
145224,100,732,161,0
145241,17,630,416,2
145257,17,1448,762,0
145274,17,1261,819,0
145291,17,1261,819,0
145324,33,498,278,0
145340,17,1354,683,0
145374,33,1434,669,0
145407,33,1053,253,0
145424,17,1255,774,0
145457,33,572,178,1
145507,50,716,65,0
145573,67,1268,927,0
145607,33,1178,0,0
145623,17,614,333,0
145656,33,916,353,0
145690,33,600,328,4
145706,17,590,365,2
145723,17,1265,700,0
145773,50,1354,940,0
145806,33,1286,81,0
145939,133,846,211,0
146039,100,536,389,2
146056,17,841,690,3
146072,17,1013,23,0
146106,33,932,423,3
146172,67,841,737,3
146222,50,1206,10,0
146339,116,772,375,2
146488,150,822,384,0
146588,100,822,384,0
146655,67,1907,678,0
146704,50,454,454,3
146738,33,1333,484,0
146754,17,548,287,0
146871,116,548,287,0
146921,50,1189,11,0
146954,33,822,501,3
146987,33,822,501,3
147037,50,1438,701,0
147054,17,513,176,1
147104,50,513,176,1
147170,67,1235,942,0
147204,33,477,304,4
147220,17,1036,388,0
147253,33,574,259,1
147270,17,578,147,1
147303,33,865,675,3
147370,67,654,141,1
147470,100,818,347,0
147486,17,835,415,3
147503,17,1001,344,0
147520,17,1045,384,0
147570,50,860,408,0
147603,33,966,405,0
147636,33,1267,776,0
147686,50,947,52,0
147719,33,721,108,0
147786,67,884,377,0
147852,67,600,187,1
147869,17,879,460,3
147886,17,530,191,1
147935,50,821,695,3
147952,17,944,40,0
148002,50,829,426,3
148069,67,739,250,0
148135,67,611,323,4
148268,133,811,388,0
148335,67,1275,763,0
148418,83,1265,769,0
148534,116,603,353,4
148601,67,1188,761,0
148618,17,1188,761,0
148634,17,984,227,0
148701,67,1277,553,0
148717,17,715,95,0
148751,33,1579,738,0
148767,17,1490,252,0
148801,33,547,398,2
148817,17,831,424,3
148850,33,1239,40,0
148867,17,1327,153,0
148900,33,779,180,0
148917,17,568,181,1
148950,33,1062,311,0
148983,33,1182,751,0
149000,17,833,70,0
149017,17,833,70,0
149033,17,1348,559,0
149050,17,713,131,0
149067,17,1308,739,0
149083,17,771,578,3
149133,50,590,483,3
149150,17,735,197,0
149166,17,983,294,0
149200,33,1051,6,0
149233,33,1030,253,0
149250,17,814,685,3
149283,33,1605,587,0
149300,17,617,200,1
149316,17,576,433,3
149349,33,585,439,3
149383,33,595,168,1
149399,17,749,258,0
149466,67,573,427,3
149483,17,534,484,3
149516,33,547,312,4
149532,17,951,340,0
149599,67,1075,136,0
149616,17,575,339,4
149632,17,910,343,0
149666,33,1037,306,0
149682,17,977,296,0
149765,83,564,396,2
149832,67,268,106,0
149932,100,1032,298,0
149948,17,1027,284,0
149965,17,1021,310,0
150098,133,1314,102,0
150281,183,671,421,3
150298,17,1030,310,0
150331,33,1029,287,0
150348,17,1016,313,0
150364,17,1020,305,0
150397,33,1049,290,0
150431,33,1602,669,0
150464,33,1282,85,0
150497,33,1021,288,0
150547,50,579,232,1
150597,50,588,439,3
150630,33,589,375,2
150697,67,641,305,0
150714,17,1010,278,0
150730,17,1031,274,0
150780,50,450,119,0
150897,116,596,377,2
151046,150,576,449,3
151063,17,576,449,3
151213,150,1241,1068,0
151246,33,307,219,0
151279,33,581,421,3
151346,67,602,233,1
151379,33,574,447,3
151412,33,1055,298,0
151462,50,507,495,3
151529,67,1100,128,0
151579,50,1111,87,0
151612,33,637,252,1
151628,17,592,428,3
151678,50,300,240,0
151778,100,310,183,0
151828,50,985,66,0
151895,67,589,345,4
151961,67,639,461,3
152028,67,856,372,0
152044,17,626,400,2
152094,50,591,416,2
152211,116,678,487,3
152227,17,591,317,4
152277,50,632,503,3
152410,133,1193,9,0
152460,50,589,529,3
152510,50,707,302,0
152527,17,770,361,0
152543,17,721,377,2
152560,17,968,73,0
152577,17,1411,271,0
152593,17,987,215,0
152610,17,979,200,0
152643,33,972,381,0
152710,67,612,776,0
152943,233,1070,183,0
153059,116,829,251,0
153126,67,1617,903,0
153176,50,692,379,2
153225,50,984,303,0
153242,17,618,239,1
153275,33,1046,122,0
153292,17,881,391,0
153359,67,775,196,0
153408,50,775,196,0
153708,299,850,470,3
153808,100,831,590,3
154323,516,555,448,3
154340,17,542,566,3
154373,33,528,633,3
154390,17,448,303,4
154423,33,571,590,3
154473,50,548,592,3
154506,33,483,595,3
154523,17,566,579,3
154556,33,494,631,3
154573,17,598,525,3
154639,67,632,637,3
154656,17,597,535,3
154673,17,563,560,3
154706,33,523,590,3
154723,17,549,618,3
154739,17,535,581,3
154756,17,619,521,3
154772,17,529,632,3
154789,17,572,546,3
154822,33,620,634,3
154856,33,537,582,3
154872,17,598,533,3
154889,17,525,678,3
154955,67,558,558,3
154972,17,600,526,3
155005,33,594,539,3
155022,17,805,300,0
155055,33,582,542,3
155072,17,588,560,3
155205,133,630,405,2
155255,50,1047,852,0
155305,50,498,411,2
155754,449,498,411,2
156087,333,671,449,3
156186,100,780,55,0
156236,50,827,252,0
156386,150,986,70,0
156419,33,986,70,0
156469,50,888,96,0
156486,17,888,96,0
156503,17,888,96,0
156552,50,909,152,0
156569,17,326,53,0
156619,50,326,53,0
156719,100,335,25,0
156769,50,935,165,0
156802,33,1349,457,0
156935,133,935,170,0
156968,33,1076,59,0
157068,100,1076,35,0
157085,17,818,434,3
157101,17,818,434,3
157118,17,881,259,0
157318,200,187,71,0
157384,67,818,323,0
157467,83,915,244,0
157484,17,1000,98,0
157534,50,942,141,0
157584,50,934,212,0
157600,17,934,212,0
157634,33,934,212,0
157700,67,936,211,0
157833,133,1094,25,0
157850,17,842,127,0
157917,67,324,75,0
158016,100,166,3,0
158033,17,1124,75,0
158100,67,1099,40,0
158133,33,1099,40,0
158299,166,1010,169,0
158382,83,988,211,0
158449,67,328,141,1
158482,33,1467,238,0
158615,133,761,24,0
158698,83,761,24,0
158782,83,169,2,0
158848,67,172,68,0
158881,33,952,57,0
158948,67,900,285,0
158965,17,1257,764,0
158998,33,1015,462,3
159181,183,1122,107,0
159264,83,1233,115,0
159397,133,145,98,0
159513,116,1170,132,0
159563,50,1009,179,0
159580,17,893,189,0
159647,67,183,72,0
159696,50,251,74,0
159730,33,961,211,0
159746,17,1122,118,0
159763,17,918,279,0
159813,50,844,354,0
159863,50,981,179,0
159879,17,824,513,3
159963,83,824,513,3
160013,50,885,115,0
160062,50,566,554,3
160196,133,765,10,0
160212,17,766,52,0
160229,17,700,132,0
160445,216,249,64,0
160462,17,1073,21,0
160478,17,1279,86,0
160545,67,568,515,3
160561,17,532,161,1
160611,50,532,161,1
160645,33,926,163,0
160728,83,1050,129,0
160761,33,194,109,0
160811,50,1097,71,0
160861,50,1087,172,0
160944,83,1087,172,0
161011,67,1432,1052,0
161061,50,1259,111,0
161077,17,1259,111,0
161110,33,907,202,0
161127,17,903,222,0
161227,100,335,82,0
161244,17,1915,717,0
161293,50,1915,717,0
161377,83,191,23,0
161460,83,776,79,0
161476,17,386,344,0
161493,17,768,16,0
161510,17,766,136,0
161526,17,776,105,0
161543,17,776,105,0
161560,17,787,93,0
161576,17,785,63,0
161593,17,777,78,0
161726,133,1232,118,0
161759,33,196,92,0
161809,50,977,101,0
162075,266,1126,138,0
162109,33,187,60,0
162125,17,954,251,0
162192,67,526,532,3
162208,17,166,40,0
162242,33,166,100,0
162275,33,172,54,0
162341,67,154,17,0
162358,17,1178,57,0
162391,33,166,44,0
162408,17,1016,140,0
162458,50,1144,148,0
162475,17,1099,79,0
162491,17,1187,50,0
162508,17,1078,175,0
162524,17,1781,805,0
162541,17,1102,67,0
162591,50,1836,777,0
162691,100,180,35,0
162807,116,925,142,0
162840,33,209,59,0
162974,133,784,90,0
163157,183,1073,213,0
163173,17,1073,213,0
163373,200,742,171,0
163456,83,711,191,1
163473,17,711,191,1
163572,100,252,28,0
163589,17,780,371,2
163639,50,751,212,0
163739,100,805,94,0
163905,166,805,94,0
163938,33,777,84,0
164005,67,134,25,0
164038,33,134,25,0
164138,100,1023,133,0
164155,17,1186,121,0
164171,17,209,60,0
164238,67,1017,197,0
164254,17,1003,54,0
164288,33,262,240,0
164371,83,174,27,0
164437,67,174,27,0
164454,17,1247,88,0
164471,17,1247,88,0
164487,17,1247,88,0
164521,33,289,143,0
164554,33,1087,115,0
164587,33,982,241,0
164620,33,253,49,0
164637,17,1038,145,0
164670,33,1004,132,0
164704,33,176,10,0
164737,33,793,102,0
164770,33,987,183,0
164920,150,1157,98,0
164953,33,853,229,0
164970,17,740,503,3
165020,50,266,226,0
165053,33,965,115,0
165119,67,982,125,0
165136,17,968,150,0
165169,33,1086,84,0
165203,33,282,75,0
165236,33,1149,126,0
165253,17,1180,112,0
165452,200,283,89,0
165519,67,1256,76,0
165552,33,1342,185,0
165718,166,203,80,0
165735,17,203,80,0
165785,50,1182,43,0
166084,299,1847,738,0
166118,33,1847,738,0
166134,17,910,411,0
166168,33,1742,390,0
166184,17,1097,62,0
166201,17,1095,48,0
166267,67,1015,122,0
166284,17,1231,144,0
166317,33,1231,144,0
166367,50,1231,144,0
166434,67,1231,144,0
166467,33,1153,111,0
166517,50,1085,60,0
166567,50,985,179,0
166600,33,965,80,0
166617,17,1280,220,0
166633,17,1280,220,0
166667,33,711,562,3
166683,17,711,562,3
166800,116,711,562,3
166850,50,781,414,2
166949,100,1069,102,0
166983,33,284,99,0
166999,17,898,164,0
167049,50,1078,35,0
167066,17,1078,35,0
167082,17,922,468,3
167166,83,922,468,3
167232,67,964,75,0
167265,33,964,75,0
167332,67,947,218,0
167382,50,1086,99,0
167398,17,1086,99,0
167532,133,877,199,0
167548,17,1794,698,0
167598,50,1395,224,0
167615,17,1199,318,0
167648,33,1538,494,0
167665,17,1690,708,0
167715,50,917,152,0
167731,17,1386,235,0
167748,17,1016,401,0
167764,17,1044,124,0
167814,50,677,451,3
167831,17,899,224,0
167864,33,1023,89,0
167881,17,1302,270,0
167947,67,1279,76,0
167981,33,970,94,0
167997,17,997,134,0
168014,17,953,227,0
168031,17,953,227,0
168081,50,1037,86,0
168114,33,1037,86,0
168180,67,1032,67,0
168197,17,1672,779,0
168230,33,929,63,0
168280,50,1062,22,0
168347,67,1062,22,0
168363,17,1062,22,0
168380,17,1148,91,0
168430,50,1841,760,0
168513,83,1281,386,0
168546,33,1171,507,0
168663,116,1171,507,0
168696,33,1171,507,0
168729,33,1142,78,0
168812,83,1393,276,0
168829,17,1671,788,0
168846,17,902,134,0
168879,33,902,134,0
168929,50,925,307,0
169162,233,951,129,0
169178,17,1040,8,0
169195,17,1040,8,0
169212,17,1141,110,0
169278,67,927,45,0
169411,133,908,444,3
169495,83,1876,711,0
169528,33,1098,40,0
169544,17,1173,137,0
169578,33,1173,137,0
169661,83,373,358,0
169678,17,373,358,0
169694,17,779,74,0
169744,50,798,73,0
169811,67,798,73,0
169860,50,999,20,0
169877,17,1065,337,0
169894,17,1266,367,0
169910,17,1797,706,0
169944,33,1797,706,0
169977,33,858,283,0
169994,17,1681,777,0
170093,100,1051,157,0
170210,116,1051,157,0
170293,83,1137,130,0
170409,116,1137,130,0
170443,33,1137,130,0
170493,50,1082,95,0
170509,17,1035,446,0
170526,17,1155,78,0
170559,33,1780,801,0
170642,83,1138,48,0
170742,100,785,119,0
170775,33,1446,203,0
170792,17,1614,770,0
170809,17,1614,770,0
170992,183,1816,766,0
171058,67,1816,766,0
171075,17,1410,265,0
171108,33,1043,262,0
171141,33,1018,142,0
171158,17,1805,686,0
171175,17,1809,779,0
171191,17,1809,779,0
171274,83,1809,779,0
171341,67,1809,779,0
171358,17,1152,432,0
171391,33,1242,463,0
171408,17,1242,463,0
171424,17,1089,25,0
171557,133,1082,225,0
171574,17,1376,433,0
171607,33,1376,433,0
171707,100,1345,343,0
171724,17,1606,823,0
171823,100,1085,19,0
171923,100,1100,6,0
171940,17,1835,755,0
171957,17,1835,755,0
172123,166,1060,5,0
172173,50,1125,0,0
172189,17,1125,0,0
172206,17,912,246,0
172223,17,1178,11,0
172239,17,967,156,0
172256,17,975,175,0
172273,17,1054,85,0
172322,50,1022,89,0
172356,33,689,470,3
172372,17,785,708,3
172389,17,1253,353,0
172472,83,1115,402,0
172489,17,1103,41,0
172555,67,1103,41,0
172572,17,1103,41,0
172655,83,1103,41,0
172688,33,1171,161,0
172772,83,1809,710,0
172838,67,1809,710,0
172888,50,1064,63,0
172905,17,1064,63,0
172938,33,1064,63,0
172955,17,989,106,0
173021,67,901,0,0
173088,67,901,0,0
173154,67,1128,399,0
173221,67,853,209,0
173254,33,710,455,3
173287,33,710,455,3
173321,33,1153,5,0
173354,33,969,376,0
173370,17,969,376,0
173437,67,1047,128,0
173470,33,1121,34,0
173487,17,835,595,3
173504,17,1790,700,0
173520,17,1790,700,0
173603,83,1790,700,0
173620,17,1790,700,0
173653,33,1790,700,0
173753,100,1790,700,0
173820,67,1790,700,0
173853,33,1381,902,0
173870,17,1381,902,0
173919,50,412,333,0
174019,100,412,333,0
174102,83,412,333,0
174119,17,412,333,0
174186,67,412,333,0
174219,33,412,333,0
174269,50,412,333,0
174285,17,412,333,0
174335,50,412,333,0
174369,33,412,333,0
174418,50,412,333,0
174468,50,412,333,0
174502,33,412,333,0
174518,17,412,333,0
174552,33,412,333,0
174601,50,743,555,3
174668,67,768,556,3
174718,50,617,486,3
174751,33,1156,549,0
174768,17,1660,941,0
174818,50,1861,915,0
174851,33,820,613,3
175051,200,288,14,0
175067,17,288,14,0
175084,17,288,14,0
175217,133,891,17,0
175483,266,322,348,0
175600,116,811,630,3
175633,33,811,630,3
175749,116,811,630,3
175866,116,883,832,0
176015,150,417,284,0
176115,100,1835,834,0
176265,150,689,531,3
176298,33,1782,900,0
176315,17,628,614,3
176365,50,829,50,0
176431,67,1796,956,0
176498,67,661,601,3
176515,17,336,516,3
176564,50,690,224,1
176581,17,527,393,2
176598,17,1469,1052,0
176631,33,625,288,0
176697,67,762,822,0
176714,17,690,315,0
176831,116,590,857,0
176864,33,647,711,3
176897,33,648,556,3
176947,50,303,190,0
176964,17,1624,973,0
177014,50,629,615,3
177113,100,652,568,3
177130,17,652,568,3
177213,83,1633,1005,0
177230,17,636,514,3
177246,17,353,294,0
177280,33,1541,996,0
177296,17,775,748,3
177330,33,775,748,3
177363,33,578,848,0
177380,17,720,290,0
177396,17,721,268,0
177446,50,875,424,3
177513,67,875,424,3
177679,166,875,424,3
177795,116,875,424,3
178078,283,368,589,3
178111,33,368,589,3
178311,200,634,659,3
178328,17,634,659,3
178461,133,634,659,3
178494,33,634,659,3
178677,183,1278,895,0
178694,17,653,426,3
178727,33,653,426,3
178843,116,622,531,3
178877,33,1549,1018,0
178960,83,1310,691,0
179110,150,975,623,3
179143,33,604,597,3
179159,17,1012,363,0
179176,17,1012,363,0
179193,17,1012,363,0
179259,67,642,500,3
179276,17,513,25,0
179309,33,745,444,3
179359,50,1467,1041,0
179392,33,1154,926,0
179409,17,1154,926,0
179426,17,1499,647,0
179476,50,1499,647,0
179692,216,715,358,0
179725,33,715,358,0
179792,67,602,536,3
179825,33,1200,1030,0
179842,17,1262,1025,0
179875,33,1262,1025,0
179891,17,1201,924,0
179925,33,1103,868,0
179941,17,1511,886,0
179975,33,1511,886,0
180025,50,1267,863,0
180141,116,448,114,0
180174,33,448,114,0
180191,17,577,497,3
180257,67,1397,869,0
180490,233,623,426,3
180507,17,623,426,3
180707,200,671,534,3
180923,216,1409,1006,0
180973,50,602,545,3
181189,216,841,386,0
181222,33,659,476,3
181455,233,1289,387,0
181588,133,1380,555,0
181655,67,1141,898,0
181671,17,1614,941,0
181738,67,1735,906,0
181755,17,1330,954,0
181771,17,1364,1034,0
181788,17,1364,1034,0
181838,50,1096,880,0
181938,100,468,142,1
182087,150,1409,1022,0
182669,582,869,637,3
182886,216,1121,909,0
182936,50,938,801,0
183169,233,681,491,3
183185,17,572,170,1
183202,17,596,16,0
183385,183,504,110,0
183485,100,441,192,1
183568,83,1380,998,0
183584,17,1436,985,0
183601,17,501,162,1
183784,183,1123,111,0
183884,100,794,240,0
184100,216,433,303,4
184133,33,1505,1075,0
184300,166,625,513,3
184400,100,761,506,3
184433,33,1257,1055,0
184549,116,563,26,0
185115,566,1463,1004,0
185131,17,516,81,0
185265,133,495,39,0
185448,183,1123,43,0
185514,67,1345,1003,0
185531,17,1909,930,0
185547,17,587,531,3
185597,50,776,392,2
185714,116,874,203,0
185747,33,594,46,0
185797,50,635,499,3
185847,50,927,192,0
185980,133,632,166,1
185996,17,685,640,3
186080,83,516,244,1
186113,33,516,244,1
186130,17,516,244,1
186146,17,516,244,1
186179,33,516,244,1
186213,33,516,244,1
186246,33,516,244,1
186263,17,516,244,1
186279,17,516,244,1
186296,17,516,244,1
186313,17,516,244,1
186329,17,516,244,1
186346,17,516,244,1
186362,17,516,244,1
186379,17,516,244,1
186396,17,516,244,1
186412,17,516,244,1
186429,17,516,244,1
186462,33,516,244,1
186479,17,516,244,1
186496,17,516,244,1
186512,17,516,244,1
186529,17,516,244,1
186545,17,516,244,1
186562,17,516,244,1
186579,17,516,244,1
186595,17,516,244,1
186612,17,516,244,1
186629,17,516,244,1
186662,33,516,244,1
186679,17,516,244,1
186695,17,516,244,1
186712,17,516,244,1
186762,50,516,244,1
186778,17,516,244,1
186828,50,516,244,1
186845,17,516,244,1
186895,50,516,244,1
186911,17,516,244,1
186945,33,516,244,1
186961,17,516,244,1
186978,17,516,244,1
187011,33,516,244,1
187061,50,516,244,1
187078,17,516,244,1
187094,17,516,244,1
187161,67,516,244,1
187178,17,516,244,1
187194,17,516,244,1
187244,50,516,244,1
187261,17,516,244,1
187277,17,516,244,1
187294,17,516,244,1
187311,17,1077,188,0
187344,33,875,297,0
187361,17,911,284,0
187444,83,911,284,0
187477,33,837,316,0
187510,33,1314,104,0
187560,50,568,314,4
187593,33,1069,220,0
187610,17,1069,220,0
187627,17,1069,220,0
187710,83,1069,220,0
187727,17,1069,220,0
187760,33,1069,220,0
187776,17,1069,220,0
187793,17,1069,220,0
187826,33,1069,220,0
187843,17,1069,220,0
187876,33,1069,220,0
187893,17,1069,220,0
187943,50,1069,220,0
187959,17,1069,220,0
187993,33,1069,220,0
188009,17,1069,220,0
188059,50,1069,220,0
188092,33,1069,220,0
188109,17,1069,220,0
188142,33,606,597,3
188176,33,606,597,3
188192,17,606,597,3
188226,33,606,597,3
188259,33,606,597,3
188359,100,606,597,3
188375,17,606,597,3
188392,17,606,597,3
188442,50,606,597,3
188458,17,606,597,3
188475,17,606,597,3
188508,33,606,597,3
188542,33,606,597,3
188575,33,1198,234,0
188675,100,894,226,0
188708,33,894,226,0
188725,17,894,226,0
188791,67,894,226,0
188808,17,894,226,0
188841,33,894,226,0
188858,17,894,226,0
188891,33,894,226,0
188924,33,894,226,0
188941,17,894,226,0
188974,33,1452,239,0
188991,17,1452,239,0
189007,17,1741,735,0
189041,33,1741,735,0
189057,17,1741,735,0
189074,17,1741,735,0
189107,33,1741,735,0
189124,17,1741,735,0
189157,33,1741,735,0
189174,17,1741,735,0
189224,50,1741,735,0
189240,17,1741,735,0
189257,17,1343,253,0
189290,33,1343,253,0
189307,17,1343,253,0
189323,17,1343,253,0
189373,50,1343,253,0
189390,17,1343,253,0
189423,33,1343,253,0
189440,17,1281,193,0
189540,100,816,271,0
189590,50,1556,756,0
189640,50,867,278,0
189673,33,867,278,0
189689,17,867,278,0
189739,50,867,278,0
189756,17,867,278,0
189773,17,867,278,0
189806,33,1324,512,0
189839,33,1324,512,0
189856,17,1324,512,0
189872,17,1324,512,0
189889,17,1324,512,0
189922,33,1324,512,0
189939,17,1324,512,0
190006,67,880,248,0
190039,33,880,248,0
190055,17,880,248,0
190089,33,880,248,0
190105,17,880,248,0
190139,33,880,248,0
190155,17,880,248,0
190205,50,880,248,0
190222,17,880,248,0
190288,67,880,248,0
190338,50,880,248,0
190355,17,880,248,0
190388,33,924,249,0
190455,67,924,249,0
190471,17,924,249,0
190554,83,924,249,0
190604,50,924,249,0
190654,50,924,249,0
190721,67,924,249,0
190771,50,924,249,0
190787,17,924,249,0
190854,67,924,249,0
190871,17,924,249,0
190887,17,924,249,0
190904,17,924,249,0
190987,83,924,249,0
191004,17,924,249,0
191020,17,924,249,0
191170,150,893,242,0
191203,33,1067,109,0
191220,17,847,197,0
191237,17,1053,153,0
191253,17,824,268,0
191270,17,917,214,0
191286,17,917,214,0
191303,17,917,214,0
191336,33,672,433,3
191353,17,672,433,3
191403,50,923,282,0
191469,67,1394,730,0
191503,33,892,284,0
191569,67,839,202,0
191619,50,862,258,0
191686,67,1017,404,0
191702,17,696,555,3
191719,17,721,441,3
191736,17,853,273,0
191752,17,1031,442,0
191785,33,1863,525,0
191802,17,854,268,0
191819,17,1049,120,0
191835,17,1025,452,0
191869,33,1026,436,0
191885,17,631,442,3
192002,116,631,442,3
192018,17,631,442,3
192035,17,631,442,3
192052,17,631,442,3
192068,17,1065,135,0
192085,17,906,219,0
192102,17,454,10,0
192118,17,813,751,3
192135,17,1569,668,0
192185,50,790,502,3
192218,33,1030,61,0
192251,33,857,158,0
192268,17,621,716,3
192301,33,580,92,0
192334,33,951,155,0
192351,17,1063,163,0
192368,17,1063,163,0
192401,33,1381,152,0
192418,17,671,438,3
192434,17,1325,116,0
192468,33,890,266,0
192484,17,1247,147,0
192501,17,862,290,0
192517,17,585,306,4
192534,17,1097,165,0
192551,17,1000,106,0
192584,33,644,470,3
192601,17,1030,42,0
192617,17,591,150,1
192667,50,882,229,0
192684,17,1068,66,0
192700,17,884,212,0
192717,17,739,373,2
192734,17,1043,39,0
192784,50,1043,39,0
192817,33,1043,39,0
192833,17,1182,32,0
192867,33,1112,82,0
192883,17,1112,82,0
192900,17,1112,82,0
192933,33,1112,82,0
193000,67,830,438,3
193050,50,661,272,0
193100,50,533,347,4
193166,67,848,259,0
193233,67,897,280,0
193283,50,761,311,0
193299,17,916,254,0
193333,33,960,179,0
193366,33,870,214,0
193382,17,1496,231,0
193416,33,874,250,0
193449,33,874,250,0
193482,33,874,250,0
193532,50,874,250,0
193549,17,874,250,0
193565,17,1253,380,0
193599,33,1500,751,0
193615,17,859,202,0
193632,17,601,161,1
193649,17,1097,27,0
193699,50,1201,416,0
193715,17,666,420,3
193748,33,797,471,3
193765,17,993,118,0
193782,17,917,190,0
193798,17,710,543,3
193815,17,739,533,3
193832,17,690,386,2
193865,33,840,195,0
193881,17,1389,673,0
193898,17,748,620,3
193915,17,1427,255,0
193948,33,1546,282,0
193998,50,828,421,3
194098,100,1049,103,0
194114,17,1296,797,0
194281,166,1030,126,0
194314,33,717,546,3
194331,17,1337,176,0
194347,17,911,166,0
194364,17,801,615,3
194381,17,919,168,0
194397,17,1183,929,0
194414,17,1126,75,0
194430,17,1873,675,0
194447,17,1887,687,0
194480,33,884,212,0
194497,17,884,212,0
194547,50,1099,74,0
194564,17,1343,427,0
194597,33,1383,154,0
194613,17,684,404,2
194647,33,675,496,3
194663,17,757,648,3
194697,33,1022,53,0
194713,17,791,513,3
194730,17,846,231,0
194747,17,714,518,3
194763,17,865,225,0
194780,17,759,508,3
194796,17,1038,72,0
194813,17,845,195,0
194830,17,882,217,0
194846,17,1755,654,0
194863,17,1453,210,0
194880,17,714,403,2
194913,33,525,386,2
194930,17,717,506,3
194946,17,873,139,0
195013,67,292,819,0
195046,33,292,819,0
195063,17,292,819,0
195079,17,1451,483,0
195096,17,672,842,0
195146,50,515,808,0
195246,100,515,808,0
195262,17,515,808,0
195295,33,543,804,0
195345,50,543,804,0
195395,50,543,804,0
195412,17,846,41,0
195429,17,1051,395,0
195462,33,717,410,2
195478,17,977,80,0
195495,17,1028,97,0
195512,17,859,236,0
195528,17,847,268,0
195562,33,1056,360,0
195612,50,893,275,0
195645,33,695,416,2
195695,50,844,257,0
195711,17,745,400,2
195728,17,656,435,3
195745,17,704,424,3
195761,17,870,270,0
195811,50,886,293,0
195828,17,678,424,3
195878,50,1121,362,0
195911,33,1121,362,0
195928,17,1121,362,0
195944,17,1121,362,0
195961,17,633,715,3
195978,17,635,730,3
195994,17,590,406,2
196027,33,1393,161,0
196044,17,1486,699,0
196061,17,1292,423,0
196077,17,1699,682,0
196127,50,780,510,3
196160,33,1367,721,0
196194,33,1069,67,0
196227,33,843,202,0
196244,17,1201,480,0
196260,17,1253,934,0
196294,33,845,218,0
196310,17,1691,713,0
196327,17,741,551,3
196360,33,763,518,3
196377,17,1308,174,0
196393,17,709,634,3
196410,17,833,410,0
196510,100,1435,197,0
196526,17,1338,197,0
196543,17,1078,398,0
196560,17,1130,323,0
196726,166,1704,700,0
196826,100,1002,6,0
196843,17,873,137,0
196876,33,928,106,0
196892,17,1350,751,0
196942,50,1104,534,0
196992,50,1173,375,0
197026,33,931,129,0
197059,33,959,102,0
197075,17,1599,643,0
197092,17,1444,668,0
197109,17,638,421,3
197125,17,1396,165,0
197142,17,918,192,0
197159,17,1317,249,0
197209,50,1615,719,0
197225,17,960,2,0
197258,33,1401,213,0
197275,17,1362,235,0
197292,17,1429,314,0
197308,17,1430,308,0
197325,17,721,528,3
197375,50,701,37,0
197408,33,1083,42,0
197425,17,1373,154,0
197441,17,751,544,3
197458,17,1151,446,0
197491,33,630,532,3
197574,83,697,435,3
197591,17,1141,138,0
197608,17,1032,458,0
197641,33,1358,143,0
197674,33,689,346,0
197724,50,689,346,0
197741,17,689,346,0
197757,17,689,346,0
197774,17,689,346,0
197824,50,1023,150,0
197841,17,852,284,0
197990,150,1464,419,0
198024,33,735,494,3
198040,17,1211,434,0
198090,50,1071,110,0
198140,50,1071,110,0
198157,17,1071,110,0
198207,50,1071,110,0
198223,17,1071,110,0
198240,17,1071,110,0
198257,17,1402,195,0
198273,17,1034,70,0
198306,33,845,211,0
198356,50,1320,299,0
198373,17,891,225,0
198390,17,886,228,0
198406,17,862,263,0
198456,50,862,263,0
198489,33,671,421,3
198506,17,1037,98,0
198523,17,721,667,3
198539,17,1264,424,0
198573,33,698,455,3
198606,33,846,257,0
198689,83,1000,443,3
198706,17,936,173,0
198739,33,685,512,3
198772,33,996,155,0
198789,17,706,266,0
198805,17,1111,74,0
198822,17,1050,217,0
198839,17,1050,217,0
198872,33,1050,217,0
198905,33,1383,155,0
198939,33,953,481,3
198955,17,1472,312,0
199022,67,688,238,1
199188,166,791,496,3
199205,17,1047,105,0
199221,17,674,434,3
199271,50,1371,478,0
199288,17,1185,377,0
199305,17,784,661,3
199321,17,1082,131,0
199338,17,1668,760,0
199354,17,995,67,0
199371,17,999,79,0
199421,50,1097,480,0
199438,17,1319,105,0
199471,33,615,695,3
199504,33,1006,373,0
199537,33,1022,170,0
199554,17,895,439,3
199571,17,895,439,3
199587,17,895,439,3
199621,33,882,147,0
199637,17,1378,157,0
199654,17,1387,184,0
199670,17,875,165,0
199687,17,1147,46,0
199704,17,524,382,2
199720,17,1091,23,0
199737,17,828,404,0
199754,17,961,339,0
199770,17,1355,141,0
199804,33,1060,55,0
199820,17,1190,334,0
199887,67,1335,121,0
199903,17,1314,199,0
199937,33,826,401,0
199953,17,1134,405,0
199987,33,1511,689,0
200003,17,1269,144,0
200036,33,1269,144,0
200053,17,1269,144,0
200070,17,1269,144,0
200086,17,716,494,3
200120,33,1410,181,0
200153,33,1213,295,0
200203,50,877,101,0
200219,17,807,571,3
200236,17,961,120,0
200269,33,1254,162,0
200286,17,1321,123,0
200303,17,1379,160,0
200319,17,636,731,3
200336,17,706,490,3
200353,17,963,156,0
200402,50,824,225,0
200419,17,825,223,0
200502,83,1049,496,0
200519,17,1193,417,0
200552,33,1032,115,0
200569,17,631,436,3
200585,17,1388,164,0
200602,17,1416,370,0
200619,17,1314,105,0
200635,17,1383,173,0
200685,50,833,409,0
200702,17,1078,289,0
200752,50,1404,169,0
200768,17,1361,145,0
200785,17,1368,149,0
200802,17,1425,523,0
200818,17,1383,168,0
200835,17,1326,115,0
200868,33,655,424,3
200918,50,655,424,3
200935,17,655,424,3
200951,17,655,424,3
200968,17,754,667,3
201001,33,1089,186,0
201018,17,1056,45,0
201035,17,704,325,0
201051,17,678,499,3
201068,17,1445,235,0
201084,17,707,496,3
201101,17,707,496,3
201118,17,707,496,3
201151,33,707,496,3
201168,17,849,641,3
201184,17,776,639,3
201201,17,1037,65,0
201218,17,1354,156,0
201234,17,1354,156,0
201251,17,1354,156,0
201267,17,1354,156,0
201301,33,1046,126,0
201317,17,650,695,3
201334,17,650,695,3
201351,17,650,695,3
201367,17,650,695,3
201384,17,650,695,3
201401,17,1287,92,0
201484,83,1019,216,0
201500,17,826,427,3
201517,17,1224,429,0
201550,33,791,558,3
201733,183,791,558,3
201750,17,791,558,3
201767,17,791,558,3
201783,17,1329,401,0
201833,50,1329,401,0
201850,17,1329,401,0
201900,50,1329,401,0
201933,33,711,471,3
201949,17,1068,44,0
202016,67,1065,25,0
202033,17,655,713,3
202049,17,1056,164,0
202066,17,1276,83,0
202132,67,1130,496,0
202149,17,1130,496,0
202166,17,1130,496,0
202182,17,1402,281,0
202199,17,1062,67,0
202216,17,1062,67,0
202266,50,1357,157,0
202282,17,1083,44,0
202299,17,1019,105,0
202315,17,767,603,3
202365,50,1277,209,0
202382,17,769,392,2
202432,50,684,524,3
202465,33,542,397,2
202498,33,552,228,1
202515,17,1204,665,0
202532,17,659,500,3
202615,83,633,427,3
202632,17,588,503,3
202648,17,500,217,1
202665,17,500,217,1
202698,33,500,217,1
202715,17,500,217,1
202748,33,500,217,1
202781,33,500,217,1
202798,17,500,217,1
202815,17,694,565,3
202848,33,1180,455,0
202898,50,468,121,0
203031,133,1138,736,0
203047,17,525,193,1
203064,17,1475,220,0
203114,50,1554,267,0
203131,17,170,502,3
203147,17,1237,755,0
203214,67,682,425,3
203280,67,1149,753,0
203297,17,786,425,3
203330,33,1251,746,0
203363,33,768,428,3
203447,83,771,418,3
203463,17,949,366,0
203513,50,829,468,3
203546,33,1362,337,0
203580,33,1144,748,0
203613,33,1152,720,0
203630,17,528,371,2
203663,33,904,585,3
203696,33,686,413,2
203713,17,702,395,2
203729,17,707,443,3
203746,17,773,402,2
203763,17,685,416,2
203779,17,666,447,3
203813,33,767,478,3
203829,17,433,345,4
