Time (ms),Timegap (ms),Gaze X,Gaze Y,AOI
0,0,422,906,0
17,17,423,936,0
33,17,425,949,0
50,17,426,925,0
67,17,425,950,0
83,17,426,904,0
100,17,409,1058,0
116,17,366,1032,0
133,17,427,926,0
150,17,395,1016,0
166,17,426,923,0
183,17,424,951,0
200,17,423,929,0
216,17,421,959,0
233,17,424,923,0
250,17,421,875,0
266,17,359,992,0
283,17,422,948,0
299,17,432,901,0
316,17,425,925,0
333,17,433,914,0
349,17,327,954,0
366,17,428,879,0
383,17,411,1031,0
399,17,431,944,0
416,17,429,940,0
433,17,411,1061,0
449,17,427,888,0
466,17,432,914,0
482,17,430,924,0
499,17,427,923,0
516,17,427,925,0
532,17,429,905,0
549,17,433,933,0
566,17,426,893,0
582,17,427,896,0
599,17,432,950,0
615,17,429,925,0
632,17,432,929,0
649,17,423,935,0
665,17,374,967,0
682,17,432,902,0
699,17,409,937,0
715,17,420,937,0
732,17,425,945,0
749,17,418,946,0
765,17,420,958,0
782,17,425,946,0
798,17,425,947,0
815,17,424,912,0
832,17,384,1040,0
848,17,416,939,0
865,17,422,945,0
882,17,431,924,0
898,17,427,910,0
915,17,417,953,0
932,17,431,925,0
948,17,372,1024,0
965,17,427,911,0
981,17,417,937,0
998,17,426,930,0
1015,17,375,1058,0
1031,17,422,955,0
1048,17,418,952,0
1065,17,341,990,0
1081,17,422,920,0
1098,17,427,929,0
1115,17,425,908,0
1131,17,394,941,0
1148,17,403,900,0
1164,17,398,926,0
1181,17,403,925,0
1198,17,401,908,0
1214,17,401,933,0
1231,17,333,985,0
1248,17,406,943,0
1264,17,397,932,0
1281,17,397,929,0
1298,17,356,1065,0
1314,17,368,1069,0
1331,17,402,940,0
1347,17,306,950,0
1381,33,339,968,0
1397,17,349,973,0
1414,17,437,842,0
1431,17,531,765,3
1447,17,541,530,3
1464,17,546,455,3
1481,17,548,501,3
1497,17,551,515,3
1514,17,557,515,3
1530,17,555,503,3
1547,17,553,501,3
1564,17,555,504,3
1580,17,566,498,3
1597,17,551,500,3
1614,17,583,398,2
1630,17,583,388,2
1647,17,572,392,2
1664,17,578,381,2
1680,17,600,383,2
1697,17,575,386,2
1713,17,584,375,2
1730,17,593,364,4
1747,17,590,375,2
1763,17,591,367,2
1780,17,617,347,0
1797,17,619,351,0
1813,17,619,351,0
1830,17,622,325,0
1846,17,618,376,2
1863,17,623,352,0
1880,17,610,377,2
1896,17,611,364,4
1913,17,617,359,0
1930,17,617,345,0
1946,17,621,302,0
1963,17,624,341,0
1980,17,626,424,3
2113,133,668,620,3
2129,17,642,532,3
2146,17,625,394,2
2163,17,629,291,0
2179,17,631,234,1
2196,17,444,444,3
2212,17,633,278,0
2229,17,638,330,0
2246,17,628,317,0
2262,17,630,328,0
2279,17,622,330,0
2296,17,635,331,0
2312,17,630,321,0
2329,17,633,342,0
2346,17,627,334,0
2362,17,629,327,0
2379,17,619,336,0
2395,17,571,358,4
2412,17,563,372,2
2429,17,559,360,4
2445,17,563,359,4
2462,17,556,366,2
2479,17,561,364,4
2495,17,563,351,4
2512,17,558,369,2
2529,17,560,358,4
2545,17,559,368,2
2562,17,555,371,2
2578,17,556,373,2
2595,17,553,358,4
2612,17,561,362,4
2628,17,555,348,4
2645,17,560,372,2
2662,17,555,368,2
2678,17,563,367,2
2695,17,558,406,2
2712,17,541,604,3
2728,17,508,881,0
2745,17,407,990,0
2761,17,507,1004,0
2778,17,514,1004,0
2795,17,500,1010,0
2811,17,492,1013,0
2828,17,511,1017,0
2845,17,518,1012,0
2861,17,505,1018,0
2878,17,494,1007,0
2894,17,494,1017,0
2911,17,503,1014,0
2928,17,502,1006,0
2944,17,392,976,0
2961,17,429,1022,0
2978,17,353,921,0
2994,17,429,941,0
3011,17,420,941,0
3028,17,402,1020,0
3044,17,378,1010,0
3061,17,426,935,0
3077,17,435,937,0
3094,17,409,1004,0
3111,17,422,938,0
3127,17,356,992,0
3144,17,428,927,0
3161,17,426,931,0
3177,17,434,930,0
3194,17,416,932,0
3211,17,428,944,0
3227,17,367,974,0
3244,17,350,987,0
3260,17,469,725,3
3277,17,522,531,3
3294,17,544,500,3
3310,17,516,490,3
3327,17,544,488,3
3344,17,543,487,3
3360,17,546,483,3
3377,17,545,480,3
3394,17,538,483,3
3410,17,532,489,3
3427,17,548,484,3
3443,17,546,482,3
3460,17,540,450,3
3477,17,544,356,4
3493,17,541,338,4
3510,17,531,373,2
3527,17,536,369,2
3543,17,545,365,2
3560,17,538,362,4
3577,17,537,337,4
3593,17,536,362,4
3610,17,533,383,2
3626,17,540,361,4
3643,17,536,364,4
3660,17,538,356,4
3676,17,536,360,4
3693,17,535,369,2
3710,17,527,259,1
3843,133,507,578,3
3859,17,515,443,3
3876,17,520,344,4
3893,17,518,233,1
3909,17,523,224,1
3926,17,519,196,1
3943,17,522,298,4
3959,17,521,254,1
3976,17,519,311,4
3992,17,521,312,4
4009,17,519,338,4
4026,17,514,352,4
4042,17,509,310,4
4059,17,510,335,4
4076,17,518,325,4
4092,17,512,329,4
4109,17,527,330,4
4125,17,516,322,4
4142,17,521,344,4
4159,17,526,333,4
4175,17,515,331,4
4192,17,519,354,4
4209,17,519,316,4
4225,17,518,321,4
4242,17,505,351,4
4259,17,504,347,4
4275,17,513,333,4
4292,17,513,331,4
4308,17,517,331,4
4325,17,505,336,4
4342,17,524,332,4
4358,17,510,348,4
4375,17,535,323,4
4392,17,513,359,4
4408,17,513,354,4
4425,17,519,349,4
4442,17,525,351,4
4458,17,512,342,4
4475,17,514,323,4
4491,17,510,343,4
4508,17,529,330,4
4525,17,512,336,4
4541,17,518,320,4
4558,17,514,337,4
4575,17,510,319,4
4591,17,518,331,4
4608,17,527,318,4
4625,17,533,291,4
4641,17,533,261,0
4658,17,667,535,3
4791,133,489,702,3
4808,17,503,306,4
4824,17,483,474,3
4841,17,482,441,3
4857,17,452,589,3
4874,17,499,851,0
5024,150,501,707,3
5057,33,468,536,3
5074,17,474,440,3
5090,17,498,358,4
5107,17,458,372,2
5124,17,463,519,3
5140,17,489,226,1
5157,17,226,526,3
5174,17,487,301,4
5190,17,448,554,3
5356,166,537,799,0
5373,17,451,759,3
5390,17,522,540,3
5406,17,562,530,3
5423,17,476,533,3
5440,17,462,543,3
5456,17,476,437,3
5473,17,398,532,3
5490,17,471,507,3
5506,17,484,513,3
5673,166,547,635,3
5689,17,533,544,3
5706,17,499,578,3
5722,17,528,436,3
5739,17,456,499,3
5756,17,507,387,2
5772,17,479,592,3
5789,17,490,404,2
5806,17,482,558,3
5822,17,495,421,5
5839,17,498,368,2
5856,17,478,473,3
5872,17,307,501,3
5889,17,495,408,2
5905,17,502,406,2
5922,17,477,455,3
5939,17,504,273,0
5955,17,510,308,4
5972,17,480,253,1
5989,17,509,252,1
6005,17,497,476,3
6022,17,516,255,1
6039,17,492,245,1
6055,17,504,386,2
6072,17,516,220,1
6088,17,516,245,1
6105,17,517,257,1
6122,17,518,218,1
6138,17,519,241,1
6155,17,498,306,4
6172,17,489,580,3
6188,17,469,713,3
6205,17,463,624,3
6222,17,308,676,3
6238,17,465,628,3
6255,17,463,609,3
6271,17,464,630,3
6288,17,467,631,3
6305,17,464,599,3
6321,17,455,710,3
6338,17,379,518,3
6355,17,509,319,4
6371,17,511,414,2
6388,17,512,409,2
6404,17,514,407,2
6421,17,521,400,2
6438,17,523,406,2
6454,17,522,404,2
6471,17,516,410,2
6488,17,518,407,2
6504,17,522,394,2
6521,17,524,405,2
6538,17,523,400,2
6554,17,520,417,5
6571,17,521,399,2
6587,17,523,396,2
6604,17,526,385,2
6621,17,484,598,3
6904,283,456,925,0
6920,17,457,945,0
6937,17,444,899,0
6953,17,454,923,0
6970,17,431,920,0
6987,17,422,1029,0
7003,17,429,878,0
7020,17,437,912,0
7037,17,402,985,0
7053,17,436,890,0
7070,17,426,883,0
7087,17,428,877,0
7103,17,424,904,0
7120,17,419,863,0
7136,17,415,995,0
7153,17,428,842,0
7170,17,363,950,0
7186,17,435,930,0
7203,17,388,992,0
7220,17,396,1030,0
7236,17,367,954,0
7253,17,389,912,0
7270,17,314,949,0
7286,17,399,917,0
7303,17,391,936,0
7319,17,392,863,0
7336,17,472,780,0
7353,17,569,437,3
7369,17,539,319,4
7386,17,535,388,2
7403,17,542,411,2
7419,17,539,426,3
7436,17,539,421,5
7453,17,539,417,5
7469,17,538,422,3
7486,17,538,409,2
7502,17,540,406,2
7519,17,535,415,2
7536,17,538,427,3
7552,17,545,438,3
7569,17,535,415,2
7586,17,534,433,3
7602,17,539,415,2
7619,17,504,410,2
7635,17,500,346,4
7652,17,493,320,4
7669,17,496,346,4
7685,17,498,335,4
7702,17,495,333,4
7719,17,498,327,4
7735,17,498,331,4
7752,17,500,317,4
7769,17,500,339,4
7785,17,493,341,4
7802,17,497,342,4
7818,17,495,331,4
7835,17,499,330,4
7852,17,499,330,4
7868,17,505,295,4
7885,17,496,336,4
7902,17,503,342,4
7918,17,495,348,4
7935,17,497,317,4
7952,17,493,333,4
7968,17,513,151,1
7985,17,504,169,1
8001,17,509,173,1
8018,17,502,282,0
8251,233,492,362,4
8268,17,602,588,3
8284,17,479,603,3
8301,17,583,333,4
8318,17,565,283,0
8334,17,522,316,4
8351,17,579,259,1
8367,17,584,256,1
8384,17,575,250,1
8401,17,438,389,2
8417,17,578,269,0
8434,17,574,301,4
8451,17,584,288,4
8467,17,563,333,4
8484,17,559,636,3
8501,17,580,389,2
8683,183,660,568,3
8700,17,568,577,3
8717,17,546,483,3
8733,17,557,442,3
8750,17,579,335,4
8767,17,561,237,1
8783,17,568,272,0
8800,17,560,308,4
8817,17,568,406,2
9000,183,672,496,3
9016,17,552,620,3
9033,17,529,489,3
9049,17,555,411,2
9066,17,495,517,3
9083,17,543,262,0
9099,17,526,335,4
9116,17,538,335,4
9133,17,541,263,0
9149,17,550,319,4
9166,17,419,319,4
9183,17,547,262,0
9199,17,541,213,1
9216,17,400,408,2
9232,17,517,236,1
9249,17,534,388,2
9266,17,545,246,1
9282,17,547,254,1
9299,17,549,266,0
9316,17,428,326,4
9332,17,545,240,1
9349,17,546,239,1
9366,17,547,185,1
9382,17,539,262,0
9399,17,541,252,1
9415,17,532,355,4
9432,17,529,389,2
9449,17,545,218,1
9465,17,534,381,2
9482,17,532,341,4
9499,17,528,368,2
9515,17,529,346,4
9532,17,498,458,3
9549,17,513,469,3
9565,17,496,467,3
9582,17,507,457,3
9598,17,509,468,3
9615,17,504,462,3
9632,17,507,466,3
9648,17,505,453,3
9665,17,505,476,3
9682,17,509,464,3
9698,17,508,481,3
9715,17,509,467,3
9732,17,510,470,3
9748,17,504,487,3
9765,17,498,487,3
9781,17,513,472,3
9798,17,506,461,3
9815,17,514,455,3
9831,17,507,456,3
9848,17,501,462,3
9865,17,507,477,3
9881,17,508,464,3
9898,17,506,464,3
9914,17,404,255,1
9931,17,481,314,4
9948,17,489,305,4
9964,17,495,318,4
9981,17,487,301,4
9998,17,491,352,4
10014,17,487,332,4
10031,17,487,331,4
10048,17,491,352,4
10064,17,488,343,4
10081,17,491,354,4
10097,17,495,334,4
10114,17,492,361,4
10131,17,491,348,4
10147,17,488,353,4
10164,17,505,335,4
10181,17,501,321,4
10197,17,492,350,4
10214,17,491,338,4
10231,17,500,354,4
10247,17,494,357,4
10264,17,496,353,4
10280,17,499,336,4
10297,17,495,369,2
10314,17,500,345,4
10330,17,490,363,4
10347,17,496,340,4
10364,17,564,387,2
10380,17,549,390,2
10397,17,549,383,2
10414,17,548,403,2
10430,17,543,391,2
10447,17,556,359,4
10463,17,561,375,2
10480,17,557,367,2
10497,17,565,367,2
10513,17,559,373,2
10530,17,543,382,2
10547,17,567,819,0
10796,250,367,1072,0
10846,50,395,1074,0
10896,50,398,1053,0
10913,17,384,1017,0
10929,17,376,1038,0
10962,33,377,1026,0
10979,17,419,971,0
10996,17,423,868,0
11012,17,424,901,0
11029,17,432,874,0
11046,17,401,955,0
11062,17,427,865,0
11079,17,301,955,0
11096,17,435,891,0
11112,17,404,975,0
11129,17,403,972,0
11145,17,431,878,0
11162,17,401,959,0
11179,17,399,956,0
11195,17,430,929,0
11212,17,438,895,0
11229,17,437,910,0
11245,17,432,862,0
11262,17,435,862,0
11279,17,433,879,0
11295,17,432,895,0
11312,17,369,764,3
11328,17,532,560,3
11345,17,550,342,4
11362,17,572,361,4
11378,17,568,367,2
11395,17,561,373,2
11412,17,550,378,2
11428,17,561,392,2
11445,17,557,389,2
11462,17,565,400,2
11478,17,558,374,2
11495,17,549,413,2
11511,17,552,386,2
11528,17,550,397,2
11545,17,553,376,2
11561,17,549,396,2
11578,17,553,390,2
11595,17,553,392,2
11611,17,564,377,2
11628,17,501,339,4
11645,17,519,325,4
11661,17,513,322,4
11678,17,517,330,4
11694,17,514,323,4
11711,17,514,320,4
11728,17,515,315,4
11744,17,509,333,4
11761,17,507,320,4
11778,17,512,328,4
11794,17,509,329,4
11811,17,512,321,4
11828,17,513,329,4
11844,17,512,323,4
11861,17,516,330,4
11877,17,512,332,4
11894,17,509,343,4
11911,17,519,342,4
11927,17,513,342,4
11944,17,511,327,4
11961,17,512,357,4
11977,17,508,336,4
11994,17,505,347,4
12011,17,507,348,4
12027,17,513,305,4
12044,17,514,340,4
12060,17,516,353,4
12077,17,508,331,4
12094,17,499,673,3
12193,100,582,553,3
12210,17,588,429,3
12227,17,616,294,0
12243,17,592,181,1
12260,17,602,142,1
12277,17,597,99,0
12293,17,597,227,1
12310,17,600,223,1
12327,17,596,230,1
12343,17,599,237,1
12360,17,595,257,1
12376,17,596,243,1
12393,17,592,244,1
12410,17,602,216,1
12426,17,600,212,1
12443,17,550,313,4
12659,216,550,825,0
12676,17,546,572,3
12693,17,560,501,3
12709,17,500,401,2
12726,17,538,280,0
12742,17,544,247,1
12759,17,531,264,0
12776,17,536,224,1
12792,17,543,267,0
12809,17,535,191,1
12826,17,546,237,1
12842,17,546,216,1
12859,17,534,222,1
12876,17,545,227,1
12892,17,543,227,1
12909,17,531,251,1
12925,17,543,273,0
12942,17,545,316,4
12959,17,527,284,0
12975,17,533,290,4
12992,17,540,267,0
13009,17,531,281,0
13025,17,540,293,4
13042,17,533,283,0
13059,17,556,252,1
13075,17,640,234,1
13092,17,686,238,1
13108,17,688,259,1
13125,17,688,270,0
13142,17,676,312,0
13158,17,690,320,0
13175,17,683,316,0
13192,17,686,301,0
13208,17,680,314,0
13225,17,677,326,0
13241,17,693,294,0
13258,17,684,299,0
13275,17,689,306,0
13291,17,684,327,0
13308,17,675,300,0
13325,17,675,301,0
13341,17,638,317,0
13358,17,640,273,0
13375,17,629,299,0
13391,17,634,285,0
13408,17,638,286,0
13424,17,636,318,0
13441,17,638,309,0
13458,17,635,299,0
13474,17,642,266,0
13491,17,635,315,0
13508,17,646,288,0
13524,17,636,308,0
13541,17,641,304,0
13558,17,634,299,0
13574,17,640,297,0
13591,17,637,309,0
13607,17,638,301,0
13624,17,638,292,0
13641,17,638,287,0
13657,17,638,308,0
13674,17,643,291,0
13691,17,642,288,0
13707,17,636,305,0
13724,17,578,316,4
13741,17,496,298,4
13757,17,507,309,4
13774,17,503,305,4
13790,17,499,329,4
13807,17,505,324,4
13824,17,505,313,4
13840,17,507,299,4
13857,17,499,328,4
13874,17,499,323,4
13890,17,500,299,4
13907,17,499,311,4
13924,17,499,309,4
13940,17,495,310,4
13957,17,500,295,4
13973,17,498,310,4
13990,17,500,308,4
14007,17,524,302,4
14023,17,504,323,4
14040,17,498,337,4
14057,17,499,323,4
14073,17,504,322,4
14090,17,495,330,4
14107,17,497,321,4
14123,17,498,311,4
14140,17,494,312,4
14156,17,493,327,4
14173,17,499,291,4
14190,17,499,299,4
14206,17,497,315,4
14223,17,489,325,4
14240,17,496,307,4
14256,17,499,309,4
14273,17,487,311,4
14290,17,489,323,4
14306,17,487,318,4
14323,17,505,298,4
14339,17,502,302,4
14356,17,500,314,4
14373,17,504,320,4
14389,17,494,293,4
14406,17,505,269,0
14423,17,501,205,1
14439,17,510,509,3
14805,366,231,1060,0
14838,33,243,1039,0
14888,50,246,1055,0
14905,17,232,1077,0
14938,33,187,1057,0
14955,17,122,977,0
14972,17,104,974,0
14988,17,89,961,0
15005,17,144,829,0
15021,17,178,874,0
15038,17,149,960,0
15055,17,147,822,0
15071,17,123,943,0
15088,17,155,833,0
15105,17,106,926,0
15121,17,102,919,0
15138,17,199,926,0
15155,17,102,907,0
15171,17,207,915,0
15188,17,100,983,0
15204,17,113,973,0
15221,17,151,822,0
15238,17,151,818,0
15254,17,157,805,0
15271,17,189,937,0
15288,17,106,925,0
15304,17,116,935,0
15321,17,166,800,0
15338,17,355,647,3
15354,17,479,448,3
15371,17,487,479,3
15387,17,490,471,3
15404,17,482,474,3
15421,17,501,462,3
15437,17,492,467,3
15454,17,500,452,3
15471,17,501,480,3
15487,17,495,487,3
15504,17,558,372,2
15521,17,541,355,4
15537,17,546,332,4
15554,17,548,330,4
15570,17,538,343,4
15587,17,538,337,4
15604,17,549,332,4
15620,17,538,339,4
15637,17,545,343,4
15654,17,548,346,4
15670,17,549,321,4
15687,17,543,370,2
15703,17,548,329,4
15720,17,563,336,4
15737,17,560,327,4
15753,17,513,325,4
15770,17,510,326,4
15787,17,509,343,4
15803,17,514,330,4
15820,17,515,318,4
15837,17,515,329,4
15853,17,516,334,4
15870,17,512,318,4
15886,17,517,325,4
15903,17,514,314,4
15920,17,519,330,4
15936,17,512,308,4
15953,17,513,315,4
15970,17,517,326,4
15986,17,513,312,4
16003,17,512,328,4
16020,17,513,314,4
16036,17,514,310,4
16053,17,513,322,4
16069,17,509,333,4
16086,17,510,325,4
16103,17,513,242,1
16219,116,497,471,3
16236,17,576,609,3
16252,17,540,554,3
16269,17,525,521,3
16286,17,566,396,2
16302,17,586,378,2
16319,17,581,364,4
16336,17,571,408,2
16352,17,576,350,4
16369,17,568,456,3
16386,17,582,344,4
16402,17,577,457,3
16419,17,565,458,3
16435,17,567,444,3
16452,17,562,463,3
16469,17,566,450,3
16485,17,570,448,3
16502,17,561,471,3
16519,17,576,468,3
16535,17,545,459,3
16552,17,560,435,3
16569,17,551,425,3
16585,17,554,449,3
16602,17,555,426,3
16618,17,561,448,3
16635,17,554,441,3
16652,17,552,425,3
16668,17,553,436,3
16685,17,552,446,3
16702,17,554,416,2
16718,17,572,410,2
16735,17,554,441,3
16751,17,557,432,3
16768,17,565,410,2
16785,17,570,384,2
16801,17,545,601,3
16951,150,547,570,3
16968,17,546,365,2
16984,17,540,321,4
17001,17,562,188,1
17018,17,555,235,1
17034,17,567,119,0
17051,17,554,262,0
17068,17,555,293,4
17084,17,567,280,0
17101,17,563,292,4
17117,17,563,291,4
17134,17,552,276,0
17151,17,561,279,0
17167,17,566,293,4
17184,17,560,286,0
17201,17,561,296,4
17217,17,559,266,0
17234,17,554,290,4
17251,17,547,292,4
17267,17,559,266,0
17284,17,565,250,1
17300,17,558,275,0
17317,17,560,268,0
17334,17,552,286,0
17350,17,561,309,4
17367,17,547,289,4
17384,17,559,276,0
17400,17,566,295,4
17417,17,568,367,2
17434,17,550,467,3
17450,17,545,462,3
17467,17,557,450,3
17483,17,547,452,3
17500,17,550,467,3
17517,17,548,475,3
17533,17,547,466,3
17550,17,551,484,3
17567,17,540,491,3
17583,17,545,471,3
17600,17,547,479,3
17617,17,548,464,3
17633,17,541,471,3
17650,17,540,492,3
17666,17,543,478,3
17683,17,546,448,3
17700,17,542,476,3
17716,17,543,484,3
17733,17,545,466,3
17750,17,544,461,3
17766,17,542,453,3
17783,17,535,487,3
17800,17,548,458,3
17816,17,546,477,3
17833,17,544,481,3
17849,17,535,484,3
17866,17,560,470,3
17883,17,542,473,3
17899,17,549,417,5
17916,17,545,441,3
17933,17,546,437,3
17949,17,543,454,3
17966,17,543,440,3
17982,17,543,428,3
17999,17,543,431,3
18016,17,544,436,3
18032,17,543,450,3
18049,17,545,433,3
18066,17,549,416,2
18082,17,565,422,3
18099,17,550,438,3
18116,17,553,420,5
18132,17,544,426,3
18149,17,542,443,3
18165,17,546,474,3
18182,17,547,437,3
18199,17,544,439,3
18215,17,535,441,3
18232,17,543,438,3
18249,17,541,450,3
18265,17,550,421,5
18282,17,538,441,3
18299,17,549,448,3
18315,17,549,411,2
18332,17,550,433,3
18348,17,548,428,3
18365,17,548,424,3
18382,17,553,396,2
18398,17,553,420,5
18415,17,541,445,3
18432,17,543,449,3
18448,17,545,434,3
18465,17,543,458,3
18482,17,553,427,3
18498,17,549,421,5
18515,17,551,442,3
18531,17,552,426,3
18548,17,556,418,5
18565,17,555,429,3
18581,17,556,339,4
18598,17,550,521,3
18615,17,518,490,3
19030,416,378,980,0
19047,17,366,955,0
19064,17,352,904,0
19080,17,376,913,0
19097,17,357,894,0
19114,17,381,888,0
19130,17,351,928,0
19147,17,327,937,0
19164,17,302,936,0
19180,17,348,910,0
19197,17,371,938,0
19213,17,326,955,0
19230,17,377,896,0
19247,17,386,960,0
19263,17,373,839,0
19280,17,347,941,0
19297,17,321,936,0
19313,17,366,914,0
19330,17,363,906,0
19347,17,324,951,0
19363,17,348,894,0
19380,17,373,883,0
19396,17,359,908,0
19413,17,387,925,0
19430,17,470,889,0
19446,17,544,571,3
19463,17,531,538,3
19480,17,556,356,4
19496,17,548,387,2
19513,17,547,392,2
19530,17,546,415,2
19546,17,543,428,3
19563,17,544,413,2
19579,17,546,393,2
19596,17,548,406,2
19613,17,548,400,2
19629,17,547,410,2
19646,17,544,387,2
19663,17,547,405,2
19679,17,547,418,5
19696,17,547,423,3
19713,17,546,426,3
19729,17,550,372,2
19746,17,552,410,2
19762,17,567,412,2
19779,17,570,372,2
19796,17,553,405,2
19812,17,560,405,2
19829,17,556,403,2
19846,17,547,436,3
19862,17,596,622,3
20079,216,604,954,0
20095,17,523,986,0
20112,17,501,969,0
20128,17,583,980,0
20145,17,559,974,0
20162,17,537,971,0
20178,17,587,880,0
20195,17,508,969,0
20212,17,588,854,0
20228,17,590,895,0
20245,17,588,902,0
20261,17,587,859,0
20278,17,579,887,0
20295,17,515,929,0
20311,17,582,891,0
20328,17,578,897,0
20345,17,576,869,0
20361,17,546,940,0
20378,17,572,844,0
20395,17,580,859,0
20411,17,490,926,0
20428,17,576,850,0
20444,17,577,857,0
20461,17,525,924,0
20478,17,571,859,0
20494,17,545,925,0
20511,17,577,837,0
20528,17,566,855,0
20544,17,567,929,0
20561,17,522,837,0
20578,17,578,850,0
20594,17,579,847,0
20611,17,556,941,0
20627,17,580,839,0
20644,17,569,841,0
20661,17,580,839,0
20677,17,516,810,0
20694,17,529,804,0
20711,17,515,783,0
20727,17,521,722,3
20744,17,517,793,0
20761,17,511,765,3
20777,17,517,799,0
20794,17,517,761,3
20810,17,508,778,0
20827,17,514,760,3
20844,17,516,774,0
20860,17,514,765,3
20877,17,522,770,0
20894,17,437,853,0
20910,17,520,739,3
20927,17,456,865,0
20944,17,469,863,0
20960,17,515,777,0
20977,17,509,788,0
20993,17,520,771,0
21010,17,517,715,3
21027,17,517,774,0
21043,17,511,764,3
21060,17,518,759,3
21077,17,492,840,0
21093,17,518,777,0
21110,17,518,765,3
21127,17,521,777,0
21143,17,519,752,3
21160,17,518,776,0
21176,17,517,760,3
21193,17,521,776,0
21210,17,514,767,0
21226,17,522,781,0
21243,17,480,832,0
21260,17,518,739,3
21276,17,521,756,3
21293,17,523,741,3
21309,17,518,767,0
21326,17,433,831,0
21343,17,525,841,0
21359,17,518,777,0
21376,17,521,790,0
21393,17,522,785,0
21409,17,513,771,0
21426,17,517,777,0
21443,17,487,852,0
21459,17,519,770,0
21476,17,515,766,3
21492,17,479,859,0
21509,17,525,757,3
21526,17,523,760,3
21542,17,518,788,0
21559,17,522,759,3
21576,17,521,797,0
21592,17,504,839,0
21609,17,537,553,3
21626,17,532,389,2
21642,17,541,354,4
21659,17,546,420,5
21675,17,537,442,3
21692,17,531,436,3
21709,17,539,444,3
21725,17,533,441,3
21742,17,530,436,3
21759,17,539,442,3
21775,17,549,429,3
21792,17,545,441,3
21809,17,548,417,5
21825,17,534,473,3
21842,17,535,434,3
21858,17,537,455,3
21875,17,537,426,3
21892,17,521,377,2
21908,17,524,356,4
21925,17,522,347,4
21942,17,514,383,2
21958,17,514,375,2
21975,17,519,363,4
21992,17,517,348,4
22008,17,517,359,4
22025,17,519,368,2
22041,17,517,371,2
22058,17,519,342,4
22075,17,522,330,4
22091,17,508,385,2
22241,150,490,589,3
22258,17,500,470,3
22274,17,436,594,3
22291,17,491,396,2
22308,17,483,381,2
22324,17,497,323,4
22341,17,352,446,3
22358,17,500,294,4
22374,17,511,228,1
22391,17,508,227,1
22407,17,518,217,1
22424,17,511,221,1
22441,17,506,221,1
22457,17,516,174,1
22474,17,519,190,1
22491,17,506,347,4
22507,17,503,326,4
22524,17,506,321,4
22540,17,563,367,2
22557,17,526,421,5
22574,17,536,421,5
22590,17,536,417,5
22607,17,538,399,2
22624,17,552,335,4
22640,17,517,829,0
22757,116,587,732,3
22773,17,516,747,3
22973,200,596,667,3
22990,17,579,581,3
23006,17,552,459,3
23023,17,570,408,2
23040,17,568,359,4
23056,17,576,324,4
23073,17,566,319,4
23089,17,577,317,4
23106,17,573,293,4
23123,17,569,390,2
23139,17,598,792,0
23289,150,393,1007,0
23306,17,466,422,3
23322,17,531,667,3
23339,17,560,608,3
23356,17,562,510,3
23372,17,548,501,3
23389,17,561,478,3
23406,17,525,459,3
23422,17,561,433,3
23439,17,562,459,3
23455,17,570,457,3
23472,17,496,585,3
23605,133,1302,594,0
23638,33,488,559,3
23655,17,509,414,2
23672,17,514,375,2
23688,17,464,328,4
23705,17,529,261,0
23722,17,521,190,1
23738,17,518,293,4
23755,17,314,448,3
23771,17,525,206,1
23788,17,528,180,1
23805,17,512,323,4
23821,17,525,322,4
23838,17,513,301,4
23855,17,511,327,4
23871,17,513,342,4
23888,17,522,326,4
23905,17,501,293,4
23921,17,499,311,4
23938,17,369,212,1
23954,17,500,296,4
23971,17,505,286,0
23988,17,497,305,4
24004,17,502,298,4
24021,17,493,302,4
24038,17,496,325,4
24054,17,336,220,1
24071,17,498,326,4
24088,17,487,310,4
24104,17,495,309,4
24121,17,498,285,0
24137,17,489,313,4
24154,17,491,281,0
24171,17,495,274,0
24187,17,489,338,4
24204,17,487,320,4
24221,17,492,323,4
24237,17,501,285,0
24254,17,498,307,4
24271,17,489,295,4
24287,17,496,307,4
24304,17,496,305,4
24320,17,480,314,4
24337,17,492,319,4
24354,17,490,319,4
24370,17,496,306,4
24387,17,489,327,4
24404,17,489,310,4
24420,17,490,316,4
24437,17,504,92,0
24454,17,485,319,4
24470,17,492,322,4
24487,17,486,320,4
24503,17,488,284,0
24520,17,503,155,1
24537,17,489,327,4
24553,17,496,281,0
24570,17,496,329,4
24587,17,576,294,4
24603,17,576,327,4
24620,17,569,306,4
24637,17,573,300,4
24653,17,580,294,4
24670,17,579,307,4
24686,17,576,234,1
24703,17,579,295,4
24720,17,579,274,0
24736,17,582,107,0
24753,17,581,110,0
24770,17,578,291,4
24786,17,581,301,4
24803,17,582,277,0
24819,17,582,149,1
24836,17,581,226,1
24853,17,589,164,1
24869,17,578,190,1
24886,17,580,167,1
24903,17,579,433,3
24919,17,587,578,3
25069,150,609,692,3
25086,17,582,777,0
25102,17,626,728,3
25119,17,575,489,3
25136,17,584,674,3
25152,17,587,618,3
25169,17,567,694,3
25185,17,543,580,3
25202,17,486,574,3
25219,17,544,505,3
25235,17,563,548,3
25252,17,567,466,3
25269,17,421,644,3
25285,17,572,477,3
25302,17,581,475,3
25319,17,562,416,2
25335,17,568,394,2
25352,17,557,412,2
25368,17,560,421,5
25385,17,578,393,2
25402,17,573,418,3
25418,17,565,429,3
25435,17,574,435,3
25452,17,299,670,3
25468,17,567,497,3
25485,17,572,352,4
25502,17,563,398,2
25518,17,565,381,2
25535,17,573,386,2
25551,17,564,385,2
25568,17,540,640,3
25585,17,575,415,2
25601,17,555,566,3
25618,17,572,387,2
25635,17,567,348,4
25651,17,558,373,2
25668,17,563,387,2
25685,17,544,495,3
25701,17,547,642,3
25718,17,556,371,2
25734,17,254,706,3
25751,17,536,448,3
25768,17,550,352,4
25784,17,505,498,3
25801,17,530,306,4
25818,17,510,304,4
25834,17,524,252,1
25851,17,516,435,3
25868,17,513,180,1
25884,17,503,346,4
25901,17,516,264,0
25917,17,522,259,1
25934,17,522,250,1
25951,17,514,260,0
25967,17,511,271,0
25984,17,518,266,0
26001,17,514,254,1
26017,17,498,286,0
26034,17,468,394,2
26050,17,466,446,3
26067,17,468,403,2
26084,17,302,515,3
26100,17,488,233,1
26117,17,471,399,2
26134,17,487,269,0
26150,17,475,381,2
26167,17,466,404,2
26184,17,487,317,4
26200,17,495,252,1
26217,17,483,261,0
26233,17,288,541,3
26250,17,482,295,4
26267,17,464,482,3
26283,17,469,454,3
26300,17,586,379,2
26317,17,236,540,3
26333,17,488,245,1
26350,17,296,482,3
26367,17,483,365,2
26383,17,484,289,4
26400,17,510,232,1
26416,17,494,382,2
26433,17,279,533,3
26450,17,482,245,1
26466,17,483,315,4
26483,17,545,426,3
26500,17,568,248,1
26516,17,554,300,4
26533,17,579,439,3
26550,17,575,274,0
26566,17,575,258,1
26583,17,572,293,4
26599,17,561,441,3
26616,17,575,518,3
26633,17,552,473,3
26899,266,494,953,0
26916,17,487,1046,0
26982,67,496,1035,0
26999,17,471,1037,0
27015,17,410,1004,0
27032,17,421,855,0
27049,17,402,891,0
27065,17,399,944,0
27082,17,531,980,0
27098,17,400,942,0
27115,17,412,985,0
27132,17,405,917,0
27148,17,381,942,0
27165,17,414,918,0
27182,17,414,931,0
27198,17,454,934,0
27215,17,521,838,0
27232,17,461,890,0
27248,17,520,769,0
27265,17,552,492,3
27281,17,554,423,3
27298,17,550,389,2
27315,17,537,420,5
27331,17,530,671,3
27348,17,545,727,3
27365,17,545,651,3
27381,17,459,834,0
27398,17,515,767,0
27415,17,495,858,0
27431,17,471,841,0
27448,17,563,819,0
27464,17,547,703,3
27481,17,531,697,3
27498,17,525,596,3
27514,17,547,529,3
27531,17,551,419,5
27548,17,522,740,3
27564,17,537,381,2
27581,17,529,442,3
27598,17,548,376,2
27614,17,518,378,2
27631,17,267,568,3
27647,17,526,275,0
27664,17,483,385,2
27681,17,536,225,1
27697,17,531,293,4
27714,17,519,211,1
27731,17,535,201,1
27747,17,546,220,1
27764,17,527,326,4
27781,17,536,268,0
27797,17,524,345,4
27814,17,524,326,4
27830,17,528,231,1
27847,17,536,208,1
27864,17,518,327,4
27880,17,523,226,1
27897,17,512,256,1
27914,17,510,239,1
27930,17,515,198,1
27947,17,514,191,1
27964,17,512,180,1
27980,17,518,186,1
27997,17,519,159,1
28013,17,522,163,1
28030,17,518,143,1
28047,17,515,241,1
28063,17,514,213,1
28080,17,526,164,1
28097,17,514,187,1
28113,17,522,161,1
28130,17,521,168,1
28147,17,516,182,1
28163,17,516,271,0
28180,17,526,333,4
28196,17,522,133,1
28213,17,525,130,0
28230,17,517,178,1
28246,17,497,365,2
28396,150,466,625,3
28413,17,532,498,3
28429,17,524,371,2
28446,17,520,321,4
28463,17,522,229,1
28479,17,541,246,1
28496,17,520,287,0
28512,17,517,236,1
28529,17,518,309,4
28546,17,538,251,1
28562,17,515,273,0
28579,17,537,510,3
28729,150,543,373,2
28745,17,540,558,3
28762,17,493,583,3
28779,17,527,559,3
28795,17,511,490,3
28812,17,500,498,3
28829,17,540,475,3
28845,17,519,388,2
28862,17,537,287,0
28878,17,552,302,4
28895,17,526,281,0
28912,17,535,321,4
28928,17,529,266,0
28945,17,529,314,4
28962,17,528,376,2
28978,17,544,464,3
28995,17,623,684,3
29111,116,482,254,1
29128,17,590,539,3
29145,17,559,509,3
29161,17,545,483,3
29178,17,568,398,2
29195,17,587,370,2
29211,17,563,350,4
29228,17,575,265,0
29244,17,571,245,1
29261,17,581,249,1
29278,17,555,325,4
29294,17,576,266,0
29311,17,572,276,0
29328,17,583,259,1
29344,17,584,278,0
29361,17,585,229,1
29377,17,573,269,0
29394,17,566,259,1
29411,17,578,191,1
29427,17,586,225,1
29444,17,569,221,1
29461,17,566,272,0
29477,17,565,227,1
29494,17,578,220,1
29511,17,561,229,1
29527,17,571,255,1
29544,17,573,180,1
29560,17,578,244,1
29577,17,569,282,0
29594,17,578,223,1
29610,17,568,210,1
29627,17,570,233,1
29644,17,576,147,1
29660,17,494,447,3
29677,17,499,259,1
29694,17,510,265,0
29710,17,504,328,4
29727,17,500,227,1
29743,17,503,314,4
29760,17,500,355,4
29777,17,505,330,4
29793,17,496,320,4
29810,17,501,354,4
29827,17,507,337,4
29843,17,503,348,4
29860,17,504,354,4
29877,17,508,359,4
29893,17,512,361,4
29910,17,509,354,4
29926,17,498,356,4
29943,17,509,335,4
29960,17,511,358,4
29976,17,504,360,4
29993,17,516,359,4
30010,17,506,352,4
30026,17,501,342,4
30043,17,516,351,4
30060,17,525,355,4
30076,17,557,394,2
30093,17,570,359,4
30109,17,553,395,2
30126,17,557,401,2
30143,17,557,397,2
30159,17,552,403,2
30176,17,562,386,2
30193,17,562,385,2
30209,17,555,393,2
30226,17,561,387,2
30243,17,565,386,2
30259,17,552,402,2
30276,17,563,400,2
30292,17,563,403,2
30309,17,557,406,2
30326,17,564,411,2
30342,17,560,379,2
30359,17,562,388,2
30376,17,565,393,2
30392,17,558,403,2
30409,17,561,386,2
30426,17,563,393,2
30442,17,559,382,2
30459,17,552,387,2
30475,17,565,392,2
30492,17,563,384,2
30509,17,564,403,2
30525,17,557,392,2
30542,17,561,433,3
30559,17,617,686,3
30658,100,575,515,3
30692,33,490,833,0
30708,17,510,914,0
30725,17,507,1069,0
30775,50,494,1039,0
30858,83,471,1050,0
30875,17,420,925,0
30891,17,426,876,0
30908,17,421,974,0
30925,17,417,895,0
30941,17,420,913,0
30958,17,423,932,0
30974,17,422,866,0
30991,17,421,879,0
31008,17,418,920,0
31024,17,426,850,0
31041,17,426,831,0
31058,17,419,929,0
31074,17,353,985,0
31091,17,353,866,0
31108,17,418,930,0
31124,17,425,905,0
31141,17,426,932,0
31157,17,379,925,0
31174,17,416,904,0
31191,17,419,904,0
31207,17,421,920,0
31224,17,420,892,0
31241,17,416,916,0
31257,17,418,816,0
31274,17,412,885,0
31291,17,407,889,0
31307,17,417,884,0
31324,17,404,905,0
31340,17,428,937,0
31357,17,415,962,0
31374,17,416,916,0
31390,17,413,922,0
31407,17,342,1020,0
31424,17,418,922,0
31440,17,409,925,0
31457,17,417,925,0
31474,17,419,943,0
31490,17,419,938,0
31507,17,411,972,0
31523,17,395,947,0
31540,17,416,978,0
31557,17,383,864,0
31573,17,479,749,3
31590,17,468,618,3
31607,17,445,507,3
31623,17,510,427,3
31640,17,509,423,3
31656,17,499,432,3
31673,17,514,390,2
31690,17,501,457,3
31706,17,510,434,3
31723,17,509,431,3
31740,17,507,467,3
31756,17,508,444,3
31773,17,504,380,2
31790,17,507,350,4
31806,17,506,334,4
31823,17,503,382,2
31839,17,506,394,2
31856,17,508,349,4
31873,17,512,309,4
31889,17,516,265,0
31906,17,513,350,4
31923,17,470,674,3
32089,166,402,1026,0
32106,17,450,988,0
32122,17,440,996,0
32139,17,408,1002,0
32156,17,451,911,0
32172,17,406,966,0
32189,17,400,1013,0
32205,17,409,975,0
32222,17,403,922,0
32239,17,386,1022,0
32255,17,411,979,0
32272,17,416,965,0
32289,17,406,1039,0
32305,17,407,930,0
32322,17,415,913,0
32339,17,351,983,0
32355,17,407,924,0
32372,17,420,957,0
32388,17,410,913,0
32405,17,409,983,0
32422,17,395,1019,0
32438,17,417,922,0
32455,17,421,977,0
32472,17,375,1001,0
32488,17,395,924,0
32505,17,418,937,0
32522,17,417,929,0
32538,17,420,931,0
32555,17,406,930,0
32571,17,369,933,0
32588,17,423,958,0
32605,17,427,923,0
32621,17,408,922,0
32638,17,417,939,0
32655,17,405,1024,0
32671,17,425,931,0
32688,17,418,931,0
32705,17,419,985,0
32721,17,407,1050,0
32738,17,410,960,0
32754,17,335,919,0
32771,17,400,965,0
32788,17,406,1000,0
32804,17,416,1002,0
32821,17,411,957,0
32838,17,405,944,0
32854,17,407,944,0
32871,17,402,938,0
32887,17,353,1036,0
32904,17,342,1047,0
32921,17,406,912,0
32937,17,409,963,0
32954,17,414,912,0
32971,17,342,951,0
32987,17,408,946,0
33004,17,409,953,0
33021,17,339,955,0
33037,17,416,1013,0
33054,17,507,888,0
33154,100,519,629,3
33170,17,521,619,3
33187,17,476,908,0
33204,17,518,799,0
33220,17,549,688,3
33237,17,455,695,3
33253,17,473,631,3
33270,17,543,737,3
33287,17,525,763,3
33303,17,548,510,3
33320,17,543,544,3
33337,17,541,581,3
33353,17,550,353,4
33370,17,513,596,3
33387,17,541,373,2
33403,17,545,343,4
33420,17,542,397,2
33436,17,552,344,4
33453,17,549,378,2
33470,17,554,371,2
33486,17,551,384,2
33503,17,555,339,4
33520,17,557,349,4
33536,17,563,332,4
33553,17,554,380,2
33570,17,554,363,4
33586,17,521,523,3
33603,17,478,731,3
33619,17,451,872,0
33636,17,466,914,0
33653,17,453,888,0
33669,17,448,896,0
33686,17,439,1042,0
33703,17,468,912,0
33719,17,384,913,0
33736,17,400,933,0
33753,17,407,952,0
33769,17,463,904,0
33786,17,404,985,0
33802,17,450,919,0
33819,17,377,993,0
33836,17,464,892,0
33852,17,458,884,0
33869,17,458,907,0
33886,17,416,934,0
33902,17,459,887,0
33919,17,449,904,0
33936,17,447,903,0
33952,17,460,864,0
33969,17,468,914,0
33985,17,411,900,0
34002,17,332,1019,0
34019,17,405,876,0
34035,17,398,883,0
34052,17,382,921,0
34069,17,400,866,0
34085,17,406,874,0
34102,17,396,1007,0
34118,17,386,884,0
34135,17,389,864,0
34152,17,395,873,0
34168,17,436,749,3
34185,17,507,587,3
34202,17,526,486,3
34218,17,534,500,3
34235,17,538,521,3
34252,17,545,504,3
34268,17,542,503,3
34285,17,538,512,3
34301,17,539,512,3
34318,17,536,478,3
34335,17,506,398,2
34351,17,505,391,2
34368,17,505,377,2
34385,17,511,398,2
34401,17,505,404,2
34418,17,501,405,2
34435,17,504,414,2
34451,17,503,408,2
34468,17,505,390,2
34484,17,507,390,2
34501,17,511,404,2
34518,17,501,394,2
34534,17,506,385,2
34551,17,511,403,2
34568,17,505,391,2
34584,17,510,380,2
34601,17,560,379,2
34618,17,557,354,4
34634,17,556,354,4
34651,17,554,371,2
34667,17,572,361,4
34684,17,550,381,2
34701,17,557,361,4
34717,17,559,367,2
34734,17,605,406,2
34751,17,653,796,0
35000,250,609,1023,0
35033,33,635,988,0
35100,67,541,985,0
35117,17,614,984,0
35133,17,607,894,0
35150,17,536,1072,0
35166,17,722,927,0
35183,17,715,866,0
35200,17,712,880,0
35216,17,700,843,0
35233,17,656,1066,0
35250,17,706,921,0
35266,17,628,959,0
35283,17,606,970,0
35300,17,707,885,0
35316,17,704,888,0
35333,17,693,868,0
35349,17,646,1033,0
35366,17,708,863,0
35383,17,633,928,0
35399,17,726,881,0
35416,17,722,894,0
35433,17,715,985,0
35449,17,715,985,0
35466,17,714,1010,0
35483,17,701,993,0
35499,17,628,989,0
35516,17,618,968,0
35532,17,714,1014,0
35566,33,671,854,0
35582,17,604,658,3
35599,17,615,438,3
35616,17,600,300,4
35632,17,598,338,4
35649,17,607,370,2
35666,17,592,377,2
35682,17,600,366,2
35699,17,603,374,2
35715,17,602,378,2
35732,17,606,378,2
35749,17,591,388,2
35765,17,594,379,2
35782,17,600,373,2
35799,17,588,411,2
35815,17,597,389,2
35832,17,604,390,2
35849,17,555,513,3
35865,17,542,600,3
35882,17,566,612,3
35898,17,550,636,3
35915,17,554,616,3
35932,17,560,609,3
35948,17,551,612,3
35965,17,552,617,3
35982,17,570,625,3
35998,17,559,620,3
36015,17,547,629,3
36032,17,539,497,3
36048,17,558,192,1
36065,17,539,334,4
36081,17,551,322,4
36098,17,554,300,4
36115,17,540,314,4
36131,17,556,316,4
36148,17,540,330,4
36165,17,552,323,4
36181,17,553,337,4
36198,17,554,321,4
36215,17,552,304,4
36231,17,539,327,4
36248,17,540,336,4
36264,17,546,328,4
36281,17,549,339,4
36298,17,537,301,4
36314,17,507,323,4
36331,17,510,316,4
36348,17,522,322,4
36364,17,516,314,4
36381,17,513,315,4
36397,17,512,332,4
36414,17,514,336,4
36431,17,513,338,4
36447,17,511,368,2
36464,17,513,336,4
36481,17,521,335,4
36497,17,517,336,4
36514,17,514,321,4
36531,17,514,354,4
36547,17,512,352,4
36564,17,509,348,4
36580,17,512,363,4
36597,17,513,343,4
36614,17,515,347,4
36630,17,512,368,2
36647,17,556,445,3
36664,17,543,441,3
36680,17,554,448,3
36697,17,558,454,3
36714,17,554,444,3
36730,17,558,444,3
36747,17,564,460,3
36763,17,563,452,3
36780,17,557,440,3
36797,17,556,434,3
36813,17,552,458,3
36830,17,559,462,3
36847,17,569,455,3
36863,17,563,455,3
36880,17,554,486,3
36897,17,548,589,3
37046,150,584,338,4
37063,17,566,505,3
37080,17,544,348,4
37096,17,540,603,3
37113,17,518,492,3
37129,17,552,410,2
37146,17,533,394,2
37163,17,549,277,0
37179,17,552,280,0
37196,17,567,260,0
37213,17,541,379,2
37229,17,558,238,1
37246,17,510,222,1
37263,17,529,166,1
37279,17,523,150,1
37296,17,532,144,1
37312,17,517,247,1
37329,17,518,181,1
37346,17,521,147,1
37362,17,518,194,1
37379,17,514,151,1
37396,17,516,209,1
37412,17,522,164,1
37429,17,521,174,1
37445,17,515,235,1
37462,17,511,319,4
37479,17,521,177,1
37495,17,520,260,0
37512,17,524,186,1
37529,17,521,170,1
37545,17,521,230,1
37562,17,494,469,3
37579,17,512,204,1
37595,17,426,368,2
37612,17,492,297,4
37628,17,471,567,3
37645,17,495,312,4
37662,17,531,265,0
37678,17,323,528,3
37695,17,508,486,3
37712,17,495,324,4
37728,17,514,359,4
37745,17,444,397,2
37762,17,500,487,3
37778,17,259,607,3
37795,17,506,388,2
37811,17,503,260,0
37828,17,509,383,2
37845,17,463,390,2
37861,17,536,384,2
37878,17,479,460,3
37895,17,509,394,2
37911,17,510,342,4
37928,17,487,524,3
37945,17,380,497,3
37961,17,453,342,4
37978,17,469,428,3
37994,17,605,258,1
38011,17,563,431,3
38028,17,563,318,4
38044,17,590,251,1
38061,17,367,548,3
38078,17,561,262,0
38094,17,583,297,4
38111,17,350,550,3
38128,17,374,493,3
38144,17,568,243,1
38161,17,579,270,0
38177,17,488,335,4
38194,17,556,267,0
38211,17,539,357,4
38227,17,499,519,3
38244,17,525,529,3
38261,17,326,549,3
38277,17,538,312,4
38294,17,541,333,4
38311,17,549,307,4
38327,17,551,277,0
38344,17,557,317,4
38360,17,524,309,4
38377,17,544,325,4
38394,17,547,257,1
38410,17,535,294,4
38427,17,548,301,4
38444,17,537,363,4
38460,17,273,542,3
38477,17,543,382,2
38494,17,521,571,3
38510,17,536,280,0
38527,17,549,402,2
38543,17,532,335,4
38560,17,509,438,3
38577,17,376,427,3
38593,17,519,508,3
38610,17,543,308,4
38627,17,513,346,4
38643,17,375,453,3
38660,17,545,493,3
38676,17,509,418,5
39292,615,522,669,3
39309,17,596,798,0
39325,17,578,607,3
39342,17,588,478,3
39359,17,513,457,3
39375,17,409,547,3
39392,17,618,232,1
39408,17,604,476,3
39425,17,322,621,3
39442,17,603,309,4
39458,17,592,494,3
39475,17,594,378,2
39492,17,601,305,4
39508,17,598,243,1
39525,17,606,268,0
39542,17,599,292,4
39558,17,592,385,2
39575,17,592,256,1
39591,17,599,362,4
39608,17,598,349,4
39625,17,594,405,2
39641,17,591,417,2
39658,17,586,425,3
39675,17,591,419,3
39691,17,529,343,4
39708,17,541,294,4
39724,17,527,307,4
39741,17,534,316,4
39758,17,533,343,4
39774,17,529,336,4
39791,17,523,331,4
39808,17,534,324,4
39824,17,531,322,4
39841,17,534,338,4
39858,17,522,351,4
39874,17,533,324,4
39891,17,535,319,4
39907,17,530,347,4
39924,17,530,361,4
39941,17,528,351,4
39957,17,533,352,4
39974,17,517,339,4
39991,17,527,346,4
40007,17,523,360,4
40024,17,522,354,4
40041,17,527,361,4
40057,17,531,310,4
40074,17,525,349,4
40090,17,530,323,4
40107,17,500,294,4
40124,17,502,347,4
40140,17,502,345,4
40157,17,497,336,4
40174,17,499,322,4
40190,17,505,315,4
40207,17,503,319,4
40224,17,506,318,4
40240,17,502,320,4
40257,17,504,310,4
40273,17,498,332,4
40290,17,504,316,4
40307,17,505,344,4
40323,17,498,326,4
40340,17,501,323,4
40357,17,506,320,4
40373,17,495,332,4
40390,17,504,359,4
40407,17,497,331,4
40423,17,498,342,4
40440,17,502,348,4
40456,17,500,337,4
40473,17,501,343,4
40490,17,503,334,4
40506,17,507,347,4
40523,17,507,320,4
40540,17,498,334,4
40556,17,497,345,4
40573,17,495,336,4
40590,17,498,349,4
40606,17,506,311,4
40623,17,508,358,4
40639,17,500,307,4
40656,17,496,341,4
40673,17,495,343,4
40689,17,496,349,4
40706,17,511,348,4
40723,17,514,319,4
40739,17,536,186,1
40756,17,523,303,4
40773,17,510,317,4
40789,17,522,331,4
40806,17,508,336,4
40822,17,518,327,4
40839,17,513,326,4
40856,17,515,324,4
40872,17,517,337,4
40889,17,516,310,4
40906,17,524,323,4
40922,17,526,317,4
40939,17,527,279,0
40955,17,511,322,4
40972,17,531,212,1
40989,17,523,308,4
41005,17,523,289,4
41022,17,517,324,4
41039,17,521,328,4
41055,17,515,321,4
41072,17,520,322,4
41089,17,517,341,4
41105,17,513,304,4
41122,17,513,258,1
41138,17,519,327,4
41155,17,518,315,4
41172,17,519,310,4
41188,17,522,326,4
41205,17,520,245,1
41222,17,529,381,2
41355,133,778,626,3
41371,17,788,574,3
41388,17,737,502,3
41405,17,727,392,2
41421,17,732,364,0
41438,17,716,341,0
41455,17,729,253,1
41471,17,725,291,0
41488,17,725,258,1
41504,17,711,311,0
41521,17,732,280,0
41538,17,731,278,0
41554,17,755,75,0
41571,17,751,113,0
41588,17,740,168,0
41604,17,749,203,0
41621,17,747,144,0
41638,17,747,188,0
41654,17,745,197,0
41671,17,744,217,0
41687,17,754,208,0
41704,17,747,178,0
41721,17,753,210,0
41737,17,756,177,0
41754,17,751,214,0
41771,17,747,193,0
41787,17,752,218,0
41804,17,750,235,0
41821,17,756,220,0
41837,17,754,202,0
41854,17,760,214,0
41870,17,784,155,0
41887,17,804,141,0
41904,17,809,135,0
41920,17,810,144,0
41937,17,803,134,0
41954,17,795,136,0
41970,17,796,126,0
41987,17,810,161,0
42003,17,804,144,0
42020,17,809,124,0
42037,17,814,121,0
42053,17,806,139,0
42070,17,810,129,0
42087,17,814,111,0
42103,17,802,161,0
42120,17,806,136,0
42137,17,815,139,0
42153,17,828,120,0
42170,17,796,131,0
42186,17,812,145,0
42203,17,753,350,0
42220,17,740,494,3
42236,17,730,481,3
42253,17,734,484,3
42270,17,729,487,3
42286,17,734,471,3
42303,17,729,482,3
42320,17,735,487,3
42336,17,735,476,3
42353,17,737,462,3
42369,17,727,482,3
42386,17,730,459,3
42403,17,748,462,3
42419,17,728,462,3
42436,17,731,477,3
42453,17,673,684,3
42469,17,611,856,0
42486,17,593,944,0
42503,17,592,948,0
42519,17,589,940,0
42536,17,605,938,0
42552,17,601,943,0
42569,17,589,942,0
42586,17,580,919,0
42602,17,601,931,0
42619,17,542,926,0
42636,17,604,852,0
42652,17,609,677,3
42669,17,620,580,3
42686,17,613,557,3
42702,17,610,551,3
42719,17,619,554,3
42735,17,623,538,3
42752,17,620,542,3
42769,17,620,553,3
42785,17,620,553,3
42802,17,614,541,3
42819,17,610,544,3
42835,17,601,521,3
42852,17,577,419,3
42869,17,574,389,2
42885,17,570,397,2
42902,17,567,386,2
42918,17,581,378,2
42935,17,565,389,2
42952,17,581,370,2
42968,17,573,379,2
42985,17,573,393,2
43002,17,557,414,2
43234,233,545,1034,0
43268,33,452,1046,0
43284,17,552,991,0
43351,67,473,1002,0
43368,17,539,1033,0
43384,17,467,933,0
43401,17,449,908,0
43417,17,464,920,0
43434,17,459,932,0
43451,17,454,945,0
43467,17,454,948,0
43484,17,450,885,0
43501,17,453,912,0
43517,17,457,845,0
43534,17,443,943,0
43551,17,449,915,0
43567,17,449,922,0
43584,17,450,925,0
43600,17,460,916,0
43617,17,482,710,3
43634,17,545,461,3
43650,17,579,346,4
43667,17,574,448,3
43684,17,567,435,3
43700,17,571,451,3
43717,17,569,448,3
43734,17,563,439,3
43750,17,568,432,3
43767,17,560,451,3
43783,17,570,458,3
43800,17,566,450,3
43817,17,554,469,3
43833,17,521,341,4
43850,17,514,345,4
43867,17,521,322,4
43883,17,538,283,0
43900,17,529,329,4
43917,17,537,323,4
43933,17,522,323,4
43950,17,522,337,4
43966,17,528,222,1
43983,17,543,494,3
44149,166,512,707,3
44166,17,634,1025,0
44183,17,629,858,0
44199,17,527,906,0
44216,17,533,746,3
44233,17,514,753,3
44249,17,578,686,3
44266,17,574,795,0
44282,17,580,710,3
44299,17,525,670,3
44316,17,352,844,0
44332,17,581,716,3
44349,17,448,726,3
44366,17,533,677,3
44382,17,556,658,3
44399,17,593,675,3
44416,17,592,713,3
44432,17,765,653,3
44449,17,899,644,3
44465,17,993,662,3
44482,17,995,757,3
44499,17,988,727,3
44515,17,1001,763,3
44532,17,1000,752,3
44549,17,999,467,3
44565,17,993,760,3
44582,17,1001,768,0
44599,17,992,735,3
44615,17,1004,766,3
44632,17,1058,591,0
44648,17,1049,791,0
44665,17,954,851,0
44682,17,953,866,0
44698,17,1057,797,0
44715,17,1047,798,0
44732,17,1053,802,0
44748,17,973,776,0
44765,17,1053,769,0
44782,17,1066,781,0
44798,17,997,853,0
44815,17,958,873,0
44831,17,1066,795,0
44848,17,1065,810,0
44865,17,1034,739,0
44881,17,1043,727,0
44898,17,1065,737,0
44915,17,989,842,0
44931,17,919,805,0
44948,17,1083,790,0
44965,17,1081,780,0
44981,17,1065,780,0
44998,17,1071,795,0
45014,17,1052,715,0
45031,17,998,802,0
45048,17,944,902,0
45064,17,1070,732,0
45081,17,934,845,0
45098,17,970,831,0
45114,17,1063,774,0
45131,17,1074,752,0
45148,17,1067,760,0
45164,17,1073,794,0
45181,17,1067,775,0
45197,17,962,906,0
45214,17,1060,764,0
45231,17,968,862,0
45247,17,1080,543,0
45264,17,866,815,0
45281,17,860,801,0
45297,17,1057,741,0
45314,17,931,796,0
45331,17,1013,812,0
45347,17,1068,779,0
45364,17,1069,767,0
45380,17,1065,766,0
45397,17,1063,757,0
45414,17,974,851,0
45430,17,1026,543,0
45447,17,865,836,0
45464,17,960,829,0
45480,17,1063,778,0
45497,17,1050,774,0
45513,17,903,698,3
45530,17,771,626,3
45547,17,665,576,3
45563,17,632,688,3
45580,17,629,676,3
45597,17,635,675,3
45613,17,630,681,3
45630,17,621,677,3
45647,17,634,677,3
45663,17,614,673,3
45680,17,628,661,3
45696,17,624,670,3
45713,17,616,617,3
45730,17,683,967,0
45879,150,669,880,0
45896,17,678,609,3
45913,17,617,514,3
45929,17,614,392,2
45946,17,629,332,0
45963,17,631,346,0
45979,17,631,384,2
45996,17,638,358,0
46013,17,626,426,3
46029,17,624,396,2
46046,17,626,404,2
46062,17,629,382,2
46079,17,639,395,2
46096,17,625,408,2
46112,17,627,396,2
46129,17,629,389,2
46146,17,626,394,2
46162,17,631,403,2
46179,17,629,384,2
46196,17,622,300,0
46212,17,636,584,3
46229,17,607,792,0
46462,233,578,912,0
46478,17,659,822,0
46495,17,664,805,0
46512,17,664,817,0
46528,17,668,815,0
46545,17,673,786,0
46562,17,670,815,0
46578,17,658,792,0
46595,17,677,776,0
46611,17,666,805,0
46628,17,673,733,3
46645,17,638,974,0
46661,17,662,730,3
46678,17,649,806,0
46695,17,659,735,3
46711,17,657,806,0
46728,17,682,790,0
46744,17,658,801,0
46761,17,629,717,3
46778,17,516,637,3
46794,17,532,505,3
46811,17,562,512,3
46828,17,563,531,3
46844,17,567,551,3
46861,17,561,524,3
46878,17,554,474,3
46894,17,552,469,3
46911,17,558,501,3
46927,17,548,488,3
46944,17,573,524,3
46961,17,548,651,3
46977,17,428,713,3
47726,749,601,835,0
47743,17,520,753,3
47759,17,579,625,3
47776,17,571,571,3
47792,17,519,557,3
47809,17,383,607,3
47826,17,581,622,3
47842,17,576,462,3
47859,17,394,495,3
47876,17,551,427,3
47892,17,542,402,2
47909,17,552,403,2
47926,17,552,390,2
47942,17,548,414,2
47959,17,546,410,2
47975,17,552,412,2
47992,17,553,400,2
48009,17,554,395,2
48025,17,572,405,2
48042,17,556,312,4
48059,17,572,344,4
48075,17,509,368,2
48092,17,560,344,4
48109,17,504,428,3
48125,17,572,354,4
48142,17,564,306,4
48158,17,569,289,4
48175,17,570,331,4
48192,17,573,293,4
48208,17,575,357,4
48225,17,534,291,4
48242,17,451,200,1
48258,17,512,308,4
48275,17,507,323,4
48292,17,521,296,4
48308,17,519,316,4
48325,17,516,323,4
48341,17,514,312,4
48358,17,513,298,4
48375,17,518,321,4
48391,17,518,349,4
48408,17,515,338,4
48425,17,514,305,4
48441,17,510,315,4
48458,17,516,329,4
48475,17,521,330,4
48491,17,519,325,4
48508,17,514,356,4
48524,17,508,335,4
48541,17,521,347,4
48558,17,515,329,4
48574,17,515,308,4
48591,17,504,324,4
48608,17,608,703,3
49123,516,279,948,0
49140,17,269,920,0
49157,17,255,880,0
49173,17,199,1007,0
49190,17,200,999,0
49206,17,267,866,0
49223,17,266,871,0
49240,17,261,870,0
49256,17,202,980,0
49273,17,203,974,0
49290,17,260,883,0
49306,17,254,888,0
49323,17,244,864,0
49340,17,259,878,0
49356,17,179,859,0
49373,17,51,960,0
49389,17,138,831,0
49406,17,154,859,0
49423,17,128,872,0
49439,17,96,960,0
49456,17,127,886,0
49473,17,125,872,0
49489,17,120,969,0
49506,17,150,885,0
49523,17,158,895,0
49539,17,140,885,0
49556,17,176,923,0
49572,17,131,894,0
49589,17,86,941,0
49606,17,131,884,0
49622,17,127,890,0
49639,17,104,911,0
49656,17,105,932,0
49672,17,104,949,0
49689,17,119,881,0
49706,17,120,904,0
49722,17,100,816,0
49739,17,25,772,0
49805,67,3,725,3
49822,17,26,588,3
49839,17,8,566,3
49872,33,2,647,3
49889,17,7,668,3
49905,17,5,651,3
49938,33,8,907,0
50088,150,633,580,3
50105,17,590,514,3
50121,17,594,390,2
50138,17,587,291,4
50155,17,584,222,1
50171,17,584,319,4
50188,17,575,308,4
50205,17,576,339,4
50221,17,577,344,4
50238,17,578,342,4
50254,17,570,358,4
50271,17,578,364,4
50288,17,583,352,4
50304,17,535,346,4
50321,17,479,329,4
50338,17,514,316,4
50354,17,523,323,4
50371,17,513,328,4
50388,17,513,323,4
50404,17,509,341,4
50421,17,517,323,4
50437,17,511,318,4
50454,17,507,345,4
50471,17,513,327,4
50487,17,511,341,4
50504,17,517,326,4
50521,17,509,346,4
50537,17,516,338,4
50554,17,517,337,4
50571,17,516,341,4
50587,17,515,346,4
50604,17,514,331,4
50620,17,519,341,4
50637,17,515,336,4
50654,17,511,351,4
50670,17,517,340,4
50687,17,514,348,4
50704,17,513,337,4
50720,17,519,345,4
50737,17,453,422,3
50754,17,354,533,3
50770,17,236,646,3
50787,17,127,762,3
50803,17,24,805,0
50820,17,12,826,0
50837,17,18,818,0
50853,17,17,820,0
50870,17,6,818,0
50887,17,9,822,0
50903,17,11,826,0
50920,17,19,824,0
50937,17,18,846,0
50953,17,16,811,0
50970,17,17,827,0
50986,17,35,858,0
51003,17,93,947,0
51020,17,99,1021,0
51036,17,51,973,0
51053,17,117,1028,0
51070,17,122,1024,0
51086,17,70,1044,0
51103,17,127,1018,0
51120,17,121,1026,0
51136,17,93,1038,0
51153,17,126,1013,0
51169,17,125,1008,0
51186,17,133,1072,0
51203,17,131,1058,0
51219,17,95,1074,0
51236,17,172,874,0
51253,17,166,968,0
51269,17,142,947,0
51286,17,114,930,0
51302,17,174,889,0
51319,17,161,909,0
51336,17,222,905,0
51352,17,182,831,0
51369,17,91,958,0
51386,17,115,955,0
51402,17,186,965,0
51535,133,503,383,2
51552,17,561,747,3
51569,17,658,566,3
51585,17,624,487,3
51602,17,621,434,3
51619,17,595,382,2
51635,17,605,274,0
51652,17,601,323,4
51668,17,607,270,0
51685,17,616,313,0
51702,17,621,279,0
51718,17,603,370,2
51735,17,612,355,4
51752,17,618,383,2
51768,17,598,383,2
51785,17,600,388,2
51802,17,611,379,2
51818,17,605,390,2
51835,17,595,397,2
51851,17,608,368,2
51868,17,524,370,2
51885,17,503,256,1
51901,17,496,332,4
51918,17,496,332,4
51935,17,496,336,4
51951,17,493,330,4
51968,17,497,350,4
51985,17,508,328,4
52001,17,494,335,4
52018,17,501,350,4
52034,17,495,371,2
52051,17,494,360,4
52068,17,489,354,4
52084,17,493,360,4
52101,17,495,352,4
52118,17,500,333,4
52134,17,497,358,4
52151,17,493,332,4
52168,17,492,356,4
52184,17,500,335,4
52201,17,496,378,2
52217,17,504,356,4
52234,17,501,331,4
52251,17,496,341,4
52267,17,495,367,2
52284,17,494,360,4
52301,17,506,334,4
52317,17,498,350,4
52334,17,494,352,4
52350,17,502,347,4
52367,17,495,351,4
52384,17,496,326,4
52400,17,502,319,4
52417,17,500,344,4
52434,17,497,349,4
52450,17,502,340,4
52467,17,492,350,4
52484,17,490,339,4
52500,17,500,352,4
52517,17,542,312,4
52533,17,529,343,4
52550,17,533,338,4
52567,17,531,325,4
52583,17,535,322,4
52600,17,537,326,4
52617,17,531,341,4
52633,17,539,332,4
52650,17,533,305,4
52667,17,533,328,4
52683,17,537,321,4
52700,17,533,333,4
52716,17,542,326,4
52733,17,501,349,4
52750,17,513,343,4
52766,17,508,322,4
52783,17,506,352,4
52800,17,505,328,4
52816,17,504,349,4
52833,17,505,338,4
52850,17,501,340,4
52866,17,504,329,4
52883,17,499,341,4
52899,17,505,347,4
52916,17,510,352,4
52933,17,513,353,4
52949,17,509,324,4
52966,17,509,350,4
52983,17,510,339,4
52999,17,509,345,4
53016,17,505,343,4
53033,17,512,339,4
53049,17,505,352,4
53066,17,507,373,2
53082,17,549,329,4
53099,17,629,325,0
53116,17,638,296,0
53132,17,637,304,0
53149,17,636,306,0
53166,17,648,285,0
53182,17,643,294,0
53199,17,644,304,0
53216,17,632,297,0
53232,17,647,300,0
53249,17,645,303,0
53265,17,637,300,0
53282,17,647,299,0
53299,17,643,244,1
53315,17,643,282,0
53332,17,640,287,0
53349,17,640,309,0
53365,17,637,280,0
53382,17,637,303,0
53399,17,641,280,0
53415,17,636,303,0
53432,17,628,293,0
53448,17,648,308,0
53465,17,637,290,0
53482,17,634,316,0
53498,17,633,292,0
53515,17,627,316,0
53532,17,636,295,0
53548,17,639,301,0
53565,17,638,293,0
53581,17,638,284,0
53598,17,640,290,0
53615,17,639,288,0
53631,17,632,311,0
53648,17,638,269,0
53665,17,645,297,0
53681,17,629,287,0
53698,17,640,296,0
53715,17,636,300,0
53731,17,631,296,0
53748,17,638,302,0
53764,17,642,307,0
53781,17,642,300,0
53798,17,628,300,0
53814,17,642,278,0
53831,17,650,303,0
53848,17,643,295,0
53864,17,650,272,0
53881,17,648,298,0
53898,17,641,302,0
53914,17,637,301,0
53931,17,635,288,0
53947,17,601,301,4
53964,17,577,257,1
53981,17,581,267,0
53997,17,585,245,1
54014,17,570,276,0
54031,17,585,267,0
54047,17,580,251,1
54064,17,575,260,0
54081,17,580,262,0
54097,17,573,267,0
54114,17,575,276,0
54130,17,580,266,0
54147,17,578,294,4
54164,17,578,285,0
54180,17,575,285,0
54197,17,585,269,0
54214,17,573,281,0
54230,17,578,260,0
54247,17,572,299,4
54264,17,591,289,4
54280,17,596,311,4
54297,17,584,320,4
54313,17,584,346,4
54330,17,579,314,4
54347,17,598,298,4
54363,17,595,335,4
54380,17,594,331,4
54397,17,576,342,4
54513,116,650,556,3
54530,17,627,458,3
54546,17,630,358,0
54563,17,631,239,1
54580,17,624,195,1
54596,17,624,182,1
54613,17,614,273,0
54630,17,530,333,4
54646,17,623,226,1
54663,17,615,256,1
54679,17,622,311,0
54696,17,618,305,0
54713,17,620,272,0
54729,17,620,304,0
54746,17,621,333,0
54763,17,616,307,0
54779,17,624,309,0
54796,17,624,311,0
54812,17,618,308,0
54829,17,617,325,0
54846,17,574,415,2
54862,17,556,553,3
54879,17,536,687,3
54896,17,522,827,0
54912,17,452,1003,0
55145,233,283,1007,0
55162,17,317,917,0
55178,17,338,977,0
55195,17,316,924,0
55212,17,326,931,0
55228,17,257,955,0
55245,17,265,957,0
55262,17,270,961,0
55278,17,332,929,0
55295,17,317,918,0
55312,17,315,925,0
55328,17,320,920,0
55345,17,336,981,0
55361,17,320,976,0
55378,17,323,907,0
55395,17,290,968,0
55411,17,280,967,0
55428,17,272,970,0
55445,17,322,914,0
55461,17,317,943,0
55478,17,346,991,0
55495,17,323,914,0
55511,17,323,915,0
55528,17,287,979,0
55544,17,275,979,0
55561,17,316,997,0
55578,17,358,1009,0
55594,17,419,910,0
55611,17,343,999,0
55628,17,423,935,0
55644,17,425,934,0
55661,17,419,936,0
55678,17,420,928,0
55694,17,321,977,0
55711,17,452,820,0
55727,17,539,612,3
55744,17,550,450,3
55761,17,548,440,3
55777,17,555,412,2
55794,17,563,427,3
55811,17,554,447,3
55827,17,555,418,5
55844,17,568,445,3
55860,17,566,438,3
55877,17,555,448,3
55894,17,565,432,3
55910,17,562,430,3
55927,17,561,436,3
55944,17,556,430,3
55960,17,566,417,5
55977,17,554,445,3
55994,17,554,437,3
56010,17,549,416,2
56027,17,545,352,4
56043,17,541,354,4
56060,17,537,339,4
56077,17,546,346,4
56093,17,548,325,4
56110,17,545,328,4
56127,17,543,348,4
56143,17,536,349,4
56160,17,536,344,4
56177,17,545,347,4
56193,17,531,353,4
56210,17,540,339,4
56226,17,540,317,4
56243,17,537,327,4
56260,17,541,330,4
56276,17,534,358,4
56293,17,538,335,4
56310,17,535,330,4
56326,17,536,319,4
56343,17,540,326,4
56360,17,546,320,4
56376,17,545,345,4
56393,17,529,332,4
56559,166,560,507,3
56576,17,513,399,2
56592,17,514,336,4
56609,17,515,339,4
56626,17,507,282,0
56642,17,512,262,0
56659,17,528,227,1
56676,17,521,224,1
56692,17,514,223,1
56709,17,526,198,1
56726,17,512,295,4
56742,17,526,297,4
56759,17,510,305,4
56775,17,512,303,4
56792,17,510,332,4
56809,17,508,287,0
56825,17,518,303,4
56842,17,512,314,4
56859,17,502,312,4
56875,17,517,302,4
56892,17,513,296,4
56909,17,520,327,4
56925,17,513,339,4
56942,17,488,301,4
56958,17,504,327,4
56975,17,533,330,4
56992,17,558,451,3
57008,17,563,414,2
57025,17,564,433,3
57042,17,567,422,3
57058,17,560,419,5
57075,17,575,435,3
57091,17,578,442,3
57108,17,567,438,3
57125,17,569,434,3
57141,17,567,432,3
57158,17,575,449,3
57175,17,573,439,3
57191,17,573,429,3
57208,17,573,431,3
57225,17,571,414,2
57241,17,551,438,3
57258,17,572,461,3
57274,17,569,445,3
57291,17,572,432,3
57308,17,575,433,3
57324,17,572,441,3
57341,17,566,440,3
57358,17,572,424,3
57374,17,630,292,0
57391,17,637,267,0
57408,17,633,281,0
57424,17,636,283,0
57441,17,635,295,0
57457,17,631,286,0
57474,17,639,253,1
57491,17,642,291,0
57507,17,635,263,0
57524,17,641,264,0
57541,17,633,261,0
57557,17,700,202,1
57574,17,707,212,1
57591,17,718,188,1
57607,17,717,185,1
57624,17,712,177,1
57640,17,722,194,1
57657,17,720,167,1
57674,17,716,200,1
57690,17,718,157,1
57707,17,722,189,1
57724,17,721,187,1
57740,17,714,186,1
57757,17,710,198,1
57774,17,715,177,1
57790,17,710,159,1
57940,150,664,350,0
57957,17,666,168,1
57973,17,689,118,0
57990,17,696,48,0
58006,17,705,59,0
58023,17,686,104,0
58040,17,682,183,1
58056,17,684,162,1
58073,17,689,177,1
58090,17,687,192,1
58106,17,691,191,1
58123,17,696,167,1
58139,17,696,163,1
58156,17,692,165,1
58173,17,689,169,1
58189,17,690,177,1
58206,17,689,199,1
58223,17,686,184,1
58239,17,688,153,1
58256,17,692,181,1
58273,17,689,202,1
58289,17,690,166,1
58306,17,684,184,1
58322,17,686,177,1
58339,17,689,174,1
58356,17,689,171,1
58372,17,687,194,1
58389,17,686,193,1
58406,17,691,156,1
58422,17,693,184,1
58439,17,691,167,1
58456,17,682,173,1
58472,17,684,200,1
58489,17,683,180,1
58505,17,716,158,1
58522,17,699,174,1
58539,17,705,171,1
58555,17,703,163,1
58572,17,700,174,1
58589,17,699,158,1
58605,17,703,164,1
58622,17,706,160,1
58639,17,708,168,1
58655,17,695,178,1
58672,17,702,146,1
58688,17,704,177,1
58705,17,703,168,1
58722,17,703,166,1
58738,17,704,160,1
58755,17,714,148,1
58772,17,701,189,1
58788,17,624,297,0
58805,17,595,372,2
58822,17,582,380,2
58838,17,581,376,2
58855,17,584,376,2
58871,17,593,356,4
58888,17,590,374,2
58905,17,593,358,4
58921,17,593,379,2
58938,17,596,366,2
58955,17,589,388,2
58971,17,590,376,2
58988,17,597,355,4
59005,17,585,358,4
59021,17,589,367,2
59038,17,593,348,4
59054,17,590,348,4
59071,17,593,349,4
59088,17,594,369,2
59104,17,594,368,2
59121,17,590,395,2
59138,17,586,386,2
59154,17,590,398,2
59171,17,595,368,2
59188,17,586,368,2
59204,17,595,381,2
59221,17,593,372,2
59237,17,596,370,2
59254,17,593,377,2
59271,17,589,376,2
59287,17,590,389,2
59304,17,597,350,4
59321,17,589,375,2
59337,17,587,370,2
59354,17,591,350,4
59370,17,591,369,2
59387,17,592,356,4
59404,17,598,374,2
59420,17,594,369,2
59437,17,589,377,2
59454,17,590,394,2
59470,17,589,363,4
59487,17,591,386,2
59504,17,595,374,2
59520,17,591,363,4
59537,17,588,361,4
59553,17,591,361,4
59570,17,591,373,2
59587,17,593,369,2
59603,17,597,365,2
59620,17,590,380,2
59637,17,591,397,2
59653,17,590,368,2
59670,17,590,376,2
59687,17,592,370,2
59703,17,590,372,2
59720,17,594,372,2
59736,17,591,398,2
59753,17,593,377,2
59770,17,593,373,2
59786,17,591,368,2
59803,17,599,369,2
59820,17,595,363,4
59836,17,594,358,4
59853,17,554,381,2
59870,17,531,393,2
60019,150,447,830,0
60036,17,507,480,3
60053,17,527,360,4
60069,17,523,267,0
60086,17,509,273,0
60102,17,509,229,1
60119,17,513,203,1
60136,17,510,368,2
60152,17,506,363,4
60169,17,507,358,4
60186,17,503,363,4
60202,17,511,358,4
60219,17,504,381,2
60236,17,506,357,4
60252,17,510,382,2
60269,17,510,358,4
60285,17,510,350,4
60302,17,505,364,4
60319,17,501,380,2
60335,17,513,361,4
60352,17,518,348,4
60369,17,521,368,2
60385,17,514,359,4
60402,17,512,356,4
60418,17,519,348,4
60435,17,524,340,4
60452,17,517,362,4
60468,17,523,346,4
60485,17,520,348,4
60502,17,520,351,4
60518,17,517,355,4
60535,17,520,354,4
60552,17,515,351,4
60568,17,516,352,4
60585,17,514,342,4
60601,17,513,369,2
60618,17,508,351,4
60635,17,517,363,4
60651,17,521,364,4
60668,17,523,355,4
60685,17,518,340,4
60701,17,512,283,0
60718,17,584,485,3
60851,133,635,604,3
60868,17,639,547,3
60884,17,641,538,3
61483,599,527,332,4
61500,17,552,423,3
61516,17,587,459,3
61533,17,548,422,3
61550,17,569,389,2
61566,17,516,420,5
61583,17,552,386,2
61600,17,574,379,2
61616,17,537,377,2
61633,17,528,481,3
61649,17,540,479,3
61666,17,523,376,2
61683,17,545,491,3
61699,17,525,496,3
61716,17,532,480,3
61733,17,467,506,3
61749,17,501,423,3
61766,17,508,400,2
61783,17,508,476,3
61799,17,517,430,3
61816,17,517,458,3
61832,17,500,418,5
61849,17,509,393,2
61866,17,465,426,3
61882,17,514,397,2
61899,17,481,427,3
61916,17,512,391,2
61932,17,504,377,2
61949,17,471,481,3
61966,17,503,425,3
61982,17,492,365,2
61999,17,474,381,2
62015,17,470,399,2
62032,17,517,368,2
62049,17,505,393,2
62065,17,509,393,2
62082,17,499,365,2
62099,17,480,487,3
62115,17,473,496,3
62132,17,504,382,2
62149,17,493,399,2
62165,17,467,556,3
62182,17,501,428,3
62198,17,492,390,2
62215,17,492,481,3
62232,17,420,286,0
62248,17,332,669,3
62265,17,520,416,2
62282,17,570,339,4
62298,17,556,307,4
62315,17,527,522,3
62332,17,600,476,3
62348,17,577,533,3
62365,17,535,492,3
62381,17,547,492,3
62398,17,519,526,3
62415,17,587,483,3
62431,17,531,489,3
62448,17,534,477,3
62465,17,528,480,3
62481,17,564,486,3
62498,17,523,547,3
62515,17,576,461,3
62531,17,529,520,3
62548,17,551,477,3
62564,17,542,486,3
62581,17,530,504,3
62598,17,589,482,3
62614,17,567,419,5
62631,17,551,432,3
62648,17,530,470,3
62664,17,570,317,4
62681,17,529,484,3
62698,17,543,516,3
62714,17,578,507,3
62731,17,533,447,3
62747,17,576,441,3
62764,17,462,541,3
62781,17,550,458,3
62797,17,523,469,3
62814,17,543,463,3
62831,17,538,432,3
62847,17,557,572,3
62864,17,551,488,3
62880,17,536,639,3
62897,17,473,797,0
62914,17,668,764,3
63197,283,481,1072,0
63213,17,495,1057,0
63230,17,561,1040,0
63246,17,565,950,0
63263,17,535,1057,0
63280,17,533,1034,0
63296,17,535,947,0
63313,17,501,962,0
63330,17,506,947,0
63346,17,503,1073,0
63363,17,503,1064,0
63380,17,510,925,0
63396,17,497,1050,0
63413,17,464,994,0
63429,17,454,948,0
63446,17,467,941,0
63463,17,469,927,0
63479,17,449,1025,0
63496,17,468,937,0
63513,17,457,969,0
63529,17,412,913,0
63546,17,460,876,0
63563,17,465,916,0
63579,17,377,993,0
63596,17,478,893,0
63612,17,447,953,0
63629,17,457,1026,0
63646,17,450,900,0
63662,17,418,998,0
63679,17,441,914,0
63696,17,457,943,0
63712,17,466,861,0
63729,17,508,763,3
63746,17,521,610,3
63762,17,588,359,4
63779,17,289,590,3
63795,17,585,251,1
63812,17,588,306,4
63829,17,587,251,1
63845,17,592,398,2
63862,17,567,408,2
63879,17,567,397,2
63895,17,573,398,2
63912,17,577,399,2
63928,17,590,373,2
63945,17,576,387,2
63962,17,575,388,2
63978,17,573,390,2
63995,17,527,365,2
64012,17,536,187,1
64028,17,518,324,4
64045,17,491,303,4
64062,17,481,311,4
64078,17,489,315,4
64095,17,475,314,4
64111,17,502,303,4
64128,17,497,304,4
64145,17,501,331,4
64161,17,497,333,4
64178,17,496,289,4
64195,17,530,306,4
64211,17,528,324,4
64228,17,536,312,4
64245,17,514,350,4
64261,17,524,324,4
64278,17,523,334,4
64294,17,526,324,4
64311,17,518,330,4
64328,17,518,312,4
64344,17,519,361,4
64361,17,522,343,4
64378,17,521,340,4
64394,17,527,308,4
64411,17,520,326,4
64428,17,514,350,4
64444,17,516,330,4
64461,17,545,321,4
64477,17,568,441,3
64494,17,561,426,3
64511,17,564,448,3
64527,17,566,453,3
64544,17,572,448,3
64561,17,569,454,3
64577,17,568,442,3
64594,17,568,457,3
64611,17,567,442,3
64627,17,554,453,3
64644,17,562,440,3
64660,17,563,465,3
64677,17,553,465,3
64694,17,571,460,3
64710,17,563,447,3
64727,17,561,442,3
64744,17,561,446,3
64760,17,560,443,3
64777,17,554,461,3
64794,17,552,453,3
64810,17,558,462,3
64827,17,561,470,3
64843,17,572,446,3
64860,17,555,458,3
64877,17,560,463,3
64893,17,561,470,3
64910,17,562,455,3
64927,17,565,446,3
64943,17,550,456,3
64960,17,563,451,3
64977,17,552,458,3
64993,17,558,466,3
65010,17,550,462,3
65026,17,553,433,3
65043,17,555,442,3
65060,17,556,443,3
65076,17,548,440,3
65093,17,552,453,3
65110,17,563,431,3
65126,17,551,439,3
65143,17,550,447,3
65159,17,552,460,3
65176,17,552,456,3
65193,17,554,419,5
65209,17,554,454,3
65226,17,554,441,3
65243,17,502,359,4
65259,17,524,337,4
65276,17,512,361,4
65293,17,512,250,1
65309,17,524,224,1
65326,17,482,313,4
65342,17,492,355,4
65359,17,491,327,4
65376,17,482,343,4
65392,17,480,316,4
65409,17,484,328,4
65426,17,481,352,4
65442,17,481,347,4
65459,17,485,333,4
65476,17,484,322,4
65492,17,495,322,4
65509,17,497,323,4
65525,17,505,373,2
65542,17,489,337,4
65559,17,529,380,2
65575,17,549,479,3
65592,17,557,477,3
65609,17,552,486,3
65625,17,556,450,3
65642,17,558,460,3
65659,17,559,440,3
65675,17,559,475,3
65692,17,558,463,3
65708,17,557,456,3
65725,17,552,459,3
65742,17,571,473,3
65758,17,557,467,3
65775,17,556,444,3
65792,17,556,456,3
65808,17,556,462,3
65825,17,559,458,3
65842,17,551,469,3
65858,17,556,471,3
65875,17,557,463,3
65891,17,555,482,3
65908,17,559,467,3
65925,17,560,454,3
65941,17,556,453,3
65958,17,565,474,3
65975,17,555,478,3
65991,17,555,460,3
66008,17,567,465,3
66025,17,556,458,3
66041,17,558,476,3
66058,17,556,464,3
66074,17,553,453,3
66091,17,558,446,3
66108,17,555,455,3
66124,17,548,488,3
66141,17,548,491,3
66158,17,554,473,3
66174,17,555,468,3
66191,17,534,456,3
66207,17,531,442,3
66224,17,532,445,3
66241,17,533,430,3
66257,17,530,440,3
66274,17,530,421,5
66291,17,524,455,3
66307,17,533,435,3
66324,17,531,447,3
66341,17,537,440,3
66357,17,536,449,3
66374,17,524,433,3
66390,17,507,360,4
66407,17,505,326,4
66424,17,504,357,4
66440,17,498,335,4
66457,17,502,334,4
66474,17,505,315,4
66490,17,508,331,4
66507,17,509,327,4
66524,17,503,342,4
66540,17,500,342,4
66557,17,502,326,4
66573,17,494,345,4
66590,17,501,338,4
66607,17,501,327,4
66623,17,503,353,4
66640,17,504,348,4
66657,17,500,342,4
66673,17,503,348,4
66690,17,489,358,4
66707,17,506,360,4
66723,17,495,351,4
66740,17,504,351,4
66756,17,505,332,4
66773,17,502,334,4
66790,17,501,331,4
66806,17,495,362,4
66823,17,502,384,2
66840,17,564,269,0
66856,17,335,917,0
66989,133,642,929,0
67006,17,548,856,0
67023,17,497,997,0
67039,17,513,1068,0
67056,17,528,931,0
67073,17,550,1042,0
67089,17,409,981,0
67106,17,534,876,0
67122,17,542,772,0
67139,17,436,974,0
67156,17,445,1046,0
67189,33,473,827,0
67206,17,393,979,0
67239,33,536,1046,0
67256,17,471,980,0
67272,17,494,980,0
67305,33,425,841,0
67322,17,428,961,0
67339,17,447,944,0
67355,17,434,795,0
67372,17,425,787,0
67389,17,391,915,0
67405,17,416,894,0
67422,17,448,884,0
67438,17,366,992,0
67455,17,414,877,0
67472,17,447,883,0
67488,17,374,880,0
67505,17,402,887,0
67522,17,412,786,0
67538,17,418,724,3
67555,17,340,914,0
67572,17,417,730,3
67588,17,563,555,3
67605,17,546,437,3
67621,17,565,349,4
67638,17,567,315,4
67655,17,557,436,3
67671,17,562,452,3
67688,17,551,474,3
67705,17,548,413,2
67721,17,577,416,2
67738,17,561,425,3
67755,17,573,397,2
67771,17,555,464,3
67788,17,558,450,3
67804,17,551,460,3
67821,17,573,482,3
67838,17,558,461,3
67854,17,558,455,3
67871,17,553,475,3
67888,17,566,457,3
67904,17,500,402,2
67921,17,512,385,2
67938,17,502,379,2
67954,17,508,409,2
67971,17,510,371,2
67987,17,511,377,2
68004,17,514,384,2
68021,17,504,393,2
68037,17,498,366,2
68054,17,508,383,2
68071,17,510,368,2
68087,17,515,380,2
68104,17,507,383,2
68121,17,492,357,4
68137,17,496,359,4
68154,17,494,349,4
68170,17,490,340,4
68187,17,495,346,4
68204,17,493,361,4
68220,17,489,358,4
68237,17,497,357,4
68254,17,494,349,4
68270,17,495,361,4
68287,17,495,344,4
68304,17,504,356,4
68320,17,505,335,4
68337,17,506,356,4
68353,17,497,366,2
68370,17,494,422,3
68387,17,391,331,0
68520,133,520,477,3
68536,17,471,442,3
68553,17,445,436,3
68570,17,498,382,2
68586,17,489,316,4
68603,17,497,268,0
68620,17,492,239,1
68636,17,496,246,1
68653,17,493,206,1
68669,17,482,472,3
68686,17,457,335,4
68703,17,487,402,2
68719,17,495,317,4
68736,17,492,341,4
68753,17,495,204,1
68769,17,506,125,0
68786,17,496,329,4
68803,17,495,329,4
68819,17,515,85,0
68836,17,499,159,1
68852,17,494,318,4
68869,17,490,351,4
68886,17,482,343,4
68902,17,489,328,4
68919,17,505,374,2
68936,17,548,483,3
68952,17,533,471,3
68969,17,541,483,3
68986,17,543,472,3
69002,17,533,483,3
69019,17,545,442,3
69035,17,537,468,3
69052,17,535,455,3
69069,17,542,494,3
69085,17,540,482,3
69102,17,549,455,3
69119,17,539,478,3
69135,17,537,471,3
69152,17,550,475,3
69169,17,520,393,2
69185,17,516,293,4
69202,17,511,293,4
69218,17,519,258,1
69235,17,523,264,0
69252,17,516,296,4
69268,17,519,280,0
69285,17,517,265,0
69302,17,515,293,4
69318,17,521,287,0
69335,17,521,266,0
69352,17,524,236,1
69368,17,529,184,1
69385,17,556,381,2
69501,116,538,591,3
69518,17,574,448,3
69535,17,590,328,4
69551,17,580,257,1
69568,17,534,247,1
69584,17,561,250,1
69601,17,556,188,1
69618,17,563,180,1
69634,17,553,184,1
69651,17,552,357,4
69668,17,551,467,3
69684,17,542,477,3
69701,17,547,453,3
69717,17,550,432,3
69734,17,549,479,3
69751,17,541,465,3
69767,17,561,473,3
69784,17,544,459,3
69801,17,546,480,3
69817,17,541,466,3
69834,17,545,460,3
69851,17,537,458,3
69867,17,548,454,3
69884,17,546,462,3
69900,17,542,440,3
69917,17,556,419,5
69934,17,536,419,5
69950,17,536,445,3
69967,17,538,428,3
69984,17,550,438,3
70000,17,547,440,3
70017,17,543,440,3
70034,17,544,422,3
70050,17,547,412,2
70067,17,558,417,5
70083,17,552,439,3
70100,17,551,445,3
70117,17,550,434,3
70133,17,549,416,2
70150,17,547,421,5
70167,17,549,439,3
70183,17,556,428,3
70200,17,543,436,3
70217,17,540,420,5
70233,17,547,437,3
70250,17,546,481,3
70266,17,621,364,0
70366,100,460,349,4
70383,17,525,352,4
70400,17,518,242,1
70416,17,508,169,1
70433,17,524,163,1
70449,17,336,396,2
70466,17,375,289,0
70483,17,524,242,1
70499,17,526,192,1
70516,17,535,56,0
70533,17,512,276,0
70549,17,511,259,1
70566,17,513,273,0
70583,17,520,250,1
70599,17,528,237,1
70616,17,518,272,0
70632,17,528,108,0
70649,17,535,45,0
70666,17,515,291,4
70682,17,521,314,4
70699,17,526,321,4
70716,17,514,303,4
70732,17,512,311,4
70749,17,514,316,4
70765,17,519,323,4
70782,17,510,334,4
70799,17,523,313,4
70815,17,514,338,4
70832,17,510,307,4
70849,17,512,312,4
70865,17,518,338,4
70882,17,524,335,4
70899,17,517,322,4
70915,17,516,214,1
70932,17,566,497,3
71364,433,99,1080,0
71381,17,163,911,0
71398,17,150,898,0
71414,17,123,977,0
71431,17,103,978,0
71448,17,174,986,0
71464,17,175,984,0
71481,17,175,990,0
71497,17,178,994,0
71514,17,172,993,0
71531,17,177,983,0
71547,17,174,794,0
71564,17,175,984,0
71581,17,197,887,0
71597,17,182,880,0
71614,17,164,880,0
71631,17,139,983,0
71647,17,149,892,0
71664,17,124,989,0
71680,17,324,843,0
71697,17,380,859,0
71714,17,365,990,0
71730,17,381,878,0
71747,17,402,898,0
71764,17,313,1006,0
71780,17,301,905,0
71797,17,407,906,0
71814,17,351,936,0
71830,17,408,856,0
71847,17,299,813,0
71863,17,569,473,3
71880,17,553,329,4
71897,17,558,385,2
71913,17,553,412,2
71930,17,554,378,2
71947,17,553,395,2
71963,17,552,409,2
71980,17,560,383,2
71996,17,569,400,2
72013,17,543,427,3
72030,17,550,400,2
72046,17,558,408,2
72063,17,557,384,2
72080,17,558,389,2
72096,17,557,400,2
72113,17,574,422,3
72130,17,556,434,3
72146,17,564,428,3
72163,17,557,420,5
72179,17,559,432,3
72196,17,547,411,2
72213,17,557,417,5
72229,17,557,389,2
72246,17,561,423,3
72263,17,553,393,2
72279,17,537,308,4
72296,17,523,326,4
72313,17,532,310,4
72329,17,515,318,4
72346,17,531,327,4
72362,17,539,323,4
72379,17,530,334,4
72396,17,523,361,4
72412,17,534,339,4
72429,17,522,319,4
72446,17,520,342,4
72462,17,520,324,4
72479,17,531,316,4
72496,17,526,337,4
72512,17,524,332,4
72529,17,508,321,4
72545,17,496,305,4
72562,17,509,318,4
72579,17,510,284,0
72595,17,504,335,4
72612,17,507,323,4
72629,17,490,362,4
72645,17,496,339,4
72662,17,509,317,4
72679,17,501,332,4
72695,17,502,314,4
72712,17,500,322,4
72728,17,506,320,4
72745,17,494,350,4
72762,17,508,324,4
72778,17,502,318,4
72795,17,507,331,4
72812,17,500,327,4
72828,17,500,262,0
72845,17,481,344,4
72995,150,419,245,1
73011,17,504,537,3
73028,17,520,443,3
73044,17,544,434,3
73061,17,549,416,2
73078,17,511,443,3
73094,17,442,354,4
73277,183,627,571,3
73294,17,404,475,3
73311,17,557,624,3
73327,17,551,554,3
73344,17,548,565,3
73361,17,465,445,3
73527,166,451,494,3
73544,17,128,993,0
73560,17,715,586,3
73577,17,625,442,3
73593,17,433,594,3
73610,17,562,391,2
73627,17,555,386,2
73643,17,582,349,4
73660,17,583,317,4
73677,17,584,369,2
73693,17,396,386,2
73710,17,512,353,4
73727,17,484,386,2
73743,17,515,318,4
73760,17,569,265,0
73776,17,371,483,3
73793,17,377,498,3
73810,17,456,353,4
73826,17,310,609,3
73843,17,570,394,2
73860,17,516,481,3
73876,17,545,463,3
73893,17,562,307,4
73910,17,556,259,1
73926,17,536,231,1
73943,17,533,204,1
73959,17,531,186,1
73976,17,502,208,1
73993,17,520,345,4
74009,17,508,300,4
74026,17,511,416,2
74043,17,524,416,2
74059,17,441,442,3
74076,17,538,158,1
74093,17,536,153,1
74109,17,527,250,1
74126,17,463,351,4
74142,17,532,165,1
74159,17,524,285,0
74176,17,527,166,1
74192,17,510,242,1
74209,17,468,185,1
74226,17,463,378,2
74242,17,505,309,4
74259,17,491,284,0
74275,17,491,391,2
74292,17,294,296,0
74309,17,472,384,2
74325,17,502,155,1
74342,17,293,426,3
74359,17,491,173,1
74375,17,498,157,1
74392,17,507,256,1
74409,17,511,176,1
74425,17,503,134,1
74442,17,504,238,1
74458,17,483,230,1
74475,17,506,160,1
74492,17,506,279,0
74508,17,507,194,1
74525,17,445,264,0
74542,17,507,213,1
74558,17,503,250,1
74575,17,481,482,3
74592,17,496,297,4
74608,17,492,386,2
74625,17,519,240,1
74641,17,509,205,1
74658,17,469,519,3
74675,17,502,379,2
74691,17,482,502,3
74708,17,486,237,1
74725,17,513,206,1
74741,17,469,617,3
74758,17,495,233,1
74775,17,502,203,1
74791,17,481,342,4
74808,17,502,258,1
74824,17,466,346,4
74841,17,504,228,1
74858,17,407,343,0
74874,17,490,225,1
74891,17,515,383,2
74908,17,564,316,4
74924,17,539,485,3
74941,17,555,483,3
74958,17,589,311,4
74974,17,572,293,4
74991,17,567,302,4
75007,17,568,363,4
75024,17,578,321,4
75041,17,464,373,2
75423,383,580,858,0
75540,116,543,847,0
75556,17,646,790,0
75573,17,551,836,0
75590,17,698,814,0
75606,17,561,714,3
75623,17,645,763,3
75640,17,662,741,3
75656,17,573,837,0
75673,17,578,846,0
75723,50,492,738,3
75739,17,397,761,3
75756,17,525,876,0
75773,17,620,673,3
75789,17,555,863,0
75806,17,471,749,3
75823,17,617,747,3
75839,17,707,618,3
75856,17,395,399,2
75872,17,525,428,3
75889,17,530,423,3
75906,17,549,414,2
75922,17,581,501,3
75939,17,601,530,3
75956,17,558,454,3
75972,17,560,139,1
75989,17,675,464,3
76006,17,560,475,3
76022,17,457,491,3
76039,17,590,622,3
76055,17,532,264,0
76072,17,532,193,1
76089,17,537,138,1
76105,17,526,199,1
76122,17,503,416,2
76139,17,503,352,4
76155,17,479,289,4
76172,17,472,606,3
76189,17,445,769,0
76205,17,426,801,0
76222,17,423,789,0
76238,17,433,762,3
76255,17,433,795,0
76272,17,425,785,0
76288,17,426,775,0
76305,17,369,875,0
76322,17,361,881,0
76338,17,353,880,0
76355,17,427,728,3
76372,17,439,475,3
76388,17,425,694,3
76405,17,353,890,0
76421,17,355,885,0
76438,17,353,883,0
76455,17,355,880,0
76471,17,425,607,3
76488,17,362,884,0
76505,17,364,894,0
76521,17,422,610,3
76538,17,425,578,3
76554,17,369,915,0
76571,17,425,586,3
76588,17,424,634,3
76604,17,374,798,0
76621,17,381,812,0
76638,17,392,819,0
76654,17,402,822,0
76671,17,409,825,0
76688,17,395,826,0
76704,17,527,808,0
76721,17,527,642,3
76737,17,497,602,3
76754,17,530,843,0
76771,17,526,874,0
76787,17,527,880,0
76804,17,532,750,3
76821,17,536,745,3
76837,17,536,747,3
76854,17,532,893,0
76871,17,698,461,3
76887,17,534,657,3
76904,17,531,888,0
76920,17,527,743,3
76937,17,523,749,3
76954,17,520,750,3
76970,17,513,761,3
76987,17,506,767,0
77004,17,494,768,0
77020,17,483,776,0
77037,17,472,779,0
77054,17,459,785,0
77070,17,562,779,0
77087,17,536,706,3
77103,17,545,784,0
77120,17,534,791,0
77137,17,529,792,0
77153,17,521,790,0
77170,17,516,794,0
77187,17,512,796,0
77203,17,509,796,0
77220,17,506,797,0
77237,17,503,798,0
77253,17,505,799,0
77270,17,502,802,0
77286,17,501,812,0
77303,17,505,820,0
77320,17,505,822,0
77336,17,506,813,0
77503,166,791,756,3
77785,283,651,677,3
77819,33,577,507,3
77835,17,574,365,2
77852,17,553,486,3
77869,17,550,471,3
77885,17,543,351,4
77902,17,527,401,2
77919,17,537,503,3
77935,17,438,506,3
77952,17,740,416,2
77968,17,463,508,3
77985,17,516,480,3
78002,17,505,331,4
78018,17,541,311,4
78035,17,528,339,4
78052,17,536,347,4
78068,17,428,354,4
78085,17,531,157,1
78102,17,447,343,4
78118,17,455,324,4
78135,17,513,27,0
78151,17,512,73,0
78168,17,526,219,1
78185,17,531,218,1
78201,17,492,323,4
78218,17,524,188,1
78235,17,524,100,0
78251,17,511,226,1
78268,17,511,63,0
78285,17,525,353,4
78301,17,420,371,2
78501,200,725,705,3
78517,17,321,819,0
78534,17,528,545,3
78551,17,518,505,3
78567,17,542,383,2
78584,17,538,394,2
78601,17,558,407,2
78617,17,461,446,3
78634,17,417,467,3
78651,17,539,423,3
78667,17,528,276,0
78684,17,433,405,2
78700,17,362,481,3
78717,17,516,495,3
78734,17,510,348,4
78750,17,309,527,3
78767,17,542,243,1
78784,17,539,242,1
78800,17,543,218,1
78817,17,530,333,4
78833,17,449,430,3
78850,17,480,271,0
78867,17,538,210,1
78883,17,542,223,1
78900,17,533,252,1
78917,17,538,242,1
78933,17,555,309,4
78950,17,574,363,4
78967,17,580,334,4
78983,17,579,317,4
79000,17,576,248,1
79016,17,591,353,4
79033,17,584,348,4
79050,17,577,337,4
79066,17,505,435,3
79083,17,576,359,4
79116,33,596,297,4
79116,0,596,297,4
79133,17,587,329,4
79150,17,588,343,4
79166,17,588,339,4
79183,17,585,369,2
79199,17,600,287,0
79216,17,589,316,4
79233,17,581,326,4
79249,17,590,320,4
79266,17,588,343,4
79283,17,590,324,4
79299,17,586,339,4
79316,17,557,298,4
79333,17,537,390,2
79349,17,531,378,2
79366,17,544,269,0
79382,17,518,399,2
79399,17,531,275,0
79416,17,519,410,2
79432,17,523,402,2
79449,17,532,389,2
79466,17,514,441,3
79482,17,528,309,4
79499,17,528,421,5
79516,17,523,456,3
79532,17,643,540,3
79699,166,772,474,3
79715,17,733,410,2
79732,17,773,401,2
79898,166,732,376,2
79915,17,721,363,0
79931,17,597,557,3
79948,17,579,391,2
79965,17,562,349,4
79981,17,537,335,4
79998,17,564,312,4
80015,17,576,378,2
80031,17,551,355,4
80048,17,574,314,4
80064,17,573,395,2
80081,17,571,207,1
80098,17,498,237,1
80114,17,528,256,1
80131,17,510,207,1
80148,17,464,198,1
80164,17,508,198,1
80181,17,512,184,1
80198,17,425,242,1
80214,17,479,271,0
80231,17,499,365,2
80247,17,510,269,0
80264,17,518,285,0
80281,17,490,355,4
80297,17,512,224,1
80314,17,522,118,0
80331,17,504,336,4
80347,17,516,295,4
80364,17,320,310,0
80381,17,524,103,0
80397,17,508,296,4
80414,17,519,132,0
80430,17,516,324,4
80447,17,514,343,4
80464,17,522,223,1
80480,17,518,134,1
80497,17,327,314,0
80514,17,519,167,1
80530,17,511,305,4
80547,17,508,410,2
80564,17,327,282,0
80580,17,521,265,0
80597,17,512,258,1
80613,17,510,265,0
80630,17,341,294,0
80647,17,480,397,2
80663,17,503,337,4
80680,17,508,113,0
80697,17,491,253,1
80713,17,481,285,0
80730,17,503,187,1
80747,17,497,202,1
80763,17,483,230,1
80780,17,481,234,1
80796,17,366,282,0
80813,17,488,222,1
80830,17,498,210,1
80846,17,520,377,2
80863,17,555,512,3
81079,216,1293,613,0
81096,17,535,574,3
81112,17,542,452,3
81129,17,539,411,2
81146,17,557,430,3
81162,17,524,409,2
81179,17,510,395,2
81196,17,545,374,2
81212,17,507,371,2
81229,17,511,361,4
81246,17,504,378,2
81262,17,547,362,4
81279,17,505,378,2
81295,17,541,367,2
81312,17,516,370,2
81329,17,512,468,3
81345,17,463,261,0
81512,166,592,873,0
81528,17,517,789,0
81545,17,487,792,0
81562,17,621,799,0
81578,17,518,721,3
81595,17,529,804,0
81612,17,583,851,0
81628,17,499,763,3
81645,17,413,782,0
81661,17,488,736,3
81678,17,593,735,3
81695,17,268,930,0
81711,17,498,744,3
81728,17,498,736,3
81745,17,522,762,3
81761,17,504,758,3
81778,17,521,783,0
81795,17,542,755,3
81811,17,502,767,0
81828,17,495,811,0
81844,17,399,889,0
81861,17,378,892,0
81878,17,361,849,0
81894,17,381,866,0
81911,17,375,884,0
81928,17,351,886,0
81944,17,350,891,0
81961,17,378,1001,0
81978,17,388,977,0
81994,17,394,773,0
82011,17,377,898,0
82027,17,369,888,0
82044,17,355,891,0
82061,17,377,983,0
82077,17,379,858,0
82094,17,347,993,0
82111,17,364,869,0
82127,17,373,870,0
82144,17,373,887,0
82161,17,372,893,0
82177,17,374,890,0
82194,17,337,858,0
82210,17,361,884,0
82227,17,367,874,0
82244,17,369,886,0
82260,17,346,980,0
82277,17,361,870,0
82294,17,379,882,0
82310,17,298,1006,0
82327,17,379,804,0
82343,17,357,755,3
82360,17,562,550,3
82377,17,649,337,0
82393,17,660,331,0
82410,17,645,355,0
82427,17,640,372,2
82443,17,635,383,2
82460,17,646,376,2
82477,17,647,380,2
82493,17,658,385,2
82510,17,646,394,2
82526,17,648,398,2
82543,17,657,359,0
82560,17,645,382,2
82576,17,651,367,2
82593,17,660,374,2
82610,17,646,372,2
82626,17,650,429,3
82643,17,686,626,3
82660,17,648,807,0
82676,17,701,1066,0
82693,17,702,1073,0
83109,416,634,756,3
83125,17,564,605,3
83142,17,570,613,3
83159,17,564,604,3
83175,17,565,605,3
83192,17,555,618,3
83209,17,573,604,3
83225,17,573,603,3
83242,17,563,618,3
83258,17,557,558,3
83275,17,573,406,2
83292,17,564,364,4
83308,17,561,376,2
83325,17,565,402,2
83342,17,561,368,2
83358,17,567,392,2
83375,17,568,385,2
83392,17,564,361,4
83408,17,564,391,2
83425,17,558,368,2
83441,17,551,389,2
83458,17,555,395,2
83475,17,660,547,3
83658,183,689,1030,0
83674,17,685,916,0
83691,17,667,870,0
83724,33,588,946,0
83741,17,566,968,0
83757,17,690,942,0
83774,17,564,979,0
83791,17,551,991,0
83807,17,643,957,0
83824,17,623,965,0
83841,17,589,964,0
83857,17,657,919,0
83874,17,543,1028,0
83891,17,650,983,0
83907,17,608,1032,0
83924,17,508,873,0
83940,17,565,650,3
83957,17,570,532,3
83974,17,577,323,4
83990,17,570,243,1
84007,17,552,395,2
84024,17,554,359,4
84040,17,545,400,2
84057,17,554,367,2
84074,17,551,385,2
84090,17,555,375,2
84107,17,550,387,2
84123,17,554,388,2
84140,17,548,420,5
84157,17,558,386,2
84173,17,572,389,2
84190,17,543,414,2
84207,17,564,404,2
84223,17,564,391,2
84240,17,570,345,4
84257,17,735,586,3
84273,17,791,625,3
84539,266,952,819,0
84556,17,705,658,3
84573,17,499,579,3
84589,17,544,402,2
84606,17,548,474,3
84622,17,545,472,3
84639,17,551,464,3
84656,17,547,469,3
84672,17,554,456,3
84689,17,543,493,3
84706,17,548,451,3
84722,17,520,369,2
84739,17,528,354,4
84756,17,530,360,4
84772,17,522,358,4
84789,17,536,365,2
84805,17,530,369,2
84822,17,531,377,2
84839,17,538,388,2
84855,17,538,379,2
84872,17,527,389,2
84889,17,544,386,2
84905,17,529,361,4
84922,17,534,377,2
84939,17,535,397,2
84955,17,540,385,2
84972,17,535,397,2
84988,17,542,348,4
85005,17,551,379,2
85022,17,522,357,4
85038,17,516,299,4
85055,17,516,330,4
85072,17,506,337,4
85088,17,523,327,4
85105,17,526,317,4
85122,17,529,297,4
85138,17,517,312,4
85155,17,529,317,4
85171,17,514,316,4
85188,17,502,312,4
85205,17,538,329,4
85221,17,510,324,4
85238,17,513,279,0
85255,17,535,289,4
85271,17,519,141,1
85288,17,524,135,1
85305,17,449,378,2
85321,17,522,138,1
85338,17,520,201,1
85354,17,530,130,0
85371,17,516,281,0
85388,17,334,472,3
85404,17,523,195,1
85421,17,487,281,0
85438,17,322,335,0
85454,17,514,209,1
85471,17,519,186,1
85488,17,505,301,4
85504,17,363,364,0
85521,17,445,287,0
85537,17,510,260,0
85554,17,515,313,4
85571,17,551,437,3
85820,250,145,775,0
85853,33,474,435,3
85870,17,539,422,3
85887,17,499,372,2
85903,17,542,385,2
85920,17,524,388,2
85937,17,524,364,4
85953,17,496,349,4
85970,17,464,441,3
85987,17,475,397,2
86003,17,455,455,3
86020,17,506,381,2
86036,17,523,368,2
86053,17,507,367,2
86070,17,531,371,2
86086,17,498,359,4
86103,17,482,432,3
86120,17,484,384,2
86136,17,619,335,0
86153,17,611,258,1
86170,17,621,232,1
86186,17,619,414,2
86203,17,625,263,0
86219,17,596,283,0
86236,17,637,267,0
86253,17,640,294,0
86269,17,559,319,4
86286,17,574,328,4
86303,17,642,269,0
86319,17,653,323,0
86336,17,501,375,2
86353,17,594,276,0
86369,17,584,313,4
86386,17,573,316,4
86402,17,640,269,0
86419,17,609,314,4
86436,17,622,261,0
86452,17,607,211,1
86469,17,615,288,0
86486,17,603,413,2
86502,17,622,181,1
86519,17,622,222,1
86536,17,585,227,1
86552,17,620,311,0
86569,17,601,295,4
86585,17,611,372,2
86602,17,398,490,3
86619,17,620,205,1
86635,17,620,282,0
86652,17,572,259,1
86669,17,604,301,4
86685,17,624,216,1
86702,17,615,317,0
86719,17,631,199,1
86735,17,618,203,1
86752,17,623,244,1
86768,17,620,337,0
86785,17,613,342,0
86802,17,618,207,1
86818,17,633,257,1
86835,17,613,246,1
86852,17,611,310,4
86868,17,616,189,1
86885,17,613,281,0
86901,17,618,217,1
86918,17,621,245,1
86935,17,615,196,1
86951,17,617,221,1
86968,17,620,182,1
86985,17,563,275,0
87001,17,619,225,1
87018,17,576,405,2
87035,17,586,283,0
87051,17,576,293,4
87068,17,558,436,3
87084,17,603,344,4
87101,17,574,739,3
87450,349,676,971,0
87467,17,553,718,3
87484,17,608,540,3
87500,17,491,486,3
87517,17,595,573,3
87534,17,609,576,3
87550,17,604,547,3
87567,17,596,576,3
87584,17,616,577,3
87600,17,614,554,3
87617,17,562,441,3
87633,17,578,325,4
87650,17,575,332,4
87667,17,582,320,4
87683,17,576,340,4
87700,17,571,358,4
87717,17,575,334,4
87733,17,568,353,4
87750,17,580,340,4
87767,17,574,347,4
87783,17,568,363,4
87800,17,576,369,2
87816,17,578,366,2
87833,17,576,338,4
87850,17,573,349,4
87866,17,574,347,4
87883,17,580,325,4
87900,17,574,338,4
87916,17,574,358,4
87933,17,570,344,4
87950,17,578,307,4
87966,17,569,355,4
87983,17,575,357,4
87999,17,565,361,4
88016,17,562,379,2
88033,17,570,328,4
88049,17,563,372,2
88066,17,531,373,2
88083,17,502,263,0
88099,17,485,298,4
88116,17,503,324,4
88132,17,484,349,4
88149,17,502,340,4
88166,17,501,311,4
88182,17,494,298,4
88199,17,499,333,4
88216,17,499,329,4
88232,17,489,297,4
88249,17,491,321,4
88266,17,501,338,4
88282,17,494,335,4
88299,17,503,329,4
88315,17,492,322,4
88332,17,494,338,4
88349,17,502,279,0
88365,17,495,337,4
88382,17,497,337,4
88399,17,494,339,4
88415,17,495,332,4
88432,17,490,346,4
88449,17,499,308,4
88465,17,492,301,4
88482,17,496,334,4
88498,17,497,313,4
88515,17,503,329,4
88532,17,492,324,4
88548,17,502,320,4
88565,17,493,336,4
88582,17,477,298,4
88598,17,496,525,3
88748,150,533,362,4
88765,17,624,572,3
88781,17,665,476,3
88798,17,645,421,3
88815,17,608,381,2
88831,17,641,355,0
88848,17,630,280,0
88864,17,630,242,1
88881,17,556,308,4
88898,17,635,226,1
88914,17,630,221,1
88931,17,586,201,1
88948,17,527,285,0
88964,17,647,184,1
88981,17,530,333,4
88998,17,631,209,1
89014,17,640,184,1
89031,17,627,256,1
89047,17,637,163,1
89064,17,625,334,0
89081,17,609,409,2
89097,17,637,190,1
89114,17,638,238,1
89131,17,633,217,1
89147,17,629,235,1
89164,17,533,297,4
89180,17,638,195,1
89197,17,639,273,0
89214,17,630,155,1
89230,17,567,226,1
89247,17,494,174,1
89264,17,448,223,1
89280,17,549,173,1
89297,17,551,257,1
89314,17,540,317,4
89330,17,470,238,1
89347,17,546,293,4
89363,17,548,189,1
89380,17,540,309,4
89397,17,555,221,1
89413,17,551,188,1
89430,17,545,183,1
89447,17,503,246,1
89463,17,539,180,1
89480,17,474,150,1
89497,17,523,250,1
89513,17,511,212,1
89530,17,402,386,2
89546,17,524,157,1
89563,17,516,274,0
89580,17,513,211,1
89596,17,515,175,1
89613,17,314,455,3
89630,17,526,273,0
89646,17,510,313,4
89663,17,518,187,1
89680,17,519,175,1
89696,17,521,265,0
89713,17,446,187,1
89729,17,308,381,2
89746,17,515,152,1
89763,17,369,336,0
89779,17,518,225,1
89796,17,489,265,0
89813,17,518,330,4
89829,17,565,460,3
89846,17,539,442,3
89863,17,558,423,3
89879,17,565,441,3
89896,17,550,432,3
89912,17,543,440,3
89929,17,555,434,3
89946,17,553,445,3
89962,17,555,415,2
89979,17,546,463,3
89996,17,552,439,3
90012,17,557,439,3
90029,17,561,429,3
90046,17,546,439,3
90062,17,552,426,3
90079,17,554,455,3
90095,17,558,442,3
90112,17,559,444,3
90129,17,557,444,3
90145,17,555,412,2
90162,17,552,448,3
90179,17,564,449,3
90195,17,553,463,3
90212,17,500,405,2
90229,17,519,212,1
90245,17,497,362,4
90262,17,497,348,4
90278,17,497,329,4
90295,17,502,363,4
90312,17,502,347,4
90328,17,499,352,4
90345,17,413,455,3
90362,17,506,347,4
90378,17,495,359,4
90395,17,493,322,4
90411,17,493,355,4
90428,17,505,346,4
90445,17,497,355,4
90461,17,504,348,4
90478,17,495,364,4
90495,17,505,339,4
90511,17,491,369,2
90528,17,492,341,4
90545,17,501,321,4
90561,17,508,265,0
90578,17,497,350,4
90594,17,502,312,4
90611,17,499,349,4
90628,17,496,351,4
90644,17,511,170,1
90661,17,500,336,4
90678,17,503,349,4
90694,17,514,322,4
90711,17,514,334,4
90728,17,498,318,4
90744,17,497,320,4
90761,17,451,329,4
90777,17,500,387,2
90960,183,386,370,2
90994,33,459,535,3
91010,17,526,377,2
91027,17,515,379,2
91044,17,509,309,4
91060,17,502,289,4
91077,17,508,303,4
91094,17,521,298,4
91110,17,528,313,4
91127,17,520,526,3
91293,166,641,653,3
91310,17,608,618,3
91326,17,596,411,2
91343,17,551,387,2
91360,17,590,375,2
91376,17,574,348,4
91393,17,581,328,4
91410,17,546,339,4
91426,17,589,306,4
91443,17,589,286,0
91459,17,587,265,0
91476,17,568,267,0
91493,17,568,299,4
91509,17,577,241,1
91526,17,505,285,0
91543,17,579,240,1
91559,17,575,307,4
91576,17,576,244,1
91593,17,572,245,1
91609,17,572,212,1
91626,17,555,292,4
91642,17,482,356,4
91659,17,574,266,0
91676,17,581,280,0
91692,17,589,210,1
91709,17,560,272,0
91726,17,584,206,1
91742,17,588,303,4
91759,17,579,324,4
91776,17,580,280,0
91792,17,581,177,1
91809,17,574,217,1
91825,17,576,243,1
91842,17,583,309,4
91859,17,575,243,1
91875,17,578,205,1
91892,17,564,350,4
91909,17,594,216,1
91925,17,567,300,4
91942,17,582,227,1
91959,17,576,188,1
91975,17,583,304,4
91992,17,574,329,4
92008,17,572,353,4
92025,17,588,308,4
92042,17,580,202,1
92058,17,585,181,1
92075,17,568,348,4
92092,17,576,356,4
92108,17,576,317,4
92125,17,575,340,4
92142,17,522,177,1
92158,17,415,226,1
92175,17,534,238,1
92191,17,521,285,0
92208,17,510,326,4
92225,17,522,151,1
92241,17,527,229,1
92258,17,538,204,1
92275,17,521,342,4
92291,17,307,384,2
92308,17,524,333,4
92325,17,518,269,0
92341,17,529,321,4
92358,17,522,339,4
92374,17,530,290,4
92391,17,303,524,3
92408,17,539,209,1
92424,17,555,439,3
92557,133,568,457,3
92574,17,572,355,4
92591,17,556,257,1
92607,17,548,255,1
92624,17,543,240,1
92641,17,545,194,1
92657,17,476,265,0
92674,17,559,176,1
92690,17,545,214,1
92707,17,555,169,1
92724,17,552,179,1
92740,17,560,164,1
92757,17,552,282,0
92774,17,503,248,1
92790,17,516,171,1
92807,17,512,307,4
92824,17,509,328,4
92840,17,462,267,0
92857,17,511,275,0
92873,17,524,149,1
92890,17,517,139,1
92907,17,508,296,4
92923,17,523,321,4
92940,17,511,309,4
92957,17,526,135,1
92973,17,506,200,1
92990,17,509,322,4
93007,17,511,308,4
93023,17,522,201,1
93040,17,510,297,4
93056,17,516,157,1
93073,17,508,304,4
93090,17,502,292,4
93106,17,501,326,4
93123,17,489,119,0
93140,17,499,302,4
93156,17,564,439,3
93173,17,552,451,3
93190,17,553,466,3
93206,17,544,490,3
93223,17,557,459,3
93239,17,548,469,3
93256,17,548,478,3
93273,17,553,476,3
93289,17,557,475,3
93306,17,544,490,3
93323,17,551,470,3
93339,17,544,472,3
93356,17,550,472,3
93373,17,550,446,3
93389,17,546,466,3
93406,17,554,453,3
93422,17,547,491,3
93439,17,548,453,3
93456,17,546,485,3
93472,17,550,454,3
93489,17,564,458,3
93506,17,541,416,2
93522,17,547,446,3
93539,17,546,417,5
93556,17,543,441,3
93572,17,536,447,3
93589,17,540,440,3
93605,17,547,419,5
93622,17,554,425,3
93639,17,570,415,2
93655,17,543,366,2
93672,17,541,543,3
93805,133,355,391,2
93822,17,608,509,3
93838,17,388,669,3
93855,17,482,470,3
93872,17,546,375,2
93888,17,520,375,2
93905,17,514,349,4
93921,17,503,388,2
93938,17,511,302,4
93955,17,503,288,4
93971,17,500,281,0
93988,17,499,256,1
94005,17,493,283,0
94021,17,489,273,0
94038,17,525,281,0
94055,17,514,284,0
94071,17,527,244,1
94088,17,511,251,1
94104,17,502,262,0
94121,17,503,301,4
94138,17,504,267,0
94154,17,491,266,0
94171,17,509,241,1
94188,17,489,251,1
94204,17,519,232,1
94221,17,495,398,2
94238,17,527,255,1
94254,17,497,402,2
94271,17,513,259,1
94287,17,495,233,1
94304,17,499,249,1
94321,17,497,298,4
94337,17,522,210,1
94354,17,509,265,0
94371,17,504,248,1
94387,17,515,235,1
94404,17,508,231,1
94421,17,505,249,1
94437,17,505,217,1
94454,17,588,313,4
94470,17,590,435,3
94487,17,614,390,2
94504,17,600,434,3
94520,17,596,407,2
94537,17,618,402,2
94554,17,597,404,2
94570,17,616,381,2
94587,17,604,426,3
94604,17,604,405,2
94620,17,618,381,2
94637,17,614,369,2
94653,17,606,395,2
94670,17,614,412,2
94687,17,607,399,2
94703,17,556,441,3
94720,17,560,438,3
94737,17,558,458,3
94753,17,569,437,3
94770,17,550,459,3
94787,17,560,463,3
94803,17,553,463,3
94820,17,553,443,3
94836,17,555,437,3
94853,17,556,456,3
94870,17,578,438,3
94886,17,557,428,3
94903,17,592,420,3
94920,17,565,421,5
94936,17,584,433,3
94953,17,562,415,2
94969,17,554,421,5
94986,17,562,418,5
95003,17,556,399,2
95019,17,564,351,4
95036,17,567,302,4
95053,17,562,406,2
95069,17,563,361,4
95086,17,570,337,4
95103,17,559,415,2
95119,17,578,271,0
95136,17,569,411,2
95152,17,561,419,5
95169,17,566,383,2
95186,17,559,391,2
95202,17,558,424,3
95219,17,568,324,4
95236,17,560,383,2
95252,17,575,413,2
95269,17,559,399,2
95286,17,557,426,3
95302,17,554,387,2
95319,17,556,428,3
95335,17,556,423,3
95352,17,543,430,3
95369,17,555,393,2
95385,17,560,411,2
95402,17,575,301,4
95419,17,552,356,4
95435,17,553,413,2
95452,17,561,412,2
95469,17,552,416,2
95485,17,554,395,2
95502,17,555,426,3
95518,17,570,273,0
95535,17,579,303,4
95552,17,543,400,2
95568,17,572,391,2
95585,17,569,408,2
95602,17,568,402,2
95618,17,570,404,2
95635,17,558,382,2
95652,17,562,404,2
95668,17,554,426,3
95685,17,559,399,2
95701,17,576,448,3
95718,17,568,444,3
95735,17,556,400,2
95751,17,570,370,2
95768,17,569,404,2
95785,17,560,401,2
95801,17,310,518,3
95818,17,558,441,3
95835,17,570,424,3
95851,17,568,387,2
95868,17,559,402,2
95884,17,553,373,2
95901,17,559,427,3
95918,17,569,398,2
95934,17,560,416,2
95951,17,559,401,2
95968,17,566,411,2
95984,17,568,432,3
96001,17,552,445,3
96018,17,558,416,2
96034,17,560,425,3
96051,17,573,400,2
96067,17,557,399,2
96084,17,551,418,5
96101,17,566,231,1
96117,17,553,443,3
96134,17,543,266,0
96151,17,531,329,4
96167,17,533,357,4
96184,17,545,257,1
96200,17,529,311,4
96217,17,529,237,1
96234,17,510,423,3
96250,17,535,313,4
96267,17,489,428,3
96284,17,535,280,0
96300,17,539,405,2
96450,150,508,589,3
96467,17,533,492,3
96483,17,517,432,3
96500,17,483,362,4
96517,17,505,326,4
96533,17,512,266,0
96550,17,501,240,1
96566,17,495,236,1
96583,17,505,188,1
96600,17,510,188,1
96616,17,496,237,1
96633,17,491,222,1
96650,17,493,211,1
96666,17,347,437,3
96683,17,495,269,0
96700,17,489,211,1
96716,17,485,199,1
96733,17,478,233,1
96749,17,506,209,1
96766,17,505,189,1
96783,17,508,183,1
96799,17,494,240,1
96816,17,505,190,1
96833,17,505,215,1
96849,17,501,227,1
96866,17,538,408,2
96883,17,548,261,0
96899,17,544,410,2
96916,17,560,254,1
96932,17,543,395,2
96949,17,543,355,4
96966,17,548,310,4
96982,17,458,367,2
96999,17,521,536,3
97016,17,562,307,4
97032,17,515,535,3
97049,17,371,435,3
97066,17,578,301,4
97082,17,550,301,4
97099,17,560,291,4
97115,17,570,283,0
97132,17,542,412,2
97149,17,535,341,4
97165,17,547,336,4
97182,17,565,303,4
97199,17,568,292,4
97215,17,552,333,4
97232,17,544,327,4
97248,17,412,424,3
97265,17,555,341,4
97282,17,556,389,2
97298,17,449,421,3
97315,17,566,327,4
97332,17,558,348,4
97348,17,546,458,3
97365,17,416,424,3
97382,17,550,301,4
97398,17,569,290,4
97415,17,395,457,3
97431,17,565,356,4
97448,17,556,322,4
97465,17,560,302,4
97481,17,533,312,4
97498,17,568,390,2
97515,17,432,438,3
97531,17,550,394,2
97548,17,560,307,4
97565,17,548,322,4
97581,17,447,391,2
97598,17,568,295,4
97614,17,552,311,4
97631,17,544,503,3
97648,17,528,342,4
97664,17,569,310,4
97681,17,549,344,4
97698,17,485,352,4
97714,17,540,309,4
97731,17,560,294,4
97748,17,572,294,4
97764,17,531,447,3
97781,17,565,288,4
97797,17,545,313,4
97814,17,548,255,1
97831,17,511,279,0
97847,17,499,247,1
97864,17,529,236,1
97881,17,515,230,1
97897,17,472,450,3
97914,17,509,231,1
97931,17,460,263,0
97947,17,519,254,1
97964,17,464,308,4
97980,17,492,300,4
97997,17,508,255,1
98014,17,510,259,1
98030,17,459,234,1
98047,17,514,204,1
98064,17,508,194,1
98080,17,500,247,1
98097,17,500,257,1
98114,17,428,302,4
98130,17,500,240,1
98147,17,470,378,2
98163,17,502,191,1
98180,17,505,232,1
98197,17,491,270,0
98213,17,517,235,1
98230,17,514,224,1
98247,17,494,246,1
98263,17,504,243,1
98280,17,516,216,1
98297,17,489,247,1
98313,17,509,236,1
98330,17,505,235,1
98346,17,503,251,1
98363,17,516,276,0
98380,17,499,240,1
98396,17,480,213,1
98413,17,506,240,1
98430,17,510,250,1
98446,17,487,349,4
98463,17,510,208,1
98479,17,509,251,1
98496,17,529,281,0
98513,17,553,279,0
98529,17,562,251,1
98546,17,557,276,0
98563,17,512,250,1
98579,17,483,305,4
98596,17,571,239,1
98613,17,576,249,1
98629,17,500,287,0
98646,17,559,240,1
98662,17,578,341,4
98679,17,559,267,0
98696,17,562,393,2
98712,17,566,262,0
98729,17,534,408,2
98746,17,563,227,1
98762,17,574,261,0
98779,17,573,273,0
98796,17,572,283,0
98812,17,419,410,2
98829,17,575,279,0
98845,17,489,516,3
98862,17,592,361,4
98879,17,583,329,4
98895,17,563,253,1
98912,17,563,283,0
98929,17,476,515,3
98945,17,567,267,0
98962,17,567,285,0
98979,17,578,378,2
98995,17,577,270,0
99012,17,580,268,0
99028,17,574,270,0
99045,17,575,285,0
99062,17,564,314,4
99078,17,570,275,0
99095,17,598,484,3
99311,216,489,796,0
99345,33,487,825,0
99361,17,464,912,0
99378,17,457,837,0
99394,17,471,765,3
99411,17,512,731,3
99428,17,409,714,3
99444,17,517,746,3
99461,17,437,797,0
99478,17,391,907,0
99511,33,359,1080,0
99527,17,338,1025,0
99544,17,370,947,0
99561,17,363,1065,0
99577,17,349,972,0
99594,17,375,961,0
99611,17,369,1016,0
99627,17,369,1040,0
99644,17,246,967,0
99661,17,254,962,0
99710,50,353,937,0
99727,17,362,941,0
99760,33,338,929,0
99777,17,356,973,0
99794,17,352,962,0
99810,17,355,943,0
99827,17,311,985,0
99844,17,357,1006,0
99860,17,369,919,0
99877,17,346,910,0
99893,17,303,1046,0
99910,17,387,951,0
99927,17,363,931,0
99943,17,340,1059,0
99960,17,334,1056,0
99977,17,334,1050,0
99993,17,368,921,0
100010,17,374,919,0
100027,17,360,894,0
100043,17,379,927,0
100060,17,375,911,0
100076,17,365,924,0
100093,17,391,970,0
100110,17,358,887,0
100126,17,338,847,0
100143,17,464,654,3
100160,17,479,440,3
100176,17,491,362,4
100193,17,362,361,0
100210,17,506,250,1
100226,17,421,362,4
100243,17,494,427,3
100259,17,509,283,0
100276,17,495,408,2
100293,17,510,479,3
100309,17,491,429,3
100326,17,355,320,0
100343,17,496,366,2
100359,17,493,439,3
100376,17,466,269,0
100393,17,499,412,2
100409,17,498,394,2
100426,17,503,290,4
100442,17,543,328,4
100459,17,542,337,4
100476,17,537,356,4
100492,17,538,362,4
100509,17,545,378,2
100526,17,548,342,4
100542,17,534,338,4
100559,17,542,363,4
100576,17,552,305,4
100592,17,549,327,4
100609,17,556,164,1
100625,17,530,353,4
100642,17,560,123,0
100659,17,533,348,4
100675,17,543,350,4
100692,17,535,358,4
100709,17,540,369,2
100725,17,543,355,4
100742,17,546,332,4
100758,17,538,347,4
100775,17,546,329,4
100792,17,545,366,2
100808,17,540,337,4
100825,17,519,408,2
100842,17,518,416,2
100858,17,504,439,3
100875,17,520,432,3
100892,17,509,425,3
100908,17,518,427,3
100925,17,525,435,3
100941,17,495,452,3
100958,17,531,428,3
100975,17,526,455,3
100991,17,515,434,3
101008,17,518,465,3
101025,17,511,448,3
101041,17,513,448,3
101058,17,520,464,3
101075,17,511,459,3
101091,17,513,451,3
101108,17,523,445,3
101124,17,528,426,3
101141,17,526,443,3
101307,166,583,421,3
101324,17,521,386,2
101341,17,523,322,4
101357,17,539,281,0
101374,17,531,236,1
101391,17,484,294,4
101407,17,527,303,4
101424,17,438,376,2
101441,17,532,246,1
101457,17,529,249,1
101474,17,531,169,1
101490,17,534,307,4
101507,17,548,130,0
101524,17,525,312,4
101540,17,531,289,4
101557,17,526,333,4
101574,17,529,301,4
101590,17,525,327,4
101607,17,522,159,1
101624,17,511,321,4
101640,17,514,294,4
101657,17,536,102,0
101673,17,472,93,0
101690,17,507,300,4
101707,17,509,323,4
101723,17,515,279,0
101740,17,510,328,4
101757,17,511,324,4
101773,17,514,315,4
101790,17,514,297,4
101806,17,508,312,4
101823,17,508,308,4
101840,17,508,292,4
101856,17,509,325,4
101873,17,519,305,4
101890,17,509,280,0
101906,17,512,293,4
101923,17,512,295,4
101940,17,519,288,4
101956,17,510,291,4
101973,17,513,283,0
101989,17,508,318,4
102006,17,507,297,4
102023,17,510,315,4
102039,17,509,318,4
102056,17,508,283,0
102073,17,439,410,2
102089,17,520,260,0
102106,17,507,186,1
102123,17,505,258,1
102139,17,562,503,3
102355,216,540,574,3
102372,17,563,447,3
102389,17,543,478,3
102405,17,548,427,3
102422,17,495,423,3
102439,17,551,379,2
102455,17,566,391,2
102472,17,431,493,3
102489,17,474,423,3
102505,17,559,416,2
102522,17,572,360,4
102538,17,548,335,4
102555,17,554,385,2
102572,17,564,329,4
102588,17,521,335,4
102605,17,538,359,4
102622,17,557,325,4
102638,17,557,326,4
102655,17,551,384,2
102672,17,561,320,4
102688,17,522,354,4
102705,17,557,349,4
102721,17,547,337,4
102738,17,558,334,4
102755,17,559,454,3
102771,17,566,283,0
102788,17,564,357,4
102805,17,590,264,0
102821,17,591,313,4
102838,17,588,356,4
102855,17,582,261,0
102871,17,590,363,4
102888,17,605,225,1
102904,17,593,367,2
102921,17,598,350,4
102938,17,586,402,2
102954,17,593,397,2
102971,17,587,391,2
102988,17,593,414,2
103004,17,594,355,4
103021,17,594,391,2
103037,17,585,421,3
103054,17,581,406,2
103071,17,583,363,4
103087,17,590,386,2
103104,17,585,419,3
103121,17,587,412,2
103137,17,591,380,2
103154,17,582,419,3
103171,17,599,376,2
103187,17,591,545,3
103453,266,441,913,0
103487,33,553,852,0
103503,17,562,890,0
103537,33,564,907,0
103553,17,517,878,0
103570,17,516,879,0
103586,17,430,1000,0
103603,17,508,935,0
103620,17,510,781,0
103636,17,429,926,0
103653,17,459,913,0
103670,17,472,903,0
103686,17,475,897,0
103703,17,471,893,0
103720,17,456,939,0
103736,17,340,941,0
103753,17,394,886,0
103769,17,371,889,0
103786,17,413,894,0
103803,17,377,914,0
103819,17,421,900,0
103836,17,396,931,0
103853,17,400,902,0
103869,17,408,892,0
103886,17,388,880,0
103903,17,339,928,0
103919,17,422,982,0
103936,17,499,669,3
103952,17,569,493,3
103969,17,561,348,4
103986,17,563,383,2
104002,17,554,413,2
104019,17,556,438,3
104036,17,576,434,3
104052,17,537,436,3
104069,17,564,435,3
104086,17,562,424,3
104102,17,571,406,2
104119,17,558,440,3
104135,17,561,437,3
104152,17,565,459,3
104169,17,556,451,3
104185,17,555,416,2
104202,17,564,439,3
104219,17,559,440,3
104235,17,567,417,5
104252,17,569,432,3
104268,17,565,417,5
104285,17,550,419,5
104302,17,522,355,4
104318,17,516,365,2
104335,17,525,344,4
104352,17,520,346,4
104368,17,514,354,4
104385,17,505,364,4
104402,17,504,342,4
104418,17,522,333,4
104435,17,521,352,4
104451,17,521,349,4
104468,17,521,352,4
104485,17,522,318,4
104501,17,510,352,4
104518,17,522,332,4
104535,17,511,387,2
104551,17,511,370,2
104568,17,521,362,4
104585,17,504,382,2
104601,17,531,313,4
104618,17,534,286,0
104634,17,533,323,4
104651,17,524,295,4
104668,17,529,306,4
104684,17,528,312,4
104701,17,520,315,4
104718,17,528,278,0
104734,17,533,286,0
104751,17,530,315,4
104768,17,534,285,0
104784,17,522,293,4
104917,133,569,324,4
104934,17,576,539,3
104951,17,444,536,3
104967,17,506,434,3
104984,17,545,344,4
105000,17,547,319,4
105017,17,538,335,4
105034,17,549,291,4
105050,17,540,321,4
105067,17,544,218,1
105084,17,544,272,0
105100,17,536,298,4
105117,17,561,439,3
105134,17,557,417,5
105150,17,558,454,3
105167,17,561,453,3
105183,17,564,446,3
105200,17,578,429,3
105217,17,556,448,3
105233,17,552,421,5
105250,17,565,435,3
105267,17,560,430,3
105283,17,560,447,3
105300,17,557,441,3
105316,17,560,440,3
105333,17,551,449,3
105350,17,550,461,3
105366,17,563,461,3
105383,17,566,468,3
105400,17,558,450,3
105416,17,558,453,3
105433,17,568,458,3
105450,17,555,454,3
105466,17,557,452,3
105483,17,568,444,3
105499,17,554,468,3
105516,17,565,463,3
105533,17,556,454,3
105549,17,567,439,3
105566,17,561,457,3
105583,17,561,433,3
105599,17,573,434,3
105616,17,575,433,3
105633,17,573,434,3
105649,17,567,444,3
105666,17,568,436,3
105682,17,574,445,3
105699,17,564,430,3
105716,17,566,443,3
105732,17,556,434,3
105749,17,569,448,3
105766,17,559,430,3
105782,17,566,432,3
105799,17,573,450,3
105816,17,561,437,3
105832,17,557,474,3
105849,17,554,457,3
105865,17,555,456,3
105882,17,562,449,3
105899,17,554,446,3
105915,17,577,463,3
105932,17,566,453,3
105949,17,562,459,3
105965,17,559,439,3
105982,17,551,464,3
105999,17,567,454,3
106015,17,559,435,3
106032,17,560,429,3
106048,17,560,450,3
106065,17,559,458,3
106082,17,521,412,2
106098,17,517,300,4
106115,17,502,356,4
106132,17,506,324,4
106148,17,505,351,4
106165,17,500,382,2
106182,17,505,330,4
106198,17,507,347,4
106215,17,510,337,4
106231,17,507,369,2
106248,17,504,359,4
106265,17,515,229,1
106281,17,510,298,4
106298,17,530,545,3
106448,150,517,522,3
106464,17,552,453,3
106481,17,485,452,3
106498,17,516,316,4
106514,17,496,323,4
106531,17,494,324,4
106547,17,508,302,4
106564,17,495,314,4
106581,17,510,291,4
106597,17,516,240,1
106614,17,505,325,4
106631,17,503,234,1
106647,17,504,222,1
106664,17,507,214,1
106681,17,512,226,1
106697,17,508,269,0
106714,17,509,259,1
106730,17,501,275,0
106747,17,500,287,0
106764,17,504,234,1
106780,17,513,230,1
106797,17,525,248,1
106814,17,516,231,1
106830,17,492,348,4
106847,17,491,351,4
106864,17,500,330,4
106880,17,509,251,1
106897,17,504,239,1
106913,17,504,341,4
106930,17,500,339,4
106947,17,500,342,4
106963,17,506,315,4
106980,17,494,327,4
106997,17,504,269,0
107013,17,515,330,4
107030,17,510,212,1
107047,17,510,191,1
107063,17,502,315,4
107080,17,502,317,4
107096,17,503,421,5
107113,17,503,300,4
107130,17,499,326,4
107146,17,507,306,4
107163,17,508,214,1
107180,17,504,318,4
107196,17,508,239,1
107213,17,499,318,4
107230,17,549,405,2
107396,166,194,989,0
107413,17,522,608,3
107429,17,602,542,3
107446,17,555,528,3
107462,17,565,436,3
107479,17,586,390,2
107496,17,535,376,2
107512,17,538,380,2
107529,17,564,382,2
107546,17,548,394,2
107562,17,531,378,2
107579,17,560,366,2
107595,17,548,418,5
107612,17,540,351,4
107629,17,564,369,2
107645,17,549,375,2
107662,17,552,398,2
107679,17,545,418,5
107695,17,550,407,2
107712,17,541,374,2
107729,17,543,388,2
107745,17,427,492,3
107762,17,566,371,2
107778,17,574,361,4
107795,17,541,383,2
107812,17,552,351,4
107828,17,554,364,4
107845,17,540,350,4
107862,17,562,365,2
107878,17,555,345,4
107895,17,566,347,4
107912,17,548,342,4
107928,17,549,345,4
107945,17,556,376,2
107961,17,545,368,2
107978,17,512,384,2
107995,17,559,342,4
108011,17,560,365,2
108028,17,549,351,4
108045,17,563,343,4
108061,17,560,358,4
108078,17,548,316,4
108095,17,560,324,4
108111,17,554,274,0
108128,17,554,352,4
108144,17,542,365,2
108161,17,355,561,3
108178,17,547,336,4
108194,17,550,336,4
108211,17,546,335,4
108228,17,545,303,4
108244,17,563,296,4
108261,17,542,283,0
108278,17,546,248,1
108294,17,544,258,1
108311,17,538,239,1
108327,17,528,207,1
108344,17,524,321,4
108361,17,526,250,1
108377,17,538,235,1
108394,17,529,281,0
108411,17,523,338,4
108427,17,528,248,1
108444,17,528,356,4
108461,17,524,330,4
108477,17,519,345,4
108494,17,519,319,4
108510,17,529,265,0
108527,17,524,322,4
108544,17,533,214,1
108560,17,545,394,2
108577,17,538,413,2
108594,17,534,439,3
108610,17,532,432,3
108627,17,535,442,3
108644,17,536,435,3
108660,17,540,437,3
108677,17,530,431,3
108693,17,530,429,3
108710,17,532,414,2
108727,17,541,418,5
108743,17,566,391,2
108760,17,437,511,3
108876,116,555,732,3
108893,17,562,651,3
108910,17,522,539,3
108926,17,554,472,3
108943,17,542,480,3
108960,17,540,392,2
108976,17,521,362,4
108993,17,523,377,2
109009,17,524,375,2
109026,17,531,371,2
109043,17,534,320,4
109059,17,525,318,4
109076,17,524,266,0
109093,17,525,246,1
109109,17,523,252,1
109126,17,518,292,4
109143,17,517,328,4
109159,17,520,257,1
109176,17,527,284,0
109192,17,524,297,4
109209,17,359,472,3
109226,17,524,245,1
109242,17,527,235,1
109259,17,524,259,1
109276,17,520,249,1
109292,17,518,285,0
109309,17,516,290,4
109326,17,513,340,4
109342,17,507,243,1
109359,17,507,276,0
109375,17,512,230,1
109392,17,501,300,4
109409,17,504,321,4
109425,17,508,276,0
109442,17,506,271,0
109459,17,507,287,0
109475,17,505,274,0
109492,17,505,271,0
109509,17,504,235,1
109525,17,506,277,0
109542,17,507,283,0
109558,17,506,325,4
109575,17,501,277,0
109592,17,504,228,1
109608,17,504,267,0
109625,17,508,248,1
109642,17,515,230,1
109658,17,514,277,0
109675,17,522,213,1
109692,17,507,297,4
109708,17,510,277,0
109725,17,504,301,4
109741,17,512,278,0
109758,17,479,315,4
109775,17,516,272,0
109791,17,508,284,0
109808,17,506,255,1
109825,17,512,249,1
109841,17,495,240,1
109858,17,504,273,0
109874,17,490,241,1
109891,17,498,217,1
109908,17,475,437,3
109924,17,514,243,1
109941,17,511,218,1
109958,17,518,284,0
109974,17,498,274,0
109991,17,504,315,4
110008,17,502,287,0
110024,17,506,262,0
110041,17,523,233,1
110057,17,508,253,1
110074,17,509,280,0
110091,17,487,270,0
110107,17,502,263,0
110124,17,514,219,1
110141,17,493,261,0
110157,17,512,220,1
110174,17,508,265,0
110191,17,492,256,1
110207,17,508,281,0
110224,17,495,295,4
110240,17,511,233,1
110257,17,515,254,1
110274,17,514,219,1
110290,17,509,266,0
110307,17,497,280,0
110324,17,498,252,1
110340,17,500,250,1
110357,17,496,268,0
110374,17,503,240,1
110390,17,509,248,1
110407,17,505,221,1
110423,17,500,255,1
110440,17,507,237,1
110457,17,508,245,1
110473,17,458,449,3
110490,17,467,443,3
110507,17,504,196,1
110523,17,508,241,1
110540,17,507,225,1
110557,17,487,260,0
110573,17,514,175,1
110590,17,515,232,1
110606,17,511,225,1
110623,17,519,263,0
110640,17,516,251,1
110656,17,510,226,1
110673,17,507,262,0
110690,17,490,370,2
110706,17,507,252,1
110723,17,498,238,1
110740,17,489,359,4
110756,17,240,540,3
110773,17,501,238,1
110789,17,497,393,2
110806,17,503,607,3
110956,150,480,737,3
110972,17,630,567,3
110989,17,537,495,3
111006,17,524,457,3
111022,17,581,359,4
111039,17,555,387,2
111056,17,545,325,4
111072,17,553,386,2
111089,17,518,449,3
111105,17,547,342,4
111122,17,537,355,4
111139,17,516,552,3
111155,17,526,382,2
111172,17,527,285,0
111189,17,528,285,0
111205,17,529,300,4
111222,17,532,263,0
111239,17,555,367,2
111255,17,555,582,3
111272,17,577,403,2
111422,150,622,712,3
111438,17,524,616,3
111455,17,510,524,3
111471,17,570,502,3
111488,17,548,441,3
111505,17,557,404,2
111521,17,554,349,4
111538,17,542,326,4
111555,17,553,325,4
111571,17,536,328,4
111588,17,534,317,4
111605,17,527,557,3
111621,17,541,488,3
111638,17,536,298,4
111654,17,550,300,4
111671,17,552,290,4
111688,17,551,261,0
111704,17,553,294,4
111721,17,540,292,4
111738,17,552,269,0
111754,17,545,289,4
111771,17,550,292,4
111788,17,549,307,4
111804,17,569,304,4
111821,17,562,265,0
111837,17,544,281,0
111854,17,558,261,0
111871,17,550,291,4
111887,17,547,274,0
111904,17,557,283,0
111921,17,540,307,4
111937,17,544,281,0
111954,17,561,274,0
111971,17,545,288,4
111987,17,569,270,0
112004,17,555,282,0
112020,17,558,273,0
112037,17,567,253,1
112054,17,566,284,0
112070,17,547,274,0
112087,17,238,608,3
112104,17,543,295,4
112120,17,559,280,0
112137,17,551,249,1
112154,17,545,296,4
112170,17,555,280,0
112187,17,553,329,4
112203,17,549,259,1
112220,17,535,320,4
112237,17,557,244,1
112253,17,546,272,0
112270,17,546,267,0
112287,17,486,267,0
112303,17,493,237,1
112320,17,490,260,0
112336,17,498,228,1
112353,17,490,264,0
112370,17,496,263,0
112386,17,499,222,1
112403,17,497,237,1
112420,17,404,301,0
112436,17,494,207,1
112453,17,490,249,1
112470,17,485,295,4
112486,17,481,352,4
112503,17,463,439,3
112519,17,501,253,1
112536,17,493,266,0
112553,17,497,212,1
112569,17,502,233,1
112586,17,495,257,1
112603,17,505,191,1
112619,17,495,274,0
112636,17,498,242,1
112653,17,500,320,4
112669,17,543,218,1
112686,17,544,456,3
112702,17,550,405,2
112719,17,543,419,5
112736,17,559,408,2
112752,17,548,437,3
112769,17,545,408,2
112786,17,565,412,2
112802,17,550,407,2
112819,17,549,423,3
112836,17,545,394,2
112852,17,538,399,2
112869,17,482,440,3
113035,166,364,827,0
113052,17,509,665,3
113068,17,606,551,3
113085,17,560,499,3
113102,17,564,481,3
113118,17,525,442,3
113135,17,571,452,3
113152,17,530,401,2
113168,17,551,414,2
113185,17,540,374,2
113202,17,550,406,2
113218,17,542,371,2
113235,17,533,396,2
113251,17,543,362,4
113268,17,565,358,4
113285,17,547,378,2
113301,17,522,575,3
113318,17,534,374,2
113335,17,541,366,2
113351,17,521,581,3
113368,17,548,358,4
113384,17,538,373,2
113401,17,545,385,2
113418,17,521,620,3
113434,17,479,513,3
113451,17,481,267,0
113468,17,468,298,4
113484,17,464,348,4
113501,17,471,297,4
113518,17,463,343,4
113534,17,468,306,4
113551,17,428,299,4
113567,17,472,247,1
113584,17,477,283,0
113601,17,450,443,3
113617,17,402,303,0
113634,17,377,453,3
113651,17,468,285,0
113667,17,397,373,2
113684,17,469,341,4
113701,17,478,272,0
113717,17,483,260,0
113734,17,477,292,4
113750,17,481,287,0
113767,17,473,271,0
113784,17,480,263,0
113800,17,460,287,0
113817,17,423,282,0
113834,17,466,397,2
113850,17,473,291,4
113867,17,467,269,0
113884,17,477,292,4
113900,17,475,296,4
113917,17,472,300,4
113933,17,434,290,4
113950,17,462,430,3
113967,17,472,328,4
113983,17,471,267,0
114000,17,473,277,0
114017,17,471,295,4
114033,17,437,286,0
114050,17,424,297,4
114067,17,391,337,0
114083,17,431,250,1
114100,17,423,278,0
114116,17,432,251,1
114133,17,427,273,0
114150,17,434,256,1
114166,17,173,533,3
114183,17,428,218,1
114200,17,432,246,1
114216,17,432,232,1
114233,17,360,264,0
114250,17,403,349,0
114266,17,440,476,3
114283,17,282,354,0
114299,17,428,455,3
114316,17,435,462,3
114333,17,429,454,3
114349,17,430,462,3
114366,17,448,421,3
114383,17,435,455,3
114399,17,436,457,3
114416,17,427,360,4
114433,17,431,438,3
114449,17,439,460,3
114466,17,466,583,3
114632,166,719,695,3
114649,17,514,798,0
114665,17,527,623,3
114682,17,605,600,3
114699,17,509,543,3
114715,17,521,537,3
114732,17,527,511,3
114749,17,500,546,3
114765,17,533,506,3
114782,17,509,508,3
114798,17,528,515,3
114815,17,515,506,3
114832,17,519,489,3
114848,17,510,513,3
114865,17,523,453,3
114882,17,515,495,3
114898,17,524,486,3
114915,17,514,512,3
114932,17,501,449,3
114948,17,497,492,3
114965,17,483,501,3
114981,17,481,451,3
114998,17,481,508,3
115015,17,488,480,3
115031,17,485,504,3
115048,17,482,471,3
115065,17,466,514,3
115081,17,482,490,3
115098,17,480,492,3
115115,17,494,488,3
115131,17,492,422,3
115148,17,480,486,3
115164,17,487,491,3
115181,17,482,451,3
115198,17,488,481,3
115214,17,487,450,3
115231,17,534,404,2
115248,17,548,326,4
115264,17,549,375,2
115281,17,557,315,4
115298,17,549,344,4
115314,17,553,315,4
115331,17,558,350,4
115347,17,555,315,4
115364,17,552,343,4
115381,17,542,338,4
115397,17,366,520,3
115414,17,546,417,5
115431,17,562,335,4
115447,17,571,393,2
115464,17,630,615,3
115697,233,561,851,0
115713,17,708,512,3
115730,17,735,714,3
115747,17,568,630,3
115763,17,627,589,3
115780,17,607,534,3
115797,17,610,489,3
115813,17,639,456,3
115830,17,634,406,2
115846,17,618,485,3
115863,17,614,423,3
115880,17,594,446,3
115896,17,615,429,3
115913,17,628,412,2
115930,17,609,409,2
115946,17,598,427,3
115963,17,605,435,3
115980,17,606,433,3
115996,17,613,428,3
116013,17,540,588,3
116029,17,468,706,3
116046,17,436,942,0
116063,17,453,828,0
116079,17,452,818,0
116096,17,458,716,3
116113,17,464,932,0
116129,17,452,825,0
116146,17,451,787,0
116163,17,462,818,0
116179,17,450,821,0
116196,17,457,805,0
116212,17,464,719,3
116229,17,463,781,0
116246,17,535,539,3
116262,17,525,441,3
116279,17,538,377,2
116296,17,543,454,3
116312,17,549,421,5
116329,17,528,444,3
116346,17,533,475,3
116362,17,548,441,3
116379,17,528,478,3
116395,17,555,461,3
116412,17,547,442,3
116429,17,544,469,3
116445,17,556,448,3
116462,17,541,443,3
116479,17,541,454,3
116495,17,558,460,3
116512,17,553,424,3
116529,17,549,456,3
116545,17,538,449,3
116562,17,551,461,3
116578,17,539,445,3
116595,17,545,436,3
116612,17,395,395,2
116628,17,521,369,2
116645,17,516,361,4
116662,17,515,346,4
116678,17,513,377,2
116695,17,521,367,2
116712,17,513,375,2
116728,17,526,374,2
116745,17,529,355,4
116761,17,511,354,4
116778,17,510,385,2
116795,17,517,377,2
116811,17,508,378,2
116828,17,507,396,2
116845,17,509,372,2
116861,17,515,377,2
116878,17,511,369,2
116894,17,512,353,4
116911,17,514,378,2
116928,17,511,362,4
116944,17,514,383,2
116961,17,508,370,2
116978,17,516,357,4
116994,17,515,398,2
117011,17,522,373,2
117028,17,500,389,2
117044,17,498,377,2
117061,17,498,297,4
117077,17,488,293,4
117094,17,493,305,4
117111,17,491,264,0
117127,17,485,322,4
117144,17,487,303,4
117161,17,494,278,0
117177,17,482,320,4
117194,17,497,292,4
117211,17,491,288,4
117227,17,509,362,4
117244,17,514,522,3
117260,17,514,521,3
117277,17,512,560,3
117294,17,518,541,3
117310,17,510,563,3
117327,17,514,554,3
117344,17,518,536,3
117360,17,508,504,3
117377,17,350,562,3
117543,166,371,523,3
117560,17,140,982,0
117577,17,507,655,3
117593,17,551,607,3
117610,17,555,586,3
117626,17,560,556,3
117643,17,544,565,3
117660,17,537,528,3
117676,17,551,545,3
117693,17,530,528,3
117710,17,529,514,3
117726,17,504,563,3
117743,17,529,542,3
117760,17,418,612,3
117776,17,539,514,3
117793,17,534,502,3
117809,17,538,495,3
117826,17,478,469,3
117843,17,473,526,3
117859,17,459,521,3
117876,17,462,486,3
117893,17,451,517,3
117909,17,457,527,3
117926,17,452,511,3
117942,17,453,478,3
117959,17,464,493,3
117976,17,461,519,3
117992,17,459,513,3
118009,17,449,507,3
118026,17,451,525,3
118042,17,468,498,3
118059,17,455,482,3
118076,17,455,499,3
118092,17,456,484,3
118109,17,448,516,3
118125,17,454,467,3
118142,17,453,488,3
118159,17,464,472,3
118175,17,496,326,4
118192,17,494,307,4
118209,17,504,310,4
118225,17,501,337,4
118242,17,515,338,4
118259,17,495,349,4
118275,17,501,359,4
118292,17,513,331,4
118308,17,503,366,2
118325,17,514,356,4
118342,17,513,368,2
118358,17,506,357,4
118375,17,498,347,4
118392,17,512,343,4
118408,17,511,336,4
118425,17,512,336,4
118442,17,515,335,4
118458,17,514,358,4
118475,17,505,362,4
118491,17,506,333,4
118508,17,507,336,4
118525,17,505,367,2
118541,17,510,345,4
118558,17,521,294,4
118575,17,526,328,4
118591,17,521,338,4
118608,17,518,310,4
118625,17,511,318,4
118641,17,522,324,4
118658,17,522,308,4
118674,17,521,303,4
118691,17,524,302,4
118708,17,525,314,4
118724,17,515,313,4
118741,17,523,332,4
118758,17,517,318,4
118774,17,505,328,4
118791,17,512,320,4
118808,17,516,324,4
118824,17,519,274,0
118841,17,514,338,4
118857,17,509,315,4
118874,17,514,321,4
118891,17,503,334,4
118907,17,500,348,4
118924,17,514,314,4
118941,17,508,330,4
118957,17,506,323,4
118974,17,514,306,4
118991,17,516,316,4
119007,17,526,140,1
119024,17,536,300,4
119040,17,526,193,1
119057,17,528,320,4
119074,17,399,807,0
119190,116,532,589,3
119207,17,588,537,3
119223,17,606,422,3
119240,17,587,378,2
119257,17,593,353,4
119273,17,608,291,4
119290,17,609,268,0
119307,17,591,235,1
119323,17,592,217,1
119340,17,554,330,4
119356,17,556,352,4
119373,17,561,347,4
119390,17,566,376,2
119406,17,567,390,2
119423,17,562,323,4
119440,17,557,381,2
119456,17,565,355,4
119473,17,579,365,2
119490,17,539,414,2
119506,17,462,657,3
119523,17,390,860,0
119539,17,355,964,0
119556,17,354,956,0
119573,17,308,957,0
119589,17,341,944,0
119606,17,315,961,0
119623,17,314,965,0
119639,17,311,968,0
119656,17,307,968,0
119673,17,299,967,0
119689,17,297,963,0
119706,17,294,965,0
119722,17,345,925,0
119739,17,348,903,0
119756,17,286,1000,0
119772,17,355,923,0
119789,17,365,997,0
119806,17,401,915,0
119822,17,384,926,0
119839,17,403,1003,0
119856,17,305,1000,0
119872,17,393,922,0
119889,17,402,922,0
119905,17,392,917,0
119922,17,405,983,0
119939,17,399,917,0
119955,17,402,927,0
119972,17,386,942,0
119989,17,409,1039,0
120005,17,402,918,0
120022,17,374,970,0
120039,17,393,913,0
120055,17,400,917,0
120072,17,432,843,0
120088,17,511,586,3
120105,17,548,473,3
120122,17,571,455,3
120138,17,576,456,3
120155,17,556,456,3
120172,17,568,458,3
120188,17,557,458,3
120205,17,568,445,3
120221,17,547,456,3
120238,17,549,476,3
120255,17,551,486,3
120271,17,555,442,3
120288,17,568,463,3
120305,17,559,472,3
120321,17,554,471,3
120338,17,551,393,2
120355,17,554,337,4
120371,17,543,374,2
120388,17,555,352,4
120404,17,553,359,4
120421,17,555,342,4
120438,17,556,345,4
120454,17,548,352,4
120471,17,556,351,4
120488,17,552,356,4
120504,17,555,361,4
120521,17,551,379,2
120538,17,538,369,2
120554,17,552,341,4
120571,17,553,343,4
120587,17,567,357,4
120604,17,551,373,2
120621,17,555,351,4
120637,17,551,377,2
120654,17,512,358,4
120671,17,526,367,2
120687,17,521,337,4
120704,17,511,358,4
120721,17,521,331,4
120737,17,521,323,4
120754,17,518,330,4
120770,17,514,338,4
120787,17,520,314,4
120804,17,517,338,4
120820,17,552,597,3
120987,166,716,421,3
121003,17,408,423,3
121020,17,515,502,3
121037,17,537,487,3
121053,17,573,422,3
121070,17,567,346,4
121087,17,549,334,4
121136,50,544,303,4
121136,0,544,303,4
121153,17,542,286,0
121170,17,568,293,4
121186,17,535,270,0
121203,17,537,330,4
121220,17,537,314,4
121236,17,555,195,1
121253,17,553,246,1
121270,17,547,286,0
121286,17,552,270,0
121303,17,550,295,4
121319,17,551,257,1
121336,17,550,248,1
121353,17,540,364,4
121369,17,461,362,4
121386,17,434,242,1
121403,17,410,278,0
121419,17,431,254,1
121436,17,437,236,1
121452,17,421,308,4
121469,17,419,261,0
121486,17,417,325,4
121502,17,443,179,1
121519,17,342,351,0
121536,17,425,362,4
121552,17,424,198,1
121569,17,420,313,4
121586,17,438,220,1
121602,17,432,247,1
121619,17,412,252,1
121635,17,431,182,1
121652,17,417,351,4
121669,17,419,364,4
121685,17,430,233,1
121702,17,428,322,4
121719,17,433,187,1
121735,17,433,252,1
121752,17,380,167,1
121769,17,427,341,4
121785,17,431,324,4
121802,17,430,358,4
121818,17,422,353,4
121835,17,416,353,4
121852,17,421,348,4
121868,17,435,155,1
121885,17,431,220,1
121902,17,438,160,1
121918,17,431,326,4
121935,17,431,307,4
121952,17,465,154,1
121968,17,445,286,0
121985,17,453,190,1
122001,17,447,308,4
122018,17,460,269,0
122035,17,449,277,0
122051,17,460,235,1
122068,17,465,120,0
122085,17,461,275,0
122101,17,458,272,0
122118,17,456,229,1
122135,17,465,137,1
122151,17,502,295,4
122168,17,515,258,1
122184,17,511,266,0
122201,17,524,159,1
122218,17,520,272,0
122234,17,510,268,0
122251,17,513,278,0
122268,17,505,275,0
122284,17,505,280,0
122301,17,511,280,0
122318,17,506,337,4
122334,17,509,326,4
122351,17,512,271,0
122367,17,508,347,4
122384,17,507,339,4
122401,17,502,349,4
122417,17,503,318,4
122434,17,510,308,4
122451,17,503,333,4
122467,17,514,244,1
122484,17,508,250,1
122501,17,519,199,1
122517,17,504,340,4
122534,17,506,285,0
122550,17,504,331,4
122567,17,508,320,4
122584,17,514,316,4
122600,17,517,304,4
122617,17,510,300,4
122634,17,501,335,4
122650,17,505,337,4
122667,17,504,316,4
122683,17,500,332,4
122700,17,417,260,0
122717,17,508,293,4
122733,17,505,355,4
122750,17,517,212,1
122767,17,512,218,1
122783,17,516,259,1
122800,17,506,311,4
122817,17,508,220,1
122833,17,511,224,1
122850,17,511,325,4
122866,17,512,239,1
122883,17,509,273,0
122900,17,516,248,1
122916,17,516,249,1
122933,17,510,304,4
122950,17,340,392,2
122966,17,505,277,0
122983,17,505,297,4
123000,17,508,292,4
123016,17,500,294,4
123033,17,509,293,4
123049,17,510,302,4
123066,17,514,225,1
123083,17,512,276,0
123099,17,513,278,0
123116,17,511,241,1
123133,17,504,268,0
123149,17,510,280,0
123166,17,499,328,4
123183,17,512,281,0
123199,17,505,299,4
123216,17,510,271,0
123232,17,504,297,4
123249,17,514,270,0
123266,17,524,220,1
123282,17,515,245,1
123299,17,517,228,1
123316,17,542,266,0
123332,17,611,396,2
123349,17,522,336,4
123532,183,570,998,0
123565,33,458,845,0
123582,17,562,866,0
123598,17,501,977,0
123615,17,516,858,0
123632,17,511,987,0
123648,17,526,848,0
123665,17,548,897,0
123682,17,529,861,0
123698,17,571,924,0
123715,17,599,858,0
123731,17,464,918,0
123748,17,539,902,0
123765,17,531,867,0
123781,17,593,880,0
123798,17,532,881,0
123815,17,536,870,0
123831,17,543,805,0
123848,17,536,879,0
123865,17,552,873,0
123881,17,460,863,0
123898,17,546,858,0
123914,17,548,843,0
123931,17,545,885,0
123948,17,467,917,0
123964,17,467,922,0
123981,17,561,866,0
123998,17,477,819,0
124014,17,480,826,0
124031,17,535,852,0
124048,17,537,839,0
124064,17,490,821,0
124081,17,486,809,0
124097,17,570,859,0
124114,17,540,877,0
124131,17,541,857,0
124147,17,454,881,0
124164,17,450,874,0
124181,17,518,854,0
124197,17,558,862,0
124214,17,533,836,0
124231,17,422,819,0
124247,17,540,642,3
124264,17,579,508,3
124280,17,555,479,3
124297,17,552,456,3
124314,17,545,427,3
124330,17,566,459,3
124347,17,560,470,3
124364,17,562,495,3
124380,17,556,480,3
124397,17,596,460,3
124414,17,553,473,3
124430,17,535,369,2
124447,17,538,370,2
124463,17,528,379,2
124480,17,522,398,2
124497,17,529,379,2
124513,17,535,385,2
124530,17,522,396,2
124547,17,527,395,2
124563,17,530,383,2
124580,17,523,393,2
124597,17,525,393,2
124613,17,526,398,2
124630,17,518,396,2
124646,17,528,355,4
124663,17,521,404,2
124680,17,519,359,4
124696,17,525,386,2
124713,17,573,291,4
124730,17,581,340,4
124746,17,559,279,0
124763,17,562,304,4
124780,17,552,303,4
124796,17,564,297,4
124813,17,561,295,4
124829,17,554,321,4
124846,17,556,294,4
124863,17,569,302,4
124879,17,562,296,4
124896,17,560,286,0
124913,17,559,297,4
124929,17,569,336,4
124946,17,564,318,4
124962,17,558,320,4
124979,17,555,316,4
124996,17,522,352,4
125012,17,528,321,4
125029,17,530,303,4
125046,17,530,334,4
125062,17,523,355,4
125079,17,529,340,4
125096,17,527,341,4
125112,17,530,341,4
125129,17,539,347,4
125145,17,528,339,4
125162,17,550,286,0
125179,17,567,689,3
125345,166,751,577,3
125378,33,622,639,3
125395,17,714,561,3
125412,17,679,447,3
125428,17,675,412,2
125445,17,665,396,2
125462,17,657,347,0
125478,17,649,391,2
125495,17,646,348,0
125511,17,667,331,0
125528,17,557,354,4
125545,17,549,302,4
125561,17,548,285,0
125578,17,560,258,1
125595,17,485,336,4
125611,17,552,299,4
125628,17,548,279,0
125645,17,555,304,4
125661,17,533,293,4
125678,17,554,317,4
125694,17,557,278,0
125711,17,559,268,0
125728,17,557,315,4
125744,17,554,274,0
125761,17,558,260,0
125778,17,553,320,4
125794,17,554,328,4
125811,17,543,340,4
125828,17,314,546,3
125844,17,560,311,4
125861,17,564,255,1
125877,17,187,608,3
125894,17,549,336,4
125911,17,553,322,4
125927,17,546,336,4
125944,17,553,317,4
125961,17,550,353,4
125977,17,554,340,4
125994,17,549,366,2
126010,17,553,325,4
126027,17,556,320,4
126044,17,547,359,4
126060,17,545,327,4
126077,17,547,333,4
126094,17,558,327,4
126110,17,547,334,4
126127,17,549,341,4
126144,17,511,297,4
126160,17,513,263,0
126177,17,518,263,0
126193,17,510,252,1
126210,17,507,278,0
126227,17,529,235,1
126243,17,510,336,4
126260,17,517,342,4
126277,17,516,280,0
126293,17,513,273,0
126310,17,506,334,4
126327,17,517,333,4
126343,17,571,243,1
126360,17,663,176,1
126376,17,691,197,1
126393,17,686,194,1
126410,17,688,163,1
126426,17,692,201,1
126443,17,688,198,1
126460,17,694,158,1
126476,17,698,172,1
126493,17,692,176,1
126510,17,690,182,1
126526,17,687,172,1
126543,17,705,141,1
126559,17,689,171,1
126576,17,692,144,1
126593,17,701,214,1
126693,100,748,263,0
126709,17,755,344,0
126726,17,699,476,3
126742,17,703,360,0
126759,17,698,244,1
126776,17,675,195,1
126792,17,673,133,1
126809,17,687,45,0
126826,17,684,152,1
126842,17,699,101,0
126859,17,691,150,1
126876,17,741,191,0
126892,17,745,240,0
126909,17,742,241,0
126925,17,754,212,0
126942,17,745,219,0
126959,17,739,188,0
126975,17,744,202,0
126992,17,742,224,0
127009,17,745,216,0
127025,17,746,217,0
127042,17,743,212,0
127059,17,742,218,0
127075,17,739,204,0
127092,17,755,202,0
127108,17,744,248,0
127125,17,742,234,0
127142,17,723,388,2
127158,17,719,546,3
127175,17,707,631,3
127192,17,708,617,3
127208,17,707,628,3
127225,17,713,616,3
127241,17,716,627,3
127258,17,701,612,3
127275,17,704,604,3
127291,17,707,652,3
127308,17,663,585,3
127325,17,595,423,3
127341,17,574,322,4
127358,17,576,373,2
127375,17,585,354,4
127391,17,576,372,2
127408,17,572,371,2
127424,17,581,353,4
127441,17,582,351,4
127458,17,578,358,4
127474,17,574,332,4
127491,17,607,396,2
127508,17,654,882,0
127674,166,501,968,0
127691,17,506,808,0
127707,17,480,820,0
127724,17,397,793,0
127741,17,505,795,0
127757,17,445,765,3
127774,17,556,754,3
127790,17,523,746,3
127807,17,513,745,3
127824,17,511,723,3
127840,17,506,749,3
127857,17,479,686,3
127874,17,513,763,3
127890,17,504,720,3
127907,17,394,845,0
127924,17,390,879,0
127940,17,374,867,0
127957,17,376,925,0
127973,17,383,911,0
127990,17,312,910,0
128007,17,374,901,0
128023,17,377,898,0
128040,17,389,899,0
128057,17,379,906,0
128073,17,381,889,0
128090,17,333,927,0
128107,17,381,873,0
128123,17,295,925,0
128140,17,385,905,0
128156,17,353,868,0
128173,17,373,897,0
128190,17,377,891,0
128206,17,372,889,0
128223,17,340,975,0
128240,17,340,984,0
128256,17,394,863,0
128273,17,554,682,3
128306,33,557,458,3
128306,0,557,458,3
128323,17,518,407,2
128339,17,562,381,2
128356,17,555,436,3
128373,17,566,389,2
128389,17,555,395,2
128406,17,563,437,3
128423,17,559,337,4
128439,17,557,473,3
128456,17,567,447,3
128472,17,569,375,2
128489,17,543,413,2
128506,17,544,331,4
128522,17,557,358,4
128539,17,559,391,2
128556,17,551,371,2
128572,17,545,390,2
128589,17,541,388,2
128606,17,537,379,2
128622,17,545,384,2
128639,17,531,388,2
128655,17,540,370,2
128672,17,536,378,2
128689,17,545,382,2
128705,17,530,380,2
128722,17,540,423,3
128739,17,532,407,2
128755,17,547,259,1
128772,17,537,396,2
128789,17,547,355,4
128805,17,535,420,5
128822,17,535,399,2
128838,17,536,396,2
128855,17,537,406,2
128872,17,551,428,3
128888,17,538,389,2
128905,17,535,397,2
128922,17,533,504,3
128938,17,554,568,3
128955,17,549,580,3
128972,17,548,582,3
128988,17,536,570,3
129005,17,536,577,3
129021,17,550,570,3
129038,17,545,572,3
129055,17,552,561,3
129071,17,542,580,3
129088,17,549,593,3
129105,17,547,579,3
129121,17,567,540,3
129138,17,682,407,2
129155,17,697,370,2
129171,17,713,396,2
129188,17,730,509,3
129204,17,888,933,0
129288,83,767,829,0
129304,17,676,689,3
129321,17,691,542,3
129338,17,754,486,3
129354,17,712,384,2
129371,17,696,325,0
129387,17,709,337,0
129404,17,704,358,0
129421,17,711,304,0
129437,17,693,415,2
129454,17,701,374,2
129471,17,710,380,2
129487,17,704,377,2
129504,17,694,398,2
129520,17,707,337,0
129537,17,705,380,2
129554,17,703,362,0
129570,17,715,247,1
129587,17,716,242,1
129604,17,715,284,0
129620,17,711,255,1
129637,17,720,255,1
129654,17,720,262,0
129670,17,722,290,0
129687,17,708,289,0
129703,17,714,299,0
129720,17,718,251,1
129737,17,737,266,0
129753,17,718,291,0
129770,17,717,260,0
129787,17,718,285,0
129803,17,700,248,1
129820,17,588,231,1
129837,17,573,242,1
129853,17,591,226,1
129870,17,612,225,1
129886,17,596,215,1
129903,17,586,246,1
129920,17,608,124,0
129936,17,593,261,0
129953,17,591,179,1
129970,17,582,246,1
129986,17,581,250,1
130003,17,585,188,1
130020,17,594,254,1
130036,17,595,253,1
130053,17,591,186,1
130069,17,575,264,0
130086,17,521,314,4
130103,17,525,213,1
130119,17,522,345,4
130136,17,523,299,4
130153,17,512,336,4
130169,17,510,339,4
130186,17,516,347,4
130203,17,519,290,4
130219,17,521,225,1
130236,17,510,333,4
130252,17,512,330,4
130269,17,503,338,4
130286,17,329,823,0
130452,166,589,402,2
130469,17,467,672,3
130485,17,469,584,3
130502,17,535,470,3
130519,17,485,438,3
130535,17,471,432,3
130552,17,513,371,2
130568,17,483,335,4
130585,17,493,340,4
130602,17,477,361,4
130618,17,278,549,3
130635,17,477,298,4
130652,17,482,365,2
130668,17,485,303,4
130685,17,489,310,4
130702,17,487,312,4
130718,17,484,268,0
130735,17,482,316,4
130751,17,480,339,4
130768,17,494,281,0
130785,17,490,274,0
130801,17,575,227,1
130818,17,620,321,0
130835,17,628,224,1
130851,17,635,239,1
130868,17,634,329,0
130885,17,637,237,1
130901,17,632,257,1
130918,17,624,320,0
130934,17,634,210,1
130951,17,624,288,0
130968,17,634,337,0
130984,17,639,374,2
131001,17,844,583,3
131300,299,617,612,3
131317,17,669,612,3
131334,17,650,537,3
131350,17,607,454,3
131367,17,503,421,5
131384,17,513,319,4
131400,17,527,314,4
131417,17,542,305,4
131434,17,539,313,4
131450,17,529,338,4
131467,17,531,265,0
131483,17,521,326,4
131500,17,543,250,1
131517,17,544,285,0
131533,17,531,331,4
131550,17,542,287,0
131567,17,536,334,4
131583,17,539,346,4
131600,17,569,743,3
131833,233,448,895,0
131849,17,446,896,0
131866,17,548,893,0
131883,17,527,895,0
131899,17,560,851,0
131916,17,544,861,0
131933,17,680,835,0
131949,17,533,860,0
131966,17,536,806,0
131982,17,483,983,0
131999,17,479,969,0
132016,17,484,831,0
132032,17,466,946,0
132049,17,468,822,0
132066,17,459,827,0
132082,17,454,833,0
132099,17,448,839,0
132116,17,448,850,0
132132,17,589,920,0
132149,17,597,863,0
132165,17,527,896,0
132182,17,465,888,0
132199,17,514,850,0
132215,17,465,946,0
132232,17,441,911,0
132249,17,407,946,0
132265,17,421,871,0
132282,17,407,937,0
132299,17,414,885,0
132315,17,401,854,0
132332,17,532,718,3
132348,17,577,546,3
132365,17,569,357,4
132382,17,575,415,2
132398,17,587,382,2
132415,17,579,405,2
132432,17,584,452,3
132448,17,578,444,3
132465,17,574,470,3
132482,17,575,447,3
132498,17,576,459,3
132515,17,578,485,3
132531,17,576,454,3
132548,17,572,479,3
132565,17,557,445,3
132581,17,512,247,1
132598,17,519,343,4
132615,17,504,365,2
132631,17,512,355,4
132648,17,512,354,4
132665,17,510,380,2
132681,17,503,344,4
132698,17,514,358,4
132714,17,516,362,4
132731,17,516,339,4
132748,17,517,345,4
132764,17,511,369,2
132781,17,508,369,2
132798,17,514,328,4
132814,17,517,341,4
132831,17,513,339,4
132848,17,517,368,2
132864,17,452,424,3
132881,17,388,506,3
132897,17,390,490,3
132914,17,391,508,3
132931,17,395,482,3
132947,17,386,503,3
132964,17,243,393,2
132981,17,403,361,0
132997,17,247,433,3
133014,17,276,365,2
133030,17,230,488,3
133047,17,402,386,2
133064,17,392,450,3
133080,17,204,462,3
133097,17,501,355,4
133114,17,528,170,1
133130,17,519,301,4
133147,17,529,227,1
133164,17,519,337,4
133180,17,528,334,4
133197,17,537,214,1
133213,17,528,336,4
133230,17,528,172,1
133247,17,535,241,1
133263,17,527,208,1
133280,17,498,407,2
133297,17,306,461,3
133313,17,532,249,1
133330,17,520,331,4
133347,17,522,306,4
133363,17,532,269,0
133380,17,518,335,4
133396,17,529,231,1
133413,17,422,454,3
133430,17,541,123,0
133446,17,555,92,0
133463,17,543,163,1
133480,17,545,131,0
133496,17,548,100,0
133513,17,562,115,0
133530,17,554,125,0
133546,17,540,161,1
133563,17,546,89,0
133579,17,541,90,0
133596,17,623,458,3
133713,116,694,678,3
133729,17,717,477,3
133746,17,616,397,2
133762,17,668,282,0
133779,17,654,174,1
133796,17,669,191,1
133812,17,660,111,0
133829,17,643,38,0
133846,17,632,52,0
133862,17,656,15,0
133879,17,636,70,0
133896,17,635,145,1
133912,17,645,59,0
133929,17,653,96,0
133945,17,664,32,0
133962,17,651,25,0
133979,17,643,46,0
133995,17,641,12,0
134012,17,642,53,0
134029,17,653,81,0
134045,17,653,98,0
134062,17,648,18,0
134078,17,755,3,0
134095,17,851,100,0
134112,17,966,98,0
134128,17,949,118,0
134145,17,943,130,0
134162,17,958,107,0
134178,17,953,110,0
134195,17,956,125,0
134212,17,954,90,0
134228,17,974,106,0
134245,17,962,119,0
134261,17,940,119,0
134278,17,962,105,0
134295,17,978,55,0
134311,17,955,74,0
134328,17,953,75,0
134345,17,963,63,0
134361,17,943,102,0
134378,17,962,34,0
134395,17,948,84,0
134411,17,946,49,0
134428,17,933,101,0
134444,17,928,151,0
134461,17,942,69,0
134478,17,925,156,0
134494,17,931,122,0
134511,17,962,82,0
134528,17,943,69,0
134544,17,960,65,0
134561,17,952,84,0
134578,17,955,72,0
134594,17,943,73,0
134611,17,946,72,0
134627,17,952,64,0
134644,17,947,57,0
134661,17,953,72,0
134677,17,951,70,0
134694,17,929,92,0
134711,17,941,66,0
134727,17,936,73,0
134744,17,973,49,0
134761,17,957,68,0
134777,17,956,78,0
134794,17,944,55,0
134810,17,1009,236,0
134927,116,1021,530,3
134944,17,755,566,3
134960,17,774,358,0
134977,17,820,270,0
134993,17,765,219,0
135010,17,775,193,0
135027,17,784,133,0
135043,17,782,143,0
135060,17,789,163,0
135077,17,778,357,0
135093,17,785,146,0
135110,17,801,117,0
135127,17,782,169,0
135143,17,795,195,0
135160,17,831,693,3
135293,133,743,698,3
135309,17,509,405,2
135326,17,552,640,3
135343,17,549,666,3
135359,17,537,635,3
135376,17,542,558,3
135393,17,540,507,3
135409,17,529,518,3
135426,17,551,458,3
135443,17,558,378,2
135459,17,542,419,5
135476,17,547,403,2
135492,17,530,422,3
135509,17,534,332,4
135526,17,537,438,3
135542,17,446,406,2
135559,17,557,384,2
135576,17,569,289,4
135592,17,539,375,2
135609,17,559,319,4
135626,17,556,293,4
135642,17,460,361,4
135659,17,546,296,4
135675,17,556,319,4
135692,17,556,294,4
135709,17,548,350,4
135725,17,469,410,2
135742,17,557,305,4
135759,17,379,465,3
135775,17,536,317,4
135792,17,555,260,0
135809,17,541,302,4
135825,17,549,278,0
135842,17,545,249,1
135858,17,553,323,4
135875,17,552,276,0
135892,17,432,313,4
135908,17,554,340,4
135925,17,548,353,4
135942,17,552,359,4
135958,17,560,402,2
135975,17,601,583,3
135992,17,684,445,3
136125,133,581,526,3
136141,17,649,739,3
136158,17,474,486,3
136175,17,543,644,3
136191,17,600,588,3
136208,17,603,502,3
136224,17,626,412,2
136241,17,578,423,3
136258,17,571,376,2
136274,17,594,383,2
136291,17,558,525,3
136308,17,561,341,4
136324,17,571,345,4
136341,17,550,366,2
136357,17,576,350,4
136374,17,552,405,2
136391,17,553,379,2
136407,17,557,280,0
136424,17,550,344,4
136441,17,400,482,3
136457,17,587,316,4
136474,17,400,490,3
136491,17,570,437,3
136507,17,567,295,4
136524,17,575,282,0
136540,17,376,496,3
136557,17,296,550,3
136574,17,536,616,3
136590,17,492,373,2
136624,33,567,337,4
136624,0,567,337,4
136640,17,573,385,2
136657,17,598,755,3
136674,17,767,453,3
136906,233,737,911,0
136923,17,798,861,0
136940,17,770,1000,0
136956,17,647,898,0
136973,17,733,888,0
136990,17,794,773,0
137006,17,780,734,3
137023,17,712,877,0
137040,17,720,865,0
137056,17,701,990,0
137073,17,710,943,0
137089,17,818,916,0
137106,17,723,1005,0
137123,17,669,814,0
137139,17,775,905,0
137156,17,761,807,0
137173,17,680,768,0
137189,17,760,815,0
137206,17,643,929,0
137223,17,743,950,0
137239,17,746,1000,0
137256,17,682,902,0
137272,17,730,875,0
137289,17,756,878,0
137306,17,766,896,0
137322,17,686,881,0
137339,17,708,981,0
137356,17,723,955,0
137372,17,767,864,0
137389,17,734,948,0
137406,17,751,893,0
137422,17,656,976,0
137439,17,576,930,0
137455,17,480,984,0
137472,17,408,928,0
137489,17,398,928,0
137505,17,401,897,0
137522,17,402,941,0
137539,17,412,936,0
137555,17,411,960,0
137572,17,409,1034,0
137588,17,315,1009,0
137605,17,389,918,0
137622,17,345,1024,0
137638,17,404,965,0
137655,17,411,921,0
137672,17,398,943,0
137688,17,409,903,0
137705,17,419,930,0
137722,17,400,947,0
137738,17,396,944,0
137755,17,407,939,0
137771,17,403,905,0
137788,17,396,903,0
137805,17,385,914,0
137821,17,412,968,0
137838,17,402,923,0
137855,17,326,1010,0
137871,17,392,892,0
137888,17,393,943,0
137905,17,419,866,0
137921,17,409,923,0
137938,17,411,975,0
137954,17,401,878,0
137971,17,404,913,0
137988,17,408,949,0
138004,17,408,946,0
138021,17,420,944,0
138038,17,407,912,0
138054,17,416,864,0
138071,17,396,932,0
138088,17,406,929,0
138104,17,404,941,0
138121,17,358,992,0
138137,17,422,936,0
138154,17,420,898,0
138171,17,376,914,0
138187,17,421,896,0
138204,17,413,954,0
138221,17,412,899,0
138237,17,382,1007,0
138254,17,400,879,0
138271,17,409,935,0
138287,17,412,905,0
138304,17,408,962,0
138320,17,351,995,0
138337,17,415,913,0
138354,17,396,955,0
138370,17,405,952,0
138387,17,415,948,0
138404,17,466,846,0
138420,17,545,888,0
138437,17,487,989,0
138454,17,455,885,0
138470,17,527,851,0
138487,17,484,859,0
138503,17,443,909,0
138520,17,522,829,0
138537,17,488,846,0
138553,17,452,846,0
138570,17,505,856,0
138587,17,456,944,0
138603,17,514,846,0
138620,17,490,930,0
138636,17,469,942,0
138653,17,433,824,0
138670,17,507,805,0
138686,17,507,854,0
138703,17,508,859,0
138720,17,536,857,0
138736,17,519,797,0
138753,17,514,820,0
138770,17,547,777,0
138786,17,515,848,0
138803,17,480,823,0
138819,17,523,851,0
138836,17,504,811,0
138853,17,425,862,0
138869,17,505,777,0
138886,17,515,827,0
138903,17,531,897,0
138919,17,500,882,0
138936,17,459,838,0
138953,17,509,793,0
138969,17,517,859,0
138986,17,548,857,0
139019,33,493,842,0
139036,17,491,944,0
139052,17,500,928,0
139069,17,516,927,0
139086,17,531,848,0
139102,17,572,907,0
139119,17,527,844,0
139136,17,525,845,0
139152,17,450,866,0
139169,17,587,829,0
139185,17,503,853,0
139202,17,522,835,0
139219,17,546,872,0
139235,17,440,902,0
139252,17,524,837,0
139269,17,514,825,0
139285,17,518,823,0
139302,17,450,926,0
139319,17,514,823,0
139335,17,542,831,0
139352,17,518,823,0
139368,17,527,842,0
139385,17,537,911,0
139402,17,525,908,0
139418,17,507,905,0
139435,17,500,870,0
139452,17,475,916,0
139468,17,463,933,0
139485,17,450,937,0
139502,17,445,938,0
139518,17,502,832,0
139535,17,554,931,0
139551,17,564,892,0
139568,17,572,902,0
139901,333,835,906,0
139917,17,509,981,0
139934,17,599,865,0
139951,17,596,959,0
139967,17,565,959,0
139984,17,524,941,0
140001,17,630,873,0
140017,17,590,809,0
140034,17,590,776,0
140050,17,528,935,0
140067,17,567,889,0
140084,17,546,914,0
140100,17,520,907,0
140117,17,515,863,0
140134,17,571,888,0
140150,17,564,846,0
140167,17,563,793,0
140184,17,570,840,0
140200,17,511,938,0
140217,17,527,796,0
140233,17,454,988,0
140250,17,606,911,0
140267,17,447,938,0
140283,17,550,874,0
140300,17,429,1047,0
140317,17,479,926,0
140333,17,505,930,0
140350,17,420,920,0
140367,17,506,909,0
140383,17,473,897,0
140400,17,505,898,0
140416,17,445,942,0
140433,17,494,864,0
140450,17,552,812,0
140466,17,469,627,3
140483,17,498,533,3
140500,17,500,427,3
140516,17,506,364,4
140533,17,486,394,2
140550,17,482,364,4
140566,17,486,355,4
140583,17,475,436,3
140599,17,497,381,2
140616,17,479,377,2
140633,17,494,410,2
140649,17,484,332,4
140666,17,491,384,2
140683,17,494,404,2
140699,17,502,317,4
140716,17,509,341,4
140733,17,510,383,2
140749,17,515,323,4
140766,17,504,329,4
140782,17,511,379,2
140799,17,510,390,2
140816,17,497,425,3
140832,17,511,377,2
140849,17,506,404,2
140866,17,518,392,2
140882,17,510,375,2
140899,17,520,276,0
140916,17,509,394,2
140932,17,511,401,2
140949,17,502,411,2
140965,17,506,390,2
140982,17,503,405,2
140999,17,505,403,2
141015,17,519,308,4
141032,17,485,427,3
141165,133,506,452,3
141182,17,544,662,3
141198,17,471,541,3
141215,17,558,403,2
141232,17,554,384,2
141248,17,510,330,4
141265,17,493,328,4
141281,17,501,332,4
141298,17,502,299,4
141315,17,515,267,0
141331,17,509,234,1
141348,17,507,307,4
141365,17,505,320,4
141381,17,511,332,4
141398,17,498,322,4
141415,17,513,270,0
141431,17,516,306,4
141448,17,516,329,4
141464,17,512,314,4
141481,17,509,342,4
141498,17,520,333,4
141514,17,503,285,0
141531,17,514,274,0
141548,17,505,266,0
141564,17,520,309,4
141581,17,508,314,4
141598,17,514,259,1
141614,17,514,307,4
141631,17,517,330,4
141647,17,520,333,4
141664,17,516,330,4
141681,17,510,344,4
141697,17,513,354,4
141714,17,507,358,4
141731,17,514,264,0
141747,17,518,283,0
141764,17,511,346,4
141781,17,510,322,4
141797,17,520,323,4
141814,17,522,337,4
141830,17,516,241,1
141847,17,514,325,4
141864,17,521,220,1
141880,17,520,346,4
141897,17,525,258,1
141914,17,519,344,4
141930,17,517,276,0
141947,17,516,327,4
141964,17,526,230,1
141980,17,519,308,4
141997,17,514,334,4
142013,17,517,320,4
142030,17,514,322,4
142047,17,500,365,2
142063,17,503,377,2
142080,17,505,385,2
142097,17,504,365,2
142113,17,506,377,2
142130,17,507,372,2
142146,17,506,358,4
142163,17,502,368,2
142180,17,502,335,4
142196,17,506,356,4
142213,17,508,343,4
142230,17,495,315,4
142246,17,497,471,3
142396,150,544,472,3
142413,17,541,359,4
142429,17,145,976,0
142446,17,423,711,3
142463,17,584,451,3
142479,17,389,666,3
142496,17,531,480,3
142512,17,531,472,3
142529,17,571,499,3
142546,17,543,471,3
142562,17,560,388,2
142579,17,562,514,3
142596,17,536,549,3
142612,17,547,538,3
142629,17,537,558,3
142646,17,558,526,3
142662,17,332,694,3
142679,17,520,743,3
142695,17,544,531,3
142712,17,544,555,3
142729,17,540,547,3
142745,17,542,588,3
142762,17,535,588,3
142779,17,540,562,3
142795,17,526,758,3
142812,17,525,659,3
142829,17,545,528,3
142845,17,527,569,3
142862,17,545,584,3
142878,17,547,599,3
142895,17,541,614,3
142912,17,525,645,3
142928,17,531,594,3
142945,17,524,642,3
142962,17,528,622,3
142978,17,525,616,3
142995,17,522,650,3
143012,17,537,577,3
143028,17,529,659,3
143045,17,524,650,3
143061,17,444,833,0
143078,17,349,961,0
143095,17,364,957,0
143111,17,363,966,0
143128,17,383,926,0
143145,17,348,980,0
143161,17,378,926,0
143178,17,315,991,0
143195,17,384,914,0
143211,17,383,908,0
143228,17,340,1009,0
143244,17,383,902,0
143261,17,384,909,0
143278,17,376,946,0
143294,17,380,912,0
143311,17,377,886,0
143328,17,376,918,0
143344,17,386,914,0
143361,17,378,875,0
143377,17,379,892,0
143394,17,402,873,0
143411,17,500,649,3
143427,17,510,569,3
143444,17,552,506,3
143461,17,553,530,3
143477,17,553,450,3
143494,17,541,520,3
143511,17,533,511,3
143527,17,559,525,3
143544,17,525,538,3
143560,17,531,514,3
143577,17,552,524,3
143594,17,547,513,3
143610,17,559,533,3
143627,17,552,508,3
143644,17,559,481,3
143660,17,563,338,4
143677,17,556,378,2
143694,17,559,401,2
143710,17,552,358,4
143727,17,553,372,2
143743,17,564,384,2
143760,17,551,356,4
143777,17,547,385,2
143793,17,579,341,4
143810,17,593,433,3
143827,17,527,438,3
143976,150,481,789,0
143993,17,459,760,3
144010,17,456,797,0
144026,17,443,757,3
144043,17,524,702,3
144060,17,495,713,3
144076,17,452,677,3
144093,17,468,782,0
144109,17,406,662,3
144126,17,500,722,3
144143,17,497,679,3
144159,17,479,673,3
144176,17,489,673,3
144193,17,477,700,3
144209,17,420,883,0
144226,17,419,932,0
144243,17,424,899,0
144259,17,413,928,0
144276,17,419,924,0
144292,17,415,927,0
144309,17,426,925,0
144326,17,420,921,0
144342,17,418,1036,0
144359,17,419,919,0
144376,17,419,909,0
144392,17,337,928,0
144409,17,347,941,0
144425,17,413,861,0
144442,17,434,615,3
144459,17,377,544,3
144475,17,445,402,2
144492,17,450,542,3
144509,17,447,502,3
144525,17,448,519,3
144542,17,451,558,3
144559,17,447,538,3
144575,17,448,511,3
144592,17,444,524,3
144608,17,452,515,3
144625,17,514,390,2
144642,17,540,360,4
144658,17,551,385,2
144675,17,545,357,4
144692,17,541,373,2
144708,17,533,360,4
144725,17,541,363,4
144742,17,546,367,2
144758,17,544,371,2
144775,17,547,344,4
144791,17,538,357,4
144808,17,536,373,2
144825,17,544,365,2
144841,17,560,368,2
144858,17,541,367,2
144875,17,541,373,2
144891,17,553,366,2
144908,17,544,341,4
144925,17,546,375,2
144941,17,544,348,4
144958,17,542,395,2
144974,17,543,372,2
144991,17,557,389,2
145008,17,551,379,2
145024,17,437,478,3
145041,17,328,552,3
145058,17,294,601,3
145074,17,309,393,2
145091,17,294,588,3
145108,17,293,580,3
145124,17,289,573,3
145141,17,291,555,3
145157,17,331,701,3
145440,283,653,1042,0
145457,17,757,879,0
145507,50,779,933,0
145523,17,691,990,0
145557,33,760,963,0
145573,17,767,863,0
145590,17,696,901,0
145607,17,769,999,0
145640,33,769,983,0
145673,33,745,827,0
145690,17,747,860,0
145706,17,754,884,0
145723,17,741,1026,0
145740,17,769,928,0
145756,17,788,949,0
145773,17,767,956,0
145790,17,751,939,0
145806,17,744,977,0
145823,17,742,865,0
145839,17,752,838,0
145856,17,706,1019,0
145873,17,523,992,0
145889,17,425,933,0
145906,17,417,1002,0
145923,17,460,932,0
145956,33,433,962,0
145973,17,438,939,0
145989,17,450,942,0
146006,17,440,922,0
146022,17,437,940,0
146039,17,445,944,0
146056,17,440,939,0
146072,17,442,930,0
146089,17,449,920,0
146106,17,431,986,0
146122,17,454,978,0
146139,17,395,978,0
146156,17,431,917,0
146172,17,429,982,0
146189,17,429,954,0
146205,17,426,982,0
146222,17,446,977,0
146239,17,415,981,0
146255,17,425,991,0
146272,17,418,978,0
146289,17,451,933,0
146305,17,447,982,0
146322,17,427,971,0
146339,17,424,996,0
146355,17,421,978,0
146372,17,430,963,0
146388,17,423,997,0
146405,17,433,978,0
146422,17,417,998,0
146438,17,420,980,0
146455,17,440,936,0
146472,17,419,1004,0
146488,17,440,927,0
146505,17,429,930,0
146522,17,418,964,0
146538,17,421,971,0
146555,17,386,984,0
146571,17,405,961,0
146588,17,417,986,0
146605,17,436,959,0
146621,17,367,971,0
146638,17,416,951,0
146655,17,405,970,0
146671,17,438,980,0
146688,17,406,963,0
146704,17,425,971,0
146721,17,420,973,0
146738,17,434,975,0
146754,17,404,973,0
146771,17,327,1004,0
146788,17,411,951,0
146804,17,428,955,0
146821,17,414,971,0
146838,17,409,980,0
146854,17,418,999,0
146871,17,358,989,0
146887,17,434,1007,0
146904,17,413,1007,0
146921,17,332,956,0
146937,17,441,988,0
146954,17,405,969,0
146971,17,327,945,0
146987,17,418,981,0
147004,17,433,960,0
147021,17,421,1002,0
147037,17,442,972,0
147054,17,417,1058,0
147070,17,413,1024,0
147087,17,415,1003,0
147104,17,399,1047,0
147120,17,423,919,0
147137,17,399,1044,0
147154,17,325,1025,0
147170,17,421,1030,0
147187,17,341,1040,0
147204,17,420,1024,0
147220,17,361,937,0
147253,33,361,942,0
147253,0,361,942,0
147270,17,412,998,0
147287,17,429,985,0
147303,17,344,915,0
147320,17,418,983,0
147337,17,415,1009,0
147353,17,413,1041,0
147370,17,433,998,0
147387,17,417,1020,0
147403,17,426,1009,0
147420,17,430,987,0
147436,17,434,932,0
147453,17,438,1000,0
147470,17,436,1020,0
147486,17,417,992,0
147503,17,429,960,0
147520,17,473,843,0
147536,17,495,704,3
147553,17,495,615,3
147570,17,504,609,3
147586,17,503,569,3
147603,17,499,567,3
147619,17,501,605,3
147636,17,551,755,3
147653,17,539,820,0
147703,50,482,621,3
147719,17,595,671,3
147736,17,1409,914,0
147919,183,542,490,3
147935,17,737,513,3
147952,17,596,364,4
147969,17,611,375,2
147985,17,626,376,2
148002,17,606,375,2
148019,17,619,365,2
148035,17,631,393,2
148052,17,619,392,2
148069,17,620,407,2
148085,17,616,418,3
148102,17,620,400,2
148118,17,618,428,3
148135,17,616,433,3
148152,17,633,416,2
148168,17,611,427,3
148185,17,624,416,2
148202,17,618,402,2
148218,17,628,414,2
148235,17,635,397,2
148252,17,630,435,3
148268,17,621,418,3
148285,17,622,411,2
148301,17,613,416,2
148318,17,628,405,2
148335,17,619,412,2
148351,17,632,406,2
148368,17,617,388,2
148385,17,604,434,3
148401,17,639,409,2
148418,17,622,424,3
148435,17,615,389,2
148451,17,629,411,2
148468,17,615,392,2
148484,17,615,403,2
148501,17,619,411,2
148518,17,621,403,2
148534,17,622,437,3
148551,17,630,421,3
148568,17,622,406,2
148584,17,622,405,2
148601,17,581,408,2
148618,17,562,353,4
148634,17,545,358,4
148651,17,543,361,4
148667,17,554,349,4
148684,17,552,357,4
148701,17,547,349,4
148717,17,534,366,2
148734,17,543,358,4
148751,17,548,338,4
148767,17,545,370,2
148784,17,548,351,4
148801,17,555,347,4
148817,17,551,370,2
148834,17,549,348,4
148850,17,542,375,2
148867,17,552,347,4
148884,17,555,320,4
148900,17,540,616,3
149033,133,655,580,3
149050,17,686,475,3
149067,17,690,494,3
149083,17,867,610,3
149316,233,698,859,0
149333,17,589,878,0
149349,17,568,889,0
149366,17,548,956,0
149383,17,633,863,0
149399,17,669,857,0
149416,17,697,904,0
149433,17,613,902,0
149449,17,685,945,0
149466,17,685,854,0
149483,17,594,973,0
149499,17,589,964,0
149516,17,553,878,0
149532,17,349,954,0
149549,17,415,961,0
149566,17,351,958,0
149582,17,412,919,0
149599,17,341,957,0
149616,17,431,941,0
149632,17,409,933,0
149649,17,401,932,0
149666,17,399,949,0
149682,17,416,947,0
149699,17,316,1010,0
149715,17,326,990,0
149732,17,404,931,0
149749,17,415,955,0
149765,17,409,947,0
149782,17,372,1072,0
149799,17,396,954,0
149815,17,393,956,0
149832,17,415,948,0
149849,17,406,938,0
149865,17,395,932,0
149882,17,417,927,0
149898,17,401,938,0
149915,17,408,926,0
149932,17,418,925,0
149948,17,436,913,0
149965,17,529,667,3
149982,17,555,538,3
149998,17,585,433,3
150015,17,580,499,3
150032,17,588,500,3
150048,17,576,478,3
150065,17,580,500,3
150081,17,565,495,3
150098,17,582,493,3
150115,17,577,495,3
150131,17,569,485,3
150148,17,574,497,3
150165,17,585,489,3
150181,17,572,476,3
150198,17,527,415,2
150214,17,536,367,2
150231,17,521,380,2
150248,17,529,397,2
150264,17,526,361,4
150281,17,526,389,2
150298,17,531,388,2
150314,17,529,379,2
150331,17,528,359,4
150348,17,527,386,2
150364,17,531,399,2
150381,17,527,397,2
150397,17,535,372,2
150414,17,527,378,2
150431,17,526,377,2
150447,17,528,375,2
150464,17,529,380,2
150481,17,523,376,2
150497,17,520,373,2
150514,17,528,378,2
150531,17,525,379,2
150547,17,527,382,2
150564,17,563,418,5
150730,166,495,897,0
150747,17,540,817,0
150763,17,435,868,0
150780,17,413,865,0
150797,17,509,819,0
150813,17,487,860,0
150830,17,499,800,0
150847,17,501,817,0
150863,17,456,818,0
150880,17,447,814,0
150897,17,500,824,0
150913,17,434,830,0
150930,17,518,795,0
150946,17,500,755,3
150963,17,516,794,0
150980,17,492,806,0
150996,17,494,801,0
151013,17,510,782,0
151030,17,506,788,0
151046,17,492,803,0
151063,17,502,781,0
151080,17,512,672,3
151096,17,522,723,3
151113,17,519,712,3
151129,17,498,752,3
151146,17,507,792,0
151163,17,474,897,0
151179,17,505,772,0
151196,17,504,783,0
151213,17,565,550,3
151229,17,535,419,5
151246,17,541,444,3
151263,17,542,344,4
151279,17,536,468,3
151296,17,539,462,3
151312,17,535,443,3
151329,17,553,443,3
151346,17,541,450,3
151362,17,543,462,3
151379,17,554,280,0
151396,17,529,460,3
151412,17,545,424,3
151429,17,550,461,3
151445,17,539,435,3
151462,17,545,439,3
151479,17,534,477,3
151495,17,540,453,3
151512,17,538,459,3
151529,17,536,450,3
151545,17,540,472,3
151562,17,576,389,2
151579,17,559,373,2
151595,17,562,385,2
151612,17,565,372,2
151628,17,566,357,4
151645,17,579,371,2
151662,17,597,329,4
151678,17,761,624,3
152011,333,549,882,0
152028,17,645,860,0
152044,17,638,833,0
152061,17,646,826,0
152078,17,538,956,0
152094,17,548,954,0
152111,17,632,835,0
152128,17,633,842,0
152144,17,630,810,0
152161,17,645,831,0
152177,17,660,842,0
152194,17,622,842,0
152211,17,533,872,0
152227,17,653,852,0
152244,17,626,829,0
152261,17,631,819,0
152277,17,655,856,0
152294,17,653,730,3
152311,17,650,818,0
152327,17,627,810,0
152344,17,640,843,0
152360,17,597,915,0
152377,17,603,914,0
152394,17,611,902,0
152410,17,619,891,0
152427,17,627,858,0
152444,17,641,833,0
152460,17,595,700,3
152477,17,560,548,3
152493,17,540,374,2
152510,17,539,493,3
152527,17,540,474,3
152543,17,543,471,3
152560,17,533,512,3
152577,17,537,505,3
152593,17,541,470,3
152610,17,523,508,3
152627,17,584,369,2
152643,17,585,368,2
152660,17,596,357,4
152676,17,594,400,2
152693,17,590,377,2
152710,17,589,391,2
152726,17,595,375,2
152743,17,583,374,2
152760,17,586,363,4
152776,17,597,382,2
152793,17,588,387,2
152810,17,596,392,2
152826,17,574,365,2
152843,17,549,370,2
152859,17,561,346,4
152876,17,557,350,4
152893,17,556,347,4
152909,17,551,345,4
152926,17,551,342,4
152943,17,545,350,4
152959,17,554,351,4
152976,17,559,313,4
152993,17,555,318,4
153009,17,546,339,4
153026,17,547,345,4
153042,17,555,335,4
153059,17,556,346,4
153076,17,562,306,4
153092,17,561,360,4
153109,17,562,344,4
153126,17,551,333,4
153142,17,557,324,4
153159,17,545,316,4
153176,17,560,348,4
153192,17,551,368,2
153209,17,608,370,2
153225,17,766,485,3
153242,17,780,547,3
153259,17,805,555,3
153275,17,766,562,3
153292,17,790,557,3
153309,17,787,537,3
153325,17,781,534,3
153342,17,784,557,3
153359,17,783,561,3
153375,17,781,566,3
153392,17,781,485,3
153408,17,790,735,3
153542,133,841,921,0
153558,17,855,695,3
153575,17,827,468,3
153591,17,797,453,3
153608,17,778,405,2
153625,17,820,403,0
153641,17,782,397,2
153658,17,808,395,0
153675,17,787,436,3
153691,17,836,737,3
153708,17,601,495,3
156003,2296,544,347,4
156020,17,237,599,3
156037,17,469,445,3
156053,17,552,235,1
156070,17,555,292,4
156087,17,257,570,3
156103,17,238,576,3
156120,17,553,308,4
156137,17,551,402,2
156153,17,553,282,0
156170,17,512,426,3
156186,17,486,481,3
156203,17,471,402,2
156220,17,549,335,4
156236,17,539,316,4
156253,17,541,276,0
156270,17,545,332,4
156286,17,548,337,4
156303,17,458,534,3
156320,17,453,521,3
156336,17,550,317,4
156353,17,530,474,3
156369,17,515,461,3
156386,17,501,440,3
156403,17,519,342,4
156419,17,442,546,3
156436,17,214,638,3
156453,17,542,313,4
156469,17,547,351,4
156486,17,246,638,3
156503,17,543,296,4
156519,17,510,399,2
156536,17,263,602,3
156552,17,548,276,0
156569,17,467,422,3
156586,17,462,496,3
156602,17,529,378,2
156619,17,491,512,3
156636,17,215,627,3
156652,17,463,503,3
156669,17,484,323,4
156686,17,495,293,4
156702,17,185,573,3
156719,17,485,291,4
156735,17,449,215,1
156752,17,498,207,1
156769,17,459,402,2
156785,17,479,394,2
156802,17,484,289,4
156819,17,485,290,4
156835,17,486,219,1
156852,17,492,229,1
156869,17,491,224,1
156885,17,490,267,0
156902,17,483,292,4
156918,17,486,333,4
156935,17,497,223,1
156952,17,564,98,0
156968,17,546,299,4
156985,17,547,304,4
157002,17,560,242,1
157018,17,553,266,0
157035,17,553,233,1
157051,17,572,181,1
157068,17,621,690,3
157185,116,519,250,1
157201,17,530,654,3
157218,17,528,537,3
157234,17,581,453,3
157251,17,561,335,4
157268,17,578,249,1
157284,17,567,256,1
157301,17,569,119,0
157318,17,576,137,1
157334,17,567,149,1
157351,17,568,144,1
157368,17,582,93,0
157384,17,486,139,1
157401,17,497,127,0
157417,17,392,343,0
157434,17,493,131,0
157451,17,482,181,1
157467,17,496,123,0
157484,17,490,325,4
157501,17,503,79,0
157517,17,498,86,0
157534,17,491,102,0
157551,17,489,113,0
157567,17,571,221,1
157584,17,612,196,1
157600,17,610,205,1
157650,50,614,215,1
157650,0,614,215,1
157667,17,598,227,1
157684,17,609,166,1
157700,17,619,177,1
157717,17,609,189,1
157734,17,614,184,1
157750,17,606,189,1
157767,17,603,210,1
157783,17,598,192,1
157800,17,607,219,1
157817,17,616,186,1
157833,17,633,190,1
157850,17,628,190,1
157867,17,622,190,1
157883,17,623,167,1
157900,17,630,198,1
157917,17,632,181,1
157933,17,632,174,1
157950,17,632,172,1
157966,17,627,157,1
157983,17,628,174,1
158000,17,626,86,0
158016,17,645,550,3
158149,133,694,812,0
158166,17,663,797,0
158183,17,568,679,3
158199,17,621,568,3
158216,17,626,519,3
158233,17,596,520,3
158249,17,636,505,3
158266,17,588,525,3
158282,17,600,542,3
158299,17,569,532,3
158316,17,617,525,3
158332,17,388,701,3
158349,17,564,518,3
158366,17,603,562,3
158382,17,637,628,3
158399,17,700,768,0
158599,200,595,1078,0
158632,33,627,982,0
158648,17,653,887,0
158665,17,627,970,0
158682,17,668,863,0
158698,17,534,902,0
158715,17,514,975,0
158732,17,646,913,0
158748,17,639,950,0
158765,17,615,967,0
158782,17,639,886,0
158798,17,451,977,0
158815,17,437,935,0
158831,17,434,940,0
158848,17,440,928,0
158865,17,371,918,0
158881,17,357,1044,0
158898,17,363,930,0
158915,17,356,930,0
158931,17,436,883,0
158948,17,436,950,0
158965,17,416,948,0
158981,17,438,879,0
158998,17,356,940,0
159014,17,447,901,0
159031,17,411,908,0
159048,17,386,998,0
159064,17,388,965,0
159081,17,403,932,0
159098,17,427,903,0
159114,17,444,941,0
159131,17,542,689,3
159148,17,587,558,3
159164,17,563,622,3
159181,17,580,442,3
159197,17,573,388,2
159214,17,575,454,3
159231,17,571,435,3
159247,17,616,490,3
159264,17,522,615,3
159414,150,453,420,3
159430,17,525,636,3
159447,17,577,485,3
159464,17,582,387,2
159480,17,566,274,0
159497,17,565,279,0
159513,17,507,277,0
159530,17,595,122,0
159547,17,569,185,1
159563,17,578,191,1
159580,17,562,249,1
159597,17,486,396,2
159613,17,569,164,1
159630,17,587,394,2
159647,17,582,195,1
159663,17,494,426,3
159680,17,569,149,1
159696,17,576,297,4
159713,17,573,183,1
159730,17,561,230,1
159746,17,566,156,1
159763,17,549,248,1
159780,17,566,171,1
159796,17,563,254,1
159813,17,569,213,1
159830,17,564,236,1
159846,17,567,240,1
159863,17,534,285,0
159879,17,560,309,4
159896,17,567,214,1
159913,17,601,299,4
159929,17,547,757,3
160062,133,434,437,3
160079,17,520,797,0
160096,17,559,655,3
160112,17,502,573,3
160129,17,551,454,3
160146,17,509,431,3
160162,17,562,370,2
160179,17,555,378,2
160196,17,580,326,4
160212,17,576,316,4
160229,17,251,738,3
160245,17,569,377,2
160262,17,326,623,3
160279,17,557,330,4
160295,17,559,369,2
160312,17,566,359,4
160329,17,575,337,4
160345,17,564,361,4
160362,17,571,236,1
160379,17,574,313,4
160395,17,528,472,3
160412,17,563,328,4
160428,17,337,571,3
160445,17,572,314,4
160462,17,550,428,3
160478,17,269,561,3
160495,17,581,308,4
160512,17,574,318,4
160528,17,566,308,4
160545,17,578,290,4
160561,17,575,309,4
160578,17,572,310,4
160595,17,566,337,4
160611,17,526,319,4
160628,17,461,280,0
160645,17,440,271,0
160661,17,441,206,1
160678,17,433,255,1
160695,17,441,239,1
160711,17,443,316,4
160728,17,441,247,1
160744,17,448,212,1
160761,17,443,229,1
160778,17,428,374,2
160794,17,438,365,2
160811,17,421,375,2
160828,17,429,340,4
160844,17,438,345,4
160861,17,243,348,0
160878,17,426,364,4
160894,17,432,384,2
160911,17,427,382,2
160927,17,434,364,4
160944,17,435,372,2
160961,17,429,387,2
160977,17,427,397,2
160994,17,416,366,2
161011,17,305,450,3
161027,17,266,347,0
161044,17,215,615,3
161061,17,236,516,3
161077,17,246,516,3
161094,17,231,521,3
161110,17,230,515,3
161127,17,234,516,3
161144,17,243,532,3
161160,17,242,575,3
161177,17,225,518,3
161194,17,247,508,3
161210,17,227,529,3
161227,17,272,506,3
161244,17,445,563,3
161260,17,563,607,3
161277,17,553,592,3
161293,17,557,616,3
161310,17,557,600,3
161327,17,569,605,3
161343,17,555,614,3
161360,17,556,609,3
161377,17,558,615,3
161393,17,551,611,3
161410,17,561,597,3
161427,17,564,608,3
161443,17,550,598,3
161460,17,538,593,3
161476,17,478,454,3
161493,17,478,421,3
161510,17,472,350,4
161526,17,467,398,2
161543,17,470,410,2
161560,17,473,413,2
161576,17,473,406,2
161593,17,476,370,2
161610,17,476,409,2
161626,17,480,406,2
161643,17,478,403,2
161659,17,464,393,2
161676,17,472,399,2
161693,17,487,278,0
161709,17,480,313,4
161726,17,498,287,0
161743,17,525,298,4
161759,17,538,309,4
161776,17,533,275,0
161792,17,515,448,3
161809,17,533,330,4
161826,17,512,575,3
161842,17,536,304,4
161859,17,536,457,3
162009,150,578,719,3
162025,17,497,591,3
162042,17,516,419,5
162059,17,494,371,2
162075,17,505,257,1
162092,17,467,540,3
162109,17,494,304,4
162125,17,509,208,1
162142,17,511,170,1
162158,17,316,392,2
162175,17,508,189,1
162192,17,492,405,2
162208,17,504,263,0
162225,17,507,150,1
162242,17,496,276,0
162258,17,495,280,0
162275,17,492,309,4
162292,17,496,237,1
162308,17,490,291,4
162325,17,498,335,4
162341,17,508,202,1
162358,17,495,313,4
162375,17,496,308,4
162391,17,494,301,4
162408,17,500,307,4
162425,17,499,334,4
162441,17,499,316,4
162458,17,513,144,1
162475,17,513,156,1
162491,17,500,308,4
162508,17,515,117,0
162524,17,302,359,0
162541,17,512,164,1
162558,17,496,282,0
162574,17,509,158,1
162591,17,492,332,4
162608,17,509,164,1
162624,17,507,281,0
162641,17,508,190,1
162658,17,512,341,4
162674,17,515,359,4
162691,17,514,335,4
162707,17,507,357,4
162724,17,504,315,4
162741,17,510,359,4
162757,17,513,296,4
162774,17,513,348,4
162791,17,510,330,4
162807,17,507,336,4
162824,17,503,340,4
162840,17,513,331,4
162857,17,519,341,4
162874,17,511,322,4
162890,17,517,333,4
162907,17,513,328,4
162924,17,516,357,4
162940,17,508,338,4
162957,17,526,194,1
162974,17,493,336,4
162990,17,178,428,3
163007,17,388,185,1
163023,17,386,253,1
163040,17,382,212,1
163057,17,384,260,0
163073,17,399,148,1
163090,17,385,256,1
163107,17,260,286,0
163123,17,392,227,1
163140,17,391,193,1
163157,17,359,164,1
163173,17,250,261,0
163190,17,235,313,0
163206,17,389,231,1
163223,17,395,170,1
163240,17,250,291,0
163256,17,384,223,1
163273,17,223,354,0
163290,17,378,245,1
163306,17,366,564,3
163539,233,450,378,2
163556,17,401,644,3
163572,17,419,562,3
163589,17,431,426,3
163606,17,409,529,3
163622,17,416,348,4
163639,17,271,500,3
163656,17,430,464,3
163672,17,442,273,0
163689,17,531,352,4
163706,17,535,284,0
163722,17,528,352,4
163739,17,532,330,4
163755,17,533,361,4
163772,17,527,354,4
163789,17,530,358,4
163805,17,535,289,4
163822,17,532,266,0
163839,17,542,282,0
163855,17,523,347,4
163872,17,535,332,4
163889,17,542,281,0
163905,17,538,261,0
163922,17,533,312,4
163955,33,562,548,3
163955,0,562,548,3
163972,17,486,712,3
163988,17,457,927,0
164221,233,376,965,0
164238,17,379,898,0
164254,17,385,913,0
164271,17,383,987,0
164288,17,386,991,0
164304,17,382,996,0
164321,17,369,996,0
164338,17,385,911,0
164354,17,382,925,0
164371,17,314,958,0
164388,17,387,881,0
164404,17,266,921,0
164421,17,389,885,0
164437,17,329,917,0
164454,17,362,859,0
164471,17,388,910,0
164487,17,370,924,0
164504,17,346,922,0
164521,17,314,1029,0
164537,17,295,905,0
164554,17,392,882,0
164571,17,405,795,0
164587,17,529,557,3
164604,17,526,427,3
164620,17,541,431,3
164637,17,541,462,3
164654,17,540,470,3
164670,17,536,488,3
164687,17,541,478,3
164704,17,545,471,3
164720,17,537,467,3
164737,17,538,475,3
164754,17,543,478,3
164770,17,535,494,3
164787,17,541,458,3
164803,17,516,414,2
164820,17,526,392,2
164837,17,521,410,2
164853,17,520,420,5
164870,17,522,397,2
164887,17,518,425,3
164903,17,515,417,5
164920,17,518,422,3
164937,17,522,399,2
164953,17,513,415,2
164970,17,532,408,2
164986,17,514,414,2
165003,17,513,422,3
165020,17,518,427,3
165036,17,509,420,5
165053,17,502,403,2
165070,17,502,361,4
165086,17,493,368,2
165103,17,501,356,4
165119,17,505,355,4
165136,17,502,370,2
165153,17,497,360,4
165169,17,497,391,2
165186,17,501,355,4
165203,17,501,349,4
165219,17,506,352,4
165236,17,498,394,2
165253,17,506,375,2
165269,17,502,346,4
165286,17,512,530,3
165436,150,516,303,4
165452,17,518,673,3
165469,17,558,558,3
165485,17,526,454,3
165502,17,500,498,3
165519,17,501,547,3
165535,17,532,253,1
165552,17,531,232,1
165569,17,514,345,4
165585,17,434,730,3
165768,183,544,1048,0
165785,17,643,1049,0
165802,17,711,942,0
165835,33,653,990,0
165851,17,637,967,0
165868,17,531,1066,0
165885,17,552,909,0
165901,17,559,1040,0
165918,17,572,1025,0
165935,17,594,1023,0
165951,17,613,1022,0
165968,17,648,904,0
165985,17,490,849,0
166001,17,577,694,3
166018,17,569,597,3
166034,17,581,574,3
166051,17,578,600,3
166068,17,575,550,3
166084,17,571,562,3
166101,17,566,543,3
166118,17,568,576,3
166134,17,576,578,3
166151,17,562,584,3
166168,17,573,577,3
166184,17,567,583,3
166201,17,570,570,3
166217,17,577,550,3
166251,33,564,411,2
166251,0,564,411,2
166267,17,573,407,2
166284,17,571,433,3
166301,17,576,442,3
166317,17,574,430,3
166334,17,559,457,3
166350,17,581,434,3
166367,17,574,426,3
166384,17,578,410,2
166400,17,579,422,3
166417,17,570,404,2
166434,17,580,432,3
166450,17,583,403,2
166467,17,570,409,2
166484,17,571,414,2
166500,17,569,411,2
166517,17,570,409,2
166533,17,583,422,3
166550,17,578,416,2
166567,17,581,419,3
166583,17,574,414,2
166600,17,570,416,2
166617,17,573,420,3
166633,17,578,420,3
166650,17,563,421,5
166667,17,581,424,3
166683,17,570,426,3
166700,17,570,427,3
166716,17,570,409,2
166733,17,568,433,3
166750,17,566,433,3
166766,17,563,412,2
166783,17,504,347,4
166800,17,510,363,4
166816,17,506,340,4
166833,17,502,349,4
166850,17,503,358,4
166866,17,504,363,4
166883,17,504,360,4
166899,17,504,376,2
166916,17,505,362,4
166933,17,506,350,4
166949,17,498,377,2
166966,17,514,347,4
166983,17,502,379,2
166999,17,500,383,2
167016,17,501,376,2
167033,17,500,362,4
167049,17,501,360,4
167066,17,503,374,2
167082,17,500,365,2
167099,17,507,362,4
167116,17,506,362,4
167132,17,494,369,2
167149,17,501,351,4
167166,17,505,371,2
167182,17,497,376,2
167199,17,505,358,4
167216,17,492,389,2
167232,17,495,362,4
167249,17,497,402,2
167265,17,504,359,4
167282,17,500,377,2
167299,17,504,383,2
167315,17,501,359,4
167332,17,498,382,2
167349,17,500,369,2
167365,17,497,377,2
167382,17,497,364,4
167398,17,504,331,4
167415,17,503,374,2
167432,17,498,358,4
167448,17,503,350,4
167465,17,500,370,2
167482,17,505,359,4
167498,17,497,384,2
167515,17,503,350,4
167532,17,499,360,4
167548,17,504,371,2
167565,17,495,387,2
167581,17,499,377,2
167598,17,500,378,2
167615,17,500,373,2
167631,17,502,370,2
167648,17,502,374,2
167665,17,500,345,4
167681,17,510,429,3
167698,17,510,396,2
168546,848,545,692,3
168563,17,522,532,3
168580,17,557,524,3
168596,17,549,525,3
168613,17,538,539,3
168629,17,553,501,3
168646,17,565,517,3
168663,17,547,515,3
168679,17,551,516,3
168696,17,556,516,3
168713,17,541,415,2
168729,17,540,393,2
168746,17,542,385,2
168763,17,549,405,2
168779,17,544,363,4
168796,17,544,391,2
168812,17,544,395,2
168829,17,542,400,2
168846,17,540,383,2
168862,17,541,369,2
168879,17,551,389,2
168896,17,542,381,2
168912,17,548,379,2
168929,17,541,364,4
168946,17,543,363,4
168962,17,550,379,2
168979,17,553,366,2
168995,17,541,370,2
169012,17,546,377,2
169029,17,549,380,2
169045,17,544,387,2
169062,17,538,403,2
169079,17,505,382,2
169095,17,480,347,4
169112,17,475,367,2
169129,17,491,335,4
169145,17,484,357,4
169162,17,470,347,4
169178,17,485,337,4
169195,17,486,352,4
169212,17,465,365,2
169228,17,477,344,4
169245,17,484,346,4
169262,17,498,352,4
169278,17,483,350,4
169295,17,484,357,4
169312,17,488,369,2
169328,17,534,398,2
169345,17,573,442,3
169361,17,565,442,3
169378,17,578,430,3
169395,17,579,426,3
169411,17,572,456,3
169428,17,572,432,3
169445,17,575,430,3
169461,17,576,440,3
169478,17,586,432,3
169495,17,578,444,3
169511,17,561,439,3
169528,17,572,463,3
169544,17,587,456,3
169561,17,567,464,3
169578,17,562,451,3
169594,17,572,451,3
169611,17,577,430,3
169628,17,573,428,3
169644,17,588,442,3
169661,17,578,433,3
169678,17,576,427,3
169694,17,577,438,3
169711,17,582,447,3
169727,17,580,443,3
169744,17,582,436,3
169761,17,579,442,3
169777,17,584,430,3
169794,17,576,431,3
169811,17,585,457,3
169827,17,564,441,3
169844,17,585,418,3
169860,17,572,369,2
169877,17,567,361,4
169894,17,570,331,4
169910,17,571,328,4
169927,17,568,340,4
169944,17,561,339,4
169960,17,569,342,4
169977,17,576,324,4
169994,17,574,300,4
170010,17,562,342,4
170027,17,564,346,4
170043,17,568,320,4
170060,17,565,322,4
170077,17,561,351,4
170093,17,559,303,4
170110,17,559,336,4
170127,17,562,340,4
170143,17,566,335,4
170160,17,518,339,4
170177,17,525,352,4
170193,17,524,351,4
170210,17,527,358,4
170226,17,529,362,4
170243,17,525,335,4
170260,17,532,357,4
170276,17,529,185,1
170293,17,500,662,3
170476,183,557,606,3
170493,17,560,372,2
170509,17,515,350,4
170526,17,551,256,1
170543,17,529,188,1
170559,17,522,212,1
170576,17,541,246,1
170592,17,646,412,2
170726,133,689,468,3
170742,17,591,428,3
170775,33,513,421,5
170792,17,513,379,2
170809,17,536,393,2
170825,17,541,293,4
170842,17,518,283,0
170859,17,555,219,1
170875,17,549,347,4
170892,17,568,320,4
170908,17,552,248,1
170925,17,550,379,2
170942,17,547,373,2
170958,17,523,304,4
170975,17,556,312,4
170992,17,553,311,4
171008,17,546,377,2
171025,17,550,372,2
171042,17,547,377,2
171058,17,554,285,0
171075,17,546,363,4
171091,17,541,413,2
171108,17,545,391,2
171125,17,547,397,2
171141,17,554,323,4
171158,17,539,434,3
171175,17,547,391,2
171191,17,543,400,2
171208,17,550,383,2
171225,17,504,226,1
171241,17,502,292,4
171258,17,509,200,1
171274,17,500,325,4
171291,17,517,156,1
171308,17,493,349,4
171324,17,504,280,0
171341,17,503,342,4
171358,17,502,346,4
171374,17,511,257,1
171391,17,484,123,0
171408,17,511,139,1
171424,17,500,312,4
171441,17,503,339,4
171457,17,503,317,4
171474,17,508,325,4
171491,17,502,341,4
171507,17,499,370,2
171524,17,503,355,4
171541,17,504,349,4
171557,17,506,345,4
171574,17,502,328,4
171591,17,495,316,4
171607,17,507,344,4
171624,17,500,331,4
171640,17,499,333,4
171657,17,508,328,4
171674,17,502,347,4
171690,17,500,335,4
171707,17,499,363,4
171724,17,505,447,3
171740,17,546,445,3
171757,17,335,632,3
172023,266,561,1074,0
172040,17,538,1004,0
172056,17,541,971,0
172090,33,412,1072,0
172106,17,403,1063,0
172123,17,406,1047,0
172139,17,519,1048,0
172156,17,542,1038,0
172173,17,566,1026,0
172189,17,452,1003,0
172206,17,526,955,0
172223,17,519,992,0
172239,17,500,1003,0
172256,17,513,989,0
172273,17,516,990,0
172289,17,501,989,0
172306,17,504,1005,0
172356,50,492,967,0
172389,33,499,965,0
172406,17,503,954,0
172422,17,502,1051,0
172439,17,507,969,0
172456,17,408,1026,0
172472,17,508,980,0
172489,17,505,957,0
172505,17,506,978,0
172522,17,497,1007,0
172539,17,452,1046,0
172555,17,477,1046,0
172572,17,504,947,0
172589,17,416,1020,0
172605,17,447,1024,0
172622,17,504,993,0
172639,17,514,776,0
172655,17,542,583,3
172672,17,536,478,3
172688,17,545,365,2
172705,17,540,460,3
172722,17,543,474,3
172738,17,539,444,3
172755,17,528,481,3
172772,17,539,474,3
172788,17,530,480,3
172805,17,536,487,3
172822,17,531,492,3
172838,17,539,492,3
172855,17,543,479,3
172871,17,541,502,3
172888,17,551,463,3
172905,17,544,446,3
172921,17,536,398,2
172938,17,537,427,3
172955,17,533,422,3
172971,17,529,414,2
172988,17,542,404,2
173005,17,536,419,5
173021,17,536,409,2
173038,17,546,392,2
173054,17,549,390,2
173071,17,539,430,3
173088,17,545,377,2
173104,17,529,390,2
173121,17,519,378,2
173138,17,520,362,4
173154,17,521,356,4
173171,17,534,344,4
173187,17,518,354,4
173204,17,532,345,4
173221,17,519,369,2
173237,17,532,353,4
173254,17,521,354,4
173271,17,517,340,4
173287,17,522,370,2
173304,17,521,354,4
173321,17,514,350,4
173337,17,515,385,2
173354,17,522,361,4
173370,17,521,363,4
173387,17,521,373,2
173404,17,517,348,4
173420,17,525,350,4
173437,17,525,365,2
173454,17,523,357,4
173470,17,516,370,2
173487,17,521,350,4
173504,17,513,342,4
173653,150,559,361,4
173670,17,607,526,3
173687,17,601,369,2
173703,17,588,365,2
173720,17,586,492,3
173736,17,717,906,0
173870,133,651,804,0
173886,17,669,692,3
173903,17,673,485,3
173919,17,716,353,0
173936,17,701,296,0
173953,17,685,254,1
173969,17,694,266,0
173986,17,699,281,0
174003,17,647,248,1
174019,17,568,208,1
174036,17,564,238,1
174053,17,561,290,4
174069,17,559,306,4
174086,17,561,341,4
174102,17,561,235,1
174119,17,560,345,4
174136,17,566,305,4
174152,17,569,191,1
174169,17,559,332,4
174186,17,568,167,1
174202,17,467,332,4
174219,17,527,150,1
174236,17,533,179,1
174252,17,483,424,3
174269,17,526,314,4
174285,17,527,224,1
174302,17,537,112,0
174319,17,532,184,1
174335,17,507,204,1
174352,17,524,317,4
174369,17,520,268,0
174385,17,532,173,1
174402,17,530,274,0
174418,17,518,319,4
174435,17,526,201,1
174452,17,509,294,4
174468,17,534,213,1
174485,17,499,347,4
174502,17,494,335,4
174518,17,531,301,4
174535,17,487,333,4
174552,17,523,297,4
174568,17,520,283,0
174585,17,633,325,0
174601,17,694,368,2
174618,17,691,380,2
174635,17,694,352,0
174651,17,697,362,0
174668,17,684,385,2
174685,17,696,357,0
174701,17,701,363,0
174718,17,695,368,2
174735,17,686,367,2
174751,17,689,364,0
174768,17,687,393,2
174784,17,702,392,2
174801,17,763,312,0
174818,17,757,344,0
174834,17,769,329,0
174851,17,757,324,0
174868,17,763,334,0
174884,17,751,350,0
174901,17,754,350,0
174918,17,757,331,0
174934,17,765,333,0
174951,17,743,330,0
174967,17,759,336,0
174984,17,760,332,0
175001,17,665,323,0
175017,17,614,241,1
175034,17,612,292,4
175051,17,616,289,0
175067,17,614,263,0
175084,17,617,276,0
175101,17,609,265,0
175117,17,609,284,0
175134,17,614,269,0
175150,17,620,283,0
175167,17,619,250,1
175184,17,624,258,1
175200,17,613,278,0
175217,17,527,440,3
175234,17,520,461,3
175250,17,505,476,3
175267,17,514,477,3
175284,17,505,485,3
175300,17,513,487,3
175317,17,502,484,3
175333,17,501,488,3
175350,17,500,467,3
175367,17,492,562,3
175383,17,515,590,3
175400,17,424,519,3
175533,133,565,1010,0
175550,17,449,596,3
175566,17,459,849,0
175583,17,509,767,0
175600,17,511,692,3
175616,17,527,619,3
175633,17,527,534,3
175649,17,463,520,3
175666,17,505,490,3
175683,17,530,432,3
175699,17,500,443,3
175716,17,510,433,3
175733,17,505,386,2
175749,17,511,435,3
175766,17,514,530,3
175783,17,439,452,3
175799,17,516,426,3
175816,17,511,402,2
175832,17,428,403,2
175849,17,418,493,3
175866,17,557,314,4
175882,17,543,328,4
175899,17,425,499,3
175916,17,529,501,3
175932,17,555,328,4
175949,17,546,406,2
175966,17,551,382,2
175982,17,555,302,4
175999,17,545,316,4
176015,17,554,395,2
176032,17,551,373,2
176049,17,547,406,2
176065,17,546,364,4
176082,17,558,367,2
176099,17,549,384,2
176115,17,546,341,4
176132,17,557,181,1
176149,17,539,392,2
176165,17,554,342,4
176215,50,557,357,4
176215,0,557,357,4
176232,17,554,386,2
176248,17,549,369,2
176265,17,547,380,2
176282,17,561,346,4
176298,17,560,350,4
176315,17,553,383,2
176332,17,547,398,2
176348,17,551,310,4
176365,17,560,346,4
176381,17,550,396,2
176398,17,557,406,2
176415,17,556,382,2
176431,17,553,354,4
176448,17,559,390,2
176465,17,555,423,3
176481,17,565,326,4
176498,17,546,382,2
176515,17,550,391,2
176531,17,546,386,2
176548,17,570,371,2
176564,17,552,374,2
176581,17,554,266,0
176598,17,539,403,2
176614,17,565,325,4
176631,17,554,403,2
176648,17,556,370,2
176664,17,548,373,2
176681,17,559,386,2
176697,17,553,360,4
176714,17,560,361,4
176731,17,558,357,4
176747,17,556,372,2
176764,17,553,367,2
176781,17,555,392,2
176797,17,567,384,2
176814,17,552,349,4
176831,17,542,360,4
176847,17,520,254,1
176864,17,531,220,1
176880,17,532,330,4
176897,17,465,411,2
176914,17,515,323,4
176930,17,521,333,4
176947,17,514,344,4
176964,17,515,318,4
176980,17,484,417,5
176997,17,517,369,2
177014,17,518,319,4
177030,17,540,384,2
177047,17,523,329,4
177063,17,514,327,4
177080,17,440,380,2
177097,17,441,372,2
177113,17,524,202,1
177130,17,446,370,2
177147,17,448,372,2
177163,17,508,343,4
177180,17,502,351,4
177197,17,443,391,2
177213,17,509,299,4
177230,17,495,328,4
177246,17,509,301,4
177263,17,439,384,2
177280,17,517,285,0
177296,17,529,337,4
177313,17,498,215,1
177330,17,238,512,3
177346,17,520,195,1
177363,17,468,366,2
177380,17,666,234,1
177396,17,775,129,0
177413,17,786,125,0
177429,17,806,98,0
177446,17,794,120,0
177463,17,788,113,0
177479,17,793,125,0
177496,17,793,149,0
177513,17,796,110,0
177529,17,787,125,0
177546,17,786,158,0
177563,17,801,86,0
177579,17,787,86,0
177596,17,809,874,0
177679,83,649,860,0
177696,17,589,790,0
177712,17,630,624,3
177729,17,585,601,3
177745,17,612,415,2
177762,17,611,347,4
177779,17,579,478,3
177795,17,582,365,2
177812,17,673,778,0
177995,183,558,786,0
178012,17,604,582,3
178028,17,587,595,3
178045,17,639,506,3
178062,17,622,441,3
178078,17,558,466,3
178095,17,520,411,2
178111,17,573,290,4
178128,17,573,294,4
178145,17,522,318,4
178161,17,561,301,4
178178,17,573,244,1
178195,17,567,239,1
178211,17,585,176,1
178228,17,573,246,1
178245,17,567,222,1
178261,17,567,236,1
178278,17,568,192,1
178294,17,570,226,1
178311,17,556,267,0
178328,17,565,248,1
178344,17,553,294,4
178361,17,495,444,3
178378,17,523,164,1
178394,17,441,415,2
178411,17,517,179,1
178428,17,517,232,1
178444,17,472,448,3
178461,17,515,221,1
178477,17,522,163,1
178494,17,510,261,0
178511,17,513,211,1
178527,17,475,244,1
178544,17,518,125,0
178561,17,516,206,1
178577,17,517,267,0
178594,17,517,243,1
178611,17,517,251,1
178627,17,522,206,1
178644,17,511,281,0
178660,17,503,355,4
178677,17,519,259,1
178694,17,515,254,1
178710,17,510,258,1
178727,17,524,180,1
178744,17,528,189,1
178760,17,478,251,1
178777,17,480,394,2
178794,17,525,178,1
178810,17,514,177,1
178827,17,522,197,1
178843,17,522,199,1
178860,17,441,392,2
178877,17,487,211,1
178893,17,512,218,1
178910,17,505,306,4
178927,17,518,189,1
178943,17,534,189,1
178960,17,596,155,1
178976,17,586,92,0
178993,17,600,90,0
179010,17,608,88,0
179026,17,600,88,0
179043,17,592,162,1
179060,17,597,133,1
179076,17,597,146,1
179093,17,610,32,0
179110,17,351,351,0
179126,17,622,93,0
179176,50,609,95,0
179193,17,607,157,1
179209,17,625,73,0
179226,17,620,26,0
179243,17,621,113,0
179259,17,604,86,0
179309,50,603,100,0
179326,17,628,95,0
179342,17,613,71,0
179359,17,617,93,0
179376,17,622,98,0
179392,17,624,28,0
179409,17,623,16,0
179426,17,627,116,0
179442,17,610,78,0
179459,17,628,101,0
179476,17,615,90,0
179492,17,621,92,0
179509,17,618,110,0
179525,17,634,84,0
179542,17,566,194,1
179559,17,619,117,0
179575,17,615,133,1
179592,17,611,116,0
179609,17,627,113,0
179625,17,622,84,0
179642,17,627,109,0
179659,17,626,85,0
179675,17,615,121,0
179692,17,614,139,1
179708,17,616,131,0
179725,17,623,115,0
179742,17,620,120,0
179758,17,616,114,0
179775,17,615,129,0
179792,17,573,272,0
179808,17,552,373,2
179825,17,537,309,4
179842,17,524,657,3
180024,183,467,829,0
180041,17,523,673,3
180058,17,494,530,3
180074,17,529,503,3
180091,17,546,442,3
180108,17,530,374,2
180124,17,528,369,2
180141,17,529,309,4
180158,17,527,362,4
180174,17,534,360,4
180191,17,529,345,4
180207,17,527,386,2
180224,17,536,318,4
180241,17,531,339,4
180257,17,537,309,4
180274,17,480,444,3
180291,17,531,380,2
180307,17,535,391,2
180324,17,517,375,2
180341,17,534,329,4
180357,17,541,363,4
180374,17,472,542,3
180390,17,542,272,0
180407,17,530,388,2
180424,17,524,419,5
180440,17,533,384,2
180457,17,536,369,2
180474,17,539,369,2
180490,17,530,410,2
180507,17,527,364,4
180524,17,534,411,2
180540,17,534,394,2
180557,17,534,400,2
180573,17,526,407,2
180590,17,538,413,2
180607,17,528,370,2
180623,17,529,427,3
180640,17,531,416,2
180657,17,538,433,3
180673,17,540,367,2
180690,17,531,356,4
180707,17,538,422,3
180723,17,531,425,3
180740,17,542,333,4
180756,17,534,387,2
180773,17,534,421,5
180790,17,535,365,2
180806,17,527,429,3
180823,17,530,419,5
180840,17,527,427,3
180856,17,530,347,4
180873,17,522,397,2
180890,17,526,402,2
180906,17,518,352,4
180923,17,526,352,4
180939,17,531,333,4
180956,17,531,384,2
180973,17,524,346,4
180989,17,521,384,2
181006,17,535,278,0
181023,17,521,405,2
181039,17,529,345,4
181056,17,524,358,4
181073,17,525,371,2
181089,17,531,348,4
181106,17,511,366,2
181122,17,511,353,4
181139,17,499,367,2
181156,17,511,361,4
181172,17,508,366,2
181189,17,507,316,4
181206,17,509,363,4
181222,17,511,378,2
181239,17,508,366,2
181255,17,513,353,4
181272,17,505,367,2
181289,17,508,362,4
181305,17,507,318,4
181322,17,502,345,4
181339,17,513,368,2
181355,17,500,383,2
181372,17,499,401,2
181389,17,509,378,2
181405,17,515,347,4
181422,17,514,359,4
181438,17,506,373,2
181455,17,517,351,4
181472,17,467,490,3
181488,17,450,645,3
181505,17,451,643,3
181522,17,444,672,3
181538,17,458,663,3
181555,17,445,673,3
181572,17,451,667,3
181588,17,450,665,3
181605,17,440,650,3
181621,17,446,664,3
181638,17,445,670,3
181655,17,448,668,3
181671,17,436,677,3
181688,17,436,661,3
181705,17,439,662,3
181721,17,447,680,3
181738,17,437,671,3
181755,17,442,675,3
181771,17,472,614,3
181788,17,491,504,3
181804,17,490,448,3
181821,17,497,439,3
181838,17,502,450,3
181854,17,499,453,3
181871,17,493,455,3
181888,17,497,472,3
181904,17,502,467,3
181921,17,495,468,3
181938,17,501,439,3
181954,17,498,444,3
181971,17,501,445,3
181987,17,495,447,3
182004,17,520,371,2
182021,17,546,338,4
182037,17,537,376,2
182054,17,526,346,4
182071,17,535,333,4
182087,17,539,360,4
182104,17,522,348,4
182121,17,538,359,4
182137,17,539,343,4
182154,17,531,332,4
182170,17,533,361,4
182187,17,534,340,4
182204,17,532,356,4
182220,17,529,338,4
182237,17,534,356,4
182254,17,539,358,4
182270,17,539,349,4
182287,17,548,351,4
182304,17,545,310,4
182320,17,538,364,4
182337,17,544,342,4
182353,17,544,364,4
182370,17,542,338,4
182387,17,527,379,2
182403,17,525,361,4
182420,17,540,357,4
182437,17,524,375,2
182453,17,536,353,4
182470,17,527,344,4
182486,17,538,341,4
182503,17,533,250,1
182520,17,482,742,3
182620,100,523,493,3
182636,17,512,314,4
182653,17,517,290,4
182669,17,524,202,1
182686,17,548,199,1
182703,17,531,146,1
182719,17,531,151,1
182736,17,527,165,1
182753,17,524,222,1
182769,17,523,229,1
182786,17,522,240,1
182803,17,521,227,1
182819,17,531,249,1
182836,17,533,236,1
182852,17,526,265,0
182869,17,518,282,0
182886,17,474,424,3
182902,17,462,562,3
182919,17,445,562,3
182936,17,452,558,3
182952,17,461,547,3
182969,17,455,578,3
182986,17,457,560,3
183002,17,461,566,3
183019,17,448,568,3
183035,17,441,560,3
183052,17,466,565,3
183069,17,450,575,3
183085,17,455,562,3
183102,17,457,568,3
183119,17,451,571,3
183135,17,488,658,3
183152,17,507,655,3
183169,17,514,665,3
183185,17,502,680,3
183202,17,492,671,3
183218,17,510,671,3
183235,17,504,688,3
183252,17,517,658,3
183268,17,511,681,3
183285,17,512,670,3
183302,17,515,671,3
183318,17,518,673,3
183335,17,504,671,3
183352,17,508,662,3
183368,17,504,677,3
183385,17,514,667,3
183401,17,521,654,3
183418,17,515,676,3
183435,17,574,625,3
183451,17,636,617,3
183468,17,626,620,3
183485,17,637,604,3
183501,17,636,618,3
183518,17,635,612,3
183534,17,637,608,3
183551,17,647,596,3
183568,17,633,604,3
183584,17,649,592,3
183601,17,639,614,3
183618,17,624,618,3
183634,17,646,592,3
183651,17,630,608,3
183668,17,625,597,3
183684,17,631,622,3
183701,17,638,622,3
183717,17,637,604,3
183734,17,623,586,3
183751,17,639,599,3
183767,17,632,590,3
183784,17,631,596,3
183801,17,558,547,3
183817,17,550,433,3
183834,17,545,440,3
183851,17,539,429,3
183867,17,549,435,3
183884,17,551,362,4
183900,17,536,397,2
183917,17,398,446,3
184117,200,466,701,3
184133,17,465,760,3
184150,17,600,582,3
184167,17,584,734,3
184183,17,547,702,3
184200,17,528,655,3
184217,17,521,681,3
184233,17,523,661,3
184250,17,523,647,3
184266,17,507,658,3
184283,17,508,645,3
184300,17,507,656,3
184316,17,515,625,3
184333,17,460,738,3
184350,17,520,651,3
184366,17,512,638,3
184383,17,522,631,3
184400,17,528,628,3
184416,17,515,654,3
184433,17,520,630,3
184449,17,511,630,3
184466,17,453,642,3
184483,17,529,604,3
184499,17,518,640,3
184516,17,505,626,3
184533,17,515,627,3
184549,17,439,784,0
184566,17,369,813,0
184583,17,301,901,0
184599,17,306,988,0
184616,17,351,899,0
184632,17,341,903,0
184649,17,348,894,0
184666,17,358,871,0
184682,17,357,883,0
184699,17,357,905,0
184716,17,354,883,0
184732,17,348,889,0
184749,17,404,737,3
184765,17,477,534,3
184782,17,476,391,2
184799,17,476,469,3
184815,17,480,449,3
184832,17,481,448,3
184849,17,482,462,3
184865,17,484,464,3
184882,17,485,464,3
184899,17,482,470,3
184915,17,474,474,3
184932,17,485,470,3
184948,17,485,463,3
184965,17,482,476,3
184982,17,485,452,3
184998,17,537,369,2
185015,17,533,363,4
185032,17,543,348,4
185048,17,537,344,4
185065,17,546,346,4
185082,17,542,378,2
185098,17,541,370,2
185115,17,541,354,4
185131,17,533,364,4
185148,17,532,354,4
185165,17,527,374,2
185181,17,538,355,4
185198,17,537,343,4
185215,17,542,351,4
185231,17,538,370,2
185248,17,532,337,4
185265,17,535,352,4
185281,17,523,355,4
185298,17,540,350,4
185314,17,526,338,4
185331,17,527,373,2
185348,17,525,370,2
185364,17,525,365,2
185381,17,513,353,4
185398,17,530,343,4
185414,17,531,390,2
185431,17,525,350,4
185448,17,527,347,4
185464,17,533,346,4
185481,17,531,362,4
185497,17,529,349,4
185514,17,526,355,4
185531,17,520,387,2
185547,17,529,360,4
185564,17,468,400,2
185581,17,454,416,2
185597,17,462,396,2
185614,17,455,402,2
185631,17,458,381,2
185647,17,463,420,3
185664,17,463,402,2
185680,17,453,392,2
185697,17,465,388,2
185730,33,459,414,2
185730,0,459,414,2
185747,17,459,375,2
185764,17,414,485,3
185780,17,405,524,3
185797,17,401,549,3
185813,17,399,542,3
185830,17,393,533,3
185847,17,404,535,3
185863,17,407,539,3
185880,17,404,528,3
185897,17,401,551,3
185913,17,419,541,3
185930,17,402,544,3
185947,17,400,543,3
185963,17,495,501,3
185980,17,605,458,3
185996,17,617,433,3
186013,17,630,384,2
186030,17,613,837,0
186146,116,609,784,0
186163,17,642,643,3
186179,17,606,578,3
186196,17,615,407,2
186213,17,614,331,0
186229,17,602,344,4
186246,17,591,346,4
186263,17,607,297,4
186279,17,626,315,0
186296,17,613,359,0
186313,17,617,279,0
186329,17,608,379,2
186346,17,612,351,4
186362,17,613,368,2
186379,17,611,350,4
186396,17,539,284,0
186412,17,544,174,1
186429,17,535,270,0
186446,17,541,300,4
186462,17,544,225,1
186479,17,553,223,1
186496,17,503,319,4
186512,17,540,117,0
186529,17,546,108,0
186545,17,541,264,0
186562,17,542,234,1
186579,17,541,252,1
186595,17,509,316,4
186612,17,525,301,4
186629,17,512,287,0
186645,17,518,269,0
186662,17,516,253,1
186679,17,507,309,4
186695,17,516,322,4
186712,17,508,312,4
186728,17,508,295,4
186745,17,510,337,4
186762,17,506,320,4
186778,17,512,287,0
186795,17,512,324,4
186812,17,522,151,1
186828,17,510,331,4
186845,17,501,317,4
186862,17,508,300,4
186878,17,501,342,4
186895,17,503,306,4
186911,17,506,261,0
186928,17,508,313,4
186945,17,508,230,1
186961,17,517,300,4
186978,17,508,286,0
186995,17,508,231,1
187011,17,510,286,0
187028,17,509,335,4
187044,17,508,238,1
187061,17,507,296,4
187078,17,503,293,4
187094,17,509,253,1
187111,17,506,326,4
187128,17,439,418,3
187144,17,478,506,3
187161,17,502,295,4
187178,17,504,313,4
187194,17,498,329,4
187211,17,512,190,1
187227,17,508,219,1
187244,17,508,261,0
187261,17,498,326,4
187277,17,509,241,1
187294,17,505,256,1
187311,17,445,346,4
187327,17,512,291,4
187344,17,446,432,3
187361,17,507,304,4
187377,17,499,316,4
187394,17,517,242,1
187410,17,173,536,3
187427,17,502,277,0
187444,17,507,257,1
187460,17,514,241,1
187477,17,505,244,1
187494,17,519,202,1
187510,17,503,234,1
187527,17,503,281,0
187544,17,511,260,0
187560,17,450,337,4
187577,17,523,199,1
187593,17,512,229,1
187610,17,513,219,1
187627,17,504,267,0
187643,17,506,277,0
187660,17,514,259,1
187677,17,515,227,1
187693,17,514,184,1
187710,17,513,230,1
187727,17,511,220,1
187743,17,517,225,1
187760,17,516,251,1
187776,17,505,248,1
187793,17,504,360,4
187810,17,529,210,1
187826,17,513,264,0
187843,17,524,563,3
188059,216,630,1040,0
188076,17,682,612,3
188092,17,502,813,0
188109,17,584,684,3
188126,17,572,614,3
188142,17,555,547,3
188159,17,558,474,3
188176,17,574,443,3
188192,17,545,371,2
188209,17,562,397,2
188226,17,538,396,2
188242,17,551,387,2
188259,17,553,375,2
188275,17,533,611,3
188292,17,550,364,4
188309,17,551,367,2
188325,17,550,395,2
188342,17,548,393,2
188359,17,565,366,2
188375,17,568,368,2
188392,17,559,373,2
188409,17,567,400,2
188425,17,553,362,4
188442,17,555,327,4
188458,17,554,357,4
188475,17,552,357,4
188492,17,554,326,4
188508,17,547,358,4
188525,17,552,359,4
188542,17,553,299,4
188558,17,576,341,4
188575,17,564,289,4
188592,17,565,330,4
188608,17,559,328,4
188625,17,542,499,3
188641,17,568,225,1
188658,17,556,317,4
188675,17,564,335,4
188691,17,554,336,4
188708,17,576,285,0
188725,17,573,350,4
188741,17,577,300,4
188758,17,571,250,1
188775,17,558,346,4
188791,17,562,373,2
188808,17,565,372,2
188824,17,539,414,2
188841,17,546,325,4
188858,17,573,319,4
188874,17,570,398,2
188891,17,549,278,0
188908,17,536,276,0
188924,17,546,234,1
188941,17,525,278,0
188958,17,519,336,4
188974,17,546,204,1
188991,17,544,221,1
189007,17,535,311,4
189024,17,542,355,4
189041,17,535,292,4
189057,17,525,355,4
189074,17,528,362,4
189091,17,529,302,4
189107,17,539,210,1
189124,17,527,273,0
189141,17,529,327,4
189157,17,522,308,4
189174,17,537,263,0
189190,17,518,299,4
189207,17,537,253,1
189224,17,525,312,4
189240,17,524,308,4
189257,17,534,142,1
189274,17,527,304,4
189290,17,524,326,4
189307,17,522,308,4
189323,17,535,270,0
189340,17,534,271,0
189357,17,526,302,4
189373,17,533,271,0
189390,17,528,287,0
189407,17,523,291,4
189423,17,533,234,1
189440,17,476,340,4
189457,17,532,195,1
189473,17,529,308,4
189490,17,530,208,1
189506,17,502,353,4
189523,17,479,369,2
189540,17,525,234,1
189556,17,528,291,4
189573,17,516,300,4
189590,17,504,428,3
189606,17,517,241,1
189623,17,502,510,3
189723,100,538,398,2
189739,17,459,434,3
189756,17,451,348,4
189773,17,459,261,0
189789,17,485,225,1
189806,17,431,254,1
189823,17,462,150,1
189839,17,443,360,4
189856,17,471,186,1
189872,17,469,171,1
189889,17,393,243,1
189906,17,202,430,3
189922,17,316,403,2
189939,17,95,485,3
189956,17,317,401,2
189972,17,332,271,0
189989,17,352,211,1
190006,17,345,227,1
190022,17,349,221,1
190039,17,337,253,1
190055,17,345,226,1
190072,17,237,364,0
190089,17,271,418,3
190105,17,85,396,0
190122,17,293,239,0
190139,17,294,317,0
190155,17,280,384,2
190172,17,278,348,0
190189,17,273,376,2
190205,17,277,249,0
190222,17,268,392,2
190238,17,287,231,0
190255,17,245,277,0
190272,17,275,330,0
190288,17,273,205,0
190305,17,281,218,0
190322,17,237,420,3
190338,17,249,311,0
190355,17,288,222,0
190372,17,149,346,0
190388,17,262,287,0
190405,17,261,270,0
190421,17,145,333,0
190438,17,263,341,0
190455,17,132,368,0
190471,17,274,263,0
190488,17,275,215,0
190505,17,264,323,0
190521,17,268,301,0
190538,17,252,296,0
190554,17,263,295,0
190571,17,269,299,0
190588,17,258,289,0
190604,17,270,329,0
190621,17,244,317,0
190638,17,232,222,0
190654,17,256,278,0
190671,17,250,302,0
190688,17,262,267,0
190704,17,272,193,0
190721,17,273,189,0
190737,17,268,215,0
190754,17,248,327,0
190771,17,255,297,0
190787,17,269,309,0
190804,17,258,332,0
190821,17,249,306,0
190837,17,277,223,0
190871,33,245,350,0
190887,17,368,146,1
190904,17,511,50,0
190920,17,612,166,1
190937,17,641,161,1
190954,17,652,170,1
190970,17,652,159,1
190987,17,647,171,1
191004,17,655,136,1
191020,17,651,185,1
191037,17,648,136,1
191054,17,654,154,1
191070,17,655,144,1
191087,17,645,173,1
191103,17,669,158,1
191120,17,707,133,1
191137,17,705,125,0
191153,17,712,109,0
191170,17,717,106,0
191187,17,714,109,0
191203,17,717,121,0
191220,17,716,14,0
191237,17,716,189,1
191253,17,743,716,3
191353,100,818,784,0
191370,17,591,850,0
191386,17,682,393,2
191403,17,634,566,3
191420,17,673,432,3
191436,17,659,351,0
191453,17,641,339,0
191469,17,641,287,0
191486,17,629,344,0
191503,17,642,244,1
191519,17,615,292,0
191536,17,634,237,1
191553,17,630,205,1
191569,17,649,168,1
191586,17,648,193,1
191602,17,627,206,1
191619,17,648,212,1
191636,17,633,180,1
191652,17,648,191,1
191669,17,634,417,2
191686,17,661,162,1
191702,17,646,252,1
191719,17,650,153,1
191736,17,641,173,1
191752,17,649,251,1
191769,17,622,151,1
191785,17,644,185,1
191802,17,644,192,1
191819,17,645,162,1
191835,17,646,273,0
191852,17,644,225,1
191869,17,638,270,0
191885,17,572,809,0
192035,150,589,441,3
192052,17,561,994,0
192068,17,658,901,0
192085,17,726,903,0
192102,17,597,923,0
192318,216,539,966,0
192334,17,668,898,0
192351,17,666,847,0
192368,17,578,922,0
192384,17,609,947,0
192401,17,597,833,0
192418,17,665,880,0
192434,17,527,819,0
192451,17,571,818,0
192468,17,579,645,3
192484,17,575,527,3
192501,17,573,489,3
192517,17,566,491,3
192534,17,593,477,3
192551,17,566,476,3
192567,17,562,485,3
192584,17,557,503,3
192601,17,541,477,3
192617,17,583,481,3
192634,17,590,530,3
192651,17,585,602,3
192667,17,565,740,3
192684,17,575,812,0
192867,183,680,838,0
192883,17,474,746,3
192900,17,570,732,3
192917,17,677,756,3
192933,17,579,612,3
192950,17,538,432,3
192967,17,564,322,4
192983,17,571,381,2
193000,17,558,382,2
193016,17,570,397,2
193033,17,566,405,2
193050,17,571,417,2
193066,17,567,406,2
193083,17,567,408,2
193100,17,575,420,3
193116,17,569,339,4
193133,17,575,426,3
193150,17,571,432,3
193166,17,573,424,3
193183,17,555,375,2
193199,17,499,390,2
193216,17,548,312,4
193233,17,548,164,1
193283,50,547,282,0
193283,0,547,282,0
193299,17,545,312,4
193316,17,547,266,0
193333,17,544,282,0
193349,17,543,271,0
193366,17,538,270,0
193382,17,539,303,4
193399,17,545,253,1
193416,17,539,263,0
193432,17,537,285,0
193449,17,540,276,0
193466,17,557,87,0
193482,17,527,432,3
193499,17,532,550,3
193516,17,524,565,3
193532,17,512,574,3
193549,17,519,571,3
193565,17,519,578,3
193582,17,517,561,3
193599,17,516,577,3
193615,17,517,571,3
193632,17,512,583,3
193649,17,505,572,3
193665,17,519,603,3
193682,17,514,580,3
193699,17,513,593,3
193715,17,513,583,3
193732,17,515,597,3
193748,17,519,604,3
193765,17,512,582,3
193782,17,516,582,3
193798,17,514,594,3
193815,17,515,589,3
193832,17,512,623,3
193848,17,515,588,3
193865,17,509,603,3
193881,17,522,605,3
193898,17,510,603,3
193915,17,513,527,3
193931,17,528,589,3
193948,17,601,745,3
194347,399,630,1060,0
194364,17,582,1038,0
194381,17,688,1043,0
194397,17,647,1080,0
194414,17,653,1069,0
194430,17,654,1070,0
194514,83,665,1021,0
194530,17,653,1020,0
194547,17,671,1043,0
194564,17,652,1047,0
194580,17,632,1015,0
194597,17,641,992,0
194613,17,619,1035,0
194647,33,634,1024,0
194663,17,636,1009,0
194680,17,620,1048,0
194697,17,657,1024,0
194713,17,627,1046,0
194730,17,634,995,0
194747,17,520,1065,0
194763,17,643,1065,0
194813,50,437,968,0
194830,17,445,1008,0
194846,17,472,996,0
194863,17,436,918,0
194880,17,394,909,0
194896,17,508,943,0
194913,17,437,1029,0
194930,17,368,1079,0
194946,17,467,960,0
194963,17,454,940,0
194979,17,436,1051,0
194996,17,459,1054,0
195013,17,436,1003,0
195029,17,434,1029,0
195046,17,439,1010,0
195063,17,415,1047,0
195079,17,442,946,0
195096,17,488,1018,0
195112,17,424,1013,0
195129,17,388,1064,0
195146,17,419,1037,0
195162,17,438,1023,0
195179,17,448,985,0
195196,17,430,1030,0
195212,17,434,997,0
195229,17,379,1017,0
195246,17,429,1018,0
195262,17,433,1011,0
195279,17,417,1008,0
195295,17,435,906,0
195312,17,367,985,0
195329,17,340,978,0
195345,17,420,993,0
195362,17,395,991,0
195379,17,367,993,0
195395,17,338,991,0
195412,17,422,1020,0
195429,17,459,970,0
195445,17,460,996,0
195562,116,511,499,3
195578,17,496,735,3
195595,17,528,564,3
195612,17,555,205,1
195628,17,515,310,4
195645,17,210,646,3
195661,17,535,187,1
195678,17,510,296,4
195695,17,513,457,3
195711,17,520,463,3
195728,17,523,315,4
195745,17,528,309,4
195761,17,530,486,3
195778,17,534,292,4
195795,17,526,322,4
195811,17,531,275,0
195828,17,524,341,4
195844,17,520,307,4
195861,17,527,362,4
195878,17,523,318,4
195894,17,510,395,2
195911,17,189,587,3
195928,17,522,404,2
195944,17,532,325,4
195961,17,526,366,2
195978,17,527,334,4
195994,17,586,486,3
196210,216,434,801,0
196227,17,457,798,0
196244,17,581,900,0
196260,17,467,820,0
196277,17,483,863,0
196294,17,550,785,0
196310,17,445,740,3
196327,17,477,751,3
196343,17,511,738,3
196360,17,507,702,3
196377,17,507,728,3
196393,17,494,744,3
196410,17,494,716,3
196427,17,504,722,3
196443,17,451,894,0
196460,17,484,718,3
196477,17,202,961,0
196493,17,484,703,3
196510,17,497,726,3
196526,17,482,735,3
196543,17,513,668,3
196560,17,494,728,3
196576,17,485,664,3
196593,17,504,647,3
196610,17,464,782,0
196626,17,527,711,3
196643,17,493,864,0
196660,17,517,665,3
196676,17,505,692,3
196693,17,495,697,3
196709,17,513,713,3
196726,17,505,720,3
196743,17,163,930,0
196759,17,510,649,3
196776,17,470,712,3
196793,17,494,684,3
196809,17,490,700,3
196826,17,513,663,3
196843,17,467,810,0
196859,17,512,689,3
196876,17,503,607,3
196892,17,509,450,3
196909,17,505,333,4
196926,17,509,325,4
196942,17,496,434,3
196959,17,511,422,3
196976,17,508,421,5
196992,17,511,426,3
197009,17,494,415,2
197026,17,500,428,3
197042,17,509,424,3
197059,17,505,436,3
197075,17,508,438,3
197092,17,489,408,2
197109,17,512,448,3
197125,17,501,415,2
197142,17,513,422,3
197159,17,508,430,3
197175,17,504,431,3
197192,17,512,438,3
197209,17,505,454,3
197225,17,499,437,3
197242,17,519,449,3
197258,17,551,462,3
197275,17,545,924,0
197475,200,568,1060,0
197491,17,568,1052,0
197508,17,568,1050,0
197525,17,557,1049,0
197541,17,554,1062,0
197558,17,544,1044,0
197574,17,611,962,0
197591,17,612,982,0
197608,17,602,1028,0
197624,17,489,919,0
197641,17,603,929,0
197658,17,573,1058,0
197674,17,613,920,0
197691,17,634,956,0
197708,17,548,1010,0
197724,17,604,937,0
197741,17,597,960,0
197757,17,447,955,0
197774,17,565,948,0
197791,17,580,987,0
197807,17,607,964,0
197824,17,556,1029,0
197841,17,630,994,0
197857,17,568,953,0
197874,17,549,956,0
197891,17,618,967,0
197907,17,433,923,0
197924,17,445,910,0
197940,17,457,895,0
197957,17,580,926,0
197974,17,476,1011,0
197990,17,558,950,0
198007,17,557,943,0
198024,17,562,992,0
198040,17,521,997,0
198057,17,563,960,0
198074,17,528,981,0
198090,17,573,950,0
198107,17,554,984,0
198123,17,580,1011,0
198140,17,556,982,0
198173,33,570,947,0
198190,17,567,940,0
198207,17,595,922,0
198223,17,470,1006,0
198240,17,485,1002,0
198257,17,497,999,0
198273,17,502,998,0
198290,17,568,927,0
198306,17,506,1013,0
198323,17,568,917,0
198340,17,570,912,0
198356,17,515,1011,0
198373,17,513,1000,0
198390,17,574,939,0
198406,17,589,933,0
198423,17,545,948,0
198440,17,574,945,0
198456,17,561,934,0
198473,17,572,956,0
198489,17,585,941,0
198506,17,593,939,0
198523,17,548,936,0
198539,17,561,951,0
198556,17,528,915,0
198573,17,570,935,0
198589,17,566,942,0
198606,17,542,970,0
198622,17,551,956,0
198639,17,549,943,0
198656,17,559,966,0
198672,17,542,958,0
198689,17,443,1044,0
198706,17,553,961,0
198722,17,549,951,0
198739,17,549,941,0
198756,17,544,993,0
198772,17,545,971,0
198789,17,567,948,0
198805,17,546,963,0
198822,17,546,940,0
198839,17,539,976,0
198855,17,490,1027,0
198872,17,545,948,0
198889,17,563,948,0
198905,17,542,950,0
198922,17,555,941,0
198939,17,500,965,0
198955,17,575,911,0
198972,17,551,968,0
198988,17,536,963,0
199022,33,547,940,0
199038,17,547,941,0
199055,17,520,904,0
199072,17,567,906,0
199088,17,491,1014,0
199105,17,474,1006,0
199122,17,540,955,0
199138,17,540,920,0
199155,17,569,902,0
199171,17,500,969,0
199188,17,480,961,0
199205,17,463,949,0
199221,17,558,950,0
199238,17,543,929,0
199255,17,537,923,0
199271,17,553,912,0
199288,17,513,1034,0
199305,17,509,1019,0
199321,17,509,999,0
199338,17,575,885,0
199354,17,525,944,0
199371,17,547,894,0
199388,17,550,987,0
199404,17,549,939,0
199421,17,549,1049,0
199438,17,543,1029,0
199454,17,537,1023,0
199471,17,530,1024,0
199488,17,527,1018,0
199504,17,551,941,0
199521,17,528,992,0
199537,17,529,971,0
199554,17,532,962,0
199571,17,526,1064,0
199587,17,529,1044,0
199604,17,551,955,0
199621,17,546,1013,0
199637,17,564,996,0
199654,17,559,917,0
199670,17,575,884,0
199687,17,541,958,0
199704,17,558,938,0
199720,17,483,923,0
199737,17,507,1058,0
199754,17,553,924,0
199770,17,546,907,0
199787,17,479,1022,0
199804,17,493,1014,0
199820,17,546,894,0
199837,17,545,916,0
199853,17,505,981,0
199870,17,505,978,0
199887,17,557,910,0
199903,17,506,985,0
199920,17,555,920,0
199937,17,546,924,0
199953,17,552,866,0
199970,17,486,1010,0
199987,17,482,1008,0
200003,17,476,1008,0
200020,17,555,1023,0
200036,17,538,947,0
200053,17,531,1029,0
200070,17,531,1018,0
200086,17,536,1012,0
200103,17,525,1056,0
200120,17,557,1019,0
200136,17,586,993,0
200153,17,548,1014,0
200170,17,544,934,0
200186,17,555,938,0
200203,17,493,1019,0
200219,17,546,1031,0
200236,17,495,986,0
200253,17,500,981,0
200269,17,496,979,0
200286,17,489,981,0
200319,33,463,987,0
200336,17,456,988,0
200353,17,557,1012,0
200369,17,562,936,0
200386,17,435,996,0
200402,17,542,1018,0
200419,17,546,990,0
200436,17,566,971,0
200452,17,518,1022,0
200469,17,548,939,0
200486,17,487,1020,0
200502,17,466,1016,0
200519,17,445,1016,0
200536,17,585,883,0
200552,17,507,1038,0
200569,17,484,1041,0
200585,17,563,947,0
200602,17,531,967,0
200619,17,533,967,0
200635,17,612,1011,0
200652,17,601,948,0
200669,17,547,979,0
200702,33,538,951,0
200719,17,587,939,0
200735,17,542,973,0
200752,17,585,985,0
200768,17,474,968,0
200785,17,578,984,0
200802,17,557,911,0
200818,17,456,985,0
200835,17,550,858,0
200852,17,546,898,0
200868,17,528,1017,0
200885,17,508,1011,0
200901,17,487,999,0
200918,17,559,928,0
200935,17,537,924,0
200951,17,549,909,0
200968,17,561,957,0
200985,17,607,900,0
201001,17,569,923,0
201018,17,547,888,0
201035,17,488,969,0
201051,17,543,971,0
201068,17,492,961,0
201084,17,550,967,0
201101,17,556,925,0
201118,17,566,976,0
201134,17,526,983,0
201151,17,561,899,0
201168,17,567,916,0
201184,17,542,1000,0
201201,17,518,993,0
201218,17,497,979,0
201234,17,479,969,0
201251,17,580,832,0
201267,17,550,932,0
201284,17,543,861,0
201301,17,562,809,0
201317,17,564,876,0
201334,17,442,1043,0
201351,17,549,905,0
201367,17,558,885,0
201384,17,463,1016,0
201401,17,587,903,0
201417,17,556,906,0
201434,17,490,988,0
201450,17,544,900,0
201484,33,543,926,0
201500,17,508,988,0
201517,17,508,986,0
201534,17,509,982,0
201550,17,550,908,0
201567,17,551,874,0
201584,17,529,970,0
201617,33,542,890,0
201633,17,562,971,0
201650,17,538,880,0
201667,17,537,898,0
201683,17,542,897,0
201700,17,543,911,0
201717,17,480,1053,0
201733,17,485,1040,0
201750,17,533,885,0
201767,17,546,901,0
201783,17,493,1015,0
201800,17,540,895,0
201816,17,556,897,0
201833,17,485,996,0
201850,17,578,901,0
201866,17,561,912,0
201883,17,558,886,0
201900,17,548,897,0
201916,17,439,978,0
201933,17,534,900,0
201949,17,532,983,0
201966,17,520,980,0
201983,17,508,972,0
201999,17,498,968,0
202016,17,535,896,0
202033,17,549,889,0
202049,17,540,881,0
202066,17,534,877,0
202083,17,555,880,0
202099,17,542,868,0
202116,17,547,901,0
202132,17,539,867,0
202149,17,535,907,0
202166,17,465,1075,0
202182,17,545,895,0
202199,17,530,884,0
202216,17,540,894,0
202232,17,534,952,0
202249,17,542,904,0
202266,17,537,889,0
202282,17,457,1079,0
202299,17,537,877,0
202315,17,492,958,0
202332,17,560,871,0
202349,17,538,884,0
202365,17,534,863,0
202382,17,536,880,0
202399,17,505,988,0
202415,17,435,869,0
202432,17,488,919,0
202449,17,536,676,3
202465,17,775,705,3
202482,17,696,687,3
202498,17,502,740,3
202515,17,486,534,3
202532,17,499,518,3
202548,17,483,594,3
202565,17,474,731,3
202665,100,747,611,3
202681,17,505,797,0
202698,17,575,595,3
202715,17,519,488,3
202731,17,502,513,3
202748,17,453,374,2
202765,17,497,487,3
202781,17,491,371,2
202798,17,292,378,2
202815,17,511,267,0
202831,17,511,338,4
202848,17,319,321,0
202864,17,510,397,2
202881,17,526,348,4
202898,17,517,277,0
202914,17,223,561,3
202931,17,515,452,3
202948,17,519,400,2
202964,17,521,345,4
202981,17,514,260,0
202998,17,506,358,4
203014,17,228,529,3
203031,17,499,239,1
203047,17,518,205,1
203064,17,512,236,1
203081,17,516,217,1
203097,17,503,422,3
203114,17,291,416,2
203131,17,502,293,4
203147,17,478,644,3
203264,116,592,326,4
203280,17,236,979,0
203297,17,451,743,3
203314,17,493,511,3
203330,17,526,404,2
203347,17,405,468,3
203363,17,512,266,0
203380,17,514,241,1
203397,17,516,213,1
203413,17,515,333,4
203430,17,515,246,1
203447,17,520,279,0
203463,17,532,536,3
203630,166,657,568,3
203646,17,476,1010,0
203663,17,532,805,0
203680,17,527,706,3
203696,17,576,577,3
203713,17,568,508,3
203729,17,587,497,3
203746,17,545,420,5
203763,17,562,406,2
203779,17,559,391,2
203796,17,558,405,2
