Time (ms),Timegap (ms),Gaze X,Gaze Y,AOI
0,0,607,404,2
17,17,597,397,2
33,17,597,411,2
50,17,582,399,2
67,17,589,407,2
83,17,592,410,2
100,17,590,429,3
116,17,599,414,2
133,17,591,422,3
150,17,606,423,3
166,17,608,405,2
183,17,598,386,2
200,17,593,412,2
216,17,596,417,2
233,17,598,396,2
266,33,600,431,3
283,17,595,386,2
299,17,596,390,2
316,17,599,398,2
333,17,595,401,2
349,17,591,430,3
366,17,594,390,2
383,17,582,642,3
499,116,591,812,0
549,50,582,374,2
566,17,587,386,2
582,17,588,387,2
599,17,584,394,2
615,17,585,375,2
632,17,588,381,2
649,17,585,377,2
665,17,585,366,2
682,17,584,390,2
699,17,588,392,2
715,17,588,391,2
732,17,586,383,2
749,17,582,366,2
765,17,581,387,2
782,17,585,377,2
798,17,584,370,2
815,17,580,365,2
832,17,584,389,2
848,17,586,368,2
865,17,592,395,2
882,17,585,393,2
898,17,594,382,2
915,17,596,397,2
932,17,585,397,2
948,17,584,389,2
965,17,589,390,2
981,17,585,380,2
998,17,587,367,2
1015,17,585,400,2
1031,17,589,382,2
1048,17,587,381,2
1065,17,592,405,2
1081,17,597,401,2
1098,17,598,389,2
1115,17,586,416,2
1131,17,594,396,2
1148,17,603,382,2
1164,17,558,385,2
1181,17,549,378,2
1198,17,566,364,4
1214,17,557,363,4
1231,17,558,370,2
1248,17,555,372,2
1264,17,566,354,4
1281,17,539,390,2
1298,17,563,376,2
1314,17,565,363,4
1331,17,555,386,2
1347,17,570,374,2
1364,17,523,376,2
1381,17,519,376,2
1397,17,509,395,2
1414,17,506,369,2
1431,17,503,380,2
1447,17,513,362,4
1464,17,505,366,2
1481,17,506,356,4
1497,17,513,373,2
1514,17,511,362,4
1530,17,509,360,4
1547,17,509,359,4
1564,17,499,334,4
1580,17,510,353,4
1597,17,515,323,4
1614,17,500,346,4
1630,17,518,334,4
1647,17,521,341,4
1664,17,515,332,4
1713,50,512,344,4
1713,0,512,344,4
1730,17,517,281,0
1846,116,574,203,1
1863,17,574,267,0
1880,17,589,275,0
1896,17,587,281,0
1913,17,577,284,0
1930,17,587,278,0
1946,17,588,286,0
1963,17,587,283,0
1980,17,584,291,4
1996,17,584,270,0
2013,17,598,294,4
2029,17,608,295,4
2046,17,604,291,4
2063,17,609,305,4
2079,17,610,312,4
2096,17,606,329,4
2113,17,608,318,4
2129,17,593,323,4
2312,183,507,654,3
2329,17,542,294,4
2346,17,543,314,4
2362,17,550,337,4
2379,17,527,313,4
2395,17,537,312,4
2412,17,537,320,4
2429,17,532,332,4
2445,17,533,338,4
2462,17,540,339,4
2479,17,538,315,4
2495,17,538,351,4
2512,17,538,339,4
2529,17,545,335,4
2545,17,538,348,4
2562,17,537,358,4
2578,17,537,340,4
2595,17,533,351,4
2612,17,530,352,4
2628,17,529,348,4
2645,17,539,352,4
2662,17,537,378,2
2678,17,539,347,4
2695,17,536,372,2
2712,17,534,368,2
2728,17,535,358,4
2745,17,533,371,2
2761,17,532,368,2
2778,17,537,370,2
2795,17,539,337,4
2811,17,537,360,4
2828,17,535,362,4
2845,17,537,372,2
2861,17,537,348,4
2878,17,533,380,2
2894,17,525,369,2
2911,17,528,381,2
2928,17,526,374,2
2944,17,528,403,2
2961,17,530,369,2
2978,17,535,378,2
3127,150,490,374,2
3144,17,474,7,0
3161,17,484,388,2
3177,17,491,371,2
3194,17,490,360,4
3211,17,492,388,2
3227,17,486,381,2
3244,17,493,370,2
3260,17,490,372,2
3277,17,474,369,2
3294,17,495,392,2
3310,17,493,392,2
3327,17,489,383,2
3344,17,490,380,2
3360,17,489,364,4
3377,17,503,400,2
3394,17,494,375,2
3410,17,496,404,2
3427,17,492,412,2
3443,17,491,372,2
3460,17,491,393,2
3477,17,501,402,2
3493,17,507,366,2
3510,17,509,376,2
3527,17,506,342,4
3543,17,513,373,2
3560,17,511,351,4
3577,17,513,365,2
3593,17,515,341,4
3610,17,512,349,4
3626,17,509,353,4
3643,17,506,352,4
3660,17,503,330,4
3676,17,509,355,4
3693,17,508,359,4
3710,17,512,352,4
3726,17,509,348,4
3743,17,516,359,4
3760,17,510,350,4
3776,17,510,349,4
3793,17,513,316,4
3809,17,519,333,4
3826,17,513,337,4
3843,17,509,335,4
3859,17,512,339,4
3876,17,511,340,4
3893,17,513,320,4
3909,17,510,323,4
3926,17,508,329,4
3943,17,518,334,4
3959,17,519,333,4
3976,17,508,330,4
3992,17,419,340,4
4009,17,365,332,0
4026,17,341,328,0
4042,17,330,347,0
4059,17,326,331,0
4076,17,321,334,0
4092,17,321,317,0
4109,17,330,297,0
4125,17,318,322,0
4142,17,347,328,0
4159,17,331,352,0
4175,17,348,354,0
4192,17,335,336,0
4209,17,324,356,0
4225,17,329,356,0
4242,17,329,344,0
4259,17,339,356,0
4275,17,428,314,4
4292,17,462,348,4
4308,17,458,362,4
4325,17,464,343,4
4342,17,466,340,4
4358,17,465,330,4
4375,17,463,338,4
4392,17,465,334,4
4408,17,464,357,4
4425,17,463,353,4
4442,17,466,357,4
4458,17,463,352,4
4475,17,465,360,4
4491,17,465,342,4
4508,17,462,342,4
4525,17,462,345,4
4541,17,462,353,4
4558,17,466,353,4
4575,17,463,351,4
4591,17,462,351,4
4608,17,458,350,4
4625,17,465,347,4
4641,17,467,342,4
4658,17,461,323,4
4674,17,459,345,4
4691,17,463,376,2
4708,17,463,345,4
4724,17,460,334,4
4741,17,462,364,4
4758,17,462,349,4
4774,17,466,380,2
4791,17,464,336,4
4808,17,460,353,4
4824,17,462,338,4
4841,17,462,353,4
4857,17,465,347,4
4874,17,463,361,4
4891,17,463,358,4
4907,17,465,362,4
4924,17,459,461,3
5057,133,506,16,0
5074,17,517,262,0
5090,17,524,318,4
5107,17,528,345,4
5124,17,530,309,4
5140,17,532,336,4
5157,17,539,334,4
5174,17,535,350,4
5190,17,533,326,4
5207,17,528,326,4
5223,17,532,328,4
5240,17,534,364,4
5257,17,533,345,4
5273,17,526,328,4
5290,17,530,356,4
5307,17,530,329,4
5323,17,536,339,4
5340,17,525,330,4
5356,17,526,330,4
5373,17,532,339,4
5390,17,529,333,4
5406,17,523,359,4
5423,17,524,337,4
5440,17,525,340,4
5456,17,517,348,4
5473,17,523,362,4
5490,17,525,351,4
5506,17,523,346,4
5523,17,525,341,4
5539,17,524,361,4
5556,17,523,338,4
5573,17,524,350,4
5589,17,523,357,4
5606,17,524,344,4
5623,17,529,354,4
5639,17,528,339,4
5656,17,525,339,4
5673,17,519,371,2
5689,17,520,332,4
5706,17,522,359,4
5722,17,521,356,4
5739,17,530,354,4
5756,17,526,341,4
5772,17,524,368,2
5789,17,527,335,4
5806,17,525,355,4
5822,17,528,353,4
5839,17,528,366,2
5856,17,527,337,4
5872,17,523,352,4
5889,17,529,344,4
5905,17,527,372,2
5922,17,526,364,4
5939,17,529,349,4
5955,17,525,351,4
5972,17,526,368,2
5989,17,523,356,4
6005,17,524,373,2
6022,17,522,355,4
6039,17,524,336,4
6055,17,525,368,2
6072,17,528,361,4
6088,17,522,347,4
6105,17,528,324,4
6122,17,521,362,4
6138,17,523,367,2
6155,17,523,354,4
6172,17,522,353,4
6188,17,535,350,4
6205,17,530,367,2
6222,17,525,334,4
6238,17,522,357,4
6255,17,521,346,4
6271,17,522,336,4
6288,17,524,370,2
6305,17,525,369,2
6321,17,525,360,4
6338,17,521,371,2
6355,17,522,338,4
6371,17,526,370,2
6388,17,523,354,4
6404,17,523,346,4
6421,17,520,378,2
6438,17,521,353,4
6454,17,523,356,4
6471,17,525,360,4
6488,17,437,381,2
6504,17,407,368,2
6521,17,335,411,2
6587,67,421,718,3
6604,17,459,147,1
6621,17,441,317,4
6637,17,447,362,4
6654,17,447,364,4
6671,17,453,361,4
6687,17,452,341,4
6704,17,448,368,2
6721,17,445,366,2
6737,17,449,363,4
6754,17,454,389,2
6770,17,451,377,2
6787,17,447,368,2
6804,17,448,381,2
6820,17,455,379,2
6837,17,450,343,4
6854,17,443,367,2
6870,17,453,370,2
6887,17,447,353,4
6904,17,453,386,2
6920,17,454,381,2
6937,17,441,364,4
6953,17,447,377,2
6970,17,448,365,2
6987,17,452,374,2
7003,17,452,386,2
7020,17,466,390,2
7037,17,506,374,2
7053,17,522,377,2
7070,17,523,378,2
7087,17,529,379,2
7103,17,527,380,2
7120,17,522,379,2
7136,17,526,389,2
7153,17,526,375,2
7170,17,524,376,2
7186,17,527,377,2
7203,17,524,381,2
7220,17,498,466,3
7303,83,523,609,3
7319,17,496,46,0
7336,17,504,258,1
7353,17,502,314,4
7369,17,519,329,4
7386,17,520,334,4
7403,17,507,341,4
7419,17,518,343,4
7436,17,510,333,4
7453,17,514,331,4
7469,17,516,327,4
7486,17,508,351,4
7502,17,509,351,4
7519,17,506,345,4
7536,17,506,352,4
7552,17,507,333,4
7569,17,507,343,4
7586,17,508,321,4
7602,17,510,336,4
7619,17,510,339,4
7635,17,498,337,4
7652,17,482,325,4
7669,17,481,332,4
7685,17,483,322,4
7702,17,487,333,4
7719,17,489,328,4
7735,17,480,328,4
7752,17,487,332,4
7769,17,480,315,4
7785,17,491,305,4
7802,17,491,323,4
7818,17,480,319,4
7835,17,484,327,4
7852,17,479,322,4
7868,17,473,315,4
7885,17,455,280,0
7902,17,458,293,4
7918,17,451,297,4
7935,17,465,321,4
7952,17,466,323,4
7968,17,453,302,4
7985,17,463,313,4
8001,17,460,317,4
8018,17,450,333,4
8035,17,447,301,4
8051,17,449,322,4
8068,17,452,311,4
8085,17,447,332,4
8101,17,462,314,4
8118,17,454,316,4
8135,17,449,339,4
8384,250,534,982,0
8401,17,501,407,2
8417,17,511,300,4
8434,17,505,276,0
8451,17,503,314,4
8467,17,501,295,4
8484,17,508,308,4
8501,17,501,317,4
8517,17,505,307,4
8534,17,505,314,4
8550,17,506,321,4
8567,17,502,320,4
8584,17,503,291,4
8600,17,502,306,4
8617,17,505,317,4
8634,17,501,314,4
8650,17,503,304,4
8667,17,497,331,4
8683,17,497,312,4
8700,17,501,317,4
8717,17,496,340,4
8733,17,501,322,4
8750,17,499,347,4
8767,17,279,652,3
8916,150,548,157,1
8933,17,542,270,0
8950,17,547,337,4
8966,17,556,317,4
8983,17,550,337,4
9000,17,553,349,4
9016,17,548,342,4
9033,17,559,341,4
9049,17,554,339,4
9066,17,558,320,4
9083,17,562,335,4
9099,17,549,323,4
9116,17,550,333,4
9133,17,546,327,4
9149,17,554,318,4
9166,17,554,341,4
9183,17,552,316,4
9199,17,544,333,4
9216,17,559,326,4
9232,17,552,334,4
9249,17,546,339,4
9266,17,550,346,4
9282,17,546,326,4
9299,17,493,329,4
9316,17,459,294,4
9332,17,472,317,4
9349,17,465,313,4
9366,17,468,288,4
9382,17,470,309,4
9399,17,470,303,4
9415,17,466,311,4
9432,17,468,310,4
9449,17,471,298,4
9465,17,470,317,4
9482,17,473,306,4
9499,17,472,290,4
9515,17,466,295,4
9532,17,473,311,4
9549,17,470,318,4
9565,17,465,316,4
9582,17,467,308,4
9598,17,465,319,4
9615,17,465,292,4
9632,17,466,318,4
9648,17,470,296,4
9665,17,465,307,4
9682,17,461,309,4
9698,17,463,309,4
9715,17,464,303,4
9732,17,462,292,4
9748,17,464,313,4
9765,17,462,319,4
9781,17,485,315,4
9798,17,488,342,4
9815,17,488,325,4
9831,17,490,321,4
9848,17,489,321,4
9865,17,492,336,4
9881,17,490,327,4
9898,17,491,307,4
9914,17,489,320,4
9931,17,486,325,4
9948,17,488,317,4
9964,17,485,318,4
9981,17,485,309,4
9998,17,483,324,4
10014,17,483,332,4
10031,17,485,325,4
10048,17,482,299,4
10064,17,485,329,4
10081,17,484,307,4
10097,17,482,315,4
10114,17,486,303,4
10131,17,487,317,4
10147,17,483,350,4
10164,17,486,321,4
10181,17,487,319,4
10197,17,479,324,4
10214,17,485,313,4
10231,17,481,312,4
10247,17,482,307,4
10264,17,482,320,4
10280,17,488,325,4
10297,17,485,322,4
10314,17,488,327,4
10330,17,490,323,4
10347,17,491,324,4
10364,17,494,328,4
10380,17,488,322,4
10397,17,492,335,4
10414,17,484,313,4
10430,17,494,307,4
10447,17,490,326,4
10463,17,485,327,4
10480,17,490,484,3
10646,166,541,842,0
10663,17,515,54,0
10680,17,522,323,4
10696,17,530,348,4
10713,17,534,354,4
10730,17,527,372,2
10746,17,530,333,4
10763,17,528,348,4
10780,17,527,338,4
10796,17,532,339,4
10813,17,530,347,4
10829,17,537,358,4
10846,17,539,367,2
10863,17,522,366,2
10879,17,530,362,4
10896,17,525,354,4
10913,17,523,370,2
10929,17,530,357,4
10946,17,535,375,2
10962,17,531,370,2
10979,17,528,338,4
10996,17,528,355,4
11012,17,531,354,4
11029,17,531,335,4
11046,17,527,357,4
11062,17,524,372,2
11079,17,520,366,2
11096,17,525,343,4
11112,17,524,343,4
11129,17,525,341,4
11145,17,531,340,4
11162,17,527,339,4
11179,17,527,325,4
11195,17,530,321,4
11212,17,532,334,4
11229,17,525,326,4
11245,17,537,338,4
11262,17,526,341,4
11279,17,527,337,4
11295,17,527,339,4
11312,17,522,340,4
11328,17,529,364,4
11345,17,530,324,4
11362,17,535,321,4
11378,17,518,344,4
11395,17,519,339,4
11412,17,518,342,4
11428,17,489,334,4
11445,17,481,326,4
11462,17,486,329,4
11478,17,482,328,4
11495,17,479,324,4
11511,17,483,348,4
11528,17,483,344,4
11545,17,478,328,4
11561,17,475,309,4
11578,17,478,322,4
11595,17,483,349,4
11611,17,479,339,4
11628,17,479,344,4
11645,17,479,358,4
11661,17,494,324,4
11678,17,497,305,4
11694,17,501,312,4
11711,17,501,301,4
11728,17,501,309,4
11744,17,497,323,4
11761,17,505,297,4
11778,17,515,326,4
11794,17,512,316,4
11811,17,507,292,4
11828,17,497,325,4
11844,17,500,325,4
11861,17,512,307,4
11877,17,501,306,4
11894,17,497,294,4
11911,17,503,333,4
11927,17,508,325,4
11944,17,503,304,4
11961,17,528,300,4
11977,17,531,309,4
11994,17,528,323,4
12011,17,536,285,0
12027,17,526,317,4
12044,17,522,333,4
12060,17,530,352,4
12144,83,575,234,1
12160,17,544,222,1
12177,17,547,235,1
12193,17,543,248,1
12210,17,546,261,0
12227,17,551,244,1
12243,17,543,254,1
12260,17,543,261,0
12277,17,544,255,1
12293,17,547,249,1
12310,17,549,256,1
12327,17,542,257,1
12343,17,539,249,1
12360,17,549,246,1
12376,17,550,246,1
12393,17,542,274,0
12410,17,540,262,0
12426,17,539,274,0
12443,17,546,282,0
12460,17,539,270,0
12476,17,541,285,0
12493,17,542,296,4
12510,17,550,328,4
12526,17,536,320,4
12543,17,547,329,4
12559,17,555,302,4
12576,17,540,315,4
12593,17,542,330,4
12609,17,545,304,4
12626,17,547,291,4
12643,17,543,351,4
12659,17,545,338,4
12676,17,539,335,4
12693,17,537,310,4
12709,17,547,308,4
12726,17,520,410,2
12742,17,510,403,2
12759,17,513,407,2
12776,17,509,408,2
12792,17,508,412,2
12809,17,510,411,2
12826,17,510,412,2
12842,17,507,409,2
12859,17,510,407,2
12876,17,513,428,3
12892,17,510,429,3
12909,17,509,404,2
12925,17,516,427,3
12942,17,505,404,2
12959,17,507,406,2
12975,17,506,415,2
12992,17,504,406,2
13009,17,512,415,2
13025,17,512,409,2
13042,17,506,422,3
13059,17,514,417,5
13075,17,507,425,3
13092,17,504,428,3
13108,17,503,419,5
13125,17,503,416,2
13142,17,505,427,3
13158,17,501,425,3
13175,17,505,439,3
13192,17,503,372,2
13208,17,508,371,2
13225,17,500,356,4
13241,17,510,366,2
13258,17,507,356,4
13275,17,515,385,2
13291,17,503,362,4
13308,17,504,372,2
13325,17,512,370,2
13341,17,507,372,2
13358,17,508,362,4
13375,17,507,370,2
13391,17,507,348,4
13408,17,497,339,4
13424,17,475,352,4
13441,17,478,361,4
13458,17,479,346,4
13474,17,480,346,4
13491,17,480,324,4
13508,17,481,319,4
13524,17,482,328,4
13541,17,475,335,4
13558,17,478,338,4
13574,17,483,339,4
13591,17,475,307,4
13607,17,480,330,4
13624,17,481,319,4
13641,17,476,320,4
13657,17,476,327,4
13674,17,479,328,4
13691,17,479,320,4
13707,17,476,357,4
13724,17,480,363,4
13741,17,482,345,4
13757,17,499,350,4
13774,17,505,352,4
13790,17,509,339,4
13807,17,514,357,4
13824,17,526,359,4
13840,17,519,337,4
13857,17,517,354,4
13874,17,516,353,4
13890,17,520,369,2
13907,17,507,341,4
13924,17,515,354,4
13940,17,511,355,4
13957,17,508,381,2
13973,17,511,370,2
13990,17,516,363,4
14007,17,516,366,2
14023,17,516,373,2
14040,17,512,334,4
14057,17,514,360,4
14073,17,512,362,4
14090,17,510,374,2
14107,17,514,379,2
14123,17,506,370,2
14140,17,511,370,2
14156,17,500,371,2
14173,17,522,383,2
14190,17,508,48,0
14206,17,512,289,4
14223,17,508,147,1
14240,17,515,359,4
14256,17,516,352,4
14273,17,522,371,2
14290,17,516,360,4
14306,17,525,355,4
14323,17,527,374,2
14339,17,525,379,2
14356,17,523,365,2
14373,17,532,364,4
14389,17,524,363,4
14406,17,520,349,4
14423,17,520,367,2
14439,17,524,364,4
14456,17,530,387,2
14472,17,530,352,4
14489,17,525,366,2
14506,17,528,353,4
14522,17,526,369,2
14539,17,521,379,2
14556,17,524,382,2
14572,17,520,387,2
14589,17,501,632,3
14705,116,526,509,3
14722,17,506,29,0
14739,17,526,307,4
14755,17,529,366,2
14772,17,528,367,2
14789,17,530,348,4
14805,17,527,396,2
14822,17,532,387,2
14838,17,535,403,2
14855,17,531,361,4
14872,17,533,381,2
14888,17,531,386,2
14905,17,527,382,2
14922,17,533,389,2
14938,17,531,378,2
14955,17,529,384,2
14972,17,529,397,2
14988,17,526,379,2
15005,17,528,355,4
15021,17,536,370,2
15038,17,529,377,2
15055,17,533,387,2
15071,17,529,380,2
15088,17,536,381,2
15105,17,524,379,2
15121,17,520,392,2
15138,17,529,386,2
15155,17,522,392,2
15171,17,528,403,2
15188,17,528,387,2
15204,17,525,382,2
15221,17,520,378,2
15238,17,518,405,2
15254,17,527,399,2
15271,17,518,366,2
15288,17,523,381,2
15304,17,526,372,2
15321,17,524,377,2
15338,17,525,392,2
15354,17,525,379,2
15371,17,519,400,2
15387,17,524,384,2
15404,17,521,386,2
15421,17,526,377,2
15437,17,484,361,4
15454,17,470,351,4
15471,17,470,363,4
15487,17,471,352,4
15504,17,473,353,4
15521,17,471,336,4
15537,17,473,334,4
15554,17,476,338,4
15570,17,471,363,4
15587,17,461,365,2
15787,200,527,212,1
15820,33,524,309,4
15837,17,524,335,4
15853,17,523,321,4
15870,17,524,315,4
15886,17,522,344,4
15903,17,527,327,4
15920,17,529,337,4
15936,17,524,331,4
15953,17,530,341,4
15970,17,531,355,4
15986,17,528,337,4
16003,17,525,328,4
16020,17,531,351,4
16036,17,527,372,2
16053,17,531,343,4
16069,17,510,446,3
16086,17,491,429,3
16103,17,499,416,2
16119,17,509,457,3
16136,17,511,428,3
16153,17,517,426,3
16169,17,511,427,3
16186,17,513,433,3
16203,17,515,429,3
16219,17,518,444,3
16236,17,526,439,3
16252,17,520,440,3
16269,17,520,430,3
16286,17,521,424,3
16302,17,521,431,3
16319,17,511,437,3
16336,17,520,455,3
16352,17,520,404,2
16369,17,514,449,3
16386,17,517,404,2
16402,17,521,457,3
16419,17,515,385,2
16435,17,527,382,2
16452,17,533,381,2
16469,17,533,385,2
16485,17,532,374,2
16502,17,532,348,4
16519,17,530,361,4
16535,17,533,372,2
16552,17,527,357,4
16569,17,530,348,4
16585,17,533,353,4
16602,17,531,363,4
16618,17,514,380,2
16635,17,529,371,2
16652,17,529,376,2
16668,17,529,371,2
16685,17,527,363,4
16702,17,529,385,2
16718,17,541,335,4
16735,17,538,338,4
16751,17,536,363,4
16768,17,531,339,4
16785,17,534,347,4
16801,17,527,341,4
16818,17,534,353,4
16835,17,536,346,4
16851,17,535,352,4
16868,17,531,345,4
16885,17,536,319,4
16901,17,524,437,3
16918,17,520,412,2
16934,17,513,425,3
16951,17,509,440,3
16968,17,515,452,3
16984,17,509,411,2
17001,17,513,439,3
17068,67,511,438,3
17084,17,513,446,3
17101,17,508,437,3
17117,17,509,440,3
17134,17,510,434,3
17151,17,512,445,3
17167,17,514,439,3
17184,17,506,439,3
17201,17,506,451,3
17217,17,511,465,3
17234,17,509,463,3
17251,17,503,420,5
17267,17,493,428,3
17284,17,514,426,3
17300,17,508,430,3
17317,17,510,414,2
17334,17,503,419,5
17350,17,507,448,3
17367,17,507,455,3
17384,17,512,440,3
17400,17,501,417,5
17417,17,502,428,3
17434,17,500,457,3
17450,17,501,421,5
17467,17,500,424,3
17483,17,511,459,3
17500,17,510,442,3
17517,17,498,430,3
17533,17,499,433,3
17550,17,495,437,3
17567,17,502,426,3
17583,17,499,431,3
17600,17,500,435,3
17617,17,502,442,3
17633,17,503,437,3
17650,17,501,452,3
17666,17,504,448,3
17683,17,505,440,3
17700,17,507,443,3
17716,17,501,468,3
17733,17,495,468,3
17750,17,490,472,3
17766,17,502,453,3
17783,17,509,449,3
17800,17,502,461,3
17816,17,509,441,3
17833,17,515,454,3
17849,17,502,460,3
17866,17,504,440,3
17883,17,502,432,3
17899,17,495,430,3
17916,17,494,440,3
17933,17,492,433,3
17949,17,501,429,3
17966,17,495,427,3
17982,17,498,443,3
17999,17,496,457,3
18016,17,506,473,3
18032,17,501,456,3
18049,17,503,442,3
18066,17,498,452,3
18082,17,501,461,3
18099,17,510,455,3
18116,17,502,434,3
18132,17,500,434,3
18149,17,507,442,3
18165,17,507,458,3
18182,17,503,439,3
18199,17,502,432,3
18215,17,508,641,3
18332,116,513,543,3
18348,17,504,182,1
18365,17,502,381,2
18382,17,505,360,4
18398,17,507,410,2
18415,17,509,381,2
18432,17,511,399,2
18448,17,509,392,2
18465,17,504,377,2
18482,17,508,394,2
18498,17,506,383,2
18515,17,505,406,2
18531,17,505,366,2
18548,17,507,395,2
18565,17,507,389,2
18581,17,501,395,2
18598,17,509,388,2
18615,17,507,421,5
18631,17,515,402,2
18648,17,507,398,2
18665,17,510,394,2
18681,17,508,392,2
18698,17,512,394,2
18714,17,511,399,2
18731,17,512,392,2
18748,17,522,420,5
18764,17,511,404,2
18781,17,489,377,2
18798,17,483,355,4
18814,17,489,346,4
18831,17,491,354,4
18848,17,487,342,4
18864,17,485,334,4
18881,17,490,338,4
18897,17,488,330,4
18914,17,486,354,4
18931,17,489,355,4
18947,17,488,335,4
18964,17,500,333,4
18981,17,489,339,4
18997,17,492,329,4
19014,17,492,343,4
19030,17,493,354,4
19047,17,489,342,4
19064,17,496,357,4
19080,17,492,356,4
19097,17,491,354,4
19114,17,537,357,4
19197,83,537,334,4
19197,0,537,334,4
19213,17,550,446,3
19230,17,583,858,0
19280,50,526,384,2
19297,17,510,43,0
19313,17,528,302,4
19330,17,523,340,4
19347,17,530,352,4
19363,17,523,362,4
19380,17,521,352,4
19396,17,526,345,4
19413,17,533,340,4
19430,17,528,330,4
19446,17,530,317,4
19463,17,530,341,4
19480,17,529,337,4
19496,17,531,333,4
19513,17,518,351,4
19530,17,527,359,4
19546,17,504,361,4
19563,17,474,319,4
19579,17,471,344,4
19596,17,468,344,4
19613,17,473,341,4
19629,17,470,321,4
19646,17,462,332,4
19663,17,459,321,4
19679,17,461,348,4
19696,17,461,343,4
19713,17,461,339,4
19729,17,460,333,4
19746,17,459,337,4
19762,17,460,330,4
19779,17,462,320,4
19796,17,463,313,4
19812,17,469,332,4
19829,17,483,679,3
19929,100,459,300,4
19945,17,455,307,4
19962,17,458,304,4
19979,17,457,335,4
19995,17,456,336,4
20012,17,460,336,4
20029,17,455,327,4
20045,17,457,331,4
20062,17,458,346,4
20079,17,458,349,4
20095,17,461,353,4
20112,17,458,343,4
20128,17,458,347,4
20145,17,451,344,4
20162,17,296,619,3
20328,166,511,804,0
20345,17,485,102,0
20361,17,484,192,1
20378,17,499,331,4
20395,17,491,328,4
20411,17,492,345,4
20428,17,493,350,4
20444,17,491,356,4
20461,17,489,346,4
20478,17,492,341,4
20494,17,494,332,4
20511,17,490,335,4
20528,17,488,330,4
20544,17,488,344,4
20561,17,491,345,4
20578,17,486,334,4
20594,17,491,352,4
20611,17,487,355,4
20627,17,492,346,4
20644,17,493,354,4
20661,17,491,318,4
20677,17,491,345,4
20694,17,451,301,4
20711,17,471,299,4
20727,17,471,310,4
20744,17,450,283,0
20761,17,470,286,0
20777,17,472,273,0
20794,17,467,296,4
20810,17,473,280,0
20827,17,471,275,0
20844,17,471,267,0
20860,17,474,268,0
20877,17,476,297,4
20894,17,478,286,0
20910,17,463,311,4
20927,17,457,291,4
20944,17,461,300,4
20960,17,467,296,4
20977,17,455,297,4
20993,17,474,288,4
21010,17,458,277,0
21027,17,477,300,4
21043,17,464,290,4
21060,17,469,288,4
21077,17,462,293,4
21093,17,466,276,0
21110,17,462,291,4
21127,17,464,310,4
21143,17,463,313,4
21160,17,465,306,4
21176,17,463,293,4
21193,17,466,308,4
21210,17,466,295,4
21226,17,460,292,4
21243,17,466,306,4
21260,17,461,313,4
21276,17,460,302,4
21293,17,458,291,4
21309,17,462,293,4
21326,17,463,309,4
21343,17,461,329,4
21359,17,466,311,4
21592,233,467,63,0
21609,17,494,343,4
21626,17,506,359,4
21642,17,495,358,4
21659,17,498,368,2
21675,17,491,348,4
21692,17,500,371,2
21709,17,488,358,4
21725,17,486,348,4
21742,17,482,348,4
21759,17,495,352,4
21775,17,486,357,4
21792,17,492,391,2
21809,17,491,363,4
21825,17,499,345,4
21842,17,493,349,4
21858,17,494,355,4
21875,17,501,368,2
21892,17,500,379,2
21908,17,501,353,4
21925,17,488,379,2
21942,17,490,359,4
21958,17,489,338,4
21975,17,491,365,2
21992,17,485,369,2
22008,17,482,343,4
22025,17,480,343,4
22041,17,501,340,4
22058,17,494,366,2
22075,17,498,372,2
22091,17,499,373,2
22108,17,487,363,4
22125,17,544,394,2
22274,150,541,165,1
22291,17,555,261,0
22308,17,568,294,4
22324,17,570,327,4
22341,17,566,325,4
22358,17,569,315,4
22374,17,570,318,4
22391,17,568,323,4
22407,17,566,316,4
22424,17,561,330,4
22441,17,566,320,4
22457,17,558,321,4
22474,17,552,342,4
22491,17,564,349,4
22507,17,559,339,4
22524,17,558,339,4
22540,17,559,338,4
22557,17,559,349,4
22574,17,555,346,4
22590,17,552,342,4
22607,17,556,334,4
22624,17,557,358,4
22640,17,560,343,4
22657,17,555,330,4
22674,17,559,341,4
22690,17,555,342,4
22707,17,558,375,2
22723,17,555,333,4
22740,17,561,352,4
22757,17,557,339,4
22773,17,559,339,4
22790,17,556,351,4
22807,17,546,349,4
22823,17,554,345,4
22840,17,548,348,4
22857,17,544,321,4
22873,17,546,342,4
22890,17,547,353,4
22906,17,543,327,4
22923,17,549,343,4
22940,17,550,327,4
22956,17,543,339,4
22973,17,553,352,4
22990,17,547,358,4
23006,17,546,373,2
23023,17,543,351,4
23040,17,541,354,4
23056,17,546,352,4
23073,17,546,346,4
23089,17,546,357,4
23106,17,545,373,2
23123,17,545,358,4
23139,17,546,362,4
23156,17,544,377,2
23173,17,543,375,2
23189,17,550,373,2
23206,17,538,355,4
23223,17,543,369,2
23239,17,539,367,2
23256,17,538,356,4
23272,17,536,360,4
23289,17,544,365,2
23306,17,539,354,4
23322,17,542,359,4
23339,17,540,368,2
23356,17,544,386,2
23372,17,546,378,2
23389,17,545,386,2
23406,17,541,360,4
23422,17,537,358,4
23439,17,536,379,2
23455,17,537,360,4
23472,17,538,386,2
23489,17,541,385,2
23505,17,537,376,2
23522,17,536,375,2
23539,17,535,376,2
23555,17,519,422,3
23572,17,510,422,3
23588,17,517,456,3
23605,17,521,402,2
23622,17,515,428,3
23638,17,506,414,2
23655,17,519,428,3
23672,17,506,423,3
23688,17,518,432,3
23705,17,509,443,3
23722,17,509,417,5
23738,17,511,441,3
23755,17,514,430,3
23771,17,507,416,2
23788,17,511,421,5
23805,17,506,382,2
23821,17,493,360,4
23838,17,490,347,4
23855,17,489,339,4
23871,17,490,340,4
23888,17,487,346,4
23905,17,489,345,4
23921,17,491,365,2
23938,17,489,330,4
23954,17,488,329,4
23971,17,497,328,4
23988,17,491,315,4
24004,17,490,341,4
24021,17,494,340,4
24038,17,488,348,4
24054,17,496,357,4
24071,17,491,334,4
24088,17,504,374,2
24104,17,498,397,2
24121,17,505,409,2
24137,17,502,405,2
24154,17,505,392,2
24171,17,498,405,2
24187,17,505,393,2
24204,17,514,416,2
24221,17,505,401,2
24237,17,502,417,5
24254,17,492,412,2
24271,17,503,725,3
24420,150,505,448,3
24437,17,482,26,0
24454,17,513,353,4
24470,17,517,417,5
24487,17,511,430,3
24503,17,509,426,3
24520,17,519,407,2
24537,17,506,438,3
24553,17,504,434,3
24570,17,503,436,3
24587,17,512,427,3
24603,17,518,437,3
24620,17,508,423,3
24637,17,509,437,3
24653,17,506,422,3
24670,17,504,443,3
24686,17,489,410,2
24703,17,482,311,4
24720,17,491,301,4
24736,17,493,318,4
24753,17,491,318,4
24770,17,488,301,4
24786,17,491,292,4
24803,17,488,299,4
24819,17,491,305,4
24836,17,493,306,4
24853,17,497,313,4
24869,17,495,316,4
24886,17,495,298,4
24903,17,499,308,4
24919,17,495,299,4
24936,17,493,268,0
24953,17,491,314,4
24969,17,496,323,4
24986,17,498,317,4
25002,17,492,298,4
25019,17,498,294,4
25036,17,493,317,4
25052,17,503,286,0
25069,17,496,306,4
25086,17,496,301,4
25102,17,516,312,4
25119,17,548,297,4
25136,17,559,311,4
25152,17,558,301,4
25169,17,555,303,4
25185,17,557,316,4
25202,17,552,320,4
25219,17,550,302,4
25235,17,556,286,0
25252,17,561,287,0
25269,17,557,307,4
25285,17,547,274,0
25402,116,553,312,4
25418,17,556,370,2
25435,17,565,308,4
25452,17,557,323,4
25468,17,555,315,4
25485,17,572,315,4
25502,17,569,325,4
25518,17,565,334,4
25535,17,563,330,4
25551,17,563,328,4
25568,17,564,331,4
25585,17,566,337,4
25601,17,564,357,4
25618,17,557,332,4
25635,17,573,330,4
25651,17,560,334,4
25668,17,575,347,4
25685,17,573,331,4
25701,17,562,347,4
25718,17,560,322,4
25734,17,565,344,4
25751,17,554,318,4
25768,17,554,370,2
25784,17,558,364,4
25801,17,552,358,4
25818,17,539,328,4
25834,17,521,324,4
25851,17,524,327,4
25868,17,523,323,4
25884,17,514,334,4
25901,17,525,324,4
25917,17,517,319,4
25934,17,530,322,4
25951,17,520,330,4
25967,17,518,342,4
25984,17,518,320,4
26001,17,524,312,4
26017,17,525,321,4
26034,17,525,315,4
26050,17,525,323,4
26067,17,521,308,4
26084,17,525,324,4
26100,17,525,311,4
26117,17,533,328,4
26134,17,515,321,4
26150,17,526,338,4
26167,17,523,328,4
26184,17,521,314,4
26200,17,523,338,4
26217,17,522,315,4
26233,17,522,316,4
26250,17,508,635,3
26350,100,535,375,2
26367,17,534,380,2
26383,17,527,289,4
26400,17,541,340,4
26416,17,536,343,4
26433,17,545,369,2
26450,17,546,378,2
26466,17,548,370,2
26483,17,542,365,2
26500,17,554,336,4
26516,17,538,335,4
26533,17,540,342,4
26550,17,537,349,4
26566,17,536,340,4
26583,17,537,334,4
26599,17,539,335,4
26616,17,536,339,4
26633,17,529,356,4
26649,17,541,352,4
26666,17,541,350,4
26683,17,539,339,4
26699,17,536,369,2
26716,17,531,344,4
26733,17,533,363,4
26749,17,520,478,3
26899,150,515,719,3
26916,17,481,180,1
26932,17,491,318,4
26949,17,500,403,2
26965,17,499,390,2
26982,17,500,393,2
26999,17,498,400,2
27015,17,501,413,2
27032,17,498,389,2
27049,17,508,407,2
27065,17,501,383,2
27082,17,499,383,2
27098,17,500,413,2
27115,17,504,407,2
27132,17,503,421,5
27148,17,503,407,2
27165,17,509,419,5
27182,17,502,412,2
27198,17,504,396,2
27215,17,503,406,2
27232,17,501,410,2
27248,17,503,387,2
27265,17,499,389,2
27281,17,499,424,3
27298,17,501,387,2
27315,17,503,411,2
27331,17,506,396,2
27348,17,515,400,2
27365,17,510,405,2
27381,17,504,408,2
27398,17,503,405,2
27415,17,505,402,2
27431,17,510,407,2
27481,50,504,387,2
27498,17,493,368,2
27514,17,497,351,4
27531,17,496,374,2
27548,17,491,352,4
27564,17,491,349,4
27581,17,491,351,4
27598,17,488,356,4
27614,17,492,385,2
27631,17,495,379,2
27647,17,494,362,4
27664,17,490,354,4
27681,17,491,360,4
27697,17,487,377,2
27714,17,491,360,4
27731,17,490,354,4
27747,17,492,359,4
27764,17,493,379,2
27781,17,490,379,2
27797,17,489,390,2
27814,17,495,384,2
27830,17,505,468,3
27930,100,512,372,2
27947,17,495,329,4
27964,17,490,286,0
27980,17,507,353,4
27997,17,508,342,4
28013,17,502,341,4
28030,17,504,361,4
28047,17,506,365,2
28063,17,509,347,4
28080,17,510,343,4
28097,17,507,346,4
28113,17,508,349,4
28130,17,509,361,4
28147,17,504,349,4
28163,17,509,345,4
28180,17,512,339,4
28196,17,508,351,4
28213,17,509,373,2
28230,17,509,355,4
28246,17,512,375,2
28263,17,507,360,4
28280,17,510,366,2
28296,17,511,371,2
28313,17,511,366,2
28329,17,507,359,4
28346,17,553,1054,0
28463,116,591,961,0
28496,33,545,304,4
28512,17,552,344,4
28529,17,553,381,2
28546,17,552,378,2
28562,17,556,379,2
28579,17,553,363,4
28596,17,555,381,2
28612,17,549,383,2
28629,17,552,363,4
28646,17,554,384,2
28662,17,553,374,2
28679,17,555,393,2
28695,17,554,362,4
28712,17,546,370,2
28729,17,556,379,2
28745,17,556,371,2
28762,17,557,384,2
28779,17,555,369,2
28795,17,554,393,2
28812,17,556,392,2
28829,17,553,383,2
28845,17,561,379,2
28862,17,553,383,2
28878,17,556,390,2
28895,17,552,400,2
28912,17,555,379,2
28928,17,554,403,2
28945,17,554,364,4
28962,17,554,385,2
28978,17,554,391,2
28995,17,552,411,2
29012,17,556,395,2
29028,17,562,381,2
29045,17,555,388,2
29061,17,555,395,2
29078,17,557,394,2
29095,17,560,400,2
29111,17,556,384,2
29128,17,550,396,2
29145,17,550,389,2
29161,17,557,375,2
29178,17,559,401,2
29195,17,555,394,2
29211,17,557,396,2
29228,17,529,379,2
29244,17,536,370,2
29261,17,527,391,2
29278,17,529,376,2
29294,17,537,366,2
29311,17,536,379,2
29328,17,530,397,2
29344,17,533,368,2
29361,17,536,381,2
29377,17,535,373,2
29394,17,533,383,2
29411,17,533,401,2
29427,17,533,372,2
29444,17,529,381,2
29461,17,532,387,2
29477,17,536,401,2
29494,17,531,381,2
29511,17,533,385,2
29527,17,531,371,2
29544,17,532,393,2
29560,17,525,406,2
29577,17,528,396,2
29594,17,536,381,2
29610,17,534,387,2
29627,17,542,375,2
29644,17,526,394,2
29660,17,530,391,2
29677,17,525,398,2
29694,17,530,381,2
29710,17,523,404,2
29727,17,532,387,2
29743,17,528,382,2
29760,17,524,384,2
29777,17,530,389,2
29793,17,523,384,2
29810,17,527,414,2
29827,17,523,394,2
29843,17,523,380,2
29860,17,533,452,3
30010,150,512,523,3
30026,17,501,163,1
30043,17,505,328,4
30060,17,516,401,2
30076,17,521,389,2
30093,17,514,383,2
30109,17,509,394,2
30126,17,520,403,2
30143,17,518,405,2
30159,17,523,406,2
30176,17,526,404,2
30193,17,519,412,2
30209,17,536,388,2
30226,17,515,399,2
30243,17,516,396,2
30259,17,520,415,2
30276,17,520,412,2
30292,17,512,418,5
30309,17,528,392,2
30326,17,518,420,5
30342,17,520,404,2
30359,17,523,395,2
30376,17,519,405,2
30392,17,516,412,2
30409,17,514,416,2
30426,17,522,413,2
30442,17,520,400,2
30459,17,517,424,3
30475,17,522,391,2
30492,17,521,382,2
30509,17,518,394,2
30525,17,522,403,2
30542,17,518,391,2
30559,17,524,410,2
30575,17,521,391,2
30592,17,516,376,2
30608,17,520,399,2
30625,17,521,395,2
30642,17,519,390,2
30658,17,520,421,5
30675,17,513,390,2
30825,150,480,225,1
30841,17,493,416,2
30858,17,493,450,3
30875,17,493,447,3
30891,17,498,476,3
30908,17,498,465,3
30925,17,506,455,3
30941,17,488,461,3
30958,17,506,479,3
30974,17,513,484,3
30991,17,493,460,3
31008,17,499,464,3
31024,17,505,474,3
31041,17,486,459,3
31058,17,498,471,3
31074,17,494,456,3
31091,17,496,470,3
31108,17,489,480,3
31124,17,497,465,3
31141,17,495,456,3
31157,17,500,470,3
31174,17,442,581,3
31324,150,508,948,0
31340,17,476,168,1
31357,17,490,302,4
31374,17,494,360,4
31390,17,490,366,2
31407,17,495,381,2
31424,17,493,394,2
31440,17,494,363,4
31457,17,495,367,2
31474,17,495,366,2
31490,17,497,357,4
31507,17,493,377,2
31523,17,496,402,2
31540,17,494,360,4
31557,17,498,390,2
31573,17,491,388,2
31590,17,501,387,2
31607,17,504,395,2
31623,17,497,390,2
31640,17,504,362,4
31656,17,496,369,2
31673,17,502,372,2
31690,17,504,389,2
31706,17,501,388,2
31723,17,505,371,2
31740,17,502,395,2
31756,17,503,383,2
31773,17,503,381,2
31790,17,500,382,2
31806,17,504,368,2
31823,17,509,350,4
31839,17,507,386,2
31856,17,503,373,2
31873,17,508,360,4
31889,17,507,385,2
31906,17,507,398,2
31923,17,502,396,2
32089,166,533,210,1
32106,17,506,31,0
32122,17,520,344,4
32139,17,527,366,2
32156,17,523,367,2
32172,17,528,387,2
32189,17,522,388,2
32205,17,524,397,2
32222,17,523,376,2
32239,17,523,379,2
32255,17,525,398,2
32272,17,526,377,2
32289,17,525,387,2
32305,17,524,394,2
32322,17,524,408,2
32339,17,521,418,5
32355,17,521,374,2
32372,17,524,393,2
32388,17,527,394,2
32405,17,526,391,2
32422,17,524,402,2
32438,17,524,399,2
32455,17,525,386,2
32472,17,522,387,2
32488,17,525,396,2
32505,17,529,386,2
32522,17,525,392,2
32538,17,530,397,2
32555,17,522,418,5
32571,17,516,372,2
32588,17,528,380,2
32605,17,522,399,2
32621,17,535,402,2
32638,17,523,392,2
32655,17,527,404,2
32671,17,530,385,2
32688,17,530,401,2
32705,17,530,395,2
32721,17,524,400,2
32738,17,525,416,2
32754,17,528,381,2
32771,17,525,400,2
32788,17,522,424,3
32804,17,524,381,2
32821,17,526,418,5
32838,17,523,403,2
32854,17,522,396,2
32871,17,521,424,3
32887,17,525,416,2
32904,17,528,409,2
32921,17,523,406,2
32937,17,524,409,2
32954,17,528,412,2
32971,17,527,413,2
32987,17,528,399,2
33004,17,521,408,2
33021,17,521,398,2
33037,17,523,401,2
33054,17,533,412,2
33070,17,527,422,3
33087,17,523,418,5
33104,17,525,407,2
33120,17,522,428,3
33137,17,529,422,3
33154,17,522,409,2
33170,17,520,412,2
33187,17,522,405,2
33204,17,522,393,2
33220,17,519,399,2
33237,17,518,385,2
33253,17,529,561,3
33387,133,549,720,3
33403,17,526,193,1
33420,17,537,291,4
33436,17,541,343,4
33453,17,541,310,4
33470,17,539,358,4
33486,17,533,348,4
33503,17,539,361,4
33520,17,525,332,4
33536,17,538,357,4
33553,17,538,344,4
33570,17,547,352,4
33586,17,538,353,4
33603,17,529,336,4
33619,17,537,330,4
33636,17,536,353,4
33653,17,527,361,4
33669,17,533,376,2
33686,17,535,343,4
33703,17,549,355,4
33719,17,532,363,4
33736,17,530,335,4
33753,17,525,344,4
33769,17,536,356,4
33786,17,531,346,4
33802,17,541,359,4
33819,17,540,364,4
33836,17,542,343,4
33886,50,544,365,2
33902,17,538,375,2
33919,17,539,342,4
33936,17,542,356,4
33952,17,531,367,2
33969,17,538,357,4
33985,17,541,370,2
34002,17,540,342,4
34019,17,538,364,4
34035,17,538,354,4
34052,17,548,364,4
34069,17,539,362,4
34085,17,543,351,4
34102,17,544,352,4
34118,17,533,365,2
34135,17,533,358,4
34152,17,544,358,4
34168,17,540,353,4
34185,17,538,377,2
34202,17,535,359,4
34218,17,522,376,2
34235,17,509,388,2
34252,17,515,374,2
34268,17,515,362,4
34285,17,508,394,2
34301,17,509,374,2
34318,17,513,373,2
34335,17,515,379,2
34351,17,519,364,4
34368,17,510,373,2
34385,17,517,362,4
34401,17,513,369,2
34418,17,506,365,2
34435,17,508,364,4
34451,17,511,378,2
34468,17,515,358,4
34484,17,512,387,2
34501,17,521,376,2
34518,17,511,369,2
34534,17,518,361,4
34551,17,516,381,2
34568,17,510,355,4
34584,17,509,384,2
34601,17,516,391,2
34618,17,510,368,2
34634,17,493,353,4
34651,17,431,907,0
34817,166,553,353,4
34917,100,530,358,4
34917,0,530,358,4
34934,17,530,342,4
34950,17,528,370,2
34967,17,526,360,4
34984,17,533,363,4
35000,17,529,342,4
35017,17,535,371,2
35033,17,533,362,4
35050,17,530,370,2
35067,17,532,364,4
35083,17,532,349,4
35100,17,534,359,4
35117,17,531,382,2
35133,17,531,367,2
35150,17,534,374,2
35166,17,533,376,2
35183,17,534,374,2
35200,17,533,379,2
35216,17,534,359,4
35233,17,537,384,2
35250,17,539,362,4
35266,17,522,384,2
35283,17,480,370,2
35300,17,487,358,4
35316,17,474,372,2
35333,17,471,362,4
35349,17,474,338,4
35366,17,473,369,2
35383,17,476,343,4
35399,17,475,339,4
35416,17,479,369,2
35433,17,476,370,2
35449,17,473,365,2
35466,17,474,332,4
35483,17,476,369,2
35499,17,477,392,2
35516,17,487,364,4
35532,17,474,367,2
35549,17,479,342,4
35566,17,478,354,4
35582,17,471,358,4
35599,17,471,359,4
35616,17,500,406,2
35632,17,491,411,2
35649,17,498,399,2
35666,17,497,389,2
35682,17,498,395,2
35699,17,493,395,2
35715,17,488,399,2
35732,17,488,399,2
35749,17,492,393,2
35765,17,507,451,3
35782,17,504,432,3
35799,17,499,432,3
35815,17,496,422,3
35832,17,499,438,3
35849,17,489,417,5
35865,17,498,425,3
35882,17,494,423,3
35898,17,505,434,3
35915,17,496,418,5
35932,17,502,432,3
35948,17,498,424,3
35965,17,493,414,2
35982,17,495,414,2
35998,17,495,425,3
36015,17,499,404,2
36032,17,502,440,3
36048,17,498,438,3
36065,17,493,414,2
36081,17,495,417,5
36098,17,501,431,3
36115,17,498,431,3
36131,17,494,414,2
36148,17,499,428,3
36165,17,507,436,3
36181,17,498,438,3
36198,17,505,436,3
36215,17,499,431,3
36231,17,506,413,2
36248,17,507,421,5
36264,17,506,342,4
36281,17,507,336,4
36298,17,511,350,4
36314,17,511,364,4
36331,17,508,362,4
36348,17,513,366,2
36364,17,509,349,4
36381,17,514,338,4
36397,17,509,354,4
36414,17,511,350,4
36431,17,512,335,4
36447,17,512,343,4
36464,17,516,345,4
36481,17,518,338,4
36497,17,515,355,4
36514,17,514,364,4
36531,17,512,348,4
36547,17,510,339,4
36564,17,525,373,2
36580,17,519,566,3
36747,166,533,589,3
36763,17,518,82,0
36780,17,524,273,0
36797,17,529,318,4
36813,17,527,310,4
36830,17,529,334,4
36847,17,535,324,4
36863,17,526,321,4
36880,17,536,325,4
36897,17,531,321,4
36913,17,529,346,4
36930,17,529,351,4
36946,17,525,355,4
36963,17,531,326,4
36980,17,526,343,4
36996,17,525,334,4
37013,17,521,331,4
37030,17,527,327,4
37046,17,527,321,4
37063,17,526,341,4
37080,17,528,336,4
37096,17,530,337,4
37113,17,531,331,4
37129,17,528,350,4
37146,17,533,351,4
37163,17,528,361,4
37179,17,497,365,2
37196,17,470,333,4
37213,17,467,347,4
37229,17,469,373,2
37246,17,470,342,4
37263,17,471,354,4
37279,17,469,351,4
37296,17,468,343,4
37312,17,471,355,4
37329,17,473,338,4
37346,17,471,355,4
37362,17,469,330,4
37379,17,472,367,2
37396,17,469,355,4
37412,17,465,352,4
37429,17,471,372,2
37445,17,468,329,4
37462,17,471,365,2
37479,17,471,325,4
37495,17,468,335,4
37512,17,470,349,4
37529,17,468,357,4
37545,17,289,551,3
37778,233,512,318,4
37795,17,469,138,1
37811,17,502,300,4
37828,17,509,339,4
37845,17,499,361,4
37861,17,499,365,2
37878,17,505,384,2
37895,17,502,362,4
37911,17,504,359,4
37928,17,506,344,4
37945,17,499,363,4
37961,17,509,361,4
37978,17,512,353,4
37994,17,508,362,4
38011,17,499,382,2
38028,17,496,403,2
38044,17,503,372,2
38061,17,507,382,2
38078,17,498,368,2
38094,17,501,357,4
38111,17,501,378,2
38128,17,506,361,4
38144,17,500,369,2
38161,17,499,370,2
38177,17,500,362,4
38194,17,501,359,4
38211,17,500,372,2
38227,17,502,375,2
38244,17,507,356,4
38261,17,505,356,4
38277,17,507,364,4
38294,17,502,376,2
38311,17,502,374,2
38327,17,503,350,4
38344,17,504,355,4
38360,17,499,364,4
38377,17,503,360,4
38394,17,505,370,2
38410,17,500,373,2
38427,17,500,342,4
38444,17,499,349,4
38460,17,501,383,2
38477,17,499,356,4
38494,17,496,385,2
38510,17,498,385,2
38527,17,500,362,4
38543,17,499,353,4
38560,17,500,356,4
38577,17,497,380,2
38593,17,497,357,4
38610,17,501,383,2
38627,17,504,386,2
38643,17,499,368,2
38660,17,504,343,4
38826,166,465,196,1
38843,17,465,30,0
38859,17,477,320,4
38876,17,475,408,2
38893,17,476,392,2
38909,17,484,387,2
38926,17,481,411,2
38943,17,484,387,2
38959,17,485,383,2
38976,17,482,379,2
38993,17,481,378,2
39009,17,487,384,2
39026,17,481,386,2
39042,17,486,403,2
39059,17,479,384,2
39076,17,480,402,2
39092,17,487,396,2
39109,17,484,395,2
39126,17,482,398,2
39142,17,485,390,2
39159,17,487,382,2
39176,17,486,387,2
39192,17,487,391,2
39209,17,489,390,2
39225,17,495,361,4
39242,17,496,358,4
39259,17,498,364,4
39275,17,499,370,2
39292,17,497,347,4
39309,17,498,348,4
39325,17,499,357,4
39342,17,500,345,4
39359,17,504,347,4
39375,17,502,371,2
39392,17,502,368,2
39408,17,503,355,4
39425,17,502,350,4
39442,17,503,351,4
39458,17,503,347,4
39475,17,502,371,2
39492,17,504,344,4
39508,17,510,354,4
39525,17,505,363,4
39542,17,505,370,2
39558,17,505,371,2
39575,17,514,363,4
39591,17,503,367,2
39608,17,508,382,2
39625,17,507,366,2
39641,17,509,369,2
39658,17,514,371,2
39675,17,517,380,2
39691,17,520,376,2
39708,17,520,387,2
39724,17,516,384,2
39741,17,514,395,2
39758,17,517,374,2
39774,17,516,376,2
39791,17,512,396,2
39808,17,512,381,2
39824,17,513,377,2
39858,33,520,382,2
39874,17,512,378,2
39891,17,536,377,2
39907,17,552,384,2
39924,17,551,377,2
39941,17,545,357,4
39957,17,542,387,2
39974,17,548,375,2
39991,17,544,367,2
40007,17,542,368,2
40024,17,543,370,2
40041,17,539,393,2
40057,17,638,461,3
40074,17,697,492,3
40090,17,674,494,3
40107,17,686,516,3
40124,17,675,480,3
40140,17,686,508,3
40157,17,686,508,3
40174,17,679,524,3
40190,17,690,506,3
40207,17,678,496,3
40224,17,690,505,3
40240,17,684,483,3
40257,17,690,477,3
40273,17,692,471,3
40290,17,678,472,3
40307,17,686,498,3
40323,17,694,488,3
40340,17,692,470,3
40357,17,698,488,3
40373,17,686,465,3
40390,17,689,491,3
40407,17,700,502,3
40423,17,693,489,3
40440,17,687,488,3
40456,17,687,509,3
40473,17,695,519,3
40490,17,645,473,3
40506,17,561,4,0
40623,116,475,289,4
40656,33,538,247,1
40673,17,531,327,4
40689,17,527,297,4
40706,17,535,299,4
40723,17,536,313,4
40739,17,534,342,4
40756,17,524,322,4
40773,17,524,316,4
40789,17,528,340,4
40806,17,533,327,4
40822,17,526,313,4
40839,17,527,341,4
40856,17,523,348,4
40872,17,523,357,4
40889,17,525,350,4
40906,17,529,328,4
40922,17,565,363,4
40939,17,625,395,2
40955,17,659,454,3
40972,17,697,495,3
40989,17,687,501,3
41005,17,700,494,3
41022,17,697,495,3
41039,17,687,488,3
41055,17,698,461,3
41072,17,685,490,3
41089,17,690,500,3
41105,17,687,505,3
41122,17,700,493,3
41138,17,693,497,3
41155,17,692,503,3
41172,17,701,510,3
41188,17,687,489,3
41205,17,696,487,3
41222,17,689,479,3
41238,17,700,480,3
41255,17,721,453,3
41272,17,696,477,3
41288,17,694,420,3
41305,17,687,381,2
41321,17,691,361,0
41338,17,689,379,2
41355,17,689,377,2
41371,17,688,385,2
41388,17,684,405,2
41405,17,685,373,2
41421,17,683,403,2
41438,17,689,372,2
41455,17,717,334,0
41471,17,741,299,0
41488,17,747,242,0
41504,17,752,242,0
41521,17,755,227,0
41538,17,757,223,0
41554,17,758,203,0
41571,17,755,246,0
41588,17,752,223,0
41604,17,752,273,0
41621,17,755,227,0
41638,17,754,261,0
41654,17,753,245,0
41671,17,753,268,0
41687,17,755,224,0
41704,17,750,232,0
41721,17,751,248,0
41737,17,757,252,0
41754,17,754,257,0
41771,17,717,203,1
41787,17,666,226,1
41804,17,601,224,1
41821,17,492,257,1
41837,17,422,289,4
41854,17,425,262,0
41870,17,401,283,0
41887,17,411,288,0
41904,17,401,290,0
41920,17,408,278,0
41937,17,396,282,0
41954,17,412,295,0
41970,17,406,259,1
41987,17,405,279,0
42003,17,405,270,0
42020,17,406,299,0
42037,17,406,278,0
42053,17,403,261,0
42070,17,405,270,0
42087,17,403,276,0
42103,17,401,281,0
42120,17,406,281,0
42137,17,404,280,0
42153,17,405,274,0
42170,17,405,308,0
42186,17,397,278,0
42203,17,400,288,0
42220,17,395,307,0
42236,17,399,301,0
42253,17,391,293,0
42270,17,395,280,0
42286,17,394,301,0
42303,17,396,280,0
42320,17,400,338,0
42336,17,415,369,2
42353,17,412,407,2
42369,17,414,373,2
42386,17,417,380,2
42403,17,413,391,2
42419,17,414,386,2
42436,17,400,383,2
42453,17,411,374,2
42469,17,414,366,2
42486,17,408,370,2
42503,17,409,369,2
42519,17,410,379,2
42536,17,419,380,2
42552,17,424,379,2
42569,17,412,393,2
42586,17,415,347,0
42602,17,411,360,0
42619,17,401,374,2
42636,17,485,375,2
42652,17,506,373,2
42669,17,501,360,4
42686,17,502,378,2
42702,17,502,388,2
42719,17,503,355,4
42735,17,507,373,2
42752,17,504,380,2
42769,17,502,378,2
42785,17,503,386,2
42802,17,505,419,5
42952,150,526,911,0
42968,17,480,26,0
42985,17,506,266,0
43002,17,514,314,4
43018,17,519,330,4
43035,17,514,352,4
43052,17,517,359,4
43068,17,513,344,4
43085,17,515,339,4
43101,17,519,351,4
43118,17,514,363,4
43135,17,509,349,4
43151,17,514,331,4
43168,17,515,350,4
43185,17,512,357,4
43201,17,514,357,4
43218,17,511,351,4
43234,17,509,355,4
43251,17,512,356,4
43268,17,515,351,4
43284,17,507,361,4
43301,17,513,382,2
43318,17,527,388,2
43334,17,510,369,2
43351,17,524,356,4
43368,17,516,348,4
43384,17,522,361,4
43401,17,511,360,4
43417,17,515,347,4
43434,17,514,331,4
43451,17,513,346,4
43467,17,513,355,4
43484,17,515,358,4
43501,17,513,354,4
43517,17,513,340,4
43534,17,512,320,4
43551,17,510,336,4
43567,17,514,362,4
43584,17,512,335,4
43600,17,516,335,4
43617,17,514,348,4
43634,17,512,348,4
43650,17,519,338,4
43667,17,514,336,4
43684,17,515,365,2
43700,17,488,368,2
43717,17,494,385,2
43734,17,492,378,2
43750,17,497,382,2
43767,17,492,352,4
43783,17,482,379,2
43800,17,491,381,2
43817,17,491,347,4
43833,17,490,361,4
43850,17,488,358,4
43867,17,489,369,2
43883,17,485,369,2
43900,17,488,379,2
43917,17,480,363,4
43933,17,489,371,2
43950,17,488,371,2
43966,17,482,382,2
43983,17,483,356,4
44000,17,486,395,2
44016,17,491,400,2
44033,17,495,397,2
44050,17,491,391,2
44066,17,489,366,2
44083,17,478,312,4
44100,17,468,282,0
44116,17,473,297,4
44133,17,487,271,0
44149,17,482,292,4
44166,17,475,286,0
44183,17,473,284,0
44199,17,482,273,0
44216,17,486,272,0
44233,17,485,272,0
44249,17,478,271,0
44266,17,473,274,0
44283,17,481,282,0
44299,17,475,296,4
44316,17,482,269,0
44332,17,475,297,4
44349,17,476,279,0
44366,17,477,293,4
44382,17,481,278,0
44399,17,474,284,0
44416,17,473,282,0
44432,17,474,308,4
44449,17,480,280,0
44465,17,480,280,0
44482,17,479,275,0
44499,17,481,292,4
44515,17,477,276,0
44532,17,475,304,4
44549,17,490,713,3
44682,133,526,530,3
44698,17,471,87,0
44715,17,480,265,0
44732,17,482,343,4
44748,17,487,341,4
44765,17,492,361,4
44782,17,480,346,4
44798,17,486,345,4
44815,17,486,342,4
44831,17,485,355,4
44848,17,483,332,4
44865,17,486,366,2
44881,17,483,355,4
44898,17,481,367,2
44915,17,480,369,2
44931,17,486,376,2
44948,17,485,367,2
44965,17,490,343,4
44981,17,481,352,4
44998,17,484,348,4
45014,17,481,376,2
45031,17,483,369,2
45048,17,487,359,4
45064,17,486,345,4
45081,17,475,367,2
45098,17,489,378,2
45114,17,491,367,2
45131,17,491,378,2
45148,17,484,367,2
45164,17,485,355,4
45181,17,489,372,2
45197,17,489,371,2
45214,17,480,359,4
45231,17,484,364,4
45247,17,486,370,2
45264,17,495,363,4
45281,17,486,349,4
45297,17,492,352,4
45314,17,483,372,2
45331,17,488,367,2
45347,17,496,371,2
45364,17,496,375,2
45380,17,488,383,2
45397,17,488,374,2
45414,17,482,381,2
45430,17,481,352,4
45447,17,488,370,2
45464,17,495,380,2
45480,17,493,369,2
45497,17,504,377,2
45513,17,507,412,2
45530,17,510,416,2
45547,17,511,394,2
45563,17,513,408,2
45580,17,504,421,5
45597,17,509,415,2
45613,17,515,404,2
45630,17,509,426,3
45647,17,514,398,2
45663,17,501,384,2
45680,17,511,396,2
45696,17,508,429,3
45713,17,507,412,2
45730,17,512,402,2
45746,17,508,402,2
45763,17,512,395,2
45780,17,498,422,3
45796,17,500,412,2
45813,17,500,414,2
45830,17,495,422,3
45846,17,491,403,2
45863,17,498,422,3
45879,17,497,406,2
45896,17,503,406,2
45913,17,494,409,2
45929,17,498,411,2
45946,17,502,401,2
45963,17,505,390,2
45979,17,496,405,2
45996,17,500,395,2
46013,17,501,412,2
46029,17,492,414,2
46046,17,498,405,2
46062,17,499,419,5
46079,17,493,420,5
46096,17,495,396,2
46112,17,494,405,2
46129,17,502,408,2
46146,17,497,418,5
46162,17,495,410,2
46179,17,497,440,3
46196,17,497,421,5
46212,17,498,414,2
46229,17,498,401,2
46245,17,507,416,2
46262,17,496,417,5
46279,17,491,421,5
46295,17,497,423,3
46312,17,489,422,3
46329,17,497,406,2
46345,17,497,417,5
46362,17,495,419,5
46379,17,489,427,3
46395,17,501,420,5
46412,17,501,415,2
46428,17,489,431,3
46445,17,493,419,5
46462,17,494,414,2
46478,17,488,420,5
46495,17,491,419,5
46512,17,493,439,3
46528,17,489,431,3
46545,17,485,420,5
46562,17,490,402,2
46578,17,494,416,2
46595,17,499,429,3
46611,17,492,427,3
46628,17,499,440,3
46645,17,501,422,3
46661,17,501,427,3
46678,17,496,438,3
46695,17,497,429,3
46711,17,491,411,2
46728,17,456,435,3
46844,116,487,729,3
46861,17,457,78,0
46878,17,467,293,4
46894,17,477,410,2
46911,17,481,397,2
46927,17,477,391,2
46944,17,481,386,2
46961,17,478,379,2
46977,17,479,410,2
46994,17,476,398,2
47011,17,484,397,2
47027,17,481,388,2
47044,17,473,401,2
47061,17,486,389,2
47077,17,481,382,2
47094,17,480,406,2
47110,17,489,400,2
47127,17,477,401,2
47144,17,483,381,2
47160,17,486,402,2
47177,17,486,398,2
47194,17,488,416,2
47210,17,475,389,2
47227,17,481,399,2
47244,17,485,385,2
47260,17,482,394,2
47277,17,481,394,2
47293,17,480,393,2
47310,17,485,382,2
47327,17,485,397,2
47343,17,485,384,2
47360,17,489,392,2
47377,17,485,386,2
47393,17,495,396,2
47410,17,483,368,2
47427,17,497,369,2
47443,17,526,382,2
47460,17,526,361,4
47476,17,521,358,4
47493,17,517,353,4
47510,17,524,365,2
47526,17,518,378,2
47543,17,524,363,4
47560,17,519,389,2
47576,17,512,353,4
47593,17,528,371,2
47610,17,511,380,2
47626,17,518,389,2
47643,17,518,379,2
47659,17,516,374,2
47676,17,509,369,2
47693,17,522,352,4
47709,17,516,345,4
47726,17,511,383,2
47743,17,513,376,2
47759,17,504,395,2
47776,17,503,399,2
47792,17,505,395,2
47809,17,502,407,2
47826,17,505,412,2
47842,17,504,405,2
47859,17,501,427,3
47876,17,507,415,2
47892,17,508,405,2
47909,17,509,400,2
47926,17,507,401,2
47942,17,508,403,2
47959,17,505,403,2
47975,17,506,391,2
47992,17,504,400,2
48009,17,506,419,5
48025,17,507,391,2
48042,17,506,401,2
48225,183,610,322,4
48242,17,630,348,0
48258,17,640,340,0
48275,17,640,363,0
48292,17,635,356,0
48308,17,634,361,0
48325,17,636,365,2
48341,17,639,345,0
48358,17,639,355,0
48375,17,638,352,0
48391,17,634,360,0
48408,17,636,353,0
48425,17,632,329,0
48441,17,638,356,0
48458,17,551,341,4
48475,17,484,335,4
48491,17,489,318,4
48508,17,478,321,4
48524,17,487,335,4
48541,17,486,322,4
48558,17,479,337,4
48574,17,481,325,4
48591,17,485,338,4
48608,17,482,345,4
48624,17,485,335,4
48641,17,491,330,4
48658,17,491,327,4
48674,17,486,339,4
48691,17,490,319,4
48707,17,484,368,2
48724,17,497,357,4
48741,17,494,336,4
48757,17,485,350,4
48774,17,477,341,4
48791,17,494,329,4
48807,17,484,336,4
48824,17,531,989,0
49073,250,553,528,3
49090,17,524,276,0
49107,17,521,288,4
49123,17,515,320,4
49140,17,515,336,4
49157,17,522,329,4
49173,17,517,330,4
49190,17,520,340,4
49206,17,518,349,4
49223,17,513,326,4
49240,17,516,355,4
49256,17,513,335,4
49273,17,515,328,4
49290,17,514,317,4
49306,17,506,340,4
49323,17,493,345,4
49340,17,490,346,4
49356,17,498,354,4
49373,17,487,334,4
49389,17,463,276,0
49406,17,487,343,4
49423,17,493,368,2
49439,17,494,349,4
49456,17,495,367,2
49473,17,495,372,2
49706,233,538,246,1
49722,17,523,338,4
49739,17,541,246,1
49755,17,550,323,4
49772,17,541,386,2
49789,17,539,340,4
49805,17,549,342,4
49822,17,548,360,4
49839,17,541,360,4
49855,17,547,341,4
49872,17,543,336,4
49889,17,540,341,4
49905,17,539,353,4
49922,17,541,368,2
49938,17,542,373,2
49955,17,544,367,2
49972,17,529,367,2
49988,17,538,375,2
50005,17,541,369,2
50022,17,541,360,4
50038,17,542,346,4
50055,17,545,354,4
50071,17,540,368,2
50088,17,545,362,4
50105,17,536,372,2
50121,17,541,352,4
50138,17,548,391,2
50155,17,542,358,4
50171,17,544,369,2
50188,17,543,371,2
50205,17,545,360,4
50221,17,543,379,2
50238,17,544,340,4
50254,17,544,361,4
50271,17,551,385,2
50288,17,544,358,4
50304,17,549,353,4
50321,17,546,383,2
50338,17,550,360,4
50354,17,549,372,2
50371,17,547,350,4
50388,17,552,369,2
50404,17,547,371,2
50421,17,543,359,4
50437,17,541,356,4
50454,17,541,357,4
50471,17,538,350,4
50487,17,538,359,4
50504,17,506,380,2
50521,17,487,325,4
50537,17,478,346,4
50554,17,482,343,4
50571,17,480,336,4
50587,17,482,360,4
50604,17,479,357,4
50620,17,475,359,4
50637,17,482,335,4
50654,17,490,368,2
50670,17,491,362,4
50687,17,487,348,4
50704,17,486,365,2
50720,17,477,351,4
50737,17,487,360,4
50754,17,487,338,4
50770,17,488,353,4
50787,17,478,366,2
50803,17,493,358,4
50820,17,480,357,4
50837,17,483,349,4
50853,17,483,347,4
50870,17,476,335,4
50887,17,486,325,4
50903,17,488,354,4
50920,17,493,364,4
50937,17,481,366,2
50953,17,484,380,2
50970,17,487,397,2
50986,17,489,373,2
51003,17,478,352,4
51020,17,482,376,2
51036,17,486,378,2
51053,17,483,341,4
51070,17,480,372,2
51086,17,483,354,4
51103,17,480,369,2
51120,17,486,372,2
51136,17,486,367,2
51153,17,482,358,4
51169,17,491,346,4
51186,17,486,352,4
51203,17,478,353,4
51219,17,481,369,2
51236,17,488,340,4
51253,17,487,340,4
51269,17,481,352,4
51286,17,486,360,4
51302,17,491,340,4
51319,17,480,357,4
51336,17,480,330,4
51352,17,484,352,4
51369,17,482,363,4
51386,17,480,453,3
51535,150,526,704,3
51552,17,519,99,0
51585,33,511,286,0
51602,17,508,331,4
51619,17,505,338,4
51635,17,511,315,4
51652,17,511,331,4
51668,17,511,324,4
51685,17,514,339,4
51702,17,516,343,4
51735,33,513,324,4
51735,0,513,324,4
51752,17,518,325,4
51768,17,520,332,4
51785,17,513,346,4
51802,17,515,332,4
51818,17,513,348,4
51835,17,511,328,4
51851,17,514,340,4
51868,17,509,338,4
51885,17,512,374,2
51901,17,512,389,2
51918,17,517,412,2
51935,17,518,394,2
51951,17,515,376,2
51968,17,510,398,2
51985,17,509,391,2
52001,17,506,394,2
52018,17,507,403,2
52034,17,525,415,2
52051,17,513,398,2
52068,17,512,383,2
52084,17,514,408,2
52101,17,510,387,2
52118,17,515,374,2
52134,17,516,377,2
52151,17,502,399,2
52168,17,511,378,2
52184,17,512,339,4
52201,17,524,332,4
52217,17,520,327,4
52234,17,526,301,4
52251,17,516,324,4
52267,17,527,312,4
52284,17,532,313,4
52301,17,529,303,4
52317,17,528,325,4
52334,17,527,306,4
52350,17,529,326,4
52367,17,531,333,4
52384,17,525,320,4
52400,17,524,318,4
52417,17,525,326,4
52434,17,492,315,4
52450,17,488,298,4
52467,17,487,310,4
52484,17,488,309,4
52500,17,484,293,4
52517,17,481,303,4
52533,17,485,287,0
52550,17,483,308,4
52567,17,486,322,4
52583,17,484,286,0
52600,17,484,333,4
52617,17,483,316,4
52633,17,474,297,4
52650,17,449,307,4
52667,17,448,302,4
52683,17,446,316,4
52700,17,446,288,4
52716,17,447,304,4
52733,17,450,340,4
52750,17,451,310,4
52766,17,446,292,4
52783,17,446,328,4
52800,17,450,320,4
52816,17,449,319,4
52833,17,447,316,4
52850,17,452,322,4
52866,17,450,305,4
52883,17,449,321,4
52899,17,449,329,4
52916,17,448,312,4
52933,17,449,320,4
52949,17,448,330,4
52966,17,325,194,1
53099,133,498,241,1
53116,17,497,11,0
53132,17,511,314,4
53149,17,512,396,2
53166,17,515,381,2
53182,17,519,393,2
53199,17,520,382,2
53216,17,512,364,4
53232,17,518,382,2
53249,17,513,361,4
53265,17,510,388,2
53282,17,522,386,2
53299,17,513,398,2
53315,17,513,381,2
53332,17,514,384,2
53349,17,515,353,4
53365,17,512,362,4
53382,17,515,393,2
53399,17,515,425,3
53415,17,510,392,2
53432,17,517,427,3
53448,17,513,415,2
53465,17,516,418,5
53482,17,507,409,2
53498,17,512,388,2
53515,17,518,381,2
53532,17,529,397,2
53548,17,523,383,2
53565,17,530,423,3
53581,17,517,392,2
53598,17,520,381,2
53615,17,518,418,5
53631,17,519,405,2
53648,17,519,411,2
53665,17,522,410,2
53681,17,538,413,2
53698,17,510,421,5
53715,17,509,413,2
53731,17,518,409,2
53748,17,518,417,5
53764,17,511,420,5
53781,17,526,414,2
53798,17,517,425,3
53814,17,520,419,5
53831,17,515,412,2
53848,17,519,420,5
53864,17,524,401,2
53881,17,514,415,2
53898,17,513,425,3
53914,17,506,403,2
53931,17,512,408,2
53947,17,502,359,4
53964,17,506,377,2
53981,17,497,363,4
53997,17,504,365,2
54014,17,495,371,2
54031,17,507,358,4
54047,17,506,354,4
54064,17,499,374,2
54081,17,504,375,2
54097,17,494,361,4
54114,17,496,336,4
54130,17,500,346,4
54147,17,492,352,4
54164,17,495,365,2
54180,17,502,754,3
54313,133,500,94,0
54330,17,511,336,4
54347,17,509,336,4
54363,17,516,356,4
54380,17,511,348,4
54397,17,509,353,4
54413,17,513,350,4
54430,17,511,354,4
54447,17,510,330,4
54463,17,507,344,4
54480,17,515,359,4
54496,17,502,364,4
54513,17,516,357,4
54530,17,511,368,2
54546,17,509,361,4
54563,17,502,351,4
54580,17,512,370,2
54596,17,507,361,4
54613,17,515,364,4
54630,17,513,365,2
54646,17,507,363,4
54663,17,512,372,2
54679,17,510,391,2
54696,17,511,358,4
54713,17,514,384,2
54729,17,520,366,2
54746,17,517,377,2
54763,17,518,358,4
54779,17,511,373,2
54796,17,517,363,4
54812,17,518,353,4
54829,17,520,396,2
54846,17,520,371,2
54862,17,515,373,2
54879,17,526,387,2
54896,17,522,375,2
54912,17,516,384,2
54929,17,516,372,2
54946,17,518,357,4
54962,17,523,381,2
54979,17,526,374,2
54995,17,519,394,2
55012,17,516,379,2
55029,17,519,366,2
55045,17,530,367,2
55062,17,528,375,2
55079,17,530,407,2
55095,17,523,374,2
55112,17,467,419,3
55295,183,515,538,3
55328,33,500,302,4
55345,17,521,320,4
55361,17,517,339,4
55378,17,522,336,4
55395,17,518,361,4
55411,17,520,365,2
55428,17,524,354,4
55445,17,513,361,4
55461,17,515,372,2
55478,17,511,375,2
55495,17,513,358,4
55511,17,515,356,4
55528,17,514,355,4
55544,17,535,368,2
55561,17,517,378,2
55578,17,517,378,2
55594,17,519,397,2
55611,17,517,385,2
55628,17,526,375,2
55644,17,516,368,2
55661,17,523,368,2
55678,17,526,365,2
55694,17,530,351,4
55711,17,516,375,2
55727,17,524,387,2
55744,17,523,397,2
55761,17,524,372,2
55777,17,524,337,4
55794,17,532,358,4
55811,17,531,378,2
55827,17,496,333,4
55844,17,479,349,4
55860,17,465,335,4
55877,17,475,357,4
55894,17,469,339,4
55910,17,472,342,4
55927,17,475,347,4
55944,17,477,338,4
55960,17,476,362,4
55977,17,472,348,4
55994,17,476,326,4
56010,17,476,355,4
56027,17,465,332,4
56043,17,464,324,4
56060,17,463,304,4
56077,17,464,303,4
56093,17,462,324,4
56110,17,462,302,4
56127,17,462,318,4
56143,17,465,317,4
56160,17,461,333,4
56177,17,465,308,4
56193,17,462,324,4
56210,17,468,332,4
56226,17,464,325,4
56243,17,458,285,0
56260,17,458,256,1
56276,17,461,256,1
56293,17,461,243,1
56310,17,464,269,0
56326,17,462,255,1
56360,33,463,248,1
56360,0,463,248,1
56376,17,460,265,0
56393,17,457,262,0
56409,17,464,251,1
56443,33,460,268,0
56443,0,460,268,0
56459,17,456,256,1
56476,17,463,255,1
56493,17,458,271,0
56509,17,453,262,0
56526,17,473,265,0
56543,17,461,271,0
56559,17,456,278,0
56576,17,455,251,1
56592,17,502,294,4
56609,17,514,294,4
56626,17,507,309,4
56642,17,516,310,4
56659,17,515,317,4
56676,17,517,311,4
56692,17,510,315,4
56709,17,511,322,4
56726,17,506,296,4
56742,17,516,321,4
56759,17,515,315,4
56775,17,509,316,4
56792,17,506,317,4
56809,17,510,318,4
56825,17,499,294,4
56842,17,495,261,0
56859,17,489,220,1
56875,17,486,224,1
56892,17,489,236,1
56909,17,488,240,1
56925,17,490,252,1
56942,17,485,226,1
56958,17,472,188,1
56975,17,465,187,1
56992,17,481,175,1
57008,17,478,211,1
57025,17,473,194,1
57042,17,477,202,1
57058,17,477,210,1
57075,17,481,213,1
57091,17,485,177,1
57108,17,472,196,1
57125,17,472,188,1
57141,17,474,192,1
57158,17,479,206,1
57175,17,477,221,1
57191,17,476,191,1
57208,17,479,180,1
57225,17,480,207,1
57241,17,467,200,1
57258,17,469,188,1
57274,17,482,191,1
57291,17,478,206,1
57308,17,481,183,1
57324,17,483,171,1
57341,17,476,197,1
57358,17,479,204,1
57374,17,482,195,1
57391,17,479,188,1
57408,17,482,193,1
57424,17,484,210,1
57441,17,478,163,1
57457,17,493,465,3
57607,150,534,153,1
57624,17,516,296,4
57640,17,521,218,1
57657,17,520,240,1
57674,17,521,227,1
57690,17,522,246,1
57707,17,521,230,1
57724,17,528,231,1
57740,17,520,246,1
57757,17,521,234,1
57774,17,519,226,1
57790,17,516,226,1
57807,17,522,242,1
57823,17,525,224,1
57840,17,522,227,1
57857,17,521,257,1
57873,17,521,209,1
57890,17,520,239,1
57907,17,516,244,1
57923,17,516,235,1
57940,17,516,234,1
57957,17,533,252,1
57973,17,585,265,0
57990,17,664,308,0
58006,17,647,289,0
58023,17,667,307,0
58040,17,650,278,0
58056,17,670,302,0
58073,17,652,323,0
58090,17,652,324,0
58106,17,662,302,0
58123,17,652,321,0
58139,17,657,302,0
58156,17,653,300,0
58173,17,659,347,0
58189,17,659,298,0
58206,17,654,308,0
58223,17,662,320,0
58239,17,661,328,0
58256,17,658,336,0
58273,17,658,317,0
58289,17,660,308,0
58306,17,650,322,0
58322,17,649,306,0
58339,17,649,318,0
58356,17,659,323,0
58372,17,651,319,0
58389,17,651,294,0
58406,17,664,310,0
58422,17,653,289,0
58439,17,667,335,0
58456,17,665,319,0
58472,17,663,316,0
58489,17,677,330,0
58505,17,668,316,0
58522,17,664,328,0
58539,17,664,318,0
58555,17,658,299,0
58572,17,662,309,0
58589,17,662,331,0
58605,17,667,328,0
58622,17,672,349,0
58639,17,649,347,0
58655,17,653,321,0
58672,17,659,342,0
58688,17,662,330,0
58705,17,675,318,0
58722,17,648,336,0
58738,17,655,320,0
58755,17,660,316,0
58772,17,660,335,0
58788,17,645,352,0
58805,17,659,336,0
58822,17,649,350,0
58838,17,651,355,0
58855,17,661,317,0
58871,17,648,322,0
58888,17,664,339,0
58905,17,646,336,0
58921,17,660,334,0
58938,17,658,331,0
58955,17,591,368,2
58971,17,515,352,4
58988,17,468,328,4
59005,17,465,326,4
59021,17,464,332,4
59038,17,474,368,2
59054,17,465,344,4
59071,17,472,359,4
59088,17,465,337,4
59104,17,466,345,4
59121,17,466,323,4
59138,17,463,335,4
59154,17,463,348,4
59171,17,464,347,4
59188,17,463,339,4
59204,17,468,333,4
59221,17,460,348,4
59237,17,460,335,4
59254,17,458,354,4
59271,17,458,344,4
59287,17,463,350,4
59304,17,462,355,4
59321,17,468,362,4
59337,17,459,340,4
59354,17,457,323,4
59370,17,465,346,4
59387,17,457,351,4
59404,17,456,342,4
59420,17,459,346,4
59437,17,459,333,4
59454,17,415,573,3
59570,116,490,326,4
59603,33,499,288,4
59620,17,498,333,4
59637,17,499,337,4
59653,17,498,347,4
59670,17,498,340,4
59687,17,498,340,4
59703,17,500,339,4
59720,17,507,334,4
59736,17,498,329,4
59753,17,496,321,4
59770,17,496,333,4
59786,17,495,329,4
59803,17,496,355,4
59820,17,500,347,4
59836,17,493,332,4
59853,17,497,334,4
59870,17,495,331,4
59886,17,496,330,4
59903,17,499,349,4
59919,17,497,359,4
59936,17,494,362,4
59953,17,499,349,4
59969,17,503,356,4
59986,17,500,328,4
60003,17,496,342,4
60019,17,490,320,4
60036,17,492,319,4
60053,17,491,322,4
60069,17,488,330,4
60086,17,493,351,4
60102,17,490,329,4
60119,17,493,344,4
60136,17,492,325,4
60152,17,489,354,4
60169,17,493,357,4
60186,17,495,331,4
60202,17,495,347,4
60219,17,453,337,4
60236,17,440,303,4
60252,17,442,333,4
60269,17,441,316,4
60285,17,445,329,4
60302,17,438,311,4
60319,17,441,331,4
60335,17,438,325,4
60352,17,444,344,4
60369,17,438,317,4
60385,17,443,338,4
60402,17,442,334,4
60418,17,443,333,4
60435,17,437,322,4
60452,17,435,330,4
60468,17,443,360,4
60485,17,117,257,0
60635,150,517,573,3
60651,17,487,72,0
60668,17,502,368,2
60685,17,494,362,4
60701,17,498,399,2
60718,17,509,416,2
60735,17,494,398,2
60751,17,499,407,2
60768,17,480,412,2
60784,17,494,397,2
60801,17,495,412,2
60818,17,498,414,2
60834,17,490,407,2
60851,17,486,400,2
60868,17,491,418,5
60884,17,497,390,2
60901,17,497,437,3
60918,17,486,417,5
60934,17,492,420,5
60951,17,489,408,2
60967,17,506,422,3
60984,17,501,407,2
61001,17,499,412,2
61017,17,504,429,3
61034,17,500,413,2
61051,17,499,419,5
61067,17,494,421,5
61084,17,499,411,2
61101,17,500,423,3
61117,17,506,413,2
61134,17,504,402,2
61150,17,505,375,2
61167,17,501,412,2
61184,17,507,402,2
61234,50,457,254,1
61250,17,443,272,0
61267,17,450,296,4
61284,17,450,316,4
61300,17,445,259,1
61317,17,457,255,1
61333,17,459,296,4
61350,17,455,287,0
61367,17,458,259,1
61383,17,456,250,1
61400,17,455,298,4
61417,17,454,278,0
61433,17,456,297,4
61450,17,466,274,0
61467,17,454,310,4
61483,17,456,290,4
61500,17,480,336,4
61516,17,475,327,4
61533,17,477,325,4
61550,17,478,367,2
61566,17,477,342,4
61583,17,478,337,4
61633,50,479,336,4
61633,0,479,336,4
61649,17,478,329,4
61666,17,479,358,4
61683,17,478,334,4
61699,17,493,402,2
61716,17,481,384,2
61733,17,480,425,3
61749,17,486,409,2
61766,17,479,407,2
61783,17,483,416,2
61799,17,487,403,2
61816,17,483,399,2
61832,17,484,425,3
61849,17,477,403,2
61866,17,479,422,3
61882,17,475,392,2
61899,17,476,390,2
61916,17,479,413,2
61932,17,482,416,2
61949,17,485,413,2
61966,17,499,347,4
61982,17,500,333,4
61999,17,508,338,4
62015,17,505,364,4
62032,17,504,351,4
62049,17,501,376,2
62065,17,510,342,4
62082,17,496,358,4
62099,17,503,361,4
62115,17,507,337,4
62132,17,501,330,4
62149,17,506,381,2
62165,17,503,348,4
62182,17,503,359,4
62198,17,500,371,2
62215,17,501,361,4
62232,17,503,379,2
62248,17,504,352,4
62265,17,503,361,4
62282,17,499,345,4
62298,17,505,364,4
62315,17,500,357,4
62332,17,503,356,4
62348,17,503,356,4
62365,17,501,361,4
62381,17,507,357,4
62398,17,501,341,4
62415,17,510,340,4
62431,17,505,359,4
62448,17,469,318,4
62465,17,468,319,4
62481,17,475,350,4
62498,17,476,353,4
62515,17,477,357,4
62531,17,474,346,4
62548,17,475,344,4
62564,17,486,984,0
62698,133,521,1036,0
62714,17,481,142,1
62731,17,483,317,4
62747,17,488,315,4
62764,17,490,327,4
62781,17,492,348,4
62797,17,492,332,4
62814,17,483,322,4
62831,17,499,374,2
62847,17,495,340,4
62864,17,495,332,4
62880,17,487,332,4
62897,17,486,335,4
62914,17,493,333,4
62930,17,495,353,4
62947,17,491,346,4
62964,17,500,354,4
62980,17,487,337,4
62997,17,494,345,4
63230,233,495,798,0
63246,17,472,429,3
63263,17,488,304,4
63280,17,490,325,4
63296,17,495,319,4
63313,17,489,312,4
63330,17,489,316,4
63346,17,490,344,4
63363,17,491,320,4
63380,17,489,319,4
63396,17,490,341,4
63413,17,488,326,4
63429,17,487,325,4
63446,17,490,328,4
63463,17,490,335,4
63479,17,492,331,4
63496,17,493,352,4
63513,17,488,335,4
63529,17,489,329,4
63546,17,495,318,4
63563,17,488,354,4
63579,17,490,331,4
63596,17,497,312,4
63612,17,489,325,4
63629,17,494,319,4
63646,17,498,326,4
63662,17,487,327,4
63679,17,499,322,4
63696,17,501,358,4
63712,17,501,343,4
63729,17,494,330,4
63746,17,489,360,4
63762,17,490,361,4
63779,17,493,354,4
63795,17,476,288,4
63879,83,501,978,0
63895,17,492,23,0
63912,17,506,352,4
63928,17,509,370,2
63945,17,509,366,2
63962,17,515,384,2
63978,17,508,378,2
63995,17,516,392,2
64012,17,508,374,2
64028,17,515,365,2
64045,17,508,351,4
64062,17,512,361,4
64078,17,511,371,2
64095,17,509,371,2
64111,17,505,444,3
64128,17,498,406,2
64145,17,497,436,3
64161,17,499,414,2
64178,17,505,450,3
64195,17,508,469,3
64211,17,501,428,3
64228,17,501,425,3
64245,17,499,433,3
64261,17,521,410,2
64278,17,506,429,3
64294,17,506,436,3
64311,17,503,425,3
64328,17,500,445,3
64344,17,507,432,3
64361,17,506,424,3
64378,17,504,412,2
64394,17,507,418,5
64411,17,495,433,3
64428,17,501,417,5
64444,17,505,428,3
64461,17,507,444,3
64477,17,501,434,3
64494,17,506,436,3
64511,17,506,428,3
64527,17,508,439,3
64544,17,504,419,5
64561,17,507,440,3
64577,17,502,447,3
64594,17,508,444,3
64611,17,508,447,3
64627,17,501,439,3
64644,17,502,424,3
64660,17,508,431,3
64677,17,510,432,3
64694,17,509,445,3
64710,17,506,435,3
64727,17,505,431,3
64744,17,511,427,3
64760,17,506,344,4
64777,17,503,303,4
64794,17,514,300,4
64810,17,511,289,4
64827,17,511,309,4
64843,17,507,330,4
64860,17,512,297,4
64877,17,512,307,4
64893,17,516,312,4
64910,17,512,298,4
64927,17,519,321,4
64943,17,506,295,4
64960,17,507,308,4
64977,17,506,300,4
64993,17,507,307,4
65010,17,509,314,4
65026,17,506,319,4
65043,17,504,314,4
65060,17,507,319,4
65076,17,503,306,4
65093,17,505,330,4
65110,17,503,326,4
65126,17,503,318,4
65143,17,495,439,3
65259,116,600,830,0
65276,17,507,52,0
65293,17,523,270,0
65309,17,520,313,4
65326,17,525,317,4
65342,17,516,326,4
65359,17,521,325,4
65376,17,520,335,4
65392,17,523,316,4
65409,17,517,339,4
65426,17,524,310,4
65442,17,517,314,4
65459,17,520,329,4
65476,17,522,324,4
65492,17,520,320,4
65509,17,515,328,4
65525,17,526,341,4
65542,17,523,323,4
65559,17,522,336,4
65575,17,524,309,4
65592,17,544,321,4
65609,17,524,310,4
65625,17,527,318,4
65642,17,527,306,4
65659,17,528,318,4
65675,17,533,330,4
65692,17,526,304,4
65708,17,526,309,4
65725,17,533,309,4
65742,17,527,320,4
65758,17,526,337,4
65775,17,523,330,4
65792,17,524,328,4
65808,17,526,354,4
65825,17,525,336,4
65842,17,531,329,4
65858,17,533,342,4
65875,17,532,346,4
65891,17,527,345,4
65908,17,527,339,4
65925,17,522,349,4
65941,17,530,331,4
65958,17,530,342,4
65975,17,525,324,4
65991,17,530,335,4
66008,17,533,316,4
66025,17,532,329,4
66041,17,532,328,4
66058,17,526,323,4
66074,17,527,330,4
66091,17,524,329,4
66108,17,521,334,4
66124,17,523,344,4
66141,17,534,334,4
66158,17,522,327,4
66174,17,530,332,4
66191,17,528,321,4
66207,17,526,332,4
66224,17,514,333,4
66241,17,525,326,4
66257,17,517,298,4
66274,17,524,332,4
66291,17,518,334,4
66307,17,520,339,4
66324,17,517,329,4
66341,17,520,328,4
66357,17,520,319,4
66374,17,520,328,4
66390,17,522,318,4
66407,17,519,316,4
66424,17,518,302,4
66440,17,523,324,4
66457,17,516,313,4
66474,17,510,330,4
66490,17,502,318,4
66507,17,516,313,4
66524,17,522,335,4
66540,17,513,312,4
66557,17,515,320,4
66573,17,520,330,4
66590,17,516,338,4
66607,17,513,340,4
66623,17,514,315,4
66640,17,514,325,4
66657,17,520,569,3
66773,116,505,444,3
66790,17,468,45,0
66806,17,487,288,4
66823,17,499,335,4
66840,17,491,363,4
66856,17,512,358,4
66873,17,513,366,2
66890,17,501,362,4
66906,17,500,348,4
66923,17,500,362,4
66939,17,480,332,4
66956,17,490,351,4
66973,17,500,368,2
66989,17,503,358,4
67006,17,503,351,4
67023,17,501,352,4
67039,17,491,347,4
67056,17,496,337,4
67073,17,504,358,4
67089,17,502,355,4
67106,17,503,335,4
67122,17,488,343,4
67139,17,478,339,4
67156,17,479,352,4
67172,17,484,368,2
67189,17,479,354,4
67206,17,479,351,4
67222,17,480,333,4
67239,17,484,341,4
67256,17,480,341,4
67272,17,480,350,4
67289,17,475,361,4
67305,17,478,338,4
67322,17,477,334,4
67339,17,479,343,4
67355,17,479,548,3
67538,183,486,324,4
67572,33,504,300,4
67588,17,505,333,4
67605,17,509,338,4
67621,17,506,350,4
67638,17,510,362,4
67655,17,507,367,2
67671,17,508,357,4
67688,17,510,369,2
67705,17,503,366,2
67721,17,503,380,2
67738,17,509,365,2
67755,17,504,361,4
67771,17,502,354,4
67788,17,506,351,4
67804,17,512,348,4
67821,17,512,385,2
67838,17,517,366,2
67854,17,508,369,2
67871,17,506,359,4
67888,17,504,348,4
67904,17,502,338,4
67921,17,507,336,4
67938,17,477,335,4
67954,17,457,314,4
67971,17,451,308,4
67987,17,451,294,4
68004,17,447,316,4
68021,17,449,317,4
68037,17,448,303,4
68054,17,452,309,4
68071,17,449,295,4
68087,17,451,324,4
68104,17,454,296,4
68121,17,447,303,4
68137,17,444,311,4
68154,17,453,296,4
68170,17,425,274,0
68187,17,410,228,1
68204,17,397,136,1
68220,17,404,161,1
68237,17,408,169,1
68254,17,381,167,1
68270,17,393,145,1
68287,17,376,130,0
68304,17,342,108,0
68320,17,353,92,0
68337,17,345,102,0
68353,17,340,120,0
68370,17,349,108,0
68387,17,348,88,0
68403,17,346,100,0
68420,17,345,84,0
68437,17,333,86,0
68453,17,342,132,0
68470,17,346,110,0
68486,17,352,110,0
68503,17,349,104,0
68520,17,349,109,0
68536,17,348,84,0
68553,17,349,92,0
68570,17,346,79,0
68586,17,357,99,0
68603,17,346,105,0
68620,17,347,90,0
68636,17,350,92,0
68653,17,347,88,0
68669,17,350,110,0
68686,17,350,109,0
68703,17,345,122,0
68719,17,342,82,0
68736,17,384,733,3
68852,116,457,328,4
68886,33,456,193,1
68902,17,458,244,1
68919,17,457,253,1
68936,17,459,235,1
68952,17,458,271,0
68969,17,472,269,0
68986,17,456,259,1
69002,17,460,281,0
69019,17,470,273,0
69035,17,457,265,0
69052,17,464,274,0
69069,17,458,257,1
69085,17,453,269,0
69102,17,458,267,0
69119,17,460,295,4
69135,17,459,248,1
69152,17,451,278,0
69169,17,464,246,1
69185,17,462,264,0
69202,17,464,276,0
69218,17,469,273,0
69235,17,461,273,0
69252,17,454,255,1
69268,17,468,278,0
69285,17,467,267,0
69302,17,459,276,0
69318,17,464,278,0
69335,17,467,293,4
69352,17,459,270,0
69368,17,461,274,0
69385,17,454,274,0
69401,17,460,270,0
69418,17,461,278,0
69435,17,461,261,0
69451,17,466,280,0
69468,17,454,380,2
69551,83,469,58,0
69568,17,476,272,0
69584,17,483,295,4
69601,17,480,290,4
69618,17,491,298,4
69634,17,484,281,0
69651,17,478,303,4
69668,17,479,282,0
69684,17,483,306,4
69701,17,487,299,4
69717,17,480,290,4
69734,17,483,287,0
69751,17,482,282,0
69767,17,482,299,4
69784,17,492,292,4
69801,17,479,296,4
69817,17,490,314,4
69834,17,480,285,0
69851,17,488,309,4
69867,17,481,318,4
69884,17,481,303,4
69900,17,493,312,4
69917,17,485,305,4
69934,17,484,309,4
69950,17,489,312,4
69967,17,483,311,4
69984,17,485,309,4
70000,17,479,297,4
70017,17,485,301,4
70034,17,491,318,4
70050,17,484,290,4
70067,17,484,298,4
70083,17,482,296,4
70100,17,487,274,0
70117,17,482,284,0
70133,17,484,303,4
70150,17,487,302,4
70167,17,486,302,4
70183,17,486,275,0
70200,17,483,288,4
70217,17,488,307,4
70233,17,481,299,4
70250,17,487,302,4
70266,17,484,305,4
70283,17,484,328,4
70300,17,482,299,4
70316,17,480,323,4
70333,17,481,320,4
70350,17,483,329,4
70366,17,481,299,4
70383,17,479,298,4
70400,17,481,329,4
70416,17,480,313,4
70433,17,482,325,4
70449,17,482,512,3
70599,150,555,835,0
70616,17,494,39,0
70632,17,497,266,0
70649,17,508,314,4
70666,17,507,307,4
70682,17,507,333,4
70699,17,509,351,4
70716,17,508,336,4
70732,17,512,347,4
70749,17,520,319,4
70765,17,507,332,4
70782,17,506,328,4
70799,17,505,333,4
70815,17,514,350,4
70832,17,508,337,4
70849,17,506,342,4
70865,17,505,355,4
70882,17,505,341,4
70899,17,505,356,4
70915,17,505,348,4
70932,17,505,343,4
70948,17,511,344,4
70965,17,504,339,4
70982,17,512,342,4
70998,17,509,340,4
71015,17,510,334,4
71032,17,502,325,4
71048,17,504,348,4
71065,17,502,339,4
71082,17,502,324,4
71098,17,501,321,4
71115,17,500,313,4
71131,17,498,326,4
71148,17,501,313,4
71165,17,499,322,4
71181,17,501,323,4
71198,17,500,304,4
71215,17,501,321,4
71231,17,513,316,4
71248,17,503,316,4
71265,17,511,302,4
71281,17,504,332,4
71298,17,503,302,4
71314,17,503,295,4
71331,17,502,312,4
71348,17,503,332,4
71364,17,502,307,4
71381,17,500,314,4
71398,17,464,313,4
71414,17,463,329,4
71431,17,464,327,4
71448,17,458,322,4
71464,17,459,335,4
71481,17,463,317,4
71497,17,462,333,4
71514,17,465,322,4
71531,17,467,332,4
71547,17,465,344,4
71564,17,466,358,4
71581,17,460,329,4
71597,17,465,354,4
71614,17,466,338,4
71631,17,471,333,4
71647,17,465,326,4
71664,17,461,302,4
71680,17,468,344,4
71697,17,468,360,4
71714,17,461,334,4
71730,17,467,351,4
71747,17,465,333,4
71764,17,465,339,4
71780,17,463,345,4
71797,17,458,331,4
71814,17,466,349,4
71830,17,471,356,4
71847,17,461,334,4
71863,17,461,352,4
71880,17,469,329,4
71897,17,461,334,4
71913,17,464,334,4
71930,17,464,348,4
71947,17,466,339,4
71963,17,470,351,4
71980,17,462,346,4
71996,17,464,322,4
72013,17,500,327,4
72030,17,500,321,4
72046,17,505,319,4
72063,17,505,323,4
72080,17,501,326,4
72096,17,505,311,4
72113,17,503,323,4
72130,17,505,321,4
72146,17,503,309,4
72163,17,500,314,4
72179,17,497,304,4
72196,17,503,306,4
72213,17,503,325,4
72229,17,502,316,4
72246,17,504,314,4
72263,17,506,325,4
72279,17,290,275,0
72412,133,484,206,1
72429,17,490,14,0
72446,17,502,262,0
72462,17,504,327,4
72479,17,505,336,4
72496,17,500,316,4
72512,17,503,313,4
72529,17,503,312,4
72545,17,518,314,4
72562,17,502,331,4
72579,17,504,310,4
72595,17,508,327,4
72612,17,509,320,4
72629,17,503,331,4
72645,17,502,322,4
72662,17,502,337,4
72679,17,499,334,4
72695,17,500,318,4
72712,17,502,319,4
72728,17,500,290,4
72745,17,500,320,4
72762,17,508,327,4
72778,17,506,336,4
72795,17,503,331,4
72812,17,497,336,4
72828,17,505,331,4
72845,17,499,324,4
72862,17,504,322,4
72878,17,501,333,4
72895,17,501,328,4
72911,17,497,330,4
72928,17,457,318,4
72945,17,448,291,4
72961,17,461,299,4
72978,17,457,308,4
73011,33,449,304,4
73028,17,460,310,4
73044,17,465,296,4
73061,17,449,309,4
73078,17,454,305,4
73094,17,450,301,4
73111,17,452,322,4
73128,17,444,301,4
73144,17,447,294,4
73161,17,454,313,4
73178,17,450,314,4
73194,17,449,302,4
73211,17,467,304,4
73227,17,451,311,4
73244,17,451,310,4
73261,17,472,319,4
73277,17,454,308,4
73294,17,447,311,4
73311,17,446,322,4
73327,17,450,317,4
73344,17,450,306,4
73361,17,445,351,4
73377,17,431,301,4
73394,17,436,336,4
73410,17,459,299,4
73427,17,450,322,4
73444,17,430,301,4
73460,17,447,325,4
73477,17,442,335,4
73494,17,442,316,4
73510,17,438,299,4
73527,17,442,303,4
73544,17,498,298,4
73560,17,527,319,4
73577,17,517,333,4
73593,17,501,342,4
73610,17,506,298,4
73627,17,505,324,4
73643,17,516,332,4
73660,17,512,309,4
73677,17,506,325,4
73693,17,512,322,4
73710,17,504,330,4
73727,17,506,333,4
73743,17,508,321,4
73760,17,511,347,4
73776,17,495,309,4
73793,17,510,331,4
73810,17,524,324,4
73826,17,506,309,4
73843,17,516,307,4
73860,17,508,321,4
73876,17,511,318,4
73893,17,497,317,4
73910,17,392,301,0
73993,83,517,216,1
74009,17,517,462,3
74026,17,519,340,4
74043,17,516,357,4
74059,17,515,367,2
74076,17,536,348,4
74093,17,529,329,4
74109,17,521,329,4
74126,17,519,346,4
74142,17,519,327,4
74159,17,532,303,4
74176,17,521,359,4
74192,17,495,409,2
74209,17,492,386,2
74226,17,487,410,2
74242,17,490,415,2
74259,17,489,396,2
74275,17,488,394,2
74292,17,497,404,2
74309,17,484,399,2
74325,17,482,422,3
74342,17,490,432,3
74359,17,488,417,5
74375,17,488,409,2
74392,17,488,407,2
74409,17,485,404,2
74425,17,485,398,2
74442,17,490,396,2
74458,17,485,401,2
74475,17,492,399,2
74492,17,490,401,2
74508,17,492,418,5
74525,17,492,416,2
74542,17,506,433,3
74558,17,494,436,3
74575,17,496,428,3
74592,17,489,403,2
74608,17,492,412,2
74625,17,499,420,5
74641,17,488,425,3
74658,17,498,446,3
74675,17,492,457,3
74691,17,493,423,3
74708,17,490,434,3
74725,17,500,414,2
74741,17,488,428,3
74758,17,499,429,3
74775,17,488,418,5
74791,17,485,425,3
74808,17,484,443,3
74824,17,482,440,3
74841,17,496,420,5
74858,17,484,433,3
74874,17,488,429,3
74891,17,490,461,3
74908,17,497,422,3
74924,17,483,424,3
74941,17,486,446,3
74958,17,486,430,3
74974,17,491,438,3
74991,17,481,599,3
75107,116,487,198,1
75124,17,480,430,3
75141,17,483,297,4
75157,17,483,295,4
75174,17,483,317,4
75190,17,484,295,4
75207,17,485,295,4
75224,17,479,290,4
75240,17,481,293,4
75257,17,486,283,0
75274,17,488,302,4
75290,17,487,295,4
75307,17,483,281,0
75324,17,484,303,4
75340,17,487,302,4
75357,17,486,270,0
75373,17,486,297,4
75390,17,482,302,4
75407,17,481,298,4
75423,17,482,290,4
75440,17,481,292,4
75457,17,482,295,4
75473,17,485,282,0
75490,17,482,304,4
75506,17,467,335,4
75523,17,464,317,4
75540,17,461,331,4
75556,17,464,358,4
75573,17,465,348,4
75590,17,465,343,4
75606,17,463,345,4
75623,17,464,344,4
75640,17,466,358,4
75656,17,465,327,4
75673,17,460,349,4
75689,17,463,339,4
75706,17,464,347,4
75723,17,466,351,4
75739,17,463,345,4
75756,17,464,333,4
75773,17,457,338,4
75789,17,469,344,4
75806,17,463,328,4
75823,17,466,361,4
75839,17,464,349,4
75856,17,462,355,4
75872,17,465,338,4
75889,17,467,346,4
75906,17,467,350,4
75922,17,466,332,4
75939,17,464,334,4
75956,17,468,346,4
75972,17,462,321,4
75989,17,468,338,4
76006,17,489,370,2
76022,17,481,348,4
76039,17,483,351,4
76055,17,485,355,4
76072,17,480,341,4
76089,17,486,329,4
76105,17,485,332,4
76122,17,490,334,4
76139,17,483,339,4
76155,17,485,325,4
76172,17,488,330,4
76189,17,480,345,4
76205,17,483,347,4
76222,17,483,345,4
76238,17,483,327,4
76255,17,481,333,4
76272,17,480,335,4
76288,17,489,314,4
76305,17,668,522,3
76388,83,523,323,4
76405,17,515,356,4
76421,17,522,289,4
76438,17,521,333,4
76455,17,518,332,4
76471,17,516,346,4
76488,17,521,349,4
76505,17,521,353,4
76521,17,537,364,4
76538,17,517,324,4
76554,17,521,356,4
76571,17,519,366,2
76588,17,523,349,4
76604,17,522,353,4
76621,17,531,376,2
76638,17,521,357,4
76654,17,521,351,4
76671,17,521,371,2
76688,17,520,401,2
76704,17,509,442,3
76721,17,504,439,3
76737,17,499,433,3
76754,17,500,421,5
76771,17,495,416,2
76787,17,508,421,5
76804,17,501,409,2
76821,17,501,425,3
76837,17,507,410,2
76854,17,498,404,2
76871,17,499,430,3
76887,17,499,428,3
76904,17,511,438,3
76920,17,513,430,3
76937,17,509,429,3
76954,17,508,426,3
76970,17,504,409,2
76987,17,508,429,3
77004,17,501,427,3
77020,17,504,402,2
77037,17,505,426,3
77054,17,502,433,3
77070,17,506,430,3
77087,17,509,417,5
77103,17,503,438,3
77120,17,509,448,3
77137,17,504,435,3
77153,17,499,451,3
77170,17,506,442,3
77187,17,501,449,3
77453,266,452,225,1
77486,33,447,332,4
77503,17,445,348,4
77519,17,441,350,4
77536,17,447,356,4
77553,17,439,349,4
77569,17,442,350,4
77586,17,444,327,4
77603,17,444,348,4
77619,17,443,327,4
77636,17,448,372,2
77652,17,445,341,4
77669,17,445,348,4
77686,17,446,356,4
77702,17,442,334,4
77719,17,453,339,4
77736,17,436,340,4
77752,17,418,328,4
77769,17,398,295,0
77785,17,406,284,0
77802,17,400,274,0
77819,17,401,265,0
77835,17,421,299,4
77852,17,395,280,0
77869,17,420,258,1
77885,17,407,283,0
77902,17,417,285,0
77919,17,413,263,0
77935,17,418,263,0
77952,17,418,280,0
77968,17,413,261,0
77985,17,406,267,0
78002,17,406,270,0
78018,17,419,265,0
78035,17,429,271,0
78052,17,416,297,4
78068,17,409,286,0
78085,17,425,294,4
78102,17,435,969,0
78218,116,500,268,0
78235,17,491,300,4
78251,17,492,285,0
78268,17,491,289,4
78285,17,505,307,4
78301,17,492,284,0
78318,17,494,303,4
78334,17,495,296,4
78351,17,505,314,4
78368,17,494,285,0
78384,17,502,287,0
78401,17,491,298,4
78418,17,492,302,4
78434,17,498,300,4
78451,17,491,294,4
78468,17,502,310,4
78484,17,490,306,4
78501,17,494,308,4
78517,17,503,309,4
78534,17,489,304,4
78551,17,491,310,4
78567,17,490,307,4
78584,17,504,323,4
78601,17,501,306,4
78617,17,499,318,4
78634,17,500,293,4
78651,17,496,307,4
78667,17,499,301,4
78684,17,498,312,4
78700,17,503,318,4
78717,17,501,301,4
78734,17,503,320,4
78750,17,507,327,4
78767,17,494,304,4
78784,17,504,288,4
78800,17,510,317,4
78817,17,498,329,4
78833,17,500,321,4
78850,17,500,331,4
78867,17,500,310,4
78883,17,494,323,4
78900,17,497,322,4
78917,17,499,339,4
78933,17,500,339,4
78950,17,500,311,4
78967,17,498,314,4
78983,17,502,327,4
79000,17,498,331,4
79016,17,499,317,4
79033,17,495,330,4
79050,17,501,429,3
79150,100,493,847,0
79183,33,474,254,1
79199,17,481,310,4
79216,17,475,325,4
79233,17,479,309,4
79249,17,477,329,4
79266,17,476,316,4
79283,17,478,340,4
79299,17,473,320,4
79316,17,476,316,4
79333,17,478,333,4
79349,17,474,318,4
79366,17,476,314,4
79382,17,480,315,4
79399,17,476,331,4
79416,17,478,340,4
79432,17,475,295,4
79449,17,477,336,4
79466,17,477,308,4
79482,17,472,342,4
79499,17,474,339,4
79516,17,474,336,4
79532,17,477,333,4
79549,17,471,334,4
79565,17,473,326,4
79582,17,468,336,4
79599,17,467,339,4
79615,17,473,338,4
79632,17,466,321,4
79649,17,472,335,4
79665,17,472,344,4
79682,17,467,333,4
79699,17,466,318,4
79715,17,469,325,4
79732,17,467,328,4
79748,17,468,334,4
79765,17,469,324,4
79782,17,471,315,4
79798,17,471,311,4
79815,17,467,314,4
79832,17,469,297,4
79848,17,467,316,4
79865,17,468,320,4
79882,17,466,332,4
79898,17,469,341,4
79915,17,471,303,4
79931,17,466,332,4
79948,17,467,331,4
79965,17,465,340,4
79981,17,474,343,4
80114,133,484,500,3
80148,33,493,295,4
80164,17,491,303,4
80181,17,489,311,4
80198,17,490,316,4
80214,17,487,304,4
80231,17,491,289,4
80247,17,494,321,4
80264,17,494,315,4
80281,17,498,294,4
80297,17,494,320,4
80314,17,502,310,4
80331,17,491,316,4
80347,17,491,309,4
80364,17,495,305,4
80381,17,492,323,4
80397,17,494,319,4
80414,17,490,337,4
80430,17,492,330,4
80447,17,492,318,4
80464,17,493,329,4
80480,17,491,314,4
80497,17,492,325,4
80514,17,498,312,4
80530,17,496,345,4
80564,33,465,328,4
80564,0,465,328,4
80580,17,449,290,4
80597,17,450,295,4
80613,17,450,295,4
80630,17,448,290,4
80647,17,449,307,4
80663,17,455,294,4
80680,17,453,280,0
80697,17,447,294,4
80713,17,450,292,4
80730,17,452,278,0
80747,17,446,283,0
80763,17,445,294,4
80780,17,450,309,4
80796,17,437,280,0
80813,17,448,293,4
80830,17,445,295,4
80846,17,438,300,4
80863,17,443,311,4
80880,17,439,275,0
80896,17,441,283,0
80913,17,439,292,4
80930,17,436,295,4
80946,17,435,298,4
80963,17,435,304,4
80979,17,439,284,0
80996,17,437,245,1
81013,17,441,875,0
81146,133,447,285,0
81162,17,433,387,2
81179,17,432,270,0
81196,17,460,307,4
81212,17,442,295,4
81229,17,454,310,4
81246,17,447,330,4
81262,17,445,292,4
81279,17,446,313,4
81295,17,444,309,4
81312,17,451,315,4
81329,17,447,301,4
81345,17,451,307,4
81362,17,445,301,4
81379,17,445,313,4
81395,17,448,304,4
81412,17,458,317,4
81429,17,440,326,4
81445,17,451,331,4
81462,17,442,308,4
81478,17,449,326,4
81495,17,444,323,4
81512,17,447,291,4
81528,17,448,336,4
81545,17,447,312,4
81562,17,448,316,4
81578,17,444,310,4
81595,17,452,312,4
81612,17,442,295,4
81628,17,444,295,4
81645,17,452,308,4
81661,17,449,313,4
81678,17,447,310,4
81695,17,442,303,4
81711,17,444,326,4
81728,17,448,287,0
81745,17,449,299,4
81761,17,448,324,4
81778,17,441,287,0
81795,17,450,307,4
81811,17,446,309,4
81828,17,442,298,4
81844,17,443,295,4
81861,17,443,308,4
81878,17,448,315,4
81894,17,436,308,4
81911,17,488,377,2
82044,133,527,284,0
82077,33,484,247,1
82094,17,479,271,0
82111,17,475,311,4
82127,17,478,289,4
82144,17,489,275,0
82161,17,475,273,0
82177,17,475,288,4
82194,17,477,300,4
82210,17,479,282,0
82227,17,477,294,4
82244,17,475,319,4
82260,17,477,293,4
82277,17,477,285,0
82294,17,476,290,4
82310,17,475,316,4
82327,17,477,322,4
82343,17,477,302,4
82360,17,480,333,4
82377,17,479,291,4
82393,17,475,315,4
82427,33,478,319,4
82427,0,478,319,4
82443,17,478,307,4
82477,33,486,299,4
82493,17,478,329,4
82510,17,482,313,4
82526,17,479,333,4
82543,17,481,300,4
82560,17,480,309,4
82576,17,480,308,4
82593,17,479,308,4
82610,17,484,315,4
82626,17,485,314,4
82643,17,481,319,4
82660,17,489,327,4
82676,17,480,323,4
82693,17,483,344,4
82709,17,484,321,4
82726,17,481,319,4
82743,17,493,327,4
82759,17,486,555,3
82926,166,494,156,1
82959,33,487,267,0
82976,17,489,308,4
82992,17,502,333,4
83009,17,498,332,4
83026,17,496,335,4
83042,17,501,348,4
83059,17,497,337,4
83075,17,497,342,4
83092,17,493,325,4
83109,17,500,349,4
83125,17,496,351,4
83142,17,488,350,4
83159,17,502,367,2
83175,17,495,317,4
83192,17,501,340,4
83209,17,496,344,4
83225,17,494,354,4
83242,17,498,359,4
83258,17,497,353,4
83275,17,494,337,4
83292,17,495,363,4
83308,17,497,341,4
83325,17,496,341,4
83342,17,495,362,4
83358,17,507,366,2
83375,17,500,330,4
83392,17,503,352,4
83408,17,503,366,2
83425,17,504,350,4
83441,17,501,325,4
83458,17,496,348,4
83475,17,500,345,4
83491,17,497,350,4
83508,17,510,342,4
83525,17,510,322,4
83541,17,501,338,4
83558,17,503,361,4
83574,17,499,350,4
83591,17,499,335,4
83608,17,506,363,4
83624,17,503,360,4
83641,17,500,365,2
83658,17,498,359,4
83674,17,497,348,4
83691,17,495,347,4
83708,17,501,349,4
83724,17,497,341,4
83741,17,497,356,4
83757,17,498,354,4
83774,17,499,343,4
83791,17,508,341,4
83807,17,502,343,4
83824,17,497,369,2
83841,17,497,365,2
83857,17,491,364,4
83874,17,507,349,4
83891,17,496,337,4
83907,17,494,364,4
83924,17,505,359,4
83940,17,498,353,4
83957,17,506,358,4
83974,17,496,349,4
83990,17,492,362,4
84007,17,507,353,4
84024,17,488,365,2
84040,17,490,349,4
84057,17,502,338,4
84074,17,493,352,4
84090,17,491,366,2
84107,17,479,321,4
84123,17,478,314,4
84140,17,480,343,4
84157,17,473,317,4
84173,17,478,330,4
84190,17,474,327,4
84207,17,476,302,4
84223,17,477,295,4
84240,17,468,355,4
84257,17,473,366,2
84273,17,472,324,4
84290,17,477,318,4
84306,17,471,355,4
84323,17,471,313,4
84340,17,370,379,2
84506,166,508,259,1
84539,33,504,259,1
84556,17,513,318,4
84573,17,512,317,4
84589,17,505,331,4
84606,17,504,308,4
84622,17,509,302,4
84639,17,507,318,4
84656,17,508,291,4
84672,17,512,304,4
84689,17,509,316,4
84706,17,514,313,4
84722,17,510,311,4
84739,17,510,324,4
84756,17,510,338,4
84772,17,509,315,4
84789,17,510,304,4
84805,17,508,328,4
84822,17,518,321,4
84839,17,513,337,4
84855,17,512,342,4
84872,17,513,337,4
84889,17,510,346,4
84905,17,508,320,4
84922,17,508,331,4
84939,17,513,342,4
84955,17,532,321,4
84972,17,518,323,4
84988,17,518,342,4
85005,17,518,297,4
85022,17,518,326,4
85038,17,522,311,4
85055,17,512,320,4
85072,17,521,337,4
85088,17,518,332,4
85105,17,519,324,4
85122,17,514,331,4
85138,17,510,326,4
85155,17,521,338,4
85171,17,514,356,4
85188,17,515,328,4
85205,17,514,327,4
85221,17,513,335,4
85238,17,514,322,4
85255,17,510,352,4
85271,17,514,320,4
85288,17,514,342,4
85305,17,516,348,4
85321,17,511,324,4
85338,17,513,338,4
85354,17,511,337,4
85371,17,512,331,4
85388,17,514,330,4
85404,17,511,327,4
85421,17,513,344,4
85438,17,507,332,4
85454,17,516,344,4
85471,17,509,330,4
85488,17,507,349,4
85504,17,510,338,4
85521,17,506,344,4
85537,17,511,350,4
85554,17,509,342,4
85571,17,506,340,4
85587,17,508,342,4
85604,17,517,296,4
85621,17,508,799,0
85704,83,485,57,0
85720,17,505,381,2
85737,17,506,269,0
85754,17,513,318,4
85770,17,515,323,4
85787,17,519,319,4
85804,17,513,306,4
85820,17,506,279,0
85837,17,512,312,4
85853,17,516,304,4
85870,17,513,275,0
85887,17,513,303,4
85903,17,513,316,4
85920,17,509,298,4
85937,17,521,307,4
85953,17,510,313,4
85970,17,505,300,4
85987,17,513,309,4
86003,17,502,303,4
86020,17,513,302,4
86036,17,512,306,4
86053,17,510,306,4
86070,17,520,313,4
86086,17,523,293,4
86103,17,514,294,4
86120,17,514,302,4
86136,17,516,305,4
86153,17,511,303,4
86170,17,515,295,4
86186,17,514,323,4
86203,17,512,311,4
86219,17,514,319,4
86236,17,512,302,4
86253,17,515,298,4
86269,17,511,294,4
86286,17,509,300,4
86303,17,414,274,0
86452,150,547,341,4
86486,33,495,259,1
86502,17,493,297,4
86519,17,498,326,4
86536,17,496,299,4
86552,17,506,320,4
86569,17,497,287,0
86585,17,494,322,4
86602,17,496,291,4
86619,17,498,309,4
86635,17,504,307,4
86652,17,507,323,4
86669,17,504,319,4
86685,17,488,311,4
86702,17,505,297,4
86719,17,506,300,4
86735,17,498,306,4
86752,17,497,323,4
86768,17,496,316,4
86785,17,507,320,4
86802,17,521,312,4
86818,17,497,310,4
86835,17,500,326,4
86852,17,496,338,4
86868,17,497,296,4
86885,17,496,308,4
86901,17,499,312,4
86918,17,496,313,4
86935,17,495,301,4
86951,17,499,296,4
86968,17,511,315,4
86985,17,494,320,4
87001,17,494,305,4
87018,17,496,311,4
87035,17,496,312,4
87051,17,498,308,4
87068,17,506,307,4
87084,17,497,299,4
87101,17,496,300,4
87118,17,499,298,4
87134,17,498,303,4
87151,17,500,306,4
87168,17,497,302,4
87184,17,495,311,4
87201,17,496,308,4
87218,17,453,213,1
87351,133,555,879,0
87367,17,500,23,0
87384,17,525,276,0
87401,17,526,338,4
87417,17,530,338,4
87434,17,526,336,4
87450,17,529,334,4
87467,17,526,308,4
87484,17,529,319,4
87500,17,532,323,4
87517,17,534,339,4
87534,17,528,349,4
87550,17,533,332,4
87567,17,517,355,4
87584,17,528,344,4
87600,17,519,365,2
87617,17,525,355,4
87633,17,522,350,4
87650,17,535,336,4
87667,17,527,358,4
87683,17,530,357,4
87700,17,523,346,4
87717,17,522,334,4
87733,17,522,343,4
87750,17,520,357,4
87767,17,522,358,4
87783,17,524,335,4
87800,17,526,361,4
87816,17,522,387,2
87833,17,517,352,4
87850,17,520,353,4
87866,17,521,332,4
87883,17,516,332,4
87900,17,521,358,4
87916,17,519,340,4
87933,17,516,364,4
87950,17,521,336,4
87966,17,522,337,4
87983,17,513,346,4
87999,17,515,350,4
88016,17,517,331,4
88033,17,518,351,4
88049,17,518,343,4
88066,17,475,342,4
88083,17,469,345,4
88099,17,468,345,4
88116,17,466,355,4
88132,17,464,328,4
88149,17,461,321,4
88166,17,462,345,4
88182,17,469,325,4
88199,17,463,328,4
88216,17,464,344,4
88232,17,466,340,4
88249,17,426,337,4
88266,17,434,330,4
88282,17,434,336,4
88299,17,431,343,4
88315,17,432,336,4
88332,17,438,320,4
88349,17,431,318,4
88365,17,433,335,4
88382,17,432,332,4
88399,17,433,336,4
88415,17,434,326,4
88432,17,436,322,4
88449,17,432,314,4
88465,17,429,322,4
88482,17,435,353,4
88498,17,423,333,4
88515,17,423,315,4
88532,17,423,305,4
88548,17,424,303,4
88565,17,426,296,4
88582,17,428,299,4
88598,17,425,314,4
88615,17,421,295,4
88632,17,431,290,4
88648,17,426,306,4
88665,17,427,311,4
88681,17,428,311,4
88698,17,421,300,4
88715,17,416,295,4
88731,17,426,292,4
88748,17,425,298,4
88765,17,428,319,4
88781,17,425,324,4
88798,17,415,419,3
88948,150,451,212,1
88981,33,442,225,1
88998,17,454,301,4
89014,17,459,276,0
89031,17,444,312,4
89047,17,448,298,4
89064,17,446,300,4
89081,17,444,318,4
89097,17,439,316,4
89114,17,443,332,4
89131,17,442,338,4
89147,17,447,334,4
89164,17,449,318,4
89180,17,442,320,4
89197,17,445,342,4
89214,17,383,354,0
89230,17,241,454,3
89247,17,122,545,3
89264,17,47,607,3
89280,17,65,589,3
89297,17,80,606,3
89314,17,58,608,3
89330,17,71,603,3
89347,17,81,619,3
89363,17,75,605,3
89380,17,69,596,3
89397,17,64,603,3
89413,17,45,622,3
89430,17,74,613,3
89447,17,56,630,3
89846,399,533,31,0
89863,17,536,318,4
89879,17,544,370,2
89896,17,537,379,2
89912,17,543,352,4
89929,17,539,387,2
89946,17,538,394,2
89962,17,540,392,2
89979,17,541,400,2
89996,17,536,382,2
90012,17,541,375,2
90029,17,544,366,2
90046,17,544,385,2
90062,17,540,373,2
90079,17,545,285,0
90095,17,545,324,4
90112,17,548,314,4
90129,17,552,311,4
90145,17,547,323,4
90162,17,552,318,4
90179,17,547,317,4
90195,17,545,319,4
90212,17,547,313,4
90229,17,559,295,4
90245,17,554,320,4
90262,17,547,325,4
90278,17,552,307,4
90295,17,554,315,4
90312,17,549,306,4
90328,17,548,315,4
90345,17,550,330,4
90362,17,549,326,4
90378,17,550,323,4
90395,17,552,328,4
90411,17,547,329,4
90428,17,554,325,4
90445,17,557,294,4
90461,17,548,314,4
90478,17,545,312,4
90495,17,546,300,4
90511,17,545,321,4
90528,17,545,321,4
90545,17,546,325,4
90561,17,550,337,4
90578,17,546,308,4
90594,17,548,309,4
90611,17,547,297,4
90628,17,545,312,4
90644,17,544,326,4
90661,17,545,335,4
90678,17,550,329,4
90694,17,543,318,4
90711,17,541,312,4
90761,50,547,327,4
90777,17,544,329,4
90794,17,537,316,4
90811,17,541,306,4
90827,17,544,345,4
90844,17,538,324,4
90861,17,545,317,4
90877,17,544,332,4
90894,17,538,332,4
90911,17,542,344,4
90927,17,543,330,4
90944,17,539,312,4
90960,17,553,338,4
90977,17,546,336,4
90994,17,540,344,4
91010,17,534,332,4
91027,17,545,351,4
91044,17,540,311,4
91060,17,539,318,4
91077,17,540,325,4
91094,17,549,325,4
91110,17,548,341,4
91127,17,545,309,4
91143,17,545,351,4
91160,17,542,343,4
91177,17,546,341,4
91193,17,537,350,4
91210,17,544,373,2
91227,17,541,347,4
91243,17,541,367,2
91260,17,539,369,2
91277,17,533,373,2
91293,17,537,368,2
91310,17,540,337,4
91326,17,543,359,4
91343,17,543,345,4
91360,17,521,355,4
91376,17,540,360,4
91393,17,539,352,4
91410,17,536,350,4
91426,17,544,333,4
91443,17,540,318,4
91460,17,539,320,4
91476,17,539,321,4
91493,17,542,316,4
91509,17,554,326,4
91526,17,539,327,4
91543,17,533,333,4
91559,17,540,359,4
91576,17,540,339,4
91593,17,538,336,4
91609,17,535,652,3
91709,100,491,233,1
91726,17,504,420,5
91742,17,498,270,0
91759,17,516,333,4
91776,17,518,337,4
91792,17,505,346,4
91809,17,505,337,4
91825,17,501,331,4
91842,17,509,337,4
91859,17,502,321,4
91875,17,495,339,4
91892,17,512,332,4
91909,17,505,357,4
91925,17,509,340,4
91942,17,501,350,4
91959,17,506,340,4
91975,17,501,331,4
91992,17,509,332,4
92008,17,507,335,4
92025,17,505,359,4
92042,17,507,351,4
92058,17,500,337,4
92075,17,501,325,4
92092,17,505,352,4
92108,17,509,323,4
92125,17,505,337,4
92142,17,500,348,4
92158,17,503,330,4
92175,17,512,332,4
92191,17,504,324,4
92208,17,508,340,4
92225,17,504,317,4
92241,17,508,331,4
92258,17,506,335,4
92275,17,508,340,4
92291,17,503,342,4
92308,17,504,346,4
92325,17,502,323,4
92341,17,500,345,4
92358,17,504,350,4
92374,17,503,332,4
92391,17,502,303,4
92408,17,503,336,4
92424,17,509,341,4
92441,17,504,339,4
92458,17,506,324,4
92474,17,508,322,4
92491,17,505,345,4
92508,17,501,300,4
92524,17,505,325,4
92541,17,506,322,4
92557,17,504,323,4
92574,17,505,307,4
92591,17,504,307,4
92607,17,501,303,4
92624,17,502,297,4
92641,17,502,324,4
92657,17,504,292,4
92674,17,503,299,4
92690,17,503,307,4
92707,17,500,303,4
92724,17,502,316,4
92740,17,499,301,4
92757,17,500,318,4
92774,17,504,307,4
92790,17,502,300,4
92807,17,511,309,4
92824,17,502,315,4
92840,17,502,306,4
92857,17,504,308,4
92873,17,507,325,4
92890,17,509,294,4
92907,17,506,314,4
92923,17,504,301,4
92940,17,508,307,4
92957,17,504,313,4
92973,17,502,315,4
92990,17,503,327,4
93007,17,506,328,4
93023,17,501,330,4
93040,17,504,291,4
93056,17,488,315,4
93073,17,503,319,4
93090,17,499,314,4
93106,17,511,313,4
93123,17,510,327,4
93140,17,505,315,4
93156,17,507,322,4
93173,17,509,313,4
93190,17,502,312,4
93206,17,505,337,4
93223,17,503,307,4
93239,17,503,316,4
93256,17,516,333,4
93273,17,499,337,4
93289,17,500,325,4
93306,17,503,301,4
93323,17,511,327,4
93339,17,505,320,4
93356,17,505,327,4
93373,17,497,308,4
93389,17,511,298,4
93406,17,497,304,4
93422,17,494,315,4
93439,17,508,291,4
93456,17,505,284,0
93472,17,484,311,4
93489,17,499,322,4
93506,17,503,303,4
93522,17,523,340,4
93539,17,530,341,4
93556,17,526,322,4
93572,17,530,321,4
93589,17,522,322,4
93605,17,532,327,4
93622,17,525,332,4
93639,17,534,321,4
93655,17,525,314,4
93672,17,526,327,4
93689,17,526,354,4
93705,17,531,353,4
93722,17,522,325,4
93739,17,517,318,4
93755,17,519,303,4
93772,17,514,326,4
93788,17,504,302,4
93805,17,513,315,4
93822,17,512,306,4
93838,17,512,325,4
93855,17,509,323,4
93872,17,500,328,4
93888,17,514,321,4
93905,17,513,331,4
93921,17,513,331,4
93938,17,509,325,4
93955,17,498,307,4
93971,17,503,929,0
94121,150,489,249,1
94138,17,501,421,5
94154,17,489,276,0
94171,17,500,326,4
94188,17,510,321,4
94204,17,499,311,4
94221,17,501,319,4
94238,17,505,305,4
94254,17,509,315,4
94271,17,497,302,4
94287,17,506,318,4
94304,17,508,314,4
94321,17,502,318,4
94337,17,501,338,4
94354,17,499,317,4
94371,17,499,321,4
94387,17,499,308,4
94404,17,494,307,4
94421,17,496,323,4
94437,17,497,332,4
94454,17,505,313,4
94470,17,496,338,4
94487,17,494,321,4
94504,17,497,338,4
94520,17,501,312,4
94537,17,498,310,4
94554,17,502,320,4
94570,17,498,323,4
94587,17,499,309,4
94604,17,500,326,4
94620,17,502,302,4
94637,17,499,300,4
94653,17,499,317,4
94670,17,502,316,4
94687,17,497,311,4
94703,17,503,313,4
94720,17,501,329,4
94737,17,498,302,4
94753,17,501,316,4
94770,17,497,308,4
94787,17,498,315,4
94803,17,501,320,4
94820,17,500,310,4
94836,17,502,308,4
94853,17,497,304,4
94870,17,500,301,4
94886,17,499,306,4
94903,17,498,325,4
94920,17,499,318,4
94936,17,503,313,4
94953,17,497,298,4
94969,17,499,309,4
94986,17,498,305,4
95003,17,494,331,4
95019,17,496,326,4
95036,17,500,332,4
95053,17,498,297,4
95069,17,503,316,4
95086,17,503,323,4
95103,17,502,328,4
95119,17,494,325,4
95136,17,495,305,4
95152,17,498,310,4
95169,17,499,341,4
95186,17,492,336,4
95202,17,384,240,1
95335,133,487,329,4
95369,33,490,216,1
95385,17,495,320,4
95402,17,499,303,4
95419,17,496,304,4
95435,17,496,298,4
95452,17,496,299,4
95469,17,497,313,4
95485,17,498,317,4
95502,17,496,306,4
95518,17,497,308,4
95535,17,495,311,4
95552,17,497,308,4
95568,17,496,319,4
95585,17,495,307,4
95602,17,482,306,4
95618,17,494,312,4
95635,17,498,312,4
95652,17,486,320,4
95668,17,490,295,4
95685,17,493,295,4
95701,17,486,290,4
95718,17,487,301,4
95735,17,491,295,4
95751,17,489,310,4
95768,17,491,321,4
95785,17,489,316,4
95801,17,492,311,4
95818,17,489,304,4
95835,17,486,320,4
95851,17,486,331,4
95868,17,491,330,4
95884,17,488,314,4
95901,17,487,331,4
95918,17,487,313,4
95934,17,486,327,4
95951,17,486,315,4
95968,17,492,304,4
95984,17,485,346,4
96001,17,490,328,4
96018,17,485,338,4
96034,17,480,311,4
96051,17,495,334,4
96067,17,492,326,4
96084,17,493,335,4
96101,17,483,312,4
96117,17,494,319,4
96134,17,491,331,4
96151,17,488,343,4
96167,17,494,331,4
96184,17,493,325,4
96200,17,486,309,4
96217,17,492,368,2
96234,17,481,355,4
96250,17,494,362,4
96267,17,483,351,4
96284,17,486,370,2
96300,17,494,349,4
96317,17,485,360,4
96334,17,495,345,4
96350,17,478,367,2
96367,17,474,352,4
96383,17,479,358,4
96400,17,486,364,4
96417,17,482,361,4
96433,17,493,360,4
96450,17,476,360,4
96467,17,481,376,2
96483,17,447,314,4
96500,17,461,348,4
96517,17,446,337,4
96533,17,462,330,4
96550,17,459,343,4
96566,17,462,325,4
96583,17,462,335,4
96600,17,451,342,4
96616,17,448,345,4
96633,17,469,361,4
96650,17,463,341,4
96666,17,474,334,4
96683,17,455,333,4
96700,17,466,345,4
96716,17,465,356,4
96733,17,469,377,2
96749,17,488,383,2
96766,17,481,368,2
96783,17,485,388,2
96799,17,485,379,2
96816,17,482,409,2
96833,17,486,401,2
96849,17,484,420,5
96866,17,486,396,2
96883,17,484,397,2
96899,17,485,420,5
96916,17,485,396,2
96932,17,484,398,2
96949,17,482,391,2
96966,17,490,410,2
96982,17,484,413,2
96999,17,486,409,2
97016,17,488,400,2
97032,17,488,409,2
97049,17,483,393,2
97066,17,484,434,3
97082,17,495,388,2
97099,17,490,411,2
97115,17,485,412,2
97132,17,493,409,2
97149,17,490,406,2
97165,17,487,407,2
97182,17,488,407,2
97199,17,485,371,2
97215,17,479,412,2
97232,17,482,407,2
97248,17,485,433,3
97265,17,484,413,2
97282,17,487,412,2
97298,17,486,414,2
97315,17,489,412,2
97332,17,495,340,4
97348,17,503,355,4
97365,17,499,330,4
97382,17,500,351,4
97398,17,500,334,4
97415,17,509,354,4
97431,17,507,351,4
97448,17,506,355,4
97465,17,504,328,4
97481,17,499,358,4
97498,17,506,352,4
97515,17,501,343,4
97531,17,500,342,4
97548,17,495,315,4
97565,17,504,328,4
97581,17,493,326,4
97598,17,494,306,4
97614,17,497,355,4
97631,17,491,357,4
97648,17,493,324,4
97664,17,484,324,4
97681,17,493,335,4
97698,17,494,354,4
97714,17,492,317,4
97731,17,481,407,2
97831,100,471,122,0
97847,17,477,340,4
97864,17,466,315,4
97881,17,472,294,4
97897,17,464,302,4
97914,17,477,287,0
97931,17,478,298,4
97947,17,473,319,4
97964,17,466,310,4
97980,17,474,311,4
97997,17,472,305,4
98014,17,471,283,0
98030,17,471,302,4
98047,17,469,315,4
98064,17,469,296,4
98080,17,470,287,0
98097,17,468,299,4
98114,17,471,312,4
98130,17,479,405,2
98147,17,477,382,2
98163,17,473,397,2
98180,17,472,394,2
98197,17,475,382,2
98213,17,475,407,2
98230,17,481,398,2
98247,17,474,410,2
98263,17,480,404,2
98280,17,474,409,2
98297,17,478,417,2
98313,17,476,398,2
98330,17,496,407,2
98346,17,482,402,2
98363,17,481,403,2
98380,17,476,394,2
98396,17,479,394,2
98413,17,477,398,2
98430,17,481,393,2
98446,17,481,397,2
98463,17,477,422,3
98479,17,490,397,2
98496,17,493,327,4
98513,17,497,353,4
98529,17,499,350,4
98546,17,507,353,4
98563,17,503,382,2
98579,17,502,370,2
98596,17,500,347,4
98613,17,498,342,4
98629,17,497,344,4
98646,17,502,361,4
98662,17,498,332,4
98679,17,502,327,4
98696,17,514,326,4
98712,17,501,346,4
98729,17,505,351,4
98746,17,504,332,4
98762,17,505,349,4
98779,17,508,321,4
98796,17,505,341,4
98812,17,495,353,4
98829,17,499,338,4
98845,17,501,340,4
98862,17,502,353,4
98879,17,503,347,4
98895,17,509,342,4
98912,17,467,342,4
98929,17,441,323,4
98945,17,440,323,4
98962,17,443,327,4
98979,17,436,339,4
98995,17,437,327,4
99012,17,438,330,4
99028,17,431,332,4
99045,17,440,326,4
99062,17,432,331,4
99078,17,436,331,4
99095,17,439,334,4
99112,17,440,328,4
99128,17,434,311,4
99145,17,430,312,4
99162,17,423,340,4
99178,17,435,398,2
99195,17,435,829,0
99311,116,482,737,3
99328,17,472,108,0
99345,17,478,346,4
99361,17,475,341,4
99378,17,483,330,4
99394,17,479,365,2
99411,17,479,351,4
99428,17,488,358,4
99444,17,486,344,4
99461,17,484,367,2
99478,17,482,354,4
99494,17,486,345,4
99511,17,484,350,4
99527,17,487,353,4
99544,17,488,361,4
99561,17,485,369,2
99577,17,481,361,4
99594,17,482,361,4
99611,17,487,343,4
99627,17,481,379,2
99644,17,476,358,4
99661,17,473,360,4
99677,17,490,357,4
99694,17,477,367,2
99710,17,483,374,2
99727,17,484,383,2
99744,17,480,364,4
99760,17,481,369,2
99777,17,483,366,2
99794,17,477,364,4
99810,17,481,346,4
99827,17,479,348,4
99844,17,478,358,4
99860,17,479,359,4
99877,17,476,361,4
99893,17,479,368,2
99910,17,481,360,4
99927,17,480,366,2
99943,17,484,367,2
99960,17,477,350,4
99977,17,478,369,2
99993,17,479,362,4
100010,17,480,361,4
100027,17,477,354,4
100043,17,480,357,4
100060,17,478,348,4
100076,17,477,371,2
100093,17,478,363,4
100110,17,480,399,2
100126,17,479,349,4
100143,17,482,353,4
100160,17,477,360,4
100176,17,480,351,4
100193,17,484,353,4
100210,17,483,341,4
100226,17,485,358,4
100243,17,482,385,2
100259,17,490,375,2
100276,17,475,377,2
100293,17,476,389,2
100309,17,476,373,2
100326,17,478,372,2
100343,17,486,379,2
100359,17,480,367,2
100376,17,481,404,2
100393,17,488,392,2
100409,17,471,364,4
100426,17,462,412,2
100442,17,455,405,2
100459,17,463,425,3
100476,17,462,407,2
100492,17,455,418,3
100509,17,462,401,2
100526,17,462,418,3
100542,17,455,417,2
100559,17,456,413,2
100576,17,455,409,2
100592,17,455,414,2
100609,17,454,407,2
100625,17,453,419,3
100642,17,456,415,2
100659,17,453,423,3
100675,17,454,430,3
100692,17,454,417,2
100709,17,454,418,3
100725,17,444,336,4
100742,17,441,298,4
100758,17,444,300,4
100775,17,450,298,4
100792,17,446,309,4
100808,17,447,302,4
100825,17,444,299,4
100842,17,449,303,4
100858,17,450,293,4
100875,17,451,301,4
100892,17,450,311,4
100908,17,445,289,4
100925,17,447,299,4
100941,17,449,296,4
100958,17,447,291,4
100975,17,453,280,0
100991,17,450,292,4
101008,17,436,297,4
101025,17,433,283,0
101041,17,459,301,4
101058,17,447,272,0
101075,17,441,311,4
101091,17,454,289,4
101108,17,443,304,4
101124,17,441,286,0
101141,17,443,293,4
101158,17,441,308,4
101174,17,428,286,0
101191,17,442,312,4
101208,17,441,294,4
101224,17,430,268,0
101241,17,439,291,4
101258,17,439,298,4
101274,17,436,280,0
101291,17,438,285,0
101307,17,442,287,0
101324,17,442,298,4
101341,17,431,288,4
101357,17,443,293,4
101374,17,439,285,0
101391,17,435,293,4
101407,17,442,296,4
101424,17,437,282,0
101441,17,442,298,4
101457,17,442,292,4
101474,17,446,300,4
101490,17,437,315,4
101507,17,448,299,4
101524,17,449,308,4
101540,17,448,310,4
101557,17,448,317,4
101574,17,445,319,4
101590,17,447,314,4
101607,17,443,300,4
101624,17,438,345,4
101640,17,445,325,4
101657,17,442,308,4
101673,17,439,305,4
101690,17,447,316,4
101707,17,439,315,4
101723,17,443,304,4
101740,17,439,313,4
101757,17,455,333,4
101773,17,529,396,2
101790,17,582,419,3
101806,17,562,432,3
101823,17,560,419,5
101840,17,574,416,2
101856,17,573,423,3
101873,17,573,403,2
101890,17,564,431,3
101906,17,559,430,3
101923,17,566,435,3
101940,17,567,432,3
101956,17,561,422,3
101973,17,571,413,2
101989,17,563,432,3
102006,17,566,425,3
102023,17,511,324,4
102139,116,586,299,4
102156,17,546,19,0
102172,17,591,352,4
102189,17,587,388,2
102206,17,587,389,2
102222,17,585,407,2
102239,17,588,391,2
102256,17,588,387,2
102272,17,590,401,2
102289,17,585,419,3
102306,17,585,382,2
102322,17,589,407,2
102339,17,587,401,2
102355,17,587,405,2
102372,17,584,378,2
102389,17,589,398,2
102405,17,587,375,2
102422,17,588,364,4
102489,67,589,379,2
102489,0,589,379,2
102505,17,587,382,2
102522,17,582,398,2
102538,17,580,393,2
102555,17,586,411,2
102572,17,587,393,2
102588,17,517,408,2
102605,17,482,399,2
102622,17,485,402,2
102638,17,482,418,3
102655,17,486,400,2
102672,17,485,390,2
102688,17,480,388,2
102705,17,482,381,2
102721,17,482,408,2
102738,17,482,396,2
102755,17,483,392,2
102771,17,484,407,2
102788,17,482,411,2
102805,17,487,390,2
102821,17,481,396,2
102838,17,480,408,2
102855,17,498,400,2
102871,17,489,397,2
102888,17,486,393,2
102904,17,485,405,2
102921,17,487,402,2
102938,17,487,416,2
102954,17,493,428,3
102971,17,486,395,2
102988,17,482,421,3
103004,17,482,406,2
103021,17,475,390,2
103037,17,484,410,2
103054,17,489,416,2
103071,17,489,430,3
103087,17,482,397,2
103104,17,483,403,2
103121,17,486,402,2
103137,17,480,386,2
103154,17,483,372,2
103171,17,489,392,2
103187,17,502,364,4
103204,17,498,362,4
103220,17,505,349,4
103237,17,505,371,2
103254,17,497,348,4
103270,17,505,341,4
103287,17,508,363,4
103304,17,509,386,2
103320,17,504,373,2
103337,17,503,378,2
103354,17,505,372,2
103370,17,503,364,4
103387,17,502,378,2
103403,17,505,373,2
103420,17,500,373,2
103437,17,503,363,4
103470,33,509,372,2
103470,0,509,372,2
103487,17,515,378,2
103503,17,506,383,2
103520,17,506,368,2
103537,17,508,363,4
103553,17,503,356,4
103570,17,504,359,4
103586,17,492,359,4
103603,17,498,376,2
103620,17,487,334,4
103636,17,493,348,4
103653,17,495,330,4
103670,17,484,354,4
103686,17,495,374,2
103703,17,501,328,4
103720,17,494,338,4
103736,17,487,363,4
103753,17,489,330,4
103769,17,494,367,2
103786,17,497,358,4
103803,17,497,342,4
103819,17,491,351,4
103836,17,497,715,3
103969,133,552,928,0
104002,33,514,269,0
104019,17,520,337,4
104036,17,522,346,4
104052,17,516,339,4
104069,17,519,344,4
104086,17,512,362,4
104102,17,518,331,4
104119,17,515,341,4
104135,17,519,344,4
104152,17,513,350,4
104169,17,511,353,4
104185,17,512,360,4
104202,17,517,339,4
104219,17,510,354,4
104235,17,516,346,4
104252,17,512,342,4
104268,17,468,369,2
104285,17,474,362,4
104302,17,471,368,2
104318,17,471,355,4
104335,17,473,392,2
104352,17,476,902,0
104551,200,565,984,0
104568,17,469,53,0
104585,17,510,349,4
104601,17,509,353,4
104618,17,508,383,2
104634,17,517,386,2
104651,17,523,362,4
104668,17,514,376,2
104684,17,512,368,2
104701,17,522,357,4
104718,17,511,366,2
104734,17,512,375,2
104751,17,512,384,2
104768,17,509,393,2
104784,17,519,392,2
104801,17,519,365,2
104817,17,515,379,2
104834,17,510,369,2
104851,17,516,372,2
104867,17,516,387,2
104884,17,516,393,2
104901,17,520,386,2
104917,17,511,386,2
104934,17,511,381,2
104951,17,507,391,2
104967,17,511,385,2
104984,17,511,371,2
105000,17,509,386,2
105017,17,518,359,4
105034,17,507,371,2
105050,17,505,348,4
105067,17,506,364,4
105084,17,503,392,2
105100,17,506,366,2
105117,17,504,378,2
105134,17,503,376,2
105150,17,500,364,4
105167,17,500,347,4
105183,17,502,336,4
105200,17,503,372,2
105217,17,508,366,2
105233,17,508,365,2
105250,17,501,352,4
105267,17,499,375,2
105283,17,503,372,2
105300,17,501,380,2
105316,17,505,373,2
105333,17,506,711,3
105499,166,549,254,1
105516,17,552,340,4
105533,17,557,362,4
105549,17,560,336,4
105566,17,558,336,4
105583,17,557,349,4
105599,17,555,341,4
105616,17,557,341,4
105633,17,559,341,4
105649,17,555,338,4
105666,17,558,348,4
105682,17,555,342,4
105699,17,553,351,4
105716,17,556,370,2
105732,17,558,369,2
105749,17,555,322,4
105766,17,559,356,4
105782,17,550,357,4
105799,17,553,357,4
105816,17,556,361,4
105832,17,549,353,4
105849,17,553,352,4
105865,17,552,362,4
105882,17,549,370,2
105899,17,552,359,4
105915,17,552,356,4
105932,17,559,353,4
105949,17,555,326,4
105965,17,561,362,4
105982,17,550,376,2
105999,17,554,357,4
106015,17,562,355,4
106032,17,547,353,4
106165,133,531,333,4
106182,17,532,319,4
106198,17,529,331,4
106215,17,532,338,4
106231,17,531,311,4
106248,17,530,314,4
106265,17,528,318,4
106281,17,529,335,4
106298,17,526,335,4
106315,17,532,334,4
106331,17,527,357,4
106348,17,535,351,4
106365,17,529,344,4
106381,17,537,331,4
106398,17,529,335,4
106414,17,533,337,4
106431,17,526,338,4
106448,17,531,338,4
106464,17,526,329,4
106481,17,531,342,4
106498,17,531,316,4
106514,17,529,319,4
106531,17,524,324,4
106564,33,524,296,4
106564,0,524,296,4
106581,17,524,332,4
106597,17,524,315,4
106614,17,531,332,4
106631,17,529,323,4
106647,17,525,302,4
106664,17,539,300,4
106681,17,533,322,4
106697,17,532,294,4
106714,17,531,318,4
106730,17,546,273,0
106747,17,550,301,4
106764,17,546,307,4
106780,17,555,300,4
106797,17,551,287,0
106814,17,555,288,4
106830,17,554,290,4
106847,17,545,278,0
106864,17,549,318,4
106880,17,556,286,0
106897,17,550,296,4
106913,17,556,306,4
106930,17,552,300,4
106947,17,552,313,4
106963,17,549,293,4
106980,17,552,278,0
106997,17,551,300,4
107013,17,550,314,4
107030,17,548,289,4
107047,17,549,317,4
107063,17,544,526,3
107180,116,508,301,4
107196,17,512,400,2
107213,17,480,6,0
107230,17,506,283,0
107246,17,503,340,4
107263,17,508,337,4
107279,17,495,304,4
107296,17,501,321,4
107313,17,472,335,4
107329,17,478,318,4
107346,17,482,334,4
107363,17,485,323,4
107379,17,486,315,4
107396,17,479,314,4
107413,17,483,336,4
107429,17,477,319,4
107446,17,477,337,4
107462,17,476,337,4
107479,17,486,323,4
107496,17,477,324,4
107512,17,474,334,4
107529,17,480,336,4
107546,17,471,301,4
107562,17,474,334,4
107579,17,481,347,4
107595,17,477,352,4
107612,17,476,354,4
107629,17,478,345,4
107645,17,475,338,4
107662,17,475,321,4
107679,17,478,326,4
107695,17,484,329,4
107712,17,487,336,4
107729,17,481,324,4
107745,17,475,333,4
107762,17,485,322,4
107778,17,488,342,4
107795,17,481,319,4
107812,17,483,334,4
107828,17,478,328,4
107845,17,481,352,4
107862,17,478,347,4
107878,17,475,307,4
107895,17,482,328,4
107912,17,476,350,4
107928,17,524,344,4
107945,17,532,352,4
107961,17,534,350,4
107978,17,527,348,4
107995,17,524,346,4
108011,17,528,331,4
108028,17,528,330,4
108045,17,522,359,4
108061,17,526,345,4
108078,17,525,368,2
108095,17,530,365,2
108111,17,535,352,4
108128,17,523,320,4
108144,17,534,316,4
108161,17,527,334,4
108178,17,525,352,4
108194,17,524,341,4
108211,17,528,371,2
108228,17,499,403,2
108244,17,512,376,2
108261,17,511,390,2
108278,17,512,398,2
108294,17,509,389,2
108311,17,515,390,2
108327,17,505,380,2
108344,17,509,382,2
108361,17,510,402,2
108377,17,503,404,2
108411,33,506,387,2
108411,0,506,387,2
108427,17,508,391,2
108477,50,506,379,2
108494,17,502,412,2
108510,17,505,390,2
108527,17,478,348,4
108544,17,461,291,4
108560,17,453,285,0
108577,17,459,281,0
108594,17,456,299,4
108610,17,468,280,0
108627,17,468,278,0
108644,17,465,275,0
108660,17,455,291,4
108677,17,458,274,0
108693,17,456,288,4
108710,17,469,286,0
108727,17,465,287,0
108743,17,454,280,0
108760,17,461,301,4
108777,17,464,319,4
108793,17,456,289,4
108810,17,455,298,4
108826,17,460,286,0
108843,17,457,363,4
108860,17,449,330,4
108876,17,460,370,2
108893,17,456,352,4
108910,17,458,380,2
108926,17,449,375,2
108943,17,459,358,4
108960,17,455,361,4
108976,17,445,343,4
108993,17,450,351,4
109009,17,441,373,2
109026,17,477,450,3
109043,17,480,437,3
109059,17,468,432,3
109076,17,464,437,3
109093,17,472,452,3
109109,17,468,443,3
109126,17,461,445,3
109143,17,493,446,3
109159,17,467,442,3
109176,17,478,440,3
109192,17,476,444,3
109209,17,497,436,3
109226,17,462,447,3
109242,17,470,430,3
109259,17,470,438,3
109276,17,488,430,3
109292,17,473,428,3
109309,17,470,440,3
109326,17,468,435,3
109342,17,478,443,3
109359,17,474,439,3
109375,17,464,459,3
109392,17,459,442,3
109409,17,474,438,3
109425,17,466,459,3
109442,17,463,463,3
109459,17,478,456,3
109475,17,482,449,3
109492,17,483,455,3
109509,17,473,450,3
109525,17,481,406,2
109542,17,482,366,2
109558,17,499,378,2
109575,17,486,365,2
109592,17,494,375,2
109608,17,495,375,2
109625,17,493,367,2
109642,17,492,358,4
109658,17,489,376,2
109675,17,486,357,4
109692,17,485,344,4
109708,17,486,539,3
109825,116,482,600,3
109841,17,435,13,0
109858,17,445,248,1
109874,17,463,350,4
109891,17,470,323,4
109908,17,461,327,4
109924,17,452,342,4
109941,17,481,351,4
109958,17,483,347,4
109974,17,465,368,2
109991,17,472,350,4
110008,17,463,341,4
110024,17,467,347,4
110041,17,464,335,4
110057,17,463,349,4
110074,17,456,337,4
110091,17,464,348,4
110107,17,429,336,4
110124,17,401,282,0
110141,17,419,295,4
110157,17,383,291,0
110174,17,395,303,0
110191,17,398,297,0
110207,17,401,318,0
110224,17,389,321,0
110240,17,413,323,0
110257,17,404,302,0
110274,17,402,279,0
110290,17,395,300,0
110307,17,396,311,0
110324,17,399,318,0
110340,17,393,299,0
110357,17,391,314,0
110374,17,393,299,0
110390,17,398,306,0
110407,17,410,311,0
110423,17,448,346,4
110440,17,439,339,4
110457,17,448,327,4
110473,17,449,334,4
110490,17,441,314,4
110507,17,444,334,4
110523,17,448,329,4
110540,17,443,323,4
110557,17,449,334,4
110573,17,444,301,4
110590,17,446,339,4
110606,17,445,326,4
110623,17,455,312,4
110640,17,443,315,4
110656,17,425,325,4
110673,17,454,333,4
110690,17,456,334,4
110706,17,429,339,4
110723,17,463,343,4
110740,17,448,322,4
110756,17,453,340,4
110773,17,452,334,4
110789,17,449,330,4
110806,17,464,330,4
110823,17,439,303,4
110839,17,426,340,4
110856,17,431,325,4
110873,17,456,321,4
110889,17,452,338,4
110906,17,445,314,4
110923,17,447,326,4
110939,17,442,334,4
110956,17,447,325,4
110972,17,420,320,4
110989,17,440,327,4
111006,17,450,338,4
111022,17,439,315,4
111039,17,454,306,4
111056,17,428,339,4
111072,17,446,326,4
111089,17,442,336,4
111105,17,449,326,4
111122,17,435,321,4
111139,17,435,329,4
111155,17,415,317,0
111172,17,433,306,4
111189,17,431,340,4
111205,17,443,349,4
111222,17,434,310,4
111239,17,440,347,4
111255,17,440,338,4
111272,17,421,302,4
111288,17,433,321,4
111305,17,450,307,4
111322,17,194,769,0
111455,133,491,868,0
111471,17,451,140,1
111488,17,471,388,2
111505,17,470,318,4
111521,17,483,356,4
111538,17,486,388,2
111555,17,473,360,4
111571,17,471,388,2
111588,17,468,382,2
111605,17,472,386,2
111621,17,474,396,2
111638,17,475,384,2
111654,17,476,402,2
111671,17,471,350,4
111688,17,459,389,2
111704,17,470,388,2
111721,17,463,402,2
111738,17,472,355,4
111754,17,472,388,2
111771,17,474,405,2
111788,17,482,373,2
111804,17,470,387,2
111821,17,478,398,2
111837,17,464,398,2
111854,17,474,392,2
111887,33,486,408,2
111904,17,466,409,2
111921,17,483,385,2
111937,17,473,389,2
111954,17,477,386,2
111971,17,474,393,2
111987,17,483,382,2
112004,17,477,375,2
112020,17,484,359,4
112037,17,483,348,4
112054,17,480,338,4
112070,17,500,347,4
112087,17,483,344,4
112104,17,482,342,4
112120,17,483,346,4
112137,17,485,347,4
112154,17,484,343,4
112170,17,483,358,4
112187,17,482,349,4
112203,17,483,324,4
112220,17,480,342,4
112237,17,479,352,4
112253,17,478,342,4
112270,17,472,332,4
112287,17,475,344,4
112303,17,478,340,4
112320,17,491,357,4
112336,17,469,388,2
112353,17,457,386,2
112370,17,461,443,3
112386,17,462,413,2
112403,17,474,418,3
112420,17,447,398,2
112436,17,451,428,3
112453,17,477,408,2
112470,17,464,414,2
112486,17,477,412,2
112503,17,452,434,3
112519,17,452,428,3
112536,17,488,426,3
112553,17,452,414,2
112569,17,455,395,2
112586,17,471,408,2
112603,17,444,412,6
112619,17,450,420,3
112636,17,460,382,2
112653,17,485,330,4
112669,17,463,372,2
112686,17,455,369,2
112702,17,473,365,2
112719,17,488,347,4
112736,17,481,347,4
112752,17,488,361,4
112769,17,493,350,4
112786,17,460,327,4
112802,17,461,357,4
112819,17,461,355,4
112836,17,458,361,4
112852,17,478,354,4
112869,17,464,344,4
112885,17,485,349,4
112902,17,468,363,4
112919,17,482,356,4
112935,17,462,342,4
112969,33,469,350,4
112969,0,469,350,4
112985,17,462,366,2
113002,17,475,347,4
113019,17,472,312,4
113035,17,440,310,4
113052,17,475,319,4
113068,17,466,293,4
113085,17,469,335,4
113102,17,457,294,4
113118,17,465,312,4
113135,17,443,336,4
113152,17,453,312,4
113168,17,453,311,4
113185,17,444,324,4
113202,17,452,282,0
113218,17,412,274,0
113335,116,461,466,3
113368,33,468,241,1
113384,17,481,312,4
113401,17,466,297,4
113418,17,462,328,4
113434,17,476,331,4
113451,17,490,304,4
113468,17,472,314,4
113484,17,480,329,4
113501,17,476,305,4
113518,17,479,321,4
113534,17,484,301,4
113551,17,457,320,4
113567,17,474,339,4
113584,17,482,339,4
113601,17,482,334,4
113617,17,459,296,4
113634,17,477,291,4
113651,17,461,304,4
113667,17,489,323,4
113684,17,477,299,4
113701,17,484,344,4
113717,17,487,315,4
113734,17,481,322,4
113750,17,472,306,4
113767,17,469,338,4
113784,17,479,331,4
113800,17,491,312,4
113817,17,487,323,4
113834,17,467,316,4
113850,17,490,326,4
113867,17,483,315,4
113884,17,505,314,4
113900,17,480,304,4
113917,17,477,324,4
113933,17,487,298,4
113950,17,482,335,4
113967,17,479,308,4
113983,17,479,329,4
114000,17,480,323,4
114017,17,488,324,4
114033,17,485,311,4
114050,17,478,323,4
114067,17,486,328,4
114083,17,488,321,4
114100,17,486,314,4
114116,17,489,310,4
114133,17,488,336,4
114150,17,488,328,4
114166,17,489,332,4
114183,17,486,312,4
114200,17,481,312,4
114216,17,484,314,4
114233,17,472,308,4
114250,17,465,313,4
114266,17,466,324,4
114283,17,479,338,4
114299,17,487,345,4
114316,17,483,342,4
114333,17,480,326,4
114349,17,481,315,4
114366,17,483,339,4
114383,17,471,333,4
114399,17,474,329,4
114416,17,471,294,4
114433,17,459,325,4
114449,17,458,325,4
114466,17,465,460,3
114566,100,473,206,1
114582,17,480,436,3
114599,17,492,259,1
114615,17,504,333,4
114632,17,486,330,4
114649,17,476,328,4
114665,17,486,343,4
114682,17,478,330,4
114699,17,475,314,4
114715,17,487,351,4
114732,17,494,322,4
114749,17,486,329,4
114765,17,490,365,2
114782,17,497,354,4
114798,17,483,356,4
114815,17,494,347,4
114832,17,485,353,4
114848,17,483,347,4
114865,17,494,357,4
114882,17,490,345,4
114898,17,497,347,4
114915,17,495,340,4
114932,17,470,361,4
114948,17,474,331,4
114965,17,376,384,2
115164,200,561,849,0
115181,17,495,233,1
115198,17,480,409,2
115214,17,475,281,0
115231,17,497,362,4
115248,17,488,376,2
115264,17,477,356,4
115281,17,507,369,2
115298,17,491,391,2
115314,17,494,366,2
115331,17,475,388,2
115347,17,500,381,2
115364,17,499,369,2
115381,17,496,343,4
115397,17,497,380,2
115414,17,484,373,2
115431,17,489,373,2
115447,17,481,369,2
115464,17,471,379,2
115481,17,490,368,2
115497,17,487,378,2
115514,17,477,381,2
115530,17,486,373,2
115547,17,472,368,2
115564,17,473,362,4
115580,17,488,369,2
115597,17,490,386,2
115614,17,486,388,2
115630,17,488,391,2
115647,17,492,387,2
115663,17,492,383,2
115680,17,492,359,4
115697,17,490,383,2
115713,17,488,396,2
115730,17,484,383,2
115747,17,487,379,2
115763,17,489,394,2
115780,17,494,385,2
115797,17,490,379,2
115813,17,493,392,2
115830,17,493,366,2
115846,17,489,390,2
115863,17,487,368,2
115880,17,486,384,2
115896,17,485,388,2
115913,17,489,386,2
115930,17,493,392,2
115946,17,484,407,2
115963,17,489,414,2
115980,17,490,393,2
115996,17,489,387,2
116013,17,489,393,2
116029,17,482,398,2
116046,17,491,399,2
116063,17,481,406,2
116079,17,488,388,2
116096,17,483,396,2
116113,17,481,373,2
116129,17,497,404,2
116146,17,485,392,2
116179,33,481,403,2
116179,0,481,403,2
116196,17,477,389,2
116212,17,478,391,2
116229,17,482,408,2
116246,17,476,387,2
116262,17,484,391,2
116279,17,489,399,2
116296,17,502,396,2
116312,17,474,381,2
116329,17,464,375,2
116346,17,474,318,4
116362,17,491,339,4
116379,17,477,329,4
116395,17,467,357,4
116412,17,477,328,4
116429,17,477,348,4
116445,17,473,310,4
116462,17,482,327,4
116479,17,474,330,4
116495,17,470,319,4
116512,17,487,329,4
116529,17,482,319,4
116545,17,475,325,4
116562,17,472,335,4
116578,17,496,339,4
116595,17,474,337,4
116612,17,484,332,4
116628,17,491,345,4
116645,17,464,322,4
116662,17,492,340,4
116678,17,468,328,4
116695,17,471,344,4
116712,17,427,404,2
116828,116,548,1069,0
116845,17,485,14,0
116861,17,498,318,4
116878,17,508,318,4
116894,17,511,351,4
116911,17,504,333,4
116928,17,498,324,4
116944,17,503,338,4
116961,17,514,323,4
116978,17,509,333,4
116994,17,504,333,4
117011,17,500,315,4
117028,17,498,324,4
117044,17,493,338,4
117061,17,506,349,4
117077,17,503,309,4
117094,17,497,340,4
117111,17,496,324,4
117127,17,512,329,4
117144,17,495,341,4
117161,17,513,345,4
117177,17,500,314,4
117194,17,504,342,4
117211,17,496,332,4
117227,17,494,414,2
117244,17,496,408,2
117260,17,478,392,2
117277,17,474,400,2
117294,17,487,403,2
117310,17,480,389,2
117327,17,481,394,2
117344,17,502,396,2
117360,17,488,403,2
117377,17,474,392,2
117394,17,480,383,2
117410,17,501,380,2
117427,17,487,385,2
117443,17,474,399,2
117460,17,485,409,2
117477,17,478,399,2
117493,17,478,375,2
117510,17,492,382,2
117527,17,486,413,2
117543,17,476,393,2
117560,17,483,382,2
117577,17,479,400,2
117593,17,465,425,3
117610,17,475,380,2
117626,17,492,407,2
117643,17,478,390,2
117660,17,470,373,2
117676,17,471,406,2
117693,17,474,412,2
117710,17,474,389,2
117726,17,477,402,2
117743,17,472,399,2
117760,17,469,394,2
117776,17,481,409,2
117793,17,465,420,3
117809,17,465,395,2
117826,17,464,390,2
117843,17,468,380,2
117859,17,470,384,2
117876,17,464,384,2
117893,17,467,386,2
117909,17,500,405,2
117926,17,472,380,2
117942,17,495,391,2
117959,17,500,355,4
117976,17,475,352,4
117992,17,483,358,4
118009,17,486,370,2
118026,17,478,359,4
118042,17,492,347,4
118059,17,481,370,2
118076,17,475,353,4
118092,17,497,333,4
118109,17,481,338,4
118125,17,484,335,4
118142,17,469,448,3
118308,166,478,96,0
118325,17,494,356,4
118342,17,504,259,1
118358,17,503,304,4
118375,17,508,318,4
118392,17,500,300,4
118408,17,505,293,4
118425,17,501,306,4
118442,17,501,303,4
118458,17,503,317,4
118475,17,501,310,4
118491,17,504,315,4
118508,17,496,308,4
118525,17,499,344,4
118541,17,505,314,4
118558,17,495,306,4
118575,17,498,315,4
118591,17,509,326,4
118608,17,513,317,4
118625,17,499,333,4
118641,17,508,333,4
118658,17,500,332,4
118674,17,503,339,4
118691,17,502,333,4
118708,17,497,340,4
118724,17,505,325,4
118741,17,507,343,4
118758,17,504,324,4
118774,17,506,329,4
118791,17,506,342,4
118808,17,506,323,4
118824,17,507,314,4
118841,17,508,345,4
118857,17,511,314,4
118874,17,507,316,4
118891,17,514,319,4
118907,17,507,323,4
118924,17,507,330,4
118941,17,508,333,4
118957,17,506,326,4
118974,17,509,349,4
118991,17,510,338,4
119007,17,506,324,4
119024,17,508,361,4
119040,17,511,363,4
119057,17,512,339,4
119074,17,499,334,4
119090,17,505,346,4
119107,17,507,330,4
119124,17,508,328,4
119140,17,507,340,4
119157,17,505,329,4
119173,17,498,343,4
119190,17,500,324,4
119207,17,502,337,4
119223,17,502,335,4
119240,17,509,339,4
119257,17,514,323,4
119273,17,501,335,4
119290,17,507,342,4
119307,17,500,324,4
119323,17,500,473,3
119490,166,463,1052,0
119506,17,407,113,0
119539,33,424,284,0
119556,17,433,347,4
119573,17,435,362,4
119589,17,421,354,4
119606,17,431,351,4
119623,17,427,372,2
119639,17,448,369,2
119656,17,425,358,4
119673,17,452,384,2
119689,17,442,349,4
119706,17,449,381,2
119722,17,453,357,4
119739,17,449,359,4
119806,67,439,355,4
119822,17,423,364,4
119839,17,435,395,2
119922,83,435,361,4
119939,17,434,374,2
119955,17,441,378,2
119972,17,440,378,2
120005,33,443,376,2
120088,83,441,385,2
120088,0,441,385,2
120105,17,442,385,2
120122,17,428,401,2
120138,17,417,384,2
120155,17,439,367,2
120172,17,440,392,2
120188,17,441,364,4
120205,17,445,402,2
120222,17,434,375,2
120238,17,442,390,2
120255,17,438,415,2
120271,17,436,374,2
120288,17,471,388,2
120305,17,476,384,2
120321,17,485,395,2
120338,17,476,395,2
120355,17,480,391,2
120371,17,476,405,2
120388,17,477,410,2
120404,17,479,391,2
120421,17,466,393,2
120438,17,477,388,2
120454,17,492,373,2
120471,17,478,400,2
120488,17,473,386,2
120504,17,495,389,2
120521,17,486,386,2
120538,17,487,392,2
120554,17,455,374,2
120571,17,472,417,2
120587,17,462,376,2
120604,17,490,332,4
120621,17,483,361,4
120637,17,486,344,4
120654,17,490,349,4
120671,17,492,346,4
120687,17,503,339,4
120704,17,506,335,4
120721,17,489,336,4
120737,17,500,333,4
120754,17,488,316,4
120770,17,474,341,4
120787,17,488,330,4
120804,17,485,314,4
120820,17,479,365,2
120837,17,491,322,4
120854,17,479,316,4
120870,17,485,325,4
120887,17,468,313,4
120904,17,455,317,4
120920,17,482,331,4
120937,17,465,317,4
120953,17,465,329,4
120970,17,471,308,4
120987,17,464,299,4
121003,17,472,319,4
121020,17,468,334,4
121037,17,469,306,4
121053,17,477,319,4
121070,17,460,324,4
121087,17,479,327,4
121103,17,475,329,4
121120,17,481,319,4
121136,17,482,302,4
121153,17,462,304,4
121170,17,463,310,4
121186,17,478,318,4
121203,17,476,302,4
121220,17,451,333,4
121236,17,455,323,4
121253,17,454,314,4
121270,17,462,341,4
121286,17,469,336,4
121303,17,463,337,4
121319,17,469,339,4
121336,17,481,375,2
121353,17,491,347,4
121369,17,504,363,4
121386,17,503,349,4
121403,17,484,347,4
121419,17,491,356,4
121436,17,484,340,4
121452,17,475,366,2
121469,17,490,363,4
121486,17,492,362,4
121502,17,494,368,2
121519,17,475,378,2
121536,17,487,370,2
121552,17,487,374,2
121569,17,490,384,2
121586,17,471,352,4
121602,17,484,341,4
121769,166,468,186,1
121785,17,466,58,0
121802,17,483,335,4
121818,17,481,385,2
121835,17,493,407,2
121852,17,501,416,2
121868,17,498,410,2
121885,17,495,412,2
121902,17,491,405,2
121918,17,483,407,2
121935,17,506,400,2
121952,17,492,387,2
121968,17,479,424,3
122018,50,495,412,2
122018,0,495,412,2
122035,17,497,422,3
122051,17,494,412,2
122068,17,506,409,2
122085,17,485,416,2
122101,17,515,407,2
122118,17,492,426,3
122135,17,488,413,2
122151,17,494,414,2
122168,17,509,439,3
122184,17,492,426,3
122201,17,485,426,3
122218,17,487,420,5
122234,17,505,422,3
122251,17,498,418,5
122268,17,499,419,5
122284,17,503,399,2
122301,17,500,403,2
122318,17,496,424,3
122334,17,504,406,2
122351,17,502,420,5
122367,17,497,401,2
122384,17,500,422,3
122401,17,499,434,3
122417,17,497,421,5
122434,17,503,425,3
122451,17,495,411,2
122467,17,490,407,2
122484,17,499,398,2
122501,17,497,404,2
122517,17,503,410,2
122534,17,498,425,3
122550,17,498,423,3
122567,17,496,420,5
122584,17,495,394,2
122600,17,497,418,5
122617,17,495,412,2
122634,17,480,429,3
122650,17,493,437,3
122667,17,497,416,2
122683,17,498,393,2
122700,17,486,418,5
122717,17,494,417,5
122733,17,498,414,2
122750,17,478,413,2
122767,17,501,410,2
122783,17,489,403,2
122800,17,495,419,5
122817,17,485,434,3
122833,17,488,447,3
122850,17,483,391,2
122866,17,496,432,3
122883,17,483,424,3
122900,17,496,407,2
122916,17,496,417,5
122933,17,487,404,2
122950,17,487,422,3
122966,17,494,328,4
122983,17,499,336,4
123033,50,477,334,4
123033,0,477,334,4
123049,17,484,333,4
123066,17,501,339,4
123083,17,500,330,4
123099,17,479,342,4
123116,17,495,331,4
123133,17,496,323,4
123149,17,485,337,4
123166,17,485,327,4
123183,17,487,332,4
123199,17,500,333,4
123216,17,478,337,4
123232,17,478,335,4
123249,17,494,325,4
123266,17,495,318,4
123282,17,469,332,4
123299,17,493,320,4
123316,17,475,728,3
123449,133,470,261,0
123465,17,464,430,3
123482,17,465,289,4
123499,17,464,362,4
123515,17,471,348,4
123532,17,464,352,4
123549,17,468,352,4
123565,17,474,374,2
123582,17,469,363,4
123598,17,470,351,4
123615,17,470,356,4
123632,17,466,352,4
123648,17,473,351,4
123665,17,470,358,4
123682,17,465,346,4
123698,17,467,351,4
123715,17,465,358,4
123731,17,476,370,2
123748,17,471,369,2
123765,17,472,369,2
123781,17,466,367,2
123798,17,466,379,2
123815,17,468,365,2
123831,17,469,376,2
123848,17,477,360,4
123865,17,481,371,2
123881,17,473,368,2
123898,17,474,371,2
123914,17,476,376,2
123931,17,476,367,2
123948,17,467,361,4
123964,17,475,374,2
123981,17,465,363,4
123998,17,477,367,2
124014,17,470,369,2
124031,17,474,390,2
124048,17,472,359,4
124064,17,479,407,2
124081,17,470,378,2
124097,17,470,362,4
124114,17,476,365,2
124131,17,477,369,2
124147,17,469,366,2
124164,17,469,371,2
124181,17,472,380,2
124197,17,471,389,2
124214,17,472,384,2
124231,17,469,379,2
124247,17,468,364,4
124264,17,467,380,2
124280,17,469,393,2
124297,17,457,379,2
124314,17,467,362,4
124330,17,470,357,4
124347,17,467,371,2
124364,17,471,354,4
124380,17,473,409,2
124397,17,477,391,2
124414,17,471,384,2
124430,17,468,356,4
124447,17,493,375,2
124463,17,488,357,4
124480,17,496,346,4
124497,17,494,361,4
124513,17,492,361,4
124530,17,501,371,2
124547,17,500,368,2
124563,17,499,370,2
124580,17,488,364,4
124597,17,487,361,4
124613,17,497,354,4
124630,17,498,373,2
124646,17,495,374,2
124663,17,499,374,2
124680,17,495,356,4
124696,17,495,365,2
124713,17,498,354,4
124730,17,487,365,2
124746,17,492,319,4
124763,17,495,331,4
124780,17,493,340,4
124796,17,492,320,4
124813,17,490,330,4
124829,17,500,331,4
124846,17,484,328,4
124863,17,494,327,4
124879,17,494,316,4
124896,17,485,316,4
124913,17,497,330,4
124929,17,499,316,4
124946,17,495,329,4
124962,17,496,337,4
124979,17,492,343,4
124996,17,486,348,4
125012,17,485,341,4
125029,17,486,302,4
125046,17,488,351,4
125062,17,493,344,4
125079,17,490,331,4
125096,17,482,322,4
125112,17,497,344,4
125129,17,495,331,4
125145,17,506,372,2
125162,17,494,340,4
125179,17,499,346,4
125195,17,494,327,4
125212,17,502,355,4
125378,166,494,237,1
125395,17,500,425,3
125412,17,496,384,2
125428,17,505,399,2
125445,17,506,387,2
125462,17,508,390,2
125478,17,508,394,2
125495,17,509,397,2
125511,17,507,391,2
125528,17,503,388,2
125545,17,507,382,2
125561,17,518,373,2
125578,17,513,363,4
125595,17,499,385,2
125611,17,509,385,2
125628,17,512,401,2
125645,17,510,380,2
125661,17,510,399,2
125678,17,494,391,2
125694,17,509,392,2
125711,17,511,395,2
125728,17,505,380,2
125744,17,496,389,2
125761,17,515,387,2
125794,33,503,395,2
125811,17,503,403,2
125828,17,511,383,2
125844,17,500,378,2
125861,17,514,390,2
125877,17,494,377,2
125894,17,516,384,2
125911,17,510,365,2
125927,17,506,380,2
125944,17,513,380,2
125961,17,509,369,2
125977,17,512,372,2
125994,17,512,360,4
126010,17,503,363,4
126027,17,498,341,4
126044,17,508,366,2
126060,17,498,378,2
126077,17,520,346,4
126094,17,508,353,4
126110,17,513,358,4
126127,17,509,348,4
126144,17,513,369,2
126160,17,511,340,4
126177,17,511,351,4
126193,17,506,365,2
126210,17,502,378,2
126227,17,509,378,2
126243,17,505,363,4
126260,17,500,334,4
126277,17,499,341,4
126293,17,499,368,2
126310,17,497,345,4
126327,17,491,358,4
126343,17,483,318,4
126360,17,486,349,4
126376,17,485,330,4
126393,17,490,327,4
126410,17,496,349,4
126426,17,489,347,4
126443,17,492,356,4
126460,17,503,348,4
126476,17,487,354,4
126493,17,490,359,4
126510,17,487,344,4
126543,33,490,291,4
126559,17,490,313,4
126576,17,496,301,4
126593,17,490,302,4
126609,17,493,292,4
126626,17,495,277,0
126643,17,487,274,0
126659,17,488,279,0
126676,17,487,309,4
126693,17,497,314,4
126709,17,489,294,4
126726,17,492,300,4
126742,17,487,264,0
126759,17,491,285,0
126776,17,495,246,1
126792,17,492,269,0
126809,17,490,275,0
126826,17,500,284,0
126842,17,492,262,0
126859,17,491,276,0
126876,17,494,259,1
126892,17,498,260,0
126909,17,496,281,0
126925,17,492,260,0
126942,17,491,249,1
126959,17,491,252,1
126975,17,488,274,0
126992,17,496,713,3
127125,133,947,545,3
127142,17,678,381,2
127158,17,671,219,1
127175,17,663,277,0
127192,17,663,278,0
127208,17,659,267,0
127225,17,665,263,0
127241,17,658,263,0
127258,17,661,322,0
127275,17,662,274,0
127291,17,661,285,0
127308,17,657,266,0
127325,17,523,371,2
127341,17,468,330,4
127358,17,474,332,4
127375,17,470,365,2
127391,17,465,359,4
127408,17,467,338,4
127424,17,473,351,4
127441,17,468,372,2
127458,17,471,366,2
127474,17,464,359,4
127491,17,465,367,2
127508,17,466,347,4
127524,17,472,333,4
127541,17,467,380,2
127558,17,479,377,2
127574,17,475,385,2
127591,17,473,364,4
127607,17,471,365,2
127624,17,470,349,4
127641,17,469,348,4
127657,17,473,372,2
127674,17,484,365,2
127691,17,480,376,2
127707,17,466,373,2
127724,17,538,344,4
127741,17,536,369,2
127757,17,540,339,4
127774,17,547,334,4
127790,17,537,334,4
127807,17,539,323,4
127824,17,548,376,2
127840,17,544,348,4
127857,17,541,335,4
127874,17,533,366,2
127890,17,545,350,4
127907,17,541,350,4
127924,17,542,343,4
127940,17,539,349,4
127957,17,532,353,4
127973,17,538,358,4
127990,17,538,360,4
128007,17,542,358,4
128023,17,540,363,4
128040,17,492,367,2
128057,17,497,345,4
128073,17,498,365,2
128090,17,506,346,4
128107,17,504,351,4
128123,17,490,349,4
128140,17,496,340,4
128156,17,494,352,4
128173,17,501,345,4
128190,17,488,336,4
128206,17,494,343,4
128223,17,491,339,4
128240,17,491,377,2
128256,17,480,338,4
128273,17,491,351,4
128289,17,494,367,2
128306,17,487,363,4
128323,17,490,375,2
128339,17,481,334,4
128356,17,502,355,4
128373,17,482,360,4
128389,17,487,367,2
128406,17,494,368,2
128423,17,483,364,4
128439,17,483,385,2
128456,17,497,383,2
128472,17,487,361,4
128489,17,498,342,4
128506,17,487,339,4
128522,17,489,342,4
128539,17,488,345,4
128556,17,504,347,4
128572,17,496,340,4
128589,17,477,331,4
128606,17,496,348,4
128622,17,486,358,4
128639,17,492,363,4
128655,17,480,361,4
128672,17,494,353,4
128689,17,497,342,4
128705,17,482,381,2
128722,17,496,398,2
128739,17,487,400,2
128755,17,488,396,2
128772,17,482,400,2
128789,17,501,401,2
128805,17,482,410,2
128822,17,476,446,3
128838,17,478,436,3
128855,17,484,443,3
128872,17,484,453,3
128888,17,492,461,3
128905,17,481,444,3
128922,17,480,450,3
128938,17,480,470,3
128955,17,481,457,3
128972,17,473,452,3
128988,17,484,445,3
129005,17,481,443,3
129021,17,478,439,3
129038,17,477,445,3
129055,17,487,453,3
129071,17,482,447,3
129088,17,479,444,3
129105,17,483,440,3
129121,17,486,468,3
129138,17,479,473,3
129155,17,482,452,3
129171,17,360,504,3
129238,67,519,479,3
129254,17,526,458,3
129271,17,513,349,4
129288,17,516,369,2
129304,17,520,377,2
129321,17,526,378,2
129338,17,517,341,4
129354,17,526,324,4
129371,17,533,374,2
129387,17,513,368,2
129404,17,524,367,2
129421,17,514,371,2
129437,17,521,375,2
129454,17,527,363,4
129471,17,518,325,4
129487,17,528,356,4
129504,17,508,374,2
129520,17,521,358,4
129537,17,521,369,2
129554,17,522,377,2
129570,17,519,368,2
129587,17,523,365,2
129604,17,523,365,2
129620,17,527,357,4
129637,17,523,374,2
129654,17,515,367,2
129670,17,522,369,2
129687,17,522,390,2
129703,17,522,377,2
129720,17,527,370,2
129737,17,516,366,2
129753,17,516,362,4
129770,17,524,350,4
129787,17,523,353,4
129803,17,524,349,4
129820,17,527,350,4
129837,17,525,354,4
129853,17,519,377,2
129870,17,492,337,4
129886,17,467,345,4
129903,17,456,358,4
129920,17,453,334,4
129936,17,456,350,4
129953,17,452,343,4
129970,17,456,357,4
129986,17,462,345,4
130003,17,455,340,4
130020,17,452,310,4
130036,17,466,358,4
130053,17,270,869,0
130302,250,533,500,3
130336,33,523,315,4
130352,17,528,333,4
130369,17,518,343,4
130386,17,532,367,2
130402,17,535,348,4
130419,17,532,365,2
130435,17,536,339,4
130452,17,530,344,4
130469,17,536,354,4
130485,17,519,363,4
130502,17,525,371,2
130519,17,522,381,2
130535,17,533,371,2
130552,17,524,371,2
130568,17,539,359,4
130585,17,530,363,4
130602,17,529,364,4
130618,17,531,357,4
130635,17,535,354,4
130652,17,537,368,2
130668,17,535,374,2
130685,17,532,364,4
130702,17,528,366,2
130718,17,535,390,2
130735,17,532,365,2
130751,17,531,364,4
130768,17,531,356,4
130785,17,557,872,0
130901,116,501,11,0
130918,17,551,277,0
130934,17,550,342,4
130951,17,550,334,4
130968,17,550,318,4
130984,17,556,328,4
131001,17,549,324,4
131018,17,552,320,4
131034,17,551,321,4
131051,17,556,344,4
131068,17,558,323,4
131084,17,551,336,4
131101,17,553,353,4
131117,17,552,317,4
131134,17,557,311,4
131151,17,545,330,4
131167,17,552,338,4
131184,17,552,329,4
131201,17,549,336,4
131217,17,547,321,4
131234,17,548,329,4
131251,17,548,323,4
131267,17,560,343,4
131284,17,551,332,4
131300,17,554,325,4
131317,17,556,342,4
131334,17,546,331,4
131350,17,553,350,4
131367,17,553,359,4
131384,17,553,333,4
131400,17,556,354,4
131417,17,556,350,4
131434,17,557,318,4
131450,17,506,362,4
131633,183,534,236,1
131650,17,523,29,0
131666,17,546,422,3
131683,17,546,450,3
131700,17,555,439,3
131716,17,553,466,3
131733,17,544,456,3
131750,17,549,463,3
131766,17,552,476,3
131783,17,550,459,3
131799,17,546,445,3
131816,17,560,477,3
131833,17,549,467,3
131849,17,553,457,3
131866,17,548,457,3
131883,17,545,475,3
131899,17,547,467,3
131916,17,543,483,3
131933,17,544,475,3
131949,17,546,484,3
131966,17,553,486,3
131982,17,542,488,3
131999,17,550,498,3
132016,17,554,485,3
132032,17,552,493,3
132049,17,555,470,3
132066,17,553,480,3
132082,17,543,384,2
132099,17,547,377,2
132116,17,552,355,4
132132,17,549,336,4
132149,17,551,311,4
132165,17,544,355,4
132182,17,545,342,4
132199,17,543,331,4
132215,17,541,347,4
132232,17,543,365,2
132249,17,541,363,4
132265,17,539,367,2
132282,17,542,309,4
132299,17,539,366,2
132315,17,539,358,4
132332,17,544,360,4
132348,17,537,362,4
132365,17,543,341,4
132382,17,540,370,2
132398,17,541,360,4
132415,17,539,357,4
132432,17,540,365,2
132448,17,542,367,2
132465,17,538,363,4
132482,17,542,363,4
132498,17,515,369,2
132515,17,498,367,2
132531,17,488,363,4
132548,17,485,386,2
132565,17,490,370,2
132581,17,487,384,2
132598,17,488,372,2
132615,17,486,365,2
132631,17,488,374,2
132648,17,487,383,2
132665,17,485,375,2
132681,17,484,387,2
132698,17,492,387,2
132714,17,485,377,2
132731,17,491,383,2
132748,17,486,357,4
132764,17,487,366,2
132781,17,490,373,2
132798,17,479,377,2
132814,17,491,372,2
132831,17,491,359,4
132848,17,487,390,2
132864,17,484,368,2
132881,17,485,361,4
132897,17,486,372,2
132914,17,493,368,2
132931,17,488,386,2
132947,17,493,381,2
132964,17,486,424,3
132981,17,489,404,2
132997,17,480,401,2
133014,17,491,416,2
133030,17,486,400,2
133047,17,487,394,2
133064,17,477,404,2
133080,17,482,396,2
133097,17,487,429,3
133114,17,483,415,2
133130,17,487,399,2
133147,17,475,470,3
133164,17,469,419,3
133180,17,465,445,3
133197,17,466,428,3
133213,17,479,453,3
133230,17,471,442,3
133247,17,466,445,3
133263,17,478,435,3
133280,17,481,462,3
133297,17,473,446,3
133313,17,470,473,3
133330,17,476,458,3
133347,17,475,431,3
133363,17,476,461,3
133380,17,477,434,3
133396,17,471,467,3
133413,17,463,448,3
133430,17,464,423,3
133446,17,476,445,3
133463,17,480,447,3
133480,17,491,421,5
133496,17,476,437,3
133513,17,478,449,3
133530,17,492,362,4
133546,17,498,368,2
133563,17,506,368,2
133579,17,505,377,2
133596,17,501,368,2
133613,17,504,357,4
133629,17,507,374,2
133646,17,498,372,2
133663,17,507,349,4
133679,17,504,380,2
133696,17,498,378,2
133713,17,505,379,2
133729,17,497,379,2
133746,17,512,378,2
133762,17,497,366,2
133779,17,510,380,2
133796,17,508,380,2
133812,17,502,369,2
133829,17,506,386,2
133846,17,511,383,2
133862,17,505,378,2
133879,17,510,371,2
133896,17,509,360,4
133912,17,499,495,3
134012,100,519,1028,0
134029,17,405,82,0
134045,17,521,377,2
134062,17,494,352,4
134078,17,509,335,4
134095,17,502,347,4
134112,17,497,359,4
134128,17,504,340,4
134145,17,507,333,4
134162,17,501,348,4
134178,17,505,336,4
134195,17,494,362,4
134212,17,496,347,4
134228,17,492,343,4
134245,17,486,327,4
134261,17,489,338,4
134278,17,471,314,4
134295,17,475,303,4
134311,17,459,267,0
134328,17,480,306,4
134345,17,473,297,4
134361,17,464,275,0
134378,17,456,257,1
134395,17,455,288,4
134411,17,468,295,4
134428,17,470,319,4
134444,17,455,287,0
134461,17,457,292,4
134478,17,461,296,4
134494,17,458,273,0
134511,17,461,289,4
134528,17,440,265,0
134544,17,453,300,4
134561,17,446,262,0
134578,17,444,275,0
134594,17,443,265,0
134611,17,447,256,1
134627,17,443,259,1
134644,17,437,274,0
134661,17,444,262,0
134677,17,446,283,0
134694,17,438,291,4
134711,17,444,265,0
134727,17,448,292,4
134744,17,447,255,1
134761,17,445,276,0
134777,17,456,227,1
134794,17,459,262,0
134810,17,465,250,1
134827,17,460,271,0
134844,17,465,272,0
134860,17,460,282,0
134877,17,462,273,0
134894,17,460,276,0
134910,17,463,283,0
134927,17,464,275,0
134944,17,462,262,0
134960,17,461,246,1
134977,17,442,328,4
134993,17,367,449,3
135010,17,352,555,3
135027,17,340,521,3
135043,17,346,534,3
135060,17,337,536,3
135077,17,329,556,3
135093,17,329,548,3
135110,17,339,550,3
135127,17,316,534,3
135143,17,325,555,3
135160,17,339,522,3
135176,17,354,533,3
135193,17,343,533,3
135210,17,341,527,3
135226,17,338,548,3
135243,17,359,538,3
135260,17,352,540,3
135276,17,354,549,3
135293,17,346,525,3
135309,17,355,527,3
135326,17,338,532,3
135343,17,342,538,3
135359,17,340,535,3
135376,17,338,531,3
135393,17,409,406,2
135409,17,476,352,4
135426,17,488,346,4
135443,17,489,383,2
135459,17,493,358,4
135476,17,480,341,4
135492,17,495,344,4
135509,17,491,348,4
135526,17,491,352,4
135542,17,488,334,4
135559,17,491,374,2
135576,17,496,348,4
135592,17,477,329,4
135609,17,301,888,0
135725,116,453,202,1
135742,17,485,386,2
135759,17,491,336,4
135775,17,487,377,2
135792,17,487,345,4
135809,17,481,367,2
135825,17,505,383,2
135842,17,481,373,2
135858,17,484,377,2
135875,17,481,357,4
135892,17,482,377,2
135908,17,482,362,4
135925,17,489,384,2
135942,17,484,393,2
135958,17,485,388,2
135975,17,483,350,4
135992,17,493,386,2
136008,17,488,385,2
136025,17,489,368,2
136041,17,487,359,4
136058,17,486,381,2
136075,17,494,364,4
136091,17,484,390,2
136108,17,489,368,2
136125,17,482,363,4
136141,17,481,386,2
136158,17,487,372,2
136175,17,486,378,2
136191,17,485,397,2
136208,17,485,379,2
136224,17,494,397,2
136241,17,487,378,2
136258,17,493,363,4
136274,17,490,375,2
136291,17,485,379,2
136308,17,491,395,2
136324,17,487,389,2
136341,17,490,364,4
136357,17,488,375,2
136374,17,485,374,2
136391,17,482,383,2
136407,17,494,366,2
136424,17,491,352,4
136441,17,486,349,4
136457,17,484,365,2
136474,17,490,374,2
136491,17,481,347,4
136507,17,483,383,2
136524,17,481,370,2
136540,17,479,339,4
136557,17,477,358,4
136574,17,482,353,4
136590,17,481,373,2
136607,17,478,343,4
136624,17,484,333,4
136640,17,480,364,4
136657,17,486,337,4
136674,17,487,341,4
136690,17,473,375,2
136707,17,487,360,4
136723,17,487,387,2
136740,17,471,302,4
136757,17,486,339,4
136773,17,483,333,4
136790,17,484,344,4
136807,17,492,331,4
136823,17,488,342,4
136840,17,479,322,4
136857,17,490,340,4
136873,17,483,349,4
136890,17,488,348,4
136906,17,482,334,4
136923,17,480,317,4
136940,17,490,331,4
136956,17,479,331,4
136973,17,481,317,4
136990,17,484,358,4
137006,17,487,334,4
137023,17,481,338,4
137040,17,475,348,4
137056,17,489,320,4
137073,17,493,324,4
137089,17,493,312,4
137106,17,487,329,4
137123,17,483,317,4
137139,17,500,338,4
137156,17,413,489,3
137173,17,508,467,3
137189,17,503,400,2
137206,17,565,101,0
137223,17,510,414,2
137239,17,509,493,3
137256,17,509,468,3
137272,17,514,503,3
137289,17,517,495,3
137306,17,516,470,3
137322,17,526,489,3
137339,17,515,497,3
137356,17,515,503,3
137372,17,513,496,3
137389,17,507,478,3
137406,17,505,489,3
137422,17,504,471,3
137439,17,511,488,3
137455,17,507,462,3
137472,17,509,451,3
137672,200,492,425,3
137688,17,478,14,0
137705,17,489,366,2
137722,17,497,440,3
137738,17,496,427,3
137755,17,494,460,3
137771,17,500,436,3
137788,17,495,441,3
137805,17,501,435,3
137821,17,506,444,3
137838,17,492,465,3
137855,17,491,439,3
137871,17,496,493,3
137888,17,494,471,3
137905,17,489,482,3
137921,17,496,479,3
137938,17,481,463,3
137954,17,492,471,3
137971,17,502,464,3
137988,17,481,468,3
138004,17,486,490,3
138021,17,490,481,3
138038,17,502,501,3
138054,17,496,491,3
138071,17,483,489,3
138088,17,488,493,3
138104,17,495,459,3
138121,17,492,498,3
138137,17,490,502,3
138287,150,488,489,3
138287,0,488,489,3
138304,17,485,478,3
138320,17,491,455,3
138337,17,485,486,3
138354,17,494,485,3
138370,17,491,449,3
138387,17,494,470,3
138404,17,488,472,3
138420,17,487,484,3
138437,17,487,502,3
138454,17,488,481,3
138470,17,490,481,3
138487,17,488,465,3
138503,17,481,490,3
138520,17,495,499,3
138537,17,489,492,3
138553,17,488,471,3
138570,17,489,496,3
138587,17,490,496,3
138603,17,494,485,3
138620,17,492,458,3
138636,17,488,483,3
138653,17,493,496,3
138670,17,490,480,3
138686,17,488,471,3
138703,17,495,481,3
138720,17,487,482,3
138736,17,486,477,3
138753,17,487,482,3
138770,17,485,472,3
138786,17,481,497,3
138803,17,491,467,3
138819,17,493,473,3
138836,17,491,484,3
138853,17,490,473,3
138869,17,481,504,3
139036,166,543,381,2
139052,17,483,371,2
139086,33,501,408,2
139102,17,492,417,5
139119,17,493,438,3
139136,17,499,423,3
139152,17,491,441,3
139169,17,492,437,3
139185,17,493,443,3
139202,17,496,423,3
139219,17,491,430,3
139235,17,497,445,3
139252,17,498,450,3
139269,17,495,441,3
139285,17,495,452,3
139302,17,495,416,2
139319,17,494,452,3
139335,17,492,444,3
139352,17,495,442,3
139368,17,500,445,3
139385,17,498,451,3
139402,17,495,432,3
139418,17,489,467,3
139435,17,495,364,4
139452,17,501,369,2
139468,17,494,371,2
139485,17,497,371,2
139502,17,496,374,2
139518,17,501,349,4
139535,17,490,371,2
139551,17,494,369,2
139568,17,490,345,4
139585,17,495,363,4
139601,17,496,352,4
139618,17,494,356,4
139635,17,493,350,4
139651,17,483,352,4
139668,17,490,347,4
139685,17,496,355,4
139701,17,500,368,2
139718,17,494,371,2
139734,17,490,356,4
139751,17,492,331,4
139768,17,495,345,4
139784,17,495,361,4
139801,17,496,360,4
139818,17,494,345,4
139834,17,493,366,2
139851,17,476,184,1
140017,166,535,1069,0
140034,17,477,179,1
140050,17,492,6,0
140067,17,491,256,1
140084,17,490,351,4
140100,17,488,347,4
140117,17,488,336,4
140134,17,483,340,4
140150,17,490,350,4
140167,17,493,338,4
140184,17,494,353,4
140200,17,488,362,4
140217,17,487,343,4
140233,17,496,341,4
140250,17,491,363,4
140267,17,488,358,4
140283,17,494,346,4
140300,17,489,331,4
140317,17,496,353,4
140333,17,489,371,2
140350,17,486,350,4
140367,17,494,376,2
140383,17,488,381,2
140400,17,492,362,4
140416,17,491,365,2
140433,17,488,365,2
140450,17,489,344,4
140466,17,491,357,4
140483,17,493,362,4
140500,17,492,358,4
140550,50,494,355,4
140566,17,486,343,4
140583,17,489,358,4
140599,17,491,380,2
140616,17,492,346,4
140633,17,487,349,4
140649,17,482,347,4
140666,17,485,372,2
140683,17,485,350,4
140699,17,489,352,4
140716,17,493,350,4
140733,17,488,353,4
140749,17,491,336,4
140766,17,486,342,4
140782,17,487,313,4
140799,17,491,332,4
140816,17,488,341,4
140832,17,485,343,4
140849,17,488,354,4
140866,17,485,347,4
140882,17,487,342,4
140899,17,489,371,2
140916,17,487,359,4
140932,17,487,348,4
140949,17,487,361,4
140965,17,486,348,4
140982,17,507,370,2
140999,17,505,354,4
141015,17,502,342,4
141032,17,504,375,2
141049,17,502,354,4
141065,17,509,349,4
141082,17,501,369,2
141098,17,506,385,2
141115,17,510,373,2
141132,17,502,358,4
141148,17,515,389,2
141165,17,504,373,2
141182,17,500,371,2
141198,17,504,355,4
141215,17,503,371,2
141232,17,503,372,2
141248,17,500,353,4
141265,17,503,382,2
141281,17,507,391,2
141298,17,505,347,4
141315,17,503,350,4
141331,17,512,356,4
141348,17,503,344,4
141365,17,513,364,4
141381,17,501,371,2
141398,17,507,350,4
141415,17,498,342,4
141431,17,507,352,4
141448,17,503,385,2
141464,17,509,371,2
141481,17,506,358,4
141498,17,507,356,4
141514,17,498,365,2
141531,17,506,356,4
141548,17,502,484,3
141564,17,512,499,3
141581,17,504,501,3
141598,17,501,469,3
141614,17,495,492,3
141631,17,485,518,3
141647,17,480,513,3
141664,17,486,504,3
141681,17,489,503,3
141697,17,496,497,3
141714,17,487,531,3
141731,17,490,515,3
141747,17,496,514,3
141764,17,494,541,3
141781,17,483,501,3
141797,17,493,508,3
141814,17,498,491,3
141830,17,483,512,3
141847,17,486,516,3
141864,17,500,513,3
141880,17,496,495,3
141897,17,490,456,3
141914,17,483,395,2
141930,17,488,403,2
141947,17,500,386,2
141964,17,493,391,2
141980,17,481,392,2
141997,17,500,384,2
142013,17,490,383,2
142030,17,490,384,2
142047,17,491,377,2
142063,17,485,389,2
142080,17,486,369,2
142097,17,498,369,2
142113,17,492,361,4
142130,17,501,326,4
142146,17,497,366,2
142163,17,488,366,2
142180,17,507,331,4
142196,17,501,349,4
142213,17,502,372,2
142230,17,513,363,4
142246,17,503,383,2
142263,17,504,360,4
142280,17,501,355,4
142296,17,499,366,2
142313,17,504,358,4
142329,17,510,349,4
142346,17,506,351,4
142363,17,502,377,2
142379,17,496,359,4
142396,17,499,371,2
142413,17,498,350,4
142429,17,505,366,2
142446,17,512,359,4
142463,17,503,352,4
142479,17,499,367,2
142496,17,486,306,4
142646,150,493,200,1
142662,17,487,1,0
142679,17,508,348,4
142695,17,491,370,2
142712,17,507,355,4
142729,17,496,367,2
142745,17,506,382,2
142762,17,501,373,2
142779,17,503,373,2
142795,17,498,352,4
142812,17,496,362,4
142829,17,500,371,2
142845,17,505,346,4
142862,17,493,357,4
142878,17,503,362,4
142895,17,508,369,2
142912,17,505,386,2
142928,17,506,362,4
142945,17,504,371,2
142962,17,495,369,2
142978,17,494,393,2
142995,17,499,390,2
143012,17,506,382,2
143028,17,498,376,2
143045,17,492,382,2
143061,17,499,389,2
143078,17,510,389,2
143095,17,503,387,2
143111,17,496,379,2
143128,17,499,389,2
143145,17,499,382,2
143161,17,496,377,2
143178,17,496,368,2
143195,17,498,365,2
143211,17,507,379,2
143228,17,483,364,4
143244,17,478,392,2
143261,17,480,383,2
143278,17,470,372,2
143294,17,477,374,2
143311,17,475,376,2
143328,17,474,382,2
143344,17,465,380,2
143361,17,478,367,2
143377,17,436,382,2
143394,17,452,382,2
143411,17,437,377,2
143427,17,450,397,2
143444,17,443,348,4
143461,17,449,371,2
143477,17,448,365,2
143494,17,428,365,2
143511,17,437,377,2
143527,17,435,380,2
143544,17,449,651,3
143610,67,474,440,3
143627,17,507,358,4
143644,17,508,317,4
143660,17,512,323,4
143677,17,512,350,4
143694,17,506,311,4
143710,17,513,319,4
143727,17,509,330,4
143743,17,514,338,4
143760,17,508,333,4
143777,17,510,314,4
143793,17,514,354,4
143810,17,509,316,4
143827,17,507,318,4
143843,17,501,344,4
143860,17,510,329,4
143877,17,513,337,4
143893,17,507,321,4
143910,17,503,342,4
143926,17,510,324,4
143943,17,506,305,4
143960,17,502,343,4
143976,17,510,321,4
143993,17,506,342,4
144010,17,507,327,4
144026,17,510,336,4
144043,17,435,351,4
144193,150,485,98,0
144226,33,496,365,2
144243,17,502,364,4
144259,17,496,358,4
144276,17,500,355,4
144292,17,500,374,2
144309,17,502,335,4
144326,17,496,373,2
144342,17,495,337,4
144359,17,496,348,4
144376,17,494,351,4
144392,17,502,351,4
144409,17,516,368,2
144425,17,494,355,4
144442,17,495,388,2
144459,17,502,364,4
144475,17,500,352,4
144492,17,496,350,4
144509,17,497,386,2
144525,17,503,387,2
144542,17,497,393,2
144559,17,494,345,4
144575,17,495,402,2
144592,17,498,378,2
144608,17,493,380,2
144625,17,476,379,2
144642,17,446,337,4
144658,17,413,350,0
144675,17,410,331,0
144692,17,410,308,0
144708,17,404,341,0
144725,17,404,334,0
144925,200,217,125,0
144958,33,255,290,0
144974,17,261,314,0
144991,17,255,312,0
145008,17,242,307,0
145024,17,260,291,0
145041,17,233,298,0
145058,17,250,292,0
145074,17,236,291,0
145091,17,242,269,0
145108,17,248,323,0
145124,17,245,292,0
145141,17,243,309,0
145157,17,246,308,0
145174,17,235,322,0
145191,17,336,314,0
145207,17,419,308,4
145224,17,482,303,4
145241,17,476,343,4
145257,17,480,314,4
145274,17,485,313,4
145291,17,481,319,4
145307,17,479,337,4
145324,17,478,315,4
145340,17,481,321,4
145357,17,483,311,4
145374,17,484,325,4
145390,17,479,333,4
145407,17,482,302,4
145424,17,478,310,4
145440,17,478,319,4
145457,17,481,329,4
145474,17,481,322,4
145490,17,481,308,4
145507,17,484,325,4
145523,17,485,312,4
145540,17,479,321,4
145557,17,480,299,4
145573,17,478,325,4
145590,17,481,312,4
145607,17,476,331,4
145623,17,477,322,4
145640,17,435,308,4
145656,17,352,288,0
145673,17,269,247,0
145690,17,237,159,0
145706,17,239,219,0
145723,17,239,224,0
145740,17,226,223,0
145756,17,230,221,0
145773,17,228,220,0
145790,17,217,204,0
145806,17,220,205,0
145823,17,226,189,0
145839,17,229,195,0
145856,17,232,169,0
145873,17,220,181,0
145889,17,224,180,0
145906,17,220,228,0
145923,17,226,216,0
145939,17,227,234,0
145956,17,230,211,0
145973,17,229,224,0
145989,17,229,240,0
146006,17,225,203,0
146022,17,224,225,0
146039,17,226,208,0
146056,17,233,239,0
146072,17,235,192,0
146089,17,189,209,0
146106,17,191,203,0
146122,17,187,174,0
146139,17,195,194,0
146156,17,212,173,0
146172,17,210,181,0
146189,17,187,166,0
146205,17,191,185,0
146222,17,182,163,0
146239,17,177,153,0
146255,17,185,188,0
146272,17,191,211,0
146289,17,184,159,0
146305,17,195,238,0
146322,17,335,286,0
146339,17,424,332,4
146355,17,481,321,4
146372,17,478,344,4
146388,17,482,350,4
146405,17,481,345,4
146422,17,477,334,4
146438,17,482,307,4
146455,17,480,360,4
146472,17,485,367,2
146488,17,492,351,4
146671,183,518,164,1
146704,33,513,380,2
146721,17,509,362,4
146738,17,509,385,2
146754,17,497,378,2
146771,17,509,371,2
146788,17,512,382,2
146804,17,507,397,2
146821,17,515,357,4
146838,17,510,348,4
146854,17,511,358,4
146871,17,514,366,2
146887,17,507,361,4
146904,17,511,354,4
146921,17,395,374,2
146937,17,311,366,2
146954,17,298,363,0
146971,17,279,357,0
146987,17,289,337,0
147004,17,297,379,2
147021,17,295,377,2
147037,17,295,383,2
147054,17,301,390,2
147070,17,291,369,2
147087,17,294,364,0
147104,17,293,356,0
147120,17,291,374,2
147137,17,296,377,2
147154,17,298,372,2
147170,17,292,366,2
147187,17,287,374,2
147204,17,272,343,0
147220,17,287,368,2
147237,17,302,355,0
147253,17,290,366,2
147270,17,291,382,2
147287,17,295,386,2
147303,17,294,377,2
147320,17,287,382,2
147337,17,293,374,2
147353,17,279,369,2
147370,17,286,369,2
147387,17,288,374,2
147403,17,289,374,2
147420,17,280,382,2
147436,17,287,354,0
147453,17,299,354,0
147470,17,273,367,2
147486,17,310,382,2
147503,17,289,391,2
147520,17,288,386,2
147536,17,305,381,2
147553,17,290,381,2
147570,17,284,378,2
147586,17,309,360,0
147603,17,282,384,2
147619,17,294,384,2
147636,17,276,380,2
147653,17,251,384,2
147802,150,480,544,3
147819,17,474,55,0
147836,17,486,280,0
147852,17,481,320,4
147869,17,496,352,4
147886,17,507,365,2
147902,17,493,355,4
147919,17,493,340,4
147935,17,493,335,4
147952,17,493,339,4
147969,17,488,336,4
147985,17,500,337,4
148002,17,485,330,4
148019,17,491,332,4
148035,17,477,354,4
148052,17,490,343,4
148069,17,489,328,4
148085,17,487,336,4
148102,17,485,348,4
148118,17,486,360,4
148135,17,490,361,4
148152,17,479,352,4
148168,17,491,345,4
148185,17,488,354,4
148202,17,490,361,4
148218,17,490,341,4
148235,17,485,345,4
148252,17,485,349,4
148268,17,490,355,4
148285,17,489,329,4
148301,17,492,333,4
148318,17,487,341,4
148335,17,489,343,4
148351,17,500,342,4
148368,17,493,344,4
148385,17,496,371,2
148401,17,488,321,4
148418,17,492,356,4
148435,17,489,348,4
148451,17,491,328,4
148468,17,492,359,4
148484,17,492,350,4
148501,17,498,360,4
148518,17,491,353,4
148534,17,490,361,4
148551,17,497,355,4
148568,17,497,356,4
148584,17,494,356,4
148601,17,496,348,4
148618,17,500,346,4
148634,17,489,336,4
148651,17,492,351,4
148667,17,493,353,4
148684,17,472,354,4
148701,17,492,345,4
148717,17,493,343,4
148734,17,486,346,4
148751,17,484,368,2
148767,17,493,356,4
148784,17,490,334,4
148801,17,507,364,4
148817,17,487,339,4
148834,17,493,353,4
148850,17,493,352,4
148867,17,472,347,4
148884,17,479,354,4
148900,17,483,330,4
148917,17,485,350,4
148934,17,479,345,4
148950,17,490,344,4
148967,17,489,339,4
148983,17,464,320,4
149000,17,467,314,4
149017,17,466,313,4
149033,17,463,320,4
149050,17,476,331,4
149067,17,465,334,4
149083,17,460,308,4
149100,17,465,312,4
149117,17,469,321,4
149133,17,464,307,4
149150,17,475,310,4
149166,17,459,323,4
149183,17,467,333,4
149200,17,463,328,4
149216,17,467,349,4
149233,17,462,314,4
149250,17,461,325,4
149266,17,476,315,4
149283,17,466,303,4
149300,17,474,312,4
149316,17,449,300,4
149333,17,457,324,4
149349,17,453,328,4
149366,17,464,324,4
149383,17,455,320,4
149399,17,453,299,4
149416,17,465,318,4
149433,17,456,320,4
149449,17,454,307,4
149466,17,456,322,4
149483,17,438,316,4
149499,17,444,322,4
149516,17,460,310,4
149532,17,463,315,4
149549,17,445,326,4
149566,17,442,332,4
149582,17,471,322,4
149599,17,442,317,4
149616,17,465,315,4
149632,17,447,314,4
149649,17,445,314,4
149666,17,443,314,4
149682,17,436,333,4
149699,17,443,328,4
149715,17,457,318,4
149732,17,459,327,4
149749,17,453,330,4
149765,17,451,312,4
149782,17,455,300,4
149799,17,450,338,4
149815,17,443,325,4
149832,17,442,303,4
149849,17,443,307,4
149865,17,427,587,3
149965,100,425,591,3
149982,17,436,455,3
149998,17,411,146,1
150015,17,424,167,1
150032,17,432,191,1
150048,17,408,208,1
150065,17,420,198,1
150081,17,407,186,1
150098,17,412,229,1
150115,17,418,206,1
150131,17,423,206,1
150148,17,425,202,1
150165,17,444,251,1
150181,17,467,289,4
150198,17,454,293,4
150214,17,449,313,4
150231,17,451,298,4
150248,17,469,325,4
150264,17,456,308,4
150281,17,451,315,4
150298,17,451,299,4
150314,17,462,323,4
150331,17,456,303,4
150348,17,456,313,4
150364,17,461,308,4
150381,17,456,296,4
150397,17,454,318,4
150414,17,463,299,4
150431,17,458,308,4
150447,17,461,326,4
150464,17,462,299,4
150481,17,457,302,4
150497,17,453,288,4
150514,17,454,282,0
150531,17,451,308,4
150547,17,420,344,4
150564,17,336,417,2
150580,17,326,482,3
150597,17,331,458,3
150614,17,330,453,3
150630,17,319,465,3
150647,17,315,442,3
150664,17,308,468,3
150680,17,307,417,2
150697,17,315,424,3
150714,17,308,451,3
150730,17,304,438,3
150747,17,311,451,3
150763,17,298,436,3
150780,17,390,429,3
150913,133,381,509,3
150930,17,399,1066,0
150946,17,346,242,1
150963,17,347,77,0
150980,17,346,463,3
150996,17,345,466,3
151013,17,368,483,3
151030,17,366,469,3
151046,17,346,466,3
151063,17,358,480,3
151080,17,342,455,3
151096,17,356,494,3
151113,17,365,453,3
151129,17,357,442,3
151146,17,367,471,3
151163,17,448,576,3
151179,17,498,602,3
151196,17,487,601,3
151213,17,494,566,3
151229,17,496,586,3
151246,17,492,589,3
151263,17,490,608,3
151279,17,492,605,3
151296,17,498,598,3
151312,17,505,577,3
151329,17,503,611,3
151346,17,506,603,3
151362,17,495,626,3
151379,17,500,581,3
151396,17,494,599,3
151412,17,496,620,3
151429,17,506,614,3
151445,17,494,595,3
151462,17,500,598,3
151479,17,508,585,3
151495,17,511,611,3
151512,17,474,483,3
151529,17,459,402,2
151545,17,472,348,4
151562,17,479,371,2
151579,17,478,376,2
151595,17,478,360,4
151612,17,476,367,2
151628,17,477,386,2
151645,17,487,371,2
151662,17,467,360,4
151678,17,484,350,4
151695,17,476,362,4
151712,17,483,366,2
151728,17,478,376,2
151745,17,474,369,2
151762,17,475,368,2
151778,17,473,393,2
151795,17,475,381,2
151811,17,472,368,2
151828,17,467,341,4
151845,17,473,358,4
151861,17,475,361,4
151878,17,477,387,2
151895,17,480,378,2
151911,17,481,382,2
151928,17,474,361,4
151945,17,473,375,2
151961,17,464,373,2
151978,17,472,344,4
151994,17,475,383,2
152011,17,476,347,4
152028,17,473,376,2
152044,17,471,345,4
152061,17,469,363,4
152078,17,472,375,2
152094,17,472,379,2
152111,17,472,378,2
152128,17,466,351,4
152144,17,464,363,4
152161,17,463,359,4
152177,17,452,336,4
152194,17,460,385,2
152211,17,468,371,2
152227,17,471,349,4
152244,17,460,351,4
152261,17,474,358,4
152277,17,468,331,4
152294,17,458,812,0
152410,116,473,555,3
152427,17,452,88,0
152444,17,451,387,2
152460,17,446,237,1
152477,17,455,345,4
152493,17,471,339,4
152510,17,461,356,4
152527,17,456,333,4
152543,17,455,351,4
152560,17,460,355,4
152577,17,455,331,4
152593,17,443,324,4
152610,17,483,349,4
152627,17,459,344,4
152643,17,463,361,4
152660,17,463,344,4
152676,17,454,363,4
152693,17,479,345,4
152710,17,453,350,4
152726,17,463,344,4
152743,17,456,343,4
152760,17,458,334,4
152776,17,432,335,4
152793,17,461,313,4
152810,17,444,330,4
152826,17,467,352,4
152843,17,444,325,4
152859,17,462,332,4
152876,17,456,338,4
152893,17,460,344,4
152909,17,459,338,4
152926,17,453,336,4
152943,17,468,311,4
152959,17,452,338,4
152976,17,451,328,4
152993,17,459,330,4
153009,17,451,312,4
153026,17,461,322,4
153042,17,464,319,4
153059,17,461,330,4
153076,17,437,304,4
153092,17,450,323,4
153109,17,453,346,4
153126,17,449,314,4
153142,17,457,349,4
153159,17,437,308,4
153176,17,442,307,4
153192,17,450,306,4
153209,17,461,320,4
153225,17,451,349,4
153242,17,442,321,4
153259,17,347,329,0
153275,17,239,297,0
153292,17,178,301,0
153309,17,161,295,0
153325,17,190,294,0
153342,17,168,314,0
153359,17,188,296,0
153375,17,162,343,0
153392,17,205,300,0
153408,17,190,311,0
153425,17,159,304,0
153442,17,160,303,0
153458,17,194,301,0
153475,17,171,297,0
153492,17,191,313,0
153508,17,157,321,0
153525,17,126,328,0
153542,17,131,313,0
153558,17,135,320,0
153575,17,137,311,0
153591,17,158,327,0
153608,17,154,304,0
153625,17,155,319,0
153641,17,162,331,0
153658,17,160,294,0
153675,17,160,293,0
153691,17,146,318,0
153708,17,114,307,0
153724,17,205,307,0
153741,17,340,389,2
153758,17,505,417,5
153774,17,620,413,2
153791,17,647,428,3
153808,17,649,432,3
153824,17,650,414,2
153841,17,653,412,2
153858,17,649,414,2
153874,17,652,443,3
153891,17,654,402,2
153907,17,652,418,3
153957,50,649,431,3
153974,17,651,433,3
153991,17,653,412,2
154007,17,649,426,3
154024,17,647,424,3
154041,17,652,434,3
154057,17,650,434,3
154074,17,651,437,3
154090,17,710,429,3
154107,17,755,439,3
154124,17,755,470,3
154140,17,763,451,3
154157,17,751,447,3
154174,17,766,420,3
154190,17,774,431,3
154207,17,773,424,3
154224,17,754,448,3
154240,17,760,454,3
154257,17,767,451,3
154273,17,760,428,3
154290,17,655,437,3
154307,17,528,379,2
154323,17,431,331,4
154340,17,414,297,0
154357,17,418,281,0
154373,17,424,319,4
154390,17,428,334,4
154407,17,420,317,4
154423,17,423,317,4
154440,17,418,327,4
154456,17,431,330,4
154473,17,420,333,4
154490,17,418,314,4
154506,17,407,326,0
154523,17,396,329,0
154673,150,538,386,2
154689,17,415,72,0
154706,17,426,308,4
154723,17,439,271,0
154739,17,446,338,4
154756,17,433,350,4
154772,17,420,298,4
154789,17,426,331,4
154806,17,436,313,4
154822,17,438,328,4
154839,17,438,340,4
154856,17,449,359,4
154872,17,446,325,4
154889,17,444,305,4
154906,17,437,352,4
154922,17,434,318,4
154939,17,438,328,4
154955,17,433,318,4
154972,17,439,348,4
154989,17,435,338,4
155005,17,442,342,4
155022,17,434,324,4
155039,17,422,302,4
155055,17,437,334,4
155072,17,438,347,4
155089,17,437,342,4
155105,17,424,339,4
155122,17,438,342,4
155138,17,420,353,4
155155,17,435,326,4
155172,17,444,333,4
155188,17,443,346,4
155205,17,441,318,4
155222,17,436,333,4
155238,17,443,343,4
155255,17,446,335,4
155272,17,370,358,0
155288,17,319,349,0
155305,17,302,339,0
155321,17,287,335,0
155338,17,285,320,0
155355,17,283,347,0
155371,17,309,338,0
155388,17,286,344,0
155405,17,306,345,0
155421,17,312,341,0
155438,17,309,347,0
155455,17,299,347,0
155471,17,294,372,2
155488,17,306,354,0
155504,17,304,342,0
155521,17,301,354,0
155538,17,310,382,2
155554,17,299,376,2
155571,17,345,348,0
155588,17,434,354,4
155604,17,497,374,2
155621,17,463,358,4
155638,17,471,359,4
155654,17,474,376,2
155671,17,467,371,2
155687,17,478,352,4
155704,17,473,366,2
155721,17,488,365,2
155737,17,471,376,2
155754,17,488,398,2
155771,17,478,384,2
155787,17,483,371,2
155804,17,488,376,2
155821,17,483,377,2
155837,17,487,360,4
155854,17,484,363,4
155870,17,486,365,2
155887,17,480,371,2
155904,17,479,367,2
155920,17,478,348,4
155937,17,479,383,2
155954,17,478,368,2
155970,17,482,377,2
155987,17,480,371,2
156003,17,481,381,2
156020,17,479,370,2
156037,17,482,361,4
156053,17,481,361,4
156070,17,484,377,2
156087,17,480,394,2
156103,17,483,365,2
156120,17,482,377,2
156137,17,495,401,2
156153,17,486,371,2
156170,17,482,368,2
156186,17,481,387,2
156203,17,493,356,4
156220,17,486,370,2
156236,17,480,397,2
156253,17,485,351,4
156270,17,484,377,2
156286,17,483,359,4
156303,17,489,382,2
156320,17,490,380,2
156336,17,481,369,2
156353,17,487,380,2
156369,17,489,389,2
156386,17,488,373,2
156403,17,478,370,2
156419,17,485,389,2
156436,17,488,376,2
156453,17,487,394,2
156469,17,478,386,2
156486,17,488,374,2
156503,17,497,369,2
156519,17,475,382,2
156536,17,475,390,2
156552,17,480,382,2
156569,17,486,378,2
156586,17,477,360,4
156602,17,483,380,2
156619,17,482,373,2
156636,17,489,356,4
156652,17,456,356,4
156669,17,446,348,4
156686,17,441,362,4
156702,17,449,359,4
156719,17,443,333,4
156735,17,433,342,4
156752,17,441,317,4
156785,33,433,348,4
156785,0,433,348,4
156819,33,438,337,4
156819,0,438,337,4
156835,17,433,348,4
156869,33,433,352,4
156885,17,434,348,4
156935,50,431,323,4
156952,17,436,344,4
156968,17,434,331,4
156985,17,426,336,4
157002,17,437,324,4
157018,17,436,362,4
157035,17,461,481,3
157051,17,488,585,3
157068,17,487,555,3
157085,17,478,565,3
157101,17,481,573,3
157118,17,498,561,3
157135,17,490,570,3
157151,17,501,562,3
157168,17,492,562,3
157185,17,477,566,3
157201,17,490,564,3
157218,17,481,544,3
157234,17,485,571,3
157251,17,489,572,3
157268,17,476,558,3
157284,17,478,552,3
157301,17,496,577,3
157318,17,488,557,3
157334,17,487,547,3
157351,17,502,576,3
157368,17,471,562,3
157384,17,488,535,3
157401,17,491,555,3
157417,17,505,571,3
157434,17,479,568,3
157451,17,492,551,3
157467,17,478,547,3
157484,17,478,577,3
157501,17,478,564,3
157517,17,439,548,3
157534,17,409,561,3
157551,17,412,551,3
157567,17,395,565,3
157584,17,399,567,3
157600,17,403,566,3
157617,17,417,544,3
157634,17,393,557,3
157650,17,407,562,3
157667,17,399,541,3
157684,17,397,531,3
157700,17,398,495,3
157717,17,294,787,0
157867,150,467,200,1
157900,33,462,314,4
157917,17,477,369,2
157933,17,480,344,4
157950,17,479,382,2
157966,17,476,382,2
157983,17,473,372,2
158000,17,479,378,2
158016,17,482,382,2
158033,17,485,362,4
158050,17,484,368,2
158066,17,477,356,4
158083,17,484,371,2
158100,17,479,410,2
158116,17,482,385,2
158133,17,482,376,2
158149,17,487,381,2
158166,17,475,392,2
158183,17,481,359,4
158199,17,479,356,4
158216,17,484,397,2
158233,17,478,363,4
158249,17,484,396,2
158266,17,479,393,2
158282,17,479,383,2
158299,17,478,362,4
158316,17,482,373,2
158332,17,399,427,3
158349,17,315,388,2
158366,17,292,384,2
158382,17,283,397,2
158399,17,288,377,2
158416,17,281,399,2
158432,17,289,410,2
158449,17,291,402,2
158465,17,293,375,2
158482,17,275,380,2
158499,17,271,386,2
158515,17,286,379,2
158532,17,283,399,2
158549,17,279,400,2
158565,17,270,381,2
158582,17,277,379,2
158599,17,280,391,2
158615,17,285,369,2
158632,17,280,396,2
158648,17,274,403,2
158665,17,278,393,2
158682,17,273,387,2
158698,17,281,388,2
158715,17,277,374,2
158732,17,283,374,2
158748,17,271,404,2
158765,17,273,385,2
158782,17,277,371,2
158798,17,268,406,2
158815,17,341,372,2
158831,17,424,345,4
158848,17,449,368,2
158865,17,459,350,4
158881,17,452,362,4
158898,17,456,351,4
158915,17,453,316,4
158931,17,459,364,4
158948,17,452,343,4
158965,17,458,362,4
158981,17,457,366,2
158998,17,460,356,4
159014,17,459,353,4
159031,17,460,353,4
159048,17,459,354,4
159064,17,455,344,4
159081,17,457,332,4
159098,17,466,338,4
159114,17,454,378,2
159131,17,453,345,4
159148,17,461,350,4
159164,17,460,366,2
159181,17,459,351,4
159197,17,458,345,4
159214,17,462,350,4
159231,17,456,350,4
159247,17,451,331,4
159264,17,457,326,4
159281,17,464,350,4
159297,17,469,343,4
159314,17,463,324,4
159330,17,453,355,4
159347,17,462,346,4
159364,17,452,346,4
159380,17,340,290,0
159497,116,483,417,2
159513,17,488,328,4
159530,17,462,59,0
159547,17,474,322,4
159563,17,477,405,2
159580,17,477,426,3
159597,17,490,417,5
159613,17,477,421,3
159630,17,489,404,2
159647,17,483,412,2
159663,17,487,420,5
159680,17,485,411,2
159696,17,474,410,2
159713,17,483,402,2
159730,17,491,419,5
159746,17,484,417,5
159763,17,490,430,3
159780,17,480,404,2
159796,17,482,419,3
159813,17,488,422,3
159830,17,493,416,2
159846,17,486,423,3
159863,17,483,420,3
159879,17,482,453,3
159896,17,491,414,2
159913,17,482,412,2
159929,17,486,381,2
159946,17,497,385,2
159963,17,491,398,2
159979,17,495,385,2
159996,17,493,371,2
160013,17,492,408,2
160029,17,491,390,2
160046,17,492,408,2
160062,17,497,378,2
160079,17,498,385,2
160096,17,492,380,2
160112,17,480,384,2
160129,17,490,376,2
160162,33,493,375,2
160162,0,493,375,2
160179,17,491,361,4
160196,17,496,355,4
160212,17,490,364,4
160229,17,496,347,4
160245,17,494,358,4
160262,17,496,364,4
160279,17,492,376,2
160295,17,498,362,4
160312,17,500,369,2
160329,17,491,370,2
160345,17,493,372,2
160362,17,489,368,2
160379,17,498,369,2
160395,17,499,364,4
160412,17,498,350,4
160428,17,497,340,4
160445,17,495,328,4
160462,17,496,341,4
160478,17,497,347,4
160495,17,494,363,4
160512,17,499,350,4
160528,17,500,351,4
160545,17,497,353,4
160561,17,498,357,4
160578,17,496,366,2
160595,17,498,367,2
160611,17,497,347,4
160628,17,494,347,4
160645,17,491,346,4
160661,17,505,335,4
160678,17,497,347,4
160695,17,493,351,4
160711,17,490,339,4
160728,17,494,343,4
160744,17,466,331,4
160761,17,445,311,4
160778,17,417,315,4
160794,17,415,298,0
160811,17,410,301,0
160828,17,403,310,0
160844,17,408,294,0
160861,17,405,303,0
160878,17,407,308,0
160894,17,411,311,0
160911,17,410,321,0
160927,17,405,313,0
160944,17,405,308,0
160961,17,411,316,0
160977,17,409,330,0
160994,17,399,310,0
161011,17,407,312,0
161027,17,410,301,0
161044,17,415,301,0
161061,17,409,303,0
161077,17,407,302,0
161094,17,406,286,0
161110,17,362,308,0
161127,17,310,285,0
161144,17,269,268,0
161160,17,245,285,0
161177,17,245,307,0
161194,17,259,299,0
161210,17,247,301,0
161227,17,262,296,0
161244,17,247,282,0
161260,17,242,281,0
161277,17,249,291,0
161293,17,259,299,0
161310,17,263,302,0
161327,17,238,260,0
161343,17,246,285,0
161360,17,249,274,0
161377,17,240,300,0
161393,17,253,289,0
161410,17,237,387,2
161526,116,201,348,0
161543,17,340,311,0
161560,17,346,262,0
161576,17,350,258,1
161593,17,351,240,1
161610,17,352,277,0
161626,17,356,283,0
161643,17,364,274,0
161659,17,354,269,0
161676,17,355,263,0
161693,17,346,242,1
161709,17,361,275,0
161726,17,371,273,0
161743,17,341,275,0
161759,17,352,249,1
161776,17,358,247,1
161792,17,357,261,0
161809,17,349,255,1
161826,17,356,289,0
161842,17,357,280,0
161859,17,355,268,0
161876,17,336,171,1
161892,17,326,215,1
161909,17,329,218,1
161926,17,316,209,1
161942,17,320,216,1
161959,17,327,226,1
161975,17,314,195,0
161992,17,325,211,1
162009,17,322,217,1
162025,17,328,211,1
162042,17,274,172,0
162059,17,259,167,0
162075,17,239,188,0
162092,17,268,164,0
162109,17,245,169,0
162125,17,249,169,0
162142,17,246,150,0
162158,17,261,176,0
162175,17,256,191,0
162192,17,243,164,0
162208,17,241,203,0
162225,17,255,187,0
162242,17,242,205,0
162258,17,255,164,0
162275,17,247,170,0
162292,17,249,215,0
162308,17,276,209,0
162325,17,321,203,1
162341,17,328,182,1
162358,17,325,211,1
162375,17,330,183,1
162391,17,333,190,1
162408,17,329,194,1
162425,17,334,220,1
162441,17,347,196,1
162458,17,348,214,1
162475,17,353,219,1
162491,17,351,206,1
162508,17,347,191,1
162524,17,327,196,1
162541,17,334,208,1
162558,17,332,203,1
162574,17,347,205,1
162591,17,385,207,1
162608,17,419,237,1
162624,17,404,207,1
162641,17,412,218,1
162658,17,411,246,1
162674,17,424,224,1
162691,17,422,220,1
162707,17,421,256,1
162724,17,418,233,1
162741,17,409,222,1
162757,17,419,207,1
162774,17,423,236,1
162791,17,420,225,1
162807,17,417,225,1
162824,17,418,226,1
162840,17,420,214,1
162857,17,416,202,1
162874,17,404,219,1
162890,17,420,223,1
162907,17,423,214,1
162924,17,409,193,1
162940,17,421,214,1
162957,17,413,227,1
162974,17,417,204,1
162990,17,422,226,1
163007,17,384,204,1
163023,17,125,446,3
163223,200,504,207,1
163240,17,490,59,0
163256,17,498,335,4
163273,17,507,389,2
163290,17,497,381,2
163306,17,503,407,2
163323,17,503,391,2
163340,17,507,377,2
163356,17,499,390,2
163373,17,511,398,2
163389,17,515,380,2
163406,17,507,360,4
163423,17,513,392,2
163439,17,516,392,2
163456,17,507,402,2
163473,17,510,384,2
163489,17,527,379,2
163506,17,488,397,2
163523,17,509,394,2
163539,17,519,381,2
163556,17,502,392,2
163572,17,512,372,2
163589,17,514,423,3
163606,17,507,407,2
163622,17,511,403,2
163639,17,512,398,2
163656,17,516,397,2
163672,17,519,369,2
163689,17,514,382,2
163706,17,515,389,2
163722,17,510,401,2
163739,17,523,384,2
163755,17,514,393,2
163772,17,513,396,2
163789,17,517,395,2
163805,17,517,385,2
163822,17,522,379,2
163839,17,515,371,2
163855,17,514,404,2
163872,17,518,390,2
163889,17,511,387,2
163905,17,501,398,2
163922,17,509,394,2
163938,17,512,391,2
163955,17,516,385,2
163972,17,511,409,2
163988,17,510,386,2
164005,17,504,389,2
164022,17,510,371,2
164038,17,511,374,2
164055,17,510,360,4
164071,17,516,373,2
164088,17,508,384,2
164105,17,508,371,2
164121,17,510,402,2
164138,17,512,390,2
164155,17,503,376,2
164171,17,498,487,3
164288,116,454,266,0
164321,33,445,232,1
164338,17,446,328,4
164354,17,450,334,4
164371,17,452,342,4
164388,17,444,328,4
164404,17,447,322,4
164421,17,442,330,4
164437,17,445,315,4
164454,17,447,343,4
164471,17,454,346,4
164487,17,452,339,4
164504,17,443,349,4
164521,17,446,324,4
164537,17,451,319,4
164554,17,459,349,4
164571,17,452,343,4
164587,17,452,348,4
164604,17,449,346,4
164620,17,446,336,4
164637,17,446,344,4
164654,17,450,314,4
164670,17,446,359,4
164687,17,456,328,4
164704,17,451,339,4
164720,17,455,333,4
164737,17,445,319,4
164754,17,445,337,4
164770,17,453,358,4
164787,17,459,358,4
164803,17,458,351,4
164820,17,459,365,2
164837,17,477,343,4
164853,17,483,374,2
164870,17,476,341,4
164887,17,484,340,4
164903,17,489,349,4
164920,17,481,378,2
164937,17,481,352,4
164953,17,487,360,4
164970,17,480,372,2
164986,17,487,345,4
165003,17,483,343,4
165020,17,480,356,4
165036,17,488,355,4
165053,17,478,341,4
165070,17,478,349,4
165086,17,477,339,4
165103,17,479,331,4
165119,17,480,355,4
165136,17,499,360,4
165153,17,494,367,2
165169,17,501,362,4
165186,17,498,363,4
165203,17,502,377,2
165219,17,506,373,2
165236,17,509,366,2
165253,17,504,374,2
165269,17,503,373,2
165319,50,506,358,4
165319,0,506,358,4
165336,17,493,369,2
165352,17,495,364,4
165369,17,492,354,4
165386,17,505,373,2
165402,17,500,353,4
165419,17,504,362,4
165436,17,503,365,2
165452,17,496,363,4
165469,17,496,346,4
165485,17,496,360,4
165502,17,501,350,4
165519,17,502,340,4
165535,17,496,331,4
165552,17,496,332,4
165569,17,495,348,4
165585,17,492,343,4
165602,17,497,336,4
165619,17,499,354,4
165635,17,495,331,4
165652,17,489,375,2
165668,17,496,359,4
165685,17,496,353,4
165702,17,499,356,4
165735,33,492,374,2
165752,17,497,363,4
165768,17,492,317,4
165785,17,478,355,4
165802,17,463,343,4
165818,17,469,346,4
165835,17,471,341,4
165851,17,469,340,4
165868,17,468,344,4
165885,17,463,353,4
165901,17,460,361,4
165918,17,459,355,4
165935,17,467,361,4
165951,17,468,312,4
165968,17,457,337,4
165985,17,462,360,4
166001,17,460,345,4
166018,17,463,348,4
166034,17,465,344,4
166051,17,462,331,4
166068,17,461,353,4
166084,17,469,362,4
166101,17,465,367,2
166118,17,465,351,4
166134,17,467,352,4
166151,17,469,362,4
166168,17,466,363,4
166184,17,478,362,4
166201,17,459,368,2
166217,17,458,377,2
166267,50,383,409,2
166267,0,383,409,2
166384,116,576,562,3
166400,17,487,200,1
166417,17,495,376,2
166434,17,503,342,4
166450,17,492,356,4
166467,17,499,366,2
166484,17,504,347,4
166500,17,502,367,2
166517,17,498,347,4
166533,17,500,361,4
166550,17,497,340,4
166567,17,495,351,4
166583,17,501,361,4
166600,17,495,350,4
166617,17,487,320,4
166633,17,488,336,4
166650,17,488,342,4
166667,17,483,344,4
166683,17,487,363,4
166700,17,487,338,4
166716,17,488,342,4
166733,17,487,345,4
166750,17,489,368,2
166766,17,495,353,4
166783,17,495,339,4
166800,17,487,352,4
166816,17,484,348,4
166833,17,489,343,4
166850,17,489,376,2
166866,17,491,354,4
166883,17,488,364,4
166899,17,484,365,2
166916,17,499,369,2
166933,17,497,358,4
166949,17,495,360,4
166966,17,490,356,4
166983,17,491,358,4
166999,17,498,358,4
167016,17,491,356,4
167033,17,487,360,4
167049,17,462,316,4
167066,17,463,333,4
167082,17,457,340,4
167099,17,457,326,4
167116,17,458,332,4
167132,17,451,355,4
167149,17,452,327,4
167166,17,447,309,4
167182,17,445,294,4
167199,17,465,336,4
167216,17,472,324,4
167232,17,460,343,4
167249,17,454,361,4
167265,17,457,348,4
167282,17,444,342,4
167299,17,461,332,4
167315,17,452,328,4
167415,100,459,353,4
167432,17,465,348,4
167448,17,456,341,4
167465,17,460,367,2
167482,17,453,358,4
167498,17,466,335,4
167515,17,455,336,4
167532,17,457,337,4
167548,17,457,335,4
167565,17,463,349,4
167581,17,463,324,4
167598,17,457,323,4
167615,17,433,331,4
167631,17,463,325,4
167648,17,474,332,4
167665,17,453,339,4
167681,17,457,338,4
167698,17,452,356,4
167715,17,468,367,2
167731,17,463,337,4
167748,17,473,487,3
167931,183,551,272,0
167947,17,475,46,0
167964,17,510,384,2
167981,17,474,337,4
167997,17,476,340,4
168014,17,483,330,4
168031,17,479,349,4
168047,17,478,338,4
168064,17,471,335,4
168081,17,472,351,4
168097,17,479,356,4
168114,17,480,362,4
168130,17,476,352,4
168297,166,474,352,4
168297,0,474,352,4
168313,17,473,347,4
168330,17,480,336,4
168347,17,482,324,4
168363,17,477,349,4
168380,17,483,360,4
168397,17,481,356,4
168413,17,487,385,2
168430,17,479,371,2
168447,17,477,351,4
168463,17,475,347,4
168480,17,478,358,4
168496,17,492,366,2
168513,17,483,380,2
168530,17,488,350,4
168546,17,478,370,2
168563,17,491,362,4
168580,17,480,403,2
168596,17,492,357,4
168613,17,482,374,2
168629,17,487,367,2
168646,17,480,369,2
168663,17,487,369,2
168679,17,490,376,2
168696,17,483,384,2
168713,17,488,362,4
168729,17,485,369,2
168746,17,485,366,2
168763,17,489,373,2
168779,17,487,372,2
168796,17,488,385,2
168812,17,485,378,2
168829,17,498,383,2
168846,17,486,404,2
168862,17,492,389,2
168879,17,494,385,2
168896,17,493,406,2
168912,17,490,388,2
168929,17,484,389,2
168946,17,490,378,2
168962,17,482,386,2
168979,17,487,378,2
168995,17,488,390,2
169012,17,491,386,2
169029,17,493,405,2
169045,17,491,396,2
169062,17,487,381,2
169079,17,495,388,2
169095,17,501,403,2
169112,17,507,373,2
169129,17,505,420,5
169145,17,501,386,2
169162,17,498,406,2
169178,17,499,395,2
169195,17,507,411,2
169212,17,500,385,2
169228,17,503,394,2
169245,17,506,392,2
169262,17,507,395,2
169278,17,498,409,2
169295,17,498,397,2
169312,17,482,430,3
169328,17,499,405,2
169345,17,506,425,3
169361,17,498,431,3
169378,17,501,404,2
169395,17,495,436,3
169411,17,502,418,5
169428,17,497,426,3
169445,17,489,403,2
169461,17,501,410,2
169478,17,502,419,5
169495,17,501,399,2
169511,17,503,413,2
169528,17,498,424,3
169544,17,492,395,2
169561,17,493,410,2
169578,17,498,398,2
169594,17,499,410,2
169611,17,498,417,5
169628,17,493,430,3
169644,17,503,398,2
169661,17,504,422,3
169678,17,487,397,2
169694,17,496,379,2
169711,17,497,390,2
169727,17,461,386,2
169744,17,472,368,2
169761,17,480,394,2
169777,17,475,403,2
169794,17,471,407,2
169811,17,474,390,2
169827,17,471,372,2
169844,17,477,403,2
169860,17,471,402,2
169877,17,470,383,2
169894,17,422,1011,0
170010,116,440,970,0
170043,33,389,201,1
170060,17,393,262,0
170077,17,410,261,0
170093,17,398,291,0
170110,17,400,301,0
170127,17,396,304,0
170143,17,405,276,0
170160,17,396,284,0
170177,17,408,291,0
170193,17,402,285,0
170210,17,399,285,0
170226,17,406,279,0
170243,17,385,273,0
170260,17,406,274,0
170276,17,398,281,0
170293,17,372,354,0
170310,17,377,393,2
170326,17,367,424,3
170343,17,370,448,3
170360,17,364,457,3
170376,17,372,452,3
170393,17,371,461,3
170642,250,427,319,4
170659,17,417,68,0
170676,17,428,470,3
170692,17,445,460,3
170709,17,440,490,3
170726,17,439,480,3
170742,17,434,494,3
170759,17,440,482,3
170775,17,440,483,3
170792,17,427,478,3
170809,17,438,486,3
170825,17,445,505,3
170842,17,426,491,3
170859,17,438,482,3
170875,17,431,483,3
170892,17,431,509,3
170908,17,437,489,3
170925,17,438,492,3
170942,17,443,475,3
170958,17,434,480,3
170975,17,432,507,3
170992,17,423,470,3
171008,17,390,396,2
171025,17,366,340,0
171042,17,381,359,0
171058,17,389,353,0
171075,17,382,369,2
171091,17,368,338,0
171108,17,367,349,0
171125,17,383,359,0
171141,17,384,334,0
171158,17,385,335,0
171175,17,389,365,2
171191,17,383,328,0
171208,17,387,350,0
171225,17,382,371,2
171241,17,386,370,2
171258,17,382,322,0
171274,17,384,345,0
171291,17,390,348,0
171308,17,391,340,0
171324,17,385,329,0
171341,17,376,344,0
171358,17,373,341,0
171374,17,395,361,0
171391,17,381,364,0
171408,17,377,335,0
171424,17,289,774,0
171574,150,558,898,0
171591,17,511,56,0
171607,17,541,279,0
171624,17,520,320,4
171640,17,525,351,4
171657,17,527,336,4
171674,17,532,317,4
171690,17,522,320,4
171707,17,524,329,4
171724,17,517,335,4
171740,17,524,334,4
171757,17,530,324,4
171774,17,518,312,4
171790,17,531,316,4
171807,17,533,346,4
171823,17,515,355,4
171840,17,524,336,4
171857,17,515,345,4
171873,17,523,331,4
171890,17,524,350,4
171907,17,517,350,4
171923,17,506,339,4
171940,17,521,355,4
171957,17,459,408,2
171973,17,421,422,3
171990,17,369,455,3
172006,17,365,459,3
172023,17,362,479,3
172040,17,362,452,3
172056,17,359,448,3
172073,17,373,459,3
172090,17,353,489,3
172106,17,363,473,3
172123,17,383,334,0
172239,116,484,195,1
172256,17,496,366,2
172273,17,489,385,2
172289,17,493,413,2
172306,17,481,391,2
172322,17,498,383,2
172339,17,485,376,2
172356,17,498,365,2
172372,17,488,391,2
172389,17,496,409,2
172406,17,490,387,2
172422,17,493,384,2
172439,17,491,405,2
172456,17,491,401,2
172472,17,499,366,2
172489,17,493,404,2
172505,17,481,385,2
172522,17,496,380,2
172539,17,496,400,2
172555,17,492,373,2
172572,17,506,389,2
172589,17,499,389,2
172605,17,497,366,2
172622,17,491,349,4
172639,17,475,149,1
172655,17,493,470,3
172672,17,502,298,4
172688,17,489,378,2
172705,17,500,370,2
172722,17,502,364,4
172738,17,503,362,4
172755,17,502,342,4
172772,17,500,328,4
172788,17,503,356,4
172805,17,505,370,2
172822,17,503,358,4
172838,17,502,348,4
172855,17,504,360,4
172871,17,490,318,4
173104,233,513,311,4
173121,17,486,13,0
173138,17,516,279,0
173154,17,509,346,4
173171,17,509,343,4
173187,17,509,341,4
173204,17,518,349,4
173221,17,527,338,4
173237,17,513,357,4
173254,17,508,341,4
173271,17,503,343,4
173287,17,513,346,4
173304,17,507,334,4
173321,17,511,328,4
173337,17,512,337,4
173354,17,522,316,4
173370,17,514,328,4
173387,17,511,363,4
173404,17,511,335,4
173420,17,512,342,4
173437,17,516,346,4
173454,17,512,362,4
173470,17,510,349,4
173487,17,507,346,4
173504,17,513,352,4
173520,17,509,326,4
173537,17,513,364,4
173553,17,516,344,4
173570,17,517,340,4
173587,17,512,336,4
173603,17,519,338,4
173620,17,511,340,4
173637,17,509,329,4
173653,17,516,323,4
173670,17,515,327,4
173687,17,511,325,4
173703,17,509,341,4
173720,17,519,347,4
173736,17,523,315,4
173753,17,520,328,4
173770,17,520,332,4
173786,17,522,350,4
173803,17,516,341,4
173820,17,513,349,4
173836,17,509,354,4
173853,17,519,338,4
173870,17,514,346,4
173886,17,517,357,4
173903,17,525,342,4
173919,17,514,386,2
173936,17,515,354,4
173953,17,510,351,4
173969,17,510,358,4
173986,17,520,378,2
174003,17,511,372,2
174019,17,516,366,2
174036,17,510,371,2
174053,17,506,367,2
174069,17,512,365,2
174086,17,514,354,4
174102,17,513,366,2
174119,17,508,355,4
174136,17,510,366,2
174152,17,515,375,2
174169,17,511,391,2
174252,83,513,811,0
174252,0,513,811,0
174402,150,497,108,0
174418,17,484,378,2
174435,17,503,307,4
174452,17,502,354,4
174468,17,504,350,4
174485,17,498,369,2
174502,17,496,354,4
174518,17,507,351,4
174535,17,506,358,4
174552,17,514,354,4
174568,17,516,362,4
174585,17,499,360,4
174601,17,521,363,4
174618,17,503,354,4
174635,17,495,356,4
174651,17,501,358,4
174668,17,502,369,2
174685,17,510,354,4
174701,17,501,365,2
174718,17,497,361,4
174735,17,505,359,4
174751,17,509,345,4
174768,17,507,309,4
174784,17,512,358,4
174801,17,513,339,4
174818,17,514,379,2
174834,17,510,359,4
174851,17,515,363,4
174868,17,518,332,4
174884,17,510,352,4
174901,17,509,361,4
174918,17,503,352,4
174934,17,510,353,4
174951,17,512,365,2
174967,17,512,329,4
174984,17,507,339,4
175001,17,507,339,4
175017,17,508,348,4
175034,17,518,341,4
175051,17,513,348,4
175067,17,510,343,4
175084,17,506,357,4
175101,17,509,349,4
175117,17,509,355,4
175134,17,505,356,4
175150,17,506,348,4
175167,17,506,332,4
175184,17,511,332,4
175200,17,504,328,4
175217,17,503,337,4
175234,17,505,339,4
175250,17,503,344,4
175267,17,497,348,4
175284,17,499,342,4
175300,17,503,316,4
175317,17,495,772,0
175466,150,529,255,1
175500,33,514,254,1
175516,17,520,319,4
175533,17,516,326,4
175550,17,517,322,4
175566,17,530,337,4
175583,17,520,325,4
175600,17,521,329,4
175616,17,531,337,4
175633,17,512,326,4
175649,17,517,309,4
175666,17,522,337,4
175683,17,530,339,4
175699,17,528,332,4
175716,17,534,322,4
175733,17,512,339,4
175749,17,522,345,4
175766,17,524,356,4
175783,17,531,336,4
175799,17,522,346,4
175816,17,518,344,4
175832,17,527,332,4
175849,17,526,345,4
175866,17,516,362,4
175882,17,521,356,4
175899,17,518,374,2
175916,17,512,370,2
175932,17,523,378,2
175949,17,520,348,4
175966,17,516,362,4
175982,17,523,350,4
175999,17,523,337,4
176015,17,525,361,4
176032,17,518,358,4
176049,17,525,356,4
176065,17,528,377,2
176082,17,526,356,4
176099,17,518,351,4
176115,17,521,364,4
176132,17,518,345,4
176149,17,519,341,4
176165,17,516,344,4
176182,17,527,330,4
176198,17,526,334,4
176215,17,520,350,4
176232,17,518,347,4
176248,17,515,352,4
176265,17,523,341,4
176282,17,529,355,4
176298,17,515,363,4
176315,17,514,352,4
176332,17,519,357,4
176348,17,515,352,4
176365,17,514,331,4
176381,17,508,339,4
176398,17,522,364,4
176415,17,530,370,2
176431,17,503,347,4
176448,17,520,365,2
176465,17,523,366,2
176481,17,521,361,4
176498,17,524,374,2
176515,17,519,351,4
176531,17,518,331,4
176548,17,517,349,4
176564,17,527,365,2
176581,17,511,369,2
176598,17,511,378,2
176614,17,526,379,2
176631,17,515,354,4
176648,17,524,366,2
176664,17,517,402,2
176681,17,505,369,2
176697,17,516,365,2
176714,17,513,387,2
176731,17,513,369,2
176747,17,515,366,2
176764,17,520,377,2
176781,17,507,361,4
176797,17,523,345,4
176831,33,483,346,4
176847,17,502,369,2
176864,17,514,359,4
176880,17,494,346,4
176897,17,516,350,4
176914,17,486,353,4
176930,17,505,322,4
176947,17,500,356,4
176964,17,492,376,2
176980,17,484,358,4
176997,17,484,373,2
177014,17,529,322,4
177030,17,572,297,4
177047,17,592,262,0
177063,17,594,294,4
177080,17,594,280,0
177097,17,595,274,0
177113,17,596,254,1
177130,17,591,299,4
177147,17,587,284,0
177163,17,594,302,4
177180,17,593,283,0
177197,17,605,252,1
177213,17,598,291,4
177230,17,595,270,0
177246,17,639,213,1
177263,17,691,178,1
177280,17,717,178,1
177296,17,713,176,1
177313,17,707,153,1
177330,17,707,155,1
177346,17,710,146,1
177363,17,711,149,1
177380,17,710,155,1
177396,17,690,212,1
177413,17,555,354,4
177429,17,474,391,2
177446,17,500,394,2
177463,17,501,350,4
177479,17,467,379,2
177496,17,491,368,2
177513,17,486,353,4
177529,17,487,358,4
177546,17,465,374,2
177563,17,477,373,2
177579,17,486,386,2
177596,17,486,391,2
177612,17,485,384,2
177629,17,485,388,2
177646,17,480,374,2
177662,17,493,376,2
177679,17,463,386,2
177696,17,479,385,2
177712,17,480,353,4
177729,17,491,392,2
177745,17,461,347,4
177762,17,461,340,4
177779,17,449,356,4
177795,17,459,345,4
177812,17,459,356,4
177829,17,479,352,4
177845,17,463,322,4
177862,17,474,326,4
177879,17,473,345,4
177895,17,477,348,4
177912,17,467,321,4
177928,17,469,344,4
177945,17,475,348,4
177962,17,462,605,3
178078,116,515,505,3
178095,17,441,5,0
178111,17,487,314,4
178128,17,516,349,4
178145,17,506,341,4
178161,17,518,358,4
178178,17,496,353,4
178195,17,501,344,4
178211,17,501,355,4
178228,17,510,355,4
178245,17,565,250,1
178261,17,660,181,1
178278,17,721,164,1
178294,17,725,145,1
178311,17,727,134,1
178328,17,731,139,0
178344,17,730,118,0
178361,17,725,145,1
178378,17,736,143,0
178394,17,732,115,0
178411,17,729,135,1
178428,17,726,150,1
178444,17,731,166,0
178461,17,728,166,1
178477,17,729,146,1
178494,17,727,153,1
178511,17,730,160,0
178527,17,732,134,0
178544,17,728,131,0
178561,17,738,125,0
178577,17,736,127,0
178594,17,673,159,1
178611,17,605,171,1
178627,17,582,178,1
178644,17,575,214,1
178660,17,582,186,1
178677,17,581,196,1
178694,17,580,175,1
178710,17,574,180,1
178727,17,573,218,1
178744,17,573,209,1
178760,17,574,212,1
178777,17,577,190,1
178794,17,572,219,1
178810,17,573,202,1
178827,17,570,207,1
178843,17,577,190,1
178860,17,571,202,1
178877,17,514,328,4
178893,17,483,401,2
178910,17,480,348,4
178927,17,468,378,2
178943,17,512,377,2
178960,17,468,349,4
178976,17,492,372,2
178993,17,485,368,2
179010,17,496,370,2
179026,17,471,365,2
179043,17,495,359,4
179060,17,473,358,4
179076,17,472,375,2
179093,17,486,377,2
179110,17,493,381,2
179126,17,487,372,2
179143,17,474,376,2
179159,17,500,358,4
179176,17,490,382,2
179193,17,494,405,2
179209,17,498,303,4
179226,17,515,293,4
179243,17,512,312,4
179259,17,507,297,4
179276,17,514,320,4
179293,17,513,313,4
179309,17,510,307,4
179326,17,509,321,4
179342,17,503,308,4
179359,17,516,302,4
179376,17,518,307,4
179392,17,552,320,4
179409,17,554,282,0
179426,17,563,293,4
179442,17,565,277,0
179459,17,554,293,4
179476,17,553,295,4
179525,50,550,312,4
179525,0,550,312,4
179542,17,544,296,4
179559,17,553,281,0
179575,17,552,272,0
179592,17,555,286,0
179609,17,556,288,4
179625,17,554,301,4
179642,17,556,286,0
179659,17,552,283,0
179675,17,547,294,4
179692,17,548,299,4
179708,17,545,284,0
179725,17,559,280,0
179742,17,548,288,4
179758,17,552,292,4
179775,17,545,291,4
179792,17,559,307,4
179808,17,545,297,4
179825,17,549,276,0
179842,17,533,316,4
179858,17,541,288,4
179875,17,533,292,4
179891,17,536,320,4
179908,17,513,441,3
180025,116,522,697,3
180041,17,512,604,3
180058,17,513,363,4
180074,17,508,344,4
180091,17,516,358,4
180108,17,512,359,4
180124,17,503,355,4
180141,17,520,379,2
180158,17,526,359,4
180174,17,489,369,2
180191,17,514,377,2
180207,17,494,369,2
180224,17,496,377,2
180241,17,502,372,2
180257,17,509,356,4
180274,17,500,370,2
180291,17,499,375,2
180307,17,495,357,4
180324,17,482,378,2
180341,17,489,387,2
180357,17,499,352,4
180374,17,490,374,2
180390,17,493,367,2
180407,17,490,389,2
180424,17,496,378,2
180440,17,498,371,2
180457,17,494,379,2
180474,17,490,369,2
180490,17,500,398,2
180507,17,499,387,2
180524,17,493,398,2
180540,17,507,365,2
180557,17,496,372,2
180590,33,506,384,2
180607,17,486,385,2
180623,17,496,389,2
180640,17,494,388,2
180657,17,494,383,2
180673,17,490,350,4
180690,17,492,357,4
180707,17,480,383,2
180723,17,496,367,2
180740,17,484,377,2
180756,17,490,374,2
180773,17,488,382,2
180790,17,494,382,2
180806,17,491,373,2
180823,17,494,359,4
180840,17,479,374,2
180856,17,487,362,4
180873,17,492,382,2
180890,17,503,389,2
180906,17,500,373,2
180923,17,485,370,2
180939,17,492,367,2
180956,17,482,376,2
180973,17,498,809,0
181089,116,499,474,3
181106,17,465,477,3
181122,17,484,312,4
181139,17,472,366,2
181156,17,471,371,2
181172,17,479,373,2
181189,17,484,337,4
181206,17,470,353,4
181222,17,479,373,2
181239,17,478,372,2
181255,17,472,356,4
181272,17,475,353,4
181289,17,478,349,4
181305,17,480,376,2
181322,17,468,360,4
181339,17,494,356,4
181355,17,471,359,4
181372,17,487,350,4
181389,17,478,372,2
181405,17,481,371,2
181422,17,470,365,2
181438,17,482,376,2
181455,17,489,354,4
181472,17,486,379,2
181488,17,480,364,4
181505,17,484,375,2
181522,17,492,365,2
181538,17,497,354,4
181555,17,492,350,4
181572,17,495,371,2
181588,17,493,376,2
181605,17,484,360,4
181621,17,466,343,4
181638,17,486,341,4
181655,17,486,358,4
181671,17,504,377,2
181688,17,490,362,4
181705,17,487,349,4
181721,17,463,358,4
181738,17,494,383,2
181755,17,480,363,4
181771,17,479,379,2
181788,17,486,363,4
181804,17,484,391,2
181821,17,482,348,4
181838,17,485,368,2
181854,17,495,382,2
181871,17,468,376,2
181888,17,479,376,2
181904,17,484,382,2
181921,17,491,373,2
181938,17,489,363,4
181954,17,488,404,2
181971,17,431,379,2
181987,17,449,364,4
182004,17,468,373,2
182021,17,459,371,2
182037,17,443,379,2
182054,17,444,386,2
182071,17,447,393,2
182087,17,450,386,2
182104,17,447,389,2
182121,17,445,379,2
182137,17,441,354,4
182154,17,443,367,2
182170,17,429,367,2
182187,17,447,393,2
182204,17,453,389,2
182220,17,421,355,4
182237,17,435,366,2
182254,17,431,356,4
182270,17,439,372,2
182287,17,432,379,2
182304,17,433,368,2
182320,17,431,359,4
182337,17,433,357,4
182353,17,434,365,2
182370,17,422,367,2
182387,17,424,354,4
182403,17,431,365,2
182420,17,424,364,4
182437,17,434,370,2
182453,17,434,373,2
182470,17,437,354,4
182486,17,471,382,2
182503,17,483,393,2
182520,17,478,382,2
182536,17,473,390,2
182553,17,483,401,2
182570,17,485,399,2
182586,17,475,362,4
182603,17,486,375,2
182620,17,484,392,2
182636,17,481,377,2
182653,17,479,384,2
182669,17,469,617,3
182769,100,528,644,3
182786,17,485,567,3
182803,17,501,328,4
182819,17,496,366,2
182836,17,492,383,2
182852,17,479,387,2
182869,17,486,374,2
182886,17,491,380,2
182902,17,493,396,2
182919,17,496,388,2
182936,17,498,387,2
182952,17,492,385,2
182969,17,481,394,2
182986,17,494,407,2
183002,17,490,390,2
183019,17,482,403,2
183035,17,484,422,3
183052,17,497,395,2
183069,17,493,373,2
183085,17,504,378,2
183102,17,499,393,2
183119,17,490,385,2
183135,17,499,372,2
183152,17,507,386,2
183169,17,506,392,2
183185,17,503,382,2
183202,17,494,384,2
183218,17,490,391,2
183235,17,513,369,2
183252,17,500,380,2
183268,17,514,376,2
183285,17,491,381,2
183302,17,499,379,2
183318,17,495,392,2
183335,17,491,353,4
183352,17,503,390,2
183368,17,518,385,2
183385,17,502,382,2
183401,17,497,375,2
183418,17,499,381,2
183435,17,497,389,2
183451,17,480,366,2
183468,17,481,333,4
183485,17,468,329,4
183501,17,480,336,4
183518,17,485,349,4
183534,17,452,355,4
183551,17,445,348,4
183568,17,459,362,4
183584,17,462,357,4
183601,17,453,337,4
183618,17,473,339,4
183634,17,468,353,4
183651,17,461,350,4
183668,17,468,347,4
183684,17,466,341,4
183701,17,476,321,4
183717,17,453,347,4
183734,17,463,335,4
183934,200,490,218,1
183950,17,494,469,3
183967,17,484,335,4
183984,17,491,359,4
184000,17,484,373,2
184017,17,486,377,2
184034,17,484,374,2
184050,17,477,380,2
184067,17,490,387,2
184083,17,490,401,2
184100,17,468,380,2
184117,17,484,365,2
184133,17,479,382,2
184150,17,474,386,2
184167,17,493,375,2
184183,17,496,372,2
184200,17,483,399,2
184217,17,488,389,2
184233,17,483,372,2
184250,17,469,408,2
184266,17,502,414,2
184283,17,497,409,2
184300,17,487,388,2
184316,17,488,387,2
184333,17,496,402,2
184350,17,498,382,2
184366,17,480,390,2
184383,17,492,401,2
184400,17,494,400,2
184416,17,489,379,2
184433,17,492,418,5
184449,17,488,361,4
184466,17,490,389,2
184516,50,492,373,2
184533,17,492,400,2
184549,17,506,408,2
184566,17,497,401,2
184583,17,492,374,2
184599,17,491,371,2
184616,17,495,357,4
184632,17,494,388,2
184649,17,492,384,2
184666,17,491,379,2
184682,17,491,383,2
184699,17,494,387,2
184716,17,493,382,2
184732,17,493,394,2
184749,17,492,389,2
184765,17,492,375,2
184782,17,502,374,2
184799,17,493,372,2
184815,17,501,396,2
184832,17,497,387,2
184849,17,505,380,2
184865,17,499,388,2
184882,17,488,378,2
184899,17,490,385,2
184915,17,479,394,2
184932,17,484,394,2
184948,17,472,366,2
184965,17,475,384,2
184982,17,469,368,2
184998,17,486,362,4
185015,17,462,367,2
185032,17,474,348,4
185048,17,439,350,4
185065,17,464,389,2
185082,17,479,386,2
185098,17,477,363,4
185115,17,441,333,4
185131,17,463,342,4
185148,17,464,360,4
185165,17,449,350,4
185181,17,462,377,2
185198,17,461,348,4
185215,17,443,342,4
185231,17,467,356,4
185248,17,452,338,4
185265,17,446,333,4
185281,17,451,349,4
185298,17,462,321,4
185314,17,455,341,4
185331,17,440,369,2
185348,17,409,293,0
185431,83,425,327,4
185448,17,430,480,3
185464,17,447,245,1
185481,17,445,343,4
185497,17,463,342,4
185514,17,440,336,4
185531,17,453,330,4
185547,17,467,347,4
185564,17,470,328,4
185581,17,469,343,4
185597,17,463,339,4
185614,17,461,351,4
185631,17,471,342,4
185647,17,471,317,4
185664,17,460,346,4
185680,17,441,335,4
185697,17,442,337,4
185714,17,422,349,4
185730,17,383,350,0
185747,17,408,317,0
185764,17,394,333,0
185780,17,388,354,0
185797,17,376,341,0
185813,17,369,347,0
185830,17,394,343,0
185847,17,358,345,0
185863,17,388,344,0
185880,17,395,363,0
185897,17,404,344,0
185913,17,347,305,0
185930,17,294,242,0
185947,17,243,186,0
185963,17,216,126,0
185980,17,218,163,0
185996,17,215,168,0
186013,17,255,136,0
186030,17,241,134,0
186046,17,211,159,0
186063,17,215,140,0
186080,17,216,151,0
186096,17,224,161,0
186113,17,215,126,0
186130,17,222,183,0
186146,17,221,191,0
186163,17,222,162,0
186179,17,211,155,0
186196,17,222,162,0
186213,17,288,200,0
186229,17,409,287,0
186246,17,476,318,4
186263,17,467,301,4
186279,17,464,311,4
186296,17,461,276,0
186313,17,477,320,4
186329,17,457,281,0
186346,17,457,313,4
186362,17,479,283,0
186379,17,469,309,4
186396,17,461,309,4
186412,17,465,292,4
186429,17,459,296,4
186446,17,483,327,4
186462,17,476,323,4
186479,17,475,298,4
186529,50,464,298,4
186545,17,462,314,4
186562,17,479,319,4
186579,17,475,311,4
186595,17,465,325,4
186612,17,486,352,4
186629,17,478,363,4
186645,17,482,367,2
186662,17,479,405,2
186679,17,480,360,4
186695,17,477,359,4
186712,17,479,369,2
186728,17,478,342,4
186745,17,495,371,2
186762,17,474,383,2
186778,17,483,385,2
186795,17,480,368,2
186812,17,488,376,2
186828,17,477,345,4
186845,17,486,385,2
186862,17,478,378,2
186878,17,491,383,2
186895,17,483,380,2
186911,17,483,383,2
186928,17,484,357,4
186945,17,493,388,2
186961,17,482,386,2
186978,17,478,358,4
186995,17,476,363,4
187011,17,475,378,2
187028,17,473,373,2
187044,17,473,365,2
187061,17,454,526,3
187178,116,486,385,2
187194,17,463,417,2
187211,17,457,349,4
187227,17,434,311,4
187244,17,449,339,4
187261,17,459,338,4
187277,17,459,330,4
187294,17,449,350,4
187311,17,453,330,4
187327,17,462,344,4
187344,17,455,357,4
187361,17,462,346,4
187377,17,463,326,4
187394,17,458,347,4
187410,17,460,320,4
187427,17,457,355,4
187444,17,452,364,4
187460,17,455,350,4
187477,17,460,346,4
187494,17,456,332,4
187510,17,444,323,4
187527,17,406,299,0
187544,17,435,311,4
187560,17,439,311,4
187577,17,450,339,4
187593,17,433,331,4
187610,17,429,299,4
187627,17,446,320,4
187643,17,446,307,4
187660,17,443,292,4
187677,17,426,305,4
187810,133,462,382,2
187826,17,453,418,3
187843,17,446,348,4
187860,17,443,328,4
187876,17,443,352,4
187893,17,462,323,4
187910,17,437,361,4
187926,17,460,352,4
187943,17,465,368,2
187959,17,460,329,4
187976,17,452,343,4
187993,17,456,351,4
188009,17,455,349,4
188026,17,445,355,4
188043,17,447,358,4
188059,17,454,386,2
188076,17,439,360,4
188092,17,457,353,4
188109,17,455,367,2
188126,17,448,361,4
188142,17,427,358,4
188159,17,440,362,4
188176,17,457,338,4
188192,17,441,342,4
188209,17,440,354,4
188226,17,444,355,4
188242,17,447,380,2
188259,17,448,353,4
188275,17,448,370,2
188292,17,451,330,4
188309,17,508,356,4
188325,17,524,362,4
188342,17,523,363,4
188359,17,539,366,2
188375,17,533,349,4
188392,17,536,352,4
188409,17,533,364,4
188425,17,534,374,2
188442,17,537,375,2
188458,17,536,363,4
188475,17,533,345,4
188492,17,536,343,4
188508,17,535,363,4
188525,17,531,371,2
188542,17,544,379,2
188558,17,534,384,2
188575,17,533,378,2
188592,17,540,354,4
188608,17,534,381,2
188625,17,533,364,4
188641,17,528,365,2
188658,17,531,339,4
188675,17,531,355,4
188691,17,533,363,4
188708,17,533,358,4
188725,17,529,344,4
188741,17,523,360,4
188758,17,526,358,4
188775,17,529,346,4
188791,17,531,366,2
188808,17,526,375,2
188824,17,540,360,4
188841,17,529,367,2
188858,17,528,361,4
188874,17,524,368,2
188891,17,528,334,4
188908,17,526,358,4
188924,17,523,362,4
188941,17,536,360,4
188958,17,499,357,4
188974,17,479,363,4
188991,17,498,349,4
189007,17,483,338,4
189024,17,492,354,4
189041,17,491,361,4
189057,17,473,338,4
189074,17,473,342,4
189091,17,485,335,4
189107,17,474,338,4
189124,17,497,361,4
189141,17,477,338,4
189157,17,483,327,4
189174,17,481,344,4
189190,17,482,318,4
189207,17,488,335,4
189224,17,491,354,4
189240,17,492,350,4
189257,17,473,889,0
189390,133,489,216,1
189407,17,476,490,3
189423,17,483,301,4
189440,17,476,336,4
189457,17,471,328,4
189473,17,485,326,4
189490,17,483,329,4
189506,17,478,319,4
189523,17,489,323,4
189540,17,488,353,4
189556,17,492,341,4
189573,17,472,315,4
189590,17,482,342,4
189606,17,465,336,4
189623,17,488,335,4
189640,17,483,346,4
189656,17,486,333,4
189673,17,484,357,4
189689,17,486,346,4
189706,17,468,322,4
189723,17,478,336,4
189739,17,457,337,4
189756,17,466,324,4
189773,17,447,326,4
189789,17,491,327,4
189806,17,487,340,4
189823,17,498,331,4
189839,17,479,326,4
189856,17,477,325,4
189872,17,479,353,4
189889,17,468,320,4
189906,17,490,343,4
189922,17,463,328,4
189939,17,494,357,4
189956,17,459,340,4
189972,17,479,327,4
189989,17,478,341,4
190006,17,488,338,4
190022,17,481,320,4
190039,17,477,334,4
190055,17,488,355,4
190072,17,492,350,4
190089,17,487,342,4
190105,17,482,348,4
190122,17,484,351,4
190139,17,481,350,4
190155,17,479,347,4
190172,17,478,353,4
190189,17,482,337,4
190205,17,473,341,4
190222,17,481,354,4
190238,17,480,339,4
190255,17,456,317,4
190272,17,452,309,4
190288,17,450,333,4
190305,17,447,319,4
190322,17,448,345,4
190338,17,461,334,4
190355,17,451,321,4
190372,17,443,311,4
190388,17,445,326,4
190405,17,452,337,4
190421,17,446,339,4
190438,17,447,352,4
190455,17,444,351,4
190471,17,438,358,4
190488,17,443,325,4
190588,100,457,349,4
190604,17,434,346,4
190621,17,449,340,4
190638,17,442,320,4
190654,17,446,330,4
190671,17,454,351,4
190688,17,446,346,4
190704,17,452,320,4
190721,17,447,358,4
190737,17,452,313,4
190754,17,461,361,4
190771,17,442,333,4
190787,17,444,332,4
190804,17,431,351,4
190821,17,447,332,4
190837,17,436,310,4
190854,17,432,333,4
190871,17,441,329,4
190887,17,437,317,4
190904,17,438,346,4
190920,17,446,329,4
190937,17,442,329,4
190954,17,440,338,4
190970,17,436,329,4
190987,17,438,332,4
191004,17,441,309,4
191020,17,439,324,4
191037,17,439,309,4
191054,17,434,331,4
191070,17,441,341,4
191087,17,443,333,4
191103,17,426,333,4
191120,17,423,334,4
191137,17,430,331,4
191153,17,432,302,4
191170,17,435,312,4
191187,17,427,333,4
191203,17,434,342,4
191220,17,424,340,4
191237,17,442,355,4
191253,17,435,335,4
191270,17,440,337,4
191286,17,429,346,4
191303,17,442,332,4
191320,17,443,332,4
191336,17,439,318,4
191353,17,441,341,4
191370,17,428,323,4
191386,17,429,326,4
191403,17,442,309,4
191420,17,432,322,4
191436,17,415,334,0
191586,150,489,425,3
191602,17,512,525,3
191619,17,492,289,4
191636,17,530,368,2
191652,17,491,371,2
191669,17,502,365,2
191686,17,497,361,4
191702,17,499,358,4
191719,17,498,359,4
191736,17,486,338,4
191752,17,487,367,2
191769,17,495,386,2
191785,17,497,371,2
191802,17,494,370,2
191819,17,490,373,2
191835,17,499,381,2
191852,17,495,368,2
191869,17,498,355,4
191885,17,497,369,2
191902,17,506,354,4
191919,17,497,370,2
191935,17,501,369,2
191952,17,501,356,4
191968,17,502,368,2
191985,17,502,367,2
192002,17,503,366,2
192018,17,503,354,4
192035,17,509,367,2
192052,17,509,373,2
192068,17,509,378,2
192085,17,507,372,2
192102,17,506,356,4
192118,17,511,373,2
192135,17,510,345,4
192151,17,502,335,4
192168,17,502,372,2
192185,17,505,366,2
192201,17,514,347,4
192218,17,508,350,4
192235,17,512,360,4
192251,17,519,371,2
192268,17,467,369,2
192285,17,445,353,4
192301,17,445,359,4
192318,17,452,357,4
192334,17,450,340,4
192351,17,439,346,4
192368,17,442,362,4
192384,17,442,373,2
192401,17,441,357,4
192418,17,444,374,2
192434,17,439,372,2
192451,17,449,377,2
192468,17,441,373,2
192484,17,434,347,4
192501,17,433,391,2
192567,67,455,512,3
192584,17,458,508,3
192601,17,464,327,4
192617,17,464,339,4
192634,17,458,338,4
192651,17,477,328,4
192667,17,474,336,4
192684,17,460,319,4
192700,17,475,332,4
192717,17,459,320,4
192734,17,478,369,2
192750,17,477,352,4
192767,17,475,350,4
192784,17,467,349,4
192800,17,463,364,4
192817,17,462,340,4
192833,17,459,355,4
192850,17,457,328,4
192867,17,458,334,4
192883,17,457,355,4
192900,17,462,359,4
192917,17,461,342,4
192933,17,454,352,4
192950,17,464,342,4
192967,17,462,357,4
192983,17,457,368,2
193000,17,460,321,4
193016,17,462,358,4
193033,17,466,342,4
193050,17,458,372,2
193066,17,493,345,4
193083,17,503,364,4
193100,17,499,352,4
193116,17,500,330,4
193133,17,500,343,4
193150,17,497,361,4
193166,17,502,348,4
193183,17,501,345,4
193199,17,499,348,4
193216,17,498,346,4
193233,17,497,349,4
193249,17,407,360,0
193266,17,275,314,0
193283,17,230,279,0
193299,17,221,319,0
193316,17,240,325,0
193333,17,221,322,0
193349,17,246,351,0
193366,17,229,321,0
193382,17,220,294,0
193399,17,239,314,0
193416,17,223,310,0
193432,17,242,279,0
193449,17,232,315,0
193466,17,241,401,2
193632,166,260,234,0
193665,33,280,340,0
193682,17,284,368,2
193699,17,259,354,0
193715,17,256,371,2
193732,17,288,372,2
193748,17,271,354,0
193765,17,284,373,2
193782,17,287,371,2
193798,17,259,361,0
193815,17,347,341,0
193832,17,384,367,2
193848,17,450,351,4
193865,17,467,357,4
193881,17,483,343,4
193898,17,475,353,4
193915,17,468,346,4
193931,17,471,363,4
193948,17,471,363,4
193965,17,480,379,2
193981,17,478,345,4
193998,17,479,354,4
194015,17,466,342,4
194031,17,481,362,4
194048,17,490,360,4
194064,17,468,372,2
194081,17,482,357,4
194098,17,474,373,2
194114,17,482,365,2
194131,17,473,368,2
194148,17,474,340,4
194164,17,469,355,4
194181,17,474,344,4
194198,17,474,359,4
194214,17,474,360,4
194231,17,475,345,4
194364,133,446,347,4
194381,17,443,315,4
194414,33,454,332,4
194414,0,454,332,4
194430,17,443,342,4
194464,33,447,572,3
194464,0,447,572,3
194580,116,473,122,0
194597,17,472,313,4
194613,17,477,359,4
194630,17,473,352,4
194647,17,475,357,4
194663,17,474,350,4
194680,17,471,348,4
194697,17,478,365,2
194713,17,485,368,2
194730,17,477,356,4
194747,17,475,351,4
194763,17,475,364,4
194780,17,480,365,2
194796,17,473,360,4
194813,17,475,370,2
194830,17,473,340,4
194846,17,474,343,4
194863,17,494,358,4
194880,17,470,359,4
194896,17,474,387,2
194913,17,473,365,2
194930,17,476,377,2
194946,17,478,355,4
194963,17,486,358,4
194979,17,481,345,4
194996,17,481,381,2
195013,17,483,348,4
195029,17,476,357,4
195046,17,481,366,2
195063,17,472,382,2
195079,17,490,377,2
195096,17,480,368,2
195112,17,483,386,2
195129,17,480,376,2
195146,17,489,363,4
195162,17,472,363,4
195179,17,477,373,2
195196,17,480,361,4
195212,17,475,353,4
195229,17,480,347,4
195246,17,478,374,2
195262,17,475,376,2
195295,33,551,365,2
195312,17,549,362,4
195329,17,552,368,2
195345,17,543,374,2
195362,17,553,367,2
195379,17,555,378,2
195395,17,548,362,4
195412,17,552,342,4
195429,17,554,357,4
195445,17,559,390,2
195462,17,547,358,4
195478,17,548,377,2
195495,17,549,355,4
195512,17,548,346,4
195528,17,547,360,4
195545,17,554,368,2
195562,17,552,371,2
195578,17,552,361,4
195595,17,550,346,4
195612,17,545,345,4
195628,17,540,362,4
195645,17,547,372,2
195661,17,545,356,4
195678,17,552,360,4
195695,17,547,344,4
195711,17,551,362,4
195728,17,553,357,4
195745,17,556,370,2
195761,17,549,347,4
195778,17,546,374,2
195795,17,555,360,4
195811,17,543,367,2
195828,17,545,352,4
195844,17,547,342,4
195861,17,555,351,4
195878,17,549,351,4
195894,17,540,539,3
196077,183,544,525,3
196094,17,438,36,0
196111,17,552,337,4
196127,17,539,401,2
196144,17,546,370,2
196160,17,532,381,2
196177,17,544,368,2
196194,17,526,400,2
196210,17,533,398,2
196227,17,549,376,2
196244,17,528,392,2
196260,17,527,388,2
196277,17,532,366,2
196294,17,531,386,2
196310,17,527,388,2
196327,17,518,380,2
196343,17,539,379,2
196360,17,541,403,2
196377,17,532,407,2
196393,17,541,381,2
196410,17,529,407,2
196427,17,542,381,2
196443,17,540,399,2
196460,17,460,376,2
196477,17,462,380,2
196493,17,464,349,4
196510,17,463,365,2
196526,17,461,363,4
196543,17,465,369,2
196560,17,463,354,4
196576,17,461,372,2
196593,17,462,361,4
196610,17,456,345,4
196626,17,456,362,4
196643,17,466,360,4
196660,17,463,358,4
196676,17,463,351,4
196693,17,466,353,4
196709,17,468,372,2
196726,17,458,346,4
196743,17,459,352,4
196759,17,459,386,2
196776,17,460,352,4
196793,17,460,363,4
196809,17,459,367,2
196826,17,461,376,2
196843,17,461,368,2
196859,17,462,351,4
196876,17,461,361,4
196892,17,459,377,2
196909,17,463,360,4
196926,17,449,344,4
196942,17,460,367,2
196959,17,462,357,4
196976,17,460,363,4
196992,17,459,359,4
197009,17,461,368,2
197026,17,465,368,2
197042,17,460,361,4
197059,17,462,348,4
197075,17,467,365,2
197092,17,451,369,2
197109,17,432,330,4
197125,17,425,315,4
197142,17,461,336,4
197159,17,428,331,4
197175,17,429,327,4
197192,17,424,326,4
197209,17,422,335,4
197225,17,427,318,4
197242,17,427,317,4
197258,17,454,334,4
197275,17,431,316,4
197292,17,428,339,4
197308,17,435,320,4
197325,17,386,284,0
197342,17,334,227,1
197358,17,347,232,1
197375,17,320,243,1
197391,17,321,186,1
197408,17,318,237,1
197425,17,322,241,1
197441,17,309,218,0
197458,17,322,246,1
197475,17,315,214,1
197491,17,303,208,0
197508,17,320,215,1
197525,17,303,217,0
197541,17,326,231,1
197558,17,319,238,1
197574,17,321,246,1
197591,17,322,253,1
197608,17,316,242,1
197624,17,284,265,0
197641,17,298,244,0
197658,17,296,236,0
197674,17,298,273,0
197691,17,280,257,0
197708,17,289,254,0
197724,17,292,236,0
197741,17,288,263,0
197757,17,304,272,0
197774,17,349,291,0
197791,17,431,310,4
197807,17,466,343,4
197824,17,471,297,4
197841,17,463,345,4
197857,17,471,331,4
197874,17,472,329,4
197891,17,471,313,4
197907,17,467,323,4
197924,17,469,311,4
197940,17,466,326,4
197957,17,464,319,4
197974,17,478,325,4
197990,17,470,328,4
198007,17,460,322,4
198024,17,471,296,4
198140,116,439,178,1
198157,17,461,413,2
198173,17,448,314,4
198190,17,473,331,4
198207,17,457,330,4
198223,17,459,310,4
198240,17,462,332,4
198257,17,450,331,4
198273,17,472,322,4
198290,17,458,359,4
198306,17,460,342,4
198323,17,466,329,4
198340,17,468,330,4
198356,17,470,331,4
198373,17,473,334,4
198390,17,459,358,4
198406,17,458,340,4
198423,17,489,327,4
198440,17,456,342,4
198456,17,462,363,4
198473,17,462,333,4
198489,17,457,339,4
198506,17,465,351,4
198523,17,458,330,4
198539,17,463,342,4
198556,17,468,333,4
198573,17,497,368,2
198589,17,501,374,2
198606,17,509,376,2
198622,17,497,386,2
198639,17,498,404,2
198656,17,498,362,4
198672,17,498,389,2
198689,17,505,388,2
198706,17,502,390,2
198722,17,500,389,2
198739,17,504,383,2
198756,17,505,387,2
198772,17,502,379,2
198789,17,498,376,2
198805,17,505,400,2
198822,17,504,388,2
198839,17,505,399,2
198855,17,469,349,4
198872,17,460,348,4
198889,17,472,341,4
198905,17,461,338,4
198922,17,461,338,4
198939,17,465,349,4
198955,17,467,358,4
198972,17,460,340,4
198988,17,463,329,4
199005,17,460,326,4
199022,17,459,341,4
199038,17,458,341,4
199055,17,470,354,4
199072,17,464,316,4
199088,17,459,353,4
199105,17,457,336,4
199122,17,459,366,2
199138,17,458,367,2
199155,17,461,330,4
199171,17,463,330,4
199188,17,462,322,4
199205,17,466,372,2
199221,17,462,325,4
199238,17,460,349,4
199255,17,464,346,4
199271,17,444,352,4
199288,17,452,343,4
199305,17,459,367,2
199321,17,455,348,4
199338,17,476,330,4
199354,17,462,340,4
199371,17,466,334,4
199388,17,464,321,4
199404,17,453,354,4
199421,17,444,320,4
199438,17,466,315,4
199454,17,466,348,4
199471,17,457,340,4
199488,17,456,331,4
199504,17,440,330,4
199521,17,464,352,4
199537,17,441,352,4
199554,17,458,339,4
199571,17,456,366,2
199587,17,441,344,4
199604,17,447,323,4
199621,17,449,345,4
199637,17,454,356,4
199654,17,459,508,3
199670,17,448,826,0
199720,50,451,307,4
199737,17,438,441,3
199754,17,466,285,0
199770,17,443,336,4
199787,17,460,324,4
199804,17,447,311,4
199820,17,447,296,4
199837,17,434,325,4
199853,17,452,299,4
199870,17,451,302,4
199887,17,436,287,0
199903,17,461,306,4
199920,17,464,334,4
199937,17,438,304,4
199953,17,457,280,0
199970,17,466,275,0
199987,17,429,315,4
200003,17,428,289,4
200020,17,447,299,4
200036,17,459,288,4
200053,17,453,298,4
200070,17,447,282,0
200086,17,458,291,4
200103,17,452,282,0
200120,17,447,284,0
200136,17,457,282,0
200153,17,455,268,0
200170,17,455,291,4
200203,33,452,276,0
200219,17,453,970,0
200336,116,454,164,1
200353,17,495,456,3
200369,17,475,248,1
200386,17,482,305,4
200402,17,476,319,4
200419,17,484,323,4
200436,17,474,293,4
200452,17,477,306,4
200469,17,491,311,4
200486,17,466,308,4
200502,17,498,334,4
200519,17,476,317,4
200536,17,484,327,4
200552,17,481,313,4
200569,17,476,309,4
200585,17,473,320,4
200602,17,470,301,4
200619,17,481,326,4
200635,17,481,336,4
200652,17,471,307,4
200669,17,472,307,4
200685,17,476,342,4
200702,17,474,347,4
200719,17,479,336,4
200735,17,474,338,4
200752,17,472,347,4
200768,17,473,355,4
200785,17,465,341,4
200802,17,469,328,4
200818,17,484,335,4
200835,17,473,376,2
200852,17,466,338,4
200868,17,470,361,4
200885,17,467,333,4
200901,17,468,339,4
200918,17,473,351,4
200935,17,453,360,4
200951,17,468,340,4
200968,17,471,361,4
200985,17,465,347,4
201001,17,467,346,4
201018,17,464,345,4
201035,17,470,348,4
201051,17,462,319,4
201068,17,466,352,4
201084,17,454,329,4
201101,17,467,360,4
201118,17,462,377,2
201134,17,468,345,4
201151,17,461,358,4
201168,17,463,361,4
201184,17,468,353,4
201201,17,461,334,4
201218,17,481,344,4
201234,17,461,346,4
201251,17,455,345,4
201267,17,462,333,4
201284,17,459,334,4
201301,17,450,361,4
201317,17,460,360,4
201334,17,457,349,4
201351,17,447,335,4
201367,17,468,347,4
201384,17,447,323,4
201401,17,455,345,4
201417,17,466,347,4
201434,17,464,329,4
201450,17,452,359,4
201467,17,483,341,4
201484,17,484,339,4
201500,17,475,334,4
201517,17,475,341,4
201534,17,469,338,4
201550,17,471,338,4
201567,17,450,343,4
201584,17,451,340,4
201600,17,466,324,4
201617,17,455,352,4
201633,17,446,300,4
201650,17,458,335,4
201667,17,481,338,4
201683,17,475,348,4
201700,17,459,314,4
201717,17,392,334,0
201733,17,262,303,0
201750,17,264,270,0
201767,17,266,286,0
201783,17,244,310,0
201800,17,228,304,0
201816,17,258,290,0
201833,17,262,300,0
201850,17,205,294,0
201866,17,270,289,0
201883,17,273,309,0
201900,17,257,314,0
201916,17,239,290,0
201933,17,256,295,0
201949,17,263,287,0
201966,17,245,287,0
201983,17,268,285,0
201999,17,235,305,0
202016,17,247,303,0
202033,17,255,292,0
202049,17,221,295,0
202066,17,352,336,0
202083,17,441,313,4
202099,17,484,339,4
202116,17,480,334,4
202132,17,479,336,4
202149,17,479,333,4
202166,17,481,310,4
202182,17,475,321,4
202199,17,472,324,4
202216,17,470,790,0
202349,133,479,581,3
202365,17,471,576,3
202382,17,483,347,4
202399,17,471,339,4
202415,17,480,323,4
202432,17,482,328,4
202449,17,471,344,4
202465,17,482,335,4
202482,17,476,330,4
202498,17,479,342,4
202515,17,473,344,4
202532,17,483,338,4
202548,17,479,325,4
202565,17,478,340,4
202582,17,474,333,4
202598,17,482,374,2
202615,17,483,347,4
202632,17,489,375,2
202648,17,475,366,2
202665,17,482,382,2
202681,17,486,377,2
202698,17,480,372,2
202715,17,491,396,2
202731,17,487,371,2
202765,33,483,360,4
202765,0,483,360,4
202781,17,479,382,2
202798,17,483,372,2
202815,17,478,385,2
202831,17,483,381,2
202848,17,483,387,2
202864,17,484,385,2
202881,17,482,383,2
202898,17,483,388,2
202914,17,471,360,4
202931,17,486,350,4
202948,17,473,340,4
202964,17,483,364,4
202981,17,471,348,4
202998,17,479,355,4
203014,17,477,342,4
203031,17,480,348,4
203047,17,480,351,4
203064,17,483,363,4
203081,17,479,347,4
203097,17,482,361,4
203114,17,475,357,4
203131,17,474,360,4
203147,17,470,347,4
203164,17,477,348,4
203180,17,469,370,2
203197,17,477,358,4
203214,17,482,355,4
203230,17,462,367,2
203247,17,441,353,4
203264,17,432,334,4
203280,17,443,329,4
203297,17,427,325,4
203314,17,421,343,4
203330,17,433,342,4
203347,17,436,341,4
203363,17,436,328,4
203380,17,436,336,4
203397,17,430,350,4
203413,17,433,331,4
203430,17,381,335,0
203447,17,284,325,0
203463,17,199,318,0
203480,17,254,295,0
203497,17,218,324,0
203513,17,207,322,0
203530,17,220,316,0
203546,17,248,327,0
203563,17,230,323,0
203580,17,208,295,0
203596,17,205,337,0
203613,17,236,306,0
203630,17,232,306,0
203646,17,231,301,0
203663,17,258,320,0
203680,17,202,320,0
203696,17,201,298,0
203713,17,228,308,0
203729,17,247,310,0
203746,17,218,305,0
203763,17,235,321,0
203779,17,143,482,3
