Time (ms),Timegap (ms),Gaze X,Gaze Y,AOI
0,0,516,389,2
17,17,515,392,2
33,17,522,380,2
50,17,517,375,2
67,17,512,379,2
83,17,514,391,2
100,17,514,393,2
116,17,513,387,2
133,17,515,389,2
150,17,517,395,2
166,17,511,392,2
183,17,512,394,2
200,17,517,367,2
216,17,513,392,2
233,17,514,390,2
250,17,513,384,2
266,17,516,387,2
283,17,515,401,2
299,17,515,384,2
316,17,514,394,2
333,17,512,392,2
349,17,509,403,2
366,17,511,403,2
383,17,511,394,2
399,17,513,395,2
416,17,519,390,2
433,17,510,406,2
449,17,508,397,2
466,17,511,388,2
482,17,511,379,2
499,17,507,407,2
516,17,511,402,2
532,17,508,400,2
549,17,505,403,2
566,17,507,400,2
582,17,511,395,2
599,17,509,397,2
615,17,509,392,2
632,17,508,389,2
649,17,509,395,2
665,17,505,398,2
682,17,504,418,5
699,17,509,391,2
715,17,508,406,2
732,17,503,406,2
749,17,509,385,2
765,17,540,402,2
782,17,560,411,2
798,17,566,408,2
815,17,573,403,2
832,17,571,418,3
848,17,573,416,2
865,17,572,414,2
882,17,574,417,2
898,17,578,391,2
915,17,571,404,2
932,17,571,400,2
948,17,573,421,3
965,17,572,405,2
981,17,570,408,2
998,17,566,419,5
1015,17,572,413,2
1031,17,570,405,2
1048,17,575,405,2
1065,17,573,419,3
1081,17,574,400,2
1098,17,571,427,3
1115,17,572,397,2
1131,17,572,421,3
1148,17,572,413,2
1164,17,570,419,3
1181,17,568,409,2
1198,17,575,399,2
1214,17,567,410,2
1231,17,568,418,5
1248,17,559,434,3
1264,17,546,435,3
1281,17,479,430,3
1298,17,447,442,3
1314,17,452,447,3
1331,17,456,428,3
1347,17,464,411,2
1364,17,465,420,3
1381,17,464,429,3
1397,17,465,412,2
1414,17,461,407,2
1431,17,449,431,3
1447,17,430,425,3
1464,17,426,416,2
1481,17,428,415,2
1497,17,427,406,2
1514,17,430,403,2
1530,17,437,400,2
1547,17,427,410,2
1564,17,436,398,2
1580,17,436,407,2
1597,17,434,405,2
1614,17,430,401,2
1630,17,436,393,2
1647,17,427,394,2
1664,17,425,412,2
1680,17,429,390,2
1697,17,434,386,2
1713,17,430,386,2
1730,17,427,404,2
1747,17,438,394,2
1763,17,421,394,2
1780,17,426,391,2
1797,17,382,323,0
1813,17,435,393,2
1830,17,379,322,0
1846,17,427,383,2
1863,17,441,390,2
1880,17,429,394,2
1896,17,439,397,2
1913,17,379,315,0
1930,17,401,321,0
1946,17,525,365,2
1963,17,579,363,4
1980,17,579,337,4
1996,17,577,352,4
2013,17,581,352,4
2029,17,579,339,4
2046,17,583,354,4
2063,17,520,340,4
2079,17,582,357,4
2096,17,581,328,4
2113,17,581,345,4
2129,17,582,345,4
2163,33,529,342,4
2196,33,517,337,4
2212,17,579,344,4
2229,17,517,346,4
2246,17,516,330,4
2262,17,526,331,4
2279,17,525,330,4
2312,33,495,320,4
2346,33,484,326,4
2362,17,553,331,4
2395,33,550,343,4
2412,17,485,312,4
2429,17,488,328,4
2445,17,551,349,4
2462,17,556,318,4
2479,17,550,353,4
2495,17,486,324,4
2529,33,548,354,4
2545,17,548,351,4
2562,17,554,339,4
2578,17,493,338,4
2595,17,494,327,4
2612,17,551,351,4
2628,17,555,345,4
2645,17,550,365,2
2662,17,554,341,4
2678,17,553,350,4
2695,17,554,338,4
2712,17,551,354,4
2728,17,569,357,4
2745,17,568,353,4
2761,17,568,363,4
2778,17,570,354,4
2795,17,567,349,4
2811,17,566,346,4
2828,17,568,362,4
2845,17,566,346,4
2861,17,565,354,4
2878,17,567,338,4
2894,17,564,351,4
2911,17,563,376,2
2928,17,565,359,4
2944,17,564,366,2
2961,17,564,368,2
2978,17,567,353,4
2994,17,564,346,4
3011,17,562,366,2
3028,17,566,368,2
3044,17,560,374,2
3061,17,560,373,2
3077,17,563,367,2
3094,17,561,378,2
3111,17,562,362,4
3127,17,562,370,2
3144,17,564,357,4
3161,17,565,346,4
3177,17,561,379,2
3194,17,561,366,2
3211,17,562,365,2
3227,17,566,355,4
3244,17,568,368,2
3260,17,565,363,4
3277,17,556,371,2
3294,17,561,368,2
3310,17,562,359,4
3327,17,560,376,2
3344,17,563,363,4
3360,17,553,371,2
3377,17,563,352,4
3394,17,568,340,4
3410,17,564,358,4
3427,17,562,351,4
3443,17,563,360,4
3460,17,558,377,2
3477,17,559,369,2
3493,17,563,369,2
3510,17,559,363,4
3527,17,563,367,2
3543,17,564,353,4
3560,17,564,376,2
3577,17,560,373,2
3593,17,568,374,2
3610,17,563,380,2
3626,17,557,360,4
3643,17,523,372,2
3660,17,536,358,4
3676,17,525,364,4
3693,17,525,378,2
3710,17,529,381,2
3726,17,525,377,2
3743,17,525,374,2
3760,17,528,384,2
3776,17,523,373,2
3793,17,529,377,2
3809,17,526,381,2
3826,17,526,376,2
3843,17,528,378,2
3859,17,525,371,2
3876,17,527,372,2
3893,17,527,378,2
3909,17,523,388,2
3926,17,521,381,2
3943,17,522,382,2
3959,17,524,382,2
3976,17,525,377,2
3992,17,525,382,2
4009,17,525,378,2
4026,17,523,382,2
4042,17,526,380,2
4059,17,530,378,2
4076,17,500,370,2
4092,17,500,376,2
4109,17,499,364,4
4125,17,499,372,2
4142,17,498,372,2
4159,17,507,373,2
4175,17,499,363,4
4192,17,506,353,4
4209,17,498,374,2
4225,17,499,371,2
4242,17,496,380,2
4259,17,500,357,4
4275,17,500,351,4
4292,17,494,372,2
4308,17,497,386,2
4325,17,504,374,2
4342,17,494,374,2
4358,17,497,384,2
4375,17,490,372,2
4392,17,493,382,2
4408,17,497,373,2
4425,17,496,385,2
4442,17,491,388,2
4458,17,496,381,2
4475,17,500,377,2
4491,17,503,358,4
4508,17,494,363,4
4525,17,497,386,2
4541,17,494,387,2
4558,17,499,379,2
4575,17,498,342,4
4591,17,505,701,3
4691,100,496,508,3
4708,17,512,281,0
4724,17,511,352,4
4741,17,503,373,2
4758,17,514,354,4
4774,17,507,365,2
4791,17,510,353,4
4808,17,507,373,2
4824,17,512,352,4
4841,17,510,359,4
4857,17,407,420,3
4874,17,349,418,3
4891,17,360,425,3
4907,17,352,433,3
4924,17,348,436,3
4941,17,350,437,3
4957,17,348,426,3
4974,17,354,425,3
4991,17,360,421,3
5007,17,352,432,3
5024,17,357,414,2
5040,17,356,426,3
5057,17,351,432,3
5074,17,354,435,3
5090,17,314,445,3
5107,17,335,441,3
5124,17,336,440,3
5140,17,333,439,3
5157,17,330,449,3
5174,17,330,435,3
5190,17,338,431,3
5207,17,329,443,3
5223,17,332,446,3
5240,17,333,432,3
5257,17,334,432,3
5273,17,331,440,3
5290,17,343,423,3
5307,17,333,436,3
5323,17,333,429,3
5340,17,336,439,3
5356,17,333,436,3
5373,17,332,440,3
5390,17,333,447,3
5406,17,337,442,3
5423,17,346,431,3
5440,17,331,434,3
5456,17,335,444,3
5473,17,339,429,3
5490,17,333,431,3
5506,17,331,442,3
5523,17,340,433,3
5539,17,366,398,2
5556,17,394,343,0
5573,17,387,351,0
5589,17,386,354,0
5606,17,394,349,0
5623,17,392,358,0
5639,17,392,341,0
5656,17,391,355,0
5673,17,399,344,0
5689,17,394,348,0
5706,17,394,361,0
5722,17,400,343,0
5739,17,478,300,4
5756,17,533,299,4
5772,17,523,305,4
5789,17,530,288,4
5806,17,534,278,0
5822,17,528,298,4
5839,17,529,313,4
5856,17,532,299,4
5872,17,528,296,4
5889,17,530,298,4
5905,17,531,307,4
5922,17,529,311,4
5939,17,534,292,4
5955,17,584,267,0
5972,17,601,290,4
5989,17,599,253,1
6005,17,602,287,0
6022,17,601,282,0
6039,17,603,274,0
6055,17,601,268,0
6072,17,600,267,0
6088,17,596,282,0
6105,17,598,271,0
6122,17,604,269,0
6138,17,599,267,0
6155,17,603,243,1
6172,17,607,232,1
6188,17,609,242,1
6205,17,607,253,1
6222,17,605,250,1
6238,17,604,258,1
6255,17,606,254,1
6271,17,604,253,1
6288,17,611,229,1
6305,17,547,328,4
6321,17,536,393,2
6338,17,531,385,2
6355,17,533,387,2
6371,17,528,396,2
6388,17,529,404,2
6404,17,527,398,2
6421,17,528,400,2
6438,17,527,398,2
6454,17,527,401,2
6471,17,530,386,2
6488,17,527,382,2
6504,17,527,385,2
6521,17,530,393,2
6538,17,525,401,2
6554,17,531,394,2
6571,17,530,389,2
6587,17,531,393,2
6604,17,525,401,2
6621,17,533,382,2
6637,17,532,377,2
6654,17,528,385,2
6671,17,529,394,2
6687,17,534,393,2
6704,17,531,378,2
6721,17,535,384,2
6737,17,530,392,2
6754,17,533,380,2
6770,17,530,375,2
6787,17,532,387,2
6804,17,532,384,2
6820,17,529,383,2
6837,17,528,381,2
6854,17,526,374,2
6870,17,530,378,2
6887,17,530,377,2
6904,17,530,377,2
6920,17,528,385,2
6937,17,530,375,2
6953,17,532,383,2
6970,17,529,397,2
6987,17,564,369,2
7003,17,556,367,2
7020,17,559,381,2
7037,17,550,378,2
7053,17,565,365,2
7070,17,560,362,4
7087,17,552,374,2
7103,17,562,383,2
7120,17,561,369,2
7136,17,554,376,2
7153,17,559,367,2
7170,17,557,381,2
7186,17,559,385,2
7203,17,560,387,2
7220,17,565,382,2
7236,17,558,373,2
7253,17,549,386,2
7270,17,557,379,2
7286,17,549,369,2
7303,17,562,379,2
7319,17,554,374,2
7336,17,565,360,4
7353,17,556,393,2
7369,17,551,372,2
7386,17,561,383,2
7403,17,548,405,2
7419,17,553,370,2
7436,17,556,388,2
7453,17,552,379,2
7469,17,555,387,2
7486,17,563,377,2
7502,17,555,383,2
7519,17,559,382,2
7536,17,502,354,4
7552,17,497,345,4
7569,17,496,335,4
7586,17,488,344,4
7602,17,493,351,4
7619,17,486,344,4
7635,17,490,351,4
7652,17,497,332,4
7669,17,492,343,4
7685,17,494,353,4
7702,17,487,336,4
7719,17,488,346,4
7735,17,488,344,4
7752,17,491,346,4
7769,17,485,339,4
7785,17,488,327,4
7802,17,491,344,4
7818,17,491,344,4
7835,17,486,345,4
7852,17,494,340,4
7868,17,484,364,4
7885,17,488,355,4
7902,17,485,363,4
7918,17,484,350,4
7935,17,471,383,2
7952,17,473,366,2
7968,17,468,388,2
7985,17,469,364,4
8001,17,465,388,2
8018,17,468,366,2
8035,17,469,375,2
8051,17,469,386,2
8068,17,466,366,2
8085,17,466,382,2
8101,17,470,373,2
8118,17,483,456,3
8135,17,486,485,3
8151,17,480,467,3
8168,17,488,489,3
8184,17,490,471,3
8201,17,480,480,3
8218,17,492,482,3
8234,17,490,466,3
8251,17,485,474,3
8268,17,482,491,3
8284,17,482,477,3
8301,17,461,537,3
8318,17,474,540,3
8334,17,467,541,3
8351,17,464,553,3
8367,17,476,536,3
8384,17,468,542,3
8401,17,476,544,3
8417,17,467,547,3
8434,17,472,549,3
8451,17,472,554,3
8467,17,465,557,3
8484,17,480,561,3
8501,17,470,553,3
8517,17,473,543,3
8534,17,473,558,3
8550,17,473,551,3
8567,17,458,576,3
8584,17,471,564,3
8600,17,466,556,3
8617,17,469,549,3
8634,17,463,555,3
8650,17,462,560,3
8667,17,470,553,3
8683,17,469,550,3
8700,17,458,569,3
8717,17,463,555,3
8733,17,485,567,3
8750,17,478,560,3
8767,17,493,560,3
8783,17,474,564,3
8800,17,471,551,3
8817,17,477,566,3
8833,17,486,565,3
8850,17,472,566,3
8866,17,496,543,3
8883,17,482,556,3
8900,17,475,565,3
8916,17,477,569,3
8933,17,477,560,3
8950,17,484,555,3
8966,17,478,563,3
8983,17,479,561,3
9000,17,484,555,3
9016,17,484,566,3
9033,17,471,564,3
9049,17,476,555,3
9066,17,475,564,3
9083,17,527,489,3
9099,17,543,432,3
9116,17,546,443,3
9133,17,551,420,5
9149,17,545,423,3
9166,17,544,436,3
9183,17,546,430,3
9199,17,546,426,3
9216,17,547,424,3
9232,17,547,425,3
9249,17,550,415,2
9266,17,525,390,2
9282,17,503,319,4
9299,17,488,316,4
9316,17,485,326,4
9332,17,487,331,4
9349,17,489,325,4
9366,17,491,335,4
9382,17,490,336,4
9399,17,492,314,4
9415,17,493,309,4
9432,17,490,330,4
9449,17,489,319,4
9465,17,482,316,4
9482,17,405,378,2
9499,17,396,361,0
9515,17,394,370,2
9532,17,402,373,2
9549,17,395,370,2
9565,17,392,373,2
9582,17,393,367,2
9598,17,397,372,2
9615,17,392,369,2
9632,17,405,357,0
9648,17,396,354,0
9665,17,399,366,2
9682,17,396,368,2
9698,17,397,377,2
9715,17,396,366,2
9732,17,392,367,2
9748,17,392,375,2
9765,17,396,369,2
9781,17,396,385,2
9798,17,396,364,0
9815,17,396,364,0
9831,17,395,323,0
9848,17,399,309,0
9865,17,392,315,0
9881,17,401,330,0
9898,17,395,320,0
9914,17,394,315,0
9931,17,399,318,0
9948,17,399,309,0
9964,17,395,321,0
9981,17,402,312,0
9998,17,398,313,0
10014,17,407,311,0
10031,17,400,315,0
10048,17,403,316,0
10064,17,485,258,1
10081,17,546,247,1
10097,17,556,272,0
10114,17,519,549,3
10131,17,512,457,3
10147,17,558,241,1
10164,17,564,220,1
10181,17,565,216,1
10197,17,560,242,1
10214,17,564,236,1
10231,17,562,235,1
10247,17,561,230,1
10264,17,560,245,1
10280,17,561,226,1
10297,17,557,233,1
10314,17,562,225,1
10330,17,558,248,1
10347,17,553,245,1
10364,17,514,372,2
10380,17,520,399,2
10397,17,513,399,2
10414,17,514,403,2
10430,17,513,404,2
10447,17,514,400,2
10463,17,515,414,2
10480,17,515,407,2
10497,17,512,404,2
10513,17,513,405,2
10530,17,515,408,2
10547,17,515,399,2
10563,17,508,416,2
10580,17,512,416,2
10597,17,511,398,2
10613,17,514,378,2
10630,17,510,393,2
10646,17,510,408,2
10663,17,510,404,2
10680,17,530,390,2
10696,17,550,393,2
10713,17,546,400,2
10730,17,549,402,2
10746,17,551,392,2
10763,17,548,379,2
10780,17,547,380,2
10796,17,544,387,2
10813,17,548,376,2
10829,17,549,370,2
10846,17,548,376,2
10863,17,551,391,2
10879,17,554,377,2
10896,17,548,378,2
10913,17,552,385,2
10929,17,536,393,2
10946,17,547,381,2
10962,17,545,382,2
10979,17,553,366,2
10996,17,549,370,2
11012,17,550,386,2
11029,17,549,385,2
11046,17,550,382,2
11062,17,548,392,2
11079,17,545,385,2
11096,17,547,356,4
11112,17,544,388,2
11129,17,548,397,2
11145,17,551,383,2
11162,17,547,374,2
11179,17,552,383,2
11195,17,554,363,4
11212,17,554,370,2
11229,17,544,385,2
11245,17,549,389,2
11262,17,553,380,2
11279,17,555,372,2
11295,17,548,385,2
11312,17,546,372,2
11328,17,556,368,2
11345,17,548,381,2
11362,17,545,404,2
11378,17,555,367,2
11395,17,553,385,2
11412,17,549,395,2
11428,17,552,358,4
11445,17,549,385,2
11462,17,540,388,2
11478,17,545,374,2
11495,17,551,366,2
11511,17,545,388,2
11528,17,542,389,2
11545,17,537,385,2
11561,17,517,380,2
11578,17,517,375,2
11595,17,515,375,2
11611,17,510,386,2
11628,17,519,373,2
11645,17,512,379,2
11661,17,522,365,2
11678,17,513,385,2
11694,17,517,369,2
11711,17,515,383,2
11728,17,521,363,4
11744,17,523,385,2
11761,17,517,442,3
11778,17,523,434,3
11794,17,527,428,3
11811,17,521,441,3
11828,17,519,437,3
11844,17,522,430,3
11861,17,520,429,3
11877,17,524,413,2
11894,17,518,445,3
11911,17,521,440,3
11927,17,523,434,3
11944,17,522,437,3
11961,17,525,436,3
11977,17,521,430,3
11994,17,522,421,5
12011,17,523,421,5
12027,17,519,445,3
12044,17,526,434,3
12060,17,524,430,3
12077,17,518,408,2
12094,17,518,329,4
12110,17,509,258,1
12127,17,515,252,1
12144,17,513,264,0
12160,17,519,236,1
12177,17,515,260,0
12193,17,515,255,1
12210,17,510,259,1
12227,17,510,272,0
12243,17,511,256,1
12260,17,517,252,1
12277,17,511,255,1
12293,17,512,251,1
12310,17,517,238,1
12327,17,505,251,1
12343,17,507,285,0
12360,17,497,342,4
12376,17,500,357,4
12393,17,501,330,4
12410,17,498,355,4
12426,17,501,345,4
12443,17,500,350,4
12460,17,501,346,4
12476,17,507,326,4
12493,17,502,350,4
12510,17,500,338,4
12526,17,504,346,4
12543,17,503,331,4
12559,17,503,335,4
12576,17,508,337,4
12593,17,504,332,4
12609,17,507,334,4
12626,17,537,320,4
12643,17,588,320,4
12659,17,594,314,4
12676,17,591,317,4
12693,17,597,305,4
12709,17,599,312,4
12726,17,600,311,4
12742,17,591,340,4
12759,17,599,322,4
12776,17,598,323,4
12792,17,593,318,4
12809,17,606,294,4
12826,17,596,307,4
12842,17,595,313,4
12859,17,600,319,4
12876,17,564,284,0
12892,17,537,212,1
12909,17,517,214,1
12925,17,521,201,1
12942,17,530,199,1
12959,17,523,183,1
12975,17,523,195,1
12992,17,528,193,1
13009,17,531,180,1
13025,17,520,203,1
13042,17,528,193,1
13059,17,532,189,1
13075,17,530,190,1
13092,17,534,185,1
13108,17,524,190,1
13125,17,508,191,1
13142,17,493,174,1
13158,17,477,176,1
13175,17,467,172,1
13192,17,485,175,1
13208,17,468,178,1
13225,17,469,183,1
13241,17,472,180,1
13258,17,486,168,1
13275,17,488,178,1
13291,17,484,189,1
13308,17,470,178,1
13325,17,468,178,1
13341,17,471,176,1
13358,17,479,177,1
13375,17,470,181,1
13391,17,511,158,1
13408,17,553,133,1
13424,17,572,126,0
13441,17,575,108,0
13458,17,575,126,0
13474,17,571,114,0
13491,17,573,113,0
13508,17,563,118,0
13524,17,573,126,0
13541,17,572,133,1
13558,17,573,114,0
13574,17,568,120,0
13591,17,572,116,0
13607,17,568,124,0
13624,17,571,122,0
13641,17,576,116,0
13657,17,571,134,1
13674,17,573,118,0
13691,17,573,122,0
13707,17,571,117,0
13724,17,574,125,0
13741,17,621,123,0
13757,17,646,130,0
13774,17,646,121,0
13790,17,654,129,0
13807,17,650,139,1
13824,17,651,123,0
13840,17,654,117,0
13857,17,652,119,0
13874,17,653,134,1
13890,17,650,130,0
13907,17,647,124,0
13924,17,651,132,0
13940,17,648,125,0
13957,17,647,129,0
13973,17,652,121,0
13990,17,650,128,0
14007,17,642,145,1
14023,17,560,219,1
14040,17,540,265,0
14057,17,542,263,0
14073,17,536,275,0
14090,17,532,286,0
14107,17,535,271,0
14123,17,537,268,0
14140,17,531,285,0
14156,17,536,272,0
14173,17,535,274,0
14190,17,527,341,4
14206,17,518,351,4
14223,17,520,379,2
14240,17,517,370,2
14256,17,518,386,2
14273,17,520,373,2
14290,17,517,387,2
14306,17,518,379,2
14323,17,521,384,2
14339,17,521,373,2
14356,17,528,352,4
14373,17,519,380,2
14389,17,517,388,2
14406,17,522,371,2
14423,17,518,361,4
14439,17,519,384,2
14456,17,523,381,2
14472,17,523,365,2
14489,17,545,372,2
14506,17,540,395,2
14522,17,538,389,2
14539,17,545,373,2
14556,17,549,369,2
14572,17,543,385,2
14589,17,548,380,2
14606,17,538,401,2
14622,17,545,377,2
14639,17,543,385,2
14655,17,535,401,2
14672,17,544,385,2
14689,17,545,382,2
14705,17,546,380,2
14722,17,538,387,2
14739,17,544,380,2
14755,17,545,375,2
14772,17,543,376,2
14789,17,544,383,2
14805,17,539,383,2
14822,17,545,393,2
14838,17,543,384,2
14855,17,542,385,2
14872,17,546,375,2
14888,17,545,370,2
14905,17,546,367,2
14922,17,539,383,2
14938,17,538,400,2
14955,17,541,383,2
14972,17,539,391,2
14988,17,538,388,2
15005,17,543,390,2
15021,17,541,397,2
15038,17,542,389,2
15055,17,539,397,2
15071,17,539,394,2
15088,17,545,384,2
15105,17,541,392,2
15121,17,540,390,2
15138,17,540,395,2
15155,17,546,389,2
15171,17,544,390,2
15188,17,542,383,2
15204,17,539,400,2
15221,17,536,395,2
15238,17,547,378,2
15254,17,540,393,2
15271,17,539,386,2
15288,17,544,393,2
15304,17,539,387,2
15321,17,547,373,2
15338,17,540,377,2
15354,17,538,398,2
15371,17,542,392,2
15387,17,543,378,2
15404,17,541,392,2
15421,17,543,385,2
15437,17,540,381,2
15454,17,543,378,2
15471,17,542,373,2
15487,17,548,375,2
15504,17,537,372,2
15521,17,531,438,3
15537,17,519,449,3
15554,17,525,476,3
15570,17,532,456,3
15587,17,524,458,3
15604,17,530,450,3
15620,17,529,462,3
15637,17,530,455,3
15654,17,536,446,3
15670,17,530,444,3
15687,17,524,459,3
15703,17,530,453,3
15720,17,531,457,3
15737,17,529,454,3
15753,17,532,447,3
15770,17,524,450,3
15787,17,528,465,3
15803,17,525,473,3
15820,17,528,464,3
15837,17,533,458,3
15853,17,531,463,3
15870,17,537,436,3
15886,17,517,469,3
15903,17,527,456,3
15920,17,527,449,3
15936,17,525,473,3
15953,17,533,456,3
15970,17,531,465,3
15986,17,535,461,3
16003,17,531,468,3
16020,17,532,445,3
16036,17,528,457,3
16053,17,523,456,3
16069,17,524,471,3
16086,17,535,445,3
16103,17,533,453,3
16119,17,527,465,3
16136,17,530,455,3
16153,17,528,467,3
16169,17,529,470,3
16186,17,530,453,3
16203,17,535,453,3
16219,17,531,447,3
16236,17,526,464,3
16252,17,535,444,3
16269,17,525,458,3
16286,17,526,450,3
16302,17,517,444,3
16319,17,519,444,3
16336,17,506,459,3
16352,17,515,451,3
16369,17,513,448,3
16386,17,515,438,3
16402,17,510,439,3
16419,17,505,451,3
16435,17,513,453,3
16452,17,506,454,3
16469,17,514,446,3
16485,17,511,454,3
16502,17,511,450,3
16519,17,516,464,3
16535,17,506,460,3
16552,17,515,458,3
16569,17,517,443,3
16585,17,512,456,3
16602,17,509,451,3
16618,17,523,456,3
16635,17,552,424,3
16652,17,563,432,3
16668,17,555,432,3
16685,17,560,433,3
16702,17,557,420,5
16718,17,558,429,3
16735,17,561,435,3
16751,17,556,433,3
16768,17,559,418,5
16785,17,558,426,3
16801,17,556,435,3
16818,17,525,375,2
16835,17,523,328,4
16851,17,528,321,4
16868,17,523,319,4
16885,17,525,317,4
16901,17,519,335,4
16918,17,525,319,4
16934,17,524,321,4
16951,17,528,313,4
16968,17,522,331,4
16984,17,520,321,4
17001,17,520,334,4
17018,17,527,320,4
17034,17,518,323,4
17051,17,523,315,4
17068,17,525,329,4
17084,17,524,336,4
17101,17,522,337,4
17117,17,522,323,4
17134,17,521,331,4
17151,17,523,326,4
17167,17,526,320,4
17184,17,524,320,4
17201,17,523,310,4
17217,17,516,325,4
17234,17,521,328,4
17251,17,521,330,4
17267,17,516,320,4
17284,17,520,277,0
17300,17,525,242,1
17317,17,537,243,1
17334,17,539,228,1
17350,17,537,240,1
17367,17,540,222,1
17384,17,533,232,1
17400,17,534,237,1
17417,17,539,235,1
17434,17,529,230,1
17450,17,527,237,1
17467,17,537,229,1
17483,17,532,248,1
17500,17,534,267,0
17517,17,531,345,4
17533,17,531,327,4
17550,17,529,364,4
17567,17,526,357,4
17583,17,532,352,4
17600,17,530,349,4
17617,17,523,359,4
17633,17,532,342,4
17650,17,536,358,4
17666,17,528,353,4
17683,17,529,360,4
17700,17,532,348,4
17716,17,525,364,4
17733,17,540,363,4
17750,17,576,356,4
17766,17,580,364,4
17783,17,588,344,4
17800,17,589,339,4
17816,17,588,350,4
17833,17,588,344,4
17849,17,589,331,4
17866,17,588,339,4
17883,17,587,343,4
17899,17,588,338,4
17916,17,588,346,4
17933,17,588,349,4
17949,17,588,338,4
17966,17,582,334,4
17982,17,527,418,5
17999,17,532,434,3
18016,17,521,443,3
18032,17,524,453,3
18049,17,531,435,3
18066,17,523,443,3
18082,17,519,440,3
18099,17,533,436,3
18116,17,534,437,3
18132,17,526,439,3
18149,17,530,433,3
18165,17,527,433,3
18182,17,525,431,3
18199,17,522,432,3
18215,17,521,436,3
18232,17,519,434,3
18249,17,524,444,3
18265,17,524,433,3
18282,17,527,430,3
18299,17,528,431,3
18315,17,531,430,3
18332,17,522,451,3
18348,17,524,435,3
18365,17,528,440,3
18382,17,524,447,3
18398,17,530,431,3
18415,17,531,418,5
18432,17,540,381,2
18448,17,537,383,2
18465,17,540,384,2
18482,17,541,382,2
18498,17,540,388,2
18515,17,541,387,2
18531,17,541,370,2
18548,17,540,393,2
18565,17,545,389,2
18581,17,541,382,2
18598,17,545,382,2
18615,17,542,365,2
18631,17,541,377,2
18648,17,539,385,2
18665,17,539,384,2
18681,17,542,362,4
18698,17,536,379,2
18714,17,542,382,2
18731,17,540,374,2
18748,17,538,383,2
18764,17,544,361,4
18781,17,542,372,2
18798,17,536,383,2
18814,17,539,383,2
18831,17,541,377,2
18848,17,540,367,2
18864,17,540,379,2
18881,17,539,381,2
18897,17,534,392,2
18914,17,534,380,2
18931,17,540,364,4
18947,17,540,375,2
18964,17,538,364,4
18981,17,538,364,4
18997,17,537,391,2
19014,17,539,375,2
19030,17,534,367,2
19047,17,533,385,2
19064,17,533,381,2
19080,17,531,391,2
19097,17,534,389,2
19114,17,533,376,2
19130,17,535,378,2
19147,17,533,376,2
19164,17,534,388,2
19180,17,530,389,2
19197,17,531,384,2
19213,17,535,374,2
19230,17,530,378,2
19247,17,534,376,2
19263,17,531,377,2
19280,17,529,371,2
19297,17,532,384,2
19313,17,534,377,2
19330,17,528,386,2
19347,17,529,374,2
19363,17,527,380,2
19380,17,527,396,2
19396,17,528,381,2
19413,17,529,360,4
19430,17,528,392,2
19446,17,531,383,2
19463,17,521,372,2
19480,17,489,379,2
19496,17,490,363,4
19513,17,482,368,2
19530,17,482,372,2
19546,17,482,374,2
19563,17,487,373,2
19579,17,485,350,4
19596,17,483,368,2
19613,17,485,371,2
19629,17,488,365,2
19646,17,484,354,4
19663,17,484,362,4
19679,17,487,369,2
19696,17,487,364,4
19713,17,500,417,5
19729,17,501,422,3
19746,17,502,438,3
19762,17,504,431,3
19779,17,503,432,3
19796,17,504,429,3
19812,17,499,438,3
19829,17,505,446,3
19846,17,508,423,3
19862,17,510,417,5
19879,17,508,436,3
19896,17,505,439,3
19912,17,500,427,3
19929,17,507,434,3
19945,17,508,429,3
19962,17,508,423,3
19979,17,482,394,2
19995,17,479,349,4
20012,17,480,344,4
20029,17,479,326,4
20045,17,480,333,4
20062,17,485,325,4
20079,17,477,346,4
20095,17,481,335,4
20112,17,482,339,4
20128,17,479,340,4
20145,17,478,345,4
20162,17,484,336,4
20178,17,486,324,4
20195,17,483,333,4
20212,17,479,344,4
20228,17,487,328,4
20245,17,479,327,4
20261,17,486,339,4
20278,17,479,351,4
20295,17,483,335,4
20311,17,474,349,4
20328,17,473,352,4
20345,17,476,351,4
20361,17,470,344,4
20378,17,473,339,4
20395,17,475,350,4
20411,17,477,351,4
20428,17,477,329,4
20444,17,476,343,4
20461,17,480,341,4
20478,17,477,347,4
20494,17,480,355,4
20511,17,473,344,4
20528,17,477,354,4
20544,17,476,354,4
20561,17,477,352,4
20578,17,476,350,4
20594,17,477,344,4
20611,17,476,352,4
20627,17,475,349,4
20644,17,476,350,4
20661,17,475,355,4
20677,17,473,357,4
20694,17,471,374,2
20711,17,475,361,4
20727,17,473,350,4
20744,17,471,361,4
20761,17,473,360,4
20777,17,476,352,4
20794,17,468,373,2
20810,17,464,349,4
20827,17,462,351,4
20844,17,459,367,2
20860,17,460,373,2
20877,17,459,363,4
20894,17,462,361,4
20910,17,456,383,2
20927,17,454,373,2
20944,17,457,357,4
20960,17,467,362,4
20977,17,457,362,4
20993,17,461,360,4
21010,17,460,366,2
21027,17,459,359,4
21043,17,460,358,4
21060,17,465,342,4
21077,17,459,362,4
21093,17,527,336,4
21110,17,595,317,4
21127,17,636,302,0
21143,17,631,308,0
21160,17,637,302,0
21176,17,637,308,0
21193,17,632,305,0
21210,17,638,296,0
21226,17,636,301,0
21243,17,637,304,0
21260,17,639,309,0
21276,17,637,305,0
21293,17,636,291,0
21309,17,634,294,0
21326,17,545,335,4
21343,17,478,350,4
21359,17,481,368,2
21376,17,472,370,2
21393,17,477,347,4
21409,17,471,366,2
21426,17,476,360,4
21443,17,473,359,4
21459,17,480,366,2
21476,17,474,349,4
21492,17,474,365,2
21509,17,476,360,4
21526,17,473,370,2
21542,17,474,357,4
21559,17,476,361,4
21576,17,474,370,2
21592,17,478,350,4
21609,17,476,364,4
21626,17,472,354,4
21642,17,479,354,4
21659,17,478,351,4
21675,17,475,361,4
21692,17,471,361,4
21709,17,471,365,2
21725,17,472,371,2
21742,17,472,371,2
21759,17,476,353,4
21775,17,476,359,4
21792,17,472,356,4
21809,17,477,358,4
21825,17,474,366,2
21842,17,470,370,2
21858,17,472,365,2
21875,17,476,360,4
21892,17,473,374,2
21908,17,474,356,4
21925,17,483,360,4
21942,17,474,369,2
21958,17,473,373,2
21975,17,473,359,4
21992,17,470,362,4
22008,17,477,368,2
22025,17,472,366,2
22041,17,470,372,2
22058,17,473,365,2
22075,17,475,351,4
22091,17,469,363,4
22108,17,472,365,2
22125,17,469,354,4
22141,17,470,359,4
22158,17,465,379,2
22175,17,440,707,3
22657,482,484,520,3
22674,17,527,188,1
22690,17,514,339,4
22707,17,522,315,4
22723,17,522,331,4
22740,17,525,323,4
22757,17,518,317,4
22773,17,521,341,4
22790,17,521,331,4
22807,17,521,331,4
22823,17,519,350,4
22840,17,528,345,4
22857,17,527,325,4
22873,17,521,354,4
22890,17,522,387,2
22906,17,517,426,3
22923,17,517,423,3
22940,17,516,426,3
22956,17,521,413,2
22973,17,522,408,2
22990,17,521,407,2
23006,17,520,408,2
23023,17,524,401,2
23040,17,524,411,2
23056,17,522,395,2
23073,17,524,397,2
23089,17,526,392,2
23106,17,522,399,2
23123,17,532,394,2
23139,17,525,401,2
23156,17,525,398,2
23173,17,526,407,2
23189,17,529,391,2
23206,17,528,393,2
23223,17,529,394,2
23239,17,529,392,2
23256,17,529,396,2
23272,17,531,380,2
23289,17,529,397,2
23306,17,526,389,2
23322,17,534,369,2
23339,17,530,367,2
23356,17,532,375,2
23372,17,520,395,2
23389,17,531,371,2
23406,17,528,388,2
23422,17,529,398,2
23439,17,533,387,2
23455,17,531,384,2
23472,17,528,396,2
23489,17,533,390,2
23505,17,532,378,2
23522,17,534,386,2
23539,17,528,391,2
23555,17,530,378,2
23572,17,532,390,2
23588,17,527,392,2
23605,17,530,390,2
23622,17,519,403,2
23638,17,525,443,3
23655,17,522,442,3
23672,17,524,449,3
23688,17,523,438,3
23705,17,516,448,3
23722,17,526,450,3
23738,17,523,453,3
23755,17,521,433,3
23771,17,518,460,3
23788,17,519,454,3
23805,17,515,450,3
23821,17,520,445,3
23838,17,514,459,3
23855,17,517,457,3
23871,17,514,457,3
23888,17,515,459,3
23905,17,517,452,3
23921,17,513,474,3
23938,17,520,459,3
23954,17,508,474,3
23971,17,510,465,3
23988,17,508,459,3
24004,17,519,444,3
24021,17,516,460,3
24038,17,521,469,3
24054,17,514,468,3
24071,17,513,462,3
24088,17,509,452,3
24104,17,509,473,3
24121,17,509,470,3
24137,17,516,459,3
24154,17,516,465,3
24171,17,517,459,3
24187,17,516,455,3
24204,17,514,457,3
24221,17,516,473,3
24237,17,511,459,3
24254,17,513,461,3
24271,17,513,459,3
24287,17,512,456,3
24304,17,508,455,3
24320,17,512,451,3
24337,17,513,466,3
24354,17,516,465,3
24370,17,511,473,3
24387,17,512,458,3
24404,17,507,469,3
24420,17,518,463,3
24437,17,517,461,3
24454,17,514,468,3
24470,17,516,464,3
24487,17,514,452,3
24503,17,517,462,3
24520,17,520,448,3
24537,17,511,462,3
24553,17,513,460,3
24570,17,516,463,3
24587,17,518,467,3
24603,17,514,470,3
24620,17,541,439,3
24637,17,524,447,3
24653,17,535,435,3
24670,17,534,443,3
24686,17,532,455,3
24703,17,536,441,3
24720,17,537,445,3
24736,17,535,456,3
24753,17,532,465,3
24770,17,534,462,3
24786,17,531,441,3
24803,17,530,470,3
24819,17,539,438,3
24836,17,535,451,3
24853,17,530,468,3
24869,17,532,458,3
24886,17,537,449,3
24903,17,542,432,3
24919,17,535,440,3
24936,17,535,453,3
24953,17,518,446,3
24969,17,504,363,4
24986,17,486,350,4
25002,17,490,341,4
25019,17,490,341,4
25036,17,492,325,4
25052,17,488,350,4
25069,17,485,346,4
25086,17,499,336,4
25102,17,491,355,4
25119,17,489,349,4
25136,17,487,337,4
25152,17,490,352,4
25169,17,483,353,4
25185,17,489,349,4
25202,17,481,353,4
25219,17,470,344,4
25235,17,466,348,4
25252,17,466,345,4
25269,17,466,356,4
25285,17,469,354,4
25302,17,469,351,4
25319,17,472,337,4
25335,17,468,347,4
25352,17,463,370,2
25368,17,467,335,4
25385,17,483,332,4
25402,17,470,357,4
25418,17,469,355,4
25435,17,469,348,4
25452,17,471,340,4
25468,17,472,352,4
25485,17,472,345,4
25502,17,466,360,4
25518,17,476,341,4
25535,17,478,365,2
25551,17,470,361,4
25568,17,473,347,4
25585,17,469,356,4
25601,17,469,351,4
25618,17,469,363,4
25635,17,472,342,4
25651,17,472,355,4
25668,17,471,348,4
25685,17,471,358,4
25701,17,470,353,4
25718,17,473,361,4
25734,17,471,337,4
25751,17,473,355,4
25768,17,472,355,4
25784,17,470,362,4
25801,17,470,363,4
25818,17,508,340,4
25834,17,574,337,4
25851,17,610,341,4
25868,17,605,352,4
25884,17,611,349,4
25901,17,608,324,4
25917,17,610,338,4
25934,17,609,334,4
25951,17,612,333,4
25967,17,611,347,4
25984,17,610,336,4
26001,17,611,357,4
26017,17,613,337,0
26034,17,607,340,4
26050,17,613,338,0
26067,17,604,338,4
26084,17,605,312,4
26100,17,602,326,4
26117,17,604,334,4
26134,17,603,324,4
26150,17,603,329,4
26167,17,599,335,4
26184,17,601,337,4
26200,17,606,331,4
26217,17,607,319,4
26233,17,605,319,4
26250,17,605,338,4
26267,17,607,332,4
26283,17,606,328,4
26300,17,610,318,4
26317,17,609,315,4
26333,17,611,311,4
26350,17,606,317,4
26367,17,609,325,4
26383,17,609,319,4
26400,17,605,332,4
26416,17,607,335,4
26433,17,546,382,2
26450,17,537,382,2
26466,17,534,387,2
26483,17,536,391,2
26500,17,529,405,2
26516,17,537,371,2
26533,17,533,402,2
26550,17,531,392,2
26566,17,538,387,2
26583,17,534,396,2
26599,17,531,391,2
26616,17,533,378,2
26633,17,534,383,2
26649,17,532,402,2
26666,17,535,381,2
26683,17,534,386,2
26699,17,537,377,2
26716,17,533,364,4
26733,17,537,366,2
26749,17,537,386,2
26766,17,534,372,2
26782,17,536,374,2
26799,17,538,385,2
26816,17,530,383,2
26832,17,534,386,2
26849,17,535,383,2
26866,17,533,374,2
26882,17,532,385,2
26899,17,536,381,2
26916,17,535,371,2
26932,17,538,369,2
26949,17,532,380,2
26965,17,534,374,2
26982,17,531,367,2
26999,17,536,361,4
27015,17,538,372,2
27032,17,528,378,2
27049,17,533,371,2
27065,17,536,363,4
27082,17,532,381,2
27098,17,532,372,2
27115,17,535,375,2
27132,17,544,363,4
27148,17,533,390,2
27165,17,530,385,2
27182,17,534,388,2
27198,17,529,365,2
27215,17,531,379,2
27232,17,533,382,2
27248,17,535,365,2
27265,17,530,380,2
27281,17,532,376,2
27298,17,529,384,2
27315,17,530,390,2
27331,17,529,389,2
27348,17,527,389,2
27365,17,532,366,2
27381,17,532,379,2
27398,17,533,383,2
27415,17,531,368,2
27431,17,526,394,2
27448,17,526,375,2
27464,17,530,382,2
27481,17,531,374,2
27498,17,523,388,2
27514,17,534,384,2
27531,17,532,368,2
27548,17,529,373,2
27564,17,526,451,3
27581,17,526,440,3
27598,17,529,455,3
27614,17,526,443,3
27631,17,529,452,3
27647,17,532,463,3
27664,17,537,435,3
27681,17,531,453,3
27697,17,531,451,3
27714,17,536,449,3
27731,17,526,448,3
27747,17,523,446,3
27764,17,530,449,3
27781,17,525,466,3
27797,17,527,452,3
27814,17,533,439,3
27830,17,530,453,3
27847,17,530,445,3
27864,17,534,436,3
27880,17,533,439,3
27897,17,541,432,3
27914,17,526,456,3
27930,17,533,439,3
27947,17,529,440,3
27964,17,526,437,3
27980,17,530,449,3
27997,17,534,440,3
28013,17,529,449,3
28030,17,531,439,3
28047,17,530,445,3
28063,17,531,420,5
28080,17,535,413,2
28097,17,537,386,2
28113,17,536,397,2
28130,17,535,399,2
28147,17,535,388,2
28163,17,538,385,2
28180,17,534,405,2
28196,17,530,401,2
28213,17,537,404,2
28230,17,536,411,2
28246,17,540,395,2
28263,17,535,401,2
28280,17,533,410,2
28296,17,539,392,2
28313,17,542,404,2
28329,17,536,447,3
28346,17,537,428,3
28363,17,536,440,3
28379,17,532,438,3
28396,17,533,434,3
28413,17,538,426,3
28429,17,534,453,3
28446,17,531,445,3
28463,17,535,439,3
28479,17,535,424,3
28496,17,540,432,3
28512,17,525,444,3
28529,17,534,441,3
28546,17,534,429,3
28562,17,527,422,3
28579,17,489,405,2
28596,17,451,384,2
28612,17,454,356,4
28629,17,458,353,4
28646,17,452,374,2
28662,17,456,362,4
28679,17,442,377,2
28695,17,458,364,4
28712,17,447,362,4
28729,17,450,367,2
28745,17,453,366,2
28762,17,426,361,4
28779,17,424,357,4
28795,17,417,383,2
28812,17,419,362,4
28829,17,404,383,2
28845,17,413,382,2
28862,17,416,361,4
28878,17,412,378,2
28895,17,418,368,2
28912,17,418,373,2
28928,17,416,382,2
28945,17,421,364,4
28962,17,415,377,2
28978,17,415,387,2
28995,17,414,383,2
29012,17,417,376,2
29028,17,410,357,0
29045,17,429,368,2
29061,17,495,386,2
29078,17,550,348,4
29095,17,531,384,2
29111,17,546,362,4
29128,17,542,365,2
29145,17,538,383,2
29161,17,544,364,4
29178,17,545,379,2
29195,17,541,388,2
29211,17,543,378,2
29228,17,543,385,2
29244,17,549,358,4
29261,17,535,375,2
29278,17,540,374,2
29294,17,583,374,2
29311,17,592,346,4
29328,17,588,355,4
29344,17,593,355,4
29361,17,583,355,4
29377,17,590,371,2
29394,17,586,379,2
29411,17,587,352,4
29427,17,586,369,2
29444,17,589,358,4
29461,17,591,359,4
29477,17,594,355,4
29494,17,593,334,4
29511,17,593,352,4
29527,17,590,369,2
29544,17,589,360,4
29560,17,588,367,2
29577,17,568,330,4
29594,17,556,272,0
29610,17,555,255,1
29627,17,559,257,1
29644,17,557,269,0
29660,17,554,261,0
29677,17,554,268,0
29694,17,552,283,0
29710,17,558,258,1
29727,17,554,277,0
29743,17,555,271,0
29760,17,554,275,0
29777,17,544,212,1
29793,17,541,188,1
29810,17,535,185,1
29827,17,537,181,1
29843,17,541,180,1
29860,17,548,182,1
29877,17,544,177,1
29893,17,545,188,1
29910,17,543,189,1
29926,17,542,192,1
29943,17,537,184,1
29960,17,542,175,1
29976,17,542,190,1
29993,17,540,187,1
30010,17,541,181,1
30026,17,541,200,1
30043,17,534,197,1
30060,17,544,183,1
30076,17,540,189,1
30093,17,535,188,1
30109,17,542,177,1
30126,17,542,183,1
30143,17,538,189,1
30159,17,543,181,1
30176,17,539,188,1
30193,17,534,195,1
30209,17,532,205,1
30226,17,536,207,1
30243,17,535,195,1
30259,17,531,192,1
30276,17,533,180,1
30292,17,538,193,1
30309,17,533,196,1
30326,17,536,200,1
30342,17,534,205,1
30359,17,543,215,1
30376,17,538,246,1
30392,17,545,230,1
30409,17,547,248,1
30426,17,542,248,1
30442,17,546,243,1
30459,17,545,241,1
30475,17,540,251,1
30492,17,542,250,1
30509,17,526,346,4
30525,17,528,397,2
30542,17,523,382,2
30559,17,526,404,2
30575,17,525,394,2
30592,17,522,381,2
30608,17,522,387,2
30625,17,525,381,2
30642,17,529,406,2
30658,17,528,390,2
30675,17,523,413,2
30692,17,525,397,2
30708,17,530,410,2
30725,17,521,405,2
30742,17,522,415,2
30758,17,524,406,2
30775,17,522,400,2
30791,17,516,392,2
30808,17,528,392,2
30825,17,535,390,2
30841,17,524,408,2
30858,17,542,387,2
30875,17,538,404,2
30891,17,544,397,2
30908,17,547,375,2
30925,17,550,387,2
30941,17,544,381,2
30958,17,552,370,2
30974,17,551,392,2
30991,17,550,382,2
31008,17,548,382,2
31024,17,548,380,2
31041,17,545,384,2
31058,17,547,382,2
31074,17,551,361,4
31091,17,554,364,4
31108,17,563,364,4
31124,17,557,361,4
31141,17,553,378,2
31157,17,554,380,2
31174,17,557,367,2
31191,17,550,395,2
31207,17,554,369,2
31224,17,556,366,2
31241,17,552,378,2
31257,17,556,391,2
31274,17,553,381,2
31291,17,553,386,2
31307,17,554,366,2
31324,17,550,372,2
31340,17,553,379,2
31357,17,550,375,2
31374,17,550,363,4
31390,17,551,381,2
31407,17,554,378,2
31424,17,554,376,2
31440,17,548,378,2
31457,17,543,385,2
31474,17,547,386,2
31490,17,554,352,4
31507,17,546,382,2
31523,17,545,402,2
31540,17,548,375,2
31557,17,543,377,2
31573,17,545,389,2
31590,17,548,386,2
31607,17,548,376,2
31623,17,546,378,2
31640,17,549,378,2
31656,17,550,384,2
31673,17,550,376,2
31690,17,550,364,4
31706,17,510,365,2
31723,17,490,382,2
31740,17,489,355,4
31756,17,484,374,2
31773,17,486,369,2
31790,17,495,362,4
31806,17,494,371,2
31823,17,487,372,2
31839,17,486,367,2
31856,17,486,380,2
31873,17,484,371,2
31889,17,489,382,2
31906,17,485,366,2
31923,17,487,376,2
31939,17,488,372,2
31956,17,481,376,2
31973,17,485,348,4
31989,17,481,364,4
32006,17,486,353,4
32022,17,483,352,4
32039,17,484,360,4
32056,17,488,351,4
32072,17,487,360,4
32089,17,489,347,4
32106,17,486,358,4
32122,17,485,365,2
32139,17,485,363,4
32156,17,479,374,2
32172,17,481,353,4
32189,17,478,362,4
32205,17,480,368,2
32222,17,483,370,2
32239,17,479,375,2
32255,17,480,378,2
32272,17,488,383,2
32289,17,479,358,4
32305,17,472,387,2
32322,17,477,364,4
32339,17,476,374,2
32355,17,479,349,4
32372,17,478,356,4
32388,17,482,361,4
32405,17,478,370,2
32422,17,476,358,4
32438,17,478,357,4
32455,17,476,359,4
32472,17,473,372,2
32488,17,476,358,4
32505,17,469,362,4
32522,17,474,352,4
32538,17,475,365,2
32555,17,472,364,4
32571,17,472,371,2
32588,17,480,375,2
32605,17,536,375,2
32621,17,582,392,2
32638,17,567,401,2
32655,17,583,394,2
32671,17,580,385,2
32688,17,577,387,2
32705,17,580,384,2
32721,17,582,377,2
32738,17,577,403,2
32754,17,578,382,2
32771,17,528,425,3
32788,17,537,441,3
32804,17,528,451,3
32821,17,517,471,3
32838,17,529,468,3
32854,17,523,466,3
32871,17,528,463,3
32887,17,526,471,3
32904,17,529,461,3
32921,17,534,458,3
32937,17,565,384,2
32954,17,607,315,4
32971,17,626,268,0
32987,17,623,271,0
33004,17,631,250,1
33021,17,628,292,0
33037,17,631,265,0
33054,17,629,270,0
33070,17,634,280,0
33087,17,637,261,0
33104,17,633,259,1
33120,17,637,238,1
33137,17,632,178,1
33154,17,631,172,1
33170,17,629,184,1
33187,17,628,185,1
33204,17,635,172,1
33220,17,633,179,1
33237,17,637,181,1
33253,17,636,157,1
33270,17,634,183,1
33287,17,635,168,1
33303,17,636,166,1
33320,17,637,175,1
33337,17,638,153,1
33353,17,632,176,1
33370,17,642,158,1
33387,17,634,176,1
33403,17,635,163,1
33420,17,636,148,1
33436,17,632,155,1
33453,17,635,174,1
33470,17,637,165,1
33486,17,631,168,1
33503,17,632,170,1
33520,17,636,175,1
33536,17,636,167,1
33553,17,636,152,1
33570,17,634,165,1
33586,17,636,168,1
33603,17,631,170,1
33619,17,635,167,1
33636,17,633,171,1
33653,17,633,168,1
33669,17,631,170,1
33686,17,631,168,1
33703,17,632,181,1
33719,17,631,174,1
33736,17,629,172,1
33753,17,630,189,1
33769,17,628,162,1
33786,17,601,152,1
33802,17,593,156,1
33819,17,592,160,1
33836,17,592,163,1
33852,17,589,159,1
33869,17,590,161,1
33886,17,591,137,1
33902,17,590,166,1
33919,17,588,174,1
33936,17,589,162,1
33952,17,587,172,1
33969,17,584,172,1
33985,17,590,160,1
34002,17,610,178,1
34019,17,632,209,1
34035,17,644,204,1
34052,17,645,201,1
34069,17,646,192,1
34085,17,643,182,1
34102,17,643,228,1
34118,17,639,213,1
34135,17,642,200,1
34152,17,641,199,1
34168,17,643,217,1
34185,17,644,213,1
34202,17,645,203,1
34218,17,648,191,1
34235,17,642,186,1
34252,17,647,196,1
34268,17,645,203,1
34285,17,642,211,1
34301,17,677,229,1
34318,17,680,250,1
34335,17,677,253,1
34351,17,676,257,1
34368,17,682,237,1
34385,17,673,257,1
34401,17,680,247,1
34418,17,671,250,1
34435,17,681,243,1
34451,17,678,246,1
34468,17,676,246,1
34484,17,675,256,1
34501,17,670,252,1
34518,17,672,241,1
34534,17,667,266,0
34551,17,559,369,2
34568,17,525,407,2
34584,17,531,384,2
34601,17,525,404,2
34618,17,524,396,2
34634,17,523,408,2
34651,17,526,403,2
34667,17,526,412,2
34684,17,526,397,2
34701,17,524,406,2
34717,17,526,407,2
34734,17,527,391,2
34751,17,524,404,2
34767,17,525,407,2
34784,17,525,409,2
34801,17,523,412,2
34817,17,524,401,2
34834,17,526,385,2
34850,17,524,396,2
34867,17,526,411,2
34884,17,523,398,2
34900,17,527,408,2
34917,17,523,394,2
34934,17,524,398,2
34950,17,521,394,2
34967,17,526,400,2
34984,17,534,392,2
35000,17,527,390,2
35017,17,527,387,2
35033,17,521,389,2
35050,17,529,378,2
35067,17,526,393,2
35083,17,528,386,2
35100,17,531,404,2
35117,17,533,384,2
35133,17,526,388,2
35150,17,523,394,2
35166,17,526,393,2
35183,17,525,395,2
35200,17,533,383,2
35216,17,531,399,2
35233,17,525,397,2
35250,17,533,388,2
35266,17,525,390,2
35283,17,528,383,2
35300,17,525,408,2
35316,17,523,405,2
35333,17,523,388,2
35349,17,528,375,2
35366,17,522,404,2
35383,17,522,402,2
35399,17,524,393,2
35416,17,526,388,2
35433,17,527,384,2
35449,17,519,403,2
35466,17,519,408,2
35483,17,526,408,2
35499,17,523,387,2
35516,17,526,386,2
35532,17,522,391,2
35549,17,522,388,2
35566,17,521,388,2
35582,17,521,405,2
35599,17,517,426,3
35616,17,514,450,3
35632,17,526,450,3
35649,17,520,455,3
35666,17,520,453,3
35682,17,523,449,3
35699,17,514,453,3
35715,17,519,455,3
35732,17,522,448,3
35749,17,513,457,3
35765,17,510,461,3
35782,17,521,444,3
35799,17,520,460,3
35815,17,521,458,3
35832,17,509,463,3
35849,17,519,459,3
35865,17,517,455,3
35882,17,513,466,3
35898,17,531,462,3
35915,17,507,461,3
35932,17,519,449,3
35948,17,514,469,3
35965,17,522,456,3
35982,17,520,458,3
35998,17,516,471,3
36015,17,522,454,3
36032,17,523,455,3
36048,17,522,456,3
36065,17,519,440,3
36081,17,515,436,3
36098,17,521,370,2
36115,17,528,352,4
36131,17,523,355,4
36148,17,524,349,4
36165,17,520,353,4
36181,17,520,363,4
36198,17,523,361,4
36215,17,520,373,2
36231,17,519,354,4
36248,17,520,362,4
36264,17,523,350,4
36281,17,525,344,4
36298,17,522,342,4
36314,17,522,363,4
36331,17,541,324,4
36348,17,566,348,4
36364,17,558,346,4
36381,17,561,328,4
36397,17,567,335,4
36414,17,566,325,4
36431,17,570,331,4
36447,17,566,339,4
36464,17,565,340,4
36481,17,566,329,4
36497,17,568,322,4
36514,17,565,338,4
36531,17,563,345,4
36547,17,567,343,4
36564,17,584,347,4
36580,17,583,337,4
36597,17,585,349,4
36614,17,587,322,4
36630,17,583,339,4
36647,17,586,342,4
36664,17,586,326,4
36680,17,586,328,4
36697,17,589,316,4
36714,17,585,340,4
36730,17,585,349,4
36747,17,584,349,4
36763,17,583,348,4
36780,17,585,339,4
36797,17,583,354,4
36813,17,584,345,4
36830,17,579,342,4
36847,17,579,364,4
36863,17,590,322,4
36880,17,587,341,4
36897,17,588,340,4
36913,17,593,328,4
36930,17,589,346,4
36946,17,588,353,4
36963,17,588,333,4
36980,17,590,330,4
36996,17,589,323,4
37013,17,588,339,4
37030,17,588,344,4
37046,17,589,321,4
37063,17,591,325,4
37080,17,588,340,4
37096,17,588,334,4
37113,17,588,344,4
37129,17,588,326,4
37146,17,586,327,4
37163,17,592,330,4
37179,17,583,345,4
37196,17,586,337,4
37213,17,585,337,4
37229,17,590,335,4
37246,17,580,349,4
37263,17,527,423,3
37279,17,525,443,3
37296,17,516,441,3
37312,17,517,455,3
37329,17,517,453,3
37346,17,512,458,3
37362,17,516,454,3
37379,17,514,451,3
37396,17,510,456,3
37412,17,515,456,3
37429,17,515,443,3
37445,17,515,443,3
37462,17,511,461,3
37479,17,514,437,3
37495,17,515,450,3
37512,17,514,444,3
37529,17,516,451,3
37545,17,518,450,3
37562,17,517,457,3
37579,17,514,452,3
37595,17,510,441,3
37612,17,520,442,3
37628,17,501,467,3
37645,17,509,434,3
37662,17,507,452,3
37678,17,509,453,3
37695,17,506,445,3
37712,17,516,461,3
37728,17,509,458,3
37745,17,510,450,3
37762,17,498,458,3
37778,17,481,397,2
37795,17,492,334,4
37811,17,486,350,4
37828,17,487,347,4
37845,17,489,348,4
37861,17,486,345,4
37878,17,486,352,4
37895,17,487,350,4
37911,17,484,338,4
37928,17,486,352,4
37945,17,487,345,4
37961,17,487,353,4
37978,17,487,356,4
37994,17,489,346,4
38011,17,489,349,4
38028,17,486,358,4
38044,17,473,355,4
38061,17,477,350,4
38078,17,473,354,4
38094,17,469,375,2
38111,17,471,361,4
38128,17,481,344,4
38144,17,473,346,4
38161,17,477,354,4
38177,17,470,369,2
38194,17,476,348,4
38211,17,483,345,4
38227,17,476,359,4
38244,17,474,356,4
38261,17,477,343,4
38277,17,474,358,4
38294,17,495,340,4
38311,17,540,339,4
38327,17,541,354,4
38344,17,542,353,4
38360,17,541,362,4
38377,17,542,342,4
38394,17,538,359,4
38410,17,542,349,4
38427,17,541,359,4
38444,17,544,353,4
38460,17,546,345,4
38477,17,540,356,4
38494,17,542,360,4
38510,17,544,350,4
38527,17,541,346,4
38543,17,541,351,4
38560,17,540,357,4
38577,17,542,357,4
38593,17,544,359,4
38610,17,538,358,4
38627,17,541,362,4
38643,17,542,352,4
38660,17,539,364,4
38676,17,540,368,2
38693,17,532,388,2
38710,17,529,376,2
38726,17,527,404,2
38743,17,529,406,2
38760,17,539,389,2
38776,17,527,377,2
38793,17,527,399,2
38810,17,529,398,2
38826,17,529,389,2
38843,17,528,394,2
38859,17,524,399,2
38876,17,528,382,2
38893,17,530,388,2
38909,17,530,383,2
38926,17,528,393,2
38943,17,528,387,2
38959,17,526,396,2
38976,17,525,404,2
38993,17,527,405,2
39009,17,530,385,2
39026,17,525,407,2
39042,17,529,384,2
39059,17,529,391,2
39076,17,532,400,2
39092,17,532,390,2
39109,17,528,397,2
39126,17,538,382,2
39142,17,527,399,2
39159,17,533,381,2
39176,17,530,394,2
39192,17,530,396,2
39209,17,531,397,2
39225,17,522,399,2
39242,17,521,397,2
39259,17,508,431,3
39275,17,435,681,3
39658,383,553,200,1
39675,17,541,357,4
39691,17,533,418,5
39708,17,536,412,2
39724,17,533,412,2
39741,17,535,411,2
39758,17,534,406,2
39774,17,531,410,2
39791,17,531,422,3
39808,17,529,421,5
39824,17,529,426,3
39841,17,534,425,3
39858,17,526,426,3
39874,17,528,427,3
39891,17,535,412,2
39907,17,532,429,3
39924,17,534,434,3
39941,17,530,431,3
39957,17,538,418,5
39974,17,530,429,3
39991,17,539,422,3
40007,17,533,452,3
40024,17,530,447,3
40041,17,527,450,3
40057,17,537,443,3
40074,17,533,453,3
40090,17,530,453,3
40107,17,528,449,3
40124,17,532,454,3
40140,17,534,436,3
40157,17,534,446,3
40174,17,531,445,3
40190,17,537,443,3
40207,17,530,457,3
40224,17,530,455,3
40240,17,532,433,3
40257,17,532,444,3
40273,17,529,453,3
40290,17,534,457,3
40307,17,541,456,3
40323,17,545,441,3
40340,17,543,445,3
40357,17,547,452,3
40373,17,546,456,3
40390,17,546,455,3
40407,17,549,447,3
40423,17,547,450,3
40440,17,552,451,3
40456,17,547,455,3
40473,17,546,463,3
40490,17,546,453,3
40506,17,545,447,3
40523,17,526,421,5
40540,17,510,353,4
40556,17,509,345,4
40573,17,501,329,4
40590,17,509,334,4
40606,17,517,336,4
40623,17,506,342,4
40639,17,511,316,4
40656,17,505,324,4
40673,17,513,323,4
40689,17,509,341,4
40706,17,501,353,4
40723,17,507,328,4
40739,17,511,327,4
40756,17,506,339,4
40773,17,509,340,4
40789,17,504,352,4
40806,17,511,321,4
40822,17,511,319,4
40839,17,505,334,4
40856,17,508,342,4
40872,17,508,338,4
40889,17,506,344,4
40906,17,512,329,4
40922,17,514,330,4
40939,17,507,344,4
40955,17,508,348,4
40972,17,512,337,4
40989,17,508,352,4
41005,17,516,336,4
41022,17,538,352,4
41039,17,541,368,2
41055,17,540,363,4
41072,17,542,371,2
41089,17,547,352,4
41105,17,542,351,4
41122,17,543,367,2
41138,17,542,358,4
41155,17,525,424,3
41172,17,528,408,2
41188,17,520,444,3
41205,17,530,441,3
41222,17,526,437,3
41238,17,525,447,3
41255,17,518,450,3
41272,17,533,452,3
41288,17,517,459,3
41305,17,531,441,3
41321,17,524,457,3
41338,17,581,468,3
41355,17,662,484,3
41371,17,691,496,3
41388,17,690,509,3
41405,17,692,494,3
41421,17,681,517,3
41438,17,685,495,3
41455,17,686,496,3
41471,17,686,496,3
41488,17,687,495,3
41504,17,687,497,3
41521,17,684,503,3
41538,17,688,497,3
41554,17,682,501,3
41571,17,679,523,3
41588,17,672,530,3
41604,17,674,537,3
41621,17,676,561,3
41638,17,667,561,3
41654,17,674,549,3
41671,17,676,537,3
41687,17,673,552,3
41704,17,679,524,3
41721,17,668,542,3
41737,17,673,529,3
41754,17,668,550,3
41771,17,675,526,3
41787,17,675,537,3
41804,17,672,531,3
41821,17,672,532,3
41837,17,672,538,3
41854,17,677,534,3
41870,17,677,536,3
41887,17,673,556,3
41904,17,669,553,3
41920,17,676,534,3
41937,17,678,511,3
41954,17,678,523,3
41970,17,671,532,3
41987,17,679,517,3
42003,17,645,548,3
42020,17,556,536,3
42037,17,504,514,3
42053,17,505,528,3
42070,17,502,496,3
42087,17,508,495,3
42103,17,495,535,3
42120,17,504,516,3
42137,17,507,514,3
42153,17,499,513,3
42170,17,505,510,3
42186,17,506,520,3
42203,17,506,513,3
42220,17,505,510,3
42236,17,500,518,3
42253,17,508,507,3
42270,17,500,516,3
42286,17,510,513,3
42303,17,507,514,3
42320,17,511,509,3
42336,17,506,517,3
42353,17,502,505,3
42369,17,502,504,3
42386,17,502,520,3
42403,17,508,507,3
42419,17,507,511,3
42436,17,498,521,3
42453,17,502,516,3
42469,17,500,517,3
42486,17,501,519,3
42503,17,507,529,3
42519,17,502,519,3
42536,17,504,514,3
42552,17,493,526,3
42569,17,504,518,3
42586,17,496,527,3
42602,17,539,452,3
42619,17,548,394,2
42636,17,544,405,2
42652,17,545,398,2
42669,17,539,410,2
42686,17,549,404,2
42702,17,546,398,2
42719,17,549,403,2
42735,17,551,408,2
42752,17,543,392,2
42769,17,551,410,2
42785,17,549,401,2
42802,17,554,396,2
42819,17,553,392,2
42835,17,550,406,2
42852,17,548,415,2
42869,17,547,400,2
42885,17,548,415,2
42902,17,546,413,2
42918,17,542,417,5
42935,17,543,406,2
42952,17,544,407,2
42968,17,545,413,2
42985,17,547,403,2
43002,17,548,402,2
43018,17,548,404,2
43035,17,542,404,2
43052,17,546,412,2
43068,17,546,399,2
43085,17,548,402,2
43101,17,543,421,5
43118,17,546,396,2
43135,17,551,392,2
43151,17,546,403,2
43168,17,547,396,2
43185,17,543,402,2
43201,17,548,410,2
43218,17,546,400,2
43234,17,546,412,2
43251,17,548,398,2
43268,17,549,399,2
43284,17,542,401,2
43301,17,546,403,2
43318,17,550,401,2
43334,17,546,401,2
43351,17,546,420,5
43368,17,547,391,2
43384,17,543,403,2
43401,17,546,411,2
43417,17,548,400,2
43434,17,542,411,2
43451,17,546,392,2
43467,17,548,389,2
43484,17,547,415,2
43501,17,546,402,2
43517,17,546,401,2
43534,17,546,414,2
43551,17,545,403,2
43567,17,538,416,2
43584,17,549,402,2
43600,17,549,388,2
43617,17,545,409,2
43634,17,543,404,2
43650,17,547,412,2
43667,17,545,402,2
43684,17,548,418,5
43700,17,546,390,2
43717,17,547,410,2
43734,17,524,476,3
43750,17,536,466,3
43767,17,527,494,3
43783,17,532,483,3
43800,17,526,490,3
43817,17,523,486,3
43833,17,530,490,3
43850,17,529,495,3
43867,17,523,499,3
43883,17,534,490,3
43900,17,537,491,3
43917,17,521,500,3
43933,17,524,492,3
43950,17,556,508,3
43966,17,593,503,3
43983,17,601,536,3
44000,17,606,531,3
44016,17,609,526,3
44033,17,603,517,3
44050,17,596,521,3
44066,17,605,528,3
44083,17,602,531,3
44100,17,607,522,3
44116,17,603,528,3
44133,17,602,517,3
44149,17,604,516,3
44166,17,604,530,3
44183,17,606,528,3
44199,17,611,525,3
44216,17,606,533,3
44233,17,608,524,3
44249,17,609,507,3
44266,17,607,527,3
44282,17,600,512,3
44299,17,607,537,3
44316,17,627,516,3
44332,17,624,527,3
44349,17,625,535,3
44366,17,625,547,3
44382,17,628,517,3
44399,17,623,529,3
44416,17,628,530,3
44432,17,625,527,3
44449,17,629,525,3
44465,17,622,544,3
44482,17,630,513,3
44499,17,623,535,3
44515,17,622,538,3
44532,17,615,551,3
44549,17,617,546,3
44565,17,622,534,3
44582,17,625,526,3
44599,17,634,509,3
44615,17,655,483,3
44632,17,665,466,3
44648,17,666,454,3
44665,17,665,457,3
44682,17,670,479,3
44698,17,668,459,3
44715,17,662,462,3
44732,17,664,456,3
44748,17,666,460,3
44765,17,657,465,3
44782,17,655,485,3
44798,17,665,456,3
44815,17,661,458,3
44831,17,662,461,3
44848,17,665,458,3
44865,17,664,456,3
44881,17,662,465,3
44898,17,660,471,3
44915,17,665,456,3
44931,17,665,453,3
44948,17,671,414,2
44965,17,668,450,3
44981,17,669,433,3
44998,17,669,442,3
45014,17,667,427,3
45031,17,673,428,3
45048,17,677,414,2
45064,17,672,432,3
45081,17,672,427,3
45098,17,672,419,3
45114,17,667,429,3
45131,17,671,433,3
45148,17,673,410,2
45164,17,670,430,3
45181,17,669,433,3
45197,17,671,430,3
45214,17,628,426,3
45231,17,570,371,2
45247,17,547,369,2
45264,17,551,364,4
45281,17,549,361,4
45297,17,554,358,4
45314,17,551,346,4
45331,17,554,342,4
45347,17,553,355,4
45364,17,555,352,4
45380,17,544,389,2
45397,17,555,353,4
45414,17,550,369,2
45430,17,559,364,4
45447,17,519,457,3
45464,17,511,532,3
45480,17,517,541,3
45497,17,505,569,3
45513,17,510,575,3
45530,17,511,581,3
45547,17,504,563,3
45563,17,501,581,3
45580,17,514,584,3
45597,17,510,566,3
45613,17,515,580,3
45630,17,503,569,3
45647,17,515,576,3
45663,17,518,578,3
45680,17,517,571,3
45696,17,512,577,3
45713,17,507,583,3
45730,17,509,566,3
45746,17,508,566,3
45763,17,506,578,3
45780,17,508,605,3
45796,17,508,601,3
45813,17,499,601,3
45830,17,498,593,3
45846,17,504,589,3
45863,17,510,584,3
45879,17,502,570,3
45896,17,499,600,3
45913,17,499,583,3
45929,17,498,583,3
45946,17,503,582,3
45963,17,497,595,3
45979,17,495,591,3
45996,17,509,599,3
46013,17,496,604,3
46029,17,503,591,3
46046,17,503,578,3
46062,17,504,582,3
46079,17,508,600,3
46096,17,508,584,3
46112,17,498,592,3
46129,17,497,592,3
46146,17,507,598,3
46162,17,494,585,3
46345,183,524,250,1
46362,17,536,220,1
46379,17,531,311,4
46395,17,526,329,4
46412,17,532,306,4
46428,17,526,308,4
46445,17,529,329,4
46462,17,532,326,4
46478,17,520,331,4
46495,17,528,312,4
46512,17,526,324,4
46528,17,533,321,4
46545,17,532,325,4
46562,17,536,304,4
46578,17,527,324,4
46595,17,529,315,4
46611,17,528,320,4
46628,17,526,334,4
46645,17,531,334,4
46661,17,524,324,4
46678,17,522,398,2
46695,17,522,395,2
46711,17,523,394,2
46728,17,518,385,2
46744,17,527,381,2
46761,17,531,412,2
46778,17,531,397,2
46794,17,528,403,2
46811,17,534,377,2
46828,17,522,404,2
46844,17,527,403,2
46861,17,534,385,2
46878,17,528,392,2
46894,17,528,387,2
46911,17,522,406,2
46927,17,531,387,2
46944,17,529,394,2
46961,17,531,384,2
46977,17,533,392,2
46994,17,531,395,2
47011,17,529,397,2
47027,17,527,397,2
47044,17,555,394,2
47061,17,551,393,2
47077,17,555,404,2
47094,17,549,385,2
47110,17,559,379,2
47127,17,545,406,2
47144,17,558,391,2
47160,17,556,388,2
47177,17,549,390,2
47194,17,554,383,2
47210,17,556,381,2
47227,17,554,396,2
47244,17,551,388,2
47260,17,555,400,2
47277,17,550,398,2
47293,17,553,376,2
47310,17,557,390,2
47327,17,559,394,2
47343,17,552,397,2
47360,17,555,409,2
47377,17,557,391,2
47393,17,553,382,2
47410,17,565,374,2
47427,17,556,381,2
47443,17,550,404,2
47460,17,556,376,2
47476,17,558,393,2
47493,17,560,375,2
47510,17,558,388,2
47526,17,558,385,2
47543,17,557,384,2
47560,17,552,407,2
47576,17,552,388,2
47593,17,555,383,2
47610,17,555,383,2
47626,17,556,386,2
47643,17,556,398,2
47659,17,557,395,2
47676,17,556,399,2
47693,17,557,383,2
47709,17,554,381,2
47726,17,564,385,2
47743,17,560,386,2
47759,17,563,359,4
47776,17,537,397,2
47792,17,513,348,4
47809,17,510,329,4
47826,17,501,343,4
47842,17,497,351,4
47859,17,500,360,4
47876,17,502,342,4
47892,17,502,343,4
47909,17,504,339,4
47926,17,501,337,4
47942,17,512,333,4
47959,17,510,326,4
47975,17,504,344,4
47992,17,496,325,4
48009,17,507,330,4
48025,17,510,319,4
48042,17,506,335,4
48059,17,498,333,4
48075,17,491,350,4
48092,17,496,352,4
48109,17,496,349,4
48125,17,494,345,4
48142,17,494,338,4
48158,17,494,339,4
48175,17,494,343,4
48192,17,494,339,4
48208,17,494,344,4
48225,17,495,339,4
48242,17,487,357,4
48258,17,491,333,4
48275,17,496,380,2
48292,17,499,442,3
48308,17,504,432,3
48325,17,504,477,3
48341,17,504,459,3
48358,17,494,445,3
48375,17,504,442,3
48391,17,502,455,3
48408,17,503,452,3
48425,17,504,446,3
48441,17,502,458,3
48458,17,502,444,3
48475,17,504,453,3
48491,17,502,460,3
48508,17,502,453,3
48524,17,501,456,3
48541,17,478,486,3
48558,17,464,497,3
48574,17,465,526,3
48591,17,464,510,3
48608,17,459,517,3
48624,17,456,523,3
48641,17,459,519,3
48658,17,463,521,3
48674,17,458,510,3
48691,17,459,527,3
48707,17,458,528,3
48724,17,461,515,3
48741,17,460,510,3
48757,17,453,528,3
48774,17,456,527,3
48791,17,456,515,3
48807,17,456,516,3
48824,17,453,527,3
48841,17,433,518,3
48857,17,428,537,3
48874,17,428,532,3
48890,17,429,534,3
48907,17,432,528,3
48924,17,431,514,3
48940,17,431,536,3
48957,17,435,537,3
48974,17,431,523,3
48990,17,427,533,3
49007,17,422,534,3
49023,17,427,536,3
49040,17,417,541,3
49057,17,424,542,3
49073,17,425,526,3
49090,17,425,536,3
49107,17,439,542,3
49123,17,402,533,3
49140,17,393,515,3
49157,17,387,526,3
49173,17,381,534,3
49190,17,381,535,3
49206,17,384,529,3
49223,17,380,531,3
49240,17,384,529,3
49256,17,385,534,3
49273,17,382,526,3
49290,17,382,539,3
49306,17,385,534,3
49323,17,361,526,3
49340,17,364,535,3
49356,17,364,526,3
49373,17,357,543,3
49389,17,360,536,3
49406,17,362,529,3
49423,17,358,542,3
49439,17,358,525,3
49456,17,356,538,3
49473,17,362,532,3
49489,17,360,532,3
49506,17,361,525,3
49523,17,360,527,3
49539,17,365,529,3
49556,17,358,451,3
49572,17,381,386,2
49589,17,411,348,0
49606,17,413,343,0
49622,17,407,340,0
49639,17,405,356,0
49656,17,414,344,0
49672,17,412,347,0
49689,17,409,343,0
49706,17,402,361,0
49722,17,408,350,0
49739,17,408,346,0
49755,17,419,347,4
49772,17,416,342,4
49789,17,410,347,0
49805,17,399,347,0
49822,17,418,347,4
49839,17,412,343,0
49855,17,410,341,0
49872,17,415,346,0
49889,17,412,355,0
49905,17,479,339,4
49922,17,533,351,4
49938,17,526,344,4
49955,17,531,342,4
49972,17,531,361,4
49988,17,536,347,4
50005,17,531,355,4
50022,17,533,346,4
50038,17,533,355,4
50055,17,533,346,4
50071,17,533,340,4
50088,17,524,354,4
50105,17,535,348,4
50121,17,540,335,4
50138,17,530,370,2
50155,17,554,349,4
50171,17,625,375,2
50188,17,675,399,2
50205,17,661,408,2
50221,17,670,414,2
50238,17,666,427,3
50254,17,668,416,2
50271,17,669,408,2
50288,17,670,417,2
50304,17,665,420,3
50321,17,663,428,3
50338,17,666,430,3
50354,17,670,416,2
50371,17,668,411,2
50388,17,665,402,2
50404,17,671,482,3
50421,17,668,495,3
50437,17,670,494,3
50454,17,669,499,3
50471,17,668,506,3
50487,17,672,488,3
50504,17,671,505,3
50521,17,671,492,3
50537,17,669,502,3
50554,17,669,504,3
50571,17,667,517,3
50587,17,670,495,3
50604,17,669,489,3
50620,17,668,506,3
50637,17,668,483,3
50654,17,670,488,3
50670,17,669,505,3
50687,17,634,474,3
50704,17,558,439,3
50720,17,531,401,2
50737,17,532,396,2
50754,17,535,388,2
50770,17,532,402,2
50787,17,530,410,2
50803,17,538,402,2
50820,17,535,414,2
50837,17,533,396,2
50853,17,536,393,2
50870,17,530,413,2
50887,17,525,414,2
50903,17,532,396,2
50920,17,537,405,2
50937,17,536,395,2
50953,17,538,391,2
50970,17,531,406,2
50986,17,532,394,2
51003,17,537,412,2
51020,17,526,410,2
51036,17,534,412,2
51053,17,532,399,2
51070,17,529,369,2
51086,17,464,716,3
51502,416,432,715,3
51519,17,398,442,3
51535,17,524,281,0
51552,17,507,417,5
51569,17,505,406,2
51585,17,508,436,3
51602,17,521,415,2
51619,17,511,416,2
51635,17,521,396,2
51652,17,515,424,3
51668,17,520,412,2
51685,17,517,418,5
51702,17,519,421,5
51718,17,515,422,3
51735,17,515,420,5
51752,17,517,425,3
51768,17,517,403,2
51785,17,519,431,3
51802,17,517,434,3
51818,17,513,421,5
51835,17,518,424,3
51851,17,522,407,2
51868,17,525,422,3
51885,17,514,419,5
51901,17,523,415,2
51918,17,519,414,2
51935,17,521,399,2
51951,17,520,421,5
51968,17,524,409,2
51985,17,525,407,2
52001,17,524,458,3
52018,17,522,462,3
52034,17,521,461,3
52051,17,523,465,3
52068,17,527,454,3
52084,17,525,454,3
52101,17,522,468,3
52118,17,524,468,3
52134,17,525,448,3
52151,17,522,455,3
52168,17,526,451,3
52184,17,514,463,3
52201,17,499,489,3
52217,17,502,480,3
52234,17,498,493,3
52251,17,495,494,3
52267,17,502,504,3
52284,17,493,491,3
52301,17,493,485,3
52317,17,495,493,3
52334,17,493,494,3
52350,17,497,492,3
52367,17,502,469,3
52384,17,469,499,3
52400,17,464,492,3
52417,17,461,501,3
52434,17,463,493,3
52450,17,466,499,3
52467,17,459,483,3
52484,17,460,497,3
52500,17,460,497,3
52517,17,464,484,3
52533,17,463,500,3
52550,17,461,504,3
52567,17,462,497,3
52583,17,468,500,3
52600,17,430,462,3
52617,17,415,414,2
52633,17,412,385,2
52650,17,410,373,2
52667,17,403,400,2
52683,17,411,380,2
52700,17,415,383,2
52716,17,408,386,2
52733,17,408,393,2
52750,17,412,387,2
52766,17,409,398,2
52783,17,413,372,2
52800,17,408,382,2
52816,17,410,385,2
52833,17,411,391,2
52850,17,407,396,2
52866,17,393,388,2
52883,17,415,354,0
52899,17,409,361,0
52916,17,411,345,0
52933,17,411,361,0
52949,17,418,345,4
52966,17,426,343,4
52983,17,411,355,0
52999,17,415,347,0
53016,17,418,356,4
53033,17,411,366,2
53049,17,408,366,2
53066,17,480,296,4
53082,17,527,269,0
53099,17,525,265,0
53116,17,536,266,0
53132,17,533,257,1
53149,17,530,265,0
53166,17,531,263,0
53182,17,533,258,1
53199,17,532,277,0
53216,17,538,247,1
53232,17,533,255,1
53249,17,531,272,0
53265,17,532,262,0
53282,17,545,255,1
53299,17,595,244,1
53315,17,602,224,1
53332,17,608,220,1
53349,17,604,224,1
53365,17,604,237,1
53382,17,599,246,1
53399,17,606,227,1
53415,17,605,239,1
53432,17,600,250,1
53448,17,601,227,1
53465,17,603,227,1
53482,17,603,236,1
53498,17,593,234,1
53515,17,584,202,1
53532,17,581,209,1
53548,17,579,209,1
53565,17,579,205,1
53581,17,579,213,1
53598,17,581,204,1
53615,17,578,217,1
53631,17,579,206,1
53648,17,578,207,1
53665,17,580,212,1
53681,17,583,205,1
53698,17,519,330,4
53715,17,513,395,2
53731,17,506,395,2
53748,17,509,390,2
53764,17,506,389,2
53781,17,506,405,2
53798,17,509,389,2
53814,17,509,406,2
53831,17,505,408,2
53848,17,510,408,2
53864,17,504,410,2
53881,17,510,411,2
53898,17,514,408,2
53914,17,505,423,3
53931,17,510,407,2
53947,17,511,445,3
53964,17,513,453,3
53981,17,510,469,3
53997,17,508,457,3
54014,17,514,461,3
54031,17,509,453,3
54047,17,509,445,3
54064,17,505,445,3
54081,17,514,463,3
54097,17,509,460,3
54114,17,509,458,3
54130,17,518,444,3
54147,17,512,455,3
54164,17,511,442,3
54180,17,521,439,3
54197,17,502,474,3
54214,17,522,433,3
54230,17,518,463,3
54247,17,513,463,3
54264,17,514,461,3
54280,17,514,462,3
54297,17,499,462,3
54313,17,511,460,3
54330,17,509,467,3
54347,17,508,474,3
54363,17,509,465,3
54380,17,511,461,3
54397,17,534,454,3
54413,17,532,483,3
54430,17,535,471,3
54447,17,539,470,3
54463,17,534,469,3
54480,17,536,456,3
54496,17,537,459,3
54513,17,533,459,3
54530,17,541,442,3
54546,17,532,474,3
54563,17,536,458,3
54580,17,535,466,3
54596,17,539,461,3
54613,17,535,469,3
54630,17,530,471,3
54646,17,537,467,3
54663,17,542,461,3
54679,17,538,460,3
54696,17,534,457,3
54713,17,537,457,3
54729,17,536,464,3
54746,17,536,445,3
54763,17,529,421,5
54779,17,529,401,2
54796,17,527,400,2
54812,17,523,403,2
54829,17,534,384,2
54846,17,532,395,2
54862,17,535,380,2
54879,17,528,384,2
54896,17,533,392,2
54912,17,519,389,2
54929,17,526,398,2
54946,17,536,400,2
54962,17,533,403,2
54979,17,519,408,2
54995,17,535,399,2
55012,17,530,392,2
55029,17,524,390,2
55045,17,529,378,2
55062,17,528,404,2
55079,17,528,402,2
55095,17,533,400,2
55112,17,537,392,2
55129,17,533,377,2
55145,17,527,401,2
55162,17,530,396,2
55178,17,529,398,2
55195,17,535,380,2
55212,17,532,381,2
55228,17,535,376,2
55245,17,528,415,2
55262,17,530,405,2
55278,17,533,408,2
55295,17,533,397,2
55312,17,533,405,2
55328,17,531,402,2
55345,17,527,393,2
55361,17,535,400,2
55378,17,533,394,2
55395,17,531,402,2
55411,17,532,393,2
55428,17,530,399,2
55445,17,528,403,2
55461,17,532,397,2
55478,17,528,402,2
55495,17,530,400,2
55511,17,533,394,2
55528,17,536,403,2
55544,17,531,388,2
55561,17,526,395,2
55578,17,512,425,3
55744,166,496,625,3
55761,17,523,466,3
55777,17,545,312,4
55794,17,543,388,2
55811,17,532,414,2
55827,17,537,398,2
55844,17,539,386,2
55860,17,535,409,2
55877,17,538,408,2
55894,17,539,408,2
55910,17,538,407,2
55927,17,537,400,2
55944,17,537,399,2
55960,17,531,419,5
55977,17,524,473,3
55994,17,517,470,3
56010,17,521,470,3
56027,17,520,460,3
56043,17,512,475,3
56060,17,521,466,3
56077,17,528,466,3
56093,17,519,464,3
56110,17,520,483,3
56127,17,521,448,3
56143,17,528,470,3
56160,17,525,459,3
56177,17,523,468,3
56193,17,523,454,3
56210,17,525,466,3
56226,17,524,454,3
56243,17,527,469,3
56260,17,527,465,3
56276,17,530,460,3
56293,17,530,453,3
56310,17,527,464,3
56326,17,525,467,3
56343,17,529,468,3
56360,17,532,462,3
56376,17,528,456,3
56393,17,533,462,3
56409,17,536,456,3
56426,17,520,453,3
56443,17,536,441,3
56459,17,533,452,3
56476,17,530,446,3
56493,17,535,444,3
56509,17,524,482,3
56526,17,531,450,3
56543,17,532,468,3
56559,17,530,455,3
56576,17,533,443,3
56592,17,528,454,3
56609,17,533,439,3
56626,17,534,439,3
56642,17,523,456,3
56659,17,532,451,3
56676,17,508,387,2
56692,17,505,333,4
56709,17,505,319,4
56726,17,501,320,4
56742,17,500,314,4
56759,17,505,312,4
56775,17,505,333,4
56792,17,493,336,4
56809,17,501,348,4
56825,17,501,329,4
56842,17,505,332,4
56859,17,500,325,4
56875,17,498,331,4
56892,17,505,320,4
56909,17,503,331,4
56925,17,494,308,4
56942,17,497,293,4
56958,17,498,292,4
56975,17,502,283,0
56992,17,498,287,0
57008,17,497,291,4
57025,17,497,291,4
57042,17,500,299,4
57058,17,494,281,0
57075,17,495,291,4
57091,17,513,263,0
57108,17,549,221,1
57125,17,548,202,1
57141,17,560,191,1
57158,17,559,192,1
57175,17,559,201,1
57191,17,551,193,1
57208,17,559,199,1
57225,17,559,194,1
57241,17,561,191,1
57258,17,554,196,1
57274,17,554,190,1
57291,17,558,194,1
57308,17,560,207,1
57324,17,556,199,1
57341,17,562,191,1
57358,17,556,190,1
57374,17,559,185,1
57391,17,560,206,1
57408,17,560,189,1
57424,17,561,190,1
57441,17,556,203,1
57457,17,561,210,1
57474,17,558,198,1
57491,17,556,185,1
57507,17,558,210,1
57524,17,557,187,1
57541,17,575,191,1
57557,17,568,204,1
57574,17,571,190,1
57591,17,571,187,1
57607,17,575,175,1
57624,17,571,185,1
57640,17,572,203,1
57657,17,571,201,1
57674,17,568,203,1
57690,17,574,205,1
57707,17,569,199,1
57724,17,570,180,1
57740,17,571,180,1
57757,17,569,192,1
57774,17,567,200,1
57790,17,571,189,1
57807,17,571,193,1
57823,17,568,195,1
57840,17,569,190,1
57857,17,568,188,1
57873,17,546,193,1
57890,17,549,211,1
57907,17,548,199,1
57923,17,550,205,1
57940,17,546,202,1
57957,17,551,193,1
57973,17,549,201,1
57990,17,546,216,1
58006,17,550,194,1
58023,17,552,198,1
58040,17,549,185,1
58056,17,546,200,1
58073,17,547,201,1
58090,17,545,210,1
58106,17,545,216,1
58123,17,541,203,1
58139,17,546,213,1
58156,17,550,189,1
58173,17,545,196,1
58189,17,537,205,1
58206,17,500,230,1
58223,17,484,265,0
58239,17,487,251,1
58256,17,483,269,0
58273,17,483,267,0
58289,17,481,271,0
58306,17,488,241,1
58322,17,486,255,1
58339,17,484,261,0
58356,17,485,264,0
58372,17,483,272,0
58389,17,484,262,0
58406,17,521,223,1
58422,17,538,228,1
58439,17,534,229,1
58456,17,541,219,1
58472,17,536,214,1
58489,17,542,220,1
58505,17,538,230,1
58522,17,538,205,1
58539,17,537,210,1
58555,17,543,210,1
58572,17,537,227,1
58589,17,540,225,1
58605,17,540,208,1
58622,17,542,211,1
58639,17,563,206,1
58655,17,551,203,1
58672,17,553,212,1
58688,17,552,217,1
58705,17,558,200,1
58722,17,556,198,1
58738,17,556,204,1
58755,17,557,192,1
58772,17,558,215,1
58788,17,539,263,0
58805,17,527,352,4
58822,17,527,406,2
58838,17,527,407,2
58855,17,531,394,2
58871,17,525,402,2
58888,17,528,397,2
58905,17,527,409,2
58921,17,532,389,2
58938,17,529,403,2
58955,17,525,404,2
58971,17,526,409,2
58988,17,529,415,2
59005,17,526,406,2
59021,17,525,411,2
59038,17,528,407,2
59054,17,529,401,2
59071,17,531,384,2
59088,17,529,401,2
59104,17,529,407,2
59121,17,533,391,2
59138,17,530,401,2
59154,17,530,391,2
59171,17,527,398,2
59188,17,532,373,2
59204,17,522,404,2
59221,17,533,396,2
59237,17,529,401,2
59254,17,541,391,2
59271,17,535,399,2
59287,17,534,397,2
59304,17,528,406,2
59321,17,534,395,2
59337,17,531,400,2
59354,17,532,400,2
59370,17,537,397,2
59387,17,536,389,2
59404,17,527,394,2
59420,17,540,385,2
59437,17,538,388,2
59454,17,537,386,2
59470,17,548,374,2
59487,17,541,365,2
59504,17,541,385,2
59520,17,535,385,2
59537,17,537,394,2
59553,17,542,390,2
59570,17,543,377,2
59587,17,541,386,2
59603,17,537,399,2
59620,17,530,395,2
59637,17,540,378,2
59653,17,541,382,2
59670,17,540,382,2
59687,17,544,376,2
59703,17,529,400,2
59720,17,542,391,2
59736,17,532,391,2
59753,17,538,377,2
59770,17,536,375,2
59786,17,543,373,2
59803,17,540,384,2
59820,17,541,384,2
59836,17,539,389,2
59853,17,529,380,2
59870,17,541,379,2
59886,17,537,395,2
59903,17,534,386,2
59919,17,545,393,2
59936,17,537,389,2
59953,17,541,386,2
59969,17,537,385,2
59986,17,544,392,2
60003,17,535,387,2
60019,17,534,390,2
60036,17,543,374,2
60053,17,540,375,2
60069,17,503,382,2
60086,17,499,358,4
60102,17,497,355,4
60119,17,498,359,4
60136,17,495,353,4
60152,17,497,353,4
60169,17,497,355,4
60186,17,490,362,4
60202,17,496,354,4
60219,17,497,364,4
60236,17,499,361,4
60252,17,499,359,4
60269,17,495,362,4
60285,17,503,355,4
60302,17,501,352,4
60319,17,495,353,4
60335,17,497,356,4
60352,17,501,354,4
60369,17,520,387,2
60385,17,525,432,3
60402,17,523,425,3
60418,17,531,416,2
60435,17,521,423,3
60452,17,523,424,3
60468,17,525,416,2
60485,17,520,416,2
60502,17,519,409,2
60518,17,530,420,5
60535,17,525,433,3
60552,17,530,403,2
60568,17,524,422,3
60585,17,525,427,3
60601,17,530,436,3
60618,17,527,417,5
60635,17,536,404,2
60651,17,521,410,2
60668,17,521,419,5
60685,17,507,364,4
60701,17,500,368,2
60718,17,504,354,4
60735,17,502,351,4
60751,17,507,343,4
60768,17,507,333,4
60784,17,503,346,4
60801,17,502,352,4
60818,17,503,349,4
60834,17,499,344,4
60851,17,506,327,4
60868,17,504,339,4
60884,17,503,347,4
60901,17,506,334,4
60918,17,505,349,4
60934,17,507,350,4
60951,17,503,350,4
60967,17,503,347,4
60984,17,503,358,4
61001,17,509,346,4
61017,17,506,346,4
61034,17,510,332,4
61051,17,561,324,4
61067,17,603,334,4
61084,17,591,338,4
61101,17,605,305,4
61117,17,599,334,4
61134,17,600,347,4
61150,17,601,341,4
61167,17,601,328,4
61184,17,599,327,4
61200,17,600,325,4
61217,17,598,336,4
61234,17,599,331,4
61250,17,599,341,4
61267,17,599,329,4
61284,17,598,322,4
61300,17,599,324,4
61317,17,600,320,4
61333,17,599,334,4
61350,17,600,332,4
61367,17,595,350,4
61383,17,594,345,4
61400,17,596,359,4
61417,17,595,344,4
61433,17,601,330,4
61450,17,596,344,4
61467,17,597,343,4
61483,17,590,346,4
61500,17,590,344,4
61516,17,590,351,4
61533,17,594,346,4
61550,17,589,353,4
61566,17,590,358,4
61583,17,589,348,4
61600,17,590,355,4
61616,17,591,329,4
61633,17,590,329,4
61649,17,589,337,4
61666,17,592,331,4
61683,17,588,347,4
61699,17,590,336,4
61716,17,593,334,4
61733,17,590,332,4
61749,17,591,340,4
61766,17,590,343,4
61783,17,588,339,4
61799,17,590,334,4
61816,17,588,346,4
61832,17,590,344,4
61849,17,588,339,4
61866,17,592,341,4
61882,17,570,330,4
61899,17,501,350,4
61916,17,489,355,4
61932,17,486,363,4
61949,17,484,369,2
61966,17,488,357,4
61982,17,487,362,4
61999,17,488,368,2
62015,17,486,352,4
62032,17,488,359,4
62049,17,489,361,4
62065,17,490,348,4
62082,17,486,351,4
62099,17,488,357,4
62115,17,465,369,2
62132,17,473,356,4
62149,17,474,358,4
62165,17,467,354,4
62182,17,471,354,4
62198,17,465,371,2
62215,17,467,374,2
62232,17,469,352,4
62248,17,468,353,4
62265,17,469,359,4
62282,17,469,365,2
62298,17,467,363,4
62315,17,471,363,4
62332,17,467,366,2
62348,17,474,348,4
62365,17,465,355,4
62381,17,467,366,2
62398,17,488,323,4
62415,17,497,306,4
62431,17,448,379,2
62448,17,412,569,3
62465,17,396,651,3
62481,17,420,683,3
62498,17,455,701,3
62515,17,469,721,3
62531,17,477,662,3
62548,17,480,652,3
62564,17,476,657,3
62581,17,356,596,3
62598,17,391,426,3
62614,17,522,387,2
62631,17,529,304,4
62648,17,530,331,4
62664,17,519,427,3
62681,17,520,443,3
62698,17,516,437,3
62714,17,511,450,3
62731,17,515,452,3
62747,17,520,438,3
62764,17,521,443,3
62781,17,522,443,3
62797,17,515,446,3
62814,17,520,438,3
62831,17,523,421,5
62847,17,523,419,5
62864,17,524,422,3
62880,17,522,405,2
62897,17,530,412,2
62914,17,529,391,2
62930,17,535,382,2
62947,17,525,403,2
62964,17,529,380,2
62980,17,526,398,2
62997,17,527,398,2
63014,17,528,404,2
63030,17,530,387,2
63047,17,526,393,2
63063,17,530,401,2
63080,17,526,390,2
63097,17,533,381,2
63113,17,531,378,2
63130,17,534,390,2
63147,17,526,388,2
63163,17,530,393,2
63180,17,535,384,2
63197,17,532,375,2
63213,17,524,397,2
63230,17,529,375,2
63246,17,535,379,2
63263,17,532,390,2
63280,17,527,385,2
63296,17,533,382,2
63313,17,528,398,2
63330,17,532,386,2
63346,17,531,388,2
63363,17,532,385,2
63380,17,532,396,2
63396,17,531,407,2
63413,17,533,389,2
63429,17,527,392,2
63446,17,532,389,2
63463,17,532,390,2
63479,17,527,405,2
63496,17,523,382,2
63513,17,528,409,2
63529,17,527,403,2
63546,17,537,386,2
63563,17,530,385,2
63579,17,530,392,2
63596,17,533,378,2
63612,17,527,404,2
63629,17,535,385,2
63646,17,547,394,2
63662,17,549,391,2
63679,17,547,387,2
63696,17,543,402,2
63712,17,544,393,2
63729,17,542,402,2
63746,17,551,396,2
63762,17,542,408,2
63779,17,545,401,2
63795,17,540,411,2
63812,17,547,379,2
63829,17,549,393,2
63845,17,545,382,2
63862,17,545,389,2
63879,17,543,386,2
63895,17,538,421,5
63912,17,540,460,3
63928,17,531,460,3
63945,17,536,453,3
63962,17,536,451,3
63978,17,537,456,3
63995,17,534,446,3
64012,17,535,448,3
64028,17,535,462,3
64045,17,531,459,3
64062,17,536,448,3
64078,17,537,452,3
64095,17,533,459,3
64111,17,539,451,3
64128,17,533,447,3
64145,17,533,453,3
64161,17,525,476,3
64178,17,534,453,3
64195,17,532,461,3
64211,17,533,458,3
64228,17,535,451,3
64245,17,533,464,3
64261,17,537,450,3
64278,17,536,461,3
64294,17,538,455,3
64311,17,533,462,3
64328,17,531,486,3
64344,17,533,464,3
64361,17,529,449,3
64378,17,529,474,3
64394,17,535,458,3
64411,17,535,469,3
64428,17,532,492,3
64444,17,530,464,3
64461,17,534,471,3
64477,17,530,466,3
64494,17,533,463,3
64511,17,529,454,3
64527,17,528,472,3
64544,17,528,417,5
64561,17,529,372,2
64577,17,526,373,2
64594,17,524,386,2
64611,17,523,379,2
64627,17,522,385,2
64644,17,522,367,2
64660,17,523,382,2
64677,17,528,373,2
64694,17,521,402,2
64710,17,523,379,2
64727,17,521,385,2
64744,17,499,376,2
64760,17,483,356,4
64777,17,486,346,4
64794,17,483,353,4
64810,17,485,350,4
64827,17,480,359,4
64843,17,489,352,4
64860,17,486,357,4
64877,17,485,366,2
64893,17,486,359,4
64910,17,495,359,4
64927,17,482,362,4
64943,17,484,349,4
64960,17,484,348,4
64977,17,486,359,4
64993,17,482,349,4
65010,17,490,359,4
65026,17,557,340,4
65043,17,588,339,4
65060,17,583,327,4
65076,17,586,338,4
65093,17,585,346,4
65110,17,581,335,4
65126,17,581,343,4
65143,17,585,335,4
65159,17,580,341,4
65176,17,586,324,4
65193,17,582,336,4
65209,17,582,345,4
65226,17,581,341,4
65243,17,586,331,4
65259,17,583,345,4
65276,17,582,341,4
65293,17,582,343,4
65309,17,582,344,4
65326,17,584,330,4
65342,17,583,331,4
65359,17,582,328,4
65376,17,585,339,4
65392,17,583,340,4
65409,17,585,319,4
65426,17,581,335,4
65442,17,584,347,4
65459,17,584,325,4
65476,17,598,344,4
65492,17,593,348,4
65509,17,598,355,4
65525,17,598,363,4
65542,17,599,352,4
65559,17,596,353,4
65575,17,599,341,4
65592,17,598,339,4
65609,17,600,326,4
65625,17,597,335,4
65642,17,599,320,4
65659,17,611,346,4
65675,17,601,347,4
65692,17,608,345,4
65708,17,607,339,4
65725,17,610,316,4
65742,17,611,328,4
65758,17,607,341,4
65775,17,605,344,4
65792,17,587,362,4
65808,17,501,376,2
65825,17,489,363,4
65842,17,482,368,2
65858,17,486,379,2
65875,17,485,360,4
65891,17,485,356,4
65908,17,483,362,4
65925,17,487,345,4
65941,17,482,360,4
65958,17,491,346,4
65975,17,483,332,4
65991,17,477,375,2
66008,17,486,351,4
66025,17,481,359,4
66041,17,480,362,4
66058,17,487,341,4
66074,17,480,374,2
66091,17,482,361,4
66108,17,482,359,4
66124,17,483,363,4
66141,17,481,351,4
66158,17,483,373,2
66174,17,484,378,2
66191,17,484,357,4
66207,17,479,363,4
66224,17,480,367,2
66241,17,483,371,2
66257,17,516,379,2
66274,17,529,410,2
66291,17,528,393,2
66307,17,534,403,2
66324,17,532,411,2
66341,17,537,398,2
66357,17,531,421,5
66374,17,535,405,2
66390,17,540,379,2
66407,17,536,389,2
66424,17,536,386,2
66440,17,537,396,2
66457,17,536,394,2
66474,17,535,403,2
66490,17,534,396,2
66507,17,513,473,3
66524,17,514,459,3
66540,17,510,479,3
66557,17,511,479,3
66573,17,513,466,3
66590,17,514,455,3
66607,17,513,466,3
66623,17,514,476,3
66640,17,512,481,3
66657,17,507,482,3
66673,17,510,477,3
66690,17,510,466,3
66707,17,511,474,3
66723,17,510,472,3
66740,17,507,481,3
66756,17,508,490,3
66773,17,512,480,3
66790,17,513,475,3
66806,17,510,483,3
66823,17,512,462,3
66840,17,511,456,3
66856,17,509,460,3
66873,17,517,415,2
66890,17,520,412,2
66906,17,527,379,2
66923,17,527,388,2
66939,17,525,393,2
66956,17,525,389,2
66973,17,523,397,2
66989,17,525,395,2
67006,17,527,386,2
67023,17,525,409,2
67039,17,527,389,2
67056,17,529,383,2
67073,17,523,403,2
67089,17,526,383,2
67106,17,525,382,2
67122,17,529,396,2
67139,17,528,409,2
67156,17,531,375,2
67172,17,531,395,2
67222,50,528,395,2
67222,0,528,395,2
67239,17,530,399,2
67256,17,524,387,2
67272,17,521,401,2
67289,17,527,386,2
67305,17,525,394,2
67322,17,532,386,2
67339,17,534,372,2
67355,17,534,381,2
67372,17,528,385,2
67389,17,528,387,2
67405,17,530,387,2
67422,17,526,386,2
67438,17,531,388,2
67455,17,527,423,3
67472,17,526,403,2
67488,17,526,399,2
67505,17,524,418,5
67522,17,525,424,3
67538,17,523,417,5
67555,17,528,418,5
67572,17,523,421,5
67588,17,525,418,5
67605,17,526,409,2
67621,17,524,443,3
67638,17,526,413,2
67655,17,528,420,5
67671,17,524,429,3
67688,17,527,419,5
67705,17,523,427,3
67721,17,528,434,3
67738,17,527,415,2
67755,17,525,415,2
67771,17,518,445,3
67788,17,527,422,3
67804,17,522,424,3
67821,17,524,438,3
67838,17,526,420,5
67854,17,522,419,5
67871,17,521,419,5
67888,17,523,429,3
67904,17,524,419,5
67921,17,525,420,5
67938,17,516,431,3
67954,17,505,476,3
67971,17,508,460,3
67987,17,507,473,3
68004,17,507,470,3
68021,17,508,477,3
68037,17,502,471,3
68054,17,506,469,3
68071,17,507,467,3
68087,17,511,473,3
68104,17,512,464,3
68121,17,503,467,3
68137,17,508,467,3
68154,17,509,455,3
68170,17,508,446,3
68187,17,515,461,3
68204,17,510,460,3
68220,17,511,463,3
68237,17,511,457,3
68254,17,507,474,3
68270,17,516,462,3
68287,17,511,459,3
68304,17,512,478,3
68320,17,517,463,3
68337,17,519,443,3
68353,17,510,474,3
68370,17,507,480,3
68387,17,516,472,3
68403,17,514,457,3
68420,17,513,452,3
68437,17,504,493,3
68453,17,505,455,3
68470,17,496,451,3
68486,17,493,394,2
68503,17,498,406,2
68520,17,495,385,2
68536,17,492,392,2
68553,17,494,395,2
68570,17,493,393,2
68586,17,495,386,2
68603,17,492,377,2
68620,17,489,394,2
68636,17,488,377,2
68653,17,471,349,4
68669,17,474,354,4
68686,17,472,343,4
68703,17,473,359,4
68719,17,466,356,4
68736,17,473,353,4
68753,17,468,351,4
68769,17,472,362,4
68786,17,472,350,4
68803,17,474,354,4
68819,17,473,353,4
68836,17,473,352,4
68852,17,469,355,4
68869,17,476,347,4
68886,17,471,344,4
68902,17,473,350,4
68919,17,476,354,4
68936,17,473,367,2
68952,17,466,365,2
68969,17,466,360,4
68986,17,468,365,2
69002,17,476,347,4
69019,17,478,347,4
69035,17,476,354,4
69052,17,470,365,2
69069,17,474,362,4
69085,17,475,356,4
69102,17,476,351,4
69119,17,474,353,4
69135,17,515,340,4
69152,17,537,312,4
69169,17,532,332,4
69185,17,538,327,4
69202,17,538,330,4
69218,17,538,324,4
69235,17,538,320,4
69252,17,541,316,4
69268,17,542,311,4
69285,17,536,322,4
69302,17,540,315,4
69318,17,539,328,4
69335,17,542,325,4
69352,17,536,333,4
69368,17,539,326,4
69385,17,537,334,4
69401,17,555,334,4
69418,17,574,335,4
69435,17,577,335,4
69451,17,582,321,4
69468,17,580,331,4
69485,17,580,339,4
69501,17,581,331,4
69518,17,581,323,4
69535,17,584,325,4
69551,17,577,347,4
69568,17,583,324,4
69584,17,583,330,4
69601,17,580,327,4
69618,17,579,336,4
69634,17,632,320,0
69651,17,664,281,0
69668,17,656,293,0
69684,17,662,298,0
69701,17,662,295,0
69717,17,660,299,0
69734,17,658,300,0
69751,17,662,289,0
69767,17,662,297,0
69784,17,661,294,0
69801,17,656,309,0
69817,17,657,328,0
69834,17,657,304,0
69851,17,657,296,0
69867,17,659,305,0
69884,17,654,311,0
69900,17,655,308,0
69917,17,657,304,0
69934,17,659,298,0
69950,17,656,310,0
69967,17,663,284,0
69984,17,662,287,0
70000,17,657,308,0
70017,17,642,332,0
70034,17,648,342,0
70050,17,645,330,0
70067,17,644,343,0
70083,17,644,341,0
70100,17,644,341,0
70117,17,650,328,0
70133,17,641,345,0
70150,17,646,329,0
70167,17,647,338,0
70183,17,647,328,0
70200,17,643,341,0
70217,17,643,344,0
70233,17,637,341,0
70250,17,641,360,0
70266,17,641,347,0
70283,17,593,378,2
70300,17,563,368,2
70316,17,567,368,2
70333,17,565,369,2
70350,17,561,368,2
70366,17,563,358,4
70383,17,561,353,4
70400,17,561,366,2
70416,17,559,377,2
70433,17,557,384,2
70449,17,559,376,2
70466,17,563,361,4
70483,17,559,370,2
70499,17,559,376,2
70516,17,559,373,2
70533,17,556,383,2
70549,17,559,384,2
70566,17,559,378,2
70583,17,562,366,2
70599,17,560,379,2
70616,17,559,374,2
70632,17,559,370,2
70649,17,562,362,4
70666,17,560,369,2
70682,17,559,378,2
70699,17,559,376,2
70716,17,561,371,2
70732,17,561,358,4
70749,17,562,372,2
70765,17,559,378,2
70782,17,561,363,4
70799,17,559,369,2
70815,17,562,370,2
70832,17,562,375,2
70849,17,563,365,2
70865,17,557,371,2
70882,17,540,407,2
70899,17,540,394,2
70915,17,541,394,2
70932,17,541,390,2
70948,17,540,407,2
70965,17,542,394,2
70982,17,544,390,2
70998,17,535,401,2
71015,17,540,396,2
71032,17,542,400,2
71048,17,542,383,2
71065,17,544,387,2
71082,17,542,392,2
71098,17,543,398,2
71115,17,543,387,2
71131,17,542,394,2
71148,17,543,375,2
71165,17,543,386,2
71181,17,542,377,2
71198,17,546,378,2
71215,17,540,397,2
71231,17,544,385,2
71248,17,546,399,2
71265,17,543,395,2
71281,17,539,402,2
71298,17,548,382,2
71314,17,544,375,2
71331,17,543,364,4
71348,17,545,375,2
71364,17,540,389,2
71381,17,542,384,2
71398,17,544,370,2
71414,17,544,384,2
71431,17,543,390,2
71448,17,540,381,2
71464,17,543,371,2
71481,17,544,379,2
71497,17,544,371,2
71514,17,538,403,2
71531,17,540,387,2
71547,17,548,369,2
71564,17,541,395,2
71581,17,547,366,2
71597,17,540,389,2
71614,17,540,386,2
71631,17,540,386,2
71647,17,543,386,2
71664,17,540,385,2
71680,17,538,389,2
71697,17,537,370,2
71714,17,534,387,2
71730,17,535,349,4
71747,17,538,341,4
71764,17,537,341,4
71780,17,534,377,2
71797,17,534,397,2
71814,17,535,389,2
71830,17,535,388,2
71847,17,541,381,2
71863,17,537,392,2
71880,17,536,376,2
71897,17,533,388,2
71913,17,533,377,2
71930,17,535,411,2
71947,17,535,410,2
71963,17,529,405,2
71980,17,524,458,3
71996,17,529,442,3
72013,17,523,461,3
72030,17,516,465,3
72046,17,519,469,3
72063,17,520,459,3
72080,17,521,472,3
72096,17,522,466,3
72113,17,521,461,3
72130,17,517,467,3
72146,17,517,472,3
72163,17,524,465,3
72179,17,521,466,3
72196,17,528,459,3
72213,17,521,442,3
72229,17,526,452,3
72246,17,522,462,3
72263,17,527,453,3
72279,17,529,460,3
72296,17,524,473,3
72313,17,527,466,3
72329,17,528,464,3
72346,17,520,443,3
72362,17,500,374,2
72379,17,497,360,4
72396,17,503,347,4
72412,17,495,360,4
72429,17,492,364,4
72446,17,491,382,2
72462,17,492,365,2
72479,17,492,372,2
72496,17,497,358,4
72512,17,495,371,2
72529,17,495,352,4
72545,17,497,352,4
72562,17,478,341,4
72579,17,481,348,4
72595,17,478,346,4
72612,17,479,339,4
72629,17,476,361,4
72645,17,479,342,4
72662,17,479,342,4
72679,17,477,354,4
72695,17,477,350,4
72712,17,477,362,4
72728,17,479,329,4
72745,17,477,347,4
72762,17,476,354,4
72778,17,478,349,4
72795,17,479,346,4
72812,17,478,356,4
72828,17,479,350,4
72845,17,486,354,4
72862,17,475,350,4
72878,17,480,351,4
72895,17,477,356,4
72911,17,478,360,4
72928,17,477,349,4
72945,17,474,355,4
72961,17,484,329,4
72978,17,482,349,4
72995,17,482,338,4
73011,17,487,333,4
73028,17,480,341,4
73044,17,478,350,4
73061,17,480,357,4
73078,17,480,351,4
73094,17,480,344,4
73111,17,477,355,4
73128,17,480,346,4
73144,17,544,324,4
73161,17,599,348,4
73178,17,610,336,4
73194,17,614,331,0
73211,17,609,355,4
73227,17,610,342,4
73244,17,606,346,4
73261,17,612,342,4
73277,17,614,323,0
73294,17,613,321,0
73311,17,615,339,0
73327,17,610,340,4
73344,17,608,343,4
73361,17,611,324,4
73377,17,613,327,0
73394,17,610,332,4
73410,17,611,337,4
73427,17,609,350,4
73444,17,608,348,4
73460,17,608,351,4
73477,17,602,341,4
73494,17,604,343,4
73510,17,602,349,4
73527,17,608,347,4
73544,17,605,340,4
73560,17,606,348,4
73577,17,607,348,4
73593,17,606,349,4
73610,17,607,343,4
73627,17,604,357,4
73643,17,606,337,4
73660,17,607,337,4
73677,17,604,337,4
73693,17,604,322,4
73710,17,605,347,4
73727,17,600,365,2
73743,17,607,338,4
73760,17,604,338,4
73776,17,606,350,4
73793,17,607,338,4
73810,17,612,344,4
73826,17,656,366,2
73843,17,688,381,2
73860,17,683,362,0
73876,17,688,358,0
73893,17,689,349,0
73910,17,686,375,2
73926,17,687,382,2
73943,17,687,362,0
73959,17,682,368,2
73976,17,688,367,2
73993,17,686,362,0
74009,17,687,377,2
74026,17,688,363,0
74043,17,686,366,2
74059,17,684,351,0
74076,17,684,373,2
74093,17,687,366,2
74109,17,692,361,0
74126,17,685,377,2
74142,17,677,385,2
74159,17,683,369,2
74176,17,682,372,2
74192,17,685,373,2
74209,17,679,379,2
74226,17,683,372,2
74242,17,682,385,2
74259,17,680,375,2
74275,17,682,389,2
74292,17,685,380,2
74309,17,684,380,2
74325,17,685,379,2
74342,17,686,357,0
74359,17,683,386,2
74375,17,620,356,0
74392,17,573,363,4
74409,17,570,350,4
74425,17,562,371,2
74442,17,564,355,4
74458,17,567,344,4
74475,17,565,354,4
74492,17,565,365,2
74508,17,566,350,4
74525,17,568,334,4
74542,17,565,359,4
74558,17,566,350,4
74575,17,565,351,4
74592,17,567,360,4
74608,17,564,353,4
74625,17,565,351,4
74641,17,564,353,4
74658,17,568,347,4
74675,17,566,354,4
74691,17,567,346,4
74708,17,569,356,4
74725,17,566,341,4
74741,17,561,352,4
74758,17,566,345,4
74775,17,566,344,4
74791,17,567,352,4
74808,17,567,360,4
74824,17,564,354,4
74841,17,564,353,4
74858,17,565,354,4
74874,17,564,361,4
74891,17,547,360,4
74908,17,539,372,2
74924,17,535,386,2
74941,17,537,395,2
74958,17,535,389,2
74974,17,536,367,2
74991,17,538,388,2
75007,17,533,381,2
75024,17,537,376,2
75041,17,532,386,2
75057,17,533,383,2
75074,17,533,390,2
75091,17,538,371,2
75107,17,531,383,2
75124,17,540,371,2
75141,17,536,379,2
75157,17,517,373,2
75174,17,518,381,2
75190,17,513,388,2
75207,17,519,382,2
75224,17,516,394,2
75240,17,513,387,2
75257,17,520,366,2
75274,17,516,375,2
75290,17,521,375,2
75307,17,517,368,2
75324,17,520,387,2
75340,17,520,381,2
75357,17,520,392,2
75373,17,527,362,4
75390,17,522,387,2
75407,17,521,381,2
75423,17,524,378,2
75440,17,521,381,2
75457,17,527,371,2
75473,17,524,370,2
75490,17,522,377,2
75506,17,524,377,2
75523,17,524,376,2
75540,17,526,371,2
75556,17,524,381,2
75573,17,515,401,2
75590,17,526,373,2
75606,17,521,374,2
75623,17,527,367,2
75640,17,523,368,2
75656,17,526,384,2
75673,17,523,385,2
75689,17,523,373,2
75706,17,521,383,2
75723,17,517,377,2
75739,17,525,394,2
75756,17,536,369,2
75773,17,527,379,2
75789,17,527,367,2
75806,17,526,379,2
75823,17,530,379,2
75839,17,527,368,2
75856,17,526,383,2
75872,17,523,380,2
75889,17,565,352,4
75906,17,579,364,4
75922,17,579,336,4
75939,17,578,347,4
75956,17,577,350,4
75972,17,581,353,4
75989,17,577,346,4
76006,17,576,355,4
76022,17,575,347,4
76039,17,576,349,4
76055,17,579,356,4
76072,17,578,352,4
76089,17,573,351,4
76105,17,575,351,4
76122,17,531,397,2
76139,17,541,409,2
76155,17,526,426,3
76172,17,529,415,2
76189,17,533,425,3
76205,17,543,411,2
76222,17,525,429,3
76238,17,530,426,3
76255,17,528,411,2
76272,17,537,426,3
76288,17,526,430,3
76305,17,531,425,3
76322,17,522,451,3
76338,17,527,425,3
76355,17,527,434,3
76372,17,524,440,3
76388,17,524,457,3
76405,17,523,458,3
76421,17,521,450,3
76438,17,525,441,3
76455,17,525,441,3
76471,17,526,458,3
76488,17,522,457,3
76505,17,520,444,3
76521,17,522,442,3
76538,17,523,461,3
76554,17,472,446,3
76571,17,423,430,3
76588,17,400,440,3
76604,17,396,437,3
76621,17,398,440,3
76638,17,394,462,3
76654,17,398,445,3
76671,17,396,457,3
76688,17,397,449,3
76704,17,396,445,3
76721,17,396,444,3
76737,17,395,455,3
76754,17,387,437,3
76771,17,386,443,3
76787,17,384,443,3
76804,17,382,446,3
76821,17,382,440,3
76837,17,382,445,3
76854,17,384,443,3
76871,17,380,439,3
76887,17,379,450,3
76904,17,380,449,3
76920,17,381,450,3
76937,17,379,448,3
76954,17,378,448,3
76970,17,381,453,3
76987,17,382,438,3
77004,17,377,458,3
77020,17,378,455,3
77037,17,382,443,3
77054,17,380,429,3
77070,17,379,448,3
77087,17,385,458,3
77103,17,453,404,2
77120,17,497,422,3
77137,17,501,388,2
77153,17,515,389,2
77170,17,513,372,2
77187,17,505,394,2
77203,17,507,385,2
77220,17,506,386,2
77237,17,509,393,2
77253,17,507,395,2
77270,17,507,410,2
77286,17,510,380,2
77303,17,507,404,2
77320,17,504,397,2
77336,17,508,403,2
77353,17,510,379,2
77370,17,505,405,2
77386,17,505,399,2
77403,17,511,372,2
77420,17,505,390,2
77436,17,503,394,2
77453,17,505,395,2
77469,17,508,373,2
77486,17,505,389,2
77503,17,503,398,2
77519,17,504,386,2
77536,17,511,380,2
77553,17,509,393,2
77569,17,505,398,2
77586,17,507,383,2
77603,17,509,394,2
77619,17,506,387,2
77636,17,507,394,2
77652,17,509,398,2
77669,17,503,393,2
77686,17,510,379,2
77702,17,503,399,2
77719,17,511,385,2
77736,17,512,381,2
77752,17,504,387,2
77769,17,505,409,2
77785,17,508,395,2
77802,17,506,397,2
77819,17,507,382,2
77835,17,506,400,2
77852,17,511,392,2
77869,17,512,378,2
77885,17,506,398,2
77902,17,506,398,2
77919,17,511,417,5
77935,17,508,438,3
77952,17,515,419,5
77968,17,513,442,3
77985,17,516,411,2
78002,17,511,414,2
78018,17,510,428,3
78035,17,516,420,5
78052,17,508,429,3
78068,17,511,425,3
78085,17,512,421,5
78102,17,510,433,3
78118,17,520,425,3
78135,17,509,434,3
78151,17,515,427,3
78168,17,507,423,3
78185,17,512,416,2
78201,17,517,416,2
78218,17,511,429,3
78235,17,517,414,2
78251,17,514,411,2
78268,17,509,436,3
78285,17,501,442,3
78301,17,514,421,5
78318,17,512,418,5
78334,17,512,417,5
78351,17,512,415,2
78368,17,512,416,2
78384,17,514,432,3
78401,17,513,421,5
78418,17,519,407,2
78434,17,513,400,2
78451,17,516,421,5
78468,17,519,397,2
78484,17,515,414,2
78501,17,511,433,3
78517,17,509,422,3
78534,17,504,438,3
78551,17,494,371,2
78567,17,495,377,2
78584,17,438,326,4
78601,17,474,328,4
78617,17,426,340,4
78634,17,513,323,4
78651,17,507,379,2
78667,17,502,414,2
78684,17,503,400,2
78700,17,506,406,2
78717,17,504,401,2
78734,17,506,415,2
78750,17,507,401,2
78767,17,508,405,2
78784,17,502,411,2
78800,17,505,414,2
78817,17,506,400,2
78833,17,501,423,3
78850,17,505,409,2
78867,17,504,404,2
78883,17,510,383,2
78900,17,505,394,2
78917,17,504,398,2
78933,17,547,379,2
78950,17,536,389,2
78967,17,538,397,2
78983,17,537,399,2
79000,17,537,401,2
79016,17,536,400,2
79033,17,539,395,2
79050,17,538,387,2
79066,17,540,383,2
79083,17,537,398,2
79100,17,536,401,2
79116,17,536,409,2
79133,17,550,381,2
79150,17,549,408,2
79166,17,548,401,2
79183,17,552,393,2
79199,17,546,413,2
79216,17,551,397,2
79233,17,556,385,2
79249,17,552,380,2
79266,17,549,400,2
79283,17,549,387,2
79299,17,550,391,2
79316,17,551,383,2
79333,17,554,385,2
79349,17,548,400,2
79366,17,554,386,2
79382,17,548,401,2
79399,17,550,404,2
79416,17,548,380,2
79432,17,548,395,2
79449,17,548,388,2
79466,17,548,392,2
79482,17,549,380,2
79499,17,552,381,2
79516,17,547,385,2
79532,17,547,385,2
79549,17,547,390,2
79565,17,545,383,2
79582,17,545,392,2
79599,17,543,386,2
79615,17,543,380,2
79632,17,544,394,2
79649,17,545,383,2
79665,17,541,385,2
79682,17,545,382,2
79699,17,544,384,2
79715,17,538,403,2
79732,17,544,380,2
79748,17,544,400,2
79765,17,538,412,2
79782,17,526,416,2
79798,17,528,430,3
79815,17,519,431,3
79832,17,524,439,3
79848,17,523,430,3
79865,17,514,428,3
79882,17,519,437,3
79898,17,521,415,2
79915,17,527,447,3
79931,17,506,452,3
79948,17,521,426,3
79965,17,516,437,3
79981,17,519,403,2
79998,17,510,424,3
80015,17,506,396,2
80031,17,508,365,2
80048,17,506,365,2
80064,17,507,376,2
80081,17,505,390,2
80098,17,501,399,2
80114,17,503,380,2
80131,17,503,388,2
80148,17,505,378,2
80164,17,503,369,2
80181,17,474,363,4
80198,17,478,360,4
80214,17,475,350,4
80231,17,474,352,4
80247,17,474,364,4
80264,17,476,354,4
80281,17,474,356,4
80297,17,468,360,4
80314,17,474,347,4
80331,17,473,358,4
80347,17,474,360,4
80364,17,468,378,2
80381,17,478,338,4
80397,17,474,351,4
80414,17,470,373,2
80430,17,474,363,4
80447,17,476,351,4
80464,17,474,349,4
80480,17,475,350,4
80497,17,472,366,2
80514,17,480,355,4
80530,17,472,361,4
80547,17,473,364,4
80564,17,475,344,4
80580,17,474,357,4
80597,17,450,396,2
80613,17,453,408,2
80630,17,444,433,3
80647,17,445,436,3
80663,17,441,439,3
80680,17,442,430,3
80697,17,439,431,3
80713,17,444,425,3
80730,17,445,426,3
80747,17,449,414,2
80763,17,441,428,3
80780,17,440,428,3
80796,17,452,418,3
80813,17,484,360,4
80830,17,499,364,4
80846,17,493,360,4
80863,17,500,364,4
80880,17,499,356,4
80896,17,498,361,4
80913,17,497,346,4
80930,17,493,354,4
80946,17,497,364,4
80963,17,498,349,4
80979,17,497,366,2
80996,17,497,357,4
81013,17,496,354,4
81029,17,500,357,4
81046,17,497,359,4
81063,17,478,349,4
81079,17,479,365,2
81096,17,480,355,4
81112,17,478,347,4
81129,17,486,355,4
81146,17,484,342,4
81162,17,481,341,4
81179,17,479,349,4
81196,17,482,356,4
81212,17,484,343,4
81229,17,476,353,4
81246,17,473,354,4
81262,17,477,353,4
81279,17,478,348,4
81295,17,477,361,4
81312,17,476,387,2
81329,17,473,351,4
81345,17,473,368,2
81362,17,475,366,2
81379,17,480,351,4
81395,17,480,342,4
81412,17,479,359,4
81429,17,477,366,2
81445,17,480,367,2
81462,17,480,363,4
81478,17,478,357,4
81495,17,476,356,4
81512,17,476,371,2
81528,17,519,362,4
81545,17,564,332,4
81562,17,574,354,4
81578,17,580,326,4
81595,17,575,333,4
81612,17,573,353,4
81628,17,573,350,4
81645,17,575,351,4
81661,17,577,337,4
81678,17,576,349,4
81695,17,573,340,4
81711,17,578,337,4
81728,17,578,339,4
81745,17,578,331,4
81761,17,581,323,4
81778,17,575,340,4
81795,17,575,347,4
81811,17,575,340,4
81828,17,577,343,4
81844,17,578,337,4
81861,17,576,331,4
81878,17,577,334,4
81894,17,562,359,4
81911,17,567,349,4
81928,17,566,347,4
81944,17,568,339,4
81961,17,565,356,4
81978,17,558,377,2
81994,17,566,355,4
82011,17,565,362,4
82027,17,565,345,4
82044,17,569,341,4
82061,17,565,345,4
82077,17,563,344,4
82094,17,568,341,4
82111,17,566,338,4
82127,17,566,345,4
82144,17,566,347,4
82161,17,563,358,4
82177,17,562,383,2
82194,17,562,369,2
82210,17,562,357,4
82227,17,551,356,4
82244,17,510,342,4
82260,17,484,359,4
82277,17,490,370,2
82294,17,492,365,2
82310,17,494,349,4
82327,17,491,353,4
82343,17,491,363,4
82360,17,489,358,4
82377,17,491,351,4
82393,17,485,371,2
82410,17,485,362,4
82427,17,490,368,2
82443,17,483,364,4
82460,17,486,366,2
82477,17,489,369,2
82493,17,489,359,4
82510,17,486,374,2
82526,17,483,353,4
82543,17,487,365,2
82560,17,487,372,2
82576,17,487,365,2
82593,17,484,370,2
82610,17,492,347,4
82626,17,487,343,4
82643,17,491,345,4
82660,17,486,375,2
82676,17,491,351,4
82693,17,490,352,4
82709,17,484,343,4
82726,17,482,360,4
82743,17,482,361,4
82759,17,486,348,4
82776,17,486,351,4
82793,17,489,354,4
82809,17,485,364,4
82826,17,483,363,4
82843,17,486,352,4
82859,17,489,360,4
82876,17,485,357,4
82892,17,487,335,4
82909,17,521,382,2
82926,17,520,382,2
82942,17,520,398,2
82959,17,514,400,2
82976,17,522,395,2
82992,17,522,395,2
83009,17,523,370,2
83026,17,520,378,2
83042,17,519,406,2
83059,17,519,391,2
83075,17,523,388,2
83092,17,521,390,2
83109,17,519,391,2
83125,17,522,388,2
83142,17,523,375,2
83159,17,522,374,2
83175,17,521,386,2
83192,17,519,390,2
83209,17,543,402,2
83225,17,542,408,2
83242,17,542,396,2
83258,17,545,406,2
83275,17,541,392,2
83292,17,544,410,2
83308,17,546,407,2
83325,17,545,387,2
83342,17,545,391,2
83358,17,547,387,2
83375,17,548,389,2
83392,17,544,396,2
83408,17,545,386,2
83425,17,545,380,2
83441,17,545,388,2
83458,17,544,380,2
83475,17,542,396,2
83491,17,543,405,2
83508,17,546,384,2
83525,17,545,383,2
83541,17,538,390,2
83558,17,545,405,2
83574,17,538,399,2
83591,17,551,379,2
83608,17,547,375,2
83624,17,548,372,2
83641,17,545,383,2
83658,17,543,385,2
83674,17,546,376,2
83691,17,544,379,2
83708,17,543,398,2
83724,17,544,375,2
83741,17,545,383,2
83757,17,546,392,2
83774,17,547,385,2
83791,17,546,385,2
83807,17,545,378,2
83824,17,543,376,2
83841,17,541,402,2
83857,17,545,390,2
83874,17,540,386,2
83891,17,545,388,2
83907,17,541,378,2
83924,17,545,373,2
83940,17,543,386,2
83957,17,546,380,2
83974,17,547,380,2
83990,17,541,386,2
84007,17,511,367,2
84024,17,508,340,4
84074,50,507,346,4
84090,17,511,339,4
84107,17,509,350,4
84123,17,506,361,4
84140,17,507,338,4
84157,17,513,344,4
84173,17,507,346,4
84190,17,511,353,4
84207,17,507,353,4
84223,17,511,360,4
84240,17,501,358,4
84257,17,510,327,4
84273,17,508,348,4
84290,17,507,343,4
84306,17,517,392,2
84323,17,517,417,5
84340,17,517,405,2
84356,17,516,418,5
84373,17,519,428,3
84390,17,518,418,5
84406,17,520,413,2
84423,17,519,407,2
84440,17,515,417,5
84456,17,515,418,5
84473,17,516,423,3
84489,17,524,440,3
84506,17,516,464,3
84523,17,520,456,3
84539,17,516,464,3
84556,17,518,441,3
84573,17,518,459,3
84589,17,521,465,3
84606,17,518,453,3
84622,17,518,451,3
84639,17,514,464,3
84656,17,516,446,3
84672,17,519,449,3
84689,17,518,437,3
84706,17,516,467,3
84722,17,512,464,3
84739,17,517,445,3
84756,17,518,467,3
84772,17,514,476,3
84789,17,516,455,3
84805,17,512,472,3
84822,17,513,465,3
84839,17,517,437,3
84855,17,520,422,3
84872,17,515,442,3
84889,17,518,441,3
84905,17,520,441,3
84922,17,519,428,3
84939,17,519,424,3
84955,17,515,444,3
84972,17,516,445,3
84988,17,519,418,5
85005,17,516,441,3
85022,17,508,399,2
85038,17,509,365,2
85055,17,509,372,2
85072,17,514,348,4
85088,17,510,356,4
85105,17,505,370,2
85122,17,508,360,4
85138,17,505,371,2
85155,17,507,346,4
85171,17,503,369,2
85188,17,502,365,2
85205,17,508,343,4
85221,17,502,364,4
85238,17,501,375,2
85255,17,507,370,2
85271,17,504,372,2
85288,17,502,381,2
85305,17,501,375,2
85321,17,506,362,4
85338,17,506,364,4
85354,17,506,367,2
85371,17,503,378,2
85388,17,504,371,2
85404,17,504,374,2
85421,17,503,383,2
85438,17,501,382,2
85454,17,480,359,4
85471,17,477,376,2
85488,17,479,376,2
85504,17,479,365,2
85521,17,471,387,2
85537,17,473,360,4
85554,17,474,372,2
85571,17,474,390,2
85587,17,479,387,2
85604,17,478,362,4
85621,17,473,380,2
85637,17,478,349,4
85654,17,472,377,2
85671,17,479,371,2
85687,17,472,370,2
85704,17,476,361,4
85720,17,473,379,2
85787,67,473,373,2
85787,0,473,373,2
85804,17,473,369,2
85820,17,476,359,4
85837,17,479,372,2
85853,17,473,371,2
85870,17,476,383,2
85887,17,478,378,2
85903,17,474,383,2
85920,17,473,377,2
85937,17,478,372,2
85953,17,479,369,2
85970,17,475,373,2
85987,17,467,374,2
86003,17,476,376,2
86020,17,478,372,2
86036,17,477,351,4
86053,17,474,363,4
86070,17,474,381,2
86086,17,478,385,2
86103,17,472,388,2
86120,17,478,377,2
86136,17,479,381,2
86153,17,477,376,2
86170,17,476,371,2
86186,17,475,375,2
86203,17,485,375,2
86219,17,513,377,2
86236,17,527,384,2
86253,17,519,391,2
86269,17,521,388,2
86286,17,525,378,2
86303,17,520,384,2
86319,17,528,394,2
86336,17,522,384,2
86353,17,520,396,2
86369,17,511,397,2
86386,17,523,387,2
86402,17,523,385,2
86419,17,535,459,3
86436,17,516,484,3
86452,17,522,479,3
86469,17,518,489,3
86486,17,512,491,3
86502,17,523,478,3
86519,17,522,476,3
86536,17,518,476,3
86552,17,521,485,3
86569,17,525,472,3
86585,17,522,465,3
86602,17,517,483,3
86619,17,521,483,3
86635,17,517,478,3
86652,17,519,480,3
86669,17,518,474,3
86685,17,519,484,3
86702,17,523,463,3
86719,17,519,472,3
86735,17,522,477,3
86752,17,524,484,3
86768,17,523,471,3
86785,17,524,468,3
86802,17,517,492,3
86818,17,509,473,3
86835,17,510,475,3
86852,17,504,465,3
86868,17,512,458,3
86885,17,510,458,3
86901,17,503,488,3
86918,17,504,480,3
86935,17,504,470,3
86951,17,512,462,3
86968,17,517,444,3
86985,17,515,452,3
87001,17,509,475,3
87018,17,513,409,2
87035,17,507,397,2
87051,17,513,408,2
87068,17,507,410,2
87084,17,503,417,5
87101,17,513,406,2
87118,17,513,411,2
87134,17,509,402,2
87151,17,512,398,2
87168,17,515,411,2
87184,17,514,405,2
87201,17,513,389,2
87218,17,512,412,2
87234,17,512,416,2
87251,17,509,403,2
87267,17,511,412,2
87284,17,509,393,2
87301,17,512,404,2
87317,17,512,389,2
87334,17,514,405,2
87351,17,512,405,2
87367,17,512,407,2
87384,17,516,399,2
87401,17,512,412,2
87417,17,516,397,2
87434,17,516,400,2
87450,17,516,400,2
87467,17,517,405,2
87484,17,518,392,2
87500,17,515,396,2
87517,17,516,400,2
87534,17,511,404,2
87550,17,512,408,2
87567,17,515,395,2
87584,17,512,404,2
87600,17,513,392,2
87617,17,517,386,2
87633,17,514,402,2
87650,17,510,400,2
87667,17,517,382,2
87683,17,512,400,2
87700,17,512,409,2
87717,17,516,397,2
87733,17,514,400,2
87750,17,511,405,2
87767,17,516,395,2
87783,17,512,393,2
87800,17,516,403,2
87816,17,513,406,2
87833,17,514,412,2
87850,17,514,407,2
87866,17,515,393,2
87883,17,520,386,2
87900,17,515,394,2
87916,17,516,398,2
87933,17,513,415,2
87950,17,518,396,2
87966,17,513,412,2
87983,17,517,391,2
87999,17,518,393,2
88016,17,517,389,2
88033,17,515,398,2
88049,17,487,409,2
88066,17,476,407,2
88083,17,479,392,2
88099,17,480,405,2
88116,17,481,390,2
88132,17,477,395,2
88149,17,478,411,2
88166,17,477,392,2
88182,17,476,404,2
88199,17,480,384,2
88216,17,477,397,2
88232,17,464,397,2
88249,17,468,381,2
88266,17,466,379,2
88282,17,459,389,2
88299,17,462,386,2
88315,17,461,390,2
88332,17,456,394,2
88349,17,465,381,2
88365,17,462,384,2
88382,17,460,388,2
88399,17,466,376,2
88415,17,465,375,2
88432,17,463,385,2
88449,17,455,389,2
88465,17,463,386,2
88482,17,460,389,2
88498,17,466,382,2
88515,17,457,411,2
88532,17,466,377,2
88548,17,465,387,2
88565,17,460,397,2
88582,17,459,389,2
88598,17,466,393,2
88615,17,464,381,2
88632,17,468,374,2
88648,17,466,393,2
88665,17,466,377,2
88681,17,467,373,2
88698,17,467,398,2
88715,17,426,397,2
88731,17,377,426,3
88748,17,367,428,3
88765,17,356,436,3
88781,17,351,430,3
88798,17,351,435,3
88815,17,349,431,3
88831,17,359,417,2
88848,17,351,417,2
88864,17,349,422,3
88881,17,357,426,3
88898,17,356,436,3
88914,17,354,426,3
88931,17,345,436,3
88948,17,348,435,3
88964,17,361,415,2
88981,17,347,445,3
88998,17,301,440,3
89014,17,292,461,3
89031,17,293,453,3
89047,17,292,455,3
89064,17,293,438,3
89081,17,289,447,3
89097,17,292,453,3
89114,17,296,451,3
89131,17,288,458,3
89147,17,286,463,3
89164,17,300,456,3
89180,17,301,452,3
89197,17,299,447,3
89214,17,294,451,3
89230,17,297,469,3
89247,17,298,442,3
89264,17,294,469,3
89280,17,295,455,3
89297,17,294,453,3
89314,17,281,453,3
89330,17,292,459,3
89347,17,286,447,3
89363,17,287,454,3
89380,17,282,440,3
89397,17,286,456,3
89413,17,283,448,3
89430,17,281,473,3
89447,17,285,459,3
89463,17,284,455,3
89480,17,347,402,2
89497,17,379,361,0
89513,17,380,363,0
89530,17,389,346,0
89546,17,387,341,0
89563,17,376,344,0
89580,17,387,341,0
89596,17,389,356,0
89613,17,381,357,0
89630,17,392,337,0
89646,17,376,357,0
89663,17,383,350,0
89680,17,384,355,0
89696,17,388,358,0
89713,17,388,339,0
89729,17,390,348,0
89746,17,391,344,0
89763,17,396,340,0
89779,17,392,338,0
89796,17,386,337,0
89813,17,397,341,0
89829,17,373,352,0
89846,17,354,345,0
89863,17,365,352,0
89879,17,368,339,0
89896,17,352,349,0
89912,17,359,353,0
89929,17,372,347,0
89946,17,366,340,0
89962,17,374,339,0
89979,17,372,340,0
89996,17,355,353,0
90012,17,364,346,0
90029,17,364,338,0
90046,17,364,341,0
90062,17,362,345,0
90079,17,364,347,0
90095,17,365,350,0
90112,17,364,327,0
90129,17,362,350,0
90145,17,362,338,0
90162,17,365,337,0
90179,17,362,353,0
90195,17,360,359,0
90212,17,368,330,0
90229,17,376,292,0
90245,17,380,293,0
90262,17,366,302,0
90278,17,366,309,0
90295,17,358,315,0
90312,17,359,297,0
90328,17,368,301,0
90345,17,378,285,0
90362,17,368,297,0
90378,17,386,290,0
90395,17,368,301,0
90411,17,364,308,0
90428,17,371,304,0
90445,17,363,304,0
90461,17,364,296,0
90478,17,366,303,0
90495,17,364,299,0
90511,17,368,301,0
90528,17,365,320,0
90545,17,412,267,0
90561,17,424,265,0
90578,17,424,268,0
90594,17,417,259,1
90611,17,434,231,1
90628,17,424,245,1
90644,17,426,251,1
90661,17,423,252,1
90678,17,423,251,1
90694,17,427,242,1
90711,17,429,239,1
90728,17,429,257,1
90744,17,412,271,0
90761,17,424,252,1
90777,17,478,260,0
90794,17,534,255,1
90811,17,529,254,1
90827,17,537,247,1
90844,17,538,260,0
90861,17,531,265,0
90877,17,539,249,1
90894,17,536,252,1
90911,17,537,261,0
90927,17,539,249,1
90944,17,538,251,1
90960,17,544,243,1
90977,17,539,252,1
90994,17,538,255,1
91010,17,540,259,1
91027,17,540,249,1
91044,17,541,255,1
91060,17,507,326,4
91077,17,504,373,2
91094,17,500,379,2
91110,17,498,402,2
91127,17,502,382,2
91143,17,497,392,2
91160,17,498,375,2
91177,17,506,365,2
91193,17,509,413,2
91210,17,503,409,2
91227,17,505,407,2
91243,17,504,419,5
91260,17,506,420,5
91277,17,508,417,5
91293,17,503,426,3
91310,17,509,408,2
91326,17,507,409,2
91343,17,503,397,2
91360,17,508,400,2
91376,17,513,399,2
91393,17,505,391,2
91410,17,517,388,2
91426,17,512,397,2
91443,17,508,405,2
91459,17,517,387,2
91476,17,517,393,2
91493,17,515,393,2
91509,17,512,401,2
91526,17,513,392,2
91543,17,518,319,4
91559,17,366,433,3
91576,17,576,772,0
91593,17,444,576,3
91626,33,402,525,3
91642,17,524,354,4
91659,17,539,274,0
91676,17,530,358,4
91692,17,520,392,2
91709,17,519,397,2
91726,17,526,395,2
91742,17,520,400,2
91759,17,523,390,2
91776,17,519,407,2
91792,17,523,400,2
91809,17,524,400,2
91825,17,523,398,2
91842,17,521,408,2
91859,17,521,409,2
91875,17,516,402,2
91892,17,507,414,2
91909,17,524,403,2
91925,17,518,409,2
91942,17,521,399,2
91959,17,520,413,2
91975,17,520,405,2
91992,17,524,425,3
92008,17,521,390,2
92025,17,519,404,2
92042,17,515,411,2
92058,17,523,403,2
92075,17,518,406,2
92092,17,526,394,2
92108,17,527,396,2
92125,17,515,379,2
92142,17,515,369,2
92158,17,510,375,2
92175,17,513,375,2
92191,17,511,374,2
92208,17,509,395,2
92225,17,510,376,2
92241,17,506,394,2
92258,17,511,385,2
92275,17,515,365,2
92291,17,514,371,2
92308,17,502,377,2
92325,17,471,370,2
92341,17,475,364,4
92358,17,473,354,4
92374,17,467,372,2
92391,17,467,379,2
92408,17,472,363,4
92424,17,472,355,4
92441,17,468,358,4
92458,17,471,362,4
92474,17,469,358,4
92491,17,469,371,2
92508,17,466,361,4
92524,17,503,368,2
92541,17,559,355,4
92557,17,578,337,4
92574,17,576,358,4
92591,17,577,334,4
92607,17,578,343,4
92624,17,578,350,4
92641,17,578,339,4
92657,17,575,352,4
92674,17,579,346,4
92690,17,577,353,4
92707,17,576,358,4
92724,17,575,355,4
92740,17,580,341,4
92757,17,577,347,4
92774,17,579,339,4
92790,17,579,337,4
92807,17,580,346,4
92824,17,616,333,0
92840,17,665,315,0
92857,17,675,318,0
92873,17,687,304,0
92890,17,677,321,0
92907,17,676,318,0
92923,17,683,290,0
92940,17,679,318,0
92957,17,677,307,0
92973,17,673,303,0
92990,17,688,302,0
93007,17,684,302,0
93023,17,676,316,0
93040,17,673,318,0
93056,17,677,322,0
93073,17,675,320,0
93090,17,677,308,0
93106,17,673,321,0
93123,17,677,313,0
93140,17,677,318,0
93156,17,681,325,0
93173,17,680,305,0
93190,17,679,308,0
93206,17,679,308,0
93223,17,676,308,0
93239,17,676,301,0
93256,17,680,307,0
93273,17,677,318,0
93289,17,679,318,0
93306,17,687,323,0
93323,17,686,327,0
93339,17,689,333,0
93356,17,692,335,0
93373,17,693,322,0
93389,17,690,307,0
93406,17,690,307,0
93422,17,693,327,0
93439,17,687,332,0
93456,17,692,329,0
93472,17,692,326,0
93489,17,689,336,0
93506,17,692,339,0
93522,17,690,326,0
93539,17,690,329,0
93556,17,692,324,0
93572,17,690,318,0
93589,17,689,336,0
93605,17,691,320,0
93622,17,688,329,0
93639,17,689,319,0
93655,17,692,306,0
93672,17,689,315,0
93689,17,692,308,0
93705,17,685,332,0
93722,17,687,332,0
93739,17,639,339,0
93755,17,625,320,0
93772,17,632,325,0
93788,17,624,332,0
93805,17,623,338,0
93822,17,623,338,0
93838,17,621,328,0
93855,17,620,333,0
93872,17,615,339,0
93888,17,617,332,0
93905,17,620,333,0
93921,17,618,334,0
93938,17,620,330,0
93955,17,617,340,0
93971,17,621,321,0
93988,17,623,335,0
94005,17,620,317,0
94021,17,623,313,0
94038,17,618,346,0
94055,17,622,323,0
94071,17,616,329,0
94088,17,621,325,0
94104,17,617,323,0
94121,17,618,320,0
94138,17,621,306,0
94154,17,607,339,4
94171,17,614,334,0
94188,17,615,326,0
94204,17,616,326,0
94221,17,616,327,0
94238,17,622,316,0
94254,17,617,325,0
94271,17,618,337,0
94287,17,616,319,0
94304,17,619,313,0
94321,17,619,340,0
94337,17,613,340,0
94354,17,604,348,4
94371,17,593,294,4
94637,266,475,624,3
94653,17,527,304,4
94670,17,548,319,4
94687,17,534,378,2
94703,17,528,392,2
94720,17,537,382,2
94737,17,537,364,4
94753,17,538,387,2
94770,17,536,381,2
94787,17,535,379,2
94803,17,532,381,2
94820,17,542,373,2
94836,17,535,389,2
94853,17,539,374,2
94870,17,536,391,2
94886,17,534,394,2
94903,17,538,382,2
94920,17,534,394,2
94936,17,532,375,2
94953,17,538,388,2
94969,17,538,378,2
94986,17,537,377,2
95003,17,534,390,2
95019,17,540,378,2
95036,17,540,383,2
95053,17,543,369,2
95069,17,543,374,2
95086,17,546,368,2
95103,17,541,379,2
95119,17,540,365,2
95136,17,543,367,2
95152,17,538,378,2
95169,17,542,364,4
95186,17,542,379,2
95202,17,543,366,2
95219,17,548,350,4
95236,17,545,366,2
95252,17,542,381,2
95269,17,545,358,4
95286,17,540,369,2
95302,17,545,364,4
95319,17,545,366,2
95335,17,545,365,2
95352,17,542,366,2
95369,17,545,367,2
95385,17,546,358,4
95402,17,547,345,4
95419,17,550,350,4
95435,17,547,351,4
95452,17,543,374,2
95469,17,546,346,4
95485,17,544,373,2
95502,17,543,365,2
95518,17,545,362,4
95535,17,546,359,4
95552,17,542,347,4
95568,17,547,335,4
95585,17,544,365,2
95602,17,542,377,2
95618,17,543,365,2
95635,17,546,369,2
95652,17,539,366,2
95668,17,542,365,2
95685,17,541,354,4
95701,17,543,354,4
95718,17,540,369,2
95735,17,543,361,4
95751,17,539,377,2
95768,17,537,374,2
95785,17,541,376,2
95801,17,528,401,2
95818,17,535,390,2
95835,17,531,397,2
95851,17,530,389,2
95868,17,531,410,2
95884,17,531,400,2
95901,17,530,396,2
95918,17,526,419,5
95934,17,528,418,5
95951,17,533,408,2
95968,17,529,399,2
95984,17,530,413,2
96001,17,521,420,5
96018,17,529,410,2
96034,17,528,398,2
96051,17,527,408,2
96067,17,529,402,2
96084,17,524,415,2
96101,17,508,436,3
96117,17,502,460,3
96134,17,496,449,3
96151,17,502,455,3
96167,17,505,453,3
96184,17,501,442,3
96200,17,502,451,3
96217,17,507,442,3
96234,17,504,449,3
96250,17,504,466,3
96267,17,501,446,3
96284,17,506,447,3
96300,17,496,451,3
96317,17,499,459,3
96334,17,505,446,3
96350,17,500,458,3
96367,17,504,453,3
96383,17,504,466,3
96400,17,502,449,3
96417,17,501,451,3
96433,17,503,464,3
96450,17,501,439,3
96467,17,503,451,3
96483,17,499,449,3
96500,17,507,455,3
96517,17,504,452,3
96533,17,502,459,3
96550,17,506,442,3
96566,17,495,448,3
96583,17,499,455,3
96600,17,496,452,3
96616,17,503,455,3
96633,17,498,459,3
96650,17,504,453,3
96666,17,498,456,3
96683,17,501,454,3
96700,17,500,449,3
96716,17,500,454,3
96733,17,499,445,3
96749,17,499,449,3
96766,17,501,435,3
96783,17,498,447,3
96799,17,498,456,3
96816,17,495,456,3
96833,17,480,470,3
96849,17,485,487,3
96866,17,483,490,3
96883,17,480,488,3
96899,17,485,511,3
96916,17,481,493,3
96932,17,481,493,3
96949,17,482,496,3
96966,17,481,490,3
96982,17,478,503,3
96999,17,476,494,3
97016,17,484,487,3
97032,17,501,465,3
97049,17,526,459,3
97066,17,529,462,3
97082,17,532,448,3
97099,17,531,444,3
97115,17,529,448,3
97132,17,534,457,3
97149,17,528,470,3
97165,17,532,457,3
97182,17,536,443,3
97199,17,529,466,3
97215,17,526,458,3
97232,17,532,457,3
97248,17,527,454,3
97265,17,526,458,3
97282,17,518,428,3
97298,17,520,428,3
97315,17,518,417,5
97332,17,520,405,2
97348,17,520,424,3
97365,17,519,426,3
97382,17,519,423,3
97398,17,521,428,3
97415,17,520,412,2
97431,17,521,438,3
97448,17,503,396,2
97465,17,483,360,4
97481,17,471,360,4
97498,17,469,365,2
97515,17,475,344,4
97531,17,474,348,4
97548,17,474,356,4
97565,17,471,371,2
97581,17,473,346,4
97598,17,478,332,4
97614,17,473,356,4
97631,17,480,330,4
97648,17,474,349,4
97664,17,469,355,4
97681,17,442,316,4
97698,17,431,321,4
97714,17,433,311,4
97731,17,435,312,4
97748,17,427,318,4
97764,17,434,313,4
97781,17,436,301,4
97797,17,431,301,4
97814,17,443,296,4
97831,17,433,306,4
97847,17,427,317,4
97864,17,433,313,4
97881,17,432,325,4
97897,17,434,296,4
97914,17,434,301,4
97931,17,434,307,4
97947,17,439,287,0
97964,17,443,288,4
97980,17,444,297,4
97997,17,448,267,0
98014,17,442,296,4
98030,17,448,274,0
98047,17,444,283,0
98064,17,444,284,0
98080,17,443,296,4
98097,17,453,280,0
98114,17,448,275,0
98130,17,440,285,0
98147,17,454,290,4
98163,17,538,259,1
98180,17,618,243,1
98197,17,634,235,1
98213,17,643,240,1
98230,17,640,240,1
98247,17,635,247,1
98263,17,641,249,1
98280,17,637,246,1
98297,17,635,261,0
98313,17,642,251,1
98330,17,637,252,1
98346,17,642,240,1
98363,17,637,264,0
98380,17,636,242,1
98396,17,645,230,1
98413,17,640,250,1
98430,17,649,222,1
98446,17,644,248,1
98463,17,642,252,1
98479,17,638,260,0
98496,17,642,255,1
98513,17,640,250,1
98529,17,638,245,1
98546,17,643,231,1
98563,17,636,256,1
98579,17,644,242,1
98596,17,638,242,1
98613,17,645,243,1
98629,17,643,237,1
98646,17,638,245,1
98662,17,641,245,1
98679,17,629,245,1
98696,17,577,273,0
98712,17,582,278,0
98729,17,569,279,0
98746,17,574,283,0
98762,17,569,287,0
98779,17,568,271,0
98796,17,569,290,4
98812,17,570,276,0
98829,17,575,266,0
98845,17,570,288,4
98862,17,569,277,0
98879,17,569,284,0
98895,17,493,309,4
98912,17,457,302,4
98929,17,461,300,4
98945,17,445,322,4
98962,17,446,317,4
98979,17,454,307,4
98995,17,461,308,4
99012,17,451,310,4
99028,17,457,319,4
99045,17,447,338,4
99062,17,447,314,4
99078,17,457,302,4
99095,17,454,294,4
99112,17,479,308,4
99128,17,529,378,2
99145,17,541,416,2
99162,17,536,422,3
99178,17,550,390,2
99195,17,545,398,2
99211,17,544,390,2
99228,17,545,406,2
99245,17,542,410,2
99261,17,546,400,2
99278,17,543,400,2
99295,17,541,404,2
99311,17,541,404,2
99328,17,542,391,2
99345,17,538,398,2
99361,17,541,399,2
99378,17,544,388,2
99394,17,543,390,2
99411,17,538,406,2
99428,17,541,401,2
99444,17,541,390,2
99461,17,543,391,2
99478,17,539,391,2
99494,17,539,401,2
99511,17,537,382,2
99527,17,528,414,2
99544,17,530,358,4
99561,17,482,451,3
99577,17,450,688,3
99727,150,456,706,3
99744,17,475,621,3
99760,17,376,542,3
99777,17,541,252,1
99794,17,534,287,0
99810,17,527,368,2
99827,17,521,428,3
99844,17,526,426,3
99860,17,524,438,3
99877,17,525,421,5
99893,17,527,424,3
99910,17,529,425,3
99927,17,531,428,3
99943,17,527,439,3
99960,17,529,412,2
99977,17,533,420,5
99993,17,534,420,5
100010,17,531,417,5
100027,17,530,414,2
100043,17,532,410,2
100060,17,529,423,3
100076,17,529,425,3
100093,17,525,428,3
100110,17,528,417,5
100126,17,531,416,2
100143,17,532,428,3
100160,17,532,412,2
100176,17,532,420,5
100193,17,533,413,2
100210,17,533,410,2
100226,17,528,433,3
100243,17,533,414,2
100259,17,523,430,3
100276,17,486,441,3
100293,17,487,446,3
100309,17,479,456,3
100326,17,482,454,3
100343,17,484,460,3
100359,17,483,441,3
100376,17,490,439,3
100393,17,480,444,3
100409,17,485,448,3
100426,17,483,452,3
100442,17,487,437,3
100459,17,481,460,3
100476,17,481,442,3
100492,17,482,444,3
100509,17,485,458,3
100526,17,484,461,3
100542,17,484,460,3
100559,17,485,452,3
100576,17,486,441,3
100592,17,482,446,3
100609,17,487,435,3
100625,17,482,444,3
100642,17,487,435,3
100659,17,484,452,3
100675,17,485,451,3
100692,17,485,435,3
100709,17,501,376,2
100725,17,504,355,4
100742,17,506,339,4
100758,17,505,345,4
100775,17,502,345,4
100792,17,500,347,4
100808,17,501,341,4
100825,17,502,330,4
100842,17,503,345,4
100858,17,499,342,4
100875,17,501,353,4
100892,17,500,355,4
100908,17,494,356,4
100925,17,472,360,4
100941,17,477,346,4
100958,17,476,336,4
100975,17,475,346,4
100991,17,475,361,4
101008,17,473,351,4
101025,17,470,362,4
101041,17,473,361,4
101058,17,470,355,4
101075,17,471,353,4
101091,17,473,342,4
101108,17,475,348,4
101124,17,472,350,4
101141,17,478,345,4
101158,17,474,354,4
101174,17,474,350,4
101191,17,471,344,4
101208,17,469,342,4
101224,17,469,351,4
101241,17,468,357,4
101258,17,530,340,4
101274,17,579,353,4
101291,17,576,345,4
101307,17,583,340,4
101324,17,582,341,4
101341,17,579,346,4
101357,17,577,352,4
101374,17,579,365,2
101391,17,584,339,4
101407,17,579,346,4
101424,17,579,336,4
101441,17,584,348,4
101457,17,582,360,4
101474,17,578,357,4
101490,17,572,333,4
101507,17,579,351,4
101524,17,574,360,4
101540,17,579,354,4
101557,17,576,356,4
101574,17,578,342,4
101590,17,576,363,4
101607,17,577,341,4
101624,17,578,345,4
101640,17,577,336,4
101657,17,578,343,4
101673,17,573,355,4
101690,17,580,336,4
101707,17,581,348,4
101723,17,582,351,4
101740,17,583,333,4
101757,17,576,328,4
101773,17,578,350,4
101790,17,579,339,4
101806,17,581,359,4
101823,17,580,350,4
101840,17,582,352,4
101856,17,581,344,4
101873,17,581,333,4
101890,17,581,352,4
101906,17,579,352,4
101923,17,578,364,4
101940,17,579,351,4
101956,17,577,359,4
101973,17,581,337,4
101989,17,578,350,4
102006,17,571,370,2
102023,17,573,365,2
102039,17,561,376,2
102056,17,432,715,3
102172,116,554,388,2
102189,17,525,320,4
102206,17,526,309,4
102222,17,511,352,4
102239,17,510,396,2
102256,17,512,385,2
102272,17,509,403,2
102289,17,506,420,5
102306,17,504,403,2
102322,17,506,411,2
102339,17,514,393,2
102355,17,498,403,2
102372,17,505,406,2
102389,17,504,408,2
102405,17,502,421,5
102422,17,508,404,2
102439,17,510,400,2
102455,17,509,414,2
102472,17,501,418,5
102489,17,489,465,3
102505,17,487,459,3
102522,17,493,458,3
102538,17,485,476,3
102555,17,489,475,3
102572,17,489,463,3
102588,17,492,460,3
102605,17,490,473,3
102622,17,491,465,3
102638,17,489,463,3
102655,17,489,464,3
102672,17,492,466,3
102688,17,481,484,3
102705,17,487,470,3
102721,17,492,459,3
102738,17,491,469,3
102755,17,499,450,3
102771,17,495,469,3
102788,17,486,486,3
102805,17,488,478,3
102821,17,491,462,3
102838,17,492,480,3
102855,17,491,467,3
102871,17,489,464,3
102888,17,495,486,3
102904,17,494,468,3
102921,17,490,471,3
102938,17,494,470,3
102954,17,495,477,3
102971,17,490,472,3
102988,17,491,460,3
103004,17,492,474,3
103021,17,491,470,3
103037,17,493,468,3
103054,17,495,464,3
103071,17,485,464,3
103087,17,492,475,3
103104,17,499,465,3
103121,17,537,405,2
103137,17,537,400,2
103154,17,539,402,2
103171,17,539,393,2
103187,17,540,388,2
103204,17,541,395,2
103220,17,540,404,2
103237,17,540,389,2
103254,17,542,386,2
103270,17,545,372,2
103287,17,541,388,2
103304,17,541,392,2
103320,17,537,371,2
103337,17,536,407,2
103354,17,530,417,5
103370,17,539,400,2
103387,17,537,395,2
103403,17,543,386,2
103420,17,537,393,2
103437,17,540,398,2
103453,17,533,404,2
103470,17,536,400,2
103487,17,535,415,2
103503,17,537,409,2
103520,17,537,397,2
103537,17,535,405,2
103553,17,533,396,2
103570,17,536,394,2
103586,17,536,401,2
103603,17,540,411,2
103620,17,538,402,2
103636,17,540,372,2
103653,17,536,393,2
103670,17,536,396,2
103686,17,534,380,2
103703,17,534,387,2
103720,17,536,385,2
103736,17,535,383,2
103753,17,536,388,2
103769,17,535,397,2
103786,17,535,397,2
103803,17,535,402,2
103819,17,534,398,2
103836,17,531,389,2
103853,17,532,404,2
103869,17,532,403,2
103886,17,533,393,2
103903,17,534,400,2
103919,17,530,403,2
103936,17,534,384,2
103952,17,532,397,2
103969,17,532,404,2
103986,17,531,403,2
104002,17,532,397,2
104019,17,531,398,2
104036,17,534,403,2
104052,17,531,409,2
104069,17,525,401,2
104086,17,529,410,2
104102,17,533,405,2
104119,17,529,380,2
104135,17,533,399,2
104152,17,528,414,2
104169,17,530,400,2
104185,17,509,374,2
104202,17,489,379,2
104219,17,493,377,2
104235,17,478,372,2
104252,17,481,388,2
104268,17,484,391,2
104285,17,487,392,2
104302,17,484,374,2
104318,17,484,383,2
104335,17,481,391,2
104352,17,481,400,2
104368,17,474,357,4
104385,17,471,353,4
104402,17,465,362,4
104418,17,468,375,2
104435,17,466,368,2
104451,17,469,359,4
104468,17,471,365,2
104485,17,474,366,2
104501,17,469,367,2
104518,17,470,345,4
104535,17,469,364,4
104551,17,467,349,4
104568,17,477,362,4
104585,17,467,367,2
104601,17,472,358,4
104618,17,469,366,2
104634,17,465,348,4
104651,17,468,369,2
104668,17,469,355,4
104684,17,468,377,2
104701,17,504,372,2
104718,17,507,416,2
104734,17,513,381,2
104751,17,510,403,2
104768,17,510,405,2
104784,17,512,403,2
104801,17,509,405,2
104817,17,505,436,3
104834,17,510,447,3
104851,17,508,457,3
104867,17,509,451,3
104884,17,509,463,3
104901,17,510,460,3
104917,17,504,464,3
104934,17,510,454,3
104951,17,505,457,3
104967,17,502,466,3
104984,17,507,462,3
105000,17,509,469,3
105017,17,508,451,3
105034,17,506,455,3
105050,17,522,476,3
105067,17,523,447,3
105084,17,518,472,3
105100,17,517,477,3
105117,17,517,455,3
105134,17,518,475,3
105150,17,523,465,3
105167,17,519,478,3
105183,17,522,461,3
105200,17,524,473,3
105217,17,524,453,3
105233,17,525,453,3
105250,17,519,451,3
105267,17,523,443,3
105283,17,526,452,3
105300,17,522,470,3
105316,17,519,469,3
105333,17,520,461,3
105350,17,524,465,3
105366,17,524,456,3
105383,17,522,462,3
105400,17,522,457,3
105416,17,523,464,3
105433,17,526,457,3
105450,17,519,451,3
105466,17,522,451,3
105483,17,522,461,3
105499,17,523,459,3
105516,17,520,465,3
105533,17,519,471,3
105549,17,519,461,3
105566,17,563,408,2
105583,17,599,364,4
105599,17,600,375,2
105616,17,603,357,4
105633,17,604,345,4
105649,17,604,364,4
105666,17,599,357,4
105682,17,600,351,4
105699,17,598,358,4
105716,17,603,358,4
105732,17,603,361,4
105749,17,601,369,2
105766,17,600,359,4
105782,17,607,332,4
105799,17,601,350,4
105816,17,602,332,4
105832,17,602,327,4
105849,17,601,347,4
105865,17,602,339,4
105882,17,599,361,4
105899,17,601,350,4
105915,17,604,350,4
105932,17,605,339,4
105949,17,601,340,4
105965,17,602,334,4
105982,17,608,336,4
105999,17,603,351,4
106015,17,608,338,4
106032,17,610,353,4
106048,17,605,343,4
106065,17,604,336,4
106082,17,611,325,4
106098,17,611,333,4
106115,17,609,336,4
106132,17,609,344,4
106148,17,608,359,4
106165,17,609,339,4
106182,17,612,337,4
106198,17,611,334,4
106215,17,603,333,4
106231,17,525,349,4
106248,17,480,354,4
106265,17,489,365,2
106281,17,486,354,4
106298,17,484,364,4
106315,17,492,356,4
106331,17,487,354,4
106348,17,491,351,4
106365,17,488,354,4
106381,17,485,350,4
106398,17,490,351,4
106414,17,490,343,4
106431,17,489,354,4
106448,17,488,349,4
106464,17,490,351,4
106481,17,490,365,2
106498,17,470,358,4
106514,17,472,372,2
106531,17,473,343,4
106547,17,474,355,4
106564,17,473,335,4
106581,17,472,359,4
106597,17,475,333,4
106614,17,472,355,4
106631,17,477,359,4
106647,17,474,351,4
106664,17,473,358,4
106681,17,472,348,4
106697,17,473,347,4
106714,17,473,349,4
106730,17,473,372,2
106747,17,472,354,4
106764,17,481,352,4
106780,17,472,354,4
106797,17,476,349,4
106814,17,469,357,4
106830,17,471,361,4
106847,17,475,352,4
106864,17,472,352,4
106880,17,474,370,2
106897,17,474,358,4
106913,17,469,357,4
106930,17,469,377,2
106947,17,469,372,2
106963,17,470,348,4
106980,17,478,360,4
106997,17,468,361,4
107013,17,469,373,2
107030,17,474,363,4
107047,17,467,372,2
107063,17,466,361,4
107080,17,476,361,4
107096,17,467,363,4
107113,17,468,366,2
107130,17,466,371,2
107146,17,469,359,4
107163,17,473,376,2
107180,17,518,398,2
107196,17,525,419,5
107213,17,532,395,2
107230,17,531,402,2
107246,17,532,409,2
107263,17,531,397,2
107279,17,532,394,2
107296,17,531,405,2
107313,17,531,389,2
107329,17,530,393,2
107346,17,531,400,2
107363,17,533,401,2
107379,17,529,391,2
107396,17,528,399,2
107413,17,533,398,2
107429,17,533,404,2
107446,17,533,412,2
107462,17,532,399,2
107479,17,532,377,2
107496,17,534,392,2
107512,17,536,401,2
107529,17,535,388,2
107546,17,531,394,2
107562,17,530,380,2
107579,17,534,362,4
107595,17,530,403,2
107612,17,530,384,2
107629,17,495,511,3
107845,216,496,495,3
107862,17,523,224,1
107878,17,530,349,4
107895,17,528,377,2
107912,17,526,397,2
107928,17,529,392,2
107945,17,523,413,2
107961,17,532,396,2
107978,17,525,403,2
107995,17,528,389,2
108011,17,529,387,2
108028,17,530,378,2
108045,17,525,386,2
108061,17,521,397,2
108078,17,528,397,2
108095,17,523,412,2
108111,17,525,398,2
108128,17,520,401,2
108144,17,525,401,2
108161,17,524,415,2
108178,17,523,407,2
108194,17,527,386,2
108211,17,527,412,2
108228,17,524,404,2
108244,17,529,396,2
108261,17,526,399,2
108278,17,524,398,2
108294,17,523,412,2
108311,17,517,469,3
108327,17,517,452,3
108344,17,522,442,3
108361,17,518,453,3
108377,17,512,479,3
108394,17,505,464,3
108411,17,519,445,3
108427,17,513,441,3
108444,17,515,467,3
108461,17,507,473,3
108477,17,514,457,3
108494,17,518,437,3
108510,17,514,461,3
108527,17,510,460,3
108544,17,507,469,3
108560,17,510,452,3
108577,17,512,459,3
108594,17,507,448,3
108610,17,496,374,2
108627,17,498,357,4
108644,17,500,359,4
108660,17,497,354,4
108677,17,495,346,4
108693,17,498,363,4
108710,17,505,347,4
108727,17,494,349,4
108743,17,496,363,4
108760,17,499,359,4
108777,17,499,346,4
108793,17,503,345,4
108810,17,493,371,2
108826,17,493,351,4
108843,17,482,377,2
108860,17,491,360,4
108876,17,490,357,4
108893,17,483,379,2
108910,17,488,369,2
108926,17,491,356,4
108943,17,485,359,4
108960,17,480,389,2
108976,17,488,379,2
108993,17,481,375,2
109009,17,486,373,2
109026,17,488,372,2
109043,17,483,376,2
109059,17,486,369,2
109076,17,497,362,4
109093,17,492,369,2
109109,17,486,374,2
109126,17,488,372,2
109143,17,489,388,2
109159,17,485,380,2
109176,17,496,375,2
109192,17,491,373,2
109209,17,496,378,2
109226,17,487,381,2
109242,17,490,387,2
109259,17,493,379,2
109276,17,542,346,4
109292,17,567,369,2
109309,17,569,350,4
109326,17,561,350,4
109342,17,563,377,2
109359,17,567,350,4
109375,17,563,356,4
109392,17,571,356,4
109409,17,568,359,4
109425,17,581,360,4
109442,17,598,370,2
109459,17,593,382,2
109475,17,601,338,4
109492,17,591,376,2
109509,17,597,351,4
109525,17,596,352,4
109542,17,597,368,2
109558,17,597,367,2
109575,17,595,371,2
109592,17,594,361,4
109608,17,597,354,4
109625,17,594,367,2
109642,17,596,387,2
109658,17,560,400,2
109675,17,525,451,3
109692,17,512,458,3
109708,17,520,468,3
109725,17,520,493,3
109741,17,513,490,3
109758,17,515,468,3
109775,17,513,477,3
109791,17,516,480,3
109808,17,519,475,3
109825,17,515,478,3
109841,17,520,458,3
109858,17,522,477,3
109874,17,522,468,3
109891,17,510,480,3
109908,17,515,465,3
109924,17,517,477,3
109941,17,518,461,3
109958,17,514,466,3
109974,17,512,487,3
109991,17,512,485,3
110008,17,523,470,3
110024,17,523,467,3
110041,17,517,459,3
110057,17,517,444,3
110074,17,517,451,3
110091,17,521,462,3
110107,17,524,473,3
110124,17,523,451,3
110141,17,520,487,3
110157,17,519,456,3
110174,17,512,430,3
110191,17,500,375,2
110207,17,506,380,2
110224,17,507,358,4
110240,17,508,369,2
110257,17,511,368,2
110274,17,509,380,2
110290,17,505,369,2
110307,17,507,364,4
110324,17,506,355,4
110340,17,507,374,2
110357,17,508,377,2
110374,17,509,375,2
110390,17,504,363,4
110407,17,512,362,4
110423,17,483,376,2
110440,17,497,347,4
110457,17,484,360,4
110473,17,490,354,4
110490,17,489,348,4
110507,17,482,365,2
110523,17,482,351,4
110540,17,474,362,4
110557,17,484,370,2
110573,17,484,373,2
110590,17,482,373,2
110606,17,487,352,4
110623,17,480,367,2
110640,17,482,365,2
110656,17,490,360,4
110673,17,487,357,4
110690,17,482,376,2
110706,17,482,362,4
110723,17,521,350,4
110740,17,542,370,2
110756,17,541,352,4
110773,17,538,381,2
110789,17,539,383,2
110806,17,540,370,2
110823,17,544,363,4
110839,17,542,362,4
110856,17,542,386,2
110873,17,543,378,2
110889,17,550,352,4
110906,17,543,378,2
110923,17,530,402,2
110939,17,509,473,3
110956,17,511,465,3
110972,17,505,475,3
110989,17,508,484,3
111006,17,505,483,3
111022,17,507,481,3
111039,17,507,484,3
111056,17,507,469,3
111072,17,508,458,3
111089,17,501,480,3
111105,17,510,476,3
111122,17,504,483,3
111139,17,499,483,3
111155,17,506,465,3
111172,17,500,480,3
111189,17,509,479,3
111205,17,505,484,3
111222,17,511,479,3
111239,17,505,480,3
111255,17,509,448,3
111272,17,510,413,2
111288,17,513,420,5
111305,17,518,400,2
111322,17,518,409,2
111338,17,519,399,2
111355,17,520,410,2
111372,17,520,407,2
111388,17,521,398,2
111405,17,519,412,2
111422,17,517,394,2
111438,17,521,400,2
111455,17,521,414,2
111471,17,520,404,2
111488,17,505,439,3
111505,17,429,666,3
111754,250,557,400,2
111771,17,516,388,2
111788,17,527,285,0
111804,17,516,406,2
111821,17,518,406,2
111837,17,517,387,2
111854,17,517,402,2
111871,17,522,395,2
111887,17,519,407,2
111937,50,524,389,2
111937,0,524,389,2
111954,17,522,415,2
111971,17,526,405,2
111987,17,527,386,2
112004,17,520,406,2
112020,17,530,397,2
112037,17,518,414,2
112054,17,524,406,2
112070,17,522,407,2
112087,17,522,424,3
112104,17,523,399,2
112120,17,521,414,2
112137,17,523,404,2
112154,17,522,393,2
112170,17,523,410,2
112187,17,524,402,2
112203,17,526,381,2
112220,17,523,412,2
112237,17,523,402,2
112253,17,524,400,2
112270,17,523,392,2
112287,17,527,402,2
112303,17,526,397,2
112320,17,524,381,2
112336,17,505,460,3
112353,17,506,458,3
112370,17,513,455,3
112386,17,509,459,3
112403,17,506,460,3
112420,17,505,466,3
112436,17,498,452,3
112453,17,508,468,3
112470,17,512,463,3
112486,17,506,488,3
112503,17,509,468,3
112519,17,512,450,3
112536,17,500,470,3
112553,17,507,457,3
112569,17,508,475,3
112586,17,501,457,3
112603,17,507,465,3
112619,17,507,462,3
112636,17,510,458,3
112653,17,503,472,3
112669,17,507,457,3
112686,17,506,464,3
112702,17,508,463,3
112719,17,513,455,3
112736,17,507,463,3
112752,17,514,465,3
112769,17,507,483,3
112786,17,479,416,2
112802,17,480,365,2
112819,17,473,386,2
112836,17,473,382,2
112852,17,478,398,2
112869,17,479,379,2
112885,17,479,369,2
112902,17,482,377,2
112919,17,473,404,2
112935,17,472,393,2
112952,17,478,379,2
112969,17,477,387,2
112985,17,476,385,2
113002,17,462,344,4
113019,17,462,344,4
113035,17,460,361,4
113052,17,458,365,2
113068,17,461,347,4
113085,17,461,351,4
113102,17,459,350,4
113118,17,464,338,4
113135,17,460,353,4
113152,17,458,363,4
113168,17,459,351,4
113185,17,460,339,4
113202,17,459,350,4
113218,17,473,421,3
113235,17,480,439,3
113251,17,474,454,3
113268,17,473,456,3
113285,17,477,430,3
113301,17,475,437,3
113318,17,472,440,3
113335,17,472,456,3
113351,17,478,449,3
113368,17,473,441,3
113384,17,467,454,3
113401,17,478,440,3
113418,17,451,449,3
113434,17,455,455,3
113451,17,447,456,3
113468,17,449,457,3
113484,17,444,452,3
113501,17,446,455,3
113518,17,443,452,3
113534,17,448,460,3
113551,17,451,452,3
113567,17,445,444,3
113584,17,440,460,3
113601,17,450,446,3
113617,17,446,451,3
113634,17,443,460,3
113651,17,442,446,3
113667,17,445,469,3
113684,17,446,468,3
113701,17,431,451,3
113717,17,435,446,3
113734,17,435,441,3
113750,17,438,440,3
113767,17,432,448,3
113784,17,433,445,3
113800,17,433,448,3
113817,17,432,462,3
113834,17,431,448,3
113850,17,436,440,3
113867,17,432,443,3
113884,17,429,459,3
113900,17,431,448,3
113917,17,431,462,3
113933,17,432,462,3
113950,17,431,447,3
113967,17,429,445,3
113983,17,440,447,3
114000,17,428,464,3
114017,17,433,453,3
114033,17,433,449,3
114050,17,425,456,3
114067,17,431,456,3
114083,17,432,459,3
114100,17,429,456,3
114116,17,430,451,3
114133,17,432,451,3
114150,17,433,446,3
114166,17,430,456,3
114183,17,434,443,3
114200,17,438,432,3
114216,17,425,449,3
114233,17,435,448,3
114250,17,434,446,3
114266,17,432,447,3
114283,17,433,444,3
114299,17,434,451,3
114316,17,431,442,3
114333,17,430,454,3
114349,17,488,460,3
114366,17,501,468,3
114383,17,499,482,3
114399,17,506,487,3
114416,17,509,473,3
114433,17,504,485,3
114449,17,509,471,3
114466,17,505,474,3
114482,17,501,483,3
114499,17,506,474,3
114516,17,502,465,3
114532,17,502,474,3
114549,17,501,477,3
114566,17,499,482,3
114582,17,510,464,3
114599,17,503,482,3
114615,17,506,464,3
114632,17,511,469,3
114649,17,506,471,3
114665,17,509,470,3
114682,17,506,479,3
114699,17,507,473,3
114715,17,514,461,3
114732,17,511,465,3
114749,17,513,464,3
114765,17,513,479,3
114782,17,509,468,3
114798,17,500,472,3
114815,17,511,460,3
114832,17,509,471,3
114848,17,508,481,3
114865,17,518,456,3
114882,17,509,465,3
114898,17,511,462,3
114915,17,508,458,3
114932,17,512,464,3
114948,17,512,463,3
114965,17,508,467,3
114981,17,515,459,3
114998,17,519,465,3
115015,17,523,457,3
115031,17,508,473,3
115048,17,522,470,3
115065,17,523,472,3
115081,17,517,479,3
115098,17,522,479,3
115115,17,522,475,3
115131,17,519,490,3
115148,17,517,483,3
115164,17,516,495,3
115181,17,521,468,3
115198,17,516,489,3
115214,17,523,474,3
115231,17,527,402,2
115248,17,532,397,2
115264,17,530,402,2
115281,17,531,387,2
115298,17,528,401,2
115314,17,532,389,2
115331,17,532,401,2
115347,17,532,398,2
115364,17,531,404,2
115381,17,533,396,2
115397,17,528,395,2
115414,17,531,397,2
115431,17,530,385,2
115447,17,534,382,2
115464,17,529,393,2
115481,17,534,390,2
115497,17,528,398,2
115514,17,526,379,2
115530,17,528,393,2
115547,17,529,398,2
115564,17,530,385,2
115580,17,534,395,2
115597,17,536,384,2
115614,17,530,400,2
115630,17,535,386,2
115647,17,533,387,2
115663,17,531,389,2
115680,17,535,408,2
115697,17,531,387,2
115713,17,535,388,2
115730,17,533,388,2
115747,17,532,387,2
115763,17,533,386,2
115780,17,529,386,2
115797,17,526,392,2
115813,17,532,389,2
115830,17,531,380,2
115846,17,532,391,2
115863,17,532,382,2
115880,17,540,377,2
115896,17,527,389,2
115913,17,538,374,2
115930,17,534,383,2
115946,17,538,382,2
115963,17,536,369,2
115980,17,533,378,2
115996,17,531,381,2
116013,17,533,371,2
116029,17,532,376,2
116046,17,533,374,2
116063,17,534,379,2
116079,17,540,380,2
116096,17,530,408,2
116113,17,535,414,2
116129,17,533,411,2
116146,17,536,398,2
116163,17,533,397,2
116179,17,530,412,2
116196,17,534,395,2
116212,17,537,399,2
116229,17,534,408,2
116246,17,535,400,2
116262,17,534,397,2
116279,17,534,398,2
116296,17,534,406,2
116312,17,533,398,2
116329,17,535,402,2
116346,17,535,398,2
116362,17,537,391,2
116379,17,533,402,2
116395,17,532,400,2
116412,17,532,411,2
116429,17,509,449,3
116445,17,516,449,3
116462,17,509,455,3
116479,17,511,458,3
116495,17,518,437,3
116512,17,513,451,3
116529,17,515,453,3
116545,17,514,472,3
116562,17,517,457,3
116578,17,522,447,3
116595,17,513,455,3
116612,17,514,455,3
116628,17,516,447,3
116645,17,518,434,3
116662,17,514,450,3
116678,17,523,441,3
116695,17,520,441,3
116712,17,517,448,3
116728,17,511,434,3
116745,17,516,448,3
116761,17,517,451,3
116778,17,514,460,3
116795,17,517,442,3
116811,17,517,446,3
116828,17,518,445,3
116845,17,512,448,3
116861,17,489,422,3
116878,17,484,363,4
116894,17,489,337,4
116911,17,481,344,4
116928,17,486,348,4
116944,17,487,334,4
116961,17,482,340,4
116978,17,496,341,4
116994,17,483,346,4
117011,17,490,340,4
117028,17,481,352,4
117044,17,490,346,4
117061,17,481,347,4
117077,17,485,342,4
117094,17,489,332,4
117111,17,481,333,4
117127,17,482,338,4
117144,17,484,332,4
117161,17,481,344,4
117177,17,477,343,4
117194,17,477,345,4
117211,17,478,331,4
117227,17,482,334,4
117244,17,486,325,4
117260,17,484,349,4
117277,17,482,337,4
117294,17,481,348,4
117310,17,482,355,4
117327,17,484,341,4
117344,17,484,338,4
117360,17,510,312,4
117377,17,560,286,0
117394,17,568,291,4
117410,17,574,266,0
117427,17,571,292,4
117443,17,572,279,0
117460,17,574,283,0
117477,17,571,278,0
117493,17,572,292,4
117510,17,573,276,0
117527,17,575,270,0
117543,17,574,271,0
117560,17,574,279,0
117577,17,575,271,0
117593,17,574,267,0
117610,17,576,294,4
117626,17,567,294,4
117643,17,576,290,4
117660,17,568,320,4
117676,17,564,327,4
117693,17,565,319,4
117710,17,562,343,4
117726,17,565,323,4
117743,17,566,330,4
117760,17,566,306,4
117776,17,567,333,4
117793,17,564,329,4
117809,17,565,338,4
117826,17,566,323,4
117843,17,564,323,4
117859,17,564,332,4
117876,17,582,335,4
117893,17,576,332,4
117909,17,577,332,4
117926,17,577,334,4
117942,17,579,328,4
117959,17,574,322,4
117976,17,571,351,4
117992,17,576,336,4
118009,17,580,311,4
118026,17,573,315,4
118042,17,579,332,4
118059,17,576,338,4
118076,17,576,340,4
118092,17,532,410,2
118109,17,527,454,3
118125,17,526,443,3
118142,17,514,477,3
118159,17,523,448,3
118175,17,517,465,3
118192,17,516,465,3
118209,17,515,456,3
118225,17,519,453,3
118242,17,518,453,3
118259,17,523,461,3
118275,17,513,457,3
118292,17,517,443,3
118308,17,520,451,3
118325,17,523,451,3
118342,17,518,457,3
118358,17,521,453,3
118375,17,522,460,3
118392,17,523,452,3
118408,17,523,445,3
118425,17,522,451,3
118442,17,523,456,3
118458,17,511,468,3
118475,17,528,457,3
118491,17,532,448,3
118508,17,603,388,2
118525,17,659,350,0
118541,17,648,356,0
118558,17,658,342,0
118575,17,658,350,0
118591,17,657,342,0
118608,17,658,334,0
118625,17,660,334,0
118641,17,657,347,0
118658,17,657,351,0
118674,17,658,334,0
118691,17,659,350,0
118708,17,588,396,2
118724,17,535,424,3
118741,17,541,424,3
118758,17,537,424,3
118774,17,526,440,3
118791,17,532,431,3
118808,17,531,435,3
118824,17,537,433,3
118841,17,534,418,5
118857,17,539,426,3
118874,17,535,435,3
118891,17,532,443,3
118907,17,529,431,3
118924,17,530,431,3
118941,17,533,426,3
118957,17,534,440,3
118974,17,519,408,2
118991,17,493,369,2
119007,17,494,341,4
119024,17,496,346,4
119040,17,492,353,4
119057,17,494,351,4
119074,17,502,333,4
119090,17,492,343,4
119107,17,495,355,4
119124,17,494,340,4
119140,17,500,352,4
119157,17,496,341,4
119173,17,494,346,4
119190,17,496,343,4
119207,17,492,351,4
119223,17,488,355,4
119240,17,497,341,4
119257,17,495,339,4
119273,17,493,352,4
119290,17,496,353,4
119307,17,498,340,4
119323,17,525,372,2
119340,17,534,379,2
119356,17,535,384,2
119373,17,538,365,2
119390,17,536,378,2
119406,17,539,388,2
119423,17,536,380,2
119440,17,538,392,2
119456,17,535,393,2
119473,17,539,373,2
119490,17,539,393,2
119506,17,547,380,2
119523,17,533,398,2
119539,17,544,383,2
119556,17,539,385,2
119573,17,534,389,2
119589,17,535,381,2
119606,17,544,375,2
119623,17,544,370,2
119639,17,538,373,2
119656,17,542,382,2
119673,17,539,396,2
119689,17,543,377,2
119706,17,534,387,2
119722,17,536,396,2
119739,17,538,384,2
119756,17,539,375,2
119772,17,533,396,2
119789,17,540,375,2
119806,17,538,381,2
119822,17,536,381,2
119839,17,537,382,2
119856,17,535,383,2
119872,17,545,380,2
119889,17,540,382,2
119905,17,535,388,2
119922,17,537,393,2
119939,17,535,390,2
119955,17,539,371,2
119972,17,540,388,2
119989,17,535,389,2
120005,17,531,385,2
120022,17,542,381,2
120039,17,538,369,2
120055,17,539,369,2
120072,17,535,387,2
120088,17,540,379,2
120105,17,539,385,2
120122,17,539,381,2
120138,17,537,377,2
120155,17,535,376,2
120172,17,536,386,2
120188,17,532,389,2
120205,17,530,377,2
120221,17,534,381,2
120238,17,533,390,2
120255,17,533,378,2
120271,17,535,372,2
120288,17,539,372,2
120305,17,533,389,2
120321,17,531,398,2
120338,17,520,404,2
120355,17,520,443,3
120371,17,514,449,3
120388,17,524,437,3
120404,17,528,436,3
120421,17,521,439,3
120438,17,519,428,3
120454,17,531,436,3
120471,17,520,432,3
120488,17,517,438,3
120504,17,524,428,3
120521,17,518,437,3
120538,17,518,432,3
120554,17,518,428,3
120571,17,519,435,3
120587,17,522,445,3
120604,17,519,436,3
120621,17,520,438,3
120637,17,526,435,3
120654,17,526,432,3
120671,17,519,447,3
120687,17,518,446,3
120704,17,519,445,3
120721,17,519,446,3
120737,17,525,424,3
120754,17,517,443,3
120770,17,520,432,3
120787,17,516,445,3
120804,17,525,431,3
120820,17,512,422,3
120837,17,513,375,2
120854,17,509,376,2
120870,17,510,367,2
120887,17,510,374,2
120904,17,514,342,4
120920,17,512,372,2
120937,17,511,359,4
120953,17,514,363,4
120970,17,511,378,2
120987,17,510,358,4
121003,17,512,361,4
121020,17,515,349,4
121037,17,513,360,4
121053,17,510,375,2
121070,17,517,362,4
121087,17,514,360,4
121103,17,512,366,2
121120,17,490,365,2
121136,17,498,343,4
121153,17,493,347,4
121170,17,490,362,4
121186,17,492,362,4
121203,17,494,362,4
121220,17,495,356,4
121236,17,491,353,4
121253,17,494,366,2
121270,17,488,366,2
121286,17,523,363,4
121303,17,561,376,2
121319,17,562,368,2
121336,17,569,367,2
121353,17,562,373,2
121369,17,567,350,4
121386,17,564,377,2
121403,17,564,382,2
121419,17,569,361,4
121436,17,567,376,2
121452,17,563,368,2
121469,17,563,380,2
121486,17,566,367,2
121502,17,564,375,2
121519,17,562,376,2
121536,17,566,375,2
121552,17,556,381,2
121569,17,565,374,2
121586,17,590,346,4
121602,17,590,351,4
121619,17,585,358,4
121635,17,590,352,4
121652,17,586,356,4
121669,17,583,371,2
121685,17,588,347,4
121702,17,588,370,2
121719,17,586,354,4
121735,17,590,363,4
121752,17,586,355,4
121769,17,590,355,4
121785,17,584,352,4
121802,17,582,364,4
121818,17,589,351,4
121835,17,588,351,4
121852,17,583,381,2
121868,17,587,339,4
121885,17,584,367,2
121902,17,583,358,4
121918,17,585,361,4
121935,17,581,362,4
121952,17,584,360,4
121968,17,586,358,4
121985,17,582,359,4
122001,17,590,353,4
122018,17,588,341,4
122035,17,587,341,4
122051,17,582,344,4
122068,17,586,345,4
122085,17,587,347,4
122101,17,587,347,4
122118,17,591,324,4
122135,17,580,333,4
122151,17,587,229,1
122168,17,529,537,3
122367,200,467,629,3
122384,17,493,420,5
122401,17,471,439,3
122417,17,465,373,2
122434,17,523,166,1
122451,17,530,126,0
122467,17,503,349,4
122484,17,510,357,4
122501,17,497,388,2
122517,17,502,400,2
122534,17,504,392,2
122550,17,504,393,2
122567,17,511,393,2
122584,17,499,412,2
122600,17,502,414,2
122617,17,499,409,2
122634,17,496,457,3
122650,17,507,460,3
122667,17,494,467,3
122683,17,498,473,3
122700,17,497,469,3
122717,17,497,474,3
122733,17,496,466,3
122750,17,494,480,3
122767,17,504,470,3
122783,17,501,465,3
122800,17,505,456,3
122817,17,501,446,3
122833,17,504,444,3
122850,17,505,446,3
122866,17,501,459,3
122883,17,498,450,3
122900,17,507,449,3
122916,17,504,467,3
122933,17,510,440,3
122950,17,505,456,3
122966,17,508,445,3
122983,17,505,448,3
123000,17,502,451,3
123016,17,501,458,3
123033,17,502,459,3
123049,17,506,454,3
123066,17,509,449,3
123083,17,511,442,3
123099,17,505,449,3
123116,17,508,460,3
123133,17,507,432,3
123149,17,507,449,3
123166,17,512,433,3
123183,17,507,445,3
123199,17,509,447,3
123216,17,508,441,3
123232,17,508,445,3
123249,17,509,447,3
123266,17,512,430,3
123282,17,508,441,3
123299,17,511,432,3
123316,17,509,447,3
123332,17,509,444,3
123349,17,513,440,3
123366,17,522,429,3
123382,17,523,415,2
123399,17,524,419,5
123415,17,526,398,2
123432,17,529,396,2
123449,17,530,393,2
123465,17,527,410,2
123482,17,529,390,2
123499,17,527,409,2
123515,17,528,407,2
123532,17,533,386,2
123549,17,530,402,2
123565,17,528,404,2
123582,17,531,381,2
123598,17,529,414,2
123615,17,529,405,2
123632,17,530,404,2
123648,17,533,398,2
123665,17,535,393,2
123682,17,534,383,2
123698,17,533,391,2
123715,17,527,398,2
123731,17,533,402,2
123748,17,532,399,2
123765,17,543,377,2
123781,17,529,419,5
123798,17,533,403,2
123815,17,532,399,2
123831,17,535,389,2
123848,17,533,382,2
123865,17,533,411,2
123881,17,533,388,2
123898,17,539,378,2
123914,17,536,390,2
123931,17,536,391,2
123948,17,536,382,2
123964,17,535,384,2
123981,17,534,400,2
123998,17,535,400,2
124014,17,532,411,2
124031,17,533,402,2
124048,17,538,396,2
124064,17,535,412,2
124081,17,534,393,2
124097,17,534,399,2
124114,17,533,409,2
124131,17,533,412,2
124147,17,536,395,2
124164,17,535,405,2
124181,17,539,393,2
124197,17,536,395,2
124214,17,535,401,2
124231,17,535,417,5
124247,17,531,401,2
124264,17,535,392,2
124280,17,533,419,5
124297,17,533,405,2
124314,17,533,409,2
124330,17,531,405,2
124347,17,534,407,2
124364,17,529,409,2
124380,17,530,418,5
124397,17,532,403,2
124414,17,533,403,2
124430,17,529,424,3
124447,17,533,403,2
124463,17,531,426,3
124480,17,537,402,2
124497,17,537,391,2
124513,17,529,410,2
124530,17,531,406,2
124547,17,530,416,2
124563,17,530,415,2
124580,17,528,424,3
124597,17,528,406,2
124613,17,529,415,2
124630,17,531,403,2
124646,17,525,374,2
124663,17,527,369,2
124680,17,531,344,4
124696,17,526,364,4
124713,17,527,368,2
124730,17,527,354,4
124746,17,530,355,4
124763,17,533,334,4
124780,17,530,350,4
124796,17,534,356,4
124813,17,533,341,4
124829,17,537,335,4
124846,17,526,378,2
124863,17,530,343,4
124879,17,535,347,4
124896,17,533,355,4
124913,17,533,349,4
124929,17,534,331,4
124946,17,535,354,4
124962,17,533,336,4
124979,17,532,355,4
124996,17,538,343,4
125012,17,532,347,4
125029,17,527,401,2
125046,17,519,454,3
125062,17,523,442,3
125079,17,523,464,3
125096,17,522,450,3
125112,17,524,438,3
125129,17,526,433,3
125145,17,530,430,3
125162,17,520,445,3
125179,17,526,435,3
125195,17,524,448,3
125212,17,523,451,3
125229,17,525,447,3
125245,17,524,432,3
125262,17,524,420,5
125279,17,526,435,3
125295,17,501,477,3
125312,17,464,459,3
125328,17,455,477,3
125345,17,452,485,3
125362,17,447,500,3
125378,17,453,487,3
125395,17,443,493,3
125412,17,450,494,3
125428,17,454,490,3
125445,17,452,488,3
125462,17,461,494,3
125478,17,507,517,3
125495,17,507,510,3
125511,17,517,508,3
125528,17,516,510,3
125545,17,514,505,3
125561,17,515,508,3
125578,17,517,504,3
125595,17,514,513,3
125611,17,513,503,3
125628,17,520,520,3
125645,17,510,507,3
125661,17,516,489,3
125678,17,513,518,3
125694,17,516,515,3
125711,17,518,501,3
125728,17,520,497,3
125744,17,519,502,3
125761,17,512,513,3
125778,17,512,524,3
125794,17,509,525,3
125811,17,513,517,3
125828,17,515,524,3
125844,17,513,527,3
125861,17,509,532,3
125877,17,508,507,3
125894,17,507,503,3
125911,17,510,513,3
125927,17,515,517,3
125944,17,519,548,3
125961,17,505,554,3
125977,17,521,555,3
125994,17,515,573,3
126010,17,514,568,3
126027,17,514,566,3
126044,17,516,552,3
126060,17,517,551,3
126077,17,515,558,3
126094,17,515,565,3
126110,17,513,562,3
126127,17,513,542,3
126144,17,515,573,3
126160,17,514,547,3
126177,17,508,563,3
126193,17,512,568,3
126210,17,514,561,3
126227,17,515,548,3
126243,17,512,570,3
126260,17,504,525,3
126277,17,504,455,3
126293,17,511,386,2
126310,17,511,392,2
126327,17,511,376,2
126343,17,509,384,2
126360,17,513,378,2
126376,17,515,373,2
126393,17,507,379,2
126410,17,516,373,2
126426,17,515,367,2
126443,17,508,381,2
126460,17,506,383,2
126476,17,512,372,2
126493,17,512,373,2
126510,17,515,367,2
126526,17,513,374,2
126543,17,510,375,2
126559,17,509,376,2
126576,17,511,371,2
126593,17,507,368,2
126609,17,510,376,2
126626,17,506,382,2
126643,17,512,363,4
126659,17,512,373,2
126676,17,513,381,2
126693,17,512,375,2
126709,17,509,380,2
126726,17,514,379,2
126742,17,511,388,2
126759,17,514,377,2
126776,17,511,372,2
126792,17,514,370,2
126809,17,517,363,4
126826,17,511,372,2
126842,17,517,361,4
126859,17,509,381,2
126876,17,515,369,2
126892,17,510,381,2
126909,17,513,386,2
126925,17,511,389,2
126942,17,509,380,2
126959,17,508,393,2
126975,17,513,383,2
126992,17,515,360,4
127009,17,512,412,2
127025,17,507,411,2
127042,17,509,417,5
127059,17,511,413,2
127075,17,508,424,3
127092,17,506,417,5
127108,17,510,422,3
127125,17,509,399,2
127142,17,512,415,2
127158,17,506,403,2
127175,17,516,407,2
127192,17,509,408,2
127208,17,508,413,2
127225,17,503,419,5
127241,17,510,412,2
127258,17,508,405,2
127275,17,512,407,2
127291,17,513,414,2
127308,17,511,412,2
127325,17,508,423,3
127341,17,508,401,2
127358,17,508,420,5
127375,17,508,416,2
127391,17,507,408,2
127408,17,541,393,2
127424,17,532,415,2
127441,17,537,420,5
127458,17,545,391,2
127474,17,534,406,2
127491,17,536,403,2
127508,17,533,415,2
127524,17,536,403,2
127541,17,537,409,2
127558,17,531,407,2
127574,17,537,398,2
127591,17,528,406,2
127607,17,532,417,5
127624,17,535,392,2
127641,17,539,403,2
127657,17,536,402,2
127674,17,541,395,2
127691,17,537,387,2
127707,17,537,396,2
127724,17,540,389,2
127741,17,538,390,2
127757,17,540,385,2
127774,17,535,404,2
127790,17,541,383,2
127807,17,536,408,2
127824,17,539,385,2
127840,17,540,373,2
127857,17,538,394,2
127874,17,538,401,2
127890,17,538,386,2
127907,17,536,398,2
127924,17,538,399,2
127940,17,542,389,2
127957,17,541,392,2
127973,17,537,384,2
127990,17,537,406,2
128007,17,543,404,2
128023,17,540,392,2
128040,17,537,396,2
128057,17,540,401,2
128073,17,539,398,2
128090,17,543,400,2
128107,17,541,401,2
128123,17,537,403,2
128140,17,541,387,2
128156,17,534,387,2
128173,17,519,440,3
128190,17,517,444,3
128206,17,519,444,3
128223,17,520,438,3
128240,17,522,440,3
128256,17,506,452,3
128273,17,510,442,3
128289,17,508,444,3
128306,17,511,440,3
128323,17,521,452,3
128339,17,519,451,3
128356,17,517,448,3
128373,17,522,441,3
128389,17,517,452,3
128406,17,506,460,3
128423,17,510,438,3
128439,17,514,457,3
128456,17,511,447,3
128472,17,512,444,3
128489,17,519,443,3
128506,17,516,438,3
128522,17,523,441,3
128539,17,509,454,3
128556,17,518,449,3
128572,17,511,456,3
128589,17,513,451,3
128606,17,522,427,3
128622,17,517,447,3
128639,17,518,439,3
128655,17,520,430,3
128672,17,523,449,3
128689,17,519,440,3
128705,17,519,435,3
128722,17,523,445,3
128739,17,519,437,3
128755,17,509,447,3
128772,17,520,448,3
128789,17,518,430,3
128805,17,523,441,3
128822,17,522,434,3
128838,17,539,433,3
128855,17,543,446,3
128872,17,547,440,3
128888,17,548,423,3
128905,17,548,438,3
128922,17,550,425,3
128938,17,547,429,3
128955,17,547,441,3
128972,17,549,442,3
128988,17,545,423,3
129005,17,546,422,3
129021,17,549,429,3
129038,17,548,436,3
129055,17,542,437,3
129071,17,541,436,3
129088,17,546,432,3
129105,17,551,418,5
129121,17,513,378,2
129138,17,493,370,2
129155,17,501,378,2
129171,17,501,372,2
129188,17,499,371,2
129204,17,501,374,2
129221,17,504,365,2
129238,17,499,365,2
129254,17,500,382,2
129271,17,496,365,2
129288,17,499,376,2
129304,17,505,362,4
129321,17,499,372,2
129338,17,503,371,2
129354,17,502,361,4
129371,17,502,364,4
129387,17,501,357,4
129404,17,501,360,4
129421,17,500,366,2
129437,17,498,375,2
129454,17,499,361,4
129471,17,508,356,4
129487,17,573,328,4
129504,17,602,322,4
129520,17,593,338,4
129537,17,599,326,4
129554,17,601,336,4
129570,17,597,329,4
129587,17,589,338,4
129604,17,591,333,4
129620,17,600,324,4
129637,17,598,332,4
129654,17,601,330,4
129670,17,599,320,4
129687,17,596,323,4
129703,17,596,328,4
129720,17,604,320,4
129737,17,600,336,4
129753,17,602,333,4
129770,17,593,350,4
129787,17,571,387,2
129803,17,582,344,4
129820,17,571,394,2
129837,17,575,382,2
129853,17,575,383,2
129870,17,575,384,2
129886,17,569,395,2
129903,17,570,402,2
129920,17,575,383,2
129936,17,563,421,5
129953,17,534,504,3
129970,17,531,513,3
129986,17,533,527,3
130003,17,530,523,3
130020,17,524,531,3
130036,17,529,528,3
130053,17,531,510,3
130069,17,527,530,3
130086,17,524,526,3
130103,17,527,490,3
130119,17,533,508,3
130136,17,529,513,3
130153,17,526,522,3
130169,17,523,522,3
130186,17,505,533,3
130203,17,491,530,3
130219,17,489,536,3
130236,17,488,537,3
130252,17,482,539,3
130269,17,486,541,3
130286,17,489,529,3
130302,17,479,547,3
130319,17,489,535,3
130336,17,488,524,3
130352,17,492,516,3
130369,17,484,528,3
130386,17,493,508,3
130402,17,497,528,3
130419,17,487,536,3
130435,17,487,519,3
130452,17,499,417,5
130469,17,499,411,2
130485,17,494,401,2
130502,17,499,399,2
130519,17,501,390,2
130535,17,496,389,2
130552,17,500,385,2
130568,17,498,407,2
130585,17,499,385,2
130602,17,503,385,2
130618,17,502,404,2
130635,17,501,389,2
130652,17,496,399,2
130668,17,498,390,2
130685,17,501,379,2
130702,17,497,397,2
130718,17,498,387,2
130735,17,495,397,2
130751,17,488,433,3
130768,17,492,418,5
130785,17,487,437,3
130801,17,492,422,3
130818,17,492,431,3
130835,17,489,436,3
130851,17,488,433,3
130868,17,490,430,3
130885,17,489,428,3
130901,17,489,438,3
130918,17,487,431,3
130934,17,487,427,3
130951,17,486,433,3
130968,17,492,424,3
130984,17,488,441,3
131001,17,491,431,3
131018,17,493,419,5
131034,17,492,431,3
131051,17,489,426,3
131068,17,488,433,3
131084,17,483,432,3
131101,17,488,434,3
131117,17,490,436,3
131134,17,492,427,3
131151,17,493,436,3
131167,17,491,418,5
131184,17,492,414,2
131201,17,495,421,5
131217,17,513,429,3
131234,17,510,430,3
131251,17,508,434,3
131267,17,513,425,3
131284,17,508,440,3
131300,17,513,427,3
131317,17,511,421,5
131334,17,509,435,3
131350,17,511,429,3
131367,17,511,426,3
131384,17,510,428,3
131400,17,510,439,3
131417,17,524,399,2
131434,17,520,419,5
131450,17,522,415,2
131467,17,522,412,2
131483,17,523,393,2
131500,17,524,405,2
131517,17,524,405,2
131533,17,524,390,2
131550,17,520,397,2
131567,17,526,401,2
131583,17,527,394,2
131600,17,525,387,2
131617,17,526,398,2
131633,17,527,408,2
131650,17,522,407,2
131666,17,524,401,2
131683,17,526,404,2
131700,17,523,398,2
131716,17,522,412,2
131733,17,525,398,2
131750,17,524,407,2
131766,17,524,391,2
131783,17,526,391,2
131799,17,522,397,2
131816,17,525,403,2
131833,17,523,401,2
131849,17,525,409,2
131866,17,528,401,2
131883,17,525,400,2
131899,17,525,405,2
131916,17,525,382,2
131933,17,527,376,2
131949,17,522,377,2
131966,17,525,392,2
131982,17,523,402,2
131999,17,525,386,2
132016,17,522,406,2
132032,17,521,405,2
132049,17,521,410,2
132066,17,523,410,2
132082,17,521,403,2
132099,17,517,410,2
132116,17,518,406,2
132132,17,517,405,2
132149,17,519,412,2
132165,17,518,411,2
132182,17,521,397,2
132199,17,523,416,2
132215,17,513,414,2
132232,17,520,411,2
132249,17,523,407,2
132265,17,519,411,2
132282,17,518,393,2
132299,17,519,411,2
132315,17,518,413,2
132332,17,521,400,2
132348,17,520,399,2
132365,17,515,416,2
132382,17,523,409,2
132398,17,517,407,2
132415,17,523,399,2
132432,17,501,458,3
132448,17,499,476,3
132465,17,496,481,3
132482,17,500,469,3
132498,17,498,466,3
132515,17,501,471,3
132531,17,506,485,3
132548,17,499,475,3
132565,17,502,465,3
132581,17,500,475,3
132598,17,506,464,3
132615,17,503,467,3
132631,17,500,471,3
132648,17,501,462,3
132665,17,499,463,3
132681,17,509,453,3
132698,17,507,465,3
132714,17,501,460,3
132731,17,508,449,3
132748,17,500,476,3
132764,17,511,452,3
132781,17,508,475,3
132798,17,505,450,3
132814,17,510,443,3
132831,17,507,452,3
132848,17,515,441,3
132864,17,507,460,3
132881,17,511,460,3
132897,17,514,459,3
132914,17,509,466,3
132931,17,505,480,3
132947,17,509,461,3
132964,17,515,457,3
132981,17,509,445,3
132997,17,507,447,3
133014,17,511,452,3
133030,17,506,464,3
133047,17,511,454,3
133064,17,514,450,3
133080,17,513,448,3
133097,17,511,441,3
133114,17,515,444,3
133130,17,513,454,3
133147,17,512,432,3
133164,17,515,437,3
133180,17,513,441,3
133197,17,512,433,3
133213,17,513,438,3
133230,17,513,440,3
133247,17,513,450,3
133263,17,546,443,3
133280,17,544,430,3
133297,17,549,441,3
133313,17,546,456,3
133330,17,550,435,3
133347,17,547,434,3
133363,17,540,454,3
133380,17,549,440,3
133396,17,544,447,3
133413,17,550,437,3
133430,17,552,427,3
133446,17,547,436,3
133463,17,549,421,5
133480,17,551,444,3
133496,17,552,454,3
133513,17,544,449,3
133530,17,508,400,2
133546,17,491,365,2
133563,17,495,364,4
133579,17,485,369,2
133596,17,494,370,2
133613,17,492,366,2
133629,17,494,362,4
133646,17,493,371,2
133663,17,494,363,4
133679,17,492,379,2
133696,17,498,370,2
133713,17,491,372,2
133729,17,491,366,2
133746,17,493,368,2
133762,17,491,373,2
133779,17,494,354,4
133796,17,493,366,2
133812,17,495,374,2
133829,17,477,343,4
133846,17,464,336,4
133862,17,461,315,4
133879,17,456,323,4
133896,17,459,327,4
133912,17,455,333,4
133929,17,459,338,4
133945,17,457,316,4
133962,17,455,337,4
133979,17,460,325,4
133995,17,458,320,4
134012,17,458,328,4
134029,17,457,341,4
134045,17,497,293,4
134062,17,527,301,4
134078,17,531,301,4
134095,17,540,285,0
134112,17,532,287,0
134128,17,541,271,0
134145,17,539,277,0
134162,17,537,282,0
134178,17,535,287,0
134195,17,533,299,4
134212,17,531,297,4
134228,17,535,282,0
134245,17,536,296,4
134261,17,515,335,4
134278,17,512,366,2
134295,17,512,378,2
134311,17,512,372,2
134328,17,495,398,2
134345,17,503,379,2
134361,17,516,369,2
134378,17,514,372,2
134395,17,509,380,2
134411,17,509,369,2
134428,17,510,375,2
134444,17,508,381,2
134461,17,508,371,2
134478,17,509,379,2
134494,17,538,353,4
134511,17,529,366,2
134528,17,531,353,4
134544,17,528,353,4
134561,17,529,354,4
134578,17,525,365,2
134594,17,532,355,4
134611,17,530,361,4
134627,17,527,374,2
134644,17,531,367,2
134661,17,527,363,4
134677,17,530,366,2
134694,17,551,331,4
134711,17,583,328,4
134727,17,621,316,0
134744,17,614,307,0
134761,17,625,284,0
134777,17,617,315,0
134794,17,622,296,0
134810,17,620,306,0
134827,17,622,303,0
134844,17,624,298,0
134860,17,623,305,0
134877,17,616,308,0
134894,17,620,309,0
134910,17,620,295,0
134927,17,620,305,0
134944,17,619,301,0
134960,17,619,299,0
134977,17,618,300,0
134993,17,614,310,0
135010,17,620,292,0
135027,17,618,313,0
135043,17,619,309,0
135060,17,619,309,0
135077,17,622,294,0
135093,17,621,294,0
135110,17,620,302,0
135127,17,618,302,0
135143,17,622,295,0
135160,17,580,348,4
135176,17,581,362,4
135193,17,580,362,4
135210,17,581,369,2
135226,17,576,365,2
135243,17,578,361,4
135260,17,571,373,2
135276,17,580,347,4
135293,17,580,367,2
135309,17,576,367,2
135326,17,579,369,2
135343,17,572,379,2
135359,17,576,364,4
135376,17,575,353,4
135393,17,558,376,2
135409,17,524,393,2
135426,17,525,388,2
135443,17,525,380,2
135459,17,524,389,2
135476,17,525,397,2
135492,17,524,402,2
135509,17,521,395,2
135526,17,524,395,2
135542,17,522,395,2
135559,17,523,395,2
135576,17,522,391,2
135592,17,523,396,2
135609,17,523,395,2
135626,17,523,398,2
135642,17,524,401,2
135659,17,523,408,2
135675,17,525,397,2
135692,17,523,386,2
135709,17,526,384,2
135725,17,522,405,2
135742,17,522,392,2
135759,17,525,386,2
135775,17,522,395,2
135792,17,521,397,2
135809,17,525,393,2
135825,17,526,383,2
135842,17,524,391,2
135858,17,525,388,2
135875,17,524,398,2
135892,17,522,396,2
135908,17,527,388,2
135925,17,525,404,2
135942,17,521,411,2
135958,17,528,382,2
135975,17,528,396,2
135992,17,525,385,2
136008,17,527,382,2
136025,17,526,387,2
136041,17,525,385,2
136058,17,528,389,2
136075,17,531,389,2
136091,17,528,382,2
136108,17,529,405,2
136125,17,530,385,2
136141,17,527,401,2
136158,17,533,376,2
136175,17,528,392,2
136191,17,528,395,2
136208,17,531,378,2
136224,17,532,388,2
136241,17,533,379,2
136258,17,532,392,2
136274,17,533,397,2
136291,17,533,382,2
136308,17,535,392,2
136324,17,531,391,2
136341,17,531,388,2
136357,17,532,394,2
136374,17,534,384,2
136391,17,529,394,2
136407,17,532,385,2
136424,17,533,386,2
136441,17,532,385,2
136457,17,529,381,2
136474,17,535,380,2
136491,17,533,377,2
136507,17,537,376,2
136524,17,534,384,2
136540,17,531,398,2
136557,17,533,392,2
136574,17,532,397,2
136590,17,530,399,2
136607,17,525,358,4
136624,17,527,357,4
136640,17,525,346,4
136657,17,528,362,4
136674,17,526,344,4
136690,17,526,347,4
136707,17,528,340,4
136723,17,527,346,4
136740,17,525,350,4
136757,17,525,345,4
136773,17,511,355,4
136790,17,527,347,4
136807,17,524,362,4
136823,17,524,356,4
136840,17,525,351,4
136857,17,526,345,4
136873,17,525,345,4
136890,17,527,346,4
136906,17,527,342,4
136923,17,525,349,4
136940,17,528,349,4
136956,17,523,346,4
136973,17,530,342,4
136990,17,526,342,4
137006,17,519,373,2
137023,17,538,313,4
137040,17,536,278,0
137056,17,551,181,1
137073,17,538,307,4
137089,17,526,388,2
137106,17,521,395,2
137123,17,523,389,2
137139,17,526,388,2
137156,17,523,386,2
137173,17,523,393,2
137189,17,523,394,2
137206,17,521,397,2
137223,17,521,405,2
137239,17,523,394,2
137256,17,527,391,2
137272,17,524,402,2
137289,17,515,404,2
137306,17,447,441,3
137322,17,444,434,3
137339,17,445,432,3
137356,17,444,428,3
137372,17,441,435,3
137389,17,435,441,3
137406,17,441,442,3
137422,17,438,438,3
137439,17,436,439,3
137455,17,431,447,3
137472,17,401,470,3
137489,17,387,464,3
137505,17,394,483,3
137522,17,400,464,3
137539,17,395,472,3
137555,17,399,470,3
137572,17,400,468,3
137588,17,396,470,3
137605,17,401,457,3
137622,17,400,469,3
137638,17,400,462,3
137655,17,402,463,3
137672,17,392,476,3
137688,17,381,503,3
137705,17,381,501,3
137722,17,376,506,3
137738,17,379,498,3
137755,17,379,501,3
137771,17,379,498,3
137788,17,382,501,3
137805,17,380,507,3
137821,17,373,515,3
137838,17,375,520,3
137855,17,379,508,3
137871,17,377,510,3
137888,17,380,509,3
137905,17,375,500,3
137921,17,382,510,3
137938,17,381,494,3
137954,17,380,499,3
137971,17,371,504,3
137988,17,462,448,3
138004,17,502,404,2
138021,17,512,400,2
138038,17,520,381,2
138054,17,522,376,2
138071,17,522,371,2
138088,17,520,377,2
138104,17,521,384,2
138121,17,523,373,2
138137,17,522,382,2
138154,17,519,388,2
138171,17,520,398,2
138187,17,523,376,2
138204,17,519,396,2
138221,17,521,381,2
138237,17,520,387,2
138254,17,522,372,2
138271,17,521,386,2
138287,17,517,388,2
138304,17,466,433,3
138320,17,406,462,3
138337,17,403,468,3
138354,17,389,484,3
138370,17,396,470,3
138387,17,396,478,3
138404,17,398,474,3
138420,17,402,453,3
138437,17,400,481,3
138454,17,396,468,3
138470,17,398,465,3
138487,17,400,468,3
138503,17,399,467,3
138520,17,395,474,3
138537,17,396,470,3
138553,17,398,473,3
138570,17,387,469,3
138587,17,397,476,3
138603,17,398,473,3
138620,17,401,473,3
138636,17,397,471,3
138653,17,398,465,3
138670,17,398,467,3
138686,17,400,466,3
138703,17,401,466,3
138720,17,397,463,3
138736,17,400,464,3
138753,17,399,467,3
138770,17,400,472,3
138786,17,395,475,3
138803,17,394,468,3
138819,17,401,470,3
138836,17,391,465,3
138853,17,396,472,3
138869,17,389,487,3
138886,17,398,487,3
138903,17,452,430,3
138919,17,483,381,2
138936,17,488,385,2
138953,17,499,381,2
138969,17,491,385,2
138986,17,496,377,2
139002,17,493,383,2
139019,17,490,396,2
139036,17,491,396,2
139052,17,491,387,2
139069,17,490,393,2
139086,17,492,390,2
139102,17,495,394,2
139119,17,493,399,2
139136,17,494,384,2
139152,17,493,400,2
139169,17,492,382,2
139185,17,481,396,2
139202,17,495,389,2
139219,17,484,399,2
139235,17,489,396,2
139252,17,490,396,2
139269,17,492,385,2
139285,17,487,389,2
139302,17,492,387,2
139319,17,494,388,2
139335,17,491,385,2
139352,17,493,385,2
139368,17,491,385,2
139385,17,490,386,2
139402,17,493,383,2
139418,17,523,376,2
139435,17,539,397,2
139452,17,534,401,2
139468,17,541,390,2
139485,17,537,400,2
139502,17,541,400,2
139518,17,542,396,2
139535,17,538,399,2
139551,17,537,396,2
139568,17,535,399,2
139585,17,542,399,2
139601,17,534,397,2
139618,17,535,398,2
139635,17,538,390,2
139651,17,537,373,2
139668,17,532,418,5
139685,17,536,402,2
139701,17,536,416,2
139718,17,542,385,2
139734,17,535,403,2
139751,17,541,394,2
139768,17,539,392,2
139784,17,540,394,2
139801,17,543,392,2
139818,17,536,398,2
139834,17,536,401,2
139851,17,539,380,2
139867,17,541,395,2
139884,17,533,386,2
139901,17,540,401,2
139917,17,539,388,2
139934,17,537,401,2
139951,17,537,387,2
139967,17,536,393,2
139984,17,538,391,2
140001,17,540,389,2
140017,17,539,387,2
140034,17,542,380,2
140050,17,539,386,2
140067,17,540,379,2
140084,17,537,390,2
140100,17,534,396,2
140117,17,535,378,2
140134,17,540,369,2
140150,17,539,371,2
140167,17,533,378,2
140184,17,538,370,2
140200,17,537,381,2
140217,17,529,366,2
140233,17,538,370,2
140250,17,537,375,2
140267,17,531,376,2
140283,17,537,392,2
140300,17,535,390,2
140317,17,538,388,2
140333,17,535,379,2
140350,17,535,382,2
140367,17,538,379,2
140383,17,536,384,2
140400,17,540,387,2
140416,17,535,382,2
140433,17,536,388,2
140450,17,538,382,2
140466,17,535,392,2
140483,17,536,391,2
140500,17,530,388,2
140516,17,536,382,2
140533,17,536,376,2
140550,17,535,378,2
140566,17,535,391,2
140583,17,535,391,2
140599,17,537,376,2
140616,17,535,380,2
140633,17,534,388,2
140649,17,514,379,2
140666,17,515,387,2
140683,17,513,380,2
140699,17,511,382,2
140716,17,505,379,2
140733,17,511,382,2
140749,17,509,390,2
140766,17,511,388,2
140782,17,509,390,2
140799,17,512,402,2
140816,17,508,397,2
140832,17,511,389,2
140849,17,510,392,2
140866,17,512,391,2
140882,17,508,411,2
140899,17,548,368,2
140916,17,567,367,2
140932,17,564,370,2
140949,17,565,367,2
140965,17,562,379,2
140982,17,565,378,2
140999,17,569,375,2
141015,17,564,368,2
141032,17,565,360,4
141049,17,564,364,4
141065,17,562,374,2
141082,17,564,378,2
141098,17,563,374,2
141115,17,562,386,2
141132,17,564,379,2
141148,17,561,376,2
141165,17,563,384,2
141182,17,566,374,2
141198,17,572,385,2
141215,17,566,374,2
141232,17,565,373,2
141248,17,567,371,2
141265,17,564,382,2
141281,17,563,384,2
141298,17,566,370,2
141315,17,564,378,2
141331,17,567,367,2
141348,17,567,383,2
141365,17,564,377,2
141381,17,562,379,2
141398,17,559,379,2
141415,17,551,362,4
141431,17,561,239,1
141448,17,533,443,3
141464,17,504,634,3
141481,17,476,708,3
141498,17,456,758,3
141514,17,370,379,2
141531,17,363,380,2
141581,50,473,682,3
141598,17,494,588,3
141614,17,516,469,3
141631,17,529,375,2
141647,17,540,269,0
141664,17,543,278,0
141681,17,526,416,2
141697,17,520,433,3
141714,17,518,441,3
141731,17,522,439,3
141747,17,522,436,3
141764,17,526,428,3
141781,17,523,441,3
141797,17,526,437,3
141814,17,525,431,3
141830,17,527,429,3
141847,17,527,419,5
141864,17,527,417,5
141880,17,523,426,3
141897,17,500,399,2
141914,17,492,401,2
141930,17,500,394,2
141947,17,494,383,2
141964,17,499,386,2
141980,17,497,396,2
141997,17,493,408,2
142013,17,497,407,2
142030,17,496,394,2
142047,17,498,390,2
142063,17,493,410,2
142080,17,498,403,2
142097,17,499,388,2
142113,17,496,393,2
142130,17,494,401,2
142146,17,497,392,2
142163,17,495,401,2
142180,17,529,387,2
142196,17,549,357,4
142213,17,553,349,4
142230,17,551,369,2
142246,17,552,356,4
142263,17,551,358,4
142280,17,557,358,4
142296,17,557,371,2
142313,17,556,362,4
142329,17,556,358,4
142346,17,556,362,4
142363,17,555,358,4
142379,17,557,357,4
142396,17,556,355,4
142413,17,558,355,4
142429,17,556,346,4
142446,17,558,354,4
142463,17,558,351,4
142479,17,559,356,4
142496,17,555,364,4
142512,17,557,356,4
142529,17,554,354,4
142546,17,555,351,4
142562,17,554,320,4
142579,17,554,289,4
142596,17,554,310,4
142612,17,548,303,4
142629,17,548,306,4
142646,17,549,302,4
142662,17,551,309,4
142679,17,552,301,4
142695,17,550,303,4
142712,17,550,305,4
142729,17,539,261,0
142745,17,537,255,1
142762,17,539,254,1
142779,17,536,246,1
142795,17,540,227,1
142812,17,541,235,1
142829,17,544,223,1
142845,17,542,244,1
142862,17,543,243,1
142878,17,537,249,1
142895,17,540,238,1
142912,17,537,260,0
142928,17,546,241,1
142945,17,538,243,1
142962,17,539,241,1
142978,17,536,250,1
142995,17,535,251,1
143012,17,538,251,1
143028,17,537,266,0
143045,17,539,257,1
143061,17,548,323,4
143078,17,548,329,4
143095,17,548,337,4
143111,17,548,342,4
143128,17,537,350,4
143145,17,543,359,4
143161,17,546,348,4
143178,17,543,351,4
143195,17,543,360,4
143211,17,547,348,4
143228,17,543,361,4
143244,17,546,354,4
143261,17,549,343,4
143278,17,543,349,4
143294,17,544,348,4
143311,17,544,352,4
143328,17,544,353,4
143344,17,542,349,4
143361,17,542,347,4
143377,17,542,355,4
143394,17,539,350,4
143411,17,540,359,4
143427,17,544,354,4
143444,17,541,336,4
143461,17,530,399,2
143477,17,527,382,2
143494,17,527,389,2
143511,17,524,405,2
143527,17,523,396,2
143544,17,523,402,2
143560,17,526,407,2
143577,17,526,399,2
143594,17,525,398,2
143610,17,527,403,2
143627,17,527,394,2
143644,17,524,401,2
143660,17,519,418,5
143677,17,528,396,2
143694,17,528,393,2
143710,17,528,399,2
143727,17,521,413,2
143743,17,526,400,2
143760,17,524,402,2
143777,17,521,406,2
143793,17,518,408,2
143810,17,526,358,4
143827,17,521,279,0
143843,17,492,536,3
144342,499,423,440,3
144359,17,474,366,2
144376,17,508,219,1
144392,17,480,426,3
144409,17,475,432,3
144425,17,481,427,3
144442,17,474,435,3
144459,17,474,429,3
144475,17,479,433,3
144492,17,482,423,3
144509,17,484,426,3
144525,17,489,426,3
144542,17,483,422,3
144559,17,481,441,3
144575,17,481,438,3
144592,17,479,448,3
144608,17,479,447,3
144625,17,478,454,3
144642,17,483,439,3
144658,17,483,437,3
144675,17,484,444,3
144692,17,483,435,3
144708,17,481,457,3
144725,17,475,450,3
144742,17,476,460,3
144758,17,480,436,3
144775,17,483,439,3
144791,17,485,451,3
144808,17,488,436,3
144825,17,479,448,3
144841,17,481,444,3
144858,17,483,437,3
144875,17,481,452,3
144891,17,481,438,3
144908,17,484,431,3
144925,17,483,419,3
144941,17,481,446,3
144958,17,485,430,3
144974,17,481,439,3
144991,17,478,439,3
145008,17,483,448,3
145024,17,480,458,3
145041,17,500,412,2
145058,17,527,371,2
145074,17,545,351,4
145091,17,544,364,4
145108,17,547,349,4
145124,17,545,353,4
145141,17,544,362,4
145157,17,546,352,4
145174,17,545,358,4
145191,17,543,358,4
145207,17,545,357,4
145224,17,548,349,4
145241,17,544,359,4
145257,17,539,358,4
145274,17,540,369,2
145291,17,545,360,4
145307,17,543,351,4
145324,17,540,365,2
145340,17,542,357,4
145357,17,545,350,4
145374,17,542,370,2
145390,17,544,358,4
145407,17,543,349,4
145424,17,580,336,4
145440,17,588,316,4
145457,17,583,333,4
145474,17,585,334,4
145490,17,587,333,4
145507,17,589,328,4
145523,17,587,331,4
145540,17,583,340,4
145557,17,586,320,4
145573,17,588,340,4
145590,17,588,326,4
145607,17,590,329,4
145623,17,586,321,4
145640,17,584,336,4
145656,17,587,324,4
145673,17,587,327,4
145690,17,584,333,4
145706,17,586,331,4
145723,17,583,338,4
145740,17,585,330,4
145756,17,585,329,4
145773,17,585,331,4
145790,17,583,338,4
145806,17,583,339,4
145823,17,583,340,4
145839,17,581,343,4
145856,17,580,338,4
145873,17,585,323,4
145889,17,583,347,4
145906,17,575,344,4
145923,17,585,341,4
145939,17,587,335,4
145956,17,571,347,4
145973,17,546,352,4
145989,17,545,345,4
146006,17,537,365,2
146022,17,545,355,4
146039,17,539,373,2
146056,17,542,358,4
146072,17,541,354,4
146089,17,538,370,2
146106,17,543,362,4
146122,17,538,379,2
146139,17,542,363,4
146156,17,537,375,2
146172,17,541,373,2
146189,17,540,378,2
146205,17,491,383,2
146222,17,476,383,2
146239,17,471,374,2
146255,17,471,383,2
146272,17,473,372,2
146289,17,473,375,2
146305,17,473,378,2
146322,17,476,374,2
146339,17,469,389,2
146355,17,475,373,2
146372,17,474,381,2
146388,17,469,371,2
146405,17,468,401,2
146422,17,476,375,2
146438,17,473,389,2
146455,17,474,382,2
146472,17,473,379,2
146488,17,467,396,2
146505,17,471,388,2
146522,17,471,381,2
146538,17,469,382,2
146555,17,476,368,2
146571,17,468,383,2
146588,17,472,383,2
146605,17,468,394,2
146621,17,472,389,2
146638,17,476,373,2
146655,17,473,374,2
146671,17,474,377,2
146688,17,471,385,2
146704,17,471,394,2
146721,17,467,393,2
146738,17,474,386,2
146754,17,477,371,2
146771,17,473,379,2
146788,17,465,380,2
146804,17,481,362,4
146821,17,475,390,2
146838,17,475,385,2
146854,17,477,392,2
146871,17,474,387,2
146887,17,478,375,2
146904,17,469,391,2
146921,17,473,396,2
146937,17,476,382,2
146954,17,473,382,2
146971,17,470,384,2
146987,17,473,383,2
147004,17,470,376,2
147021,17,474,389,2
147037,17,468,386,2
147054,17,467,391,2
147070,17,473,370,2
147087,17,475,367,2
147104,17,468,370,2
147120,17,467,378,2
147137,17,464,397,2
147154,17,468,380,2
147170,17,470,377,2
147187,17,469,387,2
147204,17,471,384,2
147220,17,465,390,2
147237,17,459,422,3
147253,17,449,486,3
147270,17,456,466,3
147287,17,453,473,3
147303,17,455,487,3
147320,17,452,476,3
147337,17,446,482,3
147353,17,464,451,3
147370,17,456,466,3
147387,17,452,472,3
147403,17,452,488,3
147420,17,452,457,3
147436,17,457,482,3
147453,17,459,457,3
147470,17,494,441,3
147486,17,505,420,5
147503,17,506,421,5
147520,17,512,414,2
147536,17,511,413,2
147553,17,515,414,2
147570,17,509,404,2
147586,17,506,417,5
147603,17,515,419,5
147619,17,511,417,5
147636,17,506,418,5
147653,17,512,431,3
147669,17,509,408,2
147686,17,509,417,5
147703,17,519,420,5
147719,17,513,415,2
147736,17,512,424,3
147753,17,515,413,2
147769,17,519,416,2
147786,17,512,418,5
147802,17,516,397,2
147819,17,523,410,2
147836,17,516,420,5
147852,17,521,429,3
147869,17,515,417,5
147886,17,513,415,2
147902,17,515,400,2
147919,17,521,417,5
147935,17,520,403,2
147952,17,518,415,2
147969,17,519,407,2
147985,17,518,410,2
148002,17,520,423,3
148019,17,520,413,2
148035,17,518,393,2
148052,17,519,422,3
148069,17,528,405,2
148085,17,515,422,3
148102,17,522,412,2
148118,17,521,413,2
148135,17,521,408,2
148152,17,519,419,5
148168,17,519,418,5
148185,17,524,406,2
148202,17,521,407,2
148218,17,517,404,2
148235,17,521,410,2
148252,17,513,412,2
148268,17,522,422,3
148285,17,522,419,5
148301,17,513,419,5
148318,17,521,397,2
148335,17,523,395,2
148351,17,515,406,2
148368,17,510,407,2
148385,17,520,417,5
148401,17,520,422,3
148418,17,526,390,2
148435,17,516,410,2
148451,17,521,415,2
148468,17,519,412,2
148484,17,524,408,2
148501,17,523,391,2
148518,17,527,406,2
148534,17,525,403,2
148551,17,519,419,5
148568,17,506,422,3
148584,17,428,446,3
148601,17,409,464,3
148618,17,408,472,3
148634,17,411,466,3
148651,17,411,476,3
148667,17,411,472,3
148684,17,408,473,3
148701,17,410,463,3
148717,17,410,470,3
148734,17,380,485,3
148751,17,365,516,3
148767,17,366,514,3
148784,17,353,504,3
148801,17,362,512,3
148817,17,362,488,3
148834,17,361,492,3
148850,17,365,504,3
148867,17,363,513,3
148884,17,364,508,3
148900,17,363,497,3
148917,17,360,507,3
148934,17,362,502,3
148950,17,369,502,3
148967,17,363,500,3
148983,17,367,495,3
149000,17,364,499,3
149017,17,357,493,3
149033,17,362,505,3
149050,17,364,504,3
149067,17,363,506,3
149083,17,365,496,3
149100,17,363,512,3
149117,17,369,503,3
149133,17,354,480,3
149150,17,348,455,3
149166,17,358,403,2
149183,17,350,416,2
149200,17,359,422,3
149216,17,364,424,3
149233,17,355,419,3
149250,17,357,433,3
149266,17,364,431,3
149283,17,359,426,3
149300,17,366,422,3
149316,17,357,421,3
149333,17,367,431,3
149349,17,359,424,3
149366,17,362,382,2
149383,17,361,375,2
149399,17,357,379,2
149416,17,363,364,0
149433,17,372,373,2
149449,17,364,364,0
149466,17,371,362,0
149483,17,366,360,0
149499,17,345,380,2
149516,17,354,385,2
149532,17,360,388,2
149549,17,340,378,2
149566,17,347,371,2
149582,17,344,371,2
149599,17,343,378,2
149616,17,346,378,2
149632,17,346,379,2
149649,17,345,383,2
149666,17,348,381,2
149682,17,341,385,2
149699,17,346,370,2
149715,17,348,379,2
149732,17,363,386,2
149749,17,424,363,4
149765,17,426,381,2
149782,17,437,368,2
149799,17,439,362,4
149815,17,435,370,2
149832,17,431,370,2
149849,17,436,378,2
149865,17,434,360,4
149882,17,437,357,4
149898,17,435,365,2
149915,17,433,377,2
149932,17,444,349,4
149948,17,442,354,4
149965,17,439,350,4
149982,17,435,359,4
149998,17,439,358,4
150015,17,436,363,4
150032,17,487,359,4
150048,17,499,358,4
150065,17,498,336,4
150081,17,497,343,4
150098,17,501,349,4
150115,17,507,337,4
150131,17,502,354,4
150148,17,501,355,4
150165,17,499,356,4
150181,17,500,337,4
150198,17,502,345,4
150214,17,505,336,4
150231,17,501,347,4
150248,17,505,344,4
150264,17,503,351,4
150281,17,505,341,4
150298,17,446,375,2
150314,17,405,370,2
150331,17,402,395,2
150348,17,395,387,2
150364,17,395,393,2
150381,17,395,395,2
150397,17,396,394,2
150414,17,392,409,2
150431,17,399,402,2
150447,17,395,402,2
150464,17,395,399,2
150481,17,394,402,2
150497,17,394,402,2
150514,17,394,406,2
150531,17,398,396,2
150547,17,396,406,2
150564,17,384,399,2
150580,17,372,399,2
150597,17,372,396,2
150614,17,375,401,2
150630,17,371,406,2
150647,17,370,397,2
150664,17,370,416,2
150680,17,371,403,2
150697,17,368,408,2
150714,17,370,417,2
150730,17,369,410,2
150747,17,373,416,2
150763,17,371,413,2
150780,17,371,408,2
150797,17,376,405,2
150813,17,369,416,2
150830,17,366,408,2
150847,17,365,416,2
150863,17,370,411,2
150880,17,374,403,2
150897,17,368,416,2
150913,17,371,407,2
150930,17,365,412,2
150946,17,371,394,2
150963,17,365,419,3
150980,17,370,413,2
150996,17,370,409,2
151013,17,374,409,2
151030,17,370,413,2
151046,17,366,416,2
151063,17,373,401,2
151080,17,367,417,2
151096,17,371,414,2
151113,17,370,408,2
151129,17,379,397,2
151146,17,374,407,2
151163,17,367,410,2
151179,17,368,420,3
151196,17,437,385,2
151213,17,503,353,4
151229,17,549,363,4
151246,17,548,331,4
151263,17,543,352,4
151279,17,546,367,2
151296,17,546,348,4
151312,17,547,354,4
151329,17,551,362,4
151346,17,547,356,4
151362,17,550,358,4
151379,17,556,345,4
151396,17,551,364,4
151412,17,550,347,4
151429,17,546,360,4
151445,17,552,337,4
151462,17,553,351,4
151479,17,551,352,4
151495,17,552,346,4
151512,17,549,354,4
151529,17,545,353,4
151545,17,513,377,2
151562,17,522,379,2
151579,17,514,391,2
151595,17,517,374,2
151612,17,519,377,2
151628,17,520,392,2
151645,17,522,385,2
151662,17,516,396,2
151678,17,518,380,2
151695,17,515,380,2
151712,17,518,394,2
151728,17,519,386,2
151745,17,519,392,2
151762,17,522,387,2
151778,17,519,375,2
151795,17,519,390,2
151811,17,516,384,2
151828,17,516,384,2
151845,17,513,387,2
151861,17,526,380,2
151878,17,523,378,2
151895,17,520,378,2
151911,17,525,376,2
151928,17,527,366,2
151945,17,517,395,2
151961,17,528,376,2
151978,17,518,381,2
151994,17,522,364,4
152011,17,520,389,2
152028,17,526,373,2
152044,17,520,387,2
152061,17,528,378,2
152078,17,523,381,2
152094,17,525,375,2
152111,17,524,374,2
152128,17,525,376,2
152144,17,520,386,2
152161,17,529,363,4
152177,17,520,378,2
152194,17,545,389,2
152211,17,547,417,5
152227,17,540,408,2
152244,17,546,414,2
152261,17,549,408,2
152277,17,545,410,2
152294,17,547,427,3
152311,17,550,401,2
152327,17,544,424,3
152344,17,539,413,2
152360,17,545,418,5
152377,17,543,416,2
152394,17,548,412,2
152410,17,547,418,5
152427,17,548,426,3
152444,17,540,411,2
152460,17,542,418,5
152477,17,541,418,5
152493,17,544,419,5
152510,17,546,418,5
152527,17,542,421,5
152543,17,550,408,2
152560,17,545,415,2
152577,17,546,419,5
152593,17,548,406,2
152610,17,549,400,2
152627,17,506,404,2
152643,17,504,392,2
152660,17,502,394,2
152676,17,507,382,2
152693,17,502,383,2
152710,17,500,384,2
152726,17,506,383,2
152743,17,504,384,2
152760,17,500,399,2
152776,17,503,391,2
152793,17,502,381,2
152810,17,499,384,2
152826,17,501,378,2
152843,17,511,377,2
152859,17,505,389,2
152876,17,500,389,2
152893,17,506,389,2
152909,17,530,388,2
152926,17,609,420,3
152943,17,686,460,3
152959,17,734,477,3
152976,17,729,476,3
152993,17,735,495,3
153009,17,731,492,3
153026,17,731,486,3
153042,17,731,491,3
153059,17,732,479,3
153076,17,731,494,3
153092,17,731,493,3
153109,17,733,476,3
153126,17,733,509,3
153142,17,732,486,3
153159,17,735,483,3
153176,17,734,495,3
153192,17,728,507,3
153209,17,730,500,3
153225,17,731,494,3
153242,17,728,504,3
153259,17,728,487,3
153275,17,730,505,3
153292,17,729,514,3
153309,17,729,500,3
153325,17,733,491,3
153342,17,732,500,3
153359,17,734,496,3
153375,17,734,488,3
153392,17,736,474,3
153408,17,730,491,3
153425,17,730,490,3
153442,17,736,488,3
153458,17,769,497,3
153475,17,774,520,3
153492,17,777,519,3
153508,17,777,517,3
153525,17,779,516,3
153542,17,774,526,3
153558,17,778,511,3
153575,17,776,512,3
153591,17,776,502,3
153608,17,780,498,3
153625,17,775,510,3
153641,17,775,520,3
153658,17,774,517,3
153675,17,772,536,3
153691,17,773,507,3
153708,17,775,518,3
153724,17,776,501,3
153741,17,746,510,3
153758,17,716,521,3
153774,17,718,503,3
153791,17,717,528,3
153808,17,716,525,3
153824,17,718,496,3
153841,17,721,508,3
153858,17,715,510,3
153874,17,716,529,3
153891,17,719,515,3
153907,17,718,501,3
153924,17,715,537,3
153941,17,715,525,3
153957,17,720,528,3
153974,17,714,510,3
153991,17,714,518,3
154007,17,716,517,3
154024,17,717,528,3
154041,17,723,509,3
154057,17,715,517,3
154074,17,720,516,3
154090,17,716,516,3
154107,17,720,510,3
154124,17,719,506,3
154140,17,704,486,3
154157,17,708,485,3
154174,17,708,459,3
154190,17,706,469,3
154207,17,707,464,3
154224,17,708,470,3
154240,17,708,481,3
154257,17,712,463,3
154273,17,704,483,3
154290,17,707,467,3
154307,17,706,476,3
154323,17,706,466,3
154340,17,704,473,3
154357,17,707,471,3
154373,17,708,480,3
154390,17,705,472,3
154407,17,703,474,3
154423,17,702,479,3
154440,17,705,481,3
154456,17,708,459,3
154473,17,705,474,3
154490,17,705,476,3
154506,17,706,476,3
154523,17,707,461,3
154540,17,712,508,3
154556,17,714,508,3
154573,17,715,498,3
154590,17,714,488,3
154606,17,714,500,3
154623,17,715,507,3
154639,17,713,503,3
154656,17,712,510,3
154673,17,709,494,3
154689,17,715,511,3
154706,17,714,486,3
154723,17,715,502,3
154739,17,714,504,3
154756,17,715,500,3
154772,17,709,492,3
154789,17,714,511,3
154806,17,719,503,3
154822,17,717,496,3
154839,17,715,481,3
154856,17,710,511,3
154872,17,714,488,3
154889,17,693,514,3
154906,17,565,533,3
154922,17,447,535,3
154939,17,336,538,3
154955,17,250,554,3
154972,17,259,565,3
154989,17,264,539,3
155005,17,262,556,3
155022,17,266,544,3
155039,17,263,542,3
155055,17,262,552,3
155072,17,264,549,3
155089,17,263,547,3
155105,17,262,552,3
155122,17,268,546,3
155138,17,265,555,3
155155,17,271,536,3
155172,17,266,538,3
155188,17,268,547,3
155205,17,265,539,3
155222,17,218,548,3
155238,17,175,564,3
155255,17,164,574,3
155272,17,169,563,3
155288,17,168,567,3
155305,17,166,565,3
155321,17,158,569,3
155338,17,157,575,3
155355,17,169,562,3
155371,17,167,559,3
155388,17,168,564,3
155405,17,175,551,3
155421,17,160,557,3
155438,17,172,562,3
155455,17,169,564,3
155471,17,161,562,3
155488,17,166,566,3
155504,17,164,558,3
155521,17,166,563,3
155538,17,163,568,3
155554,17,164,564,3
155571,17,169,557,3
155588,17,165,561,3
155604,17,157,562,3
155621,17,158,569,3
155638,17,156,565,3
155654,17,174,564,3
155671,17,160,563,3
155687,17,158,570,3
155704,17,165,563,3
155721,17,161,564,3
155737,17,162,553,3
155754,17,166,551,3
155771,17,154,561,3
155787,17,168,556,3
155804,17,151,567,3
155821,17,168,550,3
155837,17,156,563,3
155854,17,136,620,3
155870,17,84,601,3
156037,166,603,427,3
156053,17,617,177,1
156070,17,599,353,4
156087,17,595,375,2
156103,17,595,388,2
156120,17,597,379,2
156137,17,598,382,2
156153,17,589,402,2
156170,17,525,406,2
156186,17,529,394,2
156203,17,534,386,2
156220,17,526,396,2
156236,17,530,394,2
156253,17,531,402,2
156270,17,532,397,2
156286,17,531,411,2
156303,17,528,403,2
156320,17,529,414,2
156336,17,529,397,2
156353,17,529,399,2
156369,17,531,402,2
156386,17,532,381,2
156403,17,531,378,2
156419,17,540,389,2
156436,17,534,397,2
156453,17,527,417,5
156469,17,535,392,2
156486,17,531,408,2
156503,17,533,394,2
156519,17,535,389,2
156536,17,537,387,2
156552,17,537,378,2
156569,17,534,395,2
156586,17,531,394,2
156602,17,530,397,2
156619,17,530,393,2
156636,17,533,384,2
156652,17,535,395,2
156669,17,524,401,2
156686,17,534,393,2
156702,17,531,403,2
156719,17,531,391,2
156735,17,532,383,2
156752,17,446,450,3
156769,17,376,446,3
156785,17,376,453,3
156802,17,365,446,3
156819,17,358,449,3
156835,17,374,450,3
156852,17,362,452,3
156869,17,370,462,3
156885,17,364,452,3
156902,17,361,465,3
156918,17,364,449,3
156935,17,364,456,3
156952,17,362,459,3
156968,17,362,455,3
156985,17,318,502,3
157002,17,300,533,3
157018,17,300,536,3
157035,17,288,550,3
157051,17,291,548,3
157068,17,294,523,3
157085,17,296,532,3
157101,17,293,525,3
157118,17,289,537,3
157135,17,290,547,3
157151,17,291,535,3
157168,17,293,530,3
157185,17,287,542,3
157201,17,289,544,3
157218,17,297,534,3
157234,17,293,535,3
157251,17,274,531,3
157268,17,250,516,3
157284,17,247,527,3
157301,17,236,541,3
157318,17,237,546,3
157334,17,240,533,3
157351,17,240,534,3
157368,17,242,540,3
157384,17,242,533,3
157401,17,243,532,3
157417,17,237,525,3
157434,17,239,545,3
157451,17,249,523,3
157467,17,238,544,3
157484,17,251,546,3
157501,17,241,533,3
157517,17,251,528,3
157534,17,233,539,3
157551,17,248,549,3
157567,17,336,546,3
157584,17,422,542,3
157600,17,510,552,3
157617,17,593,555,3
157634,17,599,565,3
157650,17,611,555,3
157667,17,608,564,3
157684,17,609,554,3
157700,17,614,535,3
157717,17,605,549,3
157734,17,614,557,3
157750,17,616,553,3
157767,17,603,560,3
157783,17,614,551,3
157800,17,666,606,3
157817,17,691,622,3
157833,17,683,621,3
157850,17,690,619,3
157867,17,689,618,3
157883,17,687,612,3
157900,17,685,642,3
157917,17,688,630,3
157933,17,690,626,3
157950,17,686,608,3
157966,17,689,609,3
157983,17,687,615,3
158000,17,691,630,3
158016,17,689,612,3
158033,17,631,634,3
158050,17,540,618,3
158066,17,501,625,3
158083,17,483,627,3
158100,17,487,614,3
158116,17,489,623,3
158133,17,489,620,3
158149,17,478,623,3
158166,17,486,623,3
158183,17,490,639,3
158199,17,486,638,3
158216,17,490,632,3
158233,17,488,635,3
158249,17,484,643,3
158266,17,480,633,3
158282,17,481,648,3
158299,17,487,630,3
158316,17,489,632,3
158332,17,446,631,3
158349,17,423,610,3
158366,17,418,607,3
158382,17,416,618,3
158399,17,417,596,3
158416,17,409,595,3
158432,17,418,588,3
158449,17,414,616,3
158465,17,410,604,3
158482,17,406,609,3
158499,17,415,609,3
158515,17,417,603,3
158532,17,411,602,3
158549,17,443,595,3
158565,17,484,627,3
158582,17,488,630,3
158599,17,491,634,3
158615,17,493,625,3
158632,17,490,620,3
158648,17,488,609,3
158665,17,492,612,3
158682,17,484,618,3
158698,17,486,632,3
158715,17,490,620,3
158732,17,498,611,3
158748,17,494,618,3
158765,17,493,611,3
158782,17,492,623,3
158798,17,489,630,3
158815,17,488,625,3
158831,17,493,623,3
158848,17,494,624,3
158865,17,491,625,3
158881,17,479,648,3
158898,17,483,667,3
158915,17,480,652,3
158931,17,476,650,3
158948,17,481,634,3
158965,17,466,666,3
158981,17,478,653,3
158998,17,473,657,3
159014,17,468,659,3
159031,17,361,660,3
159048,17,284,649,3
159064,17,268,644,3
159081,17,261,652,3
159098,17,259,644,3
159114,17,266,641,3
159131,17,266,644,3
159148,17,267,649,3
159164,17,260,647,3
159181,17,267,651,3
159197,17,264,652,3
159214,17,267,649,3
159231,17,270,660,3
159247,17,265,654,3
159264,17,250,654,3
159281,17,230,655,3
159297,17,234,652,3
159314,17,226,652,3
159330,17,227,662,3
159347,17,227,654,3
159364,17,231,651,3
159380,17,229,652,3
159397,17,214,652,3
159414,17,224,648,3
159430,17,230,654,3
159447,17,231,657,3
159464,17,228,650,3
159480,17,228,660,3
159497,17,224,653,3
159513,17,233,647,3
159530,17,220,655,3
159547,17,227,659,3
159563,17,226,664,3
159580,17,233,652,3
159597,17,230,658,3
159613,17,233,646,3
159630,17,236,642,3
159647,17,247,645,3
159663,17,336,589,3
159680,17,429,518,3
159696,17,504,456,3
159713,17,518,478,3
159730,17,529,438,3
159746,17,525,443,3
159763,17,523,454,3
159780,17,522,460,3
159796,17,530,441,3
159813,17,522,442,3
159830,17,524,440,3
159846,17,520,461,3
159863,17,523,451,3
159879,17,522,454,3
159896,17,531,405,2
159913,17,533,388,2
159929,17,534,398,2
159946,17,536,397,2
159963,17,535,390,2
159979,17,536,387,2
159996,17,535,404,2
160013,17,537,383,2
160029,17,534,392,2
160046,17,533,400,2
160062,17,529,412,2
160079,17,537,392,2
160096,17,535,402,2
160112,17,535,395,2
160129,17,532,391,2
160146,17,536,383,2
160162,17,534,401,2
160179,17,532,395,2
160196,17,532,398,2
160212,17,530,401,2
160229,17,533,384,2
160245,17,533,406,2
160262,17,536,359,4
160279,17,527,394,2
160295,17,531,404,2
160312,17,533,391,2
160329,17,524,409,2
160345,17,533,390,2
160362,17,531,384,2
160379,17,536,390,2
160395,17,548,396,2
160412,17,547,411,2
160428,17,548,390,2
160445,17,551,387,2
160462,17,550,394,2
160478,17,548,396,2
160495,17,550,401,2
160512,17,549,392,2
160528,17,548,380,2
160545,17,549,393,2
160561,17,549,401,2
160578,17,546,386,2
160595,17,548,384,2
160611,17,550,383,2
160628,17,550,391,2
160645,17,548,381,2
160661,17,547,382,2
160678,17,554,382,2
160695,17,547,396,2
160711,17,549,381,2
160728,17,547,386,2
160744,17,547,394,2
160761,17,545,387,2
160778,17,545,398,2
160794,17,549,400,2
160811,17,546,387,2
160828,17,547,375,2
160844,17,544,387,2
160861,17,545,407,2
160878,17,546,399,2
160894,17,543,408,2
160911,17,543,397,2
160927,17,542,390,2
160944,17,537,368,2
160961,17,520,306,4
160977,17,523,226,1
160994,17,522,260,0
161011,17,518,201,1
161027,17,508,291,4
161044,17,501,339,4
161061,17,503,330,4
161077,17,497,343,4
161094,17,501,336,4
161110,17,499,330,4
161127,17,494,344,4
161144,17,495,341,4
161160,17,498,355,4
161177,17,487,354,4
161194,17,550,437,3
161210,17,602,517,3
161227,17,650,603,3
161244,17,648,596,3
161260,17,653,611,3
161277,17,643,592,3
161293,17,648,603,3
161310,17,652,607,3
161327,17,652,612,3
161343,17,647,620,3
161360,17,649,614,3
161377,17,644,600,3
161393,17,649,608,3
161410,17,646,609,3
161427,17,631,603,3
161443,17,576,652,3
161460,17,584,629,3
161476,17,585,633,3
161493,17,575,632,3
161510,17,584,637,3
161526,17,582,642,3
161543,17,586,640,3
161560,17,583,633,3
161576,17,587,623,3
161593,17,578,654,3
161610,17,580,623,3
161626,17,575,660,3
161643,17,581,652,3
161659,17,560,649,3
161676,17,419,651,3
161693,17,327,628,3
161709,17,281,635,3
161726,17,273,632,3
161743,17,285,632,3
161759,17,282,636,3
161776,17,282,633,3
161792,17,281,649,3
161809,17,284,638,3
161826,17,284,644,3
161842,17,285,633,3
161859,17,272,651,3
161876,17,285,638,3
161892,17,291,629,3
161909,17,287,631,3
161926,17,270,646,3
161942,17,277,642,3
161959,17,278,635,3
161975,17,308,635,3
161992,17,328,631,3
162009,17,325,632,3
162025,17,326,628,3
162042,17,329,632,3
162059,17,334,612,3
162075,17,331,630,3
162092,17,318,631,3
162109,17,329,640,3
162125,17,327,632,3
162142,17,326,637,3
162158,17,330,622,3
162175,17,318,636,3
162192,17,329,619,3
162208,17,386,572,3
162225,17,456,487,3
162242,17,520,400,2
162258,17,523,429,3
162275,17,533,381,2
162292,17,525,406,2
162308,17,531,400,2
162325,17,536,405,2
162341,17,536,392,2
162358,17,530,425,3
162375,17,534,414,2
162391,17,534,399,2
162408,17,518,404,2
162425,17,476,389,2
162441,17,479,385,2
162458,17,477,377,2
162475,17,473,380,2
162491,17,475,378,2
162508,17,475,377,2
162524,17,478,376,2
162541,17,483,378,2
162558,17,477,372,2
162574,17,482,371,2
162591,17,479,383,2
162608,17,478,375,2
162624,17,537,334,4
162641,17,586,302,4
162658,17,585,303,4
162674,17,601,271,0
162691,17,594,286,0
162707,17,596,296,4
162724,17,596,291,4
162741,17,596,292,4
162757,17,600,279,0
162774,17,596,289,4
162791,17,594,298,4
162807,17,596,296,4
162824,17,599,274,0
162840,17,591,291,4
162857,17,597,296,4
162874,17,597,283,0
162890,17,598,286,0
162907,17,592,303,4
162924,17,594,291,4
162940,17,592,305,4
162957,17,595,288,4
162974,17,597,294,4
162990,17,594,283,0
163007,17,549,292,4
163023,17,520,313,4
163040,17,532,285,0
163057,17,524,297,4
163073,17,525,295,4
163090,17,525,300,4
163107,17,525,288,4
163123,17,524,298,4
163140,17,526,278,0
163157,17,527,295,4
163173,17,526,294,4
163190,17,525,301,4
163206,17,525,317,4
163223,17,515,303,4
163240,17,471,302,4
163256,17,479,298,4
163273,17,474,296,4
163290,17,475,314,4
163306,17,475,309,4
163323,17,471,317,4
163340,17,474,310,4
163356,17,472,297,4
163373,17,469,315,4
163389,17,478,293,4
163406,17,478,307,4
163423,17,475,314,4
163439,17,474,299,4
163456,17,473,293,4
163473,17,486,306,4
163489,17,560,297,4
163506,17,568,299,4
163523,17,574,282,0
163539,17,574,272,0
163556,17,575,282,0
163572,17,577,270,0
163589,17,577,271,0
163606,17,575,285,0
163622,17,573,284,0
163639,17,575,282,0
163656,17,506,362,4
163672,17,522,403,2
163689,17,509,396,2
163706,17,511,392,2
163722,17,512,390,2
163739,17,517,380,2
163755,17,500,398,2
163772,17,508,399,2
163789,17,500,397,2
163805,17,506,398,2
163822,17,510,385,2
163839,17,513,397,2
163855,17,509,396,2
163872,17,505,391,2
163889,17,510,397,2
163905,17,511,401,2
163922,17,505,406,2
163938,17,517,406,2
163955,17,532,413,2
163972,17,529,409,2
163988,17,533,389,2
164005,17,528,408,2
164022,17,532,398,2
164038,17,529,401,2
164055,17,529,405,2
164071,17,532,401,2
164088,17,533,375,2
164105,17,531,385,2
164121,17,533,400,2
164138,17,534,396,2
164155,17,533,393,2
164171,17,533,382,2
164188,17,532,387,2
164205,17,530,393,2
164221,17,530,403,2
164238,17,535,401,2
164254,17,533,409,2
164271,17,532,385,2
164288,17,521,402,2
164304,17,522,326,4
164537,233,537,661,3
164554,17,518,261,0
164571,17,504,389,2
164587,17,502,427,3
164604,17,507,434,3
164620,17,505,419,5
164637,17,509,429,3
164654,17,512,418,5
164670,17,508,425,3
164687,17,512,421,5
164704,17,506,427,3
164720,17,502,414,2
164737,17,507,415,2
164754,17,506,428,3
164770,17,502,416,2
164787,17,505,406,2
164803,17,512,416,2
164820,17,519,410,2
164837,17,510,410,2
164853,17,502,410,2
164870,17,498,414,2
164887,17,511,408,2
164903,17,503,429,3
164920,17,508,417,5
164937,17,512,416,2
164953,17,508,424,3
164970,17,504,418,5
164986,17,519,403,2
165003,17,513,410,2
165020,17,510,420,5
165036,17,504,404,2
165053,17,513,414,2
165070,17,506,418,5
165086,17,514,409,2
165103,17,517,421,5
165119,17,510,415,2
165136,17,514,414,2
165153,17,511,428,3
165169,17,513,405,2
165186,17,513,423,3
165203,17,509,432,3
165219,17,503,428,3
165236,17,429,481,3
165253,17,381,520,3
165269,17,393,504,3
165286,17,384,514,3
165302,17,389,498,3
165319,17,389,499,3
165336,17,395,499,3
165352,17,385,512,3
165369,17,382,527,3
165386,17,388,503,3
165402,17,387,509,3
165419,17,384,520,3
165436,17,386,500,3
165452,17,384,513,3
165469,17,384,522,3
165485,17,382,531,3
165502,17,382,520,3
165519,17,385,517,3
165535,17,391,510,3
165552,17,391,503,3
165569,17,386,503,3
165585,17,387,509,3
165602,17,387,507,3
165619,17,384,513,3
165635,17,389,494,3
165652,17,389,515,3
165668,17,410,493,3
165685,17,475,448,3
165702,17,514,421,5
165718,17,504,430,3
165735,17,515,410,2
165752,17,518,402,2
165768,17,514,417,5
165785,17,516,421,5
165802,17,515,420,5
165818,17,518,424,3
165835,17,519,417,5
165851,17,510,406,2
165868,17,512,409,2
165885,17,523,405,2
165901,17,512,401,2
165918,17,505,428,3
165935,17,515,416,2
165951,17,515,429,3
165968,17,519,412,2
165985,17,514,418,5
166001,17,518,411,2
166018,17,520,417,5
166034,17,516,407,2
166051,17,516,413,2
166068,17,513,415,2
166084,17,519,418,5
166101,17,518,426,3
166118,17,521,436,3
166134,17,521,404,2
166151,17,518,422,3
166168,17,517,407,2
166184,17,482,481,3
166201,17,468,494,3
166217,17,468,496,3
166234,17,467,516,3
166251,17,465,516,3
166267,17,466,500,3
166284,17,467,503,3
166301,17,462,497,3
166317,17,474,504,3
166334,17,458,509,3
166350,17,462,515,3
166367,17,468,506,3
166384,17,482,513,3
166400,17,467,510,3
166417,17,465,524,3
166434,17,474,506,3
166450,17,466,506,3
166467,17,469,498,3
166484,17,456,510,3
166500,17,457,502,3
166517,17,464,502,3
166533,17,472,506,3
166550,17,474,508,3
166567,17,465,490,3
166583,17,462,513,3
166600,17,467,504,3
166617,17,467,500,3
166633,17,463,504,3
166650,17,461,508,3
166667,17,468,501,3
166683,17,469,518,3
166700,17,468,510,3
166716,17,461,491,3
166733,17,458,500,3
166750,17,459,498,3
166766,17,470,508,3
166783,17,474,505,3
166800,17,466,493,3
166816,17,464,498,3
166833,17,460,511,3
166850,17,460,501,3
166866,17,465,517,3
166883,17,467,519,3
166899,17,466,502,3
166916,17,472,499,3
166933,17,464,494,3
166949,17,514,460,3
166966,17,549,419,5
166983,17,547,413,2
166999,17,551,397,2
167016,17,553,395,2
167033,17,567,385,2
167049,17,554,397,2
167066,17,548,388,2
167082,17,551,392,2
167099,17,552,394,2
167116,17,544,424,3
167132,17,557,399,2
167149,17,552,402,2
167166,17,554,399,2
167182,17,560,394,2
167199,17,552,396,2
167216,17,557,394,2
167232,17,547,400,2
167249,17,547,394,2
167265,17,524,391,2
167282,17,504,377,2
167299,17,507,372,2
167315,17,492,375,2
167332,17,498,380,2
167349,17,497,383,2
167365,17,503,377,2
167382,17,504,378,2
167398,17,498,387,2
167415,17,494,386,2
167432,17,495,391,2
167448,17,508,373,2
167465,17,502,373,2
167482,17,494,370,2
167498,17,497,376,2
167515,17,493,384,2
167532,17,508,373,2
167548,17,506,384,2
167565,17,509,382,2
167581,17,498,384,2
167598,17,500,382,2
167615,17,500,383,2
167631,17,502,366,2
167648,17,499,362,4
167665,17,514,375,2
167681,17,518,369,2
167698,17,524,384,2
167715,17,525,400,2
167731,17,530,387,2
167748,17,519,393,2
167764,17,533,385,2
167781,17,521,390,2
167798,17,525,389,2
167814,17,522,399,2
167831,17,527,390,2
167848,17,531,379,2
167864,17,521,400,2
167881,17,526,384,2
167898,17,523,387,2
167914,17,520,401,2
167931,17,523,379,2
167947,17,526,390,2
167964,17,526,388,2
167981,17,526,388,2
167997,17,524,381,2
168014,17,529,388,2
168031,17,529,392,2
168047,17,527,384,2
168064,17,524,384,2
168081,17,528,364,4
168097,17,532,363,4
168114,17,524,416,2
168130,17,525,394,2
168147,17,521,405,2
168164,17,525,375,2
168180,17,525,388,2
168197,17,525,384,2
168214,17,524,381,2
168230,17,527,390,2
168247,17,524,393,2
168264,17,531,379,2
168280,17,526,380,2
168297,17,531,372,2
168313,17,527,384,2
168330,17,526,375,2
168347,17,525,389,2
168363,17,533,357,4
168380,17,526,380,2
168397,17,528,367,2
168413,17,526,382,2
168430,17,523,380,2
168447,17,519,396,2
168463,17,533,280,0
168480,17,523,346,4
168496,17,523,409,2
168513,17,485,638,3
168530,17,462,770,0
168663,133,478,688,3
168679,17,493,441,3
168696,17,510,312,4
168713,17,523,319,4
168729,17,511,403,2
168746,17,509,420,5
168763,17,499,436,3
168779,17,507,407,2
168796,17,504,430,3
168812,17,504,425,3
168829,17,511,425,3
168846,17,507,426,3
168862,17,501,417,5
168879,17,511,428,3
168896,17,507,421,5
168912,17,510,407,2
168929,17,520,458,3
168946,17,517,440,3
168962,17,510,462,3
168979,17,523,452,3
168995,17,517,451,3
169012,17,517,431,3
169029,17,514,445,3
169045,17,518,447,3
169062,17,515,444,3
169079,17,521,463,3
169095,17,513,453,3
169112,17,520,462,3
169129,17,517,454,3
169145,17,520,445,3
169162,17,520,446,3
169178,17,523,436,3
169195,17,524,473,3
169212,17,522,451,3
169228,17,522,453,3
169245,17,509,463,3
169262,17,514,452,3
169278,17,519,452,3
169295,17,523,450,3
169312,17,519,449,3
169328,17,523,449,3
169345,17,515,464,3
169361,17,523,442,3
169378,17,527,446,3
169395,17,522,449,3
169411,17,526,456,3
169428,17,522,452,3
169445,17,524,437,3
169461,17,523,448,3
169478,17,524,454,3
169495,17,527,449,3
169511,17,523,453,3
169528,17,520,453,3
169544,17,526,450,3
169561,17,534,424,3
169578,17,530,426,3
169594,17,531,416,2
169611,17,534,425,3
169628,17,534,417,5
169644,17,530,420,5
169661,17,532,430,3
169678,17,534,417,5
169694,17,530,424,3
169711,17,533,413,2
169727,17,532,424,3
169744,17,530,430,3
169761,17,530,418,5
169777,17,534,426,3
169794,17,533,418,5
169811,17,530,441,3
169827,17,533,412,2
169844,17,532,419,5
169860,17,533,416,2
169877,17,529,435,3
169894,17,531,416,2
169910,17,531,422,3
169927,17,529,390,2
169944,17,514,374,2
169960,17,516,379,2
169977,17,517,354,4
169994,17,512,372,2
170010,17,518,356,4
170027,17,512,366,2
170043,17,512,374,2
170060,17,512,351,4
170077,17,510,371,2
170093,17,512,375,2
170110,17,515,363,4
170127,17,508,379,2
170143,17,507,371,2
170160,17,509,374,2
170177,17,536,352,4
170193,17,582,309,4
170210,17,617,292,0
170226,17,610,283,0
170243,17,614,266,0
170260,17,612,270,0
170276,17,615,272,0
170293,17,612,293,4
170310,17,618,262,0
170326,17,611,271,0
170343,17,617,276,0
170360,17,613,279,0
170376,17,608,268,0
170393,17,611,292,4
170409,17,611,288,4
170426,17,657,291,0
170443,17,692,292,0
170459,17,707,319,0
170476,17,710,330,0
170493,17,707,338,0
170509,17,720,328,0
170526,17,709,322,0
170543,17,716,330,0
170559,17,715,321,0
170576,17,710,354,0
170592,17,710,325,0
170609,17,714,328,0
170626,17,710,314,0
170642,17,703,321,0
170659,17,706,342,0
170676,17,713,325,0
170692,17,708,317,0
170709,17,706,339,0
170726,17,703,351,0
170742,17,712,318,0
170759,17,712,315,0
170775,17,702,356,0
170792,17,711,320,0
170809,17,710,306,0
170825,17,697,334,0
170842,17,699,327,0
170859,17,703,331,0
170875,17,614,360,0
170892,17,508,392,2
170908,17,407,400,2
170925,17,409,400,2
170942,17,388,413,2
170958,17,395,420,3
170975,17,396,413,2
170992,17,392,397,2
171008,17,391,402,2
171025,17,387,417,2
171042,17,390,411,2
171058,17,391,409,2
171075,17,396,409,2
171091,17,392,413,2
171108,17,392,400,2
171125,17,392,415,2
171141,17,391,405,2
171158,17,387,425,3
171175,17,395,416,2
171191,17,392,406,2
171208,17,394,400,2
171225,17,401,397,2
171241,17,387,423,3
171258,17,388,419,3
171274,17,389,409,2
171291,17,391,408,2
171308,17,392,405,2
171324,17,382,413,2
171341,17,399,396,2
171358,17,395,406,2
171374,17,399,411,2
171391,17,391,415,2
171408,17,387,401,2
171424,17,391,410,2
171441,17,388,419,3
171457,17,397,419,3
171474,17,397,422,3
171491,17,390,410,2
171507,17,390,407,2
171524,17,396,414,2
171541,17,401,410,2
171557,17,391,411,2
171574,17,390,415,2
171591,17,392,410,2
171607,17,389,427,3
171624,17,393,417,2
171640,17,391,424,3
171657,17,420,404,2
171674,17,493,440,3
171690,17,526,423,3
171707,17,519,434,3
171724,17,534,408,2
171740,17,526,421,5
171757,17,527,439,3
171774,17,527,412,2
171790,17,532,415,2
171807,17,532,420,5
171823,17,525,428,3
171840,17,526,431,3
171857,17,527,428,3
171873,17,532,419,5
171890,17,530,415,2
171907,17,527,422,3
171923,17,525,428,3
171940,17,525,430,3
171957,17,522,438,3
171973,17,524,439,3
171990,17,528,443,3
172006,17,528,444,3
172023,17,526,435,3
172040,17,521,446,3
172056,17,527,426,3
172073,17,524,435,3
172090,17,531,420,5
172106,17,534,428,3
172123,17,528,414,2
172139,17,527,431,3
172156,17,528,435,3
172173,17,534,412,2
172189,17,531,431,3
172206,17,534,407,2
172223,17,538,416,2
172239,17,526,425,3
172256,17,532,417,5
172273,17,528,422,3
172289,17,530,420,5
172306,17,526,432,3
172322,17,534,436,3
172339,17,530,408,2
172356,17,524,433,3
172372,17,532,424,3
172389,17,526,426,3
172406,17,525,435,3
172422,17,529,421,5
172439,17,529,411,2
172456,17,528,401,2
172472,17,528,418,5
172489,17,527,412,2
172505,17,524,412,2
172522,17,528,404,2
172539,17,524,417,5
172555,17,530,419,5
172572,17,530,435,3
172589,17,523,434,3
172605,17,529,407,2
172622,17,531,406,2
172639,17,523,430,3
172655,17,530,412,2
172672,17,525,411,2
172688,17,529,405,2
172705,17,522,419,5
172722,17,529,406,2
172738,17,521,429,3
172755,17,528,407,2
172772,17,528,419,5
172788,17,527,405,2
172805,17,520,435,3
172822,17,530,416,2
172838,17,525,413,2
172855,17,518,441,3
172871,17,534,417,5
172888,17,523,415,2
172905,17,522,433,3
172921,17,533,415,2
172938,17,524,418,5
172955,17,526,418,5
172971,17,529,409,2
172988,17,526,405,2
173005,17,526,419,5
173021,17,529,399,2
173038,17,533,410,2
173054,17,528,422,3
173071,17,525,436,3
173088,17,529,406,2
173104,17,530,409,2
173121,17,534,406,2
173138,17,525,421,5
173154,17,529,422,3
173171,17,528,416,2
173187,17,531,406,2
173204,17,525,413,2
173221,17,533,420,5
173237,17,529,424,3
173254,17,537,418,5
173271,17,536,404,2
173287,17,531,417,5
173304,17,531,408,2
173321,17,537,409,2
173337,17,535,418,5
173354,17,531,411,2
173370,17,535,399,2
173387,17,534,418,5
173404,17,531,415,2
173420,17,532,419,5
173437,17,535,411,2
173454,17,535,420,5
173470,17,536,405,2
173487,17,515,407,2
173504,17,503,405,2
173520,17,502,401,2
173537,17,500,408,2
173553,17,500,407,2
173570,17,501,401,2
173587,17,502,393,2
173603,17,498,397,2
173620,17,503,398,2
173637,17,498,406,2
173653,17,504,393,2
173670,17,486,381,2
173687,17,477,385,2
173703,17,472,399,2
173720,17,466,386,2
173736,17,471,367,2
173753,17,478,370,2
173770,17,476,386,2
173786,17,472,397,2
173803,17,466,384,2
173820,17,472,381,2
173836,17,469,377,2
173853,17,468,404,2
173870,17,467,393,2
173886,17,468,390,2
173903,17,472,379,2
173919,17,469,372,2
173936,17,480,374,2
173953,17,475,388,2
173969,17,467,387,2
173986,17,460,391,2
174003,17,458,382,2
174019,17,463,395,2
174036,17,461,378,2
174053,17,458,395,2
174069,17,462,385,2
174086,17,470,367,2
174102,17,461,382,2
174119,17,463,381,2
174136,17,457,383,2
174152,17,458,380,2
174169,17,461,373,2
174186,17,461,386,2
174202,17,459,386,2
174219,17,460,384,2
174236,17,468,366,2
174252,17,471,367,2
174269,17,462,382,2
174285,17,476,373,2
174302,17,472,363,4
174319,17,477,377,2
174335,17,481,375,2
174352,17,475,386,2
174369,17,478,374,2
174385,17,479,376,2
174402,17,476,368,2
174418,17,480,358,4
174435,17,478,379,2
174452,17,483,360,4
174468,17,478,364,4
174485,17,474,374,2
174502,17,480,380,2
174518,17,483,357,4
174535,17,481,367,2
174552,17,481,384,2
174568,17,536,356,4
174585,17,574,355,4
174601,17,577,379,2
174618,17,577,383,2
174635,17,578,378,2
174651,17,585,359,4
174668,17,581,365,2
174685,17,582,362,4
174701,17,583,350,4
174718,17,581,353,4
174735,17,581,365,2
174751,17,580,369,2
174768,17,582,359,4
174784,17,581,370,2
174801,17,584,369,2
174818,17,608,339,4
174834,17,616,340,0
174851,17,613,340,0
174868,17,625,332,0
174884,17,621,346,0
174901,17,627,336,0
174918,17,618,323,0
174934,17,624,329,0
174951,17,621,331,0
174967,17,615,339,0
174984,17,616,345,0
175001,17,618,333,0
175017,17,603,327,4
175034,17,594,332,4
175051,17,595,308,4
175067,17,589,306,4
175084,17,594,321,4
175101,17,588,316,4
175117,17,590,310,4
175134,17,591,310,4
175150,17,591,327,4
175167,17,594,308,4
175184,17,593,312,4
175200,17,592,306,4
175217,17,592,308,4
175234,17,597,300,4
175250,17,593,319,4
175267,17,592,318,4
175284,17,589,325,4
175300,17,595,306,4
175317,17,573,295,4
175333,17,571,300,4
175350,17,562,304,4
175367,17,564,307,4
175383,17,560,317,4
175400,17,567,301,4
175417,17,564,314,4
175433,17,562,312,4
175450,17,563,303,4
175466,17,564,295,4
175483,17,588,293,4
175500,17,602,294,4
175516,17,600,288,4
175533,17,605,284,0
175550,17,609,283,0
175566,17,607,280,0
175583,17,604,274,0
175600,17,603,283,0
175616,17,609,263,0
175633,17,602,289,4
175649,17,601,276,0
175666,17,606,284,0
175683,17,603,273,0
175699,17,603,287,0
175716,17,598,305,4
175733,17,569,321,4
175749,17,558,371,2
175766,17,547,382,2
175783,17,548,374,2
175799,17,551,367,2
175816,17,547,370,2
175832,17,548,365,2
175849,17,542,367,2
175866,17,547,370,2
175882,17,546,375,2
175899,17,545,377,2
175916,17,547,375,2
175932,17,546,383,2
175949,17,545,370,2
175966,17,544,379,2
175982,17,543,384,2
175999,17,544,395,2
176015,17,543,378,2
176032,17,544,372,2
176049,17,546,367,2
176065,17,544,369,2
176082,17,547,370,2
176099,17,547,379,2
176115,17,551,380,2
176132,17,554,359,4
176149,17,548,378,2
176165,17,551,374,2
176182,17,550,359,4
176198,17,548,374,2
176215,17,551,366,2
176232,17,551,367,2
176248,17,544,372,2
176265,17,550,369,2
176282,17,552,368,2
176298,17,551,365,2
176315,17,548,371,2
176332,17,583,314,4
176348,17,631,291,0
176365,17,691,176,1
176381,17,731,150,0
176398,17,785,84,0
176415,17,833,80,0
176431,17,859,82,0
176448,17,879,54,0
176465,17,882,55,0
176481,17,893,59,0
176498,17,892,53,0
176515,17,896,63,0
176531,17,881,75,0
176548,17,890,35,0
176564,17,882,57,0
176581,17,888,53,0
176598,17,895,65,0
176614,17,887,62,0
176631,17,859,75,0
176648,17,736,186,0
176664,17,665,243,1
176681,17,677,223,1
176697,17,667,244,1
176714,17,673,229,1
176731,17,678,222,1
176747,17,673,244,1
176764,17,675,233,1
176781,17,679,220,1
176797,17,672,235,1
176814,17,672,233,1
176831,17,669,246,1
176847,17,589,308,4
176864,17,534,326,4
176880,17,542,328,4
176897,17,529,332,4
176914,17,530,346,4
176930,17,530,351,4
176947,17,532,332,4
176964,17,530,329,4
176980,17,527,342,4
176997,17,529,333,4
177014,17,526,346,4
177030,17,529,345,4
177047,17,531,333,4
177063,17,528,339,4
177080,17,532,350,4
177097,17,530,332,4
177113,17,528,350,4
177130,17,565,271,0
177147,17,589,207,1
177163,17,598,185,1
177180,17,602,169,1
177197,17,601,181,1
177213,17,600,178,1
177230,17,598,173,1
177246,17,599,170,1
177263,17,600,179,1
177280,17,603,167,1
177380,100,592,196,1
177380,0,592,196,1
177396,17,598,186,1
177413,17,600,183,1
177429,17,669,166,1
177446,17,742,176,0
177463,17,760,162,0
177479,17,759,163,0
177496,17,758,162,0
177513,17,759,152,0
177529,17,759,154,0
177546,17,758,177,0
177563,17,758,172,0
177579,17,757,149,0
177596,17,755,163,0
177612,17,754,159,0
177629,17,755,171,0
177646,17,759,153,0
177662,17,762,152,0
177679,17,743,172,0
177696,17,632,179,1
177712,17,614,179,1
177729,17,608,197,1
177745,17,612,175,1
177762,17,612,179,1
177779,17,604,203,1
177795,17,611,182,1
177812,17,613,186,1
177829,17,608,183,1
177845,17,605,192,1
177862,17,609,182,1
177879,17,605,190,1
177895,17,604,195,1
177912,17,608,177,1
177928,17,602,206,1
177945,17,607,186,1
177962,17,606,186,1
177978,17,597,210,1
177995,17,604,189,1
178012,17,603,204,1
178028,17,605,191,1
178045,17,606,200,1
178062,17,607,191,1
178078,17,605,182,1
178095,17,606,199,1
178111,17,604,194,1
178128,17,604,192,1
178145,17,603,194,1
178161,17,608,190,1
178178,17,604,200,1
178195,17,603,200,1
178211,17,658,189,1
178228,17,731,184,0
178245,17,784,222,0
178261,17,779,206,0
178278,17,777,193,0
178294,17,772,222,0
178311,17,772,207,0
178328,17,779,225,0
178344,17,798,222,0
178361,17,776,216,0
178378,17,780,227,0
178394,17,771,210,0
178411,17,767,213,0
178428,17,766,223,0
178444,17,772,219,0
178461,17,779,223,0
178477,17,783,213,0
178494,17,711,266,0
178511,17,604,369,2
178527,17,527,424,3
178544,17,520,434,3
178561,17,501,457,3
178577,17,504,453,3
178594,17,510,446,3
178611,17,510,439,3
178627,17,523,446,3
178644,17,518,436,3
178660,17,516,447,3
178677,17,508,436,3
178694,17,519,443,3
178710,17,511,440,3
178727,17,504,462,3
178744,17,513,444,3
178760,17,512,444,3
178777,17,516,440,3
178794,17,518,453,3
178810,17,506,457,3
178827,17,518,445,3
178843,17,515,433,3
178860,17,517,438,3
178877,17,513,461,3
178893,17,509,447,3
178910,17,515,441,3
178927,17,519,425,3
178943,17,520,441,3
178960,17,515,445,3
178976,17,517,430,3
178993,17,520,435,3
179010,17,516,429,3
179026,17,515,438,3
179043,17,508,438,3
179060,17,510,449,3
179076,17,512,431,3
179093,17,503,450,3
179110,17,518,445,3
179126,17,512,427,3
179143,17,517,438,3
179159,17,509,438,3
179176,17,512,439,3
179193,17,507,442,3
179209,17,471,392,2
179226,17,485,389,2
179243,17,474,388,2
179259,17,473,398,2
179276,17,472,398,2
179293,17,470,389,2
179309,17,469,392,2
179326,17,470,388,2
179342,17,475,396,2
179359,17,469,393,2
179376,17,474,403,2
179392,17,473,397,2
179409,17,468,399,2
179426,17,478,391,2
179442,17,472,393,2
179459,17,470,388,2
179476,17,467,395,2
179492,17,470,391,2
179509,17,475,387,2
179525,17,468,380,2
179542,17,472,389,2
179559,17,468,394,2
179575,17,466,395,2
179592,17,467,392,2
179609,17,467,394,2
179625,17,468,402,2
179642,17,467,402,2
179659,17,472,393,2
179675,17,466,412,2
179692,17,464,407,2
179708,17,468,392,2
179725,17,469,379,2
179742,17,464,393,2
179758,17,465,392,2
179775,17,471,389,2
179792,17,520,416,2
179808,17,529,401,2
179825,17,534,401,2
179842,17,522,414,2
179858,17,523,423,3
179875,17,525,402,2
179891,17,528,396,2
179908,17,527,394,2
179925,17,526,412,2
179941,17,528,418,5
179958,17,532,388,2
179975,17,525,414,2
179991,17,523,406,2
180008,17,525,412,2
180024,17,519,406,2
180041,17,522,406,2
180058,17,531,404,2
180074,17,528,395,2
180091,17,532,397,2
180108,17,529,410,2
180124,17,528,405,2
180141,17,527,408,2
180158,17,520,397,2
180174,17,523,417,5
180191,17,525,404,2
180207,17,526,398,2
180224,17,525,404,2
180241,17,521,404,2
180257,17,526,392,2
180274,17,528,415,2
180291,17,526,385,2
180307,17,523,405,2
180324,17,524,406,2
180341,17,524,402,2
180357,17,528,391,2
180374,17,527,381,2
180390,17,523,388,2
180407,17,518,391,2
180424,17,515,384,2
180440,17,529,390,2
180457,17,526,392,2
180474,17,525,407,2
180490,17,527,381,2
180507,17,527,395,2
180524,17,521,400,2
180540,17,530,385,2
180557,17,525,387,2
180573,17,525,385,2
180590,17,526,384,2
180607,17,526,392,2
180623,17,515,439,3
180640,17,521,416,2
180657,17,526,420,5
180673,17,518,429,3
180690,17,506,434,3
180707,17,519,437,3
180723,17,517,433,3
180740,17,523,428,3
180756,17,516,416,2
180773,17,523,423,3
180790,17,523,432,3
180806,17,522,418,5
180823,17,517,433,3
180840,17,518,437,3
180856,17,518,434,3
180873,17,519,439,3
180890,17,518,442,3
180906,17,516,434,3
180923,17,520,432,3
180939,17,519,415,2
180956,17,519,436,3
180973,17,505,419,5
180989,17,515,433,3
181006,17,512,425,3
181023,17,514,436,3
181039,17,514,437,3
181056,17,514,436,3
181073,17,525,417,5
181089,17,514,423,3
181106,17,513,431,3
181122,17,515,431,3
181139,17,512,422,3
181156,17,548,402,2
181172,17,572,396,2
181189,17,565,395,2
181206,17,570,380,2
181222,17,574,383,2
181239,17,573,376,2
181255,17,572,392,2
181272,17,566,390,2
181289,17,570,399,2
181305,17,572,390,2
181322,17,574,393,2
181339,17,577,396,2
181355,17,571,388,2
181372,17,571,406,2
181389,17,572,398,2
181405,17,574,394,2
181422,17,569,387,2
181438,17,575,399,2
181455,17,533,425,3
181472,17,525,445,3
181488,17,523,444,3
181505,17,523,432,3
181522,17,509,451,3
181538,17,511,437,3
181555,17,523,447,3
181572,17,516,440,3
181588,17,514,437,3
181605,17,518,443,3
181621,17,523,423,3
181638,17,515,448,3
181655,17,519,455,3
181671,17,487,457,3
181688,17,500,466,3
181705,17,494,459,3
181721,17,495,485,3
181738,17,499,480,3
181755,17,500,468,3
181771,17,496,470,3
181788,17,504,457,3
181804,17,501,463,3
181821,17,504,469,3
181838,17,503,468,3
181854,17,498,466,3
181871,17,501,463,3
181888,17,499,463,3
181904,17,500,442,3
181921,17,499,454,3
181938,17,497,455,3
181954,17,497,455,3
181971,17,509,448,3
181987,17,500,462,3
182004,17,504,481,3
182021,17,501,455,3
182037,17,496,464,3
182054,17,499,477,3
182071,17,496,463,3
182087,17,505,453,3
182104,17,504,457,3
182121,17,499,473,3
182137,17,498,449,3
182154,17,491,459,3
182170,17,501,451,3
182187,17,498,458,3
182204,17,496,465,3
182220,17,504,452,3
182237,17,500,464,3
182254,17,504,473,3
182270,17,497,450,3
182287,17,503,468,3
182304,17,505,452,3
182320,17,500,452,3
182337,17,500,461,3
182353,17,536,393,2
182370,17,543,382,2
182387,17,538,387,2
182403,17,542,383,2
182420,17,537,384,2
182437,17,539,378,2
182453,17,539,394,2
182470,17,541,383,2
182486,17,541,372,2
182503,17,539,378,2
182520,17,540,376,2
182536,17,545,377,2
182553,17,547,360,4
182570,17,544,370,2
182586,17,539,370,2
182603,17,544,357,4
182620,17,538,378,2
182636,17,539,376,2
182653,17,580,403,2
182669,17,606,398,2
182686,17,606,392,2
182703,17,605,401,2
182719,17,595,395,2
182736,17,606,389,2
182753,17,606,393,2
182769,17,606,409,2
182786,17,605,393,2
182803,17,604,400,2
182819,17,604,406,2
182836,17,603,411,2
182852,17,603,394,2
182869,17,605,393,2
182886,17,604,385,2
182902,17,606,396,2
182919,17,606,395,2
182936,17,604,398,2
182952,17,605,394,2
182969,17,602,410,2
182986,17,606,396,2
183002,17,605,387,2
183019,17,608,386,2
183035,17,604,375,2
183052,17,608,400,2
183069,17,603,392,2
183085,17,603,404,2
183102,17,603,405,2
183119,17,604,404,2
183135,17,603,396,2
183152,17,603,403,2
183169,17,607,394,2
183185,17,605,383,2
183202,17,603,393,2
183218,17,607,403,2
183235,17,606,392,2
183252,17,609,379,2
183268,17,608,393,2
183285,17,605,392,2
183302,17,608,393,2
183318,17,605,385,2
183335,17,565,405,2
183352,17,561,369,2
183368,17,560,409,2
183385,17,559,397,2
183401,17,560,386,2
183418,17,562,387,2
183435,17,556,399,2
183451,17,560,392,2
183468,17,559,400,2
183485,17,558,400,2
183501,17,558,399,2
183518,17,549,386,2
183534,17,489,408,2
183551,17,483,403,2
183568,17,479,405,2
183584,17,479,419,3
183601,17,482,409,2
183618,17,483,402,2
183634,17,480,402,2
183651,17,484,401,2
183668,17,485,392,2
183684,17,486,399,2
183701,17,488,405,2
183717,17,480,413,2
183734,17,482,415,2
183751,17,483,417,2
183767,17,481,412,2
183784,17,480,405,2
183801,17,485,399,2
183817,17,487,384,2
183834,17,487,405,2
183851,17,501,406,2
183867,17,536,400,2
183884,17,530,396,2
183900,17,534,406,2
183917,17,532,404,2
183934,17,530,419,5
183950,17,528,422,3
183967,17,535,404,2
183984,17,531,412,2
184000,17,533,409,2
184017,17,536,399,2
184034,17,536,398,2
184050,17,530,410,2
184067,17,532,411,2
184083,17,534,404,2
184100,17,531,417,5
184117,17,533,423,3
184133,17,533,404,2
184150,17,532,400,2
184167,17,530,411,2
184183,17,533,396,2
184200,17,535,396,2
184217,17,535,401,2
184233,17,536,394,2
184250,17,535,404,2
184266,17,529,397,2
184283,17,529,405,2
184300,17,522,406,2
184316,17,527,403,2
184333,17,510,223,1
184350,17,522,342,4
184366,17,499,297,4
184383,17,529,302,4
184400,17,519,236,1
184416,17,532,281,0
184433,17,522,398,2
184449,17,519,409,2
184466,17,523,384,2
184483,17,524,384,2
184499,17,522,394,2
184516,17,523,397,2
184533,17,520,396,2
184549,17,524,396,2
184566,17,526,406,2
184583,17,523,392,2
184599,17,523,404,2
184616,17,523,397,2
184632,17,521,405,2
184649,17,523,402,2
184666,17,522,413,2
184682,17,525,403,2
184699,17,522,387,2
184716,17,522,393,2
184732,17,517,401,2
184749,17,520,413,2
184765,17,523,382,2
184782,17,526,392,2
184799,17,524,395,2
184815,17,527,388,2
184832,17,525,410,2
184849,17,526,405,2
184865,17,528,392,2
184882,17,524,393,2
184899,17,524,382,2
184915,17,521,415,2
184932,17,526,397,2
184948,17,521,391,2
184965,17,523,410,2
184982,17,521,415,2
184998,17,524,403,2
185015,17,527,397,2
185032,17,525,388,2
185048,17,524,409,2
185065,17,532,397,2
185082,17,524,399,2
185098,17,465,434,3
185115,17,401,468,3
185131,17,356,484,3
185148,17,358,501,3
185165,17,353,510,3
185181,17,350,514,3
185198,17,351,509,3
185215,17,355,496,3
185231,17,357,500,3
185248,17,351,501,3
185265,17,357,506,3
185281,17,353,522,3
185298,17,359,500,3
185314,17,356,498,3
185331,17,356,499,3
185348,17,360,483,3
185364,17,359,483,3
185381,17,340,518,3
185398,17,332,530,3
185414,17,337,516,3
185431,17,331,536,3
185448,17,336,524,3
185464,17,327,554,3
185481,17,327,532,3
185497,17,333,544,3
185514,17,328,548,3
185531,17,333,533,3
185547,17,340,527,3
185564,17,332,532,3
185581,17,328,539,3
185597,17,333,542,3
185614,17,335,524,3
185631,17,336,520,3
185647,17,332,537,3
185664,17,336,520,3
185680,17,333,531,3
185697,17,334,529,3
185714,17,333,535,3
185730,17,334,528,3
185747,17,337,540,3
185764,17,393,484,3
185780,17,441,445,3
185797,17,493,413,2
185813,17,526,391,2
185830,17,524,392,2
185847,17,527,392,2
185863,17,531,385,2
185880,17,530,378,2
185897,17,522,380,2
185913,17,531,386,2
185930,17,535,388,2
185947,17,526,377,2
185963,17,527,388,2
185980,17,537,362,4
185996,17,527,377,2
186013,17,526,389,2
186030,17,533,396,2
186046,17,528,377,2
186063,17,526,379,2
186080,17,527,383,2
186096,17,532,381,2
186113,17,531,374,2
186130,17,530,400,2
186146,17,562,371,2
186163,17,555,376,2
186179,17,561,344,4
186196,17,561,377,2
186213,17,557,370,2
186229,17,563,360,4
186246,17,562,352,4
186263,17,562,351,4
186279,17,561,364,4
186296,17,560,361,4
186313,17,561,377,2
186329,17,564,363,4
186346,17,562,369,2
186362,17,562,340,4
186379,17,559,372,2
186396,17,555,375,2
186412,17,559,374,2
186429,17,563,365,2
186446,17,564,351,4
186462,17,561,359,4
186479,17,562,343,4
186496,17,562,377,2
186512,17,564,355,4
186529,17,558,351,4
186545,17,561,363,4
186562,17,562,372,2
186579,17,563,374,2
186595,17,561,360,4
186612,17,556,372,2
186629,17,559,359,4
186645,17,560,363,4
186662,17,558,375,2
186679,17,559,376,2
186695,17,557,377,2
186712,17,558,376,2
186728,17,562,362,4
186745,17,562,368,2
186762,17,557,385,2
186778,17,550,355,4
186795,17,506,378,2
186812,17,512,379,2
186828,17,501,389,2
186845,17,508,390,2
186862,17,507,386,2
186878,17,504,370,2
186895,17,505,364,4
186911,17,505,367,2
186928,17,506,364,4
186945,17,511,378,2
186961,17,509,389,2
186978,17,505,393,2
186995,17,503,389,2
187011,17,503,376,2
187028,17,505,380,2
187044,17,510,376,2
187061,17,508,374,2
187078,17,509,375,2
187094,17,505,366,2
187111,17,510,363,4
187128,17,506,385,2
187144,17,513,367,2
187161,17,508,371,2
187178,17,509,364,4
187194,17,512,350,4
187211,17,513,360,4
187227,17,512,359,4
187244,17,510,363,4
187261,17,512,367,2
187277,17,508,367,2
187294,17,514,359,4
187311,17,510,359,4
187327,17,509,375,2
187344,17,513,369,2
187361,17,509,365,2
187377,17,515,359,4
187394,17,511,369,2
187410,17,512,360,4
187427,17,507,377,2
187444,17,511,355,4
187460,17,509,371,2
187477,17,499,375,2
187494,17,488,388,2
187510,17,484,337,4
187527,17,478,306,4
187544,17,462,338,4
187560,17,438,461,3
187577,17,434,475,3
187593,17,420,497,3
187610,17,428,395,2
187627,17,452,293,4
187643,17,458,261,0
187660,17,464,329,4
187677,17,457,396,2
187693,17,472,373,2
187710,17,469,388,2
187727,17,470,370,2
187743,17,472,384,2
187760,17,471,375,2
187776,17,471,384,2
187793,17,472,386,2
187810,17,471,384,2
187826,17,471,378,2
187843,17,473,384,2
187860,17,475,387,2
187876,17,517,386,2
187893,17,506,394,2
187910,17,514,387,2
187926,17,518,389,2
187943,17,514,395,2
187959,17,515,396,2
187976,17,515,393,2
187993,17,515,407,2
188009,17,513,402,2
188026,17,520,390,2
188043,17,521,376,2
188059,17,524,384,2
188076,17,522,394,2
188092,17,524,388,2
188109,17,526,384,2
188126,17,523,379,2
188142,17,526,385,2
188159,17,525,380,2
188176,17,521,388,2
188192,17,520,396,2
188209,17,528,380,2
188226,17,526,367,2
188242,17,524,389,2
188259,17,525,370,2
188275,17,527,372,2
188292,17,527,377,2
188309,17,521,395,2
188325,17,524,377,2
188342,17,525,387,2
188359,17,525,375,2
188375,17,524,377,2
188392,17,527,354,4
188409,17,525,369,2
188425,17,525,383,2
188442,17,525,383,2
188458,17,525,385,2
188475,17,531,365,2
188492,17,522,386,2
188508,17,524,385,2
188525,17,523,380,2
188542,17,526,375,2
188558,17,526,375,2
188575,17,528,374,2
188592,17,521,376,2
188608,17,524,398,2
188625,17,526,381,2
188641,17,523,388,2
188658,17,528,383,2
188675,17,524,394,2
188691,17,527,384,2
188708,17,526,369,2
188725,17,526,373,2
188741,17,525,373,2
188758,17,525,385,2
188775,17,524,386,2
188791,17,521,378,2
188808,17,529,368,2
188824,17,525,384,2
188841,17,524,387,2
188858,17,522,387,2
188874,17,523,386,2
188891,17,524,377,2
188908,17,523,382,2
188924,17,523,379,2
188941,17,525,381,2
188958,17,521,386,2
188974,17,524,386,2
188991,17,522,388,2
189007,17,525,388,2
189024,17,528,378,2
189041,17,527,385,2
189057,17,527,368,2
189074,17,527,376,2
189091,17,524,367,2
189107,17,512,394,2
189124,17,510,387,2
189141,17,512,376,2
189157,17,508,384,2
189174,17,511,377,2
189190,17,511,384,2
189207,17,512,389,2
189224,17,507,394,2
189240,17,509,387,2
189257,17,510,381,2
189274,17,505,389,2
189290,17,510,388,2
189307,17,503,396,2
189323,17,503,387,2
189340,17,505,390,2
189357,17,514,391,2
189373,17,508,376,2
189390,17,510,384,2
189407,17,504,385,2
189423,17,501,391,2
189440,17,493,390,2
189457,17,511,381,2
189473,17,507,376,2
189490,17,504,378,2
189506,17,522,442,3
189523,17,529,511,3
189540,17,542,532,3
189556,17,549,532,3
189573,17,540,549,3
189590,17,555,545,3
189606,17,553,537,3
189623,17,552,535,3
189640,17,552,545,3
189656,17,543,537,3
189673,17,550,543,3
189689,17,595,572,3
189706,17,620,566,3
189723,17,622,561,3
189739,17,638,546,3
189756,17,632,543,3
189773,17,625,566,3
189789,17,624,571,3
189806,17,625,563,3
189823,17,620,545,3
189839,17,625,557,3
189856,17,623,582,3
189872,17,623,549,3
189889,17,621,559,3
189906,17,627,563,3
189922,17,618,559,3
189939,17,630,570,3
189956,17,619,559,3
190022,67,623,542,3
190022,0,623,542,3
190039,17,586,557,3
190055,17,490,546,3
190072,17,421,534,3
190089,17,428,534,3
190105,17,429,541,3
190122,17,429,540,3
190139,17,428,536,3
190155,17,430,537,3
190172,17,427,537,3
190189,17,431,539,3
190205,17,432,529,3
190222,17,428,544,3
190238,17,429,529,3
190255,17,428,526,3
190272,17,430,521,3
190288,17,391,459,3
190305,17,375,430,3
190322,17,380,401,2
190338,17,374,400,2
190355,17,377,396,2
190372,17,375,403,2
190388,17,370,396,2
190405,17,374,403,2
190421,17,375,399,2
190438,17,383,402,2
190455,17,375,382,2
190471,17,375,400,2
190488,17,378,406,2
190505,17,378,408,2
190521,17,376,404,2
190538,17,373,403,2
190554,17,354,368,2
190571,17,356,363,0
190588,17,333,367,2
190604,17,354,343,0
190621,17,348,365,2
190638,17,333,367,2
190654,17,343,360,0
190671,17,335,367,2
190688,17,344,364,0
190704,17,326,364,0
190721,17,353,358,0
190737,17,358,354,0
190754,17,343,364,0
190771,17,404,351,0
190787,17,486,348,4
190804,17,548,349,4
190821,17,558,330,4
190837,17,570,346,4
190854,17,570,333,4
190871,17,566,341,4
190887,17,576,309,4
190904,17,570,314,4
190920,17,565,333,4
190937,17,572,328,4
190954,17,565,340,4
190970,17,567,322,4
190987,17,568,334,4
191004,17,569,340,4
191020,17,570,329,4
191037,17,575,320,4
191054,17,569,321,4
191070,17,570,332,4
191087,17,567,330,4
191103,17,569,326,4
191120,17,571,327,4
191137,17,572,320,4
191153,17,568,321,4
191170,17,573,319,4
191187,17,571,319,4
191203,17,571,319,4
191220,17,563,329,4
191237,17,565,334,4
191253,17,569,319,4
191270,17,567,331,4
191286,17,573,323,4
191303,17,572,316,4
191320,17,571,324,4
191336,17,567,330,4
191353,17,568,328,4
191370,17,571,315,4
191386,17,579,379,2
191403,17,572,440,3
191420,17,563,484,3
191436,17,569,475,3
191453,17,569,479,3
191469,17,567,474,3
191486,17,568,483,3
191503,17,568,480,3
191519,17,568,501,3
191536,17,569,489,3
191553,17,565,475,3
191569,17,552,545,3
191586,17,543,631,3
191602,17,546,635,3
191619,17,544,671,3
191636,17,550,651,3
191652,17,534,664,3
191669,17,533,668,3
191686,17,540,664,3
191702,17,543,663,3
191719,17,541,672,3
191736,17,537,645,3
191752,17,538,675,3
191769,17,543,661,3
191785,17,540,667,3
191802,17,554,649,3
191819,17,541,667,3
191835,17,537,663,3
191852,17,543,653,3
191869,17,543,651,3
191885,17,543,648,3
191902,17,484,639,3
191919,17,504,551,3
191935,17,519,477,3
191952,17,545,429,3
191968,17,549,402,2
191985,17,553,380,2
192002,17,550,403,2
192018,17,547,405,2
192035,17,550,396,2
192052,17,551,395,2
192068,17,551,387,2
192085,17,549,406,2
192102,17,545,407,2
192118,17,551,395,2
192135,17,553,405,2
192151,17,543,403,2
192168,17,549,389,2
192185,17,549,389,2
192201,17,538,426,3
192218,17,457,536,3
192235,17,405,687,3
192251,17,379,789,0
192268,17,383,790,0
192285,17,383,809,0
192301,17,376,817,0
192318,17,373,821,0
192334,17,379,823,0
192351,17,378,815,0
192368,17,376,815,0
192384,17,366,818,0
192401,17,381,810,0
192418,17,360,810,0
192434,17,378,817,0
192451,17,383,813,0
192468,17,388,821,0
192484,17,389,820,0
192501,17,413,844,0
192517,17,412,829,0
192534,17,421,839,0
192551,17,410,841,0
192567,17,413,836,0
192584,17,416,835,0
192601,17,412,836,0
192617,17,409,843,0
192634,17,415,838,0
192651,17,427,842,0
192667,17,414,834,0
192684,17,415,839,0
192700,17,416,844,0
192717,17,414,840,0
192734,17,421,835,0
192750,17,459,753,3
192767,17,506,661,3
192784,17,561,400,2
192800,17,484,461,3
192817,17,551,549,3
192833,17,549,521,3
192850,17,570,241,1
192867,17,554,393,2
192883,17,558,371,2
192900,17,563,360,4
192917,17,561,385,2
192933,17,559,387,2
192950,17,558,379,2
192967,17,559,391,2
192983,17,556,376,2
193000,17,556,383,2
193016,17,557,387,2
193033,17,554,396,2
193050,17,558,383,2
193066,17,559,373,2
193083,17,561,381,2
193100,17,557,384,2
193116,17,556,402,2
193133,17,554,399,2
193150,17,558,386,2
193166,17,559,395,2
193183,17,558,399,2
193199,17,558,405,2
193216,17,554,395,2
193233,17,553,405,2
193249,17,556,394,2
193266,17,556,397,2
193283,17,556,388,2
193299,17,560,389,2
193316,17,556,399,2
193333,17,558,387,2
193349,17,563,385,2
193366,17,558,389,2
193382,17,562,363,4
193399,17,558,378,2
193416,17,555,406,2
193432,17,563,369,2
193449,17,558,402,2
193466,17,556,404,2
193482,17,556,407,2
193499,17,536,466,3
193516,17,529,519,3
193532,17,525,509,3
193549,17,524,525,3
193565,17,531,505,3
193582,17,531,514,3
193599,17,526,516,3
193615,17,531,524,3
193632,17,532,507,3
193649,17,528,519,3
193665,17,525,529,3
193682,17,493,565,3
193699,17,482,566,3
193715,17,474,568,3
193732,17,469,562,3
193748,17,471,555,3
193765,17,465,584,3
193782,17,466,553,3
193798,17,467,561,3
193815,17,467,567,3
193832,17,472,572,3
193848,17,473,560,3
193865,17,475,571,3
193881,17,477,559,3
193898,17,472,567,3
193915,17,449,564,3
193931,17,464,579,3
193948,17,458,561,3
193965,17,454,559,3
193981,17,458,562,3
193998,17,451,563,3
194015,17,456,564,3
194031,17,448,574,3
194048,17,460,568,3
194064,17,457,558,3
194081,17,455,567,3
194098,17,443,582,3
194114,17,457,558,3
194131,17,455,564,3
194148,17,446,573,3
194164,17,450,584,3
194181,17,457,562,3
194198,17,489,485,3
194214,17,527,414,2
194231,17,541,386,2
194247,17,542,379,2
194264,17,545,390,2
194281,17,549,380,2
194297,17,545,385,2
194314,17,546,394,2
194331,17,548,368,2
194347,17,546,388,2
194364,17,539,357,4
194381,17,519,305,4
194397,17,498,275,0
194414,17,490,281,0
194430,17,489,280,0
194447,17,489,285,0
194464,17,489,275,0
194480,17,489,275,0
194497,17,490,278,0
194514,17,490,288,4
194530,17,491,281,0
194547,17,491,272,0
194564,17,495,277,0
194580,17,488,274,0
194597,17,492,275,0
194613,17,480,283,0
194630,17,425,321,4
194647,17,423,318,4
194663,17,414,332,0
194680,17,416,329,4
194697,17,421,302,4
194713,17,417,305,4
194730,17,417,315,4
194747,17,425,319,4
194763,17,415,327,0
194846,83,421,305,4
194846,0,421,305,4
194863,17,419,316,4
194880,17,418,318,4
194896,17,419,326,4
194913,17,415,336,0
194930,17,426,310,4
194946,17,418,317,4
194963,17,423,312,4
194979,17,416,315,4
194996,17,414,328,0
195013,17,415,331,0
195029,17,417,324,4
195046,17,417,332,4
195063,17,419,325,4
195079,17,421,319,4
195096,17,413,319,0
195112,17,412,335,0
195129,17,416,325,4
195146,17,413,332,0
195162,17,418,326,4
195179,17,415,323,0
195196,17,417,316,4
195212,17,410,331,0
195229,17,419,303,4
195246,17,416,315,4
195262,17,415,328,0
195279,17,415,307,0
195295,17,436,307,4
195312,17,455,320,4
195329,17,448,327,4
195345,17,454,321,4
195362,17,456,301,4
195379,17,468,305,4
195395,17,461,312,4
195412,17,456,308,4
195429,17,455,313,4
195445,17,452,311,4
195462,17,455,321,4
195478,17,406,348,0
195495,17,330,414,2
195512,17,315,410,2
195528,17,296,425,3
195545,17,317,402,2
195562,17,312,415,2
195578,17,316,416,2
195595,17,314,413,2
195612,17,309,410,2
195628,17,309,419,3
195645,17,305,416,2
195661,17,293,411,2
195678,17,289,432,3
195695,17,281,434,3
195711,17,286,430,3
195728,17,282,422,3
195745,17,285,423,3
195761,17,284,434,3
195778,17,288,426,3
195795,17,276,442,3
195811,17,284,433,3
195828,17,280,432,3
195844,17,275,434,3
195861,17,283,439,3
195878,17,278,430,3
195894,17,288,425,3
195911,17,285,416,2
195928,17,299,421,3
195944,17,409,409,2
195961,17,495,395,2
195978,17,513,386,2
195994,17,521,390,2
196011,17,522,400,2
196027,17,521,390,2
196044,17,522,393,2
196061,17,519,406,2
196077,17,517,406,2
196094,17,520,407,2
196111,17,524,390,2
196127,17,522,395,2
196144,17,524,400,2
196160,17,522,385,2
196177,17,529,407,2
196194,17,540,398,2
196210,17,546,397,2
196227,17,545,398,2
196244,17,541,409,2
196260,17,539,399,2
196277,17,545,391,2
196294,17,544,376,2
196310,17,541,403,2
196327,17,540,385,2
196343,17,539,404,2
196360,17,542,390,2
196377,17,549,412,2
196393,17,555,383,2
196410,17,549,391,2
196427,17,552,396,2
196443,17,551,389,2
196460,17,548,388,2
196477,17,549,398,2
196493,17,554,398,2
196510,17,549,395,2
196526,17,549,405,2
196543,17,550,400,2
196560,17,552,384,2
196576,17,546,390,2
196593,17,549,400,2
196610,17,550,392,2
196626,17,545,397,2
196643,17,546,406,2
196660,17,550,392,2
196676,17,551,392,2
196693,17,547,403,2
196709,17,543,394,2
196726,17,547,386,2
196743,17,547,385,2
196759,17,549,386,2
196776,17,549,394,2
196793,17,546,405,2
196809,17,551,377,2
196826,17,544,401,2
196843,17,547,390,2
196859,17,544,407,2
196876,17,545,415,2
196892,17,544,399,2
196909,17,544,386,2
196926,17,543,400,2
196942,17,543,402,2
196959,17,543,406,2
196976,17,545,401,2
196992,17,547,397,2
197009,17,548,382,2
197026,17,545,385,2
197042,17,514,436,3
197059,17,449,489,3
197075,17,381,519,3
197092,17,375,512,3
197109,17,366,527,3
197125,17,368,519,3
197142,17,374,507,3
197159,17,371,514,3
197175,17,371,515,3
197192,17,372,523,3
197209,17,372,512,3
197225,17,375,510,3
197242,17,374,511,3
197258,17,354,514,3
197275,17,323,519,3
197292,17,329,539,3
197308,17,324,535,3
197325,17,320,536,3
197342,17,326,528,3
197358,17,321,529,3
197375,17,326,545,3
197391,17,328,522,3
197408,17,323,532,3
197425,17,330,535,3
197441,17,326,540,3
197458,17,325,531,3
197475,17,322,539,3
197491,17,326,520,3
197508,17,325,534,3
197525,17,326,531,3
197541,17,328,521,3
197558,17,329,516,3
197574,17,318,509,3
197591,17,328,511,3
197608,17,324,514,3
197624,17,320,507,3
197641,17,318,517,3
197658,17,318,513,3
197674,17,320,513,3
197691,17,319,515,3
197708,17,317,517,3
197724,17,363,478,3
197741,17,445,424,3
197757,17,524,378,2
197774,17,548,377,2
197791,17,552,370,2
197807,17,548,382,2
197824,17,550,388,2
197841,17,550,374,2
197857,17,552,374,2
197874,17,551,370,2
197891,17,550,365,2
197907,17,549,367,2
197924,17,551,380,2
197940,17,552,360,4
197957,17,550,357,4
197974,17,549,364,4
197990,17,550,367,2
198007,17,503,364,4
198024,17,486,363,4
198040,17,486,363,4
198057,17,493,350,4
198074,17,483,363,4
198090,17,493,355,4
198107,17,488,372,2
198123,17,487,365,2
198140,17,481,364,4
198157,17,487,367,2
198173,17,490,348,4
198190,17,483,363,4
198207,17,490,354,4
198223,17,485,350,4
198240,17,476,376,2
198257,17,488,372,2
198273,17,484,356,4
198290,17,486,354,4
198306,17,485,359,4
198323,17,484,362,4
198340,17,490,364,4
198356,17,485,360,4
198373,17,479,352,4
198390,17,477,359,4
198406,17,473,361,4
198423,17,480,356,4
198440,17,479,340,4
198456,17,478,349,4
198473,17,468,364,4
198489,17,475,365,2
198506,17,478,358,4
198523,17,480,362,4
198539,17,477,347,4
198556,17,479,359,4
198573,17,478,352,4
198589,17,478,348,4
198606,17,411,344,0
198622,17,347,357,0
198639,17,326,348,0
198656,17,310,371,2
198672,17,318,357,0
198689,17,306,360,0
198706,17,317,359,0
198722,17,324,365,2
198739,17,334,357,0
198756,17,322,359,0
198772,17,336,355,0
198789,17,319,367,2
198805,17,323,356,0
198822,17,313,367,2
198839,17,317,350,0
198855,17,327,356,0
198872,17,313,362,0
198889,17,335,368,2
198905,17,324,356,0
198922,17,384,349,0
198939,17,460,339,4
198955,17,533,339,4
198972,17,535,340,4
198988,17,549,347,4
199005,17,548,352,4
199022,17,550,338,4
199038,17,553,329,4
199055,17,550,354,4
199072,17,550,348,4
199088,17,553,346,4
199105,17,552,329,4
199122,17,554,340,4
199138,17,550,344,4
199155,17,553,333,4
199171,17,529,341,4
199188,17,506,358,4
199205,17,509,337,4
199221,17,508,353,4
199238,17,504,345,4
199255,17,501,354,4
199271,17,501,358,4
199288,17,501,350,4
199305,17,501,356,4
199321,17,503,338,4
199338,17,505,345,4
199354,17,535,323,4
199371,17,580,340,4
199388,17,580,333,4
199404,17,589,329,4
199421,17,586,326,4
199438,17,586,322,4
199454,17,589,322,4
199471,17,587,330,4
199488,17,585,340,4
199504,17,586,357,4
199521,17,586,330,4
199537,17,589,334,4
199554,17,582,345,4
199571,17,588,337,4
199587,17,589,333,4
199604,17,548,367,2
199621,17,529,386,2
199637,17,522,410,2
199654,17,519,428,3
199670,17,517,410,2
199687,17,521,428,3
199704,17,523,425,3
199720,17,520,427,3
199737,17,517,432,3
199754,17,519,420,5
199770,17,521,425,3
199787,17,518,435,3
199804,17,516,439,3
199820,17,518,425,3
199837,17,520,420,5
199853,17,519,410,2
199870,17,515,436,3
199887,17,512,451,3
199903,17,517,436,3
199920,17,520,427,3
199937,17,517,421,5
199953,17,521,421,5
199970,17,518,430,3
199987,17,515,427,3
200003,17,520,436,3
200020,17,519,422,3
200036,17,518,442,3
200053,17,517,425,3
200070,17,520,425,3
200086,17,522,422,3
200103,17,542,401,2
200120,17,542,400,2
200136,17,538,425,3
200153,17,537,409,2
200170,17,541,409,2
200186,17,540,411,2
200203,17,543,394,2
200219,17,541,424,3
200236,17,543,405,2
200253,17,535,418,5
200269,17,539,408,2
200286,17,538,409,2
200303,17,538,418,5
200319,17,541,407,2
200336,17,540,401,2
200353,17,542,407,2
200369,17,541,407,2
200386,17,537,421,5
200402,17,542,397,2
200419,17,537,421,5
200436,17,539,418,5
200452,17,537,403,2
200469,17,539,403,2
200486,17,541,417,5
200502,17,542,408,2
200519,17,542,397,2
200536,17,539,407,2
200552,17,540,408,2
200569,17,541,407,2
200585,17,539,390,2
200602,17,535,417,5
200619,17,525,396,2
200635,17,528,346,4
200652,17,520,307,4
200669,17,491,500,3
200685,17,479,603,3
200835,150,468,483,3
200852,17,474,342,4
200868,17,482,315,4
200885,17,511,343,4
200901,17,513,419,5
200918,17,517,413,2
200935,17,518,420,5
200951,17,517,412,2
200968,17,518,416,2
200985,17,518,412,2
201001,17,518,416,2
201018,17,524,399,2
201035,17,521,412,2
201051,17,516,412,2
201068,17,517,407,2
201084,17,521,405,2
201101,17,519,421,5
201118,17,520,413,2
201134,17,516,398,2
201151,17,522,405,2
201168,17,522,403,2
201184,17,524,411,2
201201,17,519,419,5
201218,17,521,417,5
201234,17,521,410,2
201251,17,522,401,2
201267,17,519,406,2
201284,17,522,417,5
201301,17,522,415,2
201317,17,525,395,2
201334,17,523,403,2
201351,17,523,408,2
201367,17,526,417,5
201384,17,525,407,2
201401,17,521,399,2
201417,17,522,402,2
201434,17,522,403,2
201450,17,525,405,2
201467,17,525,403,2
201484,17,528,406,2
201500,17,523,411,2
201517,17,523,419,5
201534,17,522,418,5
201550,17,523,414,2
201567,17,522,394,2
201584,17,537,438,3
201600,17,533,429,3
201617,17,535,437,3
201633,17,533,439,3
201650,17,540,428,3
201667,17,534,448,3
201683,17,534,443,3
201700,17,533,441,3
201717,17,539,449,3
201733,17,537,432,3
201750,17,542,426,3
201767,17,536,429,3
201783,17,538,435,3
201800,17,538,419,5
201816,17,533,446,3
201833,17,534,440,3
201850,17,532,435,3
201883,33,535,446,3
201883,0,535,446,3
201900,17,535,419,5
201916,17,532,445,3
201933,17,536,440,3
201949,17,537,442,3
201966,17,534,440,3
201983,17,511,398,2
201999,17,499,396,2
202016,17,497,375,2
202033,17,496,389,2
202049,17,498,371,2
202066,17,495,391,2
202083,17,501,385,2
202099,17,497,393,2
202116,17,503,372,2
202132,17,498,384,2
202149,17,502,376,2
202166,17,500,387,2
202182,17,496,394,2
202199,17,468,390,2
202216,17,379,400,2
202232,17,337,392,2
202249,17,340,400,2
202266,17,328,403,2
202282,17,337,406,2
202299,17,337,407,2
202315,17,336,412,2
202332,17,335,404,2
202349,17,335,413,2
202365,17,337,402,2
202382,17,334,394,2
202399,17,338,399,2
202415,17,336,403,2
202432,17,331,416,2
202449,17,337,407,2
202465,17,341,397,2
202482,17,339,413,2
202498,17,340,403,2
202515,17,337,411,2
202532,17,339,419,3
202548,17,338,393,2
202565,17,340,412,2
202582,17,418,403,2
202598,17,477,401,2
202615,17,500,435,3
202632,17,500,417,5
202648,17,495,419,5
202665,17,500,426,3
202681,17,505,421,5
202698,17,498,430,3
202715,17,498,447,3
202731,17,506,405,2
202748,17,503,413,2
202765,17,494,429,3
202781,17,501,422,3
202798,17,502,429,3
202815,17,498,429,3
202831,17,494,429,3
202848,17,505,431,3
202864,17,500,415,2
202881,17,513,430,3
202898,17,529,449,3
202914,17,527,455,3
202931,17,525,447,3
202948,17,522,453,3
202964,17,518,450,3
202981,17,519,452,3
202998,17,522,462,3
203014,17,511,471,3
203031,17,522,450,3
203047,17,525,453,3
203064,17,522,452,3
203081,17,534,442,3
203097,17,522,453,3
203114,17,519,460,3
203131,17,515,464,3
203147,17,524,452,3
203164,17,529,437,3
203180,17,528,441,3
203197,17,520,434,3
203214,17,520,454,3
203230,17,521,462,3
203247,17,530,438,3
203264,17,525,457,3
203280,17,527,455,3
203297,17,528,449,3
203314,17,517,462,3
203330,17,523,442,3
203347,17,527,442,3
203363,17,514,464,3
203380,17,509,418,5
203397,17,507,400,2
203413,17,507,395,2
203430,17,516,388,2
203447,17,505,389,2
203463,17,512,393,2
203480,17,506,394,2
203497,17,511,377,2
203513,17,507,390,2
203530,17,506,385,2
203546,17,509,384,2
203563,17,509,384,2
203580,17,513,385,2
203596,17,509,379,2
203613,17,538,372,2
203630,17,565,384,2
203646,17,558,388,2
203663,17,567,379,2
203680,17,564,384,2
203696,17,568,376,2
203713,17,564,365,2
203729,17,562,383,2
203746,17,570,373,2
203763,17,570,373,2
203779,17,570,369,2
203796,17,565,371,2
203813,17,569,385,2
203829,17,574,361,4
203846,17,565,378,2
203863,17,568,380,2
