Time (ms),Timegap (ms),Gaze X,Gaze Y,AOI
0,0,1048,785,0
17,17,1053,784,0
33,17,1050,782,0
50,17,1051,752,0
67,17,1050,781,0
83,17,1050,788,0
100,17,1049,789,0
116,17,1046,788,0
133,17,1048,785,0
150,17,1045,786,0
166,17,1052,782,0
183,17,1052,785,0
200,17,1047,792,0
216,17,1049,783,0
233,17,1034,672,0
250,17,1031,763,0
482,233,728,487,3
499,17,461,508,3
516,17,489,389,2
532,17,486,381,2
549,17,491,412,2
566,17,492,414,2
582,17,488,397,2
599,17,492,417,5
615,17,487,396,2
632,17,489,414,2
649,17,491,403,2
665,17,491,421,5
682,17,490,409,2
699,17,492,404,2
715,17,496,420,5
765,50,494,400,2
782,17,498,413,2
798,17,497,414,2
815,17,621,451,3
832,17,739,542,3
848,17,844,590,3
865,17,895,620,3
882,17,890,617,3
898,17,899,626,3
915,17,894,623,3
932,17,897,627,3
948,17,898,624,3
965,17,898,627,3
981,17,900,635,3
998,17,901,637,3
1015,17,905,634,3
1031,17,896,631,3
1048,17,1003,728,3
1065,17,1032,751,0
1081,17,1016,708,3
1098,17,1035,763,0
1115,17,1033,766,0
1131,17,1036,764,0
1148,17,1031,771,0
1164,17,1035,770,0
1181,17,1038,772,0
1198,17,1037,770,0
1214,17,1037,759,0
1231,17,1032,760,0
1248,17,1038,773,0
1264,17,1037,766,0
1281,17,1039,774,0
1298,17,1035,769,0
1314,17,1035,771,0
1331,17,1039,768,0
1347,17,924,681,3
1364,17,748,560,3
1381,17,587,481,3
1397,17,510,389,2
1414,17,522,385,2
1431,17,513,377,2
1447,17,519,383,2
1464,17,521,393,2
1481,17,517,357,4
1497,17,519,377,2
1514,17,521,372,2
1530,17,518,360,4
1547,17,529,368,2
1564,17,526,354,4
1580,17,525,360,4
1597,17,528,354,4
1614,17,522,357,4
1630,17,478,350,4
1647,17,481,333,4
1664,17,472,368,2
1680,17,469,363,4
1697,17,469,349,4
1713,17,477,352,4
1730,17,477,346,4
1747,17,482,353,4
1763,17,477,351,4
1780,17,471,357,4
1797,17,483,358,4
1813,17,476,361,4
1830,17,474,354,4
1846,17,467,354,4
1863,17,476,351,4
1880,17,469,367,2
1896,17,449,362,4
1913,17,424,358,4
1930,17,427,362,4
1946,17,419,340,4
1963,17,416,350,4
1980,17,416,346,4
1996,17,431,345,4
2013,17,427,357,4
2029,17,410,357,0
2046,17,420,343,4
2063,17,424,327,4
2079,17,417,350,4
2096,17,420,354,4
2113,17,430,360,4
2129,17,417,352,4
2146,17,417,360,4
2163,17,422,350,4
2179,17,426,345,4
2196,17,406,350,0
2212,17,415,343,0
2229,17,412,339,0
2246,17,421,348,4
2262,17,411,337,0
2279,17,433,335,4
2296,17,529,354,4
2312,17,539,375,2
2329,17,540,368,2
2346,17,536,335,4
2362,17,544,350,4
2379,17,544,353,4
2395,17,544,346,4
2412,17,542,343,4
2429,17,544,345,4
2445,17,543,344,4
2462,17,541,353,4
2479,17,547,356,4
2495,17,545,332,4
2512,17,540,334,4
2529,17,543,333,4
2545,17,544,340,4
2562,17,548,358,4
2578,17,542,345,4
2595,17,548,353,4
2612,17,549,351,4
2628,17,542,349,4
2645,17,544,362,4
2662,17,544,347,4
2678,17,543,367,2
2695,17,550,359,4
2712,17,546,350,4
2728,17,545,359,4
2745,17,543,366,2
2761,17,543,368,2
2778,17,543,356,4
2795,17,540,360,4
2811,17,547,372,2
2828,17,548,362,4
2845,17,547,358,4
2944,100,575,563,3
2961,17,547,266,0
2978,17,553,363,4
2994,17,551,348,4
3011,17,550,352,4
3028,17,553,348,4
3044,17,554,347,4
3061,17,545,345,4
3077,17,552,354,4
3094,17,562,361,4
3111,17,547,375,2
3144,33,548,351,4
3161,17,544,362,4
3177,17,541,366,2
3194,17,544,365,2
3211,17,567,361,4
3227,17,540,352,4
3244,17,541,368,2
3260,17,540,370,2
3277,17,543,360,4
3294,17,540,365,2
3310,17,543,366,2
3327,17,538,358,4
3344,17,543,364,4
3360,17,539,363,4
3377,17,544,359,4
3394,17,541,362,4
3410,17,538,358,4
3427,17,505,328,4
3443,17,510,321,4
3460,17,508,341,4
3477,17,512,344,4
3493,17,509,315,4
3510,17,510,334,4
3527,17,514,316,4
3543,17,509,334,4
3560,17,507,347,4
3577,17,510,348,4
3593,17,509,333,4
3610,17,508,334,4
3626,17,509,321,4
3643,17,513,337,4
3660,17,513,342,4
3676,17,511,343,4
3693,17,489,352,4
3710,17,487,336,4
3726,17,485,322,4
3743,17,488,330,4
3760,17,488,340,4
3776,17,487,337,4
3793,17,485,321,4
3809,17,484,313,4
3826,17,489,332,4
3843,17,485,346,4
3859,17,484,349,4
3876,17,485,327,4
3893,17,492,338,4
3909,17,483,337,4
3926,17,484,345,4
3943,17,489,352,4
3959,17,487,337,4
3976,17,493,336,4
3992,17,492,339,4
4009,17,485,348,4
4026,17,491,344,4
4042,17,491,338,4
4059,17,493,356,4
4076,17,486,366,2
4092,17,549,457,3
4109,17,683,850,0
4408,299,476,713,3
4442,33,554,493,3
4458,17,564,545,3
4475,17,549,438,3
4491,17,564,489,3
4508,17,563,559,3
4525,17,567,557,3
4541,17,565,569,3
4558,17,566,578,3
4575,17,564,583,3
4591,17,568,572,3
4608,17,555,429,3
4625,17,594,616,3
4641,17,596,852,0
4691,50,628,1016,0
4708,17,626,378,2
4891,183,545,704,3
4907,17,523,348,4
4924,17,528,350,4
4941,17,528,364,4
4957,17,528,363,4
4974,17,529,368,2
4991,17,532,353,4
5007,17,529,357,4
5024,17,526,364,4
5040,17,530,367,2
5057,17,528,352,4
5074,17,517,345,4
5090,17,489,359,4
5107,17,492,376,2
5124,17,489,344,4
5140,17,493,346,4
5157,17,488,348,4
5174,17,490,351,4
5190,17,489,343,4
5207,17,490,339,4
5223,17,493,347,4
5240,17,493,339,4
5257,17,490,333,4
5273,17,490,329,4
5290,17,483,330,4
5307,17,477,312,4
5323,17,480,337,4
5340,17,476,313,4
5356,17,478,319,4
5373,17,477,307,4
5390,17,478,323,4
5406,17,483,329,4
5423,17,481,318,4
5440,17,479,315,4
5456,17,476,307,4
5473,17,474,317,4
5490,17,475,317,4
5506,17,474,321,4
5523,17,477,291,4
5539,17,518,313,4
5556,17,550,337,4
5573,17,550,328,4
5589,17,554,301,4
5606,17,555,337,4
5623,17,558,338,4
5639,17,553,328,4
5656,17,559,350,4
5673,17,557,339,4
5689,17,555,337,4
5706,17,554,347,4
5722,17,556,328,4
5739,17,549,323,4
5756,17,555,331,4
5772,17,555,338,4
5789,17,573,351,4
5806,17,569,356,4
5822,17,575,358,4
5839,17,574,348,4
5856,17,571,364,4
5872,17,570,353,4
5889,17,566,357,4
5905,17,571,359,4
5922,17,564,364,4
5939,17,570,354,4
5955,17,570,362,4
5972,17,564,352,4
5989,17,569,359,4
6005,17,568,356,4
6022,17,567,363,4
6039,17,571,372,2
6055,17,570,352,4
6072,17,568,362,4
6088,17,568,364,4
6105,17,565,356,4
6122,17,567,355,4
6138,17,568,349,4
6155,17,568,358,4
6172,17,562,345,4
6188,17,571,368,2
6205,17,564,349,4
6222,17,569,362,4
6238,17,564,353,4
6255,17,569,361,4
6271,17,569,352,4
6288,17,567,348,4
6305,17,569,362,4
6321,17,568,370,2
6338,17,550,360,4
6355,17,541,384,2
6371,17,529,395,2
6388,17,532,387,2
6404,17,529,389,2
6421,17,527,393,2
6438,17,521,394,2
6454,17,534,404,2
6471,17,522,400,2
6488,17,527,401,2
6504,17,535,391,2
6521,17,531,397,2
6538,17,535,378,2
6554,17,529,406,2
6571,17,527,404,2
6587,17,532,380,2
6604,17,523,388,2
6621,17,527,385,2
6637,17,532,396,2
6654,17,531,390,2
6671,17,541,391,2
6687,17,530,391,2
6704,17,532,388,2
6721,17,534,400,2
6737,17,538,390,2
6754,17,534,385,2
6770,17,531,378,2
6787,17,543,398,2
6804,17,532,378,2
6820,17,530,369,2
6837,17,538,371,2
6854,17,539,382,2
6870,17,535,387,2
6887,17,535,378,2
6904,17,530,378,2
6920,17,531,389,2
6937,17,529,373,2
6953,17,523,366,2
6970,17,524,363,4
6987,17,527,370,2
7003,17,529,384,2
7020,17,526,363,4
7037,17,529,378,2
7053,17,525,355,4
7070,17,527,380,2
7087,17,526,361,4
7103,17,528,380,2
7120,17,523,370,2
7136,17,530,367,2
7153,17,529,371,2
7170,17,524,369,2
7186,17,529,387,2
7203,17,523,375,2
7220,17,527,386,2
7236,17,529,374,2
7253,17,524,377,2
7270,17,524,367,2
7286,17,526,376,2
7303,17,529,384,2
7319,17,526,379,2
7336,17,523,382,2
7353,17,528,393,2
7369,17,526,390,2
7386,17,527,392,2
7403,17,527,376,2
7419,17,527,400,2
7436,17,525,381,2
7453,17,511,352,4
7469,17,510,329,4
7486,17,520,329,4
7502,17,511,323,4
7519,17,517,336,4
7536,17,514,334,4
7552,17,516,333,4
7569,17,511,331,4
7586,17,512,342,4
7602,17,510,328,4
7619,17,516,338,4
7635,17,512,338,4
7652,17,512,349,4
7669,17,510,337,4
7685,17,477,319,4
7702,17,472,341,4
7719,17,478,333,4
7735,17,476,330,4
7752,17,476,338,4
7769,17,475,314,4
7785,17,477,341,4
7802,17,479,327,4
7818,17,476,318,4
7835,17,470,317,4
7852,17,469,311,4
7868,17,470,330,4
7885,17,468,331,4
7902,17,473,331,4
7918,17,480,332,4
7935,17,469,317,4
7952,17,468,320,4
7968,17,462,327,4
7985,17,462,322,4
8001,17,467,308,4
8018,17,466,332,4
8035,17,460,316,4
8051,17,461,325,4
8068,17,464,310,4
8085,17,467,320,4
8101,17,465,330,4
8118,17,467,322,4
8135,17,463,317,4
8151,17,464,320,4
8168,17,460,309,4
8184,17,459,315,4
8201,17,458,312,4
8218,17,463,306,4
8234,17,461,307,4
8251,17,463,313,4
8268,17,457,296,4
8284,17,461,309,4
8301,17,461,303,4
8318,17,459,301,4
8334,17,458,299,4
8351,17,461,308,4
8367,17,458,325,4
8384,17,459,314,4
8401,17,432,294,4
8417,17,390,285,0
8434,17,387,278,0
8451,17,376,279,0
8467,17,381,250,1
8484,17,379,264,0
8501,17,382,259,1
8517,17,381,254,1
8534,17,396,280,0
8550,17,391,279,0
8567,17,404,263,0
8584,17,393,279,0
8600,17,380,279,0
8617,17,384,279,0
8634,17,383,269,0
8650,17,377,277,0
8667,17,387,270,0
8683,17,377,276,0
8700,17,393,273,0
8717,17,504,338,4
8733,17,520,342,4
8750,17,526,346,4
8767,17,532,340,4
8783,17,532,356,4
8800,17,529,355,4
8817,17,529,356,4
8833,17,530,359,4
8850,17,536,356,4
8866,17,536,344,4
8883,17,530,358,4
8900,17,532,365,2
8916,17,532,342,4
8933,17,527,344,4
8950,17,531,351,4
8966,17,529,353,4
8983,17,528,348,4
9000,17,529,346,4
9016,17,535,363,4
9033,17,526,340,4
9049,17,524,335,4
9066,17,531,360,4
9083,17,477,283,0
9099,17,455,281,0
9116,17,453,275,0
9133,17,444,264,0
9149,17,443,258,1
9166,17,445,264,0
9183,17,450,273,0
9199,17,444,276,0
9216,17,446,263,0
9232,17,444,265,0
9249,17,442,264,0
9266,17,442,283,0
9282,17,444,259,1
9299,17,450,274,0
9316,17,442,274,0
9332,17,441,267,0
9349,17,443,280,0
9366,17,444,279,0
9382,17,442,271,0
9399,17,446,277,0
9415,17,444,277,0
9432,17,452,278,0
9449,17,449,275,0
9465,17,446,285,0
9482,17,441,285,0
9499,17,444,294,4
9515,17,451,288,4
9532,17,443,279,0
9549,17,446,290,4
9565,17,445,284,0
9582,17,443,281,0
9598,17,456,280,0
9615,17,454,284,0
9632,17,451,282,0
9648,17,445,290,4
9665,17,441,280,0
9682,17,447,290,4
9698,17,457,283,0
9715,17,449,296,4
9732,17,451,280,0
9748,17,444,273,0
9765,17,477,361,4
9781,17,462,347,4
9798,17,474,357,4
9815,17,474,371,2
9831,17,480,377,2
9848,17,472,360,4
9865,17,474,355,4
9881,17,473,351,4
9898,17,473,350,4
9914,17,475,370,2
9931,17,470,364,4
9948,17,482,361,4
9964,17,480,351,4
9981,17,475,362,4
9998,17,471,359,4
10014,17,477,371,2
10031,17,469,366,2
10048,17,471,352,4
10064,17,475,368,2
10081,17,469,347,4
10097,17,458,364,4
10114,17,452,358,4
10131,17,468,360,4
10147,17,456,360,4
10164,17,450,343,4
10181,17,455,340,4
10197,17,462,343,4
10214,17,458,348,4
10231,17,454,327,4
10247,17,456,358,4
10264,17,452,343,4
10280,17,467,341,4
10297,17,460,354,4
10314,17,458,338,4
10330,17,457,344,4
10347,17,464,351,4
10364,17,505,391,2
10380,17,492,407,2
10397,17,499,398,2
10414,17,505,404,2
10430,17,504,396,2
10447,17,501,406,2
10463,17,502,392,2
10480,17,505,373,2
10497,17,499,382,2
10513,17,508,395,2
10530,17,503,400,2
10547,17,496,366,2
10563,17,507,384,2
10580,17,499,375,2
10597,17,507,384,2
10613,17,501,387,2
10630,17,502,374,2
10646,17,500,391,2
10663,17,504,387,2
10680,17,510,395,2
10696,17,502,390,2
10713,17,511,383,2
10730,17,507,382,2
10746,17,507,379,2
10763,17,505,402,2
10780,17,507,382,2
10796,17,160,522,3
10879,83,518,528,3
10896,17,515,316,4
10913,17,519,344,4
10929,17,519,369,2
10946,17,521,359,4
10962,17,522,353,4
10979,17,521,354,4
10996,17,523,350,4
11012,17,518,360,4
11029,17,516,351,4
11046,17,519,371,2
11062,17,515,351,4
11079,17,520,351,4
11096,17,516,358,4
11112,17,515,349,4
11129,17,519,357,4
11145,17,519,356,4
11162,17,518,369,2
11179,17,510,375,2
11195,17,505,355,4
11212,17,509,365,2
11229,17,511,390,2
11245,17,512,370,2
11262,17,508,376,2
11279,17,506,366,2
11295,17,506,370,2
11312,17,512,369,2
11328,17,506,364,4
11345,17,511,372,2
11362,17,514,390,2
11378,17,514,384,2
11395,17,510,383,2
11412,17,506,371,2
11428,17,505,379,2
11445,17,509,342,4
11462,17,508,346,4
11478,17,510,353,4
11495,17,507,342,4
11511,17,511,350,4
11528,17,511,345,4
11545,17,508,351,4
11561,17,510,338,4
11578,17,513,339,4
11595,17,514,355,4
11611,17,513,352,4
11628,17,514,344,4
11645,17,515,333,4
11661,17,461,329,4
11678,17,469,328,4
11694,17,465,324,4
11711,17,475,316,4
11778,67,463,333,4
11794,17,465,331,4
11811,17,462,314,4
11828,17,477,330,4
11844,17,472,329,4
11861,17,464,329,4
11877,17,462,318,4
11894,17,463,318,4
11911,17,464,336,4
11927,17,467,326,4
11944,17,463,320,4
11961,17,466,324,4
11977,17,463,330,4
11994,17,462,324,4
12011,17,474,326,4
12027,17,484,341,4
12044,17,509,298,4
12060,17,520,297,4
12077,17,526,295,4
12094,17,523,290,4
12110,17,523,288,4
12127,17,520,302,4
12144,17,522,306,4
12160,17,529,287,0
12177,17,520,287,0
12193,17,522,300,4
12210,17,522,290,4
12227,17,535,160,1
12243,17,550,153,1
12260,17,550,162,1
12277,17,546,156,1
12293,17,545,144,1
12310,17,542,153,1
12327,17,549,150,1
12343,17,547,141,1
12360,17,545,156,1
12376,17,547,140,1
12393,17,547,149,1
12410,17,548,150,1
12426,17,550,147,1
12443,17,550,151,1
12460,17,550,156,1
12476,17,548,145,1
12493,17,548,154,1
12510,17,548,138,1
12526,17,549,159,1
12543,17,545,145,1
12559,17,549,147,1
12576,17,549,154,1
12593,17,525,221,1
12609,17,531,321,4
12626,17,523,314,4
12643,17,525,337,4
12659,17,531,326,4
12676,17,528,334,4
12693,17,523,334,4
12709,17,523,326,4
12726,17,523,332,4
12742,17,526,330,4
12759,17,527,329,4
12776,17,527,350,4
12792,17,524,337,4
12809,17,524,340,4
12826,17,524,327,4
12842,17,523,326,4
12859,17,523,342,4
12876,17,526,349,4
12892,17,527,320,4
12909,17,524,336,4
12925,17,523,323,4
12942,17,526,330,4
12959,17,521,328,4
12975,17,522,338,4
12992,17,523,340,4
13009,17,520,325,4
13025,17,522,318,4
13042,17,525,337,4
13059,17,537,350,4
13075,17,594,633,3
13291,216,654,293,0
13308,17,665,428,3
13325,17,532,242,1
13341,17,619,513,3
13358,17,623,483,3
13375,17,604,401,2
13391,17,564,336,4
13408,17,553,270,0
13424,17,557,332,4
13441,17,561,338,4
13458,17,557,324,4
13474,17,557,315,4
13491,17,555,321,4
13508,17,555,322,4
13524,17,554,344,4
13541,17,553,316,4
13558,17,548,343,4
13574,17,553,328,4
13591,17,550,322,4
13607,17,548,351,4
13624,17,551,339,4
13641,17,550,339,4
13657,17,552,333,4
13674,17,547,345,4
13691,17,548,344,4
13707,17,542,367,2
13724,17,527,414,2
13741,17,532,405,2
13757,17,532,429,3
13774,17,533,437,3
13790,17,532,432,3
13807,17,533,431,3
13824,17,537,437,3
13840,17,536,429,3
13857,17,540,455,3
13874,17,535,444,3
13890,17,534,440,3
13907,17,539,454,3
13924,17,536,437,3
13940,17,534,434,3
13957,17,539,447,3
13973,17,538,437,3
13990,17,539,448,3
14007,17,541,429,3
14023,17,540,448,3
14040,17,541,438,3
14057,17,540,440,3
14073,17,545,429,3
14090,17,538,433,3
14107,17,539,428,3
14123,17,540,450,3
14140,17,544,437,3
14156,17,541,438,3
14173,17,540,432,3
14190,17,538,420,5
14206,17,538,426,3
14223,17,539,421,5
14240,17,540,441,3
14256,17,543,445,3
14273,17,541,423,3
14290,17,537,446,3
14306,17,538,438,3
14323,17,536,437,3
14339,17,537,418,5
14356,17,535,416,2
14373,17,534,415,2
14389,17,537,417,5
14406,17,526,357,4
14423,17,535,388,2
14439,17,530,381,2
14456,17,533,377,2
14472,17,534,373,2
14489,17,535,385,2
14506,17,533,370,2
14522,17,533,372,2
14539,17,531,385,2
14556,17,531,393,2
14572,17,537,382,2
14589,17,532,380,2
14606,17,534,383,2
14622,17,539,386,2
14639,17,534,378,2
14655,17,533,386,2
14672,17,531,388,2
14689,17,533,394,2
14705,17,533,400,2
14722,17,530,377,2
14739,17,533,382,2
14755,17,534,379,2
14772,17,530,389,2
14789,17,530,391,2
14805,17,531,386,2
14822,17,530,386,2
14838,17,529,387,2
14855,17,528,384,2
14872,17,535,379,2
14888,17,506,391,2
14905,17,511,390,2
14922,17,510,392,2
14938,17,512,394,2
14955,17,510,396,2
14972,17,510,380,2
14988,17,511,398,2
15005,17,508,377,2
15021,17,512,402,2
15038,17,511,380,2
15055,17,512,390,2
15071,17,512,381,2
15088,17,509,392,2
15105,17,513,386,2
15121,17,509,386,2
15138,17,510,380,2
15155,17,509,390,2
15171,17,512,403,2
15188,17,510,391,2
15204,17,515,378,2
15221,17,512,388,2
15238,17,509,383,2
15254,17,514,385,2
15271,17,512,386,2
15288,17,515,383,2
15304,17,516,392,2
15321,17,516,375,2
15338,17,517,387,2
15354,17,521,388,2
15371,17,518,380,2
15387,17,518,387,2
15404,17,519,388,2
15421,17,521,376,2
15437,17,519,370,2
15454,17,518,370,2
15471,17,521,361,4
15487,17,544,358,4
15504,17,541,337,4
15520,17,545,332,4
15537,17,544,347,4
15554,17,549,339,4
15570,17,545,336,4
15587,17,545,342,4
15604,17,542,340,4
15620,17,545,350,4
15637,17,545,331,4
15654,17,546,340,4
15670,17,546,342,4
15687,17,549,343,4
15703,17,545,343,4
15720,17,546,330,4
15737,17,550,351,4
15753,17,547,333,4
15770,17,546,331,4
15787,17,550,346,4
15803,17,547,329,4
15820,17,545,343,4
15837,17,547,326,4
15853,17,547,354,4
15870,17,550,350,4
15886,17,546,336,4
15903,17,545,319,4
15920,17,553,337,4
15936,17,548,338,4
15953,17,550,327,4
15970,17,548,345,4
15986,17,549,323,4
16003,17,546,338,4
16020,17,549,333,4
16036,17,550,330,4
16053,17,551,333,4
16069,17,546,335,4
16086,17,551,335,4
16103,17,549,330,4
16119,17,533,370,2
16136,17,528,365,2
16153,17,510,619,3
16169,17,492,569,3
16186,17,505,936,0
16203,17,509,934,0
16219,17,499,760,3
16236,17,507,774,0
16252,17,481,413,2
16269,17,489,541,3
16286,17,492,518,3
16302,17,504,552,3
16319,17,496,531,3
16336,17,506,524,3
16352,17,500,541,3
16369,17,505,518,3
16386,17,501,528,3
16402,17,502,542,3
16419,17,502,538,3
16435,17,490,526,3
16452,17,502,526,3
16469,17,493,510,3
16485,17,499,531,3
16502,17,494,529,3
16519,17,495,536,3
16535,17,496,535,3
16552,17,496,534,3
16569,17,497,535,3
16585,17,496,525,3
16602,17,496,548,3
16618,17,494,537,3
16635,17,488,524,3
16652,17,492,531,3
16668,17,496,540,3
16685,17,497,538,3
16702,17,492,527,3
16718,17,495,539,3
16735,17,494,512,3
16751,17,497,524,3
16768,17,485,529,3
16785,17,470,549,3
16801,17,472,532,3
16818,17,468,556,3
16835,17,467,556,3
16851,17,472,561,3
16868,17,473,556,3
16885,17,472,555,3
16901,17,472,556,3
16918,17,464,550,3
16934,17,468,559,3
16951,17,469,561,3
16968,17,474,567,3
16984,17,470,562,3
17001,17,464,569,3
17018,17,468,573,3
17034,17,467,555,3
17051,17,476,463,3
17068,17,486,358,4
17084,17,503,327,4
17101,17,503,328,4
17117,17,505,321,4
17134,17,508,310,4
17151,17,508,331,4
17167,17,507,332,4
17184,17,506,326,4
17201,17,508,327,4
17217,17,509,330,4
17234,17,507,332,4
17251,17,506,320,4
17267,17,506,345,4
17284,17,514,340,4
17300,17,469,313,4
17317,17,464,338,4
17334,17,458,320,4
17350,17,469,337,4
17367,17,461,309,4
17384,17,471,316,4
17400,17,461,320,4
17417,17,460,325,4
17434,17,463,325,4
17450,17,458,312,4
17467,17,464,303,4
17483,17,464,308,4
17500,17,459,305,4
17517,17,460,306,4
17533,17,462,296,4
17550,17,461,302,4
17567,17,475,323,4
17583,17,461,312,4
17600,17,476,324,4
17617,17,464,307,4
17633,17,462,307,4
17650,17,467,295,4
17666,17,461,294,4
17683,17,461,304,4
17700,17,465,313,4
17716,17,459,307,4
17733,17,459,300,4
17750,17,457,298,4
17766,17,458,310,4
17783,17,469,318,4
17800,17,457,308,4
17816,17,460,314,4
17833,17,460,322,4
17849,17,458,302,4
17866,17,460,305,4
17883,17,459,315,4
17899,17,459,320,4
17916,17,458,302,4
17933,17,457,310,4
17949,17,459,317,4
17966,17,461,317,4
17982,17,461,318,4
17999,17,460,330,4
18016,17,463,305,4
18032,17,458,297,4
18049,17,466,324,4
18066,17,465,322,4
18082,17,462,301,4
18099,17,461,319,4
18116,17,457,303,4
18132,17,460,311,4
18149,17,462,309,4
18165,17,459,309,4
18182,17,458,304,4
18199,17,460,317,4
18215,17,459,306,4
18232,17,465,324,4
18249,17,458,317,4
18265,17,460,313,4
18282,17,459,318,4
18299,17,463,313,4
18315,17,463,323,4
18332,17,461,302,4
18348,17,463,307,4
18365,17,463,322,4
18382,17,459,305,4
18398,17,461,320,4
18415,17,528,387,2
18432,17,512,383,2
18448,17,518,388,2
18465,17,516,391,2
18482,17,515,389,2
18498,17,527,368,2
18515,17,516,382,2
18531,17,515,372,2
18548,17,518,370,2
18565,17,518,374,2
18581,17,521,377,2
18598,17,521,378,2
18615,17,521,367,2
18631,17,529,390,2
18648,17,522,389,2
18665,17,524,385,2
18681,17,521,381,2
18698,17,522,368,2
18714,17,527,366,2
18731,17,523,376,2
18748,17,523,372,2
18764,17,525,372,2
18781,17,520,341,4
18798,17,597,586,3
18814,17,589,867,0
18947,133,535,359,4
18964,17,516,313,4
18981,17,530,342,4
18997,17,526,344,4
19014,17,531,342,4
19030,17,529,349,4
19047,17,532,335,4
19064,17,529,333,4
19080,17,527,330,4
19097,17,527,348,4
19114,17,526,345,4
19130,17,525,329,4
19147,17,525,336,4
19164,17,524,331,4
19180,17,524,328,4
19197,17,528,333,4
19213,17,530,336,4
19230,17,528,352,4
19247,17,527,329,4
19263,17,524,339,4
19280,17,527,342,4
19297,17,525,353,4
19313,17,524,345,4
19330,17,524,342,4
19347,17,525,327,4
19363,17,526,346,4
19380,17,525,346,4
19396,17,522,329,4
19413,17,524,330,4
19430,17,520,338,4
19446,17,523,346,4
19463,17,522,332,4
19480,17,486,306,4
19496,17,485,323,4
19513,17,481,308,4
19530,17,481,308,4
19546,17,485,315,4
19563,17,481,308,4
19579,17,477,304,4
19596,17,486,303,4
19613,17,484,297,4
19629,17,481,316,4
19646,17,482,319,4
19663,17,479,303,4
19679,17,483,312,4
19696,17,482,325,4
19713,17,481,325,4
19729,17,484,304,4
19746,17,481,302,4
19762,17,481,305,4
19779,17,483,296,4
19796,17,488,312,4
19812,17,484,314,4
19829,17,481,308,4
19846,17,486,310,4
19862,17,483,305,4
19879,17,484,320,4
19896,17,482,308,4
19912,17,483,305,4
19929,17,477,297,4
19945,17,481,303,4
19962,17,480,304,4
19979,17,482,320,4
19995,17,481,316,4
20012,17,480,324,4
20029,17,477,297,4
20045,17,475,302,4
20062,17,477,299,4
20079,17,477,294,4
20095,17,478,319,4
20112,17,474,311,4
20128,17,489,313,4
20145,17,545,326,4
20162,17,555,328,4
20178,17,559,328,4
20195,17,558,303,4
20212,17,554,313,4
20228,17,555,312,4
20245,17,554,305,4
20261,17,554,318,4
20278,17,553,317,4
20295,17,553,315,4
20311,17,551,310,4
20328,17,551,309,4
20345,17,552,319,4
20361,17,552,324,4
20378,17,556,330,4
20395,17,558,331,4
20411,17,555,315,4
20428,17,552,324,4
20444,17,556,324,4
20461,17,557,327,4
20478,17,552,330,4
20494,17,552,314,4
20511,17,551,328,4
20528,17,553,318,4
20544,17,550,331,4
20561,17,633,653,3
20578,17,658,868,0
20694,116,602,773,0
20711,17,553,379,2
20727,17,524,247,1
20744,17,527,286,0
20761,17,529,304,4
20777,17,532,301,4
20794,17,534,287,0
20810,17,535,294,4
20827,17,526,291,4
20844,17,525,294,4
20860,17,533,301,4
20877,17,532,291,4
20894,17,527,287,0
20910,17,523,296,4
20927,17,524,285,0
20944,17,522,265,0
20960,17,523,290,4
20977,17,527,296,4
20993,17,519,288,4
21010,17,472,311,4
21027,17,457,308,4
21043,17,459,307,4
21060,17,462,302,4
21077,17,472,314,4
21093,17,459,309,4
21110,17,463,301,4
21127,17,461,312,4
21143,17,466,315,4
21160,17,470,312,4
21176,17,471,307,4
21193,17,462,303,4
21210,17,466,319,4
21226,17,462,306,4
21243,17,463,300,4
21260,17,465,307,4
21276,17,461,302,4
21293,17,467,309,4
21309,17,477,304,4
21326,17,463,309,4
21343,17,465,311,4
21359,17,465,317,4
21376,17,475,318,4
21393,17,454,306,4
21409,17,457,320,4
21426,17,456,301,4
21443,17,456,326,4
21459,17,457,319,4
21476,17,468,315,4
21492,17,455,308,4
21509,17,458,316,4
21526,17,459,334,4
21542,17,458,329,4
21559,17,453,314,4
21576,17,460,322,4
21592,17,459,341,4
21609,17,468,336,4
21626,17,460,320,4
21642,17,456,325,4
21659,17,460,318,4
21675,17,465,315,4
21692,17,522,371,2
21709,17,518,413,2
21725,17,525,394,2
21742,17,528,418,5
21759,17,528,397,2
21775,17,531,407,2
21792,17,526,397,2
21809,17,527,399,2
21825,17,529,404,2
21842,17,522,415,2
21858,17,523,396,2
21875,17,525,409,2
21892,17,529,406,2
21908,17,524,409,2
21925,17,524,405,2
21942,17,524,395,2
21958,17,530,409,2
21975,17,525,412,2
21992,17,531,416,2
22008,17,528,411,2
22025,17,528,411,2
22041,17,504,383,2
22058,17,480,347,4
22075,17,461,306,4
22091,17,457,301,4
22108,17,467,296,4
22125,17,459,323,4
22141,17,458,310,4
22158,17,463,311,4
22175,17,458,316,4
22191,17,457,301,4
22208,17,458,331,4
22224,17,459,313,4
22241,17,458,309,4
22258,17,462,315,4
22274,17,459,305,4
22291,17,466,314,4
22308,17,441,324,4
22324,17,444,318,4
22341,17,445,339,4
22358,17,444,320,4
22374,17,444,334,4
22391,17,445,341,4
22407,17,443,324,4
22424,17,444,343,4
22441,17,447,333,4
22457,17,440,317,4
22474,17,536,407,2
22491,17,525,397,2
22507,17,537,403,2
22524,17,528,388,2
22540,17,530,384,2
22557,17,538,407,2
22574,17,531,396,2
22590,17,532,404,2
22607,17,529,400,2
22624,17,534,410,2
22640,17,532,386,2
22657,17,533,405,2
22674,17,531,393,2
22690,17,542,402,2
22707,17,531,389,2
22723,17,533,397,2
22740,17,532,381,2
22757,17,528,376,2
22773,17,539,384,2
22790,17,531,384,2
22807,17,534,396,2
22823,17,528,367,2
22840,17,533,384,2
22857,17,534,380,2
22873,17,533,380,2
22890,17,526,376,2
22906,17,526,384,2
22923,17,528,380,2
22940,17,535,382,2
22956,17,529,367,2
22973,17,529,377,2
22990,17,530,368,2
23040,50,534,381,2
23056,17,514,377,2
23073,17,505,355,4
23089,17,508,365,2
23106,17,506,353,4
23123,17,508,354,4
23139,17,514,355,4
23156,17,504,358,4
23173,17,508,364,4
23189,17,512,356,4
23206,17,506,360,4
23223,17,507,363,4
23239,17,516,352,4
23256,17,513,353,4
23272,17,515,368,2
23289,17,517,366,2
23306,17,509,367,2
23322,17,510,365,2
23339,17,507,355,4
23356,17,513,370,2
23372,17,513,367,2
23389,17,505,363,4
23406,17,513,368,2
23422,17,510,379,2
23439,17,510,360,4
23455,17,507,359,4
23472,17,515,373,2
23489,17,510,386,2
23505,17,509,371,2
23522,17,511,366,2
23539,17,504,371,2
23555,17,508,372,2
23572,17,507,359,4
23588,17,503,362,4
23605,17,505,362,4
23622,17,506,379,2
23638,17,513,376,2
23655,17,512,378,2
23672,17,507,393,2
23688,17,493,376,2
23705,17,511,387,2
23722,17,505,374,2
23738,17,511,392,2
23755,17,502,390,2
23771,17,515,346,4
23788,17,526,342,4
23805,17,527,335,4
23821,17,527,321,4
23838,17,528,327,4
23855,17,526,332,4
23871,17,527,323,4
23888,17,529,333,4
23905,17,527,329,4
23921,17,527,320,4
23938,17,524,320,4
23954,17,519,330,4
23971,17,528,337,4
23988,17,529,333,4
24004,17,523,355,4
24021,17,467,339,4
24038,17,456,324,4
24054,17,452,326,4
24071,17,456,321,4
24088,17,453,327,4
24104,17,465,331,4
24121,17,460,329,4
24137,17,457,322,4
24154,17,468,327,4
24171,17,459,338,4
24187,17,455,326,4
24204,17,460,329,4
24221,17,465,308,4
24237,17,448,340,4
24254,17,434,329,4
24271,17,447,340,4
24287,17,444,332,4
24304,17,446,332,4
24320,17,442,323,4
24337,17,458,340,4
24354,17,456,317,4
24370,17,447,310,4
24387,17,494,377,2
24404,17,528,452,3
24420,17,526,436,3
24437,17,540,465,3
24454,17,535,465,3
24470,17,533,449,3
24487,17,533,453,3
24503,17,537,457,3
24520,17,537,462,3
24537,17,538,463,3
24553,17,536,454,3
24570,17,539,461,3
24587,17,536,453,3
24603,17,536,459,3
24620,17,533,457,3
24637,17,543,450,3
24653,17,540,445,3
24670,17,534,458,3
24686,17,540,453,3
24703,17,538,456,3
24720,17,537,447,3
24736,17,538,449,3
24753,17,541,443,3
24770,17,546,443,3
24786,17,547,442,3
24803,17,542,439,3
24819,17,540,437,3
24836,17,542,427,3
24853,17,541,449,3
24869,17,541,448,3
24886,17,540,427,3
24903,17,543,445,3
24919,17,542,432,3
24936,17,536,440,3
24953,17,545,438,3
24969,17,541,443,3
24986,17,545,422,3
25002,17,541,436,3
25019,17,541,436,3
25036,17,541,435,3
25052,17,539,427,3
25069,17,540,415,2
25086,17,538,422,3
25102,17,539,429,3
25119,17,532,431,3
25136,17,539,440,3
25152,17,540,449,3
25169,17,542,441,3
25185,17,538,448,3
25202,17,543,439,3
25219,17,539,439,3
25235,17,538,441,3
25252,17,540,438,3
25269,17,537,445,3
25285,17,542,449,3
25302,17,530,442,3
25319,17,537,431,3
25335,17,547,441,3
25352,17,538,439,3
25368,17,536,437,3
25385,17,532,400,2
25402,17,519,498,3
25418,17,488,733,3
25435,17,512,725,3
25452,17,500,537,3
25468,17,516,366,2
25485,17,494,285,0
25502,17,511,340,4
25518,17,507,335,4
25535,17,509,338,4
25551,17,508,332,4
25568,17,503,314,4
25585,17,510,326,4
25601,17,511,324,4
25618,17,502,330,4
25635,17,511,325,4
25651,17,510,325,4
25668,17,503,330,4
25685,17,509,323,4
25701,17,508,327,4
25718,17,510,341,4
25734,17,505,312,4
25751,17,502,322,4
25768,17,510,321,4
25784,17,508,316,4
25801,17,509,318,4
25818,17,455,309,4
25834,17,459,294,4
25851,17,458,319,4
25868,17,457,304,4
25884,17,456,286,0
25901,17,456,314,4
25917,17,455,303,4
25934,17,457,294,4
25951,17,465,303,4
25967,17,457,305,4
25984,17,458,292,4
26001,17,453,290,4
26017,17,456,300,4
26034,17,463,306,4
26050,17,457,301,4
26067,17,455,301,4
26084,17,455,286,0
26100,17,466,307,4
26117,17,551,394,2
26134,17,540,422,3
26150,17,553,428,3
26167,17,548,429,3
26184,17,547,436,3
26200,17,546,423,3
26217,17,548,439,3
26233,17,545,420,5
26250,17,548,434,3
26267,17,548,453,3
26283,17,548,433,3
26300,17,547,428,3
26317,17,549,453,3
26333,17,548,439,3
26350,17,546,424,3
26367,17,546,421,5
26383,17,550,427,3
26400,17,547,437,3
26416,17,549,436,3
26433,17,546,447,3
26450,17,548,444,3
26466,17,548,418,5
26483,17,546,429,3
26500,17,531,395,2
26516,17,521,370,2
26533,17,524,364,4
26550,17,520,368,2
26566,17,522,361,4
26583,17,522,363,4
26599,17,521,354,4
26616,17,523,370,2
26633,17,520,355,4
26649,17,521,364,4
26666,17,521,353,4
26683,17,523,364,4
26699,17,520,345,4
26716,17,519,351,4
26733,17,518,356,4
26749,17,521,350,4
26766,17,522,363,4
26782,17,519,351,4
26799,17,520,373,2
26816,17,520,346,4
26832,17,518,361,4
26849,17,521,354,4
26866,17,521,345,4
26882,17,524,342,4
26899,17,525,370,2
26916,17,523,342,4
26932,17,522,351,4
26949,17,525,359,4
26965,17,521,344,4
26982,17,521,347,4
26999,17,498,348,4
27015,17,500,365,2
27032,17,504,371,2
27049,17,500,362,4
27065,17,507,359,4
27082,17,500,371,2
27098,17,498,356,4
27115,17,507,374,2
27132,17,503,375,2
27148,17,504,358,4
27165,17,498,370,2
27182,17,505,364,4
27198,17,505,365,2
27215,17,498,368,2
27232,17,500,373,2
27248,17,498,360,4
27265,17,501,370,2
27281,17,502,374,2
27298,17,502,368,2
27315,17,501,379,2
27331,17,501,370,2
27348,17,499,372,2
27365,17,502,373,2
27381,17,501,363,4
27398,17,502,384,2
27415,17,503,370,2
27431,17,503,379,2
27448,17,502,380,2
27464,17,502,369,2
27481,17,500,363,4
27498,17,502,372,2
27514,17,500,376,2
27531,17,501,377,2
27548,17,506,360,4
27564,17,501,358,4
27581,17,500,356,4
27598,17,504,372,2
27614,17,501,360,4
27631,17,501,363,4
27647,17,503,361,4
27664,17,505,354,4
27681,17,507,369,2
27697,17,501,349,4
27714,17,510,351,4
27731,17,556,295,4
27747,17,562,308,4
27764,17,557,305,4
27781,17,563,315,4
27797,17,561,310,4
27814,17,564,320,4
27830,17,558,309,4
27847,17,561,289,4
27864,17,562,319,4
27880,17,559,304,4
27897,17,561,309,4
27914,17,564,318,4
27930,17,565,319,4
27947,17,565,316,4
27964,17,565,311,4
27980,17,582,491,3
27997,17,592,795,0
28013,17,641,236,1
28230,216,597,829,0
28246,17,565,424,3
28263,17,581,561,3
28280,17,579,545,3
28296,17,577,556,3
28313,17,571,560,3
28329,17,577,558,3
28346,17,571,569,3
28363,17,576,569,3
28379,17,576,552,3
28396,17,572,569,3
28413,17,571,553,3
28429,17,576,546,3
28446,17,568,550,3
28463,17,578,570,3
28479,17,568,559,3
28496,17,572,542,3
28512,17,543,379,2
28529,17,549,383,2
28546,17,550,374,2
28562,17,552,373,2
28579,17,555,370,2
28596,17,546,385,2
28612,17,550,374,2
28629,17,551,357,4
28646,17,552,368,2
28662,17,553,365,2
28679,17,551,365,2
28695,17,551,365,2
28712,17,555,365,2
28729,17,553,369,2
28745,17,554,364,4
28762,17,558,376,2
28779,17,553,380,2
28795,17,561,389,2
28812,17,575,321,4
28829,17,581,343,4
28845,17,575,318,4
28862,17,579,327,4
28878,17,579,323,4
28895,17,582,332,4
28912,17,590,335,4
28928,17,585,336,4
28945,17,571,310,4
28962,17,588,337,4
28978,17,587,325,4
28995,17,580,337,4
29012,17,586,322,4
29028,17,579,347,4
29045,17,598,322,4
29061,17,594,326,4
29078,17,598,317,4
29095,17,604,313,4
29111,17,606,317,4
29128,17,602,320,4
29145,17,598,331,4
29161,17,603,327,4
29178,17,609,315,4
29195,17,609,298,4
29211,17,604,316,4
29228,17,603,330,4
29244,17,601,332,4
29261,17,600,322,4
29278,17,603,321,4
29294,17,602,304,4
29311,17,612,315,4
29328,17,610,322,4
29344,17,604,323,4
29361,17,597,314,4
29377,17,549,382,2
29394,17,545,410,2
29411,17,536,405,2
29427,17,542,418,5
29444,17,538,406,2
29461,17,538,399,2
29477,17,538,399,2
29494,17,526,361,4
29511,17,553,523,3
29527,17,683,664,3
29544,17,688,344,0
30043,499,464,323,4
30060,17,461,318,4
30076,17,466,322,4
30093,17,468,324,4
30109,17,468,328,4
30126,17,466,342,4
30143,17,456,339,4
30159,17,469,314,4
30176,17,464,320,4
30193,17,465,336,4
30209,17,463,329,4
30226,17,468,330,4
30243,17,463,331,4
30259,17,461,316,4
30276,17,462,317,4
30292,17,465,315,4
30309,17,462,325,4
30326,17,461,326,4
30342,17,469,322,4
30359,17,461,328,4
30376,17,468,320,4
30392,17,459,333,4
30409,17,473,337,4
30426,17,465,329,4
30442,17,470,334,4
30459,17,522,373,2
30475,17,516,380,2
30492,17,526,391,2
30509,17,521,384,2
30525,17,523,366,2
30542,17,528,388,2
30559,17,525,364,4
30575,17,520,371,2
30592,17,520,371,2
30608,17,523,364,4
30625,17,518,365,2
30642,17,519,375,2
30658,17,527,385,2
30675,17,518,363,4
30692,17,524,356,4
30708,17,528,359,4
30725,17,529,375,2
30742,17,524,379,2
30758,17,529,383,2
30775,17,519,375,2
30791,17,522,378,2
30808,17,523,360,4
30825,17,530,351,4
30841,17,529,363,4
30858,17,524,358,4
30875,17,523,363,4
30891,17,526,371,2
30908,17,526,368,2
30925,17,523,371,2
30941,17,533,361,4
30958,17,527,369,2
30974,17,531,370,2
30991,17,531,374,2
31008,17,525,368,2
31024,17,529,364,4
31041,17,532,381,2
31058,17,527,386,2
31074,17,528,382,2
31091,17,536,368,2
31108,17,530,370,2
31124,17,528,355,4
31141,17,529,362,4
31157,17,528,368,2
31174,17,530,384,2
31191,17,536,364,4
31207,17,531,374,2
31224,17,530,376,2
31241,17,532,382,2
31257,17,526,389,2
31274,17,532,374,2
31291,17,525,377,2
31307,17,536,375,2
31324,17,533,384,2
31340,17,534,382,2
31357,17,527,382,2
31374,17,529,372,2
31390,17,529,383,2
31407,17,534,375,2
31424,17,531,385,2
31440,17,529,387,2
31457,17,529,392,2
31474,17,533,400,2
31490,17,537,388,2
31507,17,541,387,2
31523,17,535,400,2
31540,17,531,385,2
31557,17,533,386,2
31573,17,530,372,2
31590,17,534,367,2
31607,17,532,378,2
31623,17,533,379,2
31640,17,531,369,2
31656,17,533,378,2
31673,17,534,383,2
31690,17,529,373,2
31706,17,530,357,4
31723,17,531,375,2
31740,17,533,363,4
31756,17,536,368,2
31773,17,531,378,2
31790,17,516,353,4
31806,17,508,351,4
31823,17,503,326,4
31839,17,496,345,4
31856,17,503,345,4
31873,17,500,331,4
31889,17,503,346,4
31906,17,502,335,4
31923,17,503,328,4
31939,17,506,337,4
31956,17,507,338,4
31973,17,503,329,4
31989,17,503,340,4
32006,17,508,339,4
32022,17,503,324,4
32039,17,506,328,4
32056,17,502,319,4
32072,17,501,331,4
32089,17,506,323,4
32106,17,506,324,4
32122,17,523,368,2
32139,17,553,443,3
32156,17,540,428,3
32172,17,551,459,3
32189,17,550,447,3
32205,17,547,444,3
32222,17,549,457,3
32239,17,550,463,3
32255,17,549,443,3
32272,17,545,435,3
32289,17,547,445,3
32305,17,548,452,3
32322,17,547,448,3
32339,17,545,442,3
32355,17,545,443,3
32372,17,547,452,3
32388,17,542,454,3
32405,17,543,446,3
32422,17,543,456,3
32438,17,543,449,3
32455,17,544,461,3
32472,17,545,434,3
32488,17,537,450,3
32505,17,544,455,3
32522,17,535,452,3
32538,17,537,458,3
32555,17,544,456,3
32571,17,538,457,3
32588,17,539,458,3
32605,17,532,454,3
32621,17,539,450,3
32638,17,542,467,3
32655,17,512,341,4
32671,17,493,331,4
32688,17,487,267,0
32705,17,496,303,4
32721,17,496,291,4
32738,17,498,301,4
32754,17,503,305,4
32771,17,500,282,0
32788,17,502,308,4
32804,17,496,296,4
32821,17,501,290,4
32838,17,498,294,4
32854,17,493,293,4
32871,17,499,296,4
32887,17,500,295,4
32904,17,501,296,4
32921,17,508,306,4
32937,17,502,269,0
32954,17,500,293,4
32971,17,514,311,4
32987,17,511,304,4
33004,17,507,306,4
33021,17,454,321,4
33037,17,463,316,4
33054,17,469,330,4
33070,17,460,319,4
33087,17,460,314,4
33104,17,460,313,4
33120,17,458,317,4
33137,17,456,306,4
33154,17,466,332,4
33170,17,472,317,4
33187,17,461,314,4
33204,17,462,326,4
33220,17,470,315,4
33237,17,469,317,4
33253,17,450,330,4
33270,17,448,301,4
33287,17,449,335,4
33303,17,449,319,4
33320,17,446,324,4
33337,17,442,320,4
33353,17,450,321,4
33370,17,444,325,4
33387,17,443,326,4
33403,17,447,315,4
33420,17,440,331,4
33436,17,445,327,4
33453,17,443,318,4
33470,17,442,319,4
33486,17,445,321,4
33503,17,444,319,4
33520,17,439,305,4
33536,17,456,311,4
33553,17,448,314,4
33570,17,440,328,4
33586,17,439,313,4
33603,17,444,316,4
33619,17,441,316,4
33636,17,437,321,4
33653,17,437,312,4
33669,17,437,316,4
33686,17,441,328,4
33703,17,438,314,4
33719,17,440,315,4
33736,17,439,319,4
33753,17,441,333,4
33769,17,452,311,4
33786,17,532,467,3
33802,17,563,564,3
33819,17,580,669,3
33836,17,608,690,3
33869,33,614,189,1
34252,383,492,426,3
34268,17,462,227,1
34285,17,477,259,1
34301,17,475,262,0
34318,17,479,268,0
34335,17,475,249,1
34351,17,479,275,0
34368,17,484,280,0
34385,17,486,270,0
34401,17,483,265,0
34418,17,493,255,1
34435,17,488,268,0
34451,17,494,267,0
34468,17,497,285,0
34484,17,494,258,1
34501,17,497,259,1
34518,17,497,273,0
34534,17,498,285,0
34551,17,495,265,0
34568,17,499,269,0
34584,17,512,313,4
34601,17,518,372,2
34618,17,518,352,4
34634,17,520,355,4
34651,17,520,367,2
34667,17,520,369,2
34684,17,518,357,4
34701,17,517,367,2
34717,17,519,362,4
34734,17,520,359,4
34751,17,527,359,4
34767,17,525,357,4
34784,17,524,371,2
34801,17,526,342,4
34817,17,523,368,2
34834,17,524,356,4
34850,17,525,364,4
34867,17,524,360,4
34884,17,524,355,4
34900,17,522,365,2
34917,17,522,358,4
34934,17,524,367,2
34950,17,528,358,4
34967,17,526,352,4
34984,17,523,360,4
35000,17,527,361,4
35017,17,530,368,2
35033,17,533,368,2
35050,17,533,366,2
35067,17,506,313,4
35083,17,529,555,3
35100,17,666,813,0
35250,150,553,400,2
35266,17,537,317,4
35283,17,538,343,4
35300,17,535,307,4
35316,17,530,313,4
35333,17,533,322,4
35349,17,535,326,4
35366,17,529,327,4
35383,17,528,312,4
35399,17,527,318,4
35416,17,526,328,4
35433,17,524,315,4
35449,17,523,321,4
35466,17,521,309,4
35483,17,521,327,4
35499,17,520,313,4
35516,17,519,313,4
35532,17,519,335,4
35549,17,519,326,4
35566,17,518,312,4
35582,17,519,334,4
35599,17,516,329,4
35616,17,521,332,4
35632,17,520,328,4
35649,17,518,329,4
35666,17,521,348,4
35682,17,519,336,4
35699,17,522,335,4
35715,17,507,373,2
35732,17,524,408,2
35749,17,512,410,2
35765,17,515,397,2
35782,17,516,398,2
35799,17,519,398,2
35815,17,514,393,2
35832,17,515,398,2
35849,17,516,396,2
35865,17,513,404,2
35882,17,519,410,2
35898,17,517,408,2
35915,17,518,400,2
35932,17,520,425,3
35948,17,525,431,3
35965,17,520,405,2
35982,17,522,416,2
35998,17,515,414,2
36015,17,522,413,2
36032,17,526,404,2
36048,17,520,419,5
36065,17,521,402,2
36081,17,517,421,5
36098,17,513,406,2
36115,17,523,398,2
36131,17,526,408,2
36148,17,526,415,2
36165,17,525,411,2
36181,17,492,286,0
36198,17,499,312,4
36215,17,506,303,4
36231,17,500,308,4
36248,17,507,318,4
36264,17,501,299,4
36281,17,498,301,4
36298,17,498,286,0
36314,17,498,303,4
36331,17,507,303,4
36348,17,507,300,4
36364,17,495,293,4
36381,17,447,295,4
36397,17,461,310,4
36414,17,452,319,4
36431,17,464,327,4
36447,17,464,322,4
36464,17,463,310,4
36481,17,454,314,4
36497,17,452,313,4
36514,17,456,307,4
36531,17,452,319,4
36547,17,454,311,4
36564,17,463,315,4
36580,17,453,311,4
36597,17,457,324,4
36614,17,460,319,4
36630,17,461,316,4
36647,17,460,323,4
36664,17,463,329,4
36680,17,459,318,4
36697,17,457,289,4
36714,17,508,215,1
36730,17,514,220,1
36747,17,523,212,1
36763,17,524,219,1
36780,17,520,220,1
36797,17,519,226,1
36813,17,523,227,1
36830,17,520,231,1
36847,17,521,218,1
36863,17,522,240,1
36880,17,521,213,1
36897,17,520,222,1
36913,17,521,239,1
36930,17,520,223,1
36946,17,520,233,1
36963,17,520,231,1
36980,17,519,227,1
36996,17,521,238,1
37013,17,516,210,1
37030,17,527,245,1
37046,17,539,387,2
37063,17,553,556,3
37080,17,537,689,3
37096,17,534,692,3
37113,17,526,628,3
37129,17,518,444,3
37146,17,514,399,2
37163,17,512,418,5
37179,17,516,415,2
37196,17,517,440,3
37213,17,522,459,3
37229,17,517,454,3
37246,17,514,457,3
37263,17,518,455,3
37279,17,516,439,3
37296,17,518,448,3
37312,17,515,431,3
37329,17,509,432,3
37346,17,515,436,3
37362,17,513,448,3
37379,17,516,433,3
37396,17,516,440,3
37412,17,512,444,3
37429,17,522,457,3
37445,17,511,439,3
37462,17,515,438,3
37479,17,510,439,3
37495,17,520,439,3
37512,17,513,438,3
37529,17,515,433,3
37545,17,511,435,3
37562,17,516,405,2
37579,17,527,435,3
37595,17,509,410,2
37612,17,524,419,5
37628,17,517,408,2
37645,17,511,426,3
37662,17,526,426,3
37678,17,513,417,5
37695,17,519,422,3
37712,17,522,406,2
37728,17,520,403,2
37745,17,515,424,3
37762,17,520,428,3
37778,17,512,266,0
37795,17,527,234,1
37811,17,529,216,1
37828,17,523,202,1
37845,17,524,218,1
37861,17,526,197,1
37878,17,531,195,1
37895,17,527,190,1
37911,17,527,217,1
37928,17,527,200,1
37945,17,527,211,1
37961,17,528,194,1
37978,17,533,201,1
37994,17,529,199,1
38011,17,530,222,1
38028,17,530,197,1
38044,17,533,224,1
38061,17,531,214,1
38078,17,531,207,1
38094,17,514,182,1
38111,17,524,189,1
38128,17,521,173,1
38144,17,520,176,1
38161,17,516,185,1
38177,17,518,178,1
38194,17,518,174,1
38211,17,517,183,1
38227,17,519,187,1
38244,17,518,178,1
38261,17,517,169,1
38277,17,520,192,1
38294,17,518,181,1
38311,17,516,171,1
38327,17,518,195,1
38344,17,514,194,1
38360,17,514,175,1
38377,17,513,190,1
38394,17,514,180,1
38410,17,513,184,1
38427,17,516,192,1
38444,17,511,198,1
38460,17,511,187,1
38477,17,511,188,1
38494,17,518,183,1
38510,17,517,186,1
38527,17,517,195,1
38543,17,521,192,1
38560,17,511,265,0
38577,17,516,370,2
38593,17,516,381,2
38610,17,523,410,2
38627,17,520,400,2
38643,17,522,397,2
38660,17,523,416,2
38676,17,520,404,2
38693,17,514,403,2
38710,17,519,400,2
38726,17,519,398,2
38743,17,524,407,2
38760,17,520,396,2
38776,17,557,642,3
38793,17,633,1005,0
38810,17,1052,751,0
39026,216,801,674,3
39042,17,630,392,2
39059,17,549,379,2
39076,17,548,388,2
39092,17,547,381,2
39109,17,548,387,2
39126,17,552,399,2
39142,17,542,380,2
39159,17,544,388,2
39176,17,544,381,2
39192,17,549,384,2
39209,17,548,365,2
39225,17,539,384,2
39242,17,542,383,2
39259,17,541,385,2
39275,17,543,400,2
39292,17,543,381,2
39309,17,546,379,2
39325,17,543,395,2
39342,17,541,388,2
39359,17,540,379,2
39375,17,545,381,2
39392,17,540,380,2
39408,17,543,381,2
39425,17,538,385,2
39442,17,540,385,2
39458,17,538,384,2
39475,17,543,392,2
39492,17,545,396,2
39508,17,543,396,2
39525,17,540,376,2
39542,17,541,396,2
39558,17,546,389,2
39575,17,545,394,2
39591,17,542,405,2
39608,17,540,399,2
39625,17,539,396,2
39641,17,543,399,2
39658,17,541,402,2
39675,17,542,407,2
39691,17,543,402,2
39708,17,540,395,2
39724,17,546,401,2
39741,17,542,395,2
39758,17,543,394,2
39774,17,505,367,2
39791,17,507,351,4
39808,17,503,364,4
39824,17,509,371,2
39841,17,507,360,4
39858,17,502,342,4
39874,17,501,346,4
39891,17,511,343,4
39907,17,508,344,4
39924,17,508,342,4
39941,17,507,352,4
39957,17,502,337,4
39974,17,510,339,4
39991,17,471,322,4
40007,17,481,313,4
40024,17,475,335,4
40041,17,472,327,4
40057,17,476,337,4
40074,17,476,335,4
40090,17,474,341,4
40107,17,476,346,4
40124,17,471,333,4
40140,17,471,321,4
40157,17,471,339,4
40174,17,475,336,4
40190,17,472,323,4
40207,17,474,345,4
40224,17,480,354,4
40240,17,471,339,4
40257,17,471,341,4
40273,17,470,330,4
40290,17,471,348,4
40307,17,476,296,4
40323,17,484,227,1
40340,17,511,210,1
40357,17,509,199,1
40373,17,513,195,1
40390,17,515,196,1
40407,17,515,203,1
40423,17,511,201,1
40440,17,509,190,1
40456,17,520,218,1
40473,17,509,203,1
40490,17,510,193,1
40506,17,522,222,1
40523,17,513,218,1
40540,17,517,197,1
40556,17,521,208,1
40573,17,512,210,1
40590,17,518,207,1
40606,17,514,214,1
40623,17,515,208,1
40639,17,495,200,1
40656,17,460,199,1
40673,17,483,231,1
40689,17,470,207,1
40706,17,463,197,1
40723,17,467,204,1
40739,17,465,205,1
40756,17,474,198,1
40773,17,463,191,1
40789,17,475,209,1
40806,17,473,206,1
40822,17,473,207,1
40839,17,464,206,1
40856,17,465,204,1
40872,17,461,201,1
40889,17,475,207,1
40906,17,477,202,1
40922,17,460,204,1
40939,17,461,192,1
40955,17,463,195,1
40972,17,471,206,1
40989,17,462,196,1
41005,17,467,202,1
41022,17,458,198,1
41039,17,467,182,1
41055,17,466,223,1
41072,17,478,209,1
41089,17,525,181,1
41105,17,564,351,4
41122,17,560,642,3
41138,17,637,646,3
41155,17,649,666,3
41172,17,577,698,3
41188,17,559,527,3
41205,17,544,313,4
41222,17,545,332,4
41238,17,557,404,2
41255,17,552,402,2
41272,17,557,410,2
41288,17,552,415,2
41305,17,555,426,3
41321,17,561,428,3
41338,17,556,429,3
41355,17,552,403,2
41371,17,553,409,2
41388,17,552,420,5
41405,17,555,413,2
41421,17,558,418,5
41438,17,549,429,3
41455,17,555,411,2
41471,17,557,430,3
41488,17,553,438,3
41504,17,554,406,2
41521,17,552,426,3
41538,17,552,406,2
41554,17,559,409,2
41571,17,554,408,2
41588,17,560,400,2
41604,17,557,401,2
41621,17,548,392,2
41638,17,545,407,2
41654,17,516,382,2
41671,17,516,358,4
41687,17,511,378,2
41704,17,516,378,2
41721,17,518,386,2
41737,17,513,369,2
41754,17,515,376,2
41771,17,513,373,2
41787,17,513,380,2
41804,17,513,375,2
41821,17,515,367,2
41837,17,515,388,2
41854,17,515,373,2
41870,17,482,334,4
41887,17,481,347,4
41904,17,479,348,4
41920,17,479,341,4
41937,17,479,348,4
41954,17,476,333,4
41970,17,480,341,4
41987,17,478,359,4
42003,17,474,347,4
42020,17,475,340,4
42037,17,479,352,4
42053,17,476,361,4
42070,17,477,352,4
42087,17,476,341,4
42103,17,478,337,4
42120,17,528,289,4
42137,17,553,268,0
42153,17,602,219,1
42170,17,602,222,1
42186,17,593,214,1
42203,17,606,232,1
42220,17,592,213,1
42236,17,613,229,1
42253,17,606,219,1
42270,17,605,219,1
42286,17,605,221,1
42303,17,591,225,1
42320,17,599,222,1
42336,17,629,217,1
42353,17,673,232,1
42369,17,673,209,1
42386,17,662,223,1
42403,17,678,220,1
42419,17,677,233,1
42436,17,681,243,1
42453,17,680,220,1
42469,17,679,227,1
42486,17,660,233,1
42503,17,677,222,1
42519,17,674,221,1
42536,17,675,223,1
42552,17,674,218,1
42569,17,674,203,1
42586,17,674,224,1
42602,17,665,217,1
42619,17,681,206,1
42636,17,675,229,1
42652,17,675,216,1
42669,17,675,203,1
42686,17,675,231,1
42702,17,662,218,1
42719,17,661,225,1
42735,17,670,221,1
42752,17,718,225,1
42769,17,778,342,0
42785,17,883,726,3
42918,133,1013,840,0
42935,17,933,617,3
42952,17,956,240,0
42968,17,819,228,0
42985,17,816,187,0
43002,17,804,241,0
43018,17,803,217,0
43035,17,799,248,0
43052,17,797,251,0
43068,17,802,232,0
43085,17,795,252,0
43101,17,812,261,0
43118,17,779,248,0
43135,17,803,237,0
43151,17,798,237,0
43168,17,791,250,0
43185,17,803,257,0
43201,17,798,249,0
43218,17,661,362,0
43234,17,568,393,2
43251,17,555,392,2
43268,17,542,388,2
43284,17,546,390,2
43301,17,546,393,2
43318,17,544,400,2
43334,17,544,374,2
43351,17,545,380,2
43368,17,551,392,2
43384,17,546,392,2
43401,17,545,373,2
43417,17,548,392,2
43434,17,550,394,2
43451,17,546,369,2
43467,17,549,363,4
43484,17,537,390,2
43501,17,510,394,2
43517,17,515,386,2
43534,17,514,393,2
43551,17,525,374,2
43567,17,519,396,2
43584,17,519,376,2
43600,17,519,378,2
43617,17,523,398,2
43634,17,523,383,2
43650,17,528,382,2
43667,17,526,395,2
43684,17,527,377,2
43700,17,525,384,2
43717,17,528,373,2
43734,17,526,385,2
43750,17,531,381,2
43767,17,534,392,2
43783,17,531,380,2
43800,17,537,380,2
43817,17,532,376,2
43833,17,531,389,2
43850,17,507,324,4
43867,17,503,290,4
43883,17,508,287,0
43900,17,502,286,0
43917,17,509,308,4
43933,17,511,298,4
43950,17,507,292,4
43966,17,507,297,4
43983,17,505,285,0
44000,17,508,289,4
44016,17,507,291,4
44033,17,507,282,0
44050,17,500,286,0
44066,17,502,288,4
44083,17,504,281,0
44100,17,507,289,4
44116,17,498,274,0
44133,17,498,289,4
44149,17,502,297,4
44166,17,500,285,0
44183,17,506,280,0
44199,17,503,291,4
44216,17,508,236,1
44233,17,526,181,1
44249,17,536,152,1
44266,17,532,147,1
44282,17,537,159,1
44299,17,532,170,1
44316,17,540,150,1
44332,17,534,168,1
44349,17,538,142,1
44366,17,538,155,1
44382,17,535,166,1
44399,17,535,148,1
44416,17,537,163,1
44432,17,539,157,1
44449,17,532,167,1
44465,17,534,149,1
44482,17,532,167,1
44499,17,531,159,1
44515,17,534,170,1
44532,17,541,167,1
44549,17,538,168,1
44565,17,544,290,4
44582,17,526,367,2
44599,17,531,373,2
44615,17,528,402,2
44632,17,528,382,2
44648,17,530,400,2
44665,17,527,373,2
44682,17,533,407,2
44698,17,529,390,2
44715,17,530,396,2
44732,17,529,405,2
44748,17,528,395,2
44765,17,529,377,2
44782,17,529,386,2
44798,17,526,389,2
44815,17,528,406,2
44831,17,528,386,2
44848,17,533,393,2
44865,17,529,403,2
44881,17,528,389,2
44898,17,530,396,2
44915,17,523,378,2
44931,17,532,439,3
44948,17,535,427,3
44965,17,532,455,3
44981,17,529,443,3
44998,17,534,443,3
45014,17,533,452,3
45031,17,536,435,3
45048,17,534,455,3
45064,17,529,446,3
45081,17,533,450,3
45098,17,540,460,3
45114,17,535,441,3
45131,17,530,433,3
45148,17,533,448,3
45164,17,532,442,3
45181,17,534,453,3
45197,17,534,439,3
45214,17,530,431,3
45231,17,535,449,3
45247,17,535,442,3
45264,17,531,434,3
45281,17,537,435,3
45297,17,533,439,3
45314,17,553,587,3
45480,166,575,648,3
45497,17,535,389,2
45513,17,531,284,0
45530,17,543,323,4
45547,17,540,299,4
45563,17,538,302,4
45580,17,541,303,4
45597,17,541,293,4
45613,17,539,304,4
45630,17,538,290,4
45647,17,540,300,4
45663,17,538,298,4
45680,17,540,311,4
45696,17,542,307,4
45713,17,540,285,0
45730,17,541,307,4
45746,17,540,305,4
45763,17,539,302,4
45780,17,541,304,4
45796,17,543,301,4
45813,17,539,298,4
45830,17,544,287,0
45846,17,542,303,4
45863,17,539,304,4
45879,17,522,311,4
45896,17,477,302,4
45913,17,489,289,4
45929,17,475,299,4
45946,17,488,313,4
45963,17,476,306,4
45979,17,478,321,4
45996,17,485,303,4
46013,17,485,295,4
46029,17,482,315,4
46046,17,486,295,4
46062,17,481,300,4
46079,17,486,315,4
46096,17,492,309,4
46112,17,478,313,4
46129,17,481,314,4
46146,17,487,317,4
46162,17,494,326,4
46179,17,488,317,4
46196,17,483,310,4
46212,17,486,306,4
46229,17,481,305,4
46245,17,483,317,4
46262,17,488,317,4
46279,17,489,310,4
46295,17,486,309,4
46312,17,479,317,4
46329,17,484,318,4
46345,17,489,325,4
46362,17,484,304,4
46379,17,489,318,4
46395,17,483,311,4
46412,17,487,313,4
46428,17,489,317,4
46445,17,486,322,4
46462,17,490,320,4
46478,17,482,313,4
46495,17,489,318,4
46512,17,487,320,4
46528,17,486,323,4
46545,17,492,321,4
46562,17,484,324,4
46578,17,482,316,4
46595,17,483,326,4
46611,17,481,327,4
46628,17,528,380,2
46645,17,529,389,2
46661,17,531,382,2
46678,17,533,389,2
46695,17,532,382,2
46711,17,533,373,2
46728,17,536,379,2
46744,17,533,374,2
46761,17,540,374,2
46778,17,532,377,2
46794,17,530,375,2
46811,17,533,376,2
46828,17,531,379,2
46844,17,528,377,2
46861,17,530,374,2
46878,17,533,365,2
46894,17,531,367,2
46911,17,529,384,2
46927,17,533,380,2
46944,17,572,606,3
46961,17,611,737,3
47094,133,534,399,2
47110,17,523,336,4
47127,17,535,361,4
47144,17,539,357,4
47160,17,539,379,2
47177,17,542,364,4
47194,17,543,365,2
47210,17,541,360,4
47227,17,545,368,2
47244,17,542,358,4
47260,17,541,362,4
47277,17,539,355,4
47293,17,543,363,4
47310,17,535,359,4
47327,17,539,357,4
47343,17,537,377,2
47360,17,520,387,2
47377,17,527,366,2
47393,17,521,388,2
47410,17,526,385,2
47427,17,528,397,2
47443,17,518,363,4
47460,17,527,379,2
47476,17,518,376,2
47493,17,522,372,2
47510,17,523,382,2
47526,17,524,377,2
47543,17,522,377,2
47560,17,520,363,4
47576,17,521,385,2
47593,17,522,364,4
47610,17,517,358,4
47626,17,523,395,2
47643,17,523,381,2
47659,17,520,379,2
47676,17,515,379,2
47693,17,523,375,2
47709,17,524,372,2
47726,17,521,369,2
47743,17,518,372,2
47759,17,511,368,2
47776,17,519,376,2
47792,17,517,373,2
47809,17,522,365,2
47826,17,516,366,2
47842,17,520,385,2
47859,17,517,363,4
47876,17,539,428,3
47892,17,538,422,3
47909,17,539,425,3
47926,17,541,442,3
47942,17,535,430,3
47959,17,542,435,3
47975,17,542,432,3
47992,17,536,433,3
48009,17,540,418,5
48025,17,544,438,3
48042,17,542,431,3
48059,17,542,435,3
48075,17,542,426,3
48092,17,543,441,3
48109,17,537,437,3
48125,17,535,418,5
48142,17,543,434,3
48158,17,542,412,2
48175,17,533,419,5
48192,17,535,418,5
48208,17,537,433,3
48225,17,540,434,3
48242,17,542,435,3
48258,17,538,429,3
48275,17,541,423,3
48292,17,538,421,5
48308,17,539,424,3
48325,17,540,429,3
48341,17,537,434,3
48358,17,545,438,3
48375,17,539,433,3
48391,17,541,431,3
48408,17,543,426,3
48425,17,527,356,4
48441,17,528,332,4
48458,17,531,325,4
48475,17,530,329,4
48491,17,526,345,4
48508,17,525,328,4
48524,17,524,317,4
48541,17,527,345,4
48558,17,534,342,4
48574,17,531,333,4
48591,17,514,333,4
48608,17,464,339,4
48624,17,459,321,4
48641,17,464,331,4
48658,17,468,337,4
48674,17,447,326,4
48691,17,457,335,4
48707,17,464,330,4
48724,17,468,322,4
48741,17,458,325,4
48757,17,442,332,4
48774,17,456,336,4
48791,17,459,321,4
48807,17,463,342,4
48824,17,458,331,4
48841,17,453,331,4
48857,17,456,324,4
48874,17,462,335,4
48890,17,443,326,4
48907,17,454,322,4
48924,17,463,329,4
48940,17,460,327,4
48957,17,458,327,4
48974,17,455,333,4
48990,17,455,328,4
49007,17,459,325,4
49023,17,458,344,4
49040,17,452,328,4
49057,17,450,334,4
49073,17,445,332,4
49090,17,457,316,4
49107,17,453,330,4
49123,17,452,311,4
49140,17,463,330,4
49157,17,453,319,4
49173,17,455,322,4
49190,17,447,318,4
49206,17,447,310,4
49223,17,444,313,4
49240,17,528,350,4
49256,17,549,341,4
49273,17,548,340,4
49290,17,555,349,4
49306,17,554,355,4
49323,17,549,351,4
49340,17,551,347,4
49356,17,550,357,4
49373,17,551,354,4
49389,17,555,352,4
49406,17,556,374,2
49423,17,550,351,4
49439,17,555,365,2
49456,17,577,336,4
49473,17,593,344,4
49489,17,591,330,4
49506,17,600,342,4
49523,17,597,337,4
49539,17,599,337,4
49556,17,596,344,4
49572,17,603,351,4
49589,17,603,371,2
49606,17,601,362,4
49622,17,602,355,4
49639,17,600,351,4
49656,17,599,349,4
49672,17,599,354,4
49689,17,603,353,4
49706,17,602,350,4
49722,17,606,364,4
49739,17,605,340,4
49755,17,604,356,4
49772,17,601,352,4
49789,17,604,362,4
49805,17,546,341,4
49822,17,504,342,4
49839,17,506,339,4
49855,17,495,341,4
49872,17,494,337,4
49889,17,503,354,4
49905,17,500,354,4
49922,17,498,336,4
49938,17,499,330,4
49955,17,494,338,4
49972,17,464,337,4
49988,17,476,351,4
50005,17,466,343,4
50022,17,467,335,4
50038,17,463,338,4
50055,17,467,339,4
50071,17,465,343,4
50088,17,469,324,4
50105,17,467,351,4
50121,17,467,341,4
50138,17,469,342,4
50155,17,470,349,4
50171,17,469,316,4
50188,17,467,330,4
50205,17,471,330,4
50221,17,471,338,4
50238,17,475,337,4
50254,17,471,330,4
50271,17,468,337,4
50288,17,458,319,4
50304,17,466,333,4
50321,17,466,336,4
50338,17,464,326,4
50354,17,458,339,4
50371,17,524,368,2
50388,17,595,360,4
50404,17,615,384,2
50421,17,614,376,2
50437,17,607,356,4
50454,17,616,376,2
50471,17,614,364,0
50487,17,616,382,2
50504,17,624,356,0
50521,17,633,344,0
50537,17,638,352,0
50554,17,639,339,0
50571,17,641,348,0
50587,17,640,345,0
50604,17,643,361,0
50620,17,643,343,0
50637,17,640,351,0
50654,17,637,337,0
50670,17,642,328,0
50687,17,640,344,0
50704,17,641,345,0
50720,17,642,335,0
50737,17,639,341,0
50754,17,641,344,0
50770,17,576,367,2
50787,17,538,374,2
50803,17,538,357,4
50820,17,538,378,2
50837,17,533,371,2
50853,17,531,367,2
50870,17,539,376,2
50887,17,534,371,2
50903,17,529,385,2
50920,17,533,367,2
50937,17,528,372,2
50953,17,530,365,2
50970,17,527,362,4
50986,17,528,368,2
51003,17,529,373,2
51020,17,525,367,2
51036,17,525,370,2
51053,17,526,369,2
51070,17,525,371,2
51086,17,529,369,2
51103,17,524,348,4
51120,17,532,373,2
51136,17,522,354,4
51153,17,523,353,4
51169,17,529,346,4
51186,17,527,350,4
51203,17,535,350,4
51219,17,530,371,2
51236,17,531,369,2
51253,17,528,350,4
51269,17,527,351,4
51286,17,526,369,2
51302,17,530,360,4
51319,17,526,348,4
51336,17,528,363,4
51352,17,528,357,4
51369,17,532,353,4
51386,17,528,363,4
51402,17,529,362,4
51419,17,525,357,4
51436,17,526,376,2
51452,17,523,352,4
51469,17,524,368,2
51485,17,530,358,4
51502,17,528,368,2
51519,17,527,373,2
51535,17,528,351,4
51552,17,528,364,4
51569,17,526,344,4
51585,17,532,371,2
51602,17,531,372,2
51619,17,528,362,4
51635,17,533,371,2
51652,17,532,369,2
51668,17,527,356,4
51685,17,525,364,4
51702,17,532,355,4
51718,17,525,363,4
51735,17,530,362,4
51752,17,527,362,4
51768,17,537,319,4
51785,17,564,324,4
51818,0,571,319,4
51818,33,571,319,4
51835,17,562,325,4
51851,17,565,315,4
51868,17,568,323,4
51885,17,564,325,4
51901,17,565,313,4
51918,17,566,310,4
51935,17,567,330,4
51951,17,567,314,4
51968,17,570,321,4
51985,17,567,323,4
52001,17,567,300,4
52018,17,566,322,4
52034,17,564,311,4
52051,17,566,310,4
52068,17,565,308,4
52084,17,562,303,4
52101,17,585,314,4
52118,17,580,313,4
52134,17,583,326,4
52151,17,586,306,4
52168,17,590,322,4
52184,17,590,308,4
52201,17,581,308,4
52217,17,583,329,4
52234,17,588,317,4
52251,17,585,320,4
52267,17,588,335,4
52284,17,584,320,4
52301,17,586,311,4
52317,17,587,317,4
52334,17,585,323,4
52350,17,588,323,4
52367,17,587,323,4
52384,17,585,329,4
52400,17,587,333,4
52417,17,589,345,4
52434,17,587,326,4
52450,17,587,320,4
52467,17,588,330,4
52484,17,589,339,4
52500,17,586,319,4
52517,17,614,516,3
52533,17,594,723,3
52550,17,600,846,0
52633,83,501,364,4
52650,17,491,309,4
52667,17,496,347,4
52683,17,497,324,4
52700,17,494,320,4
52716,17,493,324,4
52733,17,492,307,4
52750,17,493,309,4
52766,17,495,321,4
52783,17,497,317,4
52800,17,491,312,4
52816,17,493,303,4
52833,17,471,315,4
52850,17,447,317,4
52866,17,451,315,4
52883,17,447,329,4
52899,17,445,322,4
52916,17,434,328,4
52933,17,442,327,4
52949,17,451,320,4
52966,17,441,324,4
52983,17,447,324,4
52999,17,442,316,4
53016,17,441,318,4
53033,17,439,301,4
53049,17,437,311,4
53066,17,452,327,4
53082,17,438,319,4
53099,17,436,311,4
53116,17,444,324,4
53132,17,443,307,4
53149,17,447,320,4
53166,17,445,312,4
53182,17,447,306,4
53199,17,453,307,4
53216,17,455,303,4
53232,17,458,309,4
53249,17,450,325,4
53265,17,466,320,4
53282,17,522,327,4
53299,17,554,323,4
53315,17,555,315,4
53332,17,566,343,4
53349,17,555,319,4
53365,17,561,323,4
53382,17,560,328,4
53399,17,560,328,4
53415,17,564,338,4
53432,17,561,331,4
53448,17,563,329,4
53465,17,559,329,4
53482,17,562,328,4
53498,17,563,326,4
53515,17,563,320,4
53532,17,567,330,4
53548,17,561,335,4
53565,17,568,434,3
53581,17,560,428,3
53598,17,567,468,3
53615,17,568,446,3
53631,17,566,436,3
53648,17,567,443,3
53665,17,569,448,3
53681,17,562,442,3
53698,17,568,445,3
53715,17,565,436,3
53731,17,566,451,3
53748,17,568,446,3
53764,17,567,440,3
53781,17,566,439,3
53798,17,564,444,3
53814,17,541,436,3
53831,17,550,439,3
53848,17,546,442,3
53864,17,550,435,3
53881,17,543,424,3
53898,17,551,453,3
53914,17,550,451,3
53931,17,549,441,3
53947,17,546,437,3
53964,17,550,436,3
53981,17,547,441,3
53997,17,550,466,3
54014,17,551,446,3
54031,17,548,427,3
54047,17,547,436,3
54064,17,551,456,3
54081,17,553,455,3
54097,17,552,445,3
54114,17,548,430,3
54130,17,555,337,4
54147,17,570,318,4
54164,17,575,319,4
54180,17,577,325,4
54197,17,570,321,4
54214,17,572,313,4
54230,17,573,317,4
54247,17,572,303,4
54264,17,570,321,4
54280,17,572,317,4
54297,17,572,313,4
54313,17,569,300,4
54330,17,572,315,4
54347,17,573,335,4
54363,17,572,300,4
54380,17,578,324,4
54397,17,578,328,4
54413,17,577,313,4
54430,17,574,316,4
54447,17,575,323,4
54463,17,581,317,4
54480,17,575,312,4
54496,17,571,316,4
54513,17,549,409,2
54530,17,547,405,2
54546,17,540,428,3
54563,17,545,415,2
54580,17,540,439,3
54596,17,538,426,3
54613,17,545,432,3
54630,17,541,440,3
54646,17,538,439,3
54663,17,539,433,3
54679,17,544,437,3
54696,17,542,429,3
54713,17,534,425,3
54729,17,544,429,3
54746,17,540,431,3
54763,17,543,434,3
54779,17,534,414,2
54796,17,534,361,4
54812,17,531,370,2
54829,17,536,356,4
54846,17,537,378,2
54862,17,534,362,4
54879,17,533,375,2
54896,17,541,355,4
54912,17,540,366,2
54929,17,536,371,2
54946,17,541,362,4
54962,17,535,366,2
54979,17,536,352,4
54995,17,538,364,4
55012,17,536,372,2
55029,17,539,363,4
55045,17,542,363,4
55062,17,536,365,2
55079,17,537,370,2
55095,17,538,380,2
55112,17,538,363,4
55129,17,537,364,4
55145,17,540,362,4
55162,17,537,368,2
55178,17,541,371,2
55195,17,540,373,2
55212,17,535,356,4
55228,17,538,367,2
55245,17,539,381,2
55262,17,534,370,2
55278,17,535,368,2
55295,17,537,365,2
55312,17,508,394,2
55328,17,515,396,2
55345,17,514,400,2
55361,17,512,389,2
55378,17,516,380,2
55395,17,510,382,2
55411,17,509,389,2
55428,17,507,381,2
55445,17,509,404,2
55461,17,512,386,2
55478,17,506,383,2
55495,17,512,392,2
55511,17,516,397,2
55528,17,514,395,2
55544,17,511,382,2
55561,17,515,392,2
55578,17,515,381,2
55594,17,517,384,2
55611,17,519,390,2
55628,17,517,392,2
55644,17,519,400,2
55661,17,525,386,2
55678,17,522,392,2
55694,17,523,373,2
55711,17,525,375,2
55727,17,527,372,2
55744,17,520,382,2
55761,17,522,374,2
55777,17,547,326,4
55794,17,573,323,4
55811,17,573,303,4
55827,17,584,317,4
55844,17,573,317,4
55860,17,578,307,4
55877,17,576,311,4
55894,17,577,310,4
55910,17,578,319,4
55927,17,577,307,4
55944,17,580,326,4
55960,17,576,317,4
55977,17,576,327,4
55994,17,576,312,4
56010,17,572,302,4
56027,17,575,317,4
56043,17,566,312,4
56060,17,576,312,4
56077,17,573,325,4
56093,17,575,327,4
56110,17,578,317,4
56127,17,571,316,4
56143,17,575,325,4
56160,17,575,316,4
56177,17,577,314,4
56193,17,570,302,4
56210,17,573,305,4
56226,17,573,317,4
56243,17,516,305,4
56260,17,487,308,4
56276,17,481,318,4
56293,17,482,313,4
56310,17,479,295,4
56326,17,478,303,4
56343,17,475,302,4
56360,17,481,296,4
56376,17,477,305,4
56393,17,483,307,4
56409,17,478,301,4
56426,17,485,306,4
56443,17,477,308,4
56459,17,486,313,4
56476,17,485,313,4
56493,17,488,181,1
56509,17,499,190,1
56526,17,498,164,1
56543,17,512,151,1
56559,17,513,159,1
56576,17,511,170,1
56592,17,499,168,1
56609,17,514,177,1
56626,17,499,162,1
56642,17,498,154,1
56659,17,501,180,1
56676,17,509,171,1
56692,17,502,169,1
56709,17,498,157,1
56726,17,503,173,1
56742,17,505,163,1
56759,17,504,164,1
56775,17,504,165,1
56792,17,506,174,1
56809,17,503,166,1
56825,17,501,172,1
56842,17,503,161,1
56859,17,505,164,1
56875,17,504,174,1
56892,17,502,165,1
56909,17,502,172,1
56925,17,504,173,1
56942,17,503,184,1
56958,17,503,176,1
56975,17,503,183,1
56992,17,523,163,1
57008,17,520,161,1
57025,17,522,167,1
57042,17,523,167,1
57058,17,522,160,1
57075,17,520,163,1
57091,17,525,177,1
57108,17,524,170,1
57125,17,519,164,1
57141,17,517,160,1
57158,17,524,169,1
57175,17,521,170,1
57191,17,524,176,1
57208,17,520,171,1
57225,17,524,164,1
57241,17,524,167,1
57258,17,521,177,1
57274,17,517,162,1
57291,17,522,178,1
57308,17,525,176,1
57324,17,527,167,1
57341,17,522,170,1
57358,17,518,170,1
57374,17,525,171,1
57391,17,520,153,1
57408,17,513,175,1
57424,17,520,157,1
57441,17,524,171,1
57457,17,518,224,1
57474,17,513,341,4
57491,17,519,397,2
57507,17,507,378,2
57524,17,511,404,2
57541,17,514,383,2
57557,17,506,389,2
57574,17,513,396,2
57591,17,511,405,2
57607,17,516,400,2
57624,17,504,407,2
57640,17,509,389,2
57657,17,506,387,2
57674,17,509,395,2
57690,17,502,381,2
57707,17,506,399,2
57724,17,503,387,2
57740,17,503,406,2
57757,17,498,376,2
57774,17,504,375,2
57790,17,506,373,2
57807,17,506,389,2
57823,17,506,389,2
57840,17,512,377,2
57857,17,518,423,3
57873,17,514,405,2
57890,17,515,408,2
57907,17,517,391,2
57923,17,515,381,2
57940,17,508,386,2
57957,17,507,383,2
57973,17,506,389,2
57990,17,515,368,2
58006,17,514,384,2
58023,17,509,381,2
58040,17,512,374,2
58056,17,504,356,4
58073,17,501,338,4
58090,17,489,300,4
58106,17,493,306,4
58123,17,498,318,4
58139,17,502,329,4
58156,17,496,308,4
58173,17,495,330,4
58189,17,489,312,4
58206,17,495,310,4
58223,17,487,301,4
58239,17,490,319,4
58256,17,495,317,4
58273,17,489,321,4
58289,17,500,316,4
58306,17,490,305,4
58322,17,481,209,1
58339,17,493,206,1
58356,17,481,175,1
58372,17,495,184,1
58389,17,497,170,1
58406,17,494,177,1
58422,17,494,180,1
58439,17,486,179,1
58456,17,496,178,1
58472,17,491,178,1
58489,17,489,183,1
58505,17,486,166,1
58522,17,494,172,1
58539,17,486,172,1
58555,17,483,168,1
58572,17,486,164,1
58589,17,485,168,1
58605,17,489,175,1
58622,17,502,167,1
58639,17,499,158,1
58655,17,498,155,1
58672,17,497,156,1
58688,17,498,157,1
58705,17,499,155,1
58722,17,499,169,1
58738,17,498,169,1
58755,17,501,169,1
58772,17,519,293,4
58788,17,524,354,4
58805,17,519,344,4
58822,17,522,367,2
58838,17,522,357,4
58855,17,519,359,4
58871,17,526,374,2
58888,17,523,368,2
58905,17,526,371,2
58921,17,522,364,4
58938,17,516,359,4
58955,17,516,350,4
58971,17,519,358,4
58988,17,520,358,4
59005,17,518,368,2
59021,17,517,376,2
59038,17,517,366,2
59054,17,520,378,2
59071,17,519,360,4
59088,17,513,367,2
59104,17,519,355,4
59121,17,521,378,2
59138,17,513,359,4
59154,17,515,344,4
59171,17,515,372,2
59188,17,515,353,4
59204,17,517,353,4
59221,17,512,365,2
59237,17,518,362,4
59254,17,512,373,2
59271,17,514,353,4
59287,17,513,370,2
59304,17,513,366,2
59321,17,520,521,3
59337,17,540,683,3
59354,17,532,780,0
59370,17,854,447,3
59387,17,765,560,3
59404,17,513,639,3
59420,17,517,393,2
59437,17,505,373,2
59454,17,516,389,2
59470,17,509,401,2
59487,17,511,389,2
59504,17,508,396,2
59520,17,511,379,2
59537,17,511,398,2
59553,17,513,401,2
59570,17,513,393,2
59587,17,506,381,2
59603,17,517,387,2
59620,17,508,381,2
59637,17,507,379,2
59653,17,514,382,2
59670,17,511,374,2
59687,17,513,382,2
59703,17,511,377,2
59720,17,511,369,2
59736,17,508,396,2
59753,17,510,383,2
59770,17,515,382,2
59786,17,513,372,2
59803,17,510,391,2
59820,17,512,379,2
59836,17,509,378,2
59853,17,512,380,2
59870,17,512,388,2
59886,17,510,376,2
59903,17,508,373,2
59919,17,509,343,4
59936,17,505,321,4
59953,17,508,332,4
59969,17,505,310,4
59986,17,509,323,4
60003,17,510,322,4
60019,17,505,309,4
60036,17,510,324,4
60053,17,510,324,4
60069,17,510,310,4
60086,17,510,313,4
60102,17,513,318,4
60119,17,516,330,4
60136,17,513,314,4
60152,17,509,309,4
60169,17,509,296,4
60186,17,525,196,1
60202,17,527,173,1
60219,17,531,166,1
60236,17,532,180,1
60252,17,533,168,1
60269,17,535,170,1
60285,17,532,169,1
60302,17,532,150,1
60319,17,536,175,1
60335,17,532,185,1
60352,17,535,156,1
60369,17,536,164,1
60385,17,537,165,1
60402,17,540,167,1
60418,17,535,174,1
60435,17,536,168,1
60452,17,535,169,1
60468,17,538,169,1
60485,17,539,152,1
60502,17,543,168,1
60518,17,528,142,1
60535,17,520,128,0
60552,17,514,121,0
60568,17,513,125,0
60585,17,511,144,1
60601,17,513,137,1
60618,17,509,121,0
60635,17,513,146,1
60651,17,512,129,0
60668,17,515,153,1
60685,17,514,139,1
60701,17,510,124,0
60718,17,508,145,1
60735,17,510,154,1
60751,17,513,126,0
60768,17,510,134,1
60784,17,514,143,1
60801,17,509,137,1
60818,17,526,221,1
60834,17,509,153,1
60851,17,510,147,1
60868,17,507,142,1
60884,17,504,140,1
60901,17,512,134,1
60918,17,506,161,1
60934,17,508,155,1
60951,17,508,151,1
60967,17,497,161,1
60984,17,502,157,1
61001,17,503,157,1
61017,17,512,165,1
61034,17,505,155,1
61051,17,507,152,1
61067,17,507,148,1
61084,17,504,150,1
61101,17,509,148,1
61117,17,507,152,1
61134,17,510,180,1
61150,17,499,227,1
61167,17,507,369,2
61184,17,514,372,2
61200,17,511,381,2
61217,17,513,383,2
61234,17,512,390,2
61250,17,513,390,2
61267,17,515,360,4
61284,17,516,390,2
61300,17,514,376,2
61317,17,514,379,2
61333,17,517,367,2
61350,17,515,383,2
61367,17,514,357,4
61383,17,518,366,2
61400,17,514,374,2
61417,17,512,379,2
61433,17,516,376,2
61450,17,513,371,2
61467,17,504,361,4
61483,17,514,375,2
61500,17,514,365,2
61516,17,518,360,4
61533,17,520,378,2
61550,17,521,360,4
61566,17,514,368,2
61583,17,540,339,4
61600,17,549,340,4
61616,17,552,348,4
61633,17,551,332,4
61649,17,551,347,4
61666,17,558,354,4
61683,17,557,346,4
61699,17,558,341,4
61716,17,551,346,4
61733,17,560,335,4
61749,17,551,357,4
61766,17,558,341,4
61783,17,548,350,4
61799,17,554,353,4
61816,17,554,346,4
61832,17,553,328,4
61849,17,550,333,4
61866,17,558,348,4
61882,17,553,327,4
61899,17,550,364,4
61916,17,554,355,4
61932,17,554,346,4
61949,17,556,350,4
61966,17,559,345,4
61982,17,558,351,4
61999,17,563,345,4
62015,17,565,347,4
62032,17,565,339,4
62049,17,561,345,4
62065,17,560,345,4
62082,17,563,341,4
62099,17,560,350,4
62115,17,564,353,4
62132,17,565,357,4
62149,17,560,366,2
62165,17,557,354,4
62182,17,561,357,4
62198,17,564,341,4
62215,17,567,359,4
62232,17,562,349,4
62248,17,565,356,4
62265,17,565,360,4
62282,17,557,338,4
62298,17,561,341,4
62315,17,561,338,4
62332,17,562,353,4
62348,17,564,349,4
62365,17,558,331,4
62381,17,565,340,4
62398,17,557,360,4
62415,17,558,345,4
62431,17,560,343,4
62448,17,560,361,4
62465,17,567,382,2
62481,17,571,548,3
62498,17,563,679,3
62515,17,529,453,3
62531,17,525,219,1
62548,17,507,201,1
62564,17,507,194,1
62581,17,508,179,1
62598,17,510,194,1
62614,17,510,180,1
62631,17,512,204,1
62648,17,515,177,1
62664,17,508,194,1
62681,17,512,180,1
62697,17,517,194,1
62714,17,517,191,1
62747,33,513,178,1
62764,17,514,177,1
62781,17,513,166,1
62797,17,503,310,4
62814,17,520,390,2
62831,17,514,399,2
62847,17,519,407,2
62864,17,515,383,2
62880,17,517,393,2
62897,17,522,403,2
62914,17,516,412,2
62930,17,521,399,2
62947,17,517,392,2
62964,17,517,394,2
62980,17,520,401,2
62997,17,516,389,2
63014,17,515,393,2
63030,17,516,371,2
63047,17,515,390,2
63063,17,515,384,2
63080,17,517,382,2
63097,17,521,393,2
63113,17,517,397,2
63130,17,520,378,2
63147,17,521,376,2
63163,17,515,379,2
63180,17,518,373,2
63197,17,517,391,2
63213,17,517,375,2
63230,17,523,361,4
63246,17,514,363,4
63263,17,513,371,2
63280,17,519,381,2
63296,17,515,373,2
63313,17,513,367,2
63330,17,517,372,2
63346,17,515,373,2
63363,17,520,382,2
63380,17,519,375,2
63396,17,515,390,2
63413,17,514,377,2
63446,33,515,363,4
63463,17,521,378,2
63479,17,518,384,2
63496,17,522,382,2
63513,17,516,399,2
63529,17,523,384,2
63546,17,520,375,2
63563,17,519,383,2
63579,17,521,385,2
63596,17,525,378,2
63612,17,511,373,2
63629,17,525,378,2
63646,17,507,355,4
63662,17,506,378,2
63679,17,508,377,2
63696,17,511,362,4
63712,17,512,376,2
63729,17,511,374,2
63746,17,507,363,4
63762,17,509,366,2
63779,17,510,348,4
63795,17,510,361,4
63812,17,515,378,2
63829,17,517,367,2
63845,17,516,376,2
63862,17,518,386,2
63879,17,534,278,0
63895,17,550,288,4
63912,17,548,279,0
63928,17,549,266,0
63945,17,554,279,0
63962,17,552,278,0
63978,17,554,276,0
63995,17,551,278,0
64012,17,548,283,0
64028,17,551,270,0
64045,17,552,282,0
64062,17,544,266,0
64078,17,556,270,0
64095,17,552,272,0
64111,17,550,262,0
64128,17,550,185,1
64145,17,567,171,1
64161,17,558,145,1
64178,17,559,141,1
64195,17,557,165,1
64211,17,557,159,1
64228,17,558,156,1
64245,17,557,144,1
64261,17,556,144,1
64278,17,558,144,1
64294,17,553,156,1
64311,17,552,151,1
64328,17,555,157,1
64344,17,554,151,1
64361,17,559,140,1
64378,17,553,150,1
64394,17,555,147,1
64411,17,554,130,0
64428,17,556,141,1
64444,17,552,130,0
64461,17,553,130,0
64477,17,553,138,1
64494,17,552,137,1
64511,17,546,137,1
64527,17,550,129,0
64544,17,548,133,1
64561,17,548,153,1
64577,17,547,132,0
64594,17,547,163,1
64611,17,543,288,4
64627,17,537,403,2
64644,17,541,431,3
64660,17,539,450,3
64677,17,541,430,3
64694,17,538,435,3
64710,17,536,441,3
64727,17,541,441,3
64744,17,539,435,3
64760,17,538,440,3
64777,17,536,449,3
64794,17,540,430,3
64810,17,537,439,3
64827,17,536,438,3
64843,17,538,445,3
64860,17,536,439,3
64877,17,537,447,3
64893,17,536,460,3
64910,17,535,432,3
64927,17,538,431,3
64943,17,537,442,3
64960,17,540,448,3
64977,17,539,444,3
64993,17,537,428,3
65010,17,540,443,3
65026,17,539,436,3
65043,17,539,435,3
65060,17,542,450,3
65076,17,559,347,4
65093,17,573,327,4
65110,17,573,323,4
65126,17,583,313,4
65143,17,580,329,4
65159,17,582,331,4
65176,17,582,318,4
65193,17,588,320,4
65209,17,574,334,4
65226,17,579,322,4
65243,17,579,327,4
65259,17,586,334,4
65276,17,605,345,4
65293,17,596,336,4
65309,17,607,341,4
65326,17,606,327,4
65342,17,606,352,4
65359,17,602,340,4
65376,17,604,345,4
65392,17,599,337,4
65409,17,607,350,4
65426,17,605,342,4
65442,17,598,339,4
65459,17,605,345,4
65476,17,594,323,4
65492,17,593,327,4
65509,17,597,332,4
65525,17,593,329,4
65542,17,592,335,4
65559,17,595,325,4
65575,17,587,327,4
65592,17,602,326,4
65609,17,595,328,4
65625,17,597,333,4
65642,17,586,332,4
65659,17,588,327,4
65675,17,593,321,4
65692,17,597,343,4
65708,17,591,329,4
65725,17,590,333,4
65742,17,589,332,4
65758,17,592,347,4
65775,17,593,325,4
65792,17,592,337,4
65808,17,596,334,4
65825,17,590,333,4
65842,17,594,327,4
65858,17,540,348,4
65875,17,468,319,4
65891,17,433,330,4
65908,17,430,312,4
65925,17,434,305,4
65941,17,437,310,4
65958,17,430,320,4
65975,17,435,309,4
65991,17,433,305,4
66008,17,431,300,4
66025,17,451,322,4
66041,17,431,308,4
66058,17,437,304,4
66074,17,433,300,4
66091,17,437,307,4
66108,17,435,316,4
66124,17,435,296,4
66141,17,428,310,4
66158,17,436,299,4
66174,17,433,296,4
66191,17,441,314,4
66207,17,438,311,4
66224,17,434,303,4
66241,17,449,310,4
66257,17,446,295,4
66274,17,440,310,4
66291,17,430,301,4
66307,17,431,291,4
66324,17,483,341,4
66341,17,532,377,2
66357,17,540,450,3
66374,17,545,399,2
66390,17,543,360,4
66407,17,549,389,2
66424,17,544,389,2
66440,17,552,423,3
66457,17,554,413,2
66474,17,551,411,2
66490,17,549,393,2
66507,17,550,400,2
66524,17,550,413,2
66540,17,552,391,2
66557,17,555,412,2
66573,17,547,402,2
66590,17,547,403,2
66607,17,548,398,2
66623,17,549,406,2
66640,17,549,412,2
66657,17,579,328,4
66673,17,588,318,4
66690,17,594,306,4
66707,17,594,304,4
66723,17,595,312,4
66740,17,596,298,4
66756,17,590,301,4
66773,17,594,308,4
66790,17,595,307,4
66806,17,593,309,4
66823,17,593,315,4
66840,17,590,302,4
66856,17,593,311,4
66873,17,598,322,4
66890,17,598,309,4
66906,17,592,321,4
66923,17,593,319,4
66939,17,594,326,4
66956,17,599,349,4
66973,17,592,379,2
66989,17,610,522,3
67006,17,592,729,3
67206,200,756,323,0
67222,17,516,388,2
67239,17,516,378,2
67256,17,509,355,4
67272,17,508,373,2
67289,17,507,371,2
67305,17,513,373,2
67322,17,513,366,2
67339,17,512,380,2
67355,17,511,379,2
67372,17,512,365,2
67389,17,513,374,2
67405,17,516,367,2
67422,17,514,367,2
67438,17,513,369,2
67455,17,514,379,2
67472,17,511,377,2
67488,17,513,385,2
67505,17,520,381,2
67522,17,514,384,2
67538,17,511,389,2
67555,17,514,390,2
67572,17,515,386,2
67588,17,519,385,2
67605,17,511,367,2
67621,17,516,377,2
67638,17,513,370,2
67655,17,506,358,4
67671,17,514,376,2
67688,17,511,372,2
67705,17,513,374,2
67721,17,518,381,2
67738,17,516,387,2
67755,17,513,373,2
67771,17,519,382,2
67788,17,521,382,2
67804,17,521,383,2
67821,17,514,375,2
67838,17,521,359,4
67854,17,515,379,2
67871,17,514,373,2
67888,17,516,384,2
67904,17,518,378,2
67921,17,521,390,2
67938,17,520,362,4
67954,17,515,360,4
67971,17,522,326,4
67987,17,510,329,4
68004,17,508,310,4
68021,17,517,325,4
68037,17,515,327,4
68054,17,511,312,4
68071,17,512,331,4
68087,17,517,322,4
68104,17,517,307,4
68121,17,518,315,4
68137,17,517,318,4
68154,17,520,315,4
68170,17,505,299,4
68187,17,466,304,4
68204,17,469,317,4
68220,17,468,312,4
68237,17,466,295,4
68254,17,463,309,4
68270,17,459,301,4
68287,17,460,311,4
68304,17,463,304,4
68320,17,458,310,4
68337,17,460,297,4
68353,17,458,315,4
68370,17,456,307,4
68387,17,458,316,4
68403,17,455,314,4
68420,17,452,308,4
68437,17,453,307,4
68453,17,449,298,4
68470,17,455,308,4
68486,17,445,295,4
68503,17,453,314,4
68520,17,448,306,4
68536,17,449,304,4
68553,17,449,306,4
68570,17,450,323,4
68586,17,451,307,4
68603,17,451,307,4
68620,17,452,314,4
68636,17,451,323,4
68653,17,451,328,4
68669,17,452,324,4
68686,17,450,338,4
68703,17,456,318,4
68719,17,452,327,4
68736,17,452,313,4
68753,17,450,335,4
68769,17,441,335,4
68786,17,448,338,4
68803,17,448,336,4
68819,17,440,332,4
68836,17,448,336,4
68852,17,450,333,4
68869,17,444,336,4
68886,17,445,325,4
68902,17,441,317,4
68919,17,446,320,4
68936,17,446,330,4
68952,17,453,350,4
68969,17,450,343,4
68986,17,444,332,4
69002,17,442,332,4
69019,17,440,330,4
69035,17,450,343,4
69052,17,453,327,4
69069,17,440,321,4
69085,17,441,335,4
69102,17,441,326,4
69119,17,437,325,4
69135,17,442,321,4
69152,17,448,333,4
69169,17,451,316,4
69185,17,440,330,4
69202,17,443,329,4
69218,17,436,319,4
69235,17,440,312,4
69252,17,441,311,4
69268,17,439,313,4
69285,17,442,327,4
69302,17,453,308,4
69318,17,440,321,4
69335,17,444,321,4
69352,17,441,309,4
69368,17,513,309,4
69385,17,569,311,4
69401,17,572,321,4
69418,17,585,312,4
69435,17,585,305,4
69451,17,578,318,4
69468,17,582,300,4
69485,17,584,314,4
69501,17,580,305,4
69518,17,576,317,4
69535,17,584,314,4
69551,17,576,294,4
69568,17,581,316,4
69584,17,582,304,4
69601,17,582,298,4
69618,17,581,314,4
69634,17,579,311,4
69651,17,583,337,4
69668,17,635,310,0
69684,17,650,336,0
69701,17,700,546,3
69717,17,708,512,3
69734,17,682,394,2
69751,17,662,265,0
69767,17,627,340,0
69784,17,615,341,0
69801,17,613,323,0
69817,17,613,323,0
69834,17,613,320,0
69851,17,609,330,4
69867,17,615,324,0
69884,17,612,329,4
69900,17,615,336,0
69917,17,612,327,4
69934,17,615,331,0
69950,17,612,336,4
69967,17,616,336,0
69984,17,612,327,4
70000,17,616,330,0
70017,17,609,330,4
70034,17,613,339,0
70050,17,627,324,0
70067,17,690,264,0
70083,17,709,241,1
70100,17,712,231,1
70117,17,714,233,1
70133,17,710,243,1
70150,17,707,227,1
70167,17,710,230,1
70183,17,709,245,1
70200,17,710,247,1
70217,17,711,232,1
70233,17,709,231,1
70250,17,705,244,1
70266,17,705,244,1
70283,17,713,241,1
70300,17,710,247,1
70316,17,707,249,1
70333,17,711,238,1
70350,17,712,250,1
70366,17,708,229,1
70383,17,714,232,1
70400,17,708,237,1
70416,17,710,252,1
70433,17,714,239,1
70449,17,709,248,1
70466,17,673,271,0
70483,17,584,323,4
70499,17,542,359,4
70516,17,539,364,4
70533,17,535,363,4
70549,17,538,376,2
70566,17,524,361,4
70583,17,536,366,2
70599,17,539,375,2
70616,17,537,377,2
70632,17,535,377,2
70649,17,535,376,2
70666,17,538,368,2
70682,17,536,372,2
70699,17,539,369,2
70716,17,501,348,4
70732,17,472,339,4
70749,17,479,351,4
70765,17,476,332,4
70782,17,475,325,4
70799,17,472,317,4
70815,17,477,334,4
70832,17,475,318,4
70849,17,474,326,4
70865,17,477,323,4
70882,17,547,374,2
70899,17,532,376,2
70915,17,539,372,2
70932,17,535,362,4
70948,17,537,374,2
70965,17,543,371,2
70982,17,538,377,2
70998,17,541,366,2
71015,17,546,382,2
71032,17,538,361,4
71048,17,539,387,2
71065,17,538,372,2
71082,17,544,371,2
71098,17,538,356,4
71115,17,536,355,4
71131,17,540,374,2
71148,17,538,360,4
71165,17,540,372,2
71181,17,536,372,2
71198,17,538,365,2
71215,17,539,366,2
71231,17,540,373,2
71248,17,541,382,2
71265,17,539,376,2
71281,17,538,361,4
71298,17,538,361,4
71314,17,540,373,2
71331,17,520,359,4
71348,17,522,387,2
71364,17,521,356,4
71381,17,523,377,2
71398,17,525,365,2
71414,17,522,359,4
71431,17,519,359,4
71448,17,530,389,2
71464,17,521,343,4
71481,17,525,370,2
71497,17,525,358,4
71514,17,528,370,2
71531,17,527,375,2
71547,17,527,366,2
71564,17,524,375,2
71581,17,526,363,4
71597,17,526,356,4
71614,17,530,377,2
71631,17,528,357,4
71647,17,530,380,2
71664,17,529,386,2
71680,17,524,371,2
71697,17,524,357,4
71714,17,532,373,2
71730,17,528,372,2
71747,17,528,376,2
71764,17,531,376,2
71780,17,528,353,4
71797,17,528,368,2
71814,17,527,362,4
71830,17,533,362,4
71847,17,530,372,2
71863,17,532,370,2
71880,17,530,373,2
71897,17,527,354,4
71913,17,527,359,4
71930,17,531,356,4
71947,17,534,377,2
71963,17,527,364,4
71980,17,525,356,4
71996,17,529,356,4
72013,17,531,367,2
72030,17,528,373,2
72046,17,529,361,4
72063,17,527,371,2
72080,17,526,364,4
72096,17,528,391,2
72113,17,528,377,2
72130,17,528,369,2
72146,17,528,361,4
72163,17,526,364,4
72179,17,526,374,2
72196,17,532,384,2
72213,17,527,371,2
72229,17,525,368,2
72246,17,528,364,4
72263,17,524,380,2
72279,17,526,380,2
72296,17,517,391,2
72313,17,532,434,3
72329,17,523,434,3
72346,17,530,446,3
72362,17,530,445,3
72379,17,532,432,3
72396,17,525,456,3
72412,17,534,447,3
72429,17,522,437,3
72446,17,525,445,3
72462,17,531,443,3
72479,17,520,442,3
72496,17,523,425,3
72512,17,521,434,3
72529,17,527,427,3
72545,17,533,437,3
72562,17,521,439,3
72579,17,520,437,3
72595,17,525,447,3
72612,17,521,427,3
72629,17,522,439,3
72645,17,521,446,3
72662,17,529,439,3
72679,17,525,442,3
72695,17,529,457,3
72712,17,525,438,3
72728,17,519,444,3
72745,17,524,427,3
72762,17,537,428,3
72778,17,566,359,4
72795,17,570,334,4
72812,17,579,354,4
72828,17,578,351,4
72845,17,581,349,4
72862,17,574,340,4
72878,17,585,350,4
72895,17,574,343,4
72911,17,569,344,4
72928,17,584,341,4
72945,17,572,352,4
72961,17,571,341,4
72978,17,571,345,4
72995,17,575,343,4
73011,17,566,343,4
73028,17,574,358,4
73044,17,570,348,4
73061,17,573,344,4
73078,17,576,347,4
73094,17,579,337,4
73111,17,571,336,4
73128,17,573,351,4
73144,17,574,346,4
73161,17,571,343,4
73178,17,575,334,4
73194,17,578,337,4
73211,17,580,341,4
73227,17,556,344,4
73244,17,493,334,4
73261,17,471,324,4
73277,17,475,332,4
73294,17,488,325,4
73311,17,479,325,4
73327,17,490,322,4
73344,17,488,327,4
73361,17,488,325,4
73377,17,478,317,4
73394,17,488,338,4
73410,17,482,328,4
73427,17,490,329,4
73444,17,481,324,4
73460,17,490,327,4
73477,17,481,319,4
73494,17,455,315,4
73510,17,468,319,4
73527,17,455,308,4
73544,17,464,320,4
73560,17,457,325,4
73577,17,472,336,4
73593,17,459,336,4
73610,17,466,330,4
73627,17,462,324,4
73643,17,465,332,4
73660,17,456,333,4
73677,17,496,421,5
73693,17,512,495,3
73710,17,504,467,3
73727,17,522,497,3
73743,17,517,486,3
73760,17,506,487,3
73776,17,512,480,3
73793,17,505,466,3
73810,17,518,468,3
73826,17,507,477,3
73843,17,523,484,3
73860,17,518,464,3
73876,17,509,474,3
73893,17,503,470,3
73910,17,499,463,3
73926,17,524,477,3
73943,17,529,428,3
73959,17,519,465,3
73976,17,523,443,3
73993,17,529,449,3
74009,17,530,443,3
74026,17,534,448,3
74043,17,531,450,3
74059,17,534,462,3
74076,17,535,460,3
74093,17,535,454,3
74109,17,536,443,3
74126,17,533,454,3
74142,17,540,462,3
74159,17,538,450,3
74176,17,525,460,3
74192,17,536,454,3
74209,17,538,472,3
74226,17,533,442,3
74242,17,543,457,3
74259,17,533,450,3
74275,17,535,434,3
74292,17,491,361,4
74309,17,484,344,4
74325,17,496,351,4
74342,17,485,347,4
74359,17,482,341,4
74375,17,480,331,4
74392,17,482,332,4
74409,17,481,324,4
74425,17,484,334,4
74442,17,482,338,4
74458,17,486,352,4
74475,17,486,345,4
74492,17,496,356,4
74508,17,486,362,4
74525,17,486,351,4
74542,17,494,350,4
74558,17,499,353,4
74575,17,462,343,4
74592,17,473,351,4
74608,17,463,350,4
74625,17,462,344,4
74641,17,468,350,4
74658,17,465,347,4
74675,17,465,353,4
74691,17,472,342,4
74708,17,463,353,4
74725,17,461,341,4
74741,17,464,346,4
74758,17,463,342,4
74775,17,467,337,4
74791,17,462,329,4
74808,17,471,337,4
74824,17,457,357,4
74841,17,464,346,4
74858,17,514,365,2
74874,17,529,389,2
74891,17,532,394,2
74908,17,535,388,2
74924,17,527,382,2
74941,17,532,390,2
74958,17,529,385,2
74974,17,527,384,2
74991,17,530,387,2
75007,17,527,385,2
75024,17,528,390,2
75041,17,533,387,2
75057,17,525,377,2
75074,17,529,390,2
75091,17,533,389,2
75107,17,581,484,3
75124,17,598,615,3
75141,17,635,788,0
75157,17,629,855,0
75174,17,643,931,0
75190,17,686,705,3
75207,17,565,569,3
75224,17,545,377,2
75240,17,545,375,2
75257,17,561,399,2
75274,17,560,384,2
75290,17,562,377,2
75307,17,559,384,2
75324,17,558,369,2
75340,17,561,381,2
75357,17,565,383,2
75373,17,558,385,2
75390,17,562,383,2
75407,17,563,385,2
75423,17,561,379,2
75440,17,564,372,2
75457,17,561,381,2
75473,17,561,382,2
75490,17,562,379,2
75506,17,560,361,4
75523,17,561,385,2
75540,17,560,386,2
75556,17,557,376,2
75573,17,561,390,2
75590,17,559,391,2
75606,17,568,376,2
75623,17,564,377,2
75640,17,560,376,2
75656,17,561,373,2
75673,17,560,366,2
75689,17,557,368,2
75706,17,557,379,2
75723,17,555,360,4
75739,17,500,375,2
75756,17,500,379,2
75773,17,492,367,2
75789,17,501,376,2
75806,17,503,370,2
75823,17,502,369,2
75839,17,497,371,2
75856,17,496,379,2
75872,17,503,369,2
75889,17,506,380,2
75906,17,496,368,2
75922,17,502,371,2
75939,17,506,381,2
75956,17,498,353,4
75972,17,546,337,4
75989,17,545,352,4
76006,17,551,346,4
76022,17,549,345,4
76039,17,552,347,4
76055,17,548,351,4
76072,17,547,332,4
76089,17,546,343,4
76105,17,551,345,4
76122,17,551,353,4
76139,17,548,324,4
76155,17,546,347,4
76172,17,549,344,4
76189,17,548,336,4
76205,17,546,340,4
76222,17,545,340,4
76238,17,545,346,4
76255,17,547,338,4
76272,17,547,334,4
76288,17,554,340,4
76305,17,545,332,4
76322,17,545,330,4
76338,17,549,336,4
76355,17,544,332,4
76372,17,553,360,4
76388,17,546,341,4
76405,17,482,318,4
76421,17,474,334,4
76438,17,472,336,4
76455,17,469,324,4
76471,17,472,327,4
76488,17,475,327,4
76505,17,470,326,4
76521,17,472,346,4
76538,17,469,332,4
76554,17,475,338,4
76571,17,469,331,4
76588,17,469,322,4
76604,17,470,322,4
76621,17,473,351,4
76638,17,474,320,4
76654,17,470,324,4
76671,17,457,318,4
76688,17,465,324,4
76704,17,466,342,4
76721,17,461,326,4
76737,17,457,312,4
76754,17,457,327,4
76771,17,461,317,4
76787,17,467,343,4
76804,17,462,324,4
76821,17,463,326,4
76837,17,458,323,4
76854,17,457,324,4
76871,17,458,337,4
76887,17,464,329,4
76904,17,461,325,4
76920,17,502,422,3
76937,17,502,431,3
76954,17,505,422,3
76970,17,509,434,3
76987,17,508,442,3
77004,17,507,430,3
77020,17,507,436,3
77037,17,513,429,3
77054,17,505,426,3
77070,17,507,430,3
77087,17,507,423,3
77103,17,508,439,3
77120,17,507,424,3
77137,17,516,442,3
77153,17,505,439,3
77170,17,515,436,3
77187,17,507,439,3
77203,17,514,438,3
77220,17,514,448,3
77237,17,516,440,3
77253,17,512,442,3
77270,17,514,439,3
77286,17,516,437,3
77303,17,507,440,3
77320,17,505,431,3
77336,17,515,436,3
77353,17,514,443,3
77370,17,517,445,3
77386,17,517,447,3
77403,17,517,436,3
77420,17,511,429,3
77436,17,518,433,3
77453,17,512,450,3
77469,17,515,447,3
77486,17,510,450,3
77503,17,507,445,3
77519,17,522,432,3
77536,17,508,433,3
77553,17,516,439,3
77569,17,510,438,3
77586,17,507,440,3
77603,17,516,434,3
77619,17,508,452,3
77636,17,515,432,3
77652,17,516,449,3
77669,17,513,442,3
77686,17,507,440,3
77702,17,512,447,3
77719,17,517,447,3
77736,17,514,454,3
77752,17,512,448,3
77769,17,519,441,3
77785,17,517,449,3
77802,17,518,441,3
77819,17,517,448,3
77835,17,514,453,3
77852,17,518,448,3
77869,17,516,435,3
77885,17,517,448,3
77902,17,519,449,3
77919,17,519,435,3
77935,17,517,445,3
77952,17,519,468,3
77968,17,515,451,3
77985,17,511,437,3
78002,17,518,465,3
78018,17,512,433,3
78035,17,512,459,3
78052,17,518,452,3
78068,17,514,445,3
78085,17,511,454,3
78102,17,511,453,3
78118,17,510,447,3
78135,17,506,434,3
78151,17,504,444,3
78168,17,512,446,3
78185,17,514,453,3
78201,17,515,441,3
78218,17,513,449,3
78235,17,513,456,3
78251,17,508,439,3
78268,17,512,457,3
78285,17,508,452,3
78301,17,507,445,3
78318,17,512,450,3
78334,17,513,447,3
78351,17,513,451,3
78368,17,507,447,3
78384,17,507,454,3
78401,17,504,440,3
78418,17,505,452,3
78434,17,508,455,3
78451,17,506,456,3
78468,17,508,459,3
78484,17,507,444,3
78501,17,506,440,3
78517,17,507,448,3
78534,17,510,456,3
78551,17,516,461,3
78567,17,503,461,3
78584,17,509,440,3
78601,17,518,445,3
78617,17,512,455,3
78634,17,514,452,3
78651,17,501,461,3
78667,17,505,453,3
78684,17,511,441,3
78700,17,514,439,3
78717,17,504,440,3
78734,17,511,442,3
78750,17,524,382,2
78767,17,545,375,2
78784,17,549,357,4
78800,17,554,368,2
78817,17,554,356,4
78833,17,557,371,2
78850,17,554,367,2
78867,17,558,380,2
78883,17,553,364,4
78900,17,554,366,2
78917,17,554,377,2
78933,17,550,369,2
78950,17,553,375,2
78967,17,552,377,2
78983,17,549,360,4
79000,17,550,360,4
79016,17,517,396,2
79033,17,522,381,2
79050,17,518,394,2
79066,17,518,381,2
79083,17,518,391,2
79100,17,520,386,2
79116,17,520,385,2
79133,17,517,372,2
79150,17,521,378,2
79166,17,521,394,2
79183,17,516,370,2
79199,17,515,375,2
79216,17,517,387,2
79233,17,524,384,2
79249,17,520,383,2
79266,17,525,364,4
79283,17,518,382,2
79299,17,516,382,2
79316,17,525,387,2
79333,17,521,373,2
79349,17,521,366,2
79366,17,520,367,2
79382,17,522,390,2
79399,17,520,373,2
79416,17,518,372,2
79432,17,521,368,2
79449,17,520,382,2
79466,17,520,356,4
79482,17,529,374,2
79499,17,523,353,4
79516,17,519,372,2
79532,17,519,382,2
79549,17,500,363,4
79565,17,507,358,4
79582,17,493,362,4
79599,17,505,369,2
79615,17,499,360,4
79632,17,506,352,4
79649,17,503,359,4
79665,17,497,359,4
79682,17,505,360,4
79699,17,499,362,4
79715,17,504,374,2
79732,17,499,370,2
79748,17,507,354,4
79765,17,503,354,4
79782,17,503,358,4
79798,17,501,359,4
79815,17,500,351,4
79832,17,506,345,4
79848,17,507,353,4
79865,17,507,368,2
79882,17,498,358,4
79898,17,503,362,4
79915,17,498,364,4
79931,17,506,371,2
79948,17,500,352,4
79965,17,501,346,4
79981,17,523,319,4
79998,17,547,323,4
80015,17,550,330,4
80031,17,552,309,4
80048,17,553,326,4
80064,17,552,320,4
80081,17,559,325,4
80098,17,554,316,4
80114,17,552,333,4
80131,17,555,305,4
80148,17,553,315,4
80164,17,552,323,4
80181,17,554,311,4
80198,17,553,307,4
80214,17,566,304,4
80231,17,571,327,4
80247,17,573,334,4
80264,17,572,330,4
80281,17,575,317,4
80297,17,577,315,4
80314,17,574,321,4
80331,17,575,305,4
80347,17,580,315,4
80364,17,575,330,4
80381,17,576,321,4
80397,17,571,311,4
80414,17,574,322,4
80430,17,576,317,4
80447,17,573,305,4
80464,17,577,316,4
80480,17,576,324,4
80497,17,574,314,4
80514,17,572,307,4
80530,17,575,308,4
80547,17,503,309,4
80564,17,486,309,4
80580,17,482,320,4
80597,17,478,307,4
80613,17,476,294,4
80630,17,482,289,4
80647,17,479,321,4
80663,17,479,311,4
80680,17,481,293,4
80697,17,485,302,4
80713,17,488,294,4
80730,17,463,306,4
80747,17,465,320,4
80763,17,457,301,4
80780,17,451,307,4
80796,17,460,322,4
80813,17,454,318,4
80830,17,466,310,4
80846,17,457,309,4
80863,17,459,307,4
80880,17,456,308,4
80896,17,448,309,4
80913,17,462,301,4
80930,17,442,300,4
80946,17,454,316,4
80963,17,453,312,4
80979,17,443,303,4
80996,17,454,304,4
81013,17,445,303,4
81029,17,450,314,4
81046,17,448,315,4
81063,17,450,303,4
81079,17,448,304,4
81096,17,447,314,4
81112,17,447,315,4
81129,17,451,296,4
81146,17,446,308,4
81162,17,443,298,4
81179,17,449,301,4
81196,17,458,307,4
81212,17,541,299,4
81229,17,566,309,4
81246,17,564,296,4
81262,17,569,305,4
81279,17,564,304,4
81295,17,569,303,4
81312,17,568,295,4
81329,17,571,308,4
81345,17,563,298,4
81362,17,571,305,4
81379,17,569,293,4
81395,17,568,305,4
81412,17,567,298,4
81429,17,570,322,4
81445,17,567,304,4
81462,17,563,299,4
81478,17,591,292,4
81495,17,580,305,4
81512,17,587,311,4
81528,17,584,303,4
81545,17,583,287,0
81562,17,583,303,4
81578,17,582,303,4
81595,17,586,309,4
81612,17,583,299,4
81628,17,585,298,4
81645,17,584,281,0
81661,17,586,306,4
81678,17,584,306,4
81695,17,581,297,4
81711,17,581,305,4
81728,17,586,302,4
81745,17,585,293,4
81761,17,580,294,4
81778,17,582,303,4
81795,17,576,296,4
81811,17,580,305,4
81828,17,583,299,4
81844,17,579,307,4
81861,17,581,316,4
81878,17,578,313,4
81894,17,583,311,4
81911,17,574,330,4
81928,17,583,325,4
81944,17,580,319,4
81961,17,581,316,4
81978,17,586,325,4
81994,17,581,360,4
82011,17,594,422,3
82027,17,573,543,3
82310,283,569,419,5
82327,17,522,283,0
82343,17,536,297,4
82360,17,528,285,0
82377,17,541,302,4
82393,17,540,291,4
82410,17,538,295,4
82427,17,544,283,0
82443,17,545,289,4
82460,17,542,286,0
82477,17,542,291,4
82493,17,539,285,0
82510,17,544,289,4
82526,17,539,300,4
82543,17,537,296,4
82560,17,540,300,4
82576,17,539,295,4
82593,17,543,300,4
82610,17,537,287,0
82626,17,541,297,4
82643,17,479,311,4
82660,17,476,303,4
82676,17,463,305,4
82693,17,461,311,4
82709,17,462,302,4
82726,17,463,309,4
82743,17,468,323,4
82759,17,462,319,4
82776,17,463,307,4
82793,17,470,310,4
82809,17,465,314,4
82826,17,467,304,4
82843,17,468,323,4
82859,17,466,315,4
82876,17,465,325,4
82892,17,477,319,4
82909,17,467,327,4
82926,17,466,317,4
82942,17,464,310,4
82959,17,469,305,4
82976,17,525,397,2
82992,17,504,380,2
83009,17,525,386,2
83026,17,521,380,2
83042,17,521,387,2
83059,17,525,407,2
83075,17,516,387,2
83092,17,521,387,2
83109,17,520,395,2
83125,17,527,388,2
83142,17,515,381,2
83159,17,519,382,2
83175,17,523,387,2
83192,17,517,401,2
83209,17,520,387,2
83225,17,522,392,2
83242,17,516,391,2
83258,17,520,397,2
83275,17,519,382,2
83292,17,517,375,2
83308,17,519,385,2
83325,17,517,378,2
83342,17,514,373,2
83358,17,520,383,2
83375,17,523,371,2
83392,17,518,385,2
83408,17,520,391,2
83425,17,515,375,2
83441,17,517,384,2
83458,17,518,378,2
83475,17,513,372,2
83491,17,520,373,2
83508,17,520,362,4
83525,17,522,373,2
83541,17,514,370,2
83558,17,517,368,2
83574,17,513,373,2
83591,17,516,368,2
83608,17,517,389,2
83624,17,520,373,2
83641,17,514,381,2
83658,17,512,370,2
83674,17,504,383,2
83691,17,513,382,2
83708,17,515,390,2
83724,17,514,383,2
83741,17,514,378,2
83757,17,513,381,2
83774,17,510,367,2
83791,17,510,376,2
83807,17,513,394,2
83824,17,513,382,2
83841,17,516,385,2
83857,17,511,383,2
83874,17,516,392,2
83891,17,512,385,2
83907,17,518,386,2
83924,17,515,387,2
83940,17,520,380,2
83957,17,517,375,2
83974,17,521,387,2
83990,17,523,393,2
84007,17,546,327,4
84024,17,549,336,4
84040,17,555,344,4
84057,17,554,332,4
84074,17,554,348,4
84090,17,556,350,4
84107,17,555,347,4
84123,17,545,341,4
84140,17,551,339,4
84157,17,548,344,4
84173,17,551,344,4
84190,17,558,350,4
84207,17,556,337,4
84223,17,551,346,4
84240,17,584,322,4
84257,17,578,332,4
84273,17,579,325,4
84290,17,579,311,4
84306,17,578,320,4
84323,17,582,325,4
84340,17,584,319,4
84356,17,574,333,4
84373,17,587,320,4
84390,17,580,334,4
84406,17,586,331,4
84423,17,580,326,4
84440,17,580,339,4
84456,17,599,469,3
84473,17,609,741,3
84489,17,647,268,0
84556,67,552,753,3
84573,17,540,570,3
84589,17,511,400,2
84606,17,511,398,2
84622,17,519,406,2
84639,17,518,400,2
84656,17,513,402,2
84672,17,522,416,2
84689,17,513,396,2
84706,17,512,391,2
84722,17,519,409,2
84739,17,512,410,2
84756,17,514,413,2
84772,17,518,420,5
84789,17,519,396,2
84805,17,510,408,2
84822,17,507,413,2
84839,17,510,382,2
84855,17,519,394,2
84872,17,515,404,2
84889,17,519,407,2
84905,17,520,411,2
84922,17,519,416,2
84939,17,513,397,2
84955,17,513,403,2
84972,17,513,385,2
84988,17,517,414,2
85005,17,558,330,4
85022,17,564,339,4
85038,17,569,334,4
85055,17,566,321,4
85072,17,571,336,4
85088,17,573,335,4
85105,17,570,340,4
85122,17,562,324,4
85138,17,564,334,4
85155,17,568,336,4
85171,17,571,341,4
85188,17,567,323,4
85205,17,566,341,4
85221,17,569,329,4
85238,17,567,335,4
85255,17,565,348,4
85271,17,571,342,4
85288,17,567,344,4
85305,17,572,331,4
85321,17,565,338,4
85338,17,536,351,4
85354,17,481,330,4
85371,17,484,334,4
85388,17,470,314,4
85404,17,479,330,4
85421,17,478,336,4
85438,17,487,333,4
85454,17,473,320,4
85471,17,479,329,4
85488,17,486,321,4
85504,17,479,328,4
85521,17,482,339,4
85537,17,481,336,4
85554,17,481,331,4
85571,17,494,325,4
85587,17,491,339,4
85604,17,488,330,4
85621,17,480,327,4
85637,17,479,317,4
85654,17,488,327,4
85671,17,491,325,4
85687,17,491,345,4
85704,17,478,313,4
85720,17,479,324,4
85737,17,478,327,4
85754,17,487,337,4
85770,17,488,320,4
85787,17,478,326,4
85804,17,477,325,4
85820,17,483,325,4
85837,17,478,319,4
85853,17,486,314,4
85870,17,478,325,4
85887,17,485,338,4
85903,17,477,337,4
85920,17,482,331,4
85937,17,481,318,4
85953,17,487,335,4
85970,17,483,329,4
85987,17,476,327,4
86003,17,479,327,4
86020,17,482,312,4
86036,17,473,334,4
86053,17,483,324,4
86070,17,479,318,4
86086,17,479,329,4
86103,17,478,327,4
86120,17,480,319,4
86136,17,479,312,4
86153,17,472,321,4
86170,17,479,316,4
86186,17,480,327,4
86203,17,476,312,4
86219,17,481,320,4
86236,17,471,318,4
86253,17,476,321,4
86269,17,476,317,4
86286,17,482,336,4
86303,17,468,325,4
86319,17,471,327,4
86336,17,477,324,4
86353,17,479,333,4
86369,17,470,333,4
86386,17,480,325,4
86402,17,472,327,4
86419,17,470,323,4
86436,17,467,322,4
86452,17,468,333,4
86469,17,474,332,4
86486,17,479,328,4
86502,17,469,313,4
86519,17,467,323,4
86536,17,468,325,4
86552,17,472,322,4
86569,17,470,314,4
86585,17,468,313,4
86602,17,472,323,4
86619,17,473,320,4
86635,17,474,309,4
86652,17,472,332,4
86669,17,466,317,4
86685,17,472,324,4
86702,17,472,313,4
86719,17,481,324,4
86735,17,471,326,4
86752,17,470,304,4
86768,17,468,307,4
86785,17,479,301,4
86802,17,469,309,4
86818,17,470,308,4
86835,17,469,305,4
86852,17,470,319,4
86868,17,467,301,4
86885,17,469,309,4
86901,17,469,314,4
86918,17,469,299,4
86935,17,472,328,4
86951,17,469,305,4
86968,17,471,301,4
86985,17,469,307,4
87001,17,470,313,4
87018,17,471,302,4
87035,17,473,308,4
87051,17,481,326,4
87068,17,509,377,2
87084,17,505,376,2
87101,17,513,389,2
87118,17,508,383,2
87134,17,507,367,2
87151,17,512,376,2
87168,17,509,386,2
87184,17,504,371,2
87201,17,509,372,2
87218,17,504,375,2
87234,17,510,370,2
87251,17,510,365,2
87267,17,507,371,2
87284,17,507,362,4
87301,17,508,381,2
87317,17,506,378,2
87334,17,510,379,2
87351,17,507,386,2
87367,17,545,398,2
87384,17,552,527,3
87401,17,556,625,3
87417,17,576,679,3
87434,17,589,623,3
87450,17,502,310,4
87467,17,531,733,3
87484,17,540,528,3
87500,17,502,389,2
87517,17,499,281,0
87534,17,500,314,4
87550,17,504,309,4
87567,17,510,313,4
87584,17,505,313,4
87600,17,510,310,4
87617,17,510,311,4
87633,17,507,322,4
87650,17,509,317,4
87667,17,510,312,4
87683,17,503,307,4
87700,17,505,327,4
87717,17,511,323,4
87733,17,511,313,4
87750,17,513,315,4
87767,17,509,310,4
87783,17,505,308,4
87800,17,513,320,4
87816,17,503,310,4
87833,17,504,306,4
87850,17,514,307,4
87866,17,511,310,4
87883,17,505,302,4
87900,17,508,309,4
87916,17,510,313,4
87933,17,507,306,4
87950,17,502,296,4
87966,17,504,290,4
87983,17,505,303,4
87999,17,502,300,4
88016,17,501,312,4
88033,17,494,323,4
88049,17,463,326,4
88066,17,478,313,4
88083,17,470,329,4
88099,17,478,329,4
88116,17,476,327,4
88132,17,474,322,4
88149,17,474,319,4
88166,17,471,314,4
88182,17,458,311,4
88199,17,472,322,4
88216,17,477,318,4
88232,17,476,322,4
88249,17,470,330,4
88266,17,481,333,4
88282,17,494,325,4
88299,17,524,387,2
88315,17,516,361,4
88332,17,526,394,2
88349,17,523,370,2
88365,17,522,364,4
88382,17,522,382,2
88399,17,523,377,2
88415,17,523,368,2
88432,17,527,366,2
88449,17,520,386,2
88465,17,527,376,2
88482,17,523,379,2
88498,17,522,368,2
88515,17,521,381,2
88532,17,569,322,4
88548,17,581,328,4
88565,17,581,335,4
88582,17,580,310,4
88598,17,585,314,4
88615,17,584,336,4
88632,17,582,311,4
88648,17,583,306,4
88665,17,584,308,4
88681,17,583,304,4
88698,17,581,308,4
88715,17,584,302,4
88731,17,578,299,4
88748,17,578,304,4
88765,17,580,294,4
88781,17,583,323,4
88798,17,581,300,4
88815,17,580,304,4
88831,17,580,301,4
88848,17,581,320,4
88864,17,580,309,4
88881,17,577,311,4
88898,17,582,302,4
88914,17,581,306,4
88931,17,573,308,4
88948,17,572,297,4
88964,17,573,315,4
88981,17,573,314,4
88998,17,486,350,4
89014,17,420,352,4
89031,17,376,343,0
89047,17,385,351,0
89064,17,381,352,0
89081,17,390,349,0
89097,17,385,362,0
89114,17,378,346,0
89131,17,382,367,2
89147,17,380,362,0
89164,17,395,359,0
89180,17,384,348,0
89197,17,363,364,0
89214,17,305,346,0
89230,17,286,346,0
89247,17,283,350,0
89264,17,291,357,0
89280,17,285,353,0
89297,17,283,338,0
89314,17,279,348,0
89330,17,281,350,0
89347,17,275,329,0
89363,17,292,345,0
89380,17,286,352,0
89397,17,291,343,0
89413,17,291,340,0
89430,17,290,349,0
89447,17,271,343,0
89463,17,287,349,0
89480,17,287,313,0
89497,17,280,333,0
89513,17,282,347,0
89530,17,290,340,0
89546,17,283,347,0
89563,17,283,346,0
89580,17,302,346,0
89596,17,342,341,0
89613,17,439,335,4
89630,17,482,349,4
89646,17,486,340,4
89663,17,485,336,4
89680,17,490,327,4
89696,17,486,326,4
89713,17,486,342,4
89729,17,485,346,4
89746,17,487,346,4
89763,17,484,332,4
89779,17,486,329,4
89796,17,484,325,4
89813,17,486,346,4
89829,17,485,321,4
89846,17,485,344,4
89863,17,483,341,4
89879,17,460,335,4
89896,17,451,331,4
89912,17,455,354,4
89929,17,449,340,4
89946,17,446,333,4
89962,17,457,339,4
89979,17,454,344,4
89996,17,449,355,4
90012,17,460,344,4
90029,17,456,329,4
90046,17,460,343,4
90062,17,453,355,4
90079,17,457,328,4
90095,17,450,335,4
90112,17,451,341,4
90129,17,453,333,4
90145,17,447,326,4
90162,17,456,331,4
90179,17,447,326,4
90195,17,451,338,4
90212,17,447,336,4
90229,17,456,337,4
90245,17,454,331,4
90262,17,457,333,4
90278,17,449,341,4
90295,17,456,329,4
90312,17,455,341,4
90328,17,456,344,4
90345,17,449,341,4
90362,17,449,374,2
90378,17,513,378,2
90395,17,581,750,3
90811,416,713,614,3
90827,17,568,480,3
90844,17,724,526,3
90861,17,773,335,0
90877,17,793,338,0
90894,17,712,481,3
90911,17,802,263,0
90927,17,539,537,3
90944,17,578,465,3
90960,17,524,367,2
90977,17,520,336,4
90994,17,531,366,2
91010,17,531,366,2
91027,17,528,362,4
91044,17,530,362,4
91060,17,528,356,4
91077,17,522,355,4
91094,17,524,351,4
91110,17,522,358,4
91127,17,520,394,2
91143,17,516,383,2
91160,17,517,393,2
91177,17,517,378,2
91193,17,518,387,2
91210,17,517,410,2
91227,17,521,393,2
91243,17,517,394,2
91260,17,510,395,2
91277,17,522,383,2
91293,17,524,389,2
91310,17,520,380,2
91326,17,522,378,2
91343,17,522,372,2
91360,17,522,377,2
91376,17,518,380,2
91393,17,520,364,4
91410,17,523,376,2
91426,17,524,394,2
91443,17,522,367,2
91459,17,522,362,4
91476,17,522,371,2
91493,17,527,384,2
91509,17,520,386,2
91526,17,522,363,4
91543,17,521,365,2
91559,17,516,370,2
91576,17,518,369,2
91593,17,522,370,2
91609,17,523,380,2
91626,17,525,366,2
91642,17,520,364,4
91659,17,526,371,2
91676,17,522,368,2
91692,17,522,359,4
91709,17,524,375,2
91726,17,522,378,2
91742,17,518,365,2
91759,17,525,376,2
91776,17,523,383,2
91792,17,523,364,4
91809,17,522,383,2
91825,17,526,370,2
91842,17,525,387,2
91859,17,525,398,2
91875,17,526,386,2
91892,17,523,386,2
91909,17,527,373,2
91925,17,523,374,2
91942,17,527,389,2
91959,17,532,397,2
91975,17,525,401,2
91992,17,524,396,2
92008,17,531,404,2
92025,17,521,393,2
92042,17,528,390,2
92058,17,526,389,2
92075,17,526,391,2
92092,17,533,402,2
92108,17,531,403,2
92125,17,533,396,2
92142,17,526,385,2
92158,17,535,355,4
92175,17,540,338,4
92191,17,547,340,4
92208,17,546,332,4
92225,17,550,332,4
92241,17,549,341,4
92258,17,549,340,4
92275,17,548,353,4
92291,17,551,353,4
92308,17,551,343,4
92325,17,552,349,4
92341,17,552,361,4
92358,17,552,351,4
92374,17,551,341,4
92391,17,551,364,4
92408,17,560,333,4
92424,17,578,317,4
92441,17,579,334,4
92458,17,574,327,4
92474,17,580,346,4
92491,17,575,334,4
92508,17,582,325,4
92524,17,574,331,4
92541,17,579,322,4
92557,17,575,342,4
92574,17,567,322,4
92591,17,569,326,4
92607,17,584,334,4
92624,17,576,333,4
92641,17,564,320,4
92657,17,572,313,4
92674,17,573,330,4
92690,17,574,337,4
92707,17,572,319,4
92724,17,574,328,4
92740,17,571,317,4
92757,17,575,327,4
92774,17,579,330,4
92790,17,568,339,4
92807,17,577,329,4
92824,17,565,329,4
92840,17,572,341,4
92857,17,573,336,4
92873,17,586,331,4
92890,17,576,342,4
92907,17,578,331,4
92923,17,574,332,4
92940,17,568,333,4
92957,17,513,337,4
92973,17,484,349,4
92990,17,507,641,3
93073,83,542,743,3
93090,17,511,535,3
93106,17,500,362,4
93123,17,507,324,4
93140,17,511,347,4
93156,17,509,348,4
93173,17,506,325,4
93190,17,504,332,4
93206,17,505,338,4
93223,17,506,339,4
93239,17,508,327,4
93256,17,515,326,4
93273,17,512,342,4
93289,17,515,328,4
93306,17,519,324,4
93323,17,502,311,4
93339,17,507,333,4
93356,17,527,364,4
93373,17,562,449,3
93389,17,545,436,3
93406,17,559,473,3
93422,17,552,449,3
93439,17,558,450,3
93456,17,553,454,3
93472,17,544,453,3
93489,17,561,444,3
93506,17,549,443,3
93522,17,556,452,3
93539,17,561,439,3
93556,17,559,455,3
93572,17,559,447,3
93589,17,557,458,3
93605,17,563,457,3
93622,17,563,449,3
93639,17,562,458,3
93655,17,558,448,3
93672,17,566,447,3
93689,17,569,352,4
93705,17,572,370,2
93722,17,573,361,4
93739,17,574,347,4
93755,17,575,355,4
93772,17,579,369,2
93788,17,577,354,4
93805,17,580,347,4
93822,17,583,342,4
93838,17,578,353,4
93855,17,578,363,4
93872,17,573,346,4
93888,17,578,358,4
93905,17,580,355,4
93921,17,582,350,4
93938,17,584,350,4
93955,17,590,338,4
93971,17,578,324,4
93988,17,588,346,4
94005,17,592,342,4
94021,17,594,339,4
94038,17,592,334,4
94055,17,590,318,4
94071,17,593,337,4
94088,17,593,334,4
94104,17,593,328,4
94121,17,591,348,4
94138,17,591,316,4
94154,17,591,333,4
94171,17,588,340,4
94188,17,589,336,4
94204,17,589,328,4
94221,17,590,319,4
94238,17,580,321,4
94254,17,587,337,4
94271,17,590,326,4
94287,17,588,330,4
94304,17,582,326,4
94321,17,539,404,2
94337,17,524,430,3
94354,17,525,424,3
94371,17,529,434,3
94387,17,528,419,5
94404,17,529,436,3
94421,17,534,440,3
94437,17,530,443,3
94454,17,530,440,3
94470,17,527,438,3
94487,17,529,439,3
94504,17,529,442,3
94520,17,528,450,3
94537,17,527,450,3
94554,17,528,443,3
94570,17,520,442,3
94587,17,528,439,3
94604,17,520,431,3
94620,17,526,434,3
94637,17,518,432,3
94653,17,527,445,3
94670,17,523,433,3
94687,17,519,431,3
94703,17,525,422,3
94720,17,521,426,3
94737,17,526,433,3
94753,17,525,425,3
94770,17,535,425,3
94787,17,530,431,3
94803,17,530,426,3
94820,17,528,438,3
94836,17,523,438,3
94853,17,531,444,3
94870,17,530,435,3
94886,17,526,419,5
94903,17,529,436,3
94920,17,532,445,3
94936,17,528,435,3
94953,17,525,423,3
94969,17,528,440,3
94986,17,526,432,3
95003,17,529,429,3
95019,17,530,445,3
95036,17,526,430,3
95053,17,524,433,3
95069,17,528,441,3
95086,17,525,439,3
95103,17,527,430,3
95119,17,522,416,2
95136,17,523,395,2
95152,17,524,393,2
95169,17,526,379,2
95186,17,528,388,2
95202,17,532,383,2
95219,17,530,381,2
95236,17,527,381,2
95252,17,530,381,2
95269,17,538,373,2
95286,17,529,376,2
95302,17,529,364,4
95319,17,528,355,4
95335,17,528,367,2
95352,17,531,378,2
95369,17,530,360,4
95385,17,529,365,2
95402,17,526,356,4
95419,17,532,370,2
95435,17,529,348,4
95452,17,532,378,2
95469,17,532,341,4
95485,17,582,559,3
95502,17,577,738,3
95568,67,588,429,3
95585,17,543,541,3
95602,17,515,370,2
95618,17,513,357,4
95635,17,520,362,4
95652,17,520,362,4
95668,17,521,357,4
95685,17,519,361,4
95701,17,524,363,4
95718,17,523,357,4
95735,17,517,348,4
95751,17,523,343,4
95768,17,520,356,4
95785,17,516,369,2
95801,17,523,372,2
95818,17,523,371,2
95835,17,517,362,4
95851,17,515,352,4
95868,17,522,360,4
95884,17,521,360,4
95901,17,518,368,2
95918,17,520,368,2
95934,17,520,365,2
95951,17,524,373,2
95968,17,523,375,2
95984,17,528,373,2
96001,17,523,371,2
96018,17,532,376,2
96034,17,522,358,4
96051,17,525,387,2
96067,17,524,374,2
96084,17,527,385,2
96101,17,523,365,2
96117,17,522,372,2
96134,17,523,367,2
96151,17,524,371,2
96167,17,524,374,2
96184,17,524,378,2
96200,17,524,361,4
96217,17,504,333,4
96234,17,516,343,4
96250,17,507,329,4
96267,17,508,334,4
96284,17,506,343,4
96300,17,507,352,4
96317,17,507,335,4
96334,17,508,338,4
96350,17,506,335,4
96367,17,516,329,4
96383,17,518,331,4
96400,17,498,345,4
96417,17,456,321,4
96433,17,461,320,4
96450,17,455,318,4
96467,17,458,318,4
96483,17,452,312,4
96500,17,455,309,4
96517,17,448,313,4
96533,17,461,328,4
96550,17,454,336,4
96566,17,455,327,4
96583,17,457,330,4
96600,17,446,333,4
96616,17,453,336,4
96633,17,441,327,4
96650,17,444,329,4
96666,17,443,331,4
96683,17,445,333,4
96700,17,450,318,4
96716,17,445,322,4
96733,17,458,334,4
96749,17,443,330,4
96766,17,444,329,4
96783,17,439,323,4
96799,17,443,334,4
96816,17,442,313,4
96833,17,442,319,4
96849,17,435,321,4
96866,17,440,331,4
96883,17,458,356,4
96899,17,518,428,3
96916,17,518,407,2
96932,17,528,430,3
96949,17,525,427,3
96966,17,525,414,2
96982,17,524,433,3
96999,17,525,425,3
97016,17,521,422,3
97032,17,519,419,5
97049,17,531,433,3
97066,17,521,415,2
97082,17,527,412,2
97099,17,521,421,5
97115,17,522,425,3
97132,17,523,421,5
97149,17,526,441,3
97165,17,525,427,3
97182,17,527,424,3
97199,17,523,411,2
97215,17,530,439,3
97232,17,516,428,3
97248,17,528,436,3
97265,17,523,421,5
97282,17,518,427,3
97298,17,519,425,3
97315,17,518,429,3
97332,17,512,434,3
97348,17,523,438,3
97365,17,519,430,3
97382,17,521,427,3
97398,17,522,440,3
97415,17,510,394,2
97431,17,548,603,3
97448,17,594,724,3
97465,17,596,1017,0
97481,17,817,746,3
97548,67,595,891,0
97565,17,614,650,3
97581,17,496,605,3
97614,33,494,532,3
97631,17,520,566,3
97648,17,510,553,3
97664,17,518,595,3
97681,17,517,584,3
97698,17,519,580,3
97714,17,510,560,3
97731,17,520,585,3
97748,17,519,589,3
97764,17,524,602,3
97781,17,520,572,3
97797,17,507,580,3
97814,17,523,625,3
97831,17,525,646,3
97847,17,524,624,3
97864,17,526,633,3
97881,17,518,581,3
97897,17,527,467,3
97914,17,530,433,3
97931,17,535,413,2
97947,17,531,427,3
97964,17,529,416,2
97980,17,528,412,2
97997,17,533,419,5
98014,17,540,418,5
98030,17,529,412,2
98047,17,533,417,5
98064,17,538,414,2
98080,17,531,421,5
98097,17,533,418,5
98114,17,533,423,3
98130,17,532,422,3
98147,17,533,416,2
98163,17,532,429,3
98180,17,532,421,5
98197,17,532,417,5
98213,17,536,422,3
98230,17,533,422,3
98247,17,534,430,3
98263,17,537,427,3
98280,17,536,432,3
98297,17,483,369,2
98313,17,475,358,4
98330,17,476,343,4
98346,17,480,355,4
98363,17,478,354,4
98380,17,479,359,4
98396,17,475,357,4
98413,17,481,365,2
98430,17,479,360,4
98446,17,477,354,4
98463,17,477,357,4
98479,17,473,362,4
98496,17,470,358,4
98513,17,448,348,4
98529,17,451,357,4
98546,17,452,368,2
98563,17,443,362,4
98579,17,438,353,4
98596,17,438,340,4
98613,17,440,355,4
98629,17,443,356,4
98646,17,442,365,2
98662,17,441,350,4
98679,17,436,343,4
98696,17,437,352,4
98712,17,432,334,4
98729,17,440,351,4
98746,17,443,342,4
98762,17,450,360,4
98779,17,442,351,4
98796,17,449,353,4
98812,17,476,364,4
98829,17,551,343,4
98845,17,560,358,4
98862,17,569,346,4
98879,17,563,341,4
98895,17,569,347,4
98912,17,566,348,4
98929,17,567,336,4
98945,17,561,329,4
98962,17,559,341,4
98979,17,564,343,4
98995,17,567,346,4
99012,17,561,336,4
99028,17,564,349,4
99045,17,576,352,4
99062,17,560,340,4
99078,17,565,357,4
99095,17,565,337,4
99112,17,560,327,4
99128,17,559,331,4
99145,17,559,353,4
99162,17,563,342,4
99178,17,564,347,4
99195,17,557,349,4
99211,17,565,330,4
99228,17,563,329,4
99245,17,561,339,4
99261,17,558,342,4
99278,17,559,350,4
99295,17,571,380,2
99311,17,623,452,3
99328,17,803,625,3
99428,100,706,691,3
99444,17,559,510,3
99461,17,535,364,4
99478,17,538,362,4
99494,17,541,382,2
99511,17,533,362,4
99527,17,528,368,2
99544,17,531,356,4
99561,17,537,364,4
99577,17,534,376,2
99594,17,531,360,4
99611,17,525,360,4
99627,17,530,377,2
99644,17,541,364,4
99661,17,540,374,2
99677,17,534,378,2
99694,17,540,369,2
99710,17,527,428,3
99727,17,527,402,2
99744,17,519,403,2
99760,17,523,405,2
99777,17,531,415,2
99794,17,527,415,2
99810,17,518,384,2
99827,17,516,379,2
99844,17,514,383,2
99860,17,518,391,2
99877,17,525,394,2
99893,17,523,399,2
99910,17,528,394,2
99927,17,519,387,2
99943,17,520,397,2
99960,17,524,391,2
99977,17,522,398,2
99993,17,522,387,2
100010,17,523,377,2
100027,17,527,401,2
100043,17,527,387,2
100060,17,528,396,2
100076,17,529,394,2
100093,17,533,389,2
100110,17,525,393,2
100126,17,525,377,2
100143,17,538,351,4
100160,17,533,334,4
100176,17,535,326,4
100193,17,537,349,4
100210,17,544,339,4
100226,17,537,340,4
100243,17,536,339,4
100259,17,543,340,4
100276,17,545,342,4
100293,17,541,327,4
100309,17,552,331,4
100326,17,566,322,4
100343,17,572,318,4
100359,17,566,333,4
100376,17,573,327,4
100393,17,566,317,4
100409,17,569,320,4
100426,17,576,344,4
100442,17,573,320,4
100459,17,570,320,4
100476,17,567,309,4
100492,17,566,314,4
100509,17,577,320,4
100526,17,573,326,4
100542,17,567,325,4
100559,17,565,319,4
100576,17,574,324,4
100592,17,570,308,4
100609,17,570,319,4
100625,17,571,308,4
100642,17,573,306,4
100659,17,571,330,4
100675,17,572,320,4
100692,17,562,298,4
100709,17,572,300,4
100725,17,568,311,4
100742,17,568,325,4
100758,17,567,308,4
100775,17,565,335,4
100792,17,566,320,4
100808,17,567,314,4
100825,17,566,306,4
100842,17,573,307,4
100858,17,565,309,4
100875,17,571,322,4
100892,17,564,308,4
100908,17,569,314,4
100925,17,565,293,4
100941,17,556,347,4
101341,399,711,1076,0
101357,17,717,1060,0
101374,17,723,1050,0
101391,17,708,1063,0
101407,17,653,756,3
101424,17,655,639,3
101441,17,608,442,3
101457,17,586,407,2
101474,17,602,445,3
101490,17,595,442,3
101507,17,598,454,3
101524,17,595,452,3
101540,17,597,457,3
101557,17,605,469,3
101574,17,604,457,3
101590,17,601,472,3
101607,17,601,451,3
101624,17,604,455,3
101640,17,603,469,3
101657,17,608,471,3
101673,17,575,383,2
101690,17,570,349,4
101707,17,575,333,4
101723,17,574,328,4
101740,17,576,333,4
101757,17,574,335,4
101773,17,573,328,4
101790,17,574,316,4
101806,17,577,315,4
101823,17,583,336,4
101840,17,579,330,4
101856,17,576,327,4
101873,17,583,332,4
101890,17,581,326,4
101906,17,579,314,4
101923,17,577,318,4
101940,17,579,341,4
101956,17,579,328,4
101973,17,583,340,4
101989,17,582,340,4
102006,17,581,325,4
102023,17,580,338,4
102039,17,586,347,4
102056,17,584,341,4
102073,17,585,316,4
102089,17,583,321,4
102106,17,586,334,4
102123,17,581,337,4
102139,17,582,335,4
102156,17,584,342,4
102172,17,582,330,4
102189,17,575,350,4
102206,17,580,362,4
102222,17,581,343,4
102239,17,590,334,4
102256,17,581,337,4
102272,17,580,323,4
102289,17,572,338,4
102306,17,581,347,4
102322,17,578,349,4
102339,17,575,331,4
102355,17,577,340,4
102372,17,580,343,4
102389,17,587,335,4
102405,17,572,335,4
102422,17,576,347,4
102439,17,571,334,4
102455,17,576,349,4
102472,17,577,356,4
102489,17,573,352,4
102505,17,574,351,4
102522,17,578,344,4
102538,17,571,333,4
102555,17,574,356,4
102572,17,567,348,4
102588,17,569,330,4
102605,17,570,357,4
102622,17,576,354,4
102638,17,570,356,4
102655,17,572,345,4
102672,17,564,354,4
102688,17,568,360,4
102705,17,568,359,4
102721,17,565,349,4
102738,17,563,353,4
102755,17,570,351,4
102771,17,567,346,4
102788,17,567,368,2
102805,17,573,353,4
102821,17,569,350,4
102838,17,568,368,2
102855,17,566,352,4
102871,17,561,350,4
102888,17,499,362,4
102904,17,486,351,4
102921,17,491,371,2
102938,17,488,343,4
102954,17,487,361,4
102971,17,497,360,4
102988,17,498,374,2
103004,17,481,378,2
103021,17,481,381,2
103037,17,483,359,4
103054,17,492,342,4
103071,17,489,350,4
103087,17,486,349,4
103104,17,493,358,4
103121,17,485,347,4
103137,17,486,351,4
103154,17,522,390,2
103171,17,502,379,2
103187,17,516,384,2
103204,17,512,397,2
103220,17,524,398,2
103237,17,512,377,2
103254,17,514,389,2
103270,17,521,405,2
103287,17,515,398,2
103304,17,517,402,2
103320,17,514,408,2
103337,17,510,384,2
103354,17,511,407,2
103370,17,511,395,2
103387,17,510,400,2
103403,17,513,401,2
103420,17,515,403,2
103437,17,520,404,2
103453,17,511,411,2
103470,17,509,389,2
103487,17,508,390,2
103503,17,511,392,2
103520,17,518,404,2
103537,17,509,396,2
103553,17,518,392,2
103570,17,515,413,2
103586,17,512,396,2
103603,17,511,406,2
103620,17,511,394,2
103636,17,512,392,2
103653,17,511,394,2
103670,17,515,382,2
103686,17,546,378,2
103703,17,536,386,2
103720,17,541,381,2
103736,17,543,380,2
103753,17,535,370,2
103769,17,540,386,2
103786,17,541,379,2
103803,17,545,372,2
103819,17,546,393,2
103836,17,540,374,2
103853,17,545,402,2
103869,17,541,385,2
103886,17,546,379,2
103903,17,545,381,2
103919,17,516,381,2
103936,17,523,386,2
103952,17,521,383,2
103969,17,521,390,2
103986,17,520,378,2
104002,17,523,365,2
104019,17,521,379,2
104036,17,521,389,2
104052,17,518,374,2
104069,17,515,373,2
104086,17,520,383,2
104102,17,518,389,2
104119,17,513,381,2
104135,17,514,368,2
104152,17,518,363,4
104169,17,515,361,4
104185,17,518,372,2
104202,17,513,390,2
104219,17,511,375,2
104235,17,509,363,4
104252,17,517,345,4
104268,17,515,354,4
104285,17,555,309,4
104302,17,571,303,4
104318,17,569,319,4
104335,17,574,331,4
104352,17,572,312,4
104368,17,570,314,4
104385,17,571,316,4
104402,17,575,318,4
104418,17,579,327,4
104435,17,574,332,4
104451,17,571,320,4
104468,17,573,324,4
104485,17,572,324,4
104501,17,578,318,4
104518,17,592,321,4
104535,17,593,330,4
104551,17,586,330,4
104568,17,598,339,4
104585,17,592,321,4
104601,17,589,330,4
104618,17,594,320,4
104634,17,594,324,4
104651,17,590,320,4
104668,17,594,323,4
104684,17,586,329,4
104701,17,585,320,4
104718,17,592,337,4
104734,17,593,338,4
104751,17,586,330,4
104768,17,596,327,4
104784,17,584,346,4
104801,17,589,337,4
104817,17,588,335,4
104834,17,587,335,4
104851,17,588,337,4
104867,17,579,355,4
104884,17,589,350,4
104901,17,582,344,4
104917,17,585,342,4
104934,17,329,326,0
104951,17,584,351,4
104967,17,586,347,4
104984,17,586,347,4
105000,17,588,337,4
105017,17,580,350,4
105034,17,586,351,4
105050,17,585,358,4
105067,17,591,357,4
105084,17,580,349,4
105100,17,590,346,4
105117,17,584,365,2
105134,17,585,350,4
105150,17,585,344,4
105167,17,587,354,4
105183,17,585,340,4
105200,17,580,345,4
105217,17,587,342,4
105233,17,583,358,4
105250,17,577,346,4
105267,17,579,360,4
105283,17,582,347,4
105300,17,587,356,4
105316,17,587,353,4
105333,17,586,352,4
105350,17,584,341,4
105366,17,581,344,4
105383,17,577,345,4
105400,17,583,357,4
105416,17,577,358,4
105433,17,587,346,4
105450,17,585,358,4
105466,17,583,347,4
105483,17,580,351,4
105499,17,584,368,2
105516,17,583,359,4
105533,17,583,355,4
105549,17,583,339,4
105566,17,583,356,4
105583,17,583,346,4
105599,17,594,347,4
105616,17,581,348,4
105633,17,582,360,4
105649,17,584,354,4
105666,17,584,369,2
105682,17,581,340,4
105699,17,583,351,4
105716,17,586,353,4
105732,17,585,350,4
105749,17,584,347,4
105766,17,587,337,4
105782,17,584,360,4
105799,17,584,341,4
105816,17,595,336,4
105832,17,579,346,4
105849,17,584,329,4
105865,17,587,335,4
105882,17,587,340,4
105899,17,586,340,4
105915,17,588,338,4
105932,17,584,333,4
105949,17,584,337,4
105965,17,588,335,4
105982,17,594,338,4
105999,17,584,325,4
106015,17,580,334,4
106032,17,585,327,4
106048,17,588,331,4
106065,17,593,332,4
106082,17,591,344,4
106098,17,588,341,4
106115,17,590,351,4
106132,17,592,332,4
106148,17,586,338,4
106165,17,595,329,4
106182,17,592,325,4
106198,17,587,325,4
106215,17,587,333,4
106231,17,595,341,4
106248,17,590,328,4
106265,17,588,354,4
106281,17,592,333,4
106298,17,591,340,4
106315,17,597,339,4
106331,17,590,362,4
106348,17,506,419,5
106365,17,479,448,3
106381,17,464,610,3
106448,67,461,722,3
106464,17,438,545,3
106481,17,438,663,3
106498,17,441,672,3
106514,17,500,676,3
106764,250,642,881,0
106780,17,589,739,3
106797,17,564,684,3
106814,17,562,562,3
106830,17,537,444,3
106847,17,521,377,2
106864,17,522,358,4
106880,17,516,347,4
106897,17,524,391,2
106913,17,529,390,2
106930,17,530,394,2
106947,17,527,381,2
106963,17,528,404,2
106980,17,581,350,4
106997,17,589,355,4
107013,17,588,351,4
107030,17,595,351,4
107047,17,591,346,4
107063,17,588,360,4
107080,17,587,361,4
107096,17,594,338,4
107113,17,587,357,4
107130,17,586,347,4
107146,17,593,350,4
107163,17,588,347,4
107180,17,589,340,4
107196,17,592,335,4
107213,17,583,337,4
107230,17,585,352,4
107246,17,538,382,2
107263,17,535,364,4
107279,17,529,374,2
107296,17,532,383,2
107313,17,531,375,2
107329,17,528,368,2
107346,17,531,384,2
107363,17,531,369,2
107379,17,533,374,2
107396,17,539,389,2
107413,17,533,390,2
107429,17,530,374,2
107446,17,535,373,2
107462,17,533,374,2
107479,17,537,390,2
107496,17,536,377,2
107512,17,538,374,2
107529,17,535,376,2
107546,17,539,366,2
107562,17,532,371,2
107579,17,539,377,2
107595,17,537,365,2
107612,17,536,344,4
107629,17,536,381,2
107645,17,535,349,4
107662,17,544,363,4
107679,17,539,374,2
107695,17,540,354,4
107712,17,537,366,2
107729,17,515,355,4
107745,17,524,356,4
107762,17,516,367,2
107778,17,523,356,4
107795,17,515,354,4
107812,17,518,360,4
107828,17,523,347,4
107845,17,522,348,4
107862,17,525,364,4
107878,17,523,366,2
107895,17,518,347,4
107912,17,521,363,4
107928,17,519,350,4
107945,17,522,360,4
107961,17,522,357,4
107978,17,524,361,4
107995,17,524,367,2
108011,17,515,361,4
108028,17,527,363,4
108045,17,527,361,4
108061,17,528,362,4
108078,17,523,358,4
108095,17,525,370,2
108111,17,524,348,4
108128,17,529,366,2
108144,17,517,365,2
108161,17,523,368,2
108178,17,523,378,2
108194,17,525,368,2
108211,17,525,358,4
108228,17,526,359,4
108244,17,525,374,2
108261,17,522,359,4
108278,17,528,376,2
108294,17,529,372,2
108311,17,529,367,2
108327,17,522,369,2
108344,17,526,381,2
108361,17,538,390,2
108377,17,534,367,2
108394,17,538,384,2
108411,17,534,374,2
108427,17,539,392,2
108444,17,537,368,2
108461,17,537,381,2
108477,17,541,391,2
108494,17,538,389,2
108510,17,532,369,2
108527,17,535,383,2
108544,17,532,379,2
108560,17,533,373,2
108577,17,533,384,2
108594,17,553,324,4
108610,17,585,358,4
108627,17,582,326,4
108644,17,586,322,4
108660,17,582,322,4
108677,17,585,331,4
108693,17,583,321,4
108710,17,588,326,4
108727,17,583,328,4
108743,17,581,326,4
108760,17,594,342,4
108777,17,584,344,4
108793,17,589,332,4
108810,17,588,339,4
108826,17,580,320,4
108843,17,580,322,4
108860,17,586,321,4
108876,17,580,314,4
108893,17,577,315,4
108910,17,544,401,2
108926,17,538,423,3
108943,17,534,413,2
108960,17,531,424,3
108976,17,537,425,3
108993,17,532,421,5
109009,17,535,406,2
109026,17,532,429,3
109043,17,532,424,3
109059,17,529,419,5
109076,17,532,412,2
109093,17,534,420,5
109109,17,535,426,3
109126,17,527,415,2
109143,17,530,428,3
109159,17,527,427,3
109176,17,528,430,3
109192,17,527,416,2
109209,17,541,318,4
109226,17,563,344,4
109242,17,550,321,4
109259,17,563,329,4
109276,17,560,314,4
109292,17,555,336,4
109309,17,560,306,4
109326,17,555,313,4
109342,17,566,334,4
109359,17,555,333,4
109375,17,556,336,4
109392,17,559,335,4
109409,17,561,320,4
109425,17,558,326,4
109442,17,557,334,4
109459,17,576,307,4
109475,17,590,345,4
109492,17,577,352,4
109509,17,585,338,4
109525,17,590,345,4
109542,17,583,324,4
109558,17,591,332,4
109575,17,588,330,4
109592,17,589,353,4
109608,17,585,345,4
109625,17,585,336,4
109642,17,582,348,4
109658,17,598,335,4
109675,17,584,337,4
109692,17,591,345,4
109708,17,581,339,4
109725,17,577,326,4
109741,17,585,353,4
109758,17,580,349,4
109775,17,582,343,4
109791,17,581,341,4
109808,17,581,356,4
109825,17,575,337,4
109841,17,584,345,4
109858,17,583,349,4
109874,17,605,356,4
109891,17,314,267,0
109908,17,570,564,3
109924,17,588,698,3
109941,17,622,644,3
109974,33,547,613,3
109991,17,533,466,3
110008,17,525,400,2
110024,17,525,383,2
110041,17,524,412,2
110057,17,526,421,5
110074,17,534,417,5
110091,17,530,415,2
110107,17,538,431,3
110124,17,516,409,2
110141,17,522,423,3
110157,17,524,431,3
110174,17,529,425,3
110191,17,526,398,2
110207,17,529,401,2
110224,17,525,408,2
110240,17,527,411,2
110257,17,522,422,3
110274,17,524,414,2
110290,17,522,409,2
110307,17,530,409,2
110324,17,524,405,2
110340,17,524,404,2
110357,17,525,425,3
110374,17,523,410,2
110390,17,523,426,3
110407,17,525,398,2
110423,17,750,336,0
110440,17,582,933,0
110789,349,522,641,3
110806,17,443,445,3
110823,17,420,359,4
110839,17,455,433,3
110856,17,446,396,2
110873,17,440,409,2
110889,17,450,439,3
110906,17,447,425,3
110923,17,445,419,3
110939,17,456,460,3
110956,17,454,445,3
110972,17,459,441,3
110989,17,451,426,3
111006,17,454,440,3
111022,17,457,429,3
111039,17,452,434,3
111056,17,460,417,2
111072,17,680,296,0
111089,17,449,428,3
111105,17,442,430,3
111122,17,442,431,3
111139,17,468,422,3
111155,17,455,429,3
111172,17,457,420,3
111189,17,459,419,3
111205,17,466,421,3
111222,17,518,391,2
111239,17,517,393,2
111255,17,528,386,2
111272,17,523,403,2
111288,17,524,420,5
111305,17,522,396,2
111322,17,523,413,2
111338,17,525,398,2
111355,17,523,406,2
111372,17,521,397,2
111388,17,528,403,2
111405,17,522,389,2
111422,17,523,397,2
111438,17,523,394,2
111455,17,522,379,2
111471,17,524,385,2
111488,17,530,398,2
111505,17,526,388,2
111521,17,522,394,2
111538,17,519,384,2
111555,17,519,403,2
111571,17,513,381,2
111588,17,522,378,2
111605,17,520,386,2
111621,17,518,372,2
111638,17,520,371,2
111654,17,516,371,2
111671,17,517,367,2
111688,17,517,349,4
111704,17,515,368,2
111721,17,515,373,2
111738,17,514,378,2
111754,17,516,384,2
111771,17,514,370,2
111788,17,515,374,2
111804,17,512,358,4
111821,17,511,367,2
111837,17,519,374,2
111854,17,516,370,2
111871,17,515,361,4
111887,17,518,367,2
111904,17,515,366,2
111921,17,518,362,4
111937,17,516,362,4
111954,17,521,371,2
111971,17,513,369,2
111987,17,518,375,2
112004,17,507,381,2
112020,17,507,394,2
112037,17,507,377,2
112054,17,520,390,2
112070,17,514,388,2
112087,17,513,384,2
112104,17,514,388,2
112120,17,518,384,2
112137,17,513,380,2
112154,17,514,387,2
112170,17,511,385,2
112187,17,510,388,2
112203,17,510,390,2
112220,17,510,393,2
112237,17,504,379,2
112253,17,510,381,2
112270,17,537,372,2
112287,17,539,367,2
112303,17,540,350,4
112320,17,543,363,4
112336,17,542,362,4
112353,17,542,361,4
112370,17,537,358,4
112386,17,540,358,4
112403,17,545,366,2
112420,17,549,367,2
112436,17,545,355,4
112453,17,548,368,2
112470,17,546,372,2
112486,17,537,359,4
112503,17,546,375,2
112519,17,548,363,4
112536,17,540,352,4
112553,17,542,355,4
112569,17,545,360,4
112586,17,544,358,4
112603,17,539,349,4
112619,17,541,352,4
112636,17,541,353,4
112653,17,527,359,4
112669,17,483,335,4
112686,17,445,320,4
112702,17,450,340,4
112719,17,443,318,4
112736,17,457,340,4
112752,17,447,337,4
112769,17,445,325,4
112786,17,446,325,4
112802,17,448,333,4
112819,17,447,321,4
112836,17,454,342,4
112852,17,447,348,4
112869,17,448,332,4
112885,17,448,331,4
112902,17,450,350,4
112919,17,450,345,4
112935,17,445,332,4
112952,17,461,329,4
112969,17,451,340,4
112985,17,450,355,4
113002,17,446,341,4
113019,17,452,344,4
113035,17,457,358,4
113052,17,461,348,4
113068,17,452,350,4
113085,17,447,333,4
113102,17,454,340,4
113118,17,454,340,4
113135,17,455,354,4
113152,17,453,367,2
113168,17,450,342,4
113185,17,453,409,2
113202,17,459,459,3
113218,17,526,735,3
113235,17,655,925,0
113301,67,597,907,0
113318,17,701,415,2
113335,17,483,530,3
113351,17,500,417,5
113368,17,492,351,4
113384,17,493,381,2
113401,17,492,391,2
113418,17,499,412,2
113434,17,499,405,2
113451,17,478,378,2
113468,17,497,380,2
113484,17,495,369,2
113501,17,496,394,2
113518,17,496,394,2
113534,17,495,408,2
113551,17,496,396,2
113567,17,500,405,2
113584,17,560,346,4
113601,17,578,344,4
113617,17,579,330,4
113634,17,579,339,4
113651,17,580,329,4
113667,17,575,339,4
113684,17,576,345,4
113701,17,578,343,4
113717,17,578,345,4
113734,17,573,328,4
113750,17,569,332,4
113767,17,573,329,4
113784,17,571,327,4
113800,17,571,331,4
113817,17,575,339,4
113834,17,572,331,4
113850,17,574,338,4
113867,17,573,339,4
113884,17,575,346,4
113900,17,576,359,4
113917,17,571,331,4
113933,17,571,339,4
113950,17,573,336,4
113967,17,575,338,4
113983,17,574,350,4
114000,17,572,328,4
114017,17,572,338,4
114033,17,573,334,4
114050,17,572,341,4
114067,17,574,340,4
114083,17,576,333,4
114100,17,570,328,4
114116,17,571,332,4
114133,17,568,331,4
114150,17,576,332,4
114166,17,571,332,4
114183,17,574,336,4
114200,17,576,331,4
114216,17,572,331,4
114233,17,568,338,4
114250,17,566,342,4
114266,17,577,334,4
114283,17,573,331,4
114299,17,571,344,4
114316,17,572,328,4
114333,17,577,333,4
114349,17,551,357,4
114366,17,526,394,2
114383,17,519,386,2
114399,17,525,397,2
114416,17,520,406,2
114433,17,524,404,2
114449,17,523,388,2
114466,17,522,407,2
114482,17,526,404,2
114499,17,523,410,2
114516,17,529,416,2
114532,17,524,414,2
114549,17,523,417,5
114566,17,520,396,2
114582,17,517,403,2
114599,17,517,407,2
114615,17,504,424,3
114632,17,519,414,2
114649,17,518,403,2
114665,17,465,363,4
114682,17,446,361,4
114699,17,441,353,4
114715,17,433,323,4
114732,17,434,348,4
114749,17,442,338,4
114765,17,444,349,4
114782,17,451,330,4
114798,17,438,335,4
114815,17,444,344,4
114832,17,433,329,4
114848,17,439,343,4
114865,17,433,329,4
114882,17,437,333,4
114898,17,437,330,4
114915,17,432,341,4
114932,17,431,330,4
114948,17,462,339,4
114965,17,451,338,4
114981,17,453,314,4
114998,17,441,323,4
115015,17,438,316,4
115031,17,452,332,4
115048,17,441,333,4
115065,17,444,347,4
115081,17,445,340,4
115098,17,436,343,4
115115,17,438,332,4
115131,17,440,339,4
115148,17,439,341,4
115164,17,437,330,4
115181,17,502,366,2
115198,17,478,380,2
115214,17,252,505,3
115231,17,503,382,2
115248,17,517,375,2
115264,17,497,370,2
115281,17,501,365,2
115298,17,497,376,2
115314,17,519,369,2
115331,17,505,386,2
115347,17,521,399,2
115364,17,512,386,2
115381,17,521,562,3
115397,17,627,629,3
115414,17,750,899,0
115614,200,812,539,3
115630,17,206,463,3
115647,17,127,362,0
115663,17,507,333,4
115680,17,520,364,4
115697,17,508,369,2
115713,17,531,365,2
115730,17,522,362,4
115747,17,518,367,2
115763,17,519,357,4
115780,17,523,367,2
115797,17,521,365,2
115813,17,521,350,4
115830,17,523,359,4
115846,17,526,364,4
115863,17,521,385,2
115880,17,522,374,2
115896,17,515,354,4
115913,17,516,351,4
115930,17,515,369,2
115946,17,517,371,2
115963,17,515,364,4
115980,17,509,394,2
115996,17,510,404,2
116013,17,507,387,2
116029,17,513,385,2
116046,17,511,392,2
116063,17,510,395,2
116079,17,511,398,2
116096,17,509,371,2
116113,17,507,365,2
116129,17,513,386,2
116146,17,513,384,2
116163,17,513,394,2
116179,17,511,393,2
116196,17,517,391,2
116212,17,519,389,2
116229,17,517,384,2
116246,17,518,379,2
116262,17,520,396,2
116279,17,519,403,2
116296,17,522,397,2
116312,17,535,341,4
116329,17,545,350,4
116346,17,540,323,4
116362,17,542,345,4
116379,17,543,349,4
116395,17,544,345,4
116412,17,543,329,4
116429,17,545,331,4
116445,17,546,352,4
116462,17,540,332,4
116479,17,541,317,4
116495,17,544,341,4
116512,17,542,330,4
116529,17,543,340,4
116545,17,544,353,4
116562,17,542,340,4
116578,17,540,344,4
116595,17,534,327,4
116612,17,542,323,4
116628,17,535,334,4
116645,17,535,342,4
116662,17,537,335,4
116678,17,536,332,4
116695,17,539,334,4
116712,17,537,334,4
116728,17,541,339,4
116745,17,540,352,4
116761,17,537,342,4
116778,17,534,338,4
116795,17,498,358,4
116811,17,477,333,4
116828,17,464,331,4
116845,17,459,336,4
116861,17,454,328,4
116878,17,482,345,4
116894,17,465,342,4
116911,17,469,337,4
116928,17,465,344,4
116944,17,470,334,4
116961,17,467,347,4
116978,17,466,339,4
116994,17,463,343,4
117011,17,465,333,4
117028,17,463,330,4
117044,17,464,345,4
117061,17,706,198,1
117077,17,451,334,4
117094,17,476,345,4
117111,17,486,360,4
117127,17,528,420,5
117144,17,528,443,3
117161,17,533,471,3
117177,17,535,441,3
117194,17,539,444,3
117211,17,534,463,3
117227,17,534,448,3
117244,17,536,465,3
117260,17,533,458,3
117277,17,527,462,3
117294,17,540,471,3
117310,17,537,477,3
117327,17,537,444,3
117344,17,537,444,3
117360,17,538,454,3
117377,17,541,441,3
117394,17,538,459,3
117410,17,510,421,5
117427,17,529,452,3
117443,17,536,454,3
117460,17,525,457,3
117477,17,530,463,3
117493,17,533,447,3
117510,17,532,450,3
117527,17,543,461,3
117543,17,505,405,2
117560,17,539,435,3
117577,17,544,434,3
117593,17,534,444,3
117610,17,541,437,3
117626,17,535,446,3
117643,17,537,456,3
117660,17,540,438,3
117676,17,540,454,3
117693,17,544,448,3
117710,17,535,458,3
117726,17,539,458,3
117743,17,531,445,3
117760,17,537,456,3
117776,17,537,453,3
117793,17,536,462,3
117809,17,535,446,3
117826,17,538,444,3
117843,17,537,458,3
117859,17,538,449,3
117876,17,535,444,3
117893,17,540,445,3
117909,17,534,461,3
117926,17,530,456,3
117942,17,549,437,3
117959,17,529,433,3
117976,17,534,426,3
117992,17,537,424,3
118009,17,515,430,3
118026,17,536,432,3
118042,17,539,452,3
118059,17,540,442,3
118076,17,531,433,3
118092,17,511,415,2
118109,17,530,446,3
118125,17,526,433,3
118142,17,530,435,3
118159,17,519,428,3
118175,17,528,440,3
118192,17,528,437,3
118209,17,527,439,3
118225,17,518,439,3
118242,17,512,380,2
118259,17,508,362,4
118275,17,512,349,4
118292,17,519,349,4
118308,17,505,357,4
118325,17,510,360,4
118342,17,506,347,4
118358,17,506,345,4
118375,17,534,350,4
118392,17,519,355,4
118408,17,517,339,4
118425,17,514,346,4
118442,17,522,338,4
118458,17,475,346,4
118475,17,477,329,4
118491,17,466,342,4
118508,17,469,348,4
118525,17,464,328,4
118541,17,474,350,4
118558,17,472,337,4
118575,17,475,334,4
118591,17,471,341,4
118608,17,470,325,4
118625,17,479,348,4
118641,17,468,337,4
118658,17,469,334,4
118674,17,471,348,4
118708,33,450,318,4
118724,17,464,347,4
118741,17,452,317,4
118758,17,452,315,4
118774,17,455,329,4
118791,17,445,326,4
118808,17,462,333,4
118824,17,460,326,4
118841,17,464,342,4
118857,17,451,340,4
118874,17,466,337,4
118891,17,456,329,4
118907,17,462,342,4
118924,17,459,339,4
118941,17,452,327,4
118957,17,462,336,4
118974,17,455,355,4
118991,17,461,329,4
119007,17,453,342,4
119024,17,451,340,4
119040,17,445,317,4
119057,17,447,343,4
119074,17,458,333,4
119090,17,453,350,4
119107,17,446,353,4
119124,17,456,368,2
119140,17,462,404,2
119157,17,485,672,3
119173,17,539,727,3
119190,17,566,629,3
119207,17,594,544,3
119223,17,534,519,3
119240,17,536,415,2
119257,17,514,319,4
119273,17,530,392,2
119290,17,534,407,2
119307,17,537,420,5
119323,17,534,404,2
119340,17,539,395,2
119356,17,543,405,2
119373,17,535,384,2
119390,17,537,390,2
119406,17,533,392,2
119423,17,535,392,2
119440,17,538,393,2
119456,17,534,402,2
119473,17,531,402,2
119490,17,528,386,2
119506,17,531,395,2
119523,17,523,375,2
119539,17,530,386,2
119556,17,527,375,2
119573,17,527,375,2
119589,17,522,372,2
119606,17,525,371,2
119623,17,532,362,4
119639,17,526,372,2
119656,17,533,374,2
119673,17,527,358,4
119689,17,525,374,2
119706,17,523,373,2
119722,17,525,387,2
119739,17,522,365,2
119756,17,523,358,4
119772,17,529,383,2
119789,17,523,363,4
119806,17,531,364,4
119822,17,524,365,2
119839,17,492,350,4
119856,17,497,374,2
119872,17,495,360,4
119889,17,496,354,4
119905,17,502,352,4
119922,17,496,369,2
119939,17,493,360,4
119955,17,496,346,4
119972,17,497,366,2
119989,17,499,347,4
120005,17,501,350,4
120022,17,496,349,4
120039,17,494,348,4
120055,17,493,351,4
120072,17,505,361,4
120088,17,496,369,2
120105,17,492,369,2
120122,17,497,366,2
120138,17,497,353,4
120155,17,498,360,4
120172,17,497,362,4
120188,17,501,358,4
120205,17,499,368,2
120221,17,497,357,4
120238,17,496,368,2
120255,17,500,374,2
120271,17,499,358,4
120288,17,498,367,2
120305,17,498,363,4
120321,17,499,368,2
120338,17,495,353,4
120355,17,502,363,4
120371,17,501,348,4
120388,17,507,363,4
120404,17,503,364,4
120421,17,506,376,2
120438,17,501,348,4
120454,17,509,364,4
120471,17,508,377,2
120488,17,508,366,2
120504,17,506,350,4
120521,17,506,368,2
120538,17,506,363,4
120554,17,513,357,4
120571,17,514,377,2
120587,17,506,374,2
120604,17,505,373,2
120621,17,515,368,2
120637,17,505,386,2
120654,17,506,385,2
120671,17,537,352,4
120687,17,550,353,4
120704,17,548,340,4
120721,17,547,356,4
120737,17,551,354,4
120754,17,547,352,4
120770,17,548,359,4
120787,17,551,364,4
120804,17,551,354,4
120820,17,547,355,4
120837,17,549,344,4
120854,17,545,346,4
120870,17,540,359,4
120887,17,550,340,4
120904,17,546,344,4
120920,17,549,356,4
120937,17,552,354,4
120953,17,550,355,4
120970,17,546,344,4
120987,17,550,357,4
121003,17,546,356,4
121020,17,544,350,4
121037,17,548,359,4
121053,17,548,358,4
121070,17,549,354,4
121087,17,550,356,4
121103,17,549,346,4
121120,17,548,351,4
121136,17,554,350,4
121153,17,548,359,4
121170,17,553,360,4
121186,17,520,335,4
121203,17,191,389,2
121220,17,227,443,3
121236,17,450,388,2
121253,17,459,322,4
121270,17,459,344,4
121286,17,460,349,4
121303,17,454,336,4
121319,17,459,346,4
121336,17,464,341,4
121353,17,471,353,4
121369,17,471,360,4
121386,17,461,370,2
121403,17,462,357,4
121419,17,462,347,4
121436,17,458,346,4
121452,17,466,337,4
121469,17,459,332,4
121486,17,445,341,4
121502,17,444,324,4
121519,17,456,332,4
121536,17,443,336,4
121552,17,446,336,4
121569,17,447,351,4
121586,17,447,316,4
121602,17,451,347,4
121619,17,445,344,4
121635,17,454,343,4
121652,17,453,343,4
121669,17,455,351,4
121685,17,453,341,4
121702,17,466,373,2
121719,17,517,415,2
121735,17,511,425,3
121752,17,521,419,5
121769,17,521,438,3
121785,17,524,449,3
121802,17,528,453,3
121818,17,525,451,3
121835,17,528,447,3
121852,17,527,452,3
121868,17,521,448,3
121885,17,528,442,3
121902,17,526,446,3
121918,17,529,438,3
121935,17,521,434,3
121952,17,529,454,3
121968,17,526,429,3
121985,17,536,433,3
122001,17,532,454,3
122018,17,493,411,2
122035,17,526,445,3
122051,17,527,440,3
122068,17,534,444,3
122085,17,523,454,3
122101,17,528,451,3
122118,17,520,444,3
122135,17,519,443,3
122151,17,522,452,3
122168,17,528,443,3
122184,17,517,459,3
122201,17,529,442,3
122218,17,530,445,3
122234,17,514,396,2
122251,17,502,375,2
122268,17,509,362,4
122284,17,516,359,4
122301,17,517,364,4
122318,17,510,371,2
122334,17,507,378,2
122351,17,507,366,2
122367,17,508,372,2
122384,17,508,377,2
122401,17,507,379,2
122417,17,515,369,2
122434,17,508,367,2
122451,17,518,382,2
122467,17,503,367,2
122484,17,512,371,2
122500,17,487,376,2
122517,17,472,360,4
122534,17,472,366,2
122550,17,469,375,2
122567,17,479,374,2
122584,17,482,379,2
122600,17,468,372,2
122617,17,472,357,4
122634,17,472,370,2
122650,17,472,354,4
122667,17,467,379,2
122683,17,465,367,2
122700,17,477,358,4
122717,17,470,369,2
122733,17,476,375,2
122750,17,470,364,4
122767,17,469,353,4
122783,17,468,356,4
122800,17,467,357,4
122817,17,464,373,2
122833,17,464,363,4
122850,17,465,389,2
122866,17,476,480,3
122883,17,521,810,0
123016,133,584,488,3
123033,17,574,760,3
123049,17,537,572,3
123066,17,530,480,3
123083,17,257,396,2
123099,17,518,394,2
123116,17,521,419,5
123133,17,500,370,2
123149,17,533,408,2
123166,17,519,390,2
123183,17,521,399,2
123199,17,519,395,2
123216,17,523,391,2
123232,17,518,384,2
123249,17,519,391,2
123266,17,518,391,2
123282,17,520,390,2
123299,17,518,379,2
123316,17,515,366,2
123332,17,519,380,2
123349,17,522,380,2
123366,17,494,358,4
123382,17,510,399,2
123399,17,519,378,2
123415,17,511,396,2
123432,17,505,395,2
123449,17,508,404,2
123465,17,512,373,2
123482,17,502,393,2
123499,17,509,396,2
123515,17,502,387,2
123532,17,505,395,2
123549,17,515,398,2
123565,17,508,386,2
123582,17,501,402,2
123598,17,501,389,2
123615,17,507,399,2
123632,17,506,396,2
123648,17,505,391,2
123665,17,503,392,2
123682,17,506,390,2
123698,17,507,408,2
123715,17,509,397,2
123731,17,502,422,3
123748,17,505,395,2
123765,17,510,391,2
123781,17,509,414,2
123798,17,507,399,2
123815,17,505,391,2
123831,17,513,407,2
123848,17,507,408,2
123865,17,534,383,2
123881,17,533,399,2
123898,17,536,398,2
123914,17,535,379,2
123931,17,538,385,2
123948,17,537,398,2
123964,17,532,376,2
123981,17,534,391,2
123998,17,535,382,2
124014,17,534,381,2
124031,17,535,384,2
124048,17,538,373,2
124064,17,537,399,2
124081,17,533,380,2
124097,17,509,368,2
124114,17,512,369,2
124131,17,510,375,2
124147,17,514,373,2
124164,17,515,376,2
124181,17,508,378,2
124197,17,508,368,2
124214,17,508,371,2
124231,17,510,372,2
124247,17,511,386,2
124264,17,506,370,2
124280,17,508,388,2
124297,17,514,387,2
124314,17,508,385,2
124330,17,513,385,2
124347,17,512,381,2
124364,17,507,369,2
124380,17,509,372,2
124397,17,517,390,2
124414,17,512,385,2
124430,17,511,380,2
124447,17,246,483,3
124463,17,507,385,2
124480,17,514,400,2
124497,17,509,393,2
124513,17,505,407,2
124530,17,502,364,4
124547,17,492,379,2
124563,17,486,354,4
124580,17,491,350,4
124597,17,491,356,4
124613,17,493,350,4
124630,17,493,357,4
124646,17,492,363,4
124663,17,496,365,2
124680,17,495,358,4
124696,17,495,369,2
124713,17,502,381,2
124730,17,490,362,4
124746,17,492,368,2
124763,17,483,353,4
124780,17,461,355,4
124796,17,467,369,2
124813,17,456,348,4
124829,17,459,337,4
124846,17,461,360,4
124863,17,454,353,4
124879,17,457,356,4
124896,17,460,345,4
124913,17,467,352,4
124929,17,458,366,2
124946,17,458,358,4
124962,17,459,359,4
124979,17,460,362,4
124996,17,453,348,4
125012,17,456,351,4
125029,17,461,347,4
125046,17,455,351,4
125062,17,454,335,4
125079,17,456,358,4
125096,17,457,350,4
125112,17,452,363,4
125129,17,458,351,4
125145,17,452,348,4
125162,17,462,355,4
125179,17,455,346,4
125195,17,544,362,4
125212,17,558,351,4
125229,17,562,342,4
125245,17,560,350,4
125262,17,562,364,4
125279,17,557,355,4
125295,17,559,357,4
125312,17,561,352,4
125328,17,564,365,2
125345,17,559,360,4
125362,17,565,352,4
125378,17,564,366,2
125395,17,572,357,4
125412,17,651,319,0
125428,17,710,290,0
125445,17,702,315,0
125462,17,719,298,0
125478,17,712,309,0
125495,17,712,310,0
125511,17,726,317,0
125528,17,739,309,0
125545,17,725,310,0
125561,17,724,300,0
125578,17,723,309,0
125595,17,721,291,0
125611,17,704,301,0
125628,17,705,295,0
125645,17,706,296,0
125661,17,709,306,0
125678,17,706,307,0
125694,17,709,296,0
125711,17,715,308,0
125728,17,718,306,0
125744,17,719,280,0
125761,17,712,302,0
125778,17,707,300,0
125794,17,715,299,0
125811,17,715,306,0
125828,17,714,304,0
125844,17,721,304,0
125861,17,728,293,0
125877,17,708,308,0
125894,17,457,243,1
125911,17,713,301,0
125927,17,723,293,0
125944,17,708,311,0
125961,17,723,290,0
125977,17,715,311,0
125994,17,710,303,0
126010,17,711,289,0
126027,17,718,305,0
126044,17,722,299,0
126060,17,713,292,0
126077,17,718,316,0
126094,17,716,293,0
126110,17,724,291,0
126127,17,659,322,0
126144,17,570,356,4
126160,17,516,367,2
126177,17,520,362,4
126193,17,514,369,2
126210,17,519,379,2
126227,17,244,302,0
126243,17,541,638,3
126343,100,286,568,3
126360,17,494,666,3
126376,17,225,366,2
126393,17,498,375,2
126410,17,498,395,2
126426,17,501,396,2
126443,17,508,386,2
126460,17,497,377,2
126476,17,501,380,2
126493,17,500,382,2
126510,17,502,356,4
126526,17,495,362,4
126543,17,499,377,2
126559,17,496,368,2
126576,17,498,381,2
126593,17,494,371,2
126609,17,496,360,4
126626,17,490,366,2
126643,17,490,379,2
126659,17,492,361,4
126676,17,486,355,4
126693,17,494,347,4
126709,17,493,367,2
126726,17,489,353,4
126742,17,498,361,4
126759,17,490,361,4
126776,17,490,381,2
126792,17,500,438,3
126809,17,122,583,3
126959,150,876,427,3
126975,17,533,861,0
126992,17,513,753,3
127009,17,559,671,3
127025,17,545,559,3
127042,17,511,485,3
127059,17,502,404,2
127075,17,501,383,2
127092,17,488,342,4
127108,17,493,347,4
127125,17,496,367,2
127142,17,505,367,2
127158,17,502,377,2
127175,17,489,361,4
127192,17,491,366,2
127208,17,492,350,4
127225,17,491,351,4
127241,17,495,363,4
127258,17,503,377,2
127275,17,496,368,2
127291,17,499,382,2
127308,17,497,384,2
127325,17,497,359,4
127341,17,503,367,2
127358,17,506,387,2
127375,17,507,374,2
127391,17,500,397,2
127408,17,497,400,2
127424,17,492,403,2
127441,17,494,394,2
127458,17,490,399,2
127474,17,487,404,2
127491,17,489,395,2
127508,17,502,387,2
127524,17,495,403,2
127541,17,501,409,2
127558,17,494,419,5
127574,17,493,407,2
127591,17,493,393,2
127607,17,487,394,2
127624,17,487,396,2
127641,17,487,405,2
127657,17,488,397,2
127674,17,487,397,2
127691,17,490,393,2
127707,17,496,405,2
127724,17,492,403,2
127741,17,497,392,2
127757,17,489,400,2
127774,17,493,409,2
127790,17,491,400,2
127807,17,499,412,2
127824,17,497,411,2
127840,17,499,393,2
127857,17,499,405,2
127874,17,500,395,2
127890,17,491,389,2
127907,17,499,389,2
127924,17,497,396,2
127940,17,496,401,2
127957,17,496,390,2
127973,17,510,400,2
127990,17,505,399,2
128007,17,503,406,2
128023,17,516,672,3
128040,17,941,661,3
128156,116,535,776,0
128173,17,489,547,3
128190,17,488,402,2
128206,17,479,335,4
128223,17,480,371,2
128240,17,486,405,2
128256,17,490,423,3
128273,17,488,397,2
128289,17,486,379,2
128306,17,481,378,2
128323,17,490,412,2
128339,17,487,406,2
128356,17,488,376,2
128373,17,482,378,2
128389,17,483,373,2
128406,17,485,380,2
128423,17,486,386,2
128439,17,482,379,2
128456,17,485,374,2
128472,17,487,382,2
128489,17,482,379,2
128506,17,483,389,2
128522,17,501,403,2
128539,17,491,394,2
128556,17,493,389,2
128572,17,497,394,2
128589,17,498,399,2
128606,17,497,383,2
128622,17,508,382,2
128639,17,494,378,2
128655,17,500,383,2
128672,17,489,395,2
128689,17,493,366,2
128705,17,494,384,2
128722,17,490,377,2
128739,17,494,383,2
128755,17,493,385,2
128772,17,495,384,2
128789,17,521,372,2
128805,17,556,390,2
128822,17,553,374,2
128838,17,556,372,2
128855,17,556,382,2
128872,17,559,381,2
128888,17,558,380,2
128905,17,560,385,2
128922,17,555,387,2
128938,17,559,381,2
128955,17,553,379,2
128972,17,557,388,2
128988,17,566,369,2
129005,17,565,369,2
129021,17,557,384,2
129038,17,564,390,2
129055,17,555,373,2
129071,17,558,381,2
129088,17,563,378,2
129105,17,554,386,2
129121,17,556,377,2
129138,17,554,379,2
129155,17,557,383,2
129171,17,561,384,2
129188,17,559,380,2
129204,17,558,387,2
129221,17,560,385,2
129238,17,553,379,2
129254,17,560,386,2
129271,17,567,370,2
129288,17,568,378,2
129304,17,648,370,2
129321,17,684,353,0
129338,17,687,369,2
129354,17,694,360,0
129371,17,688,356,0
129387,17,693,362,0
129404,17,689,347,0
129421,17,688,354,0
129437,17,693,345,0
129454,17,680,356,0
129471,17,686,366,2
129487,17,697,343,0
129504,17,697,350,0
129520,17,690,370,2
129537,17,692,362,0
129554,17,689,358,0
129570,17,678,365,2
129587,17,687,363,0
129604,17,687,343,0
129620,17,686,347,0
129637,17,692,355,0
129654,17,685,364,0
129670,17,687,352,0
129687,17,687,366,2
129703,17,689,369,2
129720,17,688,356,0
129737,17,695,364,0
129753,17,659,364,0
129770,17,573,368,2
129787,17,505,380,2
129803,17,511,373,2
129820,17,508,376,2
129837,17,535,372,2
129853,17,510,367,2
129870,17,512,386,2
129886,17,515,383,2
129903,17,515,377,2
129920,17,512,371,2
129936,17,511,380,2
129953,17,519,371,2
129970,17,516,386,2
129986,17,521,375,2
130003,17,569,386,2
130020,17,566,376,2
130036,17,568,362,4
130053,17,571,382,2
130069,17,571,375,2
130086,17,567,366,2
130103,17,569,372,2
130119,17,570,369,2
130136,17,570,378,2
130153,17,569,368,2
130169,17,573,377,2
130186,17,571,358,4
130203,17,571,372,2
130219,17,570,363,4
130236,17,570,365,2
130252,17,570,357,4
130269,17,572,360,4
130286,17,567,359,4
130302,17,535,363,4
130319,17,459,327,4
130336,17,450,337,4
130352,17,447,340,4
130369,17,453,330,4
130386,17,442,343,4
130402,17,445,349,4
130419,17,455,335,4
130435,17,442,340,4
130452,17,449,342,4
130469,17,447,347,4
130485,17,441,330,4
130502,17,450,345,4
130519,17,451,356,4
130535,17,441,338,4
130552,17,444,332,4
130568,17,447,336,4
130585,17,442,331,4
130602,17,447,328,4
130618,17,448,329,4
130635,17,453,331,4
130652,17,447,331,4
130668,17,440,330,4
130685,17,407,318,0
130702,17,374,280,0
130718,17,353,266,0
130735,17,372,261,0
130751,17,356,269,0
130768,17,355,267,0
130785,17,358,252,1
130801,17,356,257,1
130818,17,364,272,0
130835,17,362,246,1
130851,17,353,270,0
130868,17,360,232,1
130885,17,356,252,1
130901,17,353,251,1
130918,17,355,262,0
130934,17,356,267,0
130951,17,360,257,1
130968,17,361,280,0
130984,17,356,255,1
131001,17,361,257,1
131018,17,481,355,4
131034,17,523,412,2
131051,17,519,406,2
131068,17,537,403,2
131084,17,534,402,2
131101,17,532,407,2
131117,17,531,407,2
131134,17,531,405,2
131151,17,518,399,2
131167,17,530,412,2
131184,17,535,397,2
131201,17,533,415,2
131217,17,530,401,2
131234,17,534,406,2
131251,17,509,384,2
131267,17,533,395,2
131284,17,537,401,2
131300,17,534,404,2
131317,17,534,413,2
131334,17,537,412,2
131350,17,533,409,2
131367,17,538,415,2
131384,17,532,393,2
131400,17,530,406,2
131417,17,532,401,2
131434,17,531,400,2
131450,17,539,396,2
131467,17,507,399,2
131483,17,512,387,2
131500,17,515,383,2
131517,17,505,374,2
131533,17,511,387,2
131550,17,508,383,2
131567,17,505,382,2
131583,17,508,382,2
131600,17,504,387,2
131617,17,506,382,2
131633,17,515,385,2
131650,17,507,388,2
131666,17,510,386,2
131683,17,506,385,2
131700,17,504,375,2
131716,17,507,406,2
131733,17,505,393,2
131750,17,502,389,2
131766,17,504,404,2
131783,17,506,377,2
131799,17,501,383,2
131816,17,514,376,2
131833,17,512,386,2
131849,17,506,391,2
131866,17,506,395,2
131883,17,508,383,2
131899,17,507,387,2
131916,17,508,392,2
131933,17,513,386,2
131949,17,511,382,2
131966,17,509,378,2
131982,17,511,375,2
131999,17,506,377,2
132016,17,508,391,2
132032,17,512,388,2
132049,17,511,383,2
132066,17,511,380,2
132082,17,512,386,2
132099,17,514,378,2
132116,17,513,380,2
132132,17,509,386,2
132149,17,508,395,2
132165,17,508,373,2
132182,17,510,384,2
132199,17,508,386,2
132215,17,512,412,2
132232,17,509,384,2
132249,17,513,402,2
132265,17,512,382,2
132282,17,512,404,2
132299,17,519,404,2
132315,17,512,398,2
132332,17,513,391,2
132348,17,512,395,2
132365,17,515,391,2
132382,17,517,393,2
132398,17,522,389,2
132415,17,500,404,2
132432,17,525,415,2
132448,17,501,395,2
132465,17,510,390,2
132482,17,514,391,2
132498,17,510,404,2
132515,17,522,409,2
132531,17,524,354,4
132548,17,524,361,4
132565,17,521,347,4
132581,17,522,348,4
132598,17,523,356,4
132615,17,528,349,4
132631,17,523,353,4
132648,17,521,353,4
132665,17,523,360,4
132681,17,526,354,4
132698,17,525,360,4
132714,17,525,362,4
132731,17,528,352,4
132748,17,525,343,4
132764,17,528,356,4
132781,17,527,360,4
132798,17,528,339,4
132814,17,541,348,4
132831,17,571,325,4
132848,17,574,341,4
132864,17,576,341,4
132881,17,574,346,4
132897,17,572,348,4
132914,17,579,335,4
132931,17,572,346,4
132947,17,579,340,4
132964,17,573,356,4
132981,17,573,338,4
132997,17,579,339,4
133014,17,570,344,4
133030,17,571,334,4
133047,17,568,324,4
133064,17,577,337,4
133080,17,577,345,4
133097,17,573,344,4
133114,17,577,336,4
133130,17,575,350,4
133147,17,578,346,4
133164,17,575,351,4
133180,17,576,324,4
133197,17,578,358,4
133213,17,573,337,4
133247,33,554,506,3
133263,17,559,510,3
133280,17,559,524,3
133297,17,560,518,3
133313,17,554,505,3
133330,17,556,508,3
133347,17,554,497,3
133363,17,561,514,3
133380,17,551,506,3
133396,17,558,512,3
133413,17,556,509,3
133430,17,547,515,3
133446,17,552,509,3
133463,17,555,499,3
133480,17,541,535,3
133496,17,525,539,3
133513,17,528,534,3
133530,17,530,536,3
133546,17,521,548,3
133563,17,523,536,3
133579,17,530,548,3
133596,17,529,550,3
133613,17,528,538,3
133629,17,523,528,3
133646,17,521,541,3
133663,17,525,559,3
133679,17,523,535,3
133696,17,524,535,3
133713,17,517,543,3
133729,17,530,555,3
133746,17,525,547,3
133762,17,533,551,3
133779,17,523,535,3
133796,17,527,555,3
133812,17,526,535,3
133829,17,529,542,3
133846,17,521,546,3
133862,17,531,556,3
133879,17,525,540,3
133896,17,530,561,3
133912,17,525,558,3
133929,17,529,546,3
133945,17,505,523,3
133962,17,495,454,3
133979,17,489,454,3
133995,17,486,441,3
134012,17,493,471,3
134029,17,490,440,3
134045,17,491,457,3
134062,17,487,471,3
134078,17,486,459,3
134095,17,486,440,3
134112,17,487,456,3
134128,17,485,458,3
134145,17,494,462,3
134162,17,501,377,2
134178,17,511,373,2
134195,17,524,374,2
134212,17,523,366,2
134228,17,520,370,2
134245,17,523,354,4
134261,17,523,364,4
134278,17,522,356,4
134295,17,525,367,2
134311,17,524,362,4
134328,17,517,347,4
134345,17,524,353,4
134361,17,519,339,4
134378,17,526,358,4
134395,17,497,359,4
134411,17,476,359,4
134428,17,481,353,4
134444,17,475,364,4
134461,17,478,350,4
134478,17,469,347,4
134494,17,470,335,4
134511,17,476,347,4
134528,17,474,334,4
134544,17,468,352,4
134561,17,468,347,4
134578,17,468,342,4
134594,17,480,357,4
134611,17,466,322,4
134627,17,471,347,4
134644,17,468,342,4
134661,17,468,364,4
134677,17,469,361,4
134694,17,469,366,2
134711,17,478,356,4
134727,17,479,345,4
134744,17,477,332,4
134761,17,498,360,4
134777,17,542,357,4
134794,17,556,364,4
134810,17,555,359,4
134827,17,551,356,4
134844,17,546,389,2
134860,17,557,325,4
134894,33,558,354,4
134944,50,546,355,4
135958,1015,496,371,2
135975,17,498,363,4
135992,17,486,363,4
136008,17,485,335,4
136025,17,483,303,4
136041,17,483,357,4
136058,17,485,334,4
136175,116,490,401,2
136191,17,508,376,2
136208,17,489,395,2
136224,17,495,384,2
136241,17,496,370,2
136258,17,487,374,2
136274,17,485,417,5
136291,17,487,354,4
136308,17,484,356,4
136324,17,491,354,4
136341,17,497,393,2
136357,17,489,368,2
136374,17,499,374,2
136391,17,493,382,2
136407,17,493,396,2
136424,17,490,397,2
136441,17,496,388,2
136457,17,494,386,2
136474,17,496,391,2
136491,17,491,384,2
136507,17,493,376,2
136524,17,495,371,2
136540,17,491,384,2
136557,17,512,347,4
136574,17,514,343,4
136590,17,517,335,4
136607,17,513,322,4
136624,17,524,336,4
136640,17,521,340,4
136657,17,526,336,4
136674,17,519,329,4
136690,17,525,328,4
136707,17,522,340,4
136723,17,524,343,4
136740,17,524,352,4
136757,17,521,332,4
136773,17,523,339,4
136790,17,524,339,4
136807,17,513,391,2
136823,17,506,373,2
136840,17,510,397,2
136857,17,504,408,2
136873,17,505,383,2
136890,17,501,389,2
136906,17,501,386,2
136923,17,506,418,5
136940,17,513,384,2
136956,17,508,413,2
136973,17,511,421,5
136990,17,515,446,3
137006,17,512,441,3
137023,17,514,457,3
137040,17,521,473,3
137056,17,517,471,3
137073,17,516,452,3
137089,17,514,473,3
137106,17,518,467,3
137123,17,511,472,3
137139,17,510,473,3
137156,17,513,479,3
137173,17,510,454,3
137189,17,537,509,3
137206,17,518,511,3
137223,17,520,531,3
137239,17,523,532,3
137256,17,519,533,3
137272,17,516,521,3
137289,17,519,529,3
137306,17,520,534,3
137322,17,517,531,3
137339,17,522,534,3
137356,17,522,529,3
137372,17,521,530,3
137389,17,510,519,3
137406,17,525,489,3
137422,17,514,545,3
137439,17,520,547,3
137455,17,523,530,3
137472,17,511,521,3
137489,17,499,405,2
137505,17,513,355,4
137522,17,521,367,2
137539,17,533,363,4
137555,17,534,362,4
137572,17,529,355,4
137588,17,533,345,4
137605,17,536,359,4
137622,17,528,349,4
137638,17,528,356,4
137655,17,532,361,4
137672,17,526,348,4
137688,17,531,332,4
137705,17,531,336,4
137722,17,529,343,4
137738,17,518,343,4
137755,17,482,319,4
137771,17,457,313,4
137788,17,452,320,4
137805,17,452,328,4
137821,17,464,320,4
137838,17,463,321,4
137855,17,446,356,4
138304,449,463,321,4
138320,17,438,307,4
138337,17,439,308,4
138354,17,449,319,4
138370,17,451,355,4
138387,17,455,342,4
138404,17,452,339,4
138420,17,519,387,2
138437,17,515,387,2
138454,17,520,396,2
138470,17,522,404,2
138487,17,520,382,2
138503,17,526,383,2
138520,17,529,390,2
138537,17,527,394,2
138553,17,526,401,2
138570,17,528,389,2
138587,17,526,393,2
138603,17,530,379,2
138620,17,525,388,2
138636,17,528,394,2
138653,17,528,381,2
138670,17,526,379,2
138686,17,530,394,2
138703,17,533,381,2
138720,17,531,389,2
138736,17,509,406,2
138753,17,517,418,5
138770,17,512,420,5
138786,17,514,414,2
138803,17,512,414,2
138819,17,512,428,3
138836,17,514,415,2
138853,17,509,414,2
138869,17,504,428,3
138886,17,521,439,3
138903,17,504,423,3
138919,17,518,438,3
138936,17,516,435,3
138953,17,514,435,3
138969,17,509,443,3
138986,17,497,420,5
139002,17,504,349,4
139019,17,515,371,2
139036,17,505,355,4
139052,17,497,361,4
139069,17,507,361,4
139086,17,497,379,2
139102,17,498,378,2
139119,17,498,373,2
139136,17,496,380,2
139152,17,494,367,2
139169,17,496,385,2
139185,17,496,397,2
139202,17,495,376,2
139219,17,497,399,2
139235,17,496,394,2
139252,17,496,379,2
139269,17,495,373,2
139285,17,495,384,2
139302,17,501,394,2
139319,17,497,393,2
139335,17,516,457,3
139352,17,501,435,3
139368,17,513,471,3
139385,17,502,461,3
139402,17,501,452,3
139418,17,511,479,3
139435,17,496,456,3
139452,17,504,437,3
139468,17,502,455,3
139485,17,506,436,3
139502,17,503,449,3
139518,17,500,414,2
139535,17,497,444,3
139551,17,508,472,3
139568,17,527,800,0
139585,17,570,760,3
139601,17,626,853,0
139618,17,633,966,0
139668,50,602,916,0
139685,17,831,270,0
139701,17,483,574,3
139718,17,481,441,3
139734,17,486,368,2
139751,17,483,421,3
139768,17,478,410,2
139784,17,469,401,2
139801,17,477,403,2
139818,17,476,393,2
139834,17,481,415,2
139851,17,481,402,2
139867,17,473,390,2
139884,17,485,419,5
139901,17,487,396,2
139917,17,478,395,2
139934,17,484,401,2
139951,17,482,419,3
139967,17,479,401,2
139984,17,483,404,2
140001,17,485,409,2
140017,17,491,414,2
140034,17,480,410,2
140050,17,483,412,2
140067,17,488,405,2
140084,17,498,406,2
140100,17,490,396,2
140117,17,494,400,2
140134,17,492,396,2
140150,17,489,390,2
140167,17,494,407,2
140184,17,491,400,2
140200,17,488,400,2
140217,17,490,407,2
140233,17,489,392,2
140250,17,494,390,2
140267,17,491,407,2
140283,17,490,405,2
140300,17,488,392,2
140317,17,498,393,2
140333,17,491,390,2
140350,17,491,396,2
140367,17,497,405,2
140383,17,488,383,2
140400,17,496,399,2
140416,17,496,391,2
140433,17,499,404,2
140450,17,489,394,2
140466,17,489,400,2
140483,17,486,392,2
140500,17,494,382,2
140516,17,515,371,2
140533,17,521,369,2
140550,17,518,365,2
140566,17,511,379,2
140583,17,509,355,4
140599,17,517,387,2
140616,17,516,371,2
140633,17,519,363,4
140649,17,515,361,4
140666,17,518,366,2
140683,17,515,369,2
140699,17,509,370,2
140716,17,476,359,4
140733,17,476,352,4
140749,17,472,356,4
140766,17,476,362,4
140782,17,476,365,2
140799,17,478,362,4
140816,17,473,365,2
140832,17,475,367,2
140849,17,477,373,2
140866,17,476,370,2
140882,17,477,352,4
140899,17,487,366,2
140916,17,477,357,4
140932,17,485,364,4
140949,17,480,371,2
140965,17,480,349,4
140982,17,480,351,4
140999,17,484,357,4
141015,17,481,370,2
141032,17,565,468,3
141049,17,587,556,3
141065,17,624,637,3
141082,17,615,591,3
141098,17,618,604,3
141115,17,613,610,3
141132,17,620,641,3
141148,17,619,607,3
141165,17,624,642,3
141182,17,634,650,3
141198,17,633,655,3
141215,17,634,631,3
141232,17,638,667,3
141248,17,626,663,3
141265,17,625,650,3
141281,17,625,635,3
141298,17,619,661,3
141315,17,620,658,3
141331,17,622,658,3
141348,17,623,646,3
141365,17,624,656,3
141381,17,623,646,3
141398,17,611,594,3
141415,17,546,460,3
141431,17,526,410,2
141448,17,533,422,3
141464,17,525,414,2
141481,17,528,393,2
141498,17,524,416,2
141514,17,531,416,2
141531,17,526,396,2
141548,17,530,408,2
141564,17,526,419,5
141581,17,526,401,2
141598,17,526,416,2
141614,17,533,406,2
141631,17,529,401,2
141647,17,531,408,2
141664,17,525,393,2
141681,17,524,416,2
141697,17,526,394,2
141714,17,525,387,2
141731,17,525,416,2
141747,17,525,421,5
141764,17,522,423,3
141781,17,531,435,3
141797,17,531,418,5
141814,17,534,419,5
141830,17,530,402,2
141847,17,528,395,2
141864,17,529,421,5
141880,17,531,408,2
141897,17,529,426,3
141914,17,529,402,2
141930,17,527,401,2
141947,17,525,389,2
141964,17,525,395,2
141980,17,465,352,4
141997,17,473,368,2
142013,17,469,361,4
142030,17,470,382,2
142047,17,469,377,2
142063,17,467,373,2
142080,17,471,380,2
142097,17,472,371,2
142113,17,469,374,2
142130,17,471,397,2
142146,17,473,382,2
142163,17,474,362,4
142180,17,478,355,4
142196,17,465,355,4
142213,17,463,335,4
142246,33,493,341,4
142263,17,478,362,4
142280,17,483,373,2
142296,17,470,370,2
142313,17,465,368,2
142329,17,457,338,4
142346,17,458,315,4
142363,17,458,346,4
142379,17,494,339,4
142396,17,480,388,2
142413,17,40,255,0
142429,17,477,635,3
143228,798,615,786,0
143244,17,588,572,3
143261,17,535,405,2
143278,17,552,416,2
143294,17,546,425,3
143311,17,544,424,3
143328,17,541,415,2
143344,17,537,401,2
143361,17,545,404,2
143377,17,546,409,2
143394,17,554,405,2
143411,17,547,411,2
143427,17,541,414,2
143444,17,544,408,2
143461,17,539,406,2
143477,17,537,421,5
143494,17,549,438,3
143511,17,537,428,3
143527,17,557,426,3
143544,17,528,434,3
143560,17,524,396,2
143577,17,517,404,2
143594,17,519,401,2
143610,17,527,386,2
143627,17,523,392,2
143644,17,510,346,4
143660,17,571,517,3
143677,17,709,503,3
144292,615,487,381,2
144309,17,514,357,4
144326,17,492,367,2
144342,17,487,379,2
144359,17,505,381,2
144376,17,497,371,2
144392,17,499,376,2
144409,17,736,473,3
144425,17,495,386,2
144442,17,510,380,2
144459,17,493,373,2
144475,17,487,367,2
144492,17,506,373,2
144509,17,486,359,4
144525,17,490,373,2
144542,17,490,376,2
144559,17,487,372,2
144575,17,484,382,2
144592,17,489,370,2
144608,17,489,387,2
144625,17,491,394,2
144642,17,496,407,2
144658,17,492,393,2
144675,17,490,397,2
144692,17,487,383,2
144708,17,434,335,4
144725,17,436,348,4
144742,17,435,345,4
144758,17,435,351,4
144775,17,441,364,4
144791,17,440,359,4
144808,17,446,372,2
144825,17,439,365,2
144841,17,451,379,2
144858,17,440,363,4
144875,17,440,369,2
144891,17,439,338,4
144908,17,435,350,4
144925,17,433,360,4
144941,17,431,356,4
144958,17,324,422,3
144974,17,249,515,3
144991,17,200,581,3
145008,17,204,566,3
145024,17,198,585,3
145041,17,201,585,3
145058,17,196,587,3
145074,17,205,577,3
145091,17,206,583,3
145108,17,200,584,3
145124,17,218,576,3
145141,17,208,583,3
145157,17,211,579,3
145174,17,212,574,3
145191,17,213,582,3
145207,17,203,581,3
145224,17,212,597,3
145241,17,212,582,3
145257,17,174,646,3
145274,17,166,658,3
145291,17,175,647,3
145307,17,168,649,3
145324,17,173,666,3
145340,17,160,654,3
145357,17,174,650,3
145374,17,170,651,3
145390,17,160,646,3
145407,17,170,642,3
145424,17,177,648,3
145440,17,161,650,3
145457,17,162,638,3
145474,17,230,555,3
145490,17,356,467,3
145507,17,476,372,2
145523,17,530,389,2
145540,17,537,386,2
145557,17,532,366,2
145573,17,523,378,2
145590,17,529,367,2
145607,17,526,366,2
145623,17,514,391,2
145640,17,529,373,2
145656,17,521,368,2
145673,17,514,376,2
145690,17,516,369,2
145706,17,522,373,2
145723,17,530,383,2
145740,17,521,387,2
145756,17,521,385,2
145773,17,524,384,2
145790,17,521,381,2
145806,17,466,405,2
145823,17,348,458,3
145839,17,262,521,3
145856,17,204,576,3
145873,17,212,565,3
145889,17,203,566,3
145906,17,207,580,3
145923,17,211,576,3
145939,17,208,568,3
145956,17,227,557,3
145973,17,202,563,3
145989,17,210,568,3
146006,17,214,568,3
146022,17,207,569,3
146039,17,207,573,3
146056,17,187,635,3
146072,17,160,644,3
146089,17,161,637,3
146106,17,159,638,3
146122,17,151,639,3
146139,17,165,640,3
146156,17,154,636,3
146172,17,155,647,3
146189,17,159,635,3
146205,17,158,638,3
146222,17,162,633,3
146239,17,276,503,3
146255,17,401,460,3
146272,17,503,392,2
146289,17,505,402,2
146305,17,513,376,2
146322,17,517,384,2
146339,17,513,366,2
146355,17,516,370,2
146372,17,502,360,4
146388,17,515,366,2
146405,17,514,398,2
146422,17,509,372,2
146438,17,532,377,2
146455,17,518,391,2
146472,17,525,378,2
146488,17,515,372,2
146505,17,520,384,2
146522,17,517,363,4
146538,17,521,380,2
146555,17,507,362,4
146571,17,516,380,2
146588,17,528,382,2
146605,17,518,364,4
146621,17,520,379,2
146638,17,520,375,2
146655,17,524,369,2
146671,17,518,374,2
146688,17,521,381,2
146704,17,520,379,2
146721,17,484,358,4
146738,17,482,358,4
146754,17,477,353,4
146771,17,480,340,4
146788,17,482,359,4
146804,17,470,352,4
146821,17,470,338,4
146838,17,476,342,4
146854,17,475,343,4
146871,17,472,336,4
146887,17,468,340,4
146904,17,473,323,4
146921,17,462,351,4
146937,17,473,349,4
146954,17,474,323,4
146971,17,467,369,2
146987,17,470,358,4
147004,17,493,358,4
147021,17,476,344,4
147037,17,472,348,4
147054,17,454,345,4
147070,17,455,345,4
147087,17,448,325,4
147104,17,461,336,4
147120,17,453,335,4
147137,17,459,350,4
147154,17,452,328,4
147170,17,458,353,4
147187,17,456,337,4
147204,17,453,318,4
147220,17,456,347,4
147237,17,459,350,4
147253,17,453,333,4
147270,17,464,330,4
147287,17,490,343,4
147303,17,544,347,4
147320,17,553,341,4
147337,17,552,340,4
147353,17,553,349,4
147370,17,556,347,4
147387,17,556,351,4
147403,17,555,364,4
147420,17,553,358,4
147436,17,550,338,4
147453,17,555,353,4
147470,17,550,363,4
147486,17,551,338,4
147503,17,550,343,4
147520,17,560,369,2
147536,17,552,368,2
147553,17,557,357,4
147570,17,522,399,2
147586,17,526,390,2
147603,17,519,395,2
147619,17,521,409,2
147636,17,523,405,2
147653,17,519,405,2
147669,17,515,383,2
147686,17,520,392,2
147703,17,515,390,2
147719,17,512,395,2
147736,17,520,399,2
147753,17,516,399,2
147769,17,519,400,2
147786,17,520,396,2
147802,17,520,387,2
147819,17,520,395,2
147836,17,518,387,2
147852,17,522,400,2
147869,17,521,393,2
147886,17,520,395,2
147902,17,520,380,2
147919,17,523,395,2
147935,17,529,400,2
147952,17,529,420,5
147969,17,524,445,3
147985,17,571,498,3
148118,133,598,773,0
148135,17,507,440,3
148152,17,499,389,2
148168,17,505,397,2
148185,17,508,379,2
148202,17,498,380,2
148218,17,508,378,2
148235,17,507,393,2
148252,17,501,374,2
148268,17,501,389,2
148285,17,492,359,4
148301,17,495,379,2
148318,17,500,389,2
148335,17,496,374,2
148351,17,502,374,2
148368,17,489,361,4
148385,17,489,373,2
148401,17,496,386,2
148418,17,490,381,2
148435,17,495,371,2
148451,17,488,373,2
148468,17,499,385,2
148484,17,491,373,2
148501,17,492,364,4
148518,17,498,385,2
148534,17,493,372,2
148551,17,490,381,2
148568,17,490,363,4
148584,17,498,375,2
148601,17,538,366,2
148618,17,532,368,2
148634,17,530,358,4
148651,17,534,364,4
148667,17,534,367,2
148684,17,543,357,4
148701,17,537,380,2
148717,17,542,348,4
148734,17,537,370,2
148751,17,540,369,2
148767,17,541,371,2
148784,17,543,370,2
148801,17,538,370,2
148817,17,535,359,4
148834,17,549,374,2
148850,17,558,362,4
148867,17,559,357,4
148884,17,568,363,4
148900,17,570,365,2
148917,17,565,357,4
148934,17,564,341,4
148950,17,571,363,4
148967,17,571,357,4
148983,17,565,357,4
149000,17,568,343,4
149017,17,568,345,4
149033,17,566,329,4
149050,17,564,355,4
149067,17,565,345,4
149083,17,567,345,4
149100,17,568,346,4
149117,17,567,329,4
149133,17,562,337,4
149150,17,566,344,4
149166,17,563,332,4
149183,17,563,351,4
149200,17,566,341,4
149216,17,566,334,4
149233,17,567,338,4
149250,17,563,333,4
149266,17,563,348,4
149283,17,560,345,4
149300,17,560,341,4
149316,17,502,339,4
149333,17,490,352,4
149349,17,490,349,4
149366,17,489,344,4
149383,17,497,351,4
149399,17,492,348,4
149416,17,490,332,4
149433,17,496,329,4
149449,17,494,362,4
149466,17,496,345,4
149483,17,499,344,4
149499,17,499,362,4
149516,17,490,342,4
149532,17,497,348,4
149549,17,493,351,4
149566,17,491,367,2
149582,17,498,363,4
149599,17,496,359,4
149616,17,495,357,4
149632,17,503,378,2
149649,17,572,371,2
149666,17,618,358,0
149682,17,617,363,0
149699,17,622,355,0
149715,17,616,370,2
149732,17,617,363,0
149749,17,619,365,2
149765,17,621,382,2
149782,17,621,364,0
149799,17,625,378,2
149815,17,624,341,0
149832,17,633,343,0
149849,17,623,326,0
149865,17,625,328,0
149882,17,613,347,0
149898,17,619,414,2
149915,17,629,464,3
149932,17,634,469,3
149948,17,183,196,0
149965,17,741,451,3
149982,17,805,575,3
149998,17,418,514,3
150015,17,834,649,3
150032,17,842,605,3
150048,17,798,584,3
150630,582,157,526,3
153458,2828,104,292,0
153475,17,342,261,0
153492,17,339,274,0
153508,17,357,326,0
153525,17,309,241,0
153558,33,478,267,0
153575,17,237,205,0
153591,17,269,209,0
153608,17,235,225,0
153625,17,231,195,0
153641,17,231,208,0
153658,17,288,203,0
153708,50,229,218,0
153724,17,242,226,0
153741,17,279,344,0
153774,33,236,191,0
153791,17,310,273,0
153808,17,462,291,4
153824,17,556,424,3
153841,17,803,582,3
153874,33,659,625,3
153891,17,652,514,3
153907,17,342,381,2
153924,17,328,466,3
153941,17,638,558,3
153957,17,709,583,3
153974,17,226,423,3
154007,33,724,530,3
154024,17,767,469,3
154041,17,801,555,3
154057,17,761,555,3
154074,17,798,525,3
154090,17,850,627,3
154107,17,505,422,3
154124,17,495,410,2
154140,17,487,508,3
154157,17,780,563,3
154174,17,554,456,3
154190,17,498,466,3
154207,17,448,456,3
154240,33,500,524,3
154257,17,775,567,3
154273,17,439,509,3
154290,17,775,546,3
154307,17,772,580,3
154323,17,436,434,3
154340,17,919,674,3
154357,17,461,453,3
154373,17,443,544,3
154390,17,453,413,2
154407,17,740,585,3
154423,17,431,442,3
154440,17,714,567,3
154456,17,719,567,3
154523,67,719,590,3
154556,33,734,556,3
154573,17,750,554,3
154590,17,764,549,3
154606,17,763,534,3
154623,17,325,485,3
154639,17,719,545,3
154656,17,681,551,3
154673,17,713,551,3
154689,17,670,552,3
154706,17,668,564,3
154723,17,673,569,3
154739,17,668,547,3
154756,17,923,484,3
154772,17,691,543,3
154822,50,871,531,3
154839,17,649,560,3
154856,17,692,544,3
154872,17,370,557,3
154889,17,638,562,3
154939,50,893,750,3
154955,17,663,579,3
154972,17,383,435,3
154989,17,767,561,3
155005,17,555,502,3
155022,17,568,511,3
155039,17,903,566,3
155055,17,813,577,3
155072,17,820,579,3
155089,17,845,541,3
155105,17,819,543,3
155122,17,815,561,3
155138,17,813,572,3
155155,17,821,566,3
155172,17,840,566,3
155188,17,785,568,3
155205,17,794,576,3
155222,17,812,568,3
155238,17,822,539,3
155255,17,588,486,3
155272,17,800,563,3
155288,17,817,572,3
155305,17,721,293,0
155321,17,871,574,3
155338,17,623,503,3
155355,17,797,586,3
155371,17,841,571,3
155388,17,902,566,3
155405,17,858,584,3
155421,17,836,582,3
155438,17,871,551,3
155455,17,821,573,3
155488,33,842,584,3
155504,17,860,545,3
155521,17,828,588,3
155538,17,620,449,3
155554,17,599,456,3
155571,17,853,558,3
155588,17,755,515,3
155604,17,349,441,3
155621,17,518,420,5
155654,33,521,447,3
155671,17,486,395,2
155687,17,499,457,3
155704,17,486,402,2
155721,17,479,397,2
155737,17,490,440,3
155754,17,475,395,2
155771,17,502,410,2
155787,17,480,408,2
155804,17,484,401,2
155821,17,464,443,3
155837,17,483,404,2
155854,17,487,429,3
155870,17,869,335,0
155887,17,582,908,0
155904,17,679,418,3
155970,67,201,516,3
155987,17,504,507,3
156003,17,505,382,2
156020,17,502,403,2
156037,17,501,385,2
156053,17,504,383,2
156070,17,505,397,2
156087,17,503,392,2
156103,17,497,418,5
156120,17,502,388,2
156137,17,493,433,3
156153,17,502,395,2
156170,17,502,398,2
156186,17,504,412,2
156203,17,473,390,2
156220,17,482,394,2
156236,17,481,408,2
156253,17,482,400,2
156270,17,486,414,2
156286,17,474,396,2
156303,17,476,414,2
156320,17,485,405,2
156336,17,484,413,2
156353,17,479,409,2
156369,17,480,402,2
156386,17,686,316,0
156403,17,477,396,2
156419,17,480,408,2
156436,17,482,402,2
156453,17,487,406,2
156469,17,482,410,2
156486,17,478,397,2
156503,17,475,400,2
156519,17,505,432,3
156536,17,484,452,3
156552,17,483,421,3
156569,17,482,405,2
156586,17,489,445,3
156602,17,506,414,2
156619,17,481,405,2
156636,17,491,399,2
156652,17,484,401,2
156669,17,483,397,2
156686,17,490,397,2
156702,17,494,412,2
156719,17,487,410,2
156735,17,485,394,2
156752,17,487,407,2
156769,17,489,420,5
156785,17,493,429,3
156802,17,484,393,2
156819,17,207,319,0
156835,17,476,380,2
156852,17,480,404,2
156869,17,470,388,2
156885,17,474,388,2
156902,17,479,404,2
156918,17,473,383,2
156935,17,429,320,4
156952,17,400,302,0
156968,17,404,282,0
156985,17,389,267,0
157002,17,390,268,0
157018,17,392,295,0
157035,17,396,288,0
157051,17,401,283,0
157068,17,398,295,0
157085,17,396,282,0
157101,17,393,276,0
157118,17,392,300,0
157135,17,394,285,0
157151,17,399,246,1
157168,17,416,631,3
157251,83,451,430,3
157268,17,445,252,1
157284,17,444,304,4
157301,17,450,307,4
157318,17,456,319,4
157334,17,443,319,4
157351,17,443,337,4
157368,17,444,328,4
157384,17,455,312,4
157401,17,451,299,4
157417,17,450,311,4
157434,17,452,327,4
157451,17,447,311,4
157467,17,447,315,4
157484,17,450,463,3
157501,17,466,329,4
157517,17,452,424,3
157534,17,441,331,4
157551,17,459,323,4
157567,17,470,383,2
157584,17,465,367,2
157600,17,470,392,2
157617,17,466,406,2
157634,17,467,378,2
157650,17,471,386,2
157667,17,669,363,0
157684,17,464,400,2
157700,17,471,394,2
157717,17,472,408,2
157734,17,466,384,2
157750,17,685,377,2
157767,17,426,313,4
157783,17,402,267,0
157800,17,412,280,0
157817,17,155,366,0
157833,17,421,432,3
157850,17,402,266,0
157867,17,411,280,0
157883,17,404,274,0
157900,17,405,285,0
157917,17,401,275,0
157933,17,405,277,0
157950,17,404,276,0
157966,17,403,280,0
157983,17,406,280,0
158000,17,409,274,0
158016,17,364,260,0
158033,17,366,268,0
158050,17,359,267,0
158066,17,357,245,1
158083,17,359,271,0
158100,17,365,255,1
158116,17,363,255,1
158133,17,355,248,1
158149,17,356,256,1
158166,17,357,249,1
158183,17,363,265,0
158199,17,355,257,1
158216,17,350,250,1
158233,17,352,251,1
158249,17,308,354,0
158266,17,262,423,3
158282,17,258,438,3
158299,17,247,447,3
158316,17,251,433,3
158332,17,256,437,3
158349,17,254,429,3
158366,17,250,446,3
158382,17,252,432,3
158399,17,254,429,3
158416,17,250,424,3
158432,17,257,448,3
158449,17,258,442,3
158465,17,247,423,3
158482,17,248,446,3
158499,17,248,431,3
158515,17,251,442,3
158532,17,249,424,3
158549,17,237,419,3
158565,17,244,438,3
158582,17,255,440,3
158599,17,248,429,3
158615,17,246,413,2
158632,17,244,426,3
158648,17,257,435,3
158665,17,256,431,3
158682,17,255,436,3
158698,17,251,428,3
158715,17,246,422,3
158732,17,254,442,3
158748,17,254,439,3
158765,17,249,421,3
158782,17,247,419,3
158798,17,259,425,3
158815,17,261,409,2
158831,17,256,425,3
158848,17,282,417,2
158865,17,253,418,3
158881,17,252,420,3
158898,17,284,431,3
158915,17,254,442,3
158931,17,323,466,3
158948,17,351,462,3
158965,17,355,479,3
158981,17,358,477,3
158998,17,350,467,3
159014,17,361,478,3
159031,17,368,480,3
159048,17,364,471,3
159064,17,366,472,3
159081,17,363,480,3
159098,17,365,489,3
159114,17,365,466,3
159131,17,355,481,3
159148,17,365,480,3
159164,17,344,452,3
159181,17,362,482,3
159197,17,350,464,3
159214,17,361,472,3
159231,17,348,471,3
159247,17,364,468,3
159264,17,394,440,3
159281,17,471,435,3
159297,17,497,407,2
159314,17,497,407,2
159330,17,493,396,2
159347,17,492,420,5
159364,17,494,400,2
159380,17,494,401,2
159397,17,494,398,2
159414,17,500,413,2
159430,17,494,393,2
159447,17,499,407,2
159464,17,495,401,2
159480,17,498,404,2
159497,17,496,400,2
159513,17,493,386,2
159530,17,495,392,2
159547,17,494,395,2
159563,17,497,404,2
159580,17,503,404,2
159597,17,504,412,2
159613,17,500,424,3
159630,17,503,405,2
159647,17,497,397,2
159663,17,499,398,2
159680,17,505,413,2
159696,17,498,402,2
159713,17,484,405,2
159730,17,491,398,2
159746,17,494,395,2
159763,17,486,404,2
159780,17,490,407,2
159796,17,486,412,2
159813,17,487,406,2
159830,17,492,407,2
159846,17,490,399,2
159863,17,491,401,2
159879,17,489,400,2
159896,17,502,405,2
159913,17,491,404,2
159929,17,491,408,2
159946,17,499,408,2
159963,17,492,409,2
159979,17,480,405,2
159996,17,493,401,2
160013,17,493,395,2
160029,17,497,398,2
160046,17,493,400,2
160062,17,507,406,2
160079,17,499,400,2
160096,17,505,411,2
160112,17,502,403,2
160129,17,485,405,2
160146,17,488,405,2
160162,17,500,397,2
160179,17,499,415,2
160196,17,499,404,2
160212,17,489,401,2
160229,17,500,390,2
160245,17,493,397,2
160262,17,495,392,2
160279,17,501,406,2
160295,17,495,397,2
160312,17,500,397,2
160329,17,493,379,2
160345,17,501,404,2
160362,17,492,415,2
160379,17,501,389,2
160395,17,504,412,2
160412,17,495,400,2
160428,17,496,401,2
160445,17,499,400,2
160462,17,500,401,2
160478,17,492,387,2
160495,17,498,400,2
160512,17,494,410,2
160528,17,501,403,2
160545,17,502,398,2
160561,17,501,404,2
160578,17,503,408,2
160595,17,493,380,2
160611,17,495,404,2
160628,17,490,399,2
160645,17,493,391,2
160661,17,500,394,2
160678,17,501,396,2
160695,17,500,406,2
160711,17,494,385,2
160728,17,493,393,2
160744,17,498,399,2
160761,17,498,396,2
160778,17,501,403,2
160794,17,487,370,2
160811,17,487,361,4
160828,17,481,375,2
160844,17,483,384,2
160861,17,482,377,2
160878,17,489,372,2
160894,17,484,357,4
160911,17,483,365,2
160927,17,491,359,4
160944,17,491,362,4
160961,17,486,365,2
160977,17,490,357,4
160994,17,479,358,4
161011,17,458,348,4
161027,17,451,334,4
161044,17,454,333,4
161061,17,452,340,4
161077,17,469,329,4
161094,17,456,347,4
161110,17,464,358,4
161127,17,452,352,4
161144,17,458,352,4
161160,17,455,342,4
161177,17,457,346,4
161194,17,459,335,4
161210,17,453,348,4
161227,17,343,405,2
161244,17,261,479,3
161260,17,201,544,3
161277,17,198,541,3
161293,17,187,545,3
161310,17,194,547,3
161327,17,189,551,3
161343,17,191,547,3
161360,17,189,548,3
161377,17,193,549,3
161393,17,203,551,3
161410,17,197,551,3
161427,17,187,553,3
161443,17,191,542,3
161460,17,192,551,3
161476,17,191,558,3
161493,17,162,626,3
161510,17,166,632,3
161526,17,163,628,3
161543,17,163,636,3
161560,17,166,634,3
161576,17,168,641,3
161593,17,165,641,3
161610,17,157,635,3
161626,17,164,631,3
161643,17,161,638,3
161659,17,168,636,3
161676,17,150,639,3
161693,17,161,646,3
161709,17,164,634,3
161743,33,166,648,3
161759,17,156,635,3
161776,17,165,639,3
161792,17,167,639,3
161809,17,168,634,3
161826,17,167,641,3
161842,17,173,634,3
161859,17,130,640,3
161876,17,143,639,3
161892,17,142,636,3
161909,17,148,636,3
161926,17,146,634,3
161942,17,123,641,3
161959,17,148,638,3
161975,17,140,636,3
161992,17,143,633,3
162009,17,125,633,3
162025,17,125,635,3
162042,17,128,639,3
162059,17,150,634,3
162075,17,135,632,3
162092,17,152,644,3
162109,17,154,638,3
162125,17,126,638,3
162142,17,130,643,3
162158,17,146,639,3
162175,17,122,624,3
162192,17,147,629,3
162208,17,134,640,3
162225,17,132,633,3
162242,17,143,645,3
162258,17,136,633,3
162275,17,127,643,3
162292,17,93,638,3
162308,17,140,645,3
162325,17,119,657,3
162341,17,135,655,3
162358,17,117,659,3
162375,17,112,662,3
162391,17,133,648,3
162408,17,135,660,3
162425,17,113,661,3
162441,17,122,664,3
162458,17,130,667,3
162475,17,110,658,3
162491,17,119,663,3
162508,17,115,658,3
162524,17,114,655,3
162541,17,105,647,3
162558,17,140,655,3
162574,17,129,650,3
162591,17,144,661,3
162608,17,110,661,3
162624,17,163,616,3
162641,17,272,519,3
162658,17,353,484,3
162674,17,431,426,3
162691,17,452,421,3
162707,17,455,417,2
162724,17,449,416,2
162741,17,453,409,2
162757,17,459,405,2
162774,17,454,423,3
162791,17,465,406,2
162807,17,452,413,2
162824,17,455,411,2
162840,17,458,426,3
162857,17,458,411,2
162874,17,451,398,2
162890,17,442,419,3
162907,17,454,413,2
162924,17,492,374,2
162940,17,500,380,2
162957,17,498,380,2
162974,17,492,378,2
162990,17,509,358,4
163007,17,502,364,4
163023,17,504,372,2
163040,17,506,373,2
163057,17,500,375,2
163073,17,506,380,2
163090,17,490,377,2
163107,17,490,363,4
163123,17,493,362,4
163140,17,500,359,4
163157,17,503,367,2
163173,17,511,359,4
163190,17,513,375,2
163206,17,504,355,4
163223,17,507,368,2
163240,17,502,365,2
163256,17,500,360,4
163273,17,504,385,2
163290,17,507,372,2
163306,17,529,397,2
163323,17,520,381,2
163340,17,524,378,2
163389,0,525,380,2
163389,50,525,380,2
163406,17,526,378,2
163423,17,525,384,2
163439,17,523,384,2
163456,17,525,361,4
163473,17,530,389,2
163489,17,525,372,2
163506,17,527,394,2
163523,17,525,376,2
163539,17,524,379,2
163556,17,526,380,2
163572,17,527,382,2
163589,17,524,381,2
163606,17,528,381,2
163622,17,526,374,2
163639,17,523,390,2
163656,17,523,372,2
163672,17,524,380,2
163689,17,522,377,2
163706,17,524,379,2
163722,17,514,401,2
163739,17,502,403,2
163755,17,500,413,2
163772,17,500,424,3
163789,17,503,419,5
163805,17,500,407,2
163822,17,498,405,2
163839,17,499,406,2
163855,17,499,414,2
163872,17,499,419,5
163889,17,500,410,2
163905,17,500,385,2
163922,17,499,401,2
163938,17,509,405,2
163955,17,506,391,2
163972,17,502,390,2
163988,17,500,402,2
164005,17,502,380,2
164022,17,497,388,2
164038,17,501,386,2
164055,17,501,391,2
164071,17,505,390,2
164088,17,501,393,2
164105,17,497,382,2
164121,17,506,398,2
164138,17,502,375,2
164155,17,507,387,2
164171,17,507,369,2
164188,17,507,392,2
164205,17,507,381,2
164221,17,508,396,2
164238,17,505,398,2
164254,17,501,371,2
164271,17,507,390,2
164288,17,502,392,2
164304,17,503,371,2
164321,17,506,387,2
164338,17,507,377,2
164354,17,504,395,2
164371,17,504,388,2
164388,17,508,414,2
164404,17,507,388,2
164421,17,502,399,2
164437,17,503,394,2
164454,17,511,386,2
164471,17,505,384,2
164487,17,505,410,2
164504,17,505,419,5
164521,17,508,389,2
164537,17,506,392,2
164554,17,500,380,2
164571,17,504,386,2
164587,17,506,394,2
164604,17,503,408,2
164620,17,502,399,2
164637,17,506,410,2
164654,17,508,399,2
164670,17,504,398,2
164687,17,512,399,2
164704,17,506,384,2
164720,17,505,397,2
164737,17,506,386,2
164754,17,503,406,2
164770,17,505,385,2
164787,17,508,382,2
164803,17,507,376,2
164820,17,499,391,2
164837,17,487,377,2
164853,17,493,395,2
164870,17,493,377,2
164887,17,488,391,2
164903,17,491,385,2
164920,17,493,386,2
164937,17,487,389,2
164953,17,493,394,2
164970,17,488,388,2
164986,17,490,379,2
165003,17,491,378,2
165020,17,493,381,2
165036,17,489,384,2
165053,17,491,383,2
165070,17,491,378,2
165086,17,492,386,2
165103,17,501,377,2
165119,17,489,377,2
165136,17,491,378,2
165153,17,489,377,2
165169,17,493,367,2
165186,17,496,381,2
165203,17,489,380,2
165219,17,497,388,2
165236,17,493,387,2
165253,17,487,388,2
165269,17,489,384,2
165286,17,495,382,2
165302,17,501,388,2
165319,17,489,371,2
165336,17,497,386,2
165352,17,492,382,2
165369,17,494,370,2
165386,17,494,401,2
165402,17,489,370,2
165419,17,490,403,2
165436,17,490,372,2
165452,17,518,371,2
165469,17,626,389,2
165485,17,705,415,2
165502,17,764,400,2
165519,17,746,428,3
165535,17,751,413,2
165552,17,740,406,2
165569,17,759,418,3
165585,17,743,408,2
165602,17,746,421,3
165619,17,751,415,2
165635,17,744,408,2
165652,17,744,416,2
165668,17,748,433,3
165685,17,750,426,3
165702,17,749,418,3
165718,17,755,417,2
165735,17,755,417,2
165752,17,756,423,3
165768,17,753,412,2
165785,17,752,425,3
165802,17,750,419,3
165818,17,746,427,3
165835,17,750,427,3
165851,17,748,428,3
165868,17,742,418,3
165885,17,755,421,3
165901,17,754,415,2
165918,17,747,415,2
165935,17,743,426,3
165951,17,747,431,3
165968,17,748,420,3
165985,17,757,418,3
166001,17,803,449,3
166018,17,935,594,3
168114,2096,350,0,0
170543,2429,716,34,0
171374,832,1,497,3
172555,1181,169,687,3
173986,1431,548,1,0
176248,2262,284,521,3
176282,33,308,430,3
176465,183,389,715,3
176564,100,152,856,0
176581,17,280,303,0
176614,33,114,671,3
176631,17,236,650,3
176797,166,162,683,3
176831,33,155,705,3
176947,116,196,664,3
176964,17,189,251,0
177197,233,287,727,3
177230,33,368,623,3
177912,682,759,620,3
177945,33,434,203,1
177978,33,451,278,0
178095,116,181,401,0
178394,299,307,727,3
178428,33,308,724,3
178477,50,321,741,3
178611,133,336,764,3
178627,17,356,735,3
178727,100,755,946,0
178993,266,996,523,3
179243,250,372,373,2
179259,17,351,284,0
179342,83,161,547,3
179392,50,532,294,4
179426,33,44,125,0
179492,67,245,428,3
179525,33,218,445,3
179609,83,250,564,3
179692,83,665,542,3
179858,166,109,366,0
179908,50,123,214,0
179975,67,130,111,0
179991,17,231,962,0
180024,33,735,755,3
180207,183,703,222,1
180640,433,920,119,0
181056,416,523,390,2
181156,100,777,832,0
181189,33,918,136,0
181272,83,235,356,0
181289,17,818,253,0
183717,2429,743,905,0
184516,798,422,384,2
185830,1314,613,184,1
186013,183,73,594,3
187277,1264,367,349,0
188475,1198,1336,1002,0
188641,166,1054,326,0
188808,166,203,561,3
188941,133,1380,888,0
189141,200,537,420,5
190172,1031,291,132,0
190388,216,451,124,0
190505,116,575,115,0
190754,250,405,196,1
191203,449,208,174,0
191303,100,1273,440,0
191935,632,137,394,0
191968,33,95,359,0
192102,133,198,440,3
192201,100,190,341,0
192285,83,192,113,0
192301,17,98,221,0
192318,17,185,126,0
192334,17,162,466,3
192784,449,52,72,0
193249,466,120,662,3
193299,50,308,669,3
193316,17,294,428,3
193382,67,251,764,3
193549,166,814,531,3
193798,250,257,633,3
193915,116,1226,702,0
193931,17,411,639,3
194015,83,462,874,0
194347,333,1140,696,0
194364,17,1913,978,0
194480,116,445,698,3
194913,433,226,804,0
195146,233,343,663,3
195162,17,1652,1074,0
195196,33,1060,367,0
195229,33,1855,908,0
195329,100,382,636,3
195362,33,414,590,3
195412,50,1510,258,0
195445,33,386,614,3
195512,67,269,721,3
195528,17,452,348,4
195545,17,263,620,3
195562,17,205,651,3
195578,17,276,640,3
195595,17,270,742,3
195628,33,71,503,3
195645,17,392,623,3
195711,67,283,631,3
195761,50,956,583,3
195844,83,1610,771,0
196094,250,466,428,3
196127,33,1733,792,0
196177,50,458,390,2
196460,283,278,306,0
196560,100,347,79,0
196576,17,299,379,2
196660,83,269,368,2
196793,133,812,733,3
196843,50,795,753,3
196859,17,465,320,4
196909,50,437,382,2
196959,50,787,761,3
196992,33,542,773,0
197026,33,417,620,3
197109,83,688,488,3
197358,250,520,960,0
197375,17,631,814,0
197658,283,532,648,3
197691,33,540,651,3
197724,33,630,180,1
197741,17,342,536,3
197757,17,773,140,0
197774,17,391,642,3
197791,17,810,803,0
197807,17,451,570,3
197841,33,438,617,3
197924,83,1440,362,0
198024,100,844,246,0
198140,116,761,943,0
198157,17,771,750,3
198207,50,794,770,0
198240,33,215,58,0
198306,67,1358,867,0
198340,33,566,450,3
198356,17,700,375,2
198373,17,377,879,0
198406,33,85,97,0
198439,33,1133,326,0
198506,67,1594,359,0
198523,17,157,62,0
198539,17,569,522,3
198656,116,691,416,2
198789,133,418,204,1
198805,17,398,390,2
198839,33,416,851,0
198922,83,359,787,0
198972,50,386,726,3
199005,33,425,911,0
199038,33,954,952,0
199072,33,450,925,0
199088,17,377,901,0
199155,67,260,173,0
199171,17,331,209,1
199221,50,401,889,0
199288,67,355,203,1
199305,17,302,220,0
199454,150,1424,907,0
199521,67,230,315,0
199537,17,260,440,3
199554,17,310,299,0
199571,17,275,395,2
199587,17,347,149,1
199604,17,248,339,0
199654,50,216,212,0
199687,33,181,375,0
199754,67,209,243,0
199804,50,194,372,2
199820,17,206,291,0
199837,17,165,251,0
199853,17,236,322,0
199870,17,193,257,0
199903,33,216,425,3
199937,33,215,394,2
199970,33,403,344,0
200053,83,193,342,0
200086,33,270,299,0
200120,33,193,190,0
200619,499,31,522,3
201168,549,1241,566,0
201301,133,1230,668,0
201367,67,1466,620,0
201517,150,192,299,0
201550,33,372,428,3
201567,17,274,348,0
201584,17,1079,577,0
201617,33,41,503,3
201633,17,434,706,3
201700,67,12,465,3
201783,83,1547,1063,0
201966,183,482,796,0
201983,17,442,588,3
202049,67,380,696,3
202132,83,394,375,2
202332,200,581,381,2
202365,33,475,745,3
202432,67,455,604,3
202482,50,450,170,1
202498,17,363,707,3
202648,150,332,317,0
202681,33,387,404,2
202698,17,355,748,3
202765,67,291,568,3
202781,17,412,640,3
202815,33,379,332,0
202831,17,382,661,3
202848,17,499,780,0
202931,83,591,654,3
202948,17,315,446,3
202964,17,182,391,0
202981,17,327,492,3
202998,17,221,440,3
203014,17,310,596,3
203081,67,609,789,0
203097,17,373,410,2
203164,67,263,418,3
203214,50,351,501,3
203297,83,273,295,0
203413,116,108,410,0
203447,33,10,358,0
203497,50,251,129,0
203513,17,132,284,0
203530,17,366,1008,0
203546,17,374,488,3
203646,100,730,272,0
203713,67,392,355,0
