Time (ms),Timegap (ms),Gaze X,Gaze Y,AOI
0,0,776,845,0
17,17,788,842,0
33,17,789,837,0
50,17,781,843,0
67,17,788,844,0
83,17,783,840,0
100,17,794,836,0
116,17,793,841,0
133,17,787,841,0
150,17,784,845,0
166,17,782,842,0
183,17,789,840,0
200,17,794,830,0
383,183,1076,890,0
399,17,1022,824,0
416,17,1046,559,0
433,17,1047,562,0
449,17,1043,672,0
466,17,1043,670,0
482,17,1045,672,0
499,17,1038,678,0
516,17,1038,669,0
532,17,1064,687,0
549,17,1046,685,0
566,17,1060,675,0
582,17,1055,684,0
599,17,1051,681,0
615,17,1059,675,0
632,17,1055,689,0
649,17,1051,684,0
665,17,1042,685,0
682,17,1053,684,0
699,17,1056,679,0
715,17,1050,680,0
732,17,1048,671,0
749,17,1046,677,0
765,17,1039,678,0
782,17,1044,680,0
798,17,1031,857,0
1264,466,800,97,0
1281,17,646,349,0
1298,17,542,410,2
1314,17,542,427,3
1331,17,539,440,3
1347,17,534,431,3
1364,17,537,442,3
1381,17,537,442,3
1397,17,536,426,3
1414,17,539,441,3
1431,17,540,442,3
1447,17,539,444,3
1464,17,492,414,2
1481,17,482,399,2
1497,17,478,388,2
1514,17,473,391,2
1530,17,476,412,2
1547,17,483,397,2
1564,17,472,397,2
1580,17,474,393,2
1597,17,472,390,2
1614,17,475,391,2
1630,17,478,403,2
1647,17,476,401,2
1664,17,473,396,2
1680,17,476,392,2
1697,17,462,399,2
1713,17,440,412,2
1730,17,441,389,2
1747,17,450,393,2
1763,17,436,409,2
1780,17,448,406,2
1797,17,442,389,2
1813,17,441,401,2
1830,17,451,400,2
1846,17,443,402,2
1863,17,444,405,2
1880,17,443,397,2
1896,17,450,406,2
1913,17,444,397,2
1930,17,445,399,2
1946,17,472,383,2
1963,17,574,345,4
1980,17,611,340,4
1996,17,622,316,0
2013,17,625,335,0
2029,17,619,346,0
2046,17,571,337,4
2063,17,574,356,4
2079,17,565,331,4
2096,17,566,351,4
2113,17,571,353,4
2129,17,572,346,4
2146,17,569,352,4
2163,17,578,346,4
2179,17,609,384,2
2196,17,614,352,0
2212,17,613,355,0
2229,17,613,370,2
2246,17,616,352,0
2262,17,614,363,0
2279,17,624,337,0
2296,17,560,334,4
2312,17,539,353,4
2329,17,540,352,4
2346,17,543,334,4
2362,17,541,352,4
2379,17,539,358,4
2395,17,540,371,2
2412,17,538,359,4
2429,17,541,340,4
2445,17,540,354,4
2462,17,538,366,2
2562,100,490,568,3
2578,17,537,311,4
2595,17,535,372,2
2612,17,537,349,4
2628,17,538,379,2
2645,17,529,361,4
2662,17,531,368,2
2678,17,538,378,2
2695,17,532,336,4
2712,17,534,340,4
2728,17,534,375,2
2745,17,542,344,4
2761,17,537,369,2
2778,17,539,374,2
2795,17,542,360,4
2811,17,540,349,4
2828,17,535,385,2
2845,17,534,374,2
2861,17,541,372,2
2878,17,535,355,4
2894,17,542,379,2
3077,183,529,517,3
3094,17,572,295,4
3111,17,580,359,4
3127,17,573,363,4
3144,17,577,363,4
3161,17,576,358,4
3177,17,585,339,4
3194,17,579,344,4
3211,17,576,347,4
3227,17,583,331,4
3244,17,585,351,4
3260,17,581,361,4
3277,17,573,364,4
3294,17,523,370,2
3310,17,495,363,4
3327,17,502,363,4
3344,17,496,360,4
3360,17,504,368,2
3377,17,498,363,4
3394,17,496,363,4
3410,17,508,349,4
3427,17,501,359,4
3443,17,504,370,2
3460,17,498,373,2
3477,17,509,359,4
3493,17,499,360,4
3510,17,502,354,4
3527,17,503,362,4
3543,17,500,345,4
3560,17,499,371,2
3577,17,501,356,4
3593,17,500,359,4
3610,17,499,367,2
3626,17,500,363,4
3643,17,503,370,2
3660,17,499,353,4
3676,17,499,369,2
3693,17,500,365,2
3710,17,499,379,2
3826,116,302,676,3
3843,17,309,434,3
3859,17,348,387,2
3876,17,339,410,2
3893,17,349,406,2
3909,17,348,424,3
3926,17,357,416,2
3943,17,361,408,2
3959,17,341,417,2
3976,17,356,409,2
3992,17,340,411,2
4009,17,350,416,2
4026,17,353,414,2
4042,17,350,404,2
4059,17,351,429,3
4076,17,356,416,2
4092,17,447,372,2
4109,17,511,374,2
4125,17,510,388,2
4142,17,508,366,2
4159,17,511,377,2
4175,17,511,366,2
4192,17,510,358,4
4209,17,505,380,2
4225,17,506,373,2
4242,17,508,373,2
4259,17,513,363,4
4275,17,502,373,2
4292,17,503,370,2
4308,17,501,373,2
4791,482,500,362,4
4808,17,522,297,4
4824,17,521,391,2
4841,17,519,401,2
4857,17,521,416,2
4874,17,525,406,2
4891,17,523,410,2
4907,17,519,420,5
4924,17,520,414,2
4941,17,526,407,2
4957,17,522,407,2
4974,17,525,425,3
4991,17,519,426,3
5007,17,523,417,5
5024,17,505,407,2
5040,17,493,358,4
5057,17,502,349,4
5074,17,500,365,2
5090,17,501,365,2
5107,17,495,376,2
5124,17,500,365,2
5140,17,504,340,4
5157,17,502,365,2
5174,17,503,358,4
5190,17,508,361,4
5207,17,508,355,4
5223,17,506,361,4
5240,17,506,368,2
5257,17,503,358,4
5273,17,507,351,4
5290,17,502,349,4
5307,17,501,365,2
5323,17,499,369,2
5340,17,503,354,4
5356,17,499,366,2
5373,17,491,364,4
5390,17,501,360,4
5406,17,506,365,2
5423,17,494,376,2
5440,17,502,366,2
5456,17,504,376,2
5473,17,498,387,2
5490,17,500,364,4
5506,17,500,370,2
5523,17,507,367,2
5539,17,497,371,2
5556,17,495,361,4
5573,17,497,371,2
5589,17,494,383,2
5606,17,505,384,2
5623,17,493,380,2
5639,17,494,377,2
5656,17,506,367,2
5673,17,503,374,2
5689,17,498,378,2
5706,17,491,372,2
5722,17,494,388,2
5739,17,497,367,2
5756,17,423,402,2
5772,17,503,350,4
5789,17,528,231,1
5806,17,531,397,2
5822,17,526,407,2
5839,17,518,398,2
5856,17,531,408,2
5872,17,520,419,5
5889,17,523,408,2
5905,17,518,413,2
5922,17,517,411,2
5939,17,524,403,2
5955,17,521,400,2
5972,17,526,410,2
5989,17,520,424,3
6005,17,520,418,5
6022,17,516,414,2
6039,17,523,425,3
6055,17,510,418,5
7053,998,557,373,2
7070,17,559,384,2
7087,17,558,384,2
7103,17,561,372,2
7120,17,558,372,2
7136,17,554,367,2
7153,17,554,382,2
7170,17,560,358,4
7186,17,557,366,2
7203,17,557,363,4
7220,17,556,358,4
7236,17,556,347,4
7253,17,559,372,2
7270,17,556,383,2
7286,17,560,367,2
7303,17,560,366,2
7319,17,545,365,2
7336,17,500,349,4
7353,17,492,342,4
7369,17,499,336,4
7386,17,481,352,4
7403,17,482,350,4
7419,17,493,351,4
7436,17,489,354,4
7453,17,488,365,2
7469,17,483,339,4
7486,17,498,352,4
7502,17,482,356,4
7519,17,484,355,4
7536,17,493,353,4
7552,17,478,362,4
7569,17,482,362,4
7586,17,485,339,4
7602,17,480,360,4
7619,17,478,353,4
7635,17,480,368,2
7652,17,480,363,4
7669,17,476,360,4
7685,17,477,364,4
7702,17,480,344,4
7719,17,475,350,4
7735,17,473,374,2
7752,17,479,355,4
7769,17,478,349,4
7785,17,474,337,4
7802,17,473,338,4
7818,17,469,354,4
7835,17,472,349,4
7852,17,480,356,4
7868,17,473,338,4
7885,17,469,336,4
7902,17,482,335,4
7918,17,473,344,4
7935,17,477,352,4
7952,17,469,358,4
7968,17,473,360,4
7985,17,478,343,4
8001,17,485,339,4
8018,17,463,360,4
8035,17,472,352,4
8051,17,470,339,4
8068,17,478,342,4
8085,17,471,347,4
8101,17,482,340,4
8118,17,472,328,4
8135,17,471,356,4
8151,17,471,362,4
8168,17,473,359,4
8184,17,468,359,4
8201,17,449,337,4
8284,83,440,635,3
8301,17,481,312,4
8318,17,486,313,4
8334,17,504,301,4
8351,17,484,352,4
8367,17,481,358,4
8384,17,500,352,4
8401,17,487,354,4
8417,17,481,346,4
8434,17,491,332,4
8451,17,477,357,4
8467,17,481,345,4
8484,17,482,337,4
8501,17,486,351,4
8517,17,466,346,4
8534,17,469,345,4
8550,17,480,363,4
8567,17,465,356,4
8600,33,469,361,4
8617,17,478,355,4
8634,17,463,360,4
8650,17,467,347,4
8667,17,476,351,4
8683,17,462,358,4
8700,17,468,344,4
8717,17,463,351,4
8733,17,464,354,4
8750,17,471,360,4
8767,17,472,365,2
8783,17,472,345,4
8800,17,468,368,2
8817,17,476,367,2
8833,17,477,345,4
8850,17,476,348,4
8866,17,480,349,4
8883,17,477,355,4
8900,17,480,358,4
8916,17,479,362,4
8933,17,475,348,4
8950,17,479,353,4
8966,17,486,359,4
8983,17,478,356,4
9000,17,478,369,2
9016,17,477,362,4
9033,17,471,365,2
9049,17,476,360,4
9066,17,475,361,4
9083,17,479,336,4
9099,17,479,349,4
9116,17,481,366,2
9133,17,483,344,4
9149,17,482,354,4
9183,0,474,352,4
9183,33,474,352,4
9199,17,479,374,2
9216,17,474,359,4
9232,17,482,365,2
9249,17,481,365,2
9266,17,475,358,4
9282,17,480,352,4
9299,17,481,348,4
9316,17,475,364,4
9332,17,490,359,4
9349,17,485,354,4
9366,17,478,352,4
9382,17,476,358,4
9399,17,477,363,4
9415,17,441,355,4
9432,17,389,339,0
9449,17,395,337,0
9465,17,379,343,0
9482,17,388,342,0
9499,17,386,341,0
9515,17,380,359,0
9532,17,375,345,0
9549,17,400,347,0
9565,17,371,361,0
9582,17,409,326,0
9598,17,389,344,0
9615,17,390,341,0
9632,17,388,351,0
9648,17,387,352,0
9665,17,407,351,0
9682,17,477,345,4
9698,17,503,353,4
9715,17,518,350,4
9732,17,505,371,2
9748,17,507,371,2
9765,17,513,361,4
9781,17,503,355,4
9798,17,518,358,4
9815,17,503,357,4
9831,17,506,367,2
9848,17,505,358,4
9865,17,512,357,4
9881,17,522,345,4
9898,17,482,366,2
9914,17,474,356,4
9931,17,476,376,2
9948,17,476,357,4
9964,17,475,363,4
9981,17,475,346,4
9998,17,473,366,2
10014,17,480,350,4
10031,17,472,368,2
10048,17,470,370,2
10064,17,473,352,4
10081,17,474,363,4
10097,17,471,368,2
10114,17,467,357,4
10131,17,471,355,4
10147,17,469,369,2
10164,17,472,360,4
10181,17,470,366,2
10197,17,476,357,4
10214,17,467,373,2
10231,17,472,353,4
10247,17,467,365,2
10264,17,467,375,2
10280,17,505,378,2
10297,17,514,396,2
10314,17,504,389,2
10330,17,524,380,2
10347,17,506,408,2
10364,17,516,382,2
10380,17,518,391,2
10397,17,520,387,2
10414,17,522,381,2
10430,17,525,386,2
10447,17,473,417,2
10597,150,451,427,3
10613,17,524,372,2
10630,17,524,360,4
10646,17,529,384,2
10663,17,521,371,2
10680,17,536,363,4
10696,17,536,367,2
10713,17,531,384,2
10730,17,535,354,4
10746,17,536,358,4
10763,17,541,360,4
10780,17,545,359,4
10796,17,542,363,4
10813,17,537,369,2
10829,17,537,372,2
10846,17,532,363,4
10863,17,540,383,2
10879,17,534,365,2
10896,17,535,354,4
10913,17,538,362,4
10929,17,532,378,2
10946,17,534,372,2
10962,17,536,373,2
10979,17,537,373,2
10996,17,534,360,4
11012,17,537,377,2
11029,17,538,370,2
11046,17,540,362,4
11062,17,536,348,4
11079,17,541,358,4
11096,17,537,368,2
11112,17,536,378,2
11129,17,544,375,2
11145,17,541,347,4
11162,17,537,370,2
11179,17,540,366,2
11195,17,538,366,2
11212,17,537,371,2
11229,17,535,353,4
11245,17,543,354,4
11262,17,542,373,2
11279,17,543,370,2
11295,17,545,366,2
11312,17,547,352,4
11328,17,547,360,4
11345,17,508,369,2
11362,17,487,343,4
11378,17,478,347,4
11395,17,465,347,4
11412,17,469,348,4
11428,17,476,333,4
11445,17,469,347,4
11462,17,485,350,4
11478,17,471,354,4
11495,17,475,343,4
11511,17,477,347,4
11528,17,471,349,4
11545,17,475,355,4
11561,17,472,360,4
11578,17,473,369,2
11595,17,471,348,4
11611,17,476,354,4
11628,17,478,350,4
11645,17,490,349,4
11661,17,476,348,4
11678,17,479,351,4
11694,17,473,362,4
11711,17,472,343,4
11728,17,477,352,4
11744,17,484,360,4
11761,17,472,352,4
11778,17,470,358,4
11794,17,472,350,4
11811,17,466,368,2
11828,17,470,370,2
11844,17,469,359,4
11861,17,469,366,2
11877,17,470,360,4
11894,17,479,357,4
11911,17,486,358,4
11927,17,478,361,4
11944,17,527,370,2
11961,17,539,400,2
11977,17,530,402,2
11994,17,541,396,2
12011,17,538,396,2
12027,17,539,394,2
12044,17,531,411,2
12060,17,541,410,2
12077,17,540,410,2
12094,17,531,423,3
12110,17,546,407,2
12127,17,538,410,2
12144,17,538,396,2
12160,17,543,389,2
12177,17,540,408,2
12193,17,530,395,2
12210,17,539,402,2
12227,17,536,402,2
12243,17,502,386,2
12260,17,472,334,4
12277,17,454,328,4
12293,17,451,333,4
12310,17,451,317,4
12327,17,448,331,4
12343,17,455,327,4
12360,17,455,333,4
12376,17,446,327,4
12393,17,450,332,4
12410,17,475,326,4
12426,17,459,339,4
12443,17,451,328,4
12460,17,458,327,4
12476,17,455,324,4
12493,17,456,333,4
12510,17,453,315,4
12526,17,443,326,4
12543,17,459,335,4
12559,17,506,346,4
12576,17,498,365,2
12593,17,500,355,4
12609,17,505,367,2
12626,17,501,367,2
12643,17,495,364,4
12659,17,509,367,2
12676,17,506,374,2
12693,17,501,362,4
12709,17,502,360,4
12726,17,496,354,4
12742,17,510,358,4
12759,17,505,362,4
12776,17,500,356,4
12792,17,501,361,4
12809,17,501,359,4
12826,17,499,372,2
12842,17,516,386,2
12859,17,533,416,2
12876,17,530,394,2
12892,17,532,415,2
12909,17,527,422,3
12925,17,533,404,2
12942,17,527,424,3
12959,17,534,412,2
12975,17,533,395,2
12992,17,524,415,2
13009,17,533,426,3
13025,17,525,421,5
13042,17,516,425,3
13059,17,491,365,2
13075,17,463,371,2
13092,17,480,367,2
13108,17,473,354,4
13125,17,476,366,2
13142,17,472,364,4
13158,17,482,347,4
13175,17,473,368,2
13192,17,467,377,2
13208,17,475,363,4
13225,17,475,358,4
13241,17,482,350,4
13258,17,470,344,4
13275,17,470,348,4
13291,17,470,361,4
13308,17,477,349,4
13325,17,471,358,4
13341,17,473,340,4
13358,17,470,357,4
13375,17,472,331,4
13391,17,472,345,4
13408,17,470,352,4
13424,17,468,352,4
13441,17,469,341,4
13458,17,469,356,4
13474,17,466,358,4
13491,17,472,352,4
13508,17,472,346,4
13524,17,471,348,4
13541,17,476,343,4
13558,17,472,346,4
13574,17,474,356,4
13591,17,467,352,4
13607,17,468,347,4
13624,17,464,357,4
13641,17,467,336,4
13657,17,471,341,4
13674,17,464,345,4
13691,17,464,338,4
13707,17,466,350,4
13724,17,463,343,4
13741,17,462,345,4
13757,17,465,361,4
13774,17,461,345,4
13790,17,461,346,4
13807,17,464,358,4
13824,17,464,345,4
13840,17,462,347,4
13857,17,464,347,4
13874,17,466,336,4
13890,17,470,350,4
13907,17,465,354,4
13924,17,463,353,4
13940,17,466,348,4
13957,17,467,341,4
13973,17,466,342,4
13990,17,466,336,4
14007,17,463,342,4
14023,17,469,343,4
14040,17,465,346,4
14057,17,466,346,4
14073,17,469,348,4
14090,17,461,342,4
14107,17,465,346,4
14123,17,471,336,4
14140,17,469,345,4
14156,17,467,329,4
14173,17,472,342,4
14190,17,471,340,4
14206,17,467,359,4
14223,17,464,348,4
14240,17,465,359,4
14256,17,461,370,2
14273,17,467,356,4
14290,17,469,360,4
14306,17,467,345,4
14323,17,523,366,2
14339,17,519,374,2
14356,17,524,356,4
14373,17,526,365,2
14389,17,526,361,4
14406,17,524,384,2
14423,17,526,376,2
14439,17,526,367,2
14456,17,527,368,2
14472,17,526,377,2
14489,17,529,380,2
14506,17,532,366,2
14522,17,527,368,2
14539,17,510,402,2
14556,17,495,383,2
14672,116,348,447,3
14689,17,369,483,3
14705,17,415,394,2
14722,17,405,425,3
14739,17,411,443,3
14755,17,417,430,3
14772,17,414,455,3
14789,17,413,442,3
14805,17,434,438,3
14822,17,507,399,2
14838,17,519,406,2
14855,17,524,392,2
14872,17,520,387,2
14888,17,525,387,2
14905,17,515,406,2
14922,17,527,398,2
14938,17,532,374,2
14955,17,525,399,2
14972,17,532,401,2
14988,17,533,383,2
15005,17,528,391,2
15021,17,536,384,2
15038,17,453,450,3
15055,17,312,586,3
15071,17,166,721,3
15088,17,75,757,3
15105,17,31,769,0
15121,17,30,776,0
15138,17,38,779,0
15155,17,34,777,0
15171,17,56,771,0
15188,17,27,776,0
15204,17,39,780,0
15221,17,38,766,3
15238,17,31,780,0
15254,17,35,781,0
15271,17,40,778,0
15288,17,22,777,0
15304,17,85,737,3
15321,17,242,574,3
15338,17,387,461,3
15354,17,496,395,2
15371,17,518,395,2
15387,17,528,394,2
15404,17,527,391,2
15421,17,527,384,2
15437,17,525,387,2
15454,17,528,372,2
15471,17,533,382,2
15487,17,530,391,2
15504,17,523,387,2
15521,17,522,390,2
15537,17,523,376,2
15554,17,525,382,2
15570,17,499,349,4
15587,17,478,344,4
15604,17,475,370,2
15620,17,475,347,4
15637,17,474,349,4
15654,17,471,344,4
15670,17,475,339,4
15687,17,474,342,4
15703,17,471,358,4
15720,17,476,345,4
15737,17,469,385,2
16020,283,493,274,0
16036,17,496,354,4
16053,17,505,345,4
16069,17,497,362,4
16086,17,499,370,2
16103,17,500,377,2
16119,17,500,368,2
16136,17,500,370,2
16153,17,495,365,2
16169,17,497,376,2
16186,17,495,381,2
16203,17,501,383,2
16219,17,497,384,2
16236,17,498,380,2
16252,17,492,377,2
16269,17,496,384,2
16286,17,499,376,2
16302,17,503,376,2
16319,17,491,386,2
16336,17,490,375,2
16352,17,491,394,2
16369,17,479,400,2
16386,17,468,374,2
16402,17,474,375,2
16419,17,471,381,2
16435,17,472,387,2
16452,17,474,390,2
16469,17,474,375,2
16485,17,475,378,2
16502,17,470,383,2
16519,17,471,378,2
16535,17,470,371,2
16552,17,472,365,2
16569,17,473,384,2
16585,17,474,380,2
16602,17,480,382,2
16618,17,473,386,2
16635,17,506,409,2
16652,17,528,465,3
16668,17,523,448,3
16685,17,532,472,3
16702,17,533,469,3
16718,17,534,460,3
16735,17,528,477,3
16751,17,532,463,3
16768,17,530,455,3
16785,17,533,456,3
16801,17,527,471,3
16818,17,528,468,3
16835,17,531,464,3
16851,17,536,462,3
16868,17,530,468,3
16885,17,529,468,3
16901,17,528,471,3
16918,17,533,467,3
16934,17,535,462,3
16951,17,528,471,3
16968,17,522,460,3
16984,17,487,405,2
17001,17,489,383,2
17018,17,486,383,2
17034,17,484,380,2
17051,17,485,377,2
17068,17,484,394,2
17084,17,483,381,2
17101,17,486,386,2
17117,17,485,381,2
17134,17,486,379,2
17151,17,485,392,2
17167,17,481,388,2
17184,17,486,382,2
17201,17,493,378,2
17217,17,485,399,2
17234,17,486,387,2
17251,17,489,379,2
17267,17,489,386,2
17284,17,483,384,2
17300,17,480,386,2
17317,17,481,381,2
17334,17,479,392,2
17350,17,477,399,2
17367,17,486,377,2
17384,17,480,386,2
17400,17,485,390,2
17417,17,487,385,2
17434,17,483,382,2
17450,17,480,378,2
17467,17,480,401,2
17483,17,479,390,2
17500,17,474,394,2
17517,17,478,387,2
17533,17,478,391,2
17550,17,481,387,2
17567,17,475,392,2
17583,17,485,395,2
17600,17,480,396,2
17617,17,475,396,2
17633,17,476,386,2
17650,17,475,392,2
17666,17,479,402,2
17683,17,473,394,2
17700,17,475,398,2
17716,17,473,400,2
17733,17,475,392,2
17750,17,479,395,2
17766,17,478,394,2
17783,17,476,404,2
17800,17,479,394,2
17816,17,478,400,2
17833,17,474,390,2
17849,17,474,404,2
17866,17,480,408,2
17883,17,479,399,2
17899,17,473,391,2
17916,17,476,384,2
17933,17,477,388,2
17949,17,481,387,2
17966,17,476,393,2
17982,17,484,393,2
17999,17,486,386,2
18016,17,485,394,2
18032,17,485,378,2
18049,17,485,384,2
18066,17,487,377,2
18082,17,480,394,2
18099,17,488,390,2
18116,17,484,379,2
18132,17,485,389,2
18149,17,489,382,2
18165,17,489,378,2
18182,17,489,385,2
18199,17,488,400,2
18215,17,485,382,2
18232,17,491,387,2
18249,17,485,390,2
18265,17,486,388,2
18282,17,486,383,2
18299,17,484,394,2
18315,17,487,383,2
18332,17,499,383,2
18348,17,533,410,2
18365,17,532,406,2
18382,17,536,403,2
18398,17,534,402,2
18415,17,536,404,2
18432,17,536,411,2
18448,17,533,409,2
18465,17,534,404,2
18482,17,532,399,2
18498,17,529,412,2
18515,17,531,402,2
18531,17,532,398,2
18548,17,530,405,2
18565,17,535,398,2
18581,17,535,405,2
18598,17,528,421,5
18615,17,504,488,3
18764,150,479,659,3
18781,17,535,288,4
18798,17,530,388,2
18814,17,540,370,2
18831,17,533,405,2
18848,17,535,416,2
18864,17,539,395,2
18881,17,536,400,2
18897,17,540,393,2
18914,17,538,394,2
18931,17,536,399,2
18947,17,538,414,2
18964,17,541,397,2
18981,17,536,400,2
18997,17,540,403,2
19014,17,541,398,2
19030,17,537,395,2
19047,17,539,396,2
19064,17,545,394,2
19080,17,541,391,2
19097,17,538,397,2
19114,17,532,411,2
19130,17,542,398,2
19147,17,535,404,2
19164,17,534,406,2
19180,17,526,401,2
19197,17,530,399,2
19213,17,512,394,2
19230,17,519,391,2
19247,17,517,396,2
19263,17,521,385,2
19280,17,519,400,2
19297,17,517,383,2
19313,17,519,404,2
19330,17,518,394,2
19347,17,524,385,2
19363,17,528,384,2
19380,17,524,395,2
19396,17,488,387,2
19413,17,475,381,2
19430,17,464,379,2
19446,17,462,388,2
19463,17,461,378,2
19480,17,461,378,2
19496,17,463,381,2
19513,17,466,384,2
19530,17,468,384,2
19546,17,466,393,2
19563,17,462,370,2
19579,17,462,372,2
19596,17,458,388,2
19613,17,457,398,2
19629,17,460,391,2
19646,17,455,379,2
19663,17,460,383,2
19679,17,457,384,2
19696,17,453,389,2
19713,17,456,382,2
19729,17,451,382,2
19746,17,458,383,2
19762,17,459,380,2
19779,17,465,353,4
19796,17,463,370,2
19812,17,466,381,2
19829,17,466,368,2
19846,17,464,383,2
19862,17,466,378,2
19879,17,466,366,2
19896,17,469,378,2
19912,17,467,368,2
19929,17,464,373,2
19945,17,464,377,2
19962,17,467,370,2
19979,17,470,371,2
19995,17,468,380,2
20012,17,466,370,2
20029,17,465,358,4
20045,17,466,363,4
20062,17,469,357,4
20079,17,468,374,2
20095,17,467,368,2
20112,17,465,373,2
20128,17,465,378,2
20145,17,466,369,2
20162,17,469,376,2
20178,17,465,375,2
20195,17,468,364,4
20212,17,477,353,4
20228,17,468,371,2
20245,17,467,361,4
20261,17,470,374,2
20278,17,465,364,4
20295,17,465,368,2
20311,17,462,381,2
20328,17,495,401,2
20345,17,515,434,3
20361,17,507,414,2
20378,17,518,436,3
20395,17,512,442,3
20411,17,515,423,3
20428,17,505,450,3
20444,17,512,431,3
20461,17,509,432,3
20478,17,510,446,3
20494,17,510,448,3
20511,17,511,428,3
20528,17,510,443,3
20544,17,508,443,3
20561,17,512,436,3
20578,17,510,433,3
20594,17,507,447,3
20611,17,508,442,3
20627,17,505,463,3
20644,17,508,445,3
20661,17,514,426,3
20677,17,481,384,2
20694,17,468,379,2
20711,17,464,377,2
20727,17,466,362,4
20744,17,478,363,4
20761,17,475,358,4
20777,17,472,367,2
20794,17,483,366,2
20810,17,471,379,2
20827,17,470,365,2
20844,17,482,381,2
20860,17,474,381,2
20877,17,476,378,2
20894,17,470,374,2
20910,17,475,375,2
20927,17,471,374,2
20944,17,473,369,2
20960,17,472,374,2
20977,17,479,369,2
20993,17,472,363,4
21010,17,474,367,2
21027,17,474,378,2
21043,17,471,372,2
21060,17,473,381,2
21077,17,476,372,2
21093,17,476,366,2
21110,17,476,383,2
21127,17,483,386,2
21143,17,487,371,2
21160,17,478,374,2
21176,17,487,380,2
21193,17,476,378,2
21210,17,479,380,2
21226,17,488,368,2
21243,17,490,381,2
21260,17,470,385,2
21276,17,475,386,2
21293,17,477,384,2
21309,17,477,376,2
21326,17,471,375,2
21343,17,489,386,2
21359,17,474,375,2
21376,17,475,379,2
21393,17,480,377,2
21409,17,478,370,2
21426,17,476,390,2
21443,17,474,371,2
21459,17,477,377,2
21476,17,477,381,2
21492,17,478,385,2
21509,17,478,380,2
21526,17,484,382,2
21542,17,480,390,2
21559,17,477,381,2
21576,17,479,384,2
21592,17,483,378,2
21609,17,479,378,2
21626,17,475,399,2
21642,17,482,383,2
21659,17,476,386,2
21675,17,488,387,2
21692,17,486,375,2
21709,17,474,379,2
21725,17,479,377,2
21742,17,478,380,2
21759,17,479,372,2
21775,17,475,378,2
21792,17,485,382,2
21809,17,476,373,2
21825,17,478,380,2
21842,17,474,374,2
21858,17,486,389,2
21875,17,481,371,2
21892,17,474,378,2
21908,17,477,379,2
21925,17,478,385,2
21942,17,467,378,2
21958,17,475,378,2
21975,17,471,381,2
21992,17,474,387,2
22008,17,478,375,2
22025,17,470,372,2
22041,17,472,380,2
22058,17,467,382,2
22075,17,477,375,2
22091,17,467,380,2
22108,17,474,386,2
22125,17,469,378,2
22141,17,476,366,2
22158,17,468,370,2
22175,17,472,383,2
22191,17,471,374,2
22208,17,466,387,2
22224,17,465,371,2
22241,17,471,401,2
22258,17,603,410,2
22374,116,272,742,3
22391,17,448,400,2
22407,17,477,340,4
22424,17,478,351,4
22441,17,513,376,2
22457,17,525,378,2
22474,17,526,362,4
22491,17,525,392,2
22507,17,525,396,2
22524,17,530,371,2
22540,17,528,392,2
22557,17,529,394,2
22574,17,528,372,2
22590,17,531,377,2
22607,17,536,386,2
22624,17,530,395,2
22640,17,532,385,2
22657,17,517,366,2
22823,166,480,637,3
22840,17,525,301,4
22857,17,524,346,4
22873,17,523,394,2
22890,17,524,384,2
22906,17,530,385,2
22923,17,532,396,2
22940,17,535,395,2
22956,17,527,385,2
22973,17,532,391,2
22990,17,522,397,2
23006,17,525,389,2
23023,17,529,403,2
23040,17,528,394,2
23056,17,529,401,2
23073,17,529,407,2
23089,17,537,385,2
23106,17,530,390,2
23123,17,531,399,2
23139,17,525,411,2
23156,17,527,397,2
23173,17,534,392,2
23189,17,534,389,2
23206,17,530,392,2
23223,17,532,395,2
23239,17,529,391,2
23256,17,537,396,2
23272,17,530,383,2
23289,17,532,395,2
23306,17,533,400,2
23322,17,533,402,2
23339,17,532,391,2
23356,17,532,383,2
23372,17,535,390,2
23389,17,535,387,2
23406,17,530,396,2
23422,17,532,395,2
23439,17,519,390,2
23455,17,487,373,2
23472,17,473,376,2
23489,17,478,375,2
23505,17,474,377,2
23522,17,476,384,2
23539,17,472,378,2
23555,17,473,374,2
23572,17,477,365,2
23588,17,472,369,2
23605,17,472,368,2
23622,17,477,365,2
23638,17,476,367,2
23655,17,477,368,2
23672,17,473,376,2
23688,17,475,371,2
23705,17,471,379,2
23722,17,490,385,2
23738,17,534,454,3
23755,17,532,450,3
23771,17,533,460,3
23788,17,535,465,3
23805,17,535,488,3
23821,17,530,491,3
23838,17,532,482,3
23855,17,530,476,3
23871,17,535,480,3
23888,17,537,477,3
23905,17,536,479,3
23921,17,536,472,3
23938,17,532,474,3
23954,17,538,480,3
23971,17,533,478,3
23988,17,526,493,3
24004,17,525,482,3
24021,17,535,480,3
24038,17,536,469,3
24054,17,539,472,3
24071,17,518,473,3
24088,17,516,466,3
24104,17,516,493,3
24121,17,512,492,3
24137,17,517,486,3
24154,17,518,493,3
24171,17,506,492,3
24187,17,515,481,3
24204,17,510,488,3
24221,17,513,470,3
24237,17,503,459,3
24254,17,491,363,4
24271,17,477,357,4
24287,17,469,377,2
24304,17,468,359,4
24320,17,474,372,2
24337,17,473,370,2
24354,17,470,365,2
24370,17,472,361,4
24387,17,469,377,2
24404,17,481,354,4
24420,17,480,361,4
24437,17,471,363,4
24454,17,475,370,2
24470,17,473,375,2
24487,17,472,365,2
24503,17,473,365,2
24520,17,483,369,2
24537,17,485,378,2
24553,17,472,375,2
24570,17,474,363,4
24587,17,483,372,2
24603,17,474,381,2
24620,17,480,372,2
24637,17,475,366,2
24653,17,468,374,2
24670,17,480,366,2
24686,17,481,373,2
24703,17,491,366,2
24720,17,482,371,2
24736,17,473,379,2
24753,17,469,371,2
24770,17,465,369,2
24786,17,480,371,2
24803,17,465,377,2
24819,17,476,376,2
24836,17,481,375,2
24853,17,484,381,2
24869,17,469,377,2
24886,17,475,376,2
24903,17,478,365,2
24919,17,472,383,2
24936,17,469,371,2
24953,17,470,390,2
24969,17,469,377,2
24986,17,475,370,2
25002,17,470,392,2
25019,17,476,376,2
25036,17,472,364,4
25052,17,477,380,2
25069,17,476,384,2
25086,17,482,370,2
25102,17,477,374,2
25119,17,482,381,2
25136,17,474,377,2
25152,17,473,369,2
25169,17,473,381,2
25185,17,474,371,2
25202,17,470,373,2
25219,17,469,381,2
25235,17,468,380,2
25252,17,462,376,2
25269,17,460,360,4
25285,17,462,372,2
25302,17,459,392,2
25319,17,459,382,2
25335,17,463,372,2
25352,17,461,381,2
25368,17,462,371,2
25385,17,461,388,2
25402,17,459,396,2
25418,17,465,376,2
25435,17,459,374,2
25452,17,459,368,2
25468,17,459,384,2
25485,17,460,368,2
25502,17,457,388,2
25518,17,444,393,2
25535,17,457,385,2
25551,17,458,384,2
25568,17,447,386,2
25585,17,455,380,2
25601,17,451,377,2
25618,17,457,393,2
25635,17,454,378,2
25651,17,452,378,2
25668,17,450,383,2
25685,17,452,389,2
25701,17,449,379,2
25718,17,453,380,2
25734,17,464,374,2
25751,17,486,394,2
25768,17,532,441,3
25784,17,531,441,3
25801,17,530,449,3
25818,17,538,443,3
25834,17,535,461,3
25851,17,532,457,3
25868,17,538,446,3
25884,17,538,468,3
25901,17,543,446,3
25917,17,537,446,3
25934,17,535,450,3
25951,17,534,453,3
25967,17,542,459,3
25984,17,539,461,3
26001,17,539,464,3
26017,17,534,449,3
26034,17,532,475,3
26050,17,525,492,3
26134,83,484,337,4
26150,17,482,313,4
26167,17,479,422,3
26184,17,492,359,4
26200,17,487,392,2
26217,17,483,401,2
26233,17,490,384,2
26250,17,489,394,2
26267,17,483,389,2
26283,17,487,384,2
26300,17,488,396,2
26317,17,491,395,2
26333,17,494,391,2
26350,17,489,393,2
26367,17,489,386,2
26383,17,491,399,2
26400,17,484,399,2
26416,17,491,402,2
26433,17,484,397,2
26450,17,506,393,2
26466,17,533,414,2
26483,17,517,401,2
26500,17,532,394,2
26516,17,526,401,2
26533,17,525,406,2
26550,17,523,412,2
26566,17,519,402,2
26583,17,529,404,2
26599,17,509,486,3
26616,17,413,431,3
26799,183,478,366,2
26816,17,518,276,0
26832,17,512,363,4
26849,17,518,395,2
26866,17,522,400,2
26882,17,524,383,2
26899,17,526,394,2
26916,17,529,382,2
26932,17,521,395,2
26949,17,527,391,2
26965,17,528,392,2
26982,17,524,394,2
26999,17,531,379,2
27015,17,526,398,2
27032,17,525,398,2
27049,17,524,402,2
27065,17,527,398,2
27082,17,526,398,2
27098,17,525,394,2
27115,17,528,415,2
27132,17,604,502,3
27148,17,509,657,3
27165,17,635,869,0
27182,17,598,873,0
27198,17,648,872,0
27215,17,659,862,0
27232,17,662,868,0
27248,17,650,874,0
27265,17,665,863,0
27281,17,661,867,0
27298,17,661,868,0
27315,17,657,876,0
27331,17,658,872,0
27348,17,662,876,0
27365,17,657,868,0
27381,17,657,876,0
27398,17,669,873,0
27415,17,594,675,3
27431,17,547,505,3
27448,17,543,396,2
27464,17,535,387,2
27481,17,541,365,2
27498,17,539,389,2
27514,17,540,387,2
27531,17,531,387,2
27548,17,533,395,2
27564,17,534,389,2
27581,17,531,385,2
27598,17,539,387,2
27614,17,542,388,2
27631,17,538,379,2
27647,17,540,377,2
27664,17,541,379,2
27681,17,537,398,2
27697,17,522,384,2
27714,17,505,385,2
27731,17,500,385,2
27747,17,496,386,2
27764,17,492,371,2
27781,17,496,388,2
27797,17,501,377,2
27814,17,494,377,2
27830,17,500,375,2
27847,17,503,386,2
27864,17,493,376,2
27880,17,502,369,2
27897,17,497,371,2
27914,17,492,376,2
27930,17,492,383,2
27947,17,494,376,2
27964,17,498,364,4
27980,17,500,368,2
27997,17,493,382,2
28013,17,498,372,2
28030,17,492,369,2
28047,17,490,370,2
28063,17,492,380,2
28080,17,497,373,2
28097,17,493,368,2
28113,17,496,385,2
28130,17,495,369,2
28147,17,495,387,2
28163,17,490,390,2
28180,17,491,370,2
28196,17,491,372,2
28213,17,505,364,4
28230,17,491,378,2
28246,17,516,395,2
28263,17,544,427,3
28280,17,545,407,2
28296,17,547,424,3
28313,17,546,442,3
28329,17,544,428,3
28346,17,545,435,3
28363,17,547,424,3
28379,17,547,434,3
28396,17,546,436,3
28413,17,548,440,3
28429,17,547,440,3
28446,17,550,434,3
28463,17,547,429,3
28479,17,534,482,3
28612,133,480,329,4
28629,17,487,290,4
28646,17,485,357,4
28662,17,490,375,2
28679,17,491,342,4
28695,17,489,386,2
28712,17,499,385,2
28729,17,487,380,2
28745,17,502,380,2
28762,17,486,379,2
28779,17,486,384,2
28795,17,485,366,2
28812,17,494,379,2
28829,17,488,386,2
28845,17,488,373,2
28862,17,488,390,2
28878,17,489,386,2
28895,17,487,389,2
28912,17,491,381,2
28928,17,493,375,2
28945,17,493,380,2
28962,17,503,366,2
28978,17,497,377,2
28995,17,494,371,2
29012,17,503,375,2
29028,17,508,367,2
29045,17,495,373,2
29061,17,494,385,2
29078,17,499,371,2
29095,17,497,361,4
29111,17,492,368,2
29128,17,497,368,2
29145,17,496,361,4
29161,17,501,360,4
29178,17,496,367,2
29195,17,498,389,2
29211,17,497,372,2
29228,17,498,366,2
29244,17,494,374,2
29261,17,498,371,2
29278,17,493,383,2
29294,17,495,385,2
29311,17,500,372,2
29328,17,491,377,2
29344,17,495,381,2
29361,17,494,386,2
29377,17,497,369,2
29394,17,500,370,2
29411,17,496,391,2
29427,17,497,368,2
29444,17,495,378,2
29461,17,503,370,2
29477,17,498,374,2
29494,17,499,371,2
29511,17,502,364,4
29527,17,498,360,4
29544,17,500,367,2
29560,17,499,378,2
29577,17,497,356,4
29594,17,499,379,2
29610,17,502,365,2
29627,17,499,368,2
29644,17,495,351,4
29660,17,495,379,2
29677,17,498,391,2
29694,17,496,385,2
29710,17,491,415,2
29727,17,503,360,4
29843,116,462,657,3
29860,17,492,337,4
29877,17,488,418,5
29893,17,492,363,4
29910,17,501,362,4
29926,17,504,357,4
29943,17,498,366,2
29960,17,505,367,2
29976,17,494,371,2
29993,17,499,372,2
30010,17,506,366,2
30026,17,496,372,2
30043,17,501,380,2
30060,17,501,372,2
30076,17,506,389,2
30093,17,496,380,2
30109,17,498,378,2
30126,17,498,390,2
30143,17,491,377,2
30159,17,498,370,2
30176,17,502,378,2
30193,17,498,383,2
30209,17,498,369,2
30226,17,491,395,2
30243,17,496,385,2
30259,17,494,387,2
30276,17,498,374,2
30292,17,499,367,2
30309,17,500,375,2
30326,17,504,363,4
30342,17,501,360,4
30359,17,497,367,2
30376,17,500,382,2
30392,17,496,383,2
30409,17,508,377,2
30426,17,498,382,2
30442,17,495,373,2
30459,17,529,387,2
30475,17,539,384,2
30492,17,541,382,2
30509,17,527,390,2
30525,17,537,386,2
30542,17,544,391,2
30559,17,541,394,2
30575,17,545,378,2
30592,17,539,393,2
30608,17,537,385,2
30625,17,538,383,2
30642,17,532,397,2
30658,17,539,386,2
30675,17,538,370,2
30692,17,536,390,2
30708,17,540,398,2
30725,17,534,402,2
30742,17,534,396,2
30758,17,532,397,2
30775,17,541,389,2
30791,17,539,385,2
30808,17,536,397,2
30825,17,537,392,2
30841,17,528,391,2
30858,17,523,399,2
30875,17,530,404,2
30891,17,531,395,2
30908,17,535,383,2
30925,17,535,401,2
30941,17,536,389,2
30958,17,527,399,2
30974,17,534,399,2
30991,17,532,400,2
31008,17,532,395,2
31024,17,530,394,2
31041,17,529,403,2
31058,17,527,407,2
31074,17,525,403,2
31091,17,543,393,2
31108,17,550,387,2
31124,17,543,381,2
31141,17,551,391,2
31157,17,552,382,2
31174,17,551,372,2
31191,17,542,398,2
31207,17,547,393,2
31224,17,547,387,2
31241,17,546,383,2
31257,17,550,386,2
31274,17,545,384,2
31291,17,541,394,2
31307,17,545,396,2
31324,17,547,392,2
31340,17,538,375,2
31357,17,542,390,2
31374,17,544,394,2
31390,17,540,388,2
31407,17,544,386,2
31424,17,544,392,2
31440,17,542,394,2
31457,17,539,392,2
31474,17,539,379,2
31490,17,541,392,2
31507,17,535,411,2
31523,17,519,384,2
31540,17,487,373,2
31557,17,478,374,2
31573,17,478,370,2
31590,17,475,391,2
31607,17,471,373,2
31623,17,476,386,2
31640,17,475,388,2
31656,17,474,398,2
31673,17,470,399,2
31690,17,475,377,2
31706,17,476,381,2
31723,17,479,392,2
31740,17,479,391,2
31756,17,476,387,2
31773,17,479,390,2
31790,17,469,398,2
31806,17,467,378,2
31823,17,472,377,2
31839,17,471,369,2
31856,17,471,398,2
31873,17,464,388,2
31889,17,476,369,2
31906,17,470,372,2
31923,17,463,375,2
31939,17,468,389,2
31956,17,477,375,2
31973,17,470,388,2
31989,17,466,389,2
32006,17,457,390,2
32022,17,470,380,2
32039,17,468,391,2
32056,17,467,369,2
32072,17,468,378,2
32089,17,469,388,2
32106,17,472,379,2
32122,17,472,377,2
32139,17,466,393,2
32156,17,471,369,2
32172,17,466,368,2
32189,17,474,397,2
32205,17,578,339,4
32222,17,680,325,0
32239,17,710,326,0
32255,17,718,315,0
32272,17,723,305,0
32289,17,725,316,0
32305,17,720,302,0
32322,17,725,314,0
32339,17,724,313,0
32355,17,725,306,0
32372,17,720,309,0
32388,17,720,311,0
32405,17,725,295,0
32422,17,725,321,0
32438,17,716,326,0
32455,17,719,307,0
32472,17,718,310,0
32488,17,726,305,0
32505,17,722,327,0
32522,17,711,316,0
32538,17,718,307,0
32555,17,727,294,0
32571,17,726,297,0
32588,17,725,304,0
32605,17,714,328,0
32621,17,722,307,0
32638,17,731,282,0
32655,17,720,323,0
32671,17,729,298,0
32688,17,760,300,0
32705,17,761,284,0
32721,17,758,290,0
32738,17,756,316,0
32754,17,756,294,0
32771,17,760,298,0
32788,17,757,304,0
32804,17,750,290,0
32821,17,752,295,0
32838,17,756,287,0
32854,17,754,306,0
32871,17,755,293,0
32887,17,749,298,0
32904,17,741,302,0
32921,17,755,310,0
32937,17,739,311,0
32954,17,627,333,0
32971,17,561,347,4
32987,17,533,352,4
33004,17,516,358,4
33021,17,519,364,4
33037,17,522,369,2
33054,17,520,361,4
33070,17,520,363,4
33087,17,517,359,4
33104,17,522,349,4
33120,17,520,370,2
33137,17,504,359,4
33154,17,518,366,2
33170,17,518,366,2
33187,17,512,373,2
33204,17,517,366,2
33220,17,519,371,2
33237,17,515,384,2
33253,17,505,381,2
33270,17,522,375,2
33287,17,476,378,2
33303,17,468,373,2
33320,17,474,373,2
33337,17,470,376,2
33353,17,467,373,2
33370,17,467,378,2
33387,17,468,374,2
33403,17,464,394,2
33420,17,469,377,2
33436,17,466,386,2
33453,17,469,376,2
33470,17,468,380,2
33486,17,470,375,2
33503,17,468,380,2
33520,17,472,384,2
33536,17,468,380,2
33553,17,468,387,2
33570,17,470,386,2
33586,17,470,387,2
33603,17,467,389,2
33619,17,468,378,2
33636,17,464,404,2
33653,17,464,388,2
33669,17,470,383,2
33686,17,470,375,2
33703,17,464,394,2
33719,17,466,381,2
33736,17,463,387,2
33753,17,472,372,2
33769,17,469,388,2
33786,17,471,389,2
33802,17,466,384,2
33819,17,464,386,2
33836,17,461,385,2
33852,17,457,383,2
33869,17,462,370,2
33886,17,465,380,2
33902,17,473,378,2
33919,17,459,408,2
33936,17,464,380,2
33952,17,468,384,2
33969,17,472,368,2
33985,17,472,392,2
34002,17,474,393,2
34019,17,460,387,2
34035,17,473,395,2
34052,17,516,433,3
34118,67,480,376,2
34135,17,500,540,3
34152,17,521,401,2
34168,17,523,354,4
34185,17,531,325,4
34202,17,540,372,2
34218,17,533,423,3
34235,17,527,475,3
34252,17,528,460,3
34268,17,527,464,3
34285,17,525,473,3
34301,17,530,451,3
34318,17,527,465,3
34335,17,528,466,3
34351,17,529,466,3
34368,17,533,466,3
34385,17,528,466,3
34501,116,517,517,3
34518,17,528,362,4
34534,17,537,338,4
34551,17,538,403,2
34568,17,533,403,2
34584,17,531,404,2
34601,17,528,403,2
34618,17,530,387,2
34634,17,524,397,2
34651,17,533,399,2
34667,17,533,381,2
34684,17,533,394,2
34701,17,528,404,2
34717,17,499,419,5
34884,166,596,787,0
34900,17,488,607,3
34917,17,519,338,4
34934,17,520,321,4
34950,17,526,298,4
34967,17,525,400,2
34984,17,521,400,2
35000,17,525,401,2
35017,17,522,392,2
35033,17,516,403,2
35050,17,520,419,5
35067,17,525,394,2
35083,17,521,418,5
35100,17,529,401,2
35117,17,524,412,2
35133,17,526,417,5
35150,17,524,404,2
35166,17,520,405,2
35183,17,517,431,3
35200,17,521,427,3
35216,17,425,508,3
35233,17,223,631,3
35250,17,50,847,0
35333,83,76,718,3
35349,17,27,763,3
35366,17,95,768,0
35383,17,51,759,3
35399,17,39,745,3
35416,17,59,751,3
35433,17,34,758,3
35449,17,15,747,3
35466,17,62,757,3
35483,17,48,709,3
35499,17,71,718,3
35516,17,196,579,3
35532,17,361,419,3
35549,17,470,395,2
35566,17,487,373,2
35582,17,504,367,2
35599,17,505,362,4
35616,17,513,355,4
35632,17,501,372,2
35649,17,489,375,2
35666,17,505,366,2
35682,17,502,361,4
35699,17,504,375,2
35715,17,504,362,4
35732,17,503,381,2
35749,17,497,380,2
35765,17,499,366,2
35782,17,503,362,4
35799,17,495,382,2
35815,17,498,375,2
35832,17,500,368,2
35849,17,500,378,2
35865,17,501,381,2
35882,17,496,381,2
35898,17,540,415,2
35915,17,531,418,5
35932,17,537,412,2
35948,17,536,444,3
35965,17,534,443,3
35982,17,523,429,3
35998,17,536,440,3
36015,17,533,433,3
36032,17,534,440,3
36048,17,532,435,3
36065,17,533,420,5
36081,17,537,425,3
36098,17,527,438,3
36115,17,535,426,3
36131,17,532,449,3
36148,17,531,440,3
36165,17,532,444,3
36181,17,532,432,3
36198,17,526,448,3
36215,17,532,433,3
36231,17,530,440,3
36248,17,532,450,3
36264,17,524,454,3
36281,17,527,452,3
36298,17,526,455,3
36314,17,531,440,3
36331,17,532,436,3
36348,17,528,454,3
36364,17,524,435,3
36381,17,493,362,4
36397,17,489,356,4
36414,17,484,381,2
36431,17,484,352,4
36447,17,488,359,4
36464,17,483,368,2
36481,17,484,363,4
36497,17,481,370,2
36514,17,479,367,2
36531,17,482,368,2
36547,17,490,365,2
36564,17,478,373,2
36580,17,482,368,2
36597,17,481,365,2
36614,17,479,385,2
36630,17,474,378,2
36647,17,476,362,4
36664,17,478,380,2
36680,17,476,367,2
36697,17,478,361,4
36714,17,471,363,4
36730,17,474,373,2
36747,17,478,369,2
36763,17,471,373,2
36780,17,473,364,4
36797,17,473,382,2
36813,17,477,354,4
36830,17,481,383,2
36847,17,471,376,2
36863,17,484,378,2
36880,17,478,372,2
36897,17,471,386,2
36913,17,480,378,2
36930,17,475,375,2
36946,17,479,384,2
36963,17,473,366,2
36980,17,478,366,2
36996,17,481,358,4
37013,17,478,369,2
37030,17,484,364,4
37046,17,480,373,2
37063,17,483,370,2
37080,17,472,388,2
37096,17,476,368,2
37113,17,477,382,2
37129,17,476,380,2
37146,17,476,377,2
37163,17,479,372,2
37179,17,478,372,2
37196,17,473,370,2
37213,17,478,384,2
37229,17,472,391,2
37246,17,470,397,2
37263,17,569,420,5
37279,17,634,465,3
37296,17,642,464,3
37312,17,647,484,3
37329,17,651,472,3
37346,17,654,472,3
37362,17,642,481,3
37379,17,649,478,3
37396,17,647,484,3
37412,17,647,476,3
37429,17,659,455,3
37445,17,679,500,3
37462,17,674,495,3
37479,17,676,483,3
37495,17,677,484,3
37512,17,679,485,3
37529,17,677,497,3
37545,17,673,491,3
37562,17,676,476,3
37579,17,679,499,3
37595,17,679,477,3
37612,17,680,489,3
37628,17,678,491,3
37645,17,677,481,3
37662,17,675,495,3
37678,17,680,487,3
37695,17,680,498,3
37712,17,681,492,3
37728,17,686,485,3
37745,17,669,479,3
37762,17,574,445,3
37778,17,525,427,3
37795,17,526,424,3
37811,17,520,434,3
37828,17,523,416,2
37845,17,522,426,3
37861,17,529,432,3
37878,17,524,414,2
37895,17,523,412,2
37911,17,525,421,5
37928,17,523,423,3
37945,17,521,408,2
37961,17,513,420,5
37978,17,524,413,2
37994,17,514,423,3
38011,17,510,420,5
38028,17,522,407,2
38044,17,524,408,2
38061,17,524,419,5
38078,17,526,434,3
38094,17,526,408,2
38111,17,507,439,3
38128,17,523,436,3
38144,17,513,434,3
38161,17,510,453,3
38177,17,515,434,3
38194,17,508,435,3
38211,17,515,445,3
38227,17,515,446,3
38244,17,509,452,3
38261,17,512,448,3
38277,17,512,446,3
38294,17,506,449,3
38311,17,521,447,3
38327,17,522,445,3
38344,17,513,436,3
38360,17,516,448,3
38377,17,512,451,3
38394,17,505,458,3
38410,17,515,455,3
38427,17,513,454,3
38444,17,502,462,3
38460,17,501,372,2
38477,17,496,383,2
38494,17,509,375,2
38510,17,502,385,2
38527,17,498,385,2
38543,17,500,388,2
38560,17,499,386,2
38577,17,503,377,2
38593,17,498,402,2
38610,17,490,418,5
38627,17,442,426,3
38859,233,594,526,3
38876,17,602,315,4
38893,17,585,511,3
38909,17,586,537,3
38926,17,588,532,3
38943,17,587,536,3
38959,17,586,543,3
38976,17,586,543,3
38993,17,593,539,3
39009,17,589,542,3
39026,17,588,560,3
39042,17,592,551,3
39059,17,556,522,3
39076,17,527,417,5
39092,17,523,392,2
39109,17,529,403,2
39126,17,530,385,2
39142,17,525,403,2
39159,17,529,397,2
39176,17,529,397,2
39192,17,532,395,2
39209,17,532,393,2
39225,17,534,385,2
39242,17,531,406,2
39259,17,535,386,2
39275,17,533,395,2
39292,17,537,401,2
39309,17,537,394,2
39325,17,533,404,2
39342,17,536,401,2
39359,17,486,482,3
39375,17,388,662,3
39392,17,350,805,0
39408,17,347,815,0
39425,17,339,838,0
39442,17,343,835,0
39458,17,346,838,0
39475,17,349,838,0
39492,17,339,838,0
39508,17,339,828,0
39525,17,349,837,0
39542,17,345,847,0
39558,17,344,841,0
39575,17,466,867,0
39591,17,512,872,0
39608,17,512,875,0
39625,17,520,877,0
39641,17,520,882,0
39658,17,515,879,0
39675,17,525,785,0
39691,17,517,557,3
39708,17,536,410,2
39724,17,545,324,4
39741,17,535,348,4
39758,17,542,328,4
39774,17,547,316,4
39791,17,550,339,4
39808,17,541,338,4
39824,17,536,333,4
39841,17,540,346,4
39858,17,544,334,4
39874,17,544,339,4
39891,17,547,329,4
39907,17,546,322,4
39924,17,546,338,4
39941,17,545,330,4
39957,17,539,339,4
39974,17,525,345,4
39991,17,508,347,4
40007,17,504,362,4
40024,17,501,347,4
40041,17,493,356,4
40057,17,502,355,4
40074,17,510,355,4
40090,17,503,360,4
40107,17,505,361,4
40124,17,504,361,4
40140,17,501,363,4
40157,17,502,353,4
40174,17,500,355,4
40190,17,496,361,4
40207,17,501,366,2
40224,17,502,361,4
40240,17,496,350,4
40257,17,507,362,4
40273,17,495,377,2
40290,17,496,365,2
40307,17,498,351,4
40323,17,495,371,2
40340,17,499,355,4
40357,17,493,359,4
40373,17,499,360,4
40390,17,492,374,2
40407,17,493,362,4
40423,17,499,364,4
40440,17,595,325,4
40456,17,681,297,0
40473,17,733,266,0
40490,17,733,272,0
40506,17,742,253,0
40523,17,735,278,0
40540,17,734,255,0
40556,17,735,271,0
40573,17,732,278,0
40590,17,736,256,0
40606,17,738,255,0
40623,17,730,287,0
40639,17,734,256,0
40656,17,732,283,0
40673,17,733,277,0
40689,17,731,268,0
40706,17,757,257,0
40723,17,770,271,0
40739,17,763,273,0
40756,17,766,267,0
40773,17,765,265,0
40789,17,769,249,0
40806,17,766,253,0
40822,17,764,271,0
40839,17,755,176,0
40856,17,744,130,0
40872,17,737,136,0
40889,17,737,137,0
40906,17,738,148,0
40922,17,732,163,0
40939,17,732,164,0
40955,17,732,156,0
40972,17,730,149,0
40989,17,737,135,0
41005,17,729,149,1
41022,17,726,149,1
41039,17,725,160,1
41055,17,727,143,1
41072,17,732,150,0
41089,17,726,144,1
41105,17,731,163,0
41122,17,734,138,0
41138,17,732,150,0
41155,17,723,154,1
41172,17,729,155,1
41188,17,715,175,1
41205,17,599,263,0
41222,17,529,279,0
41238,17,513,295,4
41255,17,506,316,4
41272,17,505,303,4
41288,17,508,296,4
41305,17,508,315,4
41321,17,506,314,4
41338,17,503,305,4
41355,17,512,318,4
41371,17,511,316,4
41388,17,510,315,4
41405,17,501,324,4
41421,17,511,370,2
41438,17,506,369,2
41455,17,491,386,2
41471,17,488,386,2
41488,17,492,376,2
41504,17,494,379,2
41521,17,486,379,2
41538,17,493,384,2
41554,17,498,378,2
41571,17,495,386,2
41588,17,497,404,2
41604,17,490,386,2
41621,17,491,382,2
41638,17,483,394,2
41654,17,494,368,2
41671,17,486,404,2
41687,17,485,381,2
41704,17,486,390,2
41721,17,490,389,2
41737,17,486,393,2
41754,17,486,390,2
41771,17,481,395,2
41787,17,471,380,2
41804,17,480,390,2
41821,17,472,393,2
41837,17,470,374,2
41854,17,470,386,2
41870,17,474,400,2
41887,17,470,402,2
41904,17,469,388,2
41920,17,485,383,2
41937,17,476,377,2
41954,17,469,390,2
41970,17,473,389,2
41987,17,474,410,2
42003,17,474,395,2
42020,17,536,419,5
42037,17,647,433,3
42053,17,690,445,3
42070,17,705,459,3
42087,17,704,453,3
42103,17,700,459,3
42120,17,699,466,3
42137,17,701,457,3
42153,17,699,450,3
42170,17,704,461,3
42186,17,703,442,3
42203,17,702,467,3
42220,17,699,469,3
42236,17,697,477,3
42253,17,699,459,3
42270,17,705,458,3
42286,17,700,455,3
42303,17,703,464,3
42320,17,701,465,3
42336,17,699,463,3
42353,17,699,470,3
42369,17,703,465,3
42386,17,699,462,3
42403,17,702,463,3
42419,17,704,470,3
42436,17,701,458,3
42453,17,706,471,3
42469,17,702,462,3
42486,17,700,463,3
42503,17,699,464,3
42519,17,699,461,3
42536,17,698,474,3
42552,17,699,482,3
42569,17,648,458,3
42586,17,553,388,2
42602,17,501,515,3
42619,17,492,522,3
42636,17,509,434,3
42652,17,506,382,2
42669,17,509,422,3
42686,17,513,410,2
42702,17,514,409,2
42719,17,513,394,2
42735,17,516,401,2
42752,17,509,419,5
42769,17,506,426,3
42785,17,499,437,3
42935,150,450,746,3
42952,17,490,337,4
42968,17,512,238,1
42985,17,514,363,4
43002,17,504,417,5
43018,17,508,427,3
43035,17,510,431,3
43052,17,511,428,3
43068,17,506,425,3
43085,17,502,421,5
43101,17,511,432,3
43118,17,512,427,3
43135,17,513,416,2
43151,17,514,426,3
43168,17,518,439,3
43185,17,495,540,3
43368,183,789,942,0
43384,17,705,877,0
43401,17,769,771,0
43417,17,767,782,0
43434,17,763,699,3
43451,17,770,671,3
43467,17,759,802,0
43484,17,672,851,0
43501,17,560,701,3
43517,17,545,858,0
43534,17,514,860,0
43551,17,522,858,0
43567,17,526,849,0
43584,17,516,865,0
43600,17,530,866,0
43617,17,522,864,0
43634,17,524,774,0
43650,17,560,488,3
43667,17,565,404,2
43684,17,579,391,2
43700,17,572,379,2
43717,17,573,381,2
43734,17,579,385,2
43750,17,580,398,2
43767,17,579,390,2
43783,17,574,402,2
43800,17,576,386,2
43817,17,573,411,2
43833,17,569,416,2
43850,17,575,397,2
43867,17,572,390,2
43883,17,574,404,2
43900,17,572,385,2
43917,17,505,390,2
43933,17,487,369,2
43950,17,486,390,2
43966,17,482,377,2
43983,17,489,379,2
44000,17,484,397,2
44016,17,490,367,2
44033,17,490,392,2
44050,17,486,372,2
44066,17,490,389,2
44083,17,487,380,2
44100,17,486,375,2
44116,17,487,378,2
44133,17,487,379,2
44149,17,488,396,2
44166,17,491,387,2
44183,17,495,384,2
44199,17,485,387,2
44216,17,473,370,2
44233,17,481,378,2
44249,17,475,380,2
44266,17,476,381,2
44283,17,473,378,2
44299,17,478,387,2
44316,17,470,368,2
44332,17,473,395,2
44349,17,470,377,2
44366,17,477,374,2
44382,17,473,385,2
44399,17,476,368,2
44416,17,475,372,2
44432,17,477,387,2
44449,17,476,395,2
44465,17,469,416,2
44615,150,552,304,4
44632,17,548,421,5
44648,17,553,356,4
44665,17,548,419,5
44682,17,549,422,3
44698,17,546,425,3
44715,17,550,415,2
44732,17,546,419,5
44748,17,543,411,2
44765,17,545,412,2
44782,17,538,423,3
44798,17,545,427,3
44815,17,533,497,3
44831,17,535,536,3
44848,17,529,532,3
44865,17,536,534,3
44881,17,530,540,3
44898,17,531,542,3
44915,17,531,547,3
44931,17,534,531,3
44948,17,531,532,3
44965,17,532,555,3
44981,17,531,533,3
44998,17,534,548,3
45014,17,532,546,3
45031,17,534,539,3
45048,17,526,549,3
45064,17,534,551,3
45081,17,518,586,3
45098,17,536,570,3
45114,17,540,583,3
45131,17,521,586,3
45148,17,536,562,3
45164,17,532,573,3
45181,17,533,592,3
45197,17,530,571,3
45214,17,535,582,3
45231,17,528,566,3
45247,17,535,575,3
45264,17,538,564,3
45281,17,533,600,3
45297,17,536,582,3
45314,17,539,582,3
45331,17,545,569,3
45347,17,534,573,3
45364,17,542,579,3
45380,17,591,541,3
45397,17,631,519,3
45414,17,661,459,3
45430,17,667,455,3
45447,17,674,443,3
45464,17,669,443,3
45480,17,676,448,3
45497,17,669,470,3
45513,17,669,458,3
45530,17,669,440,3
45547,17,672,448,3
45563,17,666,437,3
45580,17,676,459,3
45597,17,672,468,3
45613,17,670,476,3
45630,17,672,456,3
45647,17,666,469,3
45663,17,668,469,3
45680,17,667,476,3
45696,17,668,457,3
45713,17,666,451,3
45730,17,666,474,3
45746,17,667,478,3
45763,17,664,468,3
45780,17,663,461,3
45796,17,665,484,3
45813,17,665,477,3
45830,17,666,467,3
45846,17,662,480,3
45863,17,666,466,3
45879,17,689,361,0
45896,17,687,299,0
45913,17,678,285,0
45929,17,681,265,0
45946,17,679,286,0
45963,17,679,272,0
45979,17,678,296,0
45996,17,678,299,0
46013,17,682,275,0
46029,17,680,292,0
46046,17,682,266,0
46062,17,681,297,0
46079,17,681,277,0
46096,17,680,279,0
46112,17,680,284,0
46129,17,680,278,0
46146,17,679,277,0
46162,17,666,304,0
46179,17,569,326,4
46196,17,528,337,4
46212,17,514,355,4
46229,17,513,352,4
46245,17,515,356,4
46262,17,512,355,4
46279,17,516,358,4
46295,17,517,353,4
46312,17,514,357,4
46329,17,513,362,4
46345,17,518,365,2
46362,17,520,344,4
46379,17,513,368,2
46395,17,514,361,4
46412,17,515,357,4
46428,17,507,368,2
46445,17,521,352,4
46462,17,510,360,4
46478,17,513,371,2
46495,17,520,366,2
46512,17,522,359,4
46528,17,512,358,4
46545,17,512,372,2
46562,17,512,376,2
46578,17,511,374,2
46595,17,517,363,4
46611,17,511,373,2
46628,17,510,382,2
46645,17,516,415,2
46661,17,519,395,2
46678,17,523,398,2
46695,17,520,410,2
46711,17,522,409,2
46728,17,518,407,2
46744,17,509,415,2
46761,17,525,405,2
46778,17,516,411,2
46794,17,522,408,2
46811,17,511,435,3
46828,17,525,293,4
47210,383,551,936,0
47227,17,595,884,0
47244,17,591,958,0
47260,17,527,936,0
47277,17,547,919,0
47293,17,565,924,0
47310,17,581,935,0
47327,17,598,952,0
47343,17,533,897,0
47360,17,503,953,0
47377,17,416,916,0
47393,17,449,876,0
47410,17,485,881,0
47427,17,398,890,0
47443,17,408,926,0
47460,17,475,894,0
47476,17,479,888,0
47493,17,436,953,0
47510,17,444,941,0
47526,17,481,896,0
47543,17,481,900,0
47560,17,493,907,0
47576,17,481,901,0
47593,17,492,899,0
47610,17,488,883,0
47626,17,482,642,3
47643,17,499,428,3
47659,17,507,424,3
47676,17,507,425,3
47693,17,509,418,5
47709,17,509,429,3
47726,17,513,431,3
47743,17,508,434,3
47759,17,509,430,3
47776,17,511,426,3
47792,17,510,432,3
47809,17,511,426,3
47826,17,510,433,3
47842,17,511,431,3
47859,17,511,427,3
47876,17,508,435,3
47892,17,504,442,3
47909,17,513,423,3
47926,17,512,424,3
47942,17,508,443,3
47959,17,489,405,2
47975,17,479,382,2
47992,17,486,385,2
48009,17,481,379,2
48025,17,482,377,2
48042,17,476,388,2
48059,17,471,383,2
48075,17,473,380,2
48092,17,477,373,2
48109,17,478,386,2
48125,17,474,390,2
48142,17,478,381,2
48158,17,471,383,2
48175,17,480,378,2
48192,17,479,373,2
48208,17,470,393,2
48225,17,467,406,2
48242,17,471,393,2
48258,17,471,385,2
48275,17,472,384,2
48292,17,468,397,2
48308,17,466,401,2
48325,17,467,393,2
48341,17,466,402,2
48358,17,476,388,2
48375,17,470,388,2
48391,17,476,407,2
48408,17,517,450,3
48425,17,501,465,3
48441,17,512,473,3
48458,17,517,456,3
48475,17,516,470,3
48491,17,515,464,3
48508,17,511,475,3
48524,17,506,476,3
48541,17,515,471,3
48558,17,508,476,3
48574,17,520,462,3
48591,17,514,461,3
48608,17,521,464,3
48624,17,521,464,3
48641,17,518,463,3
48658,17,507,478,3
48674,17,511,475,3
48691,17,518,461,3
48707,17,517,476,3
48724,17,517,464,3
48741,17,515,458,3
48757,17,512,467,3
48774,17,520,475,3
48791,17,520,461,3
48807,17,520,471,3
48824,17,513,487,3
48841,17,514,462,3
48857,17,519,488,3
48874,17,520,473,3
48890,17,515,474,3
48907,17,522,471,3
48924,17,526,460,3
48940,17,508,485,3
48957,17,508,489,3
48974,17,513,480,3
48990,17,517,462,3
49007,17,515,466,3
49023,17,517,473,3
49040,17,523,471,3
49057,17,516,485,3
49073,17,479,533,3
49090,17,471,532,3
49107,17,471,541,3
49123,17,477,530,3
49140,17,468,528,3
49157,17,477,525,3
49173,17,478,533,3
49190,17,474,530,3
49206,17,474,515,3
49223,17,482,526,3
49240,17,448,538,3
49256,17,395,531,3
49273,17,371,543,3
49290,17,372,554,3
49306,17,370,520,3
49323,17,370,547,3
49340,17,372,542,3
49356,17,370,544,3
49373,17,370,545,3
49389,17,363,544,3
49406,17,366,546,3
49423,17,372,541,3
49439,17,373,547,3
49456,17,374,539,3
49473,17,364,544,3
49489,17,372,550,3
49506,17,376,532,3
49523,17,380,489,3
49539,17,389,455,3
49556,17,390,469,3
49572,17,392,468,3
49589,17,392,461,3
49606,17,392,467,3
49622,17,399,464,3
49639,17,394,470,3
49656,17,393,469,3
49672,17,398,471,3
49689,17,398,469,3
49706,17,391,465,3
49722,17,392,465,3
49739,17,398,463,3
49755,17,394,450,3
49772,17,393,468,3
49789,17,462,470,3
49805,17,501,486,3
49822,17,497,488,3
49839,17,495,493,3
49855,17,501,488,3
49872,17,497,490,3
49889,17,500,476,3
49905,17,498,483,3
49922,17,499,483,3
49938,17,503,474,3
49955,17,502,478,3
49972,17,518,484,3
49988,17,622,460,3
50005,17,667,459,3
50022,17,663,480,3
50038,17,670,481,3
50055,17,670,462,3
50071,17,673,454,3
50088,17,673,445,3
50105,17,667,474,3
50121,17,666,462,3
50138,17,669,471,3
50155,17,669,461,3
50171,17,673,467,3
50188,17,668,466,3
50205,17,667,461,3
50221,17,670,470,3
50238,17,668,448,3
50254,17,671,456,3
50271,17,669,502,3
50288,17,670,488,3
50304,17,670,484,3
50321,17,671,503,3
50338,17,669,496,3
50354,17,669,487,3
50371,17,668,496,3
50388,17,665,491,3
50404,17,672,488,3
50421,17,668,491,3
50437,17,669,513,3
50454,17,670,492,3
50471,17,667,491,3
50487,17,667,492,3
50504,17,672,505,3
50521,17,669,501,3
50537,17,611,417,2
50554,17,555,364,4
50571,17,550,373,2
50587,17,547,352,4
50604,17,547,351,4
50620,17,548,374,2
50637,17,551,373,2
50654,17,549,375,2
50670,17,552,369,2
50687,17,551,383,2
50704,17,544,367,2
50720,17,549,372,2
50737,17,553,377,2
50754,17,545,364,4
50770,17,550,368,2
50787,17,545,370,2
50803,17,551,359,4
50820,17,550,362,4
50837,17,540,371,2
50853,17,536,373,2
50870,17,548,361,4
50887,17,546,369,2
50903,17,550,364,4
50920,17,548,376,2
50937,17,552,372,2
50953,17,552,359,4
50970,17,547,374,2
50986,17,555,384,2
51003,17,570,478,3
51020,17,620,227,1
51153,133,1051,465,0
51169,17,1042,134,0
51186,17,1050,147,0
51203,17,1051,164,0
51219,17,1042,190,0
51236,17,1039,180,0
51253,17,1048,161,0
51269,17,1061,165,0
51286,17,1066,177,0
51302,17,1052,183,0
51319,17,1024,207,0
51336,17,1046,176,0
51352,17,1018,206,0
51369,17,1051,214,0
51386,17,1052,189,0
51685,299,743,165,0
51702,17,568,320,4
51718,17,531,361,4
51735,17,513,366,2
51752,17,517,376,2
51768,17,512,381,2
51785,17,513,373,2
51802,17,513,370,2
51818,17,508,376,2
51835,17,509,370,2
51851,17,511,371,2
51868,17,509,381,2
51885,17,522,364,4
51901,17,516,385,2
51918,17,518,385,2
51935,17,512,381,2
51951,17,510,392,2
51968,17,510,375,2
51985,17,511,382,2
52001,17,512,364,4
52018,17,506,376,2
52034,17,505,356,4
52051,17,503,380,2
52068,17,508,376,2
52084,17,508,376,2
52101,17,510,371,2
52118,17,509,379,2
52134,17,512,377,2
52151,17,504,386,2
52168,17,512,364,4
52184,17,503,400,2
52201,17,502,389,2
52217,17,505,375,2
52234,17,509,390,2
52251,17,503,375,2
52267,17,501,383,2
52284,17,505,379,2
52301,17,509,390,2
52317,17,504,384,2
52334,17,488,385,2
52350,17,477,383,2
52367,17,461,380,2
52384,17,470,386,2
52400,17,463,403,2
52417,17,468,395,2
52434,17,469,400,2
52450,17,469,381,2
52467,17,464,387,2
52484,17,467,385,2
52500,17,469,389,2
52517,17,461,385,2
52533,17,464,387,2
52550,17,461,400,2
52567,17,451,377,2
52583,17,469,382,2
52600,17,461,400,2
52617,17,464,395,2
52633,17,468,386,2
52650,17,469,386,2
52667,17,466,385,2
52683,17,471,386,2
52700,17,495,436,3
52716,17,516,506,3
52733,17,510,494,3
52750,17,516,509,3
52766,17,506,502,3
52783,17,508,510,3
52800,17,508,497,3
52816,17,501,506,3
52833,17,512,495,3
52850,17,510,483,3
52866,17,505,491,3
52883,17,512,494,3
52899,17,505,508,3
52916,17,511,499,3
52933,17,504,518,3
52949,17,500,501,3
52966,17,508,438,3
52983,17,502,386,2
52999,17,501,363,4
53016,17,507,357,4
53033,17,505,372,2
53049,17,501,378,2
53066,17,508,349,4
53082,17,512,371,2
53099,17,512,366,2
53116,17,508,356,4
53132,17,513,376,2
53149,17,515,377,2
53166,17,511,375,2
53182,17,473,335,4
53199,17,484,296,4
53216,17,488,284,0
53232,17,483,320,4
53249,17,487,276,0
53265,17,475,294,4
53282,17,475,286,0
53299,17,473,269,0
53315,17,487,299,4
53332,17,485,298,4
53349,17,477,311,4
53365,17,470,292,4
53382,17,482,312,4
53399,17,481,297,4
53415,17,469,305,4
53432,17,470,298,4
53448,17,471,304,4
53465,17,464,291,4
53482,17,468,302,4
53498,17,467,289,4
53515,17,473,314,4
53532,17,495,364,4
53548,17,490,365,2
53565,17,490,359,4
53581,17,494,370,2
53598,17,499,382,2
53615,17,493,373,2
53631,17,505,366,2
53648,17,489,371,2
53665,17,490,369,2
53681,17,500,398,2
53698,17,497,375,2
53715,17,490,382,2
53848,133,409,353,0
53864,17,459,317,4
53881,17,445,385,2
53898,17,454,375,2
53914,17,455,368,2
53931,17,455,396,2
53947,17,459,382,2
53964,17,460,387,2
53981,17,463,425,3
53997,17,464,382,2
54014,17,460,397,2
54031,17,451,390,2
54047,17,463,403,2
54064,17,463,396,2
54081,17,455,394,2
54097,17,489,415,2
54114,17,516,446,3
54130,17,512,458,3
54147,17,524,452,3
54164,17,529,459,3
54180,17,537,464,3
54197,17,528,440,3
54214,17,521,469,3
54230,17,526,467,3
54247,17,514,471,3
54264,17,519,465,3
54280,17,512,472,3
54297,17,529,477,3
54313,17,524,456,3
54330,17,533,459,3
54347,17,526,485,3
54363,17,522,474,3
54380,17,530,479,3
54397,17,527,473,3
54413,17,534,506,3
54430,17,520,476,3
54447,17,532,479,3
54463,17,519,477,3
54480,17,517,444,3
54496,17,537,478,3
54513,17,529,479,3
54530,17,522,481,3
54546,17,528,482,3
54563,17,532,450,3
54580,17,533,482,3
54596,17,514,468,3
54613,17,535,464,3
54630,17,533,480,3
54646,17,526,474,3
54663,17,532,457,3
54679,17,540,434,3
54696,17,532,395,2
54713,17,528,427,3
54729,17,527,386,2
54746,17,527,390,2
54763,17,542,424,3
54779,17,527,419,5
54796,17,533,424,3
54812,17,533,383,2
54829,17,538,417,5
54846,17,530,407,2
54862,17,540,432,3
54879,17,535,398,2
54896,17,538,409,2
54912,17,531,396,2
54929,17,528,389,2
54946,17,533,407,2
54962,17,528,413,2
54979,17,549,452,3
55145,166,762,955,0
55162,17,749,899,0
55178,17,695,903,0
55195,17,653,901,0
55212,17,706,872,0
55228,17,669,865,0
55245,17,746,865,0
55262,17,752,870,0
55278,17,732,878,0
55295,17,743,865,0
55312,17,734,867,0
55328,17,784,875,0
55345,17,788,865,0
55361,17,786,871,0
55378,17,783,870,0
55395,17,785,876,0
55411,17,790,878,0
55428,17,785,878,0
55445,17,799,885,0
55461,17,799,873,0
55478,17,785,878,0
55495,17,790,878,0
55511,17,792,886,0
55528,17,789,878,0
55544,17,789,883,0
55561,17,792,870,0
55578,17,801,885,0
55594,17,801,890,0
55611,17,795,875,0
55628,17,812,873,0
55644,17,800,884,0
55661,17,793,880,0
55678,17,733,707,3
55694,17,641,416,2
55711,17,588,308,4
55727,17,565,409,2
55744,17,557,423,3
55761,17,552,405,2
55777,17,559,442,3
55794,17,565,418,5
55811,17,562,442,3
55827,17,549,437,3
55844,17,557,440,3
55860,17,556,427,3
55877,17,546,416,2
55894,17,562,425,3
55910,17,506,395,2
55927,17,480,380,2
55944,17,474,379,2
55960,17,466,360,4
55977,17,477,382,2
55994,17,464,380,2
56010,17,467,389,2
56027,17,478,373,2
56043,17,475,382,2
56060,17,471,349,4
56077,17,474,373,2
56093,17,481,360,4
56110,17,480,377,2
56127,17,471,359,4
56143,17,466,393,2
56160,17,475,378,2
56177,17,469,396,2
56193,17,465,385,2
56210,17,463,381,2
56226,17,467,374,2
56243,17,464,392,2
56260,17,469,368,2
56276,17,463,370,2
56293,17,462,392,2
56310,17,461,376,2
56326,17,489,380,2
56343,17,472,362,4
56360,17,473,373,2
56376,17,480,371,2
56393,17,472,358,4
56409,17,478,373,2
56426,17,476,373,2
56443,17,474,372,2
56459,17,475,381,2
56476,17,485,372,2
56493,17,481,395,2
56509,17,472,378,2
56526,17,478,384,2
56543,17,477,380,2
56559,17,483,367,2
56576,17,519,412,2
56592,17,508,439,3
56609,17,516,448,3
56626,17,515,455,3
56642,17,508,444,3
56659,17,516,423,3
56676,17,506,435,3
56692,17,508,463,3
56709,17,519,449,3
56726,17,516,457,3
56742,17,515,459,3
56759,17,520,449,3
56775,17,519,429,3
56792,17,505,449,3
56809,17,516,448,3
56825,17,517,443,3
56842,17,518,453,3
56859,17,509,437,3
56875,17,509,449,3
56892,17,517,439,3
56909,17,526,416,2
56925,17,531,410,2
56942,17,527,418,5
56958,17,525,406,2
56975,17,524,409,2
56992,17,531,411,2
57008,17,526,404,2
57025,17,520,413,2
57042,17,528,414,2
57058,17,527,432,3
57075,17,515,435,3
57091,17,532,417,5
57108,17,532,394,2
57125,17,519,419,5
57141,17,525,422,3
57158,17,500,390,2
57175,17,488,380,2
57191,17,478,386,2
57208,17,469,368,2
57225,17,468,372,2
57241,17,477,358,4
57258,17,477,372,2
57274,17,482,376,2
57291,17,477,356,4
57308,17,479,384,2
57324,17,479,360,4
57341,17,472,379,2
57358,17,474,366,2
57374,17,471,380,2
57391,17,474,367,2
57408,17,469,376,2
57424,17,474,375,2
57441,17,473,363,4
57457,17,472,387,2
57474,17,475,354,4
57491,17,468,376,2
57507,17,467,367,2
57524,17,467,380,2
57541,17,467,392,2
57557,17,474,378,2
57574,17,466,381,2
57591,17,466,377,2
57607,17,465,379,2
57624,17,464,386,2
57640,17,468,377,2
57657,17,461,384,2
57674,17,463,351,4
57690,17,467,387,2
57707,17,460,378,2
57724,17,457,380,2
57740,17,464,364,4
57757,17,467,356,4
57774,17,466,353,4
57790,17,462,370,2
57807,17,461,370,2
57823,17,468,373,2
57840,17,458,377,2
57857,17,457,378,2
57873,17,463,367,2
57890,17,466,367,2
57907,17,461,363,4
57923,17,455,369,2
57940,17,515,399,2
57957,17,519,434,3
57973,17,521,402,2
57990,17,522,420,5
58006,17,521,411,2
58023,17,521,410,2
58040,17,520,426,3
58056,17,519,412,2
58073,17,521,410,2
58090,17,521,409,2
58106,17,519,403,2
58123,17,523,412,2
58139,17,521,426,3
58156,17,519,414,2
58173,17,526,406,2
58189,17,507,391,2
58206,17,485,367,2
58223,17,469,379,2
58239,17,473,373,2
58256,17,474,368,2
58273,17,477,375,2
58289,17,478,365,2
58306,17,470,381,2
58322,17,466,389,2
58339,17,471,374,2
58356,17,470,365,2
58372,17,472,387,2
58389,17,522,411,2
58406,17,524,438,3
58422,17,527,447,3
58439,17,524,447,3
58456,17,530,449,3
58472,17,522,450,3
58489,17,525,465,3
58505,17,523,446,3
58522,17,519,463,3
58539,17,531,477,3
58555,17,523,451,3
58572,17,526,465,3
58589,17,527,455,3
58605,17,531,472,3
58622,17,519,472,3
58639,17,519,461,3
58655,17,513,465,3
58672,17,521,449,3
58688,17,527,472,3
58705,17,519,470,3
58722,17,520,479,3
58738,17,528,441,3
58755,17,539,381,2
58772,17,540,381,2
58788,17,536,383,2
58805,17,541,399,2
58822,17,536,390,2
58838,17,545,396,2
58855,17,537,391,2
58871,17,539,393,2
58888,17,539,386,2
58905,17,534,405,2
58921,17,573,468,3
58938,17,631,573,3
59054,116,760,938,0
59121,67,606,917,0
59138,17,664,797,0
59154,17,614,982,0
59171,17,624,960,0
59188,17,637,953,0
59204,17,576,936,0
59221,17,508,879,0
59237,17,462,882,0
59254,17,448,888,0
59271,17,440,921,0
59287,17,441,878,0
59304,17,439,878,0
59321,17,437,877,0
59337,17,442,886,0
59354,17,439,878,0
59370,17,448,880,0
59387,17,442,885,0
59404,17,446,883,0
59420,17,440,889,0
59437,17,441,885,0
59454,17,457,886,0
59470,17,448,887,0
59487,17,448,893,0
59504,17,484,892,0
59520,17,474,905,0
59537,17,485,892,0
59553,17,500,933,0
59570,17,480,896,0
59587,17,494,889,0
59603,17,482,904,0
59620,17,484,900,0
59637,17,415,888,0
59653,17,306,876,0
59670,17,257,851,0
59687,17,255,866,0
59703,17,252,858,0
59720,17,256,859,0
59736,17,261,863,0
59753,17,367,604,3
59770,17,453,483,3
59786,17,553,377,2
59803,17,558,370,2
59820,17,563,349,4
59836,17,562,371,2
59853,17,564,358,4
59870,17,570,349,4
59886,17,571,370,2
59903,17,554,375,2
59919,17,567,373,2
59936,17,564,362,4
59953,17,569,371,2
59969,17,554,372,2
59986,17,566,353,4
60003,17,495,366,2
60019,17,473,368,2
60036,17,481,359,4
60053,17,468,372,2
60069,17,470,384,2
60086,17,473,371,2
60102,17,468,379,2
60119,17,484,367,2
60136,17,482,372,2
60152,17,482,357,4
60169,17,469,372,2
60186,17,481,383,2
60202,17,472,370,2
60219,17,477,365,2
60236,17,477,362,4
60252,17,470,361,4
60269,17,470,372,2
60285,17,485,362,4
60302,17,475,370,2
60319,17,470,385,2
60335,17,469,380,2
60352,17,478,363,4
60369,17,472,371,2
60385,17,473,379,2
60402,17,471,397,2
60418,17,474,374,2
60435,17,472,366,2
60452,17,475,395,2
60468,17,467,384,2
60485,17,475,396,2
60502,17,470,389,2
60518,17,468,397,2
60535,17,476,363,4
60552,17,469,397,2
60568,17,470,375,2
60585,17,486,365,2
60601,17,468,381,2
60618,17,479,389,2
60635,17,467,381,2
60651,17,469,386,2
60668,17,474,380,2
60685,17,475,366,2
60701,17,472,375,2
60718,17,478,383,2
60735,17,476,376,2
60751,17,481,389,2
60768,17,481,404,2
60784,17,481,374,2
60801,17,475,370,2
60818,17,479,391,2
60834,17,438,551,3
60851,17,479,460,3
60934,83,483,752,3
60951,17,513,412,2
60967,17,528,283,0
60984,17,511,401,2
61001,17,526,364,4
61017,17,521,387,2
61034,17,524,404,2
61051,17,534,408,2
61067,17,532,387,2
61084,17,523,397,2
61101,17,526,401,2
61117,17,523,396,2
61134,17,519,414,2
61150,17,522,397,2
61167,17,476,379,2
61184,17,486,378,2
61200,17,480,360,4
61217,17,481,381,2
61234,17,471,375,2
61250,17,486,364,4
61267,17,478,380,2
61284,17,485,381,2
61300,17,471,380,2
61317,17,473,380,2
61333,17,481,373,2
61350,17,479,367,2
61367,17,473,391,2
61383,17,472,377,2
61400,17,474,368,2
61417,17,470,383,2
61433,17,476,370,2
61450,17,475,387,2
61467,17,472,379,2
61483,17,474,390,2
61500,17,482,386,2
61516,17,475,377,2
61533,17,478,378,2
61550,17,477,380,2
61566,17,473,392,2
61583,17,471,391,2
61600,17,478,398,2
61616,17,466,386,2
61633,17,477,386,2
61649,17,472,379,2
61666,17,475,382,2
61683,17,476,397,2
61699,17,475,381,2
61716,17,477,385,2
61733,17,480,375,2
61749,17,477,398,2
61766,17,477,380,2
61783,17,478,385,2
61799,17,480,393,2
61816,17,469,383,2
61832,17,473,370,2
61849,17,475,378,2
61866,17,479,390,2
61882,17,481,383,2
61899,17,476,384,2
61916,17,475,386,2
61932,17,477,389,2
61949,17,473,388,2
61966,17,476,387,2
61982,17,478,375,2
61999,17,526,415,2
62015,17,545,436,3
62032,17,544,434,3
62049,17,548,444,3
62065,17,542,440,3
62082,17,544,440,3
62099,17,546,439,3
62115,17,541,438,3
62132,17,536,437,3
62149,17,540,435,3
62165,17,539,439,3
62182,17,544,439,3
62198,17,543,448,3
62215,17,534,452,3
62232,17,538,455,3
62248,17,532,454,3
62265,17,535,459,3
62282,17,522,470,3
62298,17,511,514,3
62315,17,310,570,3
62465,150,90,685,3
62481,17,93,672,3
62498,17,151,632,3
62515,17,173,503,3
62531,17,95,669,3
62564,33,30,752,3
62581,17,37,714,3
62598,17,40,715,3
62614,17,44,709,3
62631,17,10,752,3
62648,17,14,759,3
62664,17,34,764,3
62681,17,36,712,3
62698,17,39,709,3
62714,17,15,762,3
62731,17,33,763,3
62747,17,41,707,3
62781,33,27,760,3
62797,17,34,755,3
62831,33,140,650,3
62847,17,272,526,3
62864,17,408,438,3
62880,17,520,421,5
62897,17,522,417,5
62914,17,543,402,2
62930,17,545,415,2
62947,17,550,405,2
62964,17,547,414,2
62980,17,550,401,2
62997,17,555,402,2
63014,17,551,381,2
63030,17,550,386,2
63047,17,555,392,2
63063,17,551,398,2
63080,17,557,392,2
63097,17,556,374,2
63113,17,564,395,2
63130,17,552,398,2
63147,17,560,396,2
63163,17,552,411,2
63180,17,554,408,2
63197,17,546,412,2
63213,17,613,389,2
63230,17,726,484,3
63246,17,821,652,3
63263,17,842,726,3
63280,17,841,737,3
63296,17,839,735,3
63313,17,843,726,3
63330,17,839,732,3
63346,17,845,736,3
63363,17,841,733,3
63380,17,847,732,3
63396,17,839,738,3
63413,17,842,741,3
63429,17,838,745,3
63446,17,838,741,3
63463,17,924,730,3
63479,17,1006,713,3
63496,17,1048,699,0
63513,17,1049,704,0
63529,17,1059,698,0
63546,17,1059,701,0
63563,17,1051,711,0
63579,17,1063,706,0
63596,17,1053,716,0
63612,17,1039,722,0
63629,17,1057,715,0
63646,17,1061,703,0
63662,17,1061,709,0
63679,17,1051,710,0
63696,17,1055,717,0
63712,17,1058,707,0
63729,17,1049,705,0
63746,17,1054,708,0
63762,17,1046,708,0
63779,17,1047,702,0
63795,17,1057,710,0
63812,17,1055,722,0
63829,17,1007,637,3
63845,17,843,451,3
63862,17,712,397,2
63879,17,582,392,2
63895,17,555,394,2
63912,17,534,406,2
63928,17,549,382,2
63945,17,548,375,2
63962,17,550,402,2
63978,17,552,394,2
63995,17,551,394,2
64012,17,552,396,2
64028,17,555,406,2
64045,17,555,395,2
64062,17,546,403,2
64078,17,554,395,2
64095,17,556,418,5
64111,17,516,385,2
64128,17,507,386,2
64145,17,501,386,2
64161,17,496,362,4
64178,17,493,381,2
64195,17,495,385,2
64211,17,504,367,2
64228,17,499,352,4
64245,17,502,365,2
64261,17,497,366,2
64278,17,488,363,4
64294,17,500,372,2
64311,17,501,371,2
64328,17,489,388,2
64344,17,493,388,2
64361,17,498,365,2
64378,17,489,387,2
64394,17,502,368,2
64411,17,496,371,2
64428,17,499,382,2
64444,17,494,376,2
64461,17,490,367,2
64477,17,495,386,2
64494,17,491,383,2
64511,17,501,419,5
64527,17,524,456,3
64544,17,507,456,3
64561,17,521,473,3
64577,17,537,460,3
64594,17,529,468,3
64611,17,528,480,3
64627,17,530,451,3
64644,17,526,478,3
64660,17,524,485,3
64677,17,526,466,3
64694,17,509,475,3
64710,17,528,481,3
64727,17,530,470,3
64744,17,521,468,3
64760,17,521,461,3
64777,17,514,468,3
64794,17,519,476,3
64810,17,527,463,3
64827,17,517,489,3
64843,17,520,466,3
64860,17,523,481,3
64877,17,523,457,3
64893,17,520,463,3
64910,17,517,469,3
64927,17,520,460,3
64943,17,526,476,3
64960,17,518,474,3
64977,17,518,487,3
64993,17,521,470,3
65010,17,516,469,3
65026,17,518,455,3
65043,17,521,468,3
65060,17,514,467,3
65076,17,518,471,3
65093,17,513,471,3
65110,17,518,475,3
65126,17,480,413,2
65143,17,478,387,2
65159,17,462,372,2
65176,17,458,373,2
65193,17,455,381,2
65209,17,456,376,2
65226,17,460,371,2
65243,17,457,367,2
65259,17,462,387,2
65276,17,461,385,2
65293,17,461,383,2
65309,17,459,391,2
65326,17,459,367,2
65342,17,456,388,2
65359,17,453,384,2
65376,17,457,385,2
65392,17,459,390,2
65409,17,457,375,2
65426,17,462,379,2
65442,17,456,383,2
65459,17,458,375,2
65476,17,458,376,2
65492,17,456,395,2
65509,17,461,360,4
65525,17,462,366,2
65542,17,457,378,2
65559,17,455,388,2
65575,17,463,388,2
65592,17,466,383,2
65609,17,459,375,2
65625,17,463,377,2
65642,17,462,372,2
65659,17,461,370,2
65675,17,458,373,2
65692,17,457,381,2
65708,17,537,336,4
65725,17,600,285,0
65742,17,609,271,0
65758,17,616,289,0
65775,17,617,287,0
65792,17,618,293,0
65808,17,614,298,0
65825,17,614,280,0
65842,17,610,289,4
65858,17,613,285,0
65875,17,612,280,0
65891,17,611,296,4
65908,17,617,286,0
65925,17,616,287,0
65941,17,614,298,0
65958,17,618,283,0
65975,17,610,294,4
65991,17,615,290,0
66008,17,611,288,4
66025,17,613,279,0
66041,17,616,287,0
66058,17,614,282,0
66074,17,612,292,4
66091,17,611,300,4
66108,17,614,284,0
66124,17,610,281,0
66141,17,612,291,4
66158,17,611,281,0
66174,17,611,293,4
66191,17,610,304,4
66207,17,616,280,0
66224,17,607,298,4
66241,17,610,283,0
66257,17,614,269,0
66274,17,610,300,4
66291,17,612,295,4
66307,17,611,281,0
66324,17,609,293,4
66341,17,610,298,4
66357,17,554,343,4
66374,17,498,363,4
66390,17,522,352,4
66407,17,500,364,4
66424,17,512,380,2
66440,17,505,383,2
66457,17,515,367,2
66474,17,512,378,2
66490,17,516,382,2
66507,17,514,365,2
66524,17,510,382,2
66540,17,511,384,2
66557,17,512,375,2
66573,17,508,369,2
66590,17,511,381,2
66607,17,512,370,2
66623,17,509,380,2
66640,17,513,362,4
66657,17,473,387,2
66673,17,465,381,2
66690,17,464,383,2
66707,17,463,378,2
66723,17,455,390,2
66740,17,459,389,2
66756,17,461,382,2
66773,17,457,387,2
66790,17,460,386,2
66806,17,453,389,2
66823,17,539,396,2
66840,17,518,409,2
66856,17,520,404,2
66873,17,517,414,2
66890,17,506,404,2
66906,17,511,423,3
66923,17,512,405,2
66939,17,518,423,3
66956,17,515,402,2
66973,17,510,427,3
66989,17,515,428,3
67006,17,509,415,2
67023,17,520,418,5
67039,17,518,414,2
67056,17,541,156,1
67073,17,448,765,3
67156,83,459,657,3
67172,17,508,273,0
67189,17,485,448,3
67206,17,454,432,3
67222,17,528,329,4
67239,17,526,389,2
67256,17,514,401,2
67272,17,518,408,2
67289,17,530,391,2
67305,17,528,400,2
67322,17,527,388,2
67339,17,527,391,2
67355,17,525,394,2
67372,17,516,396,2
67389,17,520,399,2
67405,17,517,402,2
67422,17,530,391,2
67438,17,522,412,2
67455,17,435,438,3
67472,17,349,352,0
67488,17,186,651,3
67588,100,76,819,0
67605,17,18,823,0
67621,17,129,772,0
67638,17,141,775,0
67655,17,47,835,0
67671,17,119,772,0
67688,17,166,775,0
67705,17,128,750,3
67721,17,119,745,3
67738,17,127,736,3
67755,17,111,763,3
67771,17,58,802,0
67838,67,301,434,3
67854,17,441,409,2
67871,17,449,359,4
67888,17,453,376,2
67904,17,457,375,2
67921,17,455,393,2
67938,17,454,392,2
67954,17,458,388,2
67971,17,455,386,2
67987,17,454,390,2
68004,17,457,391,2
68021,17,455,388,2
68037,17,453,392,2
68054,17,456,391,2
68071,17,499,364,4
68087,17,485,374,2
68104,17,490,366,2
68121,17,486,374,2
68137,17,489,369,2
68154,17,487,357,4
68170,17,489,353,4
68187,17,490,379,2
68204,17,491,376,2
68220,17,494,367,2
68237,17,496,377,2
68254,17,492,369,2
68270,17,493,360,4
68287,17,491,372,2
68304,17,489,364,4
68320,17,482,395,2
68337,17,490,369,2
68353,17,498,379,2
68370,17,490,375,2
68387,17,488,371,2
68403,17,492,363,4
68420,17,500,376,2
68437,17,493,354,4
68453,17,484,382,2
68470,17,490,372,2
68486,17,495,387,2
68503,17,493,382,2
68520,17,486,374,2
68536,17,485,374,2
68553,17,431,384,2
68570,17,340,322,0
68586,17,326,270,0
68603,17,329,266,0
68620,17,305,285,0
68636,17,326,284,0
68653,17,316,287,0
68669,17,314,272,0
68686,17,341,275,0
68703,17,324,271,0
68719,17,326,264,0
68736,17,321,286,0
68753,17,317,277,0
68769,17,337,258,1
68786,17,332,278,0
68803,17,317,271,0
68819,17,319,284,0
68836,17,331,286,0
68852,17,337,301,0
68869,17,457,361,4
68886,17,486,411,2
68902,17,500,409,2
68919,17,499,403,2
68936,17,501,410,2
68952,17,503,399,2
68969,17,502,406,2
68986,17,503,415,2
69002,17,506,407,2
69019,17,503,422,3
69035,17,497,405,2
69052,17,511,417,5
69069,17,512,412,2
69085,17,504,407,2
69102,17,511,405,2
69119,17,508,412,2
69135,17,465,390,2
69152,17,480,370,2
69169,17,458,387,2
69185,17,464,372,2
69202,17,465,380,2
69218,17,463,384,2
69235,17,474,391,2
69252,17,458,377,2
69268,17,469,382,2
69285,17,463,388,2
69302,17,462,366,2
69318,17,460,368,2
69335,17,461,363,4
69352,17,472,367,2
69368,17,456,384,2
69385,17,465,367,2
69401,17,470,377,2
69418,17,468,378,2
69435,17,456,388,2
69451,17,466,378,2
69468,17,462,387,2
69485,17,462,374,2
69501,17,465,388,2
69518,17,447,385,2
69535,17,457,379,2
69551,17,448,377,2
69568,17,451,389,2
69584,17,447,397,2
69601,17,462,385,2
69618,17,458,381,2
69634,17,484,418,5
69651,17,496,461,3
69668,17,510,440,3
69684,17,520,455,3
69701,17,500,457,3
69717,17,515,458,3
69734,17,502,473,3
69751,17,500,460,3
69767,17,512,444,3
69784,17,516,452,3
69801,17,504,461,3
69817,17,495,469,3
69834,17,505,451,3
69851,17,506,468,3
69867,17,506,387,2
69884,17,495,356,4
69900,17,501,369,2
69917,17,500,365,2
69934,17,494,370,2
69950,17,498,367,2
69967,17,499,365,2
69984,17,492,369,2
70000,17,502,357,4
70017,17,498,362,4
70034,17,489,379,2
70050,17,498,369,2
70067,17,496,361,4
70083,17,487,384,2
70100,17,501,363,4
70117,17,434,322,4
70133,17,409,260,0
70150,17,416,276,0
70167,17,423,253,1
70183,17,421,264,0
70200,17,411,245,1
70217,17,425,251,1
70233,17,416,250,1
70250,17,421,264,0
70266,17,420,261,0
70283,17,415,264,0
70300,17,426,256,1
70316,17,415,280,0
70333,17,432,252,1
70350,17,416,260,0
70366,17,414,266,0
70383,17,422,251,1
70400,17,438,270,0
70416,17,417,266,0
70433,17,482,275,0
70449,17,521,297,4
70466,17,516,296,4
70483,17,505,285,0
70499,17,513,297,4
70516,17,508,291,4
70533,17,504,286,0
70549,17,515,288,4
70566,17,507,265,0
70583,17,511,309,4
70599,17,509,286,0
70616,17,505,272,0
70632,17,504,316,4
70649,17,502,304,4
70666,17,501,267,0
70682,17,504,284,0
70699,17,509,290,4
70716,17,512,283,0
70732,17,507,277,0
70749,17,508,324,4
70765,17,511,298,4
70782,17,506,313,4
70799,17,499,308,4
70815,17,503,310,4
70832,17,510,305,4
70849,17,505,286,0
70865,17,510,292,4
70882,17,532,348,4
70899,17,514,405,2
70915,17,529,420,5
70932,17,523,400,2
70948,17,516,413,2
70965,17,510,408,2
70982,17,512,420,5
70998,17,514,407,2
71015,17,526,402,2
71032,17,524,396,2
71048,17,519,407,2
71065,17,517,401,2
71082,17,520,392,2
71098,17,520,426,3
71115,17,481,617,3
71131,17,541,401,2
71298,166,214,1040,0
71314,17,179,926,0
71331,17,127,910,0
71348,17,164,891,0
71364,17,201,875,0
71381,17,241,895,0
71398,17,330,877,0
71414,17,322,877,0
71431,17,332,897,0
71448,17,337,898,0
71464,17,281,884,0
71481,17,336,887,0
71497,17,331,944,0
71514,17,284,883,0
71531,17,310,916,0
71764,233,509,932,0
71780,17,477,902,0
71797,17,516,957,0
71814,17,517,906,0
71830,17,509,897,0
71847,17,509,892,0
71863,17,516,894,0
71880,17,524,898,0
71897,17,521,889,0
71913,17,517,898,0
71930,17,528,895,0
71947,17,538,886,0
71963,17,529,873,0
71980,17,463,712,3
71996,17,472,575,3
72013,17,479,455,3
72030,17,512,386,2
72046,17,512,373,2
72063,17,513,358,4
72080,17,518,376,2
72096,17,513,377,2
72113,17,514,376,2
72130,17,514,377,2
72146,17,519,374,2
72163,17,518,385,2
72179,17,520,362,4
72196,17,516,382,2
72213,17,521,380,2
72229,17,520,395,2
72246,17,518,360,4
72263,17,517,379,2
72279,17,511,362,4
72296,17,467,373,2
72313,17,482,381,2
72329,17,481,384,2
72346,17,479,392,2
72362,17,476,395,2
72379,17,476,378,2
72396,17,484,376,2
72412,17,481,376,2
72429,17,480,376,2
72446,17,476,379,2
72462,17,490,374,2
72479,17,487,382,2
72496,17,487,382,2
72512,17,479,367,2
72529,17,471,391,2
72545,17,481,386,2
72562,17,476,363,4
72579,17,479,383,2
72595,17,477,374,2
72612,17,479,373,2
72629,17,470,374,2
72645,17,470,370,2
72662,17,478,378,2
72679,17,474,377,2
72695,17,462,393,2
72712,17,468,386,2
72728,17,473,379,2
72745,17,486,400,2
72762,17,476,383,2
72778,17,468,392,2
72795,17,473,398,2
72812,17,475,403,2
72828,17,468,389,2
72845,17,467,401,2
72862,17,471,378,2
72878,17,471,391,2
72895,17,467,392,2
72911,17,467,380,2
72928,17,475,401,2
72945,17,473,385,2
72961,17,475,404,2
72978,17,473,392,2
72995,17,476,415,2
73011,17,469,396,2
73028,17,477,389,2
73044,17,479,419,3
73061,17,469,396,2
73078,17,455,400,2
73094,17,470,401,2
73111,17,481,405,2
73128,17,469,379,2
73144,17,454,396,2
73161,17,470,399,2
73178,17,466,396,2
73194,17,466,404,2
73211,17,473,374,2
73227,17,464,399,2
73244,17,461,376,2
73261,17,460,387,2
73277,17,467,392,2
73294,17,469,397,2
73311,17,473,384,2
73327,17,464,400,2
73344,17,485,400,2
73361,17,469,392,2
73377,17,470,416,2
73394,17,473,371,2
73410,17,479,392,2
73427,17,476,392,2
73444,17,481,385,2
73460,17,472,388,2
73477,17,480,402,2
73494,17,469,399,2
73510,17,485,402,2
73527,17,467,387,2
73544,17,477,370,2
73560,17,472,390,2
73577,17,472,378,2
73593,17,471,394,2
73610,17,468,399,2
73627,17,469,402,2
73643,17,462,387,2
73660,17,472,398,2
73677,17,473,370,2
73693,17,474,391,2
73710,17,471,379,2
73727,17,474,401,2
73743,17,471,384,2
73760,17,475,388,2
73776,17,479,396,2
73793,17,479,390,2
73810,17,479,405,2
73826,17,476,387,2
73843,17,471,378,2
73860,17,480,366,2
73876,17,478,406,2
73893,17,473,388,2
73910,17,483,401,2
73926,17,474,389,2
73943,17,471,403,2
73959,17,483,408,2
73976,17,474,418,3
73993,17,470,418,3
74009,17,470,379,2
74026,17,485,386,2
74043,17,483,398,2
74059,17,475,393,2
74076,17,475,409,2
74093,17,473,403,2
74109,17,487,403,2
74126,17,479,419,3
74142,17,474,399,2
74159,17,478,397,2
74176,17,471,422,3
74192,17,466,383,2
74209,17,477,406,2
74226,17,476,401,2
74242,17,470,391,2
74259,17,467,395,2
74275,17,476,380,2
74292,17,470,391,2
74309,17,468,419,3
74325,17,472,395,2
74342,17,472,392,2
74359,17,469,380,2
74375,17,470,404,2
74392,17,473,401,2
74409,17,473,414,2
74425,17,478,401,2
74442,17,484,416,2
74458,17,479,415,2
74475,17,467,408,2
74492,17,485,399,2
74508,17,481,380,2
74525,17,470,401,2
74542,17,481,433,3
74558,17,474,418,3
74575,17,473,407,2
74592,17,467,394,2
74608,17,483,423,3
74625,17,480,407,2
74641,17,474,407,2
74658,17,472,410,2
74675,17,482,409,2
74691,17,483,416,2
74708,17,470,395,2
74725,17,464,434,3
74741,17,427,732,3
74758,17,669,479,3
74791,33,481,735,3
74808,17,499,488,3
74824,17,500,502,3
74841,17,506,415,2
74858,17,505,398,2
74874,17,511,403,2
74891,17,499,432,3
74908,17,519,439,3
74924,17,519,435,3
74941,17,516,445,3
74958,17,515,430,3
74974,17,510,427,3
74991,17,513,434,3
75007,17,510,441,3
75024,17,512,427,3
75041,17,508,434,3
75057,17,512,416,2
75074,17,516,449,3
75091,17,468,753,3
75290,200,541,990,0
75307,17,473,877,0
75324,17,543,883,0
75340,17,555,831,0
75357,17,544,871,0
75373,17,549,865,0
75390,17,561,861,0
75407,17,544,870,0
75423,17,557,862,0
75440,17,553,860,0
75457,17,561,856,0
75473,17,549,877,0
75490,17,478,921,0
75506,17,492,918,0
75523,17,485,914,0
75540,17,486,919,0
75556,17,479,919,0
75573,17,489,912,0
75590,17,491,924,0
75606,17,487,929,0
75623,17,422,893,0
75640,17,483,917,0
75656,17,497,909,0
75673,17,497,921,0
75689,17,494,914,0
75706,17,483,933,0
75723,17,490,916,0
75739,17,497,910,0
75756,17,486,935,0
75773,17,492,914,0
75789,17,496,906,0
75806,17,488,895,0
75823,17,507,657,3
75839,17,511,518,3
75856,17,525,421,5
75872,17,521,414,2
75889,17,526,389,2
75906,17,530,406,2
75922,17,531,407,2
75939,17,526,411,2
75956,17,535,416,2
75972,17,528,394,2
75989,17,524,393,2
76006,17,526,405,2
76022,17,535,413,2
76039,17,518,405,2
76055,17,523,419,5
76072,17,525,412,2
76089,17,526,425,3
76105,17,527,412,2
76122,17,500,398,2
76139,17,508,386,2
76155,17,507,385,2
76172,17,496,393,2
76189,17,493,388,2
76205,17,502,385,2
76222,17,501,385,2
76238,17,502,388,2
76255,17,495,380,2
76272,17,497,400,2
76288,17,499,379,2
76305,17,494,397,2
76322,17,502,401,2
76338,17,500,388,2
76355,17,498,380,2
76372,17,493,397,2
76388,17,492,405,2
76405,17,496,379,2
76421,17,494,397,2
76438,17,491,387,2
76455,17,501,424,3
76471,17,504,411,2
76488,17,496,421,5
76505,17,488,411,2
76521,17,493,414,2
76538,17,497,400,2
76554,17,496,401,2
76571,17,492,386,2
76588,17,487,397,2
76604,17,493,383,2
76621,17,489,398,2
76638,17,482,416,2
76654,17,403,473,3
76671,17,394,467,3
76688,17,383,462,3
76704,17,356,485,3
76721,17,377,484,3
76737,17,378,479,3
76754,17,378,471,3
76771,17,381,486,3
76787,17,396,491,3
76804,17,367,469,3
76821,17,378,473,3
76837,17,384,468,3
76854,17,398,484,3
76871,17,374,475,3
76887,17,372,487,3
76904,17,385,497,3
76920,17,387,462,3
76937,17,401,483,3
76954,17,387,488,3
76970,17,372,483,3
76987,17,387,483,3
77004,17,381,486,3
77020,17,379,496,3
77037,17,370,497,3
77054,17,376,479,3
77070,17,367,481,3
77087,17,383,488,3
77103,17,368,500,3
77120,17,383,499,3
77137,17,374,488,3
77153,17,376,488,3
77170,17,371,484,3
77187,17,389,499,3
77203,17,378,483,3
77220,17,382,513,3
77237,17,373,476,3
77253,17,362,491,3
77270,17,383,502,3
77286,17,376,502,3
77303,17,384,483,3
77320,17,372,492,3
77336,17,381,498,3
77353,17,377,491,3
77370,17,361,475,3
77386,17,372,497,3
77403,17,367,492,3
77420,17,370,485,3
77436,17,359,484,3
77453,17,369,503,3
77469,17,372,498,3
77486,17,371,485,3
77503,17,370,470,3
77519,17,379,486,3
77536,17,371,463,3
77553,17,369,499,3
77569,17,359,482,3
77586,17,356,499,3
77603,17,362,477,3
77619,17,371,495,3
77636,17,371,498,3
77652,17,379,500,3
77669,17,368,479,3
77686,17,371,498,3
77702,17,369,488,3
77719,17,374,501,3
77736,17,367,485,3
77752,17,371,482,3
77769,17,441,460,3
77785,17,479,437,3
77802,17,484,420,5
77819,17,492,408,2
77835,17,497,436,3
77852,17,489,412,2
77869,17,497,419,5
77885,17,492,418,5
77902,17,500,409,2
77919,17,493,402,2
77935,17,488,415,2
77952,17,489,413,2
77968,17,495,410,2
77985,17,490,394,2
78002,17,483,408,2
78018,17,483,414,2
78035,17,488,389,2
78052,17,491,425,3
78068,17,485,432,3
78085,17,487,429,3
78102,17,477,421,3
78118,17,483,411,2
78135,17,493,423,3
78151,17,497,437,3
78168,17,463,427,3
78185,17,308,501,3
78201,17,176,617,3
78218,17,10,772,0
78235,17,52,865,0
78251,17,37,834,0
78268,17,23,715,3
78285,17,36,655,3
78301,17,46,643,3
78318,17,37,662,3
78334,17,43,655,3
78351,17,40,672,3
78368,17,52,690,3
78384,17,42,697,3
78401,17,44,698,3
78418,17,49,686,3
78434,17,46,701,3
78451,17,48,697,3
78468,17,69,676,3
78484,17,225,570,3
78501,17,344,478,3
78517,17,428,409,2
78534,17,470,424,3
78551,17,482,406,2
78567,17,487,392,2
78584,17,492,404,2
78601,17,489,403,2
78617,17,499,392,2
78634,17,502,393,2
78651,17,491,384,2
78667,17,494,366,2
78684,17,497,404,2
78700,17,488,386,2
78717,17,506,397,2
78734,17,491,373,2
78750,17,492,376,2
78767,17,498,410,2
78784,17,496,423,3
78800,17,482,387,2
78817,17,482,429,3
78833,17,488,447,3
78850,17,483,432,3
78867,17,520,349,4
78883,17,525,414,2
78900,17,523,400,2
78917,17,530,397,2
78933,17,542,422,3
78950,17,530,422,3
78967,17,531,407,2
78983,17,535,392,2
79000,17,531,410,2
79016,17,523,441,3
79033,17,495,355,4
79183,150,407,801,0
79199,17,464,496,3
79216,17,491,458,3
79233,17,517,457,3
79249,17,507,505,3
79266,17,494,486,3
79283,17,506,490,3
79299,17,499,489,3
79316,17,511,483,3
79333,17,494,503,3
79349,17,510,498,3
79366,17,504,494,3
79382,17,478,498,3
79399,17,330,701,3
79416,17,234,823,0
79432,17,194,869,0
79449,17,207,871,0
79466,17,214,874,0
79482,17,199,870,0
79499,17,210,874,0
79516,17,215,872,0
79532,17,202,867,0
79549,17,189,875,0
79565,17,220,863,0
79582,17,200,868,0
79599,17,206,866,0
79615,17,223,876,0
79632,17,245,884,0
79649,17,238,889,0
79665,17,251,886,0
79682,17,229,895,0
79699,17,254,889,0
79715,17,201,875,0
79732,17,227,876,0
79748,17,239,855,0
79765,17,381,893,0
79782,17,483,894,0
79798,17,519,892,0
79815,17,515,880,0
79832,17,513,885,0
79848,17,518,894,0
79865,17,510,893,0
79882,17,523,878,0
79898,17,507,896,0
79915,17,519,880,0
79931,17,514,884,0
79948,17,509,875,0
79965,17,513,616,3
79981,17,509,378,2
79998,17,486,419,5
80015,17,479,398,2
80031,17,486,394,2
80048,17,483,395,2
80064,17,487,406,2
80081,17,488,410,2
80098,17,489,401,2
80114,17,484,407,2
80131,17,489,411,2
80148,17,484,405,2
80164,17,484,418,5
80181,17,481,397,2
80198,17,492,414,2
80214,17,484,402,2
80231,17,499,413,2
80247,17,488,413,2
80264,17,484,408,2
80281,17,501,420,5
80297,17,481,396,2
80314,17,486,385,2
80331,17,486,380,2
80347,17,481,396,2
80364,17,484,405,2
80381,17,491,381,2
80397,17,484,384,2
80414,17,485,397,2
80430,17,487,389,2
80447,17,486,405,2
80464,17,494,389,2
80480,17,490,387,2
80497,17,486,401,2
80514,17,489,386,2
80530,17,491,381,2
80547,17,487,382,2
80564,17,487,380,2
80580,17,482,399,2
80597,17,481,393,2
80613,17,482,398,2
80630,17,478,387,2
80647,17,485,389,2
80663,17,482,377,2
80680,17,487,395,2
80697,17,485,409,2
80713,17,495,402,2
80730,17,483,382,2
80747,17,477,382,2
80763,17,492,401,2
80780,17,480,398,2
80796,17,481,407,2
80813,17,477,389,2
80830,17,479,406,2
80846,17,482,372,2
80863,17,485,388,2
80880,17,479,401,2
80896,17,479,400,2
80913,17,476,422,3
80930,17,470,439,3
80946,17,506,446,3
81079,133,627,908,0
81096,17,555,922,0
81112,17,595,952,0
81129,17,546,937,0
81146,17,609,862,0
81162,17,612,947,0
81179,17,601,840,0
81196,17,588,852,0
81212,17,600,850,0
81229,17,617,922,0
81246,17,551,907,0
81262,17,564,881,0
81279,17,529,840,0
81295,17,468,908,0
81312,17,464,881,0
81329,17,438,934,0
81345,17,515,912,0
81362,17,524,873,0
81379,17,524,849,0
81395,17,460,902,0
81412,17,513,885,0
81429,17,493,864,0
81445,17,523,884,0
81462,17,513,939,0
81478,17,523,877,0
81495,17,530,811,0
81512,17,523,889,0
81528,17,510,891,0
81545,17,495,909,0
81562,17,528,881,0
81578,17,473,878,0
81595,17,469,883,0
81612,17,529,873,0
81628,17,530,872,0
81645,17,525,882,0
81661,17,539,918,0
81678,17,459,920,0
81695,17,458,935,0
81711,17,529,868,0
81728,17,521,889,0
81745,17,520,884,0
81761,17,523,873,0
81778,17,521,877,0
81795,17,517,877,0
81811,17,492,911,0
81828,17,526,867,0
81844,17,518,896,0
81861,17,517,896,0
81878,17,531,909,0
81894,17,537,908,0
81911,17,518,880,0
81928,17,460,908,0
81944,17,525,875,0
81961,17,459,935,0
81978,17,472,853,0
82111,133,358,462,3
82127,17,521,599,3
82144,17,467,484,3
82161,17,480,352,4
82177,17,490,409,2
82194,17,501,406,2
82210,17,513,408,2
82227,17,511,385,2
82244,17,513,434,3
82260,17,509,447,3
82277,17,501,423,3
82294,17,500,426,3
82310,17,510,441,3
82327,17,512,425,3
82343,17,507,419,5
82360,17,507,407,2
82377,17,494,372,2
82393,17,492,374,2
82410,17,496,404,2
82427,17,495,403,2
82443,17,487,403,2
82460,17,496,394,2
82477,17,493,402,2
82493,17,491,386,2
82510,17,489,394,2
82526,17,479,377,2
82543,17,490,371,2
82560,17,494,393,2
82576,17,485,409,2
82593,17,487,384,2
82610,17,490,397,2
82626,17,485,356,4
82643,17,493,377,2
82660,17,493,384,2
82676,17,487,369,2
82693,17,496,415,2
82709,17,484,374,2
82726,17,485,379,2
82743,17,488,391,2
82759,17,485,384,2
82776,17,487,400,2
82793,17,481,390,2
82809,17,491,361,4
82826,17,494,371,2
82843,17,487,377,2
82859,17,484,379,2
82876,17,491,389,2
82892,17,497,401,2
82909,17,492,386,2
82926,17,532,419,5
82942,17,522,395,2
82959,17,525,401,2
82976,17,532,399,2
82992,17,527,405,2
83009,17,526,390,2
83026,17,523,413,2
83042,17,521,394,2
83059,17,521,402,2
83075,17,529,402,2
83092,17,525,404,2
83109,17,520,418,5
83125,17,512,450,3
83142,17,468,718,3
83342,200,481,721,3
83358,17,474,419,3
83375,17,479,405,2
83392,17,528,378,2
83408,17,536,375,2
83425,17,539,374,2
83441,17,530,377,2
83458,17,534,407,2
83475,17,541,384,2
83491,17,542,355,4
83508,17,517,329,4
83525,17,368,344,0
83541,17,179,663,3
83558,17,121,670,3
83574,17,44,840,0
83591,17,16,825,0
83624,33,75,958,0
83674,50,39,785,0
83691,17,106,769,0
83708,17,9,732,3
83724,17,9,742,3
83741,17,51,746,3
83757,17,66,725,3
83774,17,164,589,3
83791,17,300,467,3
83807,17,426,397,2
83824,17,497,383,2
83841,17,500,388,2
83857,17,498,382,2
83874,17,504,399,2
83891,17,510,386,2
83907,17,504,389,2
83924,17,502,377,2
83940,17,508,393,2
83957,17,492,391,2
83974,17,509,372,2
83990,17,494,377,2
84007,17,505,385,2
84024,17,511,387,2
84040,17,503,379,2
84057,17,512,392,2
84074,17,505,372,2
84090,17,505,386,2
84107,17,507,381,2
84123,17,495,364,4
84140,17,494,380,2
84157,17,478,388,2
84173,17,473,385,2
84190,17,491,397,2
84207,17,473,380,2
84223,17,480,393,2
84240,17,486,397,2
84257,17,476,370,2
84273,17,479,381,2
84290,17,479,378,2
84306,17,477,383,2
84323,17,483,392,2
84340,17,477,379,2
84356,17,483,387,2
84373,17,474,372,2
84390,17,466,408,2
84406,17,481,386,2
84423,17,472,395,2
84440,17,494,407,2
84456,17,479,397,2
84473,17,473,386,2
84489,17,474,387,2
84506,17,471,375,2
84523,17,482,390,2
84539,17,480,380,2
84556,17,476,387,2
84573,17,480,386,2
84589,17,483,379,2
84606,17,478,411,2
84622,17,485,392,2
84639,17,474,384,2
84656,17,481,393,2
84672,17,478,375,2
84689,17,473,363,4
84706,17,483,390,2
84722,17,475,391,2
84739,17,490,390,2
84756,17,480,391,2
84772,17,481,377,2
84789,17,474,394,2
84805,17,476,388,2
84822,17,494,386,2
84839,17,469,384,2
84855,17,471,386,2
84872,17,479,396,2
84889,17,477,381,2
84905,17,481,400,2
84922,17,466,381,2
84939,17,478,389,2
84955,17,473,391,2
84972,17,479,389,2
84988,17,469,395,2
85005,17,462,403,2
85022,17,472,394,2
85038,17,476,396,2
85055,17,514,316,4
85072,17,561,267,0
85088,17,569,215,1
85105,17,578,225,1
85122,17,575,227,1
85138,17,581,242,1
85155,17,571,199,1
85171,17,558,242,1
85188,17,570,232,1
85205,17,573,227,1
85221,17,563,219,1
85238,17,578,211,1
85255,17,576,229,1
85271,17,563,226,1
85288,17,573,201,1
85305,17,573,238,1
85321,17,574,210,1
85338,17,572,212,1
85354,17,570,229,1
85371,17,563,230,1
85388,17,572,221,1
85404,17,576,204,1
85421,17,564,217,1
85438,17,570,225,1
85454,17,570,219,1
85471,17,572,203,1
85488,17,576,224,1
85504,17,568,240,1
85521,17,579,227,1
85537,17,566,216,1
85554,17,505,322,4
85571,17,516,340,4
85587,17,507,341,4
85604,17,518,339,4
85621,17,511,350,4
85637,17,507,355,4
85654,17,508,348,4
85671,17,506,379,2
85687,17,507,354,4
85704,17,505,347,4
85720,17,478,375,2
85737,17,484,372,2
85754,17,474,371,2
85770,17,481,386,2
85787,17,481,397,2
85804,17,479,391,2
85820,17,478,374,2
85837,17,478,375,2
85853,17,474,367,2
85870,17,477,366,2
85887,17,479,380,2
85903,17,475,394,2
85920,17,478,398,2
85937,17,480,372,2
85953,17,479,388,2
85970,17,476,397,2
85987,17,479,379,2
86003,17,480,394,2
86020,17,475,381,2
86036,17,488,385,2
86053,17,478,393,2
86070,17,473,396,2
86086,17,476,402,2
86103,17,476,384,2
86120,17,481,365,2
86136,17,482,393,2
86153,17,481,378,2
86170,17,476,410,2
86186,17,482,383,2
86203,17,481,374,2
86219,17,476,387,2
86236,17,481,393,2
86253,17,481,396,2
86269,17,478,369,2
86286,17,477,394,2
86303,17,483,383,2
86319,17,483,384,2
86336,17,474,380,2
86353,17,478,387,2
86369,17,482,382,2
86386,17,473,404,2
86402,17,480,381,2
86419,17,480,388,2
86436,17,481,387,2
86452,17,479,393,2
86469,17,489,391,2
86486,17,478,393,2
86502,17,482,388,2
86519,17,574,381,2
86536,17,637,383,2
86552,17,666,366,2
86569,17,681,367,2
86585,17,677,340,0
86602,17,681,361,0
86619,17,677,378,2
86635,17,684,341,0
86652,17,669,376,2
86669,17,685,344,0
86685,17,678,384,2
86702,17,673,359,0
86719,17,680,369,2
86735,17,683,351,0
86752,17,676,364,0
86768,17,681,362,0
86785,17,686,364,0
86802,17,676,372,2
86818,17,704,356,0
86835,17,686,325,0
86852,17,681,366,2
86868,17,680,332,0
86885,17,698,356,0
86901,17,678,376,2
86918,17,564,377,2
86935,17,517,398,2
86951,17,515,413,2
86968,17,512,390,2
86985,17,520,399,2
87001,17,508,397,2
87018,17,516,408,2
87035,17,508,413,2
87051,17,519,404,2
87068,17,504,406,2
87084,17,512,412,2
87101,17,523,401,2
87118,17,517,397,2
87134,17,507,417,5
87151,17,508,405,2
87168,17,516,419,5
87184,17,530,470,3
87201,17,567,698,3
87284,83,843,994,0
87301,17,850,672,3
87317,17,854,777,0
87334,17,862,622,3
87351,17,845,569,3
87367,17,852,500,3
87384,17,839,509,3
87401,17,852,537,3
87417,17,841,546,3
87434,17,842,539,3
87450,17,855,531,3
87467,17,854,525,3
87484,17,859,545,3
87500,17,862,545,3
87517,17,848,542,3
87534,17,918,629,3
87550,17,998,679,3
87567,17,1018,675,3
87584,17,1021,703,3
87600,17,1025,692,0
87617,17,1016,708,3
87633,17,1029,695,0
87650,17,1028,685,0
87667,17,1018,712,3
87683,17,1030,696,0
87700,17,1022,685,3
87717,17,1025,692,0
87733,17,1016,706,3
87750,17,987,725,3
87767,17,1033,719,0
87783,17,1029,720,0
87800,17,1030,711,0
87816,17,1036,724,0
87833,17,1051,708,0
87850,17,1035,716,0
87866,17,1037,717,0
87883,17,1030,728,0
87900,17,1043,720,0
87916,17,1034,716,0
87933,17,1041,714,0
87950,17,916,573,3
87966,17,778,431,3
87983,17,640,376,2
87999,17,530,394,2
88016,17,545,421,5
88033,17,526,397,2
88049,17,531,415,2
88066,17,535,414,2
88083,17,526,412,2
88099,17,533,416,2
88116,17,533,417,5
88132,17,531,411,2
88149,17,532,436,3
88166,17,545,397,2
88182,17,538,417,5
88199,17,538,404,2
88216,17,520,424,3
88232,17,536,413,2
88249,17,539,421,5
88266,17,533,413,2
88282,17,530,430,3
88299,17,522,430,3
88315,17,540,410,2
88332,17,490,413,2
88349,17,469,385,2
88365,17,479,385,2
88382,17,467,413,2
88399,17,472,382,2
88415,17,460,389,2
88432,17,472,399,2
88449,17,472,409,2
88465,17,471,386,2
88482,17,466,405,2
88498,17,468,414,2
88515,17,448,406,2
88532,17,459,395,2
88548,17,463,416,2
88565,17,462,389,2
88582,17,462,409,2
88598,17,462,399,2
88615,17,450,392,2
88632,17,459,410,2
88648,17,462,397,2
88665,17,455,368,2
88681,17,462,426,3
88698,17,456,407,2
88715,17,455,411,2
88731,17,455,387,2
88748,17,448,391,2
88765,17,463,404,2
88781,17,464,408,2
88798,17,453,404,2
88815,17,452,401,2
88831,17,459,383,2
88848,17,470,401,2
88864,17,468,401,2
88881,17,450,417,2
88898,17,458,408,2
88914,17,461,392,2
88931,17,461,408,2
88948,17,463,419,3
88964,17,465,414,2
88981,17,449,403,2
88998,17,463,408,2
89014,17,462,420,3
89031,17,458,410,2
89047,17,457,413,2
89064,17,456,414,2
89081,17,452,422,3
89097,17,452,407,2
89114,17,469,412,2
89131,17,459,401,2
89147,17,467,422,3
89164,17,452,422,3
89180,17,465,415,2
89197,17,467,420,3
89214,17,464,424,3
89230,17,455,397,2
89247,17,378,400,2
89264,17,326,404,2
89280,17,328,372,2
89297,17,315,401,2
89314,17,309,399,2
89330,17,316,394,2
89347,17,330,411,2
89363,17,327,403,2
89380,17,323,397,2
89397,17,339,403,2
89413,17,324,396,2
89430,17,322,390,2
89447,17,324,375,2
89463,17,342,399,2
89480,17,328,400,2
89497,17,321,389,2
89513,17,321,390,2
89530,17,315,393,2
89546,17,319,395,2
89563,17,394,405,2
89580,17,470,417,2
89596,17,475,396,2
89613,17,482,413,2
89630,17,472,419,3
89646,17,479,424,3
89663,17,489,414,2
89680,17,487,419,5
89696,17,481,421,3
89713,17,492,419,5
89729,17,483,414,2
89746,17,477,420,3
89763,17,476,421,3
89779,17,486,428,3
89796,17,482,417,2
89813,17,479,410,2
89829,17,500,436,3
89846,17,486,423,3
89863,17,483,421,3
89879,17,492,409,2
89896,17,490,431,3
89912,17,474,407,2
89929,17,477,408,2
89946,17,479,442,3
89962,17,479,417,2
89979,17,482,414,2
89996,17,491,420,5
90012,17,472,427,3
90029,17,475,428,3
90046,17,484,446,3
90062,17,477,428,3
90079,17,486,427,3
90095,17,482,452,3
90112,17,487,421,5
90129,17,483,424,3
90145,17,516,475,3
90162,17,514,489,3
90179,17,506,486,3
90195,17,508,486,3
90212,17,510,486,3
90229,17,514,475,3
90245,17,507,482,3
90262,17,503,491,3
90278,17,503,482,3
90295,17,503,488,3
90312,17,511,490,3
90328,17,511,473,3
90345,17,527,493,3
90362,17,540,490,3
90378,17,629,451,3
90395,17,657,468,3
90411,17,666,453,3
90428,17,655,421,3
90445,17,659,431,3
90461,17,668,444,3
90478,17,664,449,3
90495,17,653,485,3
90511,17,661,478,3
90528,17,654,479,3
90545,17,659,490,3
90561,17,653,469,3
90578,17,649,455,3
90594,17,652,464,3
90611,17,657,467,3
90628,17,650,464,3
90644,17,661,447,3
90661,17,660,477,3
90678,17,658,502,3
90694,17,652,467,3
90711,17,670,446,3
90728,17,662,470,3
90744,17,662,473,3
90761,17,656,481,3
90777,17,668,473,3
90794,17,670,464,3
90811,17,666,461,3
90827,17,666,458,3
90844,17,670,452,3
90861,17,669,487,3
90877,17,678,473,3
90894,17,632,443,3
90911,17,543,412,2
90927,17,538,430,3
90944,17,528,409,2
90960,17,523,430,3
90977,17,534,425,3
90994,17,525,419,5
91010,17,530,425,3
91027,17,528,418,5
91044,17,529,420,5
91060,17,532,431,3
91077,17,536,443,3
91094,17,528,445,3
91110,17,530,447,3
91127,17,544,448,3
91143,17,532,437,3
91160,17,517,490,3
91177,17,508,768,0
91393,216,528,686,3
91410,17,462,504,3
91426,17,431,406,2
91443,17,551,383,2
91460,17,550,355,4
91476,17,548,410,2
91493,17,559,418,5
91509,17,541,411,2
91526,17,553,422,3
91543,17,556,438,3
91559,17,551,413,2
91576,17,548,417,5
91593,17,555,417,5
91609,17,548,417,5
91626,17,556,423,3
91642,17,548,417,5
91659,17,560,431,3
91676,17,559,432,3
91692,17,556,420,5
91709,17,552,418,5
91726,17,559,410,2
91742,17,559,434,3
91759,17,559,392,2
91776,17,566,441,3
91792,17,558,394,2
91809,17,566,421,5
91825,17,556,420,5
91842,17,555,428,3
91859,17,551,401,2
91875,17,561,380,2
91892,17,500,687,3
91992,100,503,380,2
92008,17,374,500,3
92025,17,506,353,4
92042,17,536,344,4
92058,17,534,352,4
92075,17,549,403,2
92092,17,545,395,2
92108,17,538,365,2
92125,17,537,377,2
92142,17,539,388,2
92158,17,540,383,2
92175,17,545,382,2
92191,17,540,379,2
92208,17,499,384,2
92225,17,487,396,2
92241,17,488,366,2
92258,17,487,394,2
92275,17,482,377,2
92291,17,480,380,2
92308,17,481,382,2
92325,17,489,384,2
92341,17,484,393,2
92358,17,470,388,2
92374,17,474,380,2
92391,17,484,391,2
92408,17,491,403,2
92424,17,489,396,2
92441,17,483,403,2
92458,17,480,400,2
92474,17,485,383,2
92491,17,473,391,2
92508,17,474,371,2
92524,17,485,406,2
92541,17,484,384,2
92557,17,482,388,2
92574,17,476,379,2
92591,17,477,395,2
92607,17,470,402,2
92624,17,479,391,2
92641,17,484,403,2
92657,17,479,403,2
92674,17,478,398,2
92690,17,468,391,2
92707,17,477,416,2
92724,17,469,387,2
92740,17,468,404,2
92757,17,470,403,2
92774,17,475,391,2
92790,17,476,392,2
92807,17,474,377,2
92824,17,477,394,2
92840,17,474,394,2
92857,17,482,397,2
92873,17,481,418,3
92890,17,464,409,2
92907,17,474,409,2
92923,17,471,401,2
92940,17,474,399,2
92957,17,478,403,2
92973,17,468,403,2
92990,17,468,400,2
93007,17,472,393,2
93023,17,477,396,2
93040,17,477,388,2
93056,17,468,392,2
93073,17,462,393,2
93090,17,475,391,2
93106,17,480,402,2
93123,17,475,393,2
93140,17,475,380,2
93156,17,476,400,2
93173,17,471,386,2
93190,17,473,401,2
93206,17,463,384,2
93223,17,467,372,2
93239,17,475,388,2
93256,17,467,394,2
93273,17,474,391,2
93289,17,480,381,2
93306,17,463,394,2
93323,17,469,391,2
93339,17,464,379,2
93356,17,468,389,2
93373,17,469,395,2
93389,17,474,395,2
93406,17,461,404,2
93422,17,467,381,2
93439,17,463,395,2
93456,17,476,391,2
93472,17,463,390,2
93489,17,468,398,2
93506,17,465,400,2
93522,17,471,396,2
93539,17,409,455,3
93556,17,268,531,3
93572,17,154,669,3
93589,17,55,736,3
93605,17,21,749,3
93639,33,60,767,0
93655,17,5,758,3
93672,17,73,707,3
93689,17,71,731,3
93705,17,10,771,0
93739,33,13,758,3
93755,17,7,766,3
93772,17,6,768,0
93855,83,17,777,0
93888,33,13,766,3
93921,33,29,783,0
93938,17,38,781,0
93971,33,116,856,0
93988,17,183,844,0
94005,17,218,871,0
94021,17,204,882,0
94038,17,208,881,0
94055,17,209,886,0
94071,17,195,889,0
94088,17,199,886,0
94104,17,214,880,0
94121,17,218,890,0
94138,17,208,888,0
94154,17,218,874,0
94171,17,219,893,0
94188,17,203,888,0
94204,17,211,870,0
94221,17,215,879,0
94238,17,299,911,0
94254,17,429,893,0
94271,17,477,888,0
94287,17,485,879,0
94304,17,484,878,0
94321,17,486,962,0
94337,17,484,895,0
94354,17,486,898,0
94371,17,491,882,0
94387,17,498,888,0
94404,17,476,891,0
94421,17,481,895,0
94437,17,487,893,0
94454,17,478,887,0
94470,17,490,896,0
94487,17,483,894,0
94504,17,490,877,0
94520,17,446,892,0
94537,17,453,899,0
94554,17,453,887,0
94570,17,457,898,0
94587,17,457,909,0
94604,17,447,911,0
94620,17,461,888,0
94637,17,456,895,0
94653,17,459,892,0
94670,17,458,905,0
94687,17,454,891,0
94703,17,452,886,0
94720,17,448,900,0
94737,17,455,893,0
94753,17,461,888,0
94770,17,476,898,0
94787,17,466,897,0
94803,17,452,904,0
94820,17,451,895,0
94836,17,461,896,0
94853,17,458,907,0
94870,17,457,885,0
94886,17,430,885,0
94903,17,452,905,0
94920,17,465,906,0
94936,17,464,893,0
94953,17,466,894,0
94969,17,456,905,0
94986,17,462,883,0
95003,17,375,909,0
95019,17,453,899,0
95036,17,465,895,0
95053,17,468,908,0
95069,17,454,902,0
95086,17,470,890,0
95103,17,460,891,0
95119,17,465,902,0
95136,17,467,899,0
95152,17,469,888,0
95169,17,462,892,0
95186,17,471,895,0
95202,17,472,881,0
95219,17,449,894,0
95236,17,464,902,0
95252,17,465,899,0
95269,17,455,891,0
95286,17,455,886,0
95302,17,452,887,0
95319,17,460,904,0
95335,17,463,901,0
95352,17,455,899,0
95369,17,454,896,0
95385,17,469,894,0
95402,17,459,889,0
95419,17,460,894,0
95435,17,459,885,0
95452,17,466,886,0
95469,17,463,890,0
95485,17,468,889,0
95502,17,465,890,0
95518,17,467,898,0
95535,17,464,893,0
95552,17,464,900,0
95568,17,468,905,0
95585,17,462,900,0
95602,17,460,904,0
95618,17,465,898,0
95635,17,475,893,0
95652,17,412,923,0
95668,17,472,897,0
95685,17,460,897,0
95701,17,472,898,0
95718,17,471,902,0
95735,17,467,894,0
95751,17,474,884,0
95768,17,474,900,0
95785,17,468,894,0
95801,17,469,887,0
95818,17,480,878,0
95835,17,470,896,0
95851,17,468,895,0
95868,17,472,893,0
95884,17,481,884,0
95901,17,467,885,0
95918,17,487,884,0
95934,17,463,889,0
95951,17,469,889,0
95968,17,467,889,0
95984,17,489,879,0
96001,17,417,856,0
96018,17,479,891,0
96034,17,478,893,0
96051,17,391,926,0
96067,17,481,879,0
96084,17,478,885,0
96101,17,474,882,0
96117,17,476,889,0
96134,17,400,908,0
96151,17,474,885,0
96167,17,480,892,0
96184,17,484,886,0
96200,17,490,878,0
96217,17,480,891,0
96234,17,480,894,0
96250,17,485,875,0
96267,17,479,886,0
96284,17,485,899,0
96300,17,484,877,0
96317,17,494,889,0
96334,17,481,886,0
96350,17,486,901,0
96367,17,477,747,3
96383,17,513,559,3
96400,17,536,294,4
96417,17,542,402,2
96433,17,528,446,3
96450,17,531,428,3
96467,17,533,438,3
96483,17,536,440,3
96500,17,538,434,3
96517,17,529,425,3
96533,17,533,418,5
96550,17,532,437,3
96566,17,543,404,2
96583,17,540,410,2
96600,17,533,426,3
96616,17,544,427,3
96633,17,536,423,3
96650,17,541,436,3
96666,17,531,440,3
96683,17,545,428,3
96700,17,541,449,3
96716,17,529,443,3
96733,17,541,423,3
96749,17,539,422,3
96766,17,535,397,2
96783,17,537,422,3
96799,17,534,442,3
96816,17,540,440,3
96833,17,548,437,3
96849,17,536,431,3
96866,17,540,423,3
96883,17,546,414,2
96899,17,541,430,3
96916,17,542,428,3
96932,17,543,420,5
96949,17,543,422,3
96966,17,544,424,3
96982,17,539,421,5
96999,17,493,421,5
97016,17,489,389,2
97032,17,482,404,2
97049,17,484,395,2
97066,17,483,392,2
97082,17,481,383,2
97099,17,479,389,2
97115,17,468,388,2
97132,17,481,389,2
97149,17,485,393,2
97165,17,481,386,2
97182,17,479,391,2
97199,17,480,397,2
97215,17,481,380,2
97232,17,482,387,2
97248,17,489,393,2
97265,17,487,391,2
97282,17,483,383,2
97298,17,477,385,2
97315,17,481,393,2
97332,17,483,376,2
97348,17,468,387,2
97365,17,469,393,2
97382,17,475,387,2
97398,17,476,382,2
97415,17,477,395,2
97431,17,479,397,2
97448,17,475,388,2
97465,17,463,393,2
97481,17,480,388,2
97498,17,473,401,2
97515,17,478,375,2
97531,17,479,383,2
97548,17,478,379,2
97565,17,475,377,2
97581,17,460,376,2
97598,17,471,386,2
97614,17,468,379,2
97631,17,463,375,2
97648,17,474,391,2
97664,17,476,386,2
97681,17,469,387,2
97698,17,475,371,2
97714,17,475,378,2
97731,17,469,388,2
97748,17,464,378,2
97764,17,470,373,2
97781,17,471,395,2
97797,17,467,376,2
97814,17,467,390,2
97831,17,467,372,2
97847,17,464,376,2
97864,17,466,373,2
97881,17,467,373,2
97897,17,468,380,2
97914,17,470,380,2
97931,17,478,376,2
97947,17,488,375,2
97964,17,481,390,2
97980,17,484,368,2
97997,17,486,373,2
98014,17,487,370,2
98030,17,484,378,2
98047,17,491,371,2
98064,17,493,384,2
98080,17,487,394,2
98097,17,486,393,2
98114,17,484,372,2
98130,17,484,388,2
98147,17,476,350,4
98213,67,422,646,3
98230,17,492,524,3
98247,17,498,391,2
98263,17,459,401,2
98280,17,517,344,4
98297,17,523,323,4
98313,17,522,359,4
98330,17,518,388,2
98346,17,513,391,2
98363,17,512,402,2
98380,17,516,386,2
98396,17,513,385,2
98413,17,521,377,2
98430,17,519,387,2
98446,17,509,382,2
98463,17,510,391,2
98479,17,511,395,2
98496,17,464,375,2
98513,17,446,368,2
98529,17,451,356,4
98546,17,451,361,4
98563,17,452,373,2
98579,17,445,373,2
98596,17,443,374,2
98613,17,447,365,2
98629,17,446,347,4
98646,17,448,353,4
98662,17,441,353,4
98679,17,443,348,4
98696,17,450,351,4
98712,17,464,365,2
98729,17,463,378,2
98746,17,464,368,2
98762,17,473,366,2
98779,17,468,373,2
98796,17,472,376,2
98812,17,460,372,2
98829,17,473,361,4
98845,17,464,373,2
98862,17,465,362,4
98879,17,465,365,2
98895,17,467,354,4
98912,17,467,363,4
98929,17,468,373,2
98945,17,469,378,2
98962,17,459,383,2
98979,17,460,371,2
98995,17,461,373,2
99012,17,458,388,2
99028,17,467,384,2
99045,17,462,377,2
99062,17,488,409,2
99078,17,525,406,2
99095,17,522,390,2
99112,17,530,397,2
99128,17,527,389,2
99145,17,525,397,2
99162,17,526,401,2
99178,17,529,405,2
99195,17,523,400,2
99211,17,527,403,2
99228,17,519,403,2
99245,17,515,408,2
99261,17,508,405,2
99278,17,271,594,3
99461,183,500,593,3
99478,17,551,344,4
99494,17,545,164,1
99511,17,534,133,1
99527,17,536,375,2
99544,17,519,396,2
99561,17,527,402,2
99577,17,529,397,2
99594,17,534,391,2
99611,17,535,398,2
99627,17,541,397,2
99644,17,522,406,2
99661,17,541,388,2
99677,17,537,388,2
99694,17,528,394,2
99710,17,535,393,2
99727,17,523,386,2
99744,17,515,413,2
99760,17,489,422,3
99777,17,502,408,2
99794,17,492,406,2
99810,17,497,411,2
99827,17,495,413,2
99844,17,496,408,2
99860,17,498,422,3
99877,17,497,420,5
99893,17,498,413,2
99910,17,498,418,5
99927,17,504,413,2
99943,17,406,491,3
99960,17,282,578,3
99977,17,225,650,3
99993,17,216,648,3
100010,17,216,656,3
100027,17,233,648,3
100043,17,225,652,3
100060,17,343,520,3
100076,17,456,433,3
100093,17,538,360,4
100110,17,548,354,4
100126,17,557,336,4
100143,17,555,345,4
100160,17,560,346,4
100176,17,558,349,4
100193,17,558,344,4
100210,17,550,352,4
100226,17,551,348,4
100243,17,543,344,4
100259,17,555,337,4
100276,17,494,371,2
100293,17,441,377,2
100309,17,443,365,2
100326,17,440,376,2
100343,17,443,376,2
100359,17,440,379,2
100376,17,438,378,2
100393,17,441,380,2
100409,17,443,358,4
100426,17,440,378,2
100442,17,442,370,2
100459,17,441,375,2
100476,17,447,376,2
100492,17,458,366,2
100509,17,459,365,2
100526,17,463,364,4
100542,17,462,345,4
100559,17,461,356,4
100576,17,461,365,2
100592,17,462,377,2
100609,17,465,314,4
100625,17,462,230,1
100642,17,471,221,1
100659,17,468,231,1
100675,17,470,237,1
100692,17,469,229,1
100709,17,471,231,1
100725,17,475,237,1
100742,17,470,248,1
100758,17,471,231,1
100775,17,460,240,1
100792,17,479,223,1
100808,17,475,247,1
100825,17,458,241,1
100842,17,471,229,1
100858,17,481,231,1
100875,17,469,237,1
100892,17,471,227,1
100908,17,524,232,1
100925,17,580,176,1
100941,17,585,187,1
100958,17,593,187,1
100975,17,595,167,1
100991,17,591,177,1
101008,17,595,172,1
101025,17,593,170,1
101041,17,592,182,1
101058,17,595,185,1
101075,17,597,180,1
101091,17,586,203,1
101108,17,564,194,1
101124,17,558,199,1
101141,17,562,202,1
101158,17,558,203,1
101174,17,555,206,1
101191,17,561,204,1
101208,17,555,206,1
101224,17,557,193,1
101241,17,559,207,1
101258,17,562,202,1
101274,17,559,200,1
101291,17,556,220,1
101307,17,559,197,1
101324,17,556,206,1
101341,17,558,210,1
101357,17,559,208,1
101374,17,559,207,1
101391,17,552,210,1
101407,17,500,233,1
101424,17,470,215,1
101441,17,439,241,1
101457,17,457,245,1
101474,17,451,238,1
101490,17,450,237,1
101507,17,453,233,1
101524,17,447,229,1
101540,17,457,230,1
101557,17,448,237,1
101574,17,449,233,1
101590,17,449,243,1
101607,17,446,253,1
101624,17,449,241,1
101640,17,452,245,1
101657,17,448,236,1
101673,17,447,235,1
101690,17,445,249,1
101707,17,450,234,1
101723,17,433,254,1
101740,17,435,375,2
101757,17,518,276,0
101840,83,423,699,3
101856,17,416,453,3
101873,17,421,443,3
101890,17,509,206,1
101906,17,503,388,2
101923,17,495,422,3
101940,17,500,430,3
101956,17,490,432,3
101973,17,496,421,5
101989,17,494,410,2
102006,17,500,400,2
102023,17,499,404,2
102039,17,496,405,2
102056,17,492,422,3
102073,17,497,425,3
102089,17,519,475,3
102106,17,504,489,3
102123,17,517,482,3
102139,17,512,479,3
102156,17,503,494,3
102172,17,517,483,3
102189,17,501,501,3
102206,17,516,490,3
102222,17,509,492,3
102239,17,513,475,3
102256,17,503,491,3
102272,17,506,531,3
102289,17,509,538,3
102306,17,508,531,3
102322,17,507,551,3
102339,17,499,532,3
102355,17,507,524,3
102372,17,510,541,3
102389,17,503,528,3
102405,17,502,538,3
102422,17,501,550,3
102439,17,505,539,3
102455,17,495,549,3
102472,17,508,535,3
102489,17,497,522,3
102505,17,505,529,3
102522,17,500,537,3
102538,17,511,535,3
102555,17,509,541,3
102572,17,504,527,3
102588,17,505,543,3
102605,17,502,538,3
102622,17,499,542,3
102638,17,509,530,3
102655,17,504,537,3
102672,17,509,545,3
102688,17,513,534,3
102705,17,505,538,3
102721,17,507,533,3
102738,17,502,539,3
102755,17,519,537,3
102771,17,505,530,3
102788,17,507,555,3
102805,17,500,539,3
102821,17,503,539,3
102838,17,501,532,3
102855,17,507,529,3
102871,17,506,541,3
102888,17,508,540,3
102904,17,501,539,3
102921,17,507,542,3
102938,17,498,545,3
102954,17,509,529,3
102971,17,502,532,3
102988,17,496,543,3
103004,17,505,536,3
103021,17,506,551,3
103037,17,504,551,3
103054,17,500,532,3
103071,17,500,529,3
103087,17,499,538,3
103104,17,522,427,3
103121,17,518,407,2
103137,17,530,390,2
103154,17,527,385,2
103171,17,529,380,2
103187,17,536,385,2
103204,17,528,393,2
103220,17,533,387,2
103237,17,532,406,2
103254,17,529,386,2
103270,17,525,384,2
103287,17,527,385,2
103304,17,530,399,2
103320,17,534,376,2
103337,17,525,387,2
103354,17,532,381,2
103370,17,520,397,2
103387,17,503,284,0
103570,183,325,808,0
103586,17,274,783,0
103603,17,308,782,0
103620,17,268,785,0
103636,17,315,784,0
103653,17,377,810,0
103670,17,477,917,0
103686,17,477,848,0
103703,17,473,931,0
103720,17,468,931,0
103736,17,471,930,0
103753,17,475,847,0
103769,17,468,934,0
103786,17,457,939,0
103803,17,456,938,0
103819,17,449,941,0
103836,17,440,934,0
103853,17,423,935,0
103869,17,409,933,0
103886,17,467,857,0
103903,17,436,938,0
103919,17,429,855,0
103936,17,394,933,0
103952,17,463,935,0
103969,17,439,932,0
103986,17,465,882,0
104002,17,467,883,0
104019,17,452,892,0
104036,17,464,883,0
104052,17,469,887,0
104069,17,464,890,0
104086,17,478,886,0
104102,17,473,890,0
104119,17,462,891,0
104135,17,471,869,0
104152,17,427,663,3
104169,17,468,540,3
104185,17,380,252,1
104202,17,509,393,2
104219,17,509,417,5
104235,17,507,408,2
104252,17,497,421,5
104268,17,510,417,5
104285,17,508,418,5
104302,17,488,432,3
104318,17,507,439,3
104335,17,510,418,5
104352,17,511,417,5
104368,17,508,403,2
104385,17,503,410,2
104402,17,508,417,5
104418,17,508,419,5
104435,17,504,423,3
104451,17,512,419,5
104468,17,509,434,3
104485,17,515,432,3
104501,17,511,437,3
104518,17,516,425,3
104535,17,501,407,2
104551,17,511,434,3
104568,17,507,430,3
104585,17,513,423,3
104601,17,510,426,3
104618,17,509,420,5
104634,17,505,443,3
104651,17,479,385,2
104668,17,474,395,2
104684,17,474,394,2
104701,17,473,409,2
104718,17,476,404,2
104734,17,468,413,2
104751,17,483,393,2
104768,17,480,404,2
104784,17,472,408,2
104801,17,473,393,2
104817,17,468,407,2
104834,17,479,397,2
104851,17,472,391,2
104867,17,470,397,2
104884,17,473,387,2
104901,17,471,388,2
104917,17,471,390,2
104934,17,475,409,2
104951,17,472,408,2
104967,17,465,412,2
104984,17,469,400,2
105000,17,472,402,2
105017,17,466,389,2
105034,17,471,399,2
105050,17,470,392,2
105067,17,465,401,2
105084,17,471,403,2
105100,17,474,387,2
105117,17,473,395,2
105134,17,463,384,2
105150,17,464,393,2
105167,17,470,390,2
105183,17,468,396,2
105200,17,467,398,2
105217,17,462,407,2
105233,17,468,396,2
105250,17,474,379,2
105267,17,478,396,2
105283,17,480,404,2
105300,17,483,392,2
105316,17,468,377,2
105333,17,479,393,2
105350,17,470,397,2
105366,17,469,390,2
105383,17,471,406,2
105400,17,480,396,2
105416,17,479,404,2
105433,17,470,403,2
105450,17,484,407,2
105466,17,480,399,2
105483,17,476,395,2
105499,17,482,382,2
105516,17,472,399,2
105533,17,475,402,2
105549,17,473,399,2
105566,17,475,388,2
105583,17,475,414,2
105599,17,463,401,2
105616,17,471,404,2
105633,17,467,396,2
105649,17,484,382,2
105666,17,469,392,2
105682,17,472,384,2
105699,17,471,403,2
105716,17,478,396,2
105732,17,476,397,2
105749,17,467,406,2
105766,17,474,397,2
105782,17,467,389,2
105799,17,465,408,2
105816,17,477,412,2
105832,17,466,411,2
105849,17,477,409,2
105865,17,470,393,2
105882,17,469,417,2
105899,17,464,430,3
105915,17,468,406,2
105932,17,469,423,3
105949,17,470,402,2
105965,17,461,400,2
105982,17,475,397,2
105999,17,469,399,2
106015,17,470,390,2
106032,17,473,406,2
106048,17,466,413,2
106065,17,472,409,2
106082,17,464,405,2
106098,17,472,404,2
106115,17,476,409,2
106132,17,477,408,2
106148,17,471,392,2
106165,17,461,397,2
106182,17,471,401,2
106198,17,472,394,2
106215,17,467,397,2
106231,17,473,393,2
106248,17,456,405,2
106265,17,461,443,3
106281,17,462,474,3
106298,17,421,791,0
106348,50,441,333,4
106365,17,433,464,3
106381,17,467,339,4
106398,17,447,445,3
106414,17,450,434,3
106431,17,467,383,2
106448,17,464,378,2
106464,17,463,388,2
106481,17,465,399,2
106498,17,451,393,2
106514,17,465,388,2
106531,17,466,404,2
106547,17,469,387,2
106564,17,470,392,2
106581,17,474,400,2
106597,17,467,381,2
106614,17,472,394,2
106631,17,464,395,2
106647,17,470,399,2
106664,17,466,391,2
106681,17,466,372,2
106697,17,462,400,2
106714,17,460,394,2
106730,17,465,392,2
106747,17,468,388,2
106764,17,467,384,2
106780,17,465,389,2
106797,17,468,383,2
106814,17,467,382,2
106830,17,460,386,2
106847,17,462,390,2
106864,17,463,390,2
106880,17,471,399,2
106897,17,466,369,2
106913,17,463,387,2
106930,17,460,396,2
106947,17,471,374,2
106963,17,462,370,2
106980,17,466,402,2
106997,17,472,373,2
107013,17,460,396,2
107030,17,473,396,2
107047,17,460,394,2
107063,17,466,395,2
107080,17,466,390,2
107096,17,466,389,2
107113,17,460,403,2
107130,17,463,392,2
107146,17,466,394,2
107163,17,462,394,2
107180,17,460,388,2
107196,17,461,393,2
107213,17,462,387,2
107230,17,459,409,2
107246,17,462,398,2
107263,17,465,391,2
107279,17,460,390,2
107296,17,471,385,2
107313,17,463,388,2
107329,17,465,392,2
107346,17,463,387,2
107363,17,465,381,2
107379,17,460,400,2
107396,17,464,420,3
107413,17,461,400,2
107429,17,460,395,2
107446,17,468,394,2
107462,17,466,390,2
107479,17,466,406,2
107496,17,468,401,2
107512,17,466,405,2
107529,17,463,419,3
107546,17,466,423,3
107562,17,463,407,2
107579,17,465,387,2
107595,17,463,401,2
107612,17,468,410,2
107629,17,464,402,2
107645,17,470,405,2
107662,17,473,400,2
107679,17,469,404,2
107695,17,465,399,2
107712,17,466,398,2
107729,17,460,410,2
107745,17,464,421,3
107762,17,463,392,2
107778,17,460,397,2
107795,17,468,409,2
107812,17,466,404,2
107828,17,469,407,2
107845,17,464,407,2
107862,17,468,385,2
107878,17,461,407,2
107895,17,465,394,2
107912,17,467,406,2
107928,17,464,408,2
107945,17,465,395,2
107961,17,473,384,2
107978,17,466,384,2
107995,17,465,417,2
108011,17,467,396,2
108028,17,467,396,2
108045,17,470,402,2
108061,17,468,399,2
108078,17,474,402,2
108095,17,476,399,2
108111,17,456,393,2
108128,17,461,412,2
108144,17,469,407,2
108161,17,468,410,2
108178,17,464,405,2
108194,17,460,409,2
108211,17,465,413,2
108228,17,469,424,3
108244,17,465,400,2
108261,17,468,402,2
108278,17,470,401,2
108294,17,468,420,3
108311,17,470,402,2
108327,17,462,399,2
108344,17,446,400,2
108361,17,465,410,2
108377,17,464,410,2
108394,17,457,415,2
108411,17,470,400,2
108427,17,486,383,2
108444,17,492,390,2
108461,17,492,412,2
108477,17,481,410,2
108494,17,495,398,2
108510,17,485,411,2
108527,17,488,388,2
108544,17,496,399,2
108560,17,487,390,2
108577,17,479,402,2
108594,17,488,399,2
108610,17,492,399,2
108627,17,486,396,2
108644,17,489,400,2
108660,17,492,393,2
108677,17,488,396,2
108693,17,495,398,2
108710,17,483,402,2
108727,17,485,396,2
108743,17,487,411,2
108760,17,487,395,2
108777,17,493,399,2
108793,17,490,402,2
108810,17,484,406,2
108826,17,489,403,2
108843,17,490,401,2
108860,17,488,394,2
108876,17,492,393,2
108893,17,485,403,2
108910,17,482,395,2
108926,17,490,414,2
108943,17,486,398,2
108960,17,487,393,2
108976,17,486,389,2
108993,17,487,397,2
109009,17,487,406,2
109026,17,485,409,2
109043,17,483,387,2
109059,17,483,395,2
109076,17,479,417,2
109093,17,483,404,2
109109,17,475,400,2
109126,17,477,400,2
109143,17,473,403,2
109159,17,476,400,2
109176,17,476,409,2
109192,17,474,402,2
109209,17,472,403,2
109226,17,478,409,2
109242,17,479,378,2
109259,17,470,379,2
109276,17,471,374,2
109292,17,479,406,2
109309,17,470,395,2
109326,17,478,405,2
109342,17,479,391,2
109359,17,478,394,2
109375,17,471,389,2
109392,17,472,411,2
109409,17,462,401,2
109425,17,464,362,4
109442,17,455,319,4
109459,17,448,282,0
109475,17,449,281,0
109492,17,447,280,0
109509,17,452,284,0
109525,17,444,285,0
109542,17,448,276,0
109558,17,445,285,0
109575,17,441,260,0
109592,17,449,283,0
109608,17,444,260,0
109625,17,444,272,0
109642,17,444,280,0
109658,17,442,284,0
109675,17,442,286,0
109692,17,439,280,0
109708,17,444,291,4
109725,17,509,374,2
109741,17,493,426,3
109758,17,504,435,3
109775,17,503,413,2
109791,17,491,436,3
109808,17,506,420,5
109825,17,499,420,5
109841,17,501,434,3
109858,17,493,419,5
109874,17,501,438,3
109891,17,503,432,3
109908,17,502,454,3
109924,17,474,692,3
110091,166,434,699,3
110107,17,471,387,2
110124,17,486,219,1
110141,17,480,419,3
110157,17,488,409,2
110174,17,485,412,2
110191,17,475,413,2
110207,17,474,401,2
110224,17,472,418,3
110240,17,475,399,2
110257,17,477,399,2
110274,17,473,394,2
110290,17,464,411,2
110307,17,471,402,2
110324,17,473,422,3
110340,17,477,415,2
110357,17,470,398,2
110374,17,475,422,3
110390,17,474,399,2
110407,17,461,408,2
110423,17,469,396,2
110440,17,463,419,3
110457,17,466,399,2
110473,17,468,412,2
110490,17,472,397,2
110507,17,468,398,2
110523,17,459,411,2
110540,17,475,393,2
110557,17,476,400,2
110573,17,486,431,3
110590,17,514,471,3
110606,17,512,452,3
110623,17,511,479,3
110640,17,509,476,3
110656,17,509,483,3
110673,17,515,479,3
110690,17,521,468,3
110706,17,521,476,3
110723,17,503,485,3
110740,17,516,476,3
110756,17,516,484,3
110773,17,511,491,3
110789,17,510,473,3
110806,17,509,468,3
110823,17,500,483,3
110839,17,515,481,3
110856,17,513,492,3
110873,17,515,482,3
110889,17,506,491,3
110906,17,518,449,3
110923,17,438,518,3
111039,116,477,648,3
111056,17,450,478,3
111072,17,454,449,3
111089,17,486,375,2
111105,17,490,452,3
111122,17,485,469,3
111139,17,487,456,3
111155,17,483,450,3
111172,17,474,470,3
111189,17,490,456,3
111205,17,519,401,2
111222,17,520,406,2
111239,17,527,407,2
111255,17,524,400,2
111272,17,518,401,2
111288,17,517,399,2
111305,17,517,420,5
111322,17,514,396,2
111338,17,522,413,2
111355,17,517,256,1
111854,499,518,952,0
111871,17,363,945,0
111887,17,325,956,0
111904,17,302,1021,0
111921,17,314,960,0
111937,17,327,958,0
111954,17,251,943,0
111971,17,316,937,0
111987,17,321,950,0
112004,17,304,933,0
112020,17,317,1011,0
112037,17,329,968,0
112054,17,242,952,0
112070,17,261,1057,0
112087,17,277,930,0
112104,17,302,938,0
112120,17,238,963,0
112137,17,275,1000,0
112154,17,424,659,3
112170,17,437,596,3
112187,17,494,497,3
112203,17,518,463,3
112220,17,513,476,3
112237,17,525,465,3
112253,17,522,487,3
112270,17,510,491,3
112287,17,513,455,3
112303,17,501,486,3
112320,17,511,500,3
112336,17,517,482,3
112353,17,507,471,3
112370,17,518,416,2
112386,17,520,361,4
112403,17,508,390,2
112420,17,504,400,2
112436,17,509,405,2
112453,17,516,382,2
112470,17,505,407,2
112486,17,508,383,2
112503,17,496,405,2
112519,17,509,396,2
112536,17,516,393,2
112553,17,517,379,2
112569,17,509,386,2
112586,17,492,410,2
112603,17,502,387,2
112619,17,502,394,2
112636,17,522,389,2
112653,17,498,421,5
112669,17,510,361,4
112686,17,502,402,2
112702,17,502,399,2
112719,17,495,417,5
112736,17,497,411,2
112752,17,504,376,2
112769,17,499,384,2
112786,17,497,401,2
112802,17,493,407,2
112819,17,495,384,2
112836,17,493,424,3
112852,17,499,424,3
112869,17,490,422,3
112885,17,466,386,2
112902,17,481,396,2
112919,17,466,389,2
112935,17,451,401,2
112952,17,466,405,2
112969,17,465,410,2
112985,17,471,409,2
113002,17,477,402,2
113019,17,460,411,2
113035,17,464,403,2
113052,17,453,393,2
113068,17,454,423,3
113085,17,468,408,2
113102,17,471,432,3
113118,17,455,388,2
113135,17,455,384,2
113152,17,460,401,2
113168,17,452,405,2
113185,17,459,410,2
113202,17,459,397,2
113218,17,460,417,2
113235,17,453,393,2
113251,17,457,430,3
113268,17,462,398,2
113285,17,452,395,2
113301,17,447,389,2
113318,17,455,377,2
113335,17,457,382,2
113351,17,451,374,2
113368,17,453,390,2
113384,17,450,370,2
113401,17,455,360,4
113418,17,456,394,2
113434,17,451,402,2
113451,17,448,394,2
113468,17,451,393,2
113484,17,450,392,2
113501,17,449,387,2
113518,17,452,390,2
113534,17,501,455,3
113551,17,495,476,3
113567,17,507,468,3
113584,17,488,490,3
113601,17,513,469,3
113617,17,507,473,3
113634,17,511,491,3
113651,17,513,475,3
113667,17,506,480,3
113684,17,509,493,3
113701,17,511,498,3
113717,17,509,483,3
113734,17,522,467,3
113750,17,499,423,3
113767,17,796,768,0
113917,150,341,472,3
113933,17,476,438,3
113950,17,490,220,1
113967,17,497,369,2
113983,17,491,429,3
114000,17,494,432,3
114017,17,490,404,2
114033,17,498,417,5
114050,17,495,424,3
114067,17,489,449,3
114083,17,476,393,2
114100,17,479,385,2
114116,17,474,400,2
114133,17,478,388,2
114150,17,476,405,2
114166,17,472,402,2
114183,17,475,406,2
114200,17,476,400,2
114216,17,484,393,2
114233,17,468,398,2
114250,17,464,393,2
114266,17,480,396,2
114283,17,470,387,2
114299,17,480,390,2
114316,17,477,399,2
114333,17,489,402,2
114349,17,489,400,2
114366,17,487,398,2
114383,17,476,387,2
114399,17,475,399,2
114416,17,478,407,2
114433,17,486,404,2
114449,17,494,385,2
114466,17,472,394,2
114482,17,480,391,2
114499,17,485,383,2
114516,17,491,407,2
114532,17,479,403,2
114549,17,487,371,2
114566,17,473,381,2
114582,17,476,393,2
114599,17,472,373,2
114615,17,487,393,2
114632,17,487,387,2
114649,17,482,406,2
114665,17,465,400,2
114682,17,482,397,2
114699,17,473,402,2
114715,17,482,402,2
114732,17,478,436,3
114749,17,474,397,2
114765,17,469,375,2
114782,17,480,407,2
114798,17,479,412,2
114815,17,486,380,2
114832,17,476,398,2
114848,17,471,384,2
114865,17,475,413,2
114882,17,483,391,2
114898,17,482,383,2
114915,17,477,389,2
114932,17,475,380,2
114948,17,476,369,2
114965,17,481,384,2
114981,17,482,406,2
114998,17,484,405,2
115015,17,482,373,2
115031,17,475,383,2
115048,17,486,365,2
115065,17,486,390,2
115081,17,484,403,2
115098,17,472,371,2
115115,17,483,375,2
115131,17,482,377,2
115148,17,484,358,4
115164,17,477,367,2
115181,17,491,403,2
115198,17,524,394,2
115214,17,519,417,5
115231,17,519,436,3
115248,17,523,419,5
115264,17,530,414,2
115281,17,525,390,2
115298,17,535,435,3
115314,17,505,433,3
115331,17,520,429,3
115347,17,527,407,2
115364,17,526,428,3
115381,17,522,408,2
115397,17,523,408,2
115414,17,519,399,2
115431,17,530,427,3
115447,17,529,429,3
115464,17,520,418,5
115481,17,513,411,2
115497,17,517,409,2
115514,17,521,409,2
115530,17,523,422,3
115547,17,520,416,2
115564,17,517,429,3
115580,17,516,397,2
115597,17,526,434,3
115614,17,510,423,3
115630,17,519,385,2
115647,17,534,407,2
115663,17,531,389,2
115680,17,546,398,2
115697,17,536,372,2
115713,17,536,416,2
115730,17,540,386,2
115747,17,534,405,2
115763,17,543,399,2
115780,17,538,407,2
115797,17,541,397,2
115813,17,533,379,2
115830,17,536,389,2
115846,17,542,397,2
115863,17,536,400,2
115880,17,539,397,2
115896,17,540,400,2
115913,17,537,390,2
115930,17,537,395,2
115946,17,543,398,2
115963,17,542,395,2
115980,17,535,398,2
115996,17,538,401,2
116013,17,534,403,2
116029,17,538,391,2
116046,17,538,417,5
116063,17,537,395,2
116079,17,537,403,2
116096,17,541,377,2
116113,17,550,364,4
116129,17,551,386,2
116146,17,545,398,2
116163,17,551,409,2
116179,17,554,370,2
116196,17,550,397,2
116212,17,544,381,2
116229,17,551,393,2
116246,17,549,408,2
116262,17,544,389,2
116279,17,516,373,2
116296,17,481,354,4
116312,17,484,361,4
116329,17,483,354,4
116346,17,477,363,4
116362,17,473,354,4
116379,17,481,362,4
116395,17,484,367,2
116412,17,482,379,2
116429,17,485,365,2
116445,17,480,367,2
116462,17,477,372,2
116479,17,479,371,2
116495,17,482,369,2
116512,17,478,361,4
116529,17,480,362,4
116545,17,481,371,2
116562,17,474,363,4
116578,17,478,374,2
116595,17,480,369,2
116612,17,475,365,2
116628,17,473,360,4
116645,17,476,362,4
116662,17,474,365,2
116678,17,479,372,2
116695,17,483,367,2
116712,17,490,356,4
116728,17,463,394,2
116745,17,460,380,2
116761,17,462,376,2
116778,17,457,375,2
116795,17,463,370,2
116811,17,464,364,4
116828,17,469,364,4
116845,17,469,374,2
116861,17,468,377,2
116878,17,475,366,2
116894,17,468,382,2
116911,17,471,381,2
116928,17,466,372,2
116944,17,467,374,2
116961,17,464,379,2
116978,17,474,366,2
116994,17,463,365,2
117011,17,470,368,2
117028,17,464,376,2
117044,17,467,378,2
117061,17,469,345,4
117077,17,470,373,2
117094,17,473,364,4
117111,17,467,368,2
117127,17,474,382,2
117144,17,470,380,2
117161,17,467,365,2
117177,17,513,423,3
117194,17,510,460,3
117211,17,516,452,3
117227,17,514,471,3
117244,17,510,458,3
117260,17,519,447,3
117277,17,521,451,3
117294,17,513,456,3
117310,17,512,456,3
117327,17,513,476,3
117344,17,521,460,3
117360,17,515,467,3
117377,17,513,452,3
117394,17,523,466,3
117410,17,515,457,3
117427,17,507,448,3
117443,17,510,461,3
117460,17,511,461,3
117477,17,513,469,3
117493,17,518,464,3
117510,17,511,472,3
117527,17,520,359,4
117726,200,448,592,3
117743,17,428,475,3
117760,17,507,256,1
117776,17,503,426,3
117793,17,492,454,3
117809,17,497,444,3
117826,17,498,438,3
117843,17,494,444,3
117859,17,501,433,3
117876,17,502,431,3
117893,17,498,452,3
117909,17,499,423,3
117926,17,502,437,3
117942,17,500,452,3
117959,17,505,421,5
117976,17,496,436,3
117992,17,496,450,3
118009,17,494,442,3
118026,17,499,441,3
118042,17,489,400,2
118059,17,490,359,4
118076,17,481,354,4
118092,17,477,374,2
118109,17,481,358,4
118125,17,486,366,2
118142,17,484,374,2
118159,17,489,356,4
118175,17,483,367,2
118192,17,487,360,4
118209,17,492,352,4
118225,17,494,367,2
118242,17,480,364,4
118259,17,492,363,4
118275,17,486,373,2
118292,17,488,366,2
118308,17,487,386,2
118325,17,496,363,4
118342,17,491,362,4
118358,17,480,375,2
118375,17,479,355,4
118392,17,480,350,4
118408,17,472,344,4
118425,17,476,366,2
118442,17,473,375,2
118458,17,481,375,2
118475,17,477,352,4
118491,17,481,344,4
118508,17,479,369,2
118525,17,485,357,4
118541,17,483,373,2
118558,17,475,353,4
118575,17,478,352,4
118591,17,473,382,2
118608,17,485,377,2
118625,17,480,370,2
118641,17,482,379,2
118658,17,481,356,4
118674,17,478,384,2
118691,17,486,364,4
118708,17,473,365,2
118724,17,482,362,4
118741,17,486,361,4
118758,17,488,367,2
118774,17,484,374,2
118791,17,474,376,2
118808,17,481,351,4
118824,17,471,377,2
118841,17,481,376,2
118857,17,462,400,2
118874,17,469,401,2
118957,83,458,436,3
118974,17,496,236,1
118991,17,496,353,4
119007,17,497,365,2
119024,17,490,397,2
119040,17,490,386,2
119057,17,500,351,4
119074,17,495,388,2
119090,17,494,383,2
119107,17,494,376,2
119124,17,499,376,2
119140,17,500,372,2
119157,17,497,381,2
119173,17,494,374,2
119190,17,488,396,2
119207,17,501,382,2
119223,17,496,374,2
119240,17,494,381,2
119257,17,493,372,2
119273,17,501,377,2
119290,17,495,390,2
119307,17,523,400,2
119323,17,507,419,5
119340,17,525,401,2
119356,17,528,417,5
119373,17,530,388,2
119390,17,514,400,2
119406,17,530,400,2
119423,17,526,406,2
119440,17,526,396,2
119456,17,525,414,2
119473,17,521,452,3
119689,216,476,654,3
119706,17,506,345,4
119722,17,531,158,1
119739,17,533,359,4
119756,17,522,368,2
119772,17,524,383,2
119789,17,523,378,2
119806,17,530,354,4
119822,17,527,374,2
119839,17,525,374,2
119856,17,529,374,2
119872,17,525,373,2
119889,17,521,363,4
119905,17,522,370,2
119922,17,526,375,2
119939,17,527,373,2
119955,17,525,391,2
119972,17,531,362,4
119989,17,526,368,2
120005,17,520,369,2
120022,17,526,388,2
120039,17,524,384,2
120055,17,531,359,4
120072,17,530,390,2
120088,17,519,382,2
120105,17,521,363,4
120122,17,522,382,2
120138,17,521,369,2
120155,17,517,371,2
120172,17,520,358,4
120188,17,526,354,4
120205,17,523,376,2
120221,17,521,356,4
120238,17,531,379,2
120255,17,529,370,2
120271,17,524,374,2
120288,17,529,381,2
120305,17,526,374,2
120321,17,531,361,4
120338,17,531,379,2
120355,17,529,393,2
120371,17,526,373,2
120388,17,518,389,2
120404,17,526,424,3
120421,17,521,418,5
120438,17,520,419,5
120454,17,524,445,3
120471,17,526,427,3
120488,17,523,427,3
120504,17,510,430,3
120521,17,528,425,3
120538,17,518,434,3
120554,17,524,430,3
120571,17,528,447,3
120587,17,519,411,2
120604,17,523,450,3
120621,17,515,449,3
120637,17,519,452,3
120654,17,519,451,3
120671,17,521,433,3
120687,17,514,437,3
120704,17,515,434,3
120721,17,519,450,3
120737,17,519,439,3
120754,17,519,440,3
120770,17,498,409,2
120787,17,494,362,4
120804,17,489,367,2
120820,17,483,344,4
120837,17,481,378,2
120854,17,485,364,4
120870,17,484,364,4
120887,17,484,365,2
120904,17,483,377,2
120920,17,485,380,2
120937,17,486,361,4
120953,17,479,360,4
120970,17,488,363,4
120987,17,482,369,2
121003,17,485,363,4
121020,17,481,359,4
121037,17,485,360,4
121053,17,478,361,4
121070,17,479,375,2
121087,17,490,376,2
121103,17,480,379,2
121120,17,480,358,4
121136,17,483,371,2
121153,17,475,380,2
121170,17,485,359,4
121186,17,482,370,2
121203,17,479,374,2
121220,17,481,364,4
121236,17,478,368,2
121253,17,474,354,4
121270,17,484,354,4
121286,17,477,359,4
121303,17,474,357,4
121319,17,477,378,2
121336,17,477,372,2
121353,17,474,355,4
121369,17,481,366,2
121386,17,477,350,4
121403,17,472,346,4
121419,17,472,368,2
121436,17,477,382,2
121452,17,471,372,2
121469,17,472,378,2
121486,17,483,393,2
121502,17,478,379,2
121519,17,472,399,2
121536,17,474,391,2
121552,17,469,386,2
121569,17,471,390,2
121586,17,472,398,2
121602,17,469,386,2
121619,17,481,385,2
121635,17,468,393,2
121652,17,463,390,2
121669,17,462,389,2
122617,948,440,390,2
122634,17,458,406,2
122650,17,453,409,2
122667,17,453,381,2
122683,17,455,391,2
122700,17,454,386,2
122717,17,461,392,2
122733,17,460,371,2
122750,17,451,375,2
122767,17,453,379,2
122783,17,459,372,2
122800,17,460,366,2
122817,17,458,389,2
122833,17,455,387,2
122850,17,459,369,2
122866,17,458,384,2
122883,17,452,387,2
122900,17,455,355,4
122916,17,454,385,2
122933,17,446,374,2
122950,17,441,384,2
122966,17,452,361,4
122983,17,465,382,2
123000,17,449,368,2
123016,17,449,373,2
123033,17,443,381,2
123049,17,446,391,2
123066,17,453,388,2
123083,17,457,379,2
123099,17,461,371,2
123116,17,441,384,2
123133,17,451,398,2
123149,17,452,382,2
123166,17,446,377,2
123183,17,455,366,2
123199,17,446,382,2
123216,17,456,396,2
123232,17,454,400,2
123249,17,452,386,2
123266,17,462,397,2
123282,17,490,418,5
123299,17,497,387,2
123316,17,490,404,2
123332,17,498,401,2
123349,17,488,402,2
123366,17,489,403,2
123382,17,493,413,2
123399,17,484,376,2
123415,17,471,585,3
123582,166,425,683,3
123598,17,174,602,3
123615,17,479,248,1
123632,17,479,360,4
123648,17,471,409,2
123665,17,480,388,2
123682,17,483,386,2
123698,17,471,396,2
123715,17,474,388,2
123731,17,484,392,2
123748,17,485,390,2
123765,17,486,403,2
123781,17,490,375,2
123798,17,470,420,3
123815,17,490,398,2
123831,17,486,386,2
123848,17,483,401,2
123865,17,486,409,2
123881,17,486,394,2
123898,17,465,397,2
123914,17,480,402,2
123931,17,487,400,2
123948,17,485,392,2
123964,17,485,395,2
123981,17,486,389,2
123998,17,483,405,2
124014,17,478,413,2
124031,17,492,408,2
124048,17,475,396,2
124064,17,491,402,2
124081,17,487,408,2
124097,17,493,396,2
124114,17,490,375,2
124131,17,479,409,2
124147,17,487,410,2
124164,17,494,392,2
124181,17,473,390,2
124197,17,491,395,2
124214,17,482,417,2
124231,17,495,387,2
124247,17,497,411,2
124264,17,495,406,2
124280,17,486,411,2
124297,17,486,412,2
124314,17,485,405,2
124330,17,487,405,2
124347,17,500,425,3
124364,17,485,423,3
124380,17,508,399,2
124397,17,492,407,2
124414,17,494,406,2
124430,17,500,400,2
124447,17,495,399,2
124463,17,484,405,2
124480,17,493,379,2
124497,17,487,413,2
124513,17,489,386,2
124530,17,483,398,2
124547,17,480,403,2
124563,17,484,404,2
124580,17,483,397,2
124597,17,483,400,2
124613,17,483,405,2
124630,17,484,397,2
124646,17,492,387,2
124663,17,488,413,2
124680,17,491,385,2
124696,17,490,363,4
124713,17,498,398,2
124730,17,490,381,2
124746,17,489,391,2
124763,17,495,401,2
124780,17,490,388,2
124796,17,490,373,2
124813,17,479,399,2
124829,17,483,383,2
124846,17,520,337,4
124863,17,587,275,0
124879,17,603,241,1
124896,17,602,238,1
124913,17,612,224,1
124929,17,607,226,1
124946,17,619,215,1
124962,17,611,235,1
124979,17,612,241,1
124996,17,617,213,1
125012,17,609,223,1
125029,17,617,234,1
125046,17,614,240,1
125062,17,612,232,1
125079,17,604,232,1
125096,17,614,232,1
125112,17,613,241,1
125129,17,606,241,1
125145,17,616,240,1
125162,17,688,222,1
125179,17,719,251,1
125195,17,710,267,0
125212,17,713,233,1
125229,17,740,255,0
125245,17,719,247,1
125262,17,709,280,0
125279,17,713,257,1
125295,17,718,236,1
125312,17,717,255,1
125328,17,712,268,0
125345,17,716,266,0
125362,17,717,269,0
125378,17,717,253,1
125395,17,723,260,0
125412,17,711,252,1
125428,17,719,271,0
125445,17,715,251,1
125462,17,718,257,1
125478,17,725,273,0
125495,17,721,782,0
125628,133,371,447,3
125645,17,556,234,1
125661,17,553,411,2
125678,17,552,375,2
125694,17,557,346,4
125711,17,548,370,2
125728,17,561,381,2
125744,17,560,369,2
125761,17,554,349,4
125778,17,553,366,2
125794,17,555,381,2
125811,17,553,375,2
125828,17,549,363,4
125844,17,552,378,2
125861,17,552,382,2
125877,17,549,363,4
125894,17,551,387,2
125911,17,537,374,2
125927,17,481,413,2
125944,17,487,403,2
125961,17,472,399,2
125977,17,491,395,2
125994,17,475,412,2
126010,17,483,409,2
126027,17,486,404,2
126044,17,470,405,2
126060,17,483,377,2
126077,17,482,408,2
126094,17,477,416,2
126110,17,468,407,2
126127,17,470,395,2
126144,17,465,405,2
126160,17,481,390,2
126177,17,488,406,2
126193,17,482,408,2
126210,17,486,398,2
126227,17,472,416,2
126243,17,492,408,2
126260,17,488,404,2
126277,17,478,414,2
126293,17,493,413,2
126310,17,482,412,2
126327,17,489,387,2
126343,17,488,416,2
126360,17,485,407,2
126376,17,474,411,2
126393,17,492,412,2
126410,17,483,422,3
126426,17,487,408,2
126443,17,491,402,2
126460,17,492,396,2
126476,17,513,336,4
126493,17,535,270,0
126510,17,545,258,1
126526,17,542,282,0
126543,17,543,263,0
126559,17,542,275,0
126576,17,543,294,4
126593,17,539,305,4
126609,17,543,263,0
126626,17,537,265,0
126643,17,548,262,0
126659,17,545,255,1
126676,17,542,269,0
126693,17,543,266,0
126709,17,543,279,0
126726,17,549,284,0
126742,17,541,279,0
126759,17,543,297,4
126776,17,545,251,1
126792,17,534,286,0
126809,17,545,280,0
126826,17,542,254,1
126842,17,538,280,0
126859,17,541,253,1
126876,17,538,258,1
126892,17,543,250,1
126909,17,544,276,0
126925,17,543,240,1
126942,17,542,262,0
126959,17,530,297,4
126975,17,632,680,3
127158,183,645,531,3
127175,17,351,740,3
127192,17,483,299,4
127208,17,477,394,2
127225,17,473,360,4
127241,17,487,375,2
127258,17,470,418,3
127275,17,477,402,2
127291,17,479,394,2
127308,17,482,379,2
127325,17,482,382,2
127341,17,480,383,2
127358,17,485,373,2
127375,17,494,378,2
127391,17,510,393,2
127408,17,507,395,2
127424,17,504,387,2
127441,17,513,393,2
127458,17,506,411,2
127474,17,508,404,2
127491,17,509,403,2
127508,17,509,411,2
127524,17,510,398,2
127541,17,511,408,2
127558,17,497,481,3
127574,17,602,873,0
127757,183,356,505,3
127774,17,521,399,2
127790,17,517,321,4
127807,17,540,154,1
127824,17,525,382,2
127840,17,526,425,3
127857,17,522,419,5
127874,17,512,420,5
127890,17,523,426,3
127907,17,524,416,2
127924,17,527,403,2
127940,17,527,412,2
127957,17,522,409,2
127973,17,527,403,2
127990,17,520,399,2
128007,17,516,408,2
128023,17,516,393,2
128040,17,513,407,2
128057,17,511,395,2
128073,17,503,401,2
128090,17,500,391,2
128107,17,510,397,2
128123,17,513,406,2
128140,17,510,390,2
128156,17,504,393,2
128173,17,513,409,2
128190,17,513,392,2
128206,17,512,394,2
128223,17,515,402,2
128240,17,512,387,2
128256,17,516,408,2
128273,17,509,392,2
128289,17,504,392,2
128306,17,514,395,2
128323,17,510,400,2
128339,17,521,401,2
128356,17,512,416,2
128373,17,514,401,2
128389,17,510,416,2
128406,17,503,402,2
128423,17,470,396,2
128439,17,469,384,2
128456,17,468,393,2
128472,17,463,397,2
128489,17,464,401,2
128506,17,478,383,2
128522,17,468,410,2
128539,17,465,401,2
128556,17,474,391,2
128572,17,474,386,2
128589,17,472,400,2
128606,17,478,400,2
128622,17,466,408,2
128639,17,472,399,2
128655,17,468,408,2
128672,17,483,382,2
128689,17,530,293,4
128705,17,556,266,0
128722,17,556,264,0
128739,17,548,288,4
128755,17,553,311,4
128772,17,554,287,0
128789,17,541,283,0
128805,17,548,292,4
128822,17,551,290,4
128838,17,546,290,4
128855,17,551,299,4
128872,17,553,291,4
128888,17,550,298,4
128905,17,547,284,0
128922,17,544,315,4
128938,17,550,296,4
128955,17,546,278,0
128972,17,546,301,4
128988,17,546,282,0
129005,17,506,349,4
129021,17,470,391,2
129038,17,473,351,4
129055,17,476,372,2
129071,17,476,371,2
129088,17,459,393,2
129105,17,468,386,2
129121,17,481,388,2
129138,17,464,387,2
129155,17,467,383,2
129171,17,472,387,2
129188,17,485,393,2
129204,17,457,380,2
129221,17,444,419,3
129238,17,446,405,2
129254,17,455,407,2
129271,17,459,406,2
129288,17,457,415,2
129304,17,460,418,3
129321,17,459,431,3
129338,17,454,421,3
129354,17,459,414,2
129371,17,457,408,2
129387,17,462,419,3
129404,17,471,376,2
129421,17,508,324,4
129437,17,542,274,0
129454,17,545,275,0
129471,17,543,272,0
129487,17,551,285,0
129504,17,547,296,4
129520,17,542,289,4
129537,17,544,295,4
129554,17,541,293,4
129570,17,539,305,4
129587,17,550,284,0
129604,17,546,289,4
129620,17,538,286,0
129637,17,518,343,4
129654,17,477,403,2
129670,17,479,386,2
129687,17,472,410,2
129703,17,464,431,3
129720,17,473,432,3
129737,17,467,428,3
129753,17,479,411,2
129770,17,477,411,2
129787,17,474,415,2
129803,17,470,412,2
129820,17,477,398,2
129837,17,483,416,2
129853,17,475,415,2
129870,17,471,414,2
129886,17,475,426,3
129903,17,466,422,3
129920,17,478,414,2
129936,17,476,423,3
129953,17,473,422,3
129970,17,466,418,3
129986,17,476,413,2
130003,17,479,431,3
130020,17,466,429,3
130036,17,477,434,3
130053,17,493,365,2
130069,17,531,338,4
130086,17,544,319,4
130103,17,544,303,4
130119,17,541,306,4
130136,17,538,338,4
130153,17,538,302,4
130169,17,542,325,4
130186,17,540,326,4
130203,17,542,300,4
130219,17,536,301,4
130236,17,541,332,4
130252,17,538,309,4
130269,17,530,317,4
130286,17,530,303,4
130302,17,533,331,4
130319,17,534,332,4
130336,17,534,316,4
130352,17,535,323,4
130369,17,528,291,4
130386,17,516,335,4
130402,17,517,326,4
130419,17,516,311,4
130435,17,516,324,4
130452,17,515,311,4
130469,17,511,319,4
130485,17,506,325,4
130502,17,509,340,4
130519,17,503,333,4
130535,17,521,304,4
130552,17,585,248,1
130568,17,605,258,1
130585,17,606,276,0
130602,17,604,258,1
130618,17,604,258,1
130635,17,606,273,0
130652,17,608,268,0
130668,17,601,273,0
130685,17,603,279,0
130702,17,603,255,1
130718,17,605,256,1
130735,17,606,272,0
130751,17,605,240,1
130768,17,605,277,0
130785,17,604,266,0
130801,17,606,251,1
130818,17,606,268,0
130835,17,606,275,0
130851,17,605,270,0
130868,17,603,276,0
130885,17,595,271,0
130901,17,602,272,0
130918,17,590,460,3
130951,33,622,751,3
130968,17,449,429,3
130984,17,397,475,3
131001,17,686,373,2
131018,17,679,358,0
131034,17,691,272,0
131051,17,682,323,0
131068,17,687,313,0
131084,17,686,331,0
131101,17,683,336,0
131117,17,681,331,0
131134,17,676,343,0
131151,17,680,344,0
131167,17,681,345,0
131184,17,682,337,0
131201,17,683,344,0
131217,17,683,332,0
131234,17,687,331,0
131251,17,688,322,0
131267,17,688,340,0
131284,17,681,325,0
131300,17,680,320,0
131317,17,686,339,0
131334,17,615,378,2
131350,17,523,402,2
131367,17,511,418,5
131384,17,489,448,3
131400,17,503,420,5
131417,17,503,435,3
131434,17,494,439,3
131450,17,500,434,3
131467,17,501,417,5
131483,17,505,414,2
131500,17,498,436,3
131517,17,486,413,2
131533,17,501,425,3
131550,17,502,440,3
131567,17,500,427,3
131583,17,498,439,3
131600,17,506,416,2
131617,17,504,415,2
131633,17,499,416,2
131650,17,504,420,5
131666,17,504,424,3
131683,17,499,436,3
131700,17,507,416,2
131716,17,371,475,3
131816,100,658,658,3
131833,17,474,533,3
131849,17,520,278,0
131866,17,524,279,0
131883,17,515,367,2
131899,17,508,367,2
131916,17,502,407,2
131933,17,493,401,2
131949,17,521,416,2
131966,17,516,384,2
131982,17,496,394,2
131999,17,510,396,2
132016,17,504,402,2
132032,17,507,417,5
132049,17,509,409,2
132066,17,511,391,2
132082,17,508,399,2
132099,17,514,413,2
132116,17,496,413,2
132132,17,507,405,2
132149,17,511,410,2
132165,17,510,379,2
132182,17,511,400,2
132199,17,514,395,2
132215,17,510,399,2
132232,17,528,392,2
132249,17,522,403,2
132265,17,521,387,2
132282,17,524,392,2
132299,17,518,382,2
132315,17,523,391,2
132332,17,525,372,2
132348,17,517,402,2
132365,17,523,395,2
132382,17,525,390,2
132398,17,523,399,2
132415,17,521,411,2
132432,17,518,383,2
132448,17,530,366,2
132465,17,526,392,2
132482,17,531,388,2
132498,17,526,393,2
132515,17,523,384,2
132531,17,499,400,2
132548,17,479,395,2
132565,17,485,400,2
132581,17,479,406,2
132598,17,479,400,2
132615,17,476,397,2
132631,17,474,407,2
132648,17,481,403,2
132665,17,480,400,2
132681,17,479,391,2
132698,17,475,408,2
132714,17,468,395,2
132731,17,471,386,2
132748,17,468,378,2
132764,17,466,378,2
132781,17,468,392,2
132798,17,461,401,2
132814,17,459,402,2
132831,17,456,397,2
132848,17,461,391,2
132864,17,465,392,2
132881,17,463,387,2
132897,17,462,395,2
132914,17,466,385,2
132931,17,460,399,2
132947,17,460,411,2
132964,17,461,408,2
132981,17,461,415,2
132997,17,460,397,2
133014,17,463,383,2
133030,17,459,396,2
133047,17,462,411,2
133064,17,458,402,2
133080,17,461,397,2
133097,17,459,421,3
133114,17,481,450,3
133130,17,484,478,3
133147,17,487,482,3
133164,17,483,511,3
133180,17,487,491,3
133197,17,491,476,3
133213,17,492,491,3
133230,17,480,498,3
133247,17,482,493,3
133263,17,484,495,3
133280,17,486,500,3
133297,17,489,483,3
133313,17,494,495,3
133330,17,481,501,3
133347,17,483,501,3
133363,17,485,495,3
133380,17,484,488,3
133396,17,475,501,3
133413,17,484,495,3
133430,17,480,497,3
133446,17,482,493,3
133463,17,483,462,3
133480,17,478,483,3
133496,17,479,499,3
133513,17,481,504,3
133530,17,486,492,3
133546,17,477,514,3
133563,17,444,536,3
133579,17,377,578,3
133596,17,324,584,3
133613,17,331,592,3
133629,17,338,592,3
133646,17,329,587,3
133663,17,322,593,3
133679,17,335,591,3
133696,17,336,588,3
133713,17,331,588,3
133729,17,316,595,3
133746,17,338,588,3
133762,17,343,584,3
133779,17,328,590,3
133796,17,325,597,3
133812,17,336,590,3
133829,17,326,591,3
133846,17,339,594,3
133862,17,328,595,3
133879,17,378,533,3
133896,17,413,477,3
133912,17,449,413,2
133929,17,458,377,2
133945,17,466,371,2
133962,17,453,358,4
133979,17,464,367,2
133995,17,461,385,2
134012,17,460,391,2
134029,17,464,384,2
134045,17,464,359,4
134062,17,470,358,4
134078,17,464,370,2
134095,17,465,372,2
134112,17,472,361,4
134128,17,459,368,2
134145,17,423,316,4
134162,17,422,333,4
134178,17,417,347,4
134195,17,413,329,0
134212,17,416,334,4
134228,17,419,357,4
134245,17,427,333,4
134261,17,412,338,0
134278,17,423,346,4
134295,17,417,338,4
134311,17,423,353,4
134328,17,424,347,4
134345,17,425,347,4
134361,17,388,531,3
134461,100,276,595,3
134478,17,396,419,3
134494,17,398,379,2
134511,17,419,337,4
134528,17,396,311,0
134544,17,404,370,2
134561,17,431,361,4
134578,17,418,393,2
134594,17,411,381,2
134611,17,419,381,2
134627,17,403,387,2
134644,17,407,374,2
134661,17,395,356,0
134677,17,392,340,0
134694,17,392,345,0
134711,17,394,326,0
134727,17,402,322,0
134744,17,398,341,0
134761,17,406,330,0
134777,17,384,348,0
134794,17,402,332,0
134810,17,388,344,0
134827,17,398,321,0
134844,17,395,331,0
134860,17,421,343,4
134877,17,473,314,4
134894,17,518,321,4
134910,17,508,318,4
134927,17,521,300,4
134944,17,511,271,0
134960,17,517,288,4
134977,17,522,308,4
134993,17,510,296,4
135010,17,510,297,4
135027,17,518,313,4
135043,17,510,328,4
135060,17,512,299,4
135077,17,514,316,4
135093,17,511,302,4
135110,17,510,293,4
135127,17,527,295,4
135143,17,520,288,4
135160,17,527,311,4
135176,17,521,274,0
135193,17,521,289,4
135210,17,524,300,4
135226,17,514,304,4
135243,17,509,299,4
135260,17,485,528,3
135359,100,322,485,3
135376,17,424,528,3
135393,17,479,278,0
135409,17,485,408,2
135426,17,502,375,2
135443,17,487,405,2
135459,17,463,411,2
135476,17,479,386,2
135492,17,479,402,2
135509,17,471,407,2
135526,17,482,424,3
135542,17,475,417,2
135559,17,731,291,0
135792,233,92,930,0
135809,17,159,840,0
135825,17,89,915,0
135842,17,126,934,0
135858,17,146,705,3
135875,17,154,678,3
135892,17,158,730,3
135908,17,157,747,3
135925,17,156,745,3
135942,17,164,753,3
135958,17,160,755,3
135975,17,163,752,3
135992,17,305,899,0
136008,17,414,1071,0
136025,17,262,1072,0
136058,33,206,1072,0
136075,17,383,1070,0
136091,17,295,617,3
136108,17,192,876,0
136125,17,183,912,0
136141,17,241,886,0
136158,17,218,945,0
136175,17,217,897,0
136191,17,241,884,0
136208,17,270,878,0
136224,17,200,915,0
136241,17,283,919,0
136657,416,490,314,4
136674,17,482,324,4
136690,17,494,329,4
136707,17,485,326,4
136723,17,491,341,4
136740,17,521,351,4
136757,17,518,403,2
136773,17,522,395,2
136790,17,511,379,2
136807,17,523,398,2
136823,17,518,402,2
136840,17,510,409,2
136857,17,511,411,2
136873,17,502,415,2
136890,17,509,415,2
136906,17,511,387,2
136923,17,509,411,2
136940,17,509,393,2
136956,17,512,421,5
136973,17,516,401,2
136990,17,500,421,5
137006,17,514,404,2
137023,17,508,383,2
137040,17,504,376,2
137056,17,505,381,2
137073,17,508,388,2
137089,17,504,402,2
137106,17,519,401,2
137123,17,622,435,3
137139,17,658,435,3
137156,17,668,457,3
137173,17,668,439,3
137189,17,671,442,3
137206,17,670,433,3
137223,17,669,442,3
137239,17,667,440,3
137256,17,669,460,3
137272,17,668,451,3
137289,17,659,447,3
137306,17,669,451,3
137322,17,669,448,3
137339,17,669,443,3
137356,17,667,451,3
137372,17,665,451,3
137389,17,602,454,3
137406,17,556,410,2
137422,17,528,429,3
137439,17,519,427,3
137455,17,519,427,3
137472,17,518,425,3
137489,17,525,421,5
137505,17,516,428,3
137522,17,522,435,3
137539,17,527,416,2
137555,17,526,414,2
137572,17,527,417,5
137588,17,517,428,3
137605,17,530,420,5
137622,17,533,420,5
137638,17,533,419,5
137655,17,509,431,3
137672,17,488,388,2
137688,17,488,390,2
137705,17,486,365,2
137722,17,481,374,2
137738,17,484,369,2
137755,17,483,372,2
137771,17,484,374,2
137788,17,484,385,2
137805,17,485,377,2
137821,17,488,392,2
137838,17,487,378,2
137855,17,485,390,2
137871,17,491,376,2
137888,17,485,371,2
137905,17,482,381,2
137921,17,476,388,2
137938,17,477,391,2
137954,17,487,377,2
137971,17,478,389,2
137988,17,485,389,2
138004,17,490,383,2
138021,17,491,382,2
138038,17,487,396,2
138054,17,479,386,2
138071,17,488,391,2
138088,17,496,379,2
138104,17,483,395,2
138121,17,489,386,2
138137,17,489,393,2
138154,17,524,449,3
138171,17,511,509,3
138187,17,519,494,3
138204,17,514,509,3
138221,17,519,489,3
138237,17,520,492,3
138254,17,523,496,3
138271,17,521,492,3
138287,17,514,509,3
138304,17,511,502,3
138320,17,514,500,3
138337,17,513,507,3
138354,17,512,486,3
138370,17,516,500,3
138387,17,518,496,3
138404,17,520,491,3
138420,17,523,525,3
138437,17,344,548,3
138454,17,922,878,0
138570,116,653,500,3
138587,17,644,339,0
138603,17,587,673,3
138620,17,463,380,2
138636,17,440,379,2
138653,17,540,346,4
138670,17,523,364,4
138686,17,528,379,2
138703,17,530,390,2
138720,17,519,377,2
138736,17,522,399,2
138753,17,529,382,2
138770,17,537,364,4
138786,17,530,378,2
138803,17,531,377,2
138819,17,537,368,2
138836,17,534,375,2
138853,17,521,372,2
138869,17,529,381,2
138886,17,515,395,2
138903,17,496,372,2
138919,17,487,371,2
138936,17,487,344,4
138953,17,493,363,4
138969,17,489,382,2
138986,17,488,375,2
139002,17,494,363,4
139019,17,485,342,4
139036,17,490,370,2
139052,17,488,374,2
139069,17,491,364,4
139086,17,492,377,2
139102,17,489,375,2
139119,17,496,377,2
139136,17,500,365,2
139152,17,497,369,2
139169,17,495,363,4
139185,17,495,365,2
139202,17,493,383,2
139219,17,491,391,2
139235,17,490,371,2
139252,17,495,371,2
139269,17,488,364,4
139285,17,492,376,2
139302,17,491,372,2
139319,17,494,369,2
139335,17,489,366,2
139352,17,487,356,4
139368,17,492,354,4
139385,17,491,356,4
139402,17,492,385,2
139418,17,491,377,2
139435,17,521,386,2
139452,17,514,394,2
139468,17,512,431,3
139485,17,513,401,2
139502,17,512,412,2
139518,17,516,392,2
139535,17,516,398,2
139551,17,507,409,2
139568,17,518,405,2
139585,17,517,392,2
139601,17,526,390,2
139618,17,519,396,2
139635,17,518,404,2
139651,17,511,393,2
139668,17,515,403,2
139685,17,519,419,5
139701,17,435,407,2
139851,150,439,746,3
139867,17,492,386,2
139884,17,522,308,4
139901,17,514,330,4
139917,17,525,336,4
139934,17,517,394,2
139951,17,516,382,2
139967,17,512,401,2
139984,17,517,396,2
140001,17,514,384,2
140017,17,513,375,2
140034,17,515,408,2
140050,17,513,405,2
140067,17,521,389,2
140084,17,515,400,2
140100,17,515,397,2
140117,17,516,387,2
140134,17,516,392,2
140150,17,521,394,2
140167,17,504,400,2
140184,17,517,407,2
140200,17,519,403,2
140217,17,511,396,2
140233,17,519,392,2
140250,17,517,408,2
140267,17,528,386,2
140283,17,522,413,2
140300,17,525,393,2
140317,17,522,397,2
140333,17,521,412,2
140350,17,525,415,2
140367,17,520,399,2
140383,17,527,398,2
140400,17,525,405,2
140416,17,521,392,2
140433,17,513,414,2
140450,17,516,410,2
140466,17,523,404,2
140483,17,526,390,2
140500,17,521,419,5
140516,17,498,398,2
140533,17,490,389,2
140550,17,480,395,2
140566,17,483,398,2
140583,17,480,396,2
140599,17,481,396,2
140616,17,485,391,2
140633,17,489,399,2
140649,17,485,388,2
140666,17,486,390,2
140683,17,483,388,2
140699,17,485,388,2
140716,17,483,394,2
140733,17,476,399,2
140749,17,483,397,2
140766,17,485,393,2
140782,17,484,400,2
140799,17,487,396,2
140816,17,480,409,2
140832,17,486,407,2
140849,17,477,407,2
140866,17,489,388,2
140882,17,472,407,2
140899,17,484,391,2
140916,17,484,412,2
140932,17,476,405,2
140949,17,464,407,2
140965,17,483,408,2
140982,17,481,398,2
140999,17,477,403,2
141015,17,483,402,2
141032,17,484,389,2
141049,17,477,414,2
141065,17,479,397,2
141082,17,482,401,2
141098,17,482,398,2
141115,17,482,413,2
141132,17,478,413,2
141148,17,484,395,2
141165,17,474,409,2
141182,17,485,395,2
141198,17,476,399,2
141215,17,482,401,2
141232,17,487,398,2
141248,17,473,401,2
141265,17,491,394,2
141281,17,481,377,2
141298,17,482,398,2
141315,17,484,412,2
141331,17,482,409,2
141348,17,470,411,2
141365,17,478,385,2
141381,17,477,399,2
141398,17,480,412,2
141415,17,474,408,2
141431,17,482,411,2
141448,17,484,394,2
141464,17,478,393,2
141481,17,476,405,2
141498,17,469,393,2
141514,17,493,412,2
141531,17,564,495,3
141548,17,599,561,3
141564,17,600,546,3
141581,17,604,554,3
141598,17,604,559,3
141614,17,606,577,3
141631,17,603,558,3
141647,17,600,562,3
141664,17,602,572,3
141681,17,606,565,3
141697,17,599,572,3
141714,17,601,576,3
141731,17,601,583,3
141747,17,605,571,3
141764,17,605,567,3
141781,17,600,570,3
141797,17,593,570,3
141814,17,601,568,3
141830,17,601,557,3
141847,17,599,570,3
141864,17,599,575,3
141880,17,604,565,3
141897,17,601,570,3
141914,17,598,562,3
141930,17,598,574,3
141947,17,593,567,3
141964,17,606,574,3
141980,17,660,587,3
141997,17,666,585,3
142013,17,673,585,3
142030,17,671,588,3
142047,17,679,584,3
142063,17,671,586,3
142080,17,680,594,3
142097,17,676,590,3
142113,17,670,593,3
142130,17,651,565,3
142146,17,581,408,2
142163,17,531,370,2
142180,17,512,366,2
142196,17,506,370,2
142213,17,505,381,2
142230,17,504,375,2
142246,17,507,375,2
142263,17,505,365,2
142280,17,507,380,2
142296,17,504,389,2
142313,17,507,374,2
142329,17,511,371,2
142346,17,508,366,2
142363,17,512,376,2
142379,17,509,376,2
142396,17,510,369,2
142413,17,510,377,2
142429,17,477,377,2
142446,17,460,373,2
142463,17,461,381,2
142479,17,462,384,2
142496,17,460,387,2
142512,17,463,382,2
142529,17,457,385,2
142546,17,462,386,2
142562,17,461,392,2
142579,17,456,381,2
142596,17,467,392,2
142612,17,464,398,2
142629,17,462,384,2
142646,17,457,388,2
142662,17,463,391,2
142679,17,466,392,2
142695,17,456,381,2
142712,17,463,376,2
142729,17,464,389,2
142745,17,467,387,2
142762,17,468,391,2
142779,17,455,387,2
142795,17,461,401,2
142812,17,459,389,2
142829,17,458,390,2
142845,17,468,395,2
142862,17,459,389,2
142878,17,450,409,2
142895,17,459,398,2
142912,17,455,393,2
142928,17,455,404,2
142945,17,454,402,2
142962,17,458,378,2
142978,17,461,401,2
142995,17,490,401,2
143012,17,500,400,2
143028,17,505,394,2
143045,17,505,384,2
143061,17,501,386,2
143078,17,498,409,2
143095,17,504,394,2
143111,17,501,396,2
143128,17,504,401,2
143145,17,503,394,2
143161,17,503,400,2
143178,17,485,420,5
143195,17,453,432,3
143278,83,499,786,0
143294,17,549,501,3
143311,17,583,339,4
143328,17,491,367,2
143344,17,579,138,1
143361,17,560,381,2
143377,17,564,345,4
143394,17,563,376,2
143411,17,559,363,4
143427,17,566,354,4
143444,17,554,378,2
143461,17,561,371,2
143477,17,543,382,2
143494,17,497,401,2
143511,17,510,402,2
143527,17,498,408,2
143544,17,506,410,2
143560,17,507,390,2
143577,17,504,411,2
143594,17,502,402,2
143610,17,497,409,2
143627,17,500,399,2
143644,17,505,402,2
143660,17,508,421,5
143677,17,509,398,2
143694,17,507,410,2
143710,17,499,397,2
143727,17,489,469,3
143960,233,730,913,0
143976,17,688,875,0
143993,17,723,931,0
144010,17,765,905,0
144026,17,719,882,0
144043,17,674,860,0
144060,17,716,834,0
144076,17,753,907,0
144093,17,699,895,0
144109,17,772,837,0
144126,17,782,839,0
144143,17,691,866,0
144159,17,781,848,0
144176,17,776,866,0
144193,17,785,866,0
144209,17,754,873,0
144226,17,788,866,0
144243,17,784,869,0
144259,17,789,873,0
144276,17,774,869,0
144292,17,788,865,0
144309,17,785,873,0
144326,17,788,866,0
144342,17,793,871,0
144359,17,780,874,0
144376,17,788,869,0
144392,17,759,821,0
144409,17,642,540,3
144425,17,583,544,3
144442,17,496,418,5
144459,17,496,439,3
144475,17,489,438,3
144492,17,488,434,3
144509,17,492,438,3
144525,17,492,436,3
144542,17,482,446,3
144559,17,490,441,3
144575,17,479,449,3
144592,17,488,437,3
144608,17,450,385,2
144625,17,450,383,2
144642,17,449,380,2
144658,17,449,392,2
144675,17,450,377,2
144692,17,448,376,2
144708,17,450,363,4
144725,17,449,378,2
144742,17,454,378,2
144758,17,454,371,2
144775,17,451,379,2
144791,17,454,387,2
144808,17,451,385,2
144825,17,452,373,2
144841,17,454,383,2
144858,17,447,387,2
144875,17,448,380,2
144891,17,449,382,2
144908,17,453,386,2
144925,17,449,407,2
144941,17,449,383,2
144958,17,440,383,2
144974,17,445,404,2
144991,17,415,399,2
145008,17,304,415,2
145024,17,218,455,3
145041,17,212,466,3
145058,17,200,466,3
145074,17,206,456,3
145091,17,203,465,3
145108,17,224,446,3
145124,17,207,466,3
145141,17,198,480,3
145157,17,213,459,3
145174,17,220,471,3
145191,17,206,479,3
145207,17,219,466,3
145224,17,213,471,3
145241,17,240,462,3
145257,17,220,469,3
145274,17,177,487,3
145291,17,163,472,3
145307,17,162,473,3
145324,17,151,475,3
145340,17,133,492,3
145357,17,135,477,3
145374,17,139,481,3
145390,17,137,481,3
145407,17,134,484,3
145424,17,143,479,3
145440,17,159,474,3
145457,17,161,474,3
145474,17,157,480,3
145490,17,133,484,3
145507,17,122,471,3
145523,17,143,452,3
145540,17,138,450,3
145557,17,140,450,3
145573,17,137,435,3
145590,17,145,447,3
145607,17,143,444,3
145623,17,146,453,3
145640,17,151,451,3
145656,17,146,443,3
145673,17,151,451,3
145690,17,141,454,3
145706,17,151,430,3
145723,17,146,448,3
145740,17,145,447,3
145756,17,146,447,3
145773,17,142,454,3
145790,17,141,569,3
145806,17,152,643,3
145823,17,147,634,3
145839,17,147,654,3
145856,17,150,650,3
145873,17,153,649,3
145889,17,152,654,3
145906,17,150,659,3
145923,17,142,654,3
145939,17,148,656,3
145956,17,138,656,3
145973,17,148,664,3
145989,17,156,657,3
146006,17,147,656,3
146022,17,138,661,3
146039,17,141,696,3
146056,17,136,688,3
146072,17,132,690,3
146089,17,137,689,3
146106,17,147,691,3
146122,17,134,693,3
146139,17,137,692,3
146156,17,135,691,3
146172,17,135,684,3
146189,17,141,692,3
146205,17,144,685,3
146222,17,132,699,3
146239,17,139,688,3
146255,17,153,687,3
146272,17,217,645,3
146289,17,302,611,3
146305,17,303,612,3
146322,17,308,608,3
146339,17,314,610,3
146355,17,311,609,3
146372,17,400,495,3
146388,17,457,438,3
146405,17,483,420,3
146422,17,486,391,2
146438,17,489,395,2
146455,17,489,406,2
146472,17,492,404,2
146488,17,487,418,5
146505,17,486,416,2
146522,17,493,415,2
146538,17,496,416,2
146555,17,496,413,2
146571,17,493,410,2
146588,17,490,400,2
146605,17,494,405,2
146621,17,492,409,2
146638,17,486,407,2
146655,17,491,419,5
146671,17,484,401,2
146688,17,468,388,2
146704,17,465,377,2
146721,17,459,387,2
146738,17,465,387,2
146754,17,464,390,2
146771,17,460,399,2
146788,17,465,386,2
146804,17,462,382,2
146821,17,460,392,2
146838,17,461,392,2
146854,17,462,393,2
146871,17,464,380,2
146887,17,458,385,2
146904,17,463,376,2
146921,17,461,383,2
146937,17,457,390,2
146954,17,456,404,2
146971,17,441,391,2
147087,116,388,739,3
147104,17,427,384,2
147120,17,473,178,1
147137,17,456,368,2
147154,17,460,346,4
147170,17,459,382,2
147187,17,459,381,2
147204,17,457,389,2
147220,17,461,387,2
147237,17,457,374,2
147253,17,458,386,2
147270,17,459,385,2
147287,17,461,386,2
147303,17,460,383,2
147320,17,465,378,2
147337,17,461,392,2
147353,17,459,390,2
147370,17,459,390,2
147387,17,459,391,2
147403,17,462,384,2
147420,17,462,379,2
147436,17,459,391,2
147453,17,466,381,2
147470,17,461,387,2
147486,17,489,412,2
147503,17,503,401,2
147520,17,506,406,2
147536,17,507,391,2
147553,17,502,401,2
147570,17,505,414,2
147586,17,507,410,2
147603,17,510,427,3
147619,17,510,407,2
147636,17,508,413,2
147653,17,294,819,0
147869,216,309,757,3
147886,17,310,794,0
147902,17,225,850,0
147919,17,297,756,3
147935,17,270,828,0
147952,17,281,758,3
147969,17,281,772,0
147985,17,288,762,3
148002,17,281,755,3
148019,17,285,767,0
148035,17,289,769,0
148052,17,289,763,3
148069,17,279,764,3
148085,17,297,782,0
148102,17,280,768,0
148118,17,290,776,0
148135,17,291,772,0
148152,17,414,861,0
148168,17,496,877,0
148185,17,510,881,0
148202,17,506,872,0
148218,17,495,881,0
148235,17,497,872,0
148252,17,502,859,0
148268,17,501,862,0
148285,17,498,867,0
148301,17,509,872,0
148318,17,504,887,0
148335,17,509,881,0
148351,17,508,882,0
148368,17,513,878,0
148385,17,508,875,0
148401,17,507,880,0
148418,17,512,872,0
148435,17,506,863,0
148451,17,515,805,0
148468,17,519,567,3
148484,17,536,310,4
148501,17,536,444,3
148518,17,519,420,5
148534,17,537,426,3
148551,17,529,456,3
148568,17,526,438,3
148584,17,529,438,3
148601,17,531,414,2
148618,17,522,468,3
148634,17,520,441,3
148651,17,529,426,3
148667,17,516,379,2
148684,17,494,370,2
148701,17,506,395,2
148717,17,500,414,2
148734,17,498,392,2
148751,17,504,405,2
148767,17,505,376,2
148784,17,494,398,2
148801,17,505,386,2
148817,17,495,396,2
148834,17,494,392,2
148850,17,494,399,2
148867,17,498,390,2
148884,17,498,403,2
148900,17,495,384,2
148917,17,491,386,2
148934,17,495,382,2
148950,17,498,381,2
148967,17,498,386,2
148983,17,496,370,2
149000,17,493,385,2
149017,17,498,384,2
149033,17,490,374,2
149050,17,454,423,3
149067,17,378,477,3
149083,17,353,525,3
149100,17,351,509,3
149117,17,339,516,3
149133,17,338,494,3
149150,17,344,502,3
149166,17,331,509,3
149183,17,354,504,3
149200,17,346,506,3
149216,17,343,507,3
149233,17,346,519,3
149250,17,352,515,3
149266,17,343,510,3
149283,17,346,501,3
149300,17,350,514,3
149316,17,346,512,3
149333,17,332,513,3
149349,17,348,521,3
149366,17,350,515,3
149383,17,349,508,3
149399,17,349,518,3
149416,17,406,462,3
149433,17,486,418,5
149449,17,485,406,2
149466,17,498,390,2
149483,17,496,402,2
149499,17,495,383,2
149516,17,500,404,2
149532,17,488,414,2
149549,17,494,404,2
149566,17,502,391,2
149582,17,489,403,2
149599,17,488,393,2
149616,17,500,384,2
149632,17,484,404,2
149649,17,487,405,2
149666,17,490,380,2
149682,17,483,384,2
149699,17,489,381,2
149715,17,486,381,2
149732,17,488,386,2
149749,17,479,388,2
149765,17,478,381,2
149782,17,490,386,2
149799,17,484,384,2
149815,17,474,368,2
149832,17,487,378,2
149849,17,475,392,2
149865,17,494,385,2
149882,17,488,397,2
149898,17,471,387,2
149915,17,477,393,2
149932,17,484,379,2
149948,17,486,385,2
149965,17,485,389,2
149982,17,485,393,2
149998,17,487,384,2
150015,17,467,398,2
150032,17,473,391,2
150048,17,482,394,2
150065,17,470,387,2
150081,17,474,379,2
150098,17,470,391,2
150115,17,478,393,2
150131,17,482,393,2
150148,17,480,389,2
150165,17,472,393,2
150181,17,480,390,2
150198,17,469,389,2
150214,17,469,411,2
150231,17,482,396,2
150248,17,475,396,2
150264,17,465,383,2
150281,17,473,405,2
150298,17,475,398,2
150314,17,473,406,2
150331,17,485,402,2
150348,17,476,397,2
150364,17,466,419,3
150381,17,478,400,2
150397,17,479,401,2
150414,17,508,396,2
150431,17,508,395,2
150447,17,498,410,2
150464,17,508,383,2
150481,17,506,425,3
150497,17,508,418,5
150514,17,508,418,5
150531,17,509,402,2
150547,17,508,389,2
150564,17,502,406,2
150580,17,458,505,3
150597,17,391,620,3
150614,17,401,598,3
150630,17,388,627,3
150647,17,398,616,3
150664,17,388,617,3
150680,17,394,623,3
150697,17,392,614,3
150714,17,394,621,3
150730,17,391,627,3
150747,17,388,612,3
150763,17,389,623,3
150780,17,393,623,3
150797,17,390,616,3
150813,17,396,623,3
150830,17,416,568,3
150847,17,458,475,3
150863,17,497,401,2
150880,17,498,388,2
150897,17,503,389,2
150913,17,499,372,2
150930,17,515,368,2
150946,17,499,391,2
150963,17,506,354,4
150980,17,509,366,2
150996,17,511,389,2
151013,17,500,379,2
151030,17,500,368,2
151046,17,504,375,2
151063,17,501,357,4
151080,17,509,363,4
151096,17,504,367,2
151113,17,510,368,2
151129,17,505,374,2
151146,17,502,375,2
151163,17,510,370,2
151179,17,439,403,2
151196,17,346,387,2
151213,17,325,424,3
151229,17,340,395,2
151246,17,345,340,0
151263,17,336,388,2
151279,17,341,405,2
151296,17,330,396,2
151312,17,341,398,2
151329,17,345,385,2
151346,17,355,373,2
151362,17,354,393,2
151379,17,317,377,2
151396,17,343,386,2
151412,17,336,379,2
151429,17,321,375,2
151445,17,340,396,2
151462,17,348,383,2
151479,17,341,406,2
151495,17,337,409,2
151512,17,403,401,2
151529,17,495,427,3
151545,17,496,420,5
151562,17,502,412,2
151579,17,510,419,5
151595,17,508,419,5
151612,17,508,405,2
151628,17,511,418,5
151645,17,498,414,2
151662,17,512,407,2
151678,17,505,408,2
151695,17,512,412,2
151712,17,511,415,2
151728,17,497,410,2
151945,216,415,530,3
151961,17,509,454,3
151978,17,513,369,2
151994,17,513,423,3
152011,17,523,443,3
152028,17,514,439,3
152044,17,506,415,2
152061,17,508,446,3
152078,17,512,430,3
152094,17,514,412,2
152111,17,515,427,3
152128,17,516,422,3
152144,17,520,424,3
152161,17,503,460,3
152177,17,363,531,3
152194,17,221,637,3
152211,17,83,733,3
152227,17,12,776,0
152244,17,32,776,0
152261,17,20,774,0
152277,17,24,776,0
152294,17,35,774,0
152311,17,27,773,0
152344,33,21,778,0
152360,17,8,775,0
152377,17,4,779,0
152394,17,23,773,0
152410,17,19,782,0
152427,17,21,770,0
152444,17,10,779,0
152460,17,30,776,0
152477,17,123,642,3
152493,17,240,495,3
152510,17,346,433,3
152527,17,353,427,3
152543,17,371,414,2
152560,17,363,415,2
152577,17,385,416,2
152593,17,372,420,3
152610,17,367,418,3
152627,17,376,435,3
152643,17,370,421,3
152660,17,380,430,3
152676,17,381,423,3
152693,17,418,401,2
152710,17,477,375,2
152726,17,464,379,2
152743,17,470,387,2
152760,17,468,383,2
152776,17,468,394,2
152793,17,476,401,2
152810,17,471,386,2
152826,17,477,393,2
152843,17,474,386,2
152859,17,594,439,3
152876,17,720,450,3
152893,17,745,446,3
152909,17,756,467,3
152926,17,761,463,3
152943,17,750,463,3
152959,17,765,454,3
152976,17,750,445,3
152993,17,764,463,3
153009,17,765,449,3
153026,17,770,448,3
153042,17,751,462,3
153059,17,752,460,3
153076,17,753,486,3
153092,17,756,476,3
153109,17,747,485,3
153126,17,748,473,3
153142,17,773,472,3
153159,17,750,464,3
153176,17,747,473,3
153192,17,748,482,3
153209,17,748,454,3
153225,17,746,501,3
153242,17,757,491,3
153259,17,754,492,3
153275,17,748,479,3
153292,17,757,471,3
153309,17,746,478,3
153325,17,757,492,3
153342,17,752,478,3
153359,17,754,486,3
153375,17,766,483,3
153392,17,756,483,3
153408,17,738,488,3
153425,17,750,480,3
153442,17,756,477,3
153458,17,752,486,3
153475,17,754,480,3
153492,17,755,495,3
153508,17,752,476,3
153525,17,759,473,3
153542,17,756,483,3
153558,17,745,486,3
153575,17,753,474,3
153591,17,757,491,3
153608,17,753,466,3
153625,17,750,479,3
153641,17,748,485,3
153658,17,762,478,3
153675,17,756,471,3
153691,17,748,430,3
153708,17,748,409,2
153724,17,736,406,2
153741,17,743,405,2
153758,17,737,417,2
153774,17,746,409,2
153791,17,732,422,3
153808,17,741,409,2
153824,17,740,422,3
153841,17,743,426,3
153858,17,732,444,3
153874,17,812,452,3
153891,17,870,454,3
153907,17,872,466,3
153924,17,880,441,3
153941,17,870,473,3
153957,17,877,469,3
153974,17,863,479,3
153991,17,862,461,3
154007,17,868,463,3
154024,17,868,475,3
154041,17,870,458,3
154057,17,871,461,3
154074,17,874,462,3
154090,17,860,460,3
154107,17,861,471,3
154124,17,862,472,3
154140,17,862,478,3
154157,17,861,472,3
154174,17,870,460,3
154190,17,860,464,3
154207,17,871,467,3
154224,17,868,465,3
154240,17,867,470,3
154257,17,867,466,3
154273,17,854,465,3
154290,17,862,469,3
154307,17,813,416,3
154323,17,682,396,2
154340,17,570,370,2
154357,17,483,372,2
154373,17,461,365,2
154390,17,470,367,2
154407,17,473,362,4
154423,17,461,349,4
154440,17,468,364,4
154456,17,465,348,4
154473,17,472,363,4
154490,17,459,366,2
154506,17,465,345,4
154523,17,463,373,2
154540,17,467,343,4
154556,17,464,362,4
154573,17,466,394,2
154590,17,467,387,2
154606,17,469,389,2
154623,17,471,368,2
154639,17,470,383,2
154656,17,476,392,2
154673,17,472,364,4
154689,17,470,372,2
154706,17,460,391,2
154723,17,459,373,2
154739,17,464,383,2
154756,17,473,379,2
154772,17,470,394,2
154789,17,449,393,2
154806,17,461,403,2
154822,17,471,392,2
154839,17,478,389,2
154856,17,483,391,2
154872,17,465,395,2
154889,17,475,390,2
154906,17,462,390,2
154922,17,462,389,2
154939,17,476,417,2
154955,17,464,374,2
154972,17,469,389,2
154989,17,459,387,2
155005,17,471,385,2
155022,17,471,386,2
155039,17,469,399,2
155055,17,467,398,2
155072,17,457,387,2
155089,17,464,400,2
155105,17,464,407,2
155122,17,460,401,2
155138,17,450,398,2
155155,17,430,406,2
155172,17,362,395,2
155188,17,252,388,2
155205,17,257,394,2
155222,17,233,380,2
155238,17,250,392,2
155255,17,238,392,2
155272,17,233,413,2
155288,17,232,396,2
155305,17,243,391,2
155321,17,250,403,2
155338,17,246,380,2
155355,17,241,399,2
155371,17,255,383,2
155388,17,244,385,2
155405,17,238,396,2
155421,17,245,388,2
155438,17,219,416,2
155455,17,235,391,2
155471,17,246,394,2
155488,17,228,405,2
155504,17,234,399,2
155521,17,241,396,2
155538,17,226,418,3
155554,17,221,421,3
155571,17,284,405,2
155588,17,429,409,2
155604,17,499,402,2
155621,17,514,435,3
155638,17,513,433,3
155654,17,521,422,3
155671,17,526,432,3
155687,17,520,416,2
155704,17,520,444,3
155721,17,516,423,3
155737,17,510,411,2
155754,17,519,421,5
155771,17,515,432,3
155787,17,517,431,3
155804,17,519,468,3
155821,17,331,548,3
156087,266,369,820,0
156103,17,301,800,0
156120,17,320,769,0
156137,17,324,810,0
156153,17,355,775,0
156170,17,392,728,3
156186,17,379,721,3
156203,17,385,764,3
156220,17,368,756,3
156236,17,375,750,3
156253,17,253,861,0
156270,17,216,879,0
156286,17,141,918,0
156303,17,143,904,0
156320,17,157,875,0
156336,17,143,911,0
156353,17,142,935,0
156369,17,196,873,0
156386,17,182,874,0
156403,17,178,900,0
156419,17,187,877,0
156436,17,175,920,0
156453,17,195,908,0
156469,17,191,891,0
156486,17,226,868,0
156503,17,240,738,3
156519,17,394,322,0
156536,17,432,501,3
156552,17,417,495,3
156569,17,440,494,3
156586,17,418,514,3
156602,17,434,491,3
156619,17,439,529,3
156636,17,436,512,3
156652,17,445,523,3
156669,17,437,487,3
156686,17,430,487,3
156702,17,445,481,3
156719,17,476,422,3
156735,17,483,433,3
156752,17,500,436,3
156769,17,494,432,3
156785,17,496,421,5
156802,17,491,416,2
156819,17,484,419,5
156835,17,490,438,3
156852,17,492,423,3
156869,17,487,421,5
156885,17,494,417,5
156902,17,497,433,3
156918,17,488,413,2
156935,17,485,418,5
156952,17,409,440,3
156968,17,333,477,3
156985,17,287,493,3
157002,17,280,510,3
157018,17,293,498,3
157035,17,286,493,3
157051,17,303,501,3
157068,17,294,500,3
157085,17,308,495,3
157101,17,294,487,3
157118,17,309,510,3
157135,17,283,509,3
157151,17,295,504,3
157168,17,292,521,3
157185,17,308,514,3
157201,17,302,506,3
157218,17,290,519,3
157234,17,285,502,3
157251,17,289,509,3
157268,17,298,489,3
157284,17,282,511,3
157301,17,339,456,3
157318,17,424,397,2
157334,17,475,419,3
157351,17,483,416,2
157368,17,474,399,2
157384,17,487,385,2
157401,17,488,400,2
157417,17,477,410,2
157434,17,486,412,2
157451,17,475,399,2
157467,17,479,411,2
157484,17,486,375,2
157501,17,475,404,2
157517,17,478,422,3
157534,17,476,381,2
157551,17,482,400,2
157567,17,473,418,3
157584,17,477,420,3
157600,17,484,403,2
157617,17,478,384,2
157634,17,475,397,2
157650,17,476,406,2
157667,17,486,418,5
157684,17,477,399,2
157700,17,478,391,2
157717,17,481,407,2
157734,17,478,391,2
157750,17,522,454,3
157767,17,585,632,3
157783,17,583,676,3
157800,17,591,681,3
157817,17,592,689,3
157833,17,591,677,3
157850,17,594,682,3
157867,17,588,699,3
157883,17,590,695,3
157900,17,590,687,3
157917,17,587,703,3
157933,17,596,699,3
157950,17,593,701,3
157966,17,594,697,3
157983,17,593,681,3
158000,17,592,691,3
158016,17,606,709,3
158033,17,704,834,0
158050,17,739,853,0
158066,17,753,858,0
158083,17,731,838,0
158100,17,743,846,0
158116,17,748,853,0
158133,17,741,853,0
158149,17,748,849,0
158166,17,748,858,0
158183,17,750,853,0
158199,17,752,850,0
158216,17,749,857,0
158233,17,750,858,0
158249,17,748,860,0
158266,17,750,842,0
158282,17,758,842,0
158299,17,751,857,0
158316,17,754,868,0
158332,17,741,861,0
158349,17,740,848,0
158366,17,797,704,3
158382,17,837,624,3
158399,17,882,588,3
158416,17,893,586,3
158432,17,905,607,3
158449,17,900,572,3
158465,17,898,600,3
158482,17,891,609,3
158499,17,898,592,3
158515,17,905,588,3
158532,17,896,592,3
158549,17,897,599,3
158565,17,895,606,3
158582,17,894,594,3
158599,17,949,650,3
158615,17,1015,717,3
158632,17,1025,700,0
158648,17,1027,716,0
158665,17,1025,715,0
158682,17,1021,709,3
158698,17,1022,717,3
158715,17,1026,701,0
158732,17,1031,707,0
158748,17,1017,710,3
158765,17,1026,712,0
158782,17,1026,704,0
158798,17,1023,715,3
158815,17,1017,721,3
158831,17,1030,713,0
158848,17,1014,711,3
158865,17,871,563,3
158881,17,722,449,3
158898,17,551,434,3
158915,17,498,427,3
158931,17,495,430,3
158948,17,498,422,3
158965,17,507,423,3
158981,17,498,408,2
158998,17,499,426,3
159014,17,500,409,2
159031,17,508,405,2
159048,17,504,422,3
159064,17,502,425,3
159081,17,505,421,5
159098,17,504,413,2
159114,17,512,436,3
159131,17,497,389,2
159148,17,492,422,3
159164,17,501,414,2
159181,17,611,291,4
159197,17,753,85,0
159281,83,944,70,0
159330,50,960,24,0
159364,33,935,116,0
159647,283,720,228,1
159663,17,560,387,2
159680,17,557,391,2
159696,17,536,416,2
159713,17,549,397,2
159730,17,547,395,2
159746,17,554,400,2
159763,17,549,426,3
159780,17,553,411,2
159796,17,553,426,3
159813,17,533,412,2
159830,17,547,402,2
159846,17,546,414,2
159863,17,543,408,2
159879,17,549,400,2
159896,17,557,403,2
159913,17,547,406,2
159929,17,533,405,2
159946,17,553,408,2
159963,17,551,427,3
159979,17,548,416,2
159996,17,538,410,2
160013,17,551,423,3
160029,17,539,437,3
160046,17,548,407,2
160062,17,539,414,2
160079,17,542,417,5
160096,17,545,430,3
160112,17,546,406,2
160129,17,549,413,2
160146,17,541,417,5
160162,17,589,620,3
160279,116,502,551,3
160295,17,533,256,1
160312,17,534,325,4
160329,17,526,401,2
160345,17,518,389,2
160362,17,526,404,2
160379,17,528,423,3
160395,17,526,371,2
160412,17,517,398,2
160428,17,532,396,2
160445,17,524,422,3
160462,17,530,419,5
160478,17,529,408,2
160495,17,531,387,2
160512,17,513,414,2
160528,17,522,411,2
160545,17,533,388,2
160561,17,525,413,2
160578,17,527,419,5
160595,17,526,402,2
160611,17,525,407,2
160628,17,528,399,2
160645,17,526,423,3
160661,17,525,419,5
160678,17,510,411,2
160695,17,485,409,2
160711,17,474,411,2
160728,17,485,391,2
160744,17,480,406,2
160761,17,469,394,2
160778,17,474,394,2
160794,17,472,411,2
160811,17,477,408,2
160828,17,482,399,2
160844,17,460,391,2
160861,17,466,420,3
160878,17,471,413,2
160894,17,472,414,2
160911,17,533,327,4
160927,17,668,184,1
160977,50,936,173,0
160994,17,949,62,0
161011,17,930,188,0
161077,67,939,202,0
161110,33,954,74,0
161543,433,784,13,0
161560,17,619,190,1
161576,17,475,312,4
161593,17,458,328,4
161610,17,444,361,4
161626,17,463,365,2
161643,17,451,383,2
161659,17,472,372,2
161676,17,448,357,4
161693,17,457,366,2
161709,17,468,388,2
161726,17,453,362,4
161743,17,463,376,2
161759,17,456,369,2
161776,17,444,388,2
161792,17,459,369,2
161809,17,458,361,4
161826,17,455,368,2
161842,17,468,361,4
161859,17,453,368,2
161876,17,462,365,2
161892,17,457,363,4
161909,17,458,377,2
161926,17,448,356,4
161942,17,462,366,2
161959,17,501,434,3
161975,17,536,464,3
161992,17,535,452,3
162009,17,536,474,3
162025,17,537,452,3
162042,17,539,472,3
162059,17,530,469,3
162075,17,541,476,3
162092,17,535,453,3
162109,17,529,474,3
162125,17,521,442,3
162142,17,542,455,3
162158,17,531,471,3
162175,17,532,461,3
162192,17,532,451,3
162208,17,533,456,3
162225,17,614,533,3
162242,17,701,596,3
162258,17,702,620,3
162275,17,701,631,3
162292,17,710,610,3
162308,17,712,600,3
162325,17,717,596,3
162341,17,715,618,3
162358,17,714,627,3
162375,17,703,620,3
162391,17,586,487,3
162408,17,519,413,2
162425,17,456,307,4
162441,17,447,306,4
162458,17,449,305,4
162475,17,429,306,4
162491,17,449,291,4
162508,17,435,299,4
162524,17,436,291,4
162541,17,426,314,4
162558,17,433,328,4
162574,17,454,299,4
162591,17,446,303,4
162608,17,435,330,4
162624,17,442,319,4
162641,17,482,356,4
162658,17,470,364,4
162674,17,477,369,2
162691,17,478,357,4
162707,17,477,386,2
162724,17,475,376,2
162741,17,481,368,2
162757,17,477,342,4
162774,17,477,378,2
162791,17,479,385,2
162807,17,466,346,4
162824,17,475,360,4
162840,17,482,381,2
162857,17,442,357,4
162874,17,383,318,0
162890,17,350,287,0
162907,17,369,284,0
162924,17,357,264,0
162940,17,357,279,0
162957,17,340,269,0
162974,17,349,255,1
162990,17,361,273,0
163007,17,356,279,0
163023,17,375,259,1
163040,17,358,264,0
163057,17,365,266,0
163073,17,365,290,0
163090,17,367,268,0
163107,17,374,266,0
163123,17,370,260,0
163140,17,352,262,0
163157,17,379,277,0
163173,17,373,271,0
163190,17,365,276,0
163206,17,458,342,4
163223,17,512,378,2
163240,17,498,373,2
163256,17,502,386,2
163273,17,509,356,4
163290,17,512,372,2
163306,17,508,372,2
163323,17,514,360,4
163340,17,500,367,2
163356,17,518,351,4
163373,17,518,382,2
163389,17,514,367,2
163406,17,487,417,5
163423,17,470,396,2
163439,17,476,400,2
163456,17,455,397,2
163473,17,463,414,2
163489,17,466,415,2
163506,17,453,393,2
163523,17,469,400,2
163539,17,469,429,3
163556,17,473,417,2
163572,17,471,393,2
163589,17,475,399,2
163606,17,470,409,2
163622,17,470,416,2
163639,17,476,395,2
163656,17,468,414,2
163672,17,461,397,2
163689,17,466,385,2
163706,17,460,432,3
163722,17,449,359,4
164022,299,362,867,0
164038,17,314,905,0
164055,17,310,980,0
164071,17,326,889,0
164088,17,327,890,0
164105,17,318,881,0
164121,17,373,825,0
164138,17,312,934,0
164171,33,179,959,0
164188,17,139,953,0
164205,17,227,887,0
164221,17,179,940,0
164238,17,142,932,0
164254,17,220,875,0
164271,17,176,920,0
164288,17,238,922,0
164304,17,213,919,0
164321,17,261,921,0
164338,17,213,920,0
164354,17,246,927,0
164371,17,251,925,0
164388,17,180,876,0
164404,17,167,941,0
164421,17,187,941,0
164437,17,170,878,0
164454,17,196,886,0
164471,17,193,884,0
164487,17,198,883,0
164504,17,191,941,0
164521,17,210,941,0
164537,17,233,942,0
164554,17,178,939,0
164571,17,291,763,3
164587,17,423,380,2
164604,17,489,382,2
164620,17,489,417,5
164637,17,488,394,2
164654,17,489,408,2
164670,17,486,420,5
164687,17,491,401,2
164704,17,499,408,2
164720,17,489,392,2
164737,17,499,404,2
164754,17,498,435,3
164770,17,503,432,3
164787,17,493,418,5
164803,17,497,396,2
164820,17,498,409,2
164837,17,506,409,2
164853,17,498,403,2
164870,17,498,407,2
164887,17,499,426,3
164903,17,495,402,2
164920,17,495,427,3
164937,17,497,403,2
164953,17,490,408,2
164970,17,487,400,2
164986,17,477,393,2
165003,17,484,389,2
165020,17,478,397,2
165036,17,471,389,2
165053,17,485,403,2
165070,17,480,411,2
165086,17,475,399,2
165103,17,478,401,2
165119,17,468,407,2
165136,17,477,399,2
165153,17,470,410,2
165169,17,478,393,2
165186,17,472,410,2
165203,17,475,394,2
165219,17,473,401,2
165236,17,474,415,2
165253,17,474,400,2
165269,17,472,407,2
165286,17,475,413,2
165302,17,463,410,2
165319,17,473,401,2
165336,17,470,414,2
165352,17,467,408,2
165369,17,468,398,2
165386,17,464,410,2
165402,17,481,412,2
165419,17,467,407,2
165436,17,457,421,3
165452,17,466,405,2
165469,17,452,420,3
165485,17,470,424,3
165502,17,457,401,2
165519,17,462,392,2
165535,17,472,399,2
165552,17,620,406,2
165569,17,716,423,3
165585,17,745,419,3
165602,17,753,414,2
165619,17,748,429,3
165635,17,751,427,3
165652,17,757,429,3
165668,17,749,426,3
165685,17,749,407,2
165702,17,747,438,3
165718,17,755,425,3
165735,17,748,405,2
165752,17,753,402,2
165768,17,752,429,3
165785,17,750,407,2
165802,17,749,433,3
165818,17,754,408,2
165835,17,674,429,3
165851,17,586,378,2
165868,17,520,400,2
165885,17,527,398,2
165901,17,512,381,2
165918,17,521,412,2
165935,17,516,417,5
165951,17,514,406,2
165968,17,517,391,2
165985,17,518,399,2
166001,17,516,387,2
166018,17,521,368,2
166034,17,516,388,2
166051,17,517,408,2
166068,17,665,404,2
166084,17,761,384,2
166101,17,771,393,2
166118,17,781,399,2
166134,17,783,388,2
166151,17,783,380,2
166168,17,793,363,0
166184,17,784,393,2
166201,17,781,398,2
166217,17,778,409,2
166234,17,790,391,2
166251,17,785,395,2
166267,17,792,396,2
166284,17,792,391,2
166301,17,776,387,2
166317,17,781,380,2
166334,17,786,367,2
166350,17,785,356,0
166367,17,789,406,2
166384,17,786,369,2
166400,17,786,387,2
166417,17,783,399,2
166434,17,787,371,2
166450,17,782,386,2
166467,17,789,396,2
166484,17,780,414,2
166500,17,775,408,2
166517,17,784,365,2
166533,17,784,383,2
166550,17,786,380,2
166567,17,784,383,2
166583,17,780,372,2
166600,17,782,394,2
166617,17,781,401,2
166633,17,782,372,2
166650,17,782,403,2
166667,17,775,368,2
166683,17,783,390,2
166700,17,780,379,2
166716,17,781,389,2
166733,17,775,376,2
166750,17,777,384,2
166766,17,775,376,2
166783,17,781,375,2
166800,17,779,380,2
166816,17,776,380,2
166833,17,772,375,2
166850,17,777,386,2
166866,17,707,395,2
166883,17,605,365,2
166899,17,511,477,3
166916,17,476,512,3
166933,17,463,458,3
166949,17,477,375,2
166966,17,479,373,2
166983,17,481,413,2
166999,17,478,425,3
167016,17,481,401,2
167033,17,480,413,2
167049,17,486,390,2
167066,17,479,390,2
167082,17,484,384,2
167099,17,489,381,2
167116,17,480,378,2
167132,17,478,387,2
167149,17,479,378,2
167166,17,478,385,2
167182,17,473,384,2
167199,17,480,391,2
167216,17,473,365,2
167232,17,479,382,2
167249,17,482,395,2
167265,17,478,382,2
167282,17,482,373,2
167299,17,487,396,2
167315,17,475,371,2
167332,17,474,386,2
167349,17,479,392,2
167365,17,478,385,2
167382,17,483,391,2
167398,17,476,405,2
167415,17,482,389,2
167432,17,476,391,2
167448,17,472,368,2
167465,17,477,389,2
167482,17,469,382,2
167498,17,469,393,2
167515,17,474,396,2
167532,17,472,390,2
167548,17,467,365,2
167565,17,465,372,2
167581,17,470,387,2
167598,17,464,404,2
167615,17,471,384,2
167631,17,469,384,2
167648,17,469,402,2
167665,17,512,381,2
167681,17,501,407,2
167698,17,499,375,2
167715,17,498,404,2
167731,17,487,406,2
167748,17,501,401,2
167764,17,502,408,2
167781,17,501,382,2
167798,17,504,411,2
167814,17,499,394,2
167831,17,498,361,4
168031,200,401,436,3
168047,17,435,318,4
168064,17,438,385,2
168081,17,436,445,3
168097,17,442,423,3
168114,17,446,434,3
168130,17,447,455,3
168147,17,438,424,3
168164,17,440,434,3
168180,17,441,436,3
168197,17,448,435,3
168214,17,427,442,3
168230,17,443,420,3
168247,17,432,430,3
168264,17,452,433,3
168280,17,443,441,3
168297,17,491,411,2
168313,17,535,392,2
168330,17,535,382,2
168347,17,538,377,2
168363,17,536,395,2
168380,17,540,390,2
168397,17,537,367,2
168413,17,533,388,2
168430,17,536,402,2
168447,17,545,358,4
168463,17,533,386,2
168480,17,537,388,2
168496,17,542,400,2
168513,17,542,388,2
168530,17,545,391,2
168546,17,542,381,2
168563,17,545,376,2
168580,17,539,392,2
168596,17,540,394,2
168613,17,539,365,2
168629,17,546,379,2
168646,17,539,389,2
168663,17,539,385,2
168679,17,544,380,2
168696,17,540,391,2
168713,17,540,377,2
168729,17,532,384,2
168746,17,539,402,2
168763,17,540,382,2
168779,17,542,383,2
168796,17,532,376,2
168812,17,535,389,2
168829,17,535,394,2
168846,17,539,378,2
168862,17,543,384,2
168879,17,541,370,2
168896,17,536,362,4
168912,17,538,371,2
168929,17,529,410,2
168946,17,528,427,3
168962,17,529,409,2
168979,17,522,425,3
168995,17,526,407,2
169012,17,524,418,5
169029,17,520,426,3
169045,17,526,428,3
169062,17,520,418,5
169079,17,526,426,3
169095,17,523,420,5
169112,17,518,423,3
169129,17,523,428,3
169145,17,525,429,3
169162,17,519,425,3
169178,17,523,436,3
169195,17,526,439,3
169212,17,520,423,3
169228,17,522,435,3
169245,17,478,403,2
169262,17,482,379,2
169278,17,482,384,2
169295,17,489,384,2
169312,17,483,378,2
169328,17,477,411,2
169345,17,481,392,2
169361,17,482,381,2
169378,17,482,377,2
169395,17,479,388,2
169411,17,481,395,2
169428,17,476,403,2
169445,17,477,388,2
169461,17,477,389,2
169478,17,476,390,2
169495,17,479,399,2
169511,17,477,389,2
169528,17,474,382,2
169544,17,476,389,2
169561,17,479,394,2
169578,17,477,394,2
169594,17,475,382,2
169611,17,484,408,2
169628,17,480,374,2
169644,17,482,379,2
169661,17,478,383,2
169678,17,480,379,2
169694,17,475,388,2
169711,17,478,384,2
169727,17,478,377,2
169744,17,472,380,2
169761,17,478,379,2
169777,17,479,386,2
169794,17,440,302,4
169811,17,432,306,4
169827,17,433,303,4
169844,17,430,298,4
169860,17,428,306,4
169877,17,431,303,4
169894,17,428,277,0
169910,17,449,301,4
169927,17,443,305,4
169944,17,426,303,4
169960,17,436,297,4
169977,17,425,301,4
169994,17,436,324,4
170010,17,429,312,4
170027,17,428,298,4
170043,17,436,286,0
170060,17,433,313,4
170077,17,432,316,4
170093,17,435,295,4
170110,17,431,293,4
170127,17,438,305,4
170143,17,433,306,4
170160,17,431,284,0
170177,17,435,305,4
170193,17,425,298,4
170210,17,424,276,0
170226,17,440,288,4
170243,17,438,276,0
170260,17,429,304,4
170276,17,430,300,4
170293,17,436,289,4
170310,17,435,320,4
170326,17,434,279,0
170343,17,435,314,4
170360,17,443,303,4
170376,17,434,283,0
170393,17,435,265,0
170409,17,440,296,4
170426,17,435,305,4
170443,17,447,348,4
170459,17,478,367,2
170476,17,494,390,2
170493,17,493,389,2
170509,17,496,392,2
170526,17,499,382,2
170543,17,486,391,2
170559,17,502,380,2
170576,17,494,398,2
170592,17,485,399,2
170609,17,499,382,2
170626,17,503,379,2
170642,17,497,399,2
170659,17,492,401,2
170676,17,489,381,2
170692,17,498,388,2
170709,17,494,394,2
170726,17,496,398,2
170742,17,498,385,2
170759,17,487,387,2
170775,17,491,372,2
170792,17,485,392,2
170809,17,488,399,2
170825,17,490,384,2
170842,17,493,390,2
170859,17,490,379,2
170875,17,496,377,2
170892,17,499,398,2
170908,17,493,388,2
170925,17,492,410,2
170942,17,479,397,2
170958,17,492,412,2
170975,17,494,392,2
170992,17,492,386,2
171008,17,498,401,2
171025,17,489,370,2
171042,17,499,380,2
171058,17,546,364,4
171075,17,640,332,0
171091,17,688,327,0
171108,17,693,326,0
171125,17,697,354,0
171141,17,702,304,0
171158,17,696,314,0
171175,17,698,311,0
171191,17,698,313,0
171208,17,694,322,0
171225,17,701,312,0
171241,17,696,326,0
171258,17,700,313,0
171274,17,698,334,0
171291,17,699,353,0
171308,17,698,320,0
171324,17,690,346,0
171341,17,616,373,2
171358,17,573,332,4
171374,17,567,359,4
171391,17,574,374,2
171408,17,562,371,2
171424,17,563,344,4
171441,17,562,381,2
171457,17,568,385,2
171474,17,562,381,2
171491,17,565,355,4
171507,17,562,367,2
171524,17,565,362,4
171541,17,558,359,4
171557,17,561,353,4
171574,17,561,366,2
171591,17,563,376,2
171607,17,564,376,2
171624,17,563,398,2
171640,17,564,360,4
171657,17,563,375,2
171674,17,555,373,2
171690,17,563,365,2
171707,17,562,387,2
171724,17,553,392,2
171740,17,560,384,2
171757,17,559,401,2
171774,17,558,375,2
171790,17,558,369,2
171807,17,562,373,2
171823,17,553,388,2
171840,17,557,417,5
171857,17,489,433,3
172040,183,212,815,0
172056,17,182,776,0
172073,17,199,723,3
172090,17,114,812,0
172106,17,203,786,0
172123,17,225,723,3
172139,17,200,736,3
172156,17,197,731,3
172173,17,213,736,3
172189,17,207,744,3
172206,17,206,748,3
172223,17,212,737,3
172239,17,202,742,3
172256,17,325,882,0
172273,17,372,885,0
172289,17,372,883,0
172306,17,383,882,0
172322,17,387,891,0
172339,17,385,892,0
172356,17,384,885,0
172372,17,377,894,0
172389,17,393,896,0
172406,17,396,898,0
172422,17,382,901,0
172439,17,391,889,0
172456,17,391,958,0
172472,17,394,878,0
172489,17,430,896,0
172505,17,491,891,0
172522,17,492,895,0
172539,17,495,899,0
172555,17,494,904,0
172572,17,421,962,0
172589,17,496,890,0
172605,17,494,886,0
172622,17,504,895,0
172639,17,495,898,0
172655,17,491,902,0
172672,17,494,901,0
172688,17,494,887,0
172705,17,535,643,3
172722,17,562,497,3
172738,17,582,389,2
172755,17,586,373,2
172772,17,584,350,4
172788,17,590,381,2
172805,17,587,358,4
172822,17,584,374,2
172838,17,593,386,2
172855,17,587,372,2
172871,17,587,379,2
172888,17,581,382,2
172905,17,584,379,2
172921,17,585,402,2
172938,17,576,366,2
172955,17,584,379,2
172971,17,584,387,2
172988,17,581,363,4
173005,17,584,368,2
173021,17,583,383,2
173038,17,581,394,2
173054,17,593,364,4
173071,17,597,364,4
173088,17,582,388,2
173104,17,586,388,2
173121,17,583,396,2
173138,17,581,378,2
173154,17,581,382,2
173171,17,587,384,2
173187,17,584,393,2
173204,17,582,394,2
173221,17,579,391,2
173237,17,582,395,2
173254,17,581,380,2
173271,17,580,379,2
173287,17,569,387,2
173304,17,577,378,2
173321,17,575,363,4
173337,17,578,388,2
173354,17,577,378,2
173370,17,577,380,2
173387,17,573,366,2
173404,17,609,395,2
173420,17,701,391,2
173437,17,746,409,2
173454,17,746,392,2
173470,17,756,408,2
173487,17,748,383,2
173504,17,743,391,2
173520,17,752,380,2
173537,17,751,390,2
173553,17,749,411,2
173570,17,749,386,2
173587,17,747,409,2
173603,17,751,397,2
173620,17,749,401,2
173637,17,640,358,0
173653,17,569,389,2
173670,17,554,377,2
173687,17,538,377,2
173703,17,543,382,2
173720,17,550,383,2
173736,17,536,389,2
173753,17,544,396,2
173770,17,548,367,2
173786,17,551,393,2
173803,17,542,406,2
173820,17,550,398,2
173836,17,548,382,2
173853,17,536,398,2
173870,17,547,389,2
173886,17,551,370,2
173903,17,544,373,2
173919,17,542,391,2
173936,17,543,397,2
173953,17,534,381,2
173969,17,538,405,2
173986,17,542,398,2
174003,17,544,387,2
174019,17,542,412,2
174036,17,610,366,2
174053,17,717,383,2
174069,17,758,325,0
174086,17,760,359,0
174102,17,766,373,2
174119,17,759,374,2
174136,17,758,391,2
174152,17,754,388,2
174169,17,760,365,2
174186,17,761,383,2
174202,17,757,391,2
174219,17,756,388,2
174236,17,762,375,2
174252,17,758,367,2
174269,17,734,359,0
174285,17,615,343,0
174302,17,546,381,2
174319,17,569,351,4
174335,17,541,365,2
174352,17,554,383,2
174369,17,551,349,4
174385,17,535,395,2
174402,17,548,387,2
174418,17,549,369,2
174435,17,549,384,2
174452,17,532,375,2
174468,17,545,369,2
174485,17,547,389,2
174502,17,540,350,4
174518,17,503,404,2
174535,17,490,396,2
174552,17,485,410,2
174568,17,471,405,2
174585,17,463,405,2
174601,17,472,402,2
174618,17,472,410,2
174635,17,486,425,3
174651,17,480,405,2
174668,17,481,392,2
174685,17,467,400,2
174701,17,508,411,2
174718,17,667,442,3
174735,17,744,450,3
174751,17,756,368,2
174768,17,750,350,0
174784,17,748,410,2
174801,17,762,421,3
174818,17,755,439,3
174834,17,753,421,3
174851,17,750,436,3
174868,17,748,391,2
174884,17,747,439,3
174901,17,762,428,3
174918,17,757,458,3
174934,17,755,423,3
174951,17,757,394,2
174967,17,747,413,2
174984,17,741,422,3
175001,17,675,410,2
175017,17,612,403,2
175034,17,577,368,2
175051,17,576,359,4
175067,17,580,382,2
175084,17,584,317,4
175101,17,565,360,4
175117,17,581,376,2
175134,17,567,373,2
175150,17,573,389,2
175167,17,572,374,2
175184,17,576,373,2
175200,17,570,394,2
175217,17,574,367,2
175234,17,572,358,4
175250,17,582,381,2
175267,17,581,359,4
175284,17,568,391,2
175300,17,561,386,2
175317,17,578,416,2
175333,17,567,373,2
175350,17,572,385,2
175367,17,566,380,2
175383,17,579,372,2
175400,17,577,379,2
175417,17,566,372,2
175433,17,557,565,3
175450,17,442,317,4
175600,150,805,532,3
175616,17,760,620,3
175633,17,768,482,3
175649,17,754,381,2
175666,17,754,369,2
175683,17,753,385,2
175699,17,775,396,2
175716,17,743,425,3
175733,17,742,426,3
175749,17,741,418,3
175766,17,757,391,2
175783,17,646,419,3
175799,17,540,392,2
175816,17,517,387,2
175832,17,515,427,3
175849,17,505,399,2
175866,17,504,444,3
175882,17,513,421,5
175899,17,513,431,3
175916,17,513,420,5
175932,17,501,398,2
175949,17,519,413,2
175966,17,508,403,2
175982,17,502,420,5
175999,17,500,430,3
176015,17,408,807,0
176265,250,439,897,0
176282,17,528,591,3
176298,17,471,543,3
176315,17,522,513,3
176332,17,529,520,3
176348,17,536,553,3
176365,17,537,527,3
176381,17,532,537,3
176398,17,527,526,3
176415,17,496,484,3
176431,17,520,423,3
176448,17,518,451,3
176465,17,519,440,3
176481,17,514,428,3
176498,17,507,431,3
176515,17,493,421,5
176531,17,503,415,2
176548,17,508,415,2
176564,17,532,464,3
176581,17,516,440,3
176598,17,505,447,3
176614,17,515,452,3
176631,17,517,424,3
176648,17,521,438,3
176664,17,527,447,3
176681,17,521,385,2
176697,17,525,448,3
176714,17,512,431,3
176731,17,530,432,3
176747,17,514,460,3
176764,17,518,411,2
176781,17,513,446,3
176797,17,514,425,3
176814,17,507,407,2
176831,17,507,369,2
176847,17,511,398,2
176864,17,517,384,2
176880,17,496,409,2
176897,17,499,394,2
176914,17,501,414,2
176930,17,502,391,2
176947,17,505,385,2
176964,17,498,375,2
176980,17,499,361,4
176997,17,501,387,2
177014,17,517,404,2
177030,17,497,404,2
177047,17,496,390,2
177063,17,519,414,2
177080,17,508,401,2
177097,17,496,381,2
177113,17,494,392,2
177130,17,513,413,2
177147,17,496,369,2
177163,17,489,361,4
177180,17,492,403,2
177197,17,485,389,2
177213,17,495,408,2
177230,17,481,399,2
177246,17,486,396,2
177263,17,484,407,2
177280,17,500,410,2
177296,17,480,397,2
177313,17,496,406,2
177330,17,482,400,2
177346,17,493,421,5
177363,17,466,412,2
177380,17,485,423,3
177396,17,482,421,3
177413,17,479,424,3
177429,17,603,284,0
177446,17,695,230,1
177463,17,769,155,0
177479,17,780,81,0
177496,17,775,79,0
177513,17,770,153,0
177529,17,778,124,0
177546,17,773,127,0
177563,17,777,146,0
177579,17,782,99,0
177596,17,773,118,0
177612,17,783,123,0
177629,17,784,117,0
177646,17,781,119,0
177662,17,778,120,0
177679,17,784,122,0
177696,17,772,144,0
177712,17,781,136,0
177729,17,776,159,0
177745,17,779,92,0
177762,17,781,103,0
177779,17,785,87,0
177795,17,780,92,0
177812,17,780,111,0
177829,17,767,176,0
177845,17,778,119,0
177862,17,770,166,0
177879,17,769,140,0
177895,17,766,192,0
177912,17,766,174,0
177928,17,694,156,1
177945,17,610,232,1
177962,17,588,190,1
177978,17,585,200,1
177995,17,591,185,1
178012,17,595,216,1
178028,17,590,250,1
178045,17,578,215,1
178062,17,587,201,1
178078,17,582,188,1
178095,17,578,256,1
178111,17,583,177,1
178128,17,580,210,1
178145,17,579,237,1
178161,17,516,342,4
178178,17,509,344,4
178195,17,519,374,2
178211,17,520,327,4
178228,17,499,382,2
178245,17,502,369,2
178261,17,516,377,2
178278,17,498,364,4
178294,17,497,339,4
178311,17,498,363,4
178328,17,497,372,2
178344,17,503,362,4
178361,17,493,366,2
178378,17,505,359,4
178394,17,487,346,4
178411,17,509,367,2
178428,17,494,388,2
178444,17,504,394,2
178461,17,499,374,2
178477,17,516,340,4
178494,17,485,386,2
178511,17,479,429,3
178527,17,470,404,2
178544,17,458,436,3
178561,17,490,427,3
178577,17,457,427,3
178594,17,472,388,2
178611,17,480,426,3
178627,17,463,411,2
178644,17,476,437,3
178660,17,486,432,3
178677,17,487,403,2
178694,17,464,415,2
178710,17,492,409,2
178727,17,491,446,3
178744,17,469,417,2
178760,17,482,430,3
178777,17,483,434,3
178794,17,469,414,2
178810,17,470,417,2
178827,17,473,448,3
178843,17,479,408,2
178860,17,472,402,2
178877,17,485,423,3
178893,17,476,432,3
178910,17,473,411,2
178927,17,483,453,3
178943,17,477,394,2
178960,17,500,435,3
178976,17,461,437,3
178993,17,461,419,3
179010,17,469,417,2
179026,17,483,404,2
179043,17,469,436,3
179060,17,482,423,3
179076,17,474,409,2
179093,17,487,455,3
179110,17,476,431,3
179126,17,453,420,3
179143,17,460,411,2
179159,17,446,424,3
179176,17,458,424,3
179193,17,446,399,2
179209,17,464,420,3
179226,17,454,431,3
179243,17,443,417,2
179259,17,468,430,3
179276,17,456,414,2
179293,17,457,443,3
179309,17,454,408,2
179326,17,454,414,2
179342,17,450,436,3
179359,17,454,355,4
179376,17,452,403,2
179392,17,459,453,3
179409,17,459,422,3
179426,17,450,424,3
179442,17,447,392,2
179459,17,465,416,2
179476,17,438,433,3
179492,17,435,407,2
179509,17,457,430,3
179525,17,446,418,3
179542,17,466,430,3
179559,17,454,416,2
179575,17,445,411,6
179592,17,449,433,3
179609,17,460,360,4
179625,17,455,392,2
179642,17,444,425,3
179659,17,456,414,2
179675,17,454,423,3
179692,17,451,429,3
179708,17,445,425,3
179725,17,454,438,3
179742,17,442,427,3
179758,17,481,372,2
179775,17,515,430,3
179792,17,509,449,3
179808,17,515,428,3
179825,17,506,432,3
179842,17,529,436,3
179858,17,530,416,2
179875,17,518,432,3
179891,17,508,442,3
179908,17,472,629,3
179925,17,367,568,3
180191,266,49,743,3
180207,17,8,746,3
180241,33,46,739,3
180274,33,27,748,3
180291,17,14,745,3
180307,17,1,753,3
180324,17,27,745,3
180341,17,2,744,3
180374,33,12,752,3
180390,17,6,749,3
180407,17,11,742,3
180474,67,23,713,3
180490,17,25,765,3
180507,17,28,762,3
180524,17,193,707,3
180573,50,236,835,0
180590,17,511,472,3
180607,17,509,394,2
180623,17,517,439,3
180640,17,511,435,3
180657,17,516,418,5
180673,17,531,420,5
180690,17,523,435,3
180707,17,518,448,3
180723,17,516,451,3
180740,17,503,450,3
180756,17,521,389,2
180773,17,513,445,3
180790,17,530,397,2
180806,17,515,452,3
180823,17,517,401,2
180840,17,510,397,2
180856,17,494,376,2
180873,17,468,384,2
180890,17,479,435,3
180906,17,469,418,3
180923,17,455,410,2
180939,17,463,402,2
180956,17,456,408,2
180973,17,467,410,2
180989,17,492,411,2
181006,17,464,423,3
181023,17,457,395,2
181039,17,472,414,2
181056,17,460,400,2
181073,17,475,420,3
181089,17,452,423,3
181106,17,471,427,3
181122,17,448,411,6
181139,17,459,416,2
181156,17,443,412,6
181172,17,465,442,3
181189,17,465,404,2
181206,17,453,405,2
181222,17,458,430,3
181239,17,460,405,2
181255,17,484,378,2
181272,17,474,425,3
181289,17,461,375,2
181305,17,486,415,2
181322,17,468,409,2
181339,17,467,397,2
181488,150,485,636,3
181505,17,516,326,4
181522,17,505,419,5
181538,17,510,388,2
181555,17,507,391,2
181572,17,509,408,2
181588,17,504,393,2
181605,17,505,396,2
181621,17,506,401,2
181638,17,511,402,2
181655,17,511,429,3
181671,17,514,389,2
181688,17,509,408,2
181705,17,502,380,2
181721,17,502,418,5
181738,17,501,414,2
181755,17,513,421,5
181771,17,495,393,2
181788,17,505,419,5
181804,17,513,414,2
181821,17,496,386,2
181838,17,491,395,2
181854,17,482,403,2
181871,17,440,373,2
181888,17,457,349,4
181904,17,459,379,2
181921,17,445,391,2
181938,17,449,379,2
181954,17,452,372,2
181971,17,436,380,2
181987,17,440,378,2
182004,17,437,377,2
182021,17,452,382,2
182037,17,440,368,2
182054,17,448,363,4
182071,17,444,403,2
182087,17,453,381,2
182104,17,460,400,2
182121,17,456,367,2
182137,17,452,393,2
182154,17,456,361,4
182170,17,452,358,4
182187,17,457,388,2
182204,17,491,336,4
182220,17,474,391,2
182237,17,492,391,2
182254,17,486,387,2
182270,17,488,390,2
182287,17,480,405,2
182304,17,483,377,2
182320,17,483,383,2
182337,17,497,404,2
182353,17,490,409,2
182370,17,496,370,2
182387,17,496,391,2
182403,17,479,379,2
182420,17,493,378,2
182437,17,475,377,2
182453,17,469,405,2
182470,17,477,391,2
182486,17,485,373,2
182503,17,479,387,2
182520,17,500,372,2
182536,17,498,398,2
182553,17,519,460,3
182570,17,517,448,3
182586,17,525,449,3
182603,17,510,454,3
182620,17,506,447,3
182636,17,525,447,3
182653,17,527,463,3
182669,17,518,449,3
182686,17,532,451,3
182703,17,518,430,3
182719,17,525,440,3
182736,17,529,441,3
182753,17,520,478,3
182769,17,519,457,3
182786,17,518,442,3
182803,17,521,419,5
182819,17,583,388,2
182836,17,593,385,2
182852,17,618,367,2
182869,17,598,378,2
182886,17,601,394,2
182902,17,597,366,2
182919,17,597,374,2
182936,17,605,350,4
182952,17,606,360,4
182969,17,603,356,4
182986,17,602,355,4
183002,17,598,360,4
183019,17,597,365,2
183035,17,603,363,4
183052,17,596,352,4
183069,17,608,344,4
183085,17,600,358,4
183102,17,600,351,4
183119,17,600,387,2
183135,17,601,364,4
183152,17,592,361,4
183169,17,583,363,4
183185,17,494,414,2
183202,17,431,410,2
183218,17,439,436,3
183235,17,459,423,3
183252,17,444,417,2
183268,17,430,425,3
183285,17,435,420,3
183302,17,455,416,2
183318,17,439,424,3
183335,17,437,417,2
183352,17,426,404,2
183368,17,446,404,2
183385,17,446,397,2
183401,17,425,430,3
183418,17,435,425,3
183435,17,348,479,3
183451,17,771,89,0
183518,67,353,436,3
183534,17,415,404,2
183551,17,500,358,4
183568,17,502,342,4
183584,17,523,305,4
183601,17,493,371,2
183618,17,502,378,2
183634,17,506,388,2
183651,17,505,361,4
183668,17,505,374,2
183684,17,507,404,2
183701,17,497,374,2
183717,17,494,368,2
183734,17,497,366,2
183751,17,503,367,2
183767,17,509,379,2
183784,17,493,364,4
183801,17,504,388,2
183817,17,506,389,2
183834,17,499,365,2
183851,17,501,399,2
183867,17,504,377,2
183884,17,498,378,2
183900,17,490,379,2
183917,17,487,467,3
184233,316,255,844,0
184250,17,250,833,0
184266,17,250,820,0
184283,17,253,813,0
184300,17,216,865,0
184316,17,271,806,0
184333,17,274,816,0
184350,17,262,810,0
184366,17,262,806,0
184383,17,211,854,0
184400,17,409,868,0
184416,17,419,878,0
184433,17,469,920,0
184449,17,487,913,0
184466,17,493,902,0
184483,17,490,904,0
184499,17,494,905,0
184516,17,436,914,0
184533,17,494,882,0
184549,17,459,928,0
184566,17,494,885,0
184583,17,497,899,0
184599,17,493,901,0
184616,17,498,899,0
184632,17,489,891,0
184649,17,499,901,0
184666,17,505,910,0
184682,17,456,909,0
184699,17,499,850,0
184716,17,474,897,0
184782,67,340,503,3
184799,17,406,505,3
184815,17,425,372,2
184832,17,448,446,3
184849,17,437,445,3
184865,17,453,429,3
184882,17,463,450,3
184899,17,452,443,3
184915,17,458,441,3
184932,17,444,416,2
184948,17,464,382,2
184965,17,479,382,2
184982,17,486,388,2
184998,17,478,356,4
185015,17,482,355,4
185032,17,480,373,2
185048,17,487,340,4
185065,17,486,375,2
185082,17,473,356,4
185098,17,477,383,2
185115,17,476,397,2
185131,17,480,372,2
185148,17,481,382,2
185165,17,477,366,2
185181,17,481,391,2
185198,17,469,358,4
185215,17,475,363,4
185231,17,466,366,2
185248,17,473,382,2
185265,17,467,361,4
185281,17,480,375,2
185298,17,473,360,4
185314,17,475,385,2
185331,17,475,371,2
185348,17,471,356,4
185364,17,471,361,4
185381,17,478,380,2
185398,17,461,367,2
185414,17,477,359,4
185431,17,475,385,2
185448,17,469,386,2
185464,17,476,395,2
185481,17,476,380,2
185497,17,458,369,2
185514,17,471,383,2
185531,17,478,400,2
185547,17,465,381,2
185564,17,467,375,2
185581,17,471,376,2
185597,17,469,386,2
185614,17,466,373,2
185631,17,467,382,2
185647,17,467,397,2
185664,17,470,389,2
185680,17,469,395,2
185697,17,461,376,2
185714,17,460,378,2
185730,17,465,382,2
185747,17,474,377,2
185764,17,475,385,2
185780,17,462,363,4
185797,17,466,372,2
185813,17,468,396,2
185830,17,474,367,2
185847,17,458,392,2
185863,17,475,379,2
185880,17,474,384,2
185897,17,468,369,2
185913,17,465,370,2
185930,17,471,366,2
185947,17,508,345,4
185963,17,306,523,3
186063,100,63,681,3
186080,17,171,422,3
186096,17,208,402,2
186113,17,238,387,2
186130,17,315,240,1
186146,17,338,259,1
186163,17,326,257,1
186179,17,327,296,0
186196,17,343,280,0
186213,17,320,273,0
186229,17,342,293,0
186246,17,321,268,0
186263,17,329,277,0
186279,17,330,269,0
186296,17,330,279,0
186313,17,325,257,1
186329,17,321,288,0
186346,17,324,268,0
186362,17,321,294,0
186379,17,320,287,0
186396,17,346,276,0
186412,17,322,297,0
186429,17,320,296,0
186446,17,320,279,0
186462,17,396,332,0
186479,17,472,364,4
186496,17,491,351,4
186512,17,488,361,4
186529,17,501,368,2
186545,17,491,358,4
186562,17,500,372,2
186579,17,490,360,4
186595,17,493,358,4
186612,17,506,356,4
186629,17,488,358,4
186645,17,508,372,2
186662,17,489,380,2
186679,17,722,409,2
186878,200,269,543,3
186895,17,209,557,3
186911,17,304,468,3
186928,17,441,396,2
186945,17,444,374,2
186961,17,448,358,4
186978,17,461,404,2
186995,17,437,418,3
187011,17,443,400,2
187028,17,437,430,3
187044,17,451,429,3
187061,17,461,418,3
187078,17,441,423,3
187094,17,452,435,3
187111,17,450,432,3
187128,17,480,395,2
187144,17,474,390,2
187161,17,484,390,2
187178,17,478,404,2
187194,17,488,392,2
187211,17,475,376,2
187227,17,492,409,2
187244,17,475,380,2
187261,17,481,396,2
187277,17,476,396,2
187294,17,489,380,2
187311,17,487,396,2
187327,17,479,395,2
187344,17,414,454,3
187361,17,316,480,3
187377,17,306,449,3
187394,17,288,501,3
187410,17,288,520,3
187427,17,291,524,3
187444,17,303,527,3
187460,17,282,538,3
187477,17,311,538,3
187494,17,297,544,3
187510,17,284,538,3
187527,17,309,538,3
187544,17,280,555,3
187560,17,296,522,3
187577,17,300,526,3
187593,17,302,509,3
187610,17,301,402,2
187627,17,238,618,3
187860,233,387,366,2
187876,17,467,415,2
187893,17,454,368,2
187910,17,466,297,4
187926,17,465,336,4
187943,17,473,367,2
187959,17,463,344,4
187976,17,469,354,4
187993,17,462,348,4
188009,17,469,352,4
188026,17,472,374,2
188043,17,485,351,4
188059,17,514,385,2
188076,17,537,412,2
188092,17,538,407,2
188109,17,547,378,2
188126,17,537,417,5
188142,17,537,390,2
188159,17,536,382,2
188176,17,537,403,2
188192,17,539,392,2
188209,17,537,401,2
188226,17,539,410,2
188242,17,544,413,2
188259,17,540,395,2
188275,17,525,407,2
188292,17,531,240,1
188309,17,450,709,3
188325,17,310,459,3
188375,50,50,767,0
188392,17,57,751,3
188409,17,98,737,3
188425,17,102,715,3
188442,17,91,755,3
188458,17,87,737,3
188475,17,58,720,3
188492,17,116,695,3
188508,17,128,660,3
188525,17,201,577,3
188542,17,370,223,1
188558,17,458,340,4
188575,17,494,358,4
188592,17,501,360,4
188608,17,505,345,4
188625,17,506,351,4
188641,17,517,353,4
188658,17,521,354,4
188675,17,525,357,4
188691,17,528,351,4
188708,17,524,342,4
188725,17,523,351,4
188741,17,515,330,4
188758,17,526,345,4
188775,17,535,338,4
188791,17,524,332,4
188808,17,528,325,4
188824,17,527,331,4
188841,17,529,357,4
188858,17,514,338,4
188874,17,519,342,4
188891,17,523,321,4
188908,17,519,318,4
188924,17,522,324,4
188941,17,529,328,4
188958,17,519,323,4
188974,17,523,328,4
188991,17,527,332,4
189007,17,508,323,4
189024,17,521,332,4
189041,17,516,343,4
189057,17,514,333,4
189074,17,520,329,4
189091,17,521,341,4
189107,17,518,340,4
189124,17,518,341,4
189141,17,511,347,4
189157,17,512,329,4
189174,17,520,355,4
189190,17,516,348,4
189207,17,511,354,4
189224,17,514,351,4
189240,17,514,351,4
189257,17,507,332,4
189274,17,518,330,4
189290,17,509,342,4
189307,17,512,346,4
189323,17,505,345,4
189340,17,518,351,4
189357,17,515,345,4
189373,17,508,350,4
189390,17,506,357,4
189407,17,509,349,4
189423,17,489,360,4
189440,17,488,353,4
189457,17,493,364,4
189473,17,478,356,4
189490,17,490,374,2
189506,17,475,338,4
189523,17,484,374,2
189540,17,487,378,2
189556,17,475,348,4
189573,17,473,358,4
189590,17,491,364,4
189606,17,485,364,4
189623,17,479,362,4
189640,17,476,382,2
189656,17,468,392,2
189673,17,240,516,3
189956,283,446,475,3
189972,17,451,400,2
189989,17,465,373,2
190006,17,464,372,2
190022,17,470,366,2
190039,17,468,382,2
190055,17,464,368,2
190072,17,465,378,2
190089,17,463,374,2
190105,17,474,364,4
190122,17,464,384,2
190139,17,470,386,2
190155,17,467,355,4
190172,17,473,411,2
190189,17,466,369,2
190205,17,465,368,2
190222,17,469,383,2
190238,17,469,393,2
190255,17,468,383,2
190272,17,465,362,4
190288,17,462,370,2
190305,17,464,367,2
190322,17,471,353,4
190338,17,465,361,4
190355,17,469,393,2
190372,17,470,382,2
190388,17,478,393,2
190405,17,462,379,2
190421,17,462,375,2
190438,17,471,372,2
190455,17,458,385,2
190471,17,451,375,2
190488,17,468,384,2
190505,17,477,396,2
190521,17,470,381,2
190538,17,468,377,2
190554,17,475,392,2
190571,17,468,378,2
190588,17,477,373,2
190604,17,468,383,2
190621,17,458,412,2
191103,482,544,631,3
191120,17,477,370,2
191137,17,436,389,2
191153,17,445,389,2
191170,17,458,392,2
191187,17,451,376,2
191203,17,463,407,2
191220,17,457,391,2
191237,17,472,399,2
191253,17,471,395,2
191270,17,461,393,2
191286,17,471,410,2
191303,17,468,393,2
191320,17,461,398,2
191336,17,476,421,3
191353,17,466,435,3
191370,17,462,416,2
191386,17,444,395,2
191403,17,509,372,2
191420,17,504,370,2
191436,17,505,377,2
191453,17,508,331,4
191469,17,500,356,4
191486,17,508,337,4
191503,17,508,371,2
191519,17,509,371,2
191536,17,505,366,2
191553,17,502,364,4
191569,17,329,487,3
191852,283,432,446,3
191869,17,502,155,1
191885,17,503,380,2
191902,17,508,403,2
191919,17,501,423,3
191935,17,503,388,2
191952,17,505,390,2
191968,17,502,399,2
191985,17,520,385,2
192002,17,519,405,2
192018,17,525,381,2
192035,17,521,387,2
192052,17,529,370,2
192068,17,527,377,2
192085,17,525,392,2
192102,17,527,363,4
192118,17,510,381,2
192135,17,518,396,2
192151,17,517,385,2
192168,17,509,379,2
192185,17,520,405,2
192201,17,520,384,2
192218,17,526,391,2
192235,17,519,374,2
192251,17,514,390,2
192268,17,480,407,2
192285,17,460,369,2
192301,17,467,399,2
192318,17,476,372,2
192334,17,468,386,2
192351,17,465,380,2
192368,17,465,371,2
192384,17,463,378,2
192401,17,458,383,2
192418,17,468,370,2
192434,17,469,399,2
192451,17,473,454,3
192468,17,522,654,3
192484,17,597,836,0
192501,17,657,1022,0
192517,17,714,1023,0
192534,17,706,1046,0
192551,17,716,1060,0
192567,17,667,1074,0
192584,17,669,1057,0
192734,150,506,1064,0
192750,17,498,1062,0
192767,17,515,1056,0
192784,17,519,1053,0
192800,17,521,1050,0
192817,17,524,1050,0
192833,17,522,1066,0
192850,17,464,955,0
192867,17,501,714,3
192883,17,514,423,3
192900,17,499,452,3
192917,17,504,450,3
192933,17,501,445,3
192950,17,498,463,3
192967,17,508,464,3
192983,17,508,466,3
193000,17,503,454,3
193016,17,512,432,3
193033,17,534,368,2
193050,17,533,330,4
193066,17,529,343,4
193083,17,531,345,4
193100,17,530,361,4
193116,17,526,332,4
193133,17,537,333,4
193150,17,535,344,4
193166,17,532,353,4
193183,17,528,348,4
193199,17,538,372,2
193216,17,533,358,4
193233,17,535,346,4
193249,17,533,353,4
193266,17,529,351,4
193283,17,526,346,4
193299,17,525,346,4
193316,17,529,366,2
193333,17,531,345,4
193349,17,525,365,2
193366,17,545,366,2
193382,17,508,365,2
193399,17,434,361,4
193416,17,402,372,2
193432,17,397,377,2
193449,17,387,387,2
193466,17,382,366,2
193482,17,387,365,2
193499,17,403,373,2
193516,17,385,380,2
193532,17,388,356,0
193549,17,385,382,2
193565,17,389,361,0
193582,17,383,381,2
193599,17,336,345,0
193615,17,357,291,0
193632,17,370,286,0
193649,17,357,301,0
193665,17,335,283,0
193682,17,355,321,0
193699,17,356,311,0
193715,17,367,304,0
193732,17,366,300,0
193748,17,338,303,0
193765,17,364,273,0
193782,17,356,305,0
193798,17,359,336,0
193815,17,346,317,0
193832,17,339,324,0
193848,17,347,310,0
193865,17,345,321,0
193881,17,342,298,0
193898,17,346,312,0
193915,17,343,317,0
193931,17,352,284,0
193948,17,373,277,0
193965,17,342,310,0
193981,17,347,319,0
193998,17,345,274,0
194015,17,343,311,0
194031,17,352,273,0
194048,17,387,312,0
194064,17,436,360,4
194081,17,458,383,2
194098,17,467,363,4
194114,17,465,364,4
194131,17,465,363,4
194148,17,458,363,4
194164,17,467,351,4
194181,17,464,366,2
194198,17,470,372,2
194214,17,460,367,2
194231,17,472,377,2
194247,17,468,385,2
194264,17,457,349,4
194281,17,506,363,4
194297,17,612,334,4
194314,17,697,336,0
194331,17,692,347,0
194347,17,691,324,0
194364,17,710,332,0
194381,17,687,351,0
194397,17,710,313,0
194414,17,719,338,0
194430,17,722,315,0
194447,17,691,315,0
194464,17,693,363,0
194480,17,702,349,0
194497,17,663,772,0
194763,266,623,612,3
194780,17,638,454,3
194796,17,642,425,3
194813,17,635,387,2
194830,17,635,404,2
194846,17,634,430,3
194863,17,642,420,3
194880,17,636,414,2
194896,17,626,429,3
194913,17,633,430,3
194930,17,645,388,2
194946,17,638,440,3
194963,17,641,367,2
194979,17,632,417,2
194996,17,634,406,2
195013,17,632,419,3
195029,17,580,401,2
195046,17,535,399,2
195079,33,517,406,2
195179,100,707,295,0
195212,33,526,435,3
195229,17,528,420,5
195246,17,525,420,5
195262,17,519,428,3
195295,33,530,513,3
195329,33,527,582,3
196044,715,720,365,2
196227,183,213,641,3
196244,17,554,423,3
196260,17,540,412,2
196277,17,554,434,3
196294,17,533,435,3
196310,17,554,420,5
196327,17,545,420,5
196343,17,554,427,3
196360,17,538,423,3
196377,17,548,419,5
196393,17,563,406,2
196410,17,547,409,2
196427,17,546,430,3
196443,17,548,398,2
196460,17,544,411,2
196477,17,544,413,2
196493,17,540,428,3
196510,17,559,398,2
196526,17,548,421,5
196543,17,552,367,2
196560,17,553,381,2
196576,17,561,385,2
196593,17,555,423,3
196610,17,559,408,2
196626,17,563,388,2
196643,17,552,390,2
196660,17,562,385,2
196676,17,561,380,2
196693,17,558,404,2
196709,17,559,403,2
196726,17,557,383,2
196743,17,549,400,2
196759,17,567,408,2
196776,17,567,397,2
196793,17,553,400,2
196809,17,561,360,4
196826,17,553,387,2
196843,17,566,392,2
196859,17,555,400,2
196876,17,566,380,2
196892,17,559,379,2
196909,17,515,381,2
196926,17,495,392,2
196942,17,477,374,2
196959,17,476,351,4
196976,17,469,371,2
196992,17,470,377,2
197009,17,471,372,2
197026,17,472,368,2
197042,17,485,343,4
197059,17,472,346,4
197075,17,476,378,2
197092,17,480,360,4
197109,17,478,361,4
197125,17,480,360,4
197142,17,482,381,2
197159,17,476,373,2
197175,17,487,378,2
197192,17,459,367,2
197209,17,358,374,2
197225,17,306,398,2
197242,17,294,407,2
197258,17,277,413,2
197275,17,277,386,2
197292,17,281,424,3
197308,17,266,416,2
197325,17,266,417,2
197342,17,272,410,2
197358,17,276,405,2
197375,17,289,416,2
197391,17,259,409,2
197408,17,289,418,3
197425,17,308,413,2
197441,17,323,483,3
197458,17,311,494,3
197475,17,319,509,3
197491,17,326,511,3
197508,17,326,514,3
197525,17,335,516,3
197541,17,321,505,3
197558,17,325,522,3
197574,17,326,515,3
197591,17,324,516,3
197608,17,327,517,3
197624,17,326,511,3
197641,17,333,501,3
197658,17,328,512,3
197674,17,324,514,3
197691,17,316,507,3
197708,17,310,526,3
197724,17,323,531,3
197741,17,324,524,3
197757,17,326,517,3
197774,17,412,434,3
197791,17,455,362,4
197807,17,498,342,4
197824,17,487,369,2
197841,17,493,336,4
197857,17,487,351,4
197874,17,495,341,4
197891,17,477,346,4
197907,17,489,344,4
197924,17,497,342,4
197940,17,490,364,4
197957,17,491,338,4
197974,17,491,344,4
197990,17,500,328,4
198007,17,491,335,4
198024,17,490,358,4
198040,17,494,347,4
198057,17,496,357,4
198074,17,487,351,4
198090,17,478,350,4
198107,17,465,370,2
198123,17,472,368,2
198140,17,484,367,2
198157,17,476,370,2
198173,17,470,387,2
198190,17,465,364,4
198207,17,467,383,2
198223,17,462,370,2
198240,17,481,356,4
198257,17,454,366,2
198273,17,368,390,2
198290,17,278,389,2
198306,17,274,394,2
198323,17,264,408,2
198340,17,293,378,2
198356,17,260,400,2
198373,17,274,398,2
198390,17,290,395,2
198406,17,312,403,2
198423,17,278,390,2
198440,17,288,405,2
198456,17,294,399,2
198473,17,282,399,2
198489,17,307,398,2
198506,17,282,388,2
198523,17,294,392,2
198539,17,296,372,2
198556,17,290,398,2
198573,17,279,405,2
198589,17,286,403,2
198606,17,296,419,3
198622,17,300,394,2
198639,17,376,375,2
198656,17,470,385,2
198672,17,492,393,2
198689,17,499,360,4
198706,17,487,384,2
198722,17,492,370,2
198739,17,485,376,2
198756,17,496,377,2
198772,17,501,382,2
198789,17,491,366,2
198805,17,498,371,2
198822,17,494,373,2
198839,17,494,386,2
198855,17,495,389,2
198872,17,491,366,2
198889,17,497,366,2
198905,17,496,377,2
198922,17,411,401,2
198939,17,307,367,2
198955,17,201,421,3
198972,17,197,412,2
198988,17,190,279,0
199005,17,186,286,0
199022,17,188,278,0
199038,17,185,396,2
199055,17,193,273,0
199072,17,192,297,0
199088,17,194,272,0
199105,17,193,286,0
199122,17,202,415,2
199138,17,193,289,0
199155,17,188,291,0
199171,17,207,408,2
199188,17,205,424,3
199205,17,202,423,3
199221,17,194,409,2
199238,17,189,406,2
199255,17,198,408,2
199271,17,177,437,3
199288,17,294,398,2
199305,17,364,410,2
199321,17,362,391,2
199338,17,375,403,2
199354,17,371,376,2
199371,17,368,380,2
199388,17,385,396,2
199404,17,376,386,2
199421,17,367,389,2
199438,17,372,369,2
199454,17,366,391,2
199471,17,372,385,2
199488,17,372,371,2
199504,17,377,397,2
199521,17,313,411,2
199537,17,307,388,2
199554,17,294,409,2
199571,17,271,388,2
199587,17,267,411,2
199604,17,284,412,2
199621,17,273,404,2
199637,17,278,406,2
199654,17,280,396,2
199670,17,272,420,3
199687,17,272,405,2
199704,17,282,407,2
199720,17,277,422,3
199737,17,284,429,3
199754,17,294,413,2
199770,17,271,403,2
199787,17,286,421,3
199804,17,283,419,3
199820,17,251,430,3
199837,17,271,450,3
199853,17,273,419,3
199870,17,266,429,3
199887,17,296,412,2
199903,17,436,423,3
199920,17,503,473,3
199937,17,514,425,3
199953,17,511,445,3
199970,17,512,447,3
199987,17,504,440,3
200003,17,519,421,5
200020,17,524,434,3
200036,17,523,455,3
200053,17,519,455,3
200070,17,515,439,3
200086,17,514,418,5
200103,17,507,450,3
200120,17,503,448,3
200136,17,783,294,0
200153,17,446,470,3
200303,150,842,931,0
200319,17,801,919,0
200336,17,792,915,0
200353,17,815,790,0
200369,17,805,802,0
200386,17,803,817,0
200402,17,809,819,0
200419,17,817,814,0
200436,17,807,814,0
200452,17,814,812,0
200469,17,804,802,0
200486,17,805,822,0
200502,17,806,807,0
200519,17,797,844,0
200536,17,785,863,0
200552,17,776,869,0
200569,17,785,869,0
200585,17,788,873,0
200602,17,786,860,0
200619,17,784,865,0
200635,17,728,923,0
200652,17,765,920,0
200669,17,785,859,0
200685,17,760,942,0
200702,17,717,894,0
200719,17,785,871,0
200735,17,788,873,0
200752,17,655,880,0
200768,17,521,882,0
200785,17,495,886,0
200802,17,490,877,0
200818,17,491,883,0
200835,17,487,896,0
200852,17,496,894,0
200868,17,493,890,0
200885,17,497,883,0
200901,17,494,893,0
200918,17,476,805,0
200935,17,474,560,3
200951,17,469,473,3
200968,17,481,447,3
200985,17,473,438,3
201001,17,466,441,3
201018,17,472,439,3
201035,17,481,426,3
201051,17,468,453,3
201068,17,472,428,3
201084,17,473,450,3
201101,17,474,441,3
201118,17,460,438,3
201134,17,472,444,3
201151,17,472,423,3
201168,17,475,447,3
201184,17,467,424,3
201201,17,471,438,3
201218,17,479,417,2
201234,17,480,394,2
201251,17,472,380,2
201267,17,472,401,2
201284,17,471,381,2
201301,17,471,388,2
201317,17,473,379,2
201334,17,474,388,2
201351,17,471,389,2
201367,17,474,382,2
201384,17,461,386,2
201401,17,473,377,2
201417,17,474,387,2
201434,17,474,381,2
201450,17,472,393,2
201467,17,466,384,2
201484,17,469,399,2
201500,17,472,394,2
201517,17,467,390,2
201534,17,467,392,2
201550,17,464,382,2
201567,17,470,394,2
201584,17,467,392,2
201600,17,464,407,2
201617,17,462,396,2
201633,17,467,389,2
201650,17,378,413,2
201667,17,302,419,3
201683,17,231,438,3
201700,17,219,443,3
201717,17,240,446,3
201733,17,234,444,3
201750,17,234,446,3
201767,17,233,445,3
201783,17,229,453,3
201800,17,217,451,3
201816,17,228,438,3
201833,17,249,444,3
201850,17,230,449,3
201866,17,249,438,3
201883,17,246,454,3
201900,17,246,452,3
201916,17,240,441,3
201933,17,236,441,3
201949,17,226,451,3
201966,17,238,446,3
201983,17,289,434,3
201999,17,412,420,3
202016,17,506,408,2
202033,17,514,385,2
202049,17,525,405,2
202066,17,524,393,2
202083,17,513,404,2
202099,17,525,394,2
202116,17,518,398,2
202132,17,524,406,2
202149,17,529,391,2
202166,17,523,393,2
202182,17,525,403,2
202199,17,518,395,2
202216,17,522,404,2
202232,17,523,401,2
202249,17,518,409,2
202266,17,508,403,2
202282,17,471,406,2
202299,17,468,386,2
202315,17,468,413,2
202332,17,460,414,2
202349,17,465,416,2
202365,17,469,393,2
202382,17,462,410,2
202399,17,464,418,3
202415,17,464,402,2
202432,17,448,411,6
202449,17,462,409,2
202465,17,466,408,2
202482,17,458,401,2
202498,17,473,411,2
202515,17,464,422,3
202532,17,446,423,3
202548,17,460,390,2
202565,17,451,418,3
202582,17,470,424,3
202598,17,456,416,2
202615,17,454,414,2
202632,17,446,408,2
202648,17,459,408,2
202665,17,466,415,2
202681,17,447,412,6
202698,17,452,410,2
202715,17,458,411,2
202731,17,450,393,2
202748,17,465,407,2
202765,17,459,405,2
202781,17,458,415,2
202798,17,455,409,2
202815,17,458,405,2
202831,17,441,474,3
202981,150,298,472,3
202998,17,305,445,3
203014,17,449,516,3
203031,17,378,426,3
203047,17,457,350,4
203064,17,485,327,4
203081,17,463,359,4
203097,17,477,396,2
203114,17,461,392,2
203131,17,478,398,2
203147,17,469,396,2
203164,17,471,380,2
203180,17,481,406,2
203197,17,466,398,2
203214,17,470,405,2
203230,17,470,402,2
203247,17,465,391,2
203264,17,463,393,2
203280,17,584,401,2
203297,17,611,401,2
203314,17,618,387,2
203330,17,617,432,3
203347,17,621,420,3
203363,17,620,418,3
203380,17,624,390,2
203397,17,621,421,3
203413,17,623,407,2
203430,17,622,420,3
203447,17,619,406,2
203463,17,626,413,2
203480,17,626,427,3
203497,17,629,434,3
203513,17,613,415,2
203530,17,544,437,3
203546,17,537,429,3
203563,17,538,441,3
203580,17,529,459,3
203596,17,538,443,3
203613,17,530,451,3
203630,17,536,453,3
203646,17,536,422,3
203663,17,533,409,2
203680,17,435,440,3
203696,17,523,441,3
203713,17,429,489,3
203729,17,768,427,3
