Time (ms),Timegap (ms),Gaze X,Gaze Y,AOI
0,0,1017,963,0
33,33,726,762,3
50,17,791,559,3
67,17,772,427,3
83,17,775,304,0
100,17,766,256,0
116,17,769,252,0
1098,981,437,98,0
1115,17,439,76,0
1131,17,434,66,0
1148,17,439,107,0
1164,17,435,96,0
1181,17,435,68,0
1198,17,440,76,0
1214,17,471,113,0
1231,17,473,105,0
1248,17,472,137,1
1264,17,474,137,1
1281,17,474,137,1
1298,17,476,156,1
1314,17,470,108,0
1331,17,471,106,0
1347,17,474,147,1
1364,17,470,131,0
1381,17,473,130,0
1397,17,475,111,0
1414,17,473,160,1
1431,17,470,136,1
1447,17,472,132,0
1464,17,467,150,1
1481,17,465,133,1
1497,17,469,133,1
1514,17,471,136,1
1530,17,475,121,0
1547,17,470,130,0
1564,17,468,117,0
1580,17,464,129,0
1597,17,465,110,0
1614,17,467,110,0
1630,17,489,102,0
1647,17,534,102,0
1664,17,557,109,0
1680,17,547,91,0
1697,17,536,64,0
1713,17,556,95,0
1730,17,544,68,0
1747,17,554,87,0
1763,17,561,84,0
1780,17,533,97,0
1797,17,545,87,0
1813,17,534,92,0
1830,17,556,84,0
1846,17,533,84,0
1863,17,528,67,0
1880,17,531,74,0
1896,17,555,82,0
1913,17,533,93,0
1930,17,479,75,0
1946,17,445,92,0
1963,17,449,82,0
1980,17,447,77,0
1996,17,451,82,0
2013,17,453,74,0
2029,17,447,95,0
2046,17,452,92,0
2063,17,449,75,0
2079,17,457,66,0
2096,17,447,56,0
2113,17,456,77,0
2129,17,509,226,1
2146,17,521,220,1
2163,17,510,215,1
2179,17,523,228,1
2196,17,526,219,1
2212,17,516,220,1
2229,17,508,233,1
2246,17,517,210,1
2262,17,508,232,1
2279,17,507,236,1
2296,17,510,245,1
2312,17,519,240,1
2329,17,508,212,1
2346,17,517,226,1
2362,17,515,242,1
2379,17,514,225,1
2395,17,520,231,1
2412,17,527,236,1
2429,17,536,240,1
2445,17,539,234,1
2462,17,545,228,1
2479,17,545,228,1
2495,17,530,228,1
2512,17,547,246,1
2529,17,531,241,1
2545,17,544,246,1
2562,17,523,260,0
2578,17,532,258,1
2595,17,530,232,1
2612,17,522,235,1
2628,17,526,239,1
2645,17,539,248,1
2662,17,536,243,1
2678,17,534,256,1
2695,17,539,243,1
2712,17,536,267,0
2728,17,536,256,1
2745,17,533,243,1
2761,17,539,234,1
2778,17,529,263,0
2795,17,541,237,1
2811,17,524,247,1
2828,17,536,253,1
2845,17,534,260,0
2861,17,527,243,1
2878,17,528,254,1
2894,17,538,265,0
2911,17,537,261,0
2928,17,542,252,1
2944,17,526,266,0
2961,17,538,264,0
2978,17,530,271,0
2994,17,542,256,1
3011,17,538,247,1
3028,17,550,240,1
3044,17,559,242,1
3061,17,557,229,1
3077,17,551,251,1
3094,17,555,241,1
3111,17,555,261,0
3127,17,562,235,1
3144,17,560,252,1
3161,17,559,238,1
3177,17,559,263,0
3194,17,560,245,1
3211,17,559,267,0
3227,17,563,242,1
3244,17,576,230,1
3260,17,572,244,1
3277,17,568,248,1
3294,17,574,243,1
3310,17,574,225,1
3327,17,555,229,1
3344,17,570,260,0
3360,17,568,249,1
3377,17,570,232,1
3394,17,570,238,1
3410,17,572,234,1
3427,17,573,240,1
3443,17,568,242,1
3460,17,572,222,1
3477,17,573,239,1
3493,17,575,219,1
3510,17,574,219,1
3527,17,570,212,1
3543,17,569,219,1
3560,17,579,204,1
3577,17,575,173,1
3593,17,579,177,1
3610,17,581,136,1
3626,17,576,186,1
3643,17,587,204,1
3660,17,577,164,1
3676,17,583,177,1
3693,17,592,168,1
3710,17,585,175,1
3726,17,573,183,1
3743,17,579,171,1
3760,17,573,187,1
3776,17,570,213,1
3793,17,575,192,1
3809,17,581,194,1
3826,17,590,216,1
3843,17,578,175,1
3859,17,582,223,1
3876,17,595,198,1
3893,17,595,210,1
3909,17,576,237,1
3926,17,591,229,1
3943,17,583,230,1
3959,17,562,224,1
3976,17,592,195,1
3992,17,578,249,1
4009,17,588,286,0
4026,17,591,233,1
4042,17,553,262,0
4059,17,576,266,0
4076,17,581,254,1
4092,17,553,261,0
4109,17,591,219,1
4125,17,560,256,1
4142,17,585,257,1
4159,17,573,260,0
4175,17,577,256,1
4192,17,557,263,0
4209,17,586,269,0
4225,17,569,277,0
4242,17,579,290,4
4259,17,550,296,4
4275,17,577,272,0
4292,17,578,292,4
4308,17,578,273,0
4325,17,552,292,4
4342,17,550,327,4
4358,17,557,271,0
4375,17,560,300,4
4392,17,555,294,4
4408,17,569,299,4
4425,17,550,333,4
4442,17,566,313,4
4458,17,568,288,4
4475,17,556,342,4
4491,17,584,295,4
4508,17,563,317,4
4541,33,576,287,0
4558,17,561,326,4
4575,17,559,287,0
4591,17,572,276,0
4608,17,581,311,4
4625,17,571,303,4
4641,17,579,297,4
4658,17,564,317,4
4674,17,561,287,0
4691,17,568,286,0
4708,17,559,297,4
4724,17,558,307,4
4741,17,554,294,4
4758,17,558,300,4
4774,17,579,309,4
4791,17,555,323,4
4808,17,553,317,4
4824,17,558,320,4
4841,17,576,305,4
4857,17,572,262,0
4874,17,596,310,4
4891,17,578,284,0
4907,17,552,319,4
4924,17,577,287,0
4941,17,592,275,0
4957,17,593,318,4
4974,17,564,302,4
4991,17,536,313,4
5007,17,535,291,4
5024,17,539,292,4
5040,17,565,318,4
5057,17,555,294,4
5074,17,539,313,4
5090,17,529,299,4
5107,17,536,313,4
5124,17,544,346,4
5140,17,561,325,4
5157,17,534,312,4
5174,17,558,314,4
5190,17,563,355,4
5207,17,567,309,4
5223,17,578,329,4
5240,17,565,320,4
5257,17,599,310,4
5273,17,566,301,4
5290,17,575,300,4
5307,17,570,296,4
5323,17,598,331,4
5340,17,572,339,4
5356,17,574,289,4
5373,17,569,321,4
5390,17,566,348,4
5406,17,576,337,4
5423,17,574,300,4
5440,17,580,347,4
5456,17,578,328,4
5473,17,556,303,4
5490,17,571,329,4
5506,17,585,350,4
5523,17,572,336,4
5539,17,600,341,4
5556,17,570,344,4
5573,17,605,359,4
5589,17,561,355,4
5606,17,569,350,4
5623,17,563,341,4
5639,17,558,320,4
5656,17,578,334,4
5673,17,559,329,4
5689,17,578,329,4
5706,17,556,350,4
5722,17,572,363,4
5739,17,557,339,4
5756,17,544,312,4
5772,17,552,362,4
5789,17,558,371,2
5806,17,575,340,4
5822,17,566,355,4
5839,17,550,363,4
5856,17,548,362,4
5872,17,551,368,2
5889,17,563,369,2
5905,17,552,376,2
5922,17,548,373,2
5939,17,545,377,2
5955,17,504,398,2
5972,17,484,395,2
5989,17,508,373,2
6005,17,518,366,2
6022,17,505,372,2
6039,17,528,358,4
6055,17,508,380,2
6072,17,510,364,4
6088,17,508,385,2
6105,17,509,359,4
6122,17,501,362,4
6138,17,493,374,2
6155,17,523,358,4
6172,17,514,337,4
6188,17,535,373,2
6205,17,503,352,4
6222,17,508,361,4
6238,17,524,353,4
6255,17,508,361,4
6271,17,516,330,4
6288,17,528,336,4
6305,17,524,324,4
6321,17,517,321,4
6338,17,551,261,0
6355,17,533,287,0
6371,17,527,263,0
6388,17,532,310,4
6404,17,543,266,0
6421,17,533,265,0
6438,17,524,283,0
6454,17,521,279,0
6471,17,525,300,4
6488,17,525,297,4
6504,17,524,298,4
6521,17,527,288,4
6538,17,527,269,0
6554,17,537,249,1
6571,17,540,250,1
6587,17,530,278,0
6604,17,529,242,1
6621,17,527,243,1
6637,17,534,258,1
6654,17,526,243,1
6671,17,539,263,0
6687,17,524,268,0
6704,17,535,280,0
6721,17,526,276,0
6737,17,526,280,0
6754,17,524,286,0
6770,17,526,277,0
6787,17,534,319,4
6804,17,519,280,0
6820,17,540,308,4
6837,17,527,320,4
6854,17,523,321,4
6870,17,528,321,4
6887,17,528,313,4
6904,17,525,296,4
6920,17,519,293,4
6937,17,516,334,4
6953,17,528,317,4
6970,17,515,330,4
6987,17,515,316,4
7003,17,523,315,4
7020,17,520,307,4
7037,17,526,256,1
7053,17,555,247,1
7070,17,540,274,0
7087,17,537,253,1
7103,17,532,252,1
7120,17,538,247,1
7136,17,555,238,1
7153,17,555,241,1
7170,17,552,226,1
7186,17,567,206,1
7203,17,586,199,1
7220,17,584,194,1
7236,17,590,214,1
7253,17,594,137,1
7270,17,582,187,1
7286,17,584,197,1
7303,17,596,199,1
7319,17,589,191,1
7336,17,580,190,1
7353,17,582,149,1
7369,17,573,204,1
7386,17,602,170,1
7403,17,586,207,1
7419,17,584,178,1
7436,17,569,198,1
7453,17,583,213,1
7469,17,587,210,1
7486,17,587,174,1
7502,17,587,200,1
7519,17,582,159,1
7536,17,590,159,1
7552,17,584,174,1
7569,17,541,174,1
7586,17,467,226,1
7602,17,427,168,1
7619,17,422,209,1
7635,17,419,235,1
7652,17,423,187,1
7669,17,415,211,1
7685,17,437,229,1
7702,17,423,193,1
7719,17,444,219,1
7735,17,415,252,1
7752,17,421,211,1
7769,17,418,218,1
7785,17,412,209,1
7802,17,437,197,1
7818,17,461,178,1
7835,17,487,143,1
7852,17,491,133,1
7868,17,489,134,1
7885,17,457,135,1
7902,17,456,155,1
7918,17,486,138,1
7935,17,467,163,1
7952,17,466,140,1
7968,17,463,127,0
7985,17,466,138,1
8001,17,497,120,0
8018,17,486,152,1
8035,17,468,148,1
8051,17,497,175,1
8068,17,499,211,1
8085,17,499,178,1
8101,17,496,164,1
8118,17,467,198,1
8135,17,495,179,1
8151,17,500,186,1
8168,17,471,207,1
8184,17,499,146,1
8201,17,468,202,1
8218,17,497,161,1
8234,17,500,167,1
8251,17,472,201,1
8268,17,475,213,1
8284,17,489,203,1
8301,17,482,230,1
8318,17,498,250,1
8334,17,465,233,1
8351,17,468,247,1
8367,17,474,227,1
8384,17,462,237,1
8401,17,466,260,0
8417,17,469,235,1
8434,17,464,227,1
8451,17,495,227,1
8467,17,461,252,1
8484,17,470,203,1
8501,17,475,275,0
8517,17,549,271,0
8534,17,591,265,0
8550,17,566,273,0
8567,17,572,250,1
8584,17,560,290,4
8600,17,593,260,0
8617,17,563,264,0
8634,17,563,269,0
8650,17,567,273,0
8667,17,581,262,0
8683,17,572,255,1
8700,17,571,271,0
8717,17,567,252,1
8733,17,569,299,4
8750,17,571,295,4
8767,17,576,263,0
8783,17,570,262,0
8800,17,561,270,0
8817,17,569,282,0
8833,17,571,277,0
8850,17,566,257,1
8866,17,568,280,0
8883,17,571,270,0
8900,17,572,269,0
8916,17,567,305,4
8933,17,577,304,4
8950,17,576,289,4
8966,17,563,303,4
8983,17,571,302,4
9000,17,567,317,4
9016,17,563,309,4
9033,17,571,327,4
9049,17,564,307,4
9066,17,575,304,4
9083,17,575,320,4
9099,17,561,379,2
9116,17,568,336,4
9133,17,556,342,4
9149,17,562,309,4
9166,17,558,322,4
9183,17,551,334,4
9199,17,563,307,4
9216,17,571,291,4
9232,17,562,315,4
9249,17,575,300,4
9266,17,555,343,4
9282,17,560,339,4
9299,17,563,330,4
9316,17,554,334,4
9332,17,556,348,4
9349,17,560,368,2
9366,17,547,347,4
9382,17,560,317,4
9399,17,566,342,4
9415,17,560,349,4
9432,17,564,336,4
9449,17,552,334,4
9465,17,557,360,4
9482,17,554,344,4
9499,17,564,345,4
9515,17,570,313,4
9532,17,563,320,4
9549,17,566,326,4
9565,17,557,346,4
9582,17,563,346,4
9598,17,565,311,4
9615,17,563,347,4
9632,17,564,319,4
9648,17,560,340,4
9665,17,561,346,4
9682,17,559,310,4
9698,17,559,345,4
9715,17,557,319,4
9732,17,560,335,4
9748,17,558,343,4
9765,17,555,359,4
9781,17,568,356,4
9798,17,564,312,4
9815,17,569,328,4
9831,17,558,334,4
9848,17,568,322,4
9865,17,571,309,4
9881,17,568,321,4
9898,17,562,323,4
9914,17,555,348,4
9931,17,578,328,4
9948,17,575,328,4
9964,17,564,326,4
9981,17,540,329,4
9998,17,510,334,4
10014,17,511,330,4
10031,17,504,357,4
10048,17,511,345,4
10064,17,508,332,4
10081,17,503,377,2
10097,17,509,360,4
10114,17,508,378,2
10131,17,504,443,3
10147,17,476,650,3
10164,17,436,1067,0
10181,17,317,463,3
10197,17,531,453,3
10231,33,456,944,0
10247,17,510,714,3
10264,17,496,585,3
10280,17,516,522,3
10297,17,508,456,3
10314,17,536,409,2
10330,17,534,418,5
10347,17,535,374,2
10364,17,528,369,2
10380,17,546,363,4
10397,17,562,344,4
10414,17,540,378,2
10430,17,536,405,2
10447,17,530,364,4
10463,17,530,432,3
10480,17,532,432,3
10497,17,509,552,3
10962,466,122,506,3
10979,17,172,444,3
10996,17,129,213,0
11012,17,210,288,0
11029,17,111,75,0
11046,17,86,57,0
11162,116,347,130,0
11179,17,477,153,1
11195,17,515,170,1
11212,17,513,153,1
11229,17,514,157,1
11245,17,495,154,1
11262,17,491,187,1
11279,17,514,143,1
11295,17,512,144,1
11312,17,494,143,1
11328,17,517,120,0
11345,17,518,146,1
11362,17,496,130,0
11378,17,513,132,0
11395,17,517,148,1
11412,17,515,145,1
11428,17,526,164,1
11445,17,575,208,1
11462,17,575,226,1
11478,17,581,223,1
11495,17,581,215,1
11511,17,590,203,1
11528,17,585,179,1
11545,17,582,190,1
11561,17,589,186,1
11578,17,581,187,1
11595,17,582,181,1
11611,17,595,195,1
11628,17,553,197,1
11645,17,578,205,1
11661,17,586,200,1
11678,17,582,194,1
11694,17,583,180,1
11711,17,583,204,1
11728,17,587,162,1
11744,17,590,185,1
11761,17,589,177,1
11778,17,586,165,1
11794,17,584,156,1
11811,17,611,146,1
11828,17,617,165,1
11844,17,623,133,1
11861,17,603,184,1
11877,17,612,194,1
11894,17,600,153,1
11911,17,619,159,1
11927,17,624,119,0
11944,17,608,186,1
11961,17,620,153,1
11977,17,618,190,1
11994,17,609,182,1
12011,17,610,215,1
12027,17,619,195,1
12044,17,608,202,1
12060,17,616,184,1
12077,17,600,202,1
12094,17,602,233,1
12110,17,619,174,1
12127,17,594,197,1
12144,17,616,203,1
12160,17,616,195,1
12177,17,608,173,1
12193,17,603,189,1
12210,17,614,199,1
12227,17,618,182,1
12243,17,617,174,1
12260,17,613,221,1
12277,17,604,187,1
12293,17,611,201,1
12310,17,610,177,1
12327,17,611,210,1
12343,17,607,202,1
12360,17,621,228,1
12376,17,622,192,1
12393,17,620,128,0
12410,17,618,162,1
12426,17,624,95,0
12443,17,659,77,0
12460,17,664,57,0
12476,17,661,33,0
12493,17,660,67,0
12510,17,667,9,0
12526,17,655,40,0
12543,17,668,71,0
12559,17,667,59,0
12576,17,658,48,0
12593,17,653,49,0
12693,100,635,94,0
12726,33,525,47,0
12742,17,445,35,0
12759,17,429,67,0
12776,17,443,43,0
12792,17,435,68,0
12809,17,441,55,0
12826,17,444,36,0
12842,17,441,42,0
12859,17,451,48,0
12876,17,440,65,0
12892,17,442,38,0
12909,17,449,27,0
12925,17,441,34,0
12942,17,444,31,0
12959,17,443,42,0
12975,17,443,73,0
12992,17,476,166,1
13009,17,539,304,4
13025,17,540,329,4
13042,17,544,338,4
13059,17,543,323,4
13075,17,546,319,4
13092,17,543,328,4
13108,17,539,310,4
13125,17,553,325,4
13142,17,542,336,4
13158,17,541,323,4
13175,17,513,333,4
13192,17,531,285,0
13208,17,577,262,0
13225,17,585,263,0
13241,17,587,265,0
13258,17,591,256,1
13275,17,585,272,0
13291,17,598,272,0
13308,17,587,263,0
13325,17,590,259,1
13341,17,590,252,1
13358,17,571,268,0
13375,17,597,248,1
13391,17,596,261,0
13408,17,597,264,0
13424,17,598,250,1
13441,17,595,246,1
13458,17,603,248,1
13474,17,598,263,0
13491,17,584,274,0
13508,17,574,260,0
13524,17,596,260,0
13541,17,590,257,1
13558,17,600,247,1
13574,17,590,270,0
13591,17,600,252,1
13607,17,581,248,1
13624,17,589,261,0
13641,17,568,431,3
13774,133,477,155,1
13790,17,467,933,0
13807,17,469,785,0
13824,17,487,638,3
13840,17,497,543,3
13857,17,503,476,3
13874,17,508,413,2
13890,17,516,411,2
13907,17,519,373,2
13924,17,518,361,4
13940,17,513,368,2
13957,17,520,346,4
13973,17,508,357,4
13990,17,508,390,2
14007,17,516,346,4
14023,17,513,368,2
14040,17,533,385,2
14057,17,511,348,4
14073,17,509,331,4
14090,17,509,372,2
14107,17,518,359,4
14123,17,518,330,4
14140,17,527,383,2
14156,17,527,363,4
14173,17,518,390,2
14190,17,506,382,2
14206,17,523,351,4
14223,17,508,383,2
14240,17,527,359,4
14256,17,508,368,2
14273,17,505,385,2
14290,17,505,382,2
14306,17,508,372,2
14323,17,513,370,2
14339,17,532,374,2
14356,17,513,386,2
14373,17,491,381,2
14389,17,508,390,2
14406,17,497,376,2
14423,17,502,365,2
14439,17,521,384,2
14456,17,520,397,2
14472,17,494,409,2
14489,17,510,398,2
14506,17,504,417,5
14522,17,503,412,2
14539,17,501,414,2
14556,17,518,406,2
14572,17,500,426,3
14589,17,499,448,3
14606,17,506,401,2
14622,17,510,406,2
14639,17,513,402,2
14655,17,515,400,2
14672,17,491,413,2
14689,17,505,458,3
14705,17,514,403,2
14722,17,506,433,3
14739,17,505,414,2
14755,17,498,428,3
14772,17,495,407,2
14789,17,495,423,3
14805,17,500,446,3
14822,17,499,444,3
14838,17,496,430,3
14855,17,491,439,3
14872,17,499,423,3
14888,17,494,437,3
14905,17,499,439,3
14922,17,506,434,3
14938,17,494,467,3
14955,17,503,429,3
14972,17,497,406,2
14988,17,498,428,3
15005,17,507,412,2
15021,17,523,408,2
15038,17,521,409,2
15055,17,501,389,2
15071,17,518,355,4
15088,17,562,323,4
15105,17,549,289,4
15121,17,564,233,1
15138,17,582,212,1
15155,17,556,240,1
15171,17,574,231,1
15188,17,565,264,0
15204,17,591,270,0
15221,17,567,281,0
15238,17,565,280,0
15254,17,562,257,1
15271,17,548,256,1
15288,17,565,271,0
15304,17,566,239,1
15321,17,564,266,0
15338,17,574,253,1
15354,17,597,262,0
15371,17,568,251,1
15387,17,564,249,1
15404,17,571,202,1
15421,17,583,181,1
15437,17,578,193,1
15454,17,575,175,1
15471,17,581,211,1
15487,17,573,245,1
15504,17,578,233,1
15521,17,575,247,1
15537,17,573,285,0
15554,17,572,273,0
15570,17,578,261,0
15587,17,574,257,1
15604,17,580,255,1
15620,17,560,272,0
15637,17,575,233,1
15654,17,577,306,4
15670,17,580,292,4
15687,17,568,320,4
15703,17,557,319,4
15720,17,560,329,4
15737,17,567,329,4
15753,17,570,331,4
15770,17,562,367,2
15787,17,576,365,2
15803,17,572,345,4
15820,17,563,353,4
15837,17,561,363,4
15853,17,569,383,2
15870,17,568,370,2
15886,17,578,364,4
15903,17,574,489,3
15920,17,601,394,2
15936,17,553,401,2
15953,17,555,412,2
15970,17,586,435,3
15986,17,539,527,3
16003,17,525,622,3
16020,17,528,611,3
16036,17,403,687,3
16053,17,547,504,3
16069,17,526,589,3
16086,17,542,455,3
16103,17,537,440,3
16119,17,555,438,3
16136,17,534,410,2
16153,17,576,396,2
16169,17,531,364,4
16186,17,560,337,4
16203,17,596,332,4
16219,17,567,291,4
16236,17,551,302,4
16252,17,569,286,0
16269,17,564,306,4
16286,17,582,234,1
16302,17,577,209,1
16319,17,560,209,1
16336,17,578,229,1
16352,17,574,244,1
16369,17,560,264,0
16386,17,566,266,0
16402,17,576,258,1
16419,17,563,250,1
16435,17,552,254,1
16452,17,559,239,1
16469,17,562,269,0
16485,17,594,247,1
16502,17,571,260,0
16519,17,571,247,1
16535,17,576,230,1
16552,17,568,250,1
16569,17,575,243,1
16585,17,578,236,1
16602,17,583,255,1
16618,17,578,250,1
16635,17,582,238,1
16652,17,580,239,1
16668,17,587,252,1
16685,17,587,246,1
16702,17,591,232,1
16718,17,578,263,0
16735,17,584,254,1
16751,17,582,247,1
16768,17,582,252,1
16785,17,586,242,1
16801,17,581,241,1
16818,17,586,250,1
16835,17,580,253,1
16851,17,585,256,1
16868,17,585,237,1
16885,17,577,249,1
16901,17,588,253,1
16918,17,587,251,1
16934,17,581,232,1
16951,17,599,238,1
16968,17,583,244,1
16984,17,579,255,1
17001,17,584,253,1
17018,17,581,248,1
17034,17,586,237,1
17051,17,584,232,1
17068,17,581,243,1
17084,17,581,248,1
17101,17,577,253,1
17117,17,578,255,1
17134,17,586,250,1
17151,17,589,250,1
17167,17,591,246,1
17184,17,579,239,1
17201,17,581,262,0
17217,17,588,272,0
17234,17,585,245,1
17251,17,587,253,1
17267,17,583,264,0
17284,17,583,262,0
17300,17,580,270,0
17317,17,583,245,1
17334,17,583,263,0
17350,17,589,270,0
17367,17,583,261,0
17384,17,585,269,0
17400,17,584,264,0
17417,17,582,278,0
17434,17,584,274,0
17450,17,582,257,1
17467,17,586,225,1
17483,17,604,216,1
17500,17,584,238,1
17517,17,584,224,1
17533,17,570,278,0
17550,17,579,268,0
17567,17,583,285,0
17583,17,583,269,0
17600,17,579,324,4
17617,17,549,392,2
17633,17,506,505,3
17650,17,498,620,3
17666,17,489,665,3
17683,17,485,689,3
17700,17,492,696,3
17716,17,487,723,3
17733,17,469,702,3
17750,17,495,682,3
17766,17,497,697,3
17783,17,491,688,3
17800,17,491,696,3
17816,17,493,671,3
17833,17,492,660,3
17849,17,494,683,3
17866,17,490,666,3
17883,17,495,654,3
17899,17,496,661,3
17916,17,496,665,3
17933,17,495,653,3
17949,17,495,635,3
17966,17,502,637,3
17982,17,499,610,3
17999,17,494,613,3
18016,17,498,617,3
18032,17,497,630,3
18049,17,502,594,3
18066,17,487,621,3
18082,17,493,555,3
18099,17,489,521,3
18116,17,513,504,3
18132,17,501,490,3
18149,17,502,473,3
18165,17,504,486,3
18182,17,501,455,3
18199,17,504,475,3
18215,17,485,535,3
18232,17,474,789,0
18398,166,1088,1046,0
18415,17,1004,238,0
18432,17,988,109,0
18448,17,981,29,0
18515,67,962,7,0
18548,33,957,12,0
19030,482,875,4,0
19047,17,693,112,0
19064,17,541,242,1
19080,17,530,277,0
19097,17,546,256,1
19114,17,540,250,1
19130,17,545,272,0
19147,17,539,265,0
19164,17,536,271,0
19180,17,539,256,1
19197,17,553,269,0
19213,17,541,260,0
19230,17,541,251,1
19247,17,538,271,0
19263,17,540,258,1
19280,17,541,258,1
19297,17,541,247,1
19313,17,540,252,1
19330,17,559,263,0
19347,17,546,249,1
19363,17,545,256,1
19380,17,532,253,1
19396,17,541,237,1
19413,17,563,164,1
19430,17,586,95,0
19446,17,582,43,0
19463,17,582,77,0
19480,17,577,65,0
19496,17,580,48,0
19513,17,583,58,0
19530,17,580,71,0
19546,17,581,76,0
19563,17,579,56,0
19579,17,583,67,0
19596,17,579,71,0
19613,17,568,91,0
19629,17,578,56,0
19646,17,582,56,0
19663,17,587,56,0
19679,17,578,47,0
19696,17,574,76,0
19713,17,582,69,0
19729,17,575,72,0
19746,17,572,66,0
19762,17,574,53,0
19779,17,586,73,0
19796,17,602,67,0
19812,17,592,69,0
19829,17,586,71,0
19846,17,573,102,0
19862,17,578,90,0
19879,17,570,115,0
19896,17,533,230,1
19912,17,550,299,4
19929,17,518,314,4
19945,17,523,297,4
19962,17,540,301,4
19979,17,533,309,4
19995,17,522,292,4
20012,17,520,308,4
20029,17,543,248,1
20045,17,544,282,0
20062,17,555,289,4
20079,17,545,273,0
20095,17,534,321,4
20112,17,523,326,4
20128,17,533,375,2
20145,17,530,368,2
20162,17,517,408,2
20178,17,508,372,2
20195,17,514,389,2
20212,17,511,393,2
20228,17,513,391,2
20245,17,508,417,5
20261,17,552,431,3
20278,17,553,435,3
20295,17,548,417,5
20311,17,550,377,2
20328,17,547,433,3
20345,17,548,424,3
20361,17,547,433,3
20378,17,549,420,5
20395,17,545,445,3
20411,17,558,457,3
20428,17,539,454,3
20444,17,551,439,3
20461,17,554,424,3
20478,17,545,457,3
20494,17,542,460,3
20511,17,547,453,3
20528,17,549,490,3
20544,17,550,496,3
20561,17,547,479,3
20578,17,548,516,3
20594,17,536,484,3
20611,17,540,527,3
20627,17,533,514,3
20644,17,544,557,3
20661,17,546,512,3
20677,17,550,549,3
20694,17,515,555,3
20711,17,539,534,3
20727,17,545,521,3
20744,17,546,527,3
20761,17,533,514,3
20777,17,547,504,3
20794,17,547,526,3
20810,17,544,540,3
20827,17,532,549,3
20844,17,545,551,3
20860,17,217,356,0
21093,233,662,334,0
21127,33,576,949,0
21143,17,500,935,0
21160,17,495,830,0
21176,17,193,384,2
21193,17,517,723,3
21210,17,499,722,3
21226,17,498,705,3
21243,17,509,677,3
21260,17,514,653,3
21276,17,518,682,3
21293,17,488,665,3
21309,17,485,628,3
21326,17,521,628,3
21343,17,519,657,3
21359,17,521,626,3
21376,17,526,625,3
21393,17,508,620,3
21409,17,532,615,3
21426,17,511,635,3
21443,17,524,595,3
21459,17,528,585,3
21476,17,532,601,3
21492,17,517,613,3
21509,17,523,606,3
21526,17,522,611,3
21542,17,525,603,3
21559,17,522,622,3
21576,17,515,636,3
21592,17,511,630,3
21609,17,520,630,3
21626,17,517,633,3
21642,17,519,647,3
21659,17,517,639,3
21675,17,507,661,3
21692,17,516,654,3
21709,17,503,653,3
21725,17,518,662,3
21742,17,515,658,3
21759,17,515,666,3
21775,17,519,642,3
21792,17,507,658,3
21809,17,212,448,3
21825,17,530,670,3
21842,17,518,647,3
21858,17,496,643,3
21875,17,518,667,3
21892,17,516,685,3
21908,17,508,670,3
21925,17,521,666,3
21942,17,525,642,3
21958,17,527,609,3
21975,17,528,611,3
21992,17,526,614,3
22008,17,538,614,3
22025,17,523,597,3
22041,17,540,612,3
22058,17,531,607,3
22075,17,535,605,3
22091,17,550,619,3
22108,17,530,625,3
22125,17,479,672,3
22141,17,480,647,3
22158,17,484,639,3
22175,17,479,637,3
22191,17,469,641,3
22208,17,468,613,3
22224,17,121,520,3
22241,17,482,609,3
22258,17,487,596,3
22274,17,465,581,3
22291,17,468,606,3
22308,17,491,595,3
22324,17,492,572,3
22341,17,497,544,3
22358,17,471,561,3
22374,17,513,555,3
22391,17,500,552,3
22407,17,493,547,3
22424,17,485,550,3
22441,17,491,497,3
22457,17,471,530,3
22474,17,478,502,3
22491,17,501,517,3
22507,17,493,510,3
22524,17,492,501,3
22540,17,521,515,3
22557,17,557,479,3
22574,17,547,480,3
22590,17,553,481,3
22607,17,549,507,3
22624,17,547,507,3
22640,17,541,548,3
22657,17,543,539,3
22674,17,547,528,3
22690,17,544,519,3
22707,17,544,561,3
22723,17,549,533,3
22740,17,545,551,3
22757,17,547,537,3
22773,17,550,556,3
22790,17,545,530,3
22807,17,502,555,3
22823,17,500,547,3
22840,17,496,546,3
22857,17,508,544,3
22873,17,498,541,3
22890,17,506,544,3
22906,17,497,543,3
22923,17,490,552,3
22940,17,476,553,3
22956,17,493,552,3
22973,17,497,540,3
22990,17,495,538,3
23006,17,502,550,3
23023,17,494,536,3
23040,17,503,555,3
23056,17,495,544,3
23073,17,503,529,3
23089,17,504,546,3
23106,17,480,544,3
23123,17,506,552,3
23139,17,505,523,3
23156,17,501,504,3
23173,17,518,464,3
23189,17,524,458,3
23206,17,520,429,3
23223,17,536,406,2
23239,17,532,395,2
23256,17,528,390,2
23272,17,537,371,2
23289,17,536,369,2
23306,17,554,371,2
23322,17,545,364,4
23339,17,565,340,4
23356,17,575,331,4
23372,17,566,300,4
23389,17,568,306,4
23406,17,577,290,4
23422,17,579,262,0
23439,17,580,311,4
23455,17,577,288,4
23472,17,578,323,4
23489,17,566,335,4
23505,17,583,332,4
23522,17,576,275,0
23539,17,567,306,4
23555,17,554,363,4
23572,17,508,427,3
23588,17,499,493,3
23605,17,504,473,3
23622,17,499,487,3
23638,17,500,516,3
23655,17,500,487,3
23672,17,512,484,3
23688,17,500,502,3
23705,17,499,512,3
23722,17,499,506,3
23738,17,500,509,3
23755,17,494,510,3
23771,17,503,486,3
23788,17,504,494,3
23805,17,493,526,3
23821,17,484,498,3
23838,17,521,474,3
23855,17,543,401,2
23871,17,544,371,2
23888,17,546,350,4
23905,17,543,365,2
23921,17,536,338,4
23938,17,539,336,4
23954,17,526,326,4
23971,17,538,372,2
23988,17,538,351,4
24004,17,556,363,4
24021,17,576,335,4
24038,17,570,332,4
24054,17,581,338,4
24071,17,574,344,4
24088,17,571,313,4
24104,17,576,329,4
24137,0,580,347,4
24137,33,580,347,4
24154,17,572,334,4
24171,17,567,362,4
24187,17,572,347,4
24204,17,572,348,4
24221,17,568,346,4
24237,17,573,349,4
24254,17,567,346,4
24271,17,519,409,2
24287,17,500,394,2
24304,17,481,376,2
24320,17,493,392,2
24337,17,495,378,2
24354,17,493,393,2
24370,17,504,382,2
24387,17,508,408,2
24404,17,500,419,5
24420,17,504,491,3
24437,17,503,493,3
24454,17,490,526,3
24470,17,474,536,3
24487,17,463,506,3
24503,17,476,520,3
24520,17,484,528,3
24537,17,480,527,3
24553,17,480,532,3
24570,17,482,524,3
24587,17,481,534,3
24603,17,496,540,3
24620,17,488,551,3
24637,17,479,574,3
24653,17,466,567,3
24670,17,493,545,3
24686,17,492,541,3
24703,17,497,541,3
24720,17,495,541,3
24736,17,486,539,3
24753,17,492,540,3
24770,17,489,553,3
24786,17,491,531,3
24803,17,465,559,3
24819,17,485,511,3
24836,17,473,551,3
24853,17,482,506,3
24869,17,482,506,3
24886,17,490,489,3
24903,17,485,473,3
24919,17,482,486,3
24936,17,485,476,3
24953,17,496,476,3
24969,17,496,447,3
24986,17,470,463,3
25002,17,492,449,3
25019,17,492,444,3
25036,17,493,453,3
25052,17,507,420,5
25069,17,465,441,3
25086,17,497,431,3
25102,17,502,415,2
25119,17,526,431,3
25136,17,501,426,3
25152,17,507,452,3
25169,17,498,412,2
25185,17,509,455,3
25202,17,504,459,3
25219,17,509,433,3
25235,17,515,429,3
25252,17,512,441,3
25269,17,508,435,3
25285,17,510,455,3
25302,17,494,466,3
25319,17,505,489,3
25335,17,508,464,3
25352,17,502,483,3
25368,17,506,473,3
25385,17,498,477,3
25402,17,503,467,3
25418,17,523,477,3
25435,17,507,476,3
25452,17,501,477,3
25468,17,508,476,3
25485,17,504,491,3
25502,17,505,484,3
25518,17,513,481,3
25535,17,512,504,3
25551,17,509,540,3
25568,17,510,496,3
25585,17,502,523,3
25601,17,500,530,3
25618,17,495,517,3
25635,17,494,534,3
25651,17,493,527,3
25668,17,487,542,3
25685,17,502,542,3
25701,17,498,566,3
25718,17,515,550,3
25734,17,486,546,3
25751,17,487,558,3
25768,17,488,554,3
25784,17,494,560,3
25801,17,748,162,0
25818,17,496,563,3
25834,17,491,566,3
25851,17,497,578,3
25868,17,488,500,3
25884,17,495,564,3
25901,17,494,561,3
25917,17,487,498,3
25934,17,484,581,3
25951,17,496,577,3
25967,17,495,580,3
25984,17,487,589,3
26001,17,476,660,3
26017,17,253,387,2
26034,17,525,487,3
26050,17,539,405,2
26067,17,540,398,2
26084,17,539,378,2
26100,17,538,389,2
26117,17,540,408,2
26134,17,539,367,2
26150,17,546,382,2
26167,17,541,396,2
26184,17,544,375,2
26200,17,545,388,2
26217,17,551,359,4
26233,17,543,356,4
26250,17,546,374,2
26267,17,545,349,4
26283,17,540,373,2
26300,17,546,361,4
26317,17,543,355,4
26333,17,546,332,4
26350,17,546,354,4
26367,17,546,367,2
26383,17,552,337,4
26400,17,545,320,4
26416,17,530,330,4
26433,17,535,335,4
26450,17,547,339,4
26466,17,541,344,4
26483,17,548,331,4
26500,17,522,346,4
26516,17,533,347,4
26533,17,535,350,4
26550,17,530,361,4
26566,17,537,345,4
26583,17,531,363,4
26599,17,516,365,2
26616,17,518,362,4
26633,17,530,376,2
26649,17,526,377,2
26666,17,524,365,2
26683,17,528,384,2
26699,17,534,351,4
26716,17,534,386,2
26733,17,529,354,4
26749,17,533,353,4
26766,17,533,353,4
26782,17,531,359,4
26799,17,535,347,4
26816,17,539,326,4
26832,17,535,354,4
26849,17,530,354,4
26866,17,528,343,4
26882,17,537,342,4
26899,17,525,341,4
26916,17,538,311,4
26932,17,533,314,4
26949,17,535,329,4
26965,17,535,350,4
26982,17,517,332,4
26999,17,543,317,4
27015,17,516,283,0
27032,17,534,289,4
27049,17,534,304,4
27065,17,509,296,4
27082,17,509,314,4
27098,17,543,349,4
27115,17,509,322,4
27132,17,500,323,4
27148,17,511,315,4
27165,17,524,349,4
27182,17,530,313,4
27198,17,532,300,4
27215,17,522,318,4
27232,17,540,255,1
27248,17,551,260,0
27265,17,566,260,0
27281,17,567,291,4
27298,17,556,276,0
27315,17,555,294,4
27331,17,544,334,4
27348,17,536,365,2
27365,17,476,855,0
27481,116,506,1017,0
27498,17,505,869,0
27514,17,506,730,3
27531,17,522,637,3
27548,17,530,526,3
27564,17,538,462,3
27581,17,539,402,2
27598,17,546,386,2
27614,17,554,345,4
27631,17,545,341,4
27647,17,564,351,4
27664,17,557,356,4
27681,17,602,306,4
27697,17,567,336,4
27714,17,581,287,0
27731,17,561,314,4
27747,17,585,292,4
27764,17,573,291,4
27781,17,580,270,0
27797,17,575,240,1
27814,17,594,225,1
27830,17,585,238,1
27847,17,592,235,1
27864,17,579,255,1
27880,17,577,282,0
27897,17,580,264,0
27914,17,575,239,1
27930,17,585,232,1
27947,17,589,254,1
27964,17,576,240,1
27980,17,582,244,1
27997,17,576,262,0
28013,17,584,261,0
28030,17,579,236,1
28047,17,590,242,1
28063,17,577,249,1
28080,17,580,242,1
28097,17,575,260,0
28113,17,576,262,0
28130,17,583,238,1
28147,17,583,254,1
28163,17,577,239,1
28180,17,579,258,1
28196,17,582,241,1
28213,17,581,230,1
28230,17,551,234,1
28246,17,495,231,1
28263,17,487,271,0
28280,17,496,282,0
28296,17,498,252,1
28313,17,502,252,1
28329,17,499,262,0
28346,17,496,277,0
28363,17,511,228,1
28379,17,501,245,1
28396,17,508,250,1
28413,17,502,269,0
28429,17,499,249,1
28446,17,507,254,1
28463,17,502,254,1
28479,17,509,310,4
28496,17,506,357,4
28512,17,513,361,4
28529,17,513,370,2
28546,17,504,373,2
28562,17,512,371,2
28579,17,507,390,2
28596,17,502,389,2
28612,17,507,360,4
28629,17,503,390,2
28646,17,506,370,2
28662,17,501,353,4
28679,17,503,362,4
28695,17,503,355,4
28712,17,501,383,2
28729,17,501,365,2
28745,17,490,374,2
28762,17,505,361,4
28779,17,505,383,2
28795,17,510,352,4
28812,17,501,367,2
28829,17,516,361,4
28845,17,499,385,2
28862,17,521,346,4
28878,17,496,367,2
28895,17,517,377,2
28912,17,525,370,2
28928,17,514,372,2
28945,17,517,372,2
28962,17,522,365,2
28978,17,515,369,2
28995,17,483,383,2
29012,17,493,376,2
29028,17,488,396,2
29045,17,519,376,2
29061,17,552,308,4
29078,17,548,293,4
29095,17,575,288,4
29111,17,549,275,0
29128,17,575,268,0
29145,17,567,297,4
29161,17,566,290,4
29178,17,576,283,0
29195,17,575,283,0
29211,17,551,293,4
29228,17,551,285,0
29244,17,581,270,0
29261,17,596,248,1
29278,17,585,252,1
29294,17,584,256,1
29311,17,588,267,0
29328,17,591,244,1
29344,17,589,251,1
29361,17,569,258,1
29377,17,591,258,1
29394,17,592,252,1
29411,17,591,276,0
29427,17,585,276,0
29444,17,572,263,0
29461,17,590,281,0
29477,17,591,240,1
29494,17,594,270,0
29511,17,601,258,1
29527,17,588,260,0
29544,17,568,254,1
29560,17,594,255,1
29577,17,592,273,0
29594,17,571,276,0
29610,17,592,273,0
29627,17,588,265,0
29644,17,585,276,0
29660,17,590,268,0
29677,17,599,263,0
29694,17,580,269,0
29710,17,586,254,1
29727,17,588,261,0
29743,17,586,279,0
29760,17,593,275,0
29777,17,590,268,0
29793,17,569,239,1
29810,17,587,267,0
29827,17,588,232,1
29843,17,581,258,1
29860,17,583,251,1
29877,17,558,272,0
29893,17,580,269,0
29910,17,590,266,0
29926,17,580,278,0
29943,17,588,277,0
29960,17,583,264,0
29976,17,592,247,1
29993,17,585,268,0
30010,17,580,247,1
30026,17,593,269,0
30043,17,590,255,1
30060,17,589,270,0
30076,17,568,229,1
30093,17,597,239,1
30109,17,563,260,0
30126,17,598,249,1
30143,17,571,230,1
30159,17,585,235,1
30176,17,548,260,0
30193,17,534,301,4
30209,17,543,283,0
30226,17,538,298,4
30243,17,510,294,4
30259,17,535,283,0
30276,17,537,296,4
30292,17,517,269,0
30309,17,530,280,0
30326,17,541,277,0
30342,17,536,280,0
30359,17,521,252,1
30376,17,525,243,1
30392,17,521,241,1
30409,17,540,224,1
30426,17,515,262,0
30442,17,534,281,0
30459,17,539,282,0
30475,17,542,277,0
30492,17,537,255,1
30509,17,535,231,1
30525,17,536,252,1
30542,17,532,307,4
30559,17,520,242,1
30575,17,541,212,1
30592,17,537,295,4
30608,17,516,253,1
30625,17,540,268,0
30642,17,528,283,0
30658,17,519,280,0
30675,17,534,271,0
30692,17,513,296,4
30708,17,535,276,0
30725,17,517,212,1
30742,17,540,282,0
30758,17,539,310,4
30775,17,536,276,0
30791,17,543,230,1
30808,17,537,251,1
30825,17,532,266,0
30841,17,522,289,4
30858,17,527,269,0
30875,17,536,259,1
30891,17,529,272,0
30908,17,535,266,0
30925,17,527,221,1
30941,17,538,301,4
30958,17,516,252,1
30974,17,524,297,4
30991,17,523,279,0
31008,17,514,287,0
31024,17,531,295,4
31041,17,524,276,0
31058,17,528,267,0
31074,17,526,291,4
31091,17,526,300,4
31108,17,527,286,0
31124,17,530,318,4
31141,17,527,281,0
31157,17,523,299,4
31174,17,526,311,4
31191,17,530,302,4
31207,17,526,270,0
31224,17,533,294,4
31241,17,508,323,4
31257,17,534,263,0
31274,17,544,253,1
31291,17,545,266,0
31307,17,549,245,1
31324,17,543,268,0
31340,17,545,271,0
31357,17,545,249,1
31374,17,547,267,0
31390,17,553,277,0
31407,17,545,265,0
31424,17,546,258,1
31440,17,575,269,0
31457,17,598,216,1
31474,17,602,205,1
31490,17,601,225,1
31507,17,602,215,1
31523,17,609,227,1
31540,17,596,236,1
31557,17,600,212,1
31573,17,604,219,1
31590,17,598,217,1
31607,17,610,217,1
31623,17,604,242,1
31640,17,602,256,1
31656,17,602,237,1
31673,17,599,227,1
31690,17,599,229,1
31706,17,593,236,1
31723,17,576,293,4
31740,17,533,363,4
31756,17,524,416,2
31773,17,525,428,3
31790,17,521,418,5
31806,17,523,409,2
31823,17,533,407,2
31839,17,522,420,5
31856,17,520,429,3
31873,17,524,422,3
31889,17,518,414,2
31906,17,522,427,3
31923,17,530,427,3
31939,17,525,408,2
31956,17,523,425,3
31973,17,535,420,5
31989,17,521,403,2
32006,17,542,452,3
32022,17,574,458,3
32039,17,593,466,3
32056,17,598,453,3
32072,17,595,451,3
32089,17,594,466,3
32106,17,593,445,3
32122,17,594,446,3
32139,17,597,451,3
32156,17,582,448,3
32172,17,588,435,3
32189,17,601,418,3
32205,17,596,361,4
32222,17,615,374,2
32239,17,654,394,2
32255,17,672,355,0
32272,17,691,322,0
32289,17,691,339,0
32305,17,690,292,0
32322,17,687,297,0
32339,17,704,320,0
32355,17,680,326,0
32372,17,688,318,0
32388,17,709,304,0
32405,17,705,318,0
32422,17,694,330,0
32438,17,695,322,0
32455,17,697,316,0
32472,17,690,312,0
32488,17,691,333,0
32505,17,692,301,0
32522,17,690,338,0
32538,17,678,321,0
32555,17,694,293,0
32571,17,689,333,0
32588,17,677,332,0
32605,17,666,395,2
32621,17,662,340,0
32638,17,675,363,0
32655,17,655,334,0
32671,17,657,402,2
32688,17,673,363,0
32705,17,674,372,2
32721,17,652,373,2
32738,17,673,377,2
32754,17,650,379,2
32771,17,677,372,2
32788,17,688,361,0
32804,17,701,304,0
32821,17,708,298,0
32838,17,701,293,0
32854,17,710,309,0
32871,17,680,317,0
32887,17,686,315,0
32904,17,711,274,0
32921,17,697,311,0
32937,17,699,315,0
32954,17,692,294,0
32971,17,693,236,1
32987,17,694,272,0
33004,17,685,272,0
33021,17,700,292,0
33037,17,699,289,0
33054,17,707,299,0
33070,17,719,280,0
33087,17,721,313,0
33104,17,722,285,0
33120,17,724,255,1
33137,17,720,240,1
33154,17,723,248,1
33170,17,718,288,0
33187,17,724,262,0
33204,17,681,271,0
33220,17,581,296,4
33237,17,537,255,1
33253,17,560,228,1
33270,17,543,251,1
33287,17,567,177,1
33303,17,558,255,1
33320,17,566,205,1
33337,17,554,228,1
33353,17,571,161,1
33370,17,564,232,1
33387,17,564,209,1
33403,17,559,211,1
33420,17,570,195,1
33436,17,577,223,1
33453,17,556,161,1
33470,17,585,185,1
33486,17,575,218,1
33503,17,557,227,1
33520,17,573,188,1
33536,17,590,196,1
33553,17,572,210,1
33570,17,561,254,1
33586,17,533,304,4
33603,17,527,291,4
33619,17,523,331,4
33636,17,521,319,4
33653,17,514,354,4
33669,17,520,304,4
33686,17,503,330,4
33703,17,531,320,4
33719,17,527,312,4
33736,17,495,334,4
33753,17,524,283,0
33769,17,484,310,4
33786,17,414,330,0
33802,17,349,337,0
33819,17,347,324,0
33836,17,371,329,0
33852,17,352,307,0
33869,17,356,295,0
33886,17,359,335,0
33902,17,357,323,0
33919,17,356,314,0
33936,17,360,320,0
33952,17,360,301,0
33969,17,356,321,0
33985,17,357,295,0
34002,17,361,321,0
34019,17,376,318,0
34035,17,357,328,0
34052,17,354,348,0
34069,17,364,321,0
34085,17,381,309,0
34102,17,379,319,0
34118,17,434,306,4
34135,17,428,296,4
34152,17,437,314,4
34168,17,464,309,4
34185,17,438,303,4
34202,17,436,301,4
34218,17,471,321,4
34235,17,544,269,0
34252,17,521,306,4
34268,17,553,260,0
34285,17,545,287,0
34301,17,549,271,0
34318,17,545,268,0
34335,17,546,283,0
34351,17,550,242,1
34368,17,539,249,1
34385,17,545,243,1
34401,17,550,257,1
34418,17,554,258,1
34435,17,557,261,0
34451,17,545,276,0
34468,17,551,251,1
34484,17,551,234,1
34501,17,545,276,0
34518,17,519,267,0
34534,17,537,251,1
34551,17,557,248,1
34568,17,536,254,1
34584,17,558,277,0
34601,17,541,287,0
34618,17,531,291,4
34634,17,541,270,0
34651,17,545,257,1
34667,17,542,297,4
34684,17,537,302,4
34701,17,534,284,0
34717,17,539,266,0
34734,17,538,283,0
34751,17,467,315,4
34767,17,333,479,3
34784,17,207,594,3
34801,17,169,640,3
34817,17,157,644,3
34834,17,173,641,3
34850,17,164,631,3
34867,17,169,632,3
34884,17,171,646,3
34900,17,178,634,3
34917,17,176,625,3
34934,17,181,624,3
34950,17,170,602,3
34967,17,75,654,3
34984,17,65,662,3
35000,17,5,631,3
35017,17,22,614,3
35033,17,28,629,3
35050,17,24,632,3
35067,17,2,639,3
35083,17,20,643,3
35100,17,19,624,3
35117,17,25,661,3
35133,17,20,655,3
35150,17,13,641,3
35166,17,14,645,3
35183,17,21,671,3
35200,17,50,590,3
35216,17,181,451,3
35233,17,368,331,0
35250,17,501,239,1
35266,17,504,264,0
35283,17,484,258,1
35300,17,499,253,1
35316,17,491,264,0
35333,17,480,266,0
35349,17,488,270,0
35366,17,488,256,1
35383,17,475,268,0
35399,17,477,261,0
35416,17,475,258,1
35433,17,473,280,0
35449,17,484,268,0
35466,17,464,280,0
35483,17,477,262,0
35499,17,480,272,0
35516,17,472,261,0
35532,17,481,290,4
35549,17,494,280,0
35566,17,509,305,4
35582,17,520,334,4
35599,17,517,348,4
35616,17,515,320,4
35632,17,512,332,4
35649,17,515,338,4
35666,17,516,335,4
35682,17,515,344,4
35699,17,514,355,4
35715,17,517,339,4
35732,17,517,338,4
35749,17,516,355,4
35765,17,511,346,4
35782,17,512,344,4
35799,17,509,343,4
35815,17,506,364,4
35832,17,503,349,4
35849,17,505,314,4
35865,17,508,330,4
35882,17,502,344,4
35898,17,502,341,4
35915,17,507,315,4
35932,17,511,294,4
35948,17,513,307,4
35965,17,505,292,4
35982,17,517,289,4
35998,17,515,257,1
36015,17,512,302,4
36032,17,521,258,1
36048,17,526,322,4
36065,17,503,339,4
36081,17,505,312,4
36098,17,519,295,4
36115,17,532,275,0
36131,17,557,214,1
36148,17,536,252,1
36165,17,552,216,1
36181,17,569,234,1
36198,17,558,217,1
36215,17,560,209,1
36231,17,552,239,1
36248,17,561,203,1
36264,17,558,212,1
36281,17,561,188,1
36298,17,566,202,1
36314,17,556,188,1
36331,17,561,221,1
36348,17,564,189,1
36364,17,585,194,1
36381,17,570,224,1
36397,17,591,237,1
36414,17,593,195,1
36431,17,588,199,1
36447,17,589,211,1
36464,17,571,209,1
36481,17,589,212,1
36497,17,570,207,1
36514,17,581,192,1
36531,17,582,228,1
36547,17,599,211,1
36564,17,587,226,1
36580,17,587,223,1
36597,17,582,229,1
36614,17,586,211,1
36630,17,584,214,1
36647,17,583,249,1
36664,17,586,211,1
36680,17,563,279,0
36697,17,538,314,4
36714,17,514,305,4
36730,17,548,304,4
36747,17,533,314,4
36763,17,510,327,4
36780,17,533,338,4
36797,17,530,314,4
36813,17,516,295,4
36830,17,532,323,4
36847,17,535,257,1
36863,17,538,299,4
36880,17,530,325,4
36897,17,542,307,4
36913,17,543,282,0
36930,17,525,286,0
36946,17,516,292,4
36963,17,543,269,0
36980,17,543,272,0
36996,17,538,253,1
37013,17,547,244,1
37030,17,525,244,1
37046,17,540,236,1
37063,17,544,276,0
37080,17,544,236,1
37096,17,542,241,1
37113,17,531,287,0
37129,17,541,264,0
37146,17,522,225,1
37163,17,521,237,1
37179,17,546,242,1
37196,17,523,261,0
37213,17,552,237,1
37229,17,547,252,1
37246,17,545,243,1
37263,17,540,274,0
37279,17,553,230,1
37296,17,530,242,1
37312,17,529,245,1
37329,17,543,255,1
37346,17,538,196,1
37362,17,526,263,0
37379,17,527,238,1
37396,17,539,238,1
37412,17,535,202,1
37429,17,532,248,1
37445,17,549,198,1
37462,17,528,256,1
37479,17,519,251,1
37495,17,418,350,4
37512,17,292,385,2
37529,17,188,482,3
37545,17,90,587,3
37562,17,76,643,3
37579,17,48,681,3
37595,17,52,713,3
37612,17,53,688,3
37628,17,58,684,3
37645,17,55,688,3
37662,17,54,693,3
37678,17,79,701,3
37695,17,81,723,3
37712,17,58,662,3
37728,17,47,704,3
37745,17,106,489,3
37762,17,45,600,3
37778,17,56,706,3
37795,17,42,682,3
37828,33,70,705,3
37861,33,48,693,3
37878,17,47,684,3
37895,17,48,680,3
37911,17,44,708,3
37928,17,40,665,3
37945,17,27,718,3
37961,17,41,706,3
37978,17,33,671,3
37994,17,16,644,3
38028,33,12,605,3
38044,17,22,634,3
38061,17,10,637,3
38078,17,13,621,3
38094,17,14,633,3
38111,17,6,640,3
38128,17,7,619,3
38144,17,10,625,3
38161,17,4,622,3
38177,17,80,674,3
38194,17,4,635,3
38211,17,1,624,3
38227,17,103,690,3
38261,33,60,614,3
38277,17,93,538,3
38294,17,246,445,3
38311,17,420,319,4
38327,17,520,290,4
38344,17,504,263,0
38360,17,510,272,0
38377,17,507,272,0
38394,17,507,295,4
38410,17,510,284,0
38427,17,501,288,4
38444,17,498,283,0
38460,17,501,287,0
38477,17,502,277,0
38494,17,506,276,0
38510,17,501,284,0
38527,17,499,299,4
38543,17,478,288,4
38560,17,499,295,4
38577,17,509,263,0
38593,17,507,272,0
38610,17,508,272,0
38627,17,492,280,0
38643,17,491,308,4
38660,17,564,438,3
38676,17,592,670,3
38693,17,508,891,0
38710,17,491,982,0
38726,17,496,939,0
38743,17,500,934,0
38760,17,496,929,0
38776,17,499,928,0
38793,17,501,949,0
38810,17,505,924,0
38826,17,498,924,0
38843,17,495,930,0
38859,17,494,923,0
38876,17,491,932,0
38893,17,492,933,0
38909,17,497,930,0
38926,17,489,927,0
38943,17,448,941,0
38959,17,339,910,0
38976,17,197,916,0
38993,17,189,930,0
39009,17,199,939,0
39026,17,206,933,0
39042,17,207,939,0
39059,17,209,944,0
39076,17,204,947,0
39092,17,201,944,0
39109,17,214,937,0
39126,17,212,924,0
39142,17,207,936,0
39159,17,210,935,0
39176,17,201,933,0
39192,17,210,926,0
39209,17,208,924,0
39225,17,212,921,0
39242,17,201,941,0
39259,17,207,927,0
39275,17,212,886,0
39292,17,279,706,3
39309,17,371,572,3
39325,17,483,427,3
39342,17,578,271,0
39359,17,592,217,1
39375,17,585,274,0
39392,17,587,255,1
39408,17,578,259,1
39425,17,582,279,0
39442,17,582,259,1
39458,17,575,282,0
39475,17,572,288,4
39492,17,565,278,0
39508,17,573,292,4
39525,17,574,295,4
39542,17,566,282,0
39558,17,575,274,0
39575,17,594,256,1
39591,17,602,253,1
39608,17,589,240,1
39625,17,600,229,1
39641,17,598,249,1
39658,17,595,245,1
39675,17,600,240,1
39691,17,599,224,1
39708,17,598,233,1
39724,17,600,255,1
39741,17,591,249,1
39758,17,598,234,1
39774,17,594,234,1
39791,17,597,240,1
39808,17,591,249,1
39824,17,589,242,1
39841,17,592,238,1
39858,17,600,254,1
39874,17,588,267,0
39891,17,609,247,1
39907,17,596,246,1
39924,17,589,219,1
39941,17,601,241,1
39957,17,571,281,0
39974,17,543,294,4
39991,17,541,339,4
40007,17,521,350,4
40024,17,522,364,4
40041,17,522,378,2
40057,17,517,372,2
40074,17,515,383,2
40090,17,539,364,4
40107,17,536,368,2
40124,17,528,355,4
40140,17,554,353,4
40157,17,567,257,1
40174,17,587,233,1
40190,17,597,241,1
40207,17,622,228,1
40224,17,594,247,1
40240,17,609,230,1
40257,17,592,251,1
40273,17,592,233,1
40290,17,628,210,1
40307,17,616,224,1
40323,17,612,247,1
40340,17,605,242,1
40357,17,616,211,1
40373,17,602,223,1
40390,17,612,219,1
40407,17,623,239,1
40423,17,613,248,1
40440,17,595,234,1
40456,17,617,223,1
40473,17,591,252,1
40490,17,614,214,1
40506,17,612,204,1
40523,17,607,206,1
40540,17,593,223,1
40556,17,607,201,1
40573,17,610,213,1
40590,17,613,202,1
40606,17,593,202,1
40623,17,613,207,1
40639,17,607,179,1
40656,17,608,221,1
40673,17,609,224,1
40689,17,609,205,1
40706,17,606,201,1
40723,17,609,234,1
40739,17,611,237,1
40756,17,618,224,1
40773,17,595,205,1
40789,17,595,256,1
40806,17,610,225,1
40822,17,592,243,1
40839,17,587,266,0
40856,17,615,275,0
40872,17,611,251,1
40889,17,591,235,1
40906,17,593,244,1
40922,17,587,258,1
40939,17,590,271,0
40955,17,589,261,0
40972,17,583,276,0
40989,17,587,283,0
41005,17,583,283,0
41022,17,583,281,0
41039,17,586,269,0
41055,17,585,262,0
41072,17,596,265,0
41089,17,584,289,4
41105,17,586,256,1
41122,17,609,283,0
41138,17,584,319,4
41155,17,584,311,4
41172,17,585,302,4
41188,17,624,313,0
41205,17,605,328,4
41222,17,629,299,0
41238,17,625,270,0
41255,17,616,301,0
41272,17,616,337,0
41288,17,600,302,4
41305,17,595,336,4
41321,17,632,270,0
41338,17,583,318,4
41355,17,613,310,0
41371,17,602,294,4
41388,17,592,288,4
41405,17,609,280,0
41421,17,620,308,0
41438,17,604,296,4
41455,17,627,316,0
41471,17,595,319,4
41488,17,600,301,4
41504,17,606,264,0
41521,17,607,306,4
41538,17,616,275,0
41554,17,594,304,4
41571,17,577,321,4
41588,17,607,285,0
41604,17,594,309,4
41621,17,599,350,4
41638,17,597,330,4
41654,17,590,276,0
41671,17,583,317,4
41687,17,579,340,4
41704,17,584,294,4
41721,17,579,326,4
41737,17,599,335,4
41754,17,579,334,4
41771,17,596,323,4
41787,17,681,301,0
41804,17,732,270,0
41821,17,735,262,0
41837,17,740,252,0
41854,17,742,236,0
41870,17,740,226,0
41887,17,745,246,0
41904,17,737,219,0
41920,17,742,204,0
41937,17,738,228,0
41954,17,735,235,0
41970,17,738,207,0
41987,17,732,235,0
42003,17,743,221,0
42020,17,739,229,0
42037,17,736,203,0
42053,17,737,251,0
42070,17,738,230,0
42087,17,737,226,0
42103,17,739,244,0
42120,17,738,202,0
42137,17,736,218,0
42153,17,741,196,0
42170,17,739,204,0
42186,17,738,219,0
42203,17,740,224,0
42220,17,737,228,0
42236,17,742,205,0
42253,17,713,234,1
42270,17,619,326,0
42286,17,551,321,4
42303,17,541,360,4
42320,17,538,316,4
42336,17,540,318,4
42353,17,536,336,4
42369,17,549,331,4
42386,17,539,306,4
42403,17,551,301,4
42419,17,542,304,4
42436,17,543,298,4
42453,17,542,283,0
42469,17,549,287,0
42486,17,550,307,4
42503,17,549,320,4
42519,17,546,278,0
42536,17,551,337,4
42552,17,534,276,0
42569,17,536,309,4
42586,17,535,319,4
42602,17,544,311,4
42619,17,561,310,4
42636,17,539,252,1
42652,17,551,236,1
42669,17,614,171,1
42686,17,714,107,0
42702,17,840,20,0
43301,599,730,60,0
43318,17,577,211,1
43334,17,552,259,1
43351,17,541,233,1
43368,17,560,227,1
43384,17,571,228,1
43401,17,549,238,1
43417,17,576,238,1
43434,17,579,228,1
43451,17,558,216,1
43467,17,561,215,1
43484,17,584,238,1
43501,17,563,243,1
43517,17,574,235,1
43534,17,544,236,1
43551,17,560,246,1
43567,17,579,244,1
43584,17,591,224,1
43600,17,602,234,1
43617,17,607,216,1
43634,17,600,266,0
43650,17,603,270,0
43667,17,582,241,1
43684,17,606,256,1
43700,17,611,228,1
43717,17,598,232,1
43734,17,588,236,1
43750,17,596,223,1
43767,17,602,243,1
43783,17,593,249,1
43800,17,579,258,1
43817,17,561,321,4
43833,17,521,435,3
43850,17,526,438,3
43867,17,497,436,3
43883,17,482,442,3
43900,17,512,430,3
43917,17,517,455,3
43933,17,489,447,3
43950,17,498,446,3
43966,17,498,435,3
43983,17,496,451,3
44000,17,506,450,3
44016,17,506,444,3
44033,17,508,431,3
44050,17,501,437,3
44066,17,501,443,3
44083,17,506,439,3
44100,17,516,418,5
44116,17,504,449,3
44133,17,501,437,3
44149,17,519,392,2
44166,17,502,382,2
44183,17,505,360,4
44199,17,525,383,2
44216,17,527,388,2
44233,17,519,390,2
44249,17,526,387,2
44266,17,529,377,2
44283,17,536,384,2
44299,17,522,374,2
44316,17,529,375,2
44332,17,528,381,2
44349,17,523,384,2
44366,17,528,397,2
44382,17,522,400,2
44399,17,524,378,2
44416,17,529,385,2
44432,17,525,399,2
44449,17,525,385,2
44465,17,500,377,2
44482,17,533,396,2
44499,17,525,385,2
44515,17,518,376,2
44532,17,509,353,4
44549,17,522,352,4
44565,17,510,349,4
44582,17,504,350,4
44599,17,520,342,4
44615,17,504,346,4
44632,17,521,354,4
44648,17,509,352,4
44665,17,510,353,4
44682,17,509,362,4
44698,17,508,345,4
44715,17,514,329,4
44732,17,517,360,4
44748,17,509,361,4
44765,17,507,370,2
44782,17,511,356,4
44798,17,506,352,4
44815,17,515,330,4
44831,17,515,336,4
44848,17,504,326,4
44865,17,510,364,4
44881,17,513,358,4
44898,17,512,319,4
44915,17,511,327,4
44931,17,507,331,4
44948,17,515,315,4
44965,17,503,297,4
44981,17,517,314,4
44998,17,510,315,4
45014,17,516,305,4
45031,17,513,278,0
45048,17,519,291,4
45064,17,517,316,4
45081,17,514,292,4
45098,17,515,304,4
45114,17,509,283,0
45131,17,511,310,4
45148,17,517,286,0
45164,17,518,308,4
45181,17,521,265,0
45197,17,514,312,4
45214,17,513,291,4
45231,17,513,285,0
45247,17,500,305,4
45264,17,518,269,0
45281,17,519,274,0
45297,17,524,286,0
45314,17,515,291,4
45331,17,521,271,0
45347,17,521,266,0
45364,17,520,281,0
45380,17,519,269,0
45397,17,517,288,4
45414,17,525,263,0
45430,17,519,297,4
45447,17,519,261,0
45464,17,517,280,0
45480,17,515,294,4
45497,17,519,266,0
45513,17,519,296,4
45530,17,511,276,0
45547,17,518,267,0
45563,17,511,310,4
45580,17,514,266,0
45597,17,518,296,4
45613,17,518,298,4
45630,17,516,292,4
45647,17,518,296,4
45663,17,517,291,4
45680,17,518,297,4
45696,17,511,301,4
45713,17,520,297,4
45730,17,531,334,4
45746,17,553,277,0
45763,17,584,270,0
45780,17,574,246,1
45796,17,583,242,1
45813,17,574,241,1
45830,17,580,239,1
45846,17,593,236,1
45863,17,581,225,1
45879,17,584,197,1
45896,17,581,225,1
45913,17,578,233,1
45929,17,582,198,1
45946,17,581,222,1
45963,17,581,202,1
45979,17,599,158,1
45996,17,588,203,1
46013,17,586,221,1
46029,17,584,205,1
46046,17,593,210,1
46062,17,584,235,1
46079,17,593,228,1
46096,17,580,240,1
46112,17,583,230,1
46129,17,585,182,1
46146,17,582,202,1
46162,17,591,221,1
46179,17,583,203,1
46196,17,587,227,1
46212,17,578,239,1
46229,17,586,213,1
46245,17,593,239,1
46262,17,586,236,1
46279,17,593,232,1
46295,17,589,235,1
46312,17,592,235,1
46329,17,588,209,1
46345,17,583,229,1
46362,17,581,234,1
46379,17,527,261,0
46395,17,525,258,1
46412,17,519,281,0
46428,17,525,268,0
46445,17,522,268,0
46462,17,526,267,0
46478,17,526,258,1
46495,17,518,245,1
46512,17,512,255,1
46528,17,525,254,1
46545,17,525,245,1
46562,17,526,254,1
46578,17,528,256,1
46595,17,525,248,1
46611,17,530,267,0
46628,17,528,282,0
46645,17,525,265,0
46661,17,526,262,0
46678,17,530,249,1
46695,17,529,268,0
46711,17,531,251,1
46728,17,529,273,0
46744,17,532,256,1
46761,17,531,249,1
46778,17,535,227,1
46794,17,533,256,1
46811,17,525,268,0
46828,17,525,276,0
46844,17,527,257,1
46861,17,533,270,0
46878,17,533,241,1
46894,17,532,230,1
46911,17,529,263,0
46927,17,528,243,1
46944,17,523,257,1
46961,17,529,270,0
46977,17,529,259,1
46994,17,529,258,1
47011,17,530,266,0
47027,17,530,260,0
47044,17,525,252,1
47061,17,528,277,0
47077,17,533,257,1
47094,17,530,256,1
47110,17,531,258,1
47127,17,527,267,0
47144,17,530,267,0
47160,17,535,259,1
47177,17,532,257,1
47194,17,530,251,1
47210,17,529,266,0
47227,17,524,276,0
47244,17,529,257,1
47260,17,533,261,0
47277,17,529,287,0
47293,17,535,282,0
47310,17,528,275,0
47327,17,531,280,0
47343,17,560,243,1
47360,17,565,226,1
47377,17,574,215,1
47393,17,564,228,1
47410,17,560,234,1
47427,17,575,208,1
47443,17,573,223,1
47460,17,574,243,1
47476,17,577,213,1
47493,17,575,228,1
47510,17,569,226,1
47526,17,595,241,1
47543,17,595,229,1
47560,17,595,239,1
47576,17,595,244,1
47593,17,594,248,1
47610,17,594,236,1
47626,17,593,232,1
47643,17,596,230,1
47659,17,594,227,1
47676,17,594,216,1
47693,17,596,226,1
47709,17,593,209,1
47726,17,593,206,1
47743,17,594,205,1
47759,17,591,219,1
47776,17,593,230,1
47792,17,593,223,1
47809,17,588,218,1
47826,17,593,226,1
47842,17,590,235,1
47859,17,588,240,1
47876,17,582,233,1
47892,17,586,236,1
47909,17,592,225,1
47926,17,589,222,1
47942,17,594,202,1
47959,17,582,215,1
47975,17,594,215,1
47992,17,590,226,1
48009,17,597,197,1
48025,17,590,223,1
48042,17,592,226,1
48059,17,592,233,1
48075,17,584,245,1
48092,17,580,233,1
48109,17,585,213,1
48125,17,595,214,1
48142,17,592,233,1
48158,17,590,228,1
48175,17,583,230,1
48192,17,588,215,1
48208,17,591,223,1
48225,17,594,204,1
48242,17,593,211,1
48258,17,592,246,1
48275,17,594,222,1
48292,17,593,225,1
48308,17,592,227,1
48325,17,599,185,1
48341,17,600,175,1
48358,17,594,199,1
48375,17,596,203,1
48391,17,593,201,1
48408,17,592,219,1
48425,17,595,201,1
48441,17,599,174,1
48458,17,602,160,1
48475,17,591,216,1
48491,17,604,210,1
48508,17,601,206,1
48524,17,597,196,1
48541,17,595,205,1
48558,17,591,215,1
48574,17,602,215,1
48591,17,595,216,1
48608,17,595,175,1
48624,17,598,212,1
48641,17,604,206,1
48658,17,598,200,1
48674,17,599,238,1
48691,17,596,222,1
48707,17,597,238,1
48724,17,598,230,1
48741,17,596,262,0
48757,17,594,252,1
48774,17,601,199,1
48791,17,600,246,1
48807,17,598,246,1
48824,17,599,249,1
48841,17,596,296,4
48857,17,595,269,0
48874,17,595,270,0
48890,17,597,272,0
48907,17,600,284,0
48924,17,605,204,1
48940,17,604,285,0
48957,17,603,307,4
48974,17,592,275,0
48990,17,588,284,0
49007,17,585,287,0
49023,17,593,331,4
49040,17,601,302,4
49057,17,594,291,4
49073,17,584,305,4
49090,17,581,292,4
49107,17,593,273,0
49123,17,585,286,0
49140,17,599,287,0
49157,17,597,290,4
49173,17,574,317,4
49190,17,598,346,4
49206,17,574,311,4
49223,17,598,327,4
49240,17,607,301,4
49256,17,604,319,4
49273,17,577,303,4
49290,17,596,331,4
49306,17,600,319,4
49323,17,585,312,4
49340,17,563,345,4
49356,17,581,303,4
49373,17,601,357,4
49389,17,587,331,4
49406,17,578,349,4
49423,17,603,308,4
49439,17,604,329,4
49456,17,600,333,4
49473,17,589,313,4
49489,17,602,364,4
49506,17,590,345,4
49523,17,604,329,4
49539,17,581,336,4
49556,17,591,336,4
49572,17,592,334,4
49589,17,606,313,4
49606,17,527,343,4
49622,17,462,376,2
49639,17,453,388,2
49656,17,457,321,4
49672,17,479,380,2
49689,17,456,340,4
49706,17,449,339,4
49722,17,456,362,4
49739,17,458,330,4
49755,17,467,349,4
49772,17,452,337,4
49789,17,462,347,4
49805,17,457,340,4
49822,17,461,323,4
49839,17,462,326,4
49855,17,473,337,4
49872,17,461,345,4
49889,17,463,331,4
49905,17,463,313,4
49922,17,474,329,4
49938,17,462,317,4
49955,17,457,342,4
49972,17,475,337,4
49988,17,462,330,4
50005,17,500,328,4
50022,17,466,325,4
50038,17,474,304,4
50055,17,468,344,4
50071,17,513,310,4
50088,17,533,352,4
50105,17,617,327,0
50121,17,600,322,4
50138,17,603,299,4
50155,17,602,304,4
50171,17,621,299,0
50188,17,592,293,4
50205,17,592,326,4
50221,17,620,289,0
50238,17,616,281,0
50254,17,616,293,0
50271,17,588,312,4
50288,17,612,323,4
50304,17,599,320,4
50321,17,606,309,4
50338,17,528,299,4
50354,17,507,352,4
50371,17,511,285,0
50388,17,541,325,4
50404,17,543,338,4
50421,17,539,313,4
50437,17,515,326,4
50454,17,528,319,4
50471,17,505,310,4
50487,17,529,298,4
50504,17,548,314,4
50521,17,518,296,4
50537,17,542,292,4
50554,17,545,310,4
50571,17,506,337,4
50587,17,524,306,4
50604,17,511,325,4
50620,17,496,308,4
50637,17,553,299,4
50654,17,544,363,4
50670,17,537,340,4
50687,17,541,308,4
50704,17,544,318,4
50720,17,538,329,4
50737,17,626,257,1
50754,17,752,184,0
50770,17,875,23,0
51386,615,767,33,0
51402,17,615,170,1
51419,17,573,257,1
51436,17,577,228,1
51452,17,588,234,1
51469,17,580,228,1
51485,17,582,222,1
51502,17,583,235,1
51519,17,594,222,1
51535,17,582,228,1
51552,17,588,215,1
51569,17,598,206,1
51585,17,586,210,1
51602,17,591,205,1
51619,17,588,217,1
51635,17,584,224,1
51652,17,586,229,1
51668,17,585,220,1
51685,17,585,220,1
51702,17,589,216,1
51718,17,587,234,1
51735,17,582,221,1
51752,17,583,218,1
51768,17,587,243,1
51785,17,581,210,1
51802,17,588,214,1
51818,17,605,230,1
51835,17,549,462,3
51851,17,554,443,3
51868,17,541,344,4
51885,17,537,360,4
51901,17,558,304,4
51918,17,562,253,1
51935,17,565,205,1
51951,17,559,272,0
51968,17,555,270,0
51985,17,553,280,0
52001,17,557,267,0
52018,17,558,269,0
52034,17,556,270,0
52051,17,548,294,4
52068,17,526,352,4
52084,17,530,358,4
52101,17,530,381,2
52118,17,523,371,2
52134,17,525,395,2
52151,17,523,388,2
52168,17,525,398,2
52184,17,529,370,2
52201,17,527,376,2
52217,17,520,400,2
52234,17,527,366,2
52251,17,525,375,2
52267,17,527,364,4
52284,17,546,295,4
52301,17,566,248,1
52317,17,570,270,0
52334,17,570,259,1
52350,17,571,237,1
52367,17,573,248,1
52384,17,571,262,0
52400,17,568,268,0
52417,17,571,255,1
52434,17,569,268,0
52450,17,574,267,0
52467,17,566,265,0
52484,17,568,266,0
52500,17,581,244,1
52517,17,592,237,1
52533,17,588,230,1
52550,17,593,231,1
52567,17,582,234,1
52583,17,590,229,1
52600,17,598,233,1
52617,17,590,245,1
52633,17,590,250,1
52650,17,599,256,1
52667,17,592,250,1
52683,17,589,254,1
52700,17,592,215,1
52716,17,592,250,1
52733,17,595,238,1
52750,17,597,224,1
52766,17,593,271,0
52783,17,594,249,1
52800,17,595,240,1
52816,17,597,249,1
52833,17,597,247,1
52850,17,597,224,1
52866,17,597,231,1
52883,17,599,236,1
52899,17,602,263,0
52916,17,598,267,0
52933,17,602,261,0
52949,17,597,248,1
52966,17,595,255,1
52983,17,602,251,1
52999,17,595,272,0
53016,17,588,257,1
53033,17,519,248,1
53049,17,487,205,1
53066,17,478,220,1
53082,17,474,236,1
53099,17,472,256,1
53116,17,477,266,0
53132,17,479,257,1
53149,17,485,246,1
53166,17,478,233,1
53182,17,478,263,0
53199,17,481,256,1
53216,17,471,270,0
53232,17,475,276,0
53249,17,473,275,0
53265,17,481,265,0
53282,17,487,267,0
53299,17,475,269,0
53315,17,452,274,0
53332,17,474,263,0
53349,17,457,266,0
53365,17,473,251,1
53382,17,472,269,0
53399,17,458,258,1
53415,17,468,277,0
53432,17,479,249,1
53448,17,457,264,0
53465,17,474,266,0
53482,17,473,259,1
53498,17,481,263,0
53515,17,458,280,0
53532,17,470,256,1
53548,17,460,263,0
53565,17,454,286,0
53581,17,471,221,1
53598,17,464,227,1
53615,17,538,226,1
53631,17,583,225,1
53648,17,602,269,0
53665,17,583,260,0
53681,17,593,269,0
53698,17,585,270,0
53715,17,587,274,0
53731,17,581,265,0
53748,17,604,261,0
53764,17,581,244,1
53781,17,609,252,1
53798,17,595,274,0
53814,17,576,278,0
53831,17,583,251,1
53848,17,589,260,0
53864,17,585,262,0
53881,17,606,258,1
53898,17,582,250,1
53914,17,590,246,1
53931,17,582,248,1
53947,17,573,273,0
53964,17,586,262,0
53981,17,584,294,4
53997,17,588,273,0
54014,17,584,288,4
54031,17,579,305,4
54047,17,581,281,0
54064,17,585,305,4
54081,17,582,288,4
54097,17,587,242,1
54114,17,584,286,0
54130,17,589,286,0
54147,17,579,323,4
54164,17,580,342,4
54180,17,563,354,4
54197,17,516,364,4
54214,17,521,402,2
54230,17,517,401,2
54247,17,512,389,2
54264,17,516,399,2
54280,17,509,391,2
54297,17,512,413,2
54313,17,517,412,2
54330,17,513,373,2
54347,17,511,429,3
54363,17,505,456,3
54380,17,513,408,2
54397,17,509,424,3
54413,17,512,410,2
54430,17,503,375,2
54447,17,519,367,2
54463,17,515,379,2
54480,17,522,356,4
54496,17,531,322,4
54513,17,526,334,4
54530,17,533,311,4
54546,17,524,308,4
54563,17,526,298,4
54580,17,508,283,0
54596,17,546,345,4
54613,17,532,331,4
54630,17,539,305,4
54646,17,532,317,4
54663,17,538,281,0
54679,17,503,324,4
54696,17,547,311,4
54713,17,555,270,0
54729,17,530,295,4
54746,17,527,295,4
54763,17,528,285,0
54779,17,544,327,4
54796,17,533,305,4
54812,17,533,297,4
54829,17,530,309,4
54846,17,533,272,0
54862,17,533,285,0
54879,17,531,303,4
54896,17,526,310,4
54912,17,536,276,0
54929,17,541,251,1
54946,17,544,270,0
54962,17,539,277,0
54979,17,541,264,0
54995,17,536,273,0
55012,17,537,293,4
55029,17,540,297,4
55045,17,545,256,1
55062,17,548,272,0
55079,17,531,282,0
55095,17,532,292,4
55112,17,556,314,4
55129,17,536,276,0
55145,17,543,272,0
55162,17,536,299,4
55178,17,534,304,4
55195,17,540,298,4
55212,17,531,306,4
55228,17,540,297,4
55245,17,529,295,4
55262,17,529,333,4
55278,17,533,331,4
55295,17,531,273,0
55312,17,529,318,4
55328,17,534,328,4
55345,17,529,311,4
55361,17,539,335,4
55378,17,533,306,4
55395,17,536,342,4
55411,17,538,370,2
55428,17,534,346,4
55445,17,559,321,4
55461,17,576,322,4
55478,17,583,244,1
55495,17,585,253,1
55511,17,586,242,1
55528,17,585,273,0
55544,17,586,265,0
55561,17,582,276,0
55578,17,600,247,1
55594,17,569,278,0
55611,17,581,286,0
55628,17,575,252,1
55644,17,597,244,1
55661,17,571,257,1
55678,17,566,245,1
55694,17,571,264,0
55711,17,587,265,0
55727,17,568,240,1
55744,17,564,265,0
55761,17,567,260,0
55777,17,574,231,1
55794,17,591,232,1
55811,17,567,313,4
55827,17,504,321,4
55844,17,552,311,4
55860,17,505,361,4
55877,17,544,353,4
55894,17,508,364,4
55910,17,533,367,2
55927,17,508,313,4
55944,17,529,324,4
55960,17,504,376,2
55977,17,534,353,4
55994,17,503,345,4
56010,17,542,348,4
56027,17,503,374,2
56043,17,517,369,2
56060,17,533,363,4
56077,17,516,379,2
56093,17,534,382,2
56110,17,496,392,2
56127,17,492,377,2
56143,17,530,378,2
56160,17,538,381,2
56177,17,530,372,2
56193,17,500,357,4
56210,17,499,381,2
56226,17,499,334,4
56243,17,523,352,4
56260,17,528,362,4
56276,17,496,364,4
56293,17,498,378,2
56310,17,536,360,4
56326,17,524,356,4
56343,17,528,376,2
56360,17,520,353,4
56376,17,522,359,4
56393,17,517,393,2
56409,17,505,346,4
56426,17,519,379,2
56443,17,513,411,2
56459,17,519,344,4
56476,17,511,405,2
56493,17,520,342,4
56509,17,514,391,2
56526,17,516,379,2
56543,17,514,374,2
56559,17,507,418,5
56576,17,510,407,2
56592,17,516,367,2
56609,17,513,420,5
56626,17,516,396,2
56642,17,511,419,5
56659,17,513,384,2
56676,17,513,403,2
56692,17,509,429,3
56709,17,508,417,5
56726,17,505,443,3
56742,17,508,421,5
56759,17,506,431,3
56775,17,509,413,2
56792,17,506,448,3
56809,17,502,458,3
56825,17,506,429,3
56842,17,515,425,3
56859,17,508,469,3
56875,17,511,454,3
56892,17,508,476,3
56909,17,508,450,3
56925,17,507,438,3
56942,17,515,414,2
56958,17,512,446,3
56975,17,539,405,2
56992,17,565,355,4
57008,17,586,335,4
57025,17,584,279,0
57042,17,588,239,1
57058,17,590,280,0
57075,17,590,266,0
57091,17,576,249,1
57108,17,585,255,1
57125,17,587,257,1
57141,17,587,250,1
57158,17,586,239,1
57175,17,589,227,1
57191,17,586,250,1
57208,17,583,265,0
57225,17,583,287,0
57241,17,586,269,0
57258,17,587,284,0
57274,17,586,279,0
57291,17,591,271,0
57308,17,589,283,0
57324,17,595,266,0
57341,17,590,243,1
57358,17,585,273,0
57374,17,590,262,0
57391,17,582,236,1
57408,17,595,250,1
57424,17,594,270,0
57441,17,595,268,0
57457,17,602,258,1
57474,17,585,262,0
57491,17,590,251,1
57507,17,594,235,1
57524,17,588,270,0
57541,17,594,275,0
57557,17,589,298,4
57574,17,540,335,4
57591,17,526,334,4
57607,17,529,349,4
57624,17,523,306,4
57640,17,520,350,4
57657,17,538,315,4
57674,17,519,352,4
57690,17,518,384,2
57707,17,524,368,2
57740,33,520,366,2
57740,0,520,366,2
57757,17,509,399,2
57774,17,522,378,2
57790,17,522,373,2
57807,17,516,382,2
57823,17,515,369,2
57840,17,520,390,2
57857,17,526,378,2
57873,17,508,379,2
57890,17,491,409,2
57907,17,512,395,2
57923,17,510,378,2
57940,17,506,402,2
57957,17,496,383,2
57973,17,507,394,2
57990,17,504,403,2
58006,17,497,363,4
58023,17,502,375,2
58040,17,505,375,2
58056,17,514,371,2
58073,17,505,374,2
58090,17,496,392,2
58106,17,494,393,2
58123,17,496,392,2
58139,17,495,413,2
58156,17,501,381,2
58173,17,520,385,2
58189,17,512,400,2
58206,17,511,410,2
58223,17,516,382,2
58239,17,513,401,2
58256,17,519,387,2
58273,17,520,371,2
58289,17,536,360,4
58306,17,520,367,2
58322,17,517,395,2
58339,17,537,359,4
58356,17,496,381,2
58372,17,534,374,2
58389,17,523,352,4
58406,17,505,364,4
58422,17,534,358,4
58439,17,536,390,2
58456,17,523,370,2
58472,17,524,371,2
58489,17,518,353,4
58505,17,529,366,2
58522,17,503,354,4
58539,17,510,353,4
58555,17,531,342,4
58572,17,525,375,2
58589,17,504,374,2
58605,17,516,327,4
58622,17,503,342,4
58639,17,511,337,4
58655,17,505,327,4
58672,17,505,350,4
58688,17,516,339,4
58705,17,507,340,4
58722,17,515,323,4
58738,17,506,311,4
58755,17,510,333,4
58772,17,529,279,0
58788,17,517,242,1
58805,17,522,259,1
58822,17,517,282,0
58838,17,538,253,1
58855,17,536,270,0
58871,17,536,277,0
58888,17,543,303,4
58905,17,534,292,4
58921,17,532,295,4
58938,17,530,296,4
58955,17,537,273,0
58971,17,532,293,4
58988,17,536,292,4
59005,17,537,305,4
59021,17,533,281,0
59038,17,522,273,0
59054,17,533,286,0
59071,17,539,265,0
59088,17,534,290,4
59104,17,534,277,0
59121,17,521,291,4
59138,17,536,294,4
59154,17,516,293,4
59171,17,520,274,0
59188,17,526,295,4
59204,17,520,273,0
59221,17,507,270,0
59237,17,521,267,0
59254,17,526,265,0
59271,17,522,277,0
59287,17,526,267,0
59304,17,520,268,0
59321,17,522,288,4
59337,17,528,274,0
59354,17,525,260,0
59370,17,519,289,4
59387,17,524,266,0
59404,17,526,268,0
59420,17,526,287,0
59437,17,527,277,0
59454,17,524,277,0
59470,17,524,269,0
59487,17,532,266,0
59504,17,520,253,1
59520,17,522,273,0
59537,17,522,268,0
59553,17,521,268,0
59570,17,539,220,1
59587,17,538,215,1
59603,17,543,212,1
59620,17,563,223,1
59637,17,545,219,1
59653,17,549,211,1
59670,17,561,231,1
59687,17,553,207,1
59703,17,547,221,1
59720,17,551,221,1
59736,17,564,203,1
59753,17,554,205,1
59770,17,558,234,1
59786,17,564,206,1
59803,17,556,212,1
59820,17,556,238,1
59836,17,550,228,1
59853,17,557,250,1
59870,17,552,238,1
59886,17,543,227,1
59903,17,553,258,1
59919,17,556,233,1
59936,17,555,228,1
59953,17,555,245,1
59969,17,590,233,1
59986,17,594,251,1
60003,17,614,216,1
60019,17,610,228,1
60036,17,608,193,1
60053,17,603,224,1
60069,17,608,235,1
60086,17,603,214,1
60102,17,604,226,1
60119,17,602,226,1
60136,17,608,207,1
60152,17,600,245,1
60169,17,615,242,1
60186,17,603,233,1
60202,17,604,228,1
60219,17,603,224,1
60236,17,603,232,1
60252,17,603,234,1
60269,17,602,242,1
60285,17,602,246,1
60302,17,603,230,1
60319,17,604,238,1
60335,17,606,223,1
60352,17,605,244,1
60369,17,606,236,1
60385,17,606,219,1
60402,17,601,238,1
60418,17,602,245,1
60435,17,599,264,0
60452,17,600,246,1
60468,17,599,264,0
60485,17,600,257,1
60502,17,600,249,1
60518,17,600,240,1
60535,17,601,242,1
60552,17,602,241,1
60568,17,599,234,1
60585,17,603,226,1
60601,17,600,246,1
60618,17,601,235,1
60635,17,600,228,1
60651,17,599,246,1
60668,17,607,240,1
60685,17,595,231,1
60701,17,614,241,1
60718,17,600,257,1
60735,17,599,250,1
60751,17,604,232,1
60768,17,596,239,1
60784,17,602,228,1
60801,17,596,234,1
60818,17,595,248,1
60834,17,589,249,1
60851,17,580,239,1
60868,17,604,256,1
60884,17,597,233,1
60901,17,595,266,0
60918,17,598,261,0
60934,17,596,248,1
60951,17,598,246,1
60967,17,596,251,1
60984,17,596,251,1
61001,17,599,263,0
61017,17,610,267,0
61034,17,593,246,1
61051,17,586,260,0
61067,17,579,283,0
61084,17,597,256,1
61101,17,589,281,0
61117,17,604,271,0
61134,17,598,265,0
61150,17,620,266,0
61167,17,586,256,1
61184,17,604,249,1
61200,17,622,239,1
61217,17,602,264,0
61234,17,588,274,0
61250,17,619,275,0
61267,17,590,259,1
61284,17,590,257,1
61300,17,591,267,0
61317,17,593,279,0
61333,17,591,263,0
61350,17,593,258,1
61367,17,619,257,1
61383,17,589,261,0
61400,17,588,277,0
61417,17,591,280,0
61433,17,610,277,0
61450,17,620,278,0
61467,17,615,281,0
61483,17,592,290,4
61500,17,594,273,0
61516,17,595,283,0
61533,17,592,284,0
61550,17,595,289,4
61566,17,609,289,4
61583,17,597,278,0
61600,17,595,275,0
61616,17,619,276,0
61633,17,598,274,0
61649,17,614,276,0
61666,17,612,283,0
61683,17,616,283,0
61699,17,596,268,0
61716,17,591,297,4
61733,17,593,288,4
61749,17,622,263,0
61766,17,593,266,0
61783,17,617,276,0
61799,17,624,266,0
61816,17,615,282,0
61832,17,597,290,4
61849,17,619,269,0
61866,17,617,262,0
61882,17,620,257,1
61899,17,620,281,0
61916,17,613,269,0
61932,17,631,243,1
61949,17,631,262,0
61966,17,664,247,1
61982,17,662,256,1
61999,17,660,243,1
62015,17,658,238,1
62032,17,660,245,1
62049,17,656,256,1
62065,17,658,253,1
62082,17,647,261,0
62099,17,647,252,1
62115,17,658,245,1
62132,17,657,252,1
62149,17,665,240,1
62165,17,663,224,1
62182,17,645,226,1
62198,17,651,249,1
62215,17,664,264,0
62232,17,662,242,1
62248,17,666,264,0
62265,17,666,254,1
62282,17,652,221,1
62298,17,667,225,1
62315,17,667,231,1
62332,17,671,238,1
62348,17,669,243,1
62365,17,659,236,1
62381,17,675,249,1
62398,17,673,256,1
62415,17,678,230,1
62431,17,670,228,1
62448,17,673,236,1
62465,17,657,269,0
62481,17,603,275,0
62498,17,572,306,4
62515,17,558,291,4
62531,17,550,282,0
62548,17,574,273,0
62564,17,580,266,0
62581,17,553,286,0
62598,17,560,290,4
62614,17,593,290,4
62631,17,575,281,0
62648,17,557,286,0
62664,17,553,284,0
62681,17,584,263,0
62698,17,530,317,4
62714,17,546,295,4
62731,17,537,289,4
62747,17,535,326,4
62764,17,540,309,4
62781,17,515,293,4
62797,17,548,288,4
62814,17,546,306,4
62831,17,545,308,4
62847,17,545,311,4
62864,17,555,296,4
62880,17,552,298,4
62897,17,538,294,4
62914,17,548,299,4
62930,17,524,314,4
62947,17,549,297,4
62964,17,520,308,4
62980,17,534,296,4
62997,17,520,306,4
63014,17,525,299,4
63030,17,538,316,4
63047,17,540,295,4
63063,17,536,294,4
63080,17,526,317,4
63097,17,535,298,4
63113,17,526,298,4
63130,17,539,294,4
63147,17,539,289,4
63163,17,535,311,4
63180,17,538,291,4
63197,17,539,289,4
63213,17,544,297,4
63230,17,535,302,4
63246,17,536,330,4
63263,17,536,297,4
63280,17,535,298,4
63296,17,539,318,4
63313,17,540,304,4
63330,17,543,303,4
63346,17,538,314,4
63363,17,539,286,0
63380,17,540,314,4
63396,17,542,296,4
63413,17,542,311,4
63429,17,538,303,4
63446,17,538,291,4
63463,17,536,305,4
63479,17,541,289,4
63496,17,527,278,0
63513,17,541,303,4
63529,17,543,291,4
63546,17,545,288,4
63563,17,532,216,1
63579,17,493,629,3
63729,150,485,937,0
63746,17,461,859,0
63762,17,496,732,3
63779,17,496,645,3
63795,17,515,575,3
63812,17,522,508,3
63829,17,514,472,3
63845,17,512,471,3
63862,17,516,448,3
63879,17,504,453,3
63895,17,530,439,3
63912,17,519,398,2
63928,17,510,402,2
63945,17,549,372,2
63962,17,544,342,4
63978,17,545,373,2
63995,17,507,405,2
64012,17,547,418,5
64028,17,513,379,2
64045,17,508,371,2
64062,17,550,386,2
64078,17,541,386,2
64095,17,536,361,4
64111,17,529,360,4
64128,17,512,399,2
64145,17,526,413,2
64161,17,548,414,2
64178,17,506,426,3
64195,17,515,427,3
64211,17,538,439,3
64228,17,521,453,3
64245,17,505,428,3
64261,17,508,466,3
64278,17,512,450,3
64294,17,507,461,3
64311,17,507,464,3
64328,17,510,474,3
64344,17,499,514,3
64361,17,500,532,3
64378,17,515,508,3
64394,17,517,509,3
64411,17,490,525,3
64428,17,493,532,3
64444,17,502,515,3
64461,17,500,506,3
64477,17,498,507,3
64494,17,500,512,3
64511,17,495,551,3
64527,17,496,517,3
64544,17,517,502,3
64561,17,519,477,3
64577,17,487,502,3
64594,17,497,415,2
64611,17,520,308,4
64627,17,539,231,1
64644,17,552,213,1
64660,17,553,177,1
64677,17,554,159,1
64694,17,551,186,1
64710,17,549,196,1
64727,17,553,187,1
64744,17,560,141,1
64760,17,556,150,1
64777,17,557,155,1
64794,17,558,163,1
64810,17,601,220,1
64827,17,608,195,1
64843,17,601,188,1
64860,17,608,164,1
64877,17,610,157,1
64893,17,607,168,1
64910,17,602,190,1
64927,17,611,196,1
64943,17,611,194,1
64960,17,613,155,1
64977,17,610,171,1
64993,17,620,183,1
65010,17,617,165,1
65026,17,611,202,1
65043,17,612,173,1
65060,17,607,173,1
65076,17,621,196,1
65093,17,600,183,1
65110,17,620,175,1
65126,17,607,203,1
65143,17,618,181,1
65159,17,584,270,0
65176,17,521,377,2
65193,17,531,347,4
65209,17,508,371,2
65226,17,497,401,2
65243,17,531,400,2
65259,17,535,382,2
65276,17,510,301,4
65293,17,513,351,4
65309,17,535,394,2
65326,17,506,333,4
65342,17,505,322,4
65359,17,528,320,4
65376,17,538,375,2
65392,17,548,332,4
65409,17,536,365,2
65426,17,496,388,2
65442,17,534,361,4
65459,17,497,377,2
65476,17,511,381,2
65492,17,503,371,2
65509,17,537,394,2
65525,17,524,399,2
65542,17,529,406,2
65559,17,495,407,2
65575,17,524,372,2
65592,17,557,335,4
65609,17,606,289,4
65625,17,606,255,1
65642,17,588,205,1
65659,17,603,194,1
65675,17,608,180,1
65692,17,614,180,1
65708,17,607,200,1
65725,17,604,225,1
65742,17,607,227,1
65758,17,606,224,1
65775,17,588,228,1
65792,17,608,225,1
65808,17,605,243,1
65825,17,608,223,1
65842,17,606,231,1
65858,17,613,220,1
65875,17,598,238,1
65891,17,552,329,4
65908,17,529,401,2
65925,17,501,412,2
65941,17,528,418,5
65958,17,515,393,2
65975,17,494,417,5
65991,17,510,419,5
66008,17,533,393,2
66025,17,514,407,2
66041,17,509,401,2
66058,17,508,404,2
66074,17,529,395,2
66091,17,529,378,2
66108,17,512,387,2
66124,17,508,401,2
66141,17,536,397,2
66158,17,531,389,2
66174,17,533,392,2
66191,17,504,373,2
66207,17,543,331,4
66224,17,564,428,3
66241,17,616,450,3
66257,17,614,416,2
66274,17,619,395,2
66291,17,618,365,2
66307,17,625,370,2
66324,17,612,398,2
66341,17,616,360,0
66357,17,619,388,2
66374,17,618,385,2
66390,17,612,369,2
66407,17,609,426,3
66424,17,619,393,2
66440,17,615,413,2
66457,17,612,399,2
66474,17,620,456,3
66490,17,569,431,3
66507,17,517,458,3
66524,17,504,394,2
66540,17,524,334,4
66557,17,518,364,4
66573,17,517,337,4
66590,17,513,315,4
66607,17,533,327,4
66623,17,527,311,4
66640,17,518,295,4
66657,17,525,317,4
66673,17,518,330,4
66690,17,514,326,4
66707,17,519,334,4
66723,17,513,341,4
66740,17,537,268,0
66756,17,544,291,4
66773,17,543,324,4
66790,17,534,312,4
66806,17,516,307,4
66823,17,520,272,0
66840,17,543,285,0
66856,17,541,282,0
66873,17,423,399,2
66890,17,292,454,3
66906,17,156,524,3
66923,17,69,598,3
66939,17,39,635,3
66956,17,48,625,3
66973,17,45,639,3
66989,17,42,635,3
67006,17,52,637,3
67023,17,44,637,3
67039,17,52,634,3
67056,17,49,628,3
67073,17,57,625,3
67089,17,53,667,3
67106,17,49,676,3
67139,33,28,658,3
67156,17,26,673,3
67172,17,28,684,3
67206,33,33,668,3
67222,17,19,568,3
67239,17,17,786,0
67256,17,29,664,3
67272,17,31,657,3
67289,17,32,653,3
67305,17,28,663,3
67322,17,34,656,3
67339,17,32,656,3
67372,33,40,664,3
67389,17,31,657,3
67405,17,17,656,3
67422,17,30,660,3
67438,17,23,662,3
67455,17,29,661,3
67472,17,23,655,3
67488,17,60,628,3
67505,17,81,536,3
67522,17,208,412,2
67538,17,387,313,0
67555,17,500,218,1
67572,17,518,161,1
67588,17,514,197,1
67605,17,503,203,1
67621,17,515,213,1
67638,17,499,208,1
67655,17,506,232,1
67671,17,496,217,1
67688,17,494,225,1
67705,17,483,230,1
67721,17,502,224,1
67738,17,494,204,1
67755,17,423,715,3
67854,100,1284,767,0
67888,33,475,779,0
67904,17,477,629,3
67921,17,495,442,3
67938,17,512,316,4
67954,17,515,285,0
67971,17,527,195,1
67987,17,529,161,1
68004,17,527,139,1
68021,17,546,62,0
68087,67,555,5,0
68104,17,559,11,0
68137,33,551,9,0
68154,17,566,6,0
68170,17,554,16,0
68187,17,553,0,0
68204,17,562,15,0
68220,17,551,24,0
68237,17,550,25,0
68254,17,558,11,0
68270,17,555,7,0
68287,17,558,24,0
68304,17,557,17,0
68320,17,552,32,0
68353,33,553,9,0
68387,33,466,729,3
68536,150,435,522,3
68553,17,459,370,2
68570,17,460,270,0
68586,17,475,166,1
68603,17,495,86,0
68620,17,492,74,0
68636,17,501,18,0
69302,665,524,23,0
69318,17,521,77,0
69335,17,517,77,0
69352,17,510,117,0
69368,17,512,132,0
69385,17,513,119,0
69401,17,508,121,0
69418,17,499,112,0
69435,17,527,92,0
69451,17,516,88,0
69468,17,505,92,0
69485,17,493,204,1
69501,17,484,238,1
69518,17,495,225,1
69535,17,480,258,1
69551,17,480,247,1
69568,17,487,253,1
69584,17,486,249,1
69601,17,487,244,1
69618,17,500,270,0
69634,17,483,259,1
69651,17,488,247,1
69668,17,497,204,1
69684,17,508,218,1
69701,17,488,203,1
69717,17,493,227,1
69734,17,491,241,1
69751,17,483,239,1
69767,17,502,240,1
69784,17,503,331,4
69801,17,500,392,2
69817,17,510,367,2
69834,17,504,331,4
69851,17,515,267,0
69867,17,514,368,2
69884,17,508,357,4
69900,17,497,336,4
69917,17,487,377,2
69934,17,491,352,4
69950,17,493,354,4
69967,17,500,371,2
69984,17,501,358,4
70000,17,490,379,2
70017,17,496,371,2
70034,17,488,408,2
70050,17,486,397,2
70067,17,491,381,2
70083,17,486,407,2
70100,17,494,390,2
70117,17,478,394,2
70133,17,499,388,2
70150,17,492,404,2
70167,17,482,396,2
70183,17,498,404,2
70200,17,481,420,3
70217,17,491,414,2
70233,17,512,358,4
70250,17,533,321,4
70266,17,539,287,0
70283,17,543,278,0
70300,17,552,242,1
70316,17,541,258,1
70333,17,550,242,1
70350,17,541,283,0
70366,17,549,277,0
70383,17,545,263,0
70400,17,558,259,1
70416,17,561,238,1
70433,17,540,285,0
70449,17,552,276,0
70466,17,548,266,0
70483,17,535,279,0
70499,17,556,276,0
70516,17,538,288,4
70533,17,549,285,0
70549,17,559,278,0
70566,17,531,310,4
70583,17,538,293,4
70599,17,542,270,0
70616,17,522,292,4
70632,17,533,299,4
70649,17,527,286,0
70666,17,530,281,0
70682,17,520,310,4
70699,17,544,307,4
70716,17,546,271,0
70732,17,539,282,0
70749,17,547,283,0
70765,17,545,283,0
70782,17,526,285,0
70799,17,541,248,1
70815,17,549,260,0
70832,17,530,322,4
70849,17,536,318,4
70865,17,518,314,4
70882,17,528,286,0
70899,17,529,294,4
70915,17,554,262,0
70932,17,531,286,0
70948,17,535,261,0
70965,17,524,271,0
70982,17,526,295,4
70998,17,526,246,1
71015,17,521,275,0
71032,17,537,269,0
71048,17,533,257,1
71065,17,530,257,1
71082,17,532,246,1
71098,17,525,292,4
71115,17,529,276,0
71131,17,539,222,1
71148,17,540,241,1
71165,17,535,267,0
71181,17,536,273,0
71198,17,536,255,1
71215,17,537,247,1
71231,17,536,269,0
71248,17,534,252,1
71265,17,529,261,0
71281,17,534,245,1
71298,17,531,260,0
71314,17,537,267,0
71331,17,538,281,0
71348,17,536,270,0
71364,17,538,254,1
71381,17,530,272,0
71398,17,538,271,0
71414,17,535,276,0
71431,17,541,246,1
71448,17,537,300,4
71464,17,546,216,1
71481,17,531,288,4
71497,17,535,285,0
71514,17,539,288,4
71531,17,535,280,0
71547,17,529,286,0
71564,17,543,278,0
71581,17,544,324,4
71597,17,586,260,0
71614,17,591,224,1
71631,17,609,227,1
71647,17,614,209,1
71664,17,599,185,1
71680,17,607,203,1
71697,17,604,189,1
71714,17,598,195,1
71730,17,618,172,1
71747,17,605,209,1
71764,17,605,167,1
71780,17,619,207,1
71797,17,614,216,1
71814,17,621,236,1
71830,17,592,225,1
71847,17,608,191,1
71863,17,603,240,1
71880,17,607,208,1
71897,17,611,230,1
71913,17,593,182,1
71930,17,606,223,1
71947,17,603,224,1
71963,17,606,220,1
71980,17,607,206,1
71996,17,612,218,1
72013,17,619,228,1
72030,17,613,248,1
72046,17,618,218,1
72063,17,615,215,1
72080,17,614,226,1
72096,17,613,252,1
72113,17,552,300,4
72130,17,549,319,4
72146,17,522,350,4
72163,17,531,331,4
72179,17,532,344,4
72196,17,518,365,2
72213,17,494,381,2
72229,17,493,372,2
72246,17,493,390,2
72263,17,496,360,4
72279,17,541,390,2
72296,17,495,392,2
72313,17,492,401,2
72329,17,499,398,2
72346,17,493,431,3
72362,17,505,408,2
72379,17,494,443,3
72396,17,497,392,2
72412,17,500,423,3
72429,17,496,409,2
72446,17,491,455,3
72462,17,495,421,5
72479,17,492,428,3
72496,17,490,497,3
72512,17,489,462,3
72529,17,489,461,3
72545,17,490,469,3
72562,17,485,480,3
72579,17,484,508,3
72595,17,480,500,3
72612,17,489,506,3
72629,17,499,489,3
72645,17,530,463,3
72662,17,559,431,3
72679,17,562,394,2
72695,17,566,404,2
72712,17,569,415,2
72728,17,567,396,2
72745,17,557,400,2
72762,17,563,383,2
72778,17,559,376,2
72795,17,568,354,4
72812,17,570,360,4
72828,17,512,428,3
72845,17,493,451,3
72862,17,492,401,2
72878,17,490,418,5
72895,17,508,425,3
72911,17,488,434,3
72928,17,493,441,3
72945,17,495,415,2
72961,17,493,438,3
72978,17,502,404,2
72995,17,491,455,3
73011,17,521,451,3
73028,17,494,430,3
73044,17,495,418,5
73061,17,494,430,3
73078,17,487,435,3
73094,17,498,404,2
73111,17,496,429,3
73128,17,498,430,3
73144,17,492,428,3
73161,17,491,462,3
73178,17,493,432,3
73194,17,492,436,3
73211,17,490,457,3
73227,17,491,454,3
73244,17,493,459,3
73261,17,488,454,3
73277,17,482,476,3
73294,17,492,462,3
73311,17,489,484,3
73327,17,480,515,3
73344,17,484,507,3
73361,17,478,512,3
73377,17,483,487,3
73394,17,476,483,3
73410,17,483,508,3
73427,17,481,493,3
73444,17,482,510,3
73460,17,486,497,3
73477,17,477,524,3
73494,17,475,508,3
73510,17,483,495,3
73527,17,478,525,3
73544,17,483,519,3
73560,17,479,525,3
73577,17,482,532,3
73593,17,487,500,3
73610,17,486,489,3
73627,17,492,484,3
73643,17,500,445,3
73660,17,493,452,3
73677,17,505,405,2
73693,17,499,426,3
73710,17,541,421,5
73727,17,599,368,2
73743,17,648,331,0
73760,17,634,330,0
73776,17,633,310,0
73793,17,618,290,0
73810,17,635,307,0
73826,17,639,281,0
73843,17,656,225,1
73860,17,642,256,1
73876,17,623,275,0
73893,17,623,260,0
73910,17,635,271,0
73926,17,588,278,0
73943,17,616,261,0
73959,17,622,239,1
73976,17,597,260,0
73993,17,596,227,1
74009,17,595,254,1
74026,17,598,240,1
74043,17,589,262,0
74059,17,605,236,1
74076,17,596,240,1
74093,17,597,232,1
74109,17,616,293,0
74126,17,631,291,0
74142,17,620,275,0
74159,17,615,281,0
74176,17,595,260,0
74192,17,601,295,4
74209,17,682,294,0
74226,17,725,312,0
74242,17,732,302,0
74259,17,722,295,0
74275,17,726,301,0
74292,17,726,316,0
74309,17,723,329,0
74325,17,722,348,0
74342,17,723,289,0
74359,17,723,337,0
74375,17,729,316,0
74392,17,726,294,0
74409,17,720,327,0
74425,17,723,327,0
74442,17,728,289,0
74458,17,726,321,0
74475,17,727,296,0
74492,17,727,292,0
74508,17,730,316,0
74525,17,726,348,0
74542,17,726,327,0
74558,17,676,377,2
74575,17,546,422,3
74592,17,519,396,2
74608,17,523,368,2
74625,17,518,387,2
74641,17,525,375,2
74658,17,523,366,2
74675,17,530,397,2
74691,17,522,403,2
74708,17,523,388,2
74725,17,516,401,2
74741,17,513,412,2
74758,17,518,399,2
74775,17,520,364,4
74791,17,518,377,2
74808,17,516,405,2
74824,17,514,398,2
74841,17,521,386,2
74858,17,522,370,2
74874,17,523,378,2
74891,17,522,389,2
74908,17,525,388,2
74924,17,520,395,2
74941,17,521,379,2
74958,17,530,365,2
74974,17,512,404,2
74991,17,522,404,2
75007,17,524,388,2
75024,17,516,397,2
75041,17,525,390,2
75057,17,526,384,2
75074,17,523,366,2
75091,17,518,381,2
75107,17,516,379,2
75124,17,517,385,2
75141,17,523,390,2
75157,17,517,403,2
75174,17,518,412,2
75190,17,521,406,2
75207,17,512,420,5
75224,17,527,434,3
75240,17,514,417,5
75257,17,519,419,5
75274,17,513,438,3
75290,17,522,465,3
75307,17,513,440,3
75324,17,506,465,3
75340,17,511,468,3
75357,17,507,496,3
75373,17,514,476,3
75390,17,511,489,3
75407,17,509,455,3
75423,17,514,423,3
75440,17,508,481,3
75457,17,506,493,3
75473,17,512,482,3
75490,17,516,466,3
75506,17,508,483,3
75523,17,512,468,3
75540,17,508,511,3
75556,17,510,499,3
75573,17,510,501,3
75590,17,509,526,3
75606,17,510,507,3
75623,17,516,462,3
75640,17,513,490,3
75656,17,528,472,3
75673,17,540,447,3
75689,17,545,448,3
75706,17,544,443,3
75723,17,552,427,3
75739,17,550,442,3
75756,17,550,443,3
75773,17,551,430,3
75789,17,553,413,2
75806,17,550,417,5
75823,17,549,418,5
75839,17,555,418,5
75856,17,549,421,5
75872,17,552,409,2
75889,17,555,398,2
75906,17,553,415,2
75922,17,551,393,2
75939,17,552,399,2
75956,17,552,432,3
75972,17,554,398,2
75989,17,572,386,2
76006,17,580,350,4
76022,17,584,352,4
76039,17,582,358,4
76055,17,585,352,4
76072,17,585,328,4
76089,17,579,358,4
76105,17,580,347,4
76122,17,579,369,2
76139,17,582,376,2
76155,17,580,356,4
76172,17,603,363,4
76189,17,584,337,4
76205,17,608,324,4
76222,17,585,344,4
76238,17,627,321,0
76255,17,602,353,4
76272,17,592,365,2
76288,17,578,356,4
76305,17,584,363,4
76322,17,598,351,4
76338,17,582,383,2
76355,17,578,391,2
76372,17,583,369,2
76388,17,588,369,2
76405,17,580,387,2
76421,17,585,369,2
76438,17,585,337,4
76455,17,601,368,2
76471,17,584,365,2
76488,17,578,386,2
76505,17,563,370,2
76521,17,509,396,2
76538,17,500,407,2
76554,17,495,409,2
76571,17,505,386,2
76588,17,519,400,2
76604,17,490,416,2
76621,17,494,417,5
76638,17,497,387,2
76654,17,496,400,2
76671,17,498,390,2
76688,17,500,407,2
76704,17,478,400,2
76721,17,500,405,2
76737,17,514,402,2
76754,17,506,425,3
76771,17,561,405,2
76787,17,574,401,2
76804,17,576,392,2
76821,17,577,379,2
76837,17,574,393,2
76854,17,574,402,2
76871,17,573,408,2
76887,17,576,357,4
76904,17,577,395,2
76920,17,581,393,2
76937,17,576,396,2
76954,17,574,403,2
76970,17,581,363,4
76987,17,578,381,2
77004,17,577,393,2
77020,17,591,393,2
77037,17,575,389,2
77054,17,585,387,2
77070,17,578,385,2
77087,17,576,376,2
77103,17,577,390,2
77120,17,579,376,2
77137,17,573,380,2
77153,17,577,402,2
77170,17,582,393,2
77187,17,581,424,3
77203,17,587,398,2
77220,17,574,392,2
77237,17,582,389,2
77253,17,578,414,2
77270,17,578,413,2
77286,17,579,434,3
77303,17,580,381,2
77320,17,579,413,2
77336,17,574,420,3
77353,17,580,411,2
77370,17,577,418,3
77386,17,580,428,3
77403,17,574,412,2
77420,17,575,427,3
77436,17,573,422,3
77453,17,573,396,2
77469,17,569,427,3
77486,17,575,385,2
77503,17,576,407,2
77519,17,575,407,2
77536,17,578,405,2
77553,17,574,403,2
77569,17,566,411,2
77586,17,561,426,3
77603,17,570,413,2
77619,17,571,429,3
77636,17,575,403,2
77652,17,573,440,3
77669,17,572,435,3
77686,17,571,419,3
77702,17,563,405,2
77719,17,574,414,2
77736,17,575,410,2
77752,17,572,405,2
77769,17,572,408,2
77785,17,568,414,2
77802,17,597,383,2
77819,17,607,415,2
77835,17,605,352,4
77852,17,634,340,0
77869,17,608,351,4
77885,17,617,344,0
77902,17,663,294,0
77919,17,640,291,0
77935,17,632,298,0
77952,17,621,322,0
77968,17,651,326,0
77985,17,632,307,0
78002,17,636,315,0
78018,17,617,317,0
78035,17,629,284,0
78052,17,627,312,0
78068,17,598,319,4
78085,17,603,315,4
78102,17,619,325,0
78118,17,588,320,4
78135,17,592,305,4
78151,17,579,303,4
78168,17,594,323,4
78185,17,598,304,4
78201,17,591,320,4
78218,17,581,320,4
78235,17,613,358,0
78251,17,604,328,4
78268,17,580,333,4
78285,17,579,340,4
78301,17,574,354,4
78318,17,596,303,4
78334,17,579,335,4
78351,17,587,341,4
78368,17,584,309,4
78384,17,604,300,4
78401,17,604,307,4
78418,17,601,292,4
78434,17,598,299,4
78451,17,595,306,4
78468,17,586,282,0
78484,17,590,295,4
78501,17,603,285,0
78517,17,588,312,4
78534,17,605,309,4
78551,17,587,292,4
78567,17,580,334,4
78584,17,584,311,4
78601,17,584,324,4
78617,17,579,397,2
78634,17,543,633,3
78750,116,620,481,3
78767,17,617,361,0
78784,17,454,1026,0
78800,17,488,878,0
78817,17,492,804,0
78833,17,497,711,3
78850,17,509,634,3
78867,17,519,578,3
78883,17,516,545,3
78900,17,524,512,3
78917,17,516,508,3
78933,17,526,522,3
78950,17,518,510,3
78967,17,516,520,3
78983,17,517,538,3
79000,17,518,553,3
79016,17,518,527,3
79033,17,440,605,3
79050,17,372,690,3
79066,17,326,886,0
79083,17,320,992,0
79100,17,318,983,0
79116,17,314,980,0
79133,17,325,960,0
79150,17,318,942,0
79166,17,339,1067,0
79183,17,325,914,0
79199,17,306,931,0
79216,17,241,943,0
79233,17,192,1011,0
79249,17,189,949,0
79266,17,219,903,0
79316,50,208,923,0
79333,17,199,942,0
79366,33,194,953,0
79382,17,208,957,0
79416,33,187,945,0
79432,17,179,942,0
79449,17,190,943,0
79466,17,198,949,0
79482,17,194,961,0
79499,17,202,964,0
79516,17,197,933,0
79532,17,202,960,0
79549,17,198,958,0
79565,17,210,950,0
79582,17,207,909,0
79599,17,189,859,0
79615,17,157,721,3
79632,17,305,735,3
79649,17,452,501,3
79665,17,539,316,4
79682,17,568,137,1
79699,17,558,152,1
79715,17,554,155,1
79732,17,557,157,1
79748,17,563,183,1
79765,17,558,179,1
79782,17,549,164,1
79798,17,542,153,1
79815,17,542,166,1
79832,17,546,165,1
79848,17,551,173,1
79865,17,549,181,1
79882,17,554,182,1
79898,17,562,182,1
79915,17,548,183,1
79931,17,559,176,1
79948,17,552,178,1
79965,17,553,174,1
79981,17,561,199,1
79998,17,550,170,1
80015,17,551,167,1
80031,17,534,141,1
80048,17,547,158,1
80064,17,547,171,1
80081,17,562,173,1
80098,17,559,182,1
80114,17,566,134,1
80131,17,566,119,0
80148,17,558,174,1
80164,17,597,149,1
80181,17,611,172,1
80198,17,608,158,1
80214,17,616,134,1
80231,17,601,175,1
80247,17,601,160,1
80264,17,600,180,1
80281,17,602,210,1
80297,17,611,144,1
80314,17,617,175,1
80331,17,616,165,1
80347,17,605,188,1
80364,17,615,205,1
80381,17,594,224,1
80397,17,582,217,1
80414,17,599,228,1
80430,17,594,211,1
80447,17,565,215,1
80464,17,560,238,1
80480,17,606,187,1
80497,17,588,238,1
80514,17,598,259,1
80530,17,596,260,0
80547,17,579,257,1
80564,17,593,248,1
80580,17,577,302,4
80597,17,576,279,0
80613,17,588,280,0
80630,17,585,278,0
80647,17,578,293,4
80663,17,573,307,4
80680,17,576,305,4
80697,17,568,335,4
80713,17,562,297,4
80730,17,574,290,4
80747,17,580,292,4
80763,17,565,272,0
80780,17,569,309,4
80796,17,561,294,4
80813,17,555,344,4
80830,17,559,304,4
80846,17,556,333,4
80863,17,562,297,4
80880,17,558,310,4
80896,17,557,370,2
80913,17,559,316,4
80930,17,554,311,4
80946,17,557,357,4
80963,17,556,332,4
80979,17,562,345,4
80996,17,553,313,4
81013,17,554,311,4
81029,17,566,352,4
81046,17,562,337,4
81063,17,559,341,4
81079,17,587,349,4
81096,17,588,360,4
81112,17,600,317,4
81129,17,596,306,4
81146,17,594,335,4
81162,17,581,329,4
81179,17,573,322,4
81196,17,593,350,4
81212,17,596,311,4
81229,17,606,350,4
81246,17,576,345,4
81262,17,576,367,2
81279,17,577,305,4
81295,17,587,351,4
81312,17,587,304,4
81329,17,580,385,2
81345,17,576,344,4
81362,17,570,351,4
81379,17,595,351,4
81395,17,579,356,4
81412,17,583,344,4
81429,17,579,362,4
81445,17,569,352,4
81462,17,577,362,4
81478,17,566,387,2
81495,17,586,370,2
81512,17,560,356,4
81528,17,567,351,4
81545,17,582,373,2
81562,17,570,375,2
81578,17,568,391,2
81595,17,562,395,2
81612,17,573,381,2
81628,17,549,412,2
81645,17,556,400,2
81661,17,562,379,2
81678,17,554,380,2
81695,17,552,401,2
81711,17,555,405,2
81728,17,555,398,2
81745,17,556,394,2
81761,17,557,401,2
81778,17,556,400,2
81795,17,540,420,5
81811,17,555,401,2
81828,17,547,415,2
81844,17,555,408,2
81861,17,556,401,2
81878,17,553,397,2
81894,17,552,408,2
81911,17,557,373,2
81928,17,557,368,2
81944,17,544,398,2
81961,17,569,346,4
81978,17,565,357,4
81994,17,554,394,2
82011,17,555,389,2
82027,17,555,367,2
82044,17,560,355,4
82061,17,550,382,2
82077,17,560,360,4
82094,17,559,360,4
82111,17,545,356,4
82127,17,560,373,2
82144,17,558,393,2
82161,17,553,366,2
82177,17,596,363,4
82194,17,545,332,4
82210,17,570,361,4
82227,17,553,345,4
82244,17,563,350,4
82260,17,568,365,2
82277,17,560,348,4
82294,17,542,385,2
82310,17,556,371,2
82327,17,558,376,2
82343,17,559,382,2
82360,17,556,369,2
82377,17,568,375,2
82393,17,551,364,4
82410,17,567,347,4
82427,17,553,358,4
82443,17,540,405,2
82460,17,543,396,2
82477,17,547,361,4
82493,17,555,390,2
82510,17,557,387,2
82526,17,549,373,2
82543,17,558,427,3
82560,17,559,411,2
82576,17,561,384,2
82593,17,551,401,2
82610,17,554,411,2
82626,17,544,393,2
82643,17,496,446,3
82660,17,520,461,3
82676,17,507,454,3
82693,17,502,457,3
82709,17,508,415,2
82726,17,511,444,3
82743,17,509,434,3
82759,17,508,414,2
82776,17,479,454,3
82793,17,501,433,3
82809,17,504,442,3
82826,17,499,422,3
82843,17,509,433,3
82859,17,509,439,3
82876,17,502,435,3
82892,17,511,424,3
82909,17,507,442,3
82926,17,507,434,3
82942,17,499,453,3
82959,17,507,429,3
82976,17,510,439,3
82992,17,504,442,3
83009,17,495,420,5
83026,17,502,445,3
83042,17,507,428,3
83059,17,505,437,3
83075,17,504,428,3
83092,17,505,393,2
83109,17,507,402,2
83125,17,506,418,5
83142,17,501,449,3
83159,17,505,417,5
83175,17,502,457,3
83192,17,500,442,3
83209,17,508,460,3
83225,17,504,451,3
83242,17,498,452,3
83258,17,501,435,3
83275,17,501,463,3
83292,17,502,461,3
83308,17,516,430,3
83325,17,503,429,3
83342,17,501,479,3
83358,17,502,471,3
83375,17,500,446,3
83392,17,502,476,3
83408,17,488,455,3
83425,17,511,493,3
83441,17,503,454,3
83458,17,499,490,3
83475,17,506,463,3
83491,17,502,498,3
83508,17,505,464,3
83525,17,505,503,3
83541,17,494,502,3
83558,17,471,493,3
83574,17,474,498,3
83591,17,466,521,3
83608,17,468,492,3
83624,17,474,509,3
83641,17,470,506,3
83658,17,471,506,3
83674,17,472,493,3
83691,17,494,472,3
83708,17,506,450,3
83724,17,524,429,3
83741,17,528,382,2
83757,17,534,372,2
83774,17,526,402,2
83791,17,530,398,2
83807,17,515,372,2
83824,17,532,340,4
83841,17,520,347,4
83857,17,533,367,2
83874,17,528,383,2
83891,17,559,362,4
83907,17,545,419,5
83924,17,547,384,2
83940,17,565,363,4
83957,17,553,374,2
83974,17,547,379,2
83990,17,549,364,4
84007,17,549,330,4
84024,17,547,354,4
84040,17,546,350,4
84057,17,607,347,4
84074,17,553,352,4
84090,17,555,359,4
84107,17,549,320,4
84123,17,554,334,4
84140,17,556,324,4
84157,17,556,339,4
84173,17,567,329,4
84190,17,564,325,4
84207,17,538,331,4
84223,17,554,341,4
84240,17,550,348,4
84257,17,549,342,4
84273,17,546,348,4
84290,17,559,339,4
84306,17,554,341,4
84323,17,540,352,4
84340,17,562,352,4
84356,17,547,320,4
84373,17,545,291,4
84390,17,543,310,4
84406,17,539,314,4
84423,17,554,252,1
84440,17,539,239,1
84456,17,547,211,1
84473,17,549,220,1
84489,17,547,206,1
84506,17,551,158,1
84523,17,579,188,1
84539,17,576,161,1
84556,17,571,120,0
84573,17,554,151,1
84589,17,571,131,0
84606,17,572,134,1
84622,17,573,124,0
84639,17,575,134,1
84656,17,573,121,0
84672,17,582,95,0
84689,17,581,97,0
84706,17,583,84,0
84722,17,576,92,0
84739,17,577,88,0
84756,17,580,76,0
84772,17,592,97,0
84789,17,577,119,0
84805,17,526,435,3
84955,150,441,1079,0
84972,17,476,842,0
84988,17,454,677,3
85005,17,500,524,3
85022,17,478,463,3
85038,17,497,393,2
85055,17,498,340,4
85072,17,504,327,4
85088,17,517,285,0
85105,17,511,279,0
85122,17,512,275,0
85138,17,512,298,4
85155,17,509,299,4
85171,17,509,301,4
85188,17,504,308,4
85205,17,507,299,4
85221,17,505,309,4
85238,17,451,339,4
85255,17,458,326,4
85271,17,460,278,0
85288,17,453,307,4
85305,17,455,307,4
85321,17,461,295,4
85338,17,465,274,0
85354,17,450,316,4
85371,17,480,253,1
85388,17,457,293,4
85404,17,466,289,4
85421,17,447,279,0
85438,17,461,283,0
85454,17,456,284,0
85471,17,459,308,4
85488,17,461,315,4
85504,17,458,333,4
85521,17,457,311,4
85537,17,455,307,4
85554,17,450,341,4
85571,17,450,327,4
85587,17,457,326,4
85604,17,449,341,4
85621,17,454,334,4
85637,17,458,367,2
85654,17,446,370,2
85671,17,455,312,4
85687,17,447,338,4
85704,17,440,390,2
85720,17,443,383,2
85737,17,456,372,2
85754,17,455,351,4
85770,17,454,394,2
85787,17,446,392,2
85804,17,447,389,2
85820,17,456,391,2
85837,17,440,385,2
85853,17,451,382,2
85870,17,445,407,2
85887,17,441,425,3
85903,17,441,415,2
85920,17,459,411,2
85937,17,487,401,2
85953,17,502,409,2
85970,17,522,378,2
85987,17,518,408,2
86003,17,516,364,4
86020,17,521,363,4
86036,17,510,380,2
86053,17,518,350,4
86070,17,519,395,2
86086,17,521,387,2
86103,17,511,399,2
86120,17,520,372,2
86136,17,517,376,2
86153,17,517,382,2
86170,17,507,376,2
86186,17,464,438,3
86203,17,469,426,3
86219,17,467,420,3
86236,17,469,407,2
86253,17,448,408,2
86269,17,462,433,3
86286,17,456,433,3
86303,17,461,449,3
86319,17,465,441,3
86336,17,461,448,3
86353,17,440,435,3
86369,17,463,434,3
86386,17,447,447,3
86402,17,459,438,3
86419,17,456,437,3
86436,17,457,461,3
86452,17,459,459,3
86469,17,458,463,3
86486,17,439,456,3
86502,17,457,468,3
86519,17,458,487,3
86536,17,454,462,3
86552,17,459,474,3
86569,17,449,475,3
86585,17,451,462,3
86602,17,449,511,3
86619,17,454,495,3
86635,17,445,511,3
86652,17,452,498,3
86669,17,462,493,3
86685,17,1491,197,0
86702,17,500,545,3
86719,17,494,538,3
86735,17,500,542,3
86752,17,493,527,3
86768,17,500,542,3
86785,17,494,558,3
86802,17,500,552,3
86818,17,494,541,3
86835,17,503,546,3
86852,17,499,561,3
86868,17,486,564,3
86885,17,492,536,3
86901,17,498,548,3
86918,17,493,539,3
86935,17,495,535,3
86951,17,503,549,3
86968,17,504,552,3
86985,17,505,526,3
87001,17,498,561,3
87018,17,488,562,3
87035,17,491,558,3
87051,17,496,552,3
87068,17,491,582,3
87084,17,494,550,3
87101,17,500,547,3
87118,17,497,553,3
87134,17,499,532,3
87151,17,492,523,3
87168,17,503,542,3
87184,17,503,546,3
87201,17,500,548,3
87218,17,501,568,3
87234,17,503,536,3
87251,17,496,560,3
87267,17,503,536,3
87284,17,495,555,3
87301,17,488,553,3
87317,17,503,540,3
87334,17,495,575,3
87351,17,491,559,3
87367,17,498,563,3
87384,17,502,572,3
87401,17,497,576,3
87417,17,496,568,3
87434,17,495,587,3
87450,17,491,602,3
87467,17,506,565,3
87484,17,502,585,3
87500,17,495,567,3
87517,17,501,547,3
87534,17,495,597,3
87550,17,501,593,3
87567,17,504,560,3
87584,17,503,573,3
87600,17,495,580,3
87617,17,504,542,3
87633,17,503,561,3
87650,17,500,566,3
87667,17,500,560,3
87683,17,500,548,3
87700,17,502,558,3
87717,17,504,554,3
87733,17,502,560,3
87750,17,511,568,3
87767,17,520,528,3
87783,17,531,535,3
87800,17,538,508,3
87816,17,536,496,3
87833,17,536,508,3
87850,17,533,496,3
87866,17,537,494,3
87883,17,542,499,3
87900,17,533,492,3
87916,17,538,483,3
87933,17,543,479,3
87950,17,567,452,3
87966,17,566,451,3
87983,17,566,449,3
87999,17,567,453,3
88016,17,561,458,3
88033,17,570,424,3
88049,17,565,461,3
88066,17,566,456,3
88083,17,565,448,3
88099,17,568,435,3
88116,17,561,444,3
88132,17,565,459,3
88149,17,564,448,3
88166,17,564,421,5
88182,17,563,431,3
88199,17,562,467,3
88216,17,566,446,3
88232,17,566,440,3
88249,17,558,442,3
88266,17,555,431,3
88282,17,480,494,3
88299,17,387,510,3
88315,17,348,491,3
88332,17,348,502,3
88349,17,345,496,3
88365,17,354,483,3
88382,17,344,481,3
88399,17,364,484,3
88415,17,364,476,3
88432,17,348,465,3
88449,17,361,445,3
88465,17,355,458,3
88482,17,303,472,3
88498,17,293,465,3
88515,17,297,426,3
88532,17,316,432,3
88548,17,301,427,3
88565,17,300,435,3
88582,17,311,412,2
88598,17,304,428,3
88615,17,300,442,3
88632,17,296,421,3
88648,17,305,454,3
88665,17,318,439,3
88681,17,303,439,3
88698,17,300,434,3
88715,17,308,438,3
88731,17,310,400,2
88748,17,305,423,3
88765,17,303,424,3
88781,17,298,435,3
88798,17,310,430,3
88815,17,309,421,3
88831,17,300,431,3
88848,17,303,449,3
88864,17,306,431,3
88881,17,328,437,3
88898,17,450,477,3
88914,17,631,454,3
88931,17,699,390,2
88948,17,694,387,2
88964,17,686,423,3
88981,17,690,364,0
88998,17,694,356,0
89014,17,689,381,2
89031,17,690,385,2
89047,17,688,381,2
89064,17,689,381,2
89081,17,688,387,2
89097,17,692,355,0
89114,17,684,404,2
89131,17,687,387,2
89147,17,685,399,2
89164,17,686,392,2
89180,17,686,409,2
89197,17,683,365,2
89214,17,688,380,2
89230,17,682,396,2
89247,17,684,406,2
89264,17,685,412,2
89280,17,681,390,2
89297,17,668,410,2
89314,17,595,418,3
89330,17,564,410,2
89347,17,571,425,3
89363,17,569,391,2
89380,17,563,406,2
89397,17,567,377,2
89413,17,577,403,2
89430,17,571,424,3
89447,17,562,432,3
89463,17,563,373,2
89480,17,576,407,2
89497,17,565,402,2
89513,17,571,368,2
89530,17,568,373,2
89546,17,572,363,4
89563,17,570,373,2
89580,17,563,363,4
89596,17,564,390,2
89613,17,569,388,2
89630,17,562,373,2
89646,17,569,354,4
89663,17,571,387,2
89680,17,603,418,3
89696,17,582,355,4
89713,17,576,366,2
89729,17,567,398,2
89746,17,568,350,4
89763,17,563,390,2
89779,17,614,371,2
89796,17,569,397,2
89813,17,570,368,2
89829,17,572,408,2
89846,17,594,340,4
89863,17,576,362,4
89879,17,598,384,2
89896,17,576,362,4
89912,17,576,365,2
89929,17,585,371,2
89946,17,574,389,2
89962,17,592,379,2
89979,17,588,390,2
89996,17,584,387,2
90012,17,580,353,4
90029,17,575,378,2
90046,17,600,375,2
90062,17,575,396,2
90079,17,570,416,2
90095,17,568,419,5
90112,17,571,422,3
90129,17,542,437,3
90145,17,485,430,3
90162,17,485,464,3
90179,17,490,447,3
90195,17,485,436,3
90212,17,487,441,3
90229,17,496,426,3
90245,17,475,457,3
90262,17,496,428,3
90278,17,474,452,3
90295,17,478,440,3
90312,17,476,440,3
90328,17,468,461,3
90345,17,472,438,3
90362,17,493,473,3
90378,17,469,444,3
90395,17,492,451,3
90411,17,467,449,3
90428,17,498,417,5
90445,17,462,455,3
90461,17,485,458,3
90478,17,463,440,3
90495,17,492,455,3
90511,17,486,400,2
90528,17,478,420,3
90545,17,473,418,3
90561,17,486,413,2
90578,17,482,397,2
90594,17,476,401,2
90611,17,481,406,2
90628,17,491,410,2
90644,17,550,372,2
90661,17,541,340,4
90678,17,570,337,4
90694,17,557,379,2
90711,17,563,362,4
90728,17,562,350,4
90744,17,568,321,4
90761,17,548,324,4
90777,17,565,296,4
90794,17,571,293,4
90811,17,566,344,4
90827,17,568,357,4
90844,17,566,326,4
90861,17,552,351,4
90877,17,562,354,4
90894,17,563,345,4
90911,17,563,327,4
90927,17,562,294,4
90944,17,567,313,4
90960,17,562,307,4
90977,17,565,302,4
90994,17,557,299,4
91010,17,557,301,4
91027,17,558,299,4
91044,17,561,288,4
91060,17,563,301,4
91077,17,549,283,0
91094,17,579,270,0
91110,17,555,257,1
91127,17,576,296,4
91143,17,558,274,0
91160,17,584,257,1
91177,17,579,282,0
91193,17,556,255,1
91210,17,555,254,1
91227,17,585,264,0
91243,17,556,272,0
91260,17,588,224,1
91277,17,584,285,0
91293,17,585,274,0
91310,17,560,232,1
91326,17,543,258,1
91343,17,543,246,1
91360,17,547,275,0
91376,17,544,247,1
91393,17,543,258,1
91410,17,547,228,1
91426,17,552,240,1
91443,17,536,245,1
91460,17,541,247,1
91476,17,536,219,1
91493,17,539,234,1
91509,17,550,239,1
91526,17,553,257,1
91543,17,546,273,0
91559,17,554,258,1
91576,17,552,248,1
91593,17,550,261,0
91609,17,553,289,4
91626,17,546,277,0
91642,17,521,284,0
91659,17,553,278,0
91676,17,524,281,0
91692,17,542,292,4
91709,17,545,316,4
91726,17,548,294,4
91742,17,551,331,4
91759,17,520,310,4
91776,17,549,311,4
91792,17,540,309,4
91809,17,530,362,4
91825,17,530,341,4
91842,17,512,324,4
91859,17,558,300,4
91875,17,514,320,4
91892,17,531,315,4
91909,17,541,309,4
91925,17,569,326,4
91942,17,572,290,4
91959,17,573,327,4
91975,17,578,288,4
91992,17,565,325,4
92008,17,564,336,4
92025,17,567,321,4
92042,17,568,325,4
92058,17,559,338,4
92075,17,554,352,4
92092,17,569,315,4
92108,17,580,342,4
92125,17,562,336,4
92142,17,574,307,4
92158,17,560,337,4
92175,17,565,361,4
92191,17,558,358,4
92208,17,569,338,4
92225,17,569,364,4
92241,17,563,343,4
92258,17,580,353,4
92275,17,592,337,4
92291,17,576,342,4
92308,17,564,337,4
92325,17,559,348,4
92341,17,560,350,4
92358,17,569,359,4
92374,17,566,367,2
92391,17,580,367,2
92408,17,566,338,4
92424,17,572,336,4
92441,17,567,341,4
92458,17,560,358,4
92474,17,573,326,4
92491,17,566,363,4
92508,17,559,361,4
92524,17,574,330,4
92541,17,561,350,4
92557,17,559,387,2
92574,17,564,336,4
92591,17,563,339,4
92607,17,556,408,2
92624,17,562,375,2
92641,17,567,357,4
92657,17,558,377,2
92674,17,560,363,4
92690,17,558,368,2
92707,17,565,376,2
92724,17,561,353,4
92740,17,569,389,2
92757,17,562,380,2
92774,17,561,382,2
92790,17,563,365,2
92807,17,557,383,2
92824,17,564,377,2
92840,17,566,378,2
92857,17,561,370,2
92873,17,562,386,2
92890,17,561,367,2
92907,17,555,389,2
92923,17,543,617,3
92940,17,541,116,0
93672,732,756,722,3
93689,17,654,907,0
93705,17,662,741,3
93722,17,678,639,3
93739,17,673,564,3
93755,17,683,495,3
93772,17,688,441,3
93788,17,699,400,2
93805,17,701,350,0
93822,17,698,319,0
93838,17,706,317,0
93855,17,703,313,0
93872,17,716,312,0
93888,17,707,294,0
93905,17,706,291,0
93921,17,713,275,0
93938,17,688,274,0
93955,17,596,316,4
93971,17,569,242,1
93988,17,578,229,1
94005,17,588,254,1
94021,17,579,222,1
94038,17,594,208,1
94055,17,597,231,1
94071,17,557,226,1
94088,17,592,213,1
94104,17,588,200,1
94121,17,583,203,1
94138,17,589,171,1
94154,17,588,195,1
94171,17,589,171,1
94188,17,591,163,1
94204,17,591,178,1
94221,17,571,245,1
94238,17,537,544,3
94421,183,494,914,0
94437,17,525,764,3
94454,17,533,646,3
94470,17,543,576,3
94487,17,537,514,3
94504,17,532,480,3
94520,17,557,415,2
94537,17,553,402,2
94554,17,558,381,2
94570,17,556,367,2
94587,17,558,367,2
94604,17,552,399,2
94620,17,551,406,2
94637,17,609,406,2
94653,17,604,413,2
94670,17,610,345,4
94687,17,611,374,2
94703,17,602,390,2
94720,17,616,372,2
94737,17,618,375,2
94753,17,625,379,2
94770,17,581,392,2
94787,17,510,443,3
94803,17,523,378,2
94820,17,515,377,2
94836,17,522,369,2
94853,17,517,382,2
94870,17,517,390,2
94886,17,518,372,2
94903,17,551,376,2
94920,17,517,415,2
94936,17,492,410,2
94953,17,516,364,4
94969,17,516,403,2
94986,17,523,406,2
95003,17,512,387,2
95019,17,500,404,2
95036,17,518,413,2
95053,17,516,432,3
95069,17,516,423,3
95086,17,513,430,3
95103,17,519,414,2
95119,17,519,434,3
95136,17,505,416,2
95152,17,520,421,5
95169,17,501,434,3
95186,17,505,415,2
95202,17,508,422,3
95219,17,518,426,3
95236,17,510,431,3
95252,17,512,431,3
95269,17,513,437,3
95286,17,509,446,3
95302,17,507,455,3
95319,17,518,445,3
95335,17,517,435,3
95352,17,513,481,3
95369,17,513,490,3
95385,17,497,484,3
95402,17,493,467,3
95419,17,513,460,3
95435,17,511,433,3
95452,17,514,446,3
95469,17,513,493,3
95485,17,502,486,3
95502,17,504,467,3
95518,17,499,492,3
95535,17,494,511,3
95552,17,507,531,3
95568,17,490,501,3
95585,17,493,493,3
95602,17,494,500,3
95618,17,490,484,3
95635,17,499,494,3
95652,17,498,487,3
95668,17,503,486,3
95685,17,493,489,3
95701,17,495,493,3
95718,17,506,500,3
95735,17,494,502,3
95751,17,501,490,3
95768,17,497,491,3
95785,17,495,531,3
95801,17,513,506,3
95818,17,511,506,3
95835,17,504,519,3
95851,17,533,477,3
95868,17,528,478,3
95884,17,537,452,3
95901,17,528,444,3
95918,17,527,434,3
95934,17,538,459,3
95951,17,542,462,3
95968,17,525,441,3
95984,17,537,434,3
96001,17,521,445,3
96018,17,528,432,3
96034,17,536,419,5
96051,17,526,436,3
96067,17,505,465,3
96084,17,521,462,3
96101,17,513,446,3
96117,17,504,462,3
96134,17,506,459,3
96151,17,505,454,3
96167,17,493,435,3
96184,17,507,421,5
96200,17,502,437,3
96217,17,514,396,2
96234,17,513,411,2
96250,17,512,403,2
96267,17,512,436,3
96284,17,503,426,3
96300,17,517,435,3
96317,17,515,411,2
96334,17,513,435,3
96350,17,510,434,3
96367,17,512,427,3
96383,17,510,435,3
96400,17,508,445,3
96417,17,507,439,3
96433,17,508,449,3
96450,17,508,427,3
96467,17,508,418,5
96483,17,504,454,3
96500,17,506,419,5
96517,17,504,440,3
96533,17,505,450,3
96550,17,506,421,5
96566,17,504,434,3
96583,17,501,454,3
96600,17,501,451,3
96616,17,506,462,3
96633,17,506,458,3
96650,17,508,458,3
96666,17,507,454,3
96683,17,501,470,3
96700,17,503,451,3
96716,17,500,468,3
96733,17,494,477,3
96749,17,503,461,3
96766,17,497,482,3
96783,17,492,467,3
96799,17,500,482,3
96816,17,498,494,3
96833,17,498,490,3
96849,17,501,481,3
96866,17,503,479,3
96883,17,503,484,3
96899,17,502,497,3
96916,17,493,545,3
96932,17,504,483,3
96949,17,501,482,3
96966,17,499,494,3
96982,17,505,476,3
96999,17,502,510,3
97016,17,500,486,3
97032,17,506,490,3
97049,17,507,501,3
97066,17,500,499,3
97082,17,510,484,3
97099,17,501,493,3
97115,17,507,482,3
97132,17,526,461,3
97149,17,524,470,3
97165,17,533,430,3
97182,17,530,442,3
97199,17,534,459,3
97215,17,532,449,3
97232,17,529,433,3
97248,17,528,451,3
97265,17,527,450,3
97282,17,532,452,3
97298,17,531,448,3
97315,17,542,454,3
97332,17,560,444,3
97348,17,571,414,2
97365,17,572,388,2
97382,17,583,378,2
97398,17,570,396,2
97415,17,573,405,2
97431,17,570,415,2
97448,17,576,385,2
97465,17,576,379,2
97481,17,591,386,2
97498,17,574,390,2
97515,17,577,392,2
97531,17,576,387,2
97548,17,575,374,2
97565,17,575,400,2
97581,17,577,386,2
97598,17,573,392,2
97614,17,575,386,2
97631,17,575,392,2
97648,17,576,385,2
97664,17,576,388,2
97681,17,571,430,3
97698,17,571,417,2
97714,17,575,399,2
97731,17,567,415,2
97748,17,614,426,3
97764,17,640,418,3
97781,17,654,409,2
97797,17,655,398,2
97814,17,648,370,2
97831,17,653,420,3
97847,17,636,397,2
97864,17,645,430,3
97881,17,640,406,2
97897,17,632,416,2
97914,17,648,442,3
97931,17,646,442,3
97947,17,628,444,3
97964,17,655,468,3
97980,17,647,440,3
97997,17,633,442,3
98014,17,633,448,3
98030,17,632,440,3
98047,17,631,452,3
98064,17,630,463,3
98080,17,633,477,3
98097,17,631,461,3
98114,17,631,481,3
98130,17,626,479,3
98147,17,627,485,3
98163,17,628,491,3
98180,17,628,481,3
98197,17,630,494,3
98213,17,628,484,3
98230,17,630,510,3
98247,17,627,514,3
98263,17,626,521,3
98280,17,625,532,3
98297,17,686,523,3
98313,17,624,514,3
98330,17,629,529,3
98346,17,624,518,3
98363,17,624,550,3
98380,17,628,520,3
98396,17,624,548,3
98413,17,624,556,3
98430,17,624,549,3
98446,17,621,552,3
98463,17,619,581,3
98479,17,626,569,3
98496,17,622,561,3
98513,17,622,558,3
98529,17,628,567,3
98546,17,618,558,3
98563,17,631,558,3
98579,17,619,571,3
98596,17,614,594,3
98613,17,623,537,3
98629,17,892,565,3
98646,17,611,584,3
98662,17,620,568,3
98679,17,624,566,3
98696,17,630,585,3
98712,17,627,584,3
98729,17,623,582,3
98746,17,617,604,3
98762,17,608,591,3
98779,17,528,619,3
98796,17,521,628,3
98812,17,532,611,3
98829,17,526,582,3
98845,17,522,589,3
98862,17,526,581,3
98879,17,531,542,3
98895,17,530,558,3
98912,17,527,550,3
98929,17,524,535,3
98945,17,527,515,3
98962,17,525,554,3
98979,17,528,536,3
98995,17,529,516,3
99012,17,522,503,3
99028,17,525,486,3
99045,17,532,461,3
99062,17,529,479,3
99078,17,534,432,3
99095,17,556,401,2
99112,17,550,365,2
99128,17,556,345,4
99145,17,545,294,4
99162,17,557,214,1
99178,17,576,265,0
99195,17,571,310,4
99211,17,571,314,4
99228,17,566,324,4
99245,17,540,315,4
99261,17,544,301,4
99278,17,555,305,4
99295,17,566,309,4
99311,17,561,301,4
99328,17,569,325,4
99345,17,539,309,4
99361,17,554,304,4
99378,17,559,302,4
99394,17,552,303,4
99411,17,554,287,0
99428,17,554,293,4
99444,17,554,302,4
99461,17,555,302,4
99478,17,562,274,0
99494,17,559,291,4
99511,17,561,293,4
99527,17,561,305,4
99544,17,564,258,1
99561,17,563,252,1
99577,17,560,264,0
99594,17,557,268,0
99611,17,562,285,0
99627,17,560,267,0
99644,17,557,269,0
99661,17,557,289,4
99677,17,557,298,4
99694,17,566,262,0
99710,17,565,261,0
99727,17,552,255,1
99744,17,555,273,0
99760,17,553,248,1
99777,17,548,280,0
99794,17,554,291,4
99810,17,546,269,0
99827,17,556,272,0
99844,17,550,280,0
99860,17,564,258,1
99877,17,546,262,0
99893,17,554,263,0
99910,17,548,278,0
99927,17,562,256,1
99943,17,549,273,0
99960,17,553,261,0
99977,17,546,282,0
99993,17,557,265,0
100010,17,561,250,1
100027,17,566,259,1
100043,17,565,282,0
100060,17,537,228,1
100076,17,520,287,0
100093,17,523,288,4
100110,17,525,284,0
100126,17,528,279,0
100143,17,536,252,1
100160,17,530,277,0
100176,17,523,282,0
100193,17,533,272,0
100210,17,528,256,1
100226,17,529,266,0
100243,17,532,254,1
100259,17,553,176,1
100276,17,569,183,1
100293,17,573,142,1
100309,17,572,170,1
100326,17,575,187,1
100343,17,579,99,0
100359,17,570,184,1
100376,17,569,149,1
100393,17,567,152,1
100409,17,565,135,1
100426,17,581,148,1
100442,17,569,118,0
100459,17,575,146,1
100476,17,581,156,1
100492,17,570,149,1
100509,17,573,139,1
100526,17,579,164,1
100542,17,577,157,1
100559,17,580,155,1
100576,17,579,118,0
100592,17,586,103,0
100609,17,580,137,1
100625,17,586,107,0
100642,17,584,162,1
100659,17,581,157,1
100675,17,578,177,1
100692,17,581,166,1
100709,17,575,163,1
100725,17,604,153,1
100742,17,580,149,1
100758,17,575,215,1
100775,17,582,158,1
100792,17,585,156,1
100808,17,580,143,1
100825,17,586,165,1
100842,17,583,192,1
100858,17,570,204,1
100875,17,585,184,1
100892,17,589,183,1
100908,17,583,213,1
100925,17,572,203,1
100941,17,581,214,1
100958,17,595,142,1
100975,17,584,199,1
100991,17,588,212,1
101008,17,581,192,1
101025,17,581,191,1
101041,17,588,217,1
101058,17,590,221,1
101075,17,578,234,1
101091,17,575,218,1
101108,17,585,246,1
101124,17,560,233,1
101141,17,561,270,0
101158,17,565,262,0
101174,17,591,245,1
101191,17,564,256,1
101208,17,558,280,0
101224,17,560,251,1
101241,17,587,265,0
101258,17,580,270,0
101274,17,579,262,0
101291,17,567,246,1
101307,17,568,285,0
101324,17,566,283,0
101341,17,579,281,0
101357,17,562,312,4
101374,17,553,262,0
101391,17,559,278,0
101407,17,563,337,4
101424,17,570,286,0
101441,17,570,317,4
101457,17,565,315,4
101474,17,552,310,4
101490,17,550,363,4
101507,17,472,408,2
101524,17,490,391,2
101540,17,497,368,2
101557,17,500,377,2
101574,17,498,397,2
101590,17,504,395,2
101607,17,504,398,2
101624,17,482,367,2
101640,17,499,384,2
101657,17,493,425,3
101673,17,483,411,2
101690,17,499,397,2
101707,17,488,398,2
101723,17,483,428,3
101740,17,491,432,3
101757,17,498,433,3
101773,17,476,459,3
101790,17,485,406,2
101806,17,493,424,3
101823,17,479,419,3
101840,17,475,452,3
101856,17,489,425,3
101873,17,488,430,3
101890,17,495,423,3
101906,17,485,467,3
101923,17,476,457,3
101940,17,488,417,5
101956,17,490,454,3
101973,17,478,443,3
101989,17,484,443,3
102006,17,476,481,3
102023,17,476,496,3
102039,17,488,472,3
102056,17,491,434,3
102073,17,493,432,3
102089,17,499,387,2
102106,17,505,423,3
102123,17,499,411,2
102139,17,503,376,2
102156,17,495,407,2
102172,17,522,391,2
102189,17,506,373,2
102206,17,501,374,2
102222,17,506,395,2
102239,17,493,376,2
102256,17,522,374,2
102272,17,521,354,4
102289,17,540,330,4
102306,17,527,319,4
102322,17,539,315,4
102339,17,552,285,0
102355,17,541,315,4
102372,17,547,289,4
102389,17,564,266,0
102405,17,551,265,0
102422,17,548,266,0
102439,17,542,269,0
102455,17,561,251,1
102472,17,551,242,1
102489,17,580,276,0
102505,17,565,255,1
102522,17,569,249,1
102538,17,577,169,1
102555,17,588,157,1
102572,17,570,230,1
102588,17,582,228,1
102605,17,577,221,1
102622,17,589,229,1
102638,17,562,217,1
102655,17,580,230,1
102672,17,580,223,1
102688,17,583,198,1
102705,17,582,216,1
102721,17,598,205,1
102738,17,598,207,1
102755,17,594,236,1
102771,17,588,212,1
102788,17,597,209,1
102805,17,565,216,1
102821,17,586,269,0
102838,17,543,227,1
102855,17,536,244,1
102871,17,544,232,1
102888,17,534,229,1
102904,17,530,268,0
102921,17,529,262,0
102938,17,532,288,4
102954,17,540,230,1
102971,17,543,237,1
102988,17,537,261,0
103004,17,543,261,0
103021,17,540,287,0
103037,17,536,267,0
103054,17,531,253,1
103071,17,539,281,0
103087,17,542,260,0
103104,17,543,223,1
103121,17,537,245,1
103137,17,537,248,1
103154,17,539,281,0
103171,17,542,268,0
103187,17,530,296,4
103204,17,540,243,1
103220,17,537,258,1
103237,17,546,299,4
103254,17,544,309,4
103270,17,538,241,1
103287,17,537,287,0
103304,17,536,283,0
103320,17,534,281,0
103337,17,541,287,0
103354,17,531,312,4
103370,17,532,329,4
103387,17,533,271,0
103403,17,539,270,0
103420,17,540,278,0
103437,17,536,284,0
103453,17,532,277,0
103470,17,535,266,0
103487,17,538,225,1
103503,17,539,249,1
103520,17,537,275,0
103537,17,535,288,4
103553,17,538,257,1
103570,17,544,207,1
103586,17,534,317,4
103603,17,537,320,4
103620,17,534,305,4
103636,17,536,276,0
103653,17,546,202,1
103670,17,538,266,0
103686,17,535,279,0
103703,17,531,313,4
103720,17,518,294,4
103736,17,528,291,4
103753,17,522,319,4
103769,17,525,323,4
103786,17,521,322,4
103803,17,524,320,4
103819,17,525,323,4
103836,17,528,310,4
103853,17,528,307,4
103869,17,522,334,4
103886,17,552,264,0
103903,17,579,205,1
103919,17,577,232,1
103936,17,575,184,1
103952,17,572,250,1
103969,17,564,241,1
103986,17,565,253,1
104002,17,570,264,0
104019,17,575,236,1
104036,17,564,265,0
104052,17,567,220,1
104069,17,584,227,1
104086,17,601,241,1
104102,17,594,237,1
104119,17,595,256,1
104135,17,587,256,1
104152,17,598,250,1
104169,17,594,224,1
104185,17,602,215,1
104202,17,608,233,1
104219,17,588,238,1
104235,17,590,223,1
104252,17,595,229,1
104268,17,613,208,1
104285,17,584,193,1
104302,17,586,186,1
104318,17,611,203,1
104335,17,603,190,1
104352,17,589,181,1
104368,17,599,206,1
104385,17,592,213,1
104402,17,609,174,1
104418,17,604,168,1
104435,17,607,214,1
104451,17,590,223,1
104468,17,613,219,1
104485,17,595,206,1
104501,17,605,218,1
104518,17,590,206,1
104535,17,592,206,1
104551,17,590,255,1
104568,17,585,235,1
104585,17,591,220,1
104601,17,599,222,1
104618,17,607,231,1
104634,17,594,233,1
104651,17,597,213,1
104668,17,600,257,1
104684,17,590,229,1
104701,17,598,252,1
104718,17,598,251,1
104734,17,594,245,1
104751,17,588,235,1
104768,17,598,247,1
104784,17,587,261,0
104801,17,592,257,1
104817,17,588,258,1
104834,17,589,242,1
104851,17,592,285,0
104867,17,604,282,0
104884,17,525,342,4
104901,17,522,334,4
104917,17,500,330,4
104934,17,532,324,4
104951,17,539,335,4
104967,17,520,301,4
104984,17,539,355,4
105000,17,550,341,4
105017,17,542,340,4
105034,17,547,362,4
105050,17,546,341,4
105067,17,541,352,4
105084,17,530,358,4
105100,17,523,363,4
105117,17,530,352,4
105134,17,524,377,2
105150,17,535,352,4
105167,17,524,384,2
105183,17,527,341,4
105200,17,517,367,2
105217,17,522,347,4
105233,17,518,350,4
105250,17,516,389,2
105267,17,521,407,2
105283,17,520,344,4
105300,17,517,382,2
105316,17,512,350,4
105333,17,520,387,2
105350,17,525,368,2
105366,17,522,415,2
105383,17,522,377,2
105400,17,528,371,2
105416,17,519,405,2
105433,17,516,414,2
105450,17,515,413,2
105466,17,527,408,2
105483,17,507,428,3
105499,17,518,387,2
105516,17,516,384,2
105533,17,522,419,5
105549,17,519,412,2
105566,17,509,424,3
105583,17,504,394,2
105599,17,510,430,3
105616,17,514,413,2
105633,17,501,427,3
105649,17,515,407,2
105666,17,546,391,2
105682,17,567,323,4
105699,17,563,292,4
105716,17,568,332,4
105732,17,575,292,4
105749,17,579,283,0
105766,17,576,290,4
105782,17,570,317,4
105799,17,584,288,4
105816,17,577,291,4
105832,17,579,272,0
105849,17,576,285,0
105865,17,577,294,4
105882,17,586,301,4
105899,17,594,275,0
105915,17,600,279,0
105932,17,600,260,0
105949,17,592,273,0
105965,17,598,238,1
105982,17,601,282,0
105999,17,606,272,0
106015,17,607,285,0
106032,17,602,262,0
106048,17,597,269,0
106065,17,604,274,0
106082,17,593,284,0
106098,17,599,288,4
106115,17,593,282,0
106132,17,594,301,4
106148,17,618,280,0
106165,17,597,246,1
106182,17,598,301,4
106198,17,604,260,0
106215,17,602,257,1
106231,17,580,302,4
106248,17,597,281,0
106265,17,597,320,4
106281,17,612,283,0
106298,17,594,312,4
106315,17,603,270,0
106331,17,593,298,4
106348,17,594,295,4
106365,17,595,322,4
106381,17,596,294,4
106398,17,589,338,4
106414,17,589,283,0
106431,17,594,273,0
106448,17,587,320,4
106464,17,588,291,4
106481,17,588,277,0
106498,17,591,295,4
106514,17,587,326,4
106531,17,589,300,4
106547,17,591,302,4
106564,17,585,333,4
106581,17,598,273,0
106597,17,585,315,4
106614,17,581,341,4
106631,17,572,312,4
106647,17,576,342,4
106664,17,587,330,4
106681,17,581,302,4
106697,17,583,343,4
106714,17,592,323,4
106730,17,578,310,4
106747,17,575,320,4
106764,17,574,327,4
106780,17,592,319,4
106797,17,587,314,4
106814,17,585,327,4
106830,17,575,323,4
106847,17,557,378,2
106864,17,502,396,2
106880,17,493,393,2
106897,17,490,380,2
106913,17,511,382,2
106930,17,507,378,2
106947,17,496,372,2
106963,17,497,410,2
106980,17,496,355,4
106997,17,485,407,2
107013,17,483,428,3
107030,17,493,393,2
107047,17,494,422,3
107063,17,492,419,5
107080,17,489,427,3
107096,17,488,409,2
107113,17,488,399,2
107130,17,507,394,2
107146,17,508,380,2
107163,17,514,413,2
107180,17,491,425,3
107196,17,498,374,2
107213,17,484,390,2
107230,17,488,401,2
107246,17,490,395,2
107263,17,493,382,2
107279,17,498,385,2
107296,17,497,372,2
107313,17,500,397,2
107329,17,508,396,2
107346,17,499,384,2
107363,17,493,359,4
107379,17,497,389,2
107396,17,489,354,4
107413,17,509,375,2
107429,17,495,390,2
107446,17,499,384,2
107462,17,494,363,4
107479,17,500,359,4
107496,17,498,381,2
107512,17,503,375,2
107529,17,498,374,2
107546,17,492,354,4
107562,17,501,371,2
107579,17,497,387,2
107595,17,492,365,2
107612,17,502,360,4
107629,17,496,384,2
107645,17,490,390,2
107662,17,495,349,4
107679,17,497,362,4
107695,17,505,363,4
107712,17,499,361,4
107729,17,494,368,2
107745,17,497,365,2
107762,17,488,344,4
107778,17,496,379,2
107795,17,502,358,4
107812,17,501,361,4
107828,17,501,342,4
107845,17,523,328,4
107862,17,506,330,4
107878,17,515,307,4
107895,17,529,288,4
107912,17,512,289,4
107928,17,536,278,0
107945,17,515,309,4
107961,17,520,245,1
107978,17,525,257,1
107995,17,517,285,0
108011,17,542,212,1
108028,17,555,255,1
108045,17,566,216,1
108061,17,562,229,1
108078,17,560,206,1
108095,17,566,205,1
108111,17,561,238,1
108128,17,568,210,1
108144,17,559,197,1
108161,17,558,222,1
108178,17,571,229,1
108194,17,578,200,1
108211,17,571,202,1
108228,17,584,189,1
108244,17,588,134,1
108261,17,587,115,0
108278,17,579,208,1
108294,17,584,197,1
108311,17,585,184,1
108327,17,579,218,1
108344,17,580,203,1
108361,17,591,179,1
108377,17,581,224,1
108394,17,568,158,1
108411,17,581,237,1
108427,17,582,233,1
108444,17,582,261,0
108461,17,569,174,1
108477,17,581,237,1
108494,17,580,229,1
108510,17,565,228,1
108527,17,573,175,1
108544,17,590,125,0
108560,17,584,97,0
108577,17,577,71,0
108594,17,577,78,0
108610,17,578,53,0
108627,17,576,79,0
108644,17,576,109,0
108660,17,571,87,0
108677,17,565,85,0
108693,17,558,94,0
108710,17,560,71,0
108727,17,577,77,0
108743,17,576,77,0
108760,17,577,75,0
108777,17,576,93,0
108793,17,562,73,0
108810,17,586,55,0
108826,17,577,56,0
108843,17,580,64,0
108860,17,576,53,0
108876,17,558,47,0
108893,17,558,54,0
108910,17,565,40,0
108926,17,575,39,0
108943,17,564,49,0
108960,17,564,57,0
108976,17,563,61,0
108993,17,580,67,0
109009,17,564,80,0
109026,17,582,72,0
109043,17,580,62,0
109059,17,581,66,0
109076,17,587,94,0
109093,17,561,98,0
109109,17,585,83,0
109126,17,585,68,0
109143,17,574,71,0
109159,17,581,63,0
109176,17,584,66,0
109192,17,583,58,0
109209,17,568,77,0
109226,17,577,87,0
109242,17,585,61,0
109259,17,587,68,0
109276,17,571,63,0
109292,17,578,45,0
109309,17,557,51,0
109342,33,562,6,0
109359,17,556,23,0
109392,33,557,5,0
109409,17,562,0,0
109459,50,558,15,0
109475,17,557,44,0
109492,17,561,20,0
109509,17,555,14,0
109525,17,560,32,0
109558,33,567,4,0
109608,50,563,2,0
109625,17,562,16,0
109758,133,566,2,0
109775,17,567,2,0
109874,100,572,4,0
109891,17,569,10,0
109924,33,589,18,0
109974,50,574,19,0
110057,83,577,12,0
110074,17,580,8,0
110091,17,587,6,0
110124,33,575,3,0
110141,17,578,17,0
110157,17,574,22,0
110174,17,584,8,0
110191,17,571,28,0
110207,17,587,13,0
110224,17,572,16,0
110240,17,576,15,0
110257,17,582,16,0
110274,17,576,22,0
110290,17,570,41,0
110340,50,759,131,0
111056,715,780,71,0
111072,17,671,129,0
111089,17,626,131,0
111105,17,610,157,1
111122,17,515,139,1
111139,17,426,129,0
111155,17,338,165,1
111172,17,274,186,0
111189,17,265,247,0
111205,17,268,266,0
111222,17,277,261,0
111239,17,284,225,0
111255,17,282,252,0
111272,17,219,311,0
111288,17,212,361,0
111305,17,190,407,2
111322,17,196,415,2
111338,17,192,414,2
111355,17,192,411,2
111372,17,199,416,2
111388,17,201,408,2
111405,17,203,417,2
111422,17,191,413,2
111438,17,187,418,3
111455,17,154,349,0
111471,17,105,84,0
111488,17,62,391,0
111505,17,138,384,0
111555,50,65,96,0
111571,17,81,89,0
111588,17,74,120,0
111621,33,127,250,0
111638,17,78,97,0
111654,17,76,103,0
111688,33,73,124,0
111704,17,82,110,0
111754,50,2,334,0
111771,17,71,129,0
111788,17,23,391,0
111804,17,135,422,3
111821,17,182,380,0
111837,17,214,366,2
111854,17,216,338,0
111871,17,223,331,0
111887,17,214,337,0
111904,17,223,333,0
111921,17,318,375,2
111937,17,503,304,4
111954,17,546,329,4
111971,17,553,313,4
111987,17,515,273,0
112004,17,519,272,0
112020,17,545,290,4
112037,17,544,288,4
112054,17,539,281,0
112070,17,551,284,0
112087,17,534,285,0
112104,17,540,309,4
112120,17,542,314,4
112137,17,508,308,4
112154,17,511,308,4
112170,17,511,306,4
112187,17,534,300,4
112203,17,537,279,0
112220,17,511,301,4
112237,17,534,295,4
112253,17,549,266,0
112270,17,595,237,1
112287,17,569,276,0
112303,17,573,288,4
112320,17,565,274,0
112336,17,590,263,0
112353,17,586,267,0
112370,17,569,253,1
112386,17,569,302,4
112403,17,586,299,4
112420,17,569,301,4
112436,17,584,283,0
112453,17,576,283,0
112470,17,572,316,4
112486,17,573,291,4
112503,17,559,285,0
112519,17,601,309,4
112536,17,575,316,4
112553,17,573,312,4
112569,17,574,308,4
112586,17,573,346,4
112603,17,571,322,4
112619,17,571,350,4
112636,17,575,326,4
112653,17,571,313,4
112669,17,577,296,4
112686,17,581,302,4
112702,17,574,293,4
112719,17,583,312,4
112736,17,582,313,4
112752,17,548,375,2
112769,17,527,430,3
112786,17,519,436,3
112802,17,517,475,3
112819,17,526,472,3
112836,17,519,463,3
112852,17,540,476,3
112869,17,518,458,3
112885,17,515,489,3
112902,17,519,466,3
112919,17,515,498,3
112935,17,514,500,3
112952,17,508,504,3
112969,17,509,511,3
112985,17,502,507,3
113002,17,512,547,3
113019,17,507,525,3
113035,17,511,550,3
113052,17,487,561,3
113068,17,507,578,3
113085,17,503,574,3
113102,17,506,558,3
113118,17,512,568,3
113135,17,502,589,3
113152,17,502,587,3
113168,17,493,599,3
113185,17,451,591,3
113202,17,467,636,3
113218,17,476,606,3
113235,17,466,614,3
113251,17,467,630,3
113268,17,470,634,3
113285,17,464,649,3
113301,17,472,651,3
113318,17,465,677,3
113335,17,464,661,3
113351,17,465,654,3
113368,17,461,677,3
113384,17,491,690,3
113401,17,536,621,3
113418,17,567,592,3
113434,17,572,548,3
113451,17,563,575,3
113468,17,570,548,3
113484,17,566,556,3
113501,17,555,561,3
113518,17,573,568,3
113534,17,558,558,3
113551,17,560,531,3
113567,17,560,556,3
113584,17,564,548,3
113601,17,555,529,3
113617,17,558,538,3
113634,17,559,537,3
113651,17,558,547,3
113667,17,561,505,3
113684,17,521,528,3
113701,17,486,521,3
113717,17,489,502,3
113734,17,492,512,3
113750,17,488,492,3
113767,17,486,472,3
113784,17,483,511,3
113800,17,486,502,3
113817,17,485,474,3
113834,17,482,503,3
113850,17,470,471,3
113867,17,482,474,3
113884,17,489,491,3
113900,17,488,479,3
113917,17,491,462,3
113933,17,494,474,3
113950,17,494,462,3
113967,17,494,464,3
113983,17,500,432,3
114000,17,493,479,3
114017,17,479,453,3
114033,17,493,470,3
114050,17,496,480,3
114067,17,492,466,3
114083,17,496,438,3
114100,17,502,456,3
114116,17,493,461,3
114133,17,493,495,3
114150,17,488,500,3
114166,17,491,501,3
114183,17,493,488,3
114200,17,500,474,3
114216,17,492,485,3
114233,17,493,496,3
114250,17,493,502,3
114266,17,525,533,3
114283,17,598,479,3
114299,17,598,489,3
114316,17,596,484,3
114333,17,598,480,3
114349,17,602,479,3
114366,17,598,457,3
114383,17,598,462,3
114399,17,595,462,3
114416,17,610,442,3
114433,17,595,481,3
114449,17,602,489,3
114466,17,592,464,3
114482,17,594,502,3
114499,17,591,515,3
114516,17,596,501,3
114532,17,588,515,3
114549,17,594,517,3
114566,17,593,516,3
114582,17,599,503,3
114599,17,589,508,3
114615,17,600,502,3
114632,17,589,492,3
114649,17,589,484,3
114665,17,600,513,3
114682,17,583,525,3
114699,17,585,524,3
114715,17,596,514,3
114732,17,590,520,3
114749,17,579,577,3
114765,17,588,552,3
114782,17,565,561,3
114798,17,552,568,3
114815,17,547,517,3
114832,17,545,532,3
114848,17,544,549,3
114865,17,545,544,3
114882,17,549,532,3
114898,17,543,527,3
114915,17,546,524,3
114932,17,532,547,3
114948,17,484,543,3
114965,17,484,522,3
114981,17,482,522,3
114998,17,486,528,3
115015,17,482,527,3
115031,17,489,522,3
115048,17,483,554,3
115065,17,475,582,3
115081,17,453,755,3
115098,17,255,552,3
115281,183,496,377,2
115298,17,398,1043,0
115314,17,423,909,0
115331,17,445,785,0
115347,17,467,696,3
115364,17,465,634,3
115381,17,471,607,3
115397,17,479,558,3
115414,17,477,531,3
115431,17,474,534,3
115447,17,484,529,3
115464,17,476,496,3
115481,17,472,492,3
115497,17,479,504,3
115514,17,475,492,3
115530,17,477,474,3
115547,17,479,485,3
115564,17,504,462,3
115580,17,486,472,3
115597,17,456,422,3
115614,17,476,453,3
115630,17,480,452,3
115647,17,476,445,3
115663,17,478,459,3
115680,17,480,463,3
115697,17,480,472,3
115713,17,487,439,3
115730,17,480,460,3
115747,17,481,464,3
115763,17,466,484,3
115780,17,483,464,3
115797,17,482,452,3
115813,17,477,492,3
115830,17,480,470,3
115846,17,462,470,3
115863,17,480,487,3
115880,17,478,466,3
115896,17,477,471,3
115913,17,490,502,3
115930,17,438,493,3
115946,17,477,495,3
115963,17,479,485,3
115980,17,474,492,3
115996,17,475,492,3
116013,17,471,483,3
116029,17,475,459,3
116046,17,475,486,3
116063,17,498,484,3
116079,17,473,516,3
116096,17,475,484,3
116113,17,479,480,3
116129,17,481,475,3
116146,17,482,456,3
116163,17,477,504,3
116179,17,482,475,3
116196,17,493,452,3
116212,17,491,494,3
116229,17,504,440,3
116246,17,497,456,3
116262,17,493,471,3
116279,17,487,448,3
116296,17,497,477,3
116312,17,502,464,3
116329,17,493,487,3
116346,17,486,476,3
116362,17,491,511,3
116379,17,503,432,3
116395,17,497,494,3
116412,17,502,475,3
116429,17,484,489,3
116445,17,497,506,3
116462,17,480,454,3
116479,17,499,490,3
116495,17,496,479,3
116512,17,506,481,3
116529,17,502,491,3
116545,17,473,495,3
116562,17,492,495,3
116578,17,515,483,3
116595,17,497,516,3
116612,17,501,500,3
116628,17,503,515,3
116645,17,510,481,3
116662,17,501,525,3
116678,17,492,508,3
116695,17,493,512,3
116712,17,502,534,3
116728,17,497,511,3
116745,17,498,515,3
116761,17,515,486,3
116778,17,497,509,3
116795,17,511,487,3
116811,17,516,438,3
116828,17,504,520,3
116845,17,505,480,3
116861,17,501,451,3
116878,17,506,491,3
116894,17,500,510,3
116911,17,498,490,3
116928,17,504,481,3
116944,17,501,477,3
116961,17,519,489,3
116978,17,503,510,3
116994,17,506,493,3
117011,17,501,495,3
117028,17,501,488,3
117044,17,489,485,3
117061,17,483,480,3
117077,17,497,508,3
117094,17,509,494,3
117111,17,500,517,3
117127,17,518,509,3
117144,17,500,502,3
117161,17,505,503,3
117177,17,486,478,3
117194,17,492,547,3
117211,17,497,538,3
117227,17,496,530,3
117244,17,484,562,3
117260,17,499,564,3
117277,17,486,549,3
117294,17,484,568,3
117327,33,493,557,3
117344,17,492,556,3
117360,17,494,571,3
117377,17,493,545,3
117394,17,497,548,3
117410,17,499,552,3
117427,17,494,555,3
117443,17,492,561,3
117460,17,499,544,3
117477,17,492,566,3
117493,17,499,549,3
117510,17,491,533,3
117527,17,491,528,3
117543,17,490,533,3
117560,17,503,496,3
117577,17,498,557,3
117593,17,493,531,3
117610,17,505,497,3
117626,17,491,536,3
117643,17,495,549,3
117660,17,500,545,3
117676,17,505,502,3
117693,17,496,492,3
117710,17,501,512,3
117726,17,503,496,3
117743,17,508,499,3
117760,17,502,512,3
117776,17,509,476,3
117793,17,501,516,3
117809,17,496,510,3
117826,17,498,487,3
117843,17,496,485,3
117859,17,525,518,3
117876,17,501,490,3
117893,17,507,462,3
117909,17,502,461,3
117926,17,510,457,3
117942,17,509,461,3
117959,17,501,499,3
117976,17,514,493,3
117992,17,510,487,3
118009,17,509,478,3
118026,17,509,515,3
118042,17,514,470,3
118059,17,502,519,3
118076,17,502,511,3
118092,17,512,477,3
118109,17,508,488,3
118125,17,502,503,3
118142,17,507,488,3
118159,17,508,479,3
118175,17,503,488,3
118192,17,487,480,3
118209,17,502,498,3
118225,17,516,486,3
118242,17,504,504,3
118259,17,498,501,3
118275,17,508,492,3
118292,17,511,472,3
118308,17,503,495,3
118325,17,502,482,3
118342,17,510,499,3
118358,17,512,472,3
118375,17,498,494,3
118392,17,512,482,3
118408,17,489,502,3
118425,17,481,522,3
118442,17,475,492,3
118458,17,474,478,3
118475,17,478,530,3
118491,17,476,497,3
118508,17,462,554,3
118525,17,467,540,3
118541,17,477,507,3
118558,17,469,531,3
118575,17,466,553,3
118591,17,461,566,3
118608,17,470,572,3
118625,17,467,552,3
118641,17,456,586,3
118658,17,464,571,3
118674,17,469,556,3
118691,17,470,557,3
118708,17,466,562,3
118724,17,470,558,3
118741,17,476,549,3
118758,17,462,542,3
118774,17,484,535,3
118791,17,465,573,3
118808,17,464,565,3
118824,17,466,588,3
118841,17,455,599,3
118857,17,508,517,3
118874,17,498,547,3
118891,17,508,546,3
118907,17,491,564,3
118924,17,493,542,3
118941,17,495,543,3
118957,17,501,514,3
118974,17,498,524,3
118991,17,510,529,3
119007,17,482,528,3
119024,17,466,492,3
119040,17,488,497,3
119057,17,479,464,3
119074,17,486,517,3
119090,17,491,495,3
119107,17,490,469,3
119124,17,486,491,3
119140,17,492,473,3
119157,17,488,482,3
119173,17,507,477,3
119190,17,499,435,3
119207,17,504,448,3
119223,17,502,463,3
119240,17,495,448,3
119257,17,499,443,3
119273,17,492,443,3
119290,17,495,435,3
119307,17,496,441,3
119323,17,485,463,3
119340,17,500,445,3
119356,17,492,442,3
119373,17,499,459,3
119390,17,495,438,3
119406,17,494,426,3
119423,17,491,448,3
119440,17,503,410,2
119456,17,497,450,3
119473,17,494,449,3
119490,17,500,442,3
119506,17,505,456,3
119523,17,501,396,2
119539,17,496,431,3
119556,17,487,466,3
119573,17,495,470,3
119589,17,505,451,3
119606,17,498,436,3
119623,17,497,457,3
119639,17,497,467,3
119656,17,500,455,3
119673,17,500,447,3
119689,17,497,411,2
119706,17,492,467,3
119722,17,496,421,5
119739,17,496,460,3
119756,17,500,455,3
119772,17,501,444,3
119789,17,497,458,3
119806,17,488,487,3
119822,17,511,471,3
119839,17,485,463,3
119856,17,498,466,3
119872,17,502,485,3
119889,17,484,500,3
119905,17,496,474,3
119922,17,493,468,3
119939,17,491,488,3
119955,17,482,482,3
119972,17,494,485,3
119989,17,492,483,3
120005,17,501,485,3
120022,17,482,486,3
120039,17,493,450,3
120055,17,495,483,3
120072,17,489,501,3
120088,17,483,490,3
120105,17,488,481,3
120122,17,503,453,3
120138,17,493,477,3
120155,17,481,477,3
120172,17,495,462,3
120188,17,493,477,3
120205,17,497,460,3
120221,17,498,465,3
120238,17,496,486,3
120255,17,501,431,3
120271,17,486,456,3
120288,17,504,457,3
120305,17,528,419,5
120321,17,539,406,2
120338,17,539,415,2
120355,17,538,383,2
120371,17,540,404,2
120388,17,544,416,2
120404,17,531,411,2
120421,17,546,428,3
120438,17,534,415,2
120454,17,540,400,2
120471,17,538,401,2
120488,17,536,407,2
120504,17,535,394,2
120521,17,538,415,2
120538,17,534,442,3
120554,17,537,409,2
120571,17,532,418,5
120587,17,533,432,3
120604,17,537,398,2
120621,17,534,408,2
120637,17,537,420,5
120654,17,531,415,2
120671,17,523,423,3
120687,17,538,408,2
120704,17,541,351,4
120721,17,536,383,2
120737,17,537,396,2
120754,17,523,399,2
120770,17,530,437,3
120787,17,535,444,3
120804,17,536,406,2
120820,17,532,425,3
120837,17,534,425,3
120854,17,528,434,3
120870,17,530,431,3
120887,17,531,452,3
120904,17,527,456,3
120920,17,529,413,2
120937,17,525,463,3
120953,17,494,485,3
120970,17,481,490,3
120987,17,485,478,3
121003,17,478,460,3
121020,17,478,469,3
121037,17,476,467,3
121053,17,485,448,3
121070,17,481,472,3
121087,17,481,468,3
121103,17,473,474,3
121120,17,474,512,3
121136,17,475,469,3
121153,17,478,464,3
121170,17,477,482,3
121186,17,480,493,3
121203,17,479,504,3
121220,17,482,493,3
121236,17,483,489,3
121253,17,485,480,3
121270,17,476,492,3
121286,17,485,465,3
121303,17,479,485,3
121319,17,478,480,3
121336,17,471,497,3
121353,17,474,479,3
121369,17,479,471,3
121386,17,476,470,3
121403,17,475,486,3
121419,17,481,484,3
121436,17,469,513,3
121452,17,479,476,3
121469,17,477,490,3
121486,17,474,500,3
121502,17,484,517,3
121519,17,473,518,3
121536,17,479,489,3
121552,17,478,496,3
121569,17,475,513,3
121586,17,477,506,3
121602,17,474,510,3
121619,17,472,496,3
121635,17,479,511,3
121652,17,469,497,3
121669,17,462,492,3
121685,17,479,502,3
121702,17,456,457,3
121719,17,473,472,3
121735,17,482,486,3
121752,17,477,458,3
121769,17,484,462,3
121785,17,482,465,3
121802,17,474,461,3
121818,17,469,486,3
121835,17,470,513,3
121852,17,427,782,0
121868,17,267,489,3
121952,83,395,1010,0
121968,17,422,822,0
121985,17,140,424,3
122001,17,455,612,3
122018,17,456,568,3
122035,17,466,538,3
122051,17,474,522,3
122068,17,470,517,3
122085,17,478,485,3
122101,17,467,457,3
122118,17,464,425,3
122135,17,475,462,3
122151,17,485,438,3
122168,17,478,416,2
122184,17,493,458,3
122201,17,480,423,3
122218,17,464,434,3
122234,17,501,394,2
122251,17,479,438,3
122268,17,487,414,2
122284,17,473,416,2
122301,17,494,416,2
122318,17,478,416,2
122334,17,454,420,3
122351,17,466,399,2
122367,17,484,367,2
122384,17,480,403,2
122401,17,489,427,3
122417,17,479,426,3
122434,17,482,425,3
122451,17,493,414,2
122467,17,484,487,3
122484,17,491,480,3
122501,17,473,470,3
122517,17,488,477,3
122534,17,480,490,3
122550,17,478,494,3
122567,17,488,496,3
122584,17,491,456,3
122600,17,482,492,3
122617,17,481,482,3
122634,17,479,489,3
122650,17,487,498,3
122667,17,476,505,3
122683,17,492,501,3
122700,17,486,504,3
122717,17,486,492,3
122733,17,482,497,3
122750,17,490,472,3
122767,17,483,510,3
122783,17,497,511,3
122800,17,483,519,3
122817,17,489,495,3
122833,17,488,478,3
122850,17,485,481,3
122866,17,468,495,3
122883,17,475,508,3
122900,17,470,493,3
122916,17,476,479,3
122933,17,480,419,3
122950,17,495,450,3
122966,17,492,440,3
122983,17,490,417,5
123000,17,494,417,5
123016,17,481,428,3
123033,17,493,408,2
123049,17,477,389,2
123066,17,496,406,2
123083,17,487,377,2
123099,17,477,425,3
123116,17,513,392,2
123133,17,475,402,2
123149,17,490,396,2
123166,17,484,406,2
123183,17,496,388,2
123199,17,498,404,2
123216,17,497,383,2
123232,17,490,409,2
123249,17,491,382,2
123266,17,496,370,2
123282,17,493,460,3
123299,17,458,731,3
123316,17,371,387,2
123399,83,44,567,3
123449,50,29,611,3
123465,17,111,370,0
123482,17,45,609,3
123499,17,62,644,3
123515,17,50,633,3
123532,17,27,645,3
123549,17,40,595,3
123565,17,65,594,3
123582,17,54,580,3
123598,17,76,594,3
123615,17,69,606,3
123632,17,85,603,3
123648,17,223,611,3
123665,17,388,535,3
123682,17,449,474,3
123698,17,449,449,3
123715,17,461,430,3
123731,17,448,477,3
123748,17,452,410,2
123765,17,458,438,3
123781,17,452,412,2
123798,17,459,410,2
123815,17,463,408,2
123831,17,465,385,2
123848,17,472,362,4
123865,17,468,359,4
123881,17,466,365,2
123898,17,474,384,2
123914,17,442,467,3
123931,17,387,1044,0
124297,366,687,234,1
124314,17,504,647,3
124330,17,458,640,3
124347,17,493,418,5
124364,17,506,343,4
124380,17,545,243,1
124397,17,530,194,1
124414,17,526,165,1
124430,17,535,129,0
124447,17,544,114,0
124463,17,543,125,0
124480,17,535,118,0
124497,17,541,109,0
124513,17,542,96,0
124530,17,544,90,0
124547,17,525,103,0
124563,17,530,106,0
124580,17,534,115,0
124597,17,537,121,0
124613,17,512,171,1
124630,17,521,211,1
124646,17,506,211,1
124663,17,465,609,3
124796,133,410,1047,0
124813,17,441,824,0
124829,17,461,654,3
124846,17,482,505,3
124863,17,472,449,3
124879,17,487,390,2
124896,17,523,322,4
124913,17,494,304,4
124929,17,499,277,0
124946,17,498,263,0
124962,17,506,256,1
124979,17,516,237,1
124996,17,506,239,1
125012,17,521,266,0
125029,17,516,217,1
125046,17,544,265,0
125062,17,579,264,0
125079,17,556,260,0
125096,17,552,256,1
125112,17,588,271,0
125129,17,582,251,1
125145,17,549,257,1
125162,17,586,258,1
125179,17,571,278,0
125195,17,587,270,0
125212,17,547,289,4
125229,17,575,274,0
125245,17,552,283,0
125262,17,550,287,0
125279,17,551,283,0
125295,17,576,281,0
125312,17,557,278,0
125328,17,554,264,0
125345,17,540,284,0
125362,17,569,268,0
125378,17,536,310,4
125395,17,550,296,4
125412,17,552,307,4
125428,17,549,318,4
125445,17,536,314,4
125462,17,578,314,4
125478,17,556,276,0
125495,17,544,319,4
125511,17,553,313,4
125528,17,546,311,4
125545,17,549,338,4
125561,17,545,318,4
125578,17,553,331,4
125595,17,538,328,4
125611,17,551,345,4
125628,17,550,340,4
125645,17,551,307,4
125661,17,534,356,4
125678,17,542,334,4
125694,17,531,366,2
125711,17,540,329,4
125728,17,547,329,4
125744,17,548,357,4
125761,17,540,336,4
125778,17,550,327,4
125794,17,555,326,4
125811,17,546,338,4
125828,17,561,382,2
125844,17,542,353,4
125861,17,545,361,4
125877,17,548,352,4
125894,17,526,369,2
125911,17,526,376,2
125927,17,518,350,4
125944,17,516,353,4
125961,17,514,360,4
125977,17,518,363,4
125994,17,513,350,4
126010,17,533,345,4
126027,17,522,317,4
126044,17,529,352,4
126060,17,517,326,4
126077,17,531,355,4
126094,17,517,368,2
126110,17,535,343,4
126127,17,532,375,2
126144,17,535,328,4
126160,17,525,353,4
126177,17,522,334,4
126193,17,519,335,4
126210,17,513,357,4
126227,17,538,349,4
126243,17,523,334,4
126260,17,520,361,4
126277,17,547,347,4
126293,17,533,335,4
126310,17,536,373,2
126327,17,524,363,4
126343,17,539,345,4
126360,17,536,317,4
126376,17,547,321,4
126393,17,558,370,2
126410,17,547,354,4
126426,17,537,360,4
126443,17,540,360,4
126460,17,535,354,4
126476,17,538,345,4
126493,17,536,349,4
126510,17,519,346,4
126526,17,529,389,2
126543,17,534,376,2
126559,17,518,387,2
126576,17,530,362,4
126593,17,534,375,2
126609,17,526,348,4
126626,17,526,376,2
126643,17,524,373,2
126659,17,535,326,4
126693,33,541,340,4
126709,17,533,363,4
126726,17,544,373,2
126742,17,533,340,4
126759,17,528,372,2
126776,17,537,362,4
126792,17,557,377,2
126809,17,527,387,2
126826,17,526,393,2
126842,17,537,353,4
126859,17,532,384,2
126876,17,535,372,2
126892,17,538,383,2
126909,17,531,400,2
126925,17,543,395,2
126942,17,534,402,2
126959,17,540,383,2
126975,17,529,403,2
126992,17,532,421,5
127009,17,546,420,5
127025,17,533,426,3
127042,17,539,405,2
127059,17,519,423,3
127075,17,488,472,3
127092,17,493,437,3
127108,17,500,446,3
127125,17,491,447,3
127142,17,496,478,3
127158,17,486,469,3
127175,17,499,486,3
127192,17,486,428,3
127208,17,493,445,3
127225,17,507,405,2
127241,17,489,455,3
127258,17,495,460,3
127275,17,499,455,3
127291,17,483,416,2
127308,17,488,432,3
127325,17,484,403,2
127341,17,501,409,2
127358,17,502,400,2
127375,17,503,393,2
127391,17,508,385,2
127408,17,506,414,2
127424,17,506,397,2
127441,17,507,381,2
127458,17,500,357,4
127474,17,504,385,2
127491,17,507,375,2
127508,17,508,374,2
127524,17,504,347,4
127541,17,520,350,4
127558,17,523,347,4
127574,17,515,353,4
127591,17,511,344,4
127607,17,510,347,4
127624,17,516,350,4
127641,17,519,337,4
127657,17,493,370,2
127674,17,527,364,4
127691,17,526,337,4
127707,17,527,383,2
127724,17,516,362,4
127741,17,537,351,4
127757,17,529,362,4
127774,17,532,342,4
127790,17,527,362,4
127807,17,531,368,2
127824,17,534,334,4
127840,17,533,344,4
127857,17,531,363,4
127874,17,527,366,2
127890,17,525,392,2
127907,17,534,361,4
127924,17,528,357,4
127940,17,533,362,4
127957,17,532,350,4
127973,17,526,381,2
127990,17,542,364,4
128007,17,518,364,4
128023,17,526,372,2
128040,17,523,389,2
128057,17,527,411,2
128073,17,526,379,2
128090,17,524,393,2
128107,17,530,373,2
128123,17,527,369,2
128140,17,513,382,2
128156,17,518,398,2
128173,17,535,360,4
128190,17,570,357,4
128206,17,584,268,0
128223,17,595,279,0
128240,17,578,311,4
128256,17,586,251,1
128273,17,609,295,4
128289,17,597,291,4
128306,17,602,284,0
128323,17,603,246,1
128339,17,586,270,0
128356,17,588,263,0
128373,17,580,274,0
128389,17,604,277,0
128406,17,590,276,0
128423,17,592,327,4
128439,17,603,200,1
128456,17,605,265,0
128472,17,603,278,0
128489,17,599,251,1
128506,17,605,271,0
128522,17,606,271,0
128539,17,598,288,4
128556,17,604,286,0
128572,17,578,293,4
128589,17,588,245,1
128606,17,576,294,4
128622,17,615,292,0
128639,17,603,303,4
128655,17,565,310,4
128672,17,605,305,4
128689,17,601,292,4
128705,17,580,290,4
128722,17,612,288,4
128739,17,599,323,4
128755,17,609,303,4
128772,17,572,301,4
128789,17,577,322,4
128805,17,602,318,4
128822,17,602,332,4
128838,17,588,327,4
128855,17,581,351,4
128872,17,580,331,4
128888,17,570,352,4
128905,17,583,332,4
128922,17,597,318,4
128938,17,597,226,1
128955,17,603,282,0
128972,17,606,250,1
128988,17,614,232,1
129005,17,612,244,1
129021,17,605,229,1
129038,17,608,275,0
129055,17,576,268,0
129071,17,598,262,0
129088,17,599,247,1
129105,17,616,259,1
129121,17,617,216,1
129138,17,599,246,1
129155,17,606,249,1
129171,17,610,272,0
129188,17,575,257,1
129204,17,566,258,1
129221,17,572,215,1
129238,17,564,236,1
129254,17,564,225,1
129271,17,565,217,1
129288,17,565,234,1
129304,17,564,230,1
129321,17,568,262,0
129338,17,568,223,1
129354,17,571,236,1
129371,17,572,207,1
129387,17,572,249,1
129404,17,568,233,1
129421,17,569,241,1
129437,17,573,229,1
129454,17,565,247,1
129471,17,568,247,1
129487,17,564,242,1
129504,17,569,227,1
129520,17,569,242,1
129537,17,564,229,1
129554,17,566,239,1
129570,17,559,262,0
129587,17,561,238,1
129604,17,569,248,1
129620,17,568,285,0
129637,17,566,260,0
129654,17,562,254,1
129670,17,563,258,1
129687,17,559,275,0
129703,17,568,281,0
129720,17,565,266,0
129737,17,557,256,1
129753,17,557,287,0
129770,17,561,316,4
129787,17,554,305,4
129803,17,552,309,4
129820,17,564,294,4
129837,17,560,293,4
129853,17,566,264,0
129870,17,548,300,4
129886,17,531,316,4
129903,17,553,307,4
129920,17,550,324,4
129936,17,557,336,4
129953,17,589,349,4
129970,17,551,370,2
129986,17,546,359,4
130003,17,545,364,4
130020,17,550,364,4
130036,17,547,387,2
130053,17,538,364,4
130069,17,543,375,2
130086,17,547,337,4
130103,17,544,389,2
130119,17,547,389,2
130136,17,551,370,2
130153,17,539,359,4
130169,17,542,365,2
130186,17,559,415,2
130203,17,613,420,3
130219,17,708,410,2
130236,17,701,394,2
130252,17,701,397,2
130269,17,700,378,2
130286,17,713,376,2
130302,17,700,416,2
130319,17,713,387,2
130336,17,714,370,2
130352,17,696,387,2
130369,17,701,393,2
130386,17,704,360,0
130402,17,719,386,2
130419,17,703,374,2
130435,17,704,390,2
130452,17,701,383,2
130469,17,720,392,2
130485,17,716,390,2
130502,17,697,426,3
130535,0,690,400,2
130535,33,690,400,2
130552,17,704,390,2
130568,17,699,412,2
130585,17,699,422,3
130602,17,703,438,3
130618,17,703,463,3
130635,17,706,446,3
130652,17,699,437,3
130668,17,718,443,3
130685,17,701,467,3
130702,17,702,484,3
130718,17,709,483,3
130735,17,703,470,3
130751,17,706,479,3
130768,17,709,504,3
130785,17,668,534,3
130801,17,538,622,3
130818,17,463,631,3
130835,17,473,661,3
130851,17,467,634,3
130868,17,474,649,3
130885,17,478,650,3
130901,17,462,639,3
130918,17,480,616,3
130934,17,476,645,3
130951,17,473,650,3
130968,17,473,654,3
130984,17,460,678,3
131001,17,467,673,3
131018,17,474,689,3
131034,17,475,677,3
131051,17,469,674,3
131068,17,477,668,3
131084,17,456,743,3
131101,17,482,659,3
131117,17,478,572,3
131134,17,484,528,3
131151,17,489,520,3
131167,17,488,529,3
131184,17,494,502,3
131201,17,486,503,3
131217,17,484,480,3
131234,17,490,484,3
131251,17,493,471,3
131267,17,497,463,3
131284,17,493,465,3
131300,17,493,464,3
131317,17,495,458,3
131334,17,495,451,3
131350,17,497,437,3
131367,17,501,425,3
131384,17,499,428,3
131400,17,495,458,3
131417,17,500,443,3
131434,17,503,411,2
131450,17,498,449,3
131467,17,499,441,3
131483,17,503,430,3
131500,17,500,453,3
131517,17,500,468,3
131533,17,494,466,3
131550,17,500,457,3
131567,17,503,436,3
131583,17,497,471,3
131600,17,494,481,3
131617,17,495,465,3
131633,17,496,438,3
131650,17,492,459,3
131666,17,498,478,3
131683,17,497,465,3
131700,17,494,463,3
131716,17,495,460,3
131733,17,491,494,3
131750,17,497,494,3
131766,17,495,474,3
131783,17,503,492,3
131799,17,495,462,3
131816,17,497,451,3
131833,17,489,485,3
131849,17,495,455,3
131866,17,503,458,3
131883,17,510,482,3
131899,17,508,483,3
131916,17,512,486,3
131933,17,516,469,3
131949,17,512,452,3
131966,17,508,436,3
131982,17,511,468,3
131999,17,511,496,3
132016,17,513,488,3
132032,17,509,503,3
132049,17,511,494,3
132066,17,504,514,3
132082,17,511,504,3
132099,17,513,515,3
132116,17,512,499,3
132132,17,527,518,3
132149,17,537,473,3
132165,17,537,457,3
132182,17,537,451,3
132199,17,539,463,3
132215,17,538,465,3
132232,17,542,439,3
132249,17,537,456,3
132265,17,541,430,3
132282,17,541,450,3
132299,17,541,445,3
132315,17,538,455,3
132332,17,540,463,3
132348,17,539,461,3
132365,17,539,453,3
132382,17,537,483,3
132398,17,542,459,3
132415,17,538,433,3
132432,17,543,450,3
132448,17,538,436,3
132465,17,539,455,3
132482,17,559,445,3
132498,17,561,426,3
132515,17,558,419,5
132531,17,560,419,5
132548,17,558,427,3
132565,17,557,423,3
132581,17,557,423,3
132598,17,558,433,3
132615,17,557,425,3
132631,17,558,421,5
132648,17,559,431,3
132665,17,557,431,3
132681,17,558,428,3
132698,17,560,434,3
132714,17,555,438,3
132731,17,559,444,3
132748,17,559,443,3
132764,17,555,469,3
132781,17,555,428,3
132798,17,563,425,3
132814,17,560,454,3
132831,17,557,442,3
132848,17,552,471,3
132864,17,559,458,3
132881,17,557,454,3
132897,17,561,435,3
132914,17,560,444,3
132931,17,561,438,3
132947,17,562,451,3
132964,17,547,493,3
132981,17,519,509,3
132997,17,504,524,3
133014,17,511,529,3
133030,17,505,518,3
133047,17,500,555,3
133064,17,502,500,3
133080,17,510,525,3
133097,17,506,530,3
133114,17,506,537,3
133130,17,503,548,3
133147,17,514,543,3
133164,17,499,564,3
133180,17,498,568,3
133197,17,500,588,3
133213,17,495,573,3
133230,17,495,620,3
133247,17,497,600,3
133263,17,494,628,3
133280,17,506,625,3
133297,17,501,632,3
133313,17,505,643,3
133330,17,505,635,3
133347,17,491,648,3
133363,17,504,625,3
133380,17,509,592,3
133396,17,505,644,3
133413,17,506,632,3
133430,17,500,615,3
133446,17,501,632,3
133463,17,503,657,3
133480,17,501,654,3
133496,17,487,658,3
133513,17,505,654,3
133530,17,496,640,3
133546,17,501,670,3
133563,17,501,670,3
133579,17,498,638,3
133596,17,496,678,3
133613,17,501,657,3
133629,17,495,681,3
133646,17,498,675,3
133663,17,494,690,3
133679,17,492,674,3
133696,17,466,710,3
133713,17,464,675,3
133729,17,467,707,3
133746,17,465,696,3
133762,17,461,705,3
133779,17,469,701,3
133796,17,466,712,3
133812,17,462,718,3
133829,17,475,721,3
133846,17,463,713,3
133862,17,463,724,3
133879,17,462,723,3
133896,17,470,715,3
133912,17,466,740,3
133929,17,469,733,3
133945,17,468,717,3
133962,17,484,724,3
133979,17,486,726,3
133995,17,482,737,3
134012,17,498,733,3
134029,17,486,699,3
134045,17,492,687,3
134062,17,492,681,3
134078,17,494,708,3
134095,17,514,700,3
134112,17,484,724,3
134128,17,486,692,3
134145,17,486,709,3
134162,17,482,709,3
134178,17,488,728,3
134195,17,490,699,3
134212,17,485,732,3
134228,17,483,729,3
134245,17,496,729,3
134261,17,483,724,3
134278,17,486,744,3
134295,17,485,750,3
134311,17,491,744,3
134328,17,486,751,3
134345,17,482,755,3
134361,17,480,768,0
134378,17,501,756,3
134395,17,484,775,0
134411,17,484,756,3
134428,17,488,751,3
134444,17,487,753,3
134461,17,466,864,0
134478,17,485,785,0
134494,17,476,802,0
134511,17,474,795,0
134528,17,478,810,0
134544,17,507,805,0
134561,17,537,787,0
134578,17,580,806,0
134594,17,583,775,0
134611,17,578,790,0
134627,17,563,863,0
134644,17,576,786,0
134661,17,577,806,0
134677,17,575,807,0
134694,17,572,805,0
134727,33,607,788,0
134744,17,599,909,0
134761,17,611,798,0
134777,17,637,444,3
134794,17,619,798,0
134810,17,611,792,0
134827,17,612,827,0
134844,17,614,806,0
134860,17,637,452,3
134877,17,642,468,3
134894,17,615,784,0
134910,17,635,465,3
134927,17,636,476,3
134944,17,637,486,3
134960,17,637,456,3
134977,17,616,796,0
134993,17,615,807,0
135010,17,635,439,3
135027,17,643,443,3
135043,17,610,827,0
135060,17,636,411,2
135077,17,637,415,2
135093,17,639,460,3
135110,17,618,431,3
135127,17,557,845,0
135143,17,476,808,0
135160,17,454,727,3
135176,17,495,586,3
135193,17,484,593,3
135210,17,485,592,3
135226,17,487,552,3
135243,17,494,530,3
135260,17,495,524,3
135276,17,498,507,3
135293,17,492,502,3
135309,17,499,453,3
135326,17,503,469,3
135343,17,513,419,5
135359,17,507,411,2
135376,17,503,443,3
135393,17,502,396,2
135409,17,502,404,2
135426,17,496,409,2
135443,17,555,412,2
135459,17,520,389,2
135476,17,509,372,2
135492,17,518,385,2
135509,17,508,371,2
135526,17,509,355,4
135542,17,520,401,2
135559,17,570,348,4
135576,17,540,386,2
135592,17,534,372,2
135609,17,516,361,4
135626,17,518,389,2
135642,17,522,377,2
135659,17,519,377,2
135675,17,529,365,2
135692,17,514,394,2
135709,17,510,399,2
135725,17,509,399,2
135742,17,514,399,2
135759,17,511,405,2
135775,17,512,351,4
135792,17,511,392,2
135809,17,512,407,2
135825,17,516,378,2
135842,17,514,361,4
135858,17,510,420,5
135875,17,524,398,2
135892,17,512,381,2
135908,17,514,387,2
135925,17,516,389,2
135942,17,511,400,2
135958,17,512,433,3
135975,17,510,442,3
135992,17,509,430,3
136008,17,511,423,3
136025,17,507,411,2
136041,17,508,414,2
136058,17,503,417,5
136075,17,510,444,3
136091,17,501,434,3
136108,17,506,473,3
136125,17,509,432,3
136141,17,502,462,3
136158,17,509,430,3
136175,17,505,447,3
136191,17,501,446,3
136208,17,511,433,3
136224,17,503,462,3
136241,17,521,419,5
136258,17,510,423,3
136274,17,506,431,3
136291,17,514,403,2
136308,17,510,392,2
136324,17,509,366,2
136341,17,517,377,2
136357,17,500,384,2
136374,17,518,389,2
136391,17,506,383,2
136407,17,534,397,2
136424,17,551,364,4
136441,17,553,356,4
136457,17,560,323,4
136474,17,568,332,4
136491,17,551,332,4
136507,17,563,311,4
136524,17,578,345,4
136540,17,565,313,4
136557,17,575,320,4
136574,17,556,301,4
136590,17,599,315,4
136607,17,561,315,4
136624,17,558,350,4
136640,17,565,357,4
136657,17,569,329,4
136674,17,553,340,4
136690,17,555,316,4
136707,17,557,345,4
136723,17,563,356,4
136740,17,513,423,3
136757,17,492,437,3
136773,17,491,430,3
136790,17,494,424,3
136807,17,497,386,2
136823,17,488,438,3
136840,17,475,460,3
136857,17,494,443,3
136873,17,490,454,3
136890,17,492,445,3
136906,17,489,432,3
136923,17,488,468,3
136940,17,490,436,3
136956,17,483,468,3
136973,17,486,503,3
136990,17,489,442,3
137006,17,493,461,3
137023,17,502,471,3
137040,17,515,458,3
137056,17,515,434,3
137073,17,502,470,3
137089,17,497,489,3
137106,17,510,459,3
137123,17,512,461,3
137139,17,507,478,3
137156,17,516,463,3
137173,17,523,483,3
137189,17,522,465,3
137206,17,548,416,2
137223,17,548,434,3
137239,17,547,425,3
137256,17,547,452,3
137272,17,556,437,3
137289,17,547,444,3
137306,17,544,413,2
137322,17,559,450,3
137339,17,539,472,3
137356,17,540,457,3
137372,17,536,454,3
137389,17,543,464,3
137406,17,542,467,3
137422,17,552,452,3
137439,17,545,462,3
137455,17,549,467,3
137472,17,556,486,3
137489,17,546,468,3
137505,17,549,457,3
137522,17,546,451,3
137539,17,552,454,3
137555,17,553,446,3
137572,17,553,468,3
137588,17,546,494,3
137605,17,553,480,3
137622,17,552,448,3
137638,17,548,480,3
137655,17,552,447,3
137672,17,549,462,3
137688,17,551,457,3
137705,17,554,408,2
137722,17,553,438,3
137738,17,554,410,2
137755,17,548,449,3
137771,17,556,426,3
137788,17,557,418,5
137805,17,555,414,2
137821,17,554,414,2
137838,17,557,424,3
137855,17,560,410,2
137871,17,562,412,2
137888,17,553,426,3
137905,17,555,432,3
137921,17,559,412,2
137938,17,552,433,3
137954,17,550,448,3
137971,17,551,432,3
137988,17,554,423,3
138004,17,553,449,3
138021,17,543,440,3
138038,17,553,444,3
138054,17,555,411,2
138071,17,555,429,3
138088,17,550,456,3
138104,17,555,428,3
138121,17,550,455,3
138137,17,549,451,3
138154,17,552,436,3
138171,17,553,434,3
138187,17,558,440,3
138204,17,561,424,3
138221,17,555,419,5
138237,17,557,440,3
138254,17,554,447,3
138271,17,556,466,3
138287,17,556,455,3
138304,17,557,427,3
138320,17,556,438,3
138337,17,543,471,3
138354,17,557,458,3
138370,17,558,443,3
138387,17,554,463,3
138404,17,553,456,3
138420,17,553,426,3
138437,17,556,444,3
138454,17,552,480,3
138470,17,553,472,3
138487,17,565,442,3
138503,17,558,437,3
138520,17,551,461,3
138537,17,550,485,3
138553,17,558,455,3
138570,17,553,481,3
138587,17,560,452,3
138603,17,564,448,3
138620,17,569,435,3
138636,17,562,436,3
138653,17,563,454,3
138670,17,558,469,3
138686,17,544,468,3
138703,17,526,505,3
138720,17,533,488,3
138736,17,538,462,3
138753,17,541,456,3
138770,17,534,485,3
138786,17,538,453,3
138803,17,536,466,3
138819,17,536,473,3
138836,17,539,451,3
138853,17,541,450,3
138869,17,539,460,3
138886,17,541,456,3
138903,17,560,459,3
138919,17,559,444,3
138936,17,555,456,3
138953,17,557,423,3
138969,17,560,449,3
138986,17,556,458,3
139002,17,556,468,3
139019,17,548,476,3
139036,17,556,474,3
139052,17,556,444,3
139069,17,557,461,3
139086,17,557,470,3
139102,17,553,470,3
139119,17,557,473,3
139136,17,558,470,3
139152,17,541,496,3
139169,17,488,536,3
139185,17,487,495,3
139202,17,489,500,3
139219,17,485,499,3
139235,17,481,507,3
139252,17,482,497,3
139269,17,482,493,3
139285,17,482,503,3
139302,17,491,480,3
139319,17,488,477,3
139335,17,486,504,3
139352,17,486,491,3
139368,17,489,530,3
139385,17,474,531,3
139402,17,485,530,3
139418,17,488,511,3
139435,17,490,506,3
139452,17,494,499,3
139468,17,512,511,3
139485,17,491,504,3
139502,17,497,488,3
139518,17,492,496,3
139535,17,495,476,3
139551,17,499,484,3
139568,17,483,476,3
139585,17,490,476,3
139601,17,426,512,3
139618,17,309,571,3
139635,17,174,591,3
139651,17,99,587,3
139668,17,54,562,3
139685,17,45,595,3
139718,33,8,656,3
139734,17,56,540,3
139751,17,39,614,3
139768,17,63,601,3
139784,17,25,666,3
139801,17,30,650,3
139818,17,15,656,3
139851,33,4,683,3
139867,17,5,680,3
139901,33,4,666,3
139934,33,12,674,3
139984,50,9,709,3
140001,17,18,701,3
140017,17,15,684,3
140050,33,21,633,3
140067,17,138,545,3
140084,17,309,460,3
140100,17,503,339,4
140117,17,527,348,4
140134,17,532,285,0
140150,17,528,299,4
140167,17,522,306,4
140184,17,515,321,4
140200,17,519,323,4
140217,17,524,321,4
140233,17,529,317,4
140250,17,496,338,4
140267,17,525,339,4
140283,17,487,337,4
140300,17,515,331,4
140317,17,515,327,4
140333,17,524,321,4
140350,17,520,325,4
140367,17,517,319,4
140383,17,515,328,4
140400,17,520,345,4
140416,17,538,322,4
140433,17,549,276,0
140450,17,556,249,1
140466,17,551,273,0
140483,17,559,273,0
140500,17,553,273,0
140516,17,551,283,0
140533,17,549,264,0
140550,17,548,252,1
140566,17,548,228,1
140583,17,544,262,0
140599,17,544,247,1
140616,17,567,215,1
140633,17,573,252,1
140649,17,573,231,1
140666,17,574,243,1
140683,17,570,263,0
140699,17,569,276,0
140716,17,569,239,1
140733,17,578,227,1
140749,17,571,218,1
140766,17,576,218,1
140782,17,576,243,1
140799,17,574,273,0
140816,17,577,251,1
140832,17,574,265,0
140849,17,572,256,1
140866,17,570,267,0
140882,17,576,262,0
140899,17,567,305,4
140916,17,575,249,1
140932,17,557,310,4
140949,17,535,290,4
140965,17,540,322,4
140982,17,532,298,4
140999,17,524,311,4
141015,17,551,261,0
141032,17,529,283,0
141049,17,529,332,4
141065,17,532,307,4
141082,17,520,334,4
141098,17,520,366,2
141115,17,509,384,2
141132,17,506,382,2
141148,17,539,350,4
141165,17,560,349,4
141182,17,566,383,2
141198,17,565,359,4
141215,17,558,358,4
141232,17,559,382,2
141248,17,556,390,2
141265,17,538,396,2
141281,17,544,402,2
141298,17,545,417,5
141315,17,555,374,2
141331,17,560,394,2
141348,17,553,391,2
141365,17,534,429,3
141381,17,542,417,5
141398,17,543,406,2
141415,17,551,407,2
141431,17,545,404,2
141448,17,540,399,2
141464,17,544,377,2
141481,17,555,403,2
141498,17,538,397,2
141514,17,538,420,5
141531,17,536,399,2
141548,17,537,387,2
141564,17,540,376,2
141581,17,538,345,4
141598,17,540,358,4
141614,17,542,385,2
141631,17,543,366,2
141647,17,543,374,2
141664,17,539,355,4
141681,17,540,358,4
141697,17,538,376,2
141714,17,539,378,2
141731,17,513,348,4
141747,17,513,304,4
141764,17,526,260,0
141781,17,522,254,1
141797,17,525,230,1
141814,17,530,234,1
141830,17,534,205,1
141847,17,545,185,1
141864,17,548,227,1
141880,17,546,180,1
141897,17,542,201,1
141914,17,530,150,1
141930,17,540,207,1
141947,17,563,155,1
141964,17,536,170,1
141980,17,525,200,1
141997,17,528,207,1
142013,17,539,199,1
142030,17,519,283,0
142047,17,481,629,3
142280,233,457,996,0
142296,17,474,863,0
142313,17,480,739,3
142329,17,486,628,3
142346,17,504,543,3
142363,17,506,486,3
142379,17,504,434,3
142396,17,517,406,2
142413,17,534,380,2
142429,17,527,388,2
142446,17,524,366,2
142463,17,532,367,2
142479,17,506,372,2
142496,17,538,335,4
142512,17,516,364,4
142529,17,516,353,4
142546,17,507,358,4
142562,17,522,372,2
142579,17,501,365,2
142596,17,531,378,2
142612,17,507,336,4
142629,17,531,368,2
142646,17,532,356,4
142662,17,520,373,2
142679,17,536,364,4
142695,17,507,375,2
142712,17,507,384,2
142729,17,531,410,2
142745,17,515,411,2
142762,17,536,414,2
142779,17,547,413,2
142795,17,540,453,3
142812,17,536,442,3
142829,17,545,438,3
142845,17,536,405,2
142862,17,539,411,2
142878,17,547,385,2
142895,17,547,398,2
142912,17,545,420,5
142928,17,544,384,2
142945,17,542,431,3
142962,17,539,423,3
142978,17,543,425,3
142995,17,545,391,2
143012,17,538,426,3
143028,17,542,425,3
143045,17,547,433,3
143061,17,542,425,3
143078,17,540,439,3
143095,17,543,431,3
143111,17,544,460,3
143128,17,539,455,3
143145,17,535,449,3
143161,17,539,455,3
143178,17,540,444,3
143195,17,538,465,3
143211,17,543,446,3
143228,17,528,461,3
143244,17,473,507,3
143261,17,481,485,3
143278,17,475,507,3
143294,17,485,501,3
143311,17,481,510,3
143328,17,476,501,3
143344,17,477,533,3
143361,17,458,758,3
143377,17,532,351,4
143743,366,746,454,3
143760,17,521,1063,0
143793,33,429,806,0
143810,17,464,602,3
143827,17,471,434,3
143843,17,480,320,4
143860,17,510,246,1
143877,17,512,228,1
143893,17,506,189,1
143910,17,540,142,1
143926,17,508,141,1
143943,17,507,246,1
143960,17,497,329,4
143976,17,499,341,4
143993,17,513,320,4
144010,17,519,328,4
144026,17,524,308,4
144043,17,518,323,4
144060,17,515,327,4
144076,17,510,318,4
144093,17,519,331,4
144109,17,515,333,4
144126,17,517,343,4
144143,17,481,348,4
144159,17,523,352,4
144176,17,481,326,4
144193,17,510,318,4
144209,17,481,336,4
144226,17,496,326,4
144243,17,524,206,1
144259,17,508,185,1
144276,17,531,186,1
144292,17,508,183,1
144309,17,531,218,1
144326,17,523,193,1
144342,17,524,213,1
144359,17,527,185,1
144376,17,521,189,1
144392,17,511,160,1
144409,17,509,149,1
144425,17,529,145,1
144442,17,504,284,0
144459,17,417,922,0
144608,150,395,365,2
144625,17,396,1065,0
144642,17,420,911,0
144658,17,455,757,3
144675,17,421,643,3
144692,17,447,521,3
144708,17,470,473,3
144725,17,461,442,3
144742,17,497,401,2
144758,17,467,384,2
144775,17,485,377,2
144791,17,470,351,4
144808,17,466,362,4
144825,17,483,372,2
144841,17,471,363,4
144858,17,484,388,2
144875,17,485,392,2
144891,17,477,375,2
144908,17,463,392,2
144925,17,461,374,2
144941,17,467,379,2
144958,17,468,402,2
144974,17,449,408,2
144991,17,474,387,2
145008,17,474,409,2
145024,17,490,364,4
145041,17,483,369,2
145058,17,490,389,2
145074,17,482,421,3
145091,17,488,432,3
145108,17,475,434,3
145124,17,481,421,3
145141,17,483,405,2
145157,17,480,407,2
145174,17,489,400,2
145191,17,478,416,2
145207,17,494,409,2
145224,17,481,395,2
145241,17,472,427,3
145257,17,488,438,3
145274,17,467,413,2
145291,17,478,439,3
145307,17,470,445,3
145324,17,481,466,3
145340,17,480,456,3
145357,17,485,448,3
145374,17,469,479,3
145390,17,478,463,3
145407,17,475,450,3
145424,17,478,439,3
145440,17,480,441,3
145457,17,465,469,3
145474,17,473,460,3
145490,17,472,442,3
145507,17,453,474,3
145523,17,475,465,3
145540,17,489,424,3
145557,17,474,449,3
145573,17,477,432,3
145590,17,475,469,3
145607,17,482,458,3
145623,17,514,461,3
145640,17,520,459,3
145656,17,531,407,2
145673,17,521,439,3
145690,17,521,427,3
145706,17,528,425,3
145723,17,533,412,2
145740,17,525,431,3
145756,17,524,451,3
145773,17,520,447,3
145790,17,520,460,3
145806,17,534,409,2
145823,17,544,429,3
145839,17,550,439,3
145856,17,553,436,3
145873,17,547,422,3
145889,17,546,408,2
145906,17,544,432,3
145923,17,543,419,5
145939,17,544,435,3
145956,17,546,444,3
145973,17,548,432,3
145989,17,547,427,3
146006,17,551,413,2
146022,17,545,405,2
146039,17,548,416,2
146056,17,551,394,2
146072,17,541,447,3
146089,17,543,442,3
146106,17,542,423,3
146122,17,545,465,3
146139,17,538,435,3
146156,17,544,455,3
146172,17,541,458,3
146189,17,535,446,3
146205,17,542,476,3
146222,17,534,468,3
146239,17,539,432,3
146255,17,531,464,3
146272,17,535,438,3
146289,17,532,447,3
146305,17,537,427,3
146322,17,540,403,2
146339,17,525,417,5
146355,17,541,386,2
146372,17,537,386,2
146388,17,544,397,2
146405,17,554,349,4
146422,17,543,336,4
146438,17,559,288,4
146455,17,557,269,0
146472,17,560,264,0
146488,17,562,242,1
146505,17,558,273,0
146522,17,560,260,0
146538,17,556,285,0
146555,17,567,279,0
146571,17,560,286,0
146588,17,560,279,0
146605,17,560,271,0
146621,17,554,273,0
146638,17,558,279,0
146655,17,559,281,0
146671,17,558,290,4
146688,17,549,297,4
146704,17,563,273,0
146721,17,543,272,0
146738,17,576,245,1
146754,17,571,255,1
146771,17,574,239,1
146788,17,547,254,1
146804,17,577,235,1
146821,17,557,254,1
146838,17,564,219,1
146854,17,560,222,1
146871,17,560,240,1
146887,17,564,229,1
146904,17,570,231,1
146921,17,544,222,1
146937,17,502,253,1
146954,17,487,245,1
146971,17,484,238,1
146987,17,482,238,1
147004,17,491,235,1
147021,17,493,243,1
147037,17,491,251,1
147054,17,491,247,1
147070,17,494,236,1
147087,17,491,254,1
147104,17,495,224,1
147120,17,492,217,1
147137,17,476,241,1
147154,17,475,241,1
147170,17,471,254,1
147187,17,474,259,1
147204,17,467,250,1
147220,17,468,247,1
147237,17,472,224,1
147253,17,463,240,1
147270,17,457,275,0
147287,17,490,266,0
147303,17,515,274,0
147320,17,517,253,1
147337,17,519,273,0
147353,17,515,279,0
147370,17,515,262,0
147387,17,514,284,0
147403,17,510,266,0
147420,17,509,278,0
147436,17,501,282,0
147453,17,512,275,0
147470,17,511,276,0
147486,17,506,275,0
147503,17,512,276,0
147520,17,504,265,0
147536,17,517,268,0
147553,17,514,255,1
147570,17,514,264,0
147586,17,510,248,1
147603,17,509,251,1
147619,17,511,265,0
147636,17,517,256,1
147653,17,517,261,0
147669,17,510,272,0
147686,17,513,266,0
147703,17,509,262,0
147719,17,514,260,0
147736,17,514,255,1
147753,17,513,266,0
147769,17,516,256,1
147786,17,515,261,0
147802,17,504,270,0
147819,17,512,272,0
147836,17,513,264,0
147852,17,512,269,0
147886,0,514,281,0
147886,33,514,281,0
147902,17,517,276,0
147919,17,509,289,4
147935,17,506,297,4
147952,17,493,322,4
147969,17,514,266,0
147985,17,512,259,1
148002,17,513,279,0
148019,17,514,262,0
148035,17,500,285,0
148052,17,511,251,1
148069,17,510,281,0
148085,17,508,286,0
148102,17,517,289,4
148118,17,507,289,4
148135,17,512,285,0
148152,17,510,280,0
148168,17,507,284,0
148185,17,504,288,4
148202,17,514,278,0
148218,17,509,285,0
148235,17,511,292,4
148252,17,510,273,0
148268,17,525,259,1
148285,17,557,234,1
148301,17,571,233,1
148318,17,568,247,1
148335,17,570,216,1
148351,17,565,223,1
148368,17,573,220,1
148385,17,567,233,1
148401,17,570,220,1
148418,17,571,221,1
148435,17,568,236,1
148451,17,558,260,0
148468,17,570,246,1
148484,17,558,247,1
148501,17,565,243,1
148518,17,566,229,1
148534,17,557,249,1
148551,17,566,240,1
148568,17,565,249,1
148584,17,567,250,1
148601,17,563,250,1
148618,17,564,229,1
148634,17,561,245,1
148651,17,562,259,1
148667,17,559,258,1
148684,17,571,262,0
148701,17,566,245,1
148717,17,560,258,1
148734,17,563,264,0
148751,17,559,267,0
148767,17,560,256,1
148784,17,568,249,1
148801,17,564,253,1
148817,17,566,250,1
148834,17,557,266,0
148850,17,559,234,1
148867,17,581,205,1
148884,17,577,234,1
148900,17,576,171,1
148917,17,558,223,1
148934,17,571,213,1
148950,17,574,176,1
148967,17,571,208,1
148983,17,571,240,1
149000,17,574,201,1
149017,17,545,214,1
149033,17,551,236,1
149050,17,467,317,4
149067,17,362,400,2
149083,17,340,406,2
149100,17,329,416,2
149117,17,332,442,3
149133,17,336,416,2
149150,17,334,416,2
149166,17,333,387,2
149183,17,341,407,2
149200,17,333,449,3
149216,17,332,450,3
149233,17,340,419,3
149250,17,346,402,2
149266,17,343,397,2
149283,17,339,442,3
149300,17,334,404,2
149316,17,335,407,2
149333,17,335,402,2
149349,17,357,376,2
149366,17,341,391,2
149383,17,335,413,2
149399,17,335,424,3
149416,17,325,404,2
149433,17,321,420,3
149449,17,345,381,2
149466,17,332,412,2
149483,17,335,403,2
149499,17,335,404,2
149516,17,332,414,2
149532,17,339,417,2
149549,17,332,411,2
149566,17,326,434,3
149582,17,328,427,3
149599,17,325,429,3
149616,17,325,416,2
149632,17,319,463,3
149649,17,321,445,3
149666,17,319,444,3
149682,17,316,463,3
149699,17,314,471,3
149715,17,317,481,3
149732,17,309,439,3
149749,17,322,450,3
149765,17,318,470,3
149782,17,320,483,3
149799,17,315,470,3
149815,17,318,490,3
149832,17,323,480,3
149849,17,316,469,3
149865,17,307,483,3
149882,17,309,502,3
149898,17,307,503,3
149915,17,312,530,3
149932,17,313,506,3
149948,17,306,530,3
149965,17,312,488,3
149982,17,311,506,3
149998,17,304,496,3
150015,17,302,502,3
150032,17,314,533,3
150048,17,306,528,3
150065,17,310,514,3
150081,17,306,518,3
150098,17,311,535,3
150115,17,307,546,3
150131,17,302,550,3
150148,17,316,531,3
150165,17,312,533,3
150181,17,305,540,3
150198,17,302,558,3
150214,17,313,537,3
150231,17,329,561,3
150248,17,391,524,3
150264,17,479,465,3
150281,17,476,431,3
150298,17,507,397,2
150314,17,500,383,2
150331,17,512,326,4
150348,17,507,329,4
150364,17,527,333,4
150381,17,531,302,4
150397,17,512,298,4
150414,17,526,307,4
150431,17,538,298,4
150447,17,574,301,4
150464,17,596,278,0
150481,17,588,270,0
150497,17,597,266,0
150514,17,583,246,1
150531,17,583,256,1
150547,17,593,230,1
150564,17,585,245,1
150580,17,585,252,1
150597,17,608,248,1
150614,17,578,251,1
150630,17,588,244,1
150647,17,575,224,1
150664,17,597,242,1
150680,17,595,219,1
150697,17,642,235,1
150714,17,734,239,0
150730,17,732,244,0
150747,17,736,161,0
150763,17,735,231,0
150780,17,725,232,1
150797,17,732,189,0
150813,17,723,248,1
150830,17,741,241,0
150847,17,728,238,1
150863,17,739,222,0
150880,17,740,215,0
150897,17,733,239,0
150913,17,718,241,1
150930,17,730,242,0
150946,17,721,238,1
150963,17,739,238,0
150980,17,731,227,0
150996,17,723,236,1
151013,17,725,242,1
151030,17,728,257,1
151046,17,737,266,0
151063,17,722,259,1
151080,17,717,266,0
151096,17,732,252,0
151113,17,738,248,0
151129,17,735,252,0
151146,17,730,262,0
151163,17,740,274,0
151179,17,735,253,0
151196,17,735,273,0
151213,17,737,241,0
151229,17,725,255,1
151246,17,616,340,0
151263,17,523,364,4
151279,17,532,358,4
151296,17,531,337,4
151312,17,536,350,4
151329,17,529,342,4
151346,17,537,319,4
151362,17,538,348,4
151379,17,528,350,4
151396,17,523,347,4
151412,17,543,299,4
151429,17,524,340,4
151445,17,525,339,4
151462,17,531,325,4
151479,17,525,355,4
151495,17,532,348,4
151512,17,531,339,4
151529,17,527,319,4
151545,17,520,314,4
151562,17,517,352,4
151579,17,549,311,4
151595,17,547,307,4
151612,17,550,279,0
151628,17,546,308,4
151645,17,550,315,4
151662,17,533,256,1
151678,17,540,264,0
151695,17,542,227,1
151712,17,533,269,0
151728,17,539,231,1
151745,17,551,207,1
151762,17,546,251,1
151778,17,542,282,0
151795,17,551,234,1
151811,17,475,275,0
151828,17,291,399,2
151845,17,172,491,3
151861,17,36,600,3
151878,17,5,694,3
151895,17,0,705,0
151961,67,5,727,3
151994,33,0,726,0
152111,116,19,677,3
152144,33,2,708,3
152177,33,1,707,3
152194,17,1,708,3
152211,17,2,715,3
152227,17,0,706,0
152244,17,2,708,3
152261,17,3,708,3
152277,17,1,712,3
152294,17,23,638,3
152311,17,82,507,3
152327,17,207,364,0
152344,17,337,307,0
152360,17,401,249,1
152377,17,387,258,1
152394,17,392,244,1
152410,17,400,236,1
152427,17,374,270,0
152444,17,367,274,0
152460,17,376,248,1
152477,17,395,250,1
152493,17,395,239,1
152510,17,381,233,1
152527,17,375,264,0
152543,17,377,257,1
152560,17,363,269,0
152577,17,403,243,1
152593,17,354,257,1
152610,17,424,269,0
152627,17,548,301,4
152643,17,686,332,0
152660,17,703,342,0
152676,17,699,339,0
152693,17,702,330,0
152710,17,697,335,0
152726,17,691,322,0
152743,17,694,329,0
152760,17,691,316,0
152776,17,688,319,0
152793,17,679,355,0
152810,17,748,426,3
152826,17,791,428,3
152843,17,792,445,3
152859,17,790,422,3
152876,17,794,423,3
152893,17,788,444,3
152909,17,792,402,2
152926,17,788,401,2
152943,17,784,428,3
152959,17,785,411,2
152976,17,782,417,2
152993,17,795,406,0
153009,17,786,417,2
153026,17,782,419,3
153042,17,781,428,3
153059,17,783,434,3
153076,17,782,443,3
153092,17,783,415,2
153109,17,780,435,3
153126,17,780,451,3
153142,17,781,426,3
153159,17,779,450,3
153176,17,789,442,3
153192,17,782,438,3
153209,17,785,449,3
153225,17,745,460,3
153242,17,728,481,3
153259,17,729,498,3
153275,17,734,480,3
153292,17,735,484,3
153309,17,736,454,3
153325,17,735,503,3
153342,17,732,495,3
153359,17,732,497,3
153375,17,734,499,3
153392,17,737,484,3
153408,17,735,473,3
153425,17,737,475,3
153442,17,731,459,3
153458,17,734,488,3
153475,17,734,487,3
153492,17,730,475,3
153508,17,736,478,3
153525,17,742,481,3
153542,17,734,479,3
153558,17,737,479,3
153575,17,737,493,3
153591,17,736,489,3
153608,17,745,509,3
153625,17,729,509,3
153641,17,728,513,3
153658,17,725,529,3
153675,17,730,513,3
153691,17,737,483,3
153708,17,728,526,3
153724,17,727,520,3
153741,17,744,491,3
153758,17,728,498,3
153774,17,733,497,3
153791,17,732,499,3
153808,17,725,482,3
153824,17,740,485,3
153841,17,732,495,3
153858,17,727,503,3
153874,17,743,478,3
153891,17,726,488,3
153907,17,743,476,3
153924,17,741,492,3
153941,17,742,486,3
153957,17,721,502,3
153974,17,719,495,3
153991,17,722,509,3
154007,17,728,504,3
154024,17,736,490,3
154041,17,731,514,3
154057,17,726,473,3
154074,17,731,482,3
154090,17,735,473,3
154107,17,733,466,3
154124,17,732,452,3
154140,17,738,483,3
154157,17,738,474,3
154174,17,743,446,3
154190,17,739,486,3
154207,17,735,481,3
154224,17,733,510,3
154240,17,731,441,3
154257,17,733,441,3
154273,17,733,485,3
154290,17,736,490,3
154307,17,723,464,3
154323,17,730,493,3
154340,17,730,451,3
154357,17,730,428,3
154373,17,731,446,3
154390,17,730,386,2
154407,17,725,426,3
154423,17,720,472,3
154440,17,729,490,3
154456,17,731,437,3
154473,17,735,431,3
154490,17,729,457,3
154506,17,723,435,3
154523,17,723,446,3
154540,17,723,414,2
154556,17,718,462,3
154573,17,724,436,3
154590,17,720,429,3
154606,17,720,447,3
154623,17,723,453,3
154639,17,720,432,3
154656,17,721,465,3
154673,17,734,485,3
154689,17,716,434,3
154706,17,718,455,3
154723,17,722,451,3
154739,17,726,484,3
154756,17,726,476,3
154772,17,738,439,3
154789,17,724,452,3
154806,17,722,460,3
154822,17,718,449,3
154839,17,722,475,3
154856,17,727,502,3
154872,17,737,473,3
154889,17,711,447,3
154906,17,734,448,3
154922,17,714,461,3
154939,17,728,483,3
154955,17,717,466,3
154972,17,717,478,3
154989,17,723,487,3
155005,17,716,514,3
155022,17,725,488,3
155039,17,727,454,3
155055,17,718,467,3
155072,17,721,457,3
155089,17,725,480,3
155105,17,720,478,3
155122,17,728,474,3
155138,17,723,463,3
155155,17,716,465,3
155172,17,725,443,3
155188,17,719,434,3
155205,17,721,483,3
155222,17,723,459,3
155238,17,727,484,3
155255,17,717,497,3
155272,17,729,500,3
155288,17,662,516,3
155305,17,529,519,3
155321,17,502,461,3
155338,17,510,437,3
155355,17,514,401,2
155371,17,517,400,2
155388,17,531,392,2
155405,17,534,377,2
155421,17,542,363,4
155438,17,537,390,2
155455,17,535,401,2
155471,17,543,391,2
155488,17,535,391,2
155504,17,535,365,2
155521,17,513,328,4
155538,17,545,364,4
155554,17,546,341,4
155571,17,555,331,4
155588,17,543,360,4
155604,17,548,356,4
155621,17,539,304,4
155638,17,536,347,4
155654,17,535,345,4
155671,17,542,330,4
155687,17,541,330,4
155704,17,514,297,4
155721,17,526,299,4
155737,17,542,302,4
155754,17,550,289,4
155771,17,557,315,4
155787,17,546,292,4
155804,17,541,318,4
155821,17,541,305,4
155837,17,539,347,4
155854,17,544,328,4
155870,17,530,337,4
155887,17,538,325,4
155904,17,540,347,4
155920,17,524,344,4
155937,17,542,350,4
155954,17,537,363,4
155970,17,533,373,2
155987,17,527,385,2
156003,17,527,344,4
156020,17,530,416,2
156037,17,519,382,2
156053,17,529,406,2
156070,17,538,339,4
156087,17,533,374,2
156103,17,538,399,2
156120,17,534,378,2
156137,17,533,407,2
156153,17,530,415,2
156170,17,527,402,2
156186,17,519,418,5
156203,17,517,425,3
156220,17,522,408,2
156236,17,520,403,2
156253,17,517,436,3
156270,17,521,421,5
156286,17,518,430,3
156303,17,521,432,3
156320,17,519,421,5
156336,17,524,447,3
156353,17,524,444,3
156369,17,518,414,2
156386,17,514,405,2
156403,17,525,350,4
156419,17,523,344,4
156436,17,520,340,4
156453,17,533,345,4
156469,17,538,336,4
156486,17,539,314,4
156503,17,550,314,4
156519,17,552,295,4
156536,17,547,285,0
156552,17,549,275,0
156569,17,528,257,1
156586,17,560,270,0
156602,17,564,262,0
156619,17,565,244,1
156636,17,561,237,1
156652,17,552,246,1
156669,17,579,216,1
156686,17,562,231,1
156702,17,552,251,1
156719,17,570,265,0
156735,17,568,248,1
156752,17,546,269,0
156769,17,571,273,0
156785,17,573,285,0
156802,17,548,279,0
156819,17,548,286,0
156835,17,549,269,0
156852,17,551,279,0
156869,17,544,299,4
156885,17,564,264,0
156902,17,551,292,4
156918,17,548,285,0
156935,17,567,287,0
156952,17,564,289,4
156968,17,569,285,0
156985,17,568,296,4
157002,17,570,291,4
157018,17,570,253,1
157035,17,569,263,0
157051,17,554,271,0
157068,17,564,294,4
157085,17,567,276,0
157101,17,569,277,0
157118,17,571,258,1
157135,17,568,284,0
157151,17,572,223,1
157168,17,565,275,0
157185,17,575,246,1
157201,17,566,265,0
157218,17,565,251,1
157234,17,565,230,1
157251,17,571,256,1
157268,17,555,270,0
157284,17,574,228,1
157301,17,573,246,1
157318,17,580,207,1
157334,17,561,228,1
157351,17,568,245,1
157368,17,575,267,0
157384,17,572,212,1
157401,17,574,281,0
157417,17,555,257,1
157434,17,569,270,0
157451,17,565,273,0
157467,17,590,132,0
157484,17,590,173,1
157501,17,595,112,0
157517,17,585,166,1
157534,17,583,179,1
157551,17,593,168,1
157567,17,597,178,1
157584,17,576,184,1
157600,17,593,194,1
157617,17,587,192,1
157634,17,590,168,1
157650,17,590,180,1
157667,17,598,155,1
157684,17,581,151,1
157700,17,598,164,1
157717,17,593,169,1
157734,17,594,169,1
157750,17,595,161,1
157767,17,583,174,1
157783,17,588,175,1
157800,17,582,167,1
157817,17,589,163,1
157833,17,593,178,1
157850,17,584,184,1
157867,17,593,155,1
157883,17,590,152,1
157900,17,576,184,1
157917,17,582,166,1
157933,17,594,156,1
157950,17,590,177,1
157966,17,591,172,1
157983,17,591,189,1
158000,17,595,161,1
158016,17,592,157,1
158033,17,600,161,1
158050,17,580,163,1
158066,17,593,168,1
158083,17,598,134,1
158100,17,599,169,1
158116,17,600,161,1
158133,17,593,149,1
158149,17,592,177,1
158166,17,579,178,1
158183,17,592,182,1
158199,17,599,171,1
158216,17,592,157,1
158233,17,592,191,1
158249,17,600,163,1
158266,17,587,195,1
158282,17,580,204,1
158299,17,583,207,1
158316,17,584,208,1
158332,17,579,210,1
158349,17,576,215,1
158366,17,573,237,1
158382,17,585,206,1
158399,17,571,186,1
158416,17,582,212,1
158432,17,573,213,1
158449,17,566,212,1
158465,17,590,197,1
158482,17,578,236,1
158499,17,585,236,1
158515,17,579,209,1
158532,17,579,238,1
158549,17,588,201,1
158565,17,580,217,1
158582,17,583,216,1
158599,17,582,222,1
158615,17,579,231,1
158632,17,564,243,1
158648,17,576,220,1
158665,17,578,225,1
158682,17,583,189,1
158698,17,575,227,1
158715,17,570,194,1
158732,17,578,213,1
158748,17,576,178,1
158765,17,585,214,1
158782,17,575,233,1
158798,17,578,195,1
158815,17,574,236,1
158831,17,583,216,1
158848,17,580,234,1
158865,17,573,244,1
158881,17,573,202,1
158898,17,573,224,1
158915,17,569,205,1
158931,17,575,201,1
158948,17,575,225,1
158965,17,577,207,1
158981,17,575,233,1
158998,17,580,210,1
159014,17,578,201,1
159031,17,572,219,1
159048,17,567,207,1
159064,17,573,214,1
159081,17,587,214,1
159098,17,579,222,1
159114,17,579,230,1
159131,17,578,219,1
159148,17,577,201,1
159164,17,576,218,1
159181,17,574,232,1
159214,33,576,204,1
159231,17,571,181,1
159247,17,572,192,1
159264,17,580,153,1
159281,17,557,200,1
159297,17,568,256,1
159314,17,574,251,1
159330,17,557,314,4
159347,17,509,612,3
159364,17,551,452,3
159547,183,507,435,3
159580,33,471,1015,0
159597,17,469,856,0
159613,17,475,819,0
159630,17,486,852,0
159647,17,458,867,0
159663,17,483,778,0
159680,17,483,693,3
159696,17,495,603,3
159713,17,508,537,3
159730,17,504,505,3
159746,17,518,465,3
159763,17,513,454,3
159780,17,517,406,2
159796,17,523,401,2
159813,17,530,428,3
159830,17,526,441,3
159846,17,523,403,2
159863,17,530,434,3
159879,17,520,415,2
159896,17,526,411,2
159913,17,517,431,3
159929,17,521,399,2
159946,17,530,431,3
159963,17,511,443,3
159979,17,527,417,5
159996,17,527,418,5
160013,17,529,407,2
160029,17,522,465,3
160046,17,533,421,5
160062,17,521,422,3
160079,17,530,395,2
160096,17,525,454,3
160112,17,527,461,3
160129,17,566,426,3
160146,17,521,424,3
160162,17,534,367,2
160179,17,530,406,2
160196,17,519,428,3
160212,17,528,432,3
160229,17,537,410,2
160245,17,535,434,3
160262,17,543,383,2
160279,17,527,419,5
160295,17,536,442,3
160312,17,541,417,5
160329,17,534,401,2
160345,17,540,420,5
160362,17,532,391,2
160379,17,538,415,2
160395,17,530,380,2
160412,17,526,410,2
160428,17,536,431,3
160445,17,525,384,2
160462,17,528,415,2
160478,17,533,355,4
160495,17,529,353,4
160512,17,521,383,2
160528,17,538,353,4
160545,17,528,347,4
160561,17,532,344,4
160578,17,540,352,4
160595,17,532,363,4
160611,17,528,342,4
160628,17,531,352,4
160645,17,528,313,4
160661,17,527,362,4
160678,17,541,371,2
160695,17,540,371,2
160711,17,535,352,4
160728,17,541,381,2
160744,17,543,326,4
160761,17,530,354,4
160778,17,521,389,2
160794,17,546,360,4
160811,17,519,398,2
160828,17,515,483,3
160844,17,411,357,0
161260,416,625,569,3
161277,17,573,513,3
161293,17,517,593,3
161310,17,492,803,0
161327,17,519,676,3
161343,17,529,646,3
161360,17,532,620,3
161377,17,544,574,3
161393,17,537,528,3
161410,17,531,564,3
161427,17,546,579,3
161443,17,551,620,3
161460,17,551,617,3
161476,17,557,584,3
161493,17,551,601,3
161510,17,556,600,3
161526,17,555,611,3
161543,17,552,594,3
161560,17,571,599,3
161576,17,552,596,3
161593,17,567,599,3
161610,17,569,591,3
161626,17,571,547,3
161643,17,575,592,3
161659,17,568,573,3
161676,17,568,577,3
161693,17,479,643,3
161709,17,370,685,3
161726,17,173,730,3
161743,17,266,568,3
161759,17,272,602,3
161776,17,259,593,3
161792,17,277,593,3
161809,17,266,597,3
161826,17,277,587,3
161842,17,291,576,3
161859,17,176,638,3
161876,17,285,585,3
161892,17,272,549,3
161909,17,270,585,3
161926,17,279,538,3
161942,17,278,534,3
161959,17,282,578,3
161975,17,277,586,3
161992,17,278,588,3
162009,17,270,574,3
162025,17,278,628,3
162042,17,287,564,3
162059,17,290,572,3
162075,17,280,615,3
162092,17,282,637,3
162109,17,277,614,3
162125,17,295,578,3
162142,17,282,579,3
162158,17,279,625,3
162175,17,287,583,3
162192,17,286,547,3
162208,17,285,568,3
162225,17,273,647,3
162242,17,275,634,3
162258,17,262,633,3
162275,17,281,620,3
162292,17,289,561,3
162308,17,271,693,3
162325,17,285,596,3
162341,17,238,578,3
162358,17,244,537,3
162375,17,220,464,3
162391,17,227,389,2
162408,17,221,374,2
162425,17,241,329,0
162441,17,240,307,0
162458,17,241,305,0
162475,17,223,330,0
162491,17,232,313,0
162508,17,238,315,0
162524,17,243,337,0
162541,17,245,353,0
162558,17,253,331,0
162574,17,248,334,0
162591,17,246,339,0
162608,17,247,340,0
162624,17,251,336,0
162641,17,253,326,0
162658,17,255,324,0
162674,17,247,349,0
162691,17,276,319,0
162707,17,370,263,0
162724,17,535,232,1
162741,17,554,243,1
162757,17,559,220,1
162774,17,552,229,1
162791,17,582,216,1
162807,17,549,199,1
162824,17,549,234,1
162840,17,582,229,1
162857,17,579,208,1
162874,17,549,194,1
162890,17,549,215,1
162907,17,564,219,1
162924,17,556,201,1
162940,17,552,198,1
162957,17,556,209,1
162974,17,582,228,1
162990,17,555,238,1
163007,17,578,229,1
163023,17,572,230,1
163040,17,559,225,1
163057,17,562,220,1
163073,17,554,232,1
163090,17,581,209,1
163107,17,584,220,1
163123,17,562,207,1
163140,17,552,219,1
163157,17,550,243,1
163173,17,550,216,1
163190,17,548,246,1
163206,17,542,253,1
163223,17,572,232,1
163240,17,579,217,1
163256,17,599,346,4
163273,17,618,423,3
163290,17,618,434,3
163306,17,610,443,3
163323,17,593,465,3
163340,17,618,471,3
163356,17,603,468,3
163373,17,609,463,3
163389,17,619,468,3
163406,17,615,469,3
163423,17,598,322,4
163439,17,550,322,4
163456,17,517,257,1
163473,17,546,260,0
163489,17,553,193,1
163506,17,511,258,1
163523,17,523,231,1
163539,17,554,222,1
163556,17,536,249,1
163572,17,536,268,0
163589,17,548,216,1
163606,17,531,197,1
163622,17,525,222,1
163639,17,533,259,1
163656,17,530,177,1
163672,17,528,246,1
163689,17,551,186,1
163706,17,533,251,1
163722,17,533,232,1
163739,17,535,219,1
163755,17,532,240,1
163772,17,539,226,1
163789,17,559,231,1
163805,17,661,270,0
163822,17,791,417,2
163972,150,1044,124,0
164437,466,826,76,0
164454,17,623,175,1
164471,17,550,293,4
164487,17,544,293,4
164504,17,550,270,0
164521,17,572,272,0
164537,17,554,265,0
164554,17,553,279,0
164571,17,576,278,0
164587,17,556,289,4
164604,17,555,281,0
164620,17,553,275,0
164637,17,555,285,0
164654,17,563,271,0
164670,17,569,270,0
164687,17,570,278,0
164704,17,566,289,4
164720,17,568,267,0
164737,17,554,287,0
164754,17,569,281,0
164770,17,556,275,0
164787,17,549,282,0
164803,17,570,294,4
164820,17,554,266,0
164837,17,575,301,4
164853,17,579,287,0
164870,17,579,280,0
164887,17,568,273,0
164903,17,569,294,4
164920,17,567,254,1
164937,17,575,275,0
164953,17,551,270,0
164970,17,554,258,1
164986,17,553,201,1
165003,17,573,222,1
165020,17,560,223,1
165036,17,565,204,1
165053,17,558,238,1
165070,17,561,240,1
165086,17,559,222,1
165103,17,556,266,0
165119,17,555,273,0
165136,17,555,271,0
165153,17,560,266,0
165169,17,563,273,0
165186,17,559,295,4
165203,17,580,299,4
165219,17,555,301,4
165236,17,544,308,4
165253,17,536,314,4
165269,17,534,274,0
165286,17,531,237,1
165302,17,533,179,1
165319,17,573,168,1
165336,17,537,172,1
165352,17,573,174,1
165369,17,547,163,1
165386,17,576,168,1
165402,17,570,165,1
165419,17,556,116,0
165436,17,542,138,1
165452,17,556,131,0
165469,17,548,146,1
165485,17,551,126,0
165502,17,550,127,0
165519,17,538,146,1
165535,17,546,135,1
165552,17,547,145,1
165569,17,505,189,1
165585,17,524,190,1
165602,17,513,195,1
165619,17,517,206,1
165635,17,516,214,1
165652,17,513,250,1
165668,17,504,223,1
165685,17,508,235,1
165702,17,510,234,1
165718,17,512,194,1
165735,17,504,235,1
165752,17,513,244,1
165768,17,513,228,1
165785,17,501,253,1
165802,17,504,256,1
165818,17,517,245,1
165835,17,506,243,1
165851,17,508,235,1
165868,17,513,280,0
165885,17,511,271,0
165901,17,543,257,1
165918,17,569,274,0
165935,17,571,274,0
165951,17,572,269,0
165968,17,583,255,1
165985,17,581,239,1
166001,17,575,245,1
166018,17,574,264,0
166034,17,572,274,0
166051,17,570,266,0
166068,17,569,295,4
166084,17,572,285,0
166101,17,567,301,4
166118,17,559,318,4
166134,17,561,268,0
166151,17,549,325,4
166168,17,545,355,4
166184,17,580,352,4
166201,17,568,323,4
166217,17,580,328,4
166234,17,579,317,4
166251,17,566,314,4
166267,17,585,325,4
166284,17,573,335,4
166301,17,579,309,4
166317,17,584,322,4
166334,17,581,326,4
166350,17,568,337,4
166367,17,576,338,4
166384,17,578,344,4
166400,17,589,352,4
166417,17,564,362,4
166434,17,581,348,4
166450,17,576,363,4
166467,17,571,359,4
166484,17,565,325,4
166500,17,571,348,4
166517,17,564,352,4
166533,17,581,327,4
166550,17,611,354,4
166567,17,586,329,4
166583,17,572,347,4
166600,17,569,340,4
166617,17,588,350,4
166633,17,571,348,4
166650,17,585,340,4
166667,17,572,334,4
166683,17,583,339,4
166700,17,585,343,4
166716,17,575,332,4
166733,17,581,311,4
166750,17,557,346,4
166766,17,579,351,4
166783,17,566,348,4
166800,17,568,365,2
166816,17,574,344,4
166833,17,616,344,0
166850,17,575,339,4
166866,17,591,342,4
166883,17,594,354,4
166899,17,573,342,4
166916,17,592,336,4
166933,17,577,352,4
166949,17,578,346,4
166966,17,600,332,4
166983,17,588,360,4
166999,17,591,320,4
167016,17,629,353,0
167033,17,690,340,0
167049,17,772,318,0
167066,17,783,318,0
167082,17,781,315,0
167099,17,782,298,0
167116,17,783,295,0
167132,17,779,280,0
167149,17,787,263,0
167166,17,782,298,0
167182,17,781,301,0
167199,17,782,278,0
167216,17,783,286,0
167232,17,779,276,0
167249,17,782,318,0
167265,17,785,259,0
167282,17,780,278,0
167299,17,699,368,2
167315,17,644,370,2
167332,17,646,352,0
167349,17,642,330,0
167365,17,652,321,0
167382,17,645,334,0
167398,17,644,325,0
167415,17,542,388,2
167432,17,519,355,4
167448,17,513,371,2
167465,17,530,340,4
167482,17,511,358,4
167498,17,522,382,2
167515,17,527,356,4
167532,17,524,362,4
167548,17,540,371,2
167565,17,523,329,4
167581,17,528,361,4
167598,17,554,315,4
167615,17,547,330,4
167631,17,541,329,4
167648,17,539,346,4
167665,17,539,321,4
167681,17,535,357,4
167698,17,539,334,4
167715,17,545,311,4
167731,17,533,282,0
167748,17,543,290,4
167764,17,540,311,4
167781,17,534,324,4
167798,17,521,303,4
167814,17,546,308,4
167831,17,537,328,4
167848,17,533,319,4
167864,17,528,323,4
167881,17,536,311,4
167898,17,533,339,4
167914,17,536,333,4
167931,17,542,326,4
167947,17,529,349,4
167964,17,527,306,4
167981,17,523,328,4
167997,17,526,307,4
168014,17,523,336,4
168031,17,521,367,2
168047,17,512,423,3
168064,17,471,732,3
168081,17,423,454,3
168247,166,514,580,3
168280,33,447,1078,0
168297,17,452,949,0
168313,17,467,838,0
168330,17,460,780,0
168347,17,487,692,3
168363,17,485,636,3
168380,17,493,596,3
168397,17,485,606,3
168413,17,493,564,3
168430,17,503,576,3
168447,17,487,563,3
168463,17,497,540,3
168480,17,493,547,3
168496,17,497,517,3
168513,17,532,498,3
168530,17,537,515,3
168546,17,541,467,3
168563,17,541,449,3
168580,17,549,462,3
168596,17,544,487,3
168613,17,543,473,3
168629,17,548,442,3
168646,17,546,482,3
168663,17,549,487,3
168679,17,541,466,3
168696,17,550,507,3
168713,17,541,492,3
168729,17,541,514,3
168746,17,543,501,3
168763,17,547,510,3
168779,17,542,501,3
168796,17,542,528,3
168812,17,540,499,3
168829,17,512,583,3
168846,17,495,658,3
168862,17,494,667,3
168879,17,499,640,3
168896,17,501,654,3
168912,17,495,652,3
168929,17,496,686,3
168946,17,489,673,3
168962,17,492,699,3
168979,17,501,653,3
168995,17,494,676,3
169012,17,528,593,3
169029,17,555,597,3
169045,17,483,678,3
169062,17,498,603,3
169079,17,496,587,3
169095,17,494,602,3
169112,17,502,583,3
169129,17,502,564,3
169145,17,496,559,3
169162,17,503,551,3
169178,17,493,573,3
169195,17,502,537,3
169212,17,493,554,3
169228,17,501,548,3
169245,17,504,554,3
169262,17,482,538,3
169278,17,386,653,3
169295,17,273,642,3
169312,17,259,671,3
169328,17,255,698,3
169345,17,271,664,3
169361,17,265,636,3
169378,17,268,631,3
169395,17,276,633,3
169411,17,270,627,3
169428,17,269,629,3
169445,17,287,627,3
169461,17,263,678,3
169478,17,282,663,3
169495,17,391,647,3
169511,17,489,618,3
169528,17,481,604,3
169544,17,484,625,3
169561,17,489,592,3
169578,17,485,623,3
169594,17,480,610,3
169611,17,486,606,3
169628,17,491,568,3
169644,17,477,619,3
169661,17,498,582,3
169678,17,483,610,3
169694,17,485,587,3
169711,17,489,561,3
169727,17,481,597,3
169744,17,474,519,3
169761,17,494,485,3
169777,17,522,388,2
169794,17,526,291,4
169811,17,543,237,1
169827,17,545,221,1
169844,17,547,222,1
169860,17,567,164,1
169877,17,560,130,0
169894,17,554,188,1
169910,17,570,127,0
169927,17,571,140,1
169944,17,559,114,0
169960,17,562,160,1
169977,17,567,166,1
169994,17,584,158,1
170010,17,595,181,1
170027,17,605,205,1
170043,17,604,193,1
170060,17,601,176,1
170077,17,602,165,1
170093,17,605,137,1
170110,17,605,155,1
170127,17,600,162,1
170143,17,605,134,1
170160,17,597,184,1
170177,17,598,196,1
170193,17,597,194,1
170210,17,604,186,1
170226,17,589,184,1
170243,17,605,116,0
170260,17,620,159,1
170276,17,622,159,1
170293,17,656,157,1
170310,17,654,161,1
170326,17,654,113,0
170343,17,653,147,1
170360,17,653,152,1
170376,17,650,148,1
170393,17,654,168,1
170409,17,647,154,1
170426,17,655,155,1
170443,17,666,116,0
170459,17,656,163,1
170476,17,662,153,1
170493,17,653,139,1
170509,17,655,140,1
170526,17,659,155,1
170543,17,663,148,1
170559,17,657,139,1
170576,17,660,148,1
170592,17,661,140,1
170609,17,662,126,0
170626,17,651,122,0
170642,17,665,140,1
170659,17,663,154,1
170676,17,661,146,1
170692,17,660,138,1
170709,17,669,127,0
170726,17,665,130,0
170742,17,665,158,1
170759,17,663,157,1
170775,17,648,147,1
170792,17,665,113,0
170809,17,654,138,1
170825,17,655,182,1
170842,17,649,133,1
170859,17,648,143,1
170875,17,654,127,0
170892,17,651,143,1
170908,17,648,167,1
170925,17,647,168,1
170942,17,652,150,1
170958,17,666,197,1
170975,17,650,160,1
170992,17,643,167,1
171008,17,669,164,1
171025,17,654,153,1
171042,17,672,174,1
171058,17,650,171,1
171075,17,622,204,1
171091,17,587,230,1
171108,17,591,219,1
171125,17,615,232,1
171141,17,586,235,1
171158,17,587,237,1
171175,17,585,252,1
171191,17,594,231,1
171208,17,589,231,1
171225,17,593,257,1
171241,17,580,236,1
171258,17,585,245,1
171274,17,585,271,0
171291,17,622,208,1
171308,17,607,258,1
171324,17,586,217,1
171341,17,598,250,1
171358,17,600,269,0
171374,17,606,261,0
171391,17,602,271,0
171408,17,592,246,1
171424,17,549,308,4
171441,17,520,360,4
171457,17,533,365,2
171474,17,539,329,4
171491,17,536,322,4
171507,17,515,346,4
171524,17,533,363,4
171541,17,537,371,2
171557,17,513,359,4
171574,17,530,363,4
171591,17,532,357,4
171607,17,532,360,4
171624,17,538,375,2
171640,17,536,376,2
171657,17,536,389,2
171674,17,542,348,4
171690,17,538,362,4
171707,17,531,368,2
171724,17,517,341,4
171740,17,538,341,4
171757,17,532,370,2
171774,17,532,374,2
171790,17,538,374,2
171807,17,537,341,4
171823,17,533,349,4
171840,17,529,322,4
171857,17,527,337,4
171873,17,528,332,4
171890,17,534,324,4
171907,17,536,339,4
171923,17,536,338,4
171940,17,515,371,2
171957,17,554,346,4
171973,17,537,322,4
171990,17,533,354,4
172006,17,556,346,4
172023,17,555,359,4
172040,17,534,323,4
172056,17,535,348,4
172073,17,571,316,4
172090,17,539,322,4
172106,17,549,307,4
172123,17,537,324,4
172139,17,537,322,4
172156,17,546,338,4
172173,17,542,296,4
172189,17,543,304,4
172206,17,548,319,4
172223,17,544,340,4
172239,17,541,316,4
172256,17,564,333,4
172273,17,565,325,4
172289,17,553,298,4
172306,17,564,304,4
172322,17,561,319,4
172339,17,570,311,4
172356,17,563,323,4
172372,17,569,308,4
172389,17,582,311,4
172406,17,567,292,4
172422,17,554,340,4
172439,17,556,324,4
172456,17,560,279,0
172472,17,579,281,0
172489,17,611,270,0
172505,17,623,201,1
172522,17,616,215,1
172539,17,612,241,1
172555,17,619,250,1
172572,17,615,243,1
172589,17,614,236,1
172605,17,616,227,1
172622,17,614,207,1
172639,17,612,234,1
172655,17,617,225,1
172672,17,618,227,1
172688,17,624,240,1
172705,17,619,224,1
172722,17,612,223,1
172738,17,611,206,1
172755,17,615,203,1
172772,17,601,219,1
172788,17,605,223,1
172805,17,617,199,1
172822,17,616,203,1
172838,17,606,218,1
172855,17,604,231,1
172871,17,608,224,1
172888,17,595,232,1
172905,17,599,225,1
172921,17,601,215,1
172938,17,596,240,1
172955,17,599,251,1
172971,17,605,248,1
172988,17,606,240,1
173005,17,601,217,1
173021,17,596,234,1
173038,17,597,243,1
173054,17,602,221,1
173071,17,591,291,4
173088,17,586,266,0
173104,17,596,273,0
173121,17,686,283,0
173138,17,761,311,0
173154,17,766,312,0
173171,17,769,252,0
173187,17,770,277,0
173204,17,768,267,0
173221,17,762,298,0
173237,17,772,297,0
173254,17,773,268,0
173271,17,765,286,0
173287,17,769,293,0
173304,17,770,328,0
173321,17,760,339,0
173337,17,765,332,0
173354,17,765,283,0
173370,17,784,315,0
173387,17,753,356,0
173404,17,752,308,0
173420,17,693,406,2
173437,17,597,411,2
173454,17,595,359,4
173470,17,589,305,4
173487,17,594,327,4
173504,17,592,300,4
173520,17,592,331,4
173537,17,594,324,4
173553,17,599,274,0
173570,17,601,267,0
173587,17,603,292,4
173603,17,602,271,0
173620,17,601,285,0
173637,17,577,311,4
173653,17,566,300,4
173670,17,570,271,0
173687,17,574,255,1
173703,17,583,283,0
173720,17,581,304,4
173736,17,571,297,4
173753,17,577,288,4
173770,17,581,293,4
173786,17,577,300,4
173803,17,580,282,0
173820,17,578,326,4
173836,17,579,270,0
173853,17,581,290,4
173870,17,582,278,0
173886,17,584,284,0
173903,17,568,331,4
173919,17,577,314,4
173936,17,583,334,4
173953,17,562,339,4
173969,17,573,351,4
173986,17,581,326,4
174003,17,586,347,4
174019,17,579,327,4
174036,17,577,361,4
174053,17,561,354,4
174069,17,586,354,4
174086,17,571,369,2
174102,17,581,358,4
174119,17,562,363,4
174136,17,556,387,2
174152,17,555,362,4
174169,17,555,402,2
174186,17,563,345,4
174202,17,581,392,2
174219,17,564,384,2
174236,17,556,366,2
174252,17,579,383,2
174269,17,559,381,2
174285,17,558,380,2
174302,17,564,397,2
174319,17,564,376,2
174335,17,556,380,2
174352,17,557,383,2
174369,17,569,404,2
174385,17,553,389,2
174402,17,555,422,3
174418,17,551,396,2
174435,17,547,437,3
174452,17,556,390,2
174468,17,552,403,2
174485,17,544,446,3
174502,17,547,426,3
174518,17,547,429,3
174535,17,547,423,3
174552,17,541,433,3
174568,17,550,424,3
174585,17,548,452,3
174601,17,547,464,3
174618,17,544,460,3
174635,17,544,444,3
174651,17,549,449,3
174668,17,544,440,3
174685,17,542,457,3
174701,17,552,458,3
174718,17,544,461,3
174735,17,550,447,3
174751,17,539,472,3
174768,17,547,473,3
174784,17,534,467,3
174801,17,540,484,3
174818,17,540,498,3
174834,17,546,473,3
174851,17,550,458,3
174868,17,549,461,3
174884,17,546,481,3
174901,17,547,458,3
174918,17,535,465,3
174934,17,548,471,3
174951,17,551,486,3
174967,17,547,455,3
174984,17,547,467,3
175001,17,541,454,3
175017,17,552,456,3
175034,17,554,434,3
175051,17,554,448,3
175067,17,557,425,3
175084,17,554,421,5
175101,17,555,427,3
175117,17,553,445,3
175134,17,555,465,3
175150,17,550,446,3
175167,17,540,434,3
175184,17,553,446,3
175200,17,550,430,3
175217,17,548,406,2
175234,17,550,402,2
175250,17,547,427,3
175267,17,557,404,2
175284,17,553,428,3
175300,17,552,437,3
175317,17,557,392,2
175333,17,570,417,2
175350,17,539,390,2
175367,17,560,405,2
175383,17,573,414,2
175400,17,556,411,2
175417,17,556,417,5
175433,17,551,387,2
175450,17,551,415,2
175466,17,523,434,3
175483,17,497,439,3
175500,17,500,425,3
175516,17,502,438,3
175533,17,504,428,3
175550,17,508,417,5
175566,17,505,414,2
175583,17,503,429,3
175600,17,525,411,2
175616,17,506,414,2
175633,17,511,396,2
175649,17,508,383,2
175683,33,517,425,3
175699,17,544,402,2
175716,17,492,404,2
175733,17,501,414,2
175749,17,510,411,2
175766,17,533,412,2
175783,17,510,406,2
175799,17,518,409,2
175816,17,514,431,3
175832,17,513,391,2
175849,17,520,386,2
175866,17,522,382,2
175882,17,511,419,5
175899,17,487,555,3
175916,17,495,573,3
175932,17,493,566,3
175949,17,502,502,3
175966,17,493,504,3
175982,17,504,460,3
175999,17,504,432,3
176015,17,518,403,2
176032,17,515,364,4
176049,17,528,335,4
176065,17,516,276,0
176082,17,554,251,1
176099,17,555,203,1
176115,17,550,214,1
176132,17,552,227,1
176149,17,545,264,0
176165,17,546,271,0
176182,17,538,307,4
176198,17,546,289,4
176215,17,537,277,0
176232,17,546,299,4
176248,17,520,301,4
176265,17,541,287,0
176282,17,541,304,4
176298,17,547,299,4
176315,17,542,292,4
176332,17,537,320,4
176348,17,539,290,4
176365,17,534,295,4
176381,17,533,317,4
176398,17,538,307,4
176415,17,537,298,4
176431,17,535,329,4
176448,17,545,292,4
176465,17,539,290,4
176481,17,538,312,4
176498,17,536,303,4
176515,17,540,305,4
176531,17,545,311,4
176548,17,533,306,4
176564,17,548,300,4
176581,17,543,300,4
176598,17,533,281,0
176614,17,528,289,4
176631,17,560,273,0
176648,17,584,348,4
176664,17,540,85,0
176797,133,506,994,0
176814,17,474,823,0
176831,17,491,693,3
176847,17,525,596,3
176864,17,513,526,3
176880,17,532,451,3
176897,17,553,421,5
176914,17,550,364,4
176930,17,542,354,4
176947,17,558,340,4
176964,17,551,324,4
176980,17,553,334,4
176997,17,591,302,4
177014,17,591,298,4
177030,17,600,286,0
177047,17,608,296,4
177063,17,569,301,4
177080,17,600,310,4
177097,17,598,304,4
177113,17,591,276,0
177130,17,604,298,4
177147,17,576,275,0
177163,17,608,307,4
177180,17,617,325,0
177197,17,607,302,4
177213,17,588,284,0
177230,17,591,335,4
177246,17,673,322,0
177263,17,758,269,0
177280,17,796,207,0
177296,17,797,222,0
177313,17,799,195,0
177330,17,803,180,0
177346,17,799,174,0
177363,17,793,200,0
177380,17,792,187,0
177396,17,796,168,0
177413,17,797,178,0
177429,17,805,146,0
177446,17,798,184,0
177463,17,803,181,0
177479,17,798,154,0
177496,17,798,163,0
177513,17,795,171,0
177529,17,790,185,0
177546,17,795,175,0
177563,17,795,183,0
177579,17,805,141,0
177596,17,810,134,0
177612,17,812,156,0
177629,17,813,161,0
177646,17,810,139,0
177662,17,810,118,0
177679,17,808,165,0
177696,17,813,134,0
177712,17,815,138,0
177729,17,807,140,0
177745,17,812,137,0
177762,17,812,160,0
177779,17,816,148,0
177795,17,810,136,0
177812,17,811,124,0
177829,17,811,152,0
177845,17,816,126,0
177862,17,818,129,0
177879,17,812,150,0
177895,17,810,154,0
177912,17,812,114,0
177928,17,819,133,0
177945,17,816,145,0
177962,17,815,138,0
177978,17,812,151,0
177995,17,812,135,0
178012,17,813,166,0
178028,17,817,134,0
178045,17,814,151,0
178062,17,810,150,0
178078,17,814,167,0
178095,17,811,167,0
178111,17,774,282,0
178128,17,607,298,4
178145,17,559,361,4
178161,17,557,299,4
178178,17,558,286,0
178195,17,540,313,4
178211,17,557,313,4
178228,17,557,306,4
178245,17,557,312,4
178261,17,558,307,4
178278,17,566,302,4
178294,17,567,329,4
178311,17,556,336,4
178328,17,568,322,4
178344,17,551,326,4
178361,17,544,318,4
178378,17,576,330,4
178394,17,572,342,4
178411,17,553,326,4
178428,17,540,349,4
178444,17,538,348,4
178461,17,547,362,4
178477,17,537,396,2
178494,17,473,430,3
178511,17,474,409,2
178527,17,472,407,2
178544,17,473,406,2
178561,17,465,433,3
178577,17,468,425,3
178594,17,468,432,3
178611,17,483,429,3
178627,17,464,443,3
178644,17,468,450,3
178660,17,474,463,3
178677,17,470,419,3
178694,17,465,436,3
178710,17,452,427,3
178727,17,469,440,3
178744,17,468,465,3
178760,17,470,443,3
178777,17,460,478,3
178794,17,476,452,3
178810,17,465,488,3
178827,17,469,470,3
178843,17,461,476,3
178860,17,466,482,3
178877,17,463,500,3
178893,17,469,496,3
178910,17,469,472,3
178927,17,463,479,3
178943,17,466,504,3
178960,17,475,511,3
178976,17,466,483,3
178993,17,463,503,3
179010,17,463,516,3
179026,17,471,521,3
179043,17,480,511,3
179060,17,487,505,3
179076,17,484,506,3
179093,17,487,485,3
179110,17,490,508,3
179126,17,488,502,3
179143,17,476,517,3
179159,17,490,505,3
179176,17,491,511,3
179193,17,479,512,3
179209,17,474,509,3
179226,17,486,520,3
179243,17,489,497,3
179259,17,484,517,3
179276,17,485,548,3
179293,17,468,515,3
179309,17,476,545,3
179326,17,474,544,3
179342,17,503,514,3
179359,17,512,512,3
179376,17,511,499,3
179392,17,510,507,3
179409,17,509,498,3
179426,17,513,498,3
179442,17,509,503,3
179459,17,507,523,3
179476,17,498,530,3
179492,17,505,537,3
179509,17,510,513,3
179525,17,509,504,3
179542,17,499,506,3
179559,17,505,526,3
179575,17,508,533,3
179592,17,509,500,3
179609,17,505,504,3
179625,17,514,476,3
179642,17,509,510,3
179659,17,501,528,3
179675,17,483,707,3
179692,17,582,348,4
179991,299,722,981,0
180025,33,725,994,0
180058,33,729,995,0
180091,33,767,1072,0
180191,100,820,1078,0
180207,17,822,1030,0
180224,17,795,1079,0
180257,33,818,1049,0
180274,17,785,1037,0
180291,17,671,1051,0
180307,17,556,948,0
180324,17,570,1013,0
180341,17,548,966,0
180357,17,555,969,0
180374,17,557,949,0
180390,17,563,976,0
180407,17,559,946,0
180424,17,556,963,0
180440,17,556,953,0
180457,17,465,1009,0
180474,17,558,1006,0
180490,17,557,1016,0
180507,17,522,1048,0
180524,17,557,952,0
180540,17,555,1010,0
180557,17,562,952,0
180573,17,560,945,0
180590,17,558,999,0
180607,17,557,1016,0
180623,17,556,952,0
180640,17,557,967,0
180657,17,581,1003,0
180673,17,564,1015,0
180690,17,553,1000,0
180707,17,558,949,0
180723,17,564,1009,0
180740,17,527,1005,0
180756,17,507,956,0
180773,17,503,992,0
180790,17,507,901,0
180806,17,508,926,0
180823,17,510,920,0
180840,17,513,920,0
180856,17,500,965,0
180873,17,502,948,0
180890,17,510,918,0
180906,17,505,948,0
180923,17,507,949,0
180939,17,503,960,0
180973,33,507,966,0
180989,17,505,914,0
181006,17,509,935,0
181023,17,507,970,0
181039,17,512,907,0
181056,17,509,935,0
181073,17,506,964,0
181089,17,511,949,0
181106,17,501,969,0
181122,17,508,919,0
181139,17,504,941,0
181156,17,499,961,0
181172,17,507,891,0
181189,17,508,902,0
181206,17,500,979,0
181222,17,505,958,0
181239,17,503,956,0
181255,17,505,915,0
181272,17,500,922,0
181289,17,505,916,0
181305,17,501,927,0
181322,17,510,914,0
181339,17,507,936,0
181355,17,500,959,0
181372,17,398,1043,0
181389,17,501,962,0
181405,17,506,968,0
181422,17,506,969,0
181438,17,505,933,0
181455,17,504,935,0
181472,17,508,965,0
181488,17,507,962,0
181505,17,501,949,0
181522,17,507,935,0
181538,17,508,936,0
181555,17,498,967,0
181572,17,502,981,0
181588,17,505,964,0
181605,17,500,959,0
181621,17,503,974,0
181638,17,510,970,0
181655,17,526,969,0
181671,17,500,970,0
181688,17,517,953,0
181705,17,519,960,0
181721,17,519,959,0
181738,17,519,963,0
181755,17,501,956,0
181771,17,512,954,0
181788,17,516,985,0
181804,17,498,955,0
181821,17,516,949,0
181838,17,511,963,0
181854,17,516,945,0
181871,17,511,958,0
181888,17,507,962,0
181904,17,508,966,0
181921,17,518,959,0
181938,17,503,966,0
181954,17,505,961,0
181971,17,504,963,0
181987,17,501,960,0
182004,17,506,960,0
182021,17,504,952,0
182037,17,504,962,0
182054,17,503,963,0
182071,17,506,961,0
182087,17,490,962,0
182104,17,500,968,0
182121,17,511,990,0
182137,17,493,965,0
182170,33,489,966,0
182187,17,500,969,0
182204,17,495,961,0
182220,17,486,964,0
182237,17,480,964,0
182254,17,487,960,0
182270,17,479,964,0
182287,17,479,967,0
182304,17,482,965,0
182320,17,488,966,0
182337,17,479,972,0
182353,17,480,960,0
182370,17,482,965,0
182387,17,477,962,0
182403,17,480,966,0
182420,17,479,971,0
182437,17,479,965,0
182453,17,477,969,0
182470,17,476,965,0
182486,17,477,968,0
182503,17,478,962,0
182520,17,477,968,0
182536,17,481,964,0
182553,17,488,969,0
182570,17,482,969,0
182586,17,479,976,0
182603,17,482,968,0
182620,17,482,964,0
182636,17,481,966,0
182653,17,486,957,0
182669,17,483,965,0
182686,17,489,960,0
182703,17,492,957,0
182719,17,488,962,0
182736,17,490,965,0
182753,17,489,968,0
182769,17,503,952,0
182786,17,470,968,0
182803,17,496,956,0
182819,17,504,972,0
182836,17,495,952,0
182852,17,481,967,0
182869,17,479,950,0
182886,17,507,957,0
182902,17,483,944,0
182919,17,498,973,0
182936,17,496,978,0
182952,17,490,968,0
182969,17,473,977,0
182986,17,476,958,0
183002,17,479,973,0
183019,17,490,978,0
183035,17,490,964,0
183052,17,502,961,0
183069,17,487,966,0
183085,17,490,944,0
183102,17,498,932,0
183119,17,493,933,0
183135,17,489,934,0
183152,17,488,937,0
183169,17,491,943,0
183185,17,492,933,0
183202,17,494,941,0
183218,17,495,928,0
183235,17,490,940,0
183252,17,482,909,0
183268,17,337,955,0
183285,17,482,934,0
183302,17,479,937,0
183318,17,485,939,0
183335,17,487,947,0
183352,17,480,942,0
183368,17,476,942,0
183385,17,481,941,0
183401,17,477,941,0
183418,17,479,945,0
183435,17,475,941,0
183451,17,481,943,0
183468,17,483,941,0
183485,17,485,946,0
183501,17,483,937,0
183518,17,486,932,0
183534,17,478,936,0
183551,17,483,943,0
183568,17,482,945,0
183584,17,485,790,0
183601,17,495,562,3
183618,17,481,619,3
183634,17,477,462,3
183651,17,492,320,4
183668,17,508,260,0
183684,17,511,293,4
183701,17,535,321,4
183717,17,518,315,4
183734,17,533,318,4
183751,17,516,314,4
183767,17,508,316,4
183784,17,523,341,4
183801,17,520,333,4
183817,17,513,308,4
183834,17,514,344,4
183851,17,518,340,4
183867,17,525,325,4
183884,17,519,337,4
183900,17,522,331,4
183917,17,523,331,4
183934,17,534,335,4
183950,17,532,324,4
183967,17,535,328,4
183984,17,507,332,4
184000,17,537,313,4
184017,17,504,324,4
184034,17,534,323,4
184050,17,537,329,4
184067,17,521,327,4
184083,17,634,244,1
184100,17,764,179,0
184117,17,865,105,0
184133,17,942,48,0
184150,17,979,36,0
184167,17,972,40,0
184183,17,963,33,0
184200,17,957,47,0
184217,17,958,27,0
184233,17,968,25,0
184616,383,742,73,0
184632,17,582,171,1
184649,17,488,273,0
184666,17,516,246,1
184682,17,526,267,0
184699,17,517,237,1
184716,17,530,230,1
184732,17,533,254,1
184749,17,538,253,1
184765,17,532,249,1
184782,17,536,219,1
184799,17,530,257,1
184815,17,536,248,1
184832,17,537,237,1
184849,17,534,239,1
184865,17,534,249,1
184882,17,540,228,1
184899,17,525,243,1
184915,17,536,219,1
184932,17,537,226,1
184948,17,542,239,1
184965,17,540,214,1
184982,17,543,237,1
184998,17,543,241,1
185364,366,289,995,0
185381,17,359,705,3
185398,17,415,484,3
185414,17,422,372,2
185431,17,479,263,0
185448,17,473,197,1
185464,17,471,167,1
185481,17,467,139,1
185497,17,475,150,1
185514,17,470,204,1
185531,17,456,216,1
185547,17,464,215,1
185564,17,469,252,1
185581,17,464,244,1
185597,17,459,235,1
185614,17,462,241,1
185631,17,469,225,1
185647,17,459,156,1
185664,17,395,138,1
185680,17,354,118,0
185697,17,352,115,0
185714,17,356,72,0
185730,17,363,85,0
185747,17,358,105,0
185764,17,365,97,0
185780,17,369,94,0
185797,17,358,115,0
185813,17,361,105,0
185830,17,350,121,0
185847,17,358,122,0
185863,17,355,105,0
185880,17,367,113,0
185897,17,355,116,0
185913,17,364,121,0
185930,17,356,124,0
185947,17,365,122,0
185963,17,359,119,0
185980,17,366,126,0
185996,17,362,143,1
186013,17,354,121,0
186030,17,364,99,0
186046,17,365,113,0
186063,17,372,95,0
186080,17,397,106,0
186096,17,427,219,1
186113,17,542,243,1
186130,17,518,225,1
186146,17,550,222,1
186163,17,536,195,1
186179,17,548,188,1
186196,17,537,260,0
186213,17,524,299,4
186229,17,504,411,2
186246,17,490,476,3
186263,17,472,535,3
186279,17,467,644,3
186296,17,474,691,3
186313,17,472,761,3
186329,17,458,813,0
186346,17,448,853,0
186362,17,453,887,0
186379,17,428,923,0
186396,17,446,935,0
186412,17,409,986,0
186429,17,441,964,0
186446,17,451,950,0
186462,17,443,1006,0
186479,17,447,1021,0
186496,17,394,1053,0
186545,50,434,1050,0
186828,283,449,1076,0
186878,50,424,1069,0
186895,17,431,1080,0
186911,17,449,1059,0
186928,17,471,1013,0
186945,17,429,1068,0
186961,17,448,990,0
186978,17,455,954,0
186995,17,465,962,0
187011,17,473,948,0
187028,17,466,958,0
187044,17,455,962,0
187061,17,424,1041,0
187078,17,450,957,0
187094,17,430,1009,0
187128,33,458,1040,0
188009,882,610,709,3
188026,17,654,319,0
188043,17,736,29,0
188808,765,474,895,0
188824,17,390,828,0
188841,17,399,656,3
188858,17,420,551,3
188874,17,434,423,3
188891,17,451,343,4
188908,17,457,291,4
188924,17,479,251,1
188941,17,489,219,1
188958,17,491,207,1
188974,17,489,176,1
188991,17,493,152,1
189007,17,492,107,0
189024,17,493,140,1
189041,17,497,126,0
189057,17,490,114,0
189074,17,493,177,1
189091,17,495,166,1
189107,17,493,149,1
189124,17,499,149,1
189141,17,503,137,1
189157,17,508,125,0
189174,17,490,172,1
189190,17,476,193,1
189207,17,449,310,4
191253,2046,553,427,3
191270,17,533,520,3
191286,17,527,534,3
191303,17,495,536,3
191320,17,522,513,3
191336,17,516,514,3
191353,17,518,535,3
191370,17,517,548,3
191386,17,516,548,3
191403,17,544,568,3
191420,17,515,542,3
191436,17,514,553,3
191453,17,561,567,3
191469,17,556,553,3
191486,17,560,561,3
191503,17,498,577,3
191519,17,499,742,3
191536,17,492,867,0
191553,17,487,862,0
191569,17,476,958,0
191702,133,596,335,4
191719,17,568,1003,0
191736,17,439,1056,0
191752,17,452,920,0
191769,17,435,825,0
191785,17,455,733,3
191802,17,480,691,3
191819,17,484,641,3
191835,17,461,614,3
191852,17,483,575,3
191869,17,466,590,3
191885,17,471,559,3
191902,17,474,548,3
191919,17,489,569,3
191935,17,492,549,3
191952,17,538,431,3
191968,17,653,478,3
191985,17,788,431,3
192002,17,921,377,0
192018,17,927,323,0
192035,17,914,307,0
192052,17,909,277,0
192068,17,915,290,0
192085,17,902,281,0
192102,17,910,275,0
192118,17,888,277,0
192135,17,916,257,0
192151,17,909,303,0
192168,17,888,295,0
192185,17,917,308,0
192201,17,925,287,0
192218,17,941,297,0
192235,17,901,282,0
192251,17,892,292,0
192268,17,921,301,0
192285,17,913,287,0
192318,33,1589,1034,0
192601,283,1142,15,0
192684,83,562,19,0
192717,33,585,6,0
192750,33,564,2,0
192784,33,588,14,0
192800,17,593,61,0
192817,17,589,30,0
192833,17,596,64,0
192850,17,598,113,0
192867,17,634,252,1
192883,17,640,196,1
192900,17,643,203,1
192917,17,638,205,1
192933,17,639,212,1
192950,17,570,267,0
192967,17,567,228,1
192983,17,603,198,1
193000,17,563,234,1
193016,17,578,232,1
193033,17,578,210,1
193050,17,585,211,1
193066,17,576,224,1
193083,17,572,210,1
193100,17,653,270,0
193116,17,785,227,0
193133,17,825,228,0
193150,17,826,200,0
193166,17,823,189,0
193183,17,842,263,0
193199,17,825,382,0
193216,17,833,269,0
194347,1131,787,385,2
194364,17,777,1000,0
194381,17,564,1054,0
194397,17,574,876,0
194414,17,592,691,3
194430,17,603,581,3
194447,17,610,523,3
194464,17,613,505,3
194480,17,620,442,3
194497,17,637,465,3
194514,17,639,443,3
194530,17,641,436,3
194547,17,634,435,3
194564,17,639,383,2
194580,17,644,409,2
194597,17,573,411,2
194613,17,510,360,4
194630,17,529,276,0
194647,17,521,272,0
194663,17,549,232,1
194680,17,554,218,1
194697,17,560,227,1
194713,17,558,203,1
194730,17,554,202,1
194747,17,555,205,1
194763,17,543,183,1
194780,17,556,170,1
194796,17,556,202,1
194813,17,555,204,1
194830,17,564,173,1
194846,17,569,173,1
194863,17,550,236,1
194880,17,553,211,1
194896,17,552,217,1
194913,17,545,227,1
194930,17,550,232,1
194946,17,551,254,1
194963,17,537,262,0
194979,17,530,293,4
194996,17,529,334,4
195013,17,531,400,2
195029,17,507,481,3
195046,17,490,690,3
196111,1065,511,885,0
196127,17,549,654,3
196144,17,571,429,3
196160,17,586,302,4
196177,17,606,197,1
196194,17,615,160,1
196210,17,613,103,0
196227,17,619,63,0
196244,17,622,63,0
196260,17,617,69,0
196277,17,512,117,0
196294,17,520,297,4
196310,17,518,292,4
196327,17,528,292,4
196343,17,529,276,0
196360,17,508,280,0
196377,17,535,283,0
196393,17,526,292,4
196410,17,505,274,0
196427,17,536,283,0
196443,17,566,276,0
196460,17,687,110,0
196477,17,843,25,0
196726,250,930,51,0
196743,17,725,194,1
196759,17,566,314,4
196776,17,536,351,4
196793,17,560,299,4
196809,17,565,310,4
196826,17,569,341,4
196843,17,563,309,4
196859,17,564,327,4
196876,17,560,332,4
196892,17,572,268,0
196909,17,502,837,0
197109,200,420,1069,0
197125,17,454,900,0
197142,17,460,822,0
197159,17,450,796,0
197175,17,470,740,3
197192,17,369,813,0
197209,17,215,820,0
197225,17,195,780,0
197242,17,213,763,3
197258,17,201,749,3
197275,17,198,750,3
197292,17,205,752,3
197308,17,191,770,0
197325,17,217,794,0
197342,17,229,777,0
197358,17,214,775,0
197375,17,191,779,0
197391,17,228,764,3
197408,17,192,763,3
197425,17,212,757,3
197441,17,216,786,0
197458,17,227,759,3
197475,17,231,790,0
197491,17,242,790,0
197508,17,225,773,0
197525,17,244,758,3
197541,17,253,777,0
197558,17,188,819,0
197574,17,219,783,0
197591,17,224,767,0
197608,17,236,767,0
197624,17,192,829,0
197641,17,239,771,0
197658,17,213,789,0
197674,17,142,610,3
197691,17,214,798,0
197708,17,232,815,0
197724,17,245,578,3
197741,17,224,783,0
197757,17,228,783,0
197774,17,210,797,0
197791,17,214,831,0
197807,17,222,788,0
197824,17,258,551,3
197841,17,237,761,3
197857,17,198,799,0
197874,17,196,865,0
197891,17,243,750,3
197907,17,226,753,3
197924,17,228,745,3
197940,17,272,765,3
197957,17,359,741,3
197974,17,469,597,3
197990,17,483,523,3
198007,17,483,480,3
198024,17,495,470,3
198040,17,497,469,3
198057,17,494,450,3
198074,17,493,435,3
198090,17,492,419,5
198107,17,499,413,2
198123,17,495,412,2
198140,17,496,426,3
198157,17,406,485,3
198173,17,279,528,3
198190,17,257,571,3
198207,17,257,542,3
198223,17,253,566,3
198240,17,268,524,3
198257,17,279,541,3
198273,17,259,525,3
198290,17,262,541,3
198306,17,247,558,3
198323,17,268,535,3
198340,17,287,544,3
198356,17,273,552,3
198373,17,274,539,3
198390,17,284,553,3
198406,17,271,550,3
198423,17,278,541,3
198440,17,264,561,3
198456,17,275,574,3
198473,17,263,633,3
198822,349,483,977,0
198839,17,495,795,0
198855,17,514,600,3
198872,17,526,488,3
198889,17,542,405,2
198905,17,563,371,2
198922,17,559,328,4
198939,17,557,327,4
198955,17,556,312,4
198972,17,561,276,0
198988,17,563,281,0
199005,17,568,307,4
199022,17,562,278,0
199038,17,572,278,0
199055,17,558,302,4
199072,17,569,239,1
199088,17,570,277,0
199105,17,567,238,1
199122,17,566,270,0
199138,17,567,270,0
199155,17,580,274,0
199171,17,560,246,1
199188,17,569,265,0
199205,17,552,253,1
199221,17,572,229,1
199238,17,560,256,1
199255,17,577,240,1
199271,17,580,255,1
199288,17,565,296,4
199305,17,574,255,1
199321,17,580,228,1
199338,17,585,259,1
199354,17,579,243,1
199371,17,569,266,0
199388,17,552,272,0
199404,17,565,255,1
199421,17,584,254,1
199438,17,561,259,1
199454,17,565,247,1
199471,17,550,283,0
199488,17,552,305,4
199504,17,557,272,0
199521,17,560,302,4
199537,17,553,312,4
199554,17,460,390,2
199571,17,340,426,3
199587,17,245,382,2
199604,17,168,481,3
199621,17,184,474,3
199637,17,175,472,3
199654,17,173,486,3
199670,17,182,476,3
199687,17,151,513,3
199704,17,184,533,3
199720,17,183,476,3
199737,17,181,549,3
199754,17,246,569,3
199770,17,395,495,3
199787,17,454,495,3
199804,17,455,458,3
199820,17,452,463,3
199837,17,455,418,3
199853,17,459,465,3
199870,17,459,415,2
199887,17,459,437,3
199903,17,452,411,2
199920,17,444,513,3
199937,17,438,160,1
199953,17,461,573,3
200602,649,723,1017,0
200619,17,585,904,0
200635,17,607,647,3
200652,17,619,491,3
200669,17,647,333,0
200685,17,652,248,1
200702,17,652,211,1
200719,17,659,151,1
200735,17,648,187,1
200752,17,646,230,1
200768,17,578,229,1
200785,17,537,160,1
200802,17,545,182,1
200818,17,546,216,1
200835,17,518,220,1
200852,17,537,241,1
200868,17,523,220,1
200885,17,542,223,1
200901,17,524,233,1
200918,17,543,245,1
200935,17,536,234,1
200951,17,542,236,1
200968,17,512,255,1
200985,17,528,223,1
201001,17,541,215,1
201018,17,517,251,1
201035,17,476,721,3
201800,765,468,966,0
201816,17,492,745,3
201833,17,523,568,3
201850,17,523,382,2
201866,17,557,304,4
201883,17,555,258,1
201900,17,571,187,1
201916,17,573,155,1
201933,17,570,152,1
201949,17,579,153,1
201966,17,565,142,1
201983,17,559,166,1
201999,17,564,144,1
202016,17,567,197,1
202033,17,559,140,1
202049,17,559,198,1
202066,17,552,228,1
202083,17,576,217,1
202099,17,579,227,1
202116,17,575,226,1
202132,17,580,194,1
202149,17,567,205,1
202166,17,554,179,1
202182,17,550,199,1
202199,17,535,367,2
202216,17,484,954,0
202399,183,490,1020,0
202415,17,496,853,0
202432,17,503,687,3
202449,17,525,572,3
202465,17,529,472,3
202482,17,542,419,5
202498,17,549,370,2
202515,17,555,321,4
202532,17,549,326,4
202548,17,550,293,4
202565,17,571,251,1
202582,17,551,278,0
202598,17,560,251,1
202615,17,554,271,0
202632,17,557,278,0
202648,17,581,236,1
202665,17,574,266,0
202681,17,557,278,0
202698,17,576,239,1
202715,17,585,277,0
202731,17,586,245,1
202748,17,576,250,1
202765,17,577,250,1
202781,17,571,280,0
202798,17,575,280,0
202815,17,570,296,4
202831,17,559,284,0
202848,17,574,305,4
202864,17,575,311,4
202881,17,569,324,4
202898,17,564,319,4
202914,17,554,332,4
202931,17,550,331,4
202948,17,567,325,4
202964,17,552,354,4
202981,17,551,352,4
202998,17,545,354,4
203014,17,551,369,2
203031,17,545,374,2
203047,17,548,350,4
203064,17,545,383,2
203081,17,541,390,2
203097,17,541,419,5
203114,17,541,414,2
203131,17,542,422,3
203147,17,534,408,2
203164,17,536,430,3
203180,17,541,417,5
203197,17,541,424,3
203214,17,536,444,3
203230,17,539,421,5
203247,17,540,412,2
203264,17,536,454,3
203280,17,534,447,3
203297,17,537,477,3
203314,17,526,458,3
203330,17,533,467,3
203347,17,538,483,3
203363,17,529,502,3
203380,17,524,496,3
203397,17,520,502,3
203413,17,522,527,3
203430,17,535,471,3
203447,17,518,497,3
203463,17,533,522,3
203480,17,531,485,3
203497,17,534,519,3
203513,17,517,522,3
203530,17,528,527,3
203546,17,524,504,3
203563,17,533,524,3
203580,17,536,525,3
203596,17,518,538,3
203613,17,534,544,3
