Time (ms),Timegap (ms),Gaze X,Gaze Y,AOI
0,0,441,480,3
17,17,442,492,3
33,17,443,503,3
50,17,451,488,3
67,17,447,481,3
83,17,439,492,3
100,17,443,494,3
116,17,490,615,3
133,17,546,683,3
150,17,607,775,0
166,17,643,801,0
183,17,626,759,3
200,17,614,729,3
216,17,629,769,0
233,17,631,810,0
250,17,618,933,0
266,17,626,781,0
283,17,644,761,3
299,17,642,758,3
316,17,642,768,0
333,17,633,796,0
349,17,623,756,3
366,17,625,783,0
383,17,618,790,0
399,17,621,788,0
416,17,615,780,0
433,17,639,776,0
449,17,650,772,0
466,17,586,829,0
482,17,507,866,0
499,17,446,890,0
516,17,491,880,0
532,17,479,876,0
549,17,476,882,0
566,17,458,853,0
582,17,481,878,0
599,17,484,892,0
615,17,472,891,0
632,17,476,904,0
649,17,470,897,0
665,17,467,891,0
682,17,475,885,0
699,17,484,883,0
715,17,488,895,0
732,17,487,861,0
749,17,489,808,0
765,17,526,756,3
782,17,525,792,0
798,17,515,776,0
815,17,508,765,3
832,17,495,779,0
848,17,505,775,0
865,17,509,777,0
882,17,519,775,0
898,17,525,784,0
915,17,508,761,3
932,17,476,581,3
948,17,448,415,2
965,17,443,347,4
981,17,436,411,2
998,17,439,519,3
1015,17,438,516,3
1031,17,453,505,3
1048,17,438,532,3
1065,17,441,532,3
1081,17,435,544,3
1098,17,441,532,3
1115,17,445,533,3
1131,17,435,531,3
1148,17,443,522,3
1164,17,438,523,3
1181,17,441,514,3
1198,17,437,526,3
1214,17,448,530,3
1231,17,440,507,3
1248,17,426,521,3
1264,17,434,541,3
1281,17,431,534,3
1298,17,430,536,3
1314,17,444,509,3
1331,17,487,442,3
1347,17,509,418,5
1364,17,499,431,3
1381,17,510,404,2
1397,17,503,437,3
1414,17,506,421,5
1431,17,513,447,3
1447,17,509,437,3
1464,17,508,424,3
1481,17,505,440,3
1497,17,476,424,3
1514,17,477,443,3
1530,17,463,406,2
1547,17,465,408,2
1564,17,466,407,2
1580,17,487,387,2
1597,17,477,388,2
1614,17,457,373,2
1630,17,471,383,2
1647,17,474,388,2
1664,17,571,385,2
1680,17,630,360,0
1697,17,634,348,0
1713,17,632,346,0
1730,17,632,340,0
1747,17,624,331,0
1763,17,625,360,0
1780,17,630,352,0
1797,17,629,329,0
1813,17,626,335,0
1830,17,632,339,0
1846,17,628,324,0
1863,17,632,349,0
1880,17,614,318,0
1896,17,607,328,4
1913,17,603,317,4
1930,17,601,317,4
1946,17,598,329,4
1963,17,602,332,4
1980,17,598,336,4
1996,17,596,344,4
2013,17,598,348,4
2029,17,601,341,4
2046,17,598,339,4
2063,17,599,343,4
2079,17,594,343,4
2096,17,592,324,4
2113,17,597,321,4
2129,17,606,330,4
2146,17,600,316,4
2163,17,615,322,0
2179,17,603,326,4
2196,17,603,340,4
2212,17,601,332,4
2229,17,600,338,4
2246,17,599,327,4
2262,17,602,336,4
2279,17,594,323,4
2296,17,599,333,4
2312,17,578,319,4
2329,17,573,308,4
2346,17,575,312,4
2362,17,574,320,4
2379,17,575,338,4
2395,17,571,334,4
2412,17,572,322,4
2429,17,571,337,4
2445,17,575,311,4
2462,17,575,333,4
2479,17,575,322,4
2495,17,575,327,4
2512,17,574,354,4
2529,17,575,329,4
2545,17,568,349,4
2562,17,572,342,4
2578,17,572,323,4
2595,17,576,318,4
2612,17,559,310,4
2628,17,558,322,4
2645,17,560,318,4
2662,17,568,337,4
2678,17,563,301,4
2695,17,558,321,4
2712,17,568,339,4
2728,17,559,331,4
2745,17,564,347,4
2761,17,563,348,4
2778,17,560,353,4
2795,17,559,352,4
2811,17,558,344,4
2828,17,558,351,4
2845,17,549,352,4
2861,17,548,312,4
2878,17,551,298,4
2894,17,549,301,4
2911,17,542,316,4
2928,17,543,303,4
2944,17,545,317,4
2961,17,546,309,4
2978,17,548,343,4
2994,17,542,316,4
3011,17,546,331,4
3028,17,542,319,4
3044,17,542,308,4
3061,17,549,324,4
3077,17,548,337,4
3094,17,544,312,4
3111,17,519,399,2
3127,17,458,328,4
3144,17,467,326,4
3161,17,464,323,4
3177,17,474,345,4
3194,17,469,347,4
3211,17,475,356,4
3227,17,463,352,4
3244,17,470,347,4
3260,17,513,391,2
3277,17,529,374,2
3294,17,518,379,2
3310,17,509,386,2
3327,17,515,377,2
3344,17,482,340,4
3360,17,525,326,4
3377,17,521,347,4
3394,17,508,349,4
3410,17,515,326,4
3427,17,522,330,4
3443,17,513,338,4
3460,17,510,356,4
3477,17,515,343,4
3493,17,514,336,4
3510,17,517,308,4
3527,17,509,337,4
3543,17,521,325,4
3560,17,516,347,4
3577,17,517,367,2
3593,17,506,342,4
3610,17,519,350,4
3626,17,517,336,4
3643,17,512,365,2
3660,17,519,347,4
3676,17,516,356,4
3693,17,509,353,4
3710,17,513,350,4
3726,17,493,348,4
3760,33,509,357,4
3760,0,509,357,4
3776,17,514,395,2
3793,17,516,372,2
3809,17,507,389,2
3826,17,514,371,2
3859,33,506,380,2
3859,0,506,380,2
3876,17,506,376,2
3893,17,519,373,2
3909,17,511,374,2
3926,17,515,340,4
3943,17,508,388,2
3959,17,515,368,2
3976,17,511,337,4
3992,17,518,336,4
4009,17,508,337,4
4026,17,504,350,4
4042,17,516,329,4
4059,17,505,359,4
4076,17,509,351,4
4092,17,512,362,4
4109,17,509,349,4
4125,17,500,348,4
4142,17,508,335,4
4159,17,502,339,4
4175,17,550,353,4
4192,17,600,324,4
4209,17,597,355,4
4225,17,597,320,4
4242,17,594,330,4
4275,33,597,342,4
4275,0,597,342,4
4292,17,599,344,4
4308,17,598,325,4
4325,17,596,340,4
4342,17,603,343,4
4358,17,602,328,4
4375,17,603,337,4
4392,17,595,339,4
4408,17,601,340,4
4425,17,600,351,4
4442,17,600,344,4
4458,17,603,331,4
4475,17,611,353,4
4491,17,606,354,4
4508,17,602,345,4
4525,17,606,344,4
4541,17,608,321,4
4558,17,610,325,4
4575,17,611,353,4
4591,17,606,343,4
4608,17,595,344,4
4625,17,607,345,4
4641,17,564,351,4
4658,17,518,332,4
4674,17,513,307,4
4691,17,513,342,4
4708,17,517,346,4
4724,17,517,316,4
4758,33,514,342,4
4758,0,514,342,4
4774,17,515,321,4
4791,17,516,321,4
4808,17,526,305,4
4824,17,513,322,4
4841,17,511,341,4
4857,17,519,346,4
4874,17,510,363,4
4891,17,507,343,4
4907,17,509,328,4
4924,17,516,302,4
4941,17,514,327,4
4957,17,514,314,4
4974,17,522,367,2
4991,17,516,324,4
5007,17,516,337,4
5024,17,510,327,4
5040,17,509,344,4
5057,17,514,330,4
5074,17,512,328,4
5090,17,512,355,4
5107,17,512,341,4
5124,17,513,337,4
5140,17,512,342,4
5157,17,512,349,4
5174,17,518,319,4
5190,17,517,327,4
5207,17,512,319,4
5223,17,511,356,4
5240,17,506,342,4
5257,17,513,351,4
5273,17,507,351,4
5290,17,514,332,4
5307,17,509,379,2
5323,17,508,335,4
5340,17,512,347,4
5356,17,509,333,4
5373,17,506,342,4
5390,17,510,333,4
5406,17,510,335,4
5423,17,514,327,4
5440,17,508,356,4
5456,17,521,360,4
5473,17,509,359,4
5490,17,508,347,4
5506,17,500,356,4
5523,17,515,351,4
5539,17,507,343,4
5556,17,508,342,4
5573,17,507,330,4
5589,17,512,358,4
5606,17,511,341,4
5623,17,514,340,4
5639,17,506,358,4
5656,17,514,350,4
5673,17,502,352,4
5689,17,505,340,4
5706,17,520,335,4
5722,17,501,333,4
5739,17,503,361,4
5756,17,501,362,4
5772,17,511,369,2
5789,17,504,360,4
5806,17,504,345,4
5822,17,503,362,4
5839,17,504,370,2
5856,17,521,334,4
5872,17,510,345,4
5889,17,515,349,4
5905,17,511,351,4
5922,17,506,364,4
5939,17,516,377,2
5955,17,501,348,4
5972,17,506,339,4
5989,17,511,334,4
6005,17,505,350,4
6022,17,507,368,2
6039,17,511,342,4
6055,17,505,355,4
6072,17,505,340,4
6088,17,501,355,4
6105,17,506,386,2
6122,17,508,368,2
6138,17,511,315,4
6155,17,513,346,4
6172,17,508,337,4
6188,17,510,331,4
6205,17,507,362,4
6222,17,512,325,4
6238,17,517,337,4
6255,17,511,324,4
6271,17,509,327,4
6288,17,514,332,4
6305,17,512,333,4
6321,17,509,326,4
6338,17,509,348,4
6355,17,507,356,4
6371,17,509,370,2
6388,17,509,353,4
6404,17,508,341,4
6421,17,513,362,4
6438,17,511,345,4
6454,17,519,335,4
6471,17,513,376,2
6488,17,515,363,4
6504,17,507,347,4
6521,17,513,359,4
6538,17,450,330,4
6554,17,529,336,4
6571,17,437,336,4
6587,17,550,322,4
6604,17,552,355,4
6621,17,554,348,4
6637,17,560,343,4
6654,17,552,349,4
6671,17,555,333,4
6687,17,558,344,4
6704,17,554,335,4
6721,17,557,370,2
6737,17,561,371,2
6754,17,555,347,4
6770,17,561,355,4
6787,17,552,368,2
6804,17,554,369,2
6820,17,554,383,2
6837,17,538,369,2
6854,17,542,329,4
6870,17,537,374,2
6887,17,546,359,4
6904,17,535,358,4
6920,17,547,386,2
6937,17,538,371,2
6953,17,532,362,4
6970,17,546,372,2
6987,17,532,388,2
7003,17,545,357,4
7020,17,535,359,4
7037,17,535,367,2
7053,17,537,379,2
7070,17,535,374,2
7087,17,538,370,2
7103,17,539,363,4
7120,17,533,371,2
7136,17,531,385,2
7153,17,534,369,2
7170,17,537,356,4
7186,17,533,363,4
7203,17,533,379,2
7220,17,535,376,2
7236,17,539,383,2
7253,17,533,363,4
7270,17,538,353,4
7286,17,536,365,2
7303,17,534,401,2
7319,17,541,385,2
7336,17,534,365,2
7353,17,531,362,4
7369,17,539,354,4
7386,17,530,359,4
7403,17,531,364,4
7419,17,525,378,2
7436,17,507,311,4
7453,17,479,280,0
7469,17,487,287,0
7486,17,478,286,0
7502,17,485,304,4
7519,17,482,296,4
7536,17,468,322,4
7552,17,468,305,4
7569,17,481,343,4
7586,17,487,301,4
7602,17,500,312,4
7619,17,492,308,4
7635,17,492,326,4
7652,17,491,326,4
7669,17,497,310,4
7685,17,499,303,4
7702,17,495,310,4
7719,17,491,311,4
7735,17,483,305,4
7752,17,502,314,4
7769,17,485,336,4
7785,17,491,308,4
7802,17,476,320,4
7818,17,505,293,4
7835,17,496,297,4
7852,17,488,302,4
7868,17,492,305,4
7885,17,497,295,4
7902,17,518,310,4
7918,17,497,288,4
7935,17,504,297,4
7952,17,496,304,4
7968,17,497,333,4
7985,17,492,298,4
8001,17,509,303,4
8018,17,495,294,4
8035,17,509,296,4
8051,17,493,297,4
8068,17,494,312,4
8085,17,491,306,4
8101,17,496,307,4
8118,17,498,329,4
8135,17,501,309,4
8151,17,493,301,4
8168,17,493,318,4
8184,17,495,308,4
8201,17,498,276,0
8218,17,495,303,4
8234,17,511,327,4
8251,17,560,287,0
8268,17,579,299,4
8284,17,572,295,4
8301,17,576,306,4
8318,17,574,297,4
8334,17,574,299,4
8351,17,576,314,4
8367,17,577,284,0
8384,17,579,282,0
8401,17,583,276,0
8417,17,580,307,4
8434,17,594,306,4
8451,17,601,295,4
8467,17,606,296,4
8484,17,605,333,4
8501,17,612,288,4
8517,17,603,293,4
8534,17,614,314,0
8550,17,611,298,4
8567,17,602,303,4
8584,17,609,307,4
8600,17,603,312,4
8617,17,600,317,4
8634,17,607,312,4
8650,17,607,321,4
8667,17,601,326,4
8683,17,610,294,4
8700,17,601,301,4
8717,17,608,316,4
8733,17,581,314,4
8750,17,508,325,4
8767,17,434,334,4
8783,17,446,307,4
8800,17,445,306,4
8817,17,449,292,4
8833,17,446,316,4
8850,17,442,308,4
8866,17,432,294,4
8883,17,447,306,4
8900,17,446,304,4
8916,17,449,293,4
8933,17,421,308,4
8950,17,393,318,0
8966,17,406,334,0
8983,17,393,326,0
9000,17,394,339,0
9016,17,400,315,0
9033,17,402,309,0
9049,17,390,344,0
9066,17,409,324,0
9083,17,402,336,0
9099,17,394,344,0
9116,17,394,322,0
9133,17,463,335,4
9149,17,547,318,4
9166,17,557,324,4
9183,17,551,306,4
9199,17,551,311,4
9216,17,554,313,4
9232,17,560,304,4
9249,17,558,332,4
9266,17,548,326,4
9282,17,557,320,4
9299,17,555,330,4
9316,17,556,319,4
9332,17,541,298,4
9349,17,488,322,4
9366,17,496,314,4
9382,17,491,315,4
9399,17,487,298,4
9415,17,501,288,4
9432,17,493,293,4
9449,17,497,296,4
9465,17,500,319,4
9482,17,491,312,4
9499,17,505,314,4
9515,17,497,319,4
9532,17,495,318,4
9549,17,497,333,4
9565,17,499,332,4
9582,17,495,324,4
9598,17,496,321,4
9615,17,500,340,4
9632,17,498,327,4
9648,17,496,317,4
9665,17,488,317,4
9682,17,491,338,4
9698,17,499,341,4
9715,17,516,348,4
9732,17,577,381,2
9748,17,588,329,4
9765,17,587,330,4
9781,17,591,344,4
9798,17,590,337,4
9815,17,586,339,4
9831,17,586,346,4
9848,17,589,369,2
9865,17,587,311,4
9881,17,584,343,4
9898,17,587,336,4
9914,17,586,353,4
9931,17,591,341,4
9948,17,588,362,4
9964,17,586,335,4
9981,17,586,325,4
9998,17,587,347,4
10014,17,574,355,4
10031,17,502,297,4
10048,17,448,326,4
10064,17,476,303,4
10081,17,453,329,4
10097,17,457,329,4
10114,17,464,332,4
10131,17,456,337,4
10147,17,468,334,4
10164,17,450,325,4
10181,17,466,341,4
10197,17,458,321,4
10214,17,489,345,4
10231,17,486,325,4
10247,17,477,323,4
10264,17,489,337,4
10280,17,483,333,4
10297,17,484,334,4
10314,17,482,334,4
10330,17,488,345,4
10347,17,491,328,4
10364,17,490,320,4
10380,17,521,386,2
10397,17,539,364,4
10414,17,536,400,2
10430,17,541,401,2
10447,17,542,381,2
10463,17,538,388,2
10480,17,541,374,2
10497,17,542,390,2
10513,17,545,382,2
10530,17,537,383,2
10547,17,543,382,2
10563,17,544,388,2
10580,17,542,409,2
10597,17,544,363,4
10613,17,546,362,4
10630,17,548,388,2
10646,17,549,380,2
10663,17,548,371,2
10680,17,547,372,2
10696,17,546,366,2
10713,17,552,368,2
10730,17,543,382,2
10746,17,541,387,2
10763,17,547,363,4
10780,17,551,357,4
10796,17,546,364,4
10813,17,543,361,4
10829,17,541,365,2
10846,17,534,390,2
10863,17,524,374,2
10879,17,531,359,4
10896,17,534,358,4
10913,17,526,391,2
10929,17,529,393,2
10946,17,532,390,2
10962,17,530,399,2
10979,17,531,367,2
10996,17,531,375,2
11012,17,533,387,2
11029,17,531,391,2
11046,17,530,364,4
11062,17,534,397,2
11079,17,526,390,2
11096,17,529,408,2
11112,17,530,376,2
11129,17,533,361,4
11145,17,555,372,2
11162,17,556,355,4
11179,17,554,366,2
11195,17,549,376,2
11212,17,559,374,2
11229,17,556,365,2
11245,17,552,384,2
11262,17,558,387,2
11279,17,554,347,4
11295,17,555,399,2
11312,17,559,392,2
11328,17,561,379,2
11345,17,564,375,2
11362,17,541,361,4
11378,17,506,334,4
11395,17,503,343,4
11412,17,502,357,4
11428,17,499,331,4
11445,17,504,309,4
11462,17,503,332,4
11478,17,501,322,4
11495,17,516,323,4
11511,17,506,302,4
11528,17,505,318,4
11545,17,504,312,4
11561,17,510,305,4
11578,17,507,327,4
11595,17,549,397,2
11611,17,555,398,2
11628,17,561,421,5
11645,17,555,420,5
11661,17,556,424,3
11678,17,560,403,2
11694,17,556,419,5
11711,17,558,409,2
11728,17,556,411,2
11744,17,561,419,5
11761,17,553,388,2
11778,17,552,409,2
11794,17,553,421,5
11811,17,552,412,2
11828,17,555,410,2
11844,17,552,417,5
11861,17,557,416,2
11877,17,555,416,2
11894,17,554,406,2
11911,17,556,372,2
11927,17,574,350,4
11944,17,568,349,4
11961,17,567,376,2
11977,17,572,365,2
11994,17,575,334,4
12011,17,561,353,4
12027,17,572,358,4
12044,17,573,342,4
12060,17,574,347,4
12077,17,576,358,4
12094,17,569,353,4
12110,17,574,333,4
12127,17,571,332,4
12144,17,565,355,4
12160,17,566,380,2
12177,17,571,370,2
12193,17,548,372,2
12210,17,561,387,2
12227,17,554,385,2
12243,17,557,392,2
12260,17,546,378,2
12277,17,553,397,2
12293,17,557,374,2
12310,17,561,398,2
12327,17,559,375,2
12343,17,539,392,2
12360,17,540,388,2
12376,17,535,394,2
12393,17,543,408,2
12410,17,538,415,2
12426,17,542,411,2
12443,17,542,402,2
12460,17,537,397,2
12476,17,541,413,2
12493,17,542,420,5
12510,17,535,389,2
12526,17,544,396,2
12543,17,540,421,5
12559,17,535,409,2
12576,17,539,400,2
12593,17,544,428,3
12609,17,534,409,2
12626,17,535,420,5
12643,17,531,427,3
12659,17,535,392,2
12676,17,531,420,5
12693,17,532,414,2
12726,33,529,406,2
12742,17,522,413,2
12759,17,530,421,5
12776,17,528,427,3
12792,17,530,420,5
12809,17,527,415,2
12826,17,528,434,3
12842,17,510,377,2
12859,17,505,327,4
12876,17,498,358,4
12892,17,499,349,4
12909,17,492,337,4
12925,17,493,324,4
12942,17,492,319,4
12959,17,497,315,4
12975,17,500,334,4
12992,17,500,327,4
13009,17,493,333,4
13025,17,505,309,4
13042,17,501,309,4
13059,17,498,281,0
13075,17,505,305,4
13092,17,502,300,4
13108,17,495,291,4
13125,17,501,302,4
13142,17,501,301,4
13158,17,508,294,4
13175,17,487,298,4
13192,17,501,311,4
13208,17,530,318,4
13225,17,597,310,4
13241,17,612,300,4
13258,17,612,303,4
13275,17,614,315,0
13291,17,605,298,4
13308,17,606,309,4
13325,17,616,283,0
13341,17,610,302,4
13358,17,608,286,0
13375,17,615,311,0
13391,17,609,294,4
13408,17,600,323,4
13424,17,603,325,4
13441,17,598,293,4
13458,17,610,316,4
13474,17,612,314,4
13491,17,607,315,4
13508,17,602,325,4
13524,17,615,299,0
13541,17,611,192,1
13558,17,614,155,1
13574,17,614,161,1
13591,17,621,191,1
13607,17,627,162,1
13624,17,622,186,1
13641,17,622,176,1
13657,17,630,173,1
13674,17,621,187,1
13691,17,614,177,1
13707,17,623,194,1
13724,17,629,177,1
13741,17,617,184,1
13757,17,623,181,1
13774,17,615,180,1
13790,17,622,182,1
13807,17,619,173,1
13824,17,607,161,1
13840,17,582,108,0
13857,17,576,103,0
13874,17,574,111,0
13890,17,576,99,0
13907,17,577,97,0
13924,17,577,84,0
13940,17,574,110,0
13957,17,571,111,0
13973,17,573,111,0
13990,17,576,109,0
14007,17,574,117,0
14023,17,573,102,0
14040,17,577,110,0
14057,17,576,110,0
14073,17,576,97,0
14090,17,579,120,0
14107,17,574,132,0
14123,17,571,125,0
14140,17,573,112,0
14156,17,577,129,0
14173,17,577,152,1
14190,17,578,138,1
14206,17,575,130,0
14223,17,582,154,1
14240,17,591,265,0
14256,17,592,204,1
14273,17,586,177,1
14290,17,586,264,0
14306,17,581,290,4
14323,17,590,302,4
14339,17,585,303,4
14356,17,586,307,4
14373,17,589,324,4
14389,17,588,312,4
14406,17,588,305,4
14423,17,550,397,2
14439,17,554,385,2
14456,17,550,390,2
14472,17,550,389,2
14489,17,547,380,2
14506,17,548,392,2
14522,17,546,385,2
14539,17,546,404,2
14556,17,547,390,2
14572,17,547,414,2
14589,17,542,399,2
14606,17,544,403,2
14622,17,542,380,2
14639,17,541,394,2
14655,17,546,386,2
14672,17,546,396,2
14689,17,546,391,2
14705,17,549,401,2
14722,17,545,391,2
14739,17,547,404,2
14755,17,545,380,2
14772,17,541,382,2
14789,17,548,376,2
14805,17,551,362,4
14822,17,551,404,2
14838,17,550,393,2
14855,17,551,377,2
14872,17,552,389,2
14888,17,553,377,2
14905,17,548,382,2
14922,17,550,378,2
14938,17,547,398,2
14955,17,550,374,2
14972,17,548,377,2
14988,17,555,401,2
15005,17,549,383,2
15021,17,549,375,2
15038,17,549,368,2
15055,17,551,352,4
15071,17,560,374,2
15088,17,556,369,2
15105,17,557,383,2
15121,17,556,367,2
15138,17,557,362,4
15155,17,556,360,4
15171,17,553,393,2
15188,17,555,384,2
15204,17,550,359,4
15221,17,555,383,2
15238,17,556,401,2
15254,17,551,391,2
15271,17,558,380,2
15288,17,554,367,2
15304,17,556,342,4
15321,17,554,348,4
15338,17,558,392,2
15354,17,553,375,2
15371,17,554,340,4
15387,17,558,366,2
15404,17,556,389,2
15421,17,539,326,4
15437,17,492,303,4
15454,17,505,316,4
15471,17,505,315,4
15487,17,502,314,4
15504,17,501,307,4
15520,17,504,307,4
15537,17,501,332,4
15554,17,505,302,4
15570,17,517,314,4
15587,17,505,329,4
15604,17,507,307,4
15620,17,510,305,4
15637,17,506,324,4
15654,17,502,340,4
15670,17,510,314,4
15687,17,503,329,4
15703,17,512,303,4
15720,17,497,324,4
15737,17,506,310,4
15753,17,501,318,4
15770,17,500,327,4
15787,17,509,346,4
15803,17,508,318,4
15820,17,502,322,4
15837,17,500,301,4
15853,17,501,343,4
15870,17,502,343,4
15886,17,533,337,4
15903,17,571,301,4
15920,17,609,298,4
15953,33,600,326,4
15953,0,600,326,4
15970,17,593,333,4
15986,17,605,322,4
16003,17,597,312,4
16020,17,604,343,4
16036,17,597,328,4
16053,17,601,325,4
16069,17,600,312,4
16086,17,611,331,4
16103,17,609,326,4
16119,17,610,324,4
16136,17,609,332,4
16153,17,609,320,4
16169,17,604,323,4
16186,17,602,327,4
16203,17,607,353,4
16219,17,605,320,4
16236,17,610,311,4
16252,17,611,329,4
16269,17,609,347,4
16286,17,606,309,4
16302,17,609,319,4
16319,17,612,313,4
16336,17,612,343,4
16352,17,581,385,2
16369,17,550,468,3
16386,17,550,453,3
16402,17,548,479,3
16419,17,551,477,3
16435,17,553,458,3
16452,17,550,459,3
16469,17,549,446,3
16485,17,550,485,3
16502,17,551,463,3
16519,17,548,459,3
16535,17,547,469,3
16552,17,548,463,3
16569,17,547,475,3
16585,17,545,458,3
16602,17,544,465,3
16618,17,549,468,3
16635,17,549,482,3
16652,17,551,464,3
16668,17,552,460,3
16685,17,553,457,3
16702,17,550,465,3
16718,17,547,460,3
16735,17,554,463,3
16751,17,550,463,3
16768,17,551,448,3
16785,17,548,435,3
16801,17,559,427,3
16818,17,551,464,3
16835,17,552,433,3
16851,17,554,454,3
16868,17,551,473,3
16885,17,551,431,3
16901,17,553,416,2
16918,17,556,469,3
16934,17,557,470,3
16951,17,557,451,3
16968,17,556,446,3
16984,17,561,423,3
17001,17,560,468,3
17018,17,551,462,3
17034,17,550,461,3
17051,17,540,379,2
17068,17,528,318,4
17084,17,523,323,4
17101,17,525,296,4
17117,17,531,314,4
17134,17,531,310,4
17151,17,522,304,4
17167,17,529,289,4
17184,17,524,313,4
17201,17,535,283,0
17217,17,527,311,4
17234,17,498,319,4
17251,17,504,340,4
17267,17,499,323,4
17284,17,499,317,4
17300,17,502,322,4
17317,17,507,319,4
17334,17,506,324,4
17350,17,514,320,4
17367,17,499,335,4
17384,17,509,339,4
17400,17,502,337,4
17417,17,506,329,4
17434,17,494,321,4
17450,17,510,321,4
17467,17,502,352,4
17483,17,511,329,4
17500,17,510,343,4
17517,17,502,339,4
17533,17,510,337,4
17550,17,512,338,4
17567,17,531,337,4
17583,17,589,323,4
17600,17,609,317,4
17617,17,610,326,4
17633,17,612,341,4
17650,17,608,307,4
17666,17,602,314,4
17683,17,603,313,4
17700,17,606,318,4
17716,17,608,318,4
17733,17,608,319,4
17750,17,609,326,4
17766,17,606,326,4
17783,17,608,341,4
17800,17,606,345,4
17816,17,605,333,4
17833,17,609,318,4
17849,17,603,317,4
17866,17,615,363,0
18016,150,635,308,0
18032,17,646,744,3
18049,17,589,584,3
18066,17,593,382,2
18082,17,597,269,0
18099,17,610,200,1
18116,17,597,222,1
18132,17,599,289,4
18149,17,596,333,4
18165,17,594,323,4
18182,17,592,298,4
18199,17,591,304,4
18215,17,577,329,4
18232,17,517,358,4
18249,17,479,336,4
18265,17,491,326,4
18282,17,490,335,4
18299,17,487,329,4
18315,17,487,324,4
18332,17,485,326,4
18348,17,494,341,4
18365,17,487,329,4
18382,17,496,350,4
18398,17,494,351,4
18415,17,499,345,4
18432,17,550,391,2
18448,17,540,390,2
18465,17,545,382,2
18482,17,544,391,2
18498,17,555,392,2
18515,17,549,365,2
18531,17,549,367,2
18548,17,538,403,2
18565,17,540,417,5
18581,17,534,388,2
18598,17,553,359,4
18615,17,552,370,2
18631,17,546,373,2
18648,17,559,393,2
18665,17,549,372,2
18681,17,550,374,2
18698,17,551,371,2
18714,17,552,373,2
18731,17,552,379,2
18748,17,561,351,4
18764,17,553,364,4
18781,17,561,357,4
18798,17,555,363,4
18814,17,554,375,2
18831,17,555,370,2
18848,17,558,386,2
18864,17,535,370,2
18881,17,540,342,4
18897,17,539,358,4
18914,17,542,355,4
18931,17,541,380,2
18947,17,537,364,4
18964,17,537,359,4
18981,17,543,340,4
18997,17,534,374,2
19014,17,536,345,4
19030,17,533,348,4
19047,17,537,365,2
19064,17,538,354,4
19080,17,529,340,4
19097,17,534,328,4
19114,17,544,376,2
19130,17,538,340,4
19147,17,530,371,2
19164,17,532,367,2
19180,17,538,362,4
19197,17,530,362,4
19213,17,530,367,2
19230,17,531,355,4
19247,17,539,364,4
19263,17,538,361,4
19280,17,529,363,4
19297,17,535,349,4
19313,17,533,359,4
19330,17,532,390,2
19347,17,530,370,2
19363,17,529,372,2
19380,17,539,356,4
19396,17,531,394,2
19413,17,530,343,4
19430,17,531,359,4
19446,17,534,342,4
19463,17,529,378,2
19480,17,535,374,2
19496,17,538,352,4
19513,17,520,358,4
19530,17,495,341,4
19546,17,492,345,4
19563,17,492,354,4
19579,17,492,321,4
19596,17,493,333,4
19613,17,491,354,4
19629,17,490,318,4
19646,17,494,333,4
19663,17,500,326,4
19679,17,495,315,4
19696,17,493,310,4
19713,17,495,316,4
19729,17,492,315,4
19746,17,499,328,4
19762,17,493,322,4
19779,17,490,356,4
19796,17,493,326,4
19812,17,497,312,4
19829,17,497,347,4
19846,17,494,326,4
19862,17,494,324,4
19879,17,503,338,4
19896,17,492,340,4
19912,17,493,311,4
19929,17,498,335,4
19945,17,495,334,4
19962,17,499,324,4
19979,17,499,321,4
19995,17,498,306,4
20012,17,491,339,4
20029,17,511,349,4
20045,17,565,317,4
20062,17,578,335,4
20079,17,581,337,4
20095,17,572,322,4
20112,17,578,328,4
20128,17,586,345,4
20145,17,580,329,4
20162,17,583,331,4
20178,17,583,348,4
20195,17,581,314,4
20212,17,580,325,4
20228,17,582,306,4
20245,17,576,340,4
20261,17,584,321,4
20278,17,582,337,4
20295,17,580,332,4
20311,17,584,329,4
20328,17,595,317,4
20345,17,596,334,4
20361,17,593,317,4
20378,17,599,335,4
20395,17,593,341,4
20411,17,592,334,4
20428,17,590,350,4
20444,17,591,353,4
20461,17,596,351,4
20478,17,592,341,4
20494,17,592,363,4
20511,17,591,341,4
20528,17,596,335,4
20544,17,597,336,4
20561,17,594,339,4
20578,17,596,338,4
20594,17,597,332,4
20611,17,595,333,4
20644,33,499,328,4
20661,17,476,347,4
20677,17,482,341,4
20694,17,482,356,4
20711,17,478,320,4
20727,17,490,339,4
20744,17,476,339,4
20761,17,475,320,4
20777,17,474,339,4
20794,17,476,336,4
20810,17,478,334,4
20827,17,476,359,4
20844,17,473,344,4
20860,17,474,360,4
20877,17,483,363,4
20894,17,490,325,4
20910,17,478,357,4
20927,17,486,370,2
20944,17,487,352,4
20960,17,496,333,4
20977,17,489,316,4
20993,17,487,346,4
21010,17,488,324,4
21027,17,483,332,4
21043,17,483,360,4
21060,17,493,336,4
21077,17,491,332,4
21093,17,491,338,4
21110,17,488,359,4
21127,17,491,349,4
21143,17,492,345,4
21160,17,488,341,4
21176,17,486,346,4
21193,17,487,353,4
21210,17,490,327,4
21226,17,492,343,4
21243,17,494,319,4
21260,17,501,351,4
21276,17,439,335,4
21293,17,428,325,4
21309,17,435,344,4
21326,17,438,335,4
21343,17,438,351,4
21359,17,446,319,4
21376,17,441,329,4
21393,17,439,359,4
21409,17,430,352,4
21426,17,432,345,4
21443,17,445,342,4
21459,17,428,359,4
21476,17,441,350,4
21492,17,434,321,4
21509,17,433,347,4
21526,17,440,335,4
21542,17,426,358,4
21559,17,427,357,4
21576,17,428,331,4
21592,17,438,349,4
21609,17,424,349,4
21626,17,429,338,4
21642,17,481,318,4
21659,17,470,335,4
21675,17,470,352,4
21692,17,475,337,4
21709,17,471,345,4
21725,17,468,356,4
21742,17,474,374,2
21759,17,471,346,4
21775,17,470,349,4
21792,17,481,340,4
21809,17,467,345,4
21825,17,476,346,4
21842,17,484,329,4
21858,17,487,346,4
21875,17,559,345,4
21892,17,590,324,4
21908,17,587,301,4
21925,17,587,359,4
21942,17,589,360,4
21958,17,590,324,4
21975,17,587,335,4
21992,17,587,353,4
22008,17,594,339,4
22025,17,591,343,4
22041,17,590,334,4
22058,17,593,342,4
22075,17,593,327,4
22091,17,593,338,4
22108,17,589,319,4
22125,17,591,347,4
22141,17,590,362,4
22158,17,586,324,4
22175,17,593,318,4
22191,17,591,338,4
22208,17,589,333,4
22224,17,593,336,4
22241,17,587,344,4
22258,17,592,319,4
22274,17,589,334,4
22291,17,588,337,4
22308,17,589,295,4
22324,17,592,327,4
22341,17,595,327,4
22358,17,590,342,4
22374,17,591,298,4
22391,17,592,317,4
22407,17,590,352,4
22424,17,543,393,2
22441,17,552,362,4
22457,17,543,337,4
22474,17,545,364,4
22491,17,550,361,4
22507,17,546,369,2
22524,17,543,388,2
22540,17,543,359,4
22557,17,548,378,2
22574,17,553,370,2
22590,17,546,379,2
22607,17,544,368,2
22624,17,555,373,2
22640,17,551,369,2
22657,17,553,379,2
22674,17,556,379,2
22690,17,552,396,2
22707,17,548,367,2
22723,17,555,390,2
22740,17,550,391,2
22757,17,551,378,2
22773,17,545,387,2
22790,17,549,394,2
22807,17,551,388,2
22823,17,549,396,2
22840,17,547,412,2
22857,17,557,408,2
22873,17,550,406,2
22890,17,553,362,4
22906,17,549,382,2
22923,17,553,402,2
22940,17,540,353,4
22956,17,542,345,4
22973,17,547,372,2
22990,17,546,359,4
23006,17,546,345,4
23023,17,546,355,4
23040,17,548,345,4
23056,17,549,347,4
23073,17,545,387,2
23089,17,547,396,2
23106,17,543,367,2
23123,17,547,357,4
23139,17,543,364,4
23156,17,545,376,2
23173,17,545,384,2
23189,17,542,369,2
23206,17,539,366,2
23223,17,554,364,4
23239,17,549,364,4
23256,17,548,364,4
23272,17,544,354,4
23289,17,544,390,2
23306,17,546,351,4
23322,17,547,342,4
23339,17,547,360,4
23356,17,548,359,4
23372,17,548,363,4
23389,17,545,364,4
23406,17,543,379,2
23422,17,548,384,2
23439,17,544,375,2
23455,17,545,348,4
23472,17,516,349,4
23489,17,493,342,4
23505,17,492,343,4
23522,17,497,354,4
23539,17,498,324,4
23555,17,496,325,4
23572,17,502,324,4
23588,17,496,316,4
23605,17,495,335,4
23622,17,503,328,4
23638,17,497,315,4
23655,17,487,334,4
23672,17,481,342,4
23688,17,489,336,4
23705,17,485,318,4
23722,17,488,327,4
23738,17,491,328,4
23755,17,492,332,4
23771,17,487,338,4
23788,17,483,315,4
23805,17,488,326,4
23821,17,490,317,4
23838,17,487,330,4
23855,17,491,322,4
23871,17,522,336,4
23888,17,559,315,4
23905,17,573,322,4
23921,17,573,317,4
23938,17,569,311,4
23954,17,575,319,4
23971,17,573,295,4
23988,17,579,322,4
24004,17,577,304,4
24021,17,574,330,4
24038,17,571,385,2
24054,17,563,473,3
24071,17,567,483,3
24088,17,563,484,3
24104,17,569,489,3
24121,17,568,479,3
24137,17,576,497,3
24154,17,568,476,3
24171,17,576,511,3
24187,17,575,482,3
24204,17,570,502,3
24221,17,571,490,3
24237,17,568,490,3
24254,17,567,476,3
24271,17,569,473,3
24287,17,574,474,3
24304,17,597,493,3
24320,17,634,488,3
24337,17,628,479,3
24354,17,651,476,3
24370,17,637,478,3
24387,17,649,490,3
24404,17,643,483,3
24420,17,640,471,3
24437,17,629,474,3
24454,17,629,478,3
24470,17,635,483,3
24487,17,645,467,3
24503,17,644,447,3
24520,17,644,469,3
24537,17,634,462,3
24553,17,635,477,3
24570,17,661,477,3
24587,17,664,478,3
24603,17,663,455,3
24620,17,654,464,3
24637,17,657,478,3
24653,17,653,484,3
24670,17,658,467,3
24686,17,661,486,3
24703,17,647,453,3
24720,17,652,462,3
24736,17,653,465,3
24753,17,594,376,2
24770,17,553,321,4
24786,17,536,305,4
24803,17,527,306,4
24819,17,535,316,4
24836,17,535,324,4
24853,17,535,324,4
24869,17,535,298,4
24886,17,536,291,4
24903,17,532,315,4
24919,17,533,335,4
24936,17,494,334,4
24953,17,483,339,4
24969,17,486,324,4
24986,17,481,325,4
25002,17,483,335,4
25019,17,485,329,4
25036,17,481,337,4
25052,17,481,343,4
25069,17,483,352,4
25086,17,479,327,4
25102,17,483,338,4
25119,17,482,328,4
25136,17,485,339,4
25152,17,490,338,4
25169,17,487,342,4
25185,17,483,329,4
25202,17,528,355,4
25219,17,550,324,4
25235,17,545,313,4
25252,17,548,340,4
25269,17,545,350,4
25285,17,547,325,4
25302,17,546,326,4
25319,17,544,349,4
25335,17,545,341,4
25352,17,548,308,4
25368,17,549,313,4
25385,17,546,322,4
25402,17,552,302,4
25418,17,547,328,4
25435,17,550,322,4
25452,17,549,321,4
25468,17,550,320,4
25485,17,550,351,4
25502,17,546,349,4
25518,17,547,330,4
25535,17,541,318,4
25551,17,502,228,1
25568,17,482,205,1
25585,17,489,186,1
25601,17,495,200,1
25618,17,486,195,1
25635,17,482,199,1
25651,17,483,222,1
25668,17,485,187,1
25685,17,493,192,1
25701,17,486,184,1
25718,17,495,194,1
25734,17,492,209,1
25751,17,469,157,1
25768,17,455,158,1
25784,17,454,172,1
25801,17,461,150,1
25818,17,463,156,1
25834,17,452,160,1
25851,17,456,145,1
25868,17,458,148,1
25884,17,453,166,1
25901,17,455,172,1
25917,17,458,151,1
25934,17,456,180,1
25951,17,458,138,1
25967,17,495,164,1
25984,17,549,127,0
26001,17,541,118,0
26017,17,532,129,0
26034,17,544,140,1
26050,17,549,133,1
26067,17,550,137,1
26084,17,554,135,1
26100,17,555,136,1
26117,17,544,148,1
26134,17,554,130,0
26150,17,556,163,1
26167,17,554,144,1
26184,17,548,123,0
26200,17,543,149,1
26217,17,553,126,0
26233,17,554,154,1
26250,17,549,154,1
26267,17,550,155,1
26283,17,551,154,1
26300,17,547,162,1
26317,17,548,146,1
26333,17,553,128,0
26350,17,542,153,1
26367,17,550,139,1
26383,17,544,143,1
26400,17,548,136,1
26416,17,548,143,1
26433,17,547,151,1
26450,17,551,149,1
26466,17,275,171,0
26483,17,537,198,1
26500,17,548,326,4
26516,17,541,385,2
26533,17,539,379,2
26550,17,535,381,2
26566,17,537,387,2
26583,17,543,407,2
26599,17,536,391,2
26616,17,534,409,2
26633,17,536,417,5
26649,17,547,395,2
26666,17,537,394,2
26683,17,537,423,3
26699,17,544,404,2
26716,17,538,396,2
26733,17,539,379,2
26749,17,540,375,2
26766,17,538,383,2
26782,17,538,403,2
26799,17,540,399,2
26816,17,538,410,2
26832,17,546,412,2
26849,17,544,402,2
26866,17,541,403,2
26882,17,544,395,2
26899,17,548,409,2
26916,17,546,367,2
26932,17,546,394,2
26949,17,550,401,2
26965,17,546,404,2
26982,17,549,384,2
26999,17,547,370,2
27015,17,547,400,2
27032,17,549,389,2
27049,17,535,417,5
27065,17,535,387,2
27082,17,538,393,2
27098,17,530,415,2
27115,17,533,397,2
27132,17,536,387,2
27148,17,536,367,2
27165,17,527,398,2
27182,17,539,376,2
27198,17,528,394,2
27215,17,534,391,2
27232,17,536,401,2
27248,17,528,397,2
27265,17,535,385,2
27281,17,540,384,2
27298,17,535,390,2
27315,17,531,404,2
27331,17,535,386,2
27348,17,530,398,2
27365,17,529,380,2
27381,17,531,390,2
27398,17,527,384,2
27415,17,527,388,2
27431,17,531,399,2
27448,17,532,405,2
27464,17,525,386,2
27481,17,526,358,4
27498,17,527,377,2
27514,17,508,388,2
27531,17,508,346,4
27548,17,505,367,2
27564,17,494,372,2
27581,17,505,369,2
27598,17,505,372,2
27614,17,502,354,4
27631,17,503,348,4
27647,17,501,349,4
27664,17,505,345,4
27681,17,506,370,2
27697,17,506,373,2
27714,17,504,364,4
27731,17,503,369,2
27747,17,501,352,4
27764,17,505,353,4
27781,17,505,350,4
27797,17,501,358,4
27814,17,502,358,4
27830,17,507,342,4
27847,17,538,409,2
27864,17,540,439,3
27880,17,539,431,3
27897,17,541,437,3
27914,17,541,423,3
27930,17,535,431,3
27947,17,533,435,3
27964,17,536,438,3
27980,17,538,421,5
27997,17,539,436,3
28013,17,542,430,3
28030,17,536,422,3
28047,17,540,435,3
28063,17,530,452,3
28080,17,546,439,3
28097,17,533,430,3
28113,17,537,439,3
28130,17,534,424,3
28147,17,535,435,3
28163,17,535,427,3
28180,17,538,438,3
28196,17,535,447,3
28213,17,534,424,3
28230,17,532,422,3
28246,17,534,436,3
28263,17,535,447,3
28280,17,492,409,2
28296,17,428,381,2
28313,17,420,359,4
28329,17,413,386,2
28346,17,415,381,2
28363,17,405,356,0
28379,17,423,391,2
28396,17,422,397,2
28413,17,421,373,2
28429,17,420,350,4
28446,17,410,356,0
28463,17,423,372,2
28479,17,426,379,2
28496,17,424,388,2
28512,17,418,400,2
28529,17,402,368,2
28546,17,420,357,4
28562,17,415,384,2
28579,17,423,367,2
28596,17,418,369,2
28612,17,426,357,4
28629,17,433,366,2
28646,17,491,376,2
28662,17,531,332,4
28679,17,536,310,4
28695,17,535,328,4
28712,17,537,296,4
28729,17,533,291,4
28745,17,535,326,4
28762,17,533,329,4
28779,17,535,330,4
28795,17,538,339,4
28812,17,533,316,4
28829,17,533,334,4
28845,17,534,321,4
28862,17,538,342,4
28878,17,469,334,4
28895,17,446,346,4
28912,17,460,355,4
28928,17,458,362,4
28945,17,461,354,4
28962,17,467,358,4
28978,17,455,332,4
28995,17,458,359,4
29012,17,460,353,4
29028,17,455,370,2
29045,17,455,355,4
29061,17,454,348,4
29078,17,471,340,4
29095,17,488,371,2
29111,17,487,352,4
29128,17,486,347,4
29145,17,490,363,4
29161,17,490,339,4
29178,17,498,356,4
29195,17,489,344,4
29211,17,491,338,4
29228,17,489,354,4
29244,17,495,349,4
29261,17,491,365,2
29278,17,499,341,4
29294,17,496,349,4
29311,17,489,362,4
29328,17,491,342,4
29344,17,490,343,4
29361,17,481,348,4
29377,17,486,350,4
29394,17,488,360,4
29411,17,494,367,2
29427,17,492,351,4
29444,17,500,340,4
29461,17,493,353,4
29477,17,493,332,4
29494,17,493,362,4
29511,17,485,397,2
29527,17,487,360,4
29544,17,491,357,4
29560,17,488,341,4
29577,17,493,378,2
29594,17,556,334,4
29610,17,593,307,4
29627,17,600,313,4
29644,17,597,312,4
29660,17,601,294,4
29677,17,610,322,4
29694,17,602,328,4
29710,17,600,333,4
29727,17,602,307,4
29743,17,599,322,4
29760,17,603,352,4
29777,17,606,324,4
29793,17,602,329,4
29810,17,594,359,4
29827,17,598,353,4
29843,17,598,354,4
29860,17,595,335,4
29877,17,597,325,4
29893,17,599,342,4
29910,17,594,335,4
29926,17,600,338,4
29943,17,596,330,4
29960,17,597,339,4
29976,17,594,351,4
29993,17,598,360,4
30010,17,599,329,4
30026,17,591,352,4
30043,17,547,422,3
30060,17,529,465,3
30076,17,539,440,3
30093,17,538,434,3
30109,17,536,443,3
30126,17,540,437,3
30143,17,542,445,3
30159,17,532,470,3
30176,17,531,464,3
30193,17,531,463,3
30209,17,530,441,3
30226,17,535,441,3
30243,17,535,446,3
30259,17,535,438,3
30276,17,528,437,3
30292,17,535,442,3
30309,17,535,426,3
30326,17,532,421,5
30342,17,530,429,3
30359,17,536,464,3
30376,17,534,447,3
30392,17,536,445,3
30409,17,534,434,3
30426,17,539,431,3
30442,17,533,438,3
30459,17,536,427,3
30475,17,531,432,3
30492,17,533,464,3
30509,17,540,451,3
30525,17,534,416,2
30542,17,542,383,2
30559,17,541,409,2
30575,17,537,390,2
30592,17,532,374,2
30608,17,538,368,2
30625,17,538,370,2
30642,17,543,395,2
30658,17,540,401,2
30675,17,538,391,2
30692,17,540,388,2
30708,17,535,393,2
30725,17,543,387,2
30742,17,542,372,2
30758,17,536,396,2
30775,17,540,390,2
30791,17,514,387,2
30808,17,507,370,2
30825,17,512,367,2
30841,17,514,387,2
30858,17,508,391,2
30875,17,510,384,2
30891,17,519,387,2
30908,17,509,393,2
30925,17,513,386,2
30941,17,513,364,4
30958,17,511,406,2
30974,17,516,413,2
30991,17,511,383,2
31008,17,512,392,2
31024,17,510,393,2
31041,17,514,361,4
31058,17,507,386,2
31074,17,509,393,2
31091,17,513,375,2
31108,17,513,390,2
31124,17,513,403,2
31141,17,510,387,2
31157,17,503,401,2
31174,17,508,382,2
31191,17,506,387,2
31207,17,504,376,2
31224,17,503,400,2
31241,17,505,379,2
31257,17,506,401,2
31274,17,507,381,2
31291,17,509,387,2
31307,17,510,379,2
31324,17,512,377,2
31340,17,505,386,2
31357,17,506,395,2
31374,17,510,371,2
31390,17,507,388,2
31407,17,503,386,2
31424,17,512,390,2
31440,17,514,402,2
31457,17,509,410,2
31474,17,510,399,2
31490,17,508,396,2
31507,17,509,411,2
31523,17,508,387,2
31540,17,505,379,2
31557,17,485,388,2
31573,17,471,342,4
31590,17,474,362,4
31607,17,468,346,4
31623,17,471,373,2
31640,17,474,373,2
31656,17,474,344,4
31673,17,468,359,4
31690,17,469,371,2
31706,17,472,347,4
31723,17,477,363,4
31740,17,478,349,4
31756,17,474,355,4
31773,17,478,359,4
31790,17,469,358,4
31806,17,479,370,2
31823,17,470,391,2
31839,17,484,368,2
31856,17,475,378,2
31873,17,481,357,4
31889,17,473,382,2
31906,17,482,353,4
31923,17,475,369,2
31939,17,474,369,2
31956,17,480,355,4
31973,17,471,367,2
31989,17,489,357,4
32006,17,474,346,4
32022,17,481,340,4
32039,17,475,366,2
32056,17,478,357,4
32072,17,480,357,4
32089,17,479,366,2
32106,17,473,370,2
32122,17,476,346,4
32139,17,472,383,2
32156,17,475,354,4
32172,17,474,368,2
32189,17,477,355,4
32205,17,467,368,2
32222,17,471,372,2
32239,17,473,366,2
32255,17,470,330,4
32272,17,472,357,4
32289,17,473,355,4
32305,17,471,373,2
32322,17,473,380,2
32339,17,476,366,2
32355,17,476,384,2
32372,17,476,357,4
32388,17,475,368,2
32405,17,471,351,4
32422,17,471,358,4
32438,17,473,343,4
32455,17,470,331,4
32472,17,472,381,2
32488,17,473,361,4
32505,17,474,357,4
32522,17,471,369,2
32538,17,473,369,2
32555,17,473,357,4
32571,17,469,379,2
32588,17,471,352,4
32605,17,467,361,4
32621,17,474,373,2
32638,17,475,358,4
32655,17,476,353,4
32671,17,477,370,2
32688,17,472,352,4
32705,17,527,351,4
32721,17,561,344,4
32738,17,556,351,4
32754,17,557,334,4
32771,17,556,349,4
32788,17,555,335,4
32804,17,561,333,4
32821,17,557,330,4
32838,17,559,335,4
32854,17,554,362,4
32871,17,554,346,4
32887,17,575,345,4
32904,17,594,320,4
32921,17,588,327,4
32937,17,592,328,4
32954,17,594,334,4
32971,17,587,347,4
32987,17,592,348,4
33004,17,595,361,4
33021,17,589,332,4
33037,17,590,331,4
33054,17,591,322,4
33070,17,589,374,2
33087,17,597,342,4
33104,17,594,346,4
33120,17,592,352,4
33137,17,595,348,4
33154,17,597,356,4
33170,17,592,372,2
33187,17,591,302,4
33204,17,598,346,4
33220,17,592,364,4
33237,17,591,345,4
33253,17,593,336,4
33270,17,592,336,4
33287,17,592,339,4
33303,17,590,352,4
33320,17,590,348,4
33337,17,592,340,4
33353,17,594,355,4
33370,17,589,309,4
33387,17,588,326,4
33403,17,593,343,4
33420,17,589,324,4
33436,17,583,333,4
33453,17,490,389,2
33470,17,439,371,2
33486,17,442,383,2
33503,17,438,376,2
33520,17,453,377,2
33536,17,436,348,4
33553,17,442,352,4
33570,17,438,354,4
33586,17,440,361,4
33603,17,438,373,2
33619,17,447,366,2
33636,17,442,355,4
33653,17,442,342,4
33669,17,440,355,4
33686,17,458,369,2
33703,17,463,356,4
33719,17,466,355,4
33736,17,462,375,2
33753,17,469,361,4
33769,17,476,355,4
33786,17,465,344,4
33802,17,460,347,4
33819,17,461,341,4
33836,17,468,356,4
33852,17,465,363,4
33869,17,468,345,4
33886,17,472,379,2
33902,17,463,331,4
33919,17,471,335,4
33936,17,466,355,4
33952,17,471,346,4
33969,17,470,355,4
33985,17,473,347,4
34002,17,482,350,4
34019,17,468,343,4
34035,17,482,324,4
34052,17,472,338,4
34069,17,469,353,4
34085,17,474,338,4
34102,17,477,371,2
34118,17,469,369,2
34135,17,473,336,4
34152,17,469,338,4
34168,17,488,361,4
34185,17,534,336,4
34202,17,537,335,4
34218,17,543,335,4
34235,17,543,337,4
34252,17,545,343,4
34268,17,545,320,4
34285,17,541,340,4
34301,17,543,332,4
34318,17,541,347,4
34335,17,539,344,4
34351,17,541,329,4
34368,17,541,304,4
34385,17,542,307,4
34401,17,542,331,4
34418,17,544,328,4
34435,17,551,306,4
34451,17,541,306,4
34468,17,548,328,4
34484,17,552,346,4
34501,17,543,326,4
34518,17,546,314,4
34534,17,540,330,4
34551,17,530,345,4
34568,17,522,395,2
34584,17,526,390,2
34601,17,529,373,2
34618,17,529,372,2
34634,17,533,373,2
34651,17,527,365,2
34667,17,529,370,2
34684,17,522,353,4
34701,17,529,376,2
34717,17,527,395,2
34734,17,528,372,2
34751,17,526,381,2
34767,17,516,384,2
34784,17,526,364,4
34801,17,521,369,2
34817,17,521,382,2
34834,17,528,382,2
34850,17,520,357,4
34867,17,530,361,4
34884,17,526,369,2
34900,17,526,405,2
34917,17,523,399,2
34934,17,525,369,2
34950,17,522,399,2
34967,17,528,379,2
34984,17,523,376,2
35000,17,524,381,2
35017,17,519,350,4
35033,17,519,384,2
35050,17,519,366,2
35067,17,517,376,2
35083,17,516,384,2
35100,17,517,384,2
35117,17,523,360,4
35133,17,527,364,4
35150,17,531,355,4
35166,17,526,364,4
35183,17,532,349,4
35200,17,526,369,2
35216,17,525,365,2
35233,17,530,359,4
35250,17,524,390,2
35266,17,526,366,2
35283,17,527,337,4
35300,17,527,358,4
35316,17,525,364,4
35333,17,525,377,2
35349,17,528,376,2
35366,17,530,361,4
35383,17,529,351,4
35399,17,527,351,4
35416,17,530,356,4
35433,17,527,358,4
35449,17,527,359,4
35466,17,530,369,2
35483,17,524,365,2
35499,17,524,383,2
35516,17,534,378,2
35532,17,530,378,2
35549,17,532,385,2
35566,17,530,372,2
35582,17,502,372,2
35599,17,485,348,4
35616,17,496,337,4
35632,17,486,347,4
35649,17,492,323,4
35666,17,491,326,4
35682,17,493,348,4
35699,17,490,341,4
35715,17,486,346,4
35732,17,489,329,4
35749,17,489,341,4
35765,17,488,329,4
35782,17,490,339,4
35799,17,494,368,2
35815,17,515,474,3
35832,17,517,431,3
35849,17,519,437,3
35865,17,520,423,3
35882,17,527,441,3
35898,17,518,435,3
35915,17,522,440,3
35932,17,523,457,3
35948,17,519,415,2
35965,17,512,427,3
35982,17,527,444,3
35998,17,519,423,3
36015,17,530,419,5
36032,17,520,453,3
36048,17,537,358,4
36065,17,533,366,2
36081,17,528,393,2
36098,17,527,356,4
36115,17,534,388,2
36131,17,533,365,2
36148,17,530,357,4
36165,17,531,354,4
36181,17,529,342,4
36198,17,530,363,4
36215,17,538,357,4
36231,17,526,347,4
36248,17,530,369,2
36264,17,532,375,2
36281,17,525,360,4
36298,17,530,374,2
36314,17,533,378,2
36331,17,525,358,4
36348,17,518,353,4
36364,17,515,353,4
36381,17,522,355,4
36397,17,517,365,2
36414,17,526,374,2
36431,17,522,347,4
36447,17,519,338,4
36464,17,527,353,4
36481,17,525,381,2
36497,17,487,347,4
36514,17,471,351,4
36531,17,473,348,4
36547,17,484,341,4
36564,17,483,327,4
36580,17,486,336,4
36597,17,488,368,2
36614,17,480,353,4
36630,17,484,347,4
36647,17,473,329,4
36664,17,472,332,4
36680,17,479,345,4
36697,17,472,359,4
36714,17,476,344,4
36730,17,474,355,4
36747,17,476,352,4
36763,17,479,361,4
36780,17,480,370,2
36797,17,469,347,4
36813,17,472,349,4
36830,17,476,334,4
36847,17,477,355,4
36863,17,485,327,4
36880,17,474,348,4
36897,17,481,334,4
36913,17,479,343,4
36930,17,473,334,4
36946,17,479,354,4
36963,17,473,339,4
36980,17,509,343,4
36996,17,556,321,4
37013,17,548,315,4
37030,17,556,345,4
37046,17,561,348,4
37063,17,555,350,4
37080,17,555,311,4
37096,17,556,331,4
37113,17,559,327,4
37129,17,558,329,4
37146,17,565,324,4
37163,17,579,326,4
37179,17,580,340,4
37196,17,579,332,4
37213,17,579,348,4
37229,17,583,340,4
37246,17,581,302,4
37263,17,579,333,4
37279,17,580,322,4
37296,17,582,313,4
37312,17,579,334,4
37329,17,593,322,4
37346,17,579,344,4
37362,17,575,333,4
37379,17,582,317,4
37396,17,580,320,4
37412,17,579,312,4
37429,17,580,323,4
37445,17,584,325,4
37462,17,576,341,4
37479,17,578,356,4
37495,17,581,315,4
37512,17,583,321,4
37529,17,583,319,4
37545,17,580,333,4
37562,17,584,328,4
37579,17,585,337,4
37595,17,582,323,4
37612,17,579,314,4
37628,17,579,347,4
37645,17,576,366,2
37662,17,578,336,4
37678,17,576,338,4
37695,17,578,350,4
37712,17,575,342,4
37728,17,575,356,4
37745,17,577,328,4
37762,17,580,359,4
37778,17,573,327,4
37795,17,573,367,2
37811,17,580,356,4
37828,17,574,329,4
37845,17,558,353,4
37861,17,526,392,2
37878,17,527,371,2
37895,17,526,371,2
37911,17,522,397,2
37928,17,526,394,2
37945,17,522,374,2
37961,17,525,379,2
37978,17,528,374,2
37994,17,526,394,2
38011,17,531,411,2
38028,17,543,390,2
38044,17,525,380,2
38061,17,529,401,2
38078,17,525,397,2
38094,17,517,395,2
38111,17,521,398,2
38128,17,529,390,2
38144,17,523,392,2
38161,17,531,365,2
38177,17,530,376,2
38194,17,530,392,2
38211,17,531,355,4
38227,17,543,345,4
38244,17,521,369,2
38261,17,534,382,2
38277,17,533,367,2
38294,17,512,372,2
38311,17,472,343,4
38327,17,475,344,4
38344,17,477,343,4
38360,17,472,356,4
38377,17,483,338,4
38394,17,493,361,4
38410,17,480,330,4
38427,17,475,351,4
38444,17,480,361,4
38460,17,477,356,4
38477,17,478,361,4
38494,17,483,341,4
38510,17,477,342,4
38527,17,465,335,4
38543,17,479,354,4
38560,17,487,342,4
38577,17,476,325,4
38593,17,478,338,4
38610,17,531,400,2
38627,17,524,386,2
38643,17,525,387,2
38660,17,526,387,2
38676,17,522,379,2
38693,17,523,398,2
38710,17,524,419,5
38726,17,521,375,2
38743,17,528,389,2
38760,17,526,359,4
38776,17,528,389,2
38793,17,521,350,4
38810,17,524,370,2
38826,17,522,386,2
38843,17,528,371,2
38859,17,524,352,4
38876,17,525,392,2
38893,17,524,374,2
38909,17,531,398,2
38926,17,530,365,2
38943,17,537,369,2
38959,17,535,379,2
38976,17,547,364,4
38993,17,544,356,4
39009,17,542,351,4
39026,17,533,351,4
39042,17,536,368,2
39059,17,541,376,2
39076,17,547,384,2
39092,17,537,390,2
39109,17,543,350,4
39126,17,539,391,2
39142,17,536,348,4
39159,17,538,353,4
39176,17,540,382,2
39192,17,537,357,4
39209,17,543,346,4
39225,17,540,338,4
39242,17,541,355,4
39259,17,544,356,4
39275,17,543,375,2
39292,17,540,365,2
39309,17,541,343,4
39325,17,541,339,4
39342,17,537,332,4
39359,17,539,361,4
39375,17,537,352,4
39392,17,541,377,2
39408,17,543,356,4
39425,17,531,356,4
39442,17,537,363,4
39458,17,530,355,4
39475,17,532,347,4
39492,17,539,348,4
39508,17,527,363,4
39525,17,531,348,4
39542,17,539,362,4
39558,17,533,371,2
39575,17,537,372,2
39591,17,529,357,4
39608,17,526,363,4
39625,17,500,331,4
39641,17,491,337,4
39658,17,489,345,4
39675,17,500,329,4
39691,17,498,336,4
39708,17,497,331,4
39724,17,497,323,4
39741,17,500,357,4
39758,17,494,326,4
39774,17,495,323,4
39791,17,496,361,4
39808,17,490,333,4
39824,17,492,325,4
39841,17,499,325,4
39858,17,493,343,4
39874,17,496,343,4
39891,17,492,329,4
39907,17,496,318,4
39924,17,499,311,4
39941,17,499,346,4
39957,17,503,346,4
39974,17,500,344,4
39991,17,494,335,4
40007,17,501,335,4
40024,17,492,330,4
40041,17,504,330,4
40057,17,500,323,4
40074,17,503,355,4
40090,17,494,344,4
40107,17,496,345,4
40124,17,499,323,4
40140,17,498,342,4
40157,17,548,350,4
40174,17,588,328,4
40190,17,586,323,4
40207,17,583,327,4
40224,17,584,328,4
40240,17,585,328,4
40257,17,586,313,4
40273,17,593,313,4
40290,17,587,327,4
40307,17,579,332,4
40323,17,587,318,4
40340,17,582,337,4
40357,17,586,315,4
40373,17,582,316,4
40390,17,584,331,4
40407,17,587,317,4
40423,17,592,303,4
40440,17,581,325,4
40456,17,582,348,4
40473,17,587,332,4
40490,17,584,351,4
40506,17,586,333,4
40523,17,586,329,4
40540,17,589,338,4
40556,17,590,328,4
40573,17,588,325,4
40590,17,586,328,4
40606,17,584,324,4
40623,17,591,353,4
40639,17,588,333,4
40656,17,597,343,4
40673,17,593,336,4
40689,17,598,313,4
40706,17,598,316,4
40723,17,599,337,4
40739,17,597,314,4
40756,17,598,312,4
40773,17,602,317,4
40789,17,601,328,4
40806,17,598,330,4
40822,17,597,334,4
40839,17,601,330,4
40856,17,609,321,4
40872,17,661,331,0
40889,17,720,335,0
40906,17,741,358,0
40922,17,740,359,0
40939,17,744,342,0
40955,17,728,348,0
40972,17,738,352,0
40989,17,753,345,0
41005,17,747,356,0
41022,17,741,326,0
41039,17,751,333,0
41055,17,742,350,0
41072,17,754,336,0
41089,17,745,349,0
41105,17,753,350,0
41122,17,741,343,0
41138,17,741,349,0
41155,17,733,351,0
41172,17,732,355,0
41188,17,740,342,0
41205,17,755,327,0
41222,17,768,333,0
41238,17,753,339,0
41255,17,778,355,0
41272,17,784,315,0
41288,17,768,339,0
41305,17,754,331,0
41321,17,752,319,0
41338,17,770,347,0
41355,17,750,343,0
41371,17,774,341,0
41388,17,744,362,0
41405,17,756,345,0
41421,17,761,359,0
41438,17,749,357,0
41455,17,753,333,0
41471,17,682,349,0
41488,17,595,314,4
41504,17,516,334,4
41521,17,511,340,4
41538,17,502,430,3
41554,17,519,340,4
41571,17,524,340,4
41588,17,523,251,1
41604,17,520,221,1
41621,17,524,182,1
41638,17,533,255,1
41654,17,528,224,1
41671,17,518,310,4
41687,17,491,337,4
41704,17,491,347,4
41721,17,500,333,4
41737,17,505,344,4
41754,17,502,333,4
41771,17,491,366,2
41787,17,498,359,4
41804,17,495,362,4
41821,17,489,369,2
41837,17,499,341,4
41854,17,502,342,4
41870,17,489,368,2
41887,17,494,346,4
41904,17,498,351,4
41920,17,493,345,4
41937,17,502,350,4
41954,17,504,332,4
41970,17,493,357,4
41987,17,496,346,4
42003,17,494,361,4
42020,17,493,340,4
42037,17,492,354,4
42053,17,497,338,4
42070,17,491,335,4
42087,17,542,333,4
42103,17,564,343,4
42120,17,563,349,4
42137,17,564,351,4
42153,17,557,345,4
42170,17,562,363,4
42186,17,563,340,4
42203,17,560,377,2
42220,17,559,373,2
42236,17,562,374,2
42253,17,560,332,4
42270,17,564,379,2
42286,17,562,346,4
42303,17,563,359,4
42320,17,560,353,4
42336,17,564,355,4
42353,17,558,350,4
42369,17,561,346,4
42386,17,571,352,4
42403,17,559,342,4
42419,17,563,369,2
42436,17,565,370,2
42453,17,562,390,2
42469,17,565,340,4
42486,17,558,359,4
42503,17,557,367,2
42519,17,559,321,4
42536,17,558,338,4
42552,17,557,391,2
42569,17,565,364,4
42586,17,561,348,4
42602,17,559,365,2
42619,17,554,354,4
42636,17,542,405,2
42652,17,541,391,2
42669,17,537,396,2
42686,17,536,400,2
42702,17,543,383,2
42719,17,543,392,2
42735,17,538,401,2
42752,17,547,380,2
42769,17,539,377,2
42785,17,540,415,2
42802,17,540,375,2
42819,17,544,396,2
42835,17,540,395,2
42852,17,541,378,2
42869,17,542,392,2
42885,17,541,371,2
42902,17,544,395,2
42918,17,538,373,2
42935,17,540,398,2
42952,17,550,394,2
42968,17,544,405,2
42985,17,546,389,2
43002,17,552,351,4
43018,17,558,357,4
43035,17,554,390,2
43052,17,556,350,4
43068,17,551,362,4
43085,17,554,373,2
43101,17,553,383,2
43118,17,552,368,2
43135,17,546,377,2
43151,17,549,363,4
43168,17,546,389,2
43185,17,550,388,2
43201,17,549,389,2
43218,17,548,383,2
43234,17,546,380,2
43251,17,542,405,2
43268,17,547,366,2
43284,17,550,349,4
43301,17,556,365,2
43318,17,543,370,2
43334,17,554,365,2
43351,17,556,340,4
43368,17,544,387,2
43384,17,545,352,4
43401,17,546,377,2
43417,17,547,364,4
43434,17,549,383,2
43451,17,556,365,2
43467,17,549,372,2
43484,17,550,466,3
43600,116,634,1017,0
43617,17,502,955,0
43634,17,507,754,3
43650,17,520,594,3
43667,17,515,497,3
43684,17,511,379,2
43700,17,518,364,4
43717,17,524,343,4
43734,17,515,238,1
43750,17,486,239,1
43767,17,479,258,1
43783,17,482,288,4
43800,17,483,330,4
43817,17,493,343,4
43833,17,487,342,4
43850,17,496,323,4
43867,17,492,341,4
43883,17,490,330,4
43900,17,484,340,4
43917,17,479,360,4
43933,17,489,349,4
43950,17,485,356,4
43966,17,482,342,4
43983,17,478,347,4
44000,17,491,352,4
44016,17,487,353,4
44050,33,481,342,4
44066,17,488,332,4
44083,17,482,345,4
44100,17,485,346,4
44116,17,477,326,4
44133,17,481,368,2
44149,17,479,348,4
44166,17,478,357,4
44183,17,479,367,2
44199,17,488,344,4
44216,17,478,353,4
44233,17,477,354,4
44249,17,482,349,4
44266,17,488,330,4
44282,17,483,333,4
44299,17,481,355,4
44316,17,485,345,4
44332,17,486,344,4
44349,17,481,336,4
44366,17,486,354,4
44382,17,483,340,4
44399,17,492,347,4
44416,17,484,364,4
44432,17,487,339,4
44449,17,480,359,4
44465,17,533,342,4
44482,17,573,350,4
44499,17,568,335,4
44515,17,574,350,4
44532,17,575,337,4
44549,17,574,331,4
44565,17,578,352,4
44582,17,571,321,4
44599,17,571,324,4
44615,17,575,337,4
44632,17,572,334,4
44648,17,571,338,4
44665,17,566,347,4
44682,17,598,346,4
44698,17,590,312,4
44715,17,592,309,4
44732,17,591,347,4
44748,17,588,320,4
44765,17,605,329,4
44782,17,598,340,4
44798,17,596,310,4
44815,17,597,319,4
44831,17,605,327,4
44848,17,595,342,4
44865,17,592,313,4
44881,17,593,306,4
44898,17,593,319,4
44915,17,596,317,4
44931,17,595,317,4
44948,17,591,315,4
44965,17,600,334,4
44981,17,596,326,4
44998,17,597,307,4
45014,17,597,317,4
45031,17,597,313,4
45048,17,597,335,4
45064,17,593,326,4
45081,17,592,342,4
45098,17,600,325,4
45114,17,588,351,4
45131,17,595,342,4
45148,17,595,315,4
45164,17,592,337,4
45181,17,596,320,4
45197,17,600,338,4
45214,17,597,331,4
45231,17,593,327,4
45247,17,596,325,4
45264,17,596,315,4
45281,17,596,339,4
45297,17,594,332,4
45314,17,592,337,4
45331,17,592,315,4
45347,17,596,305,4
45364,17,597,321,4
45380,17,588,357,4
45397,17,586,351,4
45414,17,518,353,4
45430,17,480,364,4
45447,17,495,360,4
45464,17,494,340,4
45480,17,479,344,4
45497,17,491,354,4
45513,17,491,362,4
45530,17,491,375,2
45547,17,493,350,4
45563,17,489,356,4
45580,17,500,320,4
45597,17,500,327,4
45613,17,489,362,4
45630,17,489,331,4
45647,17,489,353,4
45663,17,481,327,4
45680,17,478,353,4
45696,17,470,375,2
45713,17,483,335,4
45730,17,483,356,4
45746,17,475,364,4
45763,17,478,340,4
45780,17,486,345,4
45796,17,481,365,2
45813,17,487,326,4
45830,17,472,369,2
45846,17,474,360,4
45863,17,481,351,4
45879,17,485,310,4
45896,17,482,355,4
45913,17,476,330,4
45929,17,480,349,4
45946,17,482,327,4
45963,17,479,358,4
45979,17,470,341,4
45996,17,485,345,4
46013,17,480,343,4
46029,17,484,345,4
46046,17,519,362,4
46062,17,537,353,4
46079,17,533,347,4
46096,17,535,372,2
46112,17,533,354,4
46146,33,532,366,2
46146,0,532,366,2
46162,17,540,363,4
46179,17,536,363,4
46196,17,534,360,4
46212,17,534,354,4
46229,17,537,341,4
46245,17,532,377,2
46262,17,531,367,2
46279,17,537,367,2
46295,17,542,375,2
46312,17,539,365,2
46329,17,536,348,4
46345,17,542,359,4
46362,17,539,357,4
46379,17,538,347,4
46395,17,541,355,4
46412,17,546,328,4
46428,17,543,363,4
46445,17,537,340,4
46462,17,541,372,2
46478,17,552,340,4
46495,17,544,368,2
46512,17,540,371,2
46528,17,542,390,2
46545,17,547,370,2
46562,17,543,367,2
46578,17,546,378,2
46595,17,544,377,2
46611,17,546,380,2
46628,17,539,391,2
46645,17,540,386,2
46661,17,538,364,4
46678,17,536,369,2
46695,17,537,362,4
46711,17,539,363,4
46728,17,544,360,4
46744,17,538,390,2
46761,17,539,372,2
46778,17,537,385,2
46794,17,542,377,2
46811,17,537,393,2
46828,17,538,403,2
46844,17,549,384,2
46861,17,543,391,2
46878,17,542,397,2
46894,17,534,397,2
46911,17,538,391,2
46927,17,536,395,2
46944,17,537,373,2
46961,17,535,385,2
46977,17,527,381,2
46994,17,538,383,2
47011,17,532,395,2
47027,17,536,403,2
47044,17,537,376,2
47061,17,537,342,4
47077,17,536,384,2
47094,17,534,388,2
47110,17,533,395,2
47127,17,534,404,2
47144,17,535,394,2
47160,17,538,397,2
47177,17,538,394,2
47194,17,539,375,2
47210,17,534,395,2
47227,17,539,415,2
47244,17,537,400,2
47260,17,551,389,2
47277,17,544,379,2
47293,17,536,393,2
47310,17,542,378,2
47327,17,545,387,2
47343,17,542,364,4
47360,17,541,369,2
47377,17,546,396,2
47393,17,542,398,2
47410,17,544,404,2
47427,17,538,410,2
47443,17,542,398,2
47460,17,541,388,2
47476,17,544,385,2
47493,17,547,353,4
47510,17,539,370,2
47526,17,544,404,2
47543,17,544,375,2
47560,17,547,366,2
47576,17,543,382,2
47593,17,544,385,2
47610,17,547,389,2
47626,17,546,375,2
47643,17,548,384,2
47659,17,552,375,2
47676,17,500,382,2
47693,17,494,346,4
47709,17,487,368,2
47726,17,489,354,4
47743,17,491,382,2
47759,17,491,343,4
47776,17,492,357,4
47792,17,494,367,2
47809,17,497,375,2
47826,17,503,357,4
47842,17,504,367,2
47859,17,497,359,4
47876,17,492,361,4
47892,17,499,351,4
47909,17,497,352,4
47926,17,498,346,4
47942,17,497,367,2
47959,17,498,337,4
47975,17,495,360,4
47992,17,497,351,4
48009,17,495,353,4
48025,17,500,343,4
48042,17,505,372,2
48059,17,502,343,4
48075,17,494,348,4
48092,17,491,349,4
48109,17,497,348,4
48125,17,497,353,4
48142,17,494,348,4
48158,17,494,371,2
48175,17,495,368,2
48192,17,498,344,4
48208,17,494,365,2
48225,17,504,368,2
48242,17,492,371,2
48258,17,498,380,2
48275,17,492,374,2
48292,17,491,352,4
48308,17,504,354,4
48325,17,498,357,4
48341,17,491,367,2
48358,17,493,354,4
48375,17,499,350,4
48391,17,498,356,4
48408,17,501,354,4
48425,17,494,354,4
48441,17,497,359,4
48458,17,500,372,2
48475,17,499,342,4
48491,17,501,374,2
48508,17,497,358,4
48524,17,515,373,2
48541,17,539,342,4
48558,17,549,346,4
48574,17,551,337,4
48591,17,551,366,2
48608,17,554,344,4
48624,17,554,345,4
48641,17,554,349,4
48658,17,554,352,4
48674,17,550,359,4
48691,17,553,348,4
48707,17,548,347,4
48724,17,553,336,4
48741,17,549,347,4
48757,17,554,310,4
48774,17,552,335,4
48791,17,577,354,4
48807,17,599,347,4
48824,17,595,341,4
48841,17,598,342,4
48857,17,601,324,4
48874,17,599,334,4
48890,17,600,329,4
48907,17,601,339,4
48924,17,600,329,4
48940,17,599,323,4
48957,17,597,341,4
48974,17,596,333,4
48990,17,596,350,4
49007,17,599,355,4
49023,17,600,343,4
49040,17,595,343,4
49057,17,594,346,4
49073,17,589,344,4
49090,17,594,352,4
49107,17,584,361,4
49123,17,528,376,2
49140,17,503,401,2
49157,17,509,370,2
49173,17,505,374,2
49190,17,507,375,2
49206,17,510,381,2
49223,17,502,415,2
49240,17,509,386,2
49256,17,515,360,4
49273,17,506,392,2
49290,17,504,376,2
49306,17,508,386,2
49323,17,512,399,2
49340,17,512,371,2
49356,17,499,378,2
49373,17,505,369,2
49389,17,504,374,2
49406,17,564,381,2
49423,17,604,392,2
49439,17,596,412,2
49456,17,600,406,2
49473,17,599,404,2
49489,17,603,412,2
49506,17,599,395,2
49523,17,602,379,2
49539,17,606,402,2
49556,17,605,438,3
49572,17,606,405,2
49589,17,662,397,2
49606,17,645,415,2
49622,17,656,415,2
49639,17,645,423,3
49656,17,651,438,3
49672,17,652,425,3
49689,17,654,406,2
49706,17,660,426,3
49722,17,654,424,3
49739,17,659,447,3
49755,17,646,441,3
49772,17,670,421,3
49789,17,664,439,3
49805,17,661,443,3
49822,17,656,429,3
49839,17,658,421,3
49855,17,668,433,3
49872,17,665,419,3
49889,17,656,435,3
49905,17,615,413,2
49922,17,557,393,2
49938,17,514,348,4
49955,17,511,349,4
49972,17,508,337,4
49988,17,508,330,4
50005,17,510,343,4
50022,17,504,338,4
50038,17,504,348,4
50055,17,503,328,4
50071,17,506,344,4
50088,17,508,321,4
50105,17,498,338,4
50121,17,494,331,4
50138,17,499,343,4
50155,17,492,324,4
50171,17,497,314,4
50188,17,484,337,4
50205,17,488,353,4
50221,17,503,313,4
50238,17,494,365,2
50254,17,491,348,4
50271,17,489,319,4
50288,17,501,320,4
50304,17,496,342,4
50321,17,501,346,4
50338,17,541,394,2
50354,17,548,413,2
50371,17,547,418,5
50388,17,552,428,3
50404,17,552,443,3
50421,17,549,413,2
50437,17,553,426,3
50454,17,551,433,3
50471,17,544,419,5
50487,17,553,442,3
50504,17,551,420,5
50521,17,553,430,3
50537,17,552,389,2
50554,17,554,418,5
50571,17,551,430,3
50587,17,551,424,3
50604,17,551,422,3
50620,17,554,418,5
50637,17,548,430,3
50654,17,550,431,3
50670,17,552,434,3
50687,17,552,424,3
50704,17,555,359,4
50720,17,553,385,2
50737,17,552,387,2
50754,17,554,373,2
50770,17,552,385,2
50787,17,551,409,2
50803,17,550,380,2
50820,17,549,392,2
50837,17,555,383,2
50853,17,549,349,4
50870,17,547,387,2
50887,17,551,385,2
50903,17,553,385,2
50920,17,549,368,2
50937,17,556,375,2
50953,17,552,382,2
50970,17,549,378,2
50986,17,554,382,2
51003,17,549,378,2
51020,17,550,369,2
51036,17,551,371,2
51053,17,549,402,2
51070,17,559,383,2
51086,17,562,383,2
51103,17,559,374,2
51120,17,561,373,2
51136,17,560,387,2
51153,17,560,361,4
51169,17,562,360,4
51186,17,558,357,4
51203,17,563,338,4
51219,17,563,369,2
51236,17,559,379,2
51253,17,563,364,4
51269,17,562,388,2
51286,17,554,383,2
51302,17,559,370,2
51319,17,561,359,4
51336,17,559,360,4
51352,17,562,374,2
51369,17,560,372,2
51386,17,559,396,2
51402,17,560,373,2
51419,17,563,376,2
51436,17,559,356,4
51469,33,561,372,2
51485,17,558,365,2
51502,17,560,392,2
51519,17,568,392,2
51569,50,567,376,2
51585,17,567,397,2
51602,17,571,376,2
51619,17,569,402,2
51635,17,565,390,2
51652,17,565,380,2
51668,17,560,385,2
51685,17,561,379,2
51702,17,569,393,2
51718,17,520,346,4
51735,17,481,349,4
51752,17,500,331,4
51768,17,486,321,4
51785,17,490,341,4
51802,17,480,317,4
51818,17,492,329,4
51835,17,487,334,4
51851,17,490,345,4
51868,17,490,337,4
51885,17,484,344,4
51901,17,485,342,4
51918,17,485,313,4
51935,17,486,332,4
51951,17,491,345,4
51968,17,526,415,2
51985,17,537,455,3
52001,17,533,441,3
52018,17,532,455,3
52034,17,533,445,3
52051,17,529,448,3
52068,17,536,469,3
52084,17,531,443,3
52101,17,533,470,3
52118,17,530,451,3
52134,17,535,457,3
52151,17,528,458,3
52168,17,534,450,3
52184,17,532,456,3
52201,17,525,421,5
52217,17,531,465,3
52234,17,501,531,3
52251,17,494,528,3
52267,17,500,515,3
52284,17,501,502,3
52301,17,498,518,3
52317,17,494,518,3
52334,17,506,501,3
52350,17,498,533,3
52367,17,492,514,3
52384,17,506,493,3
52400,17,504,534,3
52417,17,487,507,3
52434,17,480,472,3
52450,17,482,482,3
52467,17,483,508,3
52484,17,476,498,3
52500,17,475,477,3
52517,17,479,505,3
52533,17,469,506,3
52550,17,475,501,3
52567,17,473,485,3
52583,17,475,507,3
52600,17,478,503,3
52617,17,485,487,3
52633,17,475,503,3
52650,17,477,483,3
52667,17,478,488,3
52683,17,476,480,3
52700,17,482,495,3
52716,17,461,470,3
52733,17,465,468,3
52750,17,463,477,3
52766,17,466,470,3
52783,17,464,473,3
52800,17,461,465,3
52816,17,461,463,3
52833,17,463,457,3
52850,17,464,472,3
52866,17,464,462,3
52883,17,463,474,3
52899,17,455,452,3
52916,17,462,475,3
52933,17,524,429,3
52949,17,549,301,4
52966,17,564,303,4
52983,17,558,295,4
52999,17,555,304,4
53016,17,556,334,4
53033,17,558,308,4
53049,17,558,308,4
53066,17,556,313,4
53082,17,555,346,4
53099,17,553,323,4
53116,17,490,369,2
53132,17,495,341,4
53149,17,486,346,4
53166,17,496,317,4
53182,17,478,352,4
53199,17,489,359,4
53216,17,495,362,4
53232,17,494,358,4
53249,17,479,346,4
53265,17,493,354,4
53282,17,478,345,4
53299,17,486,350,4
53315,17,493,356,4
53332,17,488,350,4
53349,17,479,343,4
53365,17,539,346,4
53382,17,602,359,4
53399,17,626,361,0
53415,17,627,333,0
53432,17,628,342,0
53448,17,627,355,0
53465,17,635,361,0
53482,17,623,319,0
53498,17,623,356,0
53515,17,627,335,0
53532,17,622,343,0
53548,17,625,351,0
53565,17,631,339,0
53581,17,625,350,0
53598,17,625,329,0
53615,17,622,377,2
53631,17,621,355,0
53648,17,623,345,0
53665,17,624,328,0
53681,17,622,354,0
53698,17,623,381,2
53715,17,624,364,0
53731,17,628,354,0
53748,17,623,332,0
53764,17,625,346,0
53781,17,628,370,2
53798,17,627,325,0
53814,17,626,342,0
53831,17,627,367,2
53848,17,620,359,0
53864,17,625,359,0
53881,17,627,349,0
53898,17,619,341,0
53914,17,627,351,0
53931,17,625,356,0
53947,17,626,330,0
53964,17,626,361,0
53981,17,616,342,0
53997,17,626,372,2
54014,17,651,462,3
54031,17,637,429,3
54047,17,646,450,3
54064,17,639,434,3
54081,17,636,455,3
54097,17,644,464,3
54114,17,632,474,3
54130,17,642,458,3
54147,17,629,455,3
54164,17,644,443,3
54180,17,644,455,3
54197,17,639,443,3
54214,17,644,465,3
54230,17,645,477,3
54247,17,617,469,3
54264,17,612,467,3
54280,17,631,467,3
54297,17,616,461,3
54313,17,621,476,3
54330,17,632,482,3
54347,17,628,476,3
54363,17,626,478,3
54380,17,627,472,3
54397,17,633,482,3
54413,17,623,468,3
54430,17,627,471,3
54447,17,637,499,3
54463,17,630,496,3
54480,17,635,472,3
54496,17,639,500,3
54513,17,630,496,3
54530,17,622,489,3
54546,17,628,482,3
54563,17,633,477,3
54580,17,635,477,3
54596,17,625,485,3
54613,17,620,497,3
54630,17,630,508,3
54646,17,628,511,3
54663,17,628,490,3
54679,17,630,515,3
54696,17,628,506,3
54713,17,604,489,3
54729,17,548,400,2
54746,17,548,413,2
54763,17,551,444,3
54779,17,547,410,2
54796,17,548,412,2
54812,17,541,404,2
54829,17,545,406,2
54846,17,544,402,2
54862,17,544,417,5
54879,17,545,419,5
54896,17,549,396,2
54912,17,552,410,2
54929,17,547,399,2
54946,17,547,412,2
54962,17,554,411,2
54979,17,547,408,2
54995,17,548,414,2
55012,17,547,374,2
55029,17,554,389,2
55045,17,547,409,2
55062,17,545,402,2
55079,17,560,394,2
55095,17,561,401,2
55112,17,565,402,2
55129,17,564,395,2
55145,17,560,374,2
55162,17,559,387,2
55178,17,557,404,2
55195,17,562,394,2
55212,17,568,376,2
55228,17,574,407,2
55245,17,567,407,2
55262,17,562,408,2
55278,17,567,391,2
55295,17,568,391,2
55312,17,568,402,2
55328,17,564,409,2
55345,17,570,390,2
55361,17,564,407,2
55378,17,568,383,2
55395,17,562,411,2
55411,17,558,410,2
55428,17,560,422,3
55445,17,565,414,2
55461,17,563,407,2
55478,17,561,408,2
55495,17,564,405,2
55511,17,555,417,5
55528,17,559,408,2
55544,17,564,408,2
55561,17,560,414,2
55578,17,562,393,2
55594,17,560,402,2
55611,17,559,396,2
55628,17,561,405,2
55644,17,562,381,2
55661,17,560,389,2
55678,17,556,397,2
55694,17,568,404,2
55711,17,567,386,2
55727,17,553,406,2
55744,17,498,355,4
55761,17,479,381,2
55777,17,485,365,2
55794,17,488,372,2
55811,17,483,381,2
55827,17,482,359,4
55844,17,484,355,4
55860,17,480,370,2
55877,17,487,348,4
55894,17,490,365,2
55910,17,481,368,2
55927,17,482,350,4
55944,17,482,375,2
55960,17,484,359,4
55977,17,482,380,2
55994,17,486,393,2
56010,17,478,364,4
56027,17,483,342,4
56043,17,496,365,2
56060,17,481,347,4
56077,17,484,384,2
56093,17,481,380,2
56110,17,486,374,2
56127,17,481,364,4
56143,17,491,355,4
56160,17,482,346,4
56177,17,485,385,2
56193,17,485,356,4
56210,17,486,360,4
56226,17,483,372,2
56243,17,485,368,2
56260,17,486,371,2
56276,17,492,354,4
56293,17,486,376,2
56310,17,483,370,2
56326,17,483,389,2
56343,17,480,378,2
56360,17,487,366,2
56376,17,480,387,2
56393,17,484,363,4
56409,17,486,382,2
56426,17,481,357,4
56443,17,488,371,2
56459,17,478,380,2
56476,17,481,357,4
56493,17,480,375,2
56509,17,487,346,4
56526,17,487,352,4
56543,17,488,346,4
56559,17,486,337,4
56576,17,518,366,2
56592,17,569,352,4
56609,17,576,331,4
56626,17,577,376,2
56642,17,578,346,4
56659,17,580,348,4
56676,17,587,355,4
56692,17,575,344,4
56709,17,587,352,4
56726,17,581,347,4
56742,17,578,351,4
56759,17,584,376,2
56775,17,582,346,4
56792,17,579,325,4
56809,17,588,345,4
56825,17,584,337,4
56842,17,583,333,4
56859,17,573,332,4
56875,17,601,349,4
56892,17,596,344,4
56909,17,601,371,2
56925,17,604,328,4
56942,17,602,358,4
56958,17,602,340,4
56975,17,600,344,4
56992,17,605,350,4
57008,17,603,324,4
57025,17,602,317,4
57042,17,603,329,4
57058,17,605,318,4
57075,17,608,322,4
57091,17,600,331,4
57108,17,605,350,4
57125,17,601,322,4
57141,17,606,344,4
57158,17,605,342,4
57175,17,596,309,4
57191,17,586,329,4
57208,17,594,341,4
57225,17,591,309,4
57241,17,592,315,4
57258,17,591,334,4
57274,17,596,325,4
57291,17,592,336,4
57308,17,589,344,4
57324,17,527,342,4
57341,17,484,321,4
57358,17,494,329,4
57374,17,492,335,4
57391,17,488,341,4
57408,17,500,335,4
57424,17,485,335,4
57441,17,490,342,4
57457,17,491,308,4
57474,17,495,338,4
57507,33,490,368,2
57507,0,490,368,2
57524,17,537,431,3
57541,17,539,414,2
57557,17,541,460,3
57574,17,548,412,2
57591,17,553,434,3
57607,17,552,430,3
57624,17,550,447,3
57640,17,555,457,3
57657,17,548,452,3
57674,17,544,444,3
57690,17,547,463,3
57707,17,554,448,3
57724,17,550,478,3
57740,17,549,445,3
57757,17,545,451,3
57774,17,554,446,3
57790,17,543,458,3
57807,17,554,472,3
57823,17,550,444,3
57840,17,545,467,3
57857,17,549,470,3
57873,17,543,447,3
57890,17,545,464,3
57907,17,541,461,3
57923,17,545,442,3
57940,17,546,452,3
57957,17,543,470,3
57973,17,551,431,3
57990,17,548,461,3
58006,17,541,451,3
58023,17,545,455,3
58040,17,546,440,3
58056,17,554,451,3
58073,17,592,430,3
58090,17,634,442,3
58106,17,639,425,3
58123,17,644,434,3
58139,17,643,432,3
58156,17,643,426,3
58173,17,647,407,2
58189,17,638,402,2
58206,17,641,439,3
58223,17,644,426,3
58239,17,647,446,3
58256,17,643,418,3
58273,17,644,418,3
58289,17,618,412,2
58306,17,570,400,2
58322,17,560,393,2
58339,17,561,402,2
58356,17,561,400,2
58372,17,559,393,2
58389,17,554,418,5
58406,17,564,399,2
58422,17,555,398,2
58439,17,564,407,2
58456,17,557,379,2
58472,17,560,388,2
58489,17,540,374,2
58505,17,530,395,2
58522,17,535,403,2
58539,17,538,382,2
58555,17,536,398,2
58572,17,536,388,2
58589,17,534,412,2
58605,17,535,397,2
58622,17,536,406,2
58639,17,536,374,2
58655,17,543,402,2
58672,17,532,380,2
58688,17,539,379,2
58705,17,534,403,2
58722,17,539,395,2
58738,17,540,393,2
58755,17,537,392,2
58772,17,538,396,2
58788,17,535,414,2
58805,17,533,395,2
58822,17,539,402,2
58838,17,538,375,2
58855,17,537,375,2
58871,17,541,389,2
58888,17,541,375,2
58905,17,544,366,2
58921,17,543,350,4
58938,17,547,354,4
58955,17,549,365,2
58971,17,545,374,2
58988,17,547,389,2
59005,17,548,369,2
59021,17,542,384,2
59038,17,545,388,2
59054,17,547,386,2
59071,17,550,370,2
59088,17,546,368,2
59104,17,549,376,2
59121,17,549,347,4
59138,17,546,389,2
59154,17,551,375,2
59171,17,544,376,2
59188,17,549,356,4
59204,17,550,384,2
59221,17,555,371,2
59237,17,548,383,2
59254,17,545,388,2
59271,17,548,350,4
59287,17,544,384,2
59304,17,555,397,2
59321,17,549,370,2
59337,17,551,380,2
59354,17,545,382,2
59370,17,552,394,2
59387,17,547,377,2
59404,17,550,380,2
59420,17,552,373,2
59437,17,547,374,2
59454,17,552,355,4
59470,17,554,376,2
59487,17,530,369,2
59504,17,536,390,2
59520,17,531,373,2
59537,17,529,374,2
59553,17,531,364,4
59570,17,527,386,2
59587,17,524,376,2
59603,17,524,371,2
59620,17,519,398,2
59637,17,529,386,2
59653,17,532,391,2
59670,17,531,390,2
59687,17,538,376,2
59703,17,532,358,4
59720,17,532,387,2
59736,17,526,376,2
59753,17,528,379,2
59770,17,533,362,4
59786,17,509,336,4
59803,17,492,335,4
59820,17,509,323,4
59836,17,510,353,4
59853,17,505,344,4
59870,17,500,357,4
59886,17,496,323,4
59903,17,506,355,4
59919,17,502,333,4
59936,17,503,342,4
59953,17,492,356,4
59969,17,495,339,4
59986,17,505,361,4
60003,17,496,339,4
60019,17,496,332,4
60036,17,494,337,4
60053,17,501,336,4
60069,17,501,347,4
60086,17,497,324,4
60102,17,495,342,4
60119,17,509,348,4
60136,17,493,345,4
60152,17,497,339,4
60169,17,496,339,4
60186,17,504,350,4
60202,17,504,348,4
60219,17,503,340,4
60236,17,509,343,4
60252,17,530,349,4
60269,17,577,314,4
60285,17,575,348,4
60302,17,573,337,4
60319,17,573,316,4
60335,17,568,368,2
60352,17,579,348,4
60369,17,569,364,4
60385,17,572,353,4
60402,17,574,337,4
60418,17,572,352,4
60435,17,572,306,4
60452,17,576,327,4
60468,17,570,325,4
60485,17,572,315,4
60502,17,576,329,4
60518,17,576,338,4
60535,17,573,345,4
60552,17,573,344,4
60568,17,556,385,2
60585,17,531,434,3
60601,17,539,434,3
60618,17,537,426,3
60635,17,527,420,5
60651,17,539,409,2
60668,17,538,440,3
60685,17,535,448,3
60701,17,533,428,3
60718,17,529,437,3
60735,17,539,437,3
60751,17,538,427,3
60768,17,536,427,3
60784,17,540,408,2
60801,17,529,445,3
60818,17,537,440,3
60834,17,538,417,5
60851,17,538,430,3
60868,17,537,425,3
60884,17,532,420,5
60901,17,542,428,3
60918,17,535,428,3
60934,17,532,440,3
60951,17,533,411,2
60967,17,533,424,3
60984,17,532,410,2
61001,17,540,416,2
61017,17,538,428,3
61034,17,533,445,3
61051,17,538,427,3
61067,17,500,353,4
61084,17,486,359,4
61101,17,501,333,4
61117,17,488,343,4
61134,17,492,352,4
61150,17,487,344,4
61167,17,491,356,4
61184,17,490,342,4
61200,17,493,354,4
61217,17,500,356,4
61234,17,488,355,4
61250,17,488,351,4
61267,17,509,344,4
61284,17,490,338,4
61300,17,497,328,4
61317,17,493,359,4
61333,17,495,359,4
61350,17,487,368,2
61367,17,482,348,4
61383,17,482,367,2
61400,17,485,360,4
61417,17,479,358,4
61433,17,486,359,4
61450,17,489,341,4
61467,17,486,342,4
61483,17,482,358,4
61500,17,483,365,2
61516,17,484,360,4
61533,17,487,342,4
61550,17,483,357,4
61566,17,482,335,4
61583,17,486,376,2
61600,17,482,349,4
61616,17,489,343,4
61633,17,485,367,2
61649,17,479,368,2
61666,17,488,361,4
61683,17,486,351,4
61699,17,499,343,4
61716,17,542,366,2
61733,17,565,351,4
61749,17,562,342,4
61766,17,561,331,4
61783,17,565,334,4
61799,17,564,344,4
61816,17,564,355,4
61832,17,563,316,4
61849,17,568,336,4
61866,17,565,344,4
61882,17,561,358,4
61899,17,568,346,4
61916,17,568,342,4
61932,17,565,328,4
61949,17,572,353,4
61966,17,584,341,4
61982,17,582,351,4
61999,17,587,354,4
62015,17,586,350,4
62032,17,582,348,4
62049,17,584,351,4
62065,17,585,344,4
62082,17,591,358,4
62099,17,584,363,4
62115,17,591,347,4
62132,17,587,340,4
62149,17,586,351,4
62165,17,590,372,2
62182,17,586,342,4
62198,17,585,333,4
62215,17,589,322,4
62232,17,543,389,2
62248,17,537,442,3
62265,17,539,418,5
62282,17,536,458,3
62298,17,539,423,3
62315,17,540,427,3
62332,17,545,405,2
62348,17,555,437,3
62365,17,548,404,2
62381,17,543,441,3
62398,17,546,441,3
62415,17,545,442,3
62431,17,543,431,3
62448,17,547,426,3
62465,17,542,406,2
62481,17,537,459,3
62498,17,547,429,3
62515,17,537,443,3
62531,17,541,417,5
62548,17,541,428,3
62564,17,541,412,2
62581,17,539,419,5
62598,17,544,432,3
62614,17,541,440,3
62631,17,547,430,3
62648,17,543,409,2
62664,17,539,424,3
62681,17,545,433,3
62697,17,547,417,5
62714,17,539,428,3
62731,17,536,431,3
62747,17,550,411,2
62764,17,542,411,2
62781,17,545,409,2
62797,17,554,397,2
62814,17,547,417,5
62831,17,541,432,3
62847,17,540,424,3
62864,17,538,388,2
62880,17,541,411,2
62897,17,547,431,3
62914,17,542,390,2
62930,17,547,402,2
62947,17,549,419,5
62964,17,548,400,2
62980,17,552,423,3
62997,17,549,401,2
63014,17,552,389,2
63030,17,553,378,2
63047,17,555,390,2
63063,17,554,373,2
63080,17,553,404,2
63097,17,551,406,2
63113,17,549,393,2
63130,17,548,427,3
63147,17,551,385,2
63163,17,548,404,2
63180,17,549,416,2
63197,17,549,414,2
63213,17,556,416,2
63230,17,544,423,3
63246,17,552,410,2
63263,17,550,441,3
63280,17,549,415,2
63296,17,554,425,3
63313,17,547,432,3
63330,17,544,436,3
63346,17,546,413,2
63363,17,552,413,2
63380,17,551,420,5
63396,17,561,395,2
63413,17,558,412,2
63429,17,559,389,2
63446,17,561,444,3
63463,17,563,400,2
63479,17,552,418,5
63496,17,558,393,2
63513,17,559,409,2
63529,17,549,410,2
63546,17,556,424,3
63563,17,556,420,5
63579,17,557,428,3
63596,17,555,399,2
63612,17,555,414,2
63629,17,564,417,5
63646,17,549,410,2
63662,17,552,410,2
63679,17,552,396,2
63696,17,548,408,2
63712,17,559,402,2
63729,17,558,387,2
63746,17,554,369,2
63762,17,560,369,2
63779,17,555,404,2
63795,17,552,414,2
63812,17,552,436,3
63829,17,506,365,2
63845,17,484,355,4
63862,17,500,339,4
63879,17,490,339,4
63895,17,489,358,4
63912,17,484,338,4
63928,17,488,362,4
63945,17,491,353,4
63962,17,509,350,4
63978,17,489,361,4
63995,17,490,350,4
64012,17,522,459,3
64028,17,529,467,3
64045,17,538,446,3
64062,17,527,463,3
64078,17,535,463,3
64095,17,540,448,3
64111,17,533,431,3
64128,17,533,452,3
64145,17,531,450,3
64161,17,530,469,3
64178,17,539,460,3
64195,17,533,442,3
64211,17,538,447,3
64228,17,536,466,3
64245,17,542,439,3
64261,17,531,448,3
64278,17,532,437,3
64294,17,535,465,3
64311,17,541,453,3
64328,17,555,463,3
64344,17,549,472,3
64361,17,552,460,3
64378,17,548,461,3
64394,17,544,477,3
64411,17,552,475,3
64428,17,548,461,3
64444,17,550,462,3
64461,17,547,477,3
64477,17,553,467,3
64494,17,551,467,3
64511,17,552,455,3
64527,17,548,477,3
64544,17,546,464,3
64561,17,549,468,3
64577,17,549,433,3
64594,17,547,466,3
64611,17,551,446,3
64627,17,549,470,3
64644,17,553,457,3
64660,17,558,464,3
64677,17,548,455,3
64694,17,557,456,3
64710,17,552,438,3
64727,17,547,471,3
64744,17,537,479,3
64760,17,545,484,3
64777,17,543,489,3
64794,17,544,459,3
64810,17,543,477,3
64827,17,541,490,3
64843,17,538,480,3
64860,17,545,485,3
64877,17,543,512,3
64893,17,539,481,3
64910,17,542,481,3
64927,17,540,453,3
64943,17,543,465,3
64960,17,539,460,3
64977,17,544,454,3
64993,17,543,474,3
65010,17,543,470,3
65026,17,549,461,3
65043,17,545,460,3
65060,17,546,438,3
65076,17,546,458,3
65093,17,546,459,3
65110,17,540,465,3
65126,17,546,460,3
65143,17,544,468,3
65159,17,543,465,3
65176,17,547,439,3
65193,17,547,440,3
65209,17,546,454,3
65226,17,543,446,3
65243,17,539,451,3
65259,17,544,464,3
65276,17,541,470,3
65293,17,543,457,3
65309,17,552,458,3
65326,17,551,445,3
65342,17,542,464,3
65359,17,551,437,3
65376,17,547,470,3
65392,17,547,473,3
65409,17,555,453,3
65426,17,560,456,3
65442,17,557,453,3
65459,17,553,463,3
65476,17,560,456,3
65492,17,555,437,3
65509,17,555,444,3
65525,17,555,448,3
65542,17,558,456,3
65559,17,554,446,3
65575,17,557,455,3
65592,17,557,447,3
65609,17,557,460,3
65625,17,560,475,3
65642,17,566,458,3
65659,17,574,452,3
65675,17,569,460,3
65692,17,573,447,3
65708,17,565,458,3
65725,17,570,484,3
65742,17,558,459,3
65758,17,572,464,3
65775,17,572,475,3
65792,17,568,442,3
65808,17,570,458,3
65825,17,572,472,3
65842,17,569,486,3
65858,17,570,447,3
65875,17,571,467,3
65891,17,569,471,3
65908,17,566,446,3
65925,17,562,440,3
65941,17,557,458,3
65958,17,555,460,3
65975,17,563,475,3
65991,17,558,439,3
66008,17,562,446,3
66025,17,556,426,3
66041,17,561,437,3
66058,17,565,407,2
66074,17,559,410,2
66091,17,558,427,3
66108,17,557,438,3
66124,17,556,448,3
66141,17,554,445,3
66158,17,559,437,3
66174,17,561,459,3
66191,17,559,427,3
66207,17,562,454,3
66224,17,562,445,3
66241,17,561,441,3
66257,17,563,456,3
66291,33,563,465,3
66291,0,563,465,3
66307,17,565,446,3
66324,17,560,441,3
66341,17,557,445,3
66357,17,558,434,3
66374,17,559,444,3
66390,17,562,430,3
66407,17,562,448,3
66424,17,561,412,2
66440,17,556,418,5
66457,17,564,433,3
66474,17,559,422,3
66490,17,559,437,3
66507,17,562,447,3
66524,17,554,434,3
66540,17,539,363,4
66557,17,524,368,2
66573,17,520,403,2
66590,17,523,336,4
66607,17,526,344,4
66623,17,520,371,2
66640,17,523,367,2
66657,17,520,351,4
66673,17,522,337,4
66690,17,511,352,4
66707,17,505,335,4
66723,17,502,308,4
66740,17,503,293,4
66756,17,497,332,4
66773,17,500,304,4
66790,17,498,343,4
66806,17,503,310,4
66823,17,496,328,4
66840,17,501,318,4
66856,17,503,321,4
66873,17,497,332,4
66890,17,495,326,4
66906,17,495,342,4
66923,17,515,316,4
66939,17,540,341,4
66956,17,538,353,4
66973,17,542,366,2
66989,17,549,374,2
67006,17,541,367,2
67023,17,539,364,4
67039,17,541,357,4
67056,17,539,369,2
67073,17,544,387,2
67089,17,540,353,4
67106,17,546,376,2
67122,17,543,369,2
67139,17,546,369,2
67156,17,554,377,2
67172,17,543,368,2
67189,17,545,367,2
67206,17,543,369,2
67222,17,543,385,2
67239,17,545,395,2
67256,17,545,358,4
67272,17,543,397,2
67289,17,540,383,2
67305,17,540,381,2
67322,17,567,383,2
67339,17,566,406,2
67355,17,568,393,2
67372,17,571,366,2
67389,17,568,395,2
67405,17,568,389,2
67422,17,558,392,2
67438,17,564,387,2
67455,17,569,376,2
67472,17,554,398,2
67488,17,569,387,2
67505,17,571,399,2
67522,17,569,378,2
67538,17,566,384,2
67555,17,566,404,2
67572,17,565,402,2
67588,17,570,371,2
67605,17,568,386,2
67621,17,575,393,2
67638,17,565,396,2
67655,17,570,372,2
67671,17,570,388,2
67688,17,562,399,2
67705,17,547,393,2
67721,17,551,372,2
67738,17,541,379,2
67755,17,542,392,2
67771,17,546,400,2
67788,17,543,377,2
67804,17,541,394,2
67821,17,543,380,2
67838,17,543,371,2
67854,17,537,363,4
67871,17,493,343,4
67888,17,486,348,4
67904,17,493,339,4
67921,17,483,338,4
67938,17,493,328,4
67954,17,486,342,4
67971,17,485,351,4
67987,17,484,371,2
68004,17,478,365,2
68021,17,486,343,4
68037,17,490,361,4
68054,17,487,343,4
68071,17,488,347,4
68087,17,483,356,4
68104,17,490,336,4
68121,17,485,340,4
68137,17,479,347,4
68154,17,483,328,4
68170,17,488,351,4
68187,17,483,337,4
68204,17,480,336,4
68220,17,482,344,4
68237,17,485,354,4
68254,17,491,320,4
68270,17,485,345,4
68287,17,524,326,4
68304,17,583,251,1
68320,17,599,247,1
68337,17,599,216,1
68353,17,605,215,1
68370,17,599,231,1
68387,17,599,244,1
68403,17,599,248,1
68420,17,596,234,1
68437,17,599,215,1
68453,17,601,221,1
68470,17,601,236,1
68486,17,602,215,1
68503,17,598,225,1
68520,17,601,216,1
68536,17,599,224,1
68553,17,602,255,1
68570,17,597,210,1
68586,17,599,223,1
68603,17,608,242,1
68620,17,606,246,1
68636,17,603,228,1
68653,17,594,212,1
68669,17,540,254,1
68686,17,527,251,1
68703,17,529,253,1
68719,17,528,233,1
68736,17,526,235,1
68753,17,526,238,1
68769,17,530,250,1
68786,17,525,249,1
68803,17,528,264,0
68819,17,520,231,1
68836,17,530,254,1
68852,17,525,244,1
68869,17,517,307,4
68886,17,495,330,4
68902,17,496,321,4
68919,17,495,321,4
68936,17,499,309,4
68952,17,489,312,4
68969,17,493,324,4
68986,17,490,332,4
69002,17,494,326,4
69019,17,498,323,4
69035,17,500,305,4
69052,17,585,285,0
69069,17,669,224,1
69085,17,704,203,1
69102,17,699,194,1
69119,17,692,216,1
69135,17,684,188,1
69152,17,695,184,1
69169,17,693,208,1
69185,17,695,195,1
69202,17,689,207,1
69218,17,683,219,1
69235,17,695,226,1
69252,17,698,191,1
69268,17,692,221,1
69285,17,713,211,1
69302,17,725,200,1
69318,17,727,200,1
69335,17,734,164,0
69352,17,719,207,1
69368,17,721,194,1
69385,17,727,223,1
69401,17,719,195,1
69418,17,727,193,1
69435,17,728,221,1
69451,17,722,203,1
69468,17,723,206,1
69485,17,727,213,1
69501,17,725,206,1
69518,17,729,197,1
69535,17,725,210,1
69551,17,715,219,1
69568,17,624,260,0
69584,17,569,298,4
69601,17,534,313,4
69618,17,539,299,4
69634,17,541,301,4
69651,17,540,303,4
69668,17,544,286,0
69684,17,534,313,4
69701,17,547,298,4
69717,17,543,303,4
69734,17,492,350,4
69751,17,482,331,4
69767,17,487,350,4
69784,17,490,358,4
69801,17,478,356,4
69817,17,498,336,4
69834,17,482,352,4
69851,17,491,337,4
69867,17,494,334,4
69884,17,494,334,4
69900,17,489,347,4
69917,17,490,357,4
69934,17,490,341,4
69950,17,488,358,4
69967,17,491,355,4
69984,17,490,370,2
70000,17,492,555,3
70167,166,487,809,0
70183,17,495,668,3
70200,17,500,482,3
70217,17,507,336,4
70233,17,515,229,1
70250,17,512,199,1
70266,17,526,131,0
70283,17,521,269,0
70300,17,516,278,0
70316,17,518,300,4
70333,17,515,327,4
70350,17,514,321,4
70366,17,521,318,4
70383,17,517,305,4
70400,17,523,298,4
70416,17,600,305,4
70433,17,607,302,4
70449,17,604,291,4
70466,17,607,300,4
70483,17,602,307,4
70499,17,603,308,4
70516,17,608,296,4
70533,17,601,281,0
70549,17,613,342,0
70566,17,591,301,4
70583,17,607,300,4
70599,17,599,327,4
70616,17,606,332,4
70632,17,601,333,4
70649,17,603,329,4
70666,17,605,331,4
70682,17,597,317,4
70699,17,594,331,4
70716,17,595,308,4
70732,17,595,297,4
70749,17,596,337,4
70765,17,605,344,4
70782,17,600,351,4
70799,17,600,338,4
70815,17,600,341,4
70832,17,599,345,4
70849,17,592,354,4
70865,17,551,343,4
70882,17,554,394,2
70899,17,558,367,2
70915,17,561,372,2
70932,17,561,380,2
70948,17,555,382,2
70965,17,551,369,2
70982,17,559,379,2
70998,17,556,378,2
71015,17,555,373,2
71032,17,560,376,2
71065,33,551,364,4
71065,0,551,364,4
71082,17,554,388,2
71098,17,554,367,2
71115,17,554,372,2
71131,17,556,376,2
71148,17,560,372,2
71165,17,559,343,4
71181,17,558,358,4
71198,17,560,351,4
71215,17,559,368,2
71231,17,557,345,4
71248,17,558,352,4
71265,17,556,380,2
71281,17,559,372,2
71298,17,555,377,2
71314,17,556,350,4
71331,17,562,367,2
71348,17,564,359,4
71364,17,558,352,4
71381,17,558,370,2
71398,17,560,384,2
71414,17,554,380,2
71431,17,530,389,2
71481,50,536,372,2
71481,0,536,372,2
71497,17,542,359,4
71514,17,532,377,2
71531,17,536,369,2
71581,50,531,359,4
71581,0,531,359,4
71597,17,540,362,4
71614,17,531,382,2
71631,17,531,355,4
71647,17,543,369,2
71664,17,546,369,2
71680,17,531,382,2
71697,17,530,380,2
71714,17,531,354,4
71730,17,539,359,4
71747,17,539,382,2
71764,17,541,392,2
71780,17,531,359,4
71797,17,532,381,2
71814,17,535,384,2
71830,17,531,400,2
71847,17,530,377,2
71863,17,530,360,4
71880,17,526,356,4
71897,17,511,341,4
71913,17,502,370,2
71930,17,509,368,2
71947,17,509,370,2
71963,17,509,343,4
71996,33,504,363,4
72013,17,502,365,2
72030,17,499,340,4
72046,17,508,379,2
72080,33,512,348,4
72096,17,507,339,4
72113,17,503,376,2
72130,17,509,336,4
72146,17,502,360,4
72163,17,504,363,4
72179,17,506,325,4
72196,17,510,351,4
72213,17,531,360,4
72229,17,593,347,4
72246,17,593,354,4
72263,17,603,353,4
72279,17,602,359,4
72296,17,596,343,4
72313,17,595,342,4
72329,17,596,344,4
72346,17,602,351,4
72362,17,598,343,4
72379,17,598,337,4
72396,17,600,331,4
72412,17,599,358,4
72429,17,598,359,4
72446,17,614,358,0
72462,17,608,344,4
72479,17,614,349,0
72496,17,611,359,4
72512,17,613,335,0
72529,17,609,364,4
72545,17,613,374,2
72562,17,608,371,2
72579,17,609,349,4
72595,17,613,345,0
72612,17,612,332,4
72629,17,608,357,4
72645,17,613,371,2
72662,17,608,370,2
72679,17,612,350,4
72695,17,612,334,4
72712,17,550,344,4
72728,17,510,346,4
72745,17,478,363,4
72762,17,479,379,2
72778,17,477,356,4
72795,17,480,348,4
72812,17,481,343,4
72828,17,480,357,4
72845,17,476,327,4
72862,17,493,359,4
72878,17,477,347,4
72895,17,478,340,4
72911,17,477,364,4
72928,17,477,326,4
72945,17,476,363,4
72961,17,558,349,4
72978,17,636,361,0
72995,17,679,346,0
73011,17,675,348,0
73028,17,676,338,0
73044,17,676,341,0
73061,17,682,338,0
73078,17,688,343,0
73094,17,677,340,0
73111,17,673,364,0
73128,17,676,358,0
73144,17,677,338,0
73161,17,676,343,0
73178,17,681,360,0
73194,17,677,348,0
73211,17,675,358,0
73227,17,680,362,0
73244,17,680,351,0
73261,17,683,338,0
73277,17,651,377,2
73294,17,577,380,2
73311,17,519,359,4
73327,17,526,336,4
73344,17,515,359,4
73361,17,515,347,4
73377,17,519,340,4
73394,17,516,348,4
73410,17,516,302,4
73427,17,522,337,4
73444,17,525,332,4
73460,17,523,314,4
73477,17,489,357,4
73494,17,495,358,4
73510,17,497,346,4
73527,17,490,341,4
73544,17,496,321,4
73560,17,494,352,4
73577,17,488,359,4
73593,17,489,378,2
73610,17,492,358,4
73627,17,496,355,4
73643,17,496,359,4
73660,17,493,347,4
73677,17,502,376,2
73693,17,493,349,4
73710,17,500,363,4
73727,17,496,327,4
73743,17,542,397,2
73760,17,522,403,2
73776,17,541,382,2
73793,17,534,384,2
73810,17,542,418,5
73826,17,535,406,2
73843,17,544,413,2
73860,17,531,382,2
73876,17,541,402,2
73893,17,535,392,2
73910,17,536,395,2
73926,17,534,419,5
73943,17,532,401,2
73959,17,542,387,2
73976,17,538,393,2
73993,17,542,416,2
74009,17,556,455,3
74026,17,554,432,3
74043,17,553,430,3
74059,17,550,454,3
74076,17,552,436,3
74093,17,555,468,3
74109,17,543,460,3
74126,17,553,451,3
74142,17,542,413,2
74159,17,563,495,3
74176,17,557,455,3
74192,17,559,468,3
74209,17,553,467,3
74226,17,556,468,3
74242,17,559,492,3
74259,17,553,494,3
74275,17,548,493,3
74292,17,553,496,3
74309,17,554,459,3
74325,17,555,486,3
74342,17,555,482,3
74359,17,554,485,3
74375,17,554,466,3
74392,17,554,479,3
74409,17,544,465,3
74425,17,545,459,3
74442,17,547,470,3
74458,17,545,461,3
74475,17,541,438,3
74492,17,542,449,3
74508,17,544,482,3
74525,17,542,460,3
74542,17,544,459,3
74558,17,549,468,3
74575,17,557,464,3
74592,17,544,462,3
74608,17,527,459,3
74625,17,529,445,3
74641,17,522,477,3
74658,17,524,439,3
74675,17,523,448,3
74691,17,522,431,3
74708,17,530,449,3
74725,17,533,445,3
74741,17,521,464,3
74758,17,522,453,3
74775,17,519,448,3
74791,17,530,428,3
74808,17,526,430,3
74824,17,529,423,3
74841,17,526,462,3
74858,17,538,426,3
74874,17,533,450,3
74891,17,527,437,3
74908,17,538,450,3
74924,17,547,374,2
74941,17,546,381,2
74958,17,545,397,2
74974,17,552,415,2
74991,17,552,385,2
75007,17,546,402,2
75024,17,547,398,2
75041,17,556,384,2
75057,17,546,417,5
75074,17,548,378,2
75091,17,546,355,4
75107,17,547,379,2
75124,17,554,367,2
75141,17,546,373,2
75157,17,548,391,2
75174,17,549,363,4
75190,17,552,374,2
75207,17,546,385,2
75224,17,548,392,2
75240,17,548,361,4
75257,17,545,371,2
75274,17,542,402,2
75290,17,560,392,2
75307,17,560,373,2
75324,17,558,340,4
75340,17,558,380,2
75357,17,563,359,4
75373,17,558,369,2
75390,17,556,375,2
75407,17,565,389,2
75423,17,557,397,2
75440,17,565,382,2
75457,17,556,362,4
75473,17,563,344,4
75490,17,562,368,2
75506,17,559,370,2
75523,17,557,393,2
75540,17,535,376,2
75556,17,541,365,2
75573,17,536,353,4
75590,17,534,358,4
75606,17,535,361,4
75623,17,536,384,2
75640,17,533,385,2
75656,17,536,363,4
75673,17,538,367,2
75689,17,536,385,2
75706,17,531,350,4
75723,17,538,358,4
75739,17,537,380,2
75756,17,544,374,2
75773,17,537,372,2
75789,17,535,342,4
75806,17,534,351,4
75823,17,536,370,2
75839,17,534,394,2
75856,17,539,403,2
75872,17,538,372,2
75889,17,536,363,4
75906,17,538,361,4
75922,17,539,360,4
75939,17,533,374,2
75956,17,534,354,4
75972,17,531,364,4
75989,17,515,325,4
76006,17,511,326,4
76022,17,515,314,4
76039,17,512,315,4
76055,17,512,359,4
76072,17,514,338,4
76089,17,520,351,4
76122,33,519,342,4
76122,0,519,342,4
76155,33,518,324,4
76172,17,515,355,4
76189,17,514,357,4
76205,17,512,351,4
76222,17,515,353,4
76238,17,515,344,4
76255,17,529,323,4
76272,17,519,339,4
76288,17,519,345,4
76305,17,515,337,4
76322,17,516,335,4
76338,17,514,346,4
76355,17,515,354,4
76372,17,511,358,4
76388,17,508,361,4
76405,17,512,350,4
76421,17,515,345,4
76438,17,513,345,4
76455,17,514,335,4
76471,17,514,342,4
76488,17,510,366,2
76505,17,457,384,2
76521,17,412,416,2
76538,17,412,390,2
76554,17,398,436,3
76571,17,408,402,2
76588,17,397,401,2
76604,17,397,394,2
76621,17,406,379,2
76638,17,383,407,2
76654,17,378,407,2
76671,17,394,393,2
76688,17,392,429,3
76704,17,408,420,3
76721,17,404,445,3
76737,17,380,454,3
76754,17,405,441,3
76771,17,402,425,3
76787,17,405,428,3
76804,17,419,427,3
76821,17,412,429,3
76837,17,408,432,3
76854,17,411,425,3
76871,17,409,425,3
76887,17,402,444,3
76904,17,409,433,3
76920,17,406,438,3
76937,17,385,449,3
76954,17,469,427,3
76970,17,552,417,5
76987,17,616,378,2
77004,17,610,422,3
77020,17,613,389,2
77037,17,608,398,2
77054,17,609,406,2
77070,17,614,405,2
77087,17,612,401,2
77103,17,605,391,2
77137,33,610,395,2
77137,0,610,395,2
77153,17,607,399,2
77170,17,613,397,2
77187,17,608,423,3
77203,17,607,421,3
77220,17,572,329,4
77237,17,549,244,1
77253,17,541,212,1
77270,17,544,227,1
77286,17,547,220,1
77303,17,545,223,1
77320,17,545,218,1
77336,17,546,192,1
77353,17,542,234,1
77370,17,551,196,1
77386,17,552,209,1
77403,17,546,210,1
77420,17,482,217,1
77436,17,467,214,1
77453,17,491,222,1
77469,17,461,235,1
77486,17,461,212,1
77503,17,476,203,1
77519,17,470,204,1
77536,17,460,184,1
77553,17,473,202,1
77569,17,481,205,1
77586,17,469,194,1
77603,17,472,209,1
77619,17,475,203,1
77636,17,460,231,1
77652,17,463,206,1
77669,17,462,224,1
77686,17,509,167,1
77702,17,535,165,1
77719,17,532,162,1
77736,17,527,158,1
77752,17,536,183,1
77769,17,532,169,1
77785,17,532,142,1
77802,17,539,185,1
77819,17,534,169,1
77835,17,534,171,1
77852,17,528,172,1
77869,17,538,123,0
77885,17,530,191,1
77902,17,550,298,4
77919,17,543,361,4
77935,17,551,367,2
77952,17,546,374,2
77968,17,550,359,4
77985,17,548,372,2
78002,17,546,372,2
78018,17,556,390,2
78035,17,551,350,4
78052,17,549,383,2
78068,17,551,365,2
78085,17,552,386,2
78102,17,524,364,4
78118,17,495,351,4
78135,17,502,365,2
78151,17,501,335,4
78168,17,503,358,4
78185,17,500,355,4
78201,17,500,347,4
78235,33,502,349,4
78235,0,502,349,4
78251,17,501,355,4
78268,17,500,347,4
78285,17,505,354,4
78301,17,501,336,4
78318,17,502,344,4
78334,17,499,336,4
78351,17,501,342,4
78368,17,505,320,4
78384,17,501,336,4
78401,17,505,329,4
78418,17,504,356,4
78434,17,504,356,4
78451,17,493,342,4
78468,17,426,420,3
78484,17,420,413,2
78501,17,429,387,2
78517,17,420,398,2
78534,17,399,418,3
78551,17,427,372,2
78567,17,392,403,2
78584,17,423,395,2
78601,17,414,400,2
78617,17,418,397,2
78634,17,413,425,3
78651,17,416,416,2
78667,17,414,423,3
78684,17,418,422,3
78700,17,407,433,3
78717,17,426,423,3
78734,17,410,418,3
78750,17,414,411,2
78767,17,412,425,3
78784,17,405,423,3
78800,17,417,432,3
78817,17,428,418,3
78833,17,411,410,2
78850,17,412,423,3
78867,17,418,404,2
78883,17,418,406,2
78900,17,415,415,2
78917,17,410,404,2
78933,17,492,419,5
78950,17,535,385,2
78967,17,530,390,2
78983,17,529,378,2
79000,17,536,388,2
79016,17,539,397,2
79033,17,538,398,2
79050,17,538,378,2
79066,17,538,379,2
79083,17,547,377,2
79100,17,547,361,4
79116,17,541,390,2
79133,17,540,371,2
79150,17,537,396,2
79166,17,539,380,2
79183,17,543,374,2
79199,17,538,370,2
79216,17,536,395,2
79233,17,539,376,2
79249,17,538,391,2
79266,17,538,378,2
79283,17,533,399,2
79299,17,541,362,4
79316,17,539,394,2
79333,17,544,376,2
79349,17,542,363,4
79366,17,539,360,4
79382,17,538,365,2
79399,17,535,381,2
79416,17,539,381,2
79432,17,538,390,2
79449,17,539,410,2
79466,17,539,406,2
79482,17,534,393,2
79499,17,530,395,2
79516,17,534,407,2
79532,17,529,374,2
79549,17,535,377,2
79565,17,533,387,2
79582,17,538,383,2
79599,17,537,391,2
79615,17,535,376,2
79632,17,534,383,2
79649,17,538,370,2
79665,17,539,389,2
79682,17,541,379,2
79699,17,540,381,2
79715,17,535,379,2
79732,17,544,397,2
79748,17,543,381,2
79765,17,547,367,2
79782,17,544,365,2
79798,17,546,361,4
79815,17,546,366,2
79832,17,546,390,2
79848,17,541,392,2
79865,17,548,387,2
79882,17,547,370,2
79898,17,541,364,4
79915,17,540,393,2
79931,17,541,363,4
79948,17,539,369,2
79965,17,544,379,2
79981,17,546,381,2
79998,17,515,348,4
80015,17,490,351,4
80031,17,486,341,4
80048,17,488,335,4
80064,17,479,348,4
80081,17,479,346,4
80098,17,480,359,4
80114,17,487,340,4
80131,17,470,356,4
80148,17,480,330,4
80164,17,477,342,4
80181,17,472,362,4
80198,17,476,351,4
80214,17,476,342,4
80231,17,474,360,4
80247,17,472,339,4
80264,17,476,366,2
80281,17,480,371,2
80297,17,471,331,4
80314,17,478,350,4
80347,33,474,350,4
80347,0,474,350,4
80364,17,484,361,4
80381,17,481,345,4
80397,17,488,361,4
80414,17,480,347,4
80430,17,481,360,4
80447,17,473,357,4
80464,17,477,320,4
80480,17,484,313,4
80497,17,476,350,4
80514,17,486,318,4
80530,17,478,351,4
80547,17,480,360,4
80564,17,486,367,2
80580,17,499,331,4
80597,17,537,368,2
80613,17,551,329,4
80630,17,554,323,4
80647,17,552,326,4
80663,17,548,350,4
80680,17,556,352,4
80697,17,557,314,4
80713,17,553,345,4
80730,17,548,334,4
80747,17,552,363,4
80763,17,555,362,4
80780,17,572,359,4
80796,17,583,353,4
80813,17,586,337,4
80830,17,591,367,2
80846,17,586,360,4
80863,17,589,361,4
80880,17,586,350,4
80896,17,584,367,2
80913,17,585,363,4
80930,17,586,363,4
80946,17,594,362,4
80963,17,588,376,2
80979,17,589,362,4
80996,17,588,359,4
81013,17,588,362,4
81029,17,579,365,2
81046,17,586,351,4
81063,17,583,354,4
81079,17,582,351,4
81096,17,583,354,4
81112,17,581,352,4
81129,17,582,354,4
81146,17,584,388,2
81162,17,581,362,4
81179,17,588,343,4
81196,17,577,351,4
81212,17,583,375,2
81229,17,585,375,2
81246,17,587,391,2
81262,17,582,370,2
81279,17,574,350,4
81295,17,523,363,4
81312,17,505,353,4
81329,17,506,350,4
81345,17,507,364,4
81362,17,510,359,4
81379,17,513,360,4
81395,17,505,347,4
81412,17,496,353,4
81429,17,503,368,2
81445,17,498,366,2
81462,17,515,341,4
81478,17,497,366,2
81495,17,491,350,4
81512,17,495,388,2
81528,17,489,369,2
81545,17,494,361,4
81562,17,495,361,4
81578,17,487,361,4
81595,17,493,347,4
81612,17,494,353,4
81628,17,488,353,4
81645,17,488,358,4
81661,17,481,359,4
81678,17,483,350,4
81695,17,481,362,4
81711,17,485,381,2
81728,17,481,359,4
81745,17,482,343,4
81761,17,490,357,4
81778,17,481,382,2
81795,17,478,374,2
81811,17,482,366,2
81828,17,489,340,4
81844,17,498,349,4
81861,17,531,343,4
81878,17,524,364,4
81894,17,531,355,4
81911,17,523,335,4
81928,17,521,342,4
81944,17,527,369,2
81961,17,526,350,4
81978,17,529,357,4
81994,17,528,364,4
82011,17,535,348,4
82027,17,547,353,4
82044,17,583,348,4
82061,17,582,334,4
82077,17,583,348,4
82094,17,587,333,4
82111,17,583,327,4
82127,17,586,324,4
82144,17,584,339,4
82161,17,586,335,4
82177,17,589,349,4
82194,17,580,338,4
82210,17,586,350,4
82227,17,584,322,4
82244,17,585,328,4
82260,17,586,336,4
82277,17,590,332,4
82294,17,584,336,4
82310,17,581,331,4
82327,17,586,332,4
82343,17,584,310,4
82360,17,526,356,4
82377,17,468,313,4
82393,17,477,323,4
82410,17,475,324,4
82427,17,478,343,4
82443,17,473,362,4
82460,17,481,332,4
82477,17,475,327,4
82493,17,475,338,4
82510,17,468,339,4
82526,17,479,333,4
82543,17,480,331,4
82560,17,482,343,4
82576,17,486,328,4
82593,17,490,321,4
82610,17,475,349,4
82626,17,490,349,4
82643,17,489,332,4
82660,17,485,347,4
82676,17,489,351,4
82693,17,475,336,4
82709,17,482,326,4
82726,17,480,347,4
82743,17,490,324,4
82759,17,483,335,4
82776,17,480,340,4
82793,17,517,325,4
82809,17,562,334,4
82826,17,589,334,4
82843,17,578,326,4
82859,17,583,314,4
82876,17,579,338,4
82892,17,580,318,4
82909,17,577,352,4
82926,17,576,349,4
82942,17,590,332,4
82959,17,588,355,4
82976,17,588,359,4
82992,17,550,360,4
83009,17,537,394,2
83026,17,540,364,4
83042,17,535,362,4
83059,17,542,382,2
83075,17,535,356,4
83092,17,535,366,2
83109,17,539,357,4
83125,17,537,368,2
83142,17,537,373,2
83159,17,533,357,4
83175,17,537,368,2
83192,17,539,362,4
83209,17,540,362,4
83225,17,537,396,2
83242,17,544,385,2
83258,17,534,375,2
83275,17,542,367,2
83292,17,537,369,2
83308,17,540,362,4
83325,17,539,368,2
83342,17,540,361,4
83358,17,558,351,4
83375,17,557,346,4
83392,17,554,347,4
83408,17,556,351,4
83425,17,552,352,4
83441,17,555,334,4
83458,17,555,339,4
83475,17,555,347,4
83491,17,555,357,4
83508,17,556,361,4
83525,17,559,339,4
83541,17,557,343,4
83558,17,560,338,4
83574,17,556,347,4
83591,17,555,341,4
83608,17,556,361,4
83624,17,559,347,4
83641,17,557,344,4
83658,17,554,342,4
83674,17,553,330,4
83691,17,554,340,4
83708,17,553,339,4
83724,17,554,346,4
83741,17,560,364,4
83757,17,557,364,4
83774,17,562,357,4
83791,17,560,363,4
83807,17,559,341,4
83824,17,556,380,2
83841,17,555,358,4
83857,17,556,382,2
83874,17,553,355,4
83891,17,555,357,4
83907,17,552,354,4
83924,17,555,348,4
83940,17,560,343,4
83957,17,551,353,4
83974,17,550,369,2
83990,17,547,370,2
84007,17,505,333,4
84024,17,505,335,4
84040,17,506,341,4
84057,17,505,336,4
84074,17,503,329,4
84090,17,502,333,4
84107,17,506,345,4
84123,17,502,345,4
84140,17,514,323,4
84157,17,500,337,4
84173,17,508,310,4
84190,17,509,336,4
84207,17,512,322,4
84223,17,502,366,2
84240,17,507,340,4
84257,17,514,320,4
84273,17,492,329,4
84290,17,497,345,4
84306,17,505,358,4
84323,17,522,321,4
84340,17,512,356,4
84356,17,511,327,4
84373,17,518,331,4
84390,17,511,358,4
84406,17,514,353,4
84423,17,514,341,4
84440,17,506,337,4
84456,17,514,336,4
84473,17,514,322,4
84489,17,513,326,4
84506,17,489,349,4
84523,17,508,336,4
84539,17,504,361,4
84556,17,505,345,4
84573,17,501,324,4
84589,17,503,344,4
84606,17,499,344,4
84622,17,501,341,4
84639,17,504,320,4
84656,17,500,340,4
84672,17,502,326,4
84689,17,504,353,4
84706,17,548,377,2
84722,17,576,409,2
84739,17,566,394,2
84756,17,567,399,2
84772,17,568,406,2
84789,17,574,405,2
84805,17,572,402,2
84822,17,566,394,2
84839,17,575,368,2
84855,17,567,391,2
84872,17,573,392,2
84889,17,568,363,4
84905,17,567,379,2
84922,17,574,384,2
84939,17,572,395,2
84955,17,572,385,2
84972,17,571,404,2
84988,17,550,336,4
85005,17,523,262,0
85022,17,516,280,0
85038,17,512,274,0
85055,17,518,261,0
85072,17,517,296,4
85088,17,517,240,1
85105,17,521,271,0
85122,17,517,257,1
85138,17,517,272,0
85155,17,528,267,0
85171,17,520,276,0
85188,17,521,270,0
85205,17,521,262,0
85221,17,524,257,1
85238,17,523,250,1
85255,17,502,289,4
85271,17,497,272,0
85288,17,499,264,0
85305,17,497,262,0
85321,17,496,267,0
85338,17,494,286,0
85354,17,493,264,0
85371,17,506,256,1
85388,17,495,261,0
85404,17,496,252,1
85421,17,506,270,0
85438,17,493,290,4
85454,17,498,246,1
85471,17,498,269,0
85488,17,507,284,0
85504,17,499,264,0
85521,17,504,262,0
85537,17,503,277,0
85554,17,502,274,0
85571,17,496,283,0
85587,17,497,270,0
85604,17,496,294,4
85621,17,496,273,0
85637,17,497,280,0
85654,17,504,278,0
85671,17,489,268,0
85687,17,520,295,4
85704,17,533,303,4
85720,17,550,285,0
85737,17,554,314,4
85754,17,547,319,4
85770,17,547,299,4
85787,17,548,305,4
85804,17,545,316,4
85820,17,542,290,4
85837,17,540,295,4
85853,17,550,288,4
85870,17,542,317,4
85887,17,546,304,4
85903,17,543,294,4
85920,17,546,323,4
85937,17,542,311,4
85953,17,546,316,4
85970,17,541,307,4
85987,17,564,330,4
86003,17,586,330,4
86020,17,586,357,4
86036,17,585,338,4
86053,17,586,347,4
86070,17,587,356,4
86086,17,586,341,4
86103,17,589,362,4
86120,17,591,332,4
86136,17,585,334,4
86153,17,589,353,4
86170,17,582,329,4
86186,17,589,317,4
86203,17,602,340,4
86219,17,605,334,4
86236,17,604,319,4
86253,17,600,341,4
86269,17,596,345,4
86286,17,600,359,4
86303,17,598,354,4
86319,17,597,358,4
86336,17,596,344,4
86353,17,598,356,4
86369,17,595,338,4
86386,17,597,342,4
86402,17,596,333,4
86419,17,593,336,4
86436,17,595,347,4
86452,17,597,315,4
86469,17,591,350,4
86486,17,582,361,4
86502,17,509,336,4
86519,17,480,330,4
86536,17,488,379,2
86552,17,481,358,4
86569,17,493,334,4
86585,17,486,344,4
86602,17,492,359,4
86619,17,486,370,2
86635,17,485,354,4
86652,17,490,364,4
86669,17,490,352,4
86685,17,482,378,2
86702,17,491,356,4
86719,17,492,363,4
86735,17,488,346,4
86752,17,483,354,4
86768,17,483,342,4
86785,17,485,362,4
86802,17,515,367,2
86818,17,511,356,4
86835,17,508,371,2
86852,17,512,339,4
86868,17,512,379,2
86885,17,512,353,4
86901,17,523,336,4
86918,17,509,354,4
86935,17,504,360,4
86951,17,511,350,4
86968,17,519,376,2
86985,17,514,363,4
87001,17,506,370,2
87018,17,511,379,2
87035,17,518,343,4
87051,17,526,364,4
87068,17,550,399,2
87084,17,537,413,2
87101,17,544,387,2
87118,17,543,391,2
87134,17,537,371,2
87151,17,542,405,2
87168,17,537,382,2
87184,17,544,392,2
87201,17,545,398,2
87218,17,550,375,2
87234,17,541,395,2
87251,17,547,398,2
87267,17,550,372,2
87284,17,539,394,2
87301,17,538,387,2
87317,17,541,392,2
87334,17,544,421,5
87351,17,541,384,2
87367,17,542,375,2
87384,17,535,398,2
87401,17,542,401,2
87417,17,538,399,2
87434,17,536,388,2
87450,17,543,380,2
87467,17,547,398,2
87484,17,536,361,4
87500,17,541,370,2
87517,17,539,355,4
87534,17,536,368,2
87550,17,543,396,2
87567,17,535,383,2
87584,17,538,380,2
87600,17,542,377,2
87617,17,535,386,2
87633,17,534,362,4
87650,17,532,375,2
87667,17,531,380,2
87683,17,534,358,4
87700,17,532,389,2
87717,17,538,374,2
87733,17,547,392,2
87750,17,527,374,2
87767,17,539,399,2
87783,17,535,392,2
87800,17,532,399,2
87816,17,530,394,2
87833,17,537,371,2
87850,17,526,404,2
87866,17,534,392,2
87883,17,536,352,4
87900,17,536,380,2
87916,17,535,400,2
87933,17,536,407,2
87950,17,550,396,2
87966,17,531,359,4
87983,17,547,391,2
87999,17,531,377,2
88016,17,516,386,2
88033,17,486,379,2
88049,17,503,373,2
88066,17,491,380,2
88083,17,498,394,2
88099,17,494,357,4
88116,17,493,366,2
88132,17,489,377,2
88149,17,491,392,2
88166,17,491,383,2
88182,17,491,372,2
88199,17,489,355,4
88216,17,489,391,2
88232,17,485,385,2
88249,17,481,373,2
88266,17,486,351,4
88282,17,485,371,2
88299,17,481,373,2
88315,17,493,365,2
88332,17,550,354,4
88349,17,581,378,2
88365,17,574,354,4
88382,17,575,351,4
88399,17,581,357,4
88415,17,577,365,2
88432,17,584,372,2
88449,17,576,366,2
88465,17,579,363,4
88482,17,572,359,4
88498,17,577,368,2
88515,17,575,348,4
88532,17,593,343,4
88548,17,593,351,4
88565,17,593,349,4
88582,17,592,362,4
88598,17,592,360,4
88615,17,594,362,4
88632,17,594,370,2
88648,17,589,365,2
88665,17,591,365,2
88681,17,594,370,2
88698,17,590,366,2
88715,17,596,365,2
88731,17,594,366,2
88748,17,589,362,4
88765,17,595,366,2
88781,17,589,350,4
88798,17,598,344,4
88815,17,595,350,4
88831,17,597,366,2
88848,17,557,361,4
88864,17,501,371,2
88881,17,480,380,2
88898,17,483,365,2
88914,17,484,361,4
88931,17,481,365,2
88948,17,483,349,4
88964,17,486,352,4
88981,17,483,386,2
88998,17,480,387,2
89014,17,485,375,2
89031,17,483,360,4
89047,17,484,371,2
89064,17,480,372,2
89081,17,480,365,2
89097,17,476,379,2
89114,17,479,369,2
89131,17,480,378,2
89147,17,480,391,2
89164,17,472,360,4
89180,17,472,355,4
89197,17,475,356,4
89214,17,474,345,4
89230,17,476,365,2
89247,17,473,367,2
89264,17,474,394,2
89280,17,472,378,2
89297,17,473,368,2
89314,17,466,361,4
89330,17,477,360,4
89347,17,480,353,4
89363,17,477,380,2
89380,17,481,353,4
89397,17,479,358,4
89413,17,479,352,4
89430,17,480,340,4
89447,17,484,356,4
89463,17,483,371,2
89480,17,480,362,4
89497,17,483,383,2
89513,17,486,359,4
89530,17,483,344,4
89546,17,485,316,4
89563,17,461,449,3
89580,17,443,415,2
89596,17,444,276,0
89613,17,433,243,1
89630,17,418,298,4
89646,17,426,290,4
89663,17,417,279,0
89680,17,414,252,1
89696,17,420,283,0
89713,17,421,286,0
89729,17,433,262,0
89746,17,430,261,0
89763,17,409,292,0
89779,17,414,277,0
89796,17,416,275,0
89813,17,413,283,0
89829,17,413,288,0
89846,17,410,256,1
89863,17,417,282,0
89879,17,420,281,0
89896,17,431,271,0
89912,17,427,274,0
89929,17,424,277,0
89946,17,429,257,1
89962,17,434,300,4
89979,17,482,342,4
89996,17,499,359,4
90012,17,495,386,2
90029,17,507,356,4
90046,17,503,360,4
90062,17,500,393,2
90079,17,500,349,4
90095,17,500,358,4
90112,17,504,368,2
90129,17,504,380,2
90145,17,497,364,4
90162,17,505,340,4
90179,17,500,350,4
90195,17,506,375,2
90212,17,502,365,2
90229,17,485,385,2
90245,17,483,350,4
90262,17,477,341,4
90278,17,474,354,4
90295,17,484,377,2
90312,17,480,374,2
90328,17,477,374,2
90345,17,481,384,2
90362,17,475,379,2
90378,17,479,379,2
90395,17,478,372,2
90411,17,478,363,4
90428,17,474,363,4
90445,17,419,337,4
90461,17,386,299,0
90478,17,392,307,0
90495,17,395,300,0
90511,17,376,319,0
90528,17,389,292,0
90545,17,377,314,0
90561,17,397,308,0
90578,17,371,298,0
90594,17,391,320,0
90611,17,390,295,0
90628,17,394,303,0
90644,17,387,289,0
90661,17,365,308,0
90678,17,369,296,0
90694,17,373,315,0
90711,17,371,303,0
90728,17,411,319,0
90744,17,402,307,0
90761,17,415,292,0
90777,17,423,301,4
90794,17,427,278,0
90811,17,420,293,4
90827,17,428,302,4
90844,17,420,310,4
90861,17,467,273,0
90877,17,427,293,4
90894,17,420,288,4
90911,17,418,300,4
90927,17,421,301,4
90944,17,420,299,4
90960,17,420,291,4
90977,17,420,298,4
90994,17,420,271,0
91010,17,436,273,0
91027,17,469,363,4
91044,17,513,372,2
91060,17,517,381,2
91077,17,520,394,2
91094,17,520,383,2
91110,17,523,384,2
91127,17,520,392,2
91143,17,518,398,2
91160,17,524,386,2
91177,17,522,365,2
91193,17,524,372,2
91210,17,523,381,2
91227,17,524,389,2
91243,17,524,380,2
91260,17,528,379,2
91277,17,523,363,4
91293,17,526,375,2
91310,17,529,371,2
91326,17,526,378,2
91343,17,531,361,4
91360,17,527,382,2
91376,17,526,368,2
91393,17,526,383,2
91410,17,532,392,2
91426,17,530,375,2
91443,17,527,359,4
91459,17,534,354,4
91476,17,544,336,4
91493,17,543,360,4
91509,17,539,344,4
91526,17,544,359,4
91543,17,542,363,4
91559,17,537,368,2
91576,17,542,372,2
91593,17,542,368,2
91609,17,537,351,4
91626,17,538,359,4
91642,17,542,368,2
91659,17,540,349,4
91676,17,541,367,2
91692,17,537,368,2
91709,17,538,363,4
91726,17,533,392,2
91742,17,535,375,2
91759,17,537,355,4
91776,17,535,357,4
91792,17,540,355,4
91809,17,537,367,2
91825,17,539,366,2
91842,17,545,355,4
91859,17,545,354,4
91875,17,530,349,4
91892,17,534,360,4
91909,17,535,367,2
91925,17,535,366,2
91942,17,534,369,2
91959,17,533,386,2
91975,17,533,366,2
91992,17,532,368,2
92025,33,531,381,2
92042,17,537,383,2
92075,33,536,385,2
92075,0,536,385,2
92092,17,531,379,2
92108,17,513,373,2
92125,17,496,369,2
92142,17,493,370,2
92158,17,493,382,2
92175,17,506,355,4
92191,17,495,397,2
92208,17,495,364,4
92225,17,495,372,2
92241,17,497,383,2
92258,17,504,370,2
92275,17,498,367,2
92291,17,496,362,4
92308,17,486,337,4
92325,17,491,362,4
92341,17,492,341,4
92358,17,502,330,4
92374,17,495,353,4
92391,17,490,356,4
92408,17,496,358,4
92424,17,493,361,4
92441,17,489,350,4
92458,17,488,363,4
92474,17,490,360,4
92491,17,534,356,4
92508,17,596,358,4
92541,33,627,323,0
92591,50,629,347,0
92591,0,629,347,0
92607,17,627,343,0
92624,17,630,321,0
92641,17,631,338,0
92657,17,624,344,0
92674,17,633,348,0
92690,17,599,350,4
92707,17,613,326,0
92724,17,608,365,2
92740,17,600,368,2
92757,17,602,332,4
92774,17,609,353,4
92790,17,601,341,4
92807,17,608,348,4
92824,17,612,352,4
92840,17,611,344,4
92857,17,595,350,4
92873,17,608,361,4
92890,17,600,350,4
92907,17,609,346,4
92923,17,604,332,4
92940,17,599,348,4
92957,17,596,356,4
92973,17,604,334,4
92990,17,602,342,4
93007,17,602,340,4
93023,17,604,356,4
93040,17,569,391,2
93056,17,547,460,3
93073,17,542,451,3
93090,17,540,436,3
93106,17,543,463,3
93123,17,533,473,3
93140,17,540,459,3
93156,17,546,463,3
93173,17,540,453,3
93190,17,543,449,3
93206,17,542,476,3
93223,17,534,460,3
93239,17,545,459,3
93256,17,537,464,3
93273,17,541,461,3
93289,17,539,469,3
93306,17,526,464,3
93323,17,482,462,3
93339,17,480,437,3
93356,17,485,476,3
93373,17,479,451,3
93389,17,476,475,3
93406,17,482,475,3
93422,17,481,473,3
93439,17,483,455,3
93456,17,481,470,3
93472,17,482,469,3
93489,17,482,465,3
93506,17,474,461,3
93522,17,487,428,3
93539,17,484,463,3
93589,50,650,981,0
93605,17,511,750,3
93622,17,500,784,0
93772,150,599,930,0
93788,17,581,776,0
93805,17,499,488,3
93822,17,503,378,2
93838,17,503,325,4
93855,17,521,307,4
93872,17,517,261,0
93888,17,524,221,1
93905,17,519,254,1
93921,17,507,266,0
93938,17,506,324,4
93955,17,507,349,4
93971,17,477,367,2
93988,17,485,352,4
94005,17,479,370,2
94021,17,479,357,4
94038,17,486,352,4
94055,17,488,363,4
94071,17,495,357,4
94088,17,487,355,4
94104,17,482,355,4
94121,17,484,348,4
94138,17,483,373,2
94154,17,484,362,4
94171,17,477,360,4
94188,17,484,360,4
94204,17,492,342,4
94221,17,490,364,4
94238,17,493,392,2
94254,17,487,368,2
94271,17,484,338,4
94287,17,481,363,4
94304,17,482,360,4
94321,17,485,369,2
94337,17,485,368,2
94354,17,492,373,2
94371,17,524,370,2
94387,17,562,337,4
94404,17,573,358,4
94421,17,576,355,4
94437,17,573,347,4
94454,17,570,361,4
94470,17,581,355,4
94487,17,578,351,4
94504,17,579,352,4
94520,17,569,374,2
94537,17,579,346,4
94554,17,575,343,4
94570,17,580,369,2
94587,17,577,353,4
94604,17,576,362,4
94620,17,573,354,4
94637,17,592,351,4
94653,17,591,360,4
94670,17,592,354,4
94687,17,592,333,4
94703,17,583,336,4
94720,17,587,356,4
94737,17,585,355,4
94753,17,592,359,4
94770,17,588,326,4
94787,17,588,366,2
94803,17,594,328,4
94820,17,590,335,4
94836,17,587,359,4
94853,17,588,357,4
94870,17,588,353,4
94886,17,582,359,4
94903,17,591,356,4
94920,17,538,379,2
94936,17,491,353,4
94953,17,490,336,4
94969,17,487,371,2
94986,17,487,351,4
95003,17,496,334,4
95019,17,491,361,4
95036,17,491,348,4
95053,17,495,351,4
95069,17,491,375,2
95086,17,494,363,4
95103,17,485,380,2
95119,17,486,356,4
95136,17,491,365,2
95152,17,530,410,2
95169,17,522,400,2
95186,17,527,401,2
95202,17,524,425,3
95219,17,531,415,2
95236,17,532,397,2
95252,17,530,403,2
95269,17,537,409,2
95286,17,539,411,2
95302,17,540,409,2
95319,17,537,415,2
95335,17,538,367,2
95352,17,538,393,2
95369,17,544,405,2
95385,17,536,389,2
95402,17,533,404,2
95419,17,538,414,2
95435,17,538,370,2
95452,17,537,405,2
95469,17,540,384,2
95485,17,540,406,2
95502,17,548,397,2
95518,17,551,397,2
95535,17,546,385,2
95552,17,554,370,2
95568,17,553,417,5
95585,17,548,388,2
95602,17,544,403,2
95618,17,544,390,2
95635,17,545,382,2
95652,17,549,412,2
95668,17,549,391,2
95685,17,549,377,2
95701,17,548,379,2
95718,17,546,361,4
95735,17,549,383,2
95751,17,549,379,2
95768,17,537,366,2
95785,17,537,365,2
95801,17,544,370,2
95818,17,531,368,2
95835,17,535,363,4
95851,17,546,386,2
95868,17,540,369,2
95884,17,533,362,4
95901,17,525,372,2
95918,17,535,369,2
95934,17,537,388,2
95951,17,537,391,2
95968,17,532,374,2
95984,17,530,371,2
96001,17,535,388,2
96018,17,530,382,2
96034,17,529,378,2
96051,17,526,392,2
96067,17,528,390,2
96084,17,523,379,2
96101,17,525,374,2
96117,17,516,373,2
96134,17,488,371,2
96151,17,491,370,2
96167,17,498,356,4
96184,17,491,360,4
96200,17,488,344,4
96217,17,487,380,2
96234,17,496,372,2
96250,17,488,332,4
96267,17,488,374,2
96284,17,486,365,2
96300,17,500,374,2
96317,17,488,376,2
96334,17,488,356,4
96350,17,492,361,4
96367,17,497,373,2
96383,17,493,401,2
96400,17,492,364,4
96417,17,490,388,2
96433,17,499,365,2
96450,17,497,375,2
96467,17,500,350,4
96483,17,475,371,2
96500,17,481,382,2
96517,17,482,363,4
96533,17,467,378,2
96550,17,484,382,2
96566,17,484,395,2
96583,17,480,377,2
96600,17,474,360,4
96616,17,481,370,2
96633,17,514,422,3
96650,17,542,467,3
96666,17,533,423,3
96683,17,543,438,3
96700,17,542,455,3
96716,17,537,431,3
96733,17,544,415,2
96749,17,534,462,3
96766,17,539,460,3
96783,17,537,458,3
96799,17,543,443,3
96816,17,540,445,3
96833,17,540,452,3
96849,17,540,448,3
96866,17,543,469,3
96883,17,541,458,3
96899,17,544,455,3
96916,17,552,476,3
96932,17,549,486,3
96949,17,546,462,3
96966,17,546,463,3
96982,17,551,461,3
96999,17,545,463,3
97016,17,551,469,3
97032,17,548,468,3
97049,17,552,454,3
97066,17,546,466,3
97082,17,541,458,3
97099,17,545,468,3
97115,17,549,459,3
97132,17,548,448,3
97149,17,547,450,3
97165,17,548,469,3
97182,17,549,476,3
97199,17,551,481,3
97215,17,552,475,3
97232,17,546,455,3
97248,17,555,464,3
97265,17,551,470,3
97282,17,553,463,3
97298,17,551,476,3
97315,17,536,485,3
97332,17,547,466,3
97348,17,545,470,3
97365,17,556,460,3
97382,17,554,461,3
97398,17,553,444,3
97415,17,548,467,3
97431,17,549,458,3
97448,17,554,447,3
97465,17,541,444,3
97481,17,558,466,3
97498,17,556,455,3
97515,17,552,449,3
97531,17,539,452,3
97548,17,555,462,3
97565,17,535,452,3
97581,17,535,461,3
97598,17,541,456,3
97614,17,540,486,3
97631,17,529,474,3
97648,17,539,454,3
97664,17,538,472,3
97681,17,537,447,3
97698,17,538,459,3
97714,17,532,453,3
97731,17,546,465,3
97748,17,530,477,3
97764,17,535,458,3
97781,17,534,477,3
97797,17,531,459,3
97814,17,535,475,3
97831,17,537,439,3
97847,17,539,491,3
97864,17,541,465,3
97881,17,531,481,3
97897,17,530,465,3
97914,17,531,447,3
97931,17,533,469,3
97947,17,528,439,3
97964,17,544,464,3
97980,17,531,481,3
97997,17,532,450,3
98014,17,533,439,3
98030,17,533,454,3
98047,17,528,466,3
98064,17,530,470,3
98080,17,537,456,3
98097,17,537,466,3
98114,17,534,470,3
98130,17,535,455,3
98147,17,530,460,3
98163,17,533,461,3
98180,17,533,463,3
98197,17,537,459,3
98213,17,530,461,3
98230,17,536,447,3
98247,17,526,449,3
98263,17,530,448,3
98280,17,536,442,3
98297,17,533,445,3
98313,17,531,470,3
98330,17,531,470,3
98346,17,530,458,3
98363,17,535,470,3
98380,17,525,446,3
98396,17,521,453,3
98413,17,532,460,3
98430,17,521,448,3
98446,17,524,440,3
98463,17,525,439,3
98479,17,524,453,3
98496,17,525,456,3
98513,17,526,460,3
98529,17,525,488,3
98546,17,523,446,3
98563,17,534,454,3
98579,17,526,460,3
98596,17,530,454,3
98613,17,522,447,3
98629,17,540,457,3
98646,17,531,453,3
98662,17,532,456,3
98679,17,533,445,3
98696,17,530,440,3
98712,17,526,450,3
98729,17,524,459,3
98746,17,524,461,3
98762,17,484,447,3
98779,17,445,534,3
98979,200,558,894,0
98995,17,386,761,3
99012,17,449,570,3
99028,17,451,418,3
99045,17,459,350,4
99062,17,456,348,4
99078,17,475,273,0
99095,17,466,312,4
99112,17,458,388,2
99128,17,457,377,2
99145,17,476,372,2
99162,17,467,389,2
99178,17,518,413,2
99195,17,516,413,2
99211,17,519,412,2
99228,17,518,405,2
99245,17,523,418,5
99261,17,519,390,2
99278,17,525,409,2
99295,17,524,397,2
99311,17,523,405,2
99328,17,514,399,2
99345,17,526,386,2
99361,17,516,381,2
99378,17,528,375,2
99394,17,532,362,4
99411,17,517,413,2
99428,17,523,385,2
99444,17,526,396,2
99461,17,529,386,2
99478,17,526,376,2
99494,17,527,398,2
99511,17,524,392,2
99527,17,530,374,2
99544,17,534,369,2
99561,17,531,373,2
99577,17,539,362,4
99594,17,532,368,2
99611,17,542,366,2
99627,17,539,374,2
99644,17,541,358,4
99661,17,539,385,2
99677,17,534,367,2
99694,17,538,365,2
99710,17,533,382,2
99727,17,536,368,2
99744,17,536,370,2
99760,17,543,370,2
99777,17,538,389,2
99794,17,540,385,2
99810,17,542,366,2
99827,17,541,379,2
99844,17,540,374,2
99860,17,544,382,2
99877,17,539,360,4
99893,17,543,372,2
99910,17,541,377,2
99927,17,544,378,2
99943,17,540,384,2
99960,17,526,402,2
99977,17,521,377,2
99993,17,522,396,2
100010,17,522,372,2
100027,17,516,374,2
100043,17,519,388,2
100060,17,521,372,2
100076,17,520,392,2
100093,17,517,378,2
100110,17,523,372,2
100126,17,515,369,2
100143,17,515,385,2
100160,17,484,358,4
100176,17,473,349,4
100193,17,479,362,4
100210,17,482,368,2
100226,17,480,365,2
100243,17,484,342,4
100259,17,493,324,4
100276,17,490,351,4
100293,17,483,341,4
100309,17,484,354,4
100326,17,493,351,4
100343,17,483,342,4
100359,17,475,325,4
100376,17,479,352,4
100393,17,483,332,4
100409,17,499,342,4
100426,17,483,344,4
100442,17,485,323,4
100459,17,493,336,4
100476,17,496,346,4
100492,17,486,342,4
100509,17,484,349,4
100526,17,488,313,4
100542,17,492,313,4
100559,17,487,325,4
100576,17,478,325,4
100592,17,486,316,4
100609,17,491,338,4
100625,17,491,342,4
100642,17,489,343,4
100659,17,483,352,4
100675,17,482,341,4
100692,17,480,334,4
100709,17,477,337,4
100725,17,478,326,4
100742,17,502,362,4
100758,17,486,331,4
100775,17,483,341,4
100792,17,489,340,4
100808,17,490,345,4
100825,17,481,356,4
100842,17,489,326,4
100858,17,486,338,4
100875,17,497,346,4
100892,17,490,356,4
100908,17,482,341,4
100925,17,485,352,4
100941,17,497,379,2
100958,17,486,335,4
100975,17,489,301,4
100991,17,492,326,4
101008,17,487,337,4
101025,17,485,325,4
101041,17,492,343,4
101058,17,494,339,4
101075,17,486,334,4
101091,17,484,329,4
101108,17,481,355,4
101124,17,485,329,4
101141,17,482,342,4
101158,17,484,344,4
101174,17,487,336,4
101191,17,481,335,4
101208,17,485,338,4
101224,17,492,337,4
101241,17,484,334,4
101258,17,476,347,4
101274,17,480,366,2
101291,17,482,343,4
101307,17,488,355,4
101324,17,483,338,4
101341,17,482,341,4
101357,17,483,315,4
101374,17,482,356,4
101391,17,479,339,4
101407,17,493,318,4
101424,17,489,349,4
101441,17,493,346,4
101457,17,489,343,4
101474,17,486,335,4
101490,17,488,353,4
101507,17,479,342,4
101524,17,492,358,4
101540,17,487,332,4
101557,17,485,360,4
101574,17,483,355,4
101590,17,485,341,4
101607,17,489,351,4
101624,17,486,338,4
101640,17,478,358,4
101657,17,486,366,2
101673,17,486,359,4
101690,17,477,344,4
101707,17,485,347,4
101723,17,483,356,4
101740,17,492,348,4
101757,17,475,372,2
101773,17,484,370,2
101790,17,482,357,4
101806,17,492,369,2
101823,17,479,339,4
101840,17,477,352,4
101856,17,487,352,4
101873,17,486,365,2
101890,17,478,333,4
101906,17,495,356,4
101923,17,483,368,2
101940,17,493,351,4
101956,17,485,354,4
101973,17,486,357,4
101989,17,479,375,2
102006,17,486,353,4
102023,17,478,363,4
102039,17,483,347,4
102056,17,488,363,4
102073,17,476,370,2
102089,17,484,364,4
102106,17,476,342,4
102123,17,491,350,4
102139,17,482,351,4
102156,17,481,364,4
102172,17,474,370,2
102189,17,475,351,4
102206,17,499,368,2
102222,17,481,341,4
102239,17,477,357,4
102256,17,492,363,4
102272,17,476,361,4
102289,17,477,356,4
102306,17,484,366,2
102322,17,474,363,4
102339,17,484,353,4
102355,17,484,348,4
102372,17,479,384,2
102389,17,487,354,4
102405,17,484,372,2
102422,17,495,355,4
102439,17,473,389,2
102455,17,479,352,4
102472,17,499,351,4
102489,17,474,365,2
102505,17,484,366,2
102522,17,477,365,2
102538,17,474,394,2
102555,17,486,357,4
102572,17,475,376,2
102588,17,478,379,2
102605,17,478,375,2
102622,17,487,369,2
102638,17,482,333,4
102655,17,482,359,4
102672,17,483,348,4
102688,17,480,366,2
102705,17,483,369,2
102721,17,486,380,2
102738,17,488,331,4
102755,17,488,364,4
102771,17,485,367,2
102788,17,478,339,4
102805,17,484,346,4
102821,17,485,350,4
102838,17,488,355,4
102855,17,481,333,4
102871,17,477,365,2
102888,17,490,359,4
102904,17,475,342,4
102921,17,477,356,4
102938,17,487,357,4
102954,17,480,382,2
102971,17,477,351,4
102988,17,476,367,2
103004,17,478,327,4
103021,17,481,356,4
103037,17,476,353,4
103054,17,476,331,4
103071,17,474,348,4
103087,17,479,358,4
103104,17,475,355,4
103121,17,475,341,4
103137,17,474,357,4
103154,17,477,370,2
103171,17,474,353,4
103187,17,471,343,4
103204,17,476,338,4
103220,17,477,359,4
103237,17,480,358,4
103254,17,474,362,4
103270,17,468,365,2
103287,17,485,343,4
103304,17,476,366,2
103320,17,469,383,2
103337,17,478,363,4
103354,17,474,361,4
103370,17,474,364,4
103387,17,474,346,4
103403,17,478,369,2
103420,17,475,348,4
103437,17,477,331,4
103453,17,479,363,4
103470,17,477,374,2
103487,17,478,366,2
103503,17,473,373,2
103520,17,472,360,4
103537,17,473,363,4
103553,17,478,371,2
103570,17,480,347,4
103586,17,482,381,2
103603,17,472,377,2
103620,17,474,372,2
103636,17,475,378,2
103653,17,482,374,2
103670,17,477,370,2
103686,17,478,379,2
103703,17,479,370,2
103720,17,482,353,4
103736,17,476,373,2
103753,17,475,368,2
103769,17,479,356,4
103786,17,476,367,2
103803,17,472,361,4
103819,17,473,389,2
103836,17,474,393,2
103853,17,472,377,2
103869,17,475,350,4
103886,17,489,378,2
103903,17,471,370,2
103919,17,514,394,2
103936,17,530,427,3
103952,17,527,395,2
103969,17,531,423,3
103986,17,529,417,5
104002,17,524,416,2
104019,17,528,413,2
104036,17,520,437,3
104052,17,521,405,2
104069,17,529,402,2
104086,17,526,433,3
104102,17,529,417,5
104119,17,524,397,2
104135,17,529,422,3
104152,17,529,439,3
104169,17,533,402,2
104185,17,510,419,5
104202,17,478,361,4
104219,17,483,359,4
104235,17,475,369,2
104252,17,470,359,4
104268,17,471,368,2
104285,17,472,354,4
104302,17,473,347,4
104318,17,478,344,4
104335,17,485,366,2
104352,17,484,368,2
104368,17,485,322,4
104385,17,474,349,4
104402,17,486,330,4
104418,17,490,358,4
104435,17,482,347,4
104451,17,485,341,4
104468,17,490,338,4
104485,17,493,359,4
104501,17,482,330,4
104518,17,491,376,2
104535,17,487,346,4
104551,17,482,356,4
104568,17,476,368,2
104585,17,489,329,4
104601,17,482,340,4
104618,17,479,354,4
104634,17,482,331,4
104651,17,492,370,2
104668,17,482,362,4
104684,17,495,347,4
104701,17,485,352,4
104718,17,488,331,4
104734,17,481,331,4
104751,17,486,311,4
104768,17,472,359,4
104784,17,487,340,4
104801,17,488,321,4
104817,17,491,326,4
104834,17,481,354,4
104851,17,478,334,4
104867,17,472,323,4
104884,17,475,343,4
104901,17,477,359,4
104917,17,482,363,4
104934,17,476,359,4
104951,17,480,350,4
104967,17,469,347,4
104984,17,474,345,4
105000,17,471,347,4
105017,17,476,363,4
105034,17,478,358,4
105050,17,475,378,2
105067,17,468,350,4
105084,17,472,372,2
105100,17,474,358,4
105117,17,472,361,4
105134,17,471,356,4
105150,17,477,336,4
105167,17,476,354,4
105183,17,475,348,4
105200,17,472,363,4
105217,17,476,328,4
105233,17,476,374,2
105250,17,493,342,4
105267,17,568,352,4
105283,17,601,332,4
105300,17,596,328,4
105316,17,597,331,4
105333,17,598,349,4
105350,17,602,367,2
105366,17,596,336,4
105383,17,603,336,4
105400,17,604,331,4
105416,17,602,341,4
105433,17,601,337,4
105450,17,600,334,4
105466,17,601,348,4
105483,17,599,326,4
105499,17,604,336,4
105516,17,602,323,4
105533,17,601,343,4
105549,17,606,325,4
105566,17,612,343,4
105583,17,602,327,4
105599,17,605,332,4
105616,17,604,333,4
105633,17,602,342,4
105649,17,603,340,4
105666,17,602,349,4
105682,17,601,319,4
105699,17,600,319,4
105716,17,602,335,4
105732,17,603,321,4
105749,17,605,312,4
105766,17,605,346,4
105782,17,611,329,4
105799,17,608,332,4
105816,17,609,336,4
105832,17,608,316,4
105849,17,609,330,4
105865,17,605,335,4
105882,17,605,332,4
105899,17,609,332,4
105915,17,602,328,4
105932,17,613,337,0
105949,17,604,358,4
105965,17,585,360,4
105982,17,594,356,4
105999,17,607,333,4
106015,17,610,352,4
106032,17,595,355,4
106048,17,579,390,2
106065,17,545,430,3
106082,17,545,403,2
106098,17,552,416,2
106115,17,545,406,2
106132,17,550,418,5
106148,17,539,402,2
106165,17,542,408,2
106182,17,544,415,2
106198,17,548,408,2
106215,17,551,425,3
106231,17,552,411,2
106248,17,543,429,3
106265,17,545,429,3
106281,17,541,403,2
106298,17,548,412,2
106315,17,545,404,2
106331,17,545,411,2
106348,17,546,436,3
106365,17,549,406,2
106381,17,551,389,2
106398,17,544,417,5
106414,17,551,402,2
106431,17,544,412,2
106448,17,545,414,2
106464,17,536,431,3
106481,17,541,404,2
106498,17,538,464,3
106514,17,539,454,3
106531,17,534,455,3
106547,17,538,424,3
106564,17,541,435,3
106581,17,546,437,3
106597,17,538,461,3
106614,17,543,442,3
106631,17,537,438,3
106647,17,535,448,3
106664,17,530,436,3
106681,17,528,429,3
106697,17,518,419,5
106714,17,528,404,2
106730,17,526,421,5
106747,17,529,422,3
106764,17,525,409,2
106780,17,526,438,3
106797,17,525,418,5
106814,17,523,405,2
106830,17,531,404,2
106847,17,528,427,3
106864,17,529,441,3
106880,17,527,417,5
106897,17,525,447,3
106913,17,523,437,3
106930,17,491,356,4
106947,17,484,327,4
106963,17,484,307,4
106980,17,481,330,4
106997,17,483,316,4
107013,17,475,317,4
107030,17,483,334,4
107047,17,478,325,4
107063,17,478,310,4
107080,17,468,318,4
107096,17,476,317,4
107113,17,480,332,4
107130,17,478,330,4
107146,17,483,324,4
107163,17,481,352,4
107180,17,475,336,4
107196,17,481,324,4
107213,17,468,329,4
107230,17,469,334,4
107246,17,484,332,4
107263,17,476,333,4
107279,17,485,326,4
107296,17,472,333,4
107313,17,478,345,4
107329,17,483,316,4
107346,17,474,295,4
107363,17,471,317,4
107379,17,480,322,4
107396,17,468,312,4
107413,17,469,344,4
107429,17,472,341,4
107446,17,473,310,4
107462,17,473,314,4
107479,17,466,339,4
107496,17,483,336,4
107512,17,466,332,4
107529,17,480,324,4
107546,17,480,328,4
107562,17,474,308,4
107579,17,478,316,4
107595,17,468,338,4
107612,17,479,334,4
107629,17,477,319,4
107645,17,473,319,4
107662,17,461,323,4
107679,17,486,327,4
107695,17,476,333,4
107712,17,473,346,4
107729,17,480,325,4
107745,17,472,308,4
107762,17,473,311,4
107778,17,473,331,4
107795,17,471,347,4
107812,17,469,324,4
107828,17,470,328,4
107845,17,469,346,4
107862,17,461,346,4
107878,17,465,346,4
107895,17,458,367,2
107912,17,458,363,4
107928,17,465,356,4
107945,17,462,348,4
107961,17,460,348,4
107978,17,458,316,4
107995,17,467,335,4
108011,17,459,344,4
108028,17,469,328,4
108045,17,457,331,4
108061,17,461,332,4
108078,17,458,332,4
108095,17,461,337,4
108111,17,464,325,4
108128,17,474,328,4
108144,17,462,323,4
108161,17,470,329,4
108178,17,460,330,4
108194,17,477,351,4
108211,17,472,336,4
108228,17,475,343,4
108244,17,480,347,4
108261,17,481,349,4
108278,17,473,344,4
108294,17,481,347,4
108311,17,474,351,4
108327,17,476,360,4
108344,17,483,367,2
108361,17,498,359,4
108377,17,525,379,2
108394,17,528,361,4
108411,17,536,387,2
108427,17,529,398,2
108444,17,537,372,2
108461,17,533,404,2
108477,17,535,389,2
108494,17,533,404,2
108510,17,534,396,2
108527,17,532,373,2
108544,17,534,408,2
108560,17,537,404,2
108577,17,533,397,2
108594,17,535,379,2
108610,17,538,398,2
108627,17,529,369,2
108644,17,537,405,2
108660,17,540,371,2
108677,17,547,381,2
108693,17,536,395,2
108710,17,544,380,2
108727,17,534,396,2
108743,17,533,388,2
108760,17,528,386,2
108777,17,533,409,2
108793,17,535,379,2
108810,17,541,389,2
108826,17,494,327,4
108843,17,483,273,0
108860,17,468,262,0
108876,17,459,277,0
108893,17,480,260,0
108910,17,471,245,1
108926,17,466,235,1
108943,17,483,236,1
108960,17,469,229,1
108976,17,466,260,0
108993,17,474,258,1
109009,17,461,272,0
109026,17,434,219,1
109043,17,422,224,1
109059,17,445,202,1
109076,17,444,187,1
109093,17,437,201,1
109109,17,441,215,1
109126,17,434,214,1
109143,17,438,209,1
109159,17,417,216,1
109176,17,433,227,1
109192,17,478,331,4
109209,17,506,398,2
109226,17,508,415,2
109242,17,509,401,2
109259,17,525,382,2
109276,17,517,382,2
109292,17,531,400,2
109309,17,525,401,2
109326,17,519,387,2
109342,17,524,390,2
109359,17,514,412,2
109375,17,528,400,2
109392,17,521,390,2
109409,17,495,377,2
109425,17,484,363,4
109442,17,495,365,2
109459,17,485,345,4
109475,17,486,367,2
109492,17,486,331,4
109509,17,484,339,4
109525,17,488,356,4
109542,17,493,354,4
109558,17,487,356,4
109575,17,489,366,2
109592,17,491,343,4
109608,17,482,369,2
109625,17,490,371,2
109642,17,488,356,4
109658,17,486,359,4
109675,17,488,345,4
109692,17,508,376,2
109708,17,538,433,3
109725,17,534,421,5
109741,17,540,426,3
109758,17,539,455,3
109775,17,546,443,3
109791,17,540,424,3
109808,17,535,463,3
109825,17,524,447,3
109841,17,540,426,3
109858,17,540,420,5
109874,17,535,451,3
109891,17,539,433,3
109908,17,540,450,3
109924,17,536,460,3
109941,17,531,475,3
109958,17,531,463,3
109974,17,532,450,3
109991,17,529,458,3
110008,17,531,430,3
110024,17,530,465,3
110041,17,534,429,3
110057,17,534,468,3
110074,17,529,448,3
110091,17,535,443,3
110107,17,531,432,3
110124,17,535,427,3
110141,17,527,453,3
110157,17,532,418,5
110174,17,536,428,3
110191,17,531,451,3
110207,17,525,472,3
110224,17,511,408,2
110240,17,507,380,2
110257,17,510,373,2
110274,17,508,385,2
110290,17,504,402,2
110307,17,507,367,2
110324,17,508,370,2
110340,17,510,354,4
110357,17,505,393,2
110374,17,499,403,2
110390,17,512,377,2
110407,17,509,397,2
110423,17,506,409,2
110440,17,507,396,2
110457,17,508,410,2
110473,17,512,385,2
110490,17,502,403,2
110507,17,512,390,2
110523,17,505,392,2
110540,17,502,388,2
110557,17,509,403,2
110573,17,510,389,2
110590,17,507,360,4
110606,17,505,382,2
110623,17,509,382,2
110640,17,496,353,4
110656,17,477,365,2
110673,17,482,368,2
110690,17,478,361,4
110706,17,470,355,4
110723,17,477,367,2
110740,17,473,386,2
110756,17,475,363,4
110773,17,476,351,4
110789,17,478,353,4
110806,17,478,358,4
110823,17,499,354,4
110839,17,477,362,4
110856,17,475,379,2
110873,17,479,366,2
110889,17,484,359,4
110906,17,478,380,2
110923,17,501,379,2
110939,17,545,379,2
110956,17,574,356,4
110972,17,572,337,4
110989,17,572,359,4
111006,17,577,345,4
111022,17,572,353,4
111039,17,574,379,2
111056,17,573,380,2
111072,17,576,368,2
111089,17,569,356,4
111105,17,571,364,4
111122,17,573,359,4
111139,17,567,355,4
111155,17,570,365,2
111172,17,574,358,4
111189,17,572,357,4
111205,17,575,359,4
111222,17,577,344,4
111239,17,545,397,2
111255,17,530,411,2
111272,17,532,370,2
111288,17,529,395,2
111305,17,531,370,2
111322,17,532,394,2
111338,17,530,363,4
111355,17,531,385,2
111372,17,535,379,2
111388,17,535,379,2
111405,17,533,363,4
111422,17,536,372,2
111438,17,538,367,2
111455,17,544,365,2
111471,17,531,367,2
111488,17,535,363,4
111505,17,534,381,2
111521,17,533,392,2
111538,17,537,387,2
111555,17,537,379,2
111571,17,538,396,2
111588,17,542,358,4
111605,17,538,392,2
111621,17,539,376,2
111638,17,544,378,2
111654,17,537,366,2
111671,17,541,380,2
111688,17,540,364,4
111704,17,541,396,2
111721,17,535,402,2
111738,17,540,376,2
111754,17,536,376,2
111771,17,539,359,4
111788,17,535,363,4
111804,17,534,375,2
111821,17,535,382,2
111837,17,536,362,4
111854,17,540,394,2
111871,17,540,373,2
111887,17,534,381,2
111904,17,532,387,2
111921,17,536,364,4
111937,17,536,383,2
111954,17,539,391,2
111971,17,536,398,2
111987,17,535,404,2
112004,17,533,368,2
112020,17,535,363,4
112037,17,530,375,2
112054,17,537,366,2
112070,17,537,391,2
112087,17,540,386,2
112104,17,537,403,2
112120,17,532,373,2
112137,17,533,395,2
112154,17,534,404,2
112170,17,536,403,2
112187,17,537,400,2
112203,17,539,395,2
112220,17,528,368,2
112237,17,476,354,4
112253,17,460,335,4
112270,17,467,348,4
112287,17,459,342,4
112303,17,469,321,4
112320,17,462,361,4
112336,17,460,344,4
112353,17,465,349,4
112370,17,465,369,2
112386,17,459,327,4
112403,17,468,331,4
112420,17,471,340,4
112436,17,470,335,4
112453,17,484,344,4
112470,17,488,333,4
112486,17,495,338,4
112503,17,491,344,4
112519,17,484,344,4
112536,17,497,331,4
112553,17,494,345,4
112569,17,494,331,4
112586,17,488,345,4
112603,17,489,345,4
112619,17,484,352,4
112636,17,513,335,4
112653,17,553,357,4
112669,17,595,325,4
112686,17,602,365,2
112702,17,596,364,4
112719,17,597,337,4
112736,17,600,351,4
112752,17,598,345,4
112769,17,601,327,4
112786,17,595,342,4
112802,17,591,356,4
112819,17,601,346,4
112836,17,594,365,2
112852,17,560,451,3
112869,17,546,482,3
112885,17,544,449,3
112902,17,536,453,3
112919,17,534,478,3
112935,17,533,471,3
112952,17,545,463,3
112969,17,536,452,3
112985,17,537,459,3
113002,17,530,463,3
113019,17,545,453,3
113035,17,542,479,3
113052,17,578,452,3
113068,17,605,473,3
113085,17,596,465,3
113102,17,595,456,3
113118,17,591,459,3
113135,17,601,458,3
113152,17,586,468,3
113168,17,598,493,3
113185,17,588,444,3
113202,17,594,475,3
113218,17,593,439,3
113235,17,595,453,3
113251,17,607,463,3
113268,17,610,453,3
113285,17,600,455,3
113301,17,605,442,3
113318,17,615,458,3
113335,17,599,471,3
113351,17,608,458,3
113368,17,606,454,3
113384,17,614,467,3
113401,17,610,420,3
113418,17,611,423,3
113434,17,610,466,3
113451,17,610,449,3
113468,17,608,445,3
113484,17,616,448,3
113501,17,622,453,3
113518,17,604,459,3
113534,17,538,449,3
113551,17,495,444,3
113567,17,478,408,2
113584,17,475,420,3
113601,17,480,406,2
113617,17,482,413,2
113634,17,471,394,2
113651,17,484,411,2
113667,17,480,406,2
113684,17,478,407,2
113701,17,478,355,4
113717,17,463,357,4
113734,17,477,331,4
113750,17,464,378,2
113767,17,470,331,4
113784,17,462,362,4
113800,17,479,360,4
113817,17,471,358,4
113834,17,463,345,4
113850,17,467,386,2
113867,17,478,351,4
113884,17,472,341,4
113900,17,475,388,2
113917,17,467,360,4
113933,17,473,362,4
113950,17,463,385,2
113967,17,482,368,2
113983,17,480,357,4
114000,17,473,346,4
114017,17,470,348,4
114033,17,477,359,4
114050,17,472,347,4
114067,17,496,336,4
114083,17,485,346,4
114100,17,485,362,4
114116,17,489,336,4
114133,17,483,346,4
114150,17,480,346,4
114166,17,487,358,4
114183,17,481,368,2
114200,17,487,338,4
114233,33,480,364,4
114233,0,480,364,4
114250,17,489,347,4
114266,17,480,337,4
114283,17,479,360,4
114299,17,486,368,2
114316,17,481,369,2
114333,17,479,363,4
114349,17,477,354,4
114366,17,485,356,4
114383,17,475,359,4
114399,17,487,359,4
114416,17,469,353,4
114433,17,479,365,2
114449,17,484,350,4
114466,17,493,414,2
114482,17,494,443,3
114499,17,488,424,3
114516,17,497,430,3
114532,17,488,411,2
114549,17,492,409,2
114566,17,493,429,3
114582,17,490,432,3
114599,17,488,431,3
114615,17,492,422,3
114649,33,496,412,2
114649,0,496,412,2
114665,17,491,387,2
114682,17,489,419,5
114699,17,501,421,5
114715,17,494,430,3
114732,17,491,457,3
114749,17,499,427,3
114765,17,493,419,5
114782,17,493,438,3
114798,17,493,426,3
114815,17,497,448,3
114832,17,491,442,3
114848,17,497,427,3
114865,17,494,529,3
115048,183,449,1037,0
115065,17,564,918,0
115081,17,306,334,0
115098,17,427,278,0
115115,17,478,520,3
115131,17,474,439,3
115148,17,479,349,4
115164,17,480,287,0
115181,17,492,364,4
115198,17,488,310,4
115214,17,496,292,4
115231,17,491,297,4
115248,17,480,291,4
115264,17,481,303,4
115281,17,493,311,4
115298,17,548,385,2
115314,17,537,385,2
115331,17,545,391,2
115347,17,538,422,3
115364,17,547,411,2
115381,17,547,425,3
115397,17,542,420,5
115414,17,543,433,3
115431,17,541,418,5
115447,17,542,431,3
115464,17,545,432,3
115481,17,535,436,3
115497,17,535,410,2
115514,17,542,415,2
115530,17,547,413,2
115547,17,540,411,2
115564,17,542,419,5
115580,17,542,420,5
115597,17,534,424,3
115614,17,537,417,5
115630,17,556,422,3
115647,17,550,399,2
115663,17,551,412,2
115680,17,549,431,3
115697,17,549,396,2
115713,17,554,422,3
115730,17,551,412,2
115747,17,556,406,2
115763,17,560,407,2
115780,17,553,411,2
115797,17,559,421,5
115813,17,556,416,2
115830,17,555,417,5
115846,17,558,413,2
115863,17,559,394,2
115880,17,542,383,2
115896,17,543,389,2
115913,17,537,403,2
115930,17,532,377,2
115946,17,528,381,2
115963,17,536,416,2
115980,17,542,427,3
115996,17,535,381,2
116013,17,532,385,2
116029,17,534,391,2
116046,17,528,405,2
116063,17,527,413,2
116079,17,540,398,2
116096,17,527,424,3
116113,17,543,401,2
116129,17,532,412,2
116146,17,532,419,5
116163,17,529,395,2
116179,17,534,408,2
116196,17,533,394,2
116212,17,536,388,2
116229,17,529,371,2
116246,17,533,385,2
116262,17,542,361,4
116279,17,498,355,4
116296,17,488,329,4
116312,17,499,325,4
116329,17,501,347,4
116346,17,491,322,4
116362,17,496,335,4
116379,17,494,329,4
116395,17,488,330,4
116412,17,493,352,4
116429,17,490,339,4
116445,17,496,335,4
116462,17,492,351,4
116479,17,496,340,4
116495,17,503,323,4
116512,17,504,327,4
116529,17,501,340,4
116545,17,492,358,4
116562,17,492,351,4
116578,17,507,322,4
116595,17,511,329,4
116612,17,500,348,4
116628,17,504,338,4
116645,17,499,338,4
116662,17,498,350,4
116678,17,483,343,4
116695,17,497,348,4
116712,17,505,333,4
116728,17,500,373,2
116745,17,507,342,4
116761,17,504,348,4
116778,17,497,360,4
116795,17,491,326,4
116811,17,497,368,2
116828,17,487,357,4
116845,17,497,336,4
116861,17,485,353,4
116878,17,490,356,4
116894,17,493,341,4
116911,17,482,355,4
116928,17,487,360,4
116944,17,497,357,4
116961,17,481,362,4
116978,17,483,362,4
116994,17,497,369,2
117011,17,563,371,2
117028,17,591,349,4
117044,17,588,343,4
117061,17,588,320,4
117077,17,585,360,4
117094,17,589,341,4
117111,17,585,352,4
117127,17,590,354,4
117144,17,590,341,4
117161,17,589,346,4
117177,17,585,353,4
117194,17,587,362,4
117211,17,587,343,4
117227,17,593,336,4
117244,17,593,345,4
117260,17,585,362,4
117277,17,592,300,4
117294,17,594,361,4
117310,17,591,380,2
117327,17,588,367,2
117344,17,588,351,4
117360,17,594,375,2
117377,17,598,326,4
117394,17,592,346,4
117410,17,590,354,4
117427,17,590,378,2
117443,17,596,352,4
117460,17,584,349,4
117477,17,591,335,4
117493,17,594,337,4
117510,17,594,346,4
117527,17,588,352,4
117543,17,584,350,4
117560,17,534,357,4
117577,17,481,351,4
117593,17,481,347,4
117610,17,469,349,4
117626,17,478,355,4
117643,17,477,350,4
117660,17,483,345,4
117676,17,474,350,4
117693,17,481,339,4
117710,17,476,332,4
117726,17,470,352,4
117743,17,476,335,4
117760,17,485,359,4
117776,17,476,353,4
117793,17,477,330,4
117809,17,427,371,2
117826,17,425,364,4
117843,17,413,365,2
117859,17,430,364,4
117876,17,424,345,4
117893,17,410,354,0
117909,17,397,355,0
117926,17,400,384,2
117942,17,398,369,2
117959,17,412,362,0
117976,17,409,378,2
117992,17,432,354,4
118009,17,402,369,2
118026,17,423,365,2
118042,17,424,383,2
118059,17,431,344,4
118076,17,425,374,2
118092,17,426,372,2
118109,17,414,367,2
118125,17,431,370,2
118142,17,418,366,2
118159,17,433,370,2
118175,17,422,360,4
118192,17,424,365,2
118209,17,421,373,2
118225,17,417,351,4
118242,17,404,385,2
118259,17,412,367,2
118275,17,420,388,2
118292,17,431,371,2
118308,17,418,375,2
118325,17,410,341,0
118342,17,395,381,2
118358,17,417,369,2
118375,17,421,376,2
118392,17,413,361,0
118408,17,435,333,4
118425,17,406,365,2
118442,17,426,369,2
118458,17,421,362,4
118475,17,414,347,0
118491,17,403,373,2
118508,17,415,357,0
118525,17,418,354,4
118541,17,395,381,2
118558,17,427,362,4
118575,17,419,362,4
118591,17,418,370,2
118608,17,411,371,2
118625,17,424,347,4
118641,17,392,370,2
118658,17,395,362,0
118674,17,402,360,0
118691,17,425,359,4
118708,17,416,349,4
118724,17,426,361,4
118741,17,396,382,2
118758,17,407,344,0
118774,17,421,369,2
118791,17,436,379,2
118808,17,457,390,2
118824,17,466,372,2
118841,17,448,362,4
118857,17,466,353,4
118874,17,456,360,4
118891,17,463,352,4
118907,17,460,383,2
118924,17,464,381,2
118941,17,466,370,2
118957,17,451,376,2
118974,17,455,356,4
118991,17,474,368,2
119007,17,487,361,4
119024,17,480,374,2
119040,17,489,348,4
119057,17,478,356,4
119074,17,481,359,4
119090,17,480,360,4
119107,17,488,359,4
119124,17,483,366,2
119140,17,472,369,2
119157,17,476,377,2
119173,17,472,362,4
119190,17,481,371,2
119207,17,474,391,2
119223,17,473,374,2
119240,17,472,352,4
119257,17,475,363,4
119273,17,484,365,2
119290,17,470,399,2
119307,17,481,370,2
119323,17,505,395,2
119340,17,522,402,2
119356,17,515,393,2
119373,17,513,382,2
119390,17,524,377,2
119406,17,522,372,2
119423,17,523,389,2
119440,17,532,359,4
119456,17,522,386,2
119473,17,525,374,2
119490,17,522,393,2
119506,17,522,395,2
119523,17,520,380,2
119539,17,523,384,2
119556,17,519,382,2
119573,17,516,391,2
119589,17,522,377,2
119606,17,520,386,2
119623,17,520,374,2
119639,17,526,373,2
119656,17,534,364,4
119673,17,523,363,4
119689,17,523,364,4
119706,17,548,386,2
119722,17,533,382,2
119739,17,540,397,2
119756,17,539,397,2
119772,17,539,365,2
119789,17,536,385,2
119806,17,542,364,4
119822,17,535,380,2
119839,17,540,372,2
119856,17,543,366,2
119872,17,540,375,2
119889,17,539,377,2
119905,17,539,382,2
119922,17,542,387,2
119939,17,542,390,2
119955,17,541,361,4
119972,17,551,370,2
119989,17,543,376,2
120005,17,537,389,2
120022,17,540,358,4
120039,17,541,342,4
120055,17,538,356,4
120072,17,545,343,4
120088,17,541,366,2
120105,17,542,364,4
120122,17,543,366,2
120138,17,534,346,4
120155,17,546,375,2
120172,17,545,368,2
120188,17,538,374,2
120205,17,540,364,4
120221,17,542,371,2
120238,17,547,355,4
120255,17,539,382,2
120271,17,538,370,2
120288,17,547,378,2
120305,17,504,359,4
120321,17,498,359,4
120338,17,496,365,2
120355,17,491,355,4
120371,17,494,349,4
120388,17,498,342,4
120404,17,490,355,4
120421,17,497,362,4
120438,17,488,335,4
120454,17,491,346,4
120471,17,501,345,4
120488,17,499,342,4
120504,17,496,353,4
120521,17,495,319,4
120538,17,503,336,4
120554,17,493,331,4
120571,17,523,378,2
120587,17,524,418,5
120604,17,519,409,2
120621,17,522,382,2
120637,17,525,395,2
120654,17,508,423,3
120671,17,523,424,3
120687,17,522,407,2
120704,17,522,414,2
120721,17,520,416,2
120737,17,535,416,2
120754,17,528,414,2
120770,17,528,442,3
120787,17,528,399,2
120804,17,519,424,3
120820,17,530,435,3
120837,17,528,432,3
120854,17,536,368,2
120870,17,544,373,2
120887,17,540,380,2
120904,17,539,364,4
120920,17,539,385,2
120937,17,536,378,2
120953,17,539,368,2
120970,17,544,370,2
120987,17,535,406,2
121003,17,539,380,2
121020,17,544,358,4
121037,17,547,371,2
121053,17,535,373,2
121070,17,536,344,4
121087,17,543,365,2
121103,17,545,359,4
121120,17,544,388,2
121136,17,546,353,4
121153,17,546,369,2
121170,17,544,375,2
121186,17,548,366,2
121203,17,539,379,2
121220,17,541,382,2
121236,17,552,358,4
121253,17,550,384,2
121270,17,521,352,4
121286,17,513,371,2
121303,17,511,355,4
121319,17,507,354,4
121336,17,509,369,2
121353,17,513,341,4
121369,17,508,359,4
121386,17,507,367,2
121403,17,517,383,2
121419,17,515,358,4
121436,17,504,361,4
121452,17,503,338,4
121469,17,501,373,2
121486,17,489,345,4
121502,17,489,337,4
121519,17,488,374,2
121536,17,491,365,2
121552,17,487,348,4
121569,17,498,340,4
121586,17,498,378,2
121602,17,486,360,4
121619,17,495,355,4
121635,17,499,363,4
121652,17,492,365,2
121669,17,498,352,4
121685,17,495,345,4
121702,17,503,335,4
121719,17,485,335,4
121735,17,488,349,4
121752,17,493,328,4
121769,17,523,366,2
121785,17,539,360,4
121802,17,544,354,4
121818,17,535,323,4
121835,17,551,364,4
121852,17,540,346,4
121868,17,532,338,4
121885,17,543,337,4
121902,17,543,325,4
121918,17,537,317,4
121935,17,537,334,4
121952,17,537,328,4
121968,17,575,375,2
121985,17,568,317,4
122001,17,575,330,4
122018,17,571,329,4
122035,17,575,353,4
122051,17,581,352,4
122068,17,572,344,4
122085,17,576,337,4
122101,17,577,346,4
122118,17,575,348,4
122135,17,573,315,4
122151,17,573,326,4
122168,17,578,331,4
122184,17,580,346,4
122201,17,581,326,4
122218,17,574,349,4
122234,17,572,327,4
122251,17,579,322,4
122268,17,574,341,4
122284,17,581,332,4
122301,17,574,347,4
122318,17,573,338,4
122334,17,516,336,4
122351,17,486,325,4
122367,17,497,341,4
122384,17,484,339,4
122401,17,501,336,4
122417,17,486,349,4
122434,17,491,336,4
122451,17,480,339,4
122467,17,493,324,4
122484,17,486,343,4
122501,17,496,322,4
122517,17,486,342,4
122534,17,498,348,4
122550,17,509,383,2
122567,17,521,430,3
122584,17,514,443,3
122600,17,530,425,3
122617,17,524,429,3
122634,17,526,432,3
122650,17,525,419,5
122667,17,526,427,3
122683,17,525,431,3
122700,17,524,426,3
122717,17,532,426,3
122733,17,531,438,3
122750,17,532,427,3
122767,17,536,443,3
122783,17,531,433,3
122800,17,528,450,3
122817,17,520,414,2
122833,17,534,452,3
122850,17,522,415,2
122866,17,528,439,3
122883,17,527,425,3
122900,17,535,435,3
122916,17,525,435,3
122933,17,528,417,5
122950,17,527,429,3
122966,17,520,427,3
122983,17,526,421,5
123000,17,532,422,3
123016,17,530,414,2
123033,17,531,421,5
123049,17,528,426,3
123066,17,525,424,3
123083,17,530,435,3
123099,17,526,450,3
123116,17,526,422,3
123133,17,529,426,3
123149,17,512,371,2
123166,17,489,337,4
123183,17,493,350,4
123199,17,482,334,4
123216,17,501,339,4
123232,17,498,332,4
123249,17,486,351,4
123266,17,495,330,4
123282,17,489,332,4
123299,17,493,337,4
123316,17,497,326,4
123332,17,488,346,4
123349,17,492,344,4
123366,17,497,325,4
123382,17,490,348,4
123399,17,493,336,4
123415,17,495,358,4
123432,17,490,357,4
123449,17,501,328,4
123465,17,501,333,4
123482,17,491,324,4
123499,17,492,345,4
123515,17,499,332,4
123532,17,495,327,4
123549,17,497,340,4
123565,17,492,354,4
123582,17,497,345,4
123598,17,499,339,4
123615,17,494,350,4
123632,17,497,321,4
123648,17,492,321,4
123665,17,505,352,4
123682,17,500,345,4
123698,17,493,336,4
123715,17,496,343,4
123731,17,499,342,4
123748,17,495,324,4
123765,17,509,340,4
123781,17,530,325,4
123798,17,534,346,4
123815,17,532,307,4
123831,17,535,328,4
123848,17,535,310,4
123865,17,533,325,4
123881,17,537,323,4
123898,17,535,344,4
123914,17,539,326,4
123931,17,538,302,4
123948,17,534,313,4
123964,17,535,343,4
123981,17,539,319,4
123998,17,542,323,4
124014,17,537,355,4
124031,17,529,362,4
124048,17,543,368,2
124064,17,541,372,2
124081,17,538,363,4
124097,17,546,337,4
124114,17,545,370,2
124131,17,541,370,2
124147,17,539,376,2
124164,17,543,416,2
124181,17,543,378,2
124197,17,542,371,2
124214,17,549,373,2
124231,17,539,367,2
124247,17,544,382,2
124264,17,547,359,4
124280,17,541,369,2
124297,17,540,377,2
124314,17,542,383,2
124330,17,547,383,2
124347,17,546,366,2
124364,17,543,364,4
124380,17,539,365,2
124397,17,547,373,2
124414,17,522,364,4
124430,17,504,347,4
124447,17,507,362,4
124463,17,494,339,4
124480,17,504,366,2
124497,17,500,346,4
124513,17,498,368,2
124530,17,500,347,4
124547,17,510,355,4
124563,17,501,361,4
124580,17,495,360,4
124597,17,511,356,4
124613,17,499,354,4
124630,17,499,361,4
124646,17,492,352,4
124663,17,493,350,4
124680,17,493,349,4
124696,17,496,360,4
124713,17,501,329,4
124730,17,520,369,2
124746,17,543,388,2
124763,17,534,368,2
124780,17,546,381,2
124796,17,540,369,2
124813,17,537,367,2
124829,17,543,355,4
124846,17,536,355,4
124863,17,538,352,4
124879,17,541,385,2
124896,17,526,368,2
124913,17,538,376,2
124929,17,536,359,4
124946,17,542,366,2
124962,17,542,376,2
124979,17,538,395,2
124996,17,533,391,2
125012,17,535,394,2
125029,17,538,374,2
125046,17,542,372,2
125062,17,538,347,4
125079,17,558,336,4
125096,17,594,298,4
125112,17,615,225,1
125129,17,611,257,1
125145,17,611,227,1
125162,17,595,268,0
125179,17,609,273,0
125195,17,622,278,0
125212,17,616,269,0
125229,17,615,261,0
125245,17,615,256,1
125262,17,614,233,1
125279,17,617,257,1
125295,17,619,259,1
125312,17,617,247,1
125328,17,617,244,1
125345,17,618,275,0
125362,17,590,291,4
125378,17,553,287,0
125395,17,562,286,0
125412,17,551,309,4
125428,17,550,315,4
125445,17,548,305,4
125462,17,549,295,4
125478,17,549,293,4
125495,17,549,279,0
125511,17,549,298,4
125528,17,544,314,4
125545,17,508,332,4
125561,17,484,361,4
125578,17,495,327,4
125595,17,503,352,4
125611,17,490,328,4
125628,17,488,349,4
125645,17,484,319,4
125661,17,480,341,4
125678,17,486,337,4
125694,17,488,338,4
125711,17,481,349,4
125728,17,480,339,4
125744,17,487,343,4
125761,17,540,404,2
125778,17,568,334,4
125794,17,568,334,4
125811,17,580,345,4
125828,17,578,361,4
125844,17,578,348,4
125861,17,576,351,4
125877,17,572,333,4
125894,17,575,334,4
125911,17,576,345,4
125927,17,582,354,4
125944,17,578,334,4
125961,17,573,328,4
125977,17,578,340,4
125994,17,579,351,4
126010,17,570,353,4
126027,17,600,340,4
126044,17,596,356,4
126060,17,598,348,4
126077,17,600,358,4
126094,17,602,355,4
126110,17,598,385,2
126127,17,594,374,2
126144,17,603,342,4
126160,17,599,348,4
126177,17,603,335,4
126193,17,602,343,4
126210,17,597,357,4
126227,17,607,341,4
126243,17,601,364,4
126260,17,602,378,2
126277,17,603,367,2
126293,17,609,378,2
126310,17,610,355,4
126327,17,614,334,0
126343,17,610,349,4
126360,17,611,360,4
126376,17,601,347,4
126393,17,608,343,4
126410,17,607,352,4
126426,17,599,349,4
126443,17,610,350,4
126460,17,572,367,2
126476,17,575,345,4
126493,17,576,347,4
126510,17,576,383,2
126526,17,579,358,4
126543,17,579,348,4
126559,17,575,361,4
126576,17,585,354,4
126593,17,578,377,2
126609,17,580,391,2
126626,17,579,351,4
126643,17,579,378,2
126659,17,577,352,4
126676,17,580,361,4
126693,17,583,391,2
126709,17,584,367,2
126726,17,580,365,2
126742,17,557,338,4
126759,17,533,273,0
126776,17,520,206,1
126792,17,531,213,1
126809,17,537,207,1
126826,17,533,205,1
126842,17,528,213,1
126859,17,527,211,1
126876,17,532,229,1
126892,17,540,235,1
126909,17,526,209,1
126925,17,532,203,1
126942,17,537,233,1
126959,17,525,235,1
126975,17,528,212,1
126992,17,528,230,1
127009,17,526,197,1
127025,17,529,227,1
127042,17,531,238,1
127059,17,532,229,1
127075,17,528,223,1
127092,17,527,235,1
127108,17,530,231,1
127125,17,535,219,1
127142,17,529,248,1
127158,17,535,231,1
127175,17,564,268,0
127192,17,578,292,4
127208,17,588,278,0
127225,17,593,296,4
127241,17,590,279,0
127258,17,604,271,0
127275,17,597,296,4
127291,17,591,315,4
127308,17,591,311,4
127325,17,593,284,0
127341,17,595,287,0
127358,17,556,361,4
127375,17,525,385,2
127391,17,525,381,2
127408,17,525,382,2
127424,17,516,375,2
127441,17,531,377,2
127458,17,533,377,2
127474,17,531,393,2
127491,17,536,367,2
127508,17,542,350,4
127524,17,545,355,4
127541,17,537,364,4
127558,17,544,386,2
127574,17,538,370,2
127591,17,538,377,2
127607,17,540,384,2
127624,17,549,351,4
127641,17,539,360,4
127657,17,537,375,2
127674,17,540,356,4
127691,17,542,362,4
127707,17,544,366,2
127724,17,540,386,2
127741,17,526,352,4
127757,17,524,381,2
127774,17,527,364,4
127790,17,534,348,4
127807,17,519,355,4
127824,17,526,370,2
127840,17,528,344,4
127857,17,526,341,4
127874,17,525,354,4
127890,17,526,339,4
127907,17,527,347,4
127924,17,528,334,4
127940,17,529,355,4
127957,17,526,351,4
127973,17,527,345,4
127990,17,525,361,4
128007,17,524,357,4
128023,17,532,360,4
128040,17,529,360,4
128057,17,529,355,4
128073,17,528,344,4
128090,17,542,348,4
128107,17,548,345,4
128123,17,550,332,4
128140,17,544,354,4
128156,17,547,367,2
128173,17,545,361,4
128190,17,542,370,2
128206,17,545,354,4
128223,17,543,351,4
128240,17,544,322,4
128256,17,545,338,4
128273,17,540,328,4
128289,17,545,333,4
128306,17,542,346,4
128323,17,545,331,4
128339,17,556,328,4
128356,17,543,335,4
128373,17,540,364,4
128389,17,542,375,2
128406,17,538,372,2
128423,17,540,356,4
128439,17,540,370,2
128456,17,535,369,2
128472,17,536,364,4
128489,17,548,363,4
128506,17,548,360,4
128522,17,544,346,4
128539,17,547,352,4
128556,17,522,381,2
128572,17,490,342,4
128589,17,497,349,4
128606,17,487,337,4
128622,17,486,363,4
128639,17,488,345,4
128655,17,485,351,4
128672,17,482,350,4
128689,17,486,364,4
128705,17,483,367,2
128722,17,494,360,4
128739,17,485,346,4
128755,17,485,350,4
128772,17,483,373,2
128789,17,482,364,4
128805,17,487,345,4
128822,17,491,330,4
128838,17,501,347,4
128855,17,544,336,4
128872,17,570,332,4
128888,17,566,321,4
128905,17,567,341,4
128922,17,571,322,4
128938,17,568,322,4
128955,17,570,318,4
128972,17,567,335,4
128988,17,566,341,4
129005,17,572,346,4
129021,17,569,331,4
129038,17,569,339,4
129055,17,602,246,1
129071,17,602,236,1
129088,17,602,238,1
129105,17,617,242,1
129121,17,616,243,1
129138,17,606,224,1
129155,17,612,260,0
129171,17,604,258,1
129188,17,607,259,1
129204,17,614,249,1
129221,17,603,236,1
129238,17,610,256,1
129254,17,520,294,4
129271,17,452,270,0
129288,17,433,298,4
129304,17,430,300,4
129321,17,425,310,4
129338,17,424,302,4
129354,17,422,324,4
129371,17,430,321,4
129387,17,426,281,0
129404,17,423,294,4
129421,17,426,289,4
129437,17,434,323,4
129454,17,397,322,0
129471,17,388,308,0
129487,17,390,297,0
129504,17,400,317,0
129520,17,394,312,0
129537,17,396,310,0
129554,17,389,295,0
129570,17,393,317,0
129587,17,399,327,0
129604,17,401,295,0
129620,17,481,302,4
129637,17,516,270,0
129654,17,515,282,0
129670,17,523,289,4
129687,17,518,264,0
129703,17,515,274,0
129720,17,509,317,4
129737,17,510,288,4
129753,17,513,270,0
129770,17,506,283,0
129787,17,515,324,4
129803,17,500,324,4
129820,17,513,333,4
129837,17,508,350,4
129853,17,520,329,4
129870,17,510,341,4
129886,17,512,320,4
129903,17,505,328,4
129920,17,512,305,4
129936,17,504,336,4
129953,17,477,342,4
129970,17,484,354,4
129986,17,482,359,4
130003,17,483,379,2
130020,17,482,370,2
130036,17,484,370,2
130053,17,489,354,4
130069,17,482,365,2
130086,17,484,362,4
130103,17,479,370,2
130119,17,480,368,2
130136,17,480,367,2
130153,17,480,364,4
130169,17,484,363,4
130186,17,479,370,2
130203,17,482,366,2
130219,17,520,400,2
130236,17,535,356,4
130252,17,532,345,4
130269,17,539,326,4
130286,17,536,342,4
130302,17,546,347,4
130319,17,539,365,2
130336,17,533,342,4
130352,17,539,332,4
130369,17,537,377,2
130386,17,540,347,4
130402,17,537,354,4
130419,17,537,364,4
130435,17,535,369,2
130452,17,532,330,4
130469,17,548,340,4
130485,17,535,352,4
130502,17,536,329,4
130519,17,537,317,4
130535,17,534,336,4
130552,17,540,341,4
130568,17,532,342,4
130585,17,539,324,4
130602,17,539,339,4
130618,17,535,338,4
130635,17,531,350,4
130652,17,541,334,4
130668,17,538,343,4
130685,17,537,355,4
130702,17,541,359,4
130718,17,542,335,4
130735,17,538,333,4
130751,17,540,350,4
130768,17,539,329,4
130785,17,536,374,2
130801,17,539,363,4
130818,17,546,336,4
130835,17,548,346,4
130851,17,540,358,4
130868,17,527,351,4
130885,17,531,366,2
130901,17,542,355,4
130918,17,547,350,4
130934,17,580,367,2
130951,17,588,367,2
130968,17,582,362,4
130984,17,586,393,2
131001,17,585,357,4
131018,17,582,365,2
131034,17,588,375,2
131051,17,588,340,4
131068,17,583,382,2
131084,17,586,356,4
131101,17,587,337,4
131117,17,586,356,4
131134,17,629,328,0
131151,17,659,276,0
131167,17,648,291,0
131184,17,643,285,0
131201,17,649,308,0
131217,17,645,292,0
131234,17,649,320,0
131251,17,654,308,0
131267,17,656,295,0
131284,17,652,305,0
131300,17,653,292,0
131317,17,656,289,0
131334,17,667,292,0
131350,17,652,299,0
131367,17,652,311,0
131384,17,650,300,0
131400,17,574,377,2
131417,17,540,384,2
131434,17,542,358,4
131450,17,543,399,2
131467,17,536,370,2
131483,17,538,408,2
131500,17,533,393,2
131517,17,542,412,2
131533,17,539,381,2
131550,17,540,388,2
131567,17,537,378,2
131583,17,536,397,2
131600,17,545,396,2
131617,17,540,404,2
131633,17,534,398,2
131650,17,542,360,4
131666,17,543,391,2
131683,17,541,412,2
131700,17,542,383,2
131716,17,541,373,2
131733,17,542,380,2
131750,17,542,370,2
131766,17,534,400,2
131783,17,539,390,2
131799,17,536,395,2
131816,17,536,372,2
131833,17,535,390,2
131849,17,540,407,2
131866,17,533,397,2
131883,17,535,394,2
131899,17,539,391,2
131916,17,544,392,2
131933,17,538,413,2
131949,17,536,377,2
131966,17,541,401,2
131982,17,537,395,2
131999,17,550,382,2
132016,17,542,384,2
132032,17,539,378,2
132049,17,539,396,2
132066,17,541,418,5
132082,17,543,378,2
132099,17,541,391,2
132116,17,546,394,2
132132,17,542,381,2
132149,17,537,387,2
132165,17,545,390,2
132182,17,539,391,2
132199,17,543,391,2
132215,17,542,402,2
132232,17,518,359,4
132249,17,522,372,2
132265,17,516,403,2
132282,17,512,366,2
132299,17,515,378,2
132315,17,508,362,4
132332,17,518,376,2
132348,17,515,393,2
132365,17,523,375,2
132382,17,516,367,2
132398,17,515,373,2
132415,17,512,388,2
132432,17,514,387,2
132448,17,517,389,2
132465,17,514,387,2
132482,17,520,395,2
132498,17,518,373,2
132515,17,513,389,2
132531,17,517,410,2
132548,17,481,374,2
132565,17,487,382,2
132581,17,485,394,2
132598,17,480,383,2
132615,17,486,378,2
132631,17,497,386,2
132648,17,496,380,2
132665,17,490,384,2
132681,17,492,358,4
132698,17,503,359,4
132714,17,500,380,2
132731,17,526,450,3
132748,17,523,471,3
132764,17,525,452,3
132781,17,526,463,3
132798,17,524,440,3
132814,17,528,432,3
132831,17,520,438,3
132848,17,526,470,3
132864,17,526,459,3
132881,17,521,457,3
132897,17,519,442,3
132914,17,532,423,3
132931,17,523,445,3
132947,17,529,467,3
132964,17,529,423,3
132981,17,530,442,3
132997,17,529,464,3
133014,17,527,451,3
133030,17,539,444,3
133047,17,531,447,3
133064,17,528,465,3
133080,17,532,458,3
133097,17,534,420,5
133114,17,528,450,3
133130,17,531,434,3
133147,17,529,459,3
133164,17,530,447,3
133180,17,529,439,3
133197,17,531,444,3
133213,17,556,455,3
133230,17,575,363,4
133247,17,584,343,4
133263,17,583,319,4
133280,17,582,348,4
133297,17,588,337,4
133313,17,581,316,4
133330,17,589,322,4
133347,17,586,344,4
133363,17,587,336,4
133380,17,587,337,4
133396,17,590,338,4
133413,17,571,347,4
133430,17,580,324,4
133446,17,593,343,4
133463,17,591,326,4
133480,17,587,338,4
133496,17,592,340,4
133513,17,591,340,4
133530,17,594,338,4
133546,17,583,341,4
133563,17,588,363,4
133579,17,591,320,4
133596,17,579,331,4
133613,17,572,347,4
133629,17,539,309,4
133646,17,522,312,4
133663,17,529,264,0
133679,17,521,298,4
133696,17,521,292,4
133713,17,535,269,0
133729,17,524,273,0
133746,17,521,297,4
133762,17,523,287,0
133796,33,516,282,0
133796,0,516,282,0
133812,17,524,308,4
133829,17,525,309,4
133846,17,522,283,0
133862,17,526,282,0
133879,17,522,295,4
133896,17,495,333,4
133912,17,486,335,4
133929,17,498,353,4
133945,17,496,356,4
133962,17,490,349,4
133979,17,494,339,4
133995,17,489,331,4
134012,17,491,324,4
134029,17,493,317,4
134045,17,490,359,4
134062,17,497,368,2
134078,17,492,364,4
134095,17,505,372,2
134112,17,503,363,4
134128,17,489,359,4
134145,17,488,372,2
134162,17,490,367,2
134178,17,480,359,4
134195,17,487,388,2
134212,17,496,385,2
134228,17,507,468,3
134245,17,524,498,3
134261,17,521,479,3
134278,17,523,479,3
134295,17,513,471,3
134311,17,521,489,3
134328,17,529,473,3
134345,17,521,476,3
134361,17,515,500,3
134378,17,522,468,3
134395,17,512,473,3
134411,17,526,463,3
134428,17,512,454,3
134444,17,520,453,3
134461,17,520,466,3
134478,17,517,446,3
134494,17,526,447,3
134511,17,520,471,3
134528,17,513,469,3
134544,17,520,481,3
134561,17,518,465,3
134578,17,524,463,3
134594,17,520,510,3
134611,17,531,455,3
134627,17,522,448,3
134644,17,521,466,3
134661,17,516,461,3
134677,17,524,491,3
134694,17,525,462,3
134711,17,519,470,3
134727,17,524,472,3
134744,17,524,445,3
134761,17,521,491,3
134777,17,524,462,3
134794,17,521,484,3
134810,17,519,483,3
134827,17,531,458,3
134844,17,529,429,3
134860,17,522,442,3
134877,17,524,454,3
134894,17,530,444,3
134910,17,529,443,3
134927,17,520,424,3
134944,17,529,456,3
134960,17,530,414,2
134977,17,535,433,3
134993,17,531,423,3
135010,17,525,445,3
135027,17,525,417,5
135043,17,526,429,3
135060,17,566,465,3
135077,17,585,434,3
135093,17,585,442,3
135110,17,590,432,3
135127,17,593,442,3
135143,17,582,442,3
135160,17,591,425,3
135176,17,589,426,3
135193,17,583,449,3
135210,17,593,447,3
135226,17,590,444,3
135243,17,589,426,3
135260,17,589,460,3
135276,17,584,463,3
135293,17,584,456,3
135309,17,587,456,3
135326,17,555,435,3
135343,17,531,397,2
135359,17,538,412,2
135376,17,538,404,2
135393,17,535,418,5
135409,17,544,413,2
135426,17,542,434,3
135443,17,538,430,3
135459,17,540,421,5
135476,17,537,401,2
135492,17,540,412,2
135509,17,539,385,2
135526,17,541,445,3
135542,17,535,407,2
135559,17,535,394,2
135576,17,538,408,2
135592,17,538,382,2
135609,17,530,404,2
135626,17,539,402,2
135642,17,541,387,2
135659,17,542,413,2
135675,17,537,406,2
135692,17,535,410,2
135709,17,538,408,2
135725,17,538,411,2
135742,17,541,415,2
135759,17,540,408,2
135775,17,534,400,2
135792,17,541,375,2
135809,17,543,385,2
135825,17,546,402,2
135842,17,548,382,2
135858,17,550,406,2
135875,17,549,392,2
135892,17,551,401,2
135908,17,544,367,2
135925,17,540,414,2
135942,17,541,382,2
135958,17,548,369,2
135975,17,540,378,2
135992,17,541,379,2
136008,17,545,368,2
136025,17,543,401,2
136041,17,542,394,2
136058,17,539,370,2
136075,17,538,369,2
136091,17,541,389,2
136108,17,540,373,2
136125,17,546,377,2
136141,17,537,380,2
136158,17,537,396,2
136175,17,541,365,2
136191,17,537,357,4
136208,17,540,372,2
136224,17,538,378,2
136241,17,535,684,3
136374,133,616,823,0
136391,17,595,701,3
136407,17,560,611,3
136424,17,526,469,3
136441,17,534,397,2
136457,17,531,345,4
136474,17,527,289,4
136491,17,542,308,4
136507,17,532,241,1
136524,17,531,274,0
136540,17,532,328,4
136557,17,532,357,4
136574,17,528,385,2
136590,17,526,372,2
136607,17,525,390,2
136624,17,527,381,2
136640,17,525,419,5
136657,17,523,395,2
136674,17,524,410,2
136690,17,528,393,2
136707,17,527,408,2
136723,17,533,399,2
136740,17,532,384,2
136757,17,536,418,5
136773,17,511,376,2
136790,17,477,362,4
136807,17,489,361,4
136823,17,483,341,4
136840,17,481,359,4
136857,17,484,362,4
136873,17,475,351,4
136890,17,474,340,4
136906,17,483,349,4
136923,17,481,351,4
136940,17,479,359,4
136956,17,478,365,2
136973,17,476,355,4
136990,17,475,379,2
137006,17,475,350,4
137023,17,485,344,4
137040,17,522,357,4
137056,17,548,357,4
137073,17,546,356,4
137089,17,554,351,4
137106,17,553,348,4
137123,17,555,355,4
137139,17,541,354,4
137156,17,548,323,4
137173,17,553,341,4
137189,17,548,354,4
137206,17,550,332,4
137223,17,549,341,4
137239,17,549,371,2
137256,17,569,417,5
137272,17,578,431,3
137289,17,582,428,3
137306,17,577,440,3
137322,17,582,430,3
137339,17,576,419,3
137356,17,579,420,3
137372,17,579,424,3
137389,17,581,437,3
137406,17,568,433,3
137422,17,527,460,3
137439,17,525,476,3
137455,17,530,490,3
137472,17,531,486,3
137489,17,540,468,3
137505,17,534,477,3
137522,17,533,456,3
137539,17,532,470,3
137555,17,529,473,3
137572,17,528,460,3
137588,17,517,468,3
137605,17,539,481,3
137622,17,530,456,3
137638,17,534,469,3
137655,17,537,464,3
137672,17,529,462,3
137688,17,528,482,3
137705,17,526,462,3
137722,17,532,484,3
137738,17,506,459,3
137755,17,513,429,3
137771,17,512,440,3
137788,17,514,443,3
137805,17,502,428,3
137821,17,510,453,3
137838,17,512,436,3
137855,17,506,452,3
137871,17,505,445,3
137888,17,500,433,3
137905,17,517,429,3
137921,17,515,438,3
137938,17,508,445,3
137954,17,504,462,3
137971,17,510,441,3
137988,17,506,459,3
138004,17,512,446,3
138021,17,513,453,3
138038,17,513,455,3
138054,17,514,403,2
138071,17,497,833,0
138171,100,621,874,0
138187,17,500,626,3
138204,17,520,504,3
138221,17,530,415,2
138237,17,532,354,4
138254,17,537,252,1
138271,17,539,272,0
138287,17,534,272,0
138304,17,534,353,4
138320,17,532,377,2
138337,17,528,387,2
138354,17,524,416,2
138370,17,498,365,2
138387,17,499,338,4
138404,17,494,337,4
138420,17,498,348,4
138437,17,491,341,4
138454,17,475,334,4
138470,17,490,332,4
138487,17,482,342,4
138503,17,480,337,4
138520,17,483,342,4
138537,17,481,327,4
138553,17,498,325,4
138570,17,488,343,4
138587,17,491,343,4
138603,17,500,323,4
138620,17,487,336,4
138636,17,485,337,4
138653,17,491,330,4
138670,17,494,313,4
138686,17,492,325,4
138703,17,485,307,4
138720,17,493,336,4
138736,17,491,368,2
138753,17,493,355,4
138770,17,486,364,4
138786,17,501,360,4
138803,17,500,351,4
138819,17,497,335,4
138836,17,488,342,4
138853,17,491,355,4
138869,17,489,335,4
138886,17,494,344,4
138903,17,485,340,4
138919,17,498,364,4
138936,17,495,368,2
138953,17,501,356,4
138969,17,513,378,2
138986,17,504,384,2
139002,17,509,382,2
139019,17,508,379,2
139036,17,501,361,4
139052,17,499,354,4
139069,17,503,350,4
139086,17,507,368,2
139102,17,509,374,2
139119,17,502,381,2
139136,17,505,370,2
139152,17,506,387,2
139169,17,507,366,2
139185,17,504,398,2
139202,17,509,395,2
139219,17,511,370,2
139235,17,519,374,2
139252,17,502,400,2
139269,17,508,375,2
139285,17,495,401,2
139302,17,508,406,2
139319,17,504,399,2
139335,17,505,405,2
139352,17,508,426,3
139368,17,509,407,2
139385,17,510,406,2
139402,17,506,417,5
139418,17,522,415,2
139435,17,512,428,3
139452,17,511,404,2
139468,17,514,405,2
139485,17,515,372,2
139502,17,509,404,2
139518,17,511,412,2
139535,17,518,401,2
139551,17,509,408,2
139568,17,512,414,2
139585,17,514,412,2
139601,17,513,387,2
139618,17,514,397,2
139635,17,511,398,2
139651,17,515,393,2
139668,17,539,377,2
139685,17,538,369,2
139701,17,528,369,2
139718,17,535,367,2
139734,17,530,374,2
139751,17,538,403,2
139768,17,533,373,2
139784,17,532,358,4
139801,17,537,375,2
139818,17,540,373,2
139834,17,532,394,2
139851,17,539,390,2
139867,17,538,375,2
139884,17,535,377,2
139901,17,533,389,2
139917,17,547,359,4
139934,17,539,353,4
139951,17,533,365,2
139967,17,537,379,2
139984,17,542,402,2
140001,17,537,376,2
140017,17,537,362,4
140034,17,534,375,2
140050,17,537,391,2
140067,17,541,361,4
140084,17,542,376,2
140100,17,546,381,2
140117,17,538,360,4
140134,17,538,358,4
140150,17,536,356,4
140167,17,555,349,4
140184,17,546,372,2
140200,17,545,370,2
140217,17,552,376,2
140233,17,551,356,4
140250,17,553,368,2
140267,17,547,338,4
140283,17,551,366,2
140300,17,547,365,2
140317,17,550,374,2
140333,17,548,349,4
140350,17,548,342,4
140367,17,553,330,4
140383,17,553,355,4
140400,17,548,346,4
140416,17,546,340,4
140433,17,549,363,4
140450,17,545,352,4
140466,17,549,356,4
140483,17,553,358,4
140500,17,551,357,4
140516,17,549,348,4
140533,17,553,353,4
140550,17,548,367,2
140566,17,551,326,4
140583,17,546,350,4
140599,17,549,360,4
140616,17,546,372,2
140633,17,547,345,4
140649,17,543,355,4
140666,17,545,339,4
140683,17,548,347,4
140699,17,553,322,4
140716,17,546,354,4
140733,17,518,328,4
140749,17,503,347,4
140766,17,498,348,4
140782,17,502,343,4
140799,17,501,336,4
140816,17,506,348,4
140832,17,507,360,4
140849,17,499,351,4
140866,17,503,363,4
140882,17,498,354,4
140899,17,496,364,4
140916,17,501,352,4
140932,17,504,454,3
141098,166,510,549,3
141115,17,551,659,3
141132,17,516,285,0
141148,17,533,233,1
141165,17,515,229,1
141182,17,523,214,1
141198,17,526,327,4
141215,17,523,327,4
141232,17,526,352,4
141248,17,527,352,4
141265,17,522,352,4
141281,17,520,330,4
141298,17,516,365,2
141315,17,518,367,2
141331,17,517,327,4
141348,17,522,326,4
141365,17,517,366,2
141381,17,522,337,4
141398,17,568,368,2
141415,17,566,353,4
141431,17,568,367,2
141448,17,567,367,2
141464,17,565,359,4
141481,17,566,379,2
141498,17,565,367,2
141514,17,568,370,2
141531,17,574,380,2
141548,17,575,340,4
141564,17,569,360,4
141581,17,566,385,2
141598,17,567,365,2
141614,17,573,365,2
141631,17,576,362,4
141647,17,570,338,4
141664,17,567,360,4
141681,17,571,352,4
141697,17,577,357,4
141714,17,574,309,4
141731,17,562,328,4
141747,17,560,343,4
141764,17,576,341,4
141781,17,574,343,4
141797,17,577,306,4
141814,17,565,324,4
141830,17,570,340,4
141847,17,576,351,4
141864,17,578,335,4
141880,17,577,351,4
141897,17,576,337,4
141914,17,559,321,4
141930,17,536,303,4
141947,17,543,325,4
141964,17,541,305,4
141980,17,527,309,4
141997,17,526,333,4
142013,17,536,338,4
142030,17,532,313,4
142047,17,535,321,4
142063,17,529,322,4
142080,17,530,311,4
142097,17,531,337,4
142113,17,532,334,4
142130,17,527,329,4
142146,17,540,333,4
142163,17,530,324,4
142180,17,526,332,4
142196,17,531,316,4
142213,17,522,324,4
142230,17,529,327,4
142246,17,536,350,4
142263,17,530,314,4
142280,17,526,323,4
142296,17,523,360,4
142313,17,517,345,4
142329,17,525,337,4
142346,17,522,360,4
142363,17,520,361,4
142379,17,517,339,4
142396,17,516,352,4
142413,17,528,347,4
142429,17,515,373,2
142446,17,514,361,4
142463,17,519,359,4
142479,17,521,343,4
142496,17,521,335,4
142512,17,521,380,2
142529,17,514,359,4
142546,17,518,343,4
142562,17,521,362,4
142579,17,528,360,4
142596,17,521,338,4
142612,17,532,367,2
142629,17,549,403,2
142646,17,546,351,4
142662,17,543,379,2
142679,17,548,377,2
142695,17,545,363,4
142712,17,544,373,2
142729,17,546,381,2
142745,17,545,392,2
142762,17,551,366,2
142779,17,534,369,2
142795,17,546,384,2
142812,17,550,358,4
142829,17,544,381,2
142845,17,543,393,2
142862,17,543,367,2
142878,17,494,389,2
142895,17,493,386,2
142912,17,498,389,2
142928,17,503,393,2
142945,17,503,368,2
142962,17,502,384,2
142978,17,504,372,2
142995,17,498,385,2
143012,17,496,378,2
143028,17,498,392,2
143045,17,496,381,2
143061,17,504,383,2
143078,17,503,405,2
143095,17,502,404,2
143111,17,523,414,2
143128,17,524,445,3
143145,17,524,446,3
143161,17,528,442,3
143178,17,529,438,3
143195,17,534,460,3
143211,17,530,444,3
143228,17,521,449,3
143244,17,520,439,3
143261,17,529,433,3
143278,17,527,414,2
143294,17,526,442,3
143311,17,526,436,3
143328,17,530,428,3
143344,17,525,430,3
143361,17,526,446,3
143377,17,528,429,3
143394,17,526,422,3
143411,17,527,421,5
143427,17,526,444,3
143444,17,521,437,3
143461,17,532,418,5
143477,17,520,424,3
143494,17,523,431,3
143511,17,522,450,3
143527,17,524,433,3
143544,17,522,425,3
143560,17,526,437,3
143577,17,523,461,3
143594,17,525,431,3
143610,17,528,434,3
143627,17,529,419,5
143644,17,526,409,2
143660,17,526,456,3
143677,17,524,434,3
143694,17,527,416,2
143710,17,532,426,3
143743,33,553,416,2
143760,17,554,394,2
143777,17,548,399,2
143793,17,552,406,2
143810,17,554,390,2
143827,17,551,420,5
143843,17,555,397,2
143860,17,552,401,2
143877,17,550,399,2
143893,17,554,395,2
143910,17,546,402,2
143926,17,555,411,2
143943,17,551,405,2
143960,17,553,394,2
143976,17,551,405,2
143993,17,554,419,5
144010,17,556,360,4
144026,17,553,426,3
144043,17,549,418,5
144060,17,547,387,2
144076,17,550,394,2
144093,17,549,445,3
144109,17,547,415,2
144126,17,544,416,2
144143,17,546,406,2
144159,17,553,401,2
144176,17,561,409,2
144193,17,542,405,2
144209,17,549,416,2
144226,17,552,411,2
144243,17,552,400,2
144259,17,549,409,2
144276,17,549,389,2
144292,17,552,408,2
144309,17,553,412,2
144326,17,548,418,5
144342,17,548,390,2
144359,17,549,411,2
144376,17,546,386,2
144392,17,545,397,2
144409,17,554,396,2
144425,17,556,383,2
144442,17,546,412,2
144459,17,546,417,5
144475,17,543,387,2
144492,17,550,383,2
144509,17,554,394,2
144525,17,513,365,2
144542,17,486,352,4
144559,17,490,351,4
144575,17,490,363,4
144592,17,498,359,4
144608,17,491,330,4
144625,17,496,350,4
144642,17,508,349,4
144658,17,506,348,4
144675,17,500,349,4
144692,17,490,358,4
144708,17,493,366,2
144725,17,489,342,4
144742,17,495,346,4
144758,17,508,339,4
144775,17,502,341,4
144791,17,502,328,4
144808,17,498,355,4
144825,17,491,338,4
144841,17,510,335,4
144858,17,518,352,4
144875,17,530,313,4
144891,17,532,374,2
144908,17,531,367,2
144925,17,538,365,2
144941,17,536,340,4
144958,17,533,336,4
144974,17,529,368,2
144991,17,532,348,4
145008,17,538,347,4
145024,17,542,351,4
145041,17,531,362,4
145058,17,538,353,4
145074,17,555,390,2
145091,17,559,364,4
145108,17,557,384,2
145124,17,569,371,2
145141,17,557,385,2
145157,17,561,367,2
145174,17,561,349,4
145191,17,560,396,2
145207,17,561,383,2
145224,17,560,374,2
145241,17,562,374,2
145257,17,554,383,2
145274,17,563,371,2
145291,17,561,366,2
145307,17,557,360,4
145324,17,560,364,4
145340,17,559,369,2
145357,17,557,364,4
145374,17,560,367,2
145390,17,557,346,4
145407,17,549,386,2
145424,17,552,359,4
145440,17,552,358,4
145457,17,555,380,2
145474,17,558,351,4
145490,17,558,371,2
145507,17,556,389,2
145523,17,559,347,4
145540,17,558,368,2
145557,17,574,381,2
145573,17,577,377,2
145590,17,578,395,2
145607,17,574,376,2
145623,17,576,376,2
145640,17,579,384,2
145656,17,576,360,4
145673,17,572,396,2
145690,17,578,386,2
145706,17,584,405,2
145723,17,581,393,2
145740,17,579,377,2
145756,17,578,394,2
145773,17,568,392,2
145790,17,575,377,2
145806,17,581,375,2
145823,17,583,383,2
145839,17,574,401,2
145856,17,565,376,2
145873,17,569,415,2
145889,17,584,387,2
145906,17,583,380,2
145923,17,577,398,2
145939,17,549,419,5
145956,17,549,386,2
145973,17,537,400,2
145989,17,539,411,2
146006,17,546,398,2
146022,17,548,410,2
146039,17,534,426,3
146056,17,546,406,2
146072,17,543,387,2
146089,17,543,394,2
146106,17,542,395,2
146122,17,542,415,2
146139,17,541,415,2
146156,17,540,402,2
146172,17,539,414,2
146189,17,543,398,2
146205,17,536,409,2
146222,17,542,405,2
146239,17,540,382,2
146255,17,536,389,2
146272,17,534,404,2
146289,17,506,420,5
146305,17,516,456,3
146322,17,512,449,3
146339,17,512,430,3
146355,17,504,442,3
146372,17,509,472,3
146388,17,509,437,3
146405,17,517,436,3
146422,17,511,440,3
146438,17,517,423,3
146455,17,510,444,3
146472,17,492,431,3
146488,17,504,436,3
146505,17,505,452,3
146522,17,425,456,3
146538,17,349,426,3
146555,17,278,450,3
146571,17,244,404,2
146588,17,210,410,2
146605,17,209,411,2
146621,17,214,397,2
146638,17,215,408,2
146655,17,223,425,3
146671,17,227,412,2
146688,17,227,436,3
146704,17,218,414,2
146721,17,223,408,2
146738,17,229,412,2
146754,17,223,412,2
146771,17,216,424,3
146788,17,355,217,1
146804,17,221,421,3
146821,17,215,439,3
146838,17,203,434,3
146854,17,332,212,1
146871,17,209,406,2
146887,17,216,400,2
146904,17,359,190,1
146921,17,199,425,3
146937,17,205,409,2
146954,17,241,406,2
146971,17,215,416,2
146987,17,247,398,2
147004,17,219,406,2
147021,17,375,189,1
147037,17,209,413,2
147054,17,196,407,2
147070,17,205,421,3
147087,17,230,409,2
147104,17,202,397,2
147120,17,204,403,2
147137,17,211,400,2
147154,17,215,389,2
147170,17,205,405,2
147187,17,201,423,3
147204,17,204,412,2
147220,17,206,423,3
147237,17,235,401,2
147253,17,239,412,2
147270,17,213,412,2
147287,17,210,418,3
147303,17,203,416,2
147320,17,226,420,3
147337,17,254,402,2
147353,17,256,382,2
147370,17,285,393,2
147387,17,258,422,3
147403,17,261,404,2
147420,17,258,403,2
147436,17,255,399,2
147453,17,256,401,2
147470,17,252,403,2
147486,17,254,409,2
147503,17,252,432,3
147520,17,258,421,3
147536,17,288,411,2
147553,17,402,396,2
147570,17,497,389,2
147586,17,517,381,2
147603,17,518,386,2
147619,17,525,372,2
147636,17,523,376,2
147653,17,524,403,2
147669,17,533,362,4
147686,17,531,409,2
147703,17,524,401,2
147719,17,528,419,5
147736,17,529,383,2
147753,17,528,398,2
147769,17,528,398,2
147786,17,530,358,4
147802,17,530,409,2
147819,17,529,386,2
147836,17,532,387,2
147852,17,534,395,2
147869,17,531,382,2
147886,17,534,391,2
147902,17,528,377,2
147919,17,538,370,2
147935,17,526,392,2
147952,17,532,390,2
147969,17,534,380,2
147985,17,532,359,4
148002,17,532,373,2
148019,17,539,379,2
148035,17,544,377,2
148052,17,534,392,2
148069,17,535,389,2
148085,17,532,406,2
148102,17,537,376,2
148118,17,535,379,2
148135,17,532,392,2
148152,17,541,388,2
148168,17,541,409,2
148185,17,538,374,2
148202,17,539,391,2
148218,17,535,403,2
148235,17,531,411,2
148252,17,534,387,2
148268,17,535,390,2
148285,17,534,381,2
148301,17,529,377,2
148318,17,533,373,2
148335,17,535,393,2
148351,17,522,389,2
148368,17,523,400,2
148385,17,531,383,2
148401,17,526,390,2
148418,17,529,390,2
148435,17,529,376,2
148451,17,527,404,2
148468,17,530,373,2
148484,17,523,402,2
148501,17,527,397,2
148518,17,531,371,2
148534,17,537,395,2
148551,17,525,388,2
148568,17,529,394,2
148584,17,526,415,2
148601,17,522,402,2
148618,17,526,398,2
148634,17,530,396,2
148651,17,532,370,2
148667,17,528,398,2
148684,17,524,405,2
148701,17,527,393,2
148717,17,530,398,2
148734,17,532,377,2
148751,17,533,405,2
148767,17,531,397,2
148784,17,539,372,2
148801,17,510,427,3
148817,17,469,455,3
148834,17,424,413,2
148850,17,399,458,3
148867,17,413,428,3
148884,17,390,390,2
148900,17,400,386,2
148917,17,411,387,2
148934,17,421,431,3
148950,17,407,470,3
148967,17,389,456,3
148983,17,393,436,3
149000,17,408,459,3
149017,17,418,471,3
149033,17,412,520,3
149050,17,425,479,3
149067,17,391,514,3
149083,17,377,473,3
149100,17,400,453,3
149117,17,391,495,3
149133,17,390,456,3
149150,17,388,478,3
149166,17,376,515,3
149183,17,392,474,3
149200,17,380,478,3
149216,17,369,506,3
149233,17,390,506,3
149250,17,385,523,3
149266,17,392,521,3
149283,17,390,506,3
149300,17,382,519,3
149316,17,396,526,3
149333,17,387,503,3
149349,17,368,529,3
149366,17,369,515,3
149383,17,383,504,3
149399,17,370,465,3
149416,17,372,523,3
149433,17,377,449,3
149449,17,451,575,3
149466,17,468,596,3
149483,17,469,595,3
149499,17,468,590,3
149516,17,486,568,3
149532,17,490,596,3
149549,17,473,614,3
149566,17,483,594,3
149582,17,477,590,3
149599,17,470,597,3
149616,17,509,668,3
149632,17,517,633,3
149649,17,505,642,3
149666,17,526,604,3
149682,17,510,625,3
149699,17,518,607,3
149715,17,506,609,3
149732,17,521,610,3
149749,17,513,577,3
149765,17,519,628,3
149782,17,525,594,3
149799,17,520,609,3
149815,17,516,610,3
149832,17,520,578,3
149849,17,526,605,3
149865,17,527,595,3
149882,17,529,608,3
149898,17,533,598,3
149915,17,537,597,3
149932,17,531,556,3
149948,17,530,619,3
149982,33,527,578,3
149982,0,527,578,3
149998,17,505,519,3
150015,17,486,343,4
150032,17,467,433,3
150048,17,486,293,4
150065,17,470,295,4
150081,17,467,393,2
150098,17,457,383,2
150115,17,490,399,2
150131,17,480,349,4
150148,17,460,697,3
150298,150,481,584,3
150314,17,472,441,3
150331,17,472,319,4
150348,17,478,295,4
150364,17,491,333,4
150381,17,490,375,2
150397,17,489,356,4
150414,17,483,360,4
150431,17,484,361,4
150447,17,478,350,4
150464,17,488,369,2
150481,17,494,360,4
150497,17,495,375,2
150514,17,486,393,2
150531,17,492,374,2
150547,17,485,388,2
150564,17,480,392,2
150580,17,489,389,2
150597,17,503,360,4
150614,17,482,395,2
150630,17,478,400,2
150647,17,485,395,2
150664,17,493,372,2
150680,17,492,381,2
150697,17,493,393,2
150714,17,497,375,2
150730,17,487,381,2
150747,17,496,374,2
150763,17,491,373,2
150780,17,491,388,2
150797,17,504,338,4
150813,17,496,351,4
150830,17,487,399,2
150847,17,484,385,2
150863,17,495,364,4
150880,17,468,433,3
150897,17,503,336,4
150913,17,487,397,2
150930,17,497,373,2
150946,17,514,351,4
150963,17,486,406,2
150980,17,491,387,2
150996,17,496,381,2
151013,17,492,391,2
151030,17,496,371,2
151046,17,490,388,2
151063,17,496,382,2
151080,17,482,396,2
151096,17,492,391,2
151113,17,502,360,4
151129,17,482,401,2
151146,17,487,372,2
151163,17,490,394,2
151179,17,493,380,2
151196,17,500,353,4
151213,17,499,352,4
151229,17,511,344,4
151246,17,496,373,2
151262,17,494,382,2
151279,17,486,395,2
151296,17,497,378,2
151312,17,489,388,2
151329,17,503,402,2
151346,17,514,355,4
151362,17,482,399,2
151379,17,494,348,4
151396,17,489,388,2
151412,17,479,444,3
151429,17,487,411,2
151445,17,481,418,3
151462,17,493,428,3
151479,17,477,414,2
151495,17,468,468,3
151512,17,471,438,3
151529,17,483,412,2
151545,17,488,411,2
151562,17,478,447,3
151579,17,551,364,4
151595,17,507,436,3
151612,17,505,428,3
151628,17,506,458,3
151645,17,502,471,3
151662,17,510,452,3
151678,17,509,423,3
151695,17,506,486,3
151712,17,513,432,3
151728,17,539,367,2
151745,17,509,427,3
151762,17,506,460,3
151778,17,517,430,3
151795,17,520,429,3
151811,17,516,447,3
151828,17,512,458,3
151845,17,520,411,2
151861,17,508,462,3
151878,17,512,447,3
151895,17,540,358,4
151911,17,507,473,3
151928,17,523,428,3
151945,17,527,439,3
151961,17,556,367,2
151978,17,520,455,3
151994,17,532,411,2
152011,17,526,458,3
152028,17,537,388,2
152044,17,519,461,3
152061,17,522,414,2
152078,17,549,404,2
152094,17,499,479,3
152111,17,528,433,3
152128,17,521,433,3
152144,17,527,439,3
152161,17,529,445,3
152177,17,521,457,3
152194,17,522,428,3
152211,17,512,402,2
152227,17,500,411,2
152244,17,495,421,5
152261,17,499,420,5
152277,17,505,433,3
152294,17,505,432,3
152311,17,510,413,2
152327,17,517,394,2
152344,17,507,416,2
152360,17,505,399,2
152377,17,494,429,3
152394,17,506,408,2
152410,17,503,396,2
152427,17,507,428,3
152444,17,506,415,2
152460,17,500,429,3
152477,17,503,445,3
152493,17,511,388,2
152510,17,493,451,3
152527,17,505,426,3
152543,17,510,371,2
152560,17,496,443,3
152577,17,510,408,2
152593,17,497,411,2
152610,17,516,396,2
152627,17,496,436,3
152643,17,514,384,2
152660,17,502,411,2
152676,17,508,389,2
152693,17,509,410,2
152710,17,510,386,2
152726,17,513,388,2
152743,17,497,424,3
152760,17,505,463,3
152776,17,506,423,3
152793,17,502,442,3
152810,17,509,399,2
152826,17,500,390,2
152843,17,497,364,4
152859,17,483,435,3
152876,17,484,424,3
152893,17,480,414,2
152909,17,480,416,2
152926,17,495,367,2
152943,17,499,360,4
152959,17,475,415,2
152976,17,471,407,2
152993,17,494,423,3
153009,17,474,396,2
153026,17,397,469,3
153042,17,390,546,3
153059,17,379,529,3
153076,17,377,537,3
153092,17,376,525,3
153109,17,379,513,3
153126,17,381,533,3
153142,17,368,517,3
153159,17,361,507,3
153176,17,373,514,3
153192,17,399,543,3
153209,17,492,521,3
153225,17,607,491,3
153242,17,671,504,3
153259,17,678,510,3
153275,17,664,494,3
153292,17,676,480,3
153309,17,684,490,3
153325,17,669,500,3
153342,17,686,483,3
153359,17,678,492,3
153375,17,686,481,3
153392,17,686,478,3
153408,17,670,485,3
153425,17,679,498,3
153442,17,689,486,3
153458,17,731,495,3
153475,17,731,493,3
153492,17,725,488,3
153508,17,730,518,3
153525,17,716,517,3
153542,17,738,480,3
153558,17,735,488,3
153575,17,734,500,3
153591,17,732,456,3
153608,17,728,509,3
153625,17,731,497,3
153641,17,738,461,3
153658,17,735,469,3
153675,17,726,501,3
153691,17,724,510,3
153708,17,728,499,3
153724,17,733,518,3
153741,17,730,517,3
153758,17,754,476,3
153774,17,766,443,3
153791,17,753,471,3
153808,17,750,461,3
153824,17,758,455,3
153841,17,757,472,3
153858,17,764,460,3
153874,17,759,449,3
153891,17,747,495,3
153907,17,738,483,3
153924,17,765,461,3
153941,17,756,458,3
153957,17,759,460,3
153974,17,755,470,3
153991,17,763,483,3
154007,17,739,434,3
154024,17,671,413,2
154041,17,592,398,2
154057,17,533,454,3
154074,17,530,445,3
154090,17,527,420,5
154107,17,545,424,3
154124,17,539,439,3
154140,17,529,408,2
154157,17,531,444,3
154174,17,540,439,3
154190,17,528,422,3
154207,17,531,423,3
154224,17,546,409,2
154240,17,506,424,3
154257,17,479,413,2
154273,17,485,404,2
154290,17,486,410,2
154307,17,495,379,2
154323,17,489,412,2
154340,17,485,439,3
154357,17,499,395,2
154373,17,492,374,2
154390,17,486,415,2
154407,17,488,383,2
154423,17,491,417,5
154440,17,485,413,2
154456,17,488,374,2
154473,17,409,461,3
154490,17,354,494,3
154506,17,378,508,3
154523,17,374,512,3
154540,17,365,502,3
154556,17,357,491,3
154573,17,374,492,3
154590,17,369,479,3
154606,17,368,515,3
154623,17,381,494,3
154639,17,380,492,3
154656,17,363,504,3
154673,17,366,491,3
154689,17,373,484,3
154706,17,371,491,3
154723,17,379,498,3
154739,17,380,493,3
154756,17,383,492,3
154772,17,375,511,3
154789,17,381,510,3
154806,17,388,496,3
154822,17,429,400,2
154839,17,479,273,0
154856,17,493,282,0
154872,17,486,302,4
154889,17,491,318,4
154906,17,485,315,4
154922,17,486,297,4
154939,17,483,309,4
154955,17,492,308,4
154972,17,491,314,4
154989,17,492,309,4
155005,17,494,305,4
155022,17,491,313,4
155039,17,493,298,4
155055,17,500,320,4
155072,17,483,352,4
155089,17,486,372,2
155105,17,464,397,2
155122,17,469,359,4
155138,17,473,351,4
155155,17,485,361,4
155172,17,487,356,4
155188,17,479,361,4
155205,17,467,401,2
155222,17,473,368,2
155238,17,470,359,4
155255,17,494,355,4
155272,17,413,438,3
155288,17,98,483,3
155305,17,308,393,2
155321,17,284,391,2
155338,17,250,412,2
155355,17,255,413,2
155371,17,258,396,2
155388,17,243,408,2
155405,17,282,361,0
155421,17,245,405,2
155438,17,250,413,2
155455,17,255,409,2
155471,17,278,402,2
155488,17,246,407,2
155504,17,253,412,2
155521,17,251,398,2
155538,17,257,405,2
155554,17,254,410,2
155571,17,435,187,1
155588,17,250,424,3
155604,17,242,429,3
155621,17,280,409,2
155638,17,388,463,3
155654,17,474,447,3
155671,17,486,452,3
155687,17,516,386,2
155704,17,496,447,3
155721,17,497,447,3
155737,17,498,459,3
155754,17,491,462,3
155771,17,500,429,3
155787,17,498,417,5
155804,17,498,453,3
155821,17,500,449,3
155837,17,477,498,3
155854,17,516,437,3
155870,17,491,447,3
155887,17,505,439,3
155904,17,509,426,3
155920,17,496,455,3
155937,17,497,455,3
155954,17,505,409,2
155970,17,499,441,3
155987,17,500,440,3
156003,17,495,439,3
156020,17,499,474,3
156037,17,494,473,3
156053,17,500,446,3
156070,17,494,436,3
156087,17,520,370,2
156103,17,505,427,3
156120,17,489,449,3
156137,17,493,452,3
156153,17,501,434,3
156170,17,491,461,3
156186,17,505,447,3
156203,17,501,448,3
156220,17,502,422,3
156236,17,488,442,3
156253,17,492,473,3
156270,17,495,439,3
156286,17,504,429,3
156303,17,503,412,2
156320,17,503,434,3
156336,17,497,447,3
156353,17,497,469,3
156369,17,493,450,3
156386,17,506,417,5
156403,17,503,459,3
156419,17,502,443,3
156436,17,496,464,3
156453,17,512,435,3
156469,17,504,412,2
156486,17,498,451,3
156503,17,525,367,2
156519,17,498,440,3
156536,17,495,465,3
156552,17,224,463,3
156569,17,485,448,3
156586,17,485,446,3
156602,17,499,489,3
156619,17,496,458,3
156636,17,488,470,3
156652,17,498,433,3
156669,17,501,440,3
156686,17,503,431,3
156702,17,493,449,3
156719,17,495,469,3
156735,17,493,464,3
156752,17,480,512,3
156769,17,485,488,3
156785,17,477,516,3
156802,17,481,488,3
156819,17,479,495,3
156835,17,480,490,3
156852,17,482,514,3
156869,17,475,517,3
156885,17,504,444,3
156902,17,492,478,3
156918,17,478,534,3
156935,17,477,488,3
156952,17,468,514,3
156968,17,482,473,3
156985,17,473,502,3
157002,17,462,515,3
157018,17,486,501,3
157035,17,478,518,3
157051,17,488,514,3
157068,17,491,453,3
157085,17,479,532,3
157101,17,479,497,3
157118,17,490,471,3
157135,17,500,494,3
157151,17,478,529,3
157168,17,486,509,3
157185,17,487,509,3
157201,17,485,486,3
157218,17,485,478,3
157234,17,484,464,3
157251,17,481,519,3
157268,17,475,505,3
157284,17,481,475,3
157301,17,477,486,3
157318,17,483,489,3
157334,17,478,515,3
157351,17,484,507,3
157368,17,466,492,3
157384,17,481,476,3
157401,17,474,510,3
157417,17,463,538,3
157434,17,437,605,3
157451,17,446,585,3
157467,17,447,605,3
157484,17,443,608,3
157501,17,440,608,3
157517,17,436,608,3
157534,17,442,606,3
157551,17,448,562,3
157567,17,451,589,3
157584,17,452,583,3
157600,17,441,573,3
157617,17,446,587,3
157634,17,452,601,3
157650,17,448,581,3
157667,17,457,575,3
157684,17,455,565,3
157700,17,455,596,3
157717,17,451,581,3
157734,17,448,589,3
157750,17,445,591,3
157767,17,446,588,3
157783,17,455,590,3
157800,17,453,582,3
157817,17,448,585,3
157833,17,453,616,3
157850,17,448,593,3
157867,17,448,602,3
157883,17,453,583,3
157900,17,451,607,3
157917,17,465,598,3
157933,17,451,593,3
157950,17,448,586,3
157966,17,454,587,3
157983,17,442,591,3
158000,17,447,583,3
158016,17,445,614,3
158033,17,447,586,3
158050,17,458,595,3
158066,17,454,578,3
158083,17,453,582,3
158100,17,455,573,3
158116,17,450,623,3
158133,17,455,594,3
158149,17,450,552,3
158166,17,447,574,3
158183,17,444,571,3
158199,17,448,566,3
158216,17,438,589,3
158233,17,451,574,3
158249,17,453,560,3
158266,17,463,536,3
158282,17,457,512,3
158299,17,439,861,0
158499,200,174,522,3
158515,17,849,514,3
158532,17,471,612,3
158549,17,470,594,3
158565,17,481,372,2
158582,17,467,452,3
158599,17,479,456,3
158615,17,482,470,3
158632,17,490,404,2
158648,17,488,388,2
158665,17,485,359,4
158682,17,491,370,2
158698,17,480,342,4
158715,17,486,394,2
158732,17,481,424,3
158748,17,485,383,2
158765,17,474,413,2
158782,17,480,480,3
158798,17,479,448,3
158815,17,467,477,3
158831,17,476,486,3
158848,17,476,491,3
158865,17,475,475,3
158881,17,484,504,3
158898,17,470,525,3
158915,17,475,467,3
158931,17,481,496,3
158948,17,488,505,3
158965,17,484,500,3
158981,17,479,502,3
158998,17,486,500,3
159014,17,487,497,3
159031,17,478,490,3
159048,17,486,508,3
159064,17,483,490,3
159081,17,483,485,3
159098,17,488,457,3
159114,17,478,513,3
159131,17,483,492,3
159148,17,483,489,3
159164,17,204,540,3
159181,17,474,503,3
159197,17,491,457,3
159214,17,480,511,3
159231,17,488,495,3
159247,17,483,497,3
159264,17,485,495,3
159281,17,494,478,3
159297,17,485,509,3
159314,17,483,490,3
159330,17,487,488,3
159347,17,482,513,3
159364,17,484,504,3
159380,17,482,502,3
159397,17,478,500,3
159414,17,476,514,3
159430,17,408,506,3
159447,17,351,462,3
159464,17,342,472,3
159480,17,333,466,3
159497,17,339,433,3
159513,17,332,452,3
159530,17,364,485,3
159547,17,344,469,3
159563,17,326,450,3
159580,17,350,459,3
159597,17,331,472,3
159613,17,333,463,3
159630,17,332,464,3
159647,17,372,451,3
159663,17,480,430,3
159680,17,512,428,3
159696,17,518,406,2
159713,17,516,410,2
159730,17,510,418,5
159746,17,515,420,5
159763,17,516,413,2
159780,17,516,418,5
159796,17,512,393,2
159813,17,511,400,2
159830,17,522,416,2
159846,17,516,393,2
159863,17,515,390,2
159879,17,515,414,2
159896,17,520,398,2
159913,17,519,418,5
159929,17,518,388,2
159946,17,513,416,2
159963,17,516,402,2
159979,17,517,396,2
159996,17,521,394,2
160013,17,512,388,2
160029,17,516,369,2
160046,17,520,393,2
160062,17,514,398,2
160079,17,525,388,2
160096,17,538,392,2
160112,17,539,406,2
160129,17,536,370,2
160146,17,537,382,2
160162,17,543,372,2
160179,17,543,374,2
160196,17,530,413,2
160212,17,536,384,2
160229,17,534,400,2
160245,17,537,374,2
160262,17,539,392,2
160279,17,534,395,2
160295,17,540,385,2
160312,17,539,390,2
160329,17,533,389,2
160345,17,535,390,2
160362,17,536,407,2
160379,17,534,379,2
160395,17,537,386,2
160412,17,537,379,2
160428,17,531,410,2
160445,17,536,374,2
160462,17,536,414,2
160478,17,532,402,2
160495,17,533,388,2
160512,17,535,382,2
160528,17,534,401,2
160545,17,534,391,2
160561,17,531,409,2
160578,17,534,394,2
160595,17,532,411,2
160611,17,534,398,2
160628,17,536,423,3
160645,17,530,377,2
160661,17,521,411,2
160678,17,480,477,3
160695,17,410,534,3
160711,17,366,567,3
160728,17,347,555,3
160744,17,346,566,3
160761,17,366,558,3
160778,17,352,545,3
160794,17,353,568,3
160811,17,342,567,3
160828,17,336,580,3
160844,17,338,559,3
160861,17,367,541,3
160878,17,369,546,3
160894,17,340,561,3
160911,17,347,569,3
160927,17,359,551,3
160944,17,427,434,3
160961,17,496,324,4
160977,17,498,383,2
160994,17,496,377,2
161011,17,504,381,2
161027,17,496,387,2
161044,17,495,404,2
161061,17,496,380,2
161077,17,497,391,2
161094,17,500,385,2
161110,17,505,381,2
161127,17,494,384,2
161144,17,496,401,2
161160,17,498,397,2
161177,17,497,404,2
161194,17,500,391,2
161210,17,496,381,2
161227,17,504,380,2
161244,17,500,357,4
161260,17,495,375,2
161277,17,443,322,4
161293,17,405,270,0
161310,17,396,232,1
161327,17,391,222,1
161343,17,393,245,1
161360,17,392,263,0
161377,17,389,265,0
161393,17,395,228,1
161410,17,399,266,0
161427,17,402,263,0
161443,17,405,234,1
161460,17,391,263,0
161476,17,393,230,1
161493,17,385,226,1
161510,17,385,248,1
161526,17,407,250,1
161543,17,178,295,0
161560,17,384,237,1
161576,17,382,249,1
161593,17,164,269,0
161610,17,390,233,1
161626,17,394,248,1
161643,17,180,252,0
161659,17,440,241,1
161676,17,431,222,1
161693,17,428,244,1
161709,17,433,243,1
161726,17,426,219,1
161743,17,425,206,1
161759,17,419,230,1
161776,17,424,227,1
161792,17,428,231,1
161892,100,509,854,0
161909,17,140,380,0
161926,17,429,388,2
161942,17,426,307,4
161959,17,444,287,0
161975,17,442,264,0
161992,17,450,311,4
162009,17,444,317,4
162025,17,448,311,4
162042,17,426,333,4
162059,17,438,314,4
162075,17,432,296,4
162092,17,425,306,4
162109,17,435,299,4
162125,17,424,343,4
162142,17,425,306,4
162158,17,436,312,4
162175,17,434,348,4
162192,17,432,308,4
162208,17,432,318,4
162225,17,428,306,4
162242,17,448,308,4
162258,17,442,312,4
162275,17,470,282,0
162292,17,487,299,4
162308,17,501,317,4
162325,17,494,318,4
162341,17,493,297,4
162358,17,494,318,4
162375,17,493,299,4
162391,17,507,304,4
162408,17,495,305,4
162425,17,494,292,4
162441,17,490,305,4
162458,17,495,305,4
162475,17,488,299,4
162491,17,498,309,4
162508,17,499,289,4
162524,17,501,306,4
162541,17,498,292,4
162558,17,560,268,0
162574,17,565,271,0
162591,17,566,276,0
162608,17,569,278,0
162624,17,573,285,0
162641,17,562,279,0
162658,17,574,269,0
162674,17,574,277,0
162691,17,569,290,4
162707,17,580,313,4
162724,17,572,281,0
162741,17,579,280,0
162757,17,574,277,0
162774,17,576,279,0
162791,17,573,279,0
162807,17,572,278,0
162824,17,569,285,0
162840,17,572,283,0
162857,17,576,260,0
162874,17,572,259,1
162890,17,577,282,0
162907,17,517,382,2
162924,17,511,389,2
162940,17,513,377,2
162957,17,506,379,2
162974,17,506,371,2
162990,17,514,380,2
163007,17,513,375,2
163023,17,515,354,4
163040,17,512,354,4
163057,17,498,375,2
163073,17,508,346,4
163090,17,491,391,2
163107,17,486,374,2
163123,17,479,349,4
163140,17,490,360,4
163157,17,485,378,2
163173,17,475,350,4
163190,17,491,371,2
163206,17,476,367,2
163223,17,490,356,4
163240,17,483,365,2
163256,17,481,350,4
163273,17,445,438,3
163290,17,379,517,3
163306,17,325,598,3
163323,17,329,593,3
163340,17,325,535,3
163356,17,350,528,3
163373,17,343,559,3
163389,17,326,585,3
163406,17,332,568,3
163423,17,323,579,3
163439,17,326,584,3
163456,17,326,569,3
163473,17,333,587,3
163489,17,338,591,3
163506,17,280,492,3
163523,17,263,425,3
163539,17,252,330,0
163556,17,256,346,0
163572,17,242,390,2
163589,17,227,410,2
163606,17,234,441,3
163622,17,217,414,2
163639,17,220,430,3
163656,17,228,407,2
163672,17,238,418,3
163689,17,301,416,2
163706,17,431,389,2
163722,17,506,415,2
163739,17,498,433,3
163755,17,507,422,3
163772,17,509,423,3
163789,17,505,426,3
163805,17,501,430,3
163822,17,509,401,2
163839,17,508,407,2
163855,17,508,416,2
163872,17,507,386,2
163889,17,504,419,5
163905,17,509,382,2
163922,17,510,431,3
163938,17,503,416,2
163955,17,511,402,2
163972,17,519,415,2
163988,17,514,418,5
164005,17,506,403,2
164022,17,512,414,2
164038,17,511,435,3
164055,17,511,414,2
164071,17,518,421,5
164088,17,509,422,3
164105,17,507,417,5
164121,17,512,436,3
164138,17,514,421,5
164155,17,507,418,5
164171,17,502,434,3
164188,17,511,382,2
164205,17,520,420,5
164221,17,534,415,2
164238,17,539,396,2
164254,17,537,393,2
164271,17,537,403,2
164288,17,539,368,2
164304,17,545,377,2
164321,17,539,415,2
164338,17,530,383,2
164354,17,539,390,2
164371,17,535,406,2
164388,17,530,400,2
164404,17,538,373,2
164421,17,541,400,2
164437,17,532,398,2
164454,17,528,394,2
164471,17,522,384,2
164487,17,523,422,3
164504,17,528,403,2
164521,17,528,408,2
164537,17,529,367,2
164554,17,532,401,2
164571,17,530,400,2
164587,17,532,389,2
164604,17,530,400,2
164620,17,527,394,2
164637,17,526,390,2
164654,17,524,410,2
164670,17,533,392,2
164687,17,527,375,2
164704,17,304,321,0
164720,17,524,393,2
164737,17,487,411,2
164754,17,490,387,2
164770,17,490,369,2
164787,17,487,371,2
164803,17,491,392,2
164820,17,484,383,2
164837,17,489,364,4
164853,17,489,377,2
164870,17,496,362,4
164887,17,483,362,4
164903,17,486,372,2
164920,17,488,369,2
164937,17,485,375,2
164953,17,482,400,2
164970,17,487,380,2
164986,17,494,384,2
165003,17,541,386,2
165020,17,583,394,2
165036,17,596,379,2
165053,17,588,367,2
165070,17,590,365,2
165086,17,585,374,2
165103,17,587,359,4
165119,17,589,394,2
165136,17,590,385,2
165153,17,587,380,2
165169,17,590,367,2
165186,17,585,375,2
165203,17,586,368,2
165219,17,579,382,2
165236,17,589,389,2
165253,17,588,382,2
165269,17,590,395,2
165286,17,593,373,2
165302,17,586,373,2
165319,17,591,393,2
165336,17,586,374,2
165352,17,589,412,2
165369,17,589,371,2
165386,17,583,385,2
165402,17,596,375,2
165419,17,655,404,2
165436,17,717,405,2
165452,17,716,411,2
165469,17,713,408,2
165485,17,728,354,0
165502,17,721,430,3
165519,17,713,428,3
165535,17,726,421,3
165552,17,717,410,2
165569,17,725,416,2
165585,17,732,388,2
165602,17,742,347,0
165619,17,718,423,3
165635,17,707,418,3
165652,17,729,401,2
165668,17,732,423,3
165685,17,727,417,2
165702,17,716,408,2
165718,17,725,407,2
165735,17,685,391,2
165752,17,615,407,2
165768,17,543,398,2
165785,17,494,397,2
165802,17,501,391,2
165818,17,497,410,2
165835,17,506,391,2
165851,17,502,417,5
165868,17,499,373,2
165885,17,508,385,2
165901,17,511,423,3
165918,17,504,371,2
165935,17,499,397,2
165951,17,507,372,2
165968,17,505,383,2
165985,17,493,407,2
166001,17,492,398,2
166018,17,481,399,2
166034,17,484,377,2
166051,17,490,410,2
166068,17,480,382,2
166084,17,471,393,2
166101,17,482,395,2
166118,17,483,392,2
166134,17,491,396,2
166151,17,485,382,2
166168,17,472,401,2
166184,17,489,380,2
166201,17,484,398,2
166217,17,486,378,2
166234,17,503,388,2
166251,17,517,393,2
166267,17,518,384,2
166284,17,520,379,2
166301,17,511,395,2
166317,17,510,386,2
166334,17,523,392,2
166350,17,523,363,4
166367,17,515,390,2
166384,17,521,381,2
166400,17,518,310,4
166417,17,513,278,0
166434,17,518,262,0
166450,17,526,254,1
166467,17,512,290,4
166484,17,520,261,0
166500,17,515,254,1
166517,17,226,152,0
166533,17,522,282,0
166550,17,510,315,4
166567,17,513,269,0
166583,17,516,281,0
166600,17,519,256,1
166617,17,527,265,0
166633,17,520,288,4
166650,17,520,282,0
166667,17,513,304,4
166683,17,524,277,0
166700,17,519,251,1
166716,17,520,244,1
166733,17,504,387,2
166750,17,474,707,3
166766,17,487,831,0
166783,17,478,635,3
166800,17,186,411,2
166816,17,489,441,3
166833,17,468,386,2
166850,17,476,354,4
166866,17,485,363,4
166883,17,495,407,2
166899,17,489,397,2
166916,17,479,384,2
166933,17,492,375,2
166949,17,489,392,2
166966,17,188,410,2
166983,17,462,385,2
166999,17,475,413,2
167016,17,476,383,2
167033,17,486,399,2
167049,17,474,458,3
167066,17,23,526,3
167166,100,572,890,0
167182,17,475,707,3
167199,17,696,194,1
167216,17,196,446,3
167232,17,454,530,3
167249,17,475,404,2
167265,17,468,378,2
167282,17,493,387,2
167299,17,486,378,2
167315,17,492,327,4
167332,17,476,358,4
167349,17,486,358,4
167365,17,483,378,2
167382,17,490,374,2
167398,17,491,437,3
167415,17,506,393,2
167432,17,494,403,2
167448,17,490,378,2
167465,17,499,385,2
167482,17,495,398,2
167498,17,476,354,4
167515,17,484,376,2
167532,17,482,422,3
167548,17,489,435,3
167565,17,495,393,2
167581,17,501,415,2
167598,17,512,417,5
167615,17,509,384,2
167631,17,513,347,4
167648,17,505,418,5
167665,17,508,397,2
167681,17,516,402,2
167698,17,512,373,2
167715,17,521,407,2
167731,17,507,409,2
167748,17,510,405,2
167764,17,520,389,2
167781,17,532,419,5
167798,17,530,401,2
167814,17,531,422,3
167831,17,521,418,5
167848,17,529,442,3
167864,17,519,427,3
167881,17,530,427,3
167898,17,520,425,3
167914,17,516,461,3
167931,17,527,428,3
167947,17,545,372,2
167964,17,544,393,2
167981,17,529,433,3
167997,17,538,407,2
168014,17,533,410,2
168031,17,544,408,2
168047,17,545,423,3
168064,17,551,376,2
168081,17,544,406,2
168097,17,544,410,2
168114,17,547,397,2
168130,17,540,392,2
168147,17,543,395,2
168164,17,559,380,2
168180,17,535,422,3
168197,17,560,382,2
168214,17,549,388,2
168230,17,557,397,2
168247,17,537,416,2
168264,17,556,393,2
168280,17,553,328,4
168297,17,554,380,2
168313,17,549,408,2
168330,17,528,390,2
168347,17,551,373,2
168363,17,543,384,2
168380,17,540,415,2
168397,17,538,385,2
168413,17,533,405,2
168430,17,545,350,4
168447,17,534,383,2
168463,17,533,392,2
168480,17,539,358,4
168496,17,532,404,2
168513,17,545,391,2
168530,17,540,377,2
168546,17,527,409,2
168563,17,531,354,4
168580,17,552,361,4
168596,17,537,379,2
168613,17,541,389,2
168629,17,533,392,2
168646,17,537,361,4
168663,17,539,386,2
168679,17,542,385,2
168696,17,543,363,4
168713,17,534,378,2
168729,17,539,393,2
168746,17,514,377,2
168763,17,505,378,2
168779,17,505,353,4
168796,17,518,372,2
168812,17,502,361,4
168829,17,507,383,2
168846,17,506,387,2
168862,17,503,394,2
168879,17,509,372,2
168896,17,514,375,2
168912,17,505,357,4
168929,17,517,383,2
168946,17,548,438,3
168962,17,535,463,3
168979,17,533,449,3
168995,17,523,499,3
169012,17,532,429,3
169029,17,542,427,3
169045,17,535,449,3
169062,17,528,475,3
169079,17,536,440,3
169095,17,546,451,3
169112,17,548,444,3
169129,17,529,492,3
169145,17,547,449,3
169162,17,548,477,3
169178,17,522,486,3
169195,17,543,473,3
169212,17,530,494,3
169228,17,531,494,3
169245,17,539,453,3
169262,17,527,500,3
169278,17,526,488,3
169295,17,536,455,3
169312,17,537,471,3
169328,17,540,439,3
169345,17,540,450,3
169361,17,532,492,3
169378,17,543,458,3
169395,17,551,413,2
169411,17,537,468,3
169428,17,549,430,3
169445,17,523,466,3
169461,17,526,466,3
169478,17,532,493,3
169495,17,530,455,3
169511,17,526,456,3
169528,17,516,467,3
169544,17,546,429,3
169561,17,539,463,3
169578,17,549,469,3
169594,17,537,475,3
169611,17,552,430,3
169628,17,540,470,3
169644,17,554,457,3
169661,17,555,432,3
169678,17,552,429,3
169694,17,536,493,3
169711,17,547,492,3
169727,17,540,454,3
169744,17,546,474,3
169761,17,551,443,3
169777,17,538,479,3
169794,17,537,476,3
169811,17,552,461,3
169827,17,545,462,3
169844,17,540,502,3
169860,17,543,473,3
169877,17,540,460,3
169894,17,557,414,2
169910,17,543,488,3
169927,17,525,457,3
169944,17,528,444,3
169960,17,516,428,3
169977,17,524,435,3
169994,17,534,364,4
170010,17,521,430,3
170027,17,532,419,5
170043,17,540,389,2
170060,17,531,405,2
170077,17,529,408,2
170093,17,517,444,3
170110,17,519,423,3
170127,17,529,396,2
170143,17,521,443,3
170160,17,530,410,2
170177,17,515,470,3
170193,17,515,464,3
170210,17,525,426,3
170226,17,528,429,3
170243,17,520,427,3
170260,17,513,440,3
170276,17,510,437,3
170293,17,527,448,3
170310,17,525,428,3
170326,17,516,401,2
170343,17,522,385,2
170360,17,514,387,2
170376,17,529,390,2
170393,17,521,409,2
170409,17,521,395,2
170426,17,495,434,3
170443,17,518,373,2
170459,17,518,377,2
170476,17,533,382,2
170493,17,481,344,4
170509,17,460,288,4
170526,17,460,316,4
170543,17,462,283,0
170559,17,459,269,0
170576,17,455,303,4
170592,17,454,263,0
170609,17,461,267,0
170626,17,460,251,1
170642,17,462,284,0
170659,17,474,299,4
170676,17,466,294,4
170692,17,472,257,1
170709,17,460,270,0
170726,17,466,275,0
170742,17,462,263,0
170759,17,464,260,0
170775,17,447,287,0
170792,17,459,296,4
170809,17,459,287,0
170825,17,456,304,4
170842,17,458,274,0
170859,17,458,256,1
170875,17,463,262,0
170892,17,453,263,0
170908,17,456,265,0
170925,17,462,239,1
170942,17,455,274,0
170958,17,460,244,1
170975,17,445,263,0
170992,17,454,272,0
171008,17,454,286,0
171025,17,446,276,0
171042,17,405,249,1
171058,17,397,273,0
171075,17,390,259,1
171091,17,406,242,1
171108,17,394,269,0
171125,17,411,270,0
171141,17,405,264,0
171158,17,402,244,1
171175,17,385,267,0
171191,17,398,281,0
171208,17,406,277,0
171225,17,392,242,1
171241,17,387,265,0
171258,17,381,264,0
171274,17,399,240,1
171291,17,387,260,0
171308,17,392,256,1
171324,17,398,275,0
171341,17,405,265,0
171358,17,402,275,0
171374,17,394,260,0
171391,17,376,314,0
171408,17,350,403,2
171424,17,334,388,2
171441,17,526,81,0
171457,17,353,396,2
171474,17,329,413,2
171491,17,342,400,2
171507,17,345,374,2
171524,17,353,429,3
171541,17,338,398,2
171557,17,334,381,2
171574,17,339,415,2
171591,17,325,442,3
171607,17,322,410,2
171624,17,335,415,2
171640,17,346,381,2
171657,17,326,378,2
171674,17,335,394,2
171690,17,337,395,2
171707,17,345,417,2
171724,17,366,382,2
171740,17,409,439,3
171757,17,492,462,3
171774,17,505,433,3
171790,17,519,406,2
171807,17,508,436,3
171823,17,516,414,2
171840,17,514,430,3
171857,17,535,373,2
171873,17,520,422,3
171890,17,508,470,3
171907,17,511,438,3
171923,17,509,454,3
171940,17,510,466,3
171957,17,514,433,3
171973,17,512,460,3
171990,17,518,449,3
172006,17,528,420,5
172023,17,516,456,3
172040,17,528,430,3
172056,17,517,452,3
172073,17,518,454,3
172090,17,537,405,2
172106,17,516,470,3
172123,17,526,405,2
172139,17,520,434,3
172156,17,524,445,3
172173,17,524,435,3
172189,17,527,416,2
172206,17,525,443,3
172223,17,503,458,3
172239,17,536,380,2
172256,17,512,452,3
172273,17,531,419,5
172289,17,518,444,3
172306,17,524,409,2
172322,17,525,440,3
172339,17,539,411,2
172356,17,534,408,2
172372,17,538,406,2
172389,17,533,428,3
172406,17,539,384,2
172422,17,533,377,2
172439,17,538,405,2
172456,17,541,401,2
172472,17,526,446,3
172489,17,527,422,3
172505,17,545,380,2
172522,17,547,384,2
172539,17,523,430,3
172555,17,532,450,3
172572,17,532,430,3
172589,17,540,416,2
172605,17,532,440,3
172622,17,536,414,2
172639,17,532,432,3
172655,17,530,420,5
172672,17,533,430,3
172688,17,531,412,2
172705,17,534,438,3
172722,17,527,416,2
172738,17,542,434,3
172755,17,530,413,2
172772,17,524,452,3
172788,17,517,418,5
172805,17,534,394,2
172822,17,528,412,2
172838,17,528,431,3
172855,17,523,464,3
172871,17,528,419,5
172888,17,530,403,2
172905,17,527,421,5
172921,17,528,434,3
172938,17,529,447,3
172955,17,567,434,3
172971,17,606,426,3
172988,17,646,396,2
173005,17,647,399,2
173021,17,651,380,2
173038,17,635,430,3
173054,17,641,420,3
173071,17,661,377,2
173088,17,636,420,3
173104,17,643,411,2
173121,17,669,375,2
173138,17,641,410,2
173154,17,668,371,2
173171,17,660,384,2
173187,17,639,434,3
173204,17,646,420,3
173221,17,643,418,3
173237,17,634,403,2
173254,17,650,437,3
173271,17,630,392,2
173287,17,590,380,2
173304,17,573,341,4
173321,17,578,353,4
173337,17,579,373,2
173354,17,582,370,2
173370,17,573,371,2
173387,17,585,369,2
173404,17,570,375,2
173420,17,565,373,2
173437,17,572,385,2
173454,17,565,380,2
173470,17,576,348,4
173487,17,548,414,2
173504,17,494,416,2
173520,17,490,419,5
173537,17,496,411,2
173553,17,502,452,3
173570,17,486,414,2
173587,17,493,424,3
173603,17,504,411,2
173620,17,501,397,2
173637,17,501,378,2
173653,17,500,226,1
173670,17,505,393,2
173687,17,507,421,5
173703,17,500,414,2
173720,17,495,426,3
173736,17,500,410,2
173753,17,505,411,2
173770,17,481,418,3
173786,17,477,420,3
173803,17,480,390,2
173820,17,472,395,2
173836,17,467,412,2
173853,17,476,409,2
173870,17,476,411,2
173886,17,498,359,4
173903,17,462,446,3
173919,17,471,422,3
173936,17,470,418,3
173953,17,472,427,3
173969,17,452,454,3
173986,17,472,412,2
174003,17,474,380,2
174019,17,479,432,3
174036,17,472,451,3
174053,17,485,384,2
174069,17,463,399,2
174086,17,480,388,2
174102,17,470,431,3
174119,17,479,387,2
174136,17,465,410,2
174152,17,474,473,3
174169,17,495,421,5
174186,17,510,423,3
174202,17,495,433,3
174219,17,484,208,1
174236,17,483,408,2
174252,17,483,450,3
174269,17,508,419,5
174285,17,498,415,2
174302,17,492,388,2
174319,17,503,388,2
174335,17,492,418,5
174352,17,494,433,3
174369,17,500,405,2
174385,17,498,440,3
174402,17,483,449,3
174418,17,498,388,2
174435,17,480,389,2
174452,17,497,360,4
174468,17,498,365,2
174485,17,497,350,4
174502,17,686,169,1
174518,17,490,391,2
174535,17,485,368,2
174552,17,490,366,2
174568,17,494,376,2
174585,17,491,370,2
174601,17,491,364,4
174618,17,491,382,2
174635,17,488,390,2
174651,17,490,402,2
174668,17,493,388,2
174685,17,503,368,2
174701,17,505,360,4
174718,17,490,361,4
174735,17,489,362,4
174751,17,503,374,2
174768,17,495,391,2
174784,17,489,385,2
174801,17,501,414,2
174818,17,490,397,2
174834,17,495,396,2
174851,17,497,382,2
174868,17,499,373,2
174884,17,499,398,2
174901,17,495,369,2
174918,17,493,392,2
174934,17,493,339,4
174951,17,491,399,2
174967,17,491,358,4
174984,17,501,398,2
175001,17,487,369,2
175017,17,495,379,2
175034,17,483,397,2
175051,17,499,373,2
175067,17,545,390,2
175084,17,598,382,2
175101,17,590,376,2
175117,17,606,399,2
175134,17,584,395,2
175150,17,583,381,2
175167,17,598,352,4
175184,17,599,389,2
175200,17,598,365,2
175217,17,596,379,2
175234,17,590,371,2
175250,17,590,390,2
175267,17,592,384,2
175284,17,592,350,4
175300,17,595,351,4
175317,17,595,347,4
175333,17,591,365,2
175350,17,592,379,2
175367,17,603,340,4
175383,17,605,346,4
175400,17,592,372,2
175417,17,600,350,4
175433,17,593,362,4
175450,17,598,373,2
175466,17,592,360,4
175483,17,607,323,4
175500,17,599,332,4
175516,17,596,339,4
175533,17,599,365,2
175550,17,589,388,2
175566,17,603,368,2
175583,17,607,368,2
175600,17,617,360,0
175616,17,616,353,0
175633,17,622,350,0
175649,17,613,365,2
175666,17,628,353,0
175683,17,624,329,0
175699,17,593,358,4
175716,17,609,363,4
175733,17,606,363,4
175749,17,621,331,0
175766,17,617,358,0
175783,17,600,358,4
175799,17,583,393,2
175816,17,531,396,2
175832,17,533,439,3
175849,17,529,412,2
175866,17,524,427,3
175882,17,546,393,2
175899,17,543,415,2
175916,17,535,439,3
175932,17,530,427,3
175949,17,552,379,2
175966,17,523,446,3
175982,17,547,440,3
175999,17,543,434,3
176015,17,543,427,3
176032,17,535,442,3
176049,17,532,446,3
176065,17,536,436,3
176082,17,545,404,2
176099,17,537,440,3
176115,17,542,426,3
176132,17,536,438,3
176149,17,534,417,5
176165,17,530,409,2
176182,17,562,410,2
176198,17,526,463,3
176215,17,517,423,3
176232,17,531,403,2
176248,17,525,419,5
176265,17,536,377,2
176282,17,528,408,2
176298,17,502,466,3
176315,17,523,392,2
176332,17,526,399,2
176348,17,534,360,4
176365,17,519,411,2
176398,33,526,388,2
176415,17,527,433,3
176431,17,522,405,2
176448,17,513,417,5
176465,17,518,422,3
176498,33,521,409,2
176498,0,521,409,2
176531,33,520,434,3
176531,0,520,434,3
176548,17,519,391,2
176564,17,516,423,3
176581,17,531,397,2
176598,17,523,414,2
176614,17,528,406,2
176631,17,518,394,2
176648,17,511,434,3
176664,17,514,418,5
176681,17,517,423,3
176697,17,526,426,3
176714,17,503,436,3
176731,17,510,431,3
176747,17,508,394,2
176764,17,521,413,2
176781,17,523,458,3
176797,17,511,422,3
176814,17,517,403,2
176831,17,525,419,5
176847,17,521,431,3
176864,17,505,452,3
176880,17,521,424,3
176897,17,529,401,2
176914,17,524,412,2
176930,17,519,413,2
176947,17,530,418,5
176964,17,522,401,2
176980,17,533,362,4
176997,17,528,358,4
177014,17,518,355,4
177030,17,513,384,2
177047,17,508,401,2
177063,17,518,399,2
177080,17,515,391,2
177097,17,513,381,2
177113,17,562,347,4
177130,17,647,283,0
177147,17,703,218,1
177163,17,706,237,1
177180,17,688,204,1
177197,17,702,219,1
177213,17,671,189,1
177230,17,698,208,1
177246,17,664,218,1
177263,17,692,228,1
177280,17,712,215,1
177296,17,721,226,1
177313,17,705,227,1
177330,17,709,185,1
177346,17,711,197,1
177363,17,698,215,1
177380,17,708,179,1
177396,17,693,242,1
177413,17,678,209,1
177429,17,702,235,1
177446,17,625,291,0
177463,17,576,323,4
177479,17,572,338,4
177496,17,571,323,4
177513,17,564,339,4
177529,17,564,340,4
177546,17,566,341,4
177563,17,565,314,4
177579,17,564,325,4
177596,17,559,308,4
177612,17,534,368,2
177629,17,500,390,2
177646,17,263,374,2
177662,17,491,391,2
177679,17,501,379,2
177696,17,480,389,2
177712,17,482,397,2
177729,17,478,414,2
177745,17,494,407,2
177762,17,488,389,2
177779,17,486,391,2
177795,17,496,377,2
177812,17,488,366,2
177829,17,506,485,3
177845,17,504,467,3
177862,17,506,506,3
177879,17,528,453,3
177895,17,522,407,2
177912,17,512,465,3
177928,17,512,466,3
177945,17,506,494,3
177962,17,525,434,3
177978,17,519,453,3
177995,17,521,421,5
178012,17,514,443,3
178028,17,509,470,3
178045,17,505,465,3
178062,17,516,455,3
178078,17,531,411,2
178095,17,526,452,3
178111,17,522,426,3
178128,17,519,436,3
178145,17,522,439,3
178161,17,516,438,3
178178,17,505,435,3
178195,17,517,454,3
178211,17,535,405,2
178228,17,539,404,2
178245,17,532,381,2
178261,17,531,373,2
178278,17,534,406,2
178294,17,521,387,2
178311,17,534,412,2
178328,17,544,382,2
178344,17,542,397,2
178361,17,537,409,2
178378,17,556,369,2
178394,17,534,416,2
178411,17,542,375,2
178428,17,551,369,2
178444,17,540,385,2
178461,17,532,419,5
178477,17,540,412,2
178494,17,540,393,2
178511,17,535,402,2
178527,17,534,405,2
178544,17,545,377,2
178561,17,545,428,3
178577,17,557,416,2
178594,17,367,197,1
178611,17,682,224,1
178627,17,716,223,1
178644,17,717,220,1
178660,17,664,215,1
178677,17,720,210,1
178694,17,513,31,0
178710,17,666,233,1
178727,17,875,231,0
178744,17,648,229,1
178760,17,702,208,1
178777,17,632,241,1
178794,17,717,241,1
178810,17,688,239,1
178827,17,700,245,1
178843,17,497,26,0
178860,17,661,215,1
178877,17,502,13,0
178893,17,721,221,1
178910,17,663,244,1
178927,17,630,232,1
178943,17,626,201,1
178960,17,620,219,1
178976,17,628,189,1
178993,17,614,199,1
179010,17,617,195,1
179026,17,622,192,1
179043,17,635,213,1
179060,17,611,250,1
179076,17,622,249,1
179093,17,618,197,1
179110,17,625,222,1
179126,17,559,287,0
179143,17,561,283,0
179159,17,561,278,0
179176,17,555,288,4
179193,17,558,261,0
179209,17,551,281,0
179226,17,568,293,4
179243,17,553,254,1
179259,17,559,306,4
179276,17,566,290,4
179293,17,564,253,1
179309,17,562,232,1
179326,17,558,279,0
179342,17,557,278,0
179359,17,561,281,0
179376,17,563,340,4
179392,17,565,278,0
179409,17,577,226,1
179426,17,585,221,1
179442,17,585,218,1
179459,17,585,238,1
179476,17,590,262,0
179492,17,373,149,1
179509,17,572,224,1
179525,17,590,213,1
179542,17,601,218,1
179559,17,592,205,1
179575,17,593,230,1
179592,17,591,203,1
179609,17,584,210,1
179625,17,584,212,1
179642,17,595,183,1
179659,17,589,202,1
179675,17,581,209,1
179692,17,587,213,1
179708,17,587,217,1
179725,17,589,214,1
179742,17,597,241,1
179758,17,583,257,1
179775,17,587,212,1
179792,17,558,242,1
179808,17,591,242,1
179825,17,566,282,0
179842,17,523,422,3
179858,17,534,423,3
179875,17,528,451,3
179891,17,524,444,3
179908,17,539,444,3
179925,17,525,438,3
179941,17,530,456,3
179958,17,519,444,3
179975,17,527,450,3
179991,17,535,442,3
180008,17,536,436,3
180024,17,527,422,3
180041,17,541,420,5
180058,17,535,426,3
180074,17,532,433,3
180091,17,544,435,3
180108,17,522,432,3
180124,17,544,408,2
180141,17,531,409,2
180158,17,549,394,2
180174,17,537,442,3
180191,17,551,338,4
180207,17,549,389,2
180224,17,553,363,4
180241,17,547,394,2
180257,17,556,397,2
180274,17,557,361,4
180291,17,547,398,2
180307,17,552,422,3
180324,17,546,387,2
180341,17,506,408,2
180357,17,543,383,2
180374,17,527,391,2
180390,17,522,383,2
180407,17,531,404,2
180424,17,521,377,2
180440,17,529,387,2
180457,17,539,304,4
180474,17,517,405,2
180490,17,527,413,2
180507,17,529,361,4
180524,17,529,423,3
180540,17,532,395,2
180557,17,515,428,3
180573,17,524,411,2
180590,17,516,436,3
180607,17,544,349,4
180623,17,495,448,3
180640,17,516,417,5
180657,17,521,445,3
180673,17,520,409,2
180690,17,533,385,2
180707,17,510,469,3
180723,17,517,403,2
180740,17,517,398,2
180756,17,545,391,2
180773,17,512,460,3
180790,17,530,392,2
180806,17,521,392,2
180823,17,530,411,2
180840,17,507,455,3
180856,17,527,388,2
180873,17,512,427,3
180890,17,509,379,2
180906,17,516,475,3
180923,17,552,468,3
180939,17,538,501,3
180956,17,534,502,3
180973,17,536,458,3
180989,17,532,481,3
181006,17,553,415,2
181023,17,532,500,3
181039,17,554,461,3
181056,17,548,452,3
181073,17,543,430,3
181089,17,554,459,3
181106,17,562,447,3
181122,17,544,488,3
181139,17,549,457,3
181156,17,559,469,3
181172,17,565,468,3
181189,17,582,449,3
181206,17,599,406,2
181222,17,605,433,3
181239,17,614,419,3
181255,17,600,466,3
181272,17,603,458,3
181289,17,598,448,3
181305,17,603,419,3
181322,17,612,390,2
181339,17,607,409,2
181355,17,612,416,2
181372,17,608,397,2
181389,17,601,414,2
181405,17,610,418,3
181422,17,611,388,2
181438,17,553,418,5
181455,17,519,388,2
181472,17,519,367,2
181488,17,521,352,4
181505,17,514,394,2
181522,17,530,367,2
181538,17,531,366,2
181555,17,521,361,4
181572,17,518,369,2
181588,17,517,339,4
181605,17,519,339,4
181621,17,514,387,2
181638,17,511,377,2
181655,17,504,394,2
181671,17,512,395,2
181688,17,520,360,4
181705,17,513,393,2
181721,17,512,390,2
181738,17,516,385,2
181755,17,512,393,2
181771,17,539,352,4
181788,17,512,487,3
181804,17,530,411,2
181821,17,549,430,3
181838,17,529,423,3
181854,17,536,420,5
181871,17,538,420,5
181888,17,544,381,2
181904,17,535,418,5
181921,17,529,477,3
181938,17,528,450,3
181954,17,550,426,3
181971,17,522,442,3
181987,17,528,438,3
182004,17,530,459,3
182021,17,540,428,3
182037,17,546,420,5
182054,17,535,430,3
182071,17,532,476,3
182087,17,537,427,3
182104,17,551,361,4
182121,17,535,465,3
182137,17,533,463,3
182154,17,546,468,3
182170,17,545,474,3
182187,17,549,429,3
182204,17,550,443,3
182220,17,559,422,3
182237,17,537,448,3
182254,17,545,447,3
182270,17,562,396,2
182287,17,532,405,2
182304,17,569,386,2
182320,17,545,457,3
182337,17,565,442,3
182353,17,615,407,2
182370,17,622,426,3
182387,17,621,407,2
182403,17,619,351,0
182420,17,617,446,3
182437,17,606,477,3
182453,17,596,454,3
182470,17,606,479,3
182486,17,606,445,3
182503,17,609,447,3
182520,17,617,439,3
182536,17,617,425,3
182553,17,615,418,3
182570,17,614,423,3
182586,17,598,452,3
182603,17,629,392,2
182620,17,608,426,3
182636,17,615,439,3
182653,17,633,402,2
182669,17,615,435,3
182686,17,612,425,3
182703,17,610,409,2
182719,17,606,475,3
182736,17,604,423,3
182753,17,604,458,3
182769,17,607,440,3
182786,17,614,429,3
182803,17,597,470,3
182819,17,559,515,3
182836,17,544,458,3
182852,17,547,495,3
182869,17,543,484,3
182886,17,549,475,3
182902,17,556,518,3
182919,17,552,509,3
182936,17,554,495,3
182952,17,535,523,3
182969,17,558,472,3
182986,17,549,482,3
183002,17,542,529,3
183019,17,533,487,3
183035,17,554,439,3
183052,17,565,458,3
183069,17,541,506,3
183085,17,532,512,3
183102,17,547,448,3
183119,17,525,377,2
183135,17,522,324,4
183152,17,514,281,0
183169,17,520,293,4
183185,17,520,290,4
183202,17,517,287,0
183218,17,523,316,4
183235,17,514,308,4
183252,17,521,270,0
183268,17,519,278,0
183285,17,509,292,4
183302,17,514,276,0
183318,17,517,311,4
183335,17,525,308,4
183352,17,519,295,4
183368,17,520,263,0
183385,17,516,274,0
183401,17,530,269,0
183418,17,521,293,4
183435,17,526,286,0
183451,17,528,313,4
183468,17,564,257,1
183485,17,588,229,1
183501,17,585,238,1
183518,17,600,201,1
183534,17,587,214,1
183551,17,578,241,1
183568,17,586,228,1
183584,17,571,224,1
183601,17,584,225,1
183618,17,580,203,1
183634,17,576,239,1
183651,17,583,202,1
183668,17,574,220,1
183684,17,587,250,1
183701,17,582,201,1
183717,17,573,218,1
183734,17,588,216,1
183751,17,597,188,1
183767,17,580,227,1
183784,17,573,208,1
183801,17,575,250,1
183817,17,601,226,1
183834,17,588,243,1
183851,17,550,328,4
183867,17,524,416,2
183884,17,533,375,2
183900,17,532,420,5
183917,17,536,420,5
183934,17,530,413,2
183950,17,519,460,3
183967,17,522,445,3
183984,17,540,426,3
184000,17,531,408,2
184017,17,536,404,2
184034,17,520,430,3
184050,17,524,450,3
184067,17,522,440,3
184083,17,535,398,2
184100,17,531,402,2
184117,17,530,446,3
184133,17,537,422,3
184150,17,535,426,3
184167,17,534,428,3
184183,17,531,445,3
184200,17,552,388,2
184217,17,537,421,5
184233,17,539,429,3
184250,17,531,409,2
184266,17,536,427,3
184283,17,548,399,2
184300,17,545,405,2
184316,17,529,409,2
184333,17,554,403,2
184350,17,550,411,2
184366,17,556,359,4
184383,17,545,412,2
184400,17,557,399,2
184416,17,554,401,2
184433,17,557,359,4
184449,17,560,393,2
184466,17,553,365,2
184483,17,558,376,2
184499,17,554,370,2
184516,17,544,414,2
184533,17,541,395,2
184549,17,540,399,2
184566,17,542,407,2
184583,17,542,404,2
184599,17,553,353,4
184616,17,558,352,4
184632,17,548,340,4
184649,17,538,383,2
184666,17,546,388,2
184682,17,547,368,2
184699,17,533,385,2
184716,17,537,407,2
184732,17,546,379,2
184749,17,546,402,2
184765,17,531,425,3
184782,17,545,402,2
184799,17,549,390,2
184815,17,528,389,2
184832,17,516,418,5
184849,17,491,365,2
184865,17,499,401,2
184882,17,458,449,3
184899,17,485,390,2
184915,17,486,409,2
184932,17,484,430,3
184948,17,477,418,3
184965,17,476,438,3
184982,17,489,444,3
184998,17,487,358,4
185015,17,468,482,3
185032,17,484,419,5
185048,17,481,411,2
185065,17,462,451,3
185082,17,498,355,4
185098,17,483,401,2
185115,17,494,385,2
185131,17,487,428,3
185148,17,486,398,2
185165,17,481,438,3
185181,17,489,435,3
185198,17,495,393,2
185215,17,488,428,3
185231,17,481,380,2
185248,17,494,366,2
185265,17,498,374,2
185281,17,484,408,2
185298,17,488,422,3
185314,17,487,378,2
185331,17,502,401,2
185348,17,547,393,2
185364,17,553,380,2
185381,17,561,358,4
185398,17,556,359,4
185414,17,564,324,4
185431,17,560,348,4
185448,17,553,386,2
185464,17,569,385,2
185481,17,565,352,4
185497,17,549,390,2
185514,17,560,391,2
185531,17,353,296,0
185547,17,548,383,2
185564,17,554,358,4
185581,17,549,399,2
185597,17,546,417,5
185614,17,562,335,4
185631,17,565,371,2
185647,17,559,366,2
185664,17,555,379,2
185680,17,560,386,2
185697,17,507,393,2
185714,17,505,393,2
185730,17,484,385,2
185747,17,492,391,2
185764,17,496,406,2
185780,17,490,374,2
185797,17,487,393,2
185813,17,496,410,2
185830,17,500,409,2
185847,17,497,381,2
185863,17,494,391,2
185880,17,488,406,2
185897,17,440,370,2
185913,17,402,306,0
185930,17,372,315,0
185947,17,383,311,0
185963,17,374,291,0
185980,17,385,302,0
185996,17,379,325,0
186013,17,387,339,0
186030,17,383,317,0
186046,17,379,313,0
186063,17,391,311,0
186080,17,393,325,0
186096,17,401,294,0
186113,17,413,292,0
186130,17,405,298,0
186146,17,391,292,0
186163,17,407,311,0
186179,17,395,290,0
186196,17,391,321,0
186213,17,395,299,0
186229,17,395,293,0
186246,17,446,335,4
186263,17,498,362,4
186279,17,505,384,2
186296,17,512,377,2
186313,17,487,444,3
186329,17,513,370,2
186346,17,521,349,4
186362,17,513,364,4
186379,17,526,352,4
186396,17,522,363,4
186412,17,514,372,2
186429,17,525,362,4
186446,17,523,408,2
186462,17,510,385,2
186479,17,518,383,2
186496,17,514,386,2
186512,17,520,376,2
186529,17,558,342,4
186545,17,559,332,4
186562,17,566,354,4
186579,17,576,317,4
186595,17,560,365,2
186612,17,564,326,4
186629,17,578,323,4
186645,17,577,299,4
186662,17,575,324,4
186679,17,573,322,4
186695,17,565,331,4
186712,17,570,333,4
186728,17,574,331,4
186745,17,578,336,4
186762,17,550,355,4
186778,17,509,417,5
186795,17,509,382,2
186812,17,506,412,2
186828,17,504,419,5
186845,17,503,398,2
186862,17,499,428,3
186878,17,502,408,2
186895,17,508,380,2
186911,17,503,386,2
186928,17,504,416,2
186945,17,511,343,4
186961,17,502,435,3
186978,17,509,410,2
186995,17,497,408,2
187011,17,517,401,2
187028,17,514,397,2
187044,17,507,433,3
187061,17,502,406,2
187078,17,329,556,3
187094,17,507,410,2
187111,17,508,388,2
187128,17,510,395,2
187144,17,503,423,3
187161,17,508,409,2
187178,17,505,401,2
187194,17,508,410,2
187211,17,502,423,3
187227,17,504,423,3
187244,17,507,423,3
187261,17,506,408,2
187277,17,508,393,2
187294,17,501,435,3
187311,17,504,429,3
187327,17,502,413,2
187344,17,495,440,3
187361,17,526,396,2
187377,17,562,368,2
187394,17,541,364,4
187410,17,546,398,2
187427,17,545,405,2
187444,17,549,414,2
187460,17,550,404,2
187477,17,545,386,2
187494,17,541,374,2
187510,17,550,395,2
187527,17,541,351,4
187544,17,264,394,2
187560,17,541,387,2
187577,17,547,371,2
187593,17,552,379,2
187610,17,265,417,2
187627,17,538,402,2
187643,17,545,402,2
187660,17,548,399,2
187677,17,545,293,4
187693,17,251,419,3
187810,116,785,474,3
187826,17,573,728,3
187843,17,242,354,0
187860,17,743,244,0
187876,17,509,372,2
187893,17,517,294,4
187910,17,509,326,4
187926,17,213,414,2
187943,17,504,334,4
187959,17,517,331,4
187976,17,508,346,4
187993,17,730,210,0
188009,17,499,379,2
188026,17,492,385,2
188043,17,534,380,2
188059,17,495,451,3
188076,17,520,413,2
188092,17,546,358,4
188109,17,530,376,2
188126,17,542,378,2
188142,17,539,393,2
188159,17,511,413,2
188176,17,528,368,2
188192,17,529,367,2
188209,17,528,343,4
188226,17,521,406,2
188242,17,531,401,2
188259,17,522,404,2
188275,17,538,336,4
188292,17,546,382,2
188309,17,549,414,2
188325,17,531,424,3
188342,17,548,407,2
188359,17,547,335,4
188375,17,542,410,2
188392,17,550,356,4
188425,33,545,404,2
188425,0,545,404,2
188458,33,545,371,2
188458,0,545,371,2
188475,17,550,363,4
188492,17,538,395,2
188508,17,541,418,5
188525,17,515,441,3
188542,17,541,402,2
188558,17,552,393,2
188575,17,544,409,2
188592,17,555,385,2
188608,17,559,355,4
188625,17,568,360,4
188641,17,544,385,2
188658,17,544,414,2
188675,17,550,396,2
188691,17,553,365,2
188708,17,547,415,2
188725,17,545,365,2
188741,17,545,389,2
188758,17,540,395,2
188775,17,563,335,4
188791,17,555,358,4
188808,17,546,362,4
188824,17,552,373,2
188841,17,547,367,2
188858,17,545,400,2
188874,17,546,379,2
188891,17,544,376,2
188908,17,548,366,2
188924,17,523,321,4
188941,17,501,363,4
188958,17,500,371,2
188974,17,508,391,2
188991,17,505,389,2
189007,17,519,343,4
189024,17,522,334,4
189041,17,509,373,2
189057,17,523,336,4
189074,17,514,347,4
189091,17,509,330,4
189107,17,518,349,4
189124,17,517,352,4
189141,17,516,350,4
189157,17,534,369,2
189174,17,565,377,2
189190,17,553,400,2
189207,17,556,373,2
189224,17,562,344,4
189240,17,563,368,2
189257,17,552,404,2
189274,17,559,387,2
189290,17,552,414,2
189307,17,552,377,2
189323,17,557,375,2
189340,17,544,402,2
189357,17,556,368,2
189373,17,546,423,3
189390,17,544,382,2
189407,17,543,400,2
189423,17,553,372,2
189440,17,554,394,2
189457,17,576,385,2
189473,17,598,341,4
189490,17,594,388,2
189506,17,594,388,2
189523,17,586,381,2
189540,17,593,357,4
189556,17,591,394,2
189573,17,593,361,4
189590,17,601,395,2
189606,17,596,367,2
189623,17,600,362,4
189640,17,594,392,2
189656,17,582,395,2
189673,17,586,394,2
189689,17,589,373,2
189706,17,549,427,3
189723,17,567,423,3
189739,17,553,429,3
189756,17,555,469,3
189773,17,549,448,3
189789,17,547,484,3
189806,17,539,467,3
189823,17,559,460,3
189839,17,554,469,3
189856,17,551,443,3
189872,17,550,457,3
189889,17,551,437,3
189906,17,556,447,3
189922,17,557,442,3
189939,17,555,447,3
189956,17,561,449,3
189972,17,544,468,3
189989,17,547,439,3
190006,17,526,410,2
190022,17,474,403,2
190039,17,475,357,4
190055,17,480,326,4
190072,17,484,339,4
190089,17,481,356,4
190105,17,474,326,4
190122,17,480,350,4
190139,17,486,350,4
190155,17,484,337,4
190172,17,481,351,4
190189,17,476,322,4
190205,17,471,359,4
190222,17,444,358,4
190238,17,434,359,4
190255,17,455,314,4
190272,17,453,310,4
190288,17,652,83,0
190305,17,438,322,4
190322,17,434,333,4
190338,17,437,333,4
190355,17,451,341,4
190372,17,435,322,4
190388,17,451,335,4
190405,17,435,326,4
190421,17,422,355,4
190438,17,434,334,4
190455,17,439,331,4
190471,17,450,317,4
190488,17,449,330,4
190505,17,431,332,4
190521,17,445,337,4
190538,17,434,343,4
190554,17,426,353,4
190571,17,437,326,4
190588,17,485,392,2
190604,17,518,385,2
190621,17,533,347,4
190638,17,539,352,4
190654,17,529,342,4
190671,17,529,384,2
190688,17,530,361,4
190704,17,536,370,2
190721,17,533,392,2
190737,17,539,385,2
190754,17,521,366,2
190771,17,527,383,2
190787,17,532,364,4
190804,17,527,381,2
190821,17,497,381,2
190837,17,444,316,4
190854,17,446,322,4
190871,17,438,317,4
190887,17,431,309,4
190904,17,446,309,4
190920,17,139,352,0
190937,17,153,346,0
190954,17,443,327,4
190970,17,438,329,4
190987,17,439,323,4
191004,17,437,313,4
191020,17,435,329,4
191037,17,437,321,4
191054,17,442,316,4
191070,17,447,351,4
191087,17,652,72,0
191103,17,427,279,0
191120,17,440,326,4
191137,17,160,365,0
191153,17,421,635,3
191253,100,637,787,0
191270,17,467,732,3
191286,17,527,568,3
191303,17,538,502,3
191320,17,534,525,3
191336,17,542,419,5
191353,17,283,205,0
191370,17,519,457,3
191386,17,480,635,3
191486,100,1078,415,0
191503,17,902,618,3
191519,17,255,518,3
191536,17,503,546,3
191553,17,510,486,3
191569,17,509,413,2
191586,17,516,379,2
191602,17,252,353,0
191619,17,519,322,4
191636,17,529,345,4
191652,17,530,349,4
191669,17,519,395,2
191686,17,520,809,0
191819,133,33,417,3
191835,17,73,447,3
191852,17,502,614,3
191869,17,496,429,3
191885,17,502,361,4
191902,17,506,390,2
191919,17,501,382,2
191935,17,507,397,2
191952,17,225,391,2
191968,17,493,383,2
191985,17,507,383,2
192002,17,507,399,2
192018,17,491,361,4
192035,17,498,396,2
192052,17,490,421,5
192068,17,501,389,2
192085,17,498,386,2
192102,17,502,350,4
192118,17,504,380,2
192135,17,504,359,4
192151,17,508,368,2
192168,17,506,405,2
192185,17,510,379,2
192201,17,520,324,4
192218,17,505,399,2
192235,17,498,384,2
192251,17,508,398,2
192268,17,504,369,2
192285,17,512,371,2
192301,17,506,358,4
192318,17,506,562,3
192468,150,618,928,0
192484,17,523,821,0
192501,17,543,585,3
192517,17,528,415,2
192534,17,541,343,4
192551,17,541,324,4
192567,17,542,340,4
192584,17,533,398,2
192601,17,535,318,4
192617,17,532,362,4
192634,17,537,363,4
192651,17,524,400,2
192667,17,519,440,3
192684,17,534,395,2
192700,17,536,385,2
192717,17,524,402,2
192734,17,525,417,5
192750,17,524,411,2
192767,17,511,457,3
192784,17,525,419,5
192800,17,525,374,2
192817,17,520,450,3
192833,17,518,441,3
192850,17,531,396,2
192867,17,513,438,3
192883,17,518,438,3
192900,17,516,432,3
192917,17,523,452,3
192933,17,524,410,2
192950,17,518,438,3
192967,17,524,392,2
192983,17,538,396,2
193000,17,513,413,2
193016,17,517,424,3
193033,17,516,824,0
193166,133,802,864,0
193183,17,780,620,3
193199,17,770,437,3
193216,17,780,366,2
193233,17,781,345,0
193249,17,780,422,3
193266,17,759,398,2
193283,17,771,430,3
193299,17,770,412,2
193316,17,778,403,2
193333,17,746,442,3
193349,17,765,448,3
193366,17,793,413,3
193382,17,775,440,3
193399,17,771,504,3
193416,17,765,501,3
193432,17,768,490,3
193449,17,779,480,3
193466,17,772,511,3
193482,17,795,473,3
193499,17,769,502,3
193516,17,759,497,3
193532,17,777,486,3
193549,17,770,503,3
193565,17,775,498,3
193582,17,850,598,3
193599,17,919,660,3
193615,17,964,750,3
193632,17,1000,798,0
193649,17,963,808,0
193665,17,977,783,0
193682,17,972,742,3
193699,17,965,811,0
193715,17,963,817,0
193732,17,1024,752,0
193748,17,979,829,0
193765,17,982,755,3
193782,17,970,838,0
193798,17,960,819,0
193815,17,970,801,0
193832,17,972,786,0
193848,17,986,809,0
193865,17,946,824,0
193881,17,997,743,3
193898,17,1004,786,0
193915,17,980,814,0
193931,17,982,810,0
193948,17,974,750,3
193965,17,977,765,3
193981,17,988,788,0
193998,17,992,806,0
194015,17,984,763,3
194164,150,402,512,3
194181,17,590,463,3
194198,17,581,370,2
194214,17,571,316,4
194231,17,596,334,4
194247,17,579,361,4
194264,17,590,390,2
194281,17,601,422,3
194297,17,572,416,2
194314,17,581,369,2
194331,17,576,414,2
194347,17,573,392,2
194364,17,584,404,2
194381,17,571,442,3
194397,17,561,432,3
194430,33,497,381,2
194430,0,497,381,2
194447,17,480,342,4
194464,17,475,365,2
194480,17,478,305,4
194497,17,472,365,2
194514,17,482,373,2
194530,17,475,345,4
194547,17,485,348,4
194564,17,477,351,4
194580,17,490,287,0
194597,17,478,387,2
194613,17,464,376,2
194630,17,478,352,4
194647,17,473,372,2
194663,17,480,347,4
194680,17,487,300,4
194697,17,491,360,4
194713,17,480,324,4
194730,17,474,323,4
194747,17,379,403,2
194763,17,308,476,3
194780,17,314,486,3
194796,17,333,457,3
194813,17,321,476,3
194830,17,317,451,3
194846,17,307,452,3
194863,17,315,480,3
194880,17,310,476,3
194896,17,306,450,3
194913,17,314,437,3
194930,17,309,492,3
194946,17,305,485,3
194963,17,318,445,3
194979,17,322,436,3
194996,17,386,458,3
195013,17,469,362,4
195029,17,502,407,2
195046,17,502,410,2
195063,17,508,439,3
195079,17,515,413,2
195096,17,506,357,4
195112,17,506,422,3
195129,17,519,344,4
195146,17,518,379,2
195162,17,524,391,2
195179,17,517,439,3
195196,17,511,418,5
195212,17,520,369,2
195229,17,551,306,4
195246,17,449,441,3
195262,17,324,444,3
195279,17,118,513,3
195295,17,288,506,3
195312,17,312,464,3
195329,17,304,447,3
195345,17,299,450,3
195362,17,304,478,3
195379,17,325,482,3
195395,17,314,468,3
195412,17,292,465,3
195429,17,295,435,3
195445,17,291,444,3
195462,17,319,481,3
195478,17,304,459,3
195495,17,315,476,3
195512,17,303,483,3
195528,17,307,478,3
195545,17,293,484,3
195562,17,300,467,3
195578,17,314,434,3
195595,17,315,452,3
195612,17,294,442,3
195628,17,380,409,2
195645,17,459,432,3
195661,17,515,383,2
195678,17,511,356,4
195695,17,543,371,2
195711,17,534,337,4
195728,17,524,360,4
195745,17,549,329,4
195761,17,543,329,4
195778,17,541,346,4
195795,17,540,313,4
195811,17,540,329,4
195828,17,541,356,4
195844,17,540,330,4
195861,17,546,310,4
195878,17,542,378,2
195894,17,527,366,2
195911,17,553,303,4
195928,17,553,349,4
195944,17,546,312,4
195961,17,531,368,2
195978,17,549,348,4
195994,17,555,292,4
196011,17,527,394,2
196027,17,541,334,4
196044,17,530,466,3
196061,17,547,412,2
196077,17,541,398,2
196094,17,522,430,3
196111,17,556,406,2
196127,17,550,364,4
196144,17,539,280,0
196160,17,519,400,2
196177,17,537,462,3
196194,17,524,413,2
196210,17,519,480,3
196227,17,544,432,3
196244,17,538,447,3
196260,17,544,426,3
196277,17,547,411,2
196294,17,530,431,3
196310,17,551,466,3
196327,17,534,471,3
196343,17,544,464,3
196360,17,517,497,3
196377,17,571,349,4
196393,17,580,379,2
196410,17,545,459,3
196427,17,547,425,3
196443,17,536,477,3
196460,17,531,474,3
196477,17,529,365,2
196493,17,533,423,3
196510,17,568,371,2
196526,17,537,459,3
196543,17,529,455,3
196560,17,541,730,3
196643,83,625,936,0
196660,17,530,726,3
196676,17,514,583,3
196693,17,519,555,3
196709,17,505,459,3
196726,17,520,406,2
196743,17,514,365,2
196759,17,527,394,2
196776,17,520,300,4
196793,17,523,390,2
196809,17,520,388,2
196826,17,531,344,4
196843,17,528,399,2
196859,17,527,368,2
196876,17,513,371,2
196892,17,517,377,2
196909,17,514,398,2
196926,17,544,306,4
196942,17,523,343,4
196959,17,529,405,2
196976,17,539,400,2
196992,17,546,349,4
197009,17,530,388,2
197026,17,518,436,3
197042,17,530,427,3
197059,17,529,381,2
197075,17,550,334,4
197092,17,557,324,4
197109,17,525,429,3
197125,17,907,679,3
197242,116,685,946,0
197258,17,671,907,0
197275,17,665,816,0
197292,17,676,678,3
197308,17,686,553,3
197325,17,686,487,3
197342,17,675,462,3
197358,17,673,465,3
197375,17,685,447,3
197391,17,683,413,2
197408,17,687,398,2
197425,17,681,398,2
197441,17,701,403,2
197458,17,665,451,3
197475,17,630,529,3
197491,17,560,579,3
197508,17,533,594,3
197525,17,534,594,3
197541,17,528,632,3
197558,17,536,623,3
197574,17,565,575,3
197591,17,529,612,3
197608,17,532,617,3
197624,17,529,632,3
197641,17,542,640,3
197658,17,529,607,3
197674,17,530,646,3
197691,17,568,558,3
197708,17,526,605,3
197724,17,540,593,3
197741,17,546,596,3
197757,17,522,621,3
197774,17,540,646,3
197791,17,594,558,3
197807,17,589,576,3
197824,17,572,615,3
197841,17,571,569,3
197857,17,568,588,3
197874,17,561,615,3
197891,17,553,626,3
197907,17,566,609,3
197924,17,571,594,3
197940,17,596,581,3
197957,17,605,542,3
197974,17,577,585,3
197990,17,572,594,3
198007,17,554,611,3
198024,17,583,582,3
198040,17,579,602,3
198057,17,582,601,3
198074,17,578,611,3
198090,17,574,598,3
198107,17,569,628,3
198123,17,574,593,3
198140,17,581,626,3
198157,17,573,630,3
198173,17,572,589,3
198190,17,589,598,3
198207,17,565,611,3
198223,17,580,577,3
198240,17,571,609,3
198257,17,576,621,3
198273,17,580,610,3
198290,17,581,597,3
198306,17,577,586,3
198323,17,576,605,3
198340,17,568,631,3
198356,17,581,597,3
198373,17,574,605,3
198390,17,564,665,3
198406,17,574,626,3
198423,17,561,678,3
198439,17,561,659,3
198456,17,549,677,3
198473,17,555,641,3
198489,17,564,650,3
198506,17,565,646,3
198523,17,565,639,3
198539,17,563,647,3
198556,17,556,654,3
198573,17,564,628,3
198589,17,558,645,3
198606,17,558,618,3
198622,17,558,626,3
198639,17,559,650,3
198656,17,557,650,3
198672,17,562,642,3
198689,17,558,647,3
198706,17,561,633,3
198722,17,559,631,3
198739,17,552,673,3
198756,17,554,662,3
198772,17,546,648,3
198789,17,550,665,3
198805,17,533,643,3
198822,17,497,467,3
198839,17,420,410,2
198855,17,361,416,2
198872,17,351,479,3
198889,17,345,485,3
198905,17,333,492,3
198922,17,331,503,3
198939,17,325,509,3
198955,17,332,475,3
198972,17,330,474,3
198988,17,331,499,3
199005,17,336,503,3
199022,17,312,481,3
199038,17,334,620,3
199171,133,404,632,3
199188,17,416,567,3
199205,17,418,463,3
199221,17,431,325,4
199238,17,444,286,0
199255,17,435,288,4
199271,17,418,462,3
199288,17,28,472,3
199404,116,604,852,0
199421,17,531,653,3
199438,17,532,492,3
199454,17,503,415,2
199471,17,534,331,4
199488,17,534,323,4
199504,17,550,306,4
199521,17,549,245,1
199537,17,542,257,1
199554,17,541,279,0
199571,17,555,342,4
199587,17,546,320,4
199604,17,547,308,4
199621,17,548,302,4
199637,17,548,286,0
199654,17,551,334,4
199670,17,541,309,4
199687,17,539,305,4
199704,17,553,284,0
199720,17,554,310,4
199737,17,542,326,4
199754,17,550,331,4
199770,17,545,338,4
199787,17,541,315,4
199804,17,549,298,4
199820,17,545,330,4
199837,17,537,333,4
199853,17,552,319,4
199870,17,548,316,4
199887,17,531,347,4
199903,17,538,327,4
199920,17,540,347,4
199937,17,550,323,4
199953,17,548,313,4
199970,17,548,334,4
199987,17,543,332,4
200003,17,553,278,0
200020,17,544,336,4
200036,17,536,344,4
200053,17,529,334,4
200070,17,547,345,4
200086,17,545,335,4
200103,17,541,350,4
200120,17,535,347,4
200136,17,532,369,2
200153,17,541,375,2
200170,17,534,378,2
200186,17,537,393,2
200203,17,545,365,2
200219,17,550,369,2
200236,17,544,377,2
200253,17,546,358,4
200269,17,547,359,4
200286,17,549,381,2
200303,17,549,377,2
200319,17,549,357,4
200336,17,545,377,2
200353,17,552,391,2
200369,17,550,366,2
200386,17,554,376,2
200402,17,541,349,4
200419,17,557,386,2
200436,17,558,382,2
200452,17,566,356,4
200469,17,550,417,5
200486,17,553,368,2
200502,17,557,377,2
200519,17,561,385,2
200536,17,533,330,4
200552,17,548,393,2
200569,17,555,389,2
200585,17,563,349,4
200602,17,566,381,2
200619,17,546,396,2
200635,17,556,368,2
200652,17,558,413,2
200669,17,561,380,2
200685,17,557,374,2
200702,17,557,372,2
200719,17,557,381,2
200735,17,564,383,2
200752,17,568,343,4
200768,17,555,370,2
200785,17,552,361,4
200802,17,550,377,2
200818,17,276,417,2
200835,17,545,373,2
200852,17,556,409,2
200868,17,559,349,4
200885,17,550,373,2
200901,17,556,382,2
200918,17,553,369,2
200935,17,549,384,2
200951,17,556,384,2
200968,17,538,413,2
200985,17,564,372,2
201001,17,561,384,2
201018,17,533,364,4
201035,17,495,389,2
201051,17,505,354,4
201068,17,506,351,4
201084,17,499,354,4
201101,17,496,376,2
201118,17,504,373,2
201134,17,508,353,4
201151,17,497,371,2
201168,17,498,376,2
201184,17,492,371,2
201201,17,211,419,3
201218,17,480,363,4
201234,17,483,372,2
201251,17,505,366,2
201267,17,497,356,4
201284,17,500,370,2
201301,17,510,361,4
201317,17,502,390,2
201334,17,496,366,2
201351,17,499,339,4
201367,17,479,365,2
201384,17,222,417,2
201401,17,483,383,2
201417,17,509,362,4
201434,17,503,361,4
201450,17,508,337,4
201467,17,500,374,2
201484,17,510,363,4
201500,17,487,391,2
201517,17,503,373,2
201534,17,502,379,2
201550,17,502,371,2
201567,17,499,390,2
201584,17,510,372,2
201600,17,493,372,2
201617,17,485,379,2
201633,17,500,364,4
201650,17,501,395,2
201667,17,499,386,2
201683,17,493,378,2
201700,17,494,367,2
201717,17,501,385,2
201733,17,506,345,4
201750,17,497,368,2
201767,17,494,376,2
201783,17,490,383,2
201800,17,500,363,4
201816,17,495,395,2
201833,17,502,384,2
201850,17,503,390,2
201866,17,498,382,2
201883,17,498,393,2
201900,17,499,380,2
201916,17,496,387,2
201933,17,486,389,2
201949,17,492,383,2
201966,17,487,379,2
201983,17,493,360,4
201999,17,508,379,2
202016,17,519,338,4
202033,17,274,340,0
202083,50,1062,670,0
202099,17,653,935,0
202116,17,560,689,3
202132,17,556,544,3
202149,17,548,447,3
202166,17,556,414,2
202182,17,557,352,4
202199,17,552,360,4
202216,17,561,362,4
202232,17,562,337,4
202249,17,559,360,4
202266,17,560,357,4
202282,17,554,355,4
202299,17,560,344,4
202315,17,542,390,2
202332,17,553,386,2
202349,17,556,351,4
202365,17,557,365,2
202382,17,550,518,3
202399,17,236,399,2
202482,83,52,646,3
202498,17,778,497,3
202515,17,503,794,0
202532,17,512,692,3
202548,17,506,619,3
202565,17,507,535,3
202582,17,510,542,3
202598,17,512,443,3
202615,17,509,432,3
202632,17,505,442,3
202648,17,510,395,2
202665,17,511,406,2
202681,17,313,375,2
202698,17,518,374,2
202715,17,513,367,2
202731,17,517,398,2
202748,17,517,406,2
202765,17,525,325,4
202781,17,519,340,4
202798,17,528,402,2
202815,17,522,371,2
202831,17,519,356,4
202848,17,527,338,4
202864,17,514,405,2
202881,17,513,386,2
202898,17,532,366,2
202914,17,522,378,2
202931,17,523,390,2
202948,17,519,369,2
202964,17,514,395,2
202981,17,517,366,2
202998,17,515,399,2
203014,17,525,374,2
203031,17,519,371,2
203047,17,520,369,2
203064,17,510,379,2
203081,17,510,398,2
203097,17,520,404,2
203114,17,529,366,2
203131,17,521,378,2
203147,17,520,384,2
203164,17,521,405,2
203180,17,521,400,2
203197,17,524,365,2
203214,17,527,409,2
203230,17,283,352,0
203247,17,523,400,2
203264,17,543,400,2
203280,17,539,375,2
203297,17,548,359,4
203314,17,542,391,2
203330,17,541,402,2
203347,17,529,406,2
203363,17,522,401,2
203380,17,536,388,2
203397,17,544,382,2
203413,17,540,368,2
203430,17,534,400,2
203447,17,540,388,2
203463,17,540,389,2
203480,17,536,389,2
203497,17,543,368,2
203513,17,542,399,2
203530,17,540,380,2
203546,17,540,387,2
203563,17,540,389,2
203580,17,535,414,2
203596,17,536,397,2
203613,17,539,363,4
203630,17,539,386,2
203646,17,540,383,2
203663,17,538,372,2
203680,17,534,836,0
203813,133,89,438,3
203829,17,181,404,0
203846,17,190,397,2
203863,17,189,385,2
203879,17,711,82,0
203896,17,481,379,2
