Time (ms),Timegap (ms),Gaze X,Gaze Y,AOI
0,0,390,935,0
17,17,389,921,0
33,17,392,938,0
50,17,387,938,0
67,17,395,950,0
83,17,389,936,0
100,17,387,940,0
116,17,384,936,0
133,17,334,920,0
150,17,234,929,0
166,17,163,929,0
183,17,164,920,0
200,17,167,920,0
216,17,171,922,0
233,17,163,922,0
250,17,166,927,0
266,17,166,931,0
283,17,168,919,0
299,17,167,918,0
316,17,170,924,0
333,17,171,919,0
349,17,170,922,0
366,17,168,921,0
383,17,169,923,0
399,17,176,922,0
416,17,171,910,0
433,17,193,659,3
449,17,233,469,3
466,17,272,290,0
482,17,279,284,0
499,17,297,277,0
516,17,283,289,0
532,17,279,271,0
549,17,283,300,0
566,17,281,286,0
582,17,281,293,0
599,17,292,286,0
615,17,294,295,0
632,17,287,307,0
649,17,308,302,0
665,17,305,283,0
682,17,301,291,0
699,17,308,391,2
715,17,288,577,3
732,17,264,732,3
749,17,256,741,3
765,17,274,767,0
782,17,261,738,3
798,17,259,756,3
815,17,256,758,3
832,17,262,758,3
848,17,265,757,3
865,17,184,844,0
882,17,253,748,3
898,17,229,906,0
915,17,191,960,0
932,17,197,957,0
948,17,194,972,0
965,17,183,969,0
981,17,193,966,0
998,17,194,966,0
1015,17,194,965,0
1031,17,193,965,0
1048,17,194,969,0
1065,17,147,973,0
1081,17,189,957,0
1098,17,190,983,0
1115,17,197,961,0
1131,17,118,991,0
1148,17,249,946,0
1164,17,356,931,0
1181,17,400,923,0
1198,17,403,919,0
1214,17,407,926,0
1231,17,406,1017,0
1248,17,400,920,0
1264,17,398,923,0
1281,17,401,913,0
1298,17,398,929,0
1314,17,404,929,0
1331,17,397,901,0
1347,17,410,922,0
1364,17,321,748,3
1381,17,387,456,3
1397,17,397,331,0
1414,17,409,333,0
1431,17,416,349,4
1447,17,423,365,2
1464,17,394,370,2
1481,17,403,350,0
1497,17,399,361,0
1514,17,414,353,0
1530,17,440,402,2
1547,17,432,399,2
1564,17,435,394,2
1580,17,436,399,2
1597,17,439,402,2
1614,17,432,386,2
1630,17,446,392,2
1647,17,438,385,2
1664,17,429,396,2
1680,17,443,377,2
1697,17,443,392,2
1713,17,439,387,2
1730,17,475,388,2
1747,17,527,361,4
1763,17,540,366,2
1780,17,536,362,4
1797,17,539,374,2
1813,17,545,356,4
1830,17,536,368,2
1846,17,539,369,2
1863,17,548,382,2
1880,17,538,358,4
1896,17,555,363,4
1913,17,602,369,2
1930,17,618,349,0
1946,17,616,360,0
1963,17,618,358,0
1980,17,616,357,0
1996,17,619,343,0
2013,17,621,345,0
2029,17,624,330,0
2046,17,621,344,0
2063,17,621,348,0
2079,17,621,356,0
2096,17,610,345,4
2113,17,630,340,0
2129,17,627,353,0
2146,17,625,358,0
2163,17,625,350,0
2179,17,630,355,0
2196,17,629,324,0
2212,17,627,338,0
2229,17,629,348,0
2246,17,615,337,0
2262,17,596,343,4
2279,17,534,344,4
2296,17,544,335,4
2312,17,541,338,4
2329,17,543,343,4
2346,17,544,338,4
2362,17,546,332,4
2379,17,548,358,4
2395,17,541,350,4
2412,17,541,356,4
2429,17,551,334,4
2445,17,546,339,4
2495,50,539,342,4
2495,0,539,342,4
2512,17,541,343,4
2529,17,545,336,4
2545,17,546,348,4
2562,17,547,347,4
2578,17,546,343,4
2595,17,543,360,4
2612,17,545,361,4
2628,17,536,356,4
2645,17,539,357,4
2662,17,539,357,4
2678,17,537,369,2
2695,17,540,271,0
2778,83,424,323,4
2795,17,526,228,1
2811,17,524,358,4
2828,17,526,331,4
2845,17,532,340,4
2861,17,533,344,4
2878,17,525,379,2
2894,17,526,360,4
2911,17,530,335,4
2928,17,529,353,4
2944,17,533,367,2
2961,17,534,364,4
2978,17,528,366,2
2994,17,521,338,4
3011,17,527,374,2
3028,17,531,351,4
3044,17,528,375,2
3061,17,526,347,4
3077,17,527,370,2
3094,17,538,354,4
3111,17,530,349,4
3127,17,526,368,2
3144,17,535,359,4
3161,17,525,371,2
3177,17,529,376,2
3194,17,527,357,4
3211,17,523,364,4
3227,17,527,377,2
3244,17,525,385,2
3260,17,526,363,4
3277,17,527,364,4
3294,17,520,374,2
3310,17,529,349,4
3327,17,532,343,4
3344,17,590,355,4
3360,17,597,346,4
3377,17,596,347,4
3394,17,592,338,4
3410,17,589,346,4
3427,17,597,346,4
3443,17,590,349,4
3460,17,593,364,4
3477,17,598,355,4
3493,17,592,354,4
3510,17,593,359,4
3527,17,599,339,4
3543,17,557,356,4
3560,17,498,352,4
3577,17,497,362,4
3593,17,491,364,4
3610,17,494,336,4
3626,17,493,337,4
3643,17,493,348,4
3660,17,496,345,4
3676,17,496,342,4
3693,17,498,366,2
3710,17,501,371,2
3726,17,493,338,4
3876,150,452,588,3
3893,17,441,72,0
3909,17,466,282,0
3926,17,453,274,0
3943,17,464,342,4
3959,17,460,351,4
3976,17,450,371,2
3992,17,451,350,4
4009,17,464,360,4
4026,17,440,353,4
4042,17,351,378,2
4059,17,333,369,2
4076,17,331,384,2
4092,17,336,356,0
4109,17,338,373,2
4125,17,343,383,2
4142,17,345,373,2
4159,17,328,388,2
4175,17,336,376,2
4192,17,357,372,2
4209,17,497,371,2
4225,17,513,371,2
4242,17,529,359,4
4259,17,527,368,2
4275,17,526,358,4
4292,17,528,345,4
4308,17,527,361,4
4325,17,527,369,2
4342,17,524,386,2
4358,17,530,355,4
4375,17,528,375,2
4392,17,498,329,4
4408,17,501,365,2
4425,17,502,363,4
4442,17,501,352,4
4458,17,500,361,4
4475,17,495,373,2
4491,17,505,363,4
4508,17,499,351,4
4525,17,503,369,2
4541,17,503,360,4
4558,17,499,348,4
4575,17,502,363,4
4591,17,504,327,4
4808,216,557,216,1
4824,17,562,329,4
4841,17,560,364,4
4857,17,562,368,2
4874,17,569,364,4
4891,17,564,361,4
4907,17,497,355,4
4924,17,486,369,2
4941,17,482,356,4
4957,17,480,354,4
4974,17,489,357,4
4991,17,479,349,4
5007,17,478,339,4
5024,17,477,337,4
5040,17,480,341,4
5057,17,479,359,4
5074,17,474,334,4
5090,17,486,326,4
5107,17,480,320,4
5124,17,478,354,4
5140,17,479,341,4
5157,17,477,334,4
5174,17,471,332,4
5190,17,474,326,4
5207,17,384,384,2
5223,17,304,379,2
5240,17,299,365,2
5257,17,301,366,2
5273,17,292,356,0
5290,17,306,403,2
5307,17,282,369,2
5323,17,308,387,2
5340,17,302,368,2
5356,17,291,376,2
5373,17,308,400,2
5390,17,307,384,2
5406,17,305,391,2
5423,17,315,376,2
5440,17,435,382,2
5456,17,484,353,4
5473,17,483,365,2
5490,17,491,343,4
5506,17,490,342,4
5523,17,490,341,4
5539,17,492,357,4
5556,17,492,356,4
5573,17,490,360,4
5589,17,493,379,2
5606,17,490,357,4
5623,17,480,364,4
5639,17,481,356,4
5656,17,474,340,4
5673,17,476,336,4
5689,17,475,344,4
5706,17,480,319,4
5722,17,477,327,4
5739,17,475,328,4
5756,17,481,336,4
5772,17,475,341,4
5789,17,475,343,4
5806,17,477,346,4
5822,17,476,350,4
5839,17,480,339,4
5856,17,472,339,4
5872,17,482,319,4
5889,17,482,354,4
5905,17,479,337,4
5922,17,476,324,4
5939,17,475,340,4
5955,17,478,343,4
5972,17,478,316,4
5989,17,478,343,4
6005,17,481,336,4
6022,17,480,327,4
6039,17,478,331,4
6055,17,478,332,4
6072,17,477,348,4
6088,17,483,343,4
6105,17,480,351,4
6122,17,479,355,4
6138,17,479,340,4
6155,17,475,355,4
6172,17,479,335,4
6188,17,482,336,4
6205,17,479,337,4
6222,17,477,350,4
6238,17,479,346,4
6255,17,480,340,4
6271,17,478,341,4
6288,17,479,373,2
6305,17,482,333,4
6321,17,479,340,4
6338,17,478,335,4
6355,17,521,374,2
6371,17,515,357,4
6388,17,518,378,2
6404,17,515,386,2
6421,17,522,377,2
6438,17,517,380,2
6454,17,524,366,2
6471,17,515,388,2
6488,17,528,360,4
6504,17,523,366,2
6521,17,526,377,2
6538,17,521,388,2
6554,17,522,388,2
6571,17,520,376,2
6587,17,520,396,2
6604,17,524,387,2
6621,17,527,374,2
6637,17,521,368,2
6654,17,522,382,2
6671,17,518,361,4
6687,17,519,387,2
6704,17,525,376,2
6721,17,525,382,2
6737,17,522,369,2
6754,17,527,365,2
6770,17,531,380,2
6787,17,523,397,2
6804,17,523,381,2
6820,17,526,400,2
6837,17,532,380,2
6854,17,529,382,2
6870,17,528,377,2
6887,17,528,391,2
6904,17,528,383,2
6920,17,530,359,4
6937,17,527,356,4
6953,17,527,364,4
6970,17,527,363,4
6987,17,527,388,2
7003,17,533,385,2
7020,17,525,373,2
7037,17,528,371,2
7053,17,534,391,2
7070,17,525,365,2
7087,17,528,382,2
7103,17,520,375,2
7120,17,524,391,2
7136,17,523,366,2
7153,17,524,371,2
7170,17,523,393,2
7186,17,521,376,2
7203,17,518,387,2
7220,17,522,372,2
7236,17,522,353,4
7253,17,519,369,2
7270,17,520,377,2
7286,17,522,385,2
7303,17,519,366,2
7319,17,524,374,2
7336,17,493,340,4
7353,17,475,322,4
7369,17,474,320,4
7386,17,483,315,4
7403,17,484,330,4
7419,17,477,308,4
7436,17,479,324,4
7453,17,478,331,4
7469,17,480,299,4
7486,17,471,314,4
7502,17,461,297,4
7519,17,463,325,4
7536,17,471,331,4
7552,17,467,307,4
7569,17,472,350,4
7586,17,464,334,4
7602,17,460,315,4
7619,17,468,340,4
7635,17,460,327,4
7652,17,460,302,4
7669,17,470,347,4
7685,17,487,330,4
7702,17,490,320,4
7719,17,489,302,4
7735,17,490,315,4
7752,17,489,330,4
7769,17,491,305,4
7785,17,497,348,4
7802,17,499,314,4
7818,17,492,319,4
7835,17,474,301,4
7852,17,396,352,0
7868,17,365,335,0
7885,17,378,326,0
7902,17,376,335,0
7918,17,378,324,0
7935,17,377,336,0
7952,17,380,342,0
7968,17,379,317,0
7985,17,383,330,0
8001,17,371,339,0
8018,17,374,345,0
8035,17,382,341,0
8051,17,369,324,0
8068,17,372,344,0
8085,17,377,340,0
8101,17,374,334,0
8118,17,371,352,0
8135,17,377,333,0
8151,17,372,323,0
8168,17,362,338,0
8184,17,371,342,0
8201,17,375,347,0
8218,17,392,254,1
8234,17,402,268,0
8251,17,399,296,0
8268,17,396,266,0
8284,17,395,270,0
8301,17,395,276,0
8318,17,396,247,1
8334,17,404,269,0
8351,17,389,267,0
8367,17,409,267,0
8384,17,404,283,0
8401,17,397,278,0
8417,17,463,263,0
8434,17,523,282,0
8451,17,519,261,0
8467,17,528,265,0
8484,17,525,261,0
8501,17,525,268,0
8517,17,523,293,4
8534,17,529,262,0
8550,17,528,280,0
8567,17,527,257,1
8584,17,530,252,1
8600,17,530,283,0
8617,17,529,280,0
8634,17,526,287,0
8650,17,525,270,0
8667,17,454,254,1
8683,17,405,242,1
8700,17,398,257,1
8717,17,405,256,1
8733,17,402,240,1
8750,17,404,277,0
8767,17,410,275,0
8783,17,405,278,0
8800,17,404,286,0
8817,17,403,267,0
8833,17,406,266,0
8850,17,404,239,1
8866,17,411,270,0
8883,17,407,254,1
8900,17,406,252,1
8916,17,404,238,1
8933,17,408,275,0
8950,17,408,262,0
8966,17,408,266,0
8983,17,406,269,0
9000,17,406,263,0
9016,17,408,278,0
9033,17,418,285,0
9049,17,453,336,4
9066,17,474,347,4
9083,17,472,336,4
9099,17,478,381,2
9116,17,484,351,4
9133,17,474,353,4
9149,17,479,365,2
9166,17,478,367,2
9183,17,472,366,2
9199,17,478,371,2
9216,17,479,358,4
9232,17,476,363,4
9249,17,478,354,4
9266,17,479,351,4
9282,17,503,344,4
9299,17,523,355,4
9316,17,520,333,4
9332,17,523,340,4
9349,17,527,327,4
9366,17,526,320,4
9382,17,521,341,4
9399,17,523,348,4
9415,17,521,322,4
9432,17,525,339,4
9449,17,525,343,4
9465,17,507,346,4
9482,17,471,321,4
9499,17,479,314,4
9515,17,473,325,4
9532,17,473,330,4
9549,17,470,338,4
9565,17,472,346,4
9582,17,472,344,4
9598,17,470,326,4
9615,17,470,326,4
9632,17,467,351,4
9648,17,464,328,4
9665,17,536,344,4
9682,17,554,298,4
9698,17,558,315,4
9715,17,551,330,4
9732,17,558,325,4
9748,17,557,341,4
9765,17,556,316,4
9781,17,563,336,4
9798,17,553,343,4
9815,17,559,332,4
9831,17,559,326,4
9848,17,562,317,4
9865,17,509,329,4
9881,17,459,315,4
9898,17,459,307,4
9914,17,461,312,4
9931,17,458,332,4
9948,17,457,321,4
9964,17,460,324,4
9981,17,455,319,4
9998,17,455,299,4
10014,17,462,313,4
10031,17,456,310,4
10048,17,458,329,4
10064,17,462,296,4
10081,17,458,306,4
10097,17,467,320,4
10114,17,522,294,4
10131,17,534,302,4
10147,17,537,322,4
10164,17,535,290,4
10181,17,532,326,4
10197,17,537,302,4
10214,17,537,298,4
10231,17,537,290,4
10247,17,534,316,4
10264,17,533,324,4
10280,17,533,314,4
10297,17,534,321,4
10314,17,531,320,4
10330,17,531,316,4
10347,17,519,349,4
10364,17,515,368,2
10380,17,523,365,2
10397,17,514,362,4
10414,17,518,373,2
10430,17,524,366,2
10447,17,520,383,2
10463,17,524,391,2
10480,17,522,381,2
10497,17,524,398,2
10513,17,517,378,2
10530,17,523,369,2
10547,17,519,360,4
10563,17,528,377,2
10580,17,526,365,2
10597,17,525,382,2
10613,17,523,395,2
10630,17,520,384,2
10646,17,526,391,2
10663,17,528,408,2
10680,17,531,384,2
10696,17,533,368,2
10713,17,528,389,2
10730,17,530,385,2
10746,17,525,397,2
10763,17,534,390,2
10780,17,534,385,2
10796,17,531,389,2
10813,17,534,383,2
10829,17,536,373,2
10846,17,538,390,2
10863,17,541,376,2
10879,17,545,375,2
10896,17,543,378,2
10913,17,539,385,2
10929,17,543,380,2
10946,17,539,380,2
10962,17,537,372,2
10979,17,540,381,2
10996,17,544,396,2
11012,17,543,383,2
11029,17,540,376,2
11046,17,536,362,4
11062,17,538,370,2
11079,17,543,380,2
11096,17,539,377,2
11112,17,540,376,2
11129,17,543,369,2
11145,17,542,358,4
11162,17,539,365,2
11179,17,529,361,4
11195,17,534,352,4
11212,17,542,370,2
11229,17,537,367,2
11245,17,534,376,2
11262,17,534,375,2
11279,17,535,370,2
11295,17,537,356,4
11312,17,532,361,4
11328,17,532,357,4
11345,17,536,397,2
11362,17,526,370,2
11378,17,510,321,4
11395,17,512,343,4
11412,17,510,338,4
11428,17,509,331,4
11445,17,512,334,4
11462,17,506,347,4
11478,17,508,342,4
11495,17,518,330,4
11511,17,509,328,4
11528,17,512,322,4
11545,17,517,330,4
11561,17,500,328,4
11578,17,488,330,4
11595,17,495,322,4
11611,17,495,337,4
11628,17,489,336,4
11645,17,489,333,4
11661,17,493,318,4
11678,17,491,317,4
11694,17,491,329,4
11711,17,489,311,4
11728,17,490,329,4
11744,17,519,259,1
11761,17,532,204,1
11778,17,552,143,1
11794,17,556,139,1
11811,17,549,138,1
11828,17,555,126,0
11844,17,551,153,1
11861,17,557,143,1
11877,17,555,149,1
11894,17,557,160,1
11911,17,551,148,1
11994,83,502,39,0
12011,17,552,90,0
12027,17,546,169,1
12044,17,554,147,1
12060,17,548,180,1
12077,17,540,184,1
12094,17,550,177,1
12110,17,550,185,1
12127,17,551,177,1
12144,17,551,167,1
12160,17,556,301,4
12177,17,544,309,4
12193,17,545,303,4
12210,17,556,308,4
12227,17,548,349,4
12243,17,555,333,4
12260,17,552,326,4
12277,17,549,325,4
12293,17,549,325,4
12310,17,546,342,4
12327,17,554,348,4
12343,17,546,348,4
12360,17,556,334,4
12376,17,594,301,4
12393,17,599,304,4
12410,17,592,311,4
12426,17,604,329,4
12443,17,599,300,4
12460,17,602,315,4
12476,17,602,314,4
12493,17,596,309,4
12510,17,597,300,4
12526,17,595,316,4
12543,17,593,308,4
12559,17,555,416,2
12576,17,547,414,2
12593,17,543,433,3
12609,17,548,436,3
12626,17,543,434,3
12643,17,541,437,3
12659,17,542,421,5
12676,17,538,418,5
12693,17,540,425,3
12709,17,538,443,3
12726,17,543,415,2
12742,17,542,430,3
12759,17,544,430,3
12776,17,541,436,3
12792,17,540,434,3
12809,17,544,434,3
12826,17,544,433,3
12842,17,556,338,4
12859,17,559,338,4
12876,17,565,346,4
12892,17,560,353,4
12909,17,567,334,4
12925,17,571,322,4
12942,17,566,343,4
12959,17,568,332,4
12975,17,562,362,4
12992,17,565,339,4
13009,17,567,338,4
13025,17,601,340,4
13042,17,589,326,4
13059,17,604,316,4
13075,17,601,328,4
13092,17,598,331,4
13108,17,594,318,4
13125,17,598,339,4
13142,17,598,324,4
13158,17,607,321,4
13175,17,609,289,4
13192,17,606,311,4
13208,17,587,310,4
13225,17,500,311,4
13241,17,482,324,4
13258,17,478,315,4
13275,17,479,303,4
13291,17,484,293,4
13308,17,482,306,4
13325,17,479,321,4
13341,17,481,309,4
13358,17,480,321,4
13375,17,483,320,4
13391,17,478,295,4
13408,17,478,306,4
13424,17,478,316,4
13441,17,478,303,4
13458,17,462,303,4
13474,17,390,279,0
13491,17,376,276,0
13508,17,359,298,0
13524,17,373,286,0
13541,17,371,266,0
13558,17,371,286,0
13574,17,370,300,0
13591,17,375,279,0
13607,17,362,294,0
13624,17,368,278,0
13641,17,369,283,0
13657,17,362,281,0
13674,17,356,292,0
13691,17,364,301,0
13707,17,433,316,4
13724,17,452,319,4
13741,17,453,308,4
13757,17,465,304,4
13774,17,463,303,4
13790,17,460,293,4
13807,17,458,298,4
13824,17,465,294,4
13840,17,458,324,4
13857,17,459,305,4
13874,17,463,308,4
13890,17,464,302,4
13907,17,474,313,4
13924,17,537,288,4
13940,17,551,314,4
13957,17,547,310,4
13973,17,551,296,4
13990,17,548,303,4
14007,17,550,290,4
14023,17,550,315,4
14040,17,545,317,4
14057,17,544,335,4
14073,17,597,324,4
14090,17,595,315,4
14107,17,596,339,4
14123,17,597,323,4
14140,17,596,331,4
14156,17,596,326,4
14173,17,592,334,4
14190,17,607,284,0
14206,17,605,305,4
14223,17,598,307,4
14240,17,597,303,4
14256,17,597,303,4
14273,17,602,303,4
14290,17,605,323,4
14306,17,598,310,4
14323,17,590,336,4
14339,17,532,362,4
14356,17,535,374,2
14373,17,530,355,4
14389,17,533,370,2
14406,17,529,364,4
14423,17,531,389,2
14439,17,531,380,2
14456,17,526,377,2
14472,17,529,368,2
14489,17,524,374,2
14506,17,524,395,2
14522,17,526,376,2
14539,17,528,394,2
14556,17,527,362,4
14572,17,533,370,2
14589,17,533,819,0
14705,116,496,513,3
14722,17,503,253,1
14739,17,519,270,0
14755,17,521,339,4
14772,17,519,352,4
14789,17,524,354,4
14805,17,525,346,4
14822,17,526,342,4
14838,17,522,330,4
14855,17,523,348,4
14872,17,520,322,4
14888,17,524,344,4
14905,17,530,334,4
14922,17,516,359,4
14938,17,518,330,4
14955,17,523,322,4
14972,17,524,348,4
14988,17,524,342,4
15005,17,533,345,4
15021,17,524,353,4
15038,17,524,358,4
15055,17,525,327,4
15071,17,524,352,4
15088,17,525,338,4
15105,17,523,356,4
15121,17,520,363,4
15138,17,523,355,4
15155,17,521,354,4
15171,17,521,351,4
15188,17,526,341,4
15204,17,524,339,4
15221,17,525,343,4
15238,17,522,338,4
15254,17,520,340,4
15271,17,526,354,4
15288,17,521,347,4
15304,17,520,332,4
15321,17,522,357,4
15338,17,525,355,4
15354,17,517,345,4
15371,17,522,336,4
15387,17,519,321,4
15404,17,522,336,4
15421,17,521,342,4
15437,17,518,346,4
15454,17,522,369,2
15471,17,519,354,4
15487,17,592,315,4
15504,17,582,312,4
15521,17,585,317,4
15537,17,583,325,4
15554,17,585,308,4
15570,17,584,309,4
15587,17,587,309,4
15604,17,583,308,4
15620,17,585,306,4
15637,17,583,325,4
15654,17,583,321,4
15670,17,585,318,4
15687,17,586,337,4
15703,17,583,316,4
15720,17,584,323,4
15737,17,563,357,4
15753,17,543,429,3
15770,17,537,426,3
15787,17,535,438,3
15803,17,534,428,3
15820,17,537,400,2
15837,17,536,424,3
15853,17,545,420,5
15870,17,540,435,3
15886,17,534,440,3
15903,17,541,416,2
15920,17,543,416,2
15936,17,535,419,5
15953,17,534,437,3
15970,17,538,419,5
15986,17,534,420,5
16003,17,544,435,3
16020,17,541,423,3
16036,17,539,419,5
16053,17,543,406,2
16069,17,540,419,5
16086,17,541,426,3
16103,17,541,419,5
16119,17,546,411,2
16136,17,545,419,5
16153,17,529,278,0
16169,17,539,253,1
16186,17,546,281,0
16203,17,545,270,0
16219,17,547,253,1
16236,17,549,251,1
16252,17,545,263,0
16269,17,546,277,0
16286,17,543,242,1
16302,17,549,229,1
16319,17,540,249,1
16336,17,541,268,0
16352,17,548,259,1
16369,17,549,144,1
16386,17,554,181,1
16402,17,552,171,1
16419,17,551,173,1
16435,17,549,177,1
16452,17,556,152,1
16469,17,554,163,1
16485,17,561,162,1
16502,17,550,162,1
16519,17,554,168,1
16535,17,550,193,1
16552,17,550,195,1
16569,17,550,195,1
16585,17,549,192,1
16602,17,554,166,1
16618,17,553,163,1
16635,17,548,170,1
16652,17,553,159,1
16668,17,561,234,1
16685,17,563,280,0
16702,17,565,305,4
16718,17,561,293,4
16735,17,560,293,4
16751,17,559,291,4
16768,17,557,315,4
16785,17,555,309,4
16801,17,560,306,4
16818,17,558,299,4
16835,17,563,294,4
16851,17,559,295,4
16868,17,555,325,4
16885,17,558,313,4
16901,17,557,297,4
16918,17,560,305,4
16934,17,534,300,4
16951,17,480,303,4
16968,17,484,310,4
16984,17,479,310,4
17001,17,485,297,4
17018,17,479,297,4
17034,17,486,296,4
17051,17,477,295,4
17068,17,481,307,4
17084,17,479,306,4
17101,17,483,295,4
17117,17,483,312,4
17134,17,481,330,4
17151,17,480,319,4
17167,17,481,334,4
17184,17,478,325,4
17201,17,490,313,4
17217,17,478,270,0
17234,17,481,313,4
17251,17,483,323,4
17267,17,478,313,4
17284,17,477,306,4
17300,17,518,408,2
17317,17,504,392,2
17334,17,521,409,2
17350,17,517,413,2
17367,17,515,406,2
17384,17,516,430,3
17400,17,514,406,2
17417,17,522,419,5
17434,17,516,419,5
17450,17,513,421,5
17467,17,511,419,5
17483,17,512,407,2
17500,17,513,413,2
17517,17,508,419,5
17533,17,509,417,5
17550,17,511,415,2
17567,17,518,409,2
17583,17,508,424,3
17600,17,514,420,5
17617,17,517,420,5
17633,17,511,410,2
17650,17,509,427,3
17666,17,510,421,5
17683,17,512,429,3
17700,17,503,429,3
17716,17,511,420,5
17733,17,512,416,2
17750,17,512,434,3
17766,17,513,423,3
17783,17,513,424,3
17800,17,516,419,5
17816,17,515,409,2
17833,17,511,421,5
17849,17,513,415,2
17866,17,514,403,2
17883,17,519,429,3
17899,17,526,409,2
17916,17,513,420,5
17933,17,516,423,3
17949,17,518,411,2
17966,17,517,408,2
17982,17,513,413,2
17999,17,510,416,2
18016,17,513,437,3
18032,17,513,440,3
18049,17,517,418,5
18066,17,513,417,5
18082,17,518,414,2
18099,17,514,402,2
18116,17,512,428,3
18132,17,510,425,3
18149,17,519,423,3
18165,17,516,407,2
18182,17,515,419,5
18199,17,515,416,2
18215,17,515,440,3
18232,17,517,419,5
18249,17,515,403,2
18265,17,521,424,3
18282,17,513,428,3
18299,17,518,418,5
18315,17,517,420,5
18332,17,519,425,3
18348,17,515,434,3
18365,17,525,424,3
18382,17,519,437,3
18398,17,518,433,3
18415,17,517,432,3
18432,17,518,444,3
18448,17,518,375,2
18465,17,523,386,2
18482,17,522,380,2
18498,17,522,380,2
18515,17,520,382,2
18531,17,522,385,2
18548,17,522,353,4
18565,17,519,376,2
18581,17,521,375,2
18598,17,516,349,4
18615,17,525,361,4
18631,17,520,366,2
18648,17,523,374,2
18665,17,521,357,4
18681,17,524,368,2
18698,17,527,363,4
18714,17,524,370,2
18731,17,525,364,4
18748,17,525,350,4
18764,17,525,375,2
18781,17,526,338,4
18798,17,521,384,2
18814,17,524,375,2
18831,17,525,372,2
18848,17,525,369,2
18864,17,522,364,4
18881,17,529,375,2
18897,17,531,370,2
18914,17,529,370,2
18931,17,526,370,2
18947,17,528,380,2
18964,17,527,370,2
18981,17,532,381,2
18997,17,532,383,2
19014,17,527,377,2
19030,17,524,361,4
19047,17,531,378,2
19064,17,527,365,2
19080,17,530,386,2
19097,17,530,377,2
19114,17,533,374,2
19130,17,534,390,2
19147,17,529,388,2
19164,17,528,368,2
19180,17,528,385,2
19197,17,535,361,4
19213,17,527,366,2
19230,17,522,366,2
19247,17,533,387,2
19263,17,526,366,2
19280,17,526,360,4
19297,17,525,372,2
19313,17,531,366,2
19330,17,525,384,2
19347,17,523,391,2
19363,17,525,374,2
19380,17,524,393,2
19396,17,530,370,2
19413,17,529,353,4
19430,17,527,394,2
19446,17,525,387,2
19463,17,526,381,2
19480,17,529,355,4
19496,17,525,390,2
19513,17,529,349,4
19530,17,523,354,4
19546,17,533,347,4
19563,17,533,312,4
19579,17,533,325,4
19596,17,537,327,4
19613,17,537,323,4
19629,17,535,342,4
19646,17,533,323,4
19663,17,538,342,4
19679,17,541,338,4
19696,17,536,315,4
19713,17,533,323,4
19729,17,546,304,4
19746,17,575,335,4
19762,17,579,324,4
19779,17,573,316,4
19796,17,573,319,4
19812,17,579,339,4
19829,17,575,331,4
19846,17,584,330,4
19862,17,586,306,4
19879,17,582,342,4
19896,17,581,340,4
19912,17,579,333,4
19929,17,580,337,4
19945,17,553,259,1
19962,17,537,208,1
19979,17,525,205,1
19995,17,525,197,1
20012,17,529,224,1
20029,17,532,206,1
20045,17,522,203,1
20062,17,524,195,1
20079,17,526,218,1
20095,17,527,182,1
20112,17,532,189,1
20128,17,525,207,1
20145,17,527,207,1
20162,17,528,210,1
20178,17,528,216,1
20195,17,527,203,1
20212,17,525,225,1
20228,17,526,197,1
20245,17,524,204,1
20261,17,526,219,1
20278,17,525,205,1
20295,17,526,206,1
20311,17,525,200,1
20328,17,524,215,1
20345,17,531,307,4
20361,17,526,328,4
20378,17,525,347,4
20395,17,524,348,4
20411,17,521,339,4
20428,17,529,355,4
20444,17,526,329,4
20461,17,525,345,4
20478,17,525,341,4
20494,17,524,338,4
20511,17,527,334,4
20528,17,524,335,4
20544,17,529,318,4
20561,17,511,348,4
20578,17,476,332,4
20594,17,475,355,4
20611,17,473,333,4
20627,17,473,346,4
20644,17,473,358,4
20661,17,471,350,4
20677,17,475,333,4
20694,17,472,350,4
20711,17,470,338,4
20727,17,474,364,4
20744,17,473,331,4
20761,17,476,353,4
20777,17,477,343,4
20794,17,472,347,4
20810,17,503,338,4
20827,17,578,331,4
20844,17,596,342,4
20860,17,590,344,4
20877,17,593,359,4
20894,17,592,360,4
20910,17,592,344,4
20927,17,601,323,4
20944,17,595,337,4
20960,17,598,344,4
20977,17,604,341,4
20993,17,597,326,4
21010,17,599,338,4
21027,17,601,353,4
21043,17,599,333,4
21060,17,543,348,4
21077,17,470,339,4
21093,17,472,311,4
21110,17,470,343,4
21127,17,471,327,4
21143,17,472,319,4
21160,17,471,318,4
21176,17,468,339,4
21193,17,466,329,4
21210,17,467,340,4
21226,17,467,351,4
21243,17,466,330,4
21260,17,469,316,4
21276,17,468,329,4
21293,17,471,334,4
21309,17,535,816,0
21359,50,570,280,0
21376,17,570,219,1
21393,17,567,226,1
21409,17,566,324,4
21426,17,577,329,4
21443,17,574,329,4
21459,17,572,332,4
21476,17,577,319,4
21492,17,578,322,4
21509,17,575,334,4
21526,17,576,322,4
21542,17,578,319,4
21559,17,589,261,0
21576,17,600,214,1
21592,17,603,177,1
21609,17,602,208,1
21626,17,607,199,1
21642,17,608,183,1
21659,17,606,206,1
21675,17,606,195,1
21692,17,606,184,1
21709,17,602,188,1
21725,17,604,185,1
21742,17,602,210,1
21759,17,605,200,1
21775,17,607,183,1
21792,17,608,208,1
21809,17,604,208,1
21825,17,605,199,1
21842,17,602,192,1
21858,17,612,179,1
21875,17,605,197,1
21892,17,606,204,1
21908,17,605,164,1
21925,17,600,182,1
21942,17,608,202,1
21958,17,614,295,0
22075,116,476,227,1
22091,17,504,304,4
22108,17,502,246,1
22125,17,508,301,4
22141,17,512,319,4
22158,17,509,298,4
22175,17,509,300,4
22191,17,510,322,4
22208,17,510,319,4
22224,17,508,324,4
22241,17,517,310,4
22258,17,508,329,4
22274,17,507,313,4
22291,17,509,308,4
22308,17,508,308,4
22324,17,517,304,4
22341,17,504,332,4
22358,17,501,335,4
22374,17,503,328,4
22391,17,509,333,4
22407,17,505,337,4
22424,17,501,333,4
22441,17,501,333,4
22457,17,531,399,2
22474,17,526,378,2
22491,17,529,401,2
22507,17,521,382,2
22524,17,523,382,2
22540,17,522,383,2
22557,17,522,407,2
22574,17,520,233,1
22590,17,587,929,0
22707,116,378,400,2
22723,17,371,226,1
22740,17,354,374,2
22757,17,398,409,2
22773,17,410,408,2
22790,17,402,420,3
22807,17,405,426,3
22823,17,400,418,3
22840,17,405,413,2
22857,17,408,415,2
22873,17,503,358,4
22890,17,526,374,2
22906,17,534,366,2
22923,17,529,355,4
22940,17,533,366,2
22956,17,531,367,2
22973,17,533,382,2
22990,17,539,379,2
23006,17,529,360,4
23023,17,532,378,2
23040,17,525,394,2
23056,17,534,347,4
23073,17,535,352,4
23089,17,534,378,2
23106,17,529,379,2
23123,17,530,367,2
23139,17,529,372,2
23156,17,528,399,2
23173,17,529,381,2
23189,17,534,369,2
23206,17,530,373,2
23223,17,531,383,2
23239,17,531,390,2
23256,17,532,388,2
23272,17,532,386,2
23289,17,536,373,2
23306,17,534,367,2
23322,17,536,361,4
23339,17,535,363,4
23356,17,535,371,2
23372,17,531,371,2
23389,17,539,354,4
23406,17,536,386,2
23422,17,537,360,4
23439,17,534,381,2
23455,17,525,314,4
23472,17,513,317,4
23489,17,517,312,4
23505,17,514,312,4
23522,17,510,324,4
23539,17,514,312,4
23555,17,517,321,4
23572,17,519,300,4
23588,17,516,292,4
23605,17,517,310,4
23622,17,518,314,4
23638,17,554,330,4
23655,17,582,327,4
23672,17,588,320,4
23688,17,585,304,4
23705,17,595,309,4
23722,17,593,317,4
23738,17,590,311,4
23755,17,592,323,4
23771,17,592,330,4
23788,17,597,337,4
23805,17,592,310,4
23821,17,591,304,4
23838,17,595,300,4
23855,17,595,311,4
23871,17,592,317,4
23888,17,593,301,4
23905,17,584,321,4
23921,17,587,309,4
23938,17,589,312,4
23954,17,591,299,4
23971,17,588,329,4
23988,17,589,324,4
24004,17,587,296,4
24021,17,588,310,4
24038,17,593,328,4
24054,17,589,306,4
24071,17,543,255,1
24088,17,512,216,1
24104,17,508,176,1
24121,17,505,181,1
24137,17,506,182,1
24154,17,507,180,1
24171,17,506,181,1
24187,17,504,160,1
24204,17,502,182,1
24221,17,504,178,1
24237,17,503,177,1
24254,17,504,176,1
24271,17,507,177,1
24287,17,505,177,1
24304,17,515,268,0
24320,17,524,354,4
24337,17,527,362,4
24354,17,530,392,2
24370,17,538,374,2
24387,17,528,385,2
24404,17,525,371,2
24420,17,531,369,2
24437,17,530,395,2
24454,17,526,393,2
24470,17,532,372,2
24487,17,535,370,2
24503,17,535,372,2
24520,17,539,444,3
24537,17,533,429,3
24553,17,534,435,3
24570,17,534,442,3
24587,17,532,428,3
24603,17,536,459,3
24620,17,540,428,3
24637,17,537,392,2
24653,17,536,439,3
24670,17,535,428,3
24686,17,536,444,3
24703,17,536,455,3
24720,17,536,457,3
24736,17,540,401,2
24753,17,540,425,3
24770,17,529,374,2
24786,17,519,343,4
24803,17,526,321,4
24819,17,520,338,4
24836,17,521,334,4
24853,17,524,332,4
24869,17,527,317,4
24886,17,522,316,4
24903,17,522,338,4
24919,17,524,339,4
24936,17,528,340,4
24953,17,526,348,4
24969,17,525,335,4
24986,17,527,338,4
25002,17,529,343,4
25019,17,529,319,4
25036,17,521,334,4
25052,17,524,328,4
25069,17,527,343,4
25086,17,525,335,4
25102,17,529,339,4
25119,17,524,336,4
25136,17,516,332,4
25152,17,524,323,4
25169,17,521,334,4
25185,17,520,327,4
25202,17,532,307,4
25219,17,536,319,4
25235,17,529,305,4
25252,17,530,307,4
25269,17,530,308,4
25285,17,531,306,4
25302,17,537,327,4
25319,17,533,311,4
25335,17,536,309,4
25352,17,528,315,4
25368,17,529,307,4
25385,17,535,325,4
25402,17,544,435,3
25418,17,539,427,3
25435,17,534,445,3
25452,17,539,455,3
25468,17,527,442,3
25485,17,538,429,3
25502,17,536,438,3
25518,17,544,448,3
25535,17,539,450,3
25551,17,536,434,3
25568,17,541,439,3
25585,17,530,455,3
25601,17,534,448,3
25618,17,533,441,3
25635,17,536,440,3
25651,17,536,432,3
25668,17,540,434,3
25685,17,541,441,3
25701,17,538,438,3
25718,17,541,435,3
25734,17,539,431,3
25751,17,535,441,3
25768,17,535,442,3
25784,17,537,437,3
25801,17,533,435,3
25818,17,536,431,3
25834,17,531,451,3
25851,17,526,433,3
25868,17,539,446,3
25884,17,533,438,3
25901,17,521,454,3
25917,17,531,446,3
25934,17,529,434,3
25951,17,479,330,4
25967,17,467,312,4
25984,17,479,324,4
26001,17,474,330,4
26017,17,477,335,4
26034,17,473,321,4
26050,17,477,317,4
26067,17,474,313,4
26084,17,471,331,4
26100,17,477,327,4
26117,17,484,326,4
26134,17,451,317,4
26150,17,451,318,4
26167,17,451,329,4
26184,17,448,312,4
26200,17,449,327,4
26217,17,452,333,4
26233,17,447,319,4
26250,17,449,344,4
26267,17,452,310,4
26283,17,451,313,4
26300,17,449,308,4
26317,17,451,332,4
26333,17,452,327,4
26350,17,455,301,4
26367,17,446,308,4
26383,17,449,300,4
26400,17,452,309,4
26416,17,453,311,4
26433,17,448,316,4
26450,17,512,362,4
26466,17,524,380,2
26483,17,515,371,2
26500,17,525,364,4
26516,17,527,369,2
26533,17,528,390,2
26550,17,518,370,2
26566,17,527,364,4
26583,17,524,358,4
26599,17,522,363,4
26616,17,520,369,2
26633,17,527,376,2
26649,17,523,347,4
26666,17,528,347,4
26683,17,522,349,4
26699,17,525,371,2
26716,17,526,360,4
26733,17,520,367,2
26749,17,531,349,4
26766,17,528,368,2
26782,17,528,363,4
26799,17,527,378,2
26816,17,530,369,2
26832,17,529,383,2
26849,17,526,369,2
26866,17,528,361,4
26882,17,529,402,2
26899,17,531,384,2
26916,17,539,385,2
26932,17,529,379,2
26949,17,527,374,2
26965,17,530,385,2
26982,17,529,386,2
26999,17,528,395,2
27015,17,532,395,2
27032,17,523,380,2
27049,17,533,370,2
27065,17,533,370,2
27082,17,534,372,2
27098,17,530,386,2
27115,17,534,381,2
27132,17,535,387,2
27148,17,530,363,4
27165,17,533,391,2
27182,17,535,373,2
27198,17,537,388,2
27215,17,532,373,2
27232,17,534,382,2
27248,17,532,380,2
27265,17,535,398,2
27281,17,538,371,2
27298,17,537,392,2
27315,17,536,367,2
27331,17,537,383,2
27348,17,532,365,2
27365,17,538,374,2
27381,17,538,384,2
27398,17,536,366,2
27415,17,533,398,2
27431,17,533,374,2
27448,17,529,385,2
27464,17,526,365,2
27481,17,532,386,2
27498,17,532,372,2
27514,17,529,368,2
27531,17,527,324,4
27548,17,528,318,4
27564,17,530,315,4
27581,17,529,325,4
27598,17,529,319,4
27614,17,529,296,4
27631,17,531,315,4
27647,17,529,328,4
27664,17,530,326,4
27681,17,535,317,4
27697,17,535,327,4
27714,17,533,325,4
27731,17,534,316,4
27747,17,537,287,0
27764,17,539,225,1
27781,17,530,196,1
27797,17,533,209,1
27814,17,535,224,1
27830,17,528,206,1
27847,17,539,206,1
27864,17,538,203,1
27880,17,541,205,1
27897,17,538,201,1
27914,17,540,214,1
27930,17,534,184,1
27947,17,537,191,1
27964,17,536,200,1
27980,17,532,210,1
27997,17,538,196,1
28013,17,541,210,1
28030,17,542,184,1
28047,17,554,177,1
28063,17,549,168,1
28080,17,557,140,1
28097,17,555,159,1
28113,17,554,179,1
28130,17,555,150,1
28147,17,558,163,1
28163,17,553,152,1
28180,17,557,162,1
28196,17,558,171,1
28213,17,503,244,1
28230,17,462,322,4
28246,17,465,338,4
28263,17,462,346,4
28280,17,462,335,4
28296,17,462,363,4
28313,17,461,335,4
28329,17,459,350,4
28346,17,461,361,4
28363,17,467,366,2
28379,17,463,348,4
28396,17,462,364,4
28413,17,464,344,4
28429,17,522,424,3
28446,17,528,412,2
28463,17,535,453,3
28479,17,532,450,3
28496,17,530,427,3
28512,17,533,420,5
28529,17,531,427,3
28546,17,532,438,3
28562,17,533,417,5
28579,17,526,452,3
28596,17,534,424,3
28612,17,531,410,2
28629,17,524,421,5
28646,17,541,365,2
28662,17,558,340,4
28679,17,558,367,2
28695,17,565,347,4
28712,17,561,336,4
28729,17,562,331,4
28745,17,561,357,4
28762,17,562,339,4
28779,17,558,349,4
28795,17,570,352,4
28812,17,588,339,4
28829,17,589,330,4
28845,17,590,342,4
28862,17,585,355,4
28878,17,589,330,4
28895,17,582,360,4
28912,17,586,315,4
28928,17,582,347,4
28945,17,582,337,4
28962,17,588,352,4
28978,17,590,332,4
28995,17,590,341,4
29012,17,546,340,4
29028,17,486,337,4
29045,17,482,325,4
29061,17,479,352,4
29078,17,479,352,4
29095,17,477,352,4
29111,17,480,344,4
29128,17,479,329,4
29145,17,481,328,4
29161,17,476,341,4
29178,17,480,352,4
29195,17,478,340,4
29211,17,479,335,4
29228,17,478,318,4
29244,17,476,347,4
29261,17,552,350,4
29278,17,582,288,4
29294,17,581,801,0
29394,100,487,810,0
29411,17,484,193,1
29427,17,521,414,2
29444,17,495,365,2
29461,17,493,349,4
29477,17,490,363,4
29494,17,489,361,4
29511,17,490,345,4
29527,17,487,365,2
29544,17,492,368,2
29560,17,495,363,4
29577,17,487,364,4
29594,17,490,363,4
29610,17,499,346,4
29627,17,546,333,4
29644,17,551,335,4
29660,17,557,310,4
29677,17,556,345,4
29694,17,552,334,4
29710,17,558,331,4
29727,17,556,314,4
29743,17,558,308,4
29760,17,560,334,4
29777,17,554,336,4
29793,17,580,346,4
29810,17,586,330,4
29827,17,580,337,4
29843,17,589,325,4
29860,17,582,329,4
29877,17,586,333,4
29893,17,586,337,4
29910,17,587,350,4
29926,17,586,353,4
29943,17,595,332,4
29960,17,602,343,4
29976,17,523,340,4
29993,17,479,340,4
30010,17,478,314,4
30026,17,476,343,4
30043,17,475,338,4
30060,17,479,331,4
30076,17,479,349,4
30093,17,483,316,4
30109,17,482,346,4
30126,17,485,326,4
30143,17,486,345,4
30159,17,487,330,4
30176,17,516,346,4
30193,17,569,311,4
30209,17,585,342,4
30226,17,589,333,4
30243,17,589,321,4
30259,17,588,330,4
30276,17,587,337,4
30292,17,589,326,4
30309,17,591,321,4
30326,17,599,336,4
30342,17,597,322,4
30359,17,590,323,4
30376,17,594,313,4
30392,17,591,331,4
30409,17,589,318,4
30426,17,597,339,4
30442,17,592,322,4
30459,17,588,330,4
30475,17,576,320,4
30492,17,529,362,4
30509,17,532,367,2
30525,17,529,341,4
30542,17,522,346,4
30559,17,523,366,2
30575,17,526,359,4
30592,17,529,349,4
30608,17,529,360,4
30625,17,529,366,2
30642,17,530,357,4
30658,17,529,358,4
30675,17,530,362,4
30692,17,530,371,2
30708,17,531,363,4
30725,17,534,351,4
30742,17,533,364,4
30758,17,533,366,2
30775,17,529,374,2
30791,17,525,377,2
30808,17,530,352,4
30825,17,533,384,2
30841,17,528,371,2
30858,17,535,373,2
30875,17,534,371,2
30891,17,532,389,2
30908,17,534,389,2
30925,17,530,379,2
30941,17,533,359,4
30958,17,532,400,2
30974,17,534,373,2
30991,17,534,379,2
31008,17,533,356,4
31024,17,534,375,2
31041,17,533,381,2
31058,17,531,388,2
31074,17,528,359,4
31091,17,534,380,2
31108,17,534,372,2
31124,17,532,390,2
31141,17,534,377,2
31157,17,538,363,4
31174,17,540,387,2
31191,17,537,368,2
31207,17,539,381,2
31224,17,538,378,2
31241,17,536,378,2
31257,17,537,353,4
31274,17,528,363,4
31291,17,529,378,2
31307,17,531,375,2
31324,17,531,373,2
31340,17,537,350,4
31357,17,536,363,4
31374,17,530,369,2
31390,17,528,379,2
31407,17,530,361,4
31424,17,533,378,2
31440,17,529,368,2
31457,17,527,357,4
31474,17,522,364,4
31490,17,531,368,2
31507,17,531,354,4
31523,17,528,346,4
31540,17,526,352,4
31557,17,538,364,4
31573,17,571,325,4
31590,17,579,308,4
31607,17,582,310,4
31623,17,582,324,4
31640,17,578,316,4
31656,17,581,313,4
31673,17,583,326,4
31690,17,584,329,4
31706,17,582,302,4
31723,17,584,294,4
31740,17,590,301,4
31756,17,583,309,4
31773,17,581,309,4
31790,17,577,254,1
31806,17,575,216,1
31823,17,572,208,1
31839,17,581,205,1
31856,17,579,202,1
31873,17,576,194,1
31889,17,576,201,1
31906,17,574,197,1
31923,17,580,215,1
31939,17,576,195,1
31956,17,577,180,1
31973,17,580,206,1
31989,17,576,196,1
32006,17,549,238,1
32022,17,503,291,4
32039,17,497,291,4
32056,17,493,311,4
32072,17,493,309,4
32089,17,494,320,4
32106,17,495,284,0
32122,17,495,284,0
32139,17,492,301,4
32156,17,495,294,4
32172,17,502,266,0
32189,17,493,302,4
32205,17,560,315,4
32222,17,592,306,4
32239,17,590,319,4
32255,17,597,291,4
32272,17,594,296,4
32289,17,593,297,4
32305,17,594,311,4
32322,17,593,308,4
32339,17,594,295,4
32355,17,596,283,0
32372,17,596,308,4
32388,17,597,305,4
32405,17,591,314,4
32422,17,596,305,4
32438,17,597,295,4
32455,17,596,311,4
32472,17,505,309,4
32488,17,474,290,4
32505,17,483,290,4
32522,17,475,296,4
32538,17,476,294,4
32555,17,472,287,0
32571,17,478,290,4
32588,17,475,293,4
32605,17,480,305,4
32621,17,482,311,4
32638,17,474,292,4
32655,17,475,313,4
32671,17,480,307,4
32688,17,480,305,4
32705,17,486,177,1
32721,17,506,161,1
32738,17,508,178,1
32754,17,509,152,1
32771,17,508,164,1
32788,17,506,169,1
32804,17,509,176,1
32821,17,509,164,1
32838,17,510,158,1
32854,17,509,152,1
32871,17,508,161,1
32887,17,509,163,1
32904,17,510,157,1
32921,17,507,163,1
32937,17,520,197,1
32954,17,552,308,4
32971,17,542,341,4
32987,17,545,317,4
33004,17,548,309,4
33021,17,549,332,4
33037,17,546,325,4
33054,17,546,337,4
33070,17,545,323,4
33087,17,550,325,4
33104,17,549,324,4
33120,17,545,326,4
33137,17,559,324,4
33154,17,577,336,4
33170,17,582,307,4
33187,17,582,343,4
33204,17,577,297,4
33220,17,582,339,4
33237,17,583,312,4
33253,17,580,337,4
33270,17,581,324,4
33287,17,581,332,4
33303,17,581,311,4
33320,17,583,316,4
33337,17,576,323,4
33353,17,483,332,4
33370,17,451,315,4
33387,17,459,294,4
33403,17,454,297,4
33420,17,454,299,4
33436,17,453,336,4
33453,17,454,282,0
33470,17,462,312,4
33486,17,452,301,4
33503,17,448,302,4
33520,17,451,298,4
33536,17,452,307,4
33553,17,455,306,4
33570,17,543,327,4
33586,17,584,318,4
33603,17,589,308,4
33619,17,582,313,4
33636,17,592,309,4
33653,17,585,306,4
33669,17,587,325,4
33686,17,594,311,4
33703,17,589,308,4
33719,17,590,315,4
33736,17,594,308,4
33753,17,589,303,4
33769,17,592,318,4
33786,17,591,318,4
33802,17,502,330,4
33819,17,461,309,4
33836,17,470,317,4
33852,17,466,320,4
33869,17,472,304,4
33886,17,470,309,4
33902,17,466,326,4
33919,17,465,320,4
33936,17,463,290,4
33952,17,463,280,0
33969,17,464,313,4
33985,17,461,308,4
34002,17,465,308,4
34019,17,468,299,4
34035,17,473,192,1
34052,17,489,159,1
34069,17,494,126,0
34085,17,494,172,1
34102,17,492,183,1
34118,17,497,172,1
34135,17,495,174,1
34152,17,497,148,1
34168,17,498,157,1
34185,17,500,155,1
34202,17,500,161,1
34218,17,506,152,1
34235,17,509,156,1
34252,17,500,149,1
34268,17,508,147,1
34285,17,508,172,1
34301,17,505,108,0
34318,17,500,161,1
34335,17,526,155,1
34351,17,593,152,1
34368,17,619,172,1
34385,17,619,181,1
34401,17,625,162,1
34418,17,631,180,1
34435,17,622,156,1
34451,17,625,170,1
34468,17,622,188,1
34484,17,627,184,1
34501,17,633,171,1
34518,17,637,193,1
34534,17,605,227,1
34551,17,554,347,4
34568,17,523,398,2
34584,17,520,382,2
34601,17,520,381,2
34618,17,517,372,2
34634,17,521,350,4
34651,17,518,377,2
34667,17,517,389,2
34684,17,514,395,2
34701,17,515,379,2
34717,17,522,407,2
34734,17,518,364,4
34751,17,520,377,2
34767,17,514,376,2
34784,17,516,379,2
34801,17,516,380,2
34817,17,512,373,2
34834,17,516,394,2
34850,17,523,360,4
34867,17,528,393,2
34884,17,525,363,4
34900,17,527,383,2
34917,17,528,376,2
34934,17,529,358,4
34950,17,522,385,2
34967,17,525,357,4
34984,17,525,373,2
35000,17,525,352,4
35017,17,535,348,4
35033,17,531,384,2
35050,17,526,355,4
35067,17,530,363,4
35083,17,531,367,2
35100,17,528,361,4
35117,17,527,338,4
35133,17,533,359,4
35150,17,530,354,4
35166,17,526,366,2
35183,17,533,360,4
35200,17,527,370,2
35216,17,526,364,4
35233,17,528,373,2
35250,17,527,359,4
35266,17,528,369,2
35283,17,530,357,4
35300,17,530,374,2
35316,17,529,342,4
35333,17,531,342,4
35349,17,530,343,4
35366,17,529,361,4
35383,17,526,363,4
35399,17,531,333,4
35416,17,527,354,4
35433,17,532,362,4
35449,17,528,348,4
35466,17,534,364,4
35483,17,528,347,4
35499,17,529,361,4
35516,17,531,376,2
35532,17,526,356,4
35549,17,527,369,2
35566,17,526,374,2
35582,17,529,368,2
35599,17,524,364,4
35616,17,509,293,4
35632,17,507,244,1
35649,17,507,278,0
35666,17,507,257,1
35682,17,512,267,0
35699,17,514,261,0
35715,17,511,277,0
35732,17,508,254,1
35749,17,513,275,0
35765,17,513,257,1
35782,17,513,249,1
35799,17,515,261,0
35815,17,513,251,1
35832,17,512,260,0
35849,17,513,369,2
35865,17,514,379,2
35882,17,508,386,2
35898,17,512,389,2
35915,17,511,386,2
35932,17,511,398,2
35948,17,506,401,2
35965,17,510,384,2
35982,17,511,390,2
35998,17,513,394,2
36015,17,514,397,2
36032,17,510,398,2
36048,17,514,390,2
36065,17,508,393,2
36081,17,519,390,2
36098,17,521,391,2
36115,17,520,387,2
36131,17,521,378,2
36148,17,525,393,2
36165,17,525,398,2
36181,17,527,386,2
36198,17,524,389,2
36215,17,520,386,2
36231,17,521,379,2
36248,17,524,348,4
36264,17,532,321,4
36281,17,536,307,4
36298,17,530,317,4
36314,17,533,310,4
36331,17,533,316,4
36348,17,530,338,4
36364,17,535,288,4
36381,17,533,309,4
36397,17,531,322,4
36414,17,533,314,4
36431,17,532,318,4
36447,17,536,303,4
36464,17,532,321,4
36481,17,506,337,4
36497,17,484,327,4
36514,17,483,317,4
36531,17,484,329,4
36547,17,483,324,4
36564,17,486,302,4
36580,17,482,312,4
36597,17,480,312,4
36614,17,482,334,4
36630,17,486,318,4
36647,17,482,331,4
36664,17,483,321,4
36680,17,479,316,4
36697,17,482,329,4
36714,17,500,218,1
36730,17,517,179,1
36747,17,519,184,1
36763,17,524,206,1
36780,17,524,169,1
36797,17,523,162,1
36813,17,525,156,1
36830,17,525,185,1
36847,17,524,197,1
36863,17,528,187,1
36880,17,524,199,1
36897,17,527,172,1
36913,17,519,171,1
36930,17,524,170,1
36946,17,521,186,1
36963,17,530,186,1
36980,17,524,182,1
36996,17,527,176,1
37013,17,520,171,1
37030,17,522,173,1
37113,83,497,841,0
37129,17,491,46,0
37146,17,514,277,0
37163,17,497,286,0
37179,17,499,290,4
37196,17,502,291,4
37213,17,493,286,0
37229,17,494,297,4
37246,17,497,284,0
37263,17,496,275,0
37279,17,496,279,0
37296,17,501,283,0
37312,17,498,285,0
37329,17,497,273,0
37346,17,502,298,4
37362,17,504,284,0
37379,17,501,273,0
37396,17,506,266,0
37412,17,527,180,1
37429,17,535,200,1
37445,17,538,204,1
37462,17,538,182,1
37479,17,532,217,1
37495,17,535,219,1
37512,17,545,225,1
37529,17,536,214,1
37545,17,533,209,1
37562,17,535,206,1
37579,17,532,209,1
37595,17,529,227,1
37612,17,533,197,1
37628,17,534,190,1
37645,17,529,205,1
37662,17,534,193,1
37678,17,522,240,1
37695,17,484,307,4
37712,17,484,319,4
37728,17,481,323,4
37745,17,482,304,4
37762,17,480,297,4
37778,17,478,306,4
37795,17,487,313,4
37811,17,485,315,4
37828,17,484,308,4
37845,17,485,317,4
37861,17,487,330,4
37878,17,483,326,4
37895,17,484,188,1
37961,67,540,396,2
37978,17,547,216,1
37994,17,554,120,0
38011,17,550,341,4
38028,17,543,251,1
38044,17,538,280,0
38061,17,541,349,4
38078,17,550,347,4
38094,17,547,335,4
38111,17,550,326,4
38128,17,546,300,4
38144,17,545,310,4
38161,17,550,337,4
38177,17,520,326,4
38194,17,478,326,4
38211,17,482,313,4
38227,17,482,332,4
38244,17,483,335,4
38261,17,480,309,4
38277,17,480,318,4
38294,17,478,320,4
38311,17,478,308,4
38327,17,485,317,4
38344,17,479,324,4
38360,17,487,321,4
38377,17,485,315,4
38394,17,481,321,4
38410,17,481,317,4
38427,17,481,331,4
38444,17,488,322,4
38460,17,484,327,4
38477,17,481,311,4
38494,17,482,305,4
38510,17,481,305,4
38527,17,483,307,4
38543,17,481,323,4
38560,17,489,331,4
38577,17,476,315,4
38593,17,480,323,4
38610,17,488,325,4
38627,17,529,353,4
38643,17,522,371,2
38660,17,521,377,2
38676,17,526,366,2
38693,17,524,378,2
38710,17,521,339,4
38726,17,527,360,4
38743,17,527,376,2
38760,17,523,362,4
38776,17,522,381,2
38793,17,522,377,2
38810,17,523,389,2
38826,17,525,383,2
38843,17,527,365,2
38859,17,527,376,2
38876,17,522,369,2
38893,17,529,380,2
38909,17,524,369,2
38926,17,525,387,2
38943,17,528,369,2
38959,17,530,378,2
38976,17,528,362,4
38993,17,530,351,4
39009,17,524,366,2
39026,17,533,349,4
39042,17,528,363,4
39059,17,527,356,4
39076,17,534,375,2
39092,17,528,360,4
39109,17,534,376,2
39126,17,527,370,2
39142,17,533,359,4
39159,17,533,354,4
39176,17,532,343,4
39192,17,528,361,4
39209,17,525,364,4
39225,17,530,373,2
39242,17,533,352,4
39259,17,538,336,4
39275,17,528,370,2
39292,17,530,350,4
39309,17,530,343,4
39325,17,528,328,4
39342,17,532,357,4
39359,17,530,368,2
39375,17,535,371,2
39392,17,539,363,4
39408,17,533,351,4
39425,17,533,362,4
39442,17,525,364,4
39458,17,531,378,2
39475,17,553,356,4
39492,17,552,345,4
39508,17,553,364,4
39525,17,553,382,2
39542,17,549,342,4
39558,17,555,358,4
39575,17,555,343,4
39591,17,551,357,4
39608,17,551,363,4
39625,17,553,333,4
39641,17,548,334,4
39658,17,550,342,4
39675,17,539,334,4
39691,17,543,350,4
39708,17,542,334,4
39724,17,545,313,4
39741,17,538,335,4
39758,17,544,333,4
39774,17,574,339,4
39791,17,586,319,4
39808,17,589,324,4
39824,17,583,330,4
39841,17,600,322,4
39858,17,589,327,4
39874,17,599,327,4
39891,17,590,317,4
39907,17,585,355,4
39924,17,590,333,4
39941,17,596,311,4
39957,17,594,318,4
39974,17,590,338,4
39991,17,594,320,4
40007,17,591,333,4
40024,17,600,331,4
40041,17,592,345,4
40057,17,591,337,4
40074,17,591,331,4
40090,17,591,334,4
40107,17,590,319,4
40124,17,591,322,4
40140,17,592,311,4
40157,17,587,320,4
40174,17,590,325,4
40190,17,592,330,4
40207,17,592,329,4
40224,17,593,353,4
40240,17,610,333,4
40257,17,704,350,0
40273,17,751,344,0
40290,17,756,361,0
40307,17,758,364,0
40323,17,742,354,0
40340,17,750,346,0
40357,17,743,336,0
40373,17,741,359,0
40390,17,748,339,0
40407,17,751,356,0
40423,17,740,345,0
40440,17,736,357,0
40456,17,749,343,0
40473,17,742,360,0
40490,17,753,353,0
40506,17,730,368,2
40523,17,740,360,0
40540,17,747,345,0
40556,17,744,341,0
40573,17,765,283,0
40590,17,757,266,0
40606,17,757,264,0
40623,17,750,302,0
40639,17,764,273,0
40656,17,762,256,0
40673,17,763,279,0
40689,17,746,273,0
40706,17,761,245,0
40723,17,760,276,0
40739,17,754,268,0
40756,17,748,271,0
40773,17,755,277,0
40789,17,749,265,0
40806,17,750,272,0
40822,17,760,289,0
40839,17,754,294,0
40856,17,761,280,0
40872,17,736,257,0
40889,17,604,286,0
40906,17,508,273,0
40922,17,510,296,4
40939,17,505,282,0
40955,17,503,283,0
40972,17,504,276,0
40989,17,505,287,0
41005,17,506,271,0
41022,17,501,296,4
41039,17,508,293,4
41055,17,503,278,0
41072,17,503,275,0
41089,17,506,287,0
41105,17,503,288,4
41122,17,500,277,0
41138,17,502,271,0
41155,17,506,289,4
41172,17,507,278,0
41188,17,503,285,0
41205,17,503,291,4
41222,17,501,275,0
41238,17,503,286,0
41255,17,501,296,4
41272,17,497,295,4
41288,17,500,281,0
41305,17,499,286,0
41321,17,492,289,4
41338,17,498,281,0
41355,17,496,280,0
41371,17,504,297,4
41388,17,495,269,0
41405,17,501,293,4
41421,17,496,284,0
41438,17,499,285,0
41455,17,505,257,1
41471,17,502,279,0
41488,17,499,266,0
41504,17,506,296,4
41521,17,504,291,4
41538,17,501,288,4
41554,17,501,300,4
41571,17,502,279,0
41588,17,505,314,4
41604,17,503,283,0
41621,17,504,292,4
41638,17,501,305,4
41654,17,499,275,0
41671,17,541,363,4
41687,17,539,368,2
41704,17,544,358,4
41721,17,542,345,4
41737,17,539,363,4
41754,17,536,345,4
41771,17,535,352,4
41787,17,546,361,4
41804,17,541,350,4
41821,17,550,350,4
41837,17,541,355,4
41854,17,543,355,4
41870,17,540,348,4
41887,17,544,365,2
41904,17,545,359,4
41920,17,542,347,4
41937,17,545,335,4
41954,17,544,362,4
41970,17,545,356,4
41987,17,543,356,4
42003,17,543,373,2
42020,17,544,346,4
42037,17,546,345,4
42053,17,545,362,4
42070,17,539,355,4
42087,17,547,354,4
42103,17,545,342,4
42120,17,546,359,4
42137,17,545,352,4
42153,17,546,361,4
42170,17,542,351,4
42186,17,456,420,3
42203,17,424,438,3
42220,17,424,430,3
42236,17,420,431,3
42253,17,413,431,3
42270,17,417,433,3
42286,17,416,446,3
42303,17,424,456,3
42320,17,424,461,3
42336,17,418,435,3
42353,17,417,442,3
42369,17,426,446,3
42386,17,421,467,3
42403,17,421,437,3
42419,17,417,447,3
42436,17,416,441,3
42453,17,432,453,3
42469,17,412,442,3
42486,17,415,434,3
42503,17,422,431,3
42519,17,425,433,3
42536,17,423,442,3
42552,17,422,446,3
42569,17,421,430,3
42586,17,448,413,2
42602,17,513,398,2
42619,17,522,396,2
42636,17,519,391,2
42652,17,526,362,4
42669,17,524,356,4
42686,17,524,395,2
42702,17,519,384,2
42719,17,529,384,2
42735,17,527,390,2
42752,17,525,376,2
42769,17,534,373,2
42785,17,523,397,2
42802,17,522,386,2
42819,17,523,384,2
42835,17,523,414,2
42852,17,527,381,2
42869,17,524,383,2
42885,17,533,387,2
42902,17,527,387,2
42918,17,532,367,2
42935,17,534,381,2
42952,17,526,381,2
42968,17,533,403,2
42985,17,531,389,2
43002,17,527,392,2
43018,17,532,391,2
43035,17,530,384,2
43052,17,545,364,4
43068,17,539,368,2
43085,17,534,368,2
43101,17,541,385,2
43118,17,538,378,2
43135,17,533,400,2
43151,17,529,385,2
43168,17,531,355,4
43185,17,526,357,4
43201,17,533,370,2
43218,17,535,361,4
43234,17,539,379,2
43251,17,534,375,2
43268,17,532,370,2
43284,17,531,372,2
43301,17,529,388,2
43318,17,529,364,4
43334,17,527,375,2
43351,17,526,403,2
43368,17,522,348,4
43384,17,530,385,2
43401,17,528,379,2
43417,17,525,371,2
43434,17,534,347,4
43451,17,531,355,4
43467,17,530,377,2
43484,17,528,359,4
43501,17,528,374,2
43517,17,524,378,2
43534,17,530,356,4
43551,17,533,377,2
43567,17,530,358,4
43584,17,530,374,2
43600,17,532,374,2
43617,17,529,348,4
43634,17,519,365,2
43650,17,526,383,2
43667,17,514,310,4
43684,17,520,314,4
43700,17,519,331,4
43717,17,519,333,4
43734,17,520,324,4
43750,17,522,311,4
43767,17,521,334,4
43783,17,516,331,4
43800,17,520,322,4
43817,17,517,319,4
43833,17,520,334,4
43850,17,521,323,4
43867,17,566,303,4
43883,17,578,317,4
43900,17,577,319,4
43917,17,576,304,4
43933,17,578,307,4
43950,17,577,300,4
43966,17,580,317,4
43983,17,572,315,4
44000,17,579,313,4
44016,17,576,330,4
44033,17,576,318,4
44050,17,581,297,4
44066,17,580,325,4
44083,17,583,320,4
44100,17,580,313,4
44116,17,576,317,4
44133,17,581,333,4
44149,17,583,319,4
44166,17,581,332,4
44183,17,578,332,4
44199,17,584,316,4
44216,17,582,311,4
44233,17,582,335,4
44249,17,582,340,4
44266,17,583,329,4
44282,17,582,324,4
44299,17,581,328,4
44316,17,587,323,4
44332,17,585,317,4
44349,17,577,311,4
44366,17,488,306,4
44382,17,454,306,4
44399,17,465,310,4
44416,17,461,299,4
44432,17,467,299,4
44449,17,463,290,4
44465,17,467,304,4
44482,17,466,312,4
44499,17,471,299,4
44515,17,464,293,4
44532,17,463,306,4
44549,17,464,322,4
44565,17,461,313,4
44582,17,454,309,4
44599,17,406,300,0
44615,17,384,313,0
44632,17,390,299,0
44648,17,404,301,0
44665,17,399,303,0
44682,17,391,309,0
44698,17,401,294,0
44715,17,391,301,0
44732,17,381,299,0
44748,17,401,313,0
44765,17,393,286,0
44782,17,386,294,0
44798,17,395,282,0
44815,17,394,289,0
44831,17,394,297,0
44848,17,389,310,0
44865,17,387,313,0
44881,17,395,288,0
44898,17,414,210,1
44915,17,413,209,1
44931,17,410,208,1
44948,17,414,206,1
44965,17,420,210,1
44981,17,418,218,1
44998,17,419,220,1
45014,17,416,198,1
45031,17,417,213,1
45048,17,418,214,1
45064,17,215,344,0
45148,83,553,519,3
45164,17,442,227,1
45181,17,536,157,1
45197,17,533,219,1
45214,17,537,238,1
45231,17,539,204,1
45247,17,540,226,1
45264,17,538,210,1
45281,17,540,191,1
45297,17,541,217,1
45314,17,539,194,1
45331,17,539,202,1
45347,17,542,209,1
45364,17,539,217,1
45380,17,536,225,1
45397,17,538,208,1
45414,17,538,219,1
45430,17,532,230,1
45447,17,536,215,1
45464,17,538,218,1
45480,17,536,226,1
45497,17,538,233,1
45513,17,501,289,4
45530,17,519,326,4
45547,17,511,330,4
45563,17,516,331,4
45580,17,512,342,4
45597,17,513,329,4
45613,17,514,329,4
45630,17,512,325,4
45647,17,513,339,4
45663,17,512,331,4
45680,17,512,341,4
45696,17,507,321,4
45713,17,516,311,4
45730,17,573,299,4
45746,17,576,327,4
45763,17,574,323,4
45780,17,579,321,4
45796,17,571,299,4
45813,17,570,313,4
45830,17,583,310,4
45846,17,587,306,4
45863,17,582,302,4
45879,17,580,297,4
45896,17,570,320,4
45913,17,577,307,4
45929,17,578,315,4
45946,17,576,321,4
45963,17,581,320,4
45979,17,580,331,4
45996,17,523,307,4
46013,17,486,320,4
46029,17,478,328,4
46046,17,479,298,4
46062,17,479,309,4
46079,17,480,322,4
46096,17,483,306,4
46112,17,480,305,4
46129,17,479,308,4
46146,17,482,296,4
46162,17,481,312,4
46179,17,479,295,4
46196,17,481,312,4
46212,17,484,316,4
46229,17,487,282,0
46245,17,550,314,4
46262,17,597,291,4
46279,17,591,294,4
46295,17,595,303,4
46312,17,581,288,4
46329,17,589,291,4
46345,17,593,306,4
46362,17,595,283,0
46379,17,580,281,0
46478,100,582,444,3
46495,17,588,206,1
46512,17,572,160,1
46528,17,577,318,4
46545,17,575,296,4
46562,17,569,278,0
46578,17,576,296,4
46595,17,581,303,4
46611,17,573,327,4
46628,17,570,288,4
46645,17,579,288,4
46661,17,573,307,4
46678,17,547,330,4
46695,17,543,369,2
46711,17,538,368,2
46728,17,538,363,4
46744,17,534,372,2
46761,17,534,370,2
46778,17,537,357,4
46794,17,533,356,4
46811,17,534,368,2
46828,17,536,354,4
46844,17,536,333,4
46861,17,531,366,2
46878,17,534,360,4
46894,17,540,372,2
46911,17,535,362,4
46927,17,536,362,4
46944,17,534,376,2
46961,17,534,354,4
46977,17,535,370,2
46994,17,535,369,2
47011,17,538,372,2
47027,17,531,364,4
47044,17,537,370,2
47061,17,537,362,4
47077,17,539,365,2
47094,17,540,372,2
47110,17,538,358,4
47127,17,536,349,4
47144,17,539,374,2
47160,17,543,375,2
47177,17,541,359,4
47194,17,542,369,2
47210,17,536,374,2
47227,17,540,387,2
47244,17,539,355,4
47260,17,539,375,2
47277,17,537,392,2
47293,17,539,357,4
47310,17,535,360,4
47327,17,539,367,2
47343,17,536,380,2
47360,17,530,379,2
47377,17,535,368,2
47393,17,536,357,4
47410,17,536,361,4
47427,17,532,372,2
47443,17,538,382,2
47460,17,542,364,4
47476,17,540,364,4
47493,17,547,351,4
47510,17,544,349,4
47526,17,546,349,4
47543,17,543,347,4
47560,17,543,358,4
47576,17,542,378,2
47593,17,545,353,4
47610,17,538,361,4
47626,17,539,344,4
47643,17,539,367,2
47659,17,555,343,4
47676,17,558,354,4
47693,17,558,369,2
47709,17,560,345,4
47726,17,565,320,4
47743,17,557,335,4
47759,17,564,330,4
47776,17,568,333,4
47792,17,565,344,4
47809,17,583,336,4
47826,17,607,346,4
47842,17,599,363,4
47859,17,607,331,4
47876,17,609,319,4
47892,17,606,333,4
47909,17,609,338,4
47926,17,603,302,4
47942,17,617,307,0
47959,17,604,306,4
47975,17,608,345,4
47992,17,609,333,4
48009,17,617,311,0
48025,17,535,333,4
48042,17,491,330,4
48059,17,496,320,4
48075,17,492,315,4
48092,17,497,314,4
48109,17,494,329,4
48125,17,488,331,4
48142,17,491,306,4
48158,17,493,319,4
48175,17,491,325,4
48192,17,495,319,4
48208,17,489,327,4
48225,17,492,319,4
48242,17,539,329,4
48258,17,578,304,4
48275,17,598,324,4
48292,17,592,324,4
48308,17,589,318,4
48325,17,592,317,4
48341,17,581,325,4
48358,17,588,318,4
48375,17,584,333,4
48391,17,585,328,4
48408,17,582,331,4
48425,17,586,320,4
48441,17,582,303,4
48458,17,522,346,4
48475,17,499,301,4
48491,17,495,323,4
48508,17,491,314,4
48524,17,495,334,4
48541,17,491,347,4
48558,17,492,321,4
48574,17,495,341,4
48591,17,495,325,4
48608,17,491,316,4
48624,17,490,338,4
48641,17,489,338,4
48658,17,488,322,4
48674,17,494,306,4
48691,17,497,319,4
48707,17,489,300,4
48724,17,487,322,4
48741,17,489,330,4
48757,17,487,321,4
48774,17,488,330,4
48791,17,491,328,4
48807,17,493,329,4
48824,17,490,243,1
48841,17,488,223,1
48857,17,488,210,1
48874,17,490,208,1
48890,17,491,218,1
48907,17,497,228,1
48924,17,486,225,1
48940,17,495,229,1
48957,17,495,241,1
48974,17,491,233,1
48990,17,490,221,1
49007,17,524,275,0
49023,17,544,328,4
49040,17,540,300,4
49057,17,540,314,4
49073,17,545,338,4
49090,17,540,316,4
49107,17,542,312,4
49123,17,541,326,4
49140,17,542,352,4
49157,17,540,321,4
49173,17,543,322,4
49190,17,576,326,4
49206,17,584,335,4
49223,17,585,316,4
49240,17,587,342,4
49256,17,589,316,4
49273,17,581,348,4
49290,17,586,325,4
49306,17,585,345,4
49323,17,585,329,4
49340,17,582,344,4
49356,17,587,338,4
49373,17,591,314,4
49389,17,594,310,4
49406,17,583,314,4
49423,17,586,332,4
49439,17,586,337,4
49456,17,591,329,4
49473,17,589,312,4
49489,17,537,391,2
49506,17,524,418,5
49523,17,534,428,3
49539,17,528,421,5
49556,17,531,423,3
49572,17,523,433,3
49589,17,531,429,3
49606,17,532,436,3
49622,17,528,432,3
49639,17,532,414,2
49656,17,525,419,5
49672,17,534,384,2
49689,17,546,959,0
49739,50,541,451,3
49755,17,505,170,1
49772,17,514,244,1
49789,17,514,295,4
49805,17,515,319,4
49822,17,518,324,4
49839,17,519,321,4
49855,17,515,330,4
49872,17,519,314,4
49889,17,520,337,4
49905,17,482,341,4
49922,17,479,320,4
49938,17,481,315,4
49955,17,486,328,4
49972,17,484,330,4
49988,17,484,333,4
50005,17,480,335,4
50022,17,483,318,4
50038,17,484,351,4
50055,17,483,308,4
50071,17,490,344,4
50088,17,567,324,4
50105,17,592,335,4
50121,17,596,336,4
50138,17,591,318,4
50155,17,606,330,4
50171,17,590,317,4
50188,17,593,326,4
50205,17,597,344,4
50221,17,591,333,4
50238,17,597,314,4
50254,17,586,328,4
50271,17,591,340,4
50288,17,597,318,4
50304,17,573,324,4
50321,17,509,330,4
50338,17,476,317,4
50354,17,473,340,4
50371,17,482,301,4
50388,17,481,325,4
50404,17,482,328,4
50421,17,477,313,4
50437,17,481,331,4
50454,17,481,330,4
50471,17,486,321,4
50487,17,485,308,4
50504,17,485,341,4
50521,17,483,333,4
50537,17,541,340,4
50554,17,571,348,4
50571,17,572,335,4
50587,17,580,335,4
50604,17,574,315,4
50620,17,576,347,4
50637,17,571,326,4
50654,17,574,353,4
50670,17,574,346,4
50687,17,575,345,4
50704,17,574,333,4
50720,17,572,340,4
50737,17,564,337,4
50754,17,526,374,2
50770,17,524,378,2
50787,17,532,383,2
50803,17,527,377,2
50820,17,528,374,2
50837,17,526,388,2
50853,17,536,369,2
50870,17,527,332,4
50887,17,528,380,2
50903,17,523,380,2
50920,17,528,390,2
50937,17,529,387,2
50953,17,530,366,2
50970,17,527,365,2
50986,17,530,392,2
51003,17,524,389,2
51020,17,526,404,2
51036,17,522,382,2
51053,17,525,389,2
51070,17,528,381,2
51086,17,522,373,2
51103,17,523,377,2
51120,17,531,371,2
51136,17,529,388,2
51153,17,524,376,2
51169,17,530,384,2
51186,17,528,369,2
51203,17,529,377,2
51219,17,531,385,2
51236,17,530,353,4
51253,17,528,364,4
51269,17,528,367,2
51286,17,525,366,2
51302,17,533,376,2
51319,17,528,386,2
51336,17,530,380,2
51352,17,533,387,2
51369,17,532,384,2
51386,17,532,364,4
51402,17,533,382,2
51419,17,533,360,4
51436,17,536,363,4
51452,17,535,348,4
51469,17,534,348,4
51485,17,526,355,4
51502,17,526,374,2
51519,17,526,379,2
51535,17,527,378,2
51552,17,530,389,2
51569,17,528,405,2
51585,17,529,379,2
51602,17,527,381,2
51619,17,530,376,2
51635,17,529,385,2
51652,17,525,357,4
51668,17,539,375,2
51685,17,574,320,4
51702,17,576,344,4
51718,17,579,345,4
51735,17,579,320,4
51752,17,576,351,4
51768,17,585,341,4
51785,17,580,337,4
51802,17,572,332,4
51818,17,581,334,4
51835,17,588,300,4
51851,17,584,315,4
51868,17,580,340,4
51885,17,585,320,4
51901,17,583,323,4
51918,17,581,317,4
51935,17,587,315,4
51951,17,540,369,2
51968,17,535,415,2
51985,17,536,413,2
52001,17,535,448,3
52018,17,534,448,3
52034,17,536,432,3
52051,17,536,427,3
52068,17,539,437,3
52084,17,530,443,3
52101,17,534,448,3
52118,17,530,430,3
52134,17,539,444,3
52151,17,532,440,3
52168,17,533,442,3
52184,17,536,444,3
52201,17,528,453,3
52217,17,534,429,3
52234,17,533,443,3
52251,17,534,309,4
52267,17,537,335,4
52284,17,536,341,4
52301,17,536,336,4
52317,17,539,343,4
52334,17,535,327,4
52350,17,533,338,4
52367,17,538,324,4
52384,17,537,323,4
52400,17,541,326,4
52417,17,540,333,4
52434,17,534,321,4
52450,17,501,346,4
52467,17,488,306,4
52500,33,483,325,4
52500,0,483,325,4
52517,17,488,339,4
52533,17,484,347,4
52550,17,481,318,4
52567,17,480,319,4
52583,17,483,316,4
52600,17,486,324,4
52617,17,480,325,4
52633,17,493,282,0
52650,17,490,203,1
52667,17,501,182,1
52683,17,501,182,1
52700,17,503,202,1
52716,17,497,194,1
52733,17,498,199,1
52750,17,504,184,1
52766,17,502,206,1
52783,17,501,195,1
52800,17,503,202,1
52816,17,498,199,1
52833,17,509,192,1
52850,17,501,198,1
52866,17,506,180,1
52883,17,502,194,1
52899,17,510,203,1
52916,17,503,203,1
52933,17,502,196,1
52949,17,531,232,1
52966,17,576,306,4
52983,17,571,309,4
52999,17,575,320,4
53016,17,575,314,4
53033,17,577,329,4
53049,17,574,323,4
53066,17,576,325,4
53082,17,579,322,4
53099,17,577,305,4
53116,17,581,316,4
53132,17,576,303,4
53149,17,574,321,4
53166,17,580,321,4
53182,17,575,337,4
53199,17,578,303,4
53216,17,578,313,4
53232,17,575,338,4
53249,17,579,312,4
53265,17,573,326,4
53282,17,605,425,3
53299,17,592,466,3
53315,17,602,453,3
53332,17,596,484,3
53349,17,602,465,3
53365,17,598,510,3
53382,17,596,479,3
53399,17,600,489,3
53415,17,615,482,3
53432,17,601,467,3
53448,17,607,457,3
53465,17,596,470,3
53482,17,604,470,3
53498,17,600,506,3
53515,17,596,464,3
53532,17,551,479,3
53548,17,545,459,3
53565,17,545,455,3
53581,17,540,472,3
53598,17,545,440,3
53615,17,549,453,3
53631,17,538,452,3
53648,17,540,467,3
53665,17,547,458,3
53681,17,541,461,3
53698,17,544,467,3
53715,17,541,444,3
53731,17,540,452,3
53748,17,541,466,3
53764,17,541,455,3
53781,17,543,440,3
53798,17,541,429,3
53814,17,543,443,3
53831,17,541,438,3
53848,17,554,460,3
53864,17,541,461,3
53881,17,545,462,3
53898,17,543,453,3
53914,17,540,430,3
53931,17,551,365,2
53947,17,550,388,2
53964,17,548,368,2
53981,17,556,380,2
53997,17,553,336,4
54014,17,554,377,2
54031,17,550,377,2
54047,17,559,388,2
54064,17,551,382,2
54081,17,555,397,2
54097,17,554,376,2
54114,17,585,363,4
54130,17,599,322,4
54147,17,601,317,4
54164,17,593,328,4
54180,17,593,337,4
54197,17,596,336,4
54214,17,593,323,4
54230,17,595,325,4
54247,17,591,339,4
54264,17,596,328,4
54280,17,592,330,4
54297,17,595,327,4
54313,17,597,341,4
54330,17,528,335,4
54347,17,484,319,4
54363,17,491,339,4
54380,17,491,302,4
54397,17,497,334,4
54413,17,489,337,4
54430,17,481,305,4
54447,17,484,310,4
54463,17,489,314,4
54480,17,485,316,4
54496,17,493,327,4
54513,17,488,309,4
54530,17,555,309,4
54546,17,575,332,4
54563,17,570,304,4
54580,17,573,340,4
54596,17,578,346,4
54613,17,577,350,4
54630,17,578,318,4
54646,17,577,336,4
54663,17,577,310,4
54679,17,577,337,4
54696,17,581,318,4
54713,17,572,343,4
54729,17,531,389,2
54746,17,530,374,2
54763,17,528,387,2
54779,17,528,395,2
54796,17,528,398,2
54812,17,536,383,2
54829,17,531,380,2
54846,17,534,390,2
54862,17,540,888,0
54979,116,504,362,4
54995,17,476,340,4
55012,17,494,278,0
55029,17,497,347,4
55045,17,504,379,2
55062,17,499,359,4
55079,17,498,374,2
55095,17,501,356,4
55112,17,507,357,4
55129,17,505,346,4
55145,17,508,356,4
55162,17,508,357,4
55178,17,507,357,4
55195,17,513,368,2
55212,17,512,358,4
55228,17,515,358,4
55245,17,511,380,2
55262,17,521,373,2
55278,17,441,424,3
55295,17,297,568,3
55312,17,166,689,3
55328,17,180,707,3
55345,17,159,710,3
55361,17,156,717,3
55378,17,163,714,3
55395,17,161,716,3
55411,17,165,707,3
55428,17,163,713,3
55445,17,156,701,3
55461,17,155,725,3
55478,17,53,720,3
55628,150,140,546,3
55644,17,343,419,3
55661,17,471,318,4
55678,17,495,345,4
55694,17,507,338,4
55711,17,511,344,4
55727,17,510,345,4
55744,17,511,348,4
55761,17,514,321,4
55777,17,512,329,4
55794,17,520,331,4
55811,17,515,341,4
55827,17,511,329,4
55844,17,514,330,4
55860,17,510,363,4
55877,17,512,348,4
55894,17,515,319,4
55910,17,515,350,4
55927,17,580,306,4
55944,17,577,315,4
55960,17,586,311,4
55977,17,579,311,4
55994,17,585,316,4
56010,17,581,284,0
56027,17,577,307,4
56043,17,581,292,4
56060,17,582,323,4
56077,17,585,294,4
56093,17,581,300,4
56110,17,577,310,4
56127,17,496,335,4
56143,17,474,317,4
56160,17,476,302,4
56177,17,481,308,4
56193,17,476,300,4
56210,17,479,307,4
56226,17,474,312,4
56243,17,478,333,4
56260,17,473,298,4
56276,17,482,321,4
56293,17,475,320,4
56310,17,485,316,4
56326,17,498,332,4
56343,17,529,319,4
56360,17,576,318,4
56376,17,571,325,4
56393,17,570,288,4
56409,17,575,312,4
56426,17,576,318,4
56443,17,574,326,4
56459,17,578,312,4
56476,17,579,314,4
56493,17,572,315,4
56509,17,575,325,4
56526,17,575,319,4
56543,17,579,333,4
56559,17,517,325,4
56576,17,474,297,4
56592,17,481,324,4
56609,17,472,299,4
56626,17,474,293,4
56642,17,477,323,4
56659,17,472,291,4
56676,17,477,302,4
56692,17,483,299,4
56709,17,471,297,4
56726,17,475,292,4
56742,17,481,295,4
56759,17,526,359,4
56775,17,559,330,4
56792,17,576,340,4
56809,17,573,325,4
56825,17,573,341,4
56842,17,577,318,4
56859,17,582,308,4
56875,17,576,343,4
56892,17,577,327,4
56909,17,575,307,4
56925,17,579,301,4
56942,17,576,310,4
56958,17,568,319,4
56975,17,482,301,4
56992,17,463,371,2
57008,17,468,350,4
57025,17,469,332,4
57042,17,473,334,4
57058,17,461,339,4
57075,17,469,352,4
57091,17,465,328,4
57108,17,463,350,4
57125,17,463,331,4
57141,17,467,324,4
57158,17,511,307,4
57175,17,576,309,4
57191,17,587,325,4
57208,17,591,339,4
57225,17,594,329,4
57241,17,584,310,4
57258,17,592,318,4
57274,17,589,305,4
57291,17,588,308,4
57308,17,591,325,4
57324,17,590,321,4
57341,17,591,330,4
57358,17,592,313,4
57374,17,585,332,4
57391,17,585,308,4
57408,17,487,309,4
57424,17,463,294,4
57441,17,458,316,4
57457,17,466,318,4
57474,17,461,311,4
57491,17,467,325,4
57507,17,468,347,4
57524,17,466,321,4
57541,17,465,318,4
57557,17,465,307,4
57574,17,464,314,4
57591,17,459,315,4
57607,17,548,279,0
57624,17,575,296,4
57640,17,565,313,4
57657,17,570,313,4
57674,17,577,303,4
57690,17,569,308,4
57707,17,568,304,4
57724,17,577,280,0
57740,17,569,322,4
57757,17,574,305,4
57774,17,569,314,4
57790,17,570,311,4
57807,17,567,288,4
57823,17,540,340,4
57840,17,469,317,4
57857,17,450,306,4
57873,17,446,315,4
57890,17,456,314,4
57907,17,455,325,4
57923,17,453,334,4
57940,17,453,326,4
57957,17,452,316,4
57973,17,451,318,4
57990,17,455,318,4
58006,17,457,307,4
58023,17,533,294,4
58040,17,572,304,4
58056,17,579,310,4
58073,17,579,330,4
58090,17,585,304,4
58106,17,577,307,4
58123,17,581,312,4
58139,17,583,317,4
58156,17,584,323,4
58173,17,582,308,4
58189,17,581,327,4
58206,17,577,329,4
58223,17,582,329,4
58239,17,577,320,4
58256,17,582,314,4
58273,17,579,318,4
58289,17,585,314,4
58306,17,543,315,4
58322,17,474,313,4
58339,17,460,325,4
58356,17,461,326,4
58372,17,457,313,4
58389,17,461,314,4
58406,17,463,331,4
58422,17,460,325,4
58439,17,461,316,4
58456,17,462,309,4
58472,17,465,310,4
58489,17,468,312,4
58505,17,465,313,4
58522,17,462,314,4
58539,17,490,305,4
58555,17,532,324,4
58572,17,539,307,4
58589,17,544,303,4
58605,17,546,324,4
58622,17,544,325,4
58639,17,548,291,4
58655,17,549,320,4
58672,17,544,321,4
58688,17,545,306,4
58705,17,549,322,4
58722,17,549,295,4
58738,17,546,309,4
58755,17,553,301,4
58772,17,550,301,4
58788,17,551,310,4
58805,17,522,332,4
58822,17,522,379,2
58838,17,531,358,4
58855,17,518,360,4
58871,17,516,350,4
58888,17,523,357,4
58905,17,524,356,4
58921,17,527,352,4
58938,17,523,357,4
58955,17,517,355,4
58971,17,520,373,2
58988,17,519,359,4
59005,17,527,371,2
59021,17,527,365,2
59038,17,456,455,3
59054,17,522,1048,0
59154,100,503,202,1
59171,17,513,210,1
59188,17,515,305,4
59204,17,517,337,4
59221,17,513,348,4
59237,17,521,338,4
59254,17,515,336,4
59271,17,515,343,4
59287,17,514,326,4
59304,17,515,335,4
59321,17,514,329,4
59337,17,483,333,4
59454,116,402,343,0
59470,17,530,401,2
59487,17,502,296,4
59504,17,505,320,4
59520,17,502,345,4
59537,17,500,308,4
59553,17,508,332,4
59570,17,499,350,4
59587,17,500,336,4
59603,17,502,323,4
59620,17,499,333,4
59637,17,498,361,4
59653,17,500,342,4
59670,17,501,329,4
59687,17,498,320,4
59703,17,502,357,4
59720,17,501,338,4
59736,17,499,332,4
59753,17,502,329,4
59770,17,502,326,4
59786,17,501,323,4
59803,17,500,311,4
59820,17,502,338,4
59836,17,503,337,4
59853,17,499,316,4
59870,17,526,331,4
59886,17,551,318,4
59903,17,553,316,4
59919,17,560,317,4
59936,17,555,312,4
59953,17,559,325,4
59969,17,556,308,4
59986,17,558,295,4
60003,17,563,318,4
60019,17,558,310,4
60036,17,560,332,4
60053,17,555,316,4
60069,17,535,342,4
60086,17,480,310,4
60102,17,468,323,4
60119,17,474,314,4
60136,17,472,315,4
60152,17,467,304,4
60169,17,474,317,4
60186,17,462,322,4
60202,17,471,307,4
60219,17,464,295,4
60236,17,469,320,4
60252,17,470,311,4
60269,17,462,303,4
60285,17,467,297,4
60302,17,469,295,4
60319,17,465,286,0
60335,17,471,293,4
60352,17,478,315,4
60369,17,466,303,4
60385,17,474,294,4
60402,17,474,305,4
60418,17,469,309,4
60435,17,468,297,4
60452,17,471,291,4
60468,17,469,293,4
60485,17,471,283,0
60502,17,476,291,4
60518,17,483,294,4
60535,17,472,297,4
60552,17,471,287,0
60568,17,471,301,4
60585,17,470,307,4
60601,17,476,311,4
60618,17,472,302,4
60635,17,523,309,4
60651,17,534,319,4
60668,17,536,319,4
60685,17,539,317,4
60701,17,538,302,4
60718,17,536,336,4
60735,17,533,317,4
60751,17,538,299,4
60768,17,536,314,4
60784,17,539,322,4
60801,17,535,322,4
60818,17,529,330,4
60834,17,570,328,4
60851,17,569,318,4
60868,17,562,317,4
60884,17,570,322,4
60901,17,571,323,4
60918,17,572,297,4
60934,17,565,314,4
60951,17,567,318,4
60967,17,563,309,4
60984,17,565,319,4
61001,17,567,332,4
61017,17,565,332,4
61034,17,577,334,4
61051,17,564,320,4
61067,17,490,333,4
61084,17,474,310,4
61101,17,484,326,4
61117,17,468,310,4
61134,17,479,317,4
61150,17,478,329,4
61167,17,466,319,4
61184,17,471,304,4
61200,17,472,322,4
61217,17,477,328,4
61234,17,470,306,4
61250,17,473,334,4
61267,17,541,330,4
61284,17,560,304,4
61300,17,561,341,4
61317,17,564,307,4
61333,17,562,316,4
61367,33,568,344,4
61367,0,568,344,4
61383,17,575,315,4
61400,17,566,318,4
61417,17,562,338,4
61433,17,566,325,4
61450,17,559,318,4
61467,17,565,326,4
61483,17,569,324,4
61500,17,570,321,4
61516,17,579,309,4
61533,17,521,339,4
61550,17,478,335,4
61566,17,483,339,4
61583,17,476,330,4
61600,17,480,339,4
61616,17,478,343,4
61633,17,480,352,4
61649,17,478,330,4
61666,17,478,352,4
61683,17,481,339,4
61699,17,480,334,4
61716,17,491,335,4
61733,17,503,334,4
61749,17,546,351,4
61766,17,555,332,4
61783,17,573,309,4
61799,17,560,334,4
61816,17,574,337,4
61832,17,566,331,4
61849,17,576,311,4
61866,17,568,319,4
61882,17,571,336,4
61899,17,565,325,4
61916,17,571,311,4
61932,17,570,327,4
61949,17,572,343,4
61966,17,570,324,4
61982,17,577,342,4
61999,17,572,333,4
62015,17,568,330,4
62032,17,577,326,4
62049,17,573,344,4
62065,17,571,330,4
62082,17,570,318,4
62099,17,562,332,4
62115,17,569,339,4
62132,17,577,320,4
62149,17,569,326,4
62165,17,581,337,4
62182,17,575,347,4
62198,17,575,328,4
62215,17,576,340,4
62232,17,557,335,4
62248,17,579,340,4
62265,17,571,337,4
62282,17,572,326,4
62298,17,575,337,4
62315,17,578,339,4
62332,17,578,329,4
62348,17,573,335,4
62365,17,561,339,4
62381,17,579,360,4
62398,17,582,353,4
62415,17,581,312,4
62431,17,576,345,4
62448,17,574,332,4
62465,17,576,336,4
62481,17,575,321,4
62498,17,565,341,4
62515,17,573,334,4
62531,17,561,332,4
62548,17,572,322,4
62564,17,579,346,4
62581,17,574,339,4
62598,17,567,362,4
62614,17,576,338,4
62631,17,580,331,4
62648,17,564,331,4
62664,17,575,324,4
62681,17,566,344,4
62698,17,581,342,4
62714,17,568,339,4
62731,17,566,329,4
62747,17,581,341,4
62764,17,575,329,4
62781,17,575,327,4
62797,17,567,349,4
62814,17,521,376,2
62831,17,514,358,4
62847,17,515,375,2
62864,17,504,391,2
62880,17,520,387,2
62897,17,508,380,2
62914,17,510,382,2
62930,17,515,400,2
62947,17,512,381,2
62964,17,511,392,2
62980,17,514,372,2
62997,17,517,374,2
63014,17,516,387,2
63030,17,514,390,2
63047,17,517,391,2
63063,17,511,380,2
63080,17,521,379,2
63097,17,521,374,2
63113,17,520,383,2
63130,17,517,392,2
63147,17,516,378,2
63163,17,522,373,2
63180,17,517,381,2
63197,17,511,373,2
63213,17,520,382,2
63230,17,517,374,2
63246,17,519,390,2
63263,17,514,376,2
63280,17,514,378,2
63296,17,517,387,2
63313,17,520,377,2
63330,17,520,390,2
63346,17,515,370,2
63363,17,517,384,2
63380,17,516,364,4
63396,17,511,382,2
63413,17,515,382,2
63429,17,521,384,2
63446,17,517,376,2
63463,17,521,361,4
63479,17,516,364,4
63496,17,509,382,2
63513,17,519,364,4
63529,17,511,369,2
63546,17,517,392,2
63563,17,509,381,2
63579,17,514,394,2
63596,17,512,394,2
63612,17,517,369,2
63629,17,510,362,4
63646,17,511,366,2
63662,17,515,381,2
63679,17,513,376,2
63696,17,510,392,2
63712,17,509,381,2
63729,17,508,392,2
63746,17,511,386,2
63762,17,520,368,2
63779,17,513,379,2
63795,17,544,377,2
63812,17,576,326,4
63829,17,583,312,4
63845,17,586,327,4
63862,17,587,337,4
63879,17,587,336,4
63895,17,589,325,4
63912,17,573,354,4
63928,17,584,341,4
63945,17,591,333,4
63962,17,580,342,4
63978,17,584,346,4
63995,17,585,338,4
64012,17,571,324,4
64028,17,575,337,4
64045,17,588,341,4
64062,17,561,384,2
64078,17,543,437,3
64095,17,531,456,3
64111,17,529,465,3
64128,17,530,447,3
64145,17,533,435,3
64161,17,537,469,3
64178,17,531,446,3
64195,17,528,455,3
64211,17,529,449,3
64228,17,525,441,3
64245,17,537,444,3
64261,17,529,461,3
64278,17,534,447,3
64294,17,530,449,3
64311,17,537,443,3
64328,17,535,430,3
64344,17,531,438,3
64361,17,537,439,3
64378,17,526,450,3
64394,17,537,460,3
64411,17,534,433,3
64428,17,538,454,3
64444,17,530,461,3
64461,17,532,448,3
64477,17,536,459,3
64494,17,535,464,3
64511,17,536,434,3
64527,17,539,430,3
64544,17,542,450,3
64561,17,533,465,3
64577,17,548,462,3
64594,17,540,445,3
64611,17,509,388,2
64627,17,502,334,4
64644,17,506,308,4
64660,17,503,319,4
64677,17,507,309,4
64694,17,508,303,4
64710,17,511,305,4
64727,17,516,332,4
64744,17,506,319,4
64760,17,501,314,4
64777,17,502,329,4
64794,17,503,332,4
64810,17,563,322,4
64827,17,600,320,4
64843,17,610,320,4
64860,17,605,323,4
64877,17,603,318,4
64893,17,615,332,0
64910,17,608,335,4
64927,17,601,333,4
64943,17,604,342,4
64960,17,601,334,4
64977,17,615,311,0
64993,17,614,321,0
65010,17,623,324,0
65026,17,615,340,0
65043,17,609,323,4
65060,17,606,316,4
65076,17,608,326,4
65093,17,607,341,4
65110,17,611,317,4
65126,17,611,324,4
65143,17,610,327,4
65159,17,610,344,4
65176,17,608,319,4
65193,17,604,314,4
65209,17,607,319,4
65226,17,611,324,4
65243,17,607,319,4
65259,17,607,336,4
65276,17,603,323,4
65293,17,529,321,4
65309,17,481,314,4
65326,17,485,318,4
65342,17,476,322,4
65359,17,474,343,4
65376,17,474,309,4
65392,17,480,326,4
65409,17,475,328,4
65426,17,471,341,4
65442,17,475,341,4
65459,17,481,335,4
65476,17,471,325,4
65492,17,478,336,4
65509,17,479,324,4
65525,17,481,347,4
65542,17,476,320,4
65559,17,478,326,4
65575,17,502,304,4
65592,17,521,238,1
65609,17,530,219,1
65625,17,530,249,1
65642,17,537,234,1
65659,17,533,217,1
65675,17,537,238,1
65692,17,532,220,1
65708,17,532,237,1
65725,17,540,221,1
65742,17,535,234,1
65758,17,535,254,1
65775,17,536,245,1
65792,17,537,207,1
65808,17,535,235,1
65825,17,536,232,1
65842,17,535,231,1
65858,17,534,229,1
65875,17,530,231,1
65891,17,536,247,1
65908,17,531,216,1
65925,17,550,334,4
65941,17,536,436,3
65958,17,542,431,3
65975,17,524,442,3
65991,17,537,463,3
66008,17,543,446,3
66025,17,541,453,3
66041,17,541,450,3
66058,17,532,467,3
66074,17,532,435,3
66091,17,538,445,3
66108,17,528,448,3
66124,17,537,454,3
66141,17,540,441,3
66158,17,539,445,3
66174,17,537,454,3
66191,17,541,459,3
66207,17,538,451,3
66224,17,538,456,3
66241,17,542,434,3
66257,17,549,457,3
66274,17,539,454,3
66291,17,543,455,3
66307,17,539,444,3
66324,17,537,440,3
66341,17,540,431,3
66357,17,543,441,3
66374,17,544,454,3
66390,17,545,430,3
66407,17,544,436,3
66424,17,552,446,3
66440,17,546,457,3
66457,17,544,455,3
66474,17,544,454,3
66490,17,542,453,3
66507,17,551,472,3
66524,17,543,445,3
66540,17,547,450,3
66557,17,548,444,3
66573,17,545,458,3
66590,17,546,430,3
66607,17,554,452,3
66623,17,549,457,3
66640,17,556,432,3
66657,17,554,452,3
66673,17,554,446,3
66690,17,548,467,3
66707,17,549,449,3
66723,17,552,442,3
66740,17,547,443,3
66756,17,549,440,3
66773,17,545,454,3
66790,17,525,393,2
66806,17,529,385,2
66823,17,529,369,2
66840,17,526,374,2
66856,17,529,390,2
66873,17,528,365,2
66890,17,526,403,2
66906,17,524,398,2
66923,17,527,372,2
66939,17,536,380,2
66956,17,532,359,4
66973,17,530,378,2
66989,17,527,379,2
67006,17,528,392,2
67023,17,525,394,2
67039,17,526,394,2
67056,17,529,368,2
67073,17,529,369,2
67089,17,525,379,2
67106,17,525,390,2
67122,17,526,369,2
67139,17,525,385,2
67156,17,526,389,2
67172,17,524,385,2
67189,17,526,360,4
67206,17,521,360,4
67222,17,522,382,2
67239,17,523,375,2
67256,17,522,381,2
67272,17,520,390,2
67289,17,524,383,2
67305,17,518,373,2
67322,17,521,392,2
67339,17,525,376,2
67355,17,518,376,2
67372,17,519,396,2
67389,17,518,383,2
67405,17,519,378,2
67422,17,518,401,2
67438,17,518,388,2
67455,17,517,398,2
67472,17,522,386,2
67488,17,514,394,2
67505,17,524,388,2
67522,17,520,397,2
67538,17,519,392,2
67555,17,523,402,2
67572,17,522,376,2
67588,17,520,405,2
67605,17,522,374,2
67621,17,524,382,2
67638,17,523,406,2
67655,17,525,376,2
67671,17,522,397,2
67688,17,523,389,2
67705,17,525,377,2
67721,17,526,405,2
67738,17,525,406,2
67755,17,518,391,2
67771,17,526,376,2
67788,17,525,401,2
67804,17,529,388,2
67821,17,524,377,2
67838,17,515,386,2
67854,17,496,337,4
67871,17,498,347,4
67888,17,487,330,4
67904,17,491,332,4
67921,17,491,362,4
67938,17,489,342,4
67954,17,492,345,4
67971,17,493,359,4
67987,17,492,336,4
68004,17,495,342,4
68021,17,489,349,4
68037,17,495,326,4
68054,17,478,325,4
68071,17,482,337,4
68087,17,489,345,4
68104,17,486,349,4
68121,17,482,332,4
68137,17,476,342,4
68154,17,489,341,4
68170,17,477,322,4
68187,17,483,316,4
68204,17,487,337,4
68220,17,487,318,4
68237,17,493,205,1
68254,17,500,208,1
68270,17,504,197,1
68287,17,507,182,1
68304,17,507,198,1
68320,17,507,214,1
68337,17,518,206,1
68353,17,508,193,1
68370,17,509,200,1
68387,17,504,194,1
68403,17,510,196,1
68420,17,506,179,1
68437,17,509,181,1
68453,17,507,190,1
68470,17,527,277,0
68486,17,522,257,1
68503,17,519,254,1
68520,17,524,269,0
68536,17,521,293,4
68553,17,522,266,0
68570,17,522,286,0
68586,17,520,266,0
68603,17,521,267,0
68620,17,522,283,0
68636,17,565,307,4
68653,17,576,318,4
68669,17,573,331,4
68686,17,586,310,4
68703,17,573,324,4
68719,17,573,332,4
68736,17,575,350,4
68753,17,567,312,4
68769,17,578,318,4
68786,17,578,281,0
68803,17,573,322,4
68819,17,577,304,4
68836,17,496,328,4
68852,17,473,330,4
68869,17,480,317,4
68886,17,479,322,4
68902,17,474,315,4
68919,17,474,332,4
68936,17,474,309,4
68952,17,478,320,4
68969,17,475,326,4
68986,17,478,324,4
69002,17,477,335,4
69019,17,474,345,4
69035,17,540,330,4
69052,17,562,324,4
69069,17,568,313,4
69085,17,574,303,4
69102,17,579,291,4
69119,17,573,310,4
69135,17,571,297,4
69152,17,573,330,4
69169,17,570,311,4
69185,17,572,301,4
69202,17,565,311,4
69218,17,573,306,4
69235,17,572,307,4
69252,17,517,311,4
69268,17,475,299,4
69285,17,472,314,4
69302,17,466,313,4
69318,17,465,304,4
69335,17,466,296,4
69352,17,468,317,4
69368,17,471,305,4
69385,17,478,318,4
69401,17,471,309,4
69418,17,465,325,4
69435,17,467,307,4
69451,17,501,306,4
69468,17,571,294,4
69485,17,576,322,4
69501,17,582,300,4
69518,17,576,321,4
69535,17,578,296,4
69551,17,575,307,4
69568,17,577,328,4
69584,17,578,306,4
69601,17,579,318,4
69618,17,577,296,4
69634,17,574,317,4
69651,17,578,304,4
69668,17,576,313,4
69684,17,569,254,1
69701,17,548,204,1
69717,17,542,174,1
69734,17,544,177,1
69751,17,542,174,1
69767,17,544,189,1
69784,17,546,196,1
69801,17,544,181,1
69817,17,539,196,1
69834,17,541,181,1
69851,17,549,194,1
69867,17,546,182,1
69884,17,548,210,1
69900,17,541,197,1
69917,17,542,192,1
69934,17,542,172,1
69950,17,542,192,1
69967,17,543,175,1
69984,17,544,189,1
70000,17,547,196,1
70017,17,544,207,1
70034,17,545,197,1
70050,17,545,207,1
70067,17,545,178,1
70083,17,544,211,1
70100,17,547,200,1
70117,17,545,189,1
70133,17,543,180,1
70150,17,546,186,1
70167,17,546,194,1
70183,17,549,179,1
70200,17,543,164,1
70217,17,547,178,1
70233,17,543,191,1
70250,17,547,190,1
70266,17,546,184,1
70283,17,550,202,1
70300,17,529,201,1
70316,17,403,218,1
70333,17,324,233,1
70350,17,334,226,1
70366,17,327,242,1
70383,17,323,226,1
70400,17,324,245,1
70416,17,335,225,1
70433,17,334,232,1
70449,17,336,229,1
70466,17,352,243,1
70533,67,257,74,0
70566,33,277,191,0
70583,17,281,179,0
70599,17,275,214,0
70616,17,300,215,0
70632,17,273,201,0
70649,17,285,206,0
70666,17,279,182,0
70682,17,285,189,0
70699,17,269,192,0
70716,17,272,202,0
70732,17,265,218,0
70749,17,287,202,0
70765,17,275,188,0
70782,17,290,181,0
70799,17,339,264,0
70815,17,466,337,4
70832,17,486,385,2
70849,17,497,373,2
70865,17,495,374,2
70882,17,495,372,2
70899,17,490,379,2
70915,17,497,377,2
70932,17,502,376,2
70948,17,503,386,2
70965,17,494,359,4
70982,17,497,362,4
70998,17,496,386,2
71015,17,497,381,2
71032,17,498,372,2
71048,17,494,365,2
71065,17,493,393,2
71082,17,498,381,2
71098,17,500,369,2
71115,17,504,365,2
71131,17,499,375,2
71148,17,504,367,2
71165,17,502,381,2
71181,17,504,390,2
71198,17,501,384,2
71215,17,505,359,4
71231,17,504,381,2
71248,17,509,373,2
71265,17,497,374,2
71281,17,509,382,2
71298,17,507,376,2
71314,17,505,385,2
71331,17,506,371,2
71348,17,501,381,2
71364,17,496,370,2
71381,17,502,370,2
71398,17,505,372,2
71414,17,505,377,2
71431,17,503,374,2
71448,17,512,373,2
71464,17,508,360,4
71481,17,510,369,2
71497,17,504,359,4
71514,17,505,357,4
71531,17,500,363,4
71547,17,502,362,4
71564,17,504,387,2
71581,17,504,375,2
71597,17,510,361,4
71614,17,500,355,4
71631,17,500,373,2
71647,17,504,368,2
71664,17,508,346,4
71680,17,539,397,2
71697,17,524,369,2
71714,17,537,385,2
71730,17,534,383,2
71747,17,533,389,2
71764,17,533,377,2
71780,17,532,374,2
71797,17,531,364,4
71814,17,521,374,2
71830,17,527,382,2
71847,17,530,394,2
71863,17,535,363,4
71880,17,529,368,2
71897,17,516,391,2
71913,17,528,315,4
71930,17,526,323,4
71947,17,527,337,4
71963,17,531,331,4
71980,17,529,346,4
71996,17,531,323,4
72013,17,529,325,4
72030,17,532,328,4
72046,17,531,314,4
72063,17,556,317,4
72080,17,589,309,4
72096,17,594,300,4
72113,17,594,298,4
72130,17,593,318,4
72146,17,593,318,4
72163,17,599,326,4
72179,17,594,321,4
72196,17,594,316,4
72213,17,595,340,4
72229,17,603,311,4
72246,17,598,316,4
72263,17,598,312,4
72279,17,596,319,4
72296,17,597,322,4
72313,17,546,328,4
72329,17,488,304,4
72346,17,499,304,4
72362,17,486,304,4
72379,17,490,309,4
72396,17,487,316,4
72412,17,490,338,4
72429,17,481,317,4
72446,17,491,324,4
72462,17,488,308,4
72479,17,486,329,4
72496,17,468,339,4
72512,17,471,334,4
72529,17,471,334,4
72545,17,473,326,4
72562,17,471,341,4
72579,17,476,329,4
72595,17,472,347,4
72612,17,473,351,4
72629,17,476,326,4
72645,17,472,337,4
72662,17,472,332,4
72679,17,467,341,4
72695,17,536,327,4
72712,17,572,324,4
72728,17,576,315,4
72745,17,584,316,4
72762,17,583,320,4
72778,17,576,321,4
72795,17,577,329,4
72812,17,572,324,4
72828,17,570,318,4
72845,17,582,313,4
72862,17,582,324,4
72878,17,580,323,4
72895,17,577,305,4
72911,17,576,317,4
72928,17,551,343,4
72945,17,497,311,4
72961,17,484,319,4
72978,17,479,348,4
72995,17,481,342,4
73011,17,477,322,4
73028,17,476,323,4
73044,17,482,335,4
73061,17,479,314,4
73078,17,482,342,4
73094,17,478,326,4
73111,17,488,346,4
73128,17,478,327,4
73144,17,486,331,4
73161,17,481,323,4
73178,17,477,343,4
73194,17,487,343,4
73211,17,541,339,4
73227,17,549,351,4
73244,17,549,345,4
73261,17,560,328,4
73277,17,557,321,4
73294,17,561,331,4
73311,17,563,337,4
73327,17,559,350,4
73344,17,562,335,4
73361,17,580,345,4
73377,17,590,337,4
73394,17,587,334,4
73410,17,587,339,4
73427,17,598,342,4
73444,17,590,339,4
73460,17,590,313,4
73477,17,608,339,4
73494,17,594,340,4
73510,17,591,330,4
73527,17,605,325,4
73544,17,587,358,4
73560,17,591,340,4
73577,17,596,332,4
73593,17,506,326,4
73610,17,478,199,1
73627,17,432,351,4
73643,17,470,274,0
73660,17,485,285,0
73677,17,482,319,4
73693,17,494,353,4
73710,17,489,336,4
73727,17,495,361,4
73743,17,487,333,4
73760,17,484,337,4
73776,17,487,332,4
73793,17,488,350,4
73810,17,487,334,4
73826,17,485,337,4
73843,17,521,412,2
73860,17,515,408,2
73876,17,516,417,5
73893,17,529,425,3
73910,17,517,413,2
73926,17,520,413,2
73943,17,516,413,2
73959,17,523,413,2
73976,17,520,401,2
73993,17,515,397,2
74009,17,521,410,2
74026,17,517,414,2
74043,17,515,411,2
74059,17,518,408,2
74076,17,517,415,2
74093,17,517,415,2
74109,17,522,425,3
74126,17,527,386,2
74142,17,523,374,2
74159,17,525,406,2
74176,17,526,404,2
74192,17,523,388,2
74209,17,519,374,2
74226,17,528,391,2
74242,17,524,391,2
74259,17,526,398,2
74275,17,530,380,2
74292,17,526,389,2
74309,17,527,368,2
74325,17,532,394,2
74342,17,531,387,2
74359,17,524,405,2
74375,17,528,369,2
74392,17,524,400,2
74409,17,531,376,2
74425,17,524,383,2
74442,17,521,388,2
74458,17,523,385,2
74475,17,526,388,2
74492,17,524,382,2
74508,17,523,393,2
74525,17,528,368,2
74542,17,530,389,2
74558,17,524,369,2
74575,17,534,394,2
74592,17,533,378,2
74608,17,525,386,2
74625,17,532,384,2
74641,17,528,396,2
74658,17,446,486,3
74675,17,552,1005,0
74808,133,505,908,0
74824,17,461,331,4
74841,17,502,228,1
74858,17,509,324,4
74874,17,512,336,4
74891,17,505,350,4
74908,17,504,333,4
74924,17,502,356,4
74941,17,506,331,4
74958,17,514,349,4
74974,17,517,322,4
74991,17,508,341,4
75007,17,507,330,4
75024,17,510,346,4
75041,17,514,327,4
75057,17,509,335,4
75074,17,522,336,4
75091,17,521,345,4
75107,17,518,341,4
75124,17,515,333,4
75141,17,514,350,4
75157,17,520,333,4
75174,17,517,335,4
75190,17,515,333,4
75207,17,511,345,4
75224,17,513,338,4
75240,17,507,335,4
75257,17,515,331,4
75274,17,515,338,4
75290,17,517,329,4
75307,17,517,343,4
75324,17,518,327,4
75340,17,400,393,2
75540,200,570,917,0
75556,17,546,419,5
75573,17,551,359,4
75590,17,550,429,3
75606,17,556,485,3
75623,17,557,477,3
75640,17,562,498,3
75656,17,561,494,3
75673,17,563,489,3
75689,17,537,384,2
75706,17,521,404,2
75723,17,530,372,2
75739,17,529,383,2
75756,17,530,416,2
75773,17,534,409,2
75789,17,532,409,2
75806,17,532,400,2
75823,17,532,402,2
75839,17,522,405,2
75856,17,530,406,2
75872,17,535,395,2
75889,17,499,345,4
75906,17,502,376,2
75922,17,506,349,4
75939,17,503,368,2
75956,17,499,349,4
75972,17,503,376,2
75989,17,507,360,4
76006,17,505,358,4
76022,17,503,374,2
76039,17,499,334,4
76055,17,499,359,4
76072,17,505,360,4
76089,17,472,355,4
76105,17,482,334,4
76122,17,480,344,4
76139,17,477,344,4
76155,17,479,362,4
76172,17,481,333,4
76189,17,483,331,4
76205,17,481,369,2
76222,17,475,347,4
76238,17,479,368,2
76255,17,478,344,4
76272,17,477,358,4
76288,17,422,410,2
76305,17,371,392,2
76322,17,373,413,2
76338,17,365,408,2
76355,17,372,396,2
76372,17,375,404,2
76388,17,376,397,2
76405,17,372,397,2
76421,17,374,397,2
76438,17,372,418,3
76455,17,371,400,2
76471,17,372,400,2
76488,17,373,401,2
76505,17,374,380,2
76521,17,375,395,2
76538,17,372,406,2
76554,17,380,414,2
76571,17,466,317,4
76588,17,500,291,4
76604,17,498,323,4
76621,17,495,319,4
76638,17,500,319,4
76654,17,500,299,4
76671,17,497,319,4
76688,17,498,316,4
76704,17,500,305,4
76721,17,503,289,4
76737,17,500,309,4
76754,17,500,228,1
76771,17,501,191,1
76787,17,502,202,1
76804,17,504,188,1
76821,17,502,181,1
76837,17,504,181,1
76854,17,496,179,1
76871,17,503,188,1
76887,17,503,186,1
76904,17,497,187,1
76920,17,503,198,1
76937,17,501,175,1
76954,17,499,197,1
76970,17,498,201,1
76987,17,500,204,1
77004,17,504,197,1
77020,17,498,215,1
77037,17,502,186,1
77054,17,504,202,1
77070,17,501,204,1
77087,17,499,193,1
77103,17,501,199,1
77120,17,500,195,1
77137,17,496,202,1
77153,17,503,200,1
77170,17,500,196,1
77187,17,502,194,1
77203,17,501,196,1
77220,17,499,255,1
77237,17,507,330,4
77253,17,505,336,4
77270,17,499,349,4
77286,17,507,360,4
77303,17,508,338,4
77320,17,500,344,4
77336,17,496,340,4
77353,17,513,340,4
77370,17,506,352,4
77386,17,498,339,4
77403,17,508,328,4
77420,17,511,340,4
77436,17,509,347,4
77453,17,541,347,4
77469,17,569,337,4
77486,17,552,343,4
77503,17,563,347,4
77519,17,562,346,4
77536,17,560,344,4
77553,17,553,340,4
77569,17,560,350,4
77586,17,555,333,4
77603,17,559,352,4
77619,17,553,365,2
77636,17,556,352,4
77652,17,531,450,3
77669,17,530,426,3
77686,17,535,440,3
77702,17,521,442,3
77719,17,535,475,3
77736,17,526,440,3
77752,17,519,469,3
77769,17,534,453,3
77785,17,531,448,3
77802,17,525,481,3
77819,17,525,452,3
77835,17,528,464,3
77852,17,538,454,3
77869,17,528,452,3
77885,17,526,465,3
77902,17,528,451,3
77919,17,521,443,3
77935,17,529,461,3
77952,17,527,441,3
77968,17,527,462,3
77985,17,530,466,3
78002,17,529,475,3
78018,17,530,444,3
78035,17,525,454,3
78052,17,529,458,3
78068,17,525,458,3
78085,17,524,457,3
78102,17,528,428,3
78118,17,522,468,3
78135,17,525,451,3
78151,17,527,455,3
78168,17,529,479,3
78185,17,520,405,2
78201,17,506,343,4
78218,17,503,335,4
78235,17,500,343,4
78251,17,499,308,4
78268,17,504,354,4
78285,17,503,327,4
78301,17,502,341,4
78318,17,501,348,4
78334,17,508,354,4
78351,17,504,351,4
78368,17,509,356,4
78384,17,502,335,4
78401,17,505,355,4
78418,17,506,346,4
78434,17,498,331,4
78451,17,552,339,4
78468,17,565,349,4
78484,17,565,359,4
78501,17,569,338,4
78517,17,563,356,4
78534,17,560,354,4
78551,17,564,334,4
78567,17,572,338,4
78584,17,573,360,4
78601,17,570,341,4
78617,17,573,353,4
78634,17,561,357,4
78651,17,572,342,4
78667,17,491,347,4
78684,17,475,344,4
78700,17,481,341,4
78717,17,482,347,4
78734,17,476,362,4
78750,17,476,344,4
78767,17,477,361,4
78784,17,475,343,4
78800,17,477,340,4
78817,17,475,346,4
78833,17,478,355,4
78850,17,480,341,4
78867,17,480,351,4
78883,17,518,381,2
78900,17,510,394,2
78917,17,515,393,2
78933,17,508,385,2
78950,17,508,366,2
78967,17,515,377,2
78983,17,514,387,2
79000,17,510,386,2
79016,17,509,370,2
79033,17,514,389,2
79050,17,510,397,2
79066,17,509,392,2
79083,17,511,387,2
79100,17,510,391,2
79116,17,512,390,2
79133,17,510,395,2
79150,17,510,414,2
79166,17,510,381,2
79183,17,512,379,2
79199,17,508,401,2
79216,17,508,388,2
79233,17,510,387,2
79249,17,517,389,2
79266,17,518,382,2
79283,17,509,385,2
79299,17,515,374,2
79316,17,519,362,4
79333,17,519,366,2
79349,17,514,371,2
79366,17,519,375,2
79382,17,520,372,2
79399,17,510,379,2
79416,17,514,390,2
79432,17,509,368,2
79449,17,514,369,2
79466,17,516,362,4
79482,17,514,386,2
79499,17,519,379,2
79516,17,515,380,2
79532,17,511,362,4
79549,17,517,365,2
79565,17,514,374,2
79582,17,514,357,4
79599,17,518,374,2
79615,17,517,369,2
79632,17,518,359,4
79649,17,514,363,4
79665,17,518,377,2
79682,17,515,355,4
79699,17,511,390,2
79715,17,515,357,4
79732,17,519,366,2
79748,17,512,388,2
79765,17,516,347,4
79782,17,519,355,4
79798,17,517,372,2
79815,17,506,376,2
79832,17,510,372,2
79848,17,515,358,4
79865,17,515,359,4
79882,17,513,366,2
79898,17,509,390,2
79915,17,514,371,2
79931,17,512,380,2
79948,17,505,338,4
79965,17,506,357,4
79981,17,505,341,4
79998,17,506,346,4
80015,17,503,355,4
80031,17,507,359,4
80048,17,517,330,4
80064,17,507,340,4
80081,17,501,332,4
80098,17,512,360,4
80114,17,554,328,4
80131,17,576,310,4
80148,17,582,328,4
80164,17,572,330,4
80181,17,565,326,4
80198,17,575,342,4
80214,17,574,329,4
80231,17,573,344,4
80247,17,579,316,4
80264,17,574,325,4
80281,17,576,315,4
80297,17,559,345,4
80314,17,524,339,4
80331,17,480,323,4
80347,17,483,323,4
80364,17,488,332,4
80381,17,487,319,4
80397,17,489,334,4
80414,17,490,319,4
80430,17,488,327,4
80447,17,485,325,4
80464,17,489,315,4
80480,17,469,314,4
80497,17,468,336,4
80514,17,463,354,4
80530,17,469,329,4
80547,17,471,348,4
80564,17,469,350,4
80580,17,471,348,4
80597,17,472,336,4
80613,17,473,335,4
80630,17,476,350,4
80647,17,473,328,4
80663,17,474,328,4
80680,17,474,343,4
80697,17,477,328,4
80713,17,480,337,4
80730,17,490,233,1
80747,17,506,210,1
80763,17,504,195,1
80780,17,505,231,1
80796,17,506,211,1
80813,17,505,215,1
80830,17,506,231,1
80846,17,505,226,1
80863,17,505,227,1
80880,17,504,194,1
80896,17,512,208,1
80913,17,512,191,1
80930,17,509,216,1
80946,17,510,197,1
80963,17,508,214,1
80979,17,507,220,1
80996,17,509,222,1
81013,17,507,203,1
81029,17,506,215,1
81046,17,509,212,1
81063,17,499,221,1
81079,17,519,275,0
81096,17,543,300,4
81112,17,543,328,4
81129,17,544,340,4
81146,17,546,332,4
81162,17,546,319,4
81179,17,550,343,4
81196,17,549,300,4
81212,17,545,326,4
81229,17,541,334,4
81246,17,540,328,4
81262,17,531,346,4
81279,17,467,334,4
81295,17,468,355,4
81312,17,460,338,4
81329,17,465,360,4
81345,17,475,355,4
81362,17,463,350,4
81379,17,465,346,4
81395,17,467,355,4
81412,17,469,343,4
81429,17,465,334,4
81445,17,459,353,4
81462,17,484,345,4
81478,17,554,340,4
81495,17,576,338,4
81512,17,580,339,4
81528,17,585,345,4
81545,17,576,346,4
81562,17,576,347,4
81578,17,574,371,2
81595,17,588,347,4
81612,17,580,343,4
81628,17,589,353,4
81645,17,579,328,4
81661,17,587,315,4
81678,17,583,334,4
81695,17,521,362,4
81711,17,481,341,4
81728,17,475,341,4
81745,17,477,325,4
81761,17,468,337,4
81778,17,474,350,4
81795,17,479,345,4
81811,17,477,340,4
81828,17,472,357,4
81844,17,475,366,2
81861,17,475,336,4
81878,17,477,347,4
81894,17,481,343,4
81911,17,479,347,4
81928,17,477,363,4
81944,17,479,343,4
81961,17,476,337,4
81978,17,463,335,4
81994,17,472,349,4
82011,17,466,364,4
82027,17,475,357,4
82044,17,467,366,2
82061,17,473,346,4
82077,17,471,373,2
82094,17,472,350,4
82111,17,472,374,2
82127,17,467,336,4
82144,17,468,341,4
82161,17,465,350,4
82177,17,470,351,4
82194,17,470,346,4
82210,17,469,356,4
82227,17,521,452,3
82244,17,531,465,3
82260,17,534,452,3
82277,17,527,448,3
82294,17,529,480,3
82310,17,530,472,3
82327,17,531,471,3
82343,17,535,450,3
82360,17,526,452,3
82377,17,530,459,3
82393,17,531,453,3
82410,17,531,465,3
82427,17,535,445,3
82443,17,521,446,3
82460,17,489,374,2
82477,17,471,322,4
82493,17,486,307,4
82510,17,472,327,4
82526,17,479,325,4
82543,17,478,336,4
82560,17,477,328,4
82576,17,479,302,4
82593,17,481,328,4
82610,17,487,310,4
82626,17,480,315,4
82643,17,475,309,4
82660,17,481,318,4
82676,17,486,307,4
82693,17,479,323,4
82709,17,483,308,4
82726,17,489,293,4
82743,17,480,310,4
82759,17,486,326,4
82776,17,482,325,4
82793,17,485,314,4
82809,17,482,323,4
82826,17,455,322,4
82843,17,451,292,4
82859,17,456,306,4
82876,17,455,295,4
82892,17,452,300,4
82909,17,454,311,4
82926,17,457,303,4
82942,17,447,311,4
82959,17,455,323,4
82976,17,453,295,4
82992,17,500,373,2
83009,17,511,379,2
83026,17,515,357,4
83042,17,516,394,2
83059,17,516,372,2
83075,17,518,379,2
83092,17,517,394,2
83109,17,523,368,2
83125,17,516,391,2
83142,17,518,388,2
83159,17,488,657,3
83325,166,524,145,1
83342,17,531,185,1
83358,17,538,306,4
83375,17,537,310,4
83392,17,545,301,4
83408,17,535,318,4
83425,17,543,284,0
83441,17,543,328,4
83458,17,537,318,4
83475,17,539,345,4
83491,17,539,324,4
83508,17,539,309,4
83525,17,540,315,4
83541,17,540,313,4
83558,17,546,328,4
83574,17,541,330,4
83591,17,541,304,4
83608,17,539,329,4
83624,17,543,324,4
83641,17,537,333,4
83658,17,540,330,4
83674,17,540,337,4
83691,17,535,328,4
83708,17,534,334,4
83724,17,541,329,4
83741,17,539,319,4
83757,17,533,309,4
83774,17,540,329,4
83791,17,537,326,4
83807,17,538,332,4
83824,17,537,315,4
83841,17,534,333,4
83857,17,538,314,4
83874,17,540,323,4
83891,17,537,325,4
83907,17,536,331,4
83924,17,538,330,4
83940,17,536,324,4
83957,17,540,317,4
83974,17,538,299,4
83990,17,534,328,4
84007,17,538,326,4
84024,17,507,298,4
84040,17,480,321,4
84057,17,482,315,4
84074,17,484,333,4
84090,17,486,350,4
84107,17,482,313,4
84123,17,486,325,4
84140,17,485,322,4
84157,17,483,348,4
84173,17,477,329,4
84190,17,479,307,4
84207,17,483,323,4
84223,17,541,322,4
84240,17,562,328,4
84257,17,564,319,4
84273,17,566,319,4
84290,17,563,349,4
84306,17,563,322,4
84323,17,563,320,4
84340,17,558,335,4
84356,17,559,317,4
84373,17,567,311,4
84390,17,565,308,4
84406,17,568,339,4
84423,17,495,337,4
84440,17,484,325,4
84456,17,489,333,4
84473,17,484,341,4
84489,17,483,324,4
84506,17,485,332,4
84523,17,484,313,4
84539,17,490,320,4
84556,17,484,324,4
84573,17,483,342,4
84589,17,482,330,4
84606,17,481,354,4
84622,17,483,307,4
84639,17,485,322,4
84656,17,485,343,4
84672,17,487,319,4
84689,17,479,326,4
84706,17,485,327,4
84722,17,514,232,1
84739,17,530,210,1
84756,17,533,179,1
84772,17,541,181,1
84789,17,540,196,1
84805,17,542,200,1
84822,17,544,185,1
84839,17,539,193,1
84855,17,536,179,1
84872,17,543,181,1
84889,17,542,158,1
84905,17,543,165,1
84922,17,538,172,1
84939,17,538,198,1
84955,17,541,168,1
84972,17,541,199,1
84988,17,543,193,1
85005,17,540,212,1
85022,17,544,178,1
85038,17,546,186,1
85055,17,542,190,1
85072,17,540,193,1
85088,17,548,180,1
85105,17,540,177,1
85122,17,527,256,1
85138,17,505,302,4
85155,17,511,312,4
85171,17,510,336,4
85188,17,499,325,4
85205,17,515,325,4
85221,17,511,343,4
85238,17,508,351,4
85255,17,511,337,4
85271,17,508,338,4
85288,17,510,337,4
85305,17,510,322,4
85321,17,533,334,4
85338,17,566,363,4
85354,17,578,356,4
85371,17,576,339,4
85388,17,584,346,4
85404,17,579,356,4
85421,17,594,331,4
85438,17,576,335,4
85454,17,581,356,4
85471,17,584,322,4
85488,17,590,349,4
85504,17,581,351,4
85521,17,579,337,4
85537,17,496,332,4
85554,17,474,343,4
85571,17,477,325,4
85587,17,470,313,4
85604,17,477,325,4
85621,17,476,343,4
85637,17,473,340,4
85654,17,473,323,4
85671,17,472,328,4
85687,17,475,327,4
85704,17,478,335,4
85720,17,473,327,4
85737,17,473,349,4
85754,17,475,344,4
85770,17,497,368,2
85787,17,520,415,2
85804,17,519,428,3
85820,17,527,415,2
85837,17,523,434,3
85853,17,521,452,3
85870,17,522,419,5
85887,17,524,411,2
85903,17,520,415,2
85920,17,521,418,5
85937,17,525,423,3
85953,17,519,422,3
85970,17,530,423,3
85987,17,523,424,3
86003,17,529,435,3
86020,17,523,420,5
86036,17,522,428,3
86053,17,521,426,3
86070,17,520,457,3
86086,17,524,446,3
86103,17,527,427,3
86120,17,522,444,3
86136,17,526,433,3
86153,17,530,418,5
86170,17,526,432,3
86186,17,523,439,3
86203,17,536,436,3
86219,17,541,337,4
86236,17,542,356,4
86253,17,547,333,4
86269,17,537,335,4
86286,17,549,303,4
86303,17,539,355,4
86319,17,542,332,4
86336,17,545,336,4
86353,17,531,346,4
86369,17,578,314,4
86386,17,585,346,4
86402,17,590,331,4
86419,17,583,332,4
86436,17,582,336,4
86452,17,593,330,4
86469,17,583,316,4
86486,17,592,330,4
86502,17,582,338,4
86519,17,586,325,4
86536,17,586,317,4
86552,17,585,322,4
86569,17,517,340,4
86585,17,478,315,4
86602,17,465,648,3
86719,116,451,365,2
86735,17,472,231,1
86752,17,490,383,2
86768,17,482,269,0
86785,17,481,309,4
86802,17,477,341,4
86818,17,477,345,4
86835,17,480,314,4
86852,17,475,335,4
86868,17,483,357,4
86885,17,477,338,4
86901,17,487,324,4
86918,17,485,340,4
86935,17,479,342,4
86951,17,475,327,4
86968,17,481,324,4
86985,17,474,341,4
87001,17,481,349,4
87018,17,491,335,4
87035,17,515,387,2
87051,17,523,371,2
87068,17,515,390,2
87084,17,524,367,2
87101,17,523,381,2
87118,17,525,357,4
87134,17,519,381,2
87151,17,523,353,4
87168,17,471,404,2
87184,17,322,626,3
87201,17,366,684,3
87218,17,261,770,0
87234,17,340,606,3
87251,17,339,480,3
87267,17,313,696,3
87284,17,288,704,3
87301,17,353,617,3
87317,17,354,621,3
87334,17,347,617,3
87351,17,360,624,3
87367,17,344,624,3
87384,17,333,651,3
87401,17,208,760,3
87417,17,137,830,0
87434,17,131,830,0
87450,17,113,848,0
87467,17,116,841,0
87484,17,116,843,0
87500,17,122,847,0
87517,17,121,854,0
87534,17,117,844,0
87550,17,114,841,0
87567,17,123,847,0
87584,17,121,843,0
87600,17,149,1029,0
87617,17,166,862,0
87633,17,203,902,0
87650,17,182,1021,0
87667,17,170,900,0
87683,17,162,1032,0
87700,17,127,961,0
87800,100,521,227,1
87816,17,544,313,4
87833,17,525,301,4
87850,17,524,369,2
87866,17,533,389,2
87883,17,537,363,4
87900,17,531,384,2
87916,17,537,385,2
87933,17,532,375,2
87950,17,539,386,2
87966,17,533,393,2
87983,17,535,372,2
87999,17,534,376,2
88016,17,536,361,4
88033,17,538,387,2
88049,17,467,332,4
88066,17,465,341,4
88083,17,461,338,4
88099,17,467,327,4
88116,17,460,380,2
88132,17,467,347,4
88149,17,462,352,4
88166,17,461,361,4
88182,17,465,333,4
88199,17,464,359,4
88216,17,464,348,4
88232,17,510,347,4
88249,17,551,364,4
88266,17,564,350,4
88282,17,569,363,4
88299,17,567,344,4
88315,17,570,357,4
88332,17,570,344,4
88349,17,565,350,4
88365,17,570,347,4
88382,17,570,327,4
88399,17,568,341,4
88415,17,566,349,4
88432,17,554,346,4
88449,17,497,348,4
88465,17,456,346,4
88482,17,457,328,4
88498,17,460,339,4
88515,17,463,337,4
88532,17,455,355,4
88548,17,459,355,4
88565,17,463,322,4
88582,17,458,341,4
88598,17,458,342,4
88615,17,463,346,4
88632,17,464,360,4
88648,17,463,354,4
88665,17,521,352,4
88681,17,553,348,4
88698,17,559,327,4
88715,17,549,316,4
88731,17,552,360,4
88748,17,556,333,4
88765,17,551,345,4
88781,17,562,344,4
88798,17,551,352,4
88815,17,563,334,4
88831,17,562,327,4
88848,17,559,354,4
88864,17,565,335,4
88881,17,564,343,4
88898,17,573,313,4
88914,17,571,349,4
88931,17,563,349,4
88948,17,572,350,4
88981,33,567,345,4
88998,17,562,335,4
89014,17,560,345,4
89031,17,472,336,4
89047,17,435,353,4
89064,17,438,338,4
89081,17,434,357,4
89097,17,433,336,4
89114,17,432,332,4
89131,17,445,346,4
89147,17,442,339,4
89164,17,429,351,4
89180,17,431,329,4
89197,17,431,326,4
89214,17,437,326,4
89230,17,437,330,4
89247,17,350,272,0
89264,17,326,261,0
89280,17,336,268,0
89297,17,333,259,1
89314,17,341,276,0
89330,17,341,269,0
89347,17,332,268,0
89363,17,334,266,0
89380,17,337,246,1
89397,17,339,255,1
89413,17,339,253,1
89430,17,337,255,1
89447,17,331,242,1
89463,17,323,275,0
89480,17,334,258,1
89497,17,336,231,1
89513,17,350,280,0
89530,17,458,284,0
89546,17,483,351,4
89563,17,488,339,4
89580,17,492,337,4
89596,17,494,325,4
89613,17,489,355,4
89630,17,492,333,4
89646,17,484,342,4
89663,17,486,331,4
89680,17,494,358,4
89696,17,492,342,4
89713,17,490,345,4
89729,17,490,334,4
89746,17,506,388,2
89763,17,520,477,3
89779,17,516,452,3
89796,17,522,466,3
89813,17,519,476,3
89829,17,525,461,3
89846,17,520,463,3
89863,17,522,459,3
89879,17,528,470,3
89896,17,523,463,3
89912,17,521,460,3
89929,17,521,450,3
89946,17,523,470,3
89962,17,515,456,3
89979,17,525,457,3
89996,17,523,459,3
90012,17,522,484,3
90029,17,521,453,3
90046,17,525,464,3
90062,17,522,457,3
90079,17,519,476,3
90095,17,523,460,3
90112,17,520,482,3
90129,17,523,478,3
90145,17,520,469,3
90162,17,520,451,3
90179,17,525,463,3
90195,17,519,447,3
90212,17,526,451,3
90229,17,519,445,3
90245,17,519,467,3
90262,17,522,441,3
90278,17,492,358,4
90295,17,471,360,4
90312,17,481,361,4
90328,17,485,360,4
90345,17,476,350,4
90362,17,478,354,4
90378,17,482,360,4
90395,17,481,390,2
90411,17,479,364,4
90428,17,477,379,2
90445,17,476,370,2
90461,17,459,373,2
90478,17,462,349,4
90495,17,467,321,4
90511,17,469,353,4
90528,17,462,346,4
90545,17,465,338,4
90561,17,465,348,4
90578,17,458,346,4
90594,17,465,338,4
90611,17,469,342,4
90628,17,468,335,4
90644,17,462,350,4
90661,17,469,332,4
90678,17,459,353,4
90694,17,463,331,4
90711,17,466,356,4
90728,17,554,328,4
90744,17,583,332,4
90761,17,568,343,4
90777,17,592,334,4
90794,17,579,339,4
90811,17,586,310,4
90827,17,585,336,4
90844,17,584,346,4
90861,17,582,350,4
90877,17,585,334,4
90894,17,576,340,4
90911,17,585,338,4
90927,17,581,334,4
90944,17,587,335,4
90960,17,587,325,4
90977,17,587,333,4
90994,17,592,346,4
91010,17,587,325,4
91027,17,534,356,4
91044,17,518,365,2
91060,17,509,329,4
91077,17,507,376,2
91094,17,512,354,4
91110,17,509,373,2
91127,17,509,359,4
91143,17,510,368,2
91160,17,513,364,4
91177,17,508,381,2
91193,17,512,353,4
91210,17,515,368,2
91227,17,512,373,2
91243,17,515,382,2
91260,17,510,376,2
91277,17,509,378,2
91293,17,511,381,2
91310,17,515,382,2
91326,17,516,374,2
91343,17,519,377,2
91360,17,520,373,2
91376,17,516,360,4
91393,17,511,370,2
91410,17,512,380,2
91426,17,516,385,2
91443,17,521,372,2
91459,17,518,376,2
91476,17,520,372,2
91493,17,519,383,2
91509,17,510,382,2
91526,17,516,385,2
91543,17,520,392,2
91559,17,519,367,2
91576,17,516,384,2
91593,17,524,351,4
91609,17,516,375,2
91626,17,524,372,2
91642,17,525,363,4
91659,17,524,363,4
91676,17,524,357,4
91692,17,528,381,2
91709,17,526,379,2
91726,17,529,372,2
91742,17,520,352,4
91759,17,519,374,2
91776,17,530,355,4
91792,17,528,359,4
91809,17,529,374,2
91825,17,526,365,2
91842,17,523,371,2
91859,17,528,379,2
91875,17,527,352,4
91892,17,524,389,2
91909,17,528,367,2
91925,17,531,372,2
91942,17,525,368,2
91959,17,528,371,2
91975,17,533,377,2
91992,17,525,373,2
92008,17,523,355,4
92025,17,532,375,2
92042,17,530,379,2
92058,17,546,376,2
92075,17,575,317,4
92092,17,585,335,4
92108,17,585,346,4
92125,17,583,328,4
92142,17,587,313,4
92158,17,587,328,4
92175,17,581,323,4
92191,17,579,341,4
92208,17,582,322,4
92225,17,583,334,4
92241,17,579,323,4
92258,17,579,331,4
92275,17,496,317,4
92291,17,475,312,4
92308,17,478,305,4
92325,17,474,337,4
92341,17,480,326,4
92358,17,476,322,4
92374,17,474,319,4
92391,17,478,323,4
92408,17,480,316,4
92424,17,479,311,4
92441,17,478,306,4
92458,17,479,307,4
92474,17,502,314,4
92491,17,560,308,4
92508,17,574,330,4
92524,17,584,321,4
92541,17,572,318,4
92557,17,578,311,4
92574,17,576,317,4
92591,17,574,321,4
92607,17,570,311,4
92624,17,579,303,4
92641,17,590,324,4
92657,17,586,310,4
92674,17,588,305,4
92690,17,577,319,4
92707,17,572,325,4
92724,17,489,312,4
92740,17,490,310,4
92757,17,483,311,4
92774,17,485,301,4
92790,17,492,312,4
92807,17,482,301,4
92824,17,485,320,4
92840,17,480,294,4
92857,17,490,314,4
92873,17,489,307,4
92890,17,491,319,4
92907,17,482,315,4
92923,17,480,89,0
92940,17,547,1033,0
93073,133,501,935,0
93090,17,521,190,1
93106,17,529,363,4
93123,17,517,245,1
93140,17,518,264,0
93156,17,518,303,4
93173,17,514,293,4
93190,17,523,293,4
93206,17,516,260,0
93223,17,533,417,5
93239,17,518,237,1
93256,17,568,289,4
93273,17,587,298,4
93289,17,514,250,1
93306,17,511,289,4
93323,17,509,298,4
93339,17,515,293,4
93356,17,516,323,4
93373,17,519,289,4
93389,17,514,292,4
93406,17,511,288,4
93422,17,514,286,0
93439,17,512,271,0
93456,17,542,315,4
93472,17,571,325,4
93506,33,597,492,3
93522,17,533,137,1
93539,17,576,316,4
93556,17,537,221,1
93572,17,532,298,4
93589,17,528,308,4
93605,17,544,307,4
93622,17,536,327,4
93639,17,531,322,4
93655,17,535,317,4
93672,17,540,298,4
93689,17,529,319,4
93705,17,547,313,4
93722,17,542,311,4
93739,17,546,305,4
93755,17,519,327,4
93772,17,493,313,4
93788,17,478,300,4
93805,17,471,306,4
93822,17,477,298,4
93838,17,483,317,4
93855,17,474,293,4
93872,17,472,323,4
93888,17,469,313,4
93905,17,472,320,4
93921,17,474,317,4
93938,17,471,302,4
93955,17,476,327,4
93971,17,533,308,4
93988,17,578,299,4
94005,17,564,316,4
94021,17,578,315,4
94038,17,572,320,4
94055,17,573,292,4
94071,17,572,294,4
94088,17,578,333,4
94104,17,583,313,4
94121,17,577,298,4
94138,17,571,324,4
94154,17,573,310,4
94171,17,592,316,4
94188,17,516,317,4
94204,17,492,302,4
94221,17,490,311,4
94238,17,476,303,4
94254,17,488,323,4
94271,17,483,307,4
94287,17,478,303,4
94304,17,484,315,4
94321,17,402,316,0
94470,150,614,425,3
94487,17,510,397,2
94504,17,509,145,1
94520,17,524,336,4
94537,17,522,344,4
94554,17,530,367,2
94570,17,529,359,4
94587,17,523,372,2
94604,17,522,356,4
94620,17,521,346,4
94637,17,522,359,4
94653,17,525,341,4
94670,17,528,367,2
94687,17,530,333,4
94703,17,586,326,4
94720,17,589,322,4
94737,17,590,313,4
94753,17,583,325,4
94770,17,591,325,4
94787,17,587,336,4
94803,17,586,301,4
94820,17,588,310,4
94836,17,569,309,4
94853,17,586,300,4
94870,17,592,322,4
94886,17,587,342,4
94903,17,656,315,0
94920,17,692,327,0
94936,17,692,295,0
94953,17,686,315,0
94969,17,711,312,0
94986,17,697,313,0
95003,17,687,321,0
95019,17,685,320,0
95036,17,683,328,0
95053,17,579,364,4
95069,17,512,373,2
95086,17,529,357,4
95103,17,518,396,2
95119,17,522,355,4
95136,17,525,355,4
95152,17,522,373,2
95169,17,523,344,4
95186,17,510,369,2
95202,17,518,380,2
95219,17,523,394,2
95236,17,522,404,2
95252,17,516,387,2
95269,17,520,376,2
95286,17,521,382,2
95302,17,520,390,2
95319,17,520,360,4
95335,17,522,394,2
95352,17,519,387,2
95369,17,523,361,4
95385,17,525,379,2
95402,17,522,395,2
95419,17,523,370,2
95435,17,524,380,2
95452,17,468,421,3
95469,17,528,901,0
95568,100,511,218,1
95585,17,509,262,0
95602,17,510,248,1
95618,17,514,354,4
95635,17,515,364,4
95652,17,510,372,2
95668,17,517,363,4
95685,17,517,369,2
95701,17,515,375,2
95718,17,514,359,4
95735,17,516,372,2
95751,17,522,357,4
95768,17,518,354,4
95785,17,515,369,2
95801,17,516,356,4
95818,17,518,366,2
95835,17,517,366,2
95851,17,515,358,4
95868,17,513,375,2
95884,17,520,356,4
95901,17,515,368,2
95918,17,519,369,2
95934,17,519,381,2
95951,17,518,364,4
95968,17,518,375,2
95984,17,524,355,4
96001,17,515,385,2
96018,17,517,391,2
96034,17,514,371,2
96051,17,520,359,4
96067,17,520,370,2
96084,17,528,369,2
96101,17,525,373,2
96117,17,540,372,2
96134,17,532,375,2
96151,17,536,368,2
96167,17,535,345,4
96184,17,529,332,4
96200,17,528,355,4
96217,17,530,337,4
96234,17,537,345,4
96250,17,567,328,4
96267,17,576,354,4
96284,17,587,338,4
96300,17,576,361,4
96317,17,574,341,4
96334,17,580,337,4
96350,17,566,320,4
96367,17,577,337,4
96383,17,567,343,4
96400,17,581,340,4
96417,17,584,317,4
96433,17,570,326,4
96450,17,572,320,4
96467,17,498,327,4
96483,17,483,326,4
96500,17,482,351,4
96517,17,479,336,4
96533,17,479,343,4
96550,17,479,326,4
96566,17,489,348,4
96583,17,478,338,4
96600,17,488,329,4
96616,17,488,350,4
96633,17,480,344,4
96650,17,478,322,4
96666,17,482,340,4
96683,17,480,314,4
96700,17,481,333,4
96716,17,477,337,4
96733,17,481,307,4
96749,17,478,332,4
96766,17,469,350,4
96783,17,478,344,4
96799,17,489,346,4
96816,17,480,326,4
96833,17,520,420,5
96849,17,519,408,2
96866,17,518,426,3
96883,17,518,422,3
96899,17,518,410,2
96916,17,518,439,3
96932,17,518,435,3
96949,17,517,433,3
96966,17,520,428,3
96982,17,519,424,3
96999,17,516,418,5
97016,17,521,436,3
97032,17,512,422,3
97049,17,529,415,2
97066,17,541,345,4
97082,17,541,358,4
97099,17,531,350,4
97115,17,541,358,4
97132,17,539,350,4
97149,17,528,340,4
97165,17,541,349,4
97182,17,528,348,4
97199,17,551,354,4
97215,17,542,335,4
97232,17,544,347,4
97248,17,544,350,4
97265,17,542,345,4
97282,17,481,330,4
97298,17,473,324,4
97315,17,473,338,4
97332,17,474,322,4
97348,17,472,334,4
97365,17,470,320,4
97382,17,469,333,4
97398,17,467,310,4
97415,17,471,340,4
97431,17,479,334,4
97448,17,469,315,4
97465,17,468,327,4
97481,17,469,307,4
97498,17,467,328,4
97515,17,472,311,4
97531,17,540,333,4
97548,17,559,308,4
97565,17,564,317,4
97581,17,560,326,4
97598,17,563,336,4
97614,17,564,333,4
97631,17,564,311,4
97648,17,554,295,4
97664,17,564,305,4
97681,17,567,339,4
97698,17,565,315,4
97714,17,574,322,4
97731,17,574,320,4
97748,17,578,293,4
97764,17,580,306,4
97781,17,579,326,4
97797,17,581,323,4
97814,17,584,312,4
97831,17,580,317,4
97847,17,576,317,4
97864,17,576,329,4
97897,33,560,313,4
97914,17,509,317,4
97931,17,465,317,4
97947,17,459,301,4
97964,17,455,319,4
97980,17,448,316,4
97997,17,461,325,4
98014,17,454,329,4
98030,17,457,307,4
98047,17,452,328,4
98064,17,457,322,4
98080,17,447,321,4
98097,17,452,326,4
98114,17,453,321,4
98130,17,455,328,4
98147,17,458,336,4
98163,17,498,433,3
98180,17,513,445,3
98197,17,524,444,3
98213,17,509,408,2
98230,17,513,430,3
98247,17,518,437,3
98263,17,515,419,5
98280,17,516,435,3
98297,17,518,434,3
98313,17,515,449,3
98330,17,516,428,3
98346,17,517,445,3
98363,17,515,443,3
98380,17,517,435,3
98396,17,520,423,3
98413,17,515,442,3
98430,17,518,436,3
98446,17,518,445,3
98463,17,520,442,3
98479,17,513,432,3
98496,17,517,444,3
98513,17,519,421,5
98529,17,525,446,3
98546,17,517,458,3
98563,17,516,433,3
98579,17,517,443,3
98596,17,521,449,3
98613,17,525,431,3
98629,17,520,439,3
98646,17,519,428,3
98662,17,520,425,3
98679,17,521,432,3
98696,17,523,422,3
98712,17,522,422,3
98729,17,523,422,3
98746,17,522,432,3
98762,17,520,431,3
98779,17,523,457,3
98796,17,518,433,3
98812,17,517,438,3
98829,17,515,444,3
98845,17,517,432,3
98862,17,520,424,3
98879,17,518,431,3
98895,17,520,431,3
98912,17,520,432,3
98929,17,523,437,3
98945,17,514,427,3
98962,17,518,423,3
98979,17,518,448,3
98995,17,537,440,3
99012,17,517,428,3
99028,17,517,446,3
99045,17,519,436,3
99062,17,506,385,2
99078,17,511,394,2
99095,17,514,398,2
99112,17,504,374,2
99128,17,510,385,2
99145,17,505,382,2
99162,17,508,386,2
99178,17,508,383,2
99195,17,507,371,2
99211,17,512,379,2
99228,17,504,373,2
99245,17,397,337,0
99261,17,490,488,3
99394,133,500,975,0
99411,17,449,365,2
99428,17,516,354,4
99444,17,513,259,1
99461,17,512,306,4
99478,17,517,333,4
99494,17,517,325,4
99511,17,521,343,4
99527,17,517,327,4
99544,17,517,326,4
99561,17,514,345,4
99577,17,517,354,4
99594,17,525,335,4
99611,17,529,335,4
99627,17,510,314,4
99644,17,523,313,4
99661,17,520,325,4
99677,17,514,329,4
99694,17,373,415,2
99710,17,243,513,3
99727,17,85,630,3
99744,17,8,700,3
99760,17,3,713,3
99794,33,1,710,3
99810,17,16,698,3
100043,233,140,523,3
100060,17,309,401,2
100076,17,453,332,4
100093,17,467,313,4
100110,17,470,339,4
100126,17,467,339,4
100143,17,469,325,4
100160,17,473,329,4
100176,17,471,336,4
100193,17,471,334,4
100210,17,470,347,4
100226,17,470,340,4
100243,17,472,345,4
100259,17,472,357,4
100276,17,525,309,4
100293,17,541,308,4
100309,17,543,309,4
100326,17,544,289,4
100343,17,548,298,4
100359,17,547,300,4
100376,17,548,298,4
100393,17,547,295,4
100409,17,551,294,4
100426,17,552,317,4
100442,17,550,296,4
100459,17,549,331,4
100476,17,551,292,4
100492,17,481,319,4
100509,17,456,301,4
100526,17,455,305,4
100542,17,454,298,4
100559,17,459,303,4
100576,17,456,308,4
100592,17,458,295,4
100609,17,454,308,4
100625,17,457,303,4
100642,17,450,309,4
100659,17,455,323,4
100675,17,454,318,4
100692,17,480,397,2
100709,17,504,391,2
100725,17,498,439,3
100742,17,496,441,3
100758,17,496,443,3
100775,17,507,433,3
100792,17,513,426,3
100808,17,511,433,3
100825,17,508,445,3
100842,17,504,442,3
100858,17,519,434,3
100875,17,504,439,3
100892,17,499,431,3
100908,17,516,446,3
100925,17,517,441,3
100941,17,504,422,3
100958,17,506,450,3
100975,17,511,432,3
100991,17,509,439,3
101008,17,504,441,3
101025,17,504,465,3
101041,17,506,423,3
101058,17,503,447,3
101075,17,502,337,4
101091,17,502,314,4
101108,17,503,301,4
101124,17,507,309,4
101141,17,508,318,4
101158,17,504,321,4
101174,17,508,327,4
101191,17,506,310,4
101208,17,508,309,4
101224,17,508,303,4
101241,17,506,310,4
101258,17,508,323,4
101274,17,503,324,4
101291,17,507,305,4
101307,17,506,305,4
101324,17,510,320,4
101341,17,488,219,1
101357,17,489,196,1
101374,17,487,201,1
101391,17,490,207,1
101407,17,488,217,1
101424,17,492,218,1
101441,17,493,219,1
101457,17,493,219,1
101474,17,499,232,1
101490,17,495,206,1
101507,17,493,210,1
101524,17,493,212,1
101540,17,498,218,1
101557,17,498,189,1
101574,17,508,210,1
101590,17,508,183,1
101607,17,500,186,1
101624,17,503,190,1
101640,17,502,170,1
101657,17,504,194,1
101673,17,502,185,1
101690,17,507,192,1
101707,17,508,176,1
101723,17,503,179,1
101740,17,505,195,1
101757,17,506,200,1
101773,17,509,188,1
101790,17,504,187,1
101806,17,509,180,1
101823,17,504,201,1
101840,17,506,191,1
101856,17,505,193,1
101873,17,507,184,1
101890,17,504,195,1
101906,17,500,170,1
101923,17,504,190,1
101940,17,500,200,1
101956,17,503,204,1
101973,17,499,212,1
101989,17,501,214,1
102006,17,502,207,1
102023,17,502,184,1
102039,17,501,200,1
102056,17,502,192,1
102073,17,504,202,1
102089,17,506,202,1
102106,17,498,180,1
102123,17,498,166,1
102139,17,498,174,1
102156,17,492,189,1
102172,17,497,176,1
102189,17,500,204,1
102206,17,498,194,1
102222,17,496,187,1
102239,17,493,174,1
102256,17,545,194,1
102272,17,556,171,1
102289,17,555,175,1
102306,17,554,167,1
102322,17,551,177,1
102339,17,556,170,1
102355,17,555,182,1
102372,17,554,165,1
102389,17,553,172,1
102405,17,553,184,1
102422,17,553,193,1
102439,17,551,167,1
102455,17,554,166,1
102472,17,555,180,1
102489,17,551,186,1
102505,17,552,155,1
102522,17,550,188,1
102538,17,552,197,1
102555,17,551,194,1
102572,17,548,176,1
102588,17,551,189,1
102605,17,553,186,1
102622,17,550,183,1
102638,17,547,178,1
102655,17,551,172,1
102672,17,550,183,1
102688,17,548,176,1
102705,17,548,142,1
102721,17,547,189,1
102738,17,550,167,1
102755,17,549,195,1
102771,17,550,185,1
102788,17,550,205,1
102805,17,547,153,1
102821,17,542,187,1
102838,17,539,197,1
102855,17,477,321,4
102871,17,473,340,4
102888,17,469,340,4
102904,17,463,339,4
102921,17,473,345,4
102938,17,467,338,4
102954,17,465,333,4
102971,17,464,360,4
102988,17,469,356,4
103004,17,466,355,4
103021,17,467,378,2
103037,17,467,362,4
103054,17,468,364,4
103071,17,466,352,4
103087,17,470,337,4
103104,17,473,354,4
103121,17,469,353,4
103137,17,469,360,4
103154,17,469,336,4
103171,17,493,332,4
103187,17,517,359,4
103204,17,524,369,2
103220,17,519,371,2
103237,17,515,357,4
103254,17,521,391,2
103270,17,509,368,2
103287,17,520,362,4
103304,17,518,361,4
103320,17,521,370,2
103337,17,522,372,2
103354,17,523,375,2
103370,17,521,372,2
103387,17,520,374,2
103403,17,525,354,4
103420,17,523,378,2
103437,17,517,371,2
103453,17,528,352,4
103470,17,523,368,2
103487,17,521,340,4
103503,17,524,360,4
103520,17,527,358,4
103537,17,521,354,4
103553,17,523,361,4
103570,17,517,362,4
103586,17,513,356,4
103603,17,522,335,4
103620,17,521,341,4
103636,17,523,376,2
103653,17,522,338,4
103670,17,522,359,4
103686,17,524,347,4
103703,17,518,358,4
103720,17,522,361,4
103736,17,523,335,4
103753,17,532,343,4
103769,17,524,340,4
103786,17,524,342,4
103803,17,520,353,4
103819,17,531,356,4
103836,17,528,360,4
103853,17,534,352,4
103869,17,525,364,4
103886,17,525,367,2
103903,17,523,358,4
103919,17,525,351,4
103936,17,526,386,2
103952,17,526,348,4
103969,17,534,363,4
103986,17,529,365,2
104002,17,524,372,2
104019,17,528,371,2
104036,17,527,367,2
104052,17,527,364,4
104069,17,527,351,4
104086,17,527,375,2
104102,17,535,365,2
104119,17,578,325,4
104135,17,581,363,4
104152,17,578,365,2
104169,17,580,339,4
104185,17,579,366,2
104202,17,582,346,4
104219,17,578,353,4
104235,17,584,348,4
104252,17,583,345,4
104268,17,584,348,4
104285,17,585,349,4
104302,17,586,334,4
104318,17,544,350,4
104335,17,477,343,4
104352,17,469,337,4
104368,17,463,348,4
104385,17,467,335,4
104402,17,467,318,4
104418,17,465,347,4
104435,17,468,328,4
104451,17,465,346,4
104468,17,467,315,4
104485,17,466,345,4
104501,17,465,315,4
104518,17,488,331,4
104535,17,542,327,4
104551,17,591,314,4
104568,17,592,329,4
104585,17,593,335,4
104601,17,591,306,4
104618,17,590,319,4
104634,17,603,317,4
104651,17,597,314,4
104668,17,602,311,4
104684,17,600,329,4
104701,17,604,312,4
104718,17,596,302,4
104734,17,598,314,4
104751,17,597,294,4
104768,17,589,319,4
104784,17,601,313,4
104801,17,600,338,4
104967,166,617,574,3
104984,17,592,494,3
105000,17,579,326,4
105017,17,576,360,4
105034,17,574,376,2
105050,17,577,384,2
105067,17,581,419,3
105084,17,576,390,2
105100,17,578,402,2
105117,17,583,412,2
105134,17,573,400,2
105150,17,557,384,2
105167,17,518,335,4
105183,17,513,316,4
105200,17,513,317,4
105217,17,512,313,4
105233,17,514,322,4
105250,17,512,328,4
105267,17,515,303,4
105283,17,514,326,4
105300,17,518,311,4
105316,17,516,303,4
105333,17,486,329,4
105350,17,460,322,4
105366,17,458,318,4
105383,17,456,342,4
105400,17,451,324,4
105416,17,458,314,4
105433,17,459,333,4
105450,17,455,298,4
105466,17,461,323,4
105483,17,454,316,4
105499,17,456,291,4
105516,17,491,343,4
105533,17,553,323,4
105549,17,578,315,4
105566,17,586,314,4
105583,17,576,346,4
105599,17,587,316,4
105616,17,582,319,4
105633,17,579,333,4
105649,17,587,340,4
105666,17,578,332,4
105682,17,580,313,4
105699,17,585,320,4
105716,17,587,304,4
105732,17,521,335,4
105749,17,459,328,4
105766,17,455,304,4
105782,17,447,300,4
105799,17,450,294,4
105816,17,448,307,4
105832,17,451,307,4
105849,17,451,293,4
105865,17,450,316,4
105882,17,453,310,4
105899,17,452,309,4
105915,17,451,306,4
105932,17,453,296,4
105949,17,451,317,4
105965,17,450,320,4
105982,17,450,311,4
105999,17,455,311,4
106015,17,456,206,1
106032,17,462,223,1
106048,17,459,187,1
106065,17,461,229,1
106082,17,462,222,1
106098,17,463,222,1
106115,17,464,223,1
106132,17,461,211,1
106148,17,461,235,1
106165,17,462,218,1
106182,17,460,245,1
106198,17,464,236,1
106215,17,460,245,1
106231,17,457,220,1
106248,17,458,230,1
106265,17,457,221,1
106281,17,454,207,1
106298,17,455,241,1
106315,17,460,225,1
106331,17,457,234,1
106348,17,459,239,1
106365,17,460,225,1
106381,17,458,227,1
106398,17,456,235,1
106414,17,515,276,0
106448,33,549,313,4
106448,0,549,313,4
106464,17,548,315,4
106481,17,564,311,4
106498,17,555,338,4
106514,17,548,332,4
106531,17,562,325,4
106547,17,561,310,4
106564,17,549,335,4
106581,17,556,343,4
106597,17,551,319,4
106614,17,549,323,4
106631,17,594,333,4
106647,17,588,320,4
106664,17,585,323,4
106681,17,579,324,4
106697,17,586,318,4
106714,17,588,356,4
106730,17,582,344,4
106747,17,587,323,4
106764,17,596,318,4
106780,17,592,351,4
106797,17,596,318,4
106814,17,578,342,4
106830,17,503,344,4
106847,17,477,311,4
106864,17,482,337,4
106880,17,475,333,4
106897,17,480,326,4
106913,17,472,337,4
106930,17,474,326,4
106947,17,475,310,4
106963,17,474,312,4
106980,17,473,321,4
107013,33,477,318,4
107030,17,481,350,4
107047,17,480,323,4
107063,17,476,332,4
107080,17,478,337,4
107096,17,477,321,4
107113,17,478,340,4
107130,17,477,328,4
107146,17,482,331,4
107163,17,475,313,4
107180,17,479,340,4
107196,17,483,332,4
107213,17,475,337,4
107230,17,468,329,4
107246,17,479,310,4
107263,17,476,330,4
107279,17,485,326,4
107296,17,477,338,4
107313,17,477,341,4
107329,17,485,316,4
107346,17,480,344,4
107363,17,481,349,4
107379,17,474,321,4
107396,17,478,343,4
107413,17,478,342,4
107429,17,475,344,4
107446,17,477,337,4
107462,17,476,358,4
107479,17,472,182,1
107496,17,476,748,3
107512,17,506,933,0
107529,17,519,489,3
107546,17,504,511,3
107562,17,521,435,3
107579,17,517,291,4
107595,17,520,128,0
107612,17,512,333,4
107629,17,509,332,4
107645,17,524,364,4
107662,17,522,392,2
107679,17,527,404,2
107695,17,521,389,2
107712,17,525,395,2
107729,17,511,391,2
107745,17,528,410,2
107762,17,526,409,2
107778,17,524,382,2
107795,17,513,395,2
107812,17,523,396,2
107828,17,517,379,2
107845,17,517,379,2
107862,17,523,403,2
107878,17,521,394,2
107895,17,529,389,2
107912,17,535,375,2
107928,17,520,356,4
107945,17,521,367,2
107961,17,520,390,2
107978,17,521,379,2
107995,17,521,401,2
108011,17,524,388,2
108028,17,517,405,2
108045,17,521,375,2
108061,17,520,388,2
108078,17,518,404,2
108095,17,512,380,2
108111,17,516,385,2
108128,17,515,400,2
108144,17,511,377,2
108161,17,513,385,2
108178,17,510,376,2
108194,17,515,362,4
108211,17,514,380,2
108228,17,517,371,2
108244,17,520,396,2
108261,17,550,347,4
108278,17,553,360,4
108294,17,542,358,4
108311,17,547,368,2
108327,17,540,353,4
108344,17,555,348,4
108361,17,556,338,4
108377,17,554,332,4
108394,17,565,342,4
108411,17,590,342,4
108427,17,579,333,4
108444,17,580,337,4
108461,17,579,348,4
108477,17,586,338,4
108494,17,579,348,4
108510,17,585,329,4
108527,17,586,331,4
108544,17,582,319,4
108560,17,584,337,4
108577,17,583,329,4
108594,17,568,352,4
108610,17,507,325,4
108627,17,484,320,4
108644,17,482,306,4
108660,17,486,333,4
108677,17,485,316,4
108693,17,481,322,4
108710,17,482,331,4
108727,17,481,319,4
108743,17,483,332,4
108760,17,479,343,4
108777,17,482,311,4
108793,17,481,313,4
108810,17,484,318,4
108826,17,482,339,4
108843,17,478,326,4
108860,17,480,327,4
108876,17,476,317,4
108893,17,480,332,4
108910,17,541,322,4
108926,17,578,333,4
108943,17,576,320,4
108960,17,575,344,4
108976,17,572,336,4
108993,17,580,338,4
109009,17,577,349,4
109026,17,575,328,4
109043,17,577,346,4
109059,17,571,326,4
109076,17,569,320,4
109093,17,575,316,4
109109,17,576,336,4
109126,17,573,324,4
109143,17,574,354,4
109159,17,572,322,4
109176,17,573,314,4
109192,17,578,346,4
109209,17,570,350,4
109226,17,579,337,4
109242,17,582,331,4
109259,17,566,346,4
109276,17,571,329,4
109292,17,583,336,4
109309,17,576,331,4
109326,17,568,328,4
109342,17,498,321,4
109359,17,476,335,4
109375,17,482,328,4
109392,17,478,350,4
109409,17,483,319,4
109425,17,478,330,4
109442,17,482,339,4
109459,17,476,346,4
109475,17,475,347,4
109492,17,481,335,4
109509,17,482,327,4
109525,17,489,329,4
109542,17,498,404,2
109558,17,502,423,3
109575,17,498,425,3
109592,17,501,427,3
109608,17,496,441,3
109625,17,498,430,3
109642,17,506,411,2
109658,17,501,432,3
109675,17,494,429,3
109692,17,508,441,3
109708,17,506,432,3
109725,17,500,434,3
109741,17,508,423,3
109758,17,506,430,3
109775,17,501,430,3
109791,17,504,434,3
109808,17,503,420,5
109825,17,501,419,5
109841,17,505,416,2
109858,17,503,415,2
109874,17,508,419,5
109891,17,507,425,3
109908,17,504,424,3
109924,17,505,430,3
109941,17,453,296,4
109958,17,444,242,1
109974,17,449,241,1
109991,17,445,227,1
110008,17,450,247,1
110024,17,446,228,1
110041,17,451,247,1
110057,17,445,239,1
110074,17,436,222,1
110091,17,442,244,1
110107,17,440,218,1
110124,17,439,245,1
110141,17,448,220,1
110157,17,447,227,1
110174,17,444,233,1
110191,17,443,228,1
110207,17,436,231,1
110224,17,445,244,1
110240,17,453,257,1
110257,17,445,244,1
110274,17,446,228,1
110290,17,453,237,1
110307,17,442,224,1
110324,17,444,229,1
110340,17,444,245,1
110357,17,441,243,1
110374,17,438,226,1
110390,17,441,230,1
110407,17,445,262,0
110423,17,467,278,0
110440,17,529,303,4
110457,17,526,332,4
110473,17,535,358,4
110490,17,527,373,2
110507,17,532,348,4
110523,17,534,346,4
110540,17,535,341,4
110557,17,531,331,4
110573,17,540,342,4
110590,17,536,346,4
110606,17,537,346,4
110623,17,536,329,4
110640,17,561,369,2
110656,17,587,357,4
110673,17,570,356,4
110690,17,581,342,4
110706,17,581,354,4
110723,17,585,336,4
110740,17,586,339,4
110756,17,580,336,4
110773,17,583,336,4
110789,17,582,336,4
110806,17,568,348,4
110823,17,586,348,4
110839,17,583,357,4
110856,17,583,345,4
110873,17,569,349,4
110889,17,585,330,4
110906,17,585,345,4
110923,17,590,329,4
110939,17,586,338,4
110956,17,570,334,4
110972,17,585,329,4
110989,17,584,330,4
111006,17,571,345,4
111022,17,587,322,4
111039,17,583,340,4
111056,17,583,344,4
111072,17,581,352,4
111089,17,575,336,4
111105,17,565,347,4
111122,17,583,345,4
111139,17,577,339,4
111155,17,583,354,4
111172,17,582,339,4
111189,17,579,335,4
111205,17,579,319,4
111222,17,562,347,4
111239,17,570,347,4
111255,17,561,359,4
111272,17,502,381,2
111288,17,509,380,2
111305,17,509,399,2
111322,17,502,398,2
111338,17,508,386,2
111355,17,507,374,2
111372,17,500,361,4
111388,17,507,397,2
111405,17,507,392,2
111422,17,521,375,2
111438,17,513,380,2
111455,17,510,376,2
111471,17,508,402,2
111488,17,507,392,2
111505,17,505,378,2
111521,17,512,397,2
111538,17,513,391,2
111555,17,513,384,2
111571,17,515,386,2
111588,17,516,392,2
111605,17,516,390,2
111621,17,512,383,2
111638,17,520,396,2
111654,17,514,367,2
111671,17,512,400,2
111688,17,512,416,2
111704,17,513,398,2
111721,17,513,370,2
111738,17,510,394,2
111754,17,514,364,4
111771,17,513,375,2
111788,17,509,389,2
111804,17,514,378,2
111821,17,516,380,2
111837,17,515,386,2
111854,17,515,401,2
111871,17,515,386,2
111887,17,514,382,2
111904,17,519,374,2
111921,17,515,374,2
111937,17,518,384,2
111954,17,517,374,2
111971,17,514,383,2
111987,17,516,356,4
112004,17,517,375,2
112020,17,518,382,2
112037,17,514,373,2
112054,17,517,381,2
112070,17,518,375,2
112087,17,520,376,2
112104,17,519,394,2
112120,17,523,374,2
112137,17,518,370,2
112154,17,523,371,2
112170,17,520,361,4
112187,17,514,394,2
112203,17,520,362,4
112270,67,515,379,2
112287,17,518,369,2
112303,17,517,389,2
112320,17,521,378,2
112336,17,512,378,2
112353,17,515,377,2
112370,17,520,380,2
112386,17,494,348,4
112403,17,490,336,4
112420,17,488,338,4
112436,17,486,336,4
112453,17,482,313,4
112470,17,479,354,4
112486,17,483,323,4
112503,17,482,348,4
112519,17,481,326,4
112536,17,484,342,4
112553,17,486,343,4
112569,17,481,353,4
112586,17,505,337,4
112603,17,541,337,4
112619,17,563,335,4
112636,17,564,356,4
112653,17,568,334,4
112669,17,571,337,4
112686,17,576,329,4
112702,17,573,339,4
112719,17,568,331,4
112736,17,570,343,4
112752,17,577,312,4
112769,17,571,341,4
112786,17,492,326,4
112802,17,457,333,4
112819,17,457,338,4
112836,17,461,318,4
112852,17,459,339,4
112869,17,458,339,4
112885,17,459,336,4
112902,17,457,345,4
112919,17,465,336,4
112935,17,456,342,4
112952,17,456,334,4
112969,17,494,338,4
112985,17,542,317,4
113002,17,544,347,4
113019,17,560,322,4
113035,17,559,339,4
113052,17,554,338,4
113068,17,558,342,4
113085,17,564,327,4
113102,17,559,316,4
113118,17,563,336,4
113135,17,566,337,4
113152,17,558,329,4
113168,17,560,317,4
113185,17,511,338,4
113202,17,470,319,4
113218,17,474,302,4
113235,17,467,333,4
113251,17,463,330,4
113268,17,467,345,4
113285,17,473,340,4
113301,17,463,335,4
113318,17,469,338,4
113335,17,473,345,4
113351,17,475,348,4
113368,17,477,312,4
113384,17,471,333,4
113401,17,473,328,4
113418,17,473,334,4
113434,17,471,317,4
113451,17,469,318,4
113468,17,475,330,4
113484,17,470,331,4
113501,17,475,322,4
113518,17,470,351,4
113534,17,470,330,4
113551,17,467,321,4
113567,17,477,340,4
113584,17,471,334,4
113601,17,475,332,4
113617,17,467,320,4
113634,17,470,326,4
113651,17,470,326,4
113667,17,472,329,4
113684,17,476,325,4
113701,17,468,318,4
113717,17,468,343,4
113734,17,469,318,4
113750,17,544,337,4
113767,17,565,322,4
113784,17,572,322,4
113800,17,576,332,4
113817,17,568,324,4
113834,17,566,326,4
113850,17,565,339,4
113867,17,574,319,4
113884,17,576,334,4
113900,17,567,337,4
113917,17,569,325,4
113933,17,577,327,4
113950,17,495,323,4
113967,17,469,337,4
113983,17,471,330,4
114000,17,466,351,4
114017,17,469,345,4
114033,17,467,359,4
114050,17,463,359,4
114067,17,465,344,4
114083,17,461,346,4
114100,17,465,335,4
114116,17,468,347,4
114133,17,467,349,4
114150,17,464,358,4
114166,17,464,328,4
114183,17,467,342,4
114200,17,464,347,4
114216,17,467,344,4
114233,17,469,288,4
114250,17,461,381,2
114333,83,434,327,4
114349,17,545,427,3
114366,17,444,185,1
114383,17,453,309,4
114399,17,458,350,4
114416,17,460,335,4
114433,17,457,343,4
114449,17,453,335,4
114466,17,457,361,4
114482,17,458,347,4
114499,17,454,339,4
114516,17,456,329,4
114532,17,451,343,4
114549,17,457,344,4
114566,17,454,358,4
114582,17,488,331,4
114599,17,479,336,4
114615,17,482,358,4
114632,17,481,333,4
114649,17,479,357,4
114665,17,484,336,4
114682,17,480,331,4
114699,17,485,336,4
114715,17,480,328,4
114732,17,490,341,4
114749,17,482,328,4
114765,17,453,353,4
114782,17,459,329,4
114798,17,453,345,4
114815,17,457,328,4
114832,17,452,345,4
114848,17,457,335,4
114865,17,449,268,0
115031,166,454,862,0
115048,17,450,232,1
115065,17,455,322,4
115081,17,465,355,4
115098,17,453,336,4
115115,17,458,341,4
115131,17,460,323,4
115148,17,456,339,4
115164,17,459,327,4
115181,17,466,323,4
115198,17,460,344,4
115214,17,455,361,4
115231,17,463,360,4
115248,17,457,365,2
115264,17,461,339,4
115281,17,461,332,4
115298,17,479,356,4
115314,17,513,376,2
115331,17,509,388,2
115347,17,517,398,2
115364,17,520,384,2
115381,17,518,386,2
115397,17,517,389,2
115414,17,511,375,2
115431,17,519,384,2
115447,17,521,363,4
115464,17,515,391,2
115481,17,522,388,2
115497,17,521,387,2
115514,17,524,402,2
115530,17,522,374,2
115547,17,513,385,2
115564,17,518,361,4
115580,17,522,365,2
115597,17,519,355,4
115614,17,521,387,2
115630,17,519,378,2
115647,17,517,388,2
115663,17,526,379,2
115680,17,518,375,2
115697,17,522,376,2
115713,17,519,382,2
115730,17,527,378,2
115747,17,522,388,2
115763,17,524,394,2
115780,17,524,381,2
115797,17,510,385,2
115813,17,526,380,2
115830,17,524,394,2
115846,17,522,380,2
115863,17,518,357,4
115880,17,519,369,2
115896,17,522,379,2
115913,17,524,374,2
115930,17,524,363,4
115946,17,520,392,2
115963,17,517,368,2
115980,17,512,378,2
115996,17,522,386,2
116013,17,522,377,2
116029,17,510,385,2
116046,17,515,375,2
116063,17,517,375,2
116079,17,514,380,2
116096,17,517,375,2
116113,17,519,405,2
116129,17,512,369,2
116146,17,521,387,2
116163,17,518,341,4
116179,17,514,390,2
116196,17,517,390,2
116212,17,499,317,4
116229,17,488,334,4
116246,17,495,351,4
116262,17,493,345,4
116279,17,489,325,4
116296,17,490,354,4
116312,17,496,349,4
116329,17,489,331,4
116346,17,491,352,4
116362,17,487,344,4
116379,17,490,338,4
116395,17,494,316,4
116412,17,496,326,4
116429,17,563,338,4
116445,17,566,325,4
116462,17,567,335,4
116479,17,566,327,4
116495,17,581,314,4
116512,17,576,339,4
116529,17,573,306,4
116545,17,574,311,4
116562,17,579,342,4
116578,17,566,330,4
116595,17,568,318,4
116612,17,573,322,4
116628,17,513,331,4
116645,17,494,326,4
116662,17,489,326,4
116678,17,490,341,4
116695,17,485,313,4
116712,17,486,335,4
116728,17,485,318,4
116745,17,482,331,4
116761,17,488,303,4
116778,17,482,325,4
116795,17,493,316,4
116811,17,482,328,4
116828,17,486,315,4
116845,17,490,314,4
116861,17,487,301,4
116878,17,483,314,4
116894,17,484,322,4
116911,17,487,305,4
116928,17,484,336,4
116944,17,482,327,4
116961,17,483,324,4
116978,17,479,337,4
116994,17,482,318,4
117011,17,484,318,4
117028,17,477,317,4
117044,17,480,309,4
117061,17,481,318,4
117077,17,485,301,4
117094,17,485,319,4
117111,17,487,325,4
117127,17,484,315,4
117144,17,483,311,4
117161,17,487,313,4
117177,17,487,314,4
117194,17,489,306,4
117211,17,489,314,4
117227,17,484,313,4
117244,17,480,351,4
117260,17,480,338,4
117277,17,480,310,4
117294,17,490,299,4
117310,17,488,310,4
117327,17,484,309,4
117344,17,483,319,4
117360,17,480,320,4
117377,17,484,320,4
117394,17,490,342,4
117410,17,484,312,4
117427,17,484,313,4
117443,17,487,307,4
117460,17,481,310,4
117477,17,483,318,4
117493,17,487,297,4
117510,17,484,303,4
117527,17,482,297,4
117543,17,489,318,4
117560,17,481,310,4
117577,17,485,323,4
117593,17,488,297,4
117610,17,489,297,4
117626,17,485,314,4
117643,17,479,323,4
117660,17,480,286,0
117676,17,479,295,4
117693,17,478,303,4
117710,17,477,301,4
117726,17,488,295,4
117743,17,478,309,4
117760,17,476,305,4
117776,17,480,340,4
117793,17,480,316,4
117809,17,487,321,4
117826,17,483,310,4
117843,17,492,319,4
117859,17,490,307,4
117876,17,483,308,4
117893,17,487,307,4
117909,17,479,310,4
117926,17,482,311,4
117942,17,475,304,4
117959,17,484,314,4
117976,17,482,300,4
117992,17,479,339,4
118009,17,475,342,4
118026,17,481,333,4
118042,17,480,313,4
118059,17,488,313,4
118076,17,519,336,4
118092,17,560,339,4
118109,17,562,321,4
118125,17,567,294,4
118142,17,557,326,4
118159,17,562,344,4
118175,17,565,338,4
118192,17,564,335,4
118209,17,564,315,4
118225,17,565,319,4
118242,17,567,329,4
118259,17,571,329,4
118275,17,567,311,4
118292,17,561,345,4
118308,17,562,310,4
118325,17,488,315,4
118342,17,470,321,4
118358,17,475,326,4
118375,17,476,342,4
118392,17,478,323,4
118408,17,478,328,4
118425,17,474,331,4
118442,17,475,298,4
118458,17,478,328,4
118475,17,481,307,4
118491,17,478,314,4
118508,17,476,294,4
118525,17,484,319,4
118541,17,480,306,4
118558,17,498,318,4
118575,17,539,308,4
118591,17,559,315,4
118608,17,552,309,4
118625,17,553,319,4
118641,17,563,320,4
118658,17,574,315,4
118674,17,561,325,4
118691,17,565,309,4
118708,17,559,321,4
118724,17,573,299,4
118741,17,556,317,4
118758,17,556,323,4
118774,17,562,302,4
118791,17,551,325,4
118808,17,563,319,4
118824,17,557,320,4
118841,17,556,335,4
118857,17,561,315,4
118874,17,561,334,4
118891,17,567,332,4
118907,17,563,305,4
118924,17,560,340,4
118941,17,560,330,4
118957,17,561,328,4
118974,17,565,307,4
118991,17,564,324,4
119007,17,565,333,4
119024,17,567,334,4
119040,17,563,332,4
119057,17,564,334,4
119074,17,564,341,4
119090,17,562,330,4
119107,17,563,316,4
119124,17,560,322,4
119140,17,525,325,4
119157,17,487,330,4
119173,17,485,343,4
119190,17,486,348,4
119207,17,488,357,4
119223,17,482,337,4
119240,17,478,333,4
119257,17,484,341,4
119273,17,484,352,4
119290,17,485,325,4
119307,17,474,338,4
119323,17,481,344,4
119340,17,484,333,4
119356,17,482,358,4
119373,17,481,346,4
119390,17,478,315,4
119406,17,481,346,4
119423,17,488,344,4
119440,17,483,343,4
119456,17,483,346,4
119473,17,479,335,4
119490,17,490,346,4
119506,17,488,333,4
119523,17,485,336,4
119539,17,476,350,4
119556,17,486,341,4
119573,17,475,311,4
119589,17,494,469,3
119673,83,518,750,3
119689,17,461,370,2
119706,17,510,280,0
119722,17,504,302,4
119739,17,509,354,4
119756,17,507,340,4
119772,17,506,368,2
119789,17,512,361,4
119806,17,507,358,4
119822,17,510,372,2
119839,17,505,372,2
119856,17,511,366,2
119872,17,511,367,2
119889,17,508,345,4
119905,17,507,344,4
119922,17,507,361,4
119939,17,512,350,4
119955,17,511,344,4
119972,17,509,338,4
119989,17,507,348,4
120005,17,510,366,2
120022,17,505,349,4
120039,17,506,361,4
120055,17,507,361,4
120072,17,505,353,4
120088,17,504,352,4
120105,17,504,357,4
120122,17,509,351,4
120138,17,508,336,4
120155,17,511,344,4
120172,17,508,358,4
120188,17,505,351,4
120205,17,511,347,4
120221,17,514,349,4
120238,17,507,369,2
120255,17,505,345,4
120271,17,506,355,4
120288,17,508,357,4
120305,17,507,335,4
120321,17,507,348,4
120338,17,508,368,2
120355,17,507,352,4
120371,17,512,348,4
120388,17,510,340,4
120404,17,510,384,2
120421,17,516,415,2
120438,17,514,414,2
120454,17,514,414,2
120471,17,512,434,3
120488,17,508,396,2
120504,17,511,414,2
120521,17,513,398,2
120538,17,515,349,4
120654,116,487,640,3
120671,17,507,376,2
120687,17,485,255,1
120704,17,476,314,4
120721,17,491,329,4
120737,17,491,349,4
120754,17,489,310,4
120770,17,489,350,4
120787,17,491,339,4
120804,17,491,346,4
120820,17,486,315,4
120837,17,485,319,4
120854,17,483,314,4
120870,17,489,326,4
120887,17,483,324,4
120904,17,484,317,4
120920,17,486,326,4
120937,17,487,317,4
120953,17,486,333,4
120970,17,488,324,4
120987,17,487,327,4
121003,17,491,326,4
121020,17,487,336,4
121037,17,493,338,4
121053,17,492,333,4
121070,17,492,327,4
121087,17,490,326,4
121103,17,491,314,4
121120,17,490,308,4
121136,17,493,317,4
121153,17,490,338,4
121170,17,497,304,4
121186,17,484,339,4
121203,17,484,328,4
121220,17,488,324,4
121236,17,485,331,4
121253,17,485,351,4
121270,17,486,343,4
121286,17,493,338,4
121303,17,489,330,4
121319,17,488,322,4
121336,17,483,342,4
121353,17,489,340,4
121369,17,488,339,4
121386,17,497,331,4
121403,17,491,342,4
121419,17,489,342,4
121436,17,492,347,4
121452,17,497,350,4
121469,17,491,341,4
121486,17,494,340,4
121502,17,495,335,4
121519,17,494,353,4
121536,17,497,348,4
121552,17,498,347,4
121569,17,498,333,4
121586,17,495,317,4
121602,17,500,335,4
121619,17,497,344,4
121635,17,494,329,4
121652,17,501,338,4
121669,17,493,317,4
121685,17,498,322,4
121702,17,496,324,4
121719,17,491,338,4
121735,17,487,341,4
121752,17,494,343,4
121769,17,493,334,4
121785,17,501,338,4
121802,17,503,335,4
121818,17,490,319,4
121835,17,497,325,4
121852,17,498,335,4
121868,17,491,346,4
121885,17,495,320,4
121902,17,493,345,4
121918,17,481,333,4
121935,17,480,348,4
121952,17,477,340,4
121968,17,479,359,4
121985,17,477,325,4
122001,17,479,329,4
122018,17,481,326,4
122035,17,477,348,4
122051,17,483,339,4
122068,17,481,342,4
122085,17,477,338,4
122101,17,478,340,4
122118,17,477,318,4
122135,17,492,335,4
122151,17,479,352,4
122168,17,478,352,4
122184,17,476,354,4
122201,17,475,342,4
122218,17,476,316,4
122234,17,483,312,4
122251,17,480,243,1
122268,17,494,225,1
122284,17,491,248,1
122301,17,490,259,1
122318,17,490,255,1
122334,17,494,267,0
122351,17,499,253,1
122367,17,493,244,1
122384,17,487,256,1
122401,17,496,254,1
122417,17,492,257,1
122434,17,492,254,1
122451,17,491,239,1
122467,17,490,252,1
122484,17,490,233,1
122501,17,492,207,1
122517,17,492,214,1
122534,17,490,223,1
122550,17,496,237,1
122567,17,491,232,1
122584,17,494,230,1
122600,17,494,228,1
122617,17,491,225,1
122634,17,494,230,1
122650,17,492,241,1
122667,17,497,244,1
122683,17,492,228,1
122700,17,500,215,1
122717,17,494,218,1
122733,17,493,232,1
122750,17,494,227,1
122767,17,469,275,0
122783,17,470,302,4
122800,17,478,320,4
122817,17,474,330,4
122833,17,481,331,4
122850,17,472,346,4
122866,17,473,335,4
122883,17,474,331,4
122900,17,469,320,4
122916,17,470,330,4
122933,17,466,325,4
122950,17,473,343,4
122966,17,470,319,4
122983,17,468,335,4
123000,17,476,323,4
123016,17,472,325,4
123033,17,473,335,4
123049,17,472,333,4
123066,17,465,316,4
123083,17,480,343,4
123099,17,473,344,4
123116,17,477,339,4
123133,17,476,336,4
123149,17,475,343,4
123166,17,475,334,4
123183,17,473,347,4
123199,17,477,346,4
123216,17,474,336,4
123232,17,473,347,4
123249,17,470,344,4
123266,17,468,323,4
123282,17,470,376,2
123299,17,472,341,4
123316,17,471,362,4
123332,17,512,377,2
123349,17,509,369,2
123366,17,509,374,2
123382,17,517,375,2
123399,17,511,383,2
123415,17,514,381,2
123432,17,514,367,2
123449,17,511,387,2
123465,17,512,388,2
123482,17,510,403,2
123499,17,513,365,2
123515,17,517,379,2
123532,17,512,371,2
123549,17,513,370,2
123565,17,522,388,2
123582,17,526,385,2
123598,17,521,389,2
123615,17,526,391,2
123632,17,523,388,2
123648,17,527,387,2
123665,17,525,363,4
123682,17,531,368,2
123698,17,525,380,2
123715,17,525,393,2
123731,17,524,379,2
123748,17,526,386,2
123765,17,525,377,2
123781,17,527,372,2
123798,17,499,353,4
123815,17,504,360,4
123831,17,501,345,4
123848,17,503,344,4
123865,17,499,346,4
123881,17,510,341,4
123898,17,505,357,4
123914,17,507,357,4
123931,17,506,352,4
123948,17,504,373,2
123964,17,510,351,4
123981,17,507,354,4
123998,17,501,365,2
124014,17,502,358,4
124031,17,501,362,4
124048,17,505,353,4
124064,17,498,345,4
124081,17,501,374,2
124097,17,513,381,2
124114,17,504,391,2
124131,17,508,344,4
124147,17,503,371,2
124164,17,502,373,2
124181,17,509,357,4
124197,17,508,354,4
124214,17,508,363,4
124231,17,509,344,4
124247,17,509,381,2
124264,17,502,343,4
124280,17,502,337,4
124297,17,507,355,4
124314,17,502,358,4
124330,17,502,371,2
124347,17,502,344,4
124364,17,500,376,2
124380,17,499,355,4
124397,17,497,349,4
124414,17,501,367,2
124430,17,501,355,4
124447,17,530,349,4
124463,17,554,351,4
124480,17,554,346,4
124497,17,561,357,4
124513,17,560,351,4
124530,17,559,355,4
124547,17,557,371,2
124563,17,557,341,4
124580,17,556,358,4
124597,17,563,336,4
124613,17,554,375,2
124630,17,561,357,4
124646,17,557,382,2
124663,17,565,348,4
124680,17,495,358,4
124696,17,485,378,2
124713,17,487,366,2
124730,17,484,359,4
124746,17,488,354,4
124763,17,480,361,4
124780,17,482,361,4
124796,17,487,367,2
124813,17,488,348,4
124829,17,491,343,4
124846,17,486,371,2
124863,17,481,359,4
124879,17,485,333,4
124896,17,487,351,4
124913,17,496,255,1
124929,17,512,220,1
124946,17,513,210,1
124962,17,511,204,1
124979,17,518,214,1
124996,17,512,212,1
125012,17,512,182,1
125029,17,516,196,1
125046,17,515,190,1
125062,17,520,206,1
125079,17,519,190,1
125096,17,514,199,1
125112,17,516,191,1
125129,17,517,191,1
125145,17,514,215,1
125162,17,520,208,1
125179,17,522,198,1
125195,17,521,192,1
125212,17,518,194,1
125229,17,516,201,1
125245,17,516,202,1
125262,17,518,209,1
125279,17,519,195,1
125295,17,514,189,1
125312,17,521,170,1
125328,17,512,256,1
125345,17,514,316,4
125362,17,511,340,4
125378,17,504,334,4
125395,17,510,364,4
125412,17,503,350,4
125428,17,501,336,4
125445,17,503,339,4
125462,17,504,349,4
125478,17,501,343,4
125495,17,503,345,4
125511,17,505,336,4
125528,17,511,346,4
125545,17,506,333,4
125561,17,539,325,4
125578,17,556,346,4
125595,17,572,345,4
125611,17,557,354,4
125628,17,557,355,4
125645,17,553,335,4
125661,17,566,328,4
125678,17,557,334,4
125694,17,563,347,4
125711,17,565,345,4
125728,17,558,367,2
125744,17,584,452,3
125761,17,607,520,3
125778,17,601,506,3
125794,17,594,524,3
125811,17,594,518,3
125828,17,600,529,3
125844,17,605,522,3
125861,17,598,519,3
125877,17,603,507,3
125894,17,599,520,3
125911,17,602,509,3
125927,17,602,526,3
125944,17,604,504,3
125961,17,580,523,3
125977,17,513,520,3
125994,17,506,506,3
126010,17,502,516,3
126027,17,503,524,3
126044,17,512,510,3
126060,17,505,506,3
126077,17,504,519,3
126094,17,507,528,3
126110,17,498,550,3
126127,17,506,527,3
126144,17,500,525,3
126160,17,506,516,3
126177,17,504,521,3
126193,17,499,529,3
126210,17,511,524,3
126227,17,505,522,3
126243,17,501,516,3
126260,17,503,496,3
126277,17,510,385,2
126293,17,525,349,4
126310,17,527,348,4
126327,17,522,349,4
126343,17,521,333,4
126360,17,520,350,4
126376,17,517,338,4
126393,17,526,350,4
126410,17,529,333,4
126426,17,518,336,4
126443,17,528,330,4
126460,17,526,340,4
126476,17,520,329,4
126493,17,516,339,4
126510,17,517,351,4
126526,17,524,361,4
126543,17,518,343,4
126559,17,415,434,3
126576,17,369,473,3
126593,17,372,461,3
126609,17,359,455,3
126626,17,372,480,3
126643,17,365,461,3
126659,17,355,468,3
126676,17,364,481,3
126693,17,362,469,3
126709,17,375,476,3
126726,17,370,473,3
126742,17,353,477,3
126759,17,368,466,3
126776,17,365,466,3
126792,17,379,454,3
126809,17,359,461,3
126826,17,393,452,3
126842,17,477,384,2
126859,17,514,399,2
126876,17,524,387,2
126892,17,520,383,2
126909,17,516,377,2
126925,17,516,363,4
126942,17,524,377,2
126959,17,527,374,2
126975,17,526,382,2
126992,17,523,374,2
127009,17,527,365,2
127025,17,547,352,4
127042,17,559,358,4
127059,17,560,358,4
127075,17,558,358,4
127092,17,562,345,4
127108,17,563,353,4
127125,17,558,363,4
127142,17,567,350,4
127158,17,561,362,4
127175,17,561,347,4
127192,17,557,370,2
127208,17,556,347,4
127225,17,558,322,4
127241,17,560,340,4
127258,17,557,362,4
127275,17,551,361,4
127291,17,559,357,4
127308,17,554,362,4
127325,17,561,347,4
127341,17,559,346,4
127358,17,561,344,4
127375,17,552,350,4
127391,17,517,391,2
127408,17,523,376,2
127424,17,522,392,2
127441,17,519,379,2
127458,17,527,385,2
127474,17,518,384,2
127491,17,530,381,2
127508,17,526,397,2
127524,17,521,394,2
127541,17,533,378,2
127558,17,518,396,2
127574,17,531,386,2
127591,17,530,393,2
127607,17,529,377,2
127624,17,526,413,2
127641,17,527,402,2
127657,17,535,406,2
127674,17,533,383,2
127691,17,530,399,2
127707,17,530,387,2
127724,17,528,375,2
127741,17,532,379,2
127757,17,529,380,2
127774,17,532,388,2
127790,17,532,398,2
127807,17,536,376,2
127824,17,521,323,4
127840,17,427,321,4
127857,17,418,346,4
127874,17,514,257,1
127890,17,522,366,2
127907,17,522,388,2
127924,17,521,344,4
127940,17,518,377,2
127957,17,523,372,2
127973,17,513,372,2
127990,17,515,367,2
128007,17,519,369,2
128023,17,516,384,2
128040,17,520,375,2
128057,17,521,354,4
128073,17,513,384,2
128090,17,523,376,2
128107,17,521,383,2
128123,17,522,398,2
128140,17,514,399,2
128156,17,513,386,2
128173,17,517,390,2
128190,17,515,378,2
128206,17,519,353,4
128223,17,523,405,2
128240,17,518,370,2
128256,17,519,387,2
128273,17,515,383,2
128289,17,520,378,2
128306,17,516,393,2
128323,17,518,380,2
128339,17,522,380,2
128356,17,524,366,2
128373,17,531,365,2
128389,17,575,345,4
128406,17,578,355,4
128423,17,582,347,4
128439,17,585,354,4
128456,17,584,360,4
128472,17,576,364,4
128489,17,583,365,2
128506,17,591,353,4
128522,17,586,354,4
128539,17,584,337,4
128556,17,561,367,2
128572,17,493,356,4
128589,17,469,355,4
128606,17,473,358,4
128622,17,475,378,2
128639,17,471,352,4
128655,17,477,368,2
128672,17,474,356,4
128689,17,477,361,4
128705,17,476,368,2
128722,17,474,344,4
128739,17,476,352,4
128755,17,473,367,2
128772,17,472,374,2
128789,17,479,365,2
128805,17,538,340,4
128822,17,542,368,2
128838,17,545,350,4
128855,17,540,340,4
128872,17,546,363,4
128888,17,549,356,4
128905,17,551,368,2
128922,17,553,358,4
128938,17,550,358,4
128955,17,543,361,4
128972,17,554,356,4
128988,17,550,359,4
129005,17,549,351,4
129021,17,548,329,4
129038,17,550,340,4
129055,17,546,329,4
129071,17,545,315,4
129088,17,549,361,4
129105,17,546,350,4
129121,17,515,264,0
129138,17,511,253,1
129155,17,512,247,1
129171,17,513,259,1
129188,17,514,249,1
129204,17,512,260,0
129221,17,512,254,1
129238,17,514,258,1
129254,17,512,236,1
129271,17,511,244,1
129288,17,511,259,1
129304,17,509,265,0
129321,17,513,281,0
129338,17,513,258,1
129354,17,513,268,0
129371,17,512,249,1
129387,17,510,259,1
129404,17,510,240,1
129421,17,467,251,1
129437,17,475,249,1
129454,17,473,239,1
129471,17,473,270,0
129487,17,469,268,0
129504,17,469,261,0
129520,17,475,251,1
129537,17,470,258,1
129554,17,473,250,1
129570,17,466,274,0
129587,17,475,258,1
129604,17,477,274,0
129620,17,475,277,0
129637,17,522,258,1
129654,17,526,260,0
129670,17,525,241,1
129687,17,525,284,0
129703,17,528,260,0
129720,17,523,255,1
129737,17,526,256,1
129753,17,524,253,1
129770,17,524,263,0
129787,17,525,258,1
129803,17,525,247,1
129820,17,525,245,1
129837,17,526,256,1
129853,17,521,238,1
129870,17,528,246,1
129886,17,521,251,1
129903,17,527,237,1
129920,17,521,234,1
129936,17,516,291,4
129953,17,510,335,4
129970,17,511,327,4
129986,17,509,319,4
130003,17,507,327,4
130020,17,504,343,4
130036,17,514,330,4
130053,17,504,331,4
130069,17,509,332,4
130086,17,511,338,4
130103,17,508,329,4
130119,17,504,335,4
130136,17,540,332,4
130153,17,565,370,2
130169,17,561,349,4
130186,17,562,356,4
130203,17,566,350,4
130219,17,564,344,4
130236,17,569,339,4
130252,17,551,346,4
130269,17,568,352,4
130286,17,564,341,4
130302,17,574,334,4
130319,17,569,351,4
130336,17,496,354,4
130352,17,467,369,2
130369,17,463,386,2
130386,17,457,369,2
130402,17,461,352,4
130419,17,466,352,4
130435,17,464,349,4
130452,17,465,374,2
130469,17,467,370,2
130485,17,463,359,4
130502,17,468,366,2
130519,17,507,348,4
130535,17,560,380,2
130552,17,580,346,4
130568,17,589,345,4
130585,17,585,345,4
130602,17,586,355,4
130618,17,590,344,4
130635,17,585,356,4
130652,17,573,351,4
130668,17,581,354,4
130685,17,571,348,4
130702,17,586,841,0
130785,83,413,396,2
130801,17,460,130,0
130818,17,474,235,1
130835,17,468,305,4
130851,17,475,346,4
130868,17,468,375,2
130885,17,477,342,4
130901,17,472,370,2
130918,17,465,365,2
130934,17,476,353,4
130951,17,474,360,4
130968,17,477,352,4
130984,17,468,372,2
131001,17,474,354,4
131018,17,470,377,2
131034,17,472,364,4
131051,17,475,368,2
131068,17,470,356,4
131084,17,466,375,2
131101,17,475,352,4
131117,17,473,359,4
131134,17,478,359,4
131151,17,502,358,4
131167,17,576,333,4
131184,17,585,346,4
131201,17,575,338,4
131217,17,585,342,4
131234,17,584,336,4
131251,17,575,358,4
131267,17,566,365,2
131284,17,590,358,4
131300,17,574,345,4
131317,17,571,344,4
131334,17,589,346,4
131350,17,568,348,4
131367,17,544,376,2
131384,17,523,374,2
131400,17,523,395,2
131417,17,527,382,2
131434,17,521,385,2
131450,17,527,371,2
131467,17,528,377,2
131483,17,522,403,2
131500,17,525,379,2
131517,17,524,372,2
131533,17,521,402,2
131550,17,531,392,2
131567,17,525,384,2
131583,17,526,371,2
131600,17,527,372,2
131617,17,531,369,2
131633,17,520,389,2
131650,17,530,389,2
131666,17,535,384,2
131683,17,523,367,2
131700,17,528,385,2
131716,17,535,373,2
131733,17,531,373,2
131750,17,535,368,2
131766,17,533,384,2
131783,17,539,380,2
131799,17,534,357,4
131816,17,532,374,2
131833,17,537,382,2
131849,17,537,382,2
131866,17,542,381,2
131883,17,535,377,2
131899,17,536,384,2
131916,17,537,354,4
131933,17,533,385,2
131949,17,535,402,2
131966,17,535,391,2
131982,17,536,366,2
131999,17,525,379,2
132016,17,534,361,4
132032,17,533,386,2
132049,17,531,371,2
132066,17,533,361,4
132082,17,533,382,2
132099,17,535,368,2
132116,17,530,364,4
132132,17,529,383,2
132149,17,528,360,4
132165,17,529,366,2
132182,17,519,394,2
132199,17,528,374,2
132215,17,527,376,2
132232,17,528,371,2
132249,17,530,362,4
132265,17,529,374,2
132282,17,527,366,2
132299,17,529,373,2
132315,17,525,375,2
132332,17,521,365,2
132348,17,527,376,2
132365,17,523,357,4
132382,17,521,364,4
132398,17,526,388,2
132415,17,503,358,4
132432,17,481,362,4
132448,17,480,354,4
132465,17,486,350,4
132482,17,473,353,4
132498,17,476,320,4
132515,17,477,359,4
132531,17,478,358,4
132548,17,480,336,4
132565,17,477,354,4
132581,17,475,370,2
132598,17,475,350,4
132615,17,476,339,4
132631,17,476,347,4
132648,17,481,316,4
132665,17,475,340,4
132681,17,479,355,4
132698,17,477,337,4
132714,17,479,336,4
132731,17,475,338,4
132748,17,483,354,4
132764,17,482,343,4
132781,17,481,352,4
132798,17,486,358,4
132814,17,476,339,4
132831,17,480,360,4
132848,17,482,359,4
132864,17,483,362,4
132881,17,482,333,4
132897,17,482,373,2
132914,17,490,362,4
132931,17,521,334,4
132947,17,541,341,4
132964,17,541,346,4
132981,17,538,337,4
132997,17,541,317,4
133014,17,539,339,4
133030,17,542,346,4
133047,17,538,346,4
133064,17,533,347,4
133080,17,540,315,4
133097,17,542,358,4
133114,17,568,342,4
133130,17,580,350,4
133147,17,584,350,4
133164,17,572,327,4
133180,17,576,360,4
133197,17,578,345,4
133213,17,573,339,4
133230,17,576,307,4
133247,17,571,353,4
133263,17,575,351,4
133280,17,570,352,4
133297,17,569,358,4
133313,17,577,342,4
133330,17,568,345,4
133347,17,501,345,4
133363,17,475,344,4
133380,17,477,342,4
133396,17,473,314,4
133413,17,476,341,4
133430,17,469,349,4
133446,17,476,357,4
133463,17,477,345,4
133480,17,481,336,4
133496,17,477,348,4
133513,17,480,327,4
133530,17,476,343,4
133546,17,482,322,4
133563,17,478,357,4
133579,17,483,330,4
133596,17,477,347,4
133613,17,436,274,0
133629,17,408,280,0
133646,17,410,254,1
133663,17,404,265,0
133679,17,404,259,1
133696,17,401,259,1
133713,17,405,252,1
133729,17,412,263,0
133746,17,410,262,0
133762,17,415,253,1
133779,17,410,258,1
133796,17,412,269,0
133812,17,408,293,0
133829,17,407,256,1
133846,17,398,269,0
133862,17,414,277,0
133879,17,407,263,0
133896,17,400,236,1
133912,17,398,243,1
133929,17,406,246,1
133945,17,403,239,1
133962,17,407,245,1
133979,17,402,235,1
133995,17,396,227,1
134012,17,404,252,1
134029,17,396,222,1
134045,17,400,252,1
134062,17,404,236,1
134078,17,404,244,1
134095,17,405,254,1
134112,17,408,228,1
134128,17,402,230,1
134145,17,403,245,1
134162,17,407,254,1
134178,17,405,251,1
134195,17,404,233,1
134212,17,405,245,1
134228,17,476,285,0
134245,17,527,352,4
134261,17,524,341,4
134278,17,530,360,4
134295,17,527,334,4
134311,17,534,370,2
134328,17,530,348,4
134345,17,533,355,4
134361,17,529,364,4
134378,17,530,369,2
134395,17,532,354,4
134411,17,531,357,4
134428,17,531,374,2
134444,17,493,384,2
134461,17,476,344,4
134478,17,476,357,4
134494,17,469,363,4
134511,17,471,361,4
134528,17,469,377,2
134544,17,475,357,4
134561,17,471,387,2
134578,17,474,363,4
134594,17,470,373,2
134611,17,469,372,2
134627,17,474,353,4
134644,17,476,364,4
134661,17,473,386,2
134677,17,473,372,2
134694,17,471,368,2
134711,17,464,361,4
134727,17,470,374,2
134744,17,473,381,2
134761,17,470,366,2
134777,17,477,370,2
134794,17,475,366,2
134810,17,473,375,2
134827,17,472,374,2
134844,17,466,360,4
134860,17,479,359,4
134877,17,466,371,2
134894,17,469,372,2
134910,17,472,361,4
134927,17,477,365,2
134944,17,476,364,4
134960,17,477,348,4
134977,17,474,363,4
134993,17,473,391,2
135010,17,475,369,2
135027,17,544,333,4
135043,17,562,344,4
135060,17,557,371,2
135077,17,561,365,2
135093,17,566,355,4
135110,17,565,357,4
135127,17,565,338,4
135143,17,563,364,4
135160,17,565,366,2
135176,17,559,364,4
135193,17,562,364,4
135210,17,565,367,2
135226,17,566,350,4
135243,17,563,378,2
135260,17,502,362,4
135276,17,480,372,2
135293,17,480,360,4
135309,17,479,359,4
135326,17,481,362,4
135343,17,478,354,4
135359,17,481,366,2
135376,17,482,371,2
135393,17,476,361,4
135409,17,483,359,4
135426,17,480,370,2
135443,17,480,359,4
135459,17,486,375,2
135476,17,479,373,2
135492,17,477,375,2
135509,17,479,358,4
135526,17,479,358,4
135542,17,485,363,4
135559,17,481,367,2
135576,17,481,370,2
135592,17,479,357,4
135609,17,478,344,4
135626,17,474,359,4
135642,17,482,372,2
135659,17,478,378,2
135675,17,479,358,4
135692,17,477,373,2
135709,17,479,366,2
135725,17,479,367,2
135742,17,473,360,4
135759,17,472,373,2
135775,17,474,359,4
135792,17,476,361,4
135809,17,470,360,4
135825,17,468,358,4
135842,17,467,353,4
135858,17,470,345,4
135875,17,473,351,4
135892,17,470,361,4
135908,17,470,359,4
135925,17,471,358,4
135942,17,468,369,2
135958,17,471,369,2
135975,17,473,360,4
135992,17,476,371,2
136008,17,474,364,4
136025,17,471,360,4
136041,17,473,345,4
136058,17,476,363,4
136075,17,476,345,4
136091,17,476,352,4
136108,17,475,374,2
136125,17,470,374,2
136141,17,473,356,4
136158,17,475,330,4
136175,17,477,355,4
136191,17,484,367,2
136208,17,525,388,2
136224,17,515,374,2
136241,17,515,394,2
136258,17,521,394,2
136274,17,515,374,2
136291,17,528,403,2
136308,17,514,388,2
136324,17,521,386,2
136341,17,522,365,2
136357,17,517,374,2
136374,17,517,364,4
136391,17,530,395,2
136407,17,529,378,2
136424,17,526,392,2
136441,17,519,386,2
136457,17,523,382,2
136474,17,521,377,2
136491,17,520,385,2
136507,17,528,360,4
136524,17,522,380,2
136540,17,493,372,2
136557,17,471,368,2
136574,17,470,349,4
136590,17,472,365,2
136607,17,466,358,4
136624,17,470,361,4
136640,17,470,368,2
136657,17,474,370,2
136674,17,468,369,2
136690,17,476,356,4
136707,17,479,347,4
136723,17,473,362,4
136740,17,469,364,4
136757,17,474,362,4
136773,17,450,386,2
136790,17,401,438,3
136807,17,390,443,3
136823,17,376,433,3
136840,17,382,446,3
136857,17,389,467,3
136873,17,387,440,3
136890,17,388,464,3
136906,17,384,466,3
136923,17,372,451,3
136940,17,386,464,3
136956,17,392,448,3
136973,17,380,453,3
136990,17,392,434,3
137006,17,379,454,3
137023,17,391,476,3
137040,17,380,465,3
137056,17,389,455,3
137073,17,390,457,3
137089,17,381,470,3
137106,17,371,425,3
137123,17,383,469,3
137139,17,378,460,3
137156,17,389,450,3
137173,17,388,459,3
137189,17,381,448,3
137206,17,377,449,3
137223,17,399,470,3
137239,17,380,451,3
137256,17,381,456,3
137272,17,373,441,3
137289,17,393,460,3
137306,17,395,466,3
137322,17,388,434,3
137339,17,387,448,3
137356,17,462,374,2
137372,17,483,348,4
137389,17,489,392,2
137406,17,486,384,2
137422,17,492,372,2
137439,17,503,369,2
137455,17,487,390,2
137472,17,488,355,4
137489,17,494,349,4
137505,17,500,363,4
137522,17,493,383,2
137539,17,494,376,2
137555,17,520,395,2
137572,17,613,415,2
137588,17,673,438,3
137605,17,671,447,3
137622,17,680,430,3
137638,17,675,430,3
137655,17,673,440,3
137672,17,687,428,3
137688,17,679,419,3
137705,17,679,440,3
137722,17,671,446,3
137738,17,668,476,3
137755,17,680,450,3
137771,17,683,430,3
137788,17,678,451,3
137805,17,690,452,3
137821,17,676,421,3
137838,17,681,442,3
137855,17,684,431,3
137871,17,582,368,2
137888,17,526,359,4
137905,17,528,331,4
137921,17,524,346,4
137938,17,518,348,4
137954,17,520,339,4
137971,17,517,349,4
137988,17,522,325,4
138004,17,522,356,4
138021,17,523,344,4
138038,17,523,364,4
138054,17,524,339,4
138071,17,523,339,4
138088,17,523,324,4
138104,17,468,338,4
138121,17,476,351,4
138137,17,477,356,4
138154,17,476,341,4
138171,17,472,334,4
138187,17,474,333,4
138204,17,473,331,4
138221,17,474,362,4
138237,17,469,339,4
138254,17,478,347,4
138271,17,472,352,4
138287,17,473,336,4
138304,17,475,345,4
138320,17,479,365,2
138337,17,479,346,4
138354,17,475,325,4
138370,17,481,309,4
138387,17,503,285,0
138404,17,518,261,0
138420,17,518,264,0
138437,17,517,281,0
138454,17,517,287,0
138470,17,517,259,1
138487,17,519,270,0
138503,17,519,272,0
138520,17,520,271,0
138537,17,518,277,0
138553,17,519,279,0
138570,17,522,263,0
138587,17,521,257,1
138603,17,517,259,1
138620,17,520,267,0
138636,17,519,281,0
138653,17,521,257,1
138670,17,520,271,0
138686,17,518,259,1
138703,17,519,266,0
138720,17,519,283,0
138736,17,517,281,0
138753,17,517,248,1
138770,17,521,262,0
138786,17,469,310,4
138803,17,469,311,4
138819,17,469,320,4
138836,17,465,315,4
138853,17,465,313,4
138869,17,464,342,4
138886,17,463,315,4
138903,17,458,307,4
138919,17,462,310,4
138936,17,458,307,4
138953,17,467,347,4
138969,17,464,326,4
138986,17,460,325,4
139002,17,508,338,4
139019,17,544,318,4
139036,17,543,335,4
139052,17,549,314,4
139069,17,551,333,4
139086,17,549,315,4
139102,17,557,308,4
139119,17,554,341,4
139136,17,556,334,4
139152,17,545,328,4
139169,17,554,324,4
139185,17,551,319,4
139202,17,554,336,4
139219,17,550,312,4
139235,17,552,313,4
139252,17,550,301,4
139269,17,478,318,4
139285,17,471,336,4
139302,17,470,332,4
139319,17,468,304,4
139335,17,467,302,4
139352,17,466,304,4
139368,17,473,317,4
139385,17,468,319,4
139402,17,471,316,4
139418,17,473,283,0
139518,100,504,831,0
139535,17,512,163,1
139551,17,519,258,1
139568,17,509,335,4
139585,17,512,326,4
139601,17,511,320,4
139618,17,515,342,4
139635,17,523,346,4
139651,17,520,328,4
139668,17,512,329,4
139685,17,514,320,4
139701,17,515,347,4
139718,17,516,348,4
139734,17,514,363,4
139751,17,518,343,4
139768,17,509,332,4
139784,17,516,350,4
139801,17,518,341,4
139818,17,507,352,4
139834,17,522,336,4
139851,17,512,348,4
139867,17,513,335,4
139884,17,508,342,4
139901,17,523,348,4
139917,17,515,360,4
139934,17,520,356,4
139951,17,515,355,4
139967,17,513,358,4
139984,17,512,354,4
140001,17,519,355,4
140017,17,517,361,4
140034,17,516,332,4
140050,17,519,346,4
140067,17,516,362,4
140084,17,517,352,4
140100,17,511,368,2
140117,17,510,359,4
140134,17,514,344,4
140150,17,514,344,4
140167,17,513,336,4
140184,17,514,357,4
140200,17,517,378,2
140217,17,512,343,4
140233,17,515,351,4
140250,17,521,343,4
140267,17,522,344,4
140283,17,519,372,2
140300,17,517,360,4
140317,17,516,346,4
140333,17,517,354,4
140350,17,516,359,4
140367,17,517,350,4
140383,17,517,372,2
140400,17,521,359,4
140416,17,516,352,4
140433,17,522,362,4
140450,17,521,369,2
140466,17,525,337,4
140483,17,535,351,4
140500,17,549,348,4
140516,17,551,340,4
140533,17,547,345,4
140550,17,551,341,4
140566,17,547,352,4
140583,17,552,340,4
140599,17,552,343,4
140616,17,553,339,4
140633,17,551,326,4
140649,17,555,354,4
140666,17,551,350,4
140683,17,497,332,4
140699,17,466,327,4
140716,17,469,334,4
140733,17,471,334,4
140749,17,472,332,4
140766,17,475,337,4
140782,17,467,347,4
140799,17,468,349,4
140816,17,466,338,4
140832,17,465,336,4
140849,17,472,337,4
140866,17,466,329,4
140882,17,471,324,4
140899,17,536,352,4
140916,17,550,360,4
140932,17,555,349,4
140949,17,555,318,4
140965,17,554,351,4
140982,17,552,327,4
140999,17,551,324,4
141015,17,556,336,4
141032,17,558,364,4
141049,17,555,350,4
141065,17,557,340,4
141082,17,553,349,4
141098,17,558,338,4
141115,17,557,327,4
141132,17,543,318,4
141148,17,539,335,4
141165,17,546,324,4
141182,17,546,357,4
141198,17,540,348,4
141215,17,543,356,4
141232,17,545,361,4
141248,17,551,343,4
141265,17,542,346,4
141281,17,544,327,4
141298,17,483,355,4
141315,17,475,335,4
141331,17,470,323,4
141348,17,477,329,4
141365,17,478,329,4
141381,17,471,337,4
141398,17,472,331,4
141415,17,473,326,4
141431,17,470,335,4
141448,17,469,342,4
141464,17,471,335,4
141481,17,470,343,4
141498,17,474,331,4
141514,17,475,335,4
141531,17,484,347,4
141548,17,531,327,4
141564,17,554,339,4
141581,17,550,331,4
141598,17,549,338,4
141614,17,542,333,4
141631,17,553,343,4
141647,17,547,347,4
141664,17,543,337,4
141681,17,556,343,4
141697,17,555,343,4
141714,17,547,352,4
141731,17,548,345,4
141747,17,542,342,4
141764,17,491,445,3
141781,17,418,559,3
141797,17,401,578,3
141814,17,401,557,3
141830,17,397,559,3
141847,17,402,558,3
141864,17,400,562,3
141880,17,393,553,3
141897,17,402,565,3
141914,17,399,567,3
141930,17,396,567,3
141947,17,399,566,3
141964,17,404,579,3
141980,17,393,591,3
141997,17,405,573,3
142013,17,392,567,3
142030,17,402,576,3
142047,17,401,567,3
142063,17,399,571,3
142080,17,402,562,3
142097,17,425,400,2
142113,17,471,370,2
142130,17,481,357,4
142146,17,478,357,4
142163,17,474,365,2
142180,17,478,353,4
142196,17,478,359,4
142213,17,478,357,4
142230,17,478,364,4
142246,17,483,358,4
142263,17,480,376,2
142280,17,479,362,4
142296,17,475,370,2
142313,17,483,333,4
142329,17,482,340,4
142346,17,482,363,4
142363,17,484,379,2
142379,17,479,377,2
142396,17,477,350,4
142413,17,485,358,4
142429,17,477,364,4
142446,17,478,368,2
142463,17,476,380,2
142479,17,482,377,2
142496,17,477,366,2
142512,17,476,365,2
142529,17,484,355,4
142546,17,492,365,2
142562,17,477,359,4
142579,17,483,365,2
142596,17,481,374,2
142612,17,484,371,2
142629,17,480,353,4
142646,17,489,353,4
142662,17,519,365,2
142679,17,551,354,4
142695,17,549,352,4
142712,17,556,347,4
142729,17,555,354,4
142745,17,555,348,4
142762,17,556,351,4
142779,17,551,356,4
142795,17,560,334,4
142812,17,556,369,2
142829,17,559,410,2
142945,116,407,316,0
142962,17,416,299,4
142978,17,481,242,1
142995,17,480,261,0
143012,17,479,336,4
143028,17,486,329,4
143045,17,486,332,4
143061,17,483,337,4
143078,17,482,331,4
143095,17,483,327,4
143111,17,485,319,4
143128,17,485,311,4
143145,17,524,354,4
143161,17,546,351,4
143178,17,549,351,4
143195,17,551,347,4
143211,17,552,330,4
143228,17,552,347,4
143244,17,552,331,4
143261,17,554,324,4
143278,17,551,343,4
143294,17,552,329,4
143311,17,552,337,4
143328,17,554,323,4
143344,17,552,325,4
143361,17,552,328,4
143377,17,553,334,4
143394,17,548,348,4
143411,17,549,316,4
143427,17,557,323,4
143444,17,560,342,4
143461,17,557,339,4
143477,17,555,365,2
143494,17,559,336,4
143511,17,527,356,4
143527,17,513,353,4
143544,17,511,380,2
143560,17,511,363,4
143577,17,503,392,2
143594,17,512,376,2
143610,17,504,359,4
143627,17,510,378,2
143644,17,512,378,2
143660,17,506,381,2
143677,17,514,364,4
143694,17,509,375,2
143710,17,509,315,4
143727,17,519,280,0
143743,17,559,918,0
143877,133,527,424,3
143893,17,510,176,1
143910,17,493,344,4
143926,17,502,312,4
143943,17,514,362,4
143960,17,501,383,2
143976,17,504,387,2
143993,17,506,389,2
144010,17,498,386,2
144026,17,498,377,2
144043,17,501,358,4
144060,17,511,372,2
144076,17,497,391,2
144093,17,510,387,2
144109,17,509,387,2
144126,17,500,381,2
144143,17,507,384,2
144159,17,500,392,2
144176,17,498,376,2
144193,17,500,365,2
144209,17,499,395,2
144226,17,497,381,2
144243,17,509,399,2
144259,17,496,368,2
144276,17,506,367,2
144292,17,507,382,2
144309,17,503,396,2
144326,17,501,388,2
144342,17,496,393,2
144359,17,509,394,2
144376,17,507,411,2
144392,17,503,389,2
144409,17,494,386,2
144425,17,506,396,2
144442,17,495,387,2
144459,17,500,379,2
144475,17,491,396,2
144492,17,504,360,4
144509,17,513,339,4
144525,17,509,355,4
144542,17,512,355,4
144559,17,516,367,2
144575,17,515,354,4
144592,17,509,349,4
144608,17,508,328,4
144625,17,526,360,4
144642,17,495,347,4
144658,17,458,349,4
144675,17,459,332,4
144692,17,455,355,4
144708,17,457,341,4
144725,17,454,352,4
144742,17,454,354,4
144758,17,457,325,4
144775,17,458,339,4
144791,17,462,330,4
144808,17,459,332,4
144825,17,461,337,4
144841,17,459,353,4
144858,17,459,336,4
144875,17,452,345,4
144891,17,358,339,0
144908,17,252,308,0
144925,17,239,314,0
144941,17,225,336,0
144958,17,228,347,0
144974,17,213,311,0
144991,17,226,307,0
145008,17,228,306,0
145024,17,231,293,0
145041,17,229,322,0
145058,17,224,295,0
145074,17,228,307,0
145091,17,229,309,0
145108,17,230,322,0
145124,17,228,299,0
145141,17,225,316,0
145157,17,254,311,0
145174,17,388,321,0
145191,17,470,318,4
145207,17,476,331,4
145224,17,474,312,4
145241,17,476,349,4
145257,17,475,353,4
145274,17,472,331,4
145291,17,481,363,4
145307,17,473,350,4
145324,17,468,358,4
145340,17,479,364,4
145357,17,478,350,4
145374,17,473,359,4
145390,17,467,337,4
145407,17,457,353,4
145424,17,464,351,4
145440,17,455,350,4
145457,17,464,342,4
145474,17,463,350,4
145490,17,463,368,2
145507,17,463,346,4
145523,17,462,360,4
145540,17,461,348,4
145557,17,465,361,4
145573,17,463,352,4
145590,17,462,372,2
145607,17,476,347,4
145623,17,534,355,4
145640,17,553,361,4
145656,17,555,344,4
145673,17,549,365,2
145690,17,547,352,4
145706,17,543,365,2
145723,17,545,353,4
145740,17,548,338,4
145756,17,547,362,4
145773,17,548,343,4
145790,17,546,345,4
145806,17,551,362,4
145823,17,484,358,4
145839,17,452,365,2
145856,17,455,357,4
145873,17,451,345,4
145889,17,448,340,4
145906,17,450,380,2
145923,17,454,368,2
145939,17,451,372,2
145956,17,453,357,4
145973,17,456,364,4
145989,17,451,358,4
146006,17,459,365,2
146022,17,491,356,4
146039,17,537,362,4
146056,17,535,353,4
146072,17,540,349,4
146089,17,534,326,4
146106,17,537,341,4
146122,17,545,338,4
146139,17,543,358,4
146156,17,531,354,4
146172,17,550,366,2
146189,17,562,338,4
146205,17,579,358,4
146222,17,578,361,4
146239,17,568,357,4
146255,17,574,347,4
146272,17,579,351,4
146289,17,571,346,4
146305,17,575,341,4
146322,17,574,376,2
146339,17,578,356,4
146355,17,567,342,4
146372,17,567,350,4
146388,17,574,354,4
146405,17,530,360,4
146422,17,459,358,4
146438,17,465,360,4
146455,17,455,355,4
146472,17,458,357,4
146488,17,458,354,4
146505,17,460,363,4
146522,17,454,372,2
146538,17,457,337,4
146555,17,455,376,2
146571,17,456,365,2
146588,17,461,361,4
146605,17,455,348,4
146621,17,459,353,4
146638,17,456,369,2
146655,17,461,351,4
146671,17,454,343,4
146688,17,460,354,4
146704,17,458,389,2
146721,17,458,369,2
146738,17,465,361,4
146754,17,397,357,0
146771,17,288,333,0
146788,17,285,351,0
146804,17,271,320,0
146821,17,281,329,0
146838,17,289,341,0
146854,17,281,321,0
146871,17,274,325,0
146887,17,285,314,0
146904,17,274,327,0
146921,17,284,337,0
146937,17,285,345,0
146954,17,284,326,0
146971,17,281,341,0
146987,17,271,343,0
147004,17,277,344,0
147021,17,273,328,0
147037,17,293,297,0
147054,17,314,282,0
147070,17,313,290,0
147087,17,301,280,0
147104,17,306,286,0
147120,17,305,266,0
147137,17,291,298,0
147154,17,307,280,0
147170,17,310,287,0
147187,17,299,291,0
147204,17,320,296,0
147220,17,316,292,0
147237,17,319,279,0
147253,17,305,283,0
147270,17,233,341,0
147287,17,205,370,2
147303,17,213,349,0
147320,17,205,374,2
147337,17,212,355,0
147353,17,209,368,2
147370,17,208,365,2
147387,17,212,360,0
147403,17,213,362,0
147420,17,213,362,0
147436,17,212,364,0
147453,17,210,366,2
147470,17,211,381,2
147486,17,275,388,2
147503,17,402,387,2
147520,17,476,370,2
147536,17,488,399,2
147553,17,479,378,2
147570,17,478,376,2
147586,17,482,380,2
147603,17,487,367,2
147619,17,485,374,2
147636,17,486,382,2
147653,17,488,404,2
147669,17,484,367,2
147686,17,481,400,2
147703,17,488,382,2
147719,17,485,372,2
147736,17,485,390,2
147753,17,492,389,2
147769,17,488,397,2
147786,17,489,381,2
147802,17,491,380,2
147819,17,499,381,2
147836,17,507,397,2
147852,17,488,392,2
147869,17,497,394,2
147886,17,496,381,2
147902,17,508,378,2
147919,17,498,258,1
147935,17,508,318,4
148019,83,534,800,0
148035,17,508,366,2
148052,17,539,217,1
148069,17,541,268,0
148085,17,546,333,4
148102,17,535,378,2
148118,17,536,372,2
148135,17,531,372,2
148152,17,549,377,2
148168,17,536,376,2
148185,17,545,392,2
148202,17,539,376,2
148218,17,542,359,4
148235,17,542,385,2
148252,17,538,365,2
148268,17,541,382,2
148285,17,543,371,2
148301,17,546,377,2
148318,17,540,385,2
148335,17,495,369,2
148351,17,505,376,2
148368,17,497,392,2
148385,17,495,376,2
148401,17,500,365,2
148418,17,500,360,4
148435,17,496,369,2
148451,17,503,366,2
148468,17,497,377,2
148484,17,502,363,4
148501,17,501,363,4
148518,17,508,376,2
148534,17,490,366,2
148551,17,500,361,4
148568,17,504,369,2
148584,17,498,369,2
148601,17,505,362,4
148618,17,505,337,4
148634,17,505,348,4
148651,17,505,333,4
148667,17,500,332,4
148684,17,499,330,4
148701,17,508,344,4
148717,17,504,339,4
148734,17,497,351,4
148751,17,498,336,4
148767,17,557,314,4
148784,17,586,342,4
148801,17,589,323,4
148817,17,588,313,4
148834,17,588,313,4
148850,17,581,323,4
148867,17,593,319,4
148884,17,591,343,4
148900,17,592,317,4
148917,17,584,302,4
148934,17,588,301,4
148950,17,587,333,4
148967,17,511,319,4
148983,17,488,313,4
149000,17,491,314,4
149017,17,485,314,4
149033,17,491,330,4
149050,17,486,328,4
149067,17,491,315,4
149083,17,494,310,4
149100,17,487,297,4
149117,17,496,302,4
149133,17,485,323,4
149150,17,490,324,4
149166,17,514,316,4
149183,17,566,329,4
149200,17,559,323,4
149216,17,572,305,4
149233,17,569,322,4
149250,17,575,309,4
149266,17,563,317,4
149283,17,568,318,4
149300,17,561,308,4
149316,17,564,316,4
149333,17,563,313,4
149349,17,562,327,4
149366,17,529,330,4
149383,17,489,318,4
149399,17,494,325,4
149416,17,476,333,4
149433,17,484,317,4
149449,17,484,337,4
149466,17,477,334,4
149483,17,485,338,4
149499,17,479,323,4
149516,17,489,321,4
149532,17,482,338,4
149549,17,483,321,4
149566,17,479,337,4
149582,17,494,325,4
149599,17,544,328,4
149616,17,552,346,4
149632,17,547,319,4
149649,17,539,337,4
149666,17,544,344,4
149682,17,549,337,4
149699,17,548,331,4
149715,17,548,342,4
149732,17,549,240,1
149749,17,639,464,3
149765,17,559,370,2
149799,33,546,1016,0
149832,33,487,185,1
149849,17,520,352,4
149865,17,492,195,1
149882,17,465,435,3
149898,17,497,272,0
149915,17,497,317,4
149932,17,499,308,4
149948,17,496,339,4
149965,17,495,341,4
149982,17,496,351,4
149998,17,497,349,4
150015,17,494,348,4
150032,17,497,351,4
150048,17,495,367,2
150065,17,490,360,4
150081,17,495,369,2
150098,17,491,369,2
150115,17,497,369,2
150131,17,502,353,4
150148,17,500,367,2
150165,17,523,441,3
150181,17,519,405,2
150198,17,529,412,2
150214,17,517,417,5
150231,17,521,421,5
150248,17,535,406,2
150264,17,518,413,2
150281,17,525,435,3
150298,17,525,406,2
150314,17,523,407,2
150331,17,524,418,5
150348,17,520,424,3
150364,17,525,419,5
150381,17,515,421,5
150397,17,522,404,2
150414,17,524,395,2
150431,17,515,353,4
150447,17,545,357,4
150464,17,541,353,4
150481,17,532,357,4
150497,17,524,369,2
150514,17,524,356,4
150531,17,528,349,4
150547,17,535,336,4
150564,17,533,365,2
150580,17,522,348,4
150597,17,547,322,4
150614,17,561,333,4
150630,17,577,329,4
150647,17,566,339,4
150664,17,578,345,4
150680,17,574,342,4
150697,17,579,348,4
150714,17,567,350,4
150730,17,567,311,4
150747,17,580,344,4
150763,17,577,352,4
150780,17,566,320,4
150797,17,573,328,4
150813,17,509,337,4
150830,17,493,339,4
150847,17,498,352,4
150863,17,492,342,4
150880,17,495,327,4
150897,17,499,332,4
150913,17,498,347,4
150930,17,494,347,4
150946,17,495,348,4
150963,17,494,343,4
150980,17,490,342,4
150996,17,501,340,4
151013,17,504,324,4
151030,17,500,332,4
151046,17,503,364,4
151063,17,498,358,4
151080,17,504,363,4
151096,17,497,331,4
151113,17,493,354,4
151129,17,498,336,4
151146,17,500,355,4
151163,17,500,362,4
151179,17,495,330,4
151196,17,507,339,4
151213,17,511,314,4
151229,17,515,324,4
151246,17,519,311,4
151263,17,524,323,4
151279,17,520,301,4
151296,17,521,319,4
151312,17,519,322,4
151329,17,518,324,4
151346,17,529,317,4
151362,17,518,334,4
151379,17,517,336,4
151396,17,546,327,4
151412,17,565,341,4
151429,17,555,329,4
151445,17,553,347,4
151462,17,560,340,4
151479,17,556,348,4
151495,17,561,319,4
151512,17,557,343,4
151529,17,557,363,4
151545,17,552,352,4
151562,17,565,353,4
151579,17,552,346,4
151595,17,555,325,4
151612,17,513,376,2
151628,17,519,393,2
151645,17,520,370,2
151662,17,513,374,2
151678,17,513,377,2
151695,17,508,389,2
151712,17,515,390,2
151728,17,507,382,2
151745,17,506,387,2
151762,17,507,383,2
151778,17,510,387,2
151795,17,512,386,2
151811,17,509,374,2
151828,17,513,378,2
151845,17,507,373,2
151861,17,507,368,2
151878,17,509,372,2
151895,17,510,366,2
151911,17,514,375,2
151928,17,515,375,2
151945,17,511,373,2
151961,17,516,405,2
151978,17,511,384,2
151994,17,516,364,4
152011,17,513,370,2
152028,17,515,385,2
152044,17,506,394,2
152061,17,517,404,2
152078,17,515,402,2
152094,17,516,397,2
152111,17,511,397,2
152128,17,515,387,2
152144,17,519,419,5
152161,17,512,381,2
152177,17,519,370,2
152194,17,516,393,2
152211,17,521,397,2
152227,17,519,366,2
152244,17,516,373,2
152261,17,519,376,2
152277,17,522,398,2
152294,17,512,382,2
152311,17,537,385,2
152327,17,549,391,2
152344,17,554,419,5
152360,17,555,389,2
152377,17,556,391,2
152394,17,546,388,2
152410,17,542,391,2
152427,17,553,401,2
152444,17,540,386,2
152460,17,540,397,2
152477,17,554,392,2
152493,17,553,381,2
152510,17,550,400,2
152527,17,555,380,2
152543,17,550,368,2
152560,17,552,373,2
152577,17,542,379,2
152593,17,480,347,4
152610,17,483,339,4
152627,17,478,345,4
152643,17,483,328,4
152660,17,478,330,4
152676,17,473,332,4
152693,17,478,352,4
152710,17,472,322,4
152726,17,481,344,4
152743,17,483,356,4
152760,17,479,325,4
152776,17,483,322,4
152793,17,476,328,4
152810,17,481,353,4
152826,17,480,335,4
152843,17,496,352,4
152859,17,533,331,4
152876,17,566,316,4
152893,17,556,325,4
152909,17,567,320,4
152926,17,561,326,4
152943,17,560,330,4
152959,17,557,322,4
152976,17,560,322,4
152993,17,544,317,4
153009,17,563,335,4
153026,17,566,317,4
153042,17,564,328,4
153059,17,555,308,4
153076,17,478,331,4
153092,17,467,359,4
153109,17,462,336,4
153126,17,468,329,4
153142,17,469,328,4
153159,17,465,304,4
153176,17,467,336,4
153192,17,462,313,4
153209,17,461,330,4
153225,17,463,355,4
153242,17,465,343,4
153259,17,466,349,4
153275,17,469,327,4
153292,17,464,329,4
153309,17,459,328,4
153325,17,463,355,4
153342,17,462,339,4
153359,17,471,340,4
153375,17,464,350,4
153392,17,460,295,4
153408,17,470,232,1
153425,17,543,1039,0
153442,17,529,303,4
153458,17,510,853,0
153475,17,496,415,2
153492,17,497,323,4
153508,17,494,348,4
153525,17,496,321,4
153542,17,494,351,4
153558,17,497,360,4
153575,17,500,365,2
153591,17,494,374,2
153608,17,497,391,2
153625,17,494,366,2
153641,17,495,367,2
153658,17,494,401,2
153675,17,502,380,2
153691,17,500,388,2
153708,17,516,413,2
153724,17,511,436,3
153741,17,512,415,2
153758,17,509,422,3
153774,17,509,423,3
153791,17,509,426,3
153808,17,507,414,2
153824,17,509,396,2
153841,17,512,426,3
153858,17,506,433,3
153874,17,508,436,3
153891,17,512,418,5
153907,17,511,420,5
153924,17,509,411,2
153941,17,513,337,4
153957,17,514,387,2
153974,17,522,343,4
153991,17,514,340,4
154007,17,508,345,4
154024,17,519,355,4
154041,17,515,363,4
154057,17,518,365,2
154074,17,515,348,4
154090,17,513,371,2
154107,17,518,346,4
154124,17,517,373,2
154140,17,511,359,4
154157,17,511,368,2
154174,17,525,353,4
154190,17,522,327,4
154207,17,525,353,4
154224,17,525,350,4
154240,17,530,327,4
154257,17,525,346,4
154273,17,528,362,4
154290,17,524,342,4
154307,17,525,352,4
154323,17,524,358,4
154340,17,524,346,4
154357,17,525,343,4
154373,17,524,356,4
154390,17,523,337,4
154407,17,523,346,4
154423,17,528,329,4
154440,17,516,360,4
154456,17,512,345,4
154473,17,525,361,4
154490,17,528,343,4
154506,17,522,347,4
154523,17,513,328,4
154540,17,525,331,4
154556,17,521,335,4
154573,17,488,367,2
154590,17,459,335,4
154606,17,469,334,4
154623,17,462,332,4
154639,17,462,343,4
154656,17,458,319,4
154673,17,462,317,4
154689,17,460,346,4
154706,17,460,341,4
154723,17,465,329,4
154739,17,463,336,4
154756,17,457,334,4
154772,17,459,362,4
154789,17,459,335,4
154806,17,462,353,4
154822,17,461,333,4
154839,17,463,367,2
154856,17,458,360,4
154872,17,456,357,4
154889,17,461,331,4
154906,17,464,351,4
154922,17,462,336,4
154939,17,462,351,4
154955,17,459,315,4
154972,17,462,342,4
154989,17,414,374,2
155005,17,331,432,3
155022,17,312,514,3
155039,17,304,516,3
155055,17,307,521,3
155072,17,319,516,3
155089,17,321,507,3
155105,17,316,525,3
155122,17,310,518,3
155138,17,309,525,3
155155,17,308,514,3
155172,17,326,530,3
155188,17,320,509,3
155205,17,317,511,3
155222,17,321,516,3
155238,17,326,518,3
155255,17,315,513,3
155272,17,327,523,3
155288,17,311,522,3
155305,17,324,518,3
155321,17,308,519,3
155338,17,326,512,3
155355,17,320,519,3
155371,17,308,529,3
155388,17,385,441,3
155405,17,434,414,2
155421,17,452,395,2
155438,17,461,378,2
155455,17,461,386,2
155471,17,464,392,2
155488,17,462,385,2
155504,17,463,384,2
155521,17,461,371,2
155538,17,461,382,2
155554,17,463,383,2
155571,17,464,378,2
155588,17,463,372,2
155604,17,467,378,2
155621,17,463,381,2
155638,17,463,388,2
155654,17,461,400,2
155671,17,461,384,2
155687,17,466,390,2
155704,17,525,387,2
155721,17,524,366,2
155737,17,529,381,2
155754,17,526,371,2
155771,17,528,362,4
155787,17,532,382,2
155804,17,532,377,2
155821,17,537,376,2
155837,17,531,362,4
155854,17,532,381,2
155870,17,537,370,2
155887,17,529,386,2
155904,17,534,385,2
155920,17,541,361,4
155937,17,536,367,2
155954,17,531,367,2
155970,17,537,369,2
155987,17,540,376,2
156003,17,542,360,4
156020,17,541,399,2
156037,17,542,373,2
156053,17,530,386,2
156070,17,541,365,2
156087,17,529,369,2
156103,17,537,389,2
156120,17,531,378,2
156137,17,546,378,2
156153,17,545,362,4
156170,17,544,356,4
156186,17,546,373,2
156203,17,544,390,2
156220,17,542,372,2
156236,17,547,378,2
156253,17,540,347,4
156270,17,542,370,2
156286,17,540,355,4
156303,17,548,355,4
156320,17,541,369,2
156336,17,544,365,2
156353,17,546,366,2
156369,17,541,384,2
156386,17,547,365,2
156403,17,547,371,2
156419,17,546,379,2
156436,17,536,368,2
156453,17,543,359,4
156469,17,545,368,2
156486,17,535,373,2
156503,17,541,369,2
156519,17,548,376,2
156536,17,540,353,4
156552,17,543,357,4
156569,17,552,374,2
156586,17,537,373,2
156602,17,537,380,2
156619,17,545,372,2
156636,17,532,369,2
156652,17,530,357,4
156669,17,547,364,4
156686,17,539,375,2
156702,17,542,378,2
156719,17,533,372,2
156735,17,509,383,2
156752,17,529,388,2
156769,17,526,386,2
156785,17,515,428,3
156802,17,515,420,5
156819,17,518,418,5
156835,17,523,409,2
156852,17,523,388,2
156869,17,524,395,2
156885,17,534,403,2
156902,17,519,404,2
156918,17,512,410,2
156935,17,526,415,2
156952,17,528,407,2
156968,17,514,412,2
156985,17,520,400,2
157002,17,523,396,2
157018,17,533,420,5
157035,17,529,327,4
157051,17,533,347,4
157068,17,545,323,4
157085,17,546,336,4
157101,17,534,359,4
157118,17,544,343,4
157135,17,545,323,4
157151,17,533,333,4
157168,17,533,351,4
157185,17,534,361,4
157201,17,536,347,4
157218,17,492,334,4
157234,17,477,329,4
157251,17,485,318,4
157268,17,477,322,4
157284,17,488,315,4
157301,17,479,317,4
157318,17,482,314,4
157334,17,482,345,4
157351,17,479,326,4
157368,17,480,312,4
157384,17,483,311,4
157401,17,477,328,4
157417,17,476,278,0
157434,17,482,252,1
157451,17,481,224,1
157467,17,485,235,1
157484,17,485,246,1
157501,17,482,240,1
157517,17,483,219,1
157534,17,486,233,1
157551,17,485,229,1
157567,17,483,244,1
157584,17,485,227,1
157600,17,472,223,1
157617,17,449,234,1
157634,17,442,206,1
157650,17,446,210,1
157667,17,447,234,1
157684,17,449,231,1
157700,17,448,229,1
157717,17,448,231,1
157734,17,448,222,1
157750,17,446,212,1
157767,17,449,243,1
157783,17,445,218,1
157800,17,447,225,1
157817,17,450,236,1
157833,17,528,225,1
157850,17,538,217,1
157867,17,540,224,1
157883,17,542,208,1
157900,17,541,220,1
157917,17,546,211,1
157933,17,545,226,1
157950,17,542,210,1
157966,17,543,215,1
157983,17,543,206,1
158000,17,542,241,1
158016,17,544,222,1
158033,17,540,216,1
158050,17,546,207,1
158066,17,545,238,1
158083,17,543,205,1
158100,17,558,211,1
158116,17,589,214,1
158133,17,579,225,1
158149,17,580,226,1
158166,17,581,219,1
158183,17,574,228,1
158199,17,580,221,1
158216,17,581,208,1
158233,17,594,218,1
158249,17,583,224,1
158266,17,579,237,1
158282,17,573,239,1
158299,17,581,200,1
158316,17,581,207,1
158332,17,582,218,1
158349,17,586,220,1
158366,17,592,245,1
158382,17,535,317,4
158399,17,486,339,4
158416,17,491,323,4
158432,17,490,358,4
158449,17,485,311,4
158465,17,488,342,4
158482,17,486,331,4
158499,17,491,334,4
158515,17,489,328,4
158532,17,486,336,4
158549,17,491,346,4
158565,17,489,334,4
158582,17,491,358,4
158599,17,492,339,4
158615,17,493,345,4
158632,17,495,348,4
158648,17,490,329,4
158665,17,488,358,4
158682,17,492,337,4
158698,17,493,318,4
158715,17,487,329,4
158732,17,490,331,4
158748,17,490,344,4
158765,17,433,379,2
158782,17,348,356,0
158798,17,321,375,2
158815,17,313,381,2
158831,17,318,395,2
158848,17,312,393,2
158865,17,318,385,2
158881,17,321,404,2
158898,17,302,374,2
158915,17,317,394,2
158931,17,294,377,2
158948,17,364,356,0
158965,17,473,342,4
158981,17,482,343,4
158998,17,487,327,4
159014,17,489,339,4
159031,17,489,338,4
159048,17,487,314,4
159064,17,491,362,4
159081,17,489,337,4
159098,17,494,360,4
159114,17,494,349,4
159131,17,490,317,4
159148,17,483,339,4
159164,17,488,340,4
159181,17,485,349,4
159197,17,494,326,4
159214,17,491,349,4
159231,17,495,340,4
159247,17,542,284,0
159264,17,523,315,4
159281,17,533,313,4
159297,17,532,290,4
159314,17,525,288,4
159330,17,523,326,4
159347,17,530,329,4
159364,17,523,334,4
159380,17,528,320,4
159397,17,533,321,4
159414,17,536,308,4
159430,17,531,323,4
159447,17,484,326,4
159464,17,473,323,4
159480,17,475,320,4
159497,17,479,325,4
159513,17,479,341,4
159530,17,486,317,4
159547,17,473,316,4
159563,17,478,310,4
159580,17,482,323,4
159597,17,472,323,4
159613,17,476,326,4
159630,17,480,328,4
159647,17,480,329,4
159663,17,477,313,4
159680,17,475,321,4
159696,17,472,337,4
159713,17,479,343,4
159730,17,474,315,4
159746,17,477,315,4
159763,17,479,333,4
159780,17,473,327,4
159796,17,478,325,4
159813,17,472,319,4
159830,17,478,333,4
159846,17,476,323,4
159863,17,478,323,4
159879,17,481,339,4
159896,17,480,328,4
159913,17,479,319,4
159929,17,477,332,4
159946,17,476,338,4
159963,17,474,322,4
159979,17,479,329,4
159996,17,482,333,4
160013,17,477,329,4
160029,17,477,324,4
160046,17,471,325,4
160062,17,479,324,4
160079,17,478,321,4
160096,17,475,331,4
160112,17,477,322,4
160129,17,478,330,4
160146,17,475,330,4
160162,17,480,333,4
160179,17,477,323,4
160196,17,475,331,4
160212,17,475,344,4
160229,17,480,340,4
160245,17,480,344,4
160262,17,480,356,4
160279,17,482,341,4
160295,17,512,345,4
160312,17,498,353,4
160329,17,508,369,2
160345,17,508,350,4
160362,17,502,345,4
160379,17,497,342,4
160395,17,503,347,4
160412,17,496,336,4
160428,17,506,332,4
160445,17,503,341,4
160462,17,510,333,4
160478,17,504,352,4
160495,17,500,357,4
160512,17,504,345,4
160528,17,508,376,2
160545,17,507,359,4
160561,17,500,320,4
160578,17,510,348,4
160595,17,505,347,4
160611,17,504,332,4
160628,17,502,354,4
160645,17,504,342,4
160661,17,507,352,4
160678,17,506,328,4
160695,17,506,337,4
160711,17,510,341,4
160728,17,510,336,4
160744,17,509,333,4
160761,17,513,343,4
160778,17,514,344,4
160794,17,466,327,4
160811,17,468,341,4
160828,17,469,320,4
160844,17,467,325,4
160861,17,466,353,4
160878,17,471,338,4
160894,17,472,319,4
160911,17,468,336,4
160927,17,457,172,1
161027,100,404,147,1
161044,17,480,228,1
161061,17,409,238,1
161077,17,409,229,1
161094,17,415,268,0
161110,17,416,278,0
161127,17,414,278,0
161144,17,416,274,0
161160,17,414,275,0
161177,17,411,286,0
161194,17,416,276,0
161210,17,417,271,0
161227,17,416,245,1
161244,17,418,279,0
161260,17,418,258,1
161277,17,418,263,0
161293,17,414,106,0
161410,116,477,1026,0
161427,17,456,228,1
161443,17,507,353,4
161460,17,450,302,4
161476,17,469,338,4
161493,17,452,352,4
161510,17,463,364,4
161526,17,455,334,4
161543,17,465,350,4
161560,17,460,354,4
161576,17,470,345,4
161593,17,464,336,4
161610,17,465,343,4
161626,17,464,344,4
161643,17,465,338,4
161659,17,465,334,4
161676,17,466,332,4
161693,17,462,353,4
161709,17,462,339,4
161726,17,465,357,4
161743,17,468,343,4
161759,17,471,324,4
161776,17,466,350,4
161792,17,467,338,4
161809,17,472,366,2
161826,17,469,356,4
161842,17,466,371,2
161859,17,473,346,4
161876,17,470,331,4
161892,17,468,350,4
161909,17,466,347,4
161926,17,468,329,4
161942,17,471,345,4
161959,17,470,347,4
161975,17,471,364,4
161992,17,465,342,4
162009,17,468,344,4
162025,17,464,357,4
162042,17,468,341,4
162059,17,469,366,2
162075,17,470,334,4
162092,17,468,372,2
162109,17,464,375,2
162125,17,469,357,4
162142,17,466,356,4
162158,17,463,351,4
162175,17,470,358,4
162192,17,470,364,4
162208,17,464,351,4
162225,17,470,384,2
162242,17,463,362,4
162258,17,476,343,4
162275,17,466,366,2
162292,17,471,346,4
162308,17,469,360,4
162341,33,466,351,4
162358,17,466,342,4
162375,17,469,358,4
162391,17,461,367,2
162408,17,469,326,4
162425,17,467,345,4
162441,17,462,362,4
162458,17,467,358,4
162475,17,462,357,4
162491,17,473,357,4
162508,17,460,351,4
162524,17,461,367,2
162541,17,461,350,4
162558,17,471,357,4
162574,17,470,342,4
162591,17,474,330,4
162608,17,464,341,4
162624,17,480,345,4
162641,17,462,327,4
162658,17,462,350,4
162674,17,469,323,4
162691,17,469,329,4
162707,17,469,353,4
162724,17,468,357,4
162741,17,469,334,4
162757,17,472,362,4
162774,17,508,373,2
162791,17,526,356,4
162807,17,537,337,4
162824,17,536,344,4
162840,17,537,359,4
162857,17,538,325,4
162874,17,540,340,4
162890,17,532,355,4
162907,17,536,340,4
162924,17,535,339,4
162940,17,532,342,4
162957,17,538,332,4
162974,17,541,334,4
162990,17,538,342,4
163007,17,524,353,4
163023,17,466,342,4
163040,17,470,340,4
163057,17,466,350,4
163073,17,463,350,4
163090,17,469,334,4
163107,17,467,349,4
163123,17,473,339,4
163140,17,460,331,4
163157,17,467,360,4
163173,17,465,351,4
163190,17,467,354,4
163206,17,464,343,4
163223,17,445,314,4
163240,17,406,238,1
163256,17,391,199,1
163273,17,403,197,1
163290,17,399,209,1
163306,17,399,233,1
163323,17,403,213,1
163340,17,397,219,1
163356,17,399,227,1
163373,17,400,224,1
163389,17,401,229,1
163406,17,408,223,1
163423,17,408,215,1
163439,17,402,229,1
163456,17,397,235,1
163473,17,403,241,1
163489,17,401,223,1
163506,17,409,227,1
163523,17,397,207,1
163539,17,400,219,1
163556,17,407,204,1
163572,17,407,216,1
163589,17,402,231,1
163606,17,425,248,1
163622,17,477,356,4
163639,17,478,374,2
163656,17,485,392,2
163672,17,482,391,2
163689,17,475,378,2
163706,17,480,374,2
163722,17,485,382,2
163739,17,485,395,2
163755,17,478,373,2
163772,17,483,390,2
163789,17,481,352,4
163805,17,491,356,4
163822,17,488,376,2
163839,17,489,411,2
163855,17,489,365,2
163872,17,494,376,2
163889,17,489,366,2
163905,17,488,364,4
163922,17,494,371,2
163938,17,493,361,4
163955,17,486,365,2
163972,17,498,357,4
163988,17,497,338,4
164005,17,503,389,2
164022,17,496,364,4
164038,17,502,369,2
164055,17,499,371,2
164071,17,499,373,2
164088,17,499,377,2
164105,17,498,356,4
164121,17,494,360,4
164138,17,494,362,4
164155,17,501,374,2
164171,17,499,379,2
164188,17,491,369,2
164205,17,499,367,2
164221,17,491,368,2
164238,17,500,348,4
164254,17,493,362,4
164271,17,497,361,4
164288,17,493,379,2
164304,17,494,356,4
164321,17,494,369,2
164338,17,495,376,2
164354,17,499,379,2
164371,17,496,355,4
164388,17,487,359,4
164404,17,490,361,4
164421,17,486,358,4
164437,17,490,369,2
164454,17,496,373,2
164471,17,488,356,4
164487,17,487,372,2
164504,17,490,380,2
164521,17,487,387,2
164537,17,481,377,2
164554,17,489,383,2
164571,17,496,381,2
164587,17,490,373,2
164604,17,485,367,2
164620,17,490,375,2
164637,17,491,383,2
164654,17,493,359,4
164670,17,488,371,2
164687,17,494,378,2
164704,17,496,359,4
164720,17,493,370,2
164737,17,490,359,4
164754,17,488,369,2
164770,17,490,370,2
164787,17,486,367,2
164803,17,493,370,2
164820,17,490,353,4
164837,17,486,361,4
164853,17,528,324,4
164870,17,557,328,4
164887,17,552,326,4
164903,17,563,334,4
164920,17,551,351,4
164937,17,569,326,4
164953,17,565,336,4
164970,17,548,337,4
164986,17,557,334,4
165003,17,561,334,4
165020,17,562,322,4
165036,17,558,326,4
165053,17,552,327,4
165070,17,562,322,4
165086,17,557,338,4
165103,17,530,335,4
165119,17,474,329,4
165136,17,466,342,4
165153,17,468,345,4
165169,17,470,319,4
165186,17,465,343,4
165203,17,472,332,4
165219,17,474,325,4
165236,17,470,324,4
165253,17,469,347,4
165269,17,469,359,4
165286,17,470,351,4
165302,17,493,342,4
165319,17,542,326,4
165336,17,561,337,4
165352,17,564,332,4
165369,17,572,330,4
165386,17,565,317,4
165402,17,567,317,4
165419,17,565,325,4
165436,17,553,327,4
165452,17,563,333,4
165469,17,570,326,4
165485,17,571,342,4
165502,17,566,335,4
165519,17,566,339,4
165535,17,571,338,4
165552,17,573,359,4
165569,17,571,350,4
165585,17,565,349,4
165602,17,524,266,0
165619,17,510,247,1
165635,17,514,234,1
165652,17,515,243,1
165668,17,513,249,1
165685,17,513,223,1
165702,17,513,229,1
165718,17,510,220,1
165735,17,517,216,1
165752,17,516,230,1
165768,17,511,205,1
165785,17,521,239,1
165802,17,518,228,1
165818,17,521,237,1
165835,17,518,224,1
165851,17,512,240,1
165868,17,516,219,1
165885,17,521,222,1
165901,17,515,239,1
165918,17,518,238,1
165935,17,518,223,1
165951,17,515,244,1
165968,17,519,217,1
165985,17,519,254,1
166001,17,520,226,1
166018,17,518,236,1
166034,17,521,226,1
166051,17,521,218,1
166068,17,519,230,1
166084,17,525,168,1
166101,17,560,213,1
166151,50,496,235,1
166184,33,517,74,0
166201,17,519,118,0
166217,17,519,191,1
166234,17,515,184,1
166251,17,520,186,1
166267,17,512,201,1
166284,17,515,175,1
166301,17,512,174,1
166317,17,514,196,1
166334,17,508,204,1
166350,17,524,168,1
166367,17,529,153,1
166384,17,527,148,1
166400,17,528,124,0
166417,17,525,139,1
166434,17,522,165,1
166450,17,531,133,1
166467,17,531,153,1
166484,17,527,134,1
166500,17,527,140,1
166517,17,528,158,1
166533,17,535,150,1
166550,17,530,135,1
166567,17,524,149,1
166583,17,524,142,1
166600,17,525,149,1
166617,17,525,141,1
166633,17,527,139,1
166650,17,529,115,0
166667,17,527,109,0
166683,17,525,134,1
166700,17,514,182,1
166716,17,483,161,1
166733,17,479,247,1
166750,17,492,358,4
166766,17,481,250,1
166783,17,497,830,0
166800,17,491,199,1
166816,17,481,147,1
166833,17,498,158,1
166850,17,486,234,1
166866,17,497,288,4
166883,17,492,300,4
166899,17,500,334,4
166916,17,493,338,4
166933,17,490,337,4
166949,17,491,348,4
166966,17,491,351,4
166983,17,493,338,4
166999,17,497,346,4
167016,17,517,348,4
167033,17,538,351,4
167049,17,545,347,4
167066,17,544,355,4
167082,17,559,363,4
167099,17,558,359,4
167116,17,552,337,4
167132,17,554,349,4
167149,17,552,349,4
167166,17,554,363,4
167182,17,557,333,4
167199,17,552,339,4
167216,17,560,345,4
167232,17,550,348,4
167249,17,550,342,4
167265,17,538,334,4
167282,17,543,354,4
167299,17,552,349,4
167315,17,551,335,4
167332,17,611,349,4
167349,17,686,366,2
167365,17,721,393,2
167382,17,722,379,2
167398,17,732,372,2
167415,17,722,377,2
167432,17,730,382,2
167448,17,729,375,2
167465,17,725,376,2
167482,17,732,401,2
167498,17,729,385,2
167515,17,724,403,2
167532,17,730,387,2
167548,17,737,375,2
167565,17,736,382,2
167581,17,734,385,2
167598,17,720,387,2
167615,17,715,405,2
167631,17,724,385,2
167648,17,598,392,2
167665,17,528,380,2
167681,17,532,387,2
167698,17,530,387,2
167715,17,523,365,2
167731,17,520,391,2
167748,17,525,359,4
167764,17,530,363,4
167781,17,525,380,2
167798,17,538,371,2
167814,17,531,388,2
167831,17,531,397,2
167848,17,535,346,4
167864,17,534,268,0
167881,17,460,495,3
167997,116,513,463,3
168014,17,446,271,0
168031,17,518,165,1
168047,17,519,331,4
168064,17,515,385,2
168081,17,512,370,2
168097,17,513,375,2
168114,17,519,370,2
168130,17,516,381,2
168147,17,517,397,2
168164,17,518,363,4
168180,17,516,386,2
168197,17,519,387,2
168214,17,519,382,2
168230,17,514,390,2
168247,17,517,384,2
168264,17,518,385,2
168280,17,519,403,2
168297,17,522,374,2
168313,17,515,396,2
168330,17,519,388,2
168347,17,526,370,2
168363,17,519,389,2
168380,17,525,378,2
168397,17,514,398,2
168413,17,519,386,2
168430,17,525,383,2
168447,17,524,372,2
168463,17,523,377,2
168480,17,523,402,2
168496,17,525,382,2
168513,17,520,382,2
168530,17,525,374,2
168546,17,528,382,2
168563,17,518,387,2
168580,17,521,404,2
168596,17,524,388,2
168613,17,524,379,2
168629,17,522,376,2
168646,17,529,372,2
168663,17,525,381,2
168679,17,519,397,2
168696,17,518,363,4
168713,17,529,373,2
168729,17,515,361,4
168746,17,523,383,2
168763,17,518,384,2
168779,17,519,378,2
168796,17,520,372,2
168812,17,523,383,2
168829,17,521,380,2
168846,17,521,375,2
168862,17,541,420,5
168879,17,530,423,3
168896,17,542,417,5
168912,17,529,421,5
168929,17,532,428,3
168946,17,533,430,3
168962,17,537,441,3
168979,17,529,434,3
168995,17,529,442,3
169012,17,534,430,3
169029,17,549,412,2
169045,17,539,419,5
169062,17,539,405,2
169079,17,532,415,2
169095,17,528,441,3
169112,17,543,430,3
169129,17,541,433,3
169145,17,536,423,3
169162,17,533,411,2
169178,17,529,421,5
169195,17,533,430,3
169212,17,528,408,2
169228,17,538,427,3
169245,17,542,424,3
169262,17,540,434,3
169278,17,540,431,3
169295,17,544,453,3
169312,17,539,444,3
169328,17,541,438,3
169345,17,535,453,3
169361,17,541,447,3
169378,17,548,420,5
169395,17,538,453,3
169411,17,540,431,3
169428,17,538,446,3
169445,17,535,441,3
169461,17,544,437,3
169478,17,536,456,3
169495,17,550,446,3
169511,17,539,447,3
169528,17,550,451,3
169544,17,541,439,3
169561,17,538,455,3
169578,17,536,450,3
169594,17,538,451,3
169611,17,535,445,3
169628,17,541,439,3
169644,17,540,436,3
169661,17,543,440,3
169678,17,540,442,3
169694,17,540,443,3
169711,17,547,454,3
169727,17,541,471,3
169744,17,539,440,3
169761,17,540,443,3
169777,17,541,443,3
169794,17,542,452,3
169811,17,543,450,3
169827,17,543,406,2
169844,17,533,440,3
169860,17,537,445,3
169877,17,544,450,3
169894,17,538,448,3
169910,17,537,444,3
169927,17,531,439,3
169944,17,546,442,3
169960,17,538,435,3
169977,17,527,443,3
169994,17,537,447,3
170010,17,538,438,3
170027,17,537,446,3
170043,17,536,445,3
170060,17,534,452,3
170077,17,526,444,3
170093,17,527,448,3
170110,17,535,448,3
170127,17,531,435,3
170143,17,529,458,3
170160,17,527,438,3
170177,17,531,441,3
170193,17,531,442,3
170210,17,524,444,3
170226,17,537,422,3
170243,17,522,444,3
170260,17,525,447,3
170276,17,525,430,3
170293,17,529,433,3
170310,17,524,442,3
170326,17,518,440,3
170343,17,525,441,3
170360,17,530,454,3
170376,17,522,425,3
170393,17,515,438,3
170409,17,406,522,3
170426,17,328,571,3
170443,17,332,564,3
170459,17,329,549,3
170476,17,331,575,3
170493,17,319,559,3
170509,17,324,545,3
170526,17,328,559,3
170543,17,336,553,3
170559,17,334,562,3
170576,17,323,571,3
170592,17,335,565,3
170609,17,336,559,3
170626,17,348,541,3
170642,17,419,420,3
170659,17,464,365,2
170676,17,479,390,2
170692,17,480,361,4
170709,17,475,374,2
170726,17,478,364,4
170742,17,480,392,2
170759,17,482,381,2
170775,17,475,384,2
170792,17,478,377,2
170809,17,480,385,2
170825,17,484,373,2
170842,17,479,393,2
170859,17,479,380,2
170875,17,481,371,2
170892,17,480,381,2
170908,17,483,374,2
170925,17,485,370,2
170942,17,484,360,4
170958,17,483,374,2
170975,17,483,356,4
170992,17,486,366,2
171008,17,480,371,2
171025,17,486,358,4
171042,17,489,374,2
171058,17,479,355,4
171075,17,484,375,2
171091,17,481,387,2
171108,17,484,362,4
171125,17,482,343,4
171141,17,484,389,2
171158,17,482,366,2
171175,17,484,363,4
171191,17,478,367,2
171208,17,482,360,4
171225,17,484,375,2
171241,17,483,399,2
171258,17,493,381,2
171274,17,489,370,2
171291,17,487,362,4
171308,17,487,373,2
171324,17,484,366,2
171341,17,494,377,2
171358,17,481,358,4
171374,17,487,377,2
171391,17,493,358,4
171408,17,488,366,2
171424,17,496,367,2
171441,17,486,371,2
171457,17,487,358,4
171474,17,492,344,4
171491,17,496,264,0
171507,17,495,253,1
171524,17,494,261,0
171541,17,496,274,0
171557,17,493,258,1
171574,17,494,248,1
171591,17,498,255,1
171607,17,497,258,1
171624,17,495,249,1
171640,17,497,266,0
171657,17,499,248,1
171674,17,494,264,0
171690,17,498,293,4
171707,17,497,253,1
171724,17,496,286,0
171740,17,514,369,2
171757,17,514,365,2
171774,17,522,404,2
171790,17,525,407,2
171807,17,529,392,2
171823,17,520,386,2
171840,17,524,410,2
171857,17,519,388,2
171873,17,518,383,2
171890,17,525,400,2
171907,17,519,392,2
171923,17,516,397,2
171940,17,473,580,3
171957,17,414,691,3
171973,17,361,718,3
171990,17,313,850,0
172006,17,332,656,3
172023,17,337,718,3
172040,17,338,735,3
172056,17,338,729,3
172073,17,342,710,3
172090,17,338,733,3
172106,17,334,718,3
172123,17,342,727,3
172139,17,331,727,3
172156,17,337,715,3
172173,17,330,711,3
172189,17,192,686,3
172206,17,74,731,3
172223,17,19,692,3
172239,17,20,690,3
172256,17,11,680,3
172339,83,6,763,3
172372,33,30,742,3
172472,100,531,205,1
172489,17,539,297,4
172505,17,551,395,2
172522,17,547,366,2
172539,17,546,392,2
172555,17,545,410,2
172572,17,544,390,2
172589,17,544,412,2
172605,17,550,419,5
172622,17,542,408,2
172639,17,546,404,2
172655,17,545,419,5
172672,17,546,412,2
172688,17,541,410,2
172705,17,546,419,5
172722,17,549,371,2
172738,17,552,417,5
172755,17,541,405,2
172772,17,549,396,2
172788,17,546,412,2
172805,17,544,410,2
172822,17,552,390,2
172838,17,546,408,2
172855,17,546,409,2
172871,17,544,411,2
172888,17,547,397,2
172905,17,542,396,2
172921,17,545,387,2
172938,17,551,398,2
172955,17,542,419,5
172971,17,539,389,2
172988,17,550,408,2
173005,17,548,402,2
173021,17,544,402,2
173038,17,542,412,2
173054,17,544,389,2
173071,17,546,406,2
173088,17,544,395,2
173104,17,544,408,2
173121,17,538,417,5
173138,17,439,642,3
173154,17,326,795,0
173171,17,269,962,0
173187,17,255,809,0
173204,17,212,968,0
173221,17,234,827,0
173237,17,252,1072,0
173254,17,264,1037,0
173271,17,270,885,0
173287,17,265,857,0
173304,17,293,991,0
173321,17,196,865,0
173337,17,209,1012,0
173354,17,169,1009,0
173370,17,215,1015,0
173387,17,171,867,0
173404,17,102,1015,0
173420,17,92,1015,0
173437,17,182,1010,0
173454,17,163,999,0
173470,17,147,1005,0
173487,17,123,1020,0
173504,17,208,1039,0
173520,17,179,1055,0
173537,17,158,1058,0
173553,17,132,1039,0
173570,17,209,1015,0
173587,17,182,849,0
173603,17,163,1064,0
173620,17,137,1039,0
173637,17,122,1033,0
173653,17,210,1056,0
173687,33,242,965,0
173786,100,522,308,4
173803,17,525,271,0
173820,17,530,334,4
173836,17,525,358,4
173853,17,526,393,2
173870,17,528,395,2
173886,17,531,403,2
173903,17,527,413,2
173919,17,531,406,2
173936,17,525,400,2
173953,17,531,389,2
173969,17,527,400,2
173986,17,531,409,2
174003,17,524,397,2
174019,17,532,405,2
174036,17,529,389,2
174053,17,528,386,2
174069,17,531,386,2
174086,17,539,396,2
174102,17,532,407,2
174119,17,532,401,2
174136,17,535,409,2
174152,17,534,405,2
174169,17,525,399,2
174186,17,480,338,4
174202,17,493,375,2
174219,17,489,374,2
174236,17,487,369,2
174252,17,485,368,2
174269,17,487,377,2
174285,17,484,366,2
174302,17,485,370,2
174319,17,487,388,2
174335,17,484,347,4
174352,17,484,357,4
174369,17,457,428,3
174385,17,432,511,3
174402,17,425,514,3
174418,17,424,525,3
174435,17,427,502,3
174452,17,427,523,3
174468,17,428,533,3
174485,17,417,493,3
174502,17,430,531,3
174518,17,426,501,3
174535,17,428,513,3
174552,17,424,530,3
174568,17,431,513,3
174585,17,426,506,3
174601,17,432,534,3
174618,17,425,535,3
174635,17,427,510,3
174651,17,439,506,3
174668,17,524,504,3
174685,17,554,504,3
174701,17,564,517,3
174718,17,561,514,3
174735,17,563,490,3
174751,17,561,517,3
174768,17,560,510,3
174784,17,562,511,3
174801,17,565,494,3
174818,17,563,500,3
174834,17,564,524,3
174851,17,561,503,3
174868,17,563,524,3
174884,17,563,510,3
174901,17,567,508,3
174918,17,557,490,3
174934,17,562,493,3
174951,17,563,495,3
174967,17,562,507,3
174984,17,563,502,3
175001,17,564,501,3
175017,17,568,502,3
175034,17,563,513,3
175051,17,562,516,3
175067,17,566,506,3
175084,17,568,492,3
175101,17,510,503,3
175117,17,451,480,3
175134,17,446,496,3
175150,17,440,495,3
175167,17,439,497,3
175184,17,440,507,3
175200,17,442,506,3
175217,17,438,504,3
175234,17,435,496,3
175250,17,436,486,3
175267,17,441,497,3
175284,17,439,504,3
175300,17,437,485,3
175317,17,463,488,3
175333,17,567,489,3
175350,17,606,499,3
175367,17,600,512,3
175383,17,608,486,3
175400,17,608,505,3
175417,17,607,492,3
175433,17,604,502,3
175450,17,600,503,3
175466,17,607,494,3
175483,17,607,498,3
175500,17,608,523,3
175516,17,614,494,3
175533,17,609,504,3
175550,17,605,500,3
175566,17,607,500,3
175583,17,609,477,3
175600,17,608,478,3
175616,17,606,505,3
175633,17,599,505,3
175649,17,610,517,3
175666,17,605,499,3
175683,17,608,484,3
175699,17,599,486,3
175716,17,544,407,2
175733,17,527,409,2
175749,17,532,398,2
175766,17,524,405,2
175783,17,524,397,2
175799,17,520,399,2
175816,17,528,397,2
175832,17,524,420,5
175849,17,525,397,2
175866,17,527,410,2
175882,17,524,411,2
175899,17,527,419,5
175916,17,533,411,2
175932,17,530,417,5
175949,17,437,518,3
175966,17,325,698,3
175982,17,227,819,0
175999,17,215,830,0
176015,17,209,837,0
176032,17,175,972,0
176049,17,211,844,0
176065,17,211,837,0
176082,17,214,836,0
176099,17,220,835,0
176115,17,211,847,0
176132,17,206,854,0
176149,17,204,867,0
176165,17,190,943,0
176182,17,198,953,0
176198,17,188,942,0
176215,17,188,950,0
176232,17,183,958,0
176248,17,186,962,0
176265,17,189,960,0
176282,17,177,958,0
176298,17,191,1040,0
176315,17,188,948,0
176332,17,189,1024,0
176348,17,232,890,0
176365,17,337,636,3
176381,17,439,470,3
176398,17,482,411,2
176415,17,486,417,5
176431,17,495,415,2
176448,17,503,435,3
176465,17,494,433,3
176481,17,503,419,5
176498,17,490,413,2
176515,17,492,427,3
176531,17,500,428,3
176548,17,507,405,2
176564,17,498,423,3
176581,17,499,433,3
176598,17,509,437,3
176614,17,517,410,2
176631,17,519,400,2
176648,17,516,387,2
176664,17,509,392,2
176681,17,513,375,2
176697,17,520,403,2
176714,17,513,380,2
176731,17,514,378,2
176747,17,526,393,2
176764,17,510,399,2
176781,17,507,384,2
176797,17,511,397,2
176814,17,520,366,2
176831,17,523,373,2
176847,17,521,370,2
176864,17,511,403,2
176880,17,510,388,2
176897,17,512,385,2
176914,17,474,363,4
176930,17,485,359,4
176947,17,485,349,4
176964,17,483,359,4
176980,17,481,352,4
176997,17,477,355,4
177014,17,483,342,4
177030,17,478,340,4
177047,17,487,336,4
177063,17,479,352,4
177080,17,474,381,2
177097,17,484,362,4
177113,17,481,370,2
177130,17,475,368,2
177147,17,487,357,4
177163,17,562,333,4
177180,17,604,311,4
177197,17,591,305,4
177213,17,595,315,4
177230,17,598,321,4
177246,17,599,297,4
177263,17,593,312,4
177280,17,605,318,4
177296,17,609,299,4
177313,17,597,312,4
177330,17,621,306,0
177346,17,616,312,0
177363,17,656,237,1
177380,17,731,191,0
177396,17,743,213,0
177413,17,772,187,0
177429,17,760,178,0
177446,17,717,200,1
177463,17,712,185,1
177479,17,717,198,1
177496,17,754,203,0
177513,17,718,198,1
177529,17,725,186,1
177546,17,740,188,0
177563,17,767,182,0
177579,17,720,182,1
177596,17,728,221,1
177612,17,720,177,1
177629,17,627,186,1
177646,17,562,208,1
177662,17,568,177,1
177679,17,567,178,1
177696,17,561,187,1
177712,17,567,182,1
177729,17,568,177,1
177745,17,568,172,1
177762,17,565,202,1
177779,17,568,177,1
177795,17,564,206,1
177812,17,563,190,1
177829,17,566,211,1
177845,17,567,191,1
177862,17,567,188,1
177879,17,568,200,1
177895,17,570,196,1
177912,17,568,193,1
177928,17,568,186,1
177945,17,571,194,1
177962,17,566,188,1
177978,17,567,193,1
177995,17,560,207,1
178012,17,562,148,1
178028,17,565,131,0
178045,17,566,151,1
178062,17,568,144,1
178078,17,569,150,1
178095,17,567,150,1
178111,17,560,157,1
178128,17,568,166,1
178145,17,569,146,1
178161,17,567,158,1
178178,17,564,128,0
178195,17,570,141,1
178211,17,570,155,1
178228,17,577,168,1
178245,17,664,137,1
178261,17,767,165,0
178278,17,726,153,1
178294,17,765,159,0
178311,17,734,168,0
178328,17,749,139,0
178344,17,738,158,0
178361,17,782,133,0
178378,17,727,159,1
178394,17,737,146,0
178411,17,773,137,0
178428,17,726,149,1
178444,17,758,142,0
178461,17,759,169,0
178477,17,726,151,1
178494,17,783,129,0
178511,17,784,135,0
178527,17,752,146,0
178544,17,754,147,0
178561,17,787,157,0
178577,17,788,151,0
178594,17,727,149,1
178611,17,737,170,0
178627,17,752,162,0
178644,17,624,250,1
178660,17,538,333,4
178677,17,510,352,4
178694,17,505,363,4
178710,17,508,357,4
178727,17,505,339,4
178744,17,507,360,4
178760,17,501,364,4
178777,17,505,355,4
178794,17,505,357,4
178810,17,501,335,4
178827,17,508,356,4
178843,17,504,344,4
178860,17,498,355,4
178877,17,498,354,4
178893,17,501,343,4
178910,17,504,348,4
178927,17,581,384,2
178943,17,579,339,4
178960,17,586,343,4
178976,17,576,346,4
178993,17,593,349,4
179010,17,594,364,4
179026,17,593,351,4
179043,17,594,337,4
179060,17,579,345,4
179076,17,590,340,4
179093,17,586,331,4
179110,17,588,341,4
179126,17,584,346,4
179143,17,589,338,4
179159,17,580,341,4
179176,17,597,332,4
179193,17,587,351,4
179209,17,583,342,4
179226,17,584,351,4
179243,17,591,360,4
179259,17,584,371,2
179276,17,588,345,4
179293,17,574,343,4
179309,17,589,338,4
179326,17,580,346,4
179342,17,504,409,2
179359,17,511,400,2
179376,17,508,416,2
179392,17,504,414,2
179409,17,509,413,2
179426,17,505,406,2
179442,17,508,398,2
179459,17,505,387,2
179476,17,515,390,2
179492,17,515,402,2
179509,17,505,408,2
179525,17,506,384,2
179542,17,507,421,5
179559,17,504,406,2
179575,17,509,378,2
179592,17,508,408,2
179609,17,504,397,2
179625,17,505,403,2
179642,17,503,402,2
179659,17,506,404,2
179675,17,506,396,2
179692,17,503,407,2
179708,17,508,391,2
179725,17,508,412,2
179742,17,509,407,2
179758,17,510,393,2
179775,17,499,377,2
179792,17,498,396,2
179808,17,491,415,2
179825,17,504,397,2
179842,17,505,390,2
179858,17,502,396,2
179875,17,509,393,2
179891,17,497,396,2
179908,17,509,402,2
179925,17,504,414,2
179941,17,504,398,2
179958,17,507,398,2
179975,17,508,394,2
179991,17,510,407,2
180008,17,508,418,5
180024,17,509,409,2
180041,17,509,412,2
180058,17,505,402,2
180074,17,507,394,2
180091,17,512,396,2
180108,17,507,401,2
180124,17,509,389,2
180141,17,508,414,2
180158,17,508,417,5
180174,17,512,411,2
180191,17,512,398,2
180207,17,519,411,2
180224,17,504,412,2
180241,17,510,407,2
180257,17,511,402,2
180274,17,513,429,3
180291,17,513,405,2
180307,17,511,407,2
180324,17,511,412,2
180341,17,510,425,3
180357,17,511,417,5
180374,17,512,409,2
180390,17,515,433,3
180407,17,506,426,3
180424,17,513,429,3
180440,17,505,422,3
180457,17,510,435,3
180474,17,508,445,3
180490,17,511,410,2
180507,17,508,424,3
180524,17,515,430,3
180540,17,517,423,3
180557,17,515,420,5
180573,17,507,412,2
180590,17,514,418,5
180607,17,511,437,3
180623,17,513,391,2
180640,17,502,418,5
180657,17,514,411,2
180673,17,508,410,2
180690,17,514,428,3
180707,17,505,412,2
180723,17,509,412,2
180740,17,509,395,2
180756,17,502,399,2
180773,17,509,418,5
180790,17,513,407,2
180806,17,514,393,2
180823,17,515,432,3
180840,17,509,410,2
180856,17,516,403,2
180873,17,508,405,2
180890,17,514,408,2
180906,17,508,387,2
180923,17,513,407,2
180939,17,508,417,5
180956,17,516,421,5
180973,17,517,398,2
180989,17,516,416,2
181006,17,518,410,2
181023,17,510,416,2
181039,17,504,412,2
181056,17,511,407,2
181073,17,510,423,3
181089,17,509,411,2
181106,17,504,409,2
181122,17,512,412,2
181139,17,507,399,2
181156,17,511,421,5
181172,17,507,398,2
181189,17,507,422,3
181206,17,516,416,2
181222,17,511,418,5
181239,17,504,422,3
181255,17,518,393,2
181272,17,502,404,2
181289,17,511,402,2
181305,17,505,401,2
181322,17,513,425,3
181339,17,514,397,2
181355,17,503,395,2
181372,17,506,394,2
181389,17,510,412,2
181405,17,509,386,2
181422,17,505,402,2
181438,17,512,402,2
181455,17,509,415,2
181472,17,511,410,2
181488,17,503,376,2
181505,17,515,402,2
181522,17,518,404,2
181538,17,507,395,2
181555,17,518,400,2
181572,17,515,410,2
181588,17,508,401,2
181605,17,519,425,3
181621,17,513,425,3
181638,17,518,411,2
181655,17,514,421,5
181671,17,523,398,2
181688,17,523,404,2
181705,17,523,413,2
181721,17,517,412,2
181738,17,513,413,2
181755,17,520,425,3
181771,17,508,427,3
181788,17,520,391,2
181804,17,516,412,2
181821,17,520,417,5
181838,17,520,420,5
181854,17,517,428,3
181871,17,521,412,2
181888,17,523,389,2
181904,17,511,428,3
181921,17,518,406,2
181938,17,521,411,2
181954,17,511,413,2
181971,17,523,423,3
181987,17,517,424,3
182004,17,531,397,2
182021,17,577,791,0
182121,100,447,376,2
182137,17,526,143,1
182154,17,531,255,1
182170,17,534,292,4
182187,17,532,330,4
182204,17,529,330,4
182220,17,529,335,4
182237,17,528,351,4
182254,17,552,323,4
182270,17,587,346,4
182287,17,585,334,4
182304,17,586,327,4
182320,17,586,326,4
182337,17,584,335,4
182353,17,586,335,4
182370,17,583,333,4
182387,17,585,347,4
182403,17,582,328,4
182420,17,580,342,4
182437,17,587,339,4
182453,17,585,343,4
182470,17,585,343,4
182486,17,583,326,4
182503,17,584,322,4
182520,17,583,326,4
182536,17,532,353,4
182553,17,484,354,4
182586,33,482,342,4
182586,0,482,342,4
182603,17,479,358,4
182620,17,480,332,4
182636,17,487,338,4
182653,17,481,340,4
182669,17,486,319,4
182686,17,485,335,4
182703,17,481,350,4
182719,17,489,364,4
182736,17,484,340,4
182753,17,483,328,4
182769,17,483,331,4
182786,17,485,334,4
182803,17,486,349,4
182819,17,480,323,4
182836,17,492,330,4
182852,17,482,356,4
182869,17,483,349,4
182886,17,486,356,4
182902,17,482,341,4
182919,17,484,359,4
182936,17,488,319,4
182952,17,485,328,4
182969,17,487,344,4
182986,17,485,320,4
183002,17,481,330,4
183019,17,486,331,4
183035,17,486,331,4
183052,17,484,340,4
183069,17,469,219,1
183085,17,464,73,0
183102,17,449,177,1
183119,17,453,197,1
183135,17,438,273,0
183152,17,441,291,4
183169,17,447,303,4
183185,17,440,268,0
183202,17,441,278,0
183218,17,439,288,4
183235,17,446,271,0
183252,17,446,288,4
183268,17,447,273,0
183285,17,443,284,0
183302,17,410,292,0
183318,17,373,316,0
183335,17,363,335,0
183352,17,384,311,0
183368,17,367,312,0
183385,17,370,314,0
183401,17,369,281,0
183418,17,369,312,0
183435,17,366,309,0
183451,17,364,301,0
183468,17,369,312,0
183485,17,367,297,0
183501,17,367,302,0
183518,17,363,330,0
183534,17,362,322,0
183551,17,369,323,0
183568,17,355,179,1
183701,133,529,828,0
183717,17,484,739,3
183734,17,492,220,1
183751,17,440,287,0
183767,17,512,199,1
183784,17,503,163,1
183801,17,504,222,1
183817,17,507,266,0
183834,17,505,331,4
183851,17,497,348,4
183867,17,503,366,2
183884,17,503,350,4
183900,17,507,357,4
183917,17,507,352,4
183934,17,501,378,2
183950,17,489,356,4
183967,17,502,365,2
183984,17,500,370,2
184000,17,505,368,2
184017,17,498,364,4
184034,17,494,353,4
184050,17,504,367,2
184067,17,507,362,4
184083,17,494,368,2
184100,17,494,360,4
184117,17,500,359,4
184133,17,490,379,2
184150,17,500,364,4
184167,17,496,352,4
184183,17,498,354,4
184200,17,498,369,2
184217,17,498,363,4
184233,17,497,356,4
184266,33,499,324,4
184283,17,496,372,2
184300,17,496,363,4
184316,17,493,355,4
184333,17,500,367,2
184350,17,495,357,4
184366,17,498,356,4
184383,17,500,368,2
184400,17,493,367,2
184416,17,494,343,4
184433,17,488,354,4
184449,17,492,357,4
184466,17,493,353,4
184483,17,494,373,2
184499,17,495,356,4
184516,17,493,373,2
184533,17,502,364,4
184549,17,531,400,2
184566,17,529,391,2
184583,17,527,391,2
184599,17,533,390,2
184616,17,530,389,2
184632,17,525,392,2
184649,17,529,400,2
184666,17,532,375,2
184682,17,535,375,2
184699,17,525,384,2
184716,17,526,394,2
184732,17,532,382,2
184749,17,535,390,2
184765,17,529,387,2
184782,17,534,371,2
184799,17,532,386,2
184815,17,534,393,2
184832,17,534,378,2
184849,17,535,401,2
184865,17,519,380,2
184882,17,474,333,4
184899,17,480,314,4
184915,17,474,337,4
184932,17,482,323,4
184948,17,481,313,4
184965,17,478,320,4
184982,17,476,334,4
184998,17,474,325,4
185015,17,473,318,4
185032,17,486,327,4
185048,17,482,321,4
185065,17,477,340,4
185082,17,476,326,4
185098,17,482,331,4
185115,17,478,319,4
185131,17,480,330,4
185148,17,478,328,4
185165,17,477,315,4
185181,17,477,317,4
185198,17,472,318,4
185215,17,486,345,4
185231,17,480,324,4
185248,17,476,324,4
185265,17,455,348,4
185281,17,459,342,4
185298,17,457,328,4
185314,17,462,336,4
185331,17,462,311,4
185348,17,453,337,4
185364,17,463,361,4
185381,17,459,330,4
185398,17,458,327,4
185414,17,459,340,4
185431,17,460,335,4
185448,17,462,339,4
185464,17,457,328,4
185481,17,460,321,4
185497,17,456,339,4
185514,17,461,315,4
185531,17,457,338,4
185547,17,465,330,4
185564,17,457,348,4
185581,17,462,328,4
185597,17,462,334,4
185614,17,457,314,4
185631,17,462,346,4
185647,17,457,339,4
185664,17,463,332,4
185680,17,446,323,4
185697,17,378,266,0
185714,17,341,223,1
185730,17,346,208,1
185747,17,336,224,1
185764,17,344,214,1
185780,17,323,221,1
185797,17,328,234,1
185813,17,336,222,1
185830,17,337,234,1
185847,17,326,214,1
185863,17,337,241,1
185880,17,321,242,1
185897,17,328,218,1
185913,17,332,227,1
185947,33,292,203,0
185963,17,294,210,0
185980,17,282,200,0
185996,17,288,203,0
186013,17,292,224,0
186030,17,296,215,0
186046,17,289,210,0
186063,17,288,215,0
186080,17,292,223,0
186096,17,291,225,0
186113,17,295,225,0
186130,17,295,203,0
186146,17,335,283,0
186163,17,392,291,0
186179,17,395,294,0
186196,17,394,292,0
186213,17,397,311,0
186229,17,397,312,0
186246,17,399,307,0
186263,17,402,317,0
186279,17,399,299,0
186296,17,399,299,0
186313,17,402,319,0
186329,17,401,306,0
186346,17,394,327,0
186362,17,402,298,0
186379,17,399,320,0
186396,17,407,326,0
186412,17,400,310,0
186429,17,390,305,0
186446,17,310,268,0
186462,17,277,236,0
186479,17,246,223,0
186496,17,262,260,0
186512,17,258,262,0
186529,17,252,238,0
186545,17,273,229,0
186562,17,255,237,0
186579,17,266,238,0
186595,17,255,242,0
186612,17,264,238,0
186629,17,257,221,0
186645,17,257,242,0
186662,17,273,229,0
186679,17,259,220,0
186695,17,345,269,0
186712,17,431,331,4
186728,17,436,322,4
186745,17,435,334,4
186762,17,436,327,4
186778,17,439,326,4
186795,17,439,322,4
186812,17,440,313,4
186828,17,436,344,4
186845,17,439,303,4
186862,17,443,315,4
186878,17,439,348,4
186895,17,448,340,4
186911,17,444,339,4
186928,17,442,312,4
186945,17,440,337,4
186961,17,446,346,4
186978,17,441,336,4
186995,17,445,325,4
187011,17,442,338,4
187028,17,440,325,4
187044,17,437,334,4
187061,17,444,343,4
187078,17,441,342,4
187094,17,441,344,4
187111,17,445,339,4
187128,17,443,327,4
187144,17,439,324,4
187161,17,444,312,4
187178,17,439,349,4
187194,17,452,365,2
187211,17,441,354,4
187227,17,438,352,4
187244,17,440,339,4
187261,17,446,340,4
187277,17,444,354,4
187294,17,443,354,4
187311,17,443,315,4
187327,17,444,327,4
187344,17,440,343,4
187361,17,440,349,4
187377,17,447,318,4
187394,17,446,346,4
187410,17,495,334,4
187427,17,505,344,4
187444,17,505,354,4
187460,17,506,341,4
187477,17,507,339,4
187494,17,511,340,4
187510,17,497,329,4
187527,17,499,333,4
187544,17,512,331,4
187560,17,513,349,4
187577,17,513,348,4
187593,17,506,331,4
187610,17,505,352,4
187627,17,507,320,4
187643,17,509,337,4
187660,17,511,336,4
187677,17,514,341,4
187693,17,506,335,4
187710,17,511,348,4
187727,17,507,326,4
187743,17,512,339,4
187760,17,508,363,4
187776,17,507,323,4
187793,17,507,332,4
187810,17,509,345,4
187826,17,506,349,4
187843,17,511,341,4
187860,17,511,334,4
187876,17,514,353,4
187893,17,510,353,4
187910,17,504,349,4
187926,17,510,338,4
187943,17,513,344,4
187959,17,510,346,4
187976,17,511,346,4
187993,17,512,326,4
188009,17,517,316,4
188026,17,517,334,4
188043,17,509,335,4
188059,17,514,342,4
188076,17,507,352,4
188092,17,505,358,4
188109,17,519,350,4
188126,17,515,332,4
188142,17,507,333,4
188159,17,508,339,4
188176,17,513,335,4
188192,17,507,353,4
188209,17,514,348,4
188226,17,510,345,4
188242,17,520,348,4
188259,17,511,339,4
188275,17,459,378,2
188292,17,459,384,2
188309,17,461,360,4
188325,17,454,386,2
188342,17,457,376,2
188359,17,464,382,2
188375,17,454,391,2
188392,17,461,397,2
188409,17,458,383,2
188425,17,463,352,4
188442,17,469,379,2
188458,17,460,384,2
188475,17,464,383,2
188492,17,473,375,2
188508,17,529,398,2
188525,17,527,376,2
188542,17,524,390,2
188558,17,518,390,2
188575,17,532,405,2
188592,17,532,394,2
188608,17,533,392,2
188625,17,527,398,2
188641,17,526,389,2
188658,17,527,391,2
188675,17,529,392,2
188691,17,525,386,2
188708,17,525,394,2
188725,17,523,390,2
188741,17,521,379,2
188758,17,530,381,2
188775,17,530,369,2
188791,17,527,386,2
188808,17,523,371,2
188824,17,524,403,2
188841,17,523,392,2
188858,17,521,376,2
188874,17,526,381,2
188891,17,524,396,2
188908,17,530,371,2
188924,17,526,371,2
188941,17,530,373,2
188958,17,530,388,2
188974,17,526,377,2
188991,17,528,354,4
189007,17,523,379,2
189024,17,527,381,2
189041,17,536,387,2
189057,17,531,392,2
189074,17,528,367,2
189091,17,529,358,4
189107,17,528,388,2
189124,17,504,313,4
189141,17,507,321,4
189157,17,501,315,4
189174,17,510,330,4
189190,17,508,314,4
189207,17,501,322,4
189224,17,507,313,4
189240,17,507,308,4
189257,17,507,306,4
189274,17,508,310,4
189290,17,521,248,1
189307,17,526,251,1
189323,17,530,245,1
189340,17,524,227,1
189357,17,530,220,1
189373,17,530,247,1
189390,17,529,242,1
189407,17,530,230,1
189423,17,527,240,1
189440,17,530,236,1
189457,17,528,237,1
189473,17,530,241,1
189490,17,539,232,1
189506,17,528,225,1
189523,17,524,240,1
189540,17,422,270,0
189556,17,343,257,1
189573,17,347,253,1
189590,17,351,265,0
189606,17,338,237,1
189623,17,359,249,1
189640,17,342,259,1
189656,17,351,258,1
189673,17,342,266,0
189689,17,336,261,0
189706,17,336,241,1
189723,17,349,278,0
189756,33,334,240,1
189756,0,334,240,1
189773,17,337,249,1
189789,17,336,288,0
189806,17,336,253,1
189823,17,329,235,1
189839,17,315,299,0
189856,17,319,335,0
189872,17,318,355,0
189889,17,316,334,0
189906,17,325,361,0
189922,17,320,333,0
189939,17,315,353,0
189956,17,322,320,0
189972,17,319,352,0
189989,17,327,346,0
190006,17,319,349,0
190022,17,326,324,0
190039,17,317,336,0
190055,17,324,338,0
190072,17,317,342,0
190089,17,311,353,0
190105,17,323,334,0
190122,17,449,364,4
190139,17,461,374,2
190155,17,476,391,2
190172,17,466,367,2
190189,17,473,352,4
190205,17,474,368,2
190222,17,466,392,2
190238,17,475,348,4
190255,17,468,367,2
190272,17,469,365,2
190288,17,468,362,4
190305,17,472,376,2
190322,17,474,363,4
190338,17,470,375,2
190355,17,474,396,2
190372,17,472,361,4
190388,17,471,375,2
190405,17,470,380,2
190421,17,471,346,4
190438,17,472,367,2
190455,17,470,384,2
190471,17,501,388,2
190488,17,571,493,3
190505,17,594,566,3
190521,17,596,538,3
190538,17,593,534,3
190554,17,595,564,3
190571,17,595,543,3
190588,17,592,579,3
190604,17,596,539,3
190621,17,593,541,3
190638,17,594,557,3
190654,17,596,537,3
190671,17,591,546,3
190688,17,594,577,3
190704,17,597,541,3
190721,17,593,522,3
190737,17,596,536,3
190754,17,596,545,3
190771,17,592,559,3
190787,17,549,501,3
190804,17,505,409,2
190821,17,482,340,4
190837,17,481,367,2
190854,17,486,359,4
190871,17,486,359,4
190887,17,488,357,4
190904,17,486,377,2
190920,17,485,345,4
190937,17,485,366,2
190954,17,489,374,2
190970,17,497,350,4
190987,17,488,356,4
191004,17,487,358,4
191020,17,491,351,4
191037,17,489,359,4
191054,17,490,358,4
191070,17,489,346,4
191087,17,491,359,4
191103,17,492,349,4
191120,17,487,375,2
191137,17,487,352,4
191153,17,488,354,4
191170,17,479,364,4
191187,17,486,385,2
191203,17,489,363,4
191220,17,487,357,4
191237,17,487,367,2
191253,17,491,350,4
191270,17,490,372,2
191286,17,484,363,4
191303,17,482,352,4
191320,17,481,380,2
191336,17,487,353,4
191353,17,541,392,2
191370,17,634,407,2
191386,17,651,400,2
191403,17,662,410,2
191420,17,658,404,2
191436,17,667,414,2
191453,17,658,401,2
191469,17,653,401,2
191486,17,666,388,2
191503,17,658,400,2
191519,17,661,401,2
191536,17,669,406,2
191553,17,656,386,2
191569,17,646,395,2
191586,17,664,394,2
191602,17,666,402,2
191619,17,659,391,2
191636,17,658,407,2
191652,17,659,399,2
191669,17,604,402,2
191686,17,479,375,2
191702,17,435,364,4
191719,17,431,353,4
191736,17,428,350,4
191752,17,428,350,4
191769,17,428,339,4
191785,17,424,356,4
191802,17,425,367,2
191819,17,424,375,2
191835,17,425,364,4
191852,17,424,361,4
191869,17,423,364,4
191885,17,423,347,4
191902,17,426,369,2
191919,17,427,368,2
191935,17,425,366,2
191952,17,493,356,4
191968,17,509,392,2
191985,17,509,356,4
192002,17,512,384,2
192018,17,509,366,2
192035,17,512,388,2
192052,17,520,374,2
192068,17,511,394,2
192085,17,514,386,2
192102,17,511,395,2
192118,17,512,386,2
192135,17,509,356,4
192151,17,516,378,2
192168,17,521,371,2
192185,17,514,376,2
192201,17,512,399,2
192218,17,519,381,2
192235,17,513,396,2
192251,17,515,387,2
192268,17,523,393,2
192285,17,512,384,2
192301,17,518,386,2
192318,17,518,395,2
192334,17,520,344,4
192351,17,519,377,2
192368,17,518,381,2
192384,17,519,411,2
192401,17,519,380,2
192418,17,520,395,2
192434,17,523,401,2
192451,17,520,383,2
192468,17,523,378,2
192484,17,519,388,2
192501,17,520,384,2
192517,17,526,395,2
192534,17,516,377,2
192551,17,520,364,4
192567,17,520,379,2
192584,17,515,404,2
192601,17,520,381,2
192617,17,514,381,2
192634,17,523,381,2
192651,17,520,376,2
192667,17,520,392,2
192684,17,519,386,2
192700,17,520,381,2
192717,17,526,391,2
192734,17,521,366,2
192750,17,518,376,2
192767,17,520,374,2
192784,17,527,383,2
192800,17,523,370,2
192817,17,525,390,2
192833,17,523,386,2
192850,17,520,384,2
192867,17,523,377,2
192883,17,527,361,4
192900,17,511,365,2
192917,17,524,359,4
192933,17,517,375,2
192950,17,517,370,2
192967,17,524,396,2
192983,17,523,389,2
193000,17,522,381,2
193016,17,523,382,2
193033,17,526,380,2
193050,17,518,384,2
193066,17,524,379,2
193083,17,525,402,2
193100,17,524,399,2
193116,17,515,389,2
193133,17,523,391,2
193150,17,511,369,2
193166,17,512,389,2
193183,17,514,381,2
193199,17,520,366,2
193216,17,520,381,2
193233,17,523,377,2
193249,17,513,371,2
193266,17,520,364,4
193283,17,516,369,2
193299,17,514,364,4
193316,17,517,394,2
193333,17,508,365,2
193349,17,512,408,2
193366,17,519,385,2
193382,17,523,373,2
193399,17,518,387,2
193416,17,521,386,2
193432,17,514,393,2
193449,17,515,400,2
193466,17,513,415,2
193482,17,520,391,2
193499,17,524,393,2
193516,17,525,390,2
193532,17,522,390,2
193565,33,529,392,2
193582,17,523,398,2
193599,17,519,385,2
193615,17,518,391,2
193632,17,527,373,2
193649,17,523,399,2
193665,17,522,390,2
193682,17,518,393,2
193699,17,530,399,2
193715,17,520,400,2
193732,17,520,396,2
193748,17,514,402,2
193765,17,519,401,2
193782,17,518,401,2
193798,17,523,403,2
193815,17,522,410,2
193832,17,516,401,2
193848,17,518,403,2
193865,17,519,383,2
193881,17,514,386,2
193898,17,516,376,2
193915,17,518,377,2
193931,17,516,403,2
193948,17,517,366,2
193965,17,512,391,2
193981,17,520,391,2
193998,17,513,405,2
194015,17,520,400,2
194031,17,518,416,2
194048,17,518,397,2
194064,17,526,419,5
194081,17,520,392,2
194098,17,516,404,2
194114,17,520,390,2
194131,17,514,420,5
194148,17,522,399,2
194164,17,514,408,2
194181,17,522,390,2
194198,17,518,374,2
194214,17,522,410,2
194231,17,520,415,2
194247,17,521,401,2
194264,17,517,389,2
194281,17,522,384,2
194297,17,519,385,2
194314,17,518,401,2
194331,17,518,389,2
194347,17,515,401,2
194364,17,512,399,2
194381,17,519,414,2
194397,17,549,1039,0
194497,100,519,275,0
194514,17,531,206,1
194530,17,537,253,1
194547,17,532,240,1
194564,17,512,343,4
194580,17,528,382,2
194597,17,522,373,2
194613,17,524,402,2
194630,17,524,380,2
194647,17,528,377,2
194663,17,519,407,2
194680,17,526,393,2
194697,17,527,332,4
194713,17,582,828,0
194846,133,508,993,0
194863,17,497,230,1
194880,17,504,281,0
194896,17,509,285,0
194913,17,503,321,4
194930,17,510,366,2
194946,17,505,374,2
194963,17,507,366,2
194979,17,506,380,2
194996,17,513,404,2
195013,17,508,376,2
195029,17,501,344,4
195046,17,505,364,4
195063,17,503,389,2
195079,17,506,366,2
195096,17,508,366,2
195112,17,502,348,4
195129,17,511,371,2
195146,17,544,361,4
195162,17,572,357,4
195179,17,573,361,4
195196,17,579,354,4
195212,17,581,343,4
195229,17,577,361,4
195246,17,582,360,4
195262,17,580,361,4
195279,17,582,346,4
195295,17,579,361,4
195312,17,576,351,4
195329,17,583,320,4
195345,17,582,348,4
195362,17,575,339,4
195379,17,581,352,4
195395,17,582,350,4
195412,17,542,343,4
195429,17,502,325,4
195445,17,500,339,4
195462,17,498,342,4
195478,17,502,327,4
195495,17,503,340,4
195512,17,505,335,4
195528,17,505,317,4
195545,17,505,356,4
195562,17,501,357,4
195578,17,499,339,4
195595,17,502,326,4
195612,17,503,348,4
195628,17,504,331,4
195645,17,504,330,4
195661,17,507,352,4
195678,17,560,311,4
195695,17,582,326,4
195711,17,587,309,4
195728,17,584,330,4
195745,17,588,325,4
195761,17,584,328,4
195778,17,589,321,4
195795,17,582,327,4
195811,17,589,328,4
195828,17,593,302,4
195844,17,593,329,4
195861,17,583,310,4
195878,17,589,317,4
195894,17,587,332,4
195911,17,585,298,4
195928,17,591,313,4
195944,17,553,357,4
195961,17,545,359,4
195978,17,543,354,4
195994,17,545,366,2
196011,17,544,367,2
196027,17,544,355,4
196044,17,555,354,4
196061,17,547,361,4
196077,17,543,365,2
196094,17,545,377,2
196111,17,545,363,4
196127,17,549,348,4
196144,17,549,354,4
196160,17,544,359,4
196177,17,546,358,4
196194,17,546,352,4
196210,17,543,370,2
196227,17,543,396,2
196244,17,544,378,2
196260,17,543,343,4
196277,17,541,386,2
196294,17,551,382,2
196310,17,544,375,2
196327,17,544,337,4
196343,17,541,369,2
196360,17,514,197,1
196460,100,529,214,1
196477,17,535,231,1
196493,17,540,370,2
196510,17,532,384,2
196526,17,534,389,2
196543,17,534,352,4
196560,17,529,350,4
196576,17,532,364,4
196593,17,526,354,4
196610,17,530,397,2
196626,17,530,367,2
196643,17,528,370,2
196660,17,535,323,4
196843,183,511,229,1
196859,17,526,284,0
196876,17,530,383,2
196892,17,528,409,2
196909,17,530,384,2
196926,17,530,385,2
196942,17,534,392,2
196959,17,529,400,2
196976,17,526,401,2
196992,17,527,372,2
197009,17,529,381,2
197026,17,525,398,2
197042,17,525,386,2
197059,17,525,399,2
197075,17,528,338,4
197092,17,531,332,4
197109,17,532,339,4
197125,17,534,337,4
197142,17,532,350,4
197159,17,526,339,4
197175,17,532,204,1
197292,116,371,357,0
197308,17,460,154,1
197325,17,467,290,4
197342,17,470,320,4
197358,17,468,316,4
197375,17,469,335,4
197391,17,473,346,4
197408,17,467,355,4
197425,17,468,320,4
197441,17,467,339,4
197458,17,470,324,4
197475,17,472,330,4
197491,17,468,332,4
197508,17,466,335,4
197525,17,468,344,4
197541,17,472,327,4
197558,17,471,319,4
197574,17,463,343,4
197591,17,472,340,4
197608,17,471,336,4
197624,17,466,328,4
197641,17,472,347,4
197658,17,472,344,4
197674,17,470,353,4
197691,17,466,350,4
197708,17,473,334,4
197724,17,470,338,4
197741,17,445,359,4
197757,17,449,364,4
197774,17,449,355,4
197791,17,444,335,4
197807,17,444,364,4
197824,17,439,356,4
197841,17,442,362,4
197857,17,440,352,4
197874,17,437,502,3
197990,116,448,854,0
198007,17,416,290,4
198024,17,449,292,4
198040,17,455,360,4
198057,17,459,347,4
198074,17,457,351,4
198090,17,448,345,4
198107,17,454,337,4
198123,17,458,352,4
198140,17,466,355,4
198157,17,452,354,4
198173,17,448,347,4
198190,17,452,360,4
198207,17,458,368,2
198223,17,452,345,4
198240,17,458,358,4
198257,17,450,352,4
198273,17,456,344,4
198290,17,455,355,4
198306,17,459,358,4
198323,17,452,357,4
198340,17,453,361,4
198356,17,454,354,4
198373,17,457,367,2
198390,17,453,356,4
198406,17,464,329,4
198423,17,459,353,4
198440,17,466,359,4
198456,17,466,337,4
198473,17,459,340,4
198489,17,460,345,4
198506,17,466,343,4
198523,17,456,339,4
198539,17,462,361,4
198556,17,463,367,2
198573,17,461,329,4
198589,17,471,344,4
198606,17,528,348,4
198622,17,549,349,4
198639,17,561,352,4
198656,17,560,337,4
198672,17,562,318,4
198689,17,564,334,4
198706,17,560,344,4
198722,17,565,349,4
198739,17,568,349,4
198756,17,569,342,4
198772,17,504,349,4
198789,17,399,345,0
198805,17,280,313,0
198822,17,274,335,0
198839,17,274,322,0
198855,17,284,347,0
198872,17,282,326,0
198889,17,274,313,0
198905,17,280,307,0
198922,17,267,318,0
198939,17,283,342,0
198955,17,262,340,0
198972,17,281,348,0
198988,17,277,316,0
199005,17,277,325,0
199022,17,269,334,0
199038,17,258,346,0
199055,17,264,314,0
199072,17,282,332,0
199088,17,268,329,0
199105,17,265,324,0
199122,17,278,322,0
199138,17,273,339,0
199155,17,279,326,0
199171,17,251,330,0
199188,17,248,342,0
199205,17,260,345,0
199221,17,241,326,0
199238,17,249,330,0
199255,17,239,326,0
199271,17,261,341,0
199288,17,248,336,0
199305,17,236,330,0
199321,17,254,325,0
199338,17,259,352,0
199354,17,231,342,0
199371,17,284,347,0
199388,17,417,357,4
199404,17,471,363,4
199421,17,479,328,4
199438,17,474,348,4
199454,17,475,347,4
199471,17,476,328,4
199488,17,476,354,4
199504,17,475,349,4
199521,17,473,342,4
199537,17,479,333,4
199637,100,462,333,4
199654,17,418,364,4
199670,17,501,369,2
199687,17,505,400,2
199704,17,507,399,2
199720,17,508,413,2
199737,17,509,411,2
199754,17,504,408,2
199770,17,514,399,2
199787,17,511,399,2
199804,17,508,400,2
199820,17,511,401,2
199837,17,510,373,2
199853,17,514,394,2
199870,17,509,378,2
199887,17,509,376,2
199903,17,503,359,4
199920,17,510,411,2
199937,17,505,380,2
199953,17,507,366,2
199970,17,505,385,2
199987,17,512,377,2
200003,17,504,395,2
200020,17,503,388,2
200036,17,508,407,2
200053,17,512,396,2
200070,17,504,374,2
200086,17,502,396,2
200103,17,505,389,2
200120,17,510,403,2
200136,17,505,396,2
200153,17,509,381,2
200170,17,509,416,2
200186,17,506,388,2
200203,17,506,390,2
200219,17,509,399,2
200236,17,511,414,2
200253,17,505,397,2
200269,17,506,402,2
200286,17,506,415,2
200303,17,501,406,2
200319,17,499,415,2
200336,17,505,408,2
200353,17,502,395,2
200369,17,493,415,2
200386,17,501,392,2
200402,17,500,380,2
200419,17,495,394,2
200436,17,506,386,2
200452,17,502,388,2
200469,17,501,378,2
200486,17,506,394,2
200502,17,503,395,2
200519,17,506,394,2
200536,17,507,405,2
200552,17,505,400,2
200569,17,506,397,2
200585,17,507,388,2
200602,17,508,398,2
200619,17,511,400,2
200635,17,507,405,2
200652,17,506,414,2
200669,17,507,406,2
200685,17,506,391,2
200702,17,506,378,2
200719,17,504,395,2
200735,17,506,402,2
200752,17,505,379,2
200768,17,500,382,2
200785,17,501,391,2
200802,17,499,399,2
200818,17,508,384,2
200835,17,495,377,2
200852,17,498,398,2
200868,17,501,399,2
200885,17,500,383,2
200901,17,497,393,2
200918,17,497,383,2
200935,17,500,408,2
200951,17,517,391,2
200968,17,495,391,2
200985,17,505,379,2
201001,17,504,386,2
201018,17,496,398,2
201035,17,497,393,2
201051,17,501,402,2
201068,17,504,380,2
201084,17,503,374,2
201101,17,503,356,4
201118,17,493,369,2
201134,17,497,358,4
201151,17,501,346,4
201168,17,498,380,2
201184,17,507,367,2
201201,17,498,379,2
201218,17,506,364,4
201234,17,505,358,4
201251,17,502,346,4
201267,17,500,369,2
201284,17,504,320,4
201367,83,427,357,4
201384,17,430,327,4
201401,17,418,332,4
201417,17,471,317,4
201434,17,465,365,2
201450,17,461,348,4
201467,17,468,342,4
201484,17,466,361,4
201500,17,463,354,4
201517,17,462,361,4
201534,17,467,363,4
201550,17,467,365,2
201600,50,468,377,2
201600,0,468,377,2
201617,17,460,364,4
201633,17,450,350,4
201650,17,453,340,4
201667,17,466,381,2
201683,17,462,377,2
201700,17,466,377,2
201717,17,462,374,2
201733,17,465,344,4
201750,17,466,361,4
201767,17,462,342,4
201783,17,475,356,4
201800,17,466,362,4
201816,17,470,352,4
201833,17,460,349,4
201850,17,471,373,2
201866,17,462,364,4
201883,17,462,363,4
201900,17,468,351,4
201916,17,461,325,4
201933,17,463,367,2
201949,17,468,374,2
201966,17,469,384,2
201983,17,472,348,4
201999,17,432,365,2
202016,17,363,348,0
202033,17,361,316,0
202049,17,362,344,0
202066,17,357,343,0
202083,17,362,371,2
202099,17,363,359,0
202116,17,362,337,0
202132,17,367,343,0
202149,17,363,352,0
202166,17,367,347,0
202182,17,365,362,0
202199,17,426,348,4
202216,17,482,363,4
202232,17,476,357,4
202249,17,477,358,4
202266,17,477,348,4
202282,17,474,349,4
202299,17,493,365,2
202315,17,479,353,4
202332,17,480,357,4
202349,17,480,348,4
202365,17,481,345,4
202382,17,475,362,4
202399,17,477,350,4
202415,17,470,350,4
202432,17,482,357,4
202449,17,517,366,2
202465,17,529,355,4
202482,17,522,353,4
202498,17,527,351,4
202515,17,529,340,4
202532,17,528,344,4
202548,17,526,358,4
202565,17,528,340,4
202582,17,522,349,4
202598,17,523,350,4
202615,17,525,331,4
202632,17,520,369,2
202648,17,523,360,4
202665,17,520,353,4
202681,17,522,347,4
202698,17,522,339,4
202715,17,523,374,2
202731,17,519,364,4
202748,17,516,374,2
202765,17,526,361,4
202781,17,521,365,2
202798,17,525,372,2
202815,17,525,364,4
202831,17,524,385,2
202848,17,523,374,2
202864,17,519,357,4
202881,17,525,353,4
202898,17,523,362,4
202914,17,525,375,2
202931,17,523,340,4
202948,17,522,348,4
202964,17,529,358,4
202981,17,518,360,4
202998,17,482,337,4
203014,17,480,329,4
203031,17,478,320,4
203047,17,478,327,4
203064,17,475,341,4
203081,17,482,352,4
203097,17,476,337,4
203114,17,475,323,4
203131,17,475,329,4
203147,17,481,329,4
203164,17,482,320,4
203180,17,483,339,4
203197,17,477,335,4
203214,17,482,345,4
203230,17,477,338,4
203247,17,478,325,4
203264,17,465,321,4
203280,17,471,326,4
203297,17,479,324,4
203314,17,475,338,4
203330,17,476,332,4
203347,17,473,357,4
203363,17,469,338,4
203380,17,465,362,4
203397,17,464,345,4
203413,17,465,355,4
203430,17,465,369,2
203447,17,461,354,4
203463,17,458,357,4
203480,17,465,341,4
203497,17,458,347,4
203513,17,463,363,4
203530,17,474,338,4
203546,17,467,353,4
203563,17,465,356,4
203580,17,469,342,4
203596,17,471,365,2
203613,17,472,362,4
203630,17,463,362,4
203646,17,465,353,4
203663,17,467,367,2
203680,17,466,348,4
203696,17,459,347,4
203713,17,464,370,2
203729,17,465,359,4
203746,17,465,358,4
203763,17,459,367,2
203779,17,460,366,2
203796,17,462,364,4
203813,17,480,349,4
203829,17,466,374,2
203846,17,464,370,2
