Time (ms),Timegap (ms),Gaze X,Gaze Y,AOI
0,0,535,629,3
17,17,530,648,3
33,17,547,445,3
50,17,535,401,2
67,17,549,428,3
83,17,539,418,5
100,17,548,434,3
116,17,549,418,5
133,17,543,434,3
150,17,546,424,3
166,17,542,416,2
183,17,545,418,5
200,17,542,422,3
216,17,560,435,3
233,17,561,410,2
250,17,547,418,5
266,17,558,427,3
283,17,552,431,3
299,17,554,422,3
316,17,561,430,3
333,17,557,417,5
349,17,548,442,3
366,17,563,447,3
383,17,555,421,5
399,17,552,418,5
416,17,555,451,3
433,17,548,452,3
449,17,548,448,3
466,17,548,444,3
482,17,565,438,3
499,17,567,420,5
516,17,557,446,3
532,17,550,437,3
549,17,547,443,3
566,17,556,459,3
582,17,559,463,3
599,17,560,450,3
615,17,547,426,3
632,17,551,454,3
649,17,507,432,3
665,17,509,431,3
682,17,505,442,3
699,17,507,455,3
715,17,520,433,3
732,17,507,434,3
749,17,504,421,5
765,17,500,437,3
782,17,502,442,3
798,17,513,441,3
815,17,501,418,5
832,17,504,399,2
848,17,509,451,3
865,17,506,428,3
882,17,498,441,3
898,17,502,454,3
915,17,501,454,3
932,17,502,457,3
948,17,496,431,3
965,17,487,426,3
981,17,458,468,3
998,17,459,411,2
1015,17,462,839,0
1031,17,499,590,3
1347,316,649,1060,0
1364,17,469,754,3
1381,17,550,421,5
1397,17,524,370,2
1414,17,486,513,3
1431,17,534,489,3
1447,17,499,438,3
1464,17,495,385,2
1481,17,493,389,2
1497,17,509,370,2
1514,17,496,396,2
1530,17,503,377,2
1547,17,508,373,2
1564,17,519,393,2
1580,17,508,387,2
1597,17,514,375,2
1614,17,516,387,2
1630,17,517,385,2
1647,17,519,404,2
1664,17,521,387,2
1680,17,519,384,2
1697,17,528,389,2
1713,17,525,396,2
1730,17,531,375,2
1747,17,585,338,4
1763,17,621,352,0
1780,17,620,348,0
1797,17,623,331,0
1813,17,622,335,0
1830,17,621,354,0
1846,17,621,350,0
1863,17,626,325,0
1880,17,628,316,0
1896,17,622,302,0
1913,17,635,316,0
1930,17,635,309,0
1946,17,638,320,0
1963,17,621,322,0
1980,17,637,306,0
1996,17,631,302,0
2013,17,635,298,0
2029,17,634,271,0
2046,17,635,280,0
2063,17,631,301,0
2079,17,568,339,4
2096,17,536,294,4
2113,17,542,327,4
2129,17,539,318,4
2146,17,546,277,0
2163,17,544,319,4
2179,17,541,311,4
2196,17,534,297,4
2212,17,539,301,4
2229,17,528,304,4
2246,17,534,306,4
2262,17,535,288,4
2279,17,537,286,0
2296,17,536,306,4
2312,17,541,285,0
2329,17,530,310,4
2346,17,532,311,4
2362,17,533,296,4
2379,17,537,312,4
2395,17,533,327,4
2412,17,535,308,4
2429,17,537,308,4
2445,17,543,317,4
2462,17,539,298,4
2479,17,539,304,4
2495,17,531,311,4
2512,17,533,307,4
2529,17,531,318,4
2545,17,538,306,4
2562,17,526,316,4
2578,17,558,292,4
2595,17,570,310,4
2612,17,568,300,4
2628,17,573,274,0
2645,17,568,302,4
2662,17,565,305,4
2678,17,563,296,4
2695,17,564,288,4
2712,17,569,311,4
2728,17,565,323,4
2745,17,561,320,4
2761,17,561,322,4
2778,17,561,337,4
2795,17,560,310,4
2811,17,561,296,4
2828,17,566,324,4
2845,17,560,321,4
2861,17,562,318,4
2878,17,564,331,4
2894,17,561,310,4
2911,17,565,325,4
2928,17,558,346,4
2944,17,558,321,4
2961,17,560,329,4
2978,17,546,332,4
2994,17,560,345,4
3011,17,557,362,4
3028,17,546,339,4
3044,17,540,351,4
3061,17,540,384,2
3077,17,541,311,4
3094,17,537,339,4
3111,17,538,345,4
3127,17,537,345,4
3144,17,536,327,4
3161,17,539,333,4
3177,17,530,340,4
3194,17,531,352,4
3211,17,543,341,4
3227,17,540,366,2
3244,17,544,336,4
3260,17,538,330,4
3277,17,531,355,4
3294,17,539,342,4
3310,17,540,355,4
3327,17,532,347,4
3344,17,533,338,4
3360,17,539,363,4
3377,17,539,353,4
3394,17,543,341,4
3410,17,566,362,4
3427,17,563,307,4
3443,17,569,338,4
3460,17,571,323,4
3477,17,566,380,2
3493,17,563,365,2
3510,17,574,336,4
3527,17,567,342,4
3543,17,562,317,4
3560,17,567,331,4
3577,17,563,322,4
3593,17,565,376,2
3610,17,586,320,4
3626,17,595,333,4
3643,17,599,323,4
3660,17,594,350,4
3676,17,594,353,4
3693,17,594,367,2
3710,17,591,368,2
3726,17,593,345,4
3743,17,597,350,4
3760,17,596,353,4
3776,17,593,332,4
3793,17,595,359,4
3809,17,590,348,4
3826,17,593,347,4
3843,17,594,341,4
3859,17,596,335,4
3876,17,594,345,4
3893,17,591,362,4
3909,17,595,344,4
3926,17,598,320,4
3943,17,597,320,4
3959,17,562,364,4
3976,17,564,347,4
3992,17,562,399,2
4009,17,564,370,2
4026,17,563,379,2
4042,17,559,400,2
4059,17,557,377,2
4076,17,564,361,4
4092,17,559,371,2
4109,17,563,382,2
4125,17,558,366,2
4142,17,560,373,2
4159,17,559,377,2
4175,17,559,369,2
4192,17,557,347,4
4209,17,560,329,4
4225,17,563,353,4
4242,17,562,349,4
4259,17,554,370,2
4275,17,539,362,4
4292,17,542,368,2
4308,17,539,370,2
4325,17,541,377,2
4342,17,541,364,4
4358,17,543,357,4
4375,17,538,378,2
4392,17,537,354,4
4408,17,538,386,2
4425,17,538,385,2
4442,17,536,378,2
4458,17,542,358,4
4475,17,538,374,2
4491,17,536,393,2
4508,17,537,404,2
4525,17,534,386,2
4541,17,534,393,2
4558,17,538,377,2
4575,17,538,391,2
4591,17,539,397,2
4608,17,535,384,2
4625,17,537,375,2
4641,17,540,366,2
4658,17,534,383,2
4674,17,533,391,2
4691,17,538,373,2
4708,17,531,378,2
4724,17,532,400,2
4741,17,539,384,2
4758,17,525,399,2
4774,17,520,361,4
4791,17,516,395,2
4808,17,517,408,2
4824,17,528,399,2
4841,17,518,377,2
4857,17,520,359,4
4874,17,518,373,2
4891,17,518,362,4
4907,17,513,368,2
4924,17,511,385,2
4941,17,512,367,2
4957,17,520,370,2
4974,17,519,352,4
4991,17,516,354,4
5007,17,523,372,2
5024,17,508,395,2
5040,17,518,376,2
5057,17,513,389,2
5074,17,517,375,2
5090,17,524,375,2
5107,17,516,366,2
5124,17,514,392,2
5140,17,518,390,2
5157,17,517,403,2
5174,17,511,422,3
5190,17,517,405,2
5207,17,516,395,2
5223,17,521,368,2
5240,17,517,370,2
5257,17,516,358,4
5273,17,515,358,4
5290,17,516,356,4
5307,17,513,391,2
5323,17,510,398,2
5340,17,512,376,2
5356,17,514,410,2
5373,17,509,383,2
5390,17,514,390,2
5406,17,515,368,2
5423,17,514,363,4
5440,17,512,366,2
5456,17,517,386,2
5473,17,519,395,2
5490,17,513,390,2
5506,17,507,401,2
5523,17,511,406,2
5539,17,514,395,2
5556,17,507,407,2
5573,17,508,376,2
5589,17,510,367,2
5606,17,511,358,4
5623,17,508,361,4
5639,17,492,361,4
5656,17,506,369,2
5673,17,505,378,2
5689,17,508,368,2
5706,17,499,386,2
5722,17,514,383,2
5739,17,507,368,2
5756,17,504,379,2
5772,17,508,385,2
5789,17,517,385,2
5806,17,502,377,2
5822,17,505,406,2
5839,17,508,390,2
5856,17,511,409,2
5872,17,512,404,2
5889,17,499,393,2
5905,17,492,409,2
5922,17,503,390,2
5939,17,507,388,2
5955,17,507,371,2
5972,17,508,404,2
5989,17,495,416,2
6005,17,508,399,2
6022,17,514,407,2
6039,17,515,392,2
6055,17,535,367,2
6072,17,546,368,2
6088,17,546,369,2
6105,17,541,353,4
6122,17,546,376,2
6138,17,549,379,2
6155,17,553,386,2
6172,17,551,369,2
6188,17,554,390,2
6205,17,556,395,2
6222,17,549,398,2
6238,17,550,398,2
6255,17,549,378,2
6271,17,548,381,2
6288,17,544,418,5
6305,17,553,368,2
6321,17,549,381,2
6338,17,557,418,5
6355,17,548,376,2
6371,17,553,356,4
6388,17,545,374,2
6404,17,545,386,2
6421,17,549,362,4
6438,17,551,362,4
6454,17,552,398,2
6471,17,553,360,4
6488,17,550,382,2
6504,17,554,354,4
6521,17,551,401,2
6538,17,550,392,2
6554,17,546,380,2
6571,17,544,380,2
6587,17,542,384,2
6604,17,546,391,2
6621,17,542,402,2
6637,17,549,390,2
6654,17,547,398,2
6671,17,545,383,2
6687,17,544,393,2
6704,17,546,405,2
6754,50,565,414,2
6920,166,525,647,3
6937,17,533,623,3
6953,17,536,521,3
6970,17,538,432,3
6987,17,541,345,4
7003,17,545,341,4
7020,17,538,380,2
7037,17,543,399,2
7053,17,544,382,2
7070,17,540,377,2
7087,17,546,367,2
7103,17,542,415,2
7120,17,537,390,2
7136,17,540,407,2
7153,17,540,407,2
7170,17,536,409,2
7186,17,545,415,2
7203,17,539,374,2
7220,17,535,404,2
7236,17,535,402,2
7253,17,541,393,2
7270,17,533,384,2
7286,17,540,398,2
7303,17,537,407,2
7319,17,533,391,2
7336,17,532,362,4
7353,17,533,387,2
7369,17,535,368,2
7386,17,534,401,2
7403,17,540,372,2
7419,17,539,394,2
7436,17,526,343,4
7453,17,524,335,4
7469,17,527,325,4
7486,17,527,344,4
7502,17,529,340,4
7519,17,526,351,4
7536,17,530,339,4
7552,17,527,376,2
7569,17,528,365,2
7586,17,530,358,4
7602,17,530,355,4
7619,17,517,360,4
7635,17,501,338,4
7652,17,503,330,4
7669,17,503,337,4
7685,17,503,362,4
7702,17,503,345,4
7719,17,505,342,4
7735,17,504,342,4
7752,17,495,322,4
7769,17,505,348,4
7785,17,498,322,4
7802,17,501,338,4
7818,17,502,314,4
7835,17,503,350,4
7852,17,503,331,4
7868,17,489,350,4
7885,17,448,348,4
7902,17,414,316,0
7918,17,427,335,4
7935,17,405,324,0
7952,17,410,348,0
7968,17,415,339,0
7985,17,438,337,4
8001,17,419,324,4
8018,17,417,338,4
8035,17,415,346,0
8051,17,426,349,4
8068,17,416,347,4
8085,17,421,367,2
8101,17,422,367,2
8118,17,425,347,4
8135,17,429,338,4
8151,17,423,379,2
8168,17,432,355,4
8184,17,427,348,4
8201,17,421,370,2
8218,17,428,351,4
8234,17,428,346,4
8251,17,428,357,4
8268,17,413,366,2
8284,17,412,363,0
8301,17,425,352,4
8318,17,479,349,4
8334,17,493,353,4
8351,17,497,354,4
8367,17,500,354,4
8384,17,500,346,4
8401,17,496,348,4
8417,17,499,343,4
8434,17,500,332,4
8451,17,497,341,4
8467,17,508,356,4
8484,17,500,369,2
8501,17,500,366,2
8517,17,501,351,4
8534,17,494,337,4
8550,17,498,352,4
8567,17,497,354,4
8584,17,501,320,4
8600,17,495,350,4
8617,17,494,370,2
8634,17,499,365,2
8650,17,497,330,4
8667,17,503,319,4
8683,17,498,361,4
8700,17,499,359,4
8717,17,504,361,4
8733,17,506,370,2
8750,17,540,330,4
8767,17,545,338,4
8783,17,550,336,4
8800,17,547,348,4
8817,17,548,371,2
8833,17,553,351,4
8850,17,554,341,4
8866,17,547,336,4
8883,17,547,370,2
8900,17,551,364,4
8916,17,553,338,4
8933,17,541,316,4
8950,17,551,327,4
8966,17,554,334,4
8983,17,551,328,4
9000,17,551,339,4
9016,17,546,346,4
9033,17,555,325,4
9049,17,543,377,2
9066,17,532,442,3
9083,17,533,418,5
9099,17,531,416,2
9116,17,533,383,2
9133,17,528,414,2
9149,17,530,381,2
9166,17,529,413,2
9183,17,532,398,2
9199,17,528,421,5
9216,17,525,430,3
9232,17,527,427,3
9249,17,533,408,2
9266,17,536,403,2
9282,17,531,404,2
9299,17,531,414,2
9316,17,538,377,2
9332,17,531,397,2
9349,17,524,399,2
9366,17,528,397,2
9382,17,517,405,2
9399,17,527,411,2
9415,17,513,443,3
9432,17,511,409,2
9449,17,509,411,2
9465,17,506,425,3
9482,17,502,420,5
9499,17,505,422,3
9515,17,503,415,2
9532,17,498,426,3
9549,17,459,351,4
9565,17,449,318,4
9582,17,452,268,0
9598,17,454,279,0
9615,17,449,296,4
9632,17,459,274,0
9648,17,462,286,0
9665,17,445,325,4
9682,17,438,311,4
9698,17,448,306,4
9715,17,439,310,4
9732,17,446,283,0
9748,17,450,272,0
9765,17,465,235,1
9781,17,454,262,0
9798,17,446,255,1
9815,17,470,257,1
9831,17,470,236,1
9848,17,466,263,0
9865,17,459,267,0
9881,17,470,240,1
9898,17,461,271,0
9914,17,448,267,0
9931,17,495,288,4
9948,17,469,281,0
9964,17,465,275,0
9981,17,462,255,1
9998,17,463,267,0
10014,17,468,277,0
10031,17,467,264,0
10048,17,498,239,1
10064,17,495,244,1
10081,17,500,238,1
10097,17,500,247,1
10114,17,506,270,0
10131,17,498,281,0
10147,17,495,287,0
10164,17,492,298,4
10181,17,497,277,0
10197,17,500,260,0
10214,17,498,273,0
10231,17,503,256,1
10247,17,497,250,1
10264,17,509,252,1
10280,17,505,242,1
10297,17,492,290,4
10314,17,502,284,0
10330,17,500,291,4
10347,17,536,395,2
10364,17,542,383,2
10380,17,540,382,2
10397,17,539,415,2
10414,17,543,401,2
10430,17,542,405,2
10447,17,543,391,2
10463,17,541,415,2
10480,17,539,404,2
10497,17,540,420,5
10513,17,533,425,3
10530,17,532,436,3
10547,17,545,396,2
10563,17,539,418,5
10580,17,534,402,2
10597,17,534,403,2
10613,17,534,427,3
10630,17,535,409,2
10646,17,544,380,2
10663,17,533,425,3
10680,17,534,383,2
10696,17,534,394,2
10713,17,537,410,2
10730,17,534,411,2
10746,17,543,397,2
10763,17,531,405,2
10780,17,528,395,2
10796,17,524,404,2
10813,17,525,421,5
10829,17,532,367,2
10846,17,529,391,2
10863,17,533,366,2
10879,17,536,381,2
10896,17,523,416,2
10913,17,527,404,2
10929,17,530,409,2
10946,17,523,396,2
10962,17,531,397,2
10979,17,534,404,2
10996,17,531,392,2
11012,17,523,390,2
11029,17,524,380,2
11046,17,522,383,2
11062,17,533,368,2
11079,17,527,374,2
11096,17,543,375,2
11112,17,536,387,2
11129,17,544,389,2
11145,17,542,395,2
11162,17,546,387,2
11179,17,541,417,5
11195,17,537,377,2
11212,17,529,366,2
11229,17,538,397,2
11245,17,537,404,2
11262,17,538,393,2
11279,17,538,374,2
11295,17,535,378,2
11312,17,543,374,2
11328,17,539,387,2
11345,17,538,392,2
11362,17,540,386,2
11378,17,540,385,2
11395,17,540,377,2
11412,17,534,394,2
11428,17,532,381,2
11445,17,539,364,4
11462,17,542,385,2
11478,17,530,365,2
11495,17,538,380,2
11511,17,533,382,2
11528,17,530,377,2
11545,17,532,391,2
11561,17,535,391,2
11578,17,533,368,2
11595,17,533,360,4
11611,17,532,338,4
11628,17,538,388,2
11645,17,534,354,4
11661,17,538,370,2
11678,17,536,357,4
11694,17,537,411,2
11711,17,537,396,2
11728,17,533,397,2
11744,17,540,395,2
11761,17,537,391,2
11778,17,534,389,2
11794,17,537,385,2
11811,17,537,386,2
11828,17,526,408,2
11844,17,533,407,2
11861,17,532,392,2
11877,17,533,420,5
11894,17,533,392,2
11911,17,531,407,2
11927,17,538,359,4
11944,17,536,381,2
11961,17,538,365,2
11977,17,537,343,4
11994,17,545,364,4
12011,17,540,346,4
12027,17,549,355,4
12044,17,541,373,2
12060,17,541,382,2
12077,17,542,374,2
12094,17,543,349,4
12110,17,543,369,2
12127,17,543,318,4
12144,17,533,358,4
12160,17,541,344,4
12177,17,541,345,4
12193,17,542,354,4
12210,17,546,365,2
12227,17,544,344,4
12243,17,543,362,4
12260,17,540,360,4
12277,17,535,376,2
12293,17,548,359,4
12310,17,557,365,2
12327,17,558,369,2
12343,17,555,365,2
12360,17,554,393,2
12376,17,555,388,2
12393,17,556,406,2
12410,17,556,373,2
12426,17,557,356,4
12443,17,558,337,4
12460,17,557,364,4
12476,17,554,380,2
12493,17,562,392,2
12510,17,560,367,2
12526,17,557,358,4
12543,17,555,374,2
12559,17,559,351,4
12576,17,551,365,2
12593,17,558,386,2
12609,17,552,396,2
12626,17,552,380,2
12643,17,577,345,4
12659,17,596,299,4
12676,17,595,338,4
12693,17,599,342,4
12709,17,605,317,4
12726,17,603,314,4
12742,17,603,310,4
12759,17,598,319,4
12776,17,600,307,4
12792,17,599,335,4
12809,17,599,338,4
12826,17,595,332,4
12842,17,606,312,4
12859,17,603,302,4
12876,17,598,285,0
12892,17,599,327,4
12909,17,591,275,0
12925,17,580,235,1
12942,17,572,248,1
12959,17,571,256,1
12975,17,579,230,1
12992,17,571,206,1
13009,17,573,241,1
13025,17,573,210,1
13042,17,566,205,1
13059,17,571,179,1
13075,17,578,185,1
13092,17,569,190,1
13108,17,563,181,1
13125,17,556,140,1
13142,17,561,125,0
13158,17,550,120,0
13175,17,554,147,1
13192,17,542,139,1
13208,17,554,154,1
13225,17,555,120,0
13241,17,542,126,0
13258,17,555,155,1
13275,17,547,139,1
13291,17,558,159,1
13308,17,554,153,1
13325,17,553,171,1
13341,17,560,155,1
13358,17,551,158,1
13375,17,540,153,1
13391,17,552,158,1
13408,17,548,157,1
13424,17,555,144,1
13441,17,554,153,1
13458,17,551,150,1
13474,17,552,151,1
13491,17,546,171,1
13508,17,547,190,1
13524,17,539,199,1
13541,17,544,483,3
13691,150,531,502,3
13724,33,527,697,3
13741,17,564,547,3
13757,17,524,511,3
13774,17,539,460,3
13790,17,536,366,2
13807,17,535,321,4
13824,17,532,294,4
13840,17,539,277,0
13857,17,540,329,4
13874,17,544,322,4
13890,17,535,343,4
13907,17,537,325,4
13924,17,538,359,4
13940,17,534,361,4
13957,17,536,343,4
13973,17,537,352,4
13990,17,533,363,4
14007,17,531,363,4
14023,17,538,320,4
14040,17,538,366,2
14057,17,537,370,2
14073,17,536,355,4
14090,17,534,337,4
14107,17,540,363,4
14123,17,530,344,4
14140,17,539,371,2
14156,17,541,330,4
14173,17,541,372,2
14190,17,536,361,4
14206,17,537,377,2
14223,17,546,318,4
14240,17,540,329,4
14256,17,539,382,2
14273,17,538,335,4
14290,17,544,370,2
14306,17,542,343,4
14323,17,541,367,2
14339,17,538,320,4
14356,17,543,374,2
14373,17,543,367,2
14389,17,541,364,4
14406,17,539,341,4
14423,17,535,361,4
14439,17,534,355,4
14456,17,534,361,4
14472,17,541,366,2
14489,17,538,344,4
14506,17,540,337,4
14522,17,542,360,4
14539,17,541,349,4
14556,17,542,343,4
14572,17,545,361,4
14589,17,539,348,4
14606,17,536,371,2
14622,17,541,347,4
14639,17,542,345,4
14655,17,547,351,4
14672,17,545,355,4
14689,17,548,347,4
14705,17,541,370,2
14722,17,538,363,4
14739,17,540,370,2
14755,17,545,348,4
14772,17,552,386,2
14789,17,554,408,2
14805,17,549,363,4
14822,17,557,360,4
14838,17,550,360,4
14855,17,555,385,2
14872,17,552,399,2
14888,17,552,380,2
14905,17,558,390,2
14922,17,551,391,2
14938,17,551,396,2
14955,17,550,408,2
14972,17,548,377,2
14988,17,553,376,2
15005,17,549,386,2
15021,17,546,407,2
15038,17,551,363,4
15055,17,547,403,2
15071,17,554,416,2
15088,17,546,420,5
15105,17,551,393,2
15121,17,546,393,2
15138,17,542,385,2
15155,17,554,386,2
15171,17,556,391,2
15188,17,555,392,2
15204,17,553,392,2
15221,17,547,385,2
15238,17,550,382,2
15254,17,548,376,2
15271,17,550,364,4
15288,17,546,421,5
15304,17,554,386,2
15321,17,549,358,4
15338,17,555,395,2
15354,17,549,373,2
15371,17,554,384,2
15387,17,559,399,2
15404,17,559,410,2
15421,17,552,391,2
15437,17,551,411,2
15454,17,551,387,2
15471,17,558,375,2
15487,17,554,394,2
15504,17,553,387,2
15520,17,552,394,2
15537,17,556,389,2
15554,17,579,342,4
15570,17,584,336,4
15587,17,591,306,4
15604,17,583,358,4
15620,17,588,380,2
15637,17,578,323,4
15654,17,581,342,4
15670,17,578,394,2
15687,17,581,327,4
15703,17,578,324,4
15720,17,580,378,2
15737,17,586,297,4
15753,17,584,346,4
15770,17,602,321,4
15787,17,599,343,4
15803,17,606,351,4
15820,17,602,314,4
15837,17,597,366,2
15853,17,601,339,4
15870,17,602,383,2
15886,17,602,389,2
15903,17,602,377,2
15920,17,587,333,4
15936,17,594,387,2
15953,17,590,335,4
15970,17,612,362,4
15986,17,593,350,4
16003,17,608,356,4
16020,17,596,344,4
16036,17,600,379,2
16053,17,596,345,4
16069,17,606,385,2
16086,17,600,328,4
16103,17,600,384,2
16119,17,600,348,4
16136,17,599,375,2
16153,17,587,358,4
16169,17,583,400,2
16186,17,567,485,3
16203,17,564,458,3
16219,17,566,503,3
16236,17,564,459,3
16252,17,561,469,3
16269,17,566,458,3
16286,17,565,474,3
16302,17,563,470,3
16319,17,571,469,3
16336,17,565,446,3
16352,17,563,469,3
16369,17,571,470,3
16386,17,562,471,3
16402,17,565,477,3
16419,17,571,481,3
16435,17,563,477,3
16452,17,563,479,3
16469,17,529,485,3
16485,17,546,486,3
16502,17,540,465,3
16519,17,540,481,3
16535,17,544,461,3
16552,17,545,450,3
16569,17,549,473,3
16585,17,546,501,3
16602,17,551,484,3
16618,17,539,479,3
16635,17,547,495,3
16652,17,541,477,3
16668,17,534,460,3
16685,17,542,424,3
16702,17,536,434,3
16718,17,553,415,2
16735,17,536,408,2
16751,17,543,417,5
16768,17,525,413,2
16785,17,539,416,2
16801,17,537,399,2
16818,17,535,420,5
16835,17,536,407,2
16851,17,505,389,2
16868,17,503,379,2
16885,17,504,403,2
16901,17,504,387,2
16918,17,504,392,2
16934,17,501,393,2
16951,17,498,396,2
16968,17,503,377,2
16984,17,498,402,2
17001,17,504,380,2
17018,17,500,387,2
17034,17,504,358,4
17051,17,504,376,2
17068,17,504,360,4
17084,17,498,385,2
17101,17,503,373,2
17117,17,502,371,2
17134,17,494,383,2
17151,17,498,374,2
17167,17,503,351,4
17184,17,498,364,4
17201,17,501,376,2
17217,17,495,369,2
17234,17,495,389,2
17251,17,495,393,2
17267,17,493,388,2
17284,17,546,368,2
17300,17,592,374,2
17317,17,621,363,0
17334,17,606,364,4
17350,17,610,374,2
17367,17,608,368,2
17384,17,614,384,2
17400,17,606,398,2
17417,17,605,348,4
17434,17,606,387,2
17450,17,602,379,2
17467,17,599,368,2
17483,17,603,360,4
17500,17,603,358,4
17517,17,595,353,4
17533,17,593,342,4
17550,17,605,350,4
17567,17,604,370,2
17583,17,602,369,2
17600,17,604,369,2
17617,17,601,357,4
17633,17,602,360,4
17650,17,617,363,0
17666,17,614,346,0
17683,17,556,340,4
17700,17,604,367,2
17716,17,601,366,2
17733,17,603,369,2
17750,17,600,372,2
17766,17,604,349,4
17783,17,632,303,0
17800,17,646,339,0
17816,17,651,273,0
17833,17,655,285,0
17849,17,653,289,0
17866,17,656,293,0
17883,17,654,289,0
17899,17,655,260,0
17916,17,651,299,0
17933,17,652,266,0
17949,17,654,265,0
17966,17,652,295,0
17982,17,653,269,0
17999,17,651,294,0
18016,17,654,298,0
18032,17,652,270,0
18049,17,645,299,0
18066,17,655,265,0
18082,17,652,318,0
18099,17,646,290,0
18116,17,646,300,0
18132,17,655,291,0
18149,17,648,314,0
18165,17,647,292,0
18182,17,648,295,0
18199,17,648,280,0
18215,17,648,296,0
18232,17,644,319,0
18249,17,648,289,0
18265,17,652,299,0
18282,17,650,324,0
18299,17,658,269,0
18315,17,649,293,0
18332,17,651,321,0
18348,17,630,313,0
18365,17,555,380,2
18382,17,535,430,3
18398,17,534,382,2
18415,17,549,399,2
18432,17,512,421,5
18448,17,526,409,2
18465,17,530,399,2
18482,17,538,385,2
18498,17,542,417,5
18515,17,537,409,2
18531,17,516,410,2
18548,17,531,402,2
18565,17,534,427,3
18581,17,533,407,2
18598,17,552,416,2
18615,17,531,388,2
18631,17,565,1028,0
18814,183,543,709,3
18831,17,541,372,2
18848,17,551,231,1
18864,17,536,580,3
18881,17,533,536,3
18897,17,547,423,3
18914,17,550,397,2
18931,17,538,402,2
18947,17,548,348,4
18964,17,552,388,2
18981,17,547,378,2
18997,17,523,389,2
19014,17,531,375,2
19030,17,531,390,2
19047,17,538,411,2
19064,17,533,396,2
19080,17,530,400,2
19097,17,549,392,2
19114,17,530,403,2
19130,17,514,394,2
19147,17,512,411,2
19164,17,516,396,2
19180,17,518,390,2
19197,17,522,412,2
19213,17,505,412,2
19230,17,509,404,2
19247,17,519,366,2
19263,17,521,385,2
19280,17,510,420,5
19297,17,513,404,2
19313,17,516,392,2
19330,17,519,399,2
19347,17,513,416,2
19363,17,517,399,2
19380,17,516,394,2
19396,17,514,386,2
19413,17,519,389,2
19430,17,513,392,2
19446,17,521,383,2
19463,17,507,382,2
19480,17,528,377,2
19496,17,540,371,2
19513,17,533,367,2
19530,17,546,349,4
19546,17,542,360,4
19563,17,542,345,4
19579,17,541,329,4
19596,17,543,350,4
19613,17,539,365,2
19629,17,544,350,4
19646,17,550,370,2
19663,17,546,364,4
19679,17,571,372,2
19696,17,577,354,4
19713,17,575,339,4
19729,17,581,333,4
19746,17,578,362,4
19762,17,581,350,4
19779,17,576,350,4
19796,17,582,339,4
19812,17,582,370,2
19829,17,574,377,2
19846,17,579,346,4
19862,17,573,369,2
19879,17,566,364,4
19896,17,572,345,4
19912,17,570,342,4
19929,17,580,293,4
19945,17,569,253,1
19962,17,573,185,1
19979,17,571,207,1
19995,17,574,205,1
20012,17,578,210,1
20029,17,576,222,1
20045,17,574,220,1
20062,17,575,207,1
20079,17,563,233,1
20095,17,574,224,1
20112,17,570,230,1
20128,17,573,238,1
20145,17,577,213,1
20162,17,571,241,1
20178,17,579,192,1
20195,17,578,241,1
20212,17,567,251,1
20228,17,575,205,1
20245,17,568,214,1
20261,17,573,197,1
20278,17,571,217,1
20295,17,577,200,1
20311,17,572,207,1
20328,17,570,210,1
20345,17,569,233,1
20361,17,572,232,1
20378,17,571,237,1
20395,17,574,199,1
20411,17,572,209,1
20428,17,570,230,1
20444,17,572,226,1
20461,17,573,214,1
20478,17,573,245,1
20494,17,575,219,1
20511,17,572,216,1
20528,17,573,216,1
20544,17,572,232,1
20561,17,571,216,1
20578,17,570,246,1
20594,17,570,224,1
20611,17,570,229,1
20627,17,570,241,1
20644,17,569,208,1
20661,17,538,266,0
20677,17,527,318,4
20694,17,534,316,4
20711,17,527,324,4
20727,17,530,311,4
20744,17,531,313,4
20761,17,525,323,4
20777,17,530,339,4
20794,17,529,331,4
20810,17,530,316,4
20827,17,529,304,4
20844,17,532,334,4
20860,17,527,334,4
20877,17,525,335,4
20894,17,527,323,4
20910,17,522,345,4
20927,17,529,320,4
20944,17,527,358,4
20960,17,522,344,4
20977,17,528,340,4
20993,17,520,341,4
21010,17,523,340,4
21027,17,518,390,2
21043,17,534,402,2
21060,17,528,414,2
21077,17,520,403,2
21093,17,525,401,2
21110,17,521,382,2
21127,17,519,396,2
21143,17,519,392,2
21160,17,523,383,2
21176,17,520,392,2
21193,17,522,393,2
21210,17,523,404,2
21226,17,520,410,2
21243,17,449,426,3
21260,17,406,416,2
21276,17,406,425,3
21293,17,409,408,2
21309,17,405,433,3
21326,17,404,437,3
21343,17,412,431,3
21359,17,408,407,2
21376,17,402,420,3
21393,17,407,423,3
21409,17,402,422,3
21426,17,401,434,3
21443,17,407,420,3
21459,17,421,409,2
21476,17,385,425,3
21492,17,389,405,2
21509,17,377,416,2
21526,17,373,414,2
21542,17,372,426,3
21559,17,385,425,3
21576,17,383,429,3
21592,17,361,436,3
21609,17,386,403,2
21626,17,373,431,3
21642,17,372,420,3
21659,17,365,426,3
21675,17,450,422,3
21692,17,500,443,3
21709,17,490,435,3
21725,17,503,443,3
21742,17,504,444,3
21759,17,507,404,2
21775,17,506,431,3
21792,17,493,441,3
21809,17,506,452,3
21825,17,525,465,3
21842,17,515,427,3
21858,17,506,432,3
21875,17,501,455,3
21892,17,505,422,3
21908,17,511,415,2
21925,17,510,429,3
21942,17,515,431,3
21958,17,506,453,3
21975,17,509,448,3
21992,17,506,438,3
22008,17,508,439,3
22025,17,510,435,3
22041,17,529,418,5
22058,17,533,443,3
22075,17,532,439,3
22091,17,530,442,3
22108,17,552,424,3
22125,17,523,430,3
22141,17,539,427,3
22158,17,530,428,3
22175,17,533,406,2
22191,17,534,439,3
22208,17,535,433,3
22224,17,557,437,3
22241,17,535,427,3
22258,17,530,434,3
22274,17,535,417,5
22291,17,535,414,2
22308,17,534,416,2
22324,17,534,403,2
22341,17,533,438,3
22358,17,533,435,3
22374,17,530,445,3
22391,17,535,408,2
22407,17,532,408,2
22424,17,536,403,2
22441,17,533,409,2
22457,17,526,411,2
22474,17,528,410,2
22491,17,525,405,2
22507,17,523,372,2
22524,17,528,391,2
22540,17,521,345,4
22557,17,523,383,2
22574,17,527,367,2
22590,17,519,355,4
22607,17,521,377,2
22624,17,523,389,2
22640,17,524,419,5
22657,17,519,387,2
22674,17,529,376,2
22690,17,524,396,2
22707,17,522,400,2
22723,17,521,395,2
22740,17,526,374,2
22757,17,532,400,2
22773,17,539,377,2
22790,17,534,363,4
22807,17,535,347,4
22823,17,539,376,2
22840,17,544,370,2
22857,17,535,378,2
22873,17,540,376,2
22890,17,537,377,2
22906,17,541,360,4
22923,17,539,384,2
22940,17,541,334,4
22956,17,527,355,4
22973,17,522,349,4
22990,17,528,338,4
23006,17,534,347,4
23023,17,534,322,4
23040,17,529,329,4
23056,17,532,344,4
23073,17,532,344,4
23089,17,532,335,4
23106,17,527,330,4
23123,17,530,340,4
23139,17,526,338,4
23156,17,524,329,4
23173,17,511,361,4
23189,17,524,349,4
23206,17,523,347,4
23223,17,522,334,4
23239,17,522,349,4
23256,17,526,347,4
23272,17,521,344,4
23289,17,524,352,4
23306,17,521,370,2
23322,17,524,330,4
23339,17,529,323,4
23356,17,520,350,4
23372,17,530,360,4
23389,17,526,353,4
23406,17,529,338,4
23422,17,526,348,4
23439,17,526,324,4
23455,17,521,373,2
23472,17,530,360,4
23489,17,526,351,4
23505,17,527,360,4
23522,17,523,332,4
23539,17,536,334,4
23555,17,570,322,4
23572,17,571,328,4
23588,17,571,299,4
23605,17,572,314,4
23622,17,570,340,4
23638,17,575,313,4
23655,17,574,334,4
23672,17,580,302,4
23688,17,571,312,4
23705,17,576,288,4
23722,17,571,304,4
23738,17,570,305,4
23755,17,578,300,4
23771,17,571,307,4
23788,17,575,286,0
23805,17,571,325,4
23821,17,578,334,4
23838,17,573,346,4
23855,17,575,317,4
23871,17,587,343,4
23888,17,591,332,4
23905,17,588,339,4
23921,17,589,342,4
23938,17,590,339,4
23954,17,588,342,4
23971,17,592,346,4
23988,17,602,320,4
24004,17,603,338,4
24021,17,602,332,4
24038,17,602,301,4
24054,17,609,332,4
24071,17,611,334,4
24088,17,608,327,4
24104,17,603,320,4
24121,17,604,343,4
24137,17,607,335,4
24154,17,609,309,4
24171,17,603,309,4
24187,17,606,300,4
24204,17,604,281,0
24221,17,606,304,4
24237,17,568,381,2
24254,17,558,423,3
24271,17,556,426,3
24287,17,558,404,2
24304,17,556,410,2
24320,17,552,398,2
24337,17,553,418,5
24354,17,556,450,3
24370,17,568,442,3
24387,17,554,431,3
24404,17,556,423,3
24420,17,555,434,3
24437,17,553,429,3
24454,17,561,450,3
24470,17,550,449,3
24487,17,560,424,3
24503,17,538,460,3
24520,17,550,415,2
24537,17,542,466,3
24553,17,541,437,3
24570,17,534,442,3
24587,17,550,443,3
24603,17,550,437,3
24620,17,548,442,3
24637,17,541,420,5
24653,17,540,454,3
24670,17,543,440,3
24686,17,546,459,3
24703,17,536,445,3
24720,17,542,460,3
24736,17,550,428,3
24753,17,545,435,3
24770,17,553,449,3
24786,17,562,438,3
24803,17,544,434,3
24819,17,545,446,3
24836,17,541,452,3
24853,17,541,467,3
24869,17,546,458,3
24886,17,544,470,3
24903,17,546,464,3
24919,17,543,457,3
24936,17,545,476,3
24953,17,548,442,3
24969,17,538,451,3
24986,17,536,446,3
25002,17,539,446,3
25019,17,533,468,3
25036,17,517,468,3
25052,17,537,410,2
25069,17,538,435,3
25086,17,523,453,3
25102,17,519,470,3
25119,17,523,462,3
25136,17,528,493,3
25152,17,532,482,3
25169,17,524,458,3
25185,17,528,455,3
25202,17,529,424,3
25219,17,532,445,3
25235,17,531,446,3
25252,17,526,478,3
25269,17,527,453,3
25285,17,530,445,3
25302,17,527,433,3
25319,17,528,460,3
25335,17,528,458,3
25352,17,530,450,3
25368,17,525,452,3
25385,17,526,423,3
25402,17,528,437,3
25418,17,542,448,3
25435,17,544,429,3
25452,17,545,434,3
25468,17,547,429,3
25485,17,547,442,3
25502,17,541,436,3
25518,17,541,458,3
25535,17,542,444,3
25551,17,540,447,3
25568,17,539,439,3
25585,17,545,423,3
25601,17,543,412,2
25618,17,544,436,3
25635,17,543,443,3
25651,17,539,437,3
25668,17,544,426,3
25685,17,544,436,3
25701,17,538,426,3
25718,17,540,429,3
25734,17,553,420,5
25751,17,554,429,3
25768,17,556,435,3
25784,17,556,437,3
25801,17,554,421,5
25818,17,557,422,3
25834,17,559,433,3
25851,17,558,410,2
25868,17,556,422,3
25884,17,556,409,2
25901,17,560,407,2
25917,17,559,399,2
25934,17,558,424,3
25951,17,556,420,5
25967,17,561,405,2
25984,17,554,437,3
26001,17,553,432,3
26017,17,554,425,3
26034,17,557,433,3
26050,17,560,431,3
26067,17,557,435,3
26084,17,553,458,3
26100,17,553,439,3
26117,17,552,425,3
26134,17,556,416,2
26150,17,558,431,3
26167,17,526,439,3
26184,17,530,443,3
26200,17,528,466,3
26217,17,529,452,3
26233,17,534,429,3
26250,17,535,423,3
26267,17,531,431,3
26283,17,527,419,5
26300,17,532,432,3
26317,17,533,451,3
26333,17,529,440,3
26350,17,535,432,3
26367,17,529,417,5
26383,17,527,426,3
26400,17,525,439,3
26416,17,532,442,3
26433,17,529,445,3
26450,17,524,439,3
26466,17,525,429,3
26483,17,524,478,3
26500,17,521,513,3
26516,17,573,986,0
26733,216,647,962,0
26749,17,543,586,3
26766,17,551,534,3
26782,17,553,428,3
26799,17,557,296,4
26816,17,555,355,4
26832,17,561,376,2
26849,17,562,383,2
26866,17,560,369,2
26882,17,570,373,2
26899,17,560,353,4
26916,17,562,359,4
26932,17,563,353,4
26949,17,560,372,2
26965,17,561,360,4
26982,17,555,358,4
26999,17,560,347,4
27015,17,558,368,2
27032,17,558,320,4
27049,17,560,355,4
27065,17,562,355,4
27082,17,560,357,4
27098,17,558,362,4
27115,17,560,378,2
27132,17,558,390,2
27148,17,560,357,4
27165,17,555,376,2
27182,17,555,375,2
27198,17,554,373,2
27215,17,552,377,2
27232,17,561,365,2
27248,17,559,373,2
27265,17,555,371,2
27281,17,559,371,2
27298,17,556,363,4
27315,17,556,371,2
27331,17,562,363,4
27348,17,562,375,2
27365,17,559,364,4
27381,17,557,378,2
27398,17,564,364,4
27415,17,560,330,4
27431,17,555,369,2
27448,17,557,341,4
27464,17,557,381,2
27481,17,556,411,2
27498,17,559,366,2
27514,17,553,343,4
27531,17,556,366,2
27548,17,558,367,2
27564,17,557,373,2
27581,17,557,387,2
27598,17,558,377,2
27614,17,554,388,2
27631,17,554,379,2
27647,17,543,394,2
27664,17,533,384,2
27681,17,541,379,2
27697,17,534,362,4
27714,17,541,378,2
27731,17,542,352,4
27747,17,539,378,2
27764,17,542,393,2
27781,17,537,388,2
27797,17,536,388,2
27814,17,534,394,2
27830,17,538,379,2
27847,17,539,395,2
27864,17,538,387,2
27880,17,543,356,4
27897,17,536,360,4
27914,17,555,393,2
27930,17,547,387,2
27947,17,552,388,2
27964,17,553,420,5
27980,17,553,410,2
27997,17,553,410,2
28013,17,552,394,2
28030,17,547,377,2
28047,17,554,373,2
28063,17,548,373,2
28080,17,554,394,2
28097,17,542,378,2
28113,17,547,271,0
28130,17,560,244,1
28147,17,558,225,1
28163,17,557,230,1
28180,17,564,235,1
28196,17,557,243,1
28213,17,560,231,1
28230,17,558,249,1
28246,17,558,240,1
28263,17,557,219,1
28280,17,558,213,1
28296,17,555,221,1
28313,17,555,218,1
28329,17,558,210,1
28346,17,556,198,1
28363,17,563,206,1
28379,17,552,195,1
28396,17,561,192,1
28413,17,562,206,1
28429,17,556,198,1
28446,17,571,210,1
28463,17,567,215,1
28479,17,558,212,1
28496,17,562,195,1
28512,17,566,186,1
28529,17,563,213,1
28546,17,562,200,1
28562,17,570,178,1
28579,17,564,174,1
28596,17,563,168,1
28612,17,558,198,1
28629,17,564,199,1
28646,17,565,208,1
28662,17,559,214,1
28679,17,563,210,1
28695,17,559,180,1
28712,17,561,191,1
28729,17,556,199,1
28745,17,560,316,4
28762,17,560,307,4
28779,17,562,321,4
28795,17,563,326,4
28812,17,562,317,4
28829,17,561,320,4
28845,17,563,338,4
28862,17,558,339,4
28878,17,558,349,4
28895,17,555,377,2
28912,17,560,364,4
28928,17,559,356,4
28945,17,555,381,2
28962,17,556,354,4
28978,17,556,364,4
28995,17,560,361,4
29012,17,555,377,2
29028,17,551,370,2
29045,17,559,368,2
29061,17,557,361,4
29078,17,554,374,2
29095,17,562,362,4
29111,17,557,374,2
29128,17,559,387,2
29145,17,555,369,2
29161,17,557,390,2
29178,17,560,377,2
29195,17,556,368,2
29211,17,575,336,4
29228,17,586,353,4
29244,17,589,331,4
29261,17,591,335,4
29278,17,587,342,4
29294,17,585,354,4
29311,17,586,350,4
29328,17,589,336,4
29344,17,590,336,4
29361,17,588,347,4
29377,17,585,351,4
29394,17,587,341,4
29411,17,584,319,4
29427,17,590,331,4
29444,17,585,331,4
29461,17,590,310,4
29477,17,589,309,4
29494,17,586,306,4
29511,17,590,294,4
29527,17,585,340,4
29544,17,588,317,4
29560,17,593,304,4
29577,17,591,285,0
29594,17,593,300,4
29610,17,605,299,4
29627,17,603,318,4
29644,17,606,329,4
29660,17,601,322,4
29677,17,601,306,4
29694,17,605,299,4
29710,17,603,342,4
29727,17,605,327,4
29743,17,607,320,4
29760,17,605,313,4
29777,17,602,334,4
29793,17,605,341,4
29810,17,604,320,4
29827,17,604,326,4
29843,17,606,285,0
29860,17,610,283,0
29877,17,610,256,1
29893,17,599,280,0
29910,17,610,272,0
29926,17,604,304,4
29943,17,611,283,0
29960,17,604,327,4
29976,17,608,314,4
29993,17,596,312,4
30010,17,543,303,4
30026,17,510,327,4
30043,17,514,330,4
30060,17,517,340,4
30076,17,522,333,4
30093,17,513,350,4
30109,17,515,334,4
30126,17,521,299,4
30143,17,520,319,4
30159,17,517,319,4
30176,17,527,308,4
30193,17,512,327,4
30209,17,504,329,4
30226,17,496,311,4
30243,17,496,330,4
30259,17,498,320,4
30276,17,506,321,4
30292,17,501,333,4
30309,17,498,313,4
30326,17,501,308,4
30342,17,499,337,4
30359,17,494,350,4
30376,17,500,328,4
30392,17,501,300,4
30409,17,498,279,0
30426,17,495,307,4
30442,17,498,320,4
30459,17,493,312,4
30475,17,493,322,4
30492,17,499,319,4
30509,17,509,293,4
30525,17,500,332,4
30542,17,500,308,4
30559,17,500,312,4
30575,17,481,308,4
30592,17,489,304,4
30608,17,488,310,4
30625,17,487,302,4
30642,17,487,302,4
30658,17,490,351,4
30675,17,498,370,2
30692,17,572,935,0
30875,183,644,948,0
30891,17,554,401,2
30908,17,550,402,2
30925,17,545,457,3
30941,17,551,414,2
30958,17,554,331,4
30974,17,552,332,4
30991,17,556,359,4
31008,17,552,368,2
31024,17,554,354,4
31041,17,556,376,2
31058,17,550,326,4
31074,17,549,346,4
31091,17,552,369,2
31108,17,551,368,2
31124,17,553,403,2
31141,17,551,363,4
31157,17,550,377,2
31174,17,552,365,2
31191,17,544,377,2
31207,17,544,366,2
31224,17,545,382,2
31241,17,549,386,2
31257,17,546,364,4
31274,17,549,358,4
31291,17,549,390,2
31307,17,554,382,2
31324,17,543,382,2
31340,17,545,377,2
31357,17,542,368,2
31374,17,540,365,2
31390,17,540,369,2
31407,17,539,400,2
31424,17,546,372,2
31440,17,535,360,4
31457,17,543,381,2
31474,17,536,368,2
31490,17,544,344,4
31507,17,542,360,4
31523,17,538,380,2
31540,17,544,377,2
31557,17,544,377,2
31573,17,559,334,4
31590,17,558,343,4
31607,17,563,320,4
31623,17,561,306,4
31640,17,561,301,4
31656,17,563,339,4
31673,17,563,341,4
31690,17,566,348,4
31706,17,558,356,4
31723,17,561,367,2
31740,17,583,308,4
31756,17,596,310,4
31773,17,597,334,4
31790,17,600,314,4
31806,17,598,320,4
31823,17,596,335,4
31839,17,599,328,4
31856,17,597,300,4
31873,17,598,296,4
31889,17,592,334,4
31906,17,594,325,4
31923,17,601,329,4
31939,17,599,324,4
31956,17,597,315,4
31973,17,597,336,4
31989,17,602,331,4
32006,17,599,337,4
32022,17,599,303,4
32039,17,594,355,4
32056,17,595,324,4
32072,17,595,342,4
32089,17,596,324,4
32106,17,592,357,4
32122,17,595,360,4
32139,17,647,404,2
32156,17,640,417,2
32172,17,641,487,3
32189,17,639,480,3
32205,17,644,455,3
32222,17,636,451,3
32239,17,623,458,3
32255,17,634,457,3
32272,17,623,447,3
32289,17,641,461,3
32305,17,625,453,3
32322,17,639,435,3
32339,17,640,433,3
32355,17,629,454,3
32372,17,639,453,3
32388,17,647,474,3
32405,17,633,453,3
32422,17,638,447,3
32438,17,642,453,3
32455,17,636,457,3
32472,17,643,449,3
32488,17,658,437,3
32505,17,642,457,3
32522,17,638,450,3
32538,17,637,447,3
32555,17,588,448,3
32571,17,543,461,3
32588,17,552,472,3
32605,17,546,454,3
32621,17,530,445,3
32638,17,560,438,3
32655,17,542,461,3
32671,17,550,446,3
32688,17,553,445,3
32705,17,551,452,3
32721,17,560,437,3
32738,17,554,435,3
32754,17,555,434,3
32771,17,545,448,3
32788,17,546,423,3
32804,17,542,441,3
32821,17,546,437,3
32838,17,540,388,2
32854,17,568,304,4
32871,17,586,300,4
32887,17,595,304,4
32904,17,589,288,4
32921,17,595,303,4
32937,17,590,278,0
32954,17,593,287,0
32971,17,592,295,4
32987,17,596,291,4
33004,17,592,286,0
33021,17,593,297,4
33037,17,588,248,1
33054,17,587,280,0
33070,17,591,291,4
33087,17,593,271,0
33104,17,591,271,0
33120,17,592,273,0
33137,17,591,264,0
33154,17,593,286,0
33170,17,594,275,0
33187,17,601,294,4
33204,17,659,230,1
33220,17,660,274,0
33237,17,688,268,0
33253,17,706,239,1
33270,17,698,255,1
33287,17,697,267,0
33303,17,691,269,0
33320,17,704,264,0
33337,17,700,258,1
33353,17,705,240,1
33370,17,698,260,0
33387,17,654,309,0
33403,17,693,256,1
33420,17,697,274,0
33436,17,695,279,0
33453,17,696,257,1
33470,17,692,229,1
33486,17,691,255,1
33503,17,698,244,1
33520,17,694,265,0
33536,17,731,279,0
33553,17,717,289,0
33570,17,719,290,0
33586,17,720,310,0
33603,17,717,305,0
33619,17,717,307,0
33636,17,719,284,0
33653,17,715,306,0
33669,17,709,293,0
33686,17,714,340,0
33703,17,718,297,0
33719,17,713,320,0
33736,17,714,313,0
33753,17,723,275,0
33769,17,704,323,0
33786,17,714,339,0
33802,17,713,321,0
33819,17,730,343,0
33836,17,728,328,0
33852,17,739,354,0
33869,17,748,308,0
33886,17,726,344,0
33902,17,738,337,0
33919,17,735,313,0
33936,17,732,348,0
33952,17,744,393,2
33969,17,724,339,0
33985,17,735,344,0
34002,17,722,384,2
34019,17,727,358,0
34035,17,666,293,0
34052,17,629,311,0
34069,17,637,295,0
34085,17,635,315,0
34102,17,633,298,0
34118,17,638,274,0
34135,17,635,315,0
34152,17,631,279,0
34168,17,634,319,0
34185,17,637,311,0
34202,17,634,281,0
34218,17,640,312,0
34235,17,636,289,0
34252,17,634,272,0
34268,17,637,272,0
34285,17,590,322,4
34301,17,579,271,0
34318,17,574,309,4
34335,17,583,303,4
34351,17,578,299,4
34368,17,582,277,0
34385,17,579,288,4
34401,17,582,299,4
34418,17,586,313,4
34435,17,586,319,4
34451,17,577,324,4
34468,17,579,293,4
34484,17,574,332,4
34501,17,579,314,4
34518,17,573,319,4
34534,17,571,309,4
34551,17,572,321,4
34568,17,575,341,4
34584,17,565,522,3
34601,17,545,549,3
34767,166,649,1023,0
34784,17,714,774,0
34801,17,553,614,3
34817,17,558,512,3
34834,17,558,385,2
34850,17,555,285,0
34867,17,554,216,1
34884,17,563,251,1
34900,17,563,317,4
34917,17,555,335,4
34934,17,564,316,4
34950,17,558,338,4
34967,17,561,322,4
34984,17,560,337,4
35000,17,556,342,4
35017,17,553,321,4
35033,17,553,348,4
35050,17,557,332,4
35067,17,555,349,4
35083,17,552,333,4
35100,17,549,337,4
35117,17,559,329,4
35133,17,556,343,4
35150,17,558,351,4
35166,17,559,349,4
35183,17,555,349,4
35200,17,554,294,4
35216,17,553,328,4
35233,17,557,351,4
35250,17,557,328,4
35266,17,550,315,4
35283,17,552,346,4
35300,17,561,321,4
35316,17,553,332,4
35333,17,556,329,4
35349,17,552,329,4
35366,17,554,340,4
35383,17,543,349,4
35399,17,551,340,4
35416,17,557,316,4
35433,17,552,321,4
35449,17,554,333,4
35466,17,548,337,4
35483,17,548,335,4
35499,17,555,349,4
35516,17,545,365,2
35532,17,551,336,4
35549,17,552,341,4
35566,17,550,327,4
35582,17,552,351,4
35599,17,552,343,4
35616,17,554,357,4
35632,17,541,402,2
35649,17,536,414,2
35666,17,536,421,5
35682,17,545,431,3
35699,17,550,424,3
35715,17,542,425,3
35732,17,544,407,2
35749,17,536,432,3
35765,17,545,419,5
35782,17,538,378,2
35799,17,535,416,2
35815,17,538,413,2
35832,17,536,438,3
35849,17,531,423,3
35865,17,535,421,5
35882,17,539,421,5
35898,17,535,428,3
35915,17,542,381,2
35932,17,540,417,5
35948,17,546,411,2
35965,17,534,418,5
35982,17,534,401,2
35998,17,534,418,5
36015,17,538,420,5
36032,17,541,429,3
36048,17,535,415,2
36065,17,540,452,3
36081,17,535,478,3
36098,17,532,471,3
36115,17,533,453,3
36131,17,533,466,3
36148,17,535,498,3
36165,17,538,452,3
36181,17,531,460,3
36198,17,535,458,3
36215,17,527,450,3
36231,17,533,438,3
36248,17,526,467,3
36264,17,528,485,3
36281,17,536,456,3
36298,17,517,464,3
36314,17,524,470,3
36331,17,539,474,3
36348,17,531,456,3
36364,17,533,448,3
36381,17,521,416,2
36397,17,529,358,4
36414,17,530,364,4
36431,17,529,374,2
36447,17,526,379,2
36464,17,531,369,2
36481,17,533,360,4
36497,17,532,357,4
36514,17,531,349,4
36531,17,534,358,4
36547,17,535,369,2
36564,17,537,337,4
36580,17,534,340,4
36597,17,531,366,2
36614,17,534,354,4
36630,17,536,354,4
36647,17,533,354,4
36664,17,536,370,2
36680,17,542,360,4
36697,17,549,327,4
36714,17,551,330,4
36730,17,547,347,4
36747,17,552,342,4
36763,17,551,344,4
36780,17,553,349,4
36797,17,551,340,4
36813,17,553,377,2
36830,17,554,362,4
36847,17,554,358,4
36863,17,551,357,4
36880,17,555,354,4
36897,17,550,344,4
36913,17,556,340,4
36930,17,553,372,2
36946,17,553,343,4
36963,17,550,324,4
36980,17,554,338,4
36996,17,553,362,4
37013,17,549,347,4
37030,17,550,355,4
37046,17,551,341,4
37063,17,545,361,4
37080,17,549,374,2
37096,17,555,337,4
37113,17,554,355,4
37129,17,545,405,2
37146,17,554,362,4
37163,17,549,344,4
37179,17,549,329,4
37196,17,549,319,4
37213,17,556,298,4
37229,17,560,349,4
37246,17,560,328,4
37263,17,558,297,4
37279,17,559,298,4
37296,17,561,286,0
37312,17,561,315,4
37329,17,560,297,4
37346,17,562,274,0
37362,17,568,238,1
37379,17,568,221,1
37396,17,567,238,1
37412,17,565,228,1
37429,17,571,238,1
37445,17,567,210,1
37462,17,572,217,1
37479,17,566,218,1
37495,17,568,213,1
37512,17,571,219,1
37529,17,573,221,1
37545,17,570,241,1
37562,17,573,181,1
37579,17,563,230,1
37595,17,571,229,1
37612,17,571,251,1
37628,17,569,224,1
37645,17,567,217,1
37662,17,572,241,1
37678,17,575,213,1
37695,17,562,221,1
37712,17,570,232,1
37728,17,574,233,1
37745,17,573,221,1
37762,17,569,250,1
37778,17,569,223,1
37795,17,569,234,1
37811,17,569,220,1
37828,17,575,218,1
37845,17,580,242,1
37861,17,573,238,1
37878,17,575,225,1
37895,17,574,243,1
37911,17,567,231,1
37928,17,561,276,0
37945,17,565,276,0
37961,17,559,312,4
37978,17,559,285,0
37994,17,559,284,0
38011,17,561,298,4
38028,17,564,268,0
38044,17,563,282,0
38061,17,561,291,4
38078,17,570,271,0
38094,17,560,310,4
38111,17,564,294,4
38128,17,568,294,4
38144,17,566,303,4
38161,17,563,256,1
38177,17,567,210,1
38194,17,573,209,1
38211,17,562,209,1
38227,17,568,243,1
38244,17,572,228,1
38261,17,568,236,1
38277,17,569,236,1
38294,17,570,252,1
38311,17,570,221,1
38327,17,572,199,1
38344,17,569,197,1
38360,17,570,234,1
38377,17,570,225,1
38394,17,571,231,1
38410,17,567,209,1
38427,17,572,233,1
38444,17,566,216,1
38460,17,567,225,1
38477,17,559,211,1
38494,17,564,227,1
38510,17,563,213,1
38527,17,565,251,1
38543,17,562,250,1
38560,17,568,204,1
38577,17,564,223,1
38593,17,567,243,1
38610,17,563,252,1
38627,17,563,239,1
38643,17,594,588,3
38893,250,544,537,3
38909,17,537,506,3
38926,17,640,996,0
38943,17,535,462,3
38959,17,553,621,3
38976,17,547,557,3
38993,17,556,450,3
39009,17,555,430,3
39026,17,555,416,2
39042,17,558,401,2
39059,17,571,391,2
39076,17,559,422,3
39092,17,561,349,4
39109,17,555,405,2
39126,17,556,391,2
39142,17,558,364,4
39159,17,557,429,3
39176,17,559,422,3
39192,17,560,417,5
39209,17,528,414,2
39225,17,555,430,3
39242,17,559,415,2
39259,17,556,442,3
39275,17,557,410,2
39292,17,563,440,3
39309,17,561,449,3
39325,17,556,443,3
39342,17,562,431,3
39359,17,565,467,3
39375,17,542,424,3
39392,17,541,369,2
39408,17,542,408,2
39425,17,546,396,2
39442,17,547,387,2
39458,17,547,410,2
39475,17,541,406,2
39492,17,541,392,2
39508,17,546,414,2
39525,17,547,411,2
39542,17,529,426,3
39558,17,540,415,2
39575,17,540,393,2
39591,17,536,416,2
39608,17,539,428,3
39625,17,548,401,2
39641,17,546,404,2
39658,17,541,398,2
39675,17,544,422,3
39691,17,571,375,2
39708,17,595,346,4
39724,17,597,374,2
39741,17,593,352,4
39758,17,592,351,4
39774,17,594,348,4
39791,17,597,355,4
39808,17,590,316,4
39824,17,597,329,4
39841,17,598,301,4
39858,17,595,307,4
39874,17,597,312,4
39891,17,597,297,4
39907,17,590,332,4
39924,17,596,314,4
39941,17,593,347,4
39957,17,599,328,4
39974,17,594,319,4
39991,17,591,326,4
40007,17,596,324,4
40024,17,597,284,0
40041,17,596,285,0
40057,17,598,324,4
40074,17,589,301,4
40090,17,593,323,4
40107,17,620,304,0
40124,17,619,324,0
40140,17,627,361,0
40157,17,626,329,0
40174,17,622,332,0
40190,17,620,306,0
40207,17,619,333,0
40224,17,623,319,0
40240,17,620,332,0
40257,17,619,307,0
40273,17,619,324,0
40290,17,621,305,0
40307,17,631,289,0
40323,17,695,339,0
40340,17,760,315,0
40357,17,737,340,0
40373,17,746,324,0
40390,17,735,333,0
40407,17,743,328,0
40423,17,753,335,0
40440,17,749,389,2
40456,17,741,324,0
40473,17,741,366,2
40490,17,740,338,0
40506,17,742,312,0
40523,17,739,355,0
40540,17,741,363,0
40556,17,738,340,0
40573,17,743,335,0
40590,17,746,325,0
40606,17,747,320,0
40623,17,745,319,0
40639,17,742,339,0
40656,17,737,361,0
40673,17,738,347,0
40689,17,736,345,0
40706,17,743,328,0
40723,17,721,371,2
40739,17,712,355,0
40756,17,709,345,0
40773,17,711,348,0
40789,17,707,329,0
40806,17,712,354,0
40822,17,718,317,0
40839,17,738,313,0
40856,17,723,324,0
40872,17,715,338,0
40889,17,722,363,0
40906,17,715,351,0
40922,17,718,357,0
40939,17,711,355,0
40955,17,718,327,0
40972,17,713,360,0
40989,17,716,322,0
41005,17,709,346,0
41022,17,722,379,2
41039,17,698,352,0
41055,17,725,323,0
41072,17,734,330,0
41089,17,729,349,0
41105,17,719,380,2
41122,17,720,338,0
41138,17,711,311,0
41155,17,716,341,0
41172,17,729,316,0
41188,17,724,328,0
41205,17,726,339,0
41222,17,716,339,0
41238,17,723,364,0
41255,17,713,335,0
41272,17,726,346,0
41288,17,731,330,0
41305,17,725,342,0
41321,17,679,347,0
41338,17,702,338,0
41355,17,687,340,0
41371,17,676,362,0
41388,17,687,328,0
41405,17,687,355,0
41421,17,672,317,0
41438,17,680,352,0
41455,17,678,323,0
41471,17,683,308,0
41488,17,682,355,0
41504,17,676,373,2
41521,17,687,340,0
41538,17,639,335,0
41554,17,611,346,4
41571,17,625,321,0
41588,17,614,341,0
41604,17,619,363,0
41621,17,623,375,2
41638,17,612,337,4
41654,17,622,372,2
41671,17,625,339,0
41687,17,615,350,0
41704,17,615,330,0
41721,17,617,340,0
41737,17,614,344,0
41754,17,619,352,0
41771,17,607,348,4
41787,17,621,347,0
41804,17,618,349,0
41821,17,617,367,2
41837,17,617,369,2
41854,17,588,388,2
41870,17,572,359,4
41887,17,572,393,2
41904,17,568,410,2
41920,17,574,400,2
41937,17,577,391,2
41954,17,570,402,2
41970,17,569,380,2
41987,17,576,383,2
42003,17,568,401,2
42020,17,573,370,2
42037,17,562,382,2
42053,17,572,396,2
42070,17,536,404,2
42087,17,548,404,2
42103,17,549,414,2
42120,17,554,416,2
42137,17,544,434,3
42153,17,546,429,3
42170,17,541,417,5
42186,17,543,409,2
42203,17,539,422,3
42220,17,547,440,3
42236,17,540,421,5
42253,17,542,430,3
42270,17,545,402,2
42286,17,538,388,2
42303,17,539,438,3
42320,17,539,396,2
42336,17,546,402,2
42353,17,546,436,3
42369,17,542,430,3
42386,17,539,427,3
42403,17,543,401,2
42419,17,536,424,3
42436,17,534,429,3
42453,17,507,457,3
42469,17,480,428,3
42486,17,482,422,3
42503,17,485,438,3
42519,17,477,413,2
42536,17,482,449,3
42552,17,480,434,3
42569,17,488,447,3
42586,17,487,441,3
42602,17,487,417,5
42619,17,481,433,3
42636,17,484,449,3
42652,17,484,426,3
42669,17,490,444,3
42686,17,492,441,3
42702,17,501,512,3
42719,17,475,1073,0
42918,200,607,949,0
42935,17,812,701,3
42952,17,531,571,3
42968,17,542,415,2
42985,17,535,349,4
43002,17,549,275,0
43018,17,545,332,4
43035,17,546,360,4
43052,17,546,361,4
43068,17,544,367,2
43085,17,548,323,4
43101,17,550,352,4
43118,17,545,350,4
43135,17,538,330,4
43151,17,555,340,4
43168,17,542,311,4
43185,17,549,339,4
43201,17,544,349,4
43218,17,540,342,4
43234,17,550,355,4
43251,17,546,369,2
43268,17,543,355,4
43284,17,546,379,2
43301,17,544,350,4
43318,17,547,359,4
43334,17,552,339,4
43351,17,548,361,4
43368,17,517,381,2
43384,17,532,378,2
43401,17,529,354,4
43417,17,521,387,2
43434,17,534,359,4
43451,17,524,364,4
43467,17,532,354,4
43484,17,526,348,4
43501,17,534,402,2
43517,17,524,376,2
43534,17,530,386,2
43551,17,526,366,2
43567,17,536,385,2
43584,17,528,356,4
43600,17,529,365,2
43617,17,530,392,2
43634,17,520,373,2
43650,17,521,329,4
43667,17,528,361,4
43684,17,527,331,4
43700,17,531,350,4
43717,17,528,332,4
43734,17,529,362,4
43750,17,569,367,2
43767,17,562,376,2
43783,17,564,374,2
43800,17,560,371,2
43817,17,562,375,2
43833,17,567,335,4
43850,17,572,317,4
43867,17,567,335,4
43883,17,562,349,4
43900,17,564,367,2
43917,17,562,362,4
43933,17,557,387,2
43950,17,562,377,2
43966,17,566,367,2
43983,17,564,390,2
44000,17,536,416,2
44016,17,554,416,2
44033,17,535,439,3
44050,17,543,426,3
44066,17,539,424,3
44083,17,549,399,2
44100,17,532,430,3
44116,17,544,428,3
44133,17,540,426,3
44149,17,542,441,3
44166,17,541,406,2
44183,17,537,428,3
44199,17,538,416,2
44216,17,529,403,2
44233,17,545,441,3
44249,17,547,397,2
44266,17,545,396,2
44282,17,557,357,4
44299,17,554,334,4
44316,17,555,318,4
44332,17,562,313,4
44349,17,557,330,4
44366,17,558,346,4
44382,17,559,336,4
44399,17,559,323,4
44416,17,560,333,4
44432,17,558,327,4
44449,17,562,328,4
44465,17,561,339,4
44482,17,563,331,4
44499,17,560,323,4
44515,17,556,358,4
44532,17,564,319,4
44549,17,564,348,4
44565,17,563,342,4
44582,17,566,314,4
44599,17,567,317,4
44615,17,560,338,4
44632,17,569,316,4
44648,17,570,303,4
44665,17,564,330,4
44682,17,567,343,4
44698,17,585,471,3
44715,17,605,510,3
44732,17,603,523,3
44748,17,602,529,3
44765,17,596,493,3
44782,17,600,495,3
44798,17,599,507,3
44815,17,613,526,3
44831,17,594,524,3
44848,17,589,516,3
44865,17,594,494,3
44881,17,599,522,3
44898,17,593,496,3
44915,17,611,489,3
44931,17,610,523,3
44948,17,570,540,3
44965,17,538,554,3
44981,17,530,554,3
44998,17,548,550,3
45014,17,541,518,3
45031,17,543,536,3
45048,17,530,543,3
45064,17,537,544,3
45081,17,532,524,3
45098,17,526,530,3
45114,17,536,553,3
45131,17,541,531,3
45148,17,540,523,3
45164,17,535,498,3
45181,17,539,504,3
45197,17,532,523,3
45214,17,540,543,3
45231,17,536,555,3
45247,17,538,538,3
45264,17,532,540,3
45281,17,537,494,3
45297,17,544,542,3
45314,17,539,516,3
45331,17,542,553,3
45347,17,530,542,3
45364,17,546,544,3
45380,17,536,541,3
45397,17,540,538,3
45414,17,545,521,3
45430,17,536,538,3
45447,17,543,517,3
45464,17,532,534,3
45480,17,541,527,3
45497,17,539,486,3
45513,17,548,508,3
45530,17,538,564,3
45547,17,539,545,3
45563,17,536,438,3
45580,17,535,462,3
45597,17,544,469,3
45613,17,540,468,3
45630,17,544,458,3
45647,17,542,460,3
45663,17,539,461,3
45680,17,542,452,3
45696,17,544,454,3
45713,17,547,451,3
45730,17,545,472,3
45746,17,541,468,3
45763,17,541,467,3
45780,17,539,471,3
45796,17,541,461,3
45813,17,552,443,3
45830,17,548,459,3
45846,17,545,467,3
45863,17,545,473,3
45879,17,541,459,3
45896,17,540,492,3
45913,17,541,462,3
45929,17,545,492,3
45946,17,544,467,3
45963,17,545,466,3
45979,17,539,461,3
45996,17,538,470,3
46013,17,535,474,3
46029,17,545,479,3
46046,17,542,460,3
46062,17,546,448,3
46079,17,543,457,3
46096,17,540,460,3
46112,17,542,488,3
46129,17,539,468,3
46146,17,540,466,3
46162,17,541,469,3
46179,17,536,457,3
46196,17,535,474,3
46212,17,539,477,3
46229,17,539,473,3
46245,17,538,432,3
46262,17,540,381,2
46279,17,543,401,2
46295,17,537,533,3
46312,17,634,725,3
46545,233,577,270,0
46562,17,520,548,3
46578,17,652,938,0
46595,17,525,542,3
46611,17,532,379,2
46628,17,508,704,3
46645,17,525,592,3
46661,17,532,567,3
46678,17,531,510,3
46695,17,530,481,3
46711,17,534,503,3
46728,17,537,470,3
46744,17,540,488,3
46761,17,530,466,3
46778,17,536,453,3
46794,17,539,430,3
46811,17,537,433,3
46828,17,542,401,2
46844,17,539,407,2
46861,17,538,427,3
46878,17,541,400,2
46894,17,541,349,4
46911,17,552,369,2
46927,17,542,360,4
46944,17,545,357,4
46961,17,531,377,2
46977,17,533,411,2
46994,17,540,370,2
47011,17,542,373,2
47027,17,537,433,3
47044,17,540,366,2
47061,17,537,395,2
47077,17,538,398,2
47094,17,541,449,3
47110,17,538,433,3
47127,17,539,423,3
47144,17,537,421,5
47160,17,537,459,3
47177,17,535,451,3
47194,17,536,449,3
47210,17,538,455,3
47227,17,535,445,3
47244,17,541,442,3
47260,17,535,432,3
47277,17,537,427,3
47293,17,533,441,3
47310,17,533,452,3
47327,17,530,450,3
47343,17,526,447,3
47360,17,529,438,3
47377,17,524,454,3
47393,17,526,441,3
47410,17,525,441,3
47427,17,528,475,3
47443,17,516,420,5
47460,17,526,454,3
47476,17,526,415,2
47493,17,525,429,3
47510,17,525,445,3
47526,17,518,434,3
47543,17,521,439,3
47560,17,530,418,5
47576,17,521,444,3
47593,17,525,435,3
47610,17,520,455,3
47626,17,526,438,3
47643,17,535,455,3
47659,17,529,420,5
47676,17,526,471,3
47693,17,535,453,3
47709,17,521,442,3
47726,17,518,472,3
47743,17,521,475,3
47759,17,525,463,3
47776,17,532,451,3
47792,17,518,476,3
47809,17,530,467,3
47826,17,542,378,2
47842,17,559,353,4
47859,17,560,366,2
47876,17,561,350,4
47892,17,562,369,2
47909,17,562,328,4
47926,17,564,346,4
47942,17,561,368,2
47959,17,561,355,4
47975,17,563,380,2
47992,17,558,348,4
48009,17,564,342,4
48025,17,565,335,4
48042,17,557,367,2
48059,17,566,356,4
48075,17,563,369,2
48092,17,562,377,2
48109,17,567,371,2
48125,17,561,340,4
48142,17,561,383,2
48158,17,563,349,4
48175,17,563,377,2
48192,17,565,332,4
48208,17,565,372,2
48225,17,563,343,4
48242,17,566,347,4
48258,17,561,382,2
48275,17,563,362,4
48292,17,566,335,4
48308,17,535,365,2
48325,17,533,355,4
48341,17,531,376,2
48358,17,535,370,2
48375,17,528,400,2
48391,17,533,385,2
48408,17,531,369,2
48425,17,534,389,2
48441,17,529,374,2
48458,17,527,369,2
48475,17,526,370,2
48491,17,525,388,2
48508,17,527,411,2
48524,17,526,377,2
48541,17,528,393,2
48558,17,525,393,2
48574,17,527,384,2
48591,17,537,379,2
48608,17,537,386,2
48624,17,536,387,2
48641,17,538,401,2
48658,17,539,420,5
48674,17,542,398,2
48691,17,537,412,2
48707,17,533,426,3
48724,17,546,415,2
48741,17,535,403,2
48757,17,535,379,2
48774,17,535,386,2
48791,17,533,383,2
48807,17,545,411,2
48824,17,537,444,3
48841,17,551,433,3
48857,17,554,438,3
48874,17,549,454,3
48890,17,554,444,3
48907,17,544,424,3
48924,17,554,419,5
48940,17,557,432,3
48957,17,551,414,2
48974,17,557,429,3
48990,17,550,408,2
49007,17,558,428,3
49023,17,551,407,2
49040,17,556,423,3
49057,17,555,432,3
49073,17,552,414,2
49090,17,579,378,2
49107,17,587,364,4
49123,17,585,363,4
49140,17,589,406,2
49157,17,581,378,2
49173,17,598,369,2
49190,17,582,377,2
49206,17,580,373,2
49223,17,580,373,2
49240,17,582,359,4
49256,17,579,363,4
49273,17,581,367,2
49290,17,648,397,2
49306,17,678,383,2
49323,17,670,403,2
49340,17,673,425,3
49356,17,677,410,2
49373,17,673,394,2
49389,17,671,395,2
49406,17,676,398,2
49423,17,673,389,2
49439,17,673,416,2
49456,17,665,385,2
49473,17,670,402,2
49489,17,677,412,2
49506,17,671,381,2
49523,17,671,407,2
49539,17,682,391,2
49556,17,682,409,2
49572,17,676,396,2
49589,17,677,428,3
49606,17,673,381,2
49622,17,681,377,2
49639,17,665,411,2
49656,17,676,374,2
49672,17,667,396,2
49689,17,671,399,2
49706,17,609,419,3
49722,17,570,421,3
49739,17,577,423,3
49755,17,580,412,2
49772,17,567,430,3
49789,17,562,424,3
49805,17,573,407,2
49822,17,579,428,3
49839,17,566,451,3
49855,17,562,446,3
49872,17,582,434,3
49889,17,573,424,3
49905,17,577,450,3
49922,17,571,436,3
49938,17,565,412,2
49955,17,570,417,2
49972,17,570,421,3
49988,17,566,435,3
50005,17,570,447,3
50022,17,567,433,3
50038,17,558,458,3
50055,17,581,426,3
50071,17,545,427,3
50088,17,570,443,3
50105,17,572,466,3
50121,17,564,447,3
50138,17,571,425,3
50155,17,575,413,2
50171,17,567,725,3
50421,250,525,644,3
50454,33,526,762,3
50471,17,568,301,4
50487,17,539,546,3
50504,17,543,615,3
50521,17,541,572,3
50537,17,551,517,3
50554,17,549,463,3
50571,17,544,406,2
50587,17,554,397,2
50604,17,546,351,4
50620,17,550,378,2
50637,17,552,307,4
50654,17,546,333,4
50670,17,553,384,2
50687,17,552,342,4
50704,17,558,328,4
50720,17,553,375,2
50737,17,551,355,4
50754,17,553,373,2
50770,17,557,368,2
50787,17,546,393,2
50803,17,558,400,2
50820,17,549,358,4
50837,17,540,395,2
50853,17,534,373,2
50870,17,544,405,2
50887,17,546,383,2
50903,17,546,415,2
50920,17,545,389,2
50937,17,547,392,2
50953,17,548,388,2
50970,17,544,405,2
50986,17,550,403,2
51003,17,545,399,2
51020,17,541,405,2
51036,17,545,402,2
51053,17,542,395,2
51070,17,543,405,2
51086,17,539,391,2
51103,17,548,376,2
51120,17,546,412,2
51136,17,543,392,2
51153,17,522,404,2
51169,17,523,359,4
51186,17,527,366,2
51203,17,518,374,2
51219,17,522,383,2
51236,17,522,360,4
51253,17,523,374,2
51269,17,525,365,2
51286,17,525,374,2
51302,17,519,386,2
51319,17,524,369,2
51336,17,526,378,2
51352,17,523,372,2
51369,17,524,354,4
51386,17,522,381,2
51402,17,529,367,2
51419,17,529,383,2
51436,17,522,379,2
51452,17,520,424,3
51469,17,524,386,2
51485,17,525,400,2
51502,17,525,377,2
51519,17,543,370,2
51535,17,546,355,4
51552,17,550,374,2
51569,17,544,382,2
51585,17,548,395,2
51602,17,548,391,2
51619,17,549,391,2
51635,17,543,384,2
51652,17,545,396,2
51668,17,550,389,2
51685,17,551,379,2
51702,17,543,375,2
51718,17,546,396,2
51735,17,550,374,2
51752,17,546,390,2
51768,17,547,414,2
51785,17,548,415,2
51802,17,550,397,2
51818,17,546,408,2
51835,17,551,399,2
51851,17,541,434,3
51868,17,526,416,2
51885,17,531,401,2
51901,17,529,380,2
51918,17,533,369,2
51935,17,526,398,2
51951,17,535,392,2
51968,17,526,378,2
51985,17,530,377,2
52001,17,532,383,2
52018,17,531,381,2
52034,17,529,386,2
52051,17,531,406,2
52068,17,533,400,2
52084,17,529,367,2
52101,17,534,362,4
52118,17,534,370,2
52134,17,533,342,4
52151,17,528,371,2
52168,17,529,353,4
52184,17,530,375,2
52201,17,532,395,2
52217,17,541,361,4
52234,17,559,341,4
52251,17,569,276,0
52267,17,574,288,4
52284,17,573,265,0
52301,17,580,266,0
52317,17,591,257,1
52334,17,590,214,1
52350,17,595,191,1
52367,17,593,186,1
52384,17,593,208,1
52400,17,590,233,1
52417,17,595,224,1
52434,17,596,195,1
52450,17,588,206,1
52467,17,589,167,1
52484,17,592,170,1
52500,17,586,216,1
52517,17,594,151,1
52533,17,591,151,1
52550,17,589,199,1
52567,17,591,215,1
52583,17,592,177,1
52600,17,588,210,1
52617,17,589,203,1
52633,17,587,199,1
52650,17,588,226,1
52667,17,591,189,1
52683,17,590,219,1
52700,17,584,212,1
52716,17,586,176,1
52733,17,585,176,1
52750,17,589,202,1
52766,17,585,202,1
52783,17,588,180,1
52800,17,583,209,1
52816,17,603,306,4
52833,17,601,345,4
52850,17,605,342,4
52866,17,598,383,2
52883,17,603,385,2
52899,17,607,384,2
52916,17,607,349,4
52933,17,602,371,2
52949,17,600,385,2
52966,17,600,347,4
52983,17,600,384,2
52999,17,598,387,2
53016,17,599,393,2
53033,17,591,405,2
53049,17,572,411,2
53066,17,571,422,3
53082,17,559,426,3
53099,17,563,415,2
53116,17,558,428,3
53132,17,563,427,3
53149,17,566,446,3
53166,17,559,411,2
53182,17,560,433,3
53199,17,562,420,5
53216,17,559,410,2
53232,17,560,394,2
53249,17,544,415,2
53265,17,545,434,3
53282,17,529,436,3
53299,17,541,459,3
53315,17,533,426,3
53332,17,528,457,3
53349,17,540,439,3
53365,17,550,430,3
53382,17,532,443,3
53399,17,537,448,3
53415,17,553,427,3
53432,17,546,435,3
53448,17,551,416,2
53465,17,548,417,5
53482,17,540,446,3
53498,17,562,451,3
53515,17,562,442,3
53532,17,546,440,3
53548,17,550,434,3
53565,17,545,448,3
53581,17,545,418,5
53598,17,542,448,3
53615,17,555,422,3
53631,17,547,451,3
53648,17,548,445,3
53665,17,549,452,3
53681,17,541,453,3
53698,17,548,456,3
53715,17,521,454,3
53731,17,544,445,3
53748,17,545,443,3
53764,17,549,456,3
53781,17,532,461,3
53798,17,552,452,3
53814,17,528,440,3
53831,17,562,440,3
53848,17,519,464,3
53864,17,553,421,5
53881,17,546,434,3
53898,17,507,460,3
53914,17,517,452,3
53931,17,517,447,3
53947,17,514,471,3
53964,17,531,439,3
53981,17,529,406,2
53997,17,518,456,3
54014,17,536,460,3
54031,17,511,454,3
54047,17,524,447,3
54064,17,523,471,3
54081,17,524,467,3
54097,17,536,441,3
54114,17,533,476,3
54130,17,533,475,3
54147,17,512,464,3
54164,17,526,453,3
54180,17,535,467,3
54197,17,506,427,3
54214,17,523,464,3
54230,17,524,464,3
54247,17,549,459,3
54264,17,542,466,3
54280,17,551,500,3
54297,17,549,452,3
54313,17,550,471,3
54330,17,547,467,3
54347,17,552,464,3
54363,17,554,444,3
54380,17,549,471,3
54397,17,562,478,3
54413,17,537,487,3
54430,17,550,494,3
54447,17,575,457,3
54463,17,559,455,3
54480,17,545,439,3
54496,17,554,478,3
54513,17,523,492,3
54530,17,545,459,3
54546,17,551,457,3
54563,17,524,461,3
54580,17,537,467,3
54596,17,520,465,3
54613,17,537,479,3
54630,17,526,478,3
54646,17,539,446,3
54663,17,537,457,3
54679,17,531,453,3
54696,17,539,461,3
54713,17,530,488,3
54729,17,551,465,3
54746,17,543,458,3
54763,17,547,454,3
54779,17,538,451,3
54796,17,540,440,3
54812,17,540,445,3
54829,17,536,464,3
54846,17,534,481,3
54862,17,532,489,3
54879,17,531,484,3
54896,17,533,465,3
54912,17,533,476,3
54929,17,521,473,3
54946,17,539,483,3
54962,17,535,468,3
54979,17,526,446,3
54995,17,533,453,3
55012,17,534,450,3
55029,17,530,449,3
55045,17,537,429,3
55062,17,537,431,3
55079,17,537,446,3
55095,17,525,475,3
55112,17,527,471,3
55129,17,533,484,3
55145,17,518,476,3
55162,17,535,448,3
55178,17,532,453,3
55195,17,536,452,3
55212,17,533,466,3
55228,17,545,463,3
55245,17,523,459,3
55262,17,506,476,3
55278,17,525,423,3
55295,17,497,464,3
55312,17,524,461,3
55328,17,524,450,3
55345,17,515,456,3
55361,17,523,455,3
55378,17,514,451,3
55395,17,531,432,3
55411,17,505,447,3
55428,17,512,454,3
55445,17,535,403,2
55461,17,533,396,2
55478,17,535,370,2
55495,17,538,346,4
55511,17,534,355,4
55528,17,540,367,2
55544,17,535,382,2
55561,17,538,380,2
55578,17,540,353,4
55594,17,541,369,2
55611,17,536,381,2
55628,17,537,369,2
55644,17,544,366,2
55661,17,541,359,4
55678,17,545,381,2
55694,17,543,355,4
55711,17,544,364,4
55727,17,542,394,2
55744,17,542,376,2
55761,17,538,371,2
55777,17,538,384,2
55794,17,535,407,2
55811,17,540,364,4
55827,17,544,372,2
55844,17,536,383,2
55860,17,539,360,4
55877,17,537,403,2
55894,17,549,354,4
55910,17,563,351,4
55927,17,572,369,2
55944,17,573,346,4
55960,17,571,349,4
55977,17,566,383,2
55994,17,563,389,2
56010,17,570,380,2
56027,17,571,371,2
56043,17,565,379,2
56060,17,564,378,2
56077,17,570,366,2
56093,17,565,364,4
56110,17,564,359,4
56127,17,555,371,2
56143,17,569,367,2
56160,17,563,365,2
56177,17,563,370,2
56193,17,564,391,2
56210,17,568,359,4
56226,17,562,384,2
56243,17,561,376,2
56260,17,559,365,2
56276,17,560,385,2
56293,17,564,366,2
56310,17,560,371,2
56326,17,568,354,4
56343,17,570,345,4
56360,17,571,331,4
56376,17,530,377,2
56393,17,545,384,2
56409,17,532,395,2
56426,17,538,420,5
56443,17,525,397,2
56459,17,534,412,2
56476,17,538,393,2
56493,17,535,389,2
56509,17,534,388,2
56526,17,536,411,2
56543,17,556,386,2
56559,17,547,399,2
56576,17,534,403,2
56592,17,547,382,2
56609,17,547,420,5
56626,17,529,383,2
56642,17,540,406,2
56659,17,547,384,2
56676,17,544,409,2
56692,17,561,424,3
56709,17,580,402,2
56726,17,569,435,3
56742,17,569,398,2
56759,17,564,441,3
56775,17,570,427,3
56792,17,571,420,3
56809,17,580,432,3
56825,17,567,444,3
56842,17,533,470,3
56859,17,548,452,3
56875,17,547,465,3
56892,17,544,458,3
56909,17,549,463,3
56925,17,547,464,3
56942,17,541,463,3
56958,17,544,468,3
56975,17,542,473,3
56992,17,555,454,3
57008,17,545,450,3
57025,17,553,474,3
57042,17,536,448,3
57058,17,551,455,3
57075,17,596,941,0
57341,266,543,582,3
57358,17,553,834,0
57374,17,561,634,3
57391,17,573,574,3
57408,17,550,588,3
57424,17,564,514,3
57441,17,547,468,3
57457,17,549,443,3
57474,17,555,377,2
57491,17,559,355,4
57507,17,569,308,4
57524,17,572,295,4
57541,17,579,213,1
57557,17,582,268,0
57574,17,580,243,1
57591,17,562,296,4
57607,17,573,294,4
57624,17,558,309,4
57640,17,571,318,4
57657,17,595,318,4
57674,17,571,318,4
57690,17,583,307,4
57707,17,576,313,4
57724,17,593,291,4
57740,17,592,295,4
57757,17,587,256,1
57774,17,595,289,4
57790,17,594,292,4
57807,17,591,311,4
57823,17,590,287,0
57840,17,598,296,4
57857,17,590,287,0
57873,17,594,299,4
57890,17,594,317,4
57907,17,597,300,4
57923,17,594,284,0
57940,17,581,232,1
57957,17,569,238,1
57973,17,575,227,1
57990,17,576,225,1
58006,17,572,229,1
58023,17,572,214,1
58040,17,570,239,1
58056,17,548,192,1
58073,17,560,216,1
58090,17,555,208,1
58106,17,559,227,1
58123,17,551,187,1
58139,17,559,204,1
58156,17,552,211,1
58173,17,556,212,1
58189,17,552,206,1
58206,17,547,235,1
58223,17,553,225,1
58239,17,549,209,1
58256,17,551,204,1
58273,17,560,204,1
58289,17,551,201,1
58306,17,554,229,1
58322,17,553,194,1
58339,17,547,236,1
58356,17,546,222,1
58372,17,552,227,1
58389,17,549,226,1
58406,17,546,222,1
58422,17,548,224,1
58439,17,556,304,4
58456,17,572,379,2
58472,17,577,318,4
58489,17,581,344,4
58505,17,574,351,4
58522,17,575,341,4
58539,17,578,355,4
58555,17,576,333,4
58572,17,577,337,4
58589,17,568,340,4
58605,17,575,352,4
58622,17,580,343,4
58639,17,580,328,4
58655,17,586,347,4
58672,17,575,350,4
58688,17,580,359,4
58705,17,574,373,2
58722,17,596,346,4
58738,17,569,368,2
58755,17,585,327,4
58772,17,574,337,4
58788,17,582,341,4
58805,17,590,345,4
58822,17,563,350,4
58838,17,552,377,2
58855,17,556,357,4
58871,17,553,379,2
58888,17,551,360,4
58905,17,557,353,4
58921,17,548,353,4
58938,17,557,337,4
58955,17,556,381,2
58971,17,558,375,2
58988,17,553,369,2
59005,17,559,346,4
59021,17,553,362,4
59038,17,560,355,4
59054,17,541,346,4
59071,17,539,371,2
59088,17,531,381,2
59104,17,532,365,2
59121,17,539,376,2
59138,17,540,376,2
59154,17,540,375,2
59171,17,543,379,2
59188,17,536,369,2
59204,17,540,375,2
59221,17,540,395,2
59237,17,529,387,2
59254,17,539,380,2
59271,17,540,382,2
59287,17,536,387,2
59304,17,541,378,2
59321,17,538,387,2
59337,17,532,391,2
59354,17,534,396,2
59370,17,528,386,2
59387,17,534,371,2
59404,17,535,363,4
59420,17,542,360,4
59437,17,537,372,2
59454,17,536,386,2
59470,17,535,390,2
59487,17,537,377,2
59504,17,538,369,2
59520,17,534,379,2
59537,17,528,385,2
59553,17,532,388,2
59570,17,541,392,2
59587,17,519,397,2
59603,17,526,398,2
59620,17,530,400,2
59637,17,527,375,2
59653,17,537,374,2
59670,17,536,398,2
59687,17,533,403,2
59703,17,535,402,2
59720,17,526,377,2
59736,17,538,397,2
59753,17,539,383,2
59770,17,523,392,2
59786,17,536,386,2
59803,17,537,364,4
59820,17,532,384,2
59836,17,536,416,2
59853,17,527,382,2
59870,17,547,373,2
59886,17,548,382,2
59903,17,536,361,4
59919,17,548,373,2
59936,17,540,378,2
59953,17,541,406,2
59969,17,537,401,2
59986,17,542,379,2
60003,17,544,375,2
60019,17,549,369,2
60036,17,575,368,2
60053,17,576,374,2
60069,17,575,353,4
60086,17,584,386,2
60102,17,588,354,4
60119,17,578,388,2
60136,17,578,375,2
60152,17,571,387,2
60169,17,584,358,4
60186,17,573,382,2
60202,17,584,364,4
60219,17,573,376,2
60236,17,580,376,2
60252,17,577,382,2
60269,17,567,389,2
60285,17,580,391,2
60302,17,569,370,2
60319,17,563,388,2
60335,17,568,361,4
60352,17,567,372,2
60369,17,564,373,2
60385,17,570,394,2
60402,17,570,381,2
60418,17,562,383,2
60435,17,564,392,2
60452,17,570,392,2
60468,17,564,374,2
60485,17,563,402,2
60502,17,561,380,2
60518,17,565,388,2
60535,17,563,393,2
60552,17,540,360,4
60568,17,529,340,4
60585,17,526,360,4
60601,17,531,351,4
60618,17,530,329,4
60635,17,543,327,4
60651,17,532,352,4
60668,17,519,316,4
60685,17,504,273,0
60701,17,508,254,1
60718,17,504,281,0
60735,17,506,260,0
60751,17,509,252,1
60768,17,511,252,1
60784,17,507,270,0
60801,17,512,235,1
60818,17,504,285,0
60834,17,510,256,1
60851,17,509,252,1
60868,17,506,272,0
60884,17,491,269,0
60901,17,463,271,0
60918,17,463,266,0
60934,17,460,265,0
60951,17,442,231,1
60967,17,458,252,1
60984,17,466,264,0
61001,17,456,267,0
61017,17,457,276,0
61034,17,455,281,0
61051,17,459,274,0
61067,17,461,240,1
61084,17,450,266,0
61101,17,455,260,0
61117,17,458,264,0
61134,17,454,262,0
61150,17,451,274,0
61167,17,451,271,0
61184,17,454,259,1
61200,17,452,271,0
61217,17,464,270,0
61234,17,534,282,0
61250,17,611,316,4
61267,17,645,327,0
61284,17,634,322,0
61300,17,647,306,0
61317,17,626,321,0
61333,17,645,335,0
61350,17,624,343,0
61367,17,638,355,0
61383,17,626,337,0
61400,17,641,327,0
61417,17,636,320,0
61433,17,626,316,0
61450,17,629,330,0
61467,17,670,321,0
61483,17,649,321,0
61500,17,642,289,0
61516,17,617,347,0
61533,17,643,355,0
61550,17,626,363,0
61566,17,620,343,0
61583,17,635,335,0
61600,17,640,332,0
61616,17,633,332,0
61633,17,645,348,0
61649,17,635,333,0
61666,17,664,338,0
61683,17,636,336,0
61699,17,583,365,2
61716,17,593,328,4
61733,17,598,350,4
61749,17,600,363,4
61766,17,601,324,4
61783,17,589,347,4
61799,17,583,353,4
61816,17,591,353,4
61832,17,583,352,4
61849,17,583,360,4
61866,17,590,369,2
61882,17,604,364,4
61899,17,592,320,4
61916,17,591,354,4
61932,17,599,353,4
61949,17,585,362,4
61966,17,581,342,4
61982,17,597,346,4
61999,17,605,345,4
62015,17,556,344,4
62032,17,575,344,4
62049,17,564,349,4
62065,17,563,370,2
62082,17,555,351,4
62099,17,566,354,4
62115,17,591,328,4
62132,17,569,357,4
62149,17,563,372,2
62165,17,565,322,4
62182,17,565,359,4
62198,17,557,383,2
62215,17,550,425,3
62232,17,544,419,5
62248,17,544,439,3
62265,17,542,439,3
62282,17,555,411,2
62298,17,552,430,3
62315,17,555,425,3
62332,17,547,440,3
62348,17,552,445,3
62365,17,535,459,3
62381,17,552,411,2
62398,17,547,439,3
62415,17,548,440,3
62431,17,548,433,3
62448,17,526,469,3
62465,17,557,472,3
62481,17,543,428,3
62498,17,539,450,3
62515,17,543,487,3
62531,17,542,408,2
62548,17,557,447,3
62564,17,549,465,3
62581,17,536,483,3
62598,17,550,453,3
62614,17,522,452,3
62631,17,522,436,3
62648,17,536,425,3
62664,17,527,438,3
62681,17,522,439,3
62697,17,528,428,3
62714,17,522,453,3
62731,17,530,443,3
62747,17,530,435,3
62764,17,519,440,3
62781,17,529,461,3
62797,17,529,432,3
62814,17,523,471,3
62831,17,527,458,3
62847,17,526,478,3
62864,17,516,614,3
62997,133,456,454,3
63030,33,506,754,3
63047,17,529,491,3
63063,17,505,722,3
63080,17,510,579,3
63097,17,515,537,3
63113,17,525,470,3
63130,17,524,412,2
63147,17,528,389,2
63163,17,517,387,2
63180,17,515,419,5
63197,17,518,426,3
63213,17,576,471,3
63230,17,546,470,3
63246,17,535,449,3
63263,17,539,418,5
63280,17,538,406,2
63296,17,540,421,5
63313,17,535,407,2
63330,17,547,369,2
63346,17,541,397,2
63363,17,547,329,4
63380,17,550,328,4
63396,17,539,386,2
63413,17,554,322,4
63429,17,550,386,2
63446,17,546,380,2
63463,17,538,357,4
63479,17,534,335,4
63496,17,552,342,4
63513,17,547,328,4
63529,17,528,371,2
63546,17,528,337,4
63563,17,540,353,4
63579,17,545,317,4
63596,17,518,339,4
63612,17,524,350,4
63629,17,527,374,2
63646,17,521,337,4
63662,17,517,346,4
63679,17,513,386,2
63696,17,510,377,2
63712,17,518,370,2
63729,17,534,352,4
63746,17,521,355,4
63762,17,522,361,4
63779,17,528,355,4
63795,17,525,355,4
63812,17,513,385,2
63829,17,518,374,2
63845,17,520,372,2
63862,17,535,401,2
63879,17,556,379,2
63895,17,565,365,2
63912,17,571,379,2
63928,17,556,408,2
63945,17,553,389,2
63962,17,559,418,5
63978,17,563,366,2
63995,17,544,421,5
64012,17,556,404,2
64028,17,537,422,3
64045,17,530,464,3
64062,17,537,456,3
64078,17,532,470,3
64095,17,540,448,3
64111,17,533,440,3
64128,17,539,425,3
64145,17,539,412,2
64161,17,529,477,3
64178,17,535,431,3
64195,17,532,449,3
64211,17,529,439,3
64228,17,536,448,3
64245,17,529,473,3
64261,17,535,484,3
64278,17,536,474,3
64294,17,535,473,3
64311,17,529,471,3
64328,17,530,468,3
64344,17,531,483,3
64361,17,531,470,3
64378,17,527,464,3
64394,17,529,464,3
64411,17,528,477,3
64428,17,540,449,3
64444,17,534,443,3
64461,17,534,455,3
64477,17,535,431,3
64494,17,524,469,3
64511,17,547,463,3
64527,17,560,459,3
64544,17,551,433,3
64561,17,546,458,3
64577,17,546,459,3
64594,17,556,436,3
64611,17,541,423,3
64627,17,551,433,3
64644,17,542,470,3
64660,17,555,441,3
64677,17,545,433,3
64694,17,543,454,3
64710,17,541,438,3
64727,17,546,463,3
64744,17,548,471,3
64760,17,545,459,3
64777,17,549,448,3
64794,17,544,439,3
64810,17,546,462,3
64827,17,546,437,3
64843,17,547,421,5
64860,17,545,430,3
64877,17,531,395,2
64893,17,562,255,1
64910,17,584,177,1
64927,17,589,221,1
64943,17,586,228,1
64960,17,586,257,1
64977,17,590,217,1
64993,17,589,242,1
65010,17,596,231,1
65026,17,595,233,1
65043,17,591,233,1
65060,17,594,219,1
65076,17,596,222,1
65093,17,593,220,1
65110,17,597,235,1
65126,17,597,208,1
65143,17,596,225,1
65159,17,600,201,1
65176,17,602,225,1
65193,17,596,215,1
65209,17,599,230,1
65226,17,606,222,1
65243,17,570,242,1
65259,17,605,242,1
65276,17,652,303,0
65293,17,673,322,0
65309,17,677,338,0
65326,17,675,344,0
65342,17,691,264,0
65359,17,682,339,0
65376,17,670,321,0
65392,17,673,319,0
65409,17,671,329,0
65426,17,674,323,0
65442,17,666,316,0
65459,17,672,321,0
65476,17,679,315,0
65492,17,676,346,0
65509,17,676,339,0
65525,17,691,373,2
65542,17,725,354,0
65559,17,722,362,0
65575,17,688,371,2
65592,17,736,346,0
65609,17,710,382,2
65625,17,752,360,0
65642,17,714,364,0
65659,17,723,367,2
65675,17,716,356,0
65692,17,723,369,2
65708,17,761,361,0
65725,17,728,353,0
65742,17,720,348,0
65758,17,714,349,0
65775,17,722,393,2
65792,17,718,361,0
65808,17,723,362,0
65825,17,713,350,0
65842,17,727,356,0
65858,17,713,377,2
65875,17,723,387,2
65891,17,728,379,2
65908,17,717,371,2
65925,17,728,348,0
65941,17,725,375,2
65958,17,712,379,2
65975,17,727,379,2
65991,17,723,391,2
66008,17,726,379,2
66025,17,726,378,2
66041,17,719,369,2
66058,17,728,328,0
66074,17,716,372,2
66091,17,720,395,2
66108,17,718,391,2
66124,17,718,367,2
66141,17,720,371,2
66158,17,730,360,0
66174,17,735,324,0
66191,17,725,375,2
66207,17,722,349,0
66224,17,726,370,2
66241,17,722,380,2
66257,17,716,367,2
66274,17,713,386,2
66291,17,712,381,2
66307,17,707,361,0
66324,17,722,372,2
66341,17,722,423,3
66357,17,714,366,2
66374,17,731,430,3
66390,17,714,380,2
66407,17,708,418,3
66424,17,725,363,0
66440,17,722,360,0
66457,17,712,360,0
66474,17,720,349,0
66490,17,727,365,2
66507,17,731,370,2
66524,17,717,368,2
66540,17,719,367,2
66557,17,718,334,0
66573,17,712,357,0
66590,17,712,378,2
66607,17,716,358,0
66623,17,718,355,0
66640,17,722,362,0
66657,17,724,369,2
66673,17,718,366,2
66690,17,723,325,0
66707,17,720,369,2
66723,17,727,419,3
66740,17,715,359,0
66756,17,717,351,0
66773,17,707,362,0
66790,17,715,368,2
66806,17,717,352,0
66823,17,714,380,2
66840,17,717,364,0
66856,17,710,383,2
66873,17,710,381,2
66890,17,715,379,2
66906,17,718,369,2
66923,17,716,379,2
66939,17,683,363,0
66956,17,670,363,0
66973,17,677,373,2
66989,17,680,392,2
67006,17,685,325,0
67023,17,660,1010,0
67256,233,574,358,4
67272,17,568,625,3
67289,17,567,504,3
67305,17,573,461,3
67322,17,570,378,2
67339,17,577,312,4
67355,17,574,272,0
67372,17,576,329,4
67389,17,576,341,4
67405,17,579,339,4
67422,17,574,354,4
67438,17,571,334,4
67455,17,570,391,2
67472,17,570,370,2
67488,17,566,392,2
67505,17,575,366,2
67522,17,574,383,2
67538,17,571,364,4
67555,17,569,380,2
67572,17,575,363,4
67588,17,568,373,2
67605,17,580,363,4
67621,17,567,381,2
67638,17,571,372,2
67655,17,569,393,2
67671,17,568,390,2
67688,17,574,371,2
67705,17,570,385,2
67721,17,571,379,2
67738,17,576,366,2
67755,17,566,379,2
67771,17,574,365,2
67788,17,577,370,2
67804,17,573,384,2
67821,17,554,399,2
67838,17,527,380,2
67854,17,535,370,2
67871,17,535,357,4
67888,17,534,361,4
67904,17,537,383,2
67921,17,532,387,2
67938,17,536,357,4
67954,17,531,372,2
67971,17,532,369,2
67987,17,532,397,2
68004,17,529,398,2
68021,17,529,384,2
68037,17,530,356,4
68054,17,530,375,2
68071,17,537,378,2
68087,17,534,378,2
68104,17,535,348,4
68121,17,504,369,2
68137,17,509,339,4
68154,17,506,384,2
68170,17,505,339,4
68187,17,505,362,4
68204,17,501,362,4
68220,17,498,345,4
68237,17,515,341,4
68254,17,506,339,4
68270,17,507,358,4
68287,17,514,321,4
68304,17,508,355,4
68320,17,510,369,2
68337,17,518,345,4
68353,17,511,352,4
68370,17,514,341,4
68387,17,506,329,4
68403,17,505,328,4
68420,17,511,369,2
68437,17,508,331,4
68453,17,511,349,4
68470,17,510,357,4
68486,17,511,343,4
68503,17,509,360,4
68520,17,500,321,4
68536,17,513,343,4
68553,17,498,353,4
68570,17,507,355,4
68586,17,500,312,4
68603,17,540,338,4
68620,17,539,338,4
68636,17,536,334,4
68653,17,532,333,4
68669,17,538,337,4
68686,17,540,315,4
68703,17,532,334,4
68719,17,538,343,4
68736,17,538,334,4
68753,17,539,351,4
68769,17,536,355,4
68786,17,537,331,4
68803,17,540,314,4
68819,17,541,342,4
68836,17,538,339,4
68852,17,537,333,4
68869,17,536,311,4
68886,17,536,327,4
68902,17,543,337,4
68919,17,541,364,4
68936,17,543,347,4
68952,17,543,312,4
68969,17,542,364,4
68986,17,540,324,4
69002,17,534,355,4
69019,17,513,351,4
69035,17,518,349,4
69052,17,514,366,2
69069,17,515,352,4
69085,17,519,371,2
69102,17,520,363,4
69119,17,523,354,4
69135,17,515,356,4
69152,17,512,352,4
69169,17,512,352,4
69185,17,515,353,4
69202,17,516,353,4
69218,17,516,349,4
69235,17,514,347,4
69252,17,516,355,4
69268,17,490,358,4
69285,17,498,372,2
69302,17,497,340,4
69318,17,494,364,4
69352,33,501,336,4
69352,0,501,336,4
69368,17,496,369,2
69385,17,494,372,2
69401,17,495,358,4
69418,17,504,369,2
69435,17,495,358,4
69451,17,504,340,4
69468,17,497,376,2
69485,17,494,373,2
69501,17,496,346,4
69518,17,499,365,2
69535,17,498,359,4
69551,17,500,342,4
69568,17,499,341,4
69584,17,493,348,4
69601,17,492,359,4
69618,17,494,351,4
69634,17,494,360,4
69651,17,496,373,2
69668,17,494,357,4
69684,17,497,353,4
69701,17,495,370,2
69717,17,503,337,4
69734,17,500,351,4
69751,17,497,370,2
69767,17,496,349,4
69784,17,490,357,4
69801,17,496,361,4
69817,17,493,377,2
69834,17,498,357,4
69851,17,500,367,2
69867,17,498,344,4
69884,17,499,382,2
69900,17,504,350,4
69917,17,498,337,4
69934,17,501,350,4
69950,17,510,354,4
69967,17,498,368,2
69984,17,499,363,4
70000,17,498,369,2
70017,17,501,350,4
70034,17,499,372,2
70050,17,499,377,2
70067,17,502,351,4
70083,17,501,375,2
70100,17,497,377,2
70117,17,494,354,4
70133,17,501,355,4
70150,17,503,368,2
70167,17,494,403,2
70183,17,499,378,2
70200,17,497,379,2
70217,17,503,392,2
70233,17,503,376,2
70250,17,495,391,2
70266,17,503,386,2
70283,17,494,377,2
70300,17,496,353,4
70316,17,500,366,2
70333,17,500,423,3
70350,17,496,365,2
70366,17,500,384,2
70383,17,495,414,2
70400,17,496,367,2
70416,17,523,392,2
70433,17,520,390,2
70449,17,525,384,2
70466,17,523,414,2
70483,17,525,419,5
70499,17,514,407,2
70516,17,520,404,2
70533,17,520,423,3
70549,17,522,414,2
70566,17,516,389,2
70583,17,521,407,2
70599,17,526,424,3
70616,17,520,411,2
70632,17,521,377,2
70649,17,522,378,2
70666,17,520,412,2
70682,17,525,411,2
70699,17,518,403,2
70716,17,517,423,3
70732,17,521,411,2
70749,17,516,408,2
70765,17,516,438,3
70782,17,519,420,5
70799,17,518,423,3
70815,17,512,427,3
70832,17,512,433,3
70849,17,524,399,2
70865,17,511,400,2
70882,17,510,427,3
70899,17,517,409,2
70915,17,522,434,3
70932,17,501,420,5
70948,17,511,426,3
70965,17,511,424,3
70982,17,509,405,2
70998,17,516,407,2
71015,17,505,390,2
71032,17,515,417,5
71048,17,517,398,2
71065,17,509,447,3
71082,17,506,419,5
71098,17,509,428,3
71115,17,511,413,2
71131,17,504,401,2
71148,17,504,419,5
71165,17,503,447,3
71181,17,508,411,2
71198,17,509,449,3
71215,17,503,441,3
71231,17,503,428,3
71248,17,508,408,2
71265,17,506,419,5
71281,17,507,429,3
71298,17,503,424,3
71314,17,504,409,2
71331,17,509,435,3
71348,17,508,423,3
71364,17,502,441,3
71381,17,500,452,3
71398,17,507,434,3
71414,17,485,1066,0
71680,266,490,575,3
71697,17,483,697,3
71714,17,525,350,4
71730,17,492,663,3
71747,17,495,573,3
71764,17,497,488,3
71780,17,497,459,3
71797,17,507,416,2
71814,17,509,437,3
71830,17,509,421,5
71847,17,510,454,3
71863,17,513,471,3
71880,17,509,459,3
71897,17,518,402,2
71913,17,510,458,3
71930,17,489,449,3
71947,17,515,467,3
71963,17,501,462,3
71980,17,515,434,3
71996,17,523,454,3
72013,17,517,503,3
72030,17,510,455,3
72046,17,517,429,3
72063,17,519,474,3
72080,17,520,478,3
72096,17,527,440,3
72113,17,523,447,3
72130,17,513,447,3
72146,17,521,458,3
72163,17,518,445,3
72179,17,525,427,3
72196,17,518,473,3
72213,17,527,480,3
72229,17,523,431,3
72246,17,512,448,3
72263,17,520,434,3
72279,17,511,469,3
72296,17,514,438,3
72313,17,517,460,3
72329,17,515,464,3
72346,17,518,447,3
72362,17,515,436,3
72379,17,510,432,3
72396,17,517,436,3
72412,17,514,476,3
72429,17,512,458,3
72446,17,520,448,3
72462,17,518,437,3
72479,17,516,441,3
72496,17,520,464,3
72512,17,526,439,3
72529,17,515,464,3
72545,17,511,498,3
72562,17,509,474,3
72579,17,504,471,3
72595,17,510,461,3
72612,17,527,455,3
72629,17,510,468,3
72645,17,503,452,3
72662,17,509,462,3
72679,17,509,488,3
72695,17,508,491,3
72712,17,512,462,3
72728,17,507,468,3
72745,17,503,440,3
72762,17,505,429,3
72778,17,501,449,3
72795,17,501,466,3
72812,17,496,484,3
72828,17,498,453,3
72845,17,507,457,3
72862,17,504,472,3
72878,17,500,464,3
72895,17,498,478,3
72911,17,510,453,3
72928,17,501,481,3
72945,17,504,454,3
72961,17,495,470,3
72978,17,505,480,3
72995,17,501,436,3
73011,17,499,475,3
73028,17,501,479,3
73044,17,501,449,3
73061,17,503,470,3
73078,17,505,454,3
73094,17,497,460,3
73111,17,496,493,3
73128,17,503,467,3
73144,17,510,474,3
73161,17,508,473,3
73178,17,499,450,3
73194,17,506,474,3
73211,17,502,480,3
73227,17,489,471,3
73244,17,507,463,3
73261,17,508,466,3
73277,17,503,456,3
73294,17,501,483,3
73311,17,533,424,3
73327,17,537,436,3
73344,17,541,412,2
73361,17,540,406,2
73377,17,532,422,3
73394,17,539,430,3
73410,17,549,420,5
73427,17,540,433,3
73444,17,538,422,3
73460,17,546,416,2
73477,17,545,426,3
73494,17,541,437,3
73510,17,539,425,3
73527,17,544,449,3
73544,17,549,418,5
73560,17,543,453,3
73577,17,549,462,3
73593,17,542,415,2
73610,17,542,412,2
73627,17,540,430,3
73643,17,535,430,3
73660,17,540,419,5
73677,17,546,437,3
73693,17,539,429,3
73710,17,541,436,3
73727,17,543,425,3
73743,17,535,431,3
73760,17,544,445,3
73776,17,542,445,3
73793,17,538,437,3
73810,17,547,418,5
73826,17,539,434,3
73843,17,488,415,2
73860,17,503,416,2
73876,17,500,457,3
73893,17,485,431,3
73910,17,493,450,3
73926,17,496,428,3
73943,17,506,420,5
73959,17,495,425,3
73976,17,506,421,5
73993,17,500,429,3
74009,17,498,440,3
74026,17,497,437,3
74043,17,500,428,3
74059,17,497,422,3
74076,17,498,434,3
74093,17,496,433,3
74109,17,494,427,3
74126,17,494,413,2
74142,17,497,429,3
74159,17,497,409,2
74176,17,485,424,3
74192,17,487,429,3
74209,17,486,422,3
74226,17,489,430,3
74242,17,503,433,3
74259,17,501,405,2
74275,17,498,463,3
74292,17,501,428,3
74309,17,498,406,2
74325,17,496,429,3
74342,17,495,427,3
74359,17,490,419,5
74375,17,496,414,2
74392,17,500,399,2
74409,17,503,420,5
74425,17,491,423,3
74442,17,491,416,2
74458,17,497,405,2
74475,17,489,405,2
74492,17,493,422,3
74508,17,489,394,2
74525,17,489,417,5
74542,17,486,413,2
74558,17,487,441,3
74575,17,494,416,2
74592,17,494,384,2
74608,17,481,420,3
74625,17,488,417,5
74641,17,481,414,2
74658,17,517,423,3
74675,17,514,410,2
74691,17,519,395,2
74708,17,510,409,2
74725,17,517,402,2
74741,17,518,400,2
74758,17,516,425,3
74775,17,514,399,2
74791,17,515,390,2
74808,17,522,401,2
74824,17,516,415,2
74841,17,518,412,2
74858,17,518,423,3
74874,17,521,413,2
74891,17,519,421,5
74908,17,516,380,2
74924,17,519,390,2
74941,17,520,416,2
74958,17,523,378,2
74974,17,523,420,5
74991,17,518,372,2
75007,17,517,403,2
75024,17,520,399,2
75041,17,547,431,3
75057,17,538,393,2
75074,17,529,419,5
75091,17,537,429,3
75107,17,538,444,3
75124,17,546,401,2
75141,17,534,408,2
75157,17,537,433,3
75174,17,534,431,3
75190,17,542,441,3
75207,17,542,423,3
75224,17,533,418,5
75240,17,540,415,2
75257,17,535,397,2
75274,17,544,418,5
75290,17,534,425,3
75307,17,540,416,2
75324,17,532,427,3
75340,17,543,451,3
75357,17,538,441,3
75373,17,515,406,2
75390,17,516,410,2
75407,17,515,431,3
75423,17,507,410,2
75440,17,513,400,2
75457,17,509,431,3
75473,17,510,433,3
75490,17,516,413,2
75506,17,511,428,3
75523,17,522,414,2
75540,17,520,444,3
75556,17,515,440,3
75573,17,515,438,3
75590,17,521,440,3
75606,17,536,433,3
75623,17,526,426,3
75640,17,540,410,2
75656,17,528,426,3
75673,17,528,411,2
75689,17,530,403,2
75706,17,535,433,3
75723,17,529,412,2
75739,17,532,428,3
75756,17,539,426,3
75773,17,535,448,3
75789,17,527,458,3
75806,17,527,440,3
75823,17,528,436,3
75839,17,537,440,3
75856,17,546,445,3
75872,17,533,423,3
75889,17,529,449,3
75906,17,525,469,3
75922,17,528,454,3
75939,17,530,422,3
75956,17,532,421,5
75989,33,531,454,3
75989,0,531,454,3
76006,17,533,429,3
76022,17,522,423,3
76039,17,530,415,2
76055,17,529,414,2
76072,17,533,406,2
76089,17,528,435,3
76105,17,538,446,3
76122,17,530,409,2
76139,17,534,420,5
76155,17,532,413,2
76172,17,530,421,5
76189,17,532,404,2
76205,17,526,444,3
76222,17,535,432,3
76238,17,530,422,3
76255,17,540,435,3
76272,17,544,449,3
76288,17,532,421,5
76305,17,535,436,3
76322,17,532,428,3
76338,17,534,420,5
76355,17,537,385,2
76372,17,535,399,2
76388,17,528,439,3
76405,17,530,414,2
76421,17,535,388,2
76438,17,529,393,2
76455,17,528,398,2
76471,17,538,407,2
76488,17,528,416,2
76505,17,531,405,2
76521,17,528,426,3
76538,17,530,427,3
76554,17,532,430,3
76571,17,538,429,3
76588,17,532,446,3
76604,17,537,425,3
76621,17,531,378,2
76638,17,535,409,2
76654,17,535,440,3
76671,17,540,407,2
76688,17,538,402,2
76704,17,535,427,3
76721,17,536,401,2
76737,17,534,423,3
76754,17,534,407,2
76771,17,538,420,5
76787,17,534,437,3
76804,17,526,430,3
76821,17,538,408,2
76837,17,542,400,2
76854,17,529,410,2
76871,17,529,407,2
76887,17,534,380,2
76904,17,533,419,5
76920,17,536,427,3
76937,17,528,439,3
76954,17,534,405,2
76970,17,530,412,2
76987,17,530,411,2
77004,17,529,417,5
77020,17,529,432,3
77037,17,527,411,2
77054,17,523,425,3
77070,17,531,432,3
77087,17,526,431,3
77103,17,531,408,2
77120,17,527,413,2
77137,17,533,413,2
77153,17,531,415,2
77170,17,531,432,3
77187,17,539,416,2
77203,17,528,421,5
77220,17,527,419,5
77237,17,517,423,3
77253,17,523,436,3
77270,17,529,454,3
77286,17,525,444,3
77303,17,530,421,5
77320,17,526,430,3
77336,17,529,438,3
77353,17,524,425,3
77370,17,529,426,3
77386,17,526,409,2
77403,17,524,429,3
77420,17,524,419,5
77436,17,521,469,3
77453,17,520,435,3
77469,17,527,442,3
77486,17,527,441,3
77503,17,524,430,3
77519,17,522,422,3
77536,17,531,423,3
77553,17,524,420,5
77569,17,524,418,5
77586,17,519,429,3
77603,17,521,451,3
77619,17,528,426,3
77636,17,523,426,3
77652,17,520,414,2
77669,17,522,430,3
77686,17,514,437,3
77702,17,521,429,3
77719,17,520,424,3
77736,17,518,412,2
77752,17,518,409,2
77769,17,523,417,5
77785,17,518,424,3
77802,17,514,418,5
77819,17,515,422,3
77835,17,521,421,5
77852,17,515,449,3
77869,17,520,418,5
77885,17,514,458,3
77902,17,483,428,3
77919,17,490,394,2
77935,17,482,449,3
77952,17,484,434,3
77968,17,479,435,3
77985,17,489,445,3
78002,17,492,433,3
78018,17,480,424,3
78035,17,486,441,3
78052,17,481,461,3
78068,17,482,448,3
78085,17,515,475,3
78102,17,511,464,3
78118,17,518,465,3
78135,17,518,455,3
78151,17,521,453,3
78168,17,515,446,3
78185,17,517,438,3
78201,17,522,440,3
78218,17,521,454,3
78235,17,519,454,3
78251,17,518,454,3
78268,17,513,450,3
78285,17,517,452,3
78301,17,521,452,3
78318,17,518,451,3
78334,17,524,457,3
78351,17,517,466,3
78368,17,512,467,3
78384,17,518,449,3
78401,17,521,443,3
78418,17,516,453,3
78434,17,521,444,3
78451,17,516,430,3
78468,17,510,435,3
78484,17,515,433,3
78501,17,518,447,3
78517,17,515,427,3
78534,17,522,426,3
78551,17,515,436,3
78567,17,505,430,3
78584,17,534,907,0
78817,233,544,324,4
78833,17,543,272,0
78850,17,499,714,3
78867,17,504,619,3
78883,17,501,513,3
78900,17,514,458,3
78917,17,513,438,3
78933,17,509,417,5
78950,17,512,425,3
78967,17,512,413,2
78983,17,510,421,5
79000,17,517,462,3
79016,17,507,455,3
79033,17,510,458,3
79050,17,509,437,3
79066,17,505,439,3
79083,17,502,438,3
79100,17,519,429,3
79116,17,514,425,3
79133,17,511,426,3
79150,17,513,434,3
79166,17,509,436,3
79183,17,512,437,3
79199,17,504,450,3
79216,17,506,442,3
79233,17,507,433,3
79249,17,503,441,3
79266,17,505,461,3
79283,17,508,461,3
79299,17,505,433,3
79316,17,495,461,3
79333,17,500,460,3
79349,17,497,443,3
79366,17,501,459,3
79382,17,496,457,3
79399,17,500,435,3
79416,17,503,438,3
79432,17,494,437,3
79449,17,493,440,3
79466,17,491,408,2
79482,17,494,446,3
79499,17,503,423,3
79516,17,495,442,3
79532,17,497,436,3
79549,17,492,457,3
79565,17,494,437,3
79582,17,502,416,2
79599,17,496,402,2
79615,17,506,442,3
79632,17,493,446,3
79649,17,500,451,3
79665,17,490,435,3
79682,17,492,412,2
79699,17,495,426,3
79715,17,491,446,3
79732,17,494,435,3
79748,17,499,439,3
79765,17,497,434,3
79782,17,493,417,5
79798,17,496,438,3
79815,17,490,438,3
79832,17,494,450,3
79848,17,487,459,3
79865,17,489,450,3
79882,17,484,449,3
79898,17,490,419,5
79915,17,491,429,3
79931,17,489,427,3
79948,17,491,420,5
79965,17,489,423,3
79981,17,492,455,3
79998,17,491,429,3
80015,17,496,415,2
80031,17,489,450,3
80048,17,486,420,5
80064,17,493,438,3
80081,17,496,425,3
80098,17,492,462,3
80114,17,497,465,3
80131,17,500,434,3
80148,17,492,423,3
80164,17,494,414,2
80181,17,499,434,3
80198,17,501,453,3
80214,17,501,412,2
80231,17,489,440,3
80247,17,497,440,3
80264,17,493,445,3
80281,17,491,440,3
80297,17,495,434,3
80314,17,498,438,3
80331,17,495,414,2
80347,17,488,419,5
80364,17,504,433,3
80381,17,499,463,3
80397,17,491,457,3
80414,17,492,449,3
80430,17,496,445,3
80447,17,528,429,3
80464,17,522,435,3
80480,17,533,414,2
80497,17,535,454,3
80514,17,533,428,3
80530,17,537,432,3
80547,17,543,446,3
80564,17,532,455,3
80580,17,531,440,3
80597,17,533,446,3
80613,17,531,475,3
80630,17,526,459,3
80647,17,528,439,3
80663,17,523,458,3
80680,17,522,458,3
80697,17,538,445,3
80713,17,524,467,3
80730,17,527,453,3
80747,17,528,461,3
80763,17,534,450,3
80780,17,523,462,3
80796,17,531,457,3
80813,17,527,457,3
80830,17,522,456,3
80846,17,518,417,5
80863,17,519,450,3
80880,17,520,457,3
80896,17,530,456,3
80913,17,522,446,3
80930,17,534,440,3
80946,17,515,449,3
80963,17,520,458,3
80979,17,526,442,3
80996,17,515,493,3
81013,17,515,472,3
81029,17,520,446,3
81046,17,516,487,3
81063,17,513,463,3
81079,17,518,466,3
81096,17,527,453,3
81112,17,522,441,3
81129,17,519,466,3
81146,17,515,464,3
81162,17,518,462,3
81179,17,522,446,3
81196,17,520,459,3
81212,17,501,461,3
81229,17,518,453,3
81246,17,521,461,3
81262,17,517,460,3
81279,17,521,446,3
81295,17,521,460,3
81312,17,522,461,3
81329,17,498,438,3
81345,17,484,422,3
81362,17,504,434,3
81379,17,494,471,3
81395,17,490,477,3
81412,17,497,445,3
81429,17,506,424,3
81445,17,499,444,3
81462,17,497,455,3
81478,17,499,445,3
81495,17,506,454,3
81512,17,503,436,3
81528,17,504,435,3
81545,17,496,456,3
81562,17,505,442,3
81578,17,497,436,3
81595,17,511,432,3
81612,17,505,438,3
81628,17,505,429,3
81645,17,506,452,3
81661,17,504,431,3
81678,17,504,433,3
81695,17,522,438,3
81711,17,499,451,3
81728,17,499,447,3
81745,17,504,443,3
81761,17,508,409,2
81778,17,499,436,3
81795,17,507,414,2
81811,17,511,442,3
81828,17,513,452,3
81844,17,508,423,3
81861,17,502,448,3
81878,17,501,419,5
81894,17,507,417,5
81911,17,510,435,3
81928,17,504,425,3
81944,17,503,455,3
81961,17,501,464,3
81978,17,504,465,3
81994,17,505,446,3
82011,17,506,434,3
82027,17,499,472,3
82044,17,503,434,3
82061,17,502,446,3
82077,17,505,459,3
82094,17,503,433,3
82111,17,508,441,3
82127,17,485,447,3
82144,17,502,437,3
82161,17,511,446,3
82177,17,500,418,5
82194,17,503,433,3
82210,17,502,439,3
82227,17,505,457,3
82244,17,480,442,3
82260,17,492,429,3
82277,17,497,442,3
82294,17,499,443,3
82310,17,496,459,3
82327,17,498,450,3
82343,17,498,438,3
82360,17,501,450,3
82377,17,501,445,3
82393,17,494,462,3
82410,17,494,444,3
82427,17,495,458,3
82443,17,494,453,3
82460,17,499,439,3
82477,17,507,450,3
82493,17,536,447,3
82510,17,521,467,3
82526,17,534,452,3
82543,17,531,453,3
82560,17,526,446,3
82576,17,529,436,3
82593,17,533,431,3
82610,17,529,459,3
82626,17,531,445,3
82643,17,537,463,3
82660,17,527,456,3
82676,17,525,471,3
82693,17,535,444,3
82709,17,529,453,3
82726,17,537,444,3
82743,17,538,452,3
82759,17,522,455,3
82776,17,530,454,3
82793,17,530,455,3
82809,17,529,466,3
82826,17,530,432,3
82843,17,524,456,3
82859,17,532,448,3
82876,17,525,452,3
82892,17,528,473,3
82909,17,535,450,3
82926,17,533,446,3
82942,17,517,461,3
82959,17,524,464,3
82976,17,523,448,3
82992,17,522,465,3
83009,17,536,452,3
83026,17,525,463,3
83042,17,522,464,3
83059,17,525,453,3
83075,17,530,456,3
83092,17,528,460,3
83109,17,536,437,3
83125,17,512,466,3
83142,17,518,440,3
83159,17,540,478,3
83175,17,526,452,3
83192,17,525,472,3
83209,17,519,433,3
83225,17,506,462,3
83242,17,492,451,3
83258,17,497,437,3
83275,17,492,475,3
83292,17,490,448,3
83308,17,493,446,3
83325,17,478,456,3
83342,17,481,443,3
83358,17,484,432,3
83375,17,479,465,3
83392,17,473,446,3
83408,17,477,468,3
83425,17,491,483,3
83441,17,516,491,3
83458,17,499,493,3
83475,17,503,512,3
83491,17,501,515,3
83508,17,504,502,3
83525,17,496,503,3
83541,17,499,509,3
83558,17,510,527,3
83574,17,506,487,3
83591,17,505,492,3
83608,17,502,506,3
83624,17,499,490,3
83641,17,500,507,3
83658,17,496,502,3
83674,17,500,511,3
83691,17,517,498,3
83708,17,522,492,3
83724,17,526,469,3
83741,17,520,483,3
83757,17,521,491,3
83774,17,519,461,3
83791,17,519,475,3
83807,17,524,489,3
83824,17,520,475,3
83841,17,522,469,3
83857,17,515,496,3
83874,17,523,469,3
83891,17,524,493,3
83907,17,524,486,3
83924,17,531,505,3
83940,17,518,479,3
83957,17,521,478,3
83974,17,521,481,3
83990,17,540,449,3
84007,17,534,455,3
84024,17,528,457,3
84040,17,529,473,3
84057,17,524,467,3
84074,17,524,457,3
84090,17,526,475,3
84107,17,533,469,3
84123,17,534,458,3
84140,17,529,469,3
84157,17,532,458,3
84173,17,535,444,3
84190,17,527,477,3
84207,17,523,465,3
84223,17,533,475,3
84240,17,522,464,3
84257,17,525,458,3
84273,17,524,482,3
84290,17,531,442,3
84306,17,530,460,3
84323,17,524,465,3
84340,17,525,452,3
84356,17,530,468,3
84373,17,522,479,3
84390,17,528,466,3
84406,17,530,481,3
84423,17,529,453,3
84440,17,536,451,3
84456,17,527,459,3
84473,17,522,470,3
84489,17,506,473,3
84506,17,524,447,3
84523,17,525,469,3
84539,17,540,444,3
84556,17,525,463,3
84573,17,535,438,3
84589,17,527,444,3
84606,17,520,458,3
84622,17,517,452,3
84639,17,519,469,3
84656,17,506,469,3
84672,17,500,466,3
84689,17,509,453,3
84706,17,499,453,3
84722,17,500,451,3
84739,17,499,473,3
84756,17,503,459,3
84772,17,502,463,3
84789,17,508,451,3
84805,17,501,468,3
84822,17,498,474,3
84839,17,500,466,3
84855,17,501,442,3
84872,17,499,479,3
84889,17,501,475,3
84905,17,511,452,3
84922,17,524,439,3
84939,17,520,439,3
84955,17,525,459,3
84972,17,525,448,3
84988,17,521,434,3
85005,17,531,439,3
85022,17,521,448,3
85038,17,523,428,3
85055,17,536,430,3
85072,17,519,420,5
85088,17,525,437,3
85105,17,521,437,3
85122,17,545,429,3
85138,17,561,419,5
85155,17,562,408,2
85171,17,552,414,2
85188,17,548,387,2
85205,17,552,403,2
85221,17,561,413,2
85238,17,560,389,2
85255,17,559,411,2
85271,17,537,436,3
85288,17,555,394,2
85305,17,554,403,2
85321,17,564,400,2
85338,17,571,375,2
85354,17,562,382,2
85371,17,578,383,2
85388,17,578,378,2
85404,17,573,394,2
85421,17,564,390,2
85438,17,553,406,2
85454,17,573,385,2
85471,17,578,410,2
85488,17,582,387,2
85504,17,573,396,2
85521,17,580,394,2
85537,17,566,402,2
85554,17,566,390,2
85571,17,569,407,2
85587,17,570,388,2
85604,17,573,375,2
85621,17,568,400,2
85637,17,570,383,2
85654,17,528,387,2
85671,17,518,377,2
85687,17,503,364,4
85704,17,502,405,2
85720,17,502,361,4
85737,17,519,384,2
85754,17,517,387,2
85770,17,513,407,2
85787,17,523,412,2
85804,17,514,409,2
85820,17,514,392,2
85837,17,514,407,2
85853,17,522,390,2
85870,17,508,408,2
85887,17,522,384,2
85903,17,517,407,2
85920,17,511,388,2
85937,17,511,408,2
85953,17,511,401,2
85970,17,513,402,2
85987,17,515,403,2
86003,17,515,374,2
86020,17,483,371,2
86036,17,482,370,2
86053,17,487,342,4
86070,17,477,355,4
86086,17,482,353,4
86103,17,485,364,4
86120,17,475,358,4
86136,17,477,385,2
86153,17,479,381,2
86170,17,476,370,2
86186,17,479,382,2
86203,17,476,393,2
86219,17,483,344,4
86236,17,459,347,4
86253,17,476,370,2
86269,17,478,379,2
86286,17,480,373,2
86303,17,475,367,2
86319,17,477,377,2
86336,17,475,376,2
86353,17,482,371,2
86369,17,482,377,2
86386,17,470,602,3
86402,17,536,1067,0
86669,266,613,1075,0
86685,17,650,868,0
86702,17,527,703,3
86719,17,511,629,3
86735,17,518,566,3
86752,17,527,510,3
86768,17,519,459,3
86785,17,537,428,3
86802,17,531,411,2
86818,17,539,382,2
86835,17,523,408,2
86852,17,534,353,4
86868,17,533,369,2
86885,17,573,322,4
86901,17,567,271,0
86918,17,568,278,0
86935,17,560,308,4
86951,17,564,302,4
86968,17,568,300,4
86985,17,567,313,4
87001,17,575,303,4
87018,17,571,285,0
87035,17,566,313,4
87051,17,563,316,4
87068,17,565,313,4
87084,17,550,314,4
87101,17,560,290,4
87118,17,575,296,4
87134,17,561,331,4
87151,17,540,361,4
87168,17,522,359,4
87184,17,537,365,2
87201,17,534,399,2
87218,17,544,380,2
87234,17,537,405,2
87251,17,540,413,2
87267,17,527,366,2
87284,17,539,404,2
87301,17,524,386,2
87317,17,535,423,3
87334,17,534,395,2
87351,17,534,415,2
87367,17,535,405,2
87384,17,546,408,2
87401,17,539,414,2
87417,17,542,412,2
87434,17,537,401,2
87450,17,526,415,2
87467,17,526,429,3
87484,17,543,425,3
87500,17,530,425,3
87517,17,542,394,2
87534,17,534,423,3
87550,17,541,416,2
87567,17,516,434,3
87584,17,544,430,3
87600,17,535,422,3
87617,17,520,386,2
87633,17,530,384,2
87650,17,542,421,5
87667,17,531,419,5
87683,17,532,416,2
87700,17,541,406,2
87717,17,534,398,2
87733,17,531,408,2
87750,17,529,430,3
87767,17,536,433,3
87783,17,541,433,3
87800,17,537,401,2
87816,17,538,399,2
87833,17,534,414,2
87850,17,533,429,3
87866,17,542,410,2
87883,17,531,442,3
87900,17,539,431,3
87916,17,537,437,3
87933,17,531,443,3
87950,17,541,430,3
87966,17,533,422,3
87983,17,532,416,2
87999,17,532,428,3
88016,17,533,432,3
88033,17,537,453,3
88049,17,535,450,3
88066,17,541,408,2
88083,17,534,427,3
88099,17,523,426,3
88116,17,531,415,2
88132,17,533,410,2
88149,17,527,440,3
88166,17,524,449,3
88182,17,523,444,3
88199,17,515,427,3
88216,17,474,429,3
88232,17,487,414,2
88249,17,486,424,3
88266,17,476,422,3
88282,17,485,412,2
88299,17,488,406,2
88315,17,484,409,2
88332,17,488,417,5
88349,17,484,409,2
88365,17,484,413,2
88382,17,486,435,3
88399,17,471,407,2
88415,17,490,415,2
88432,17,427,393,2
88449,17,390,363,0
88465,17,368,316,0
88482,17,357,309,0
88498,17,347,345,0
88515,17,357,312,0
88532,17,359,356,0
88548,17,366,339,0
88565,17,367,346,0
88582,17,360,338,0
88598,17,374,363,0
88615,17,367,381,2
88632,17,349,381,2
88648,17,349,369,2
88665,17,357,365,2
88681,17,358,343,0
88698,17,370,358,0
88715,17,375,347,0
88731,17,371,343,0
88748,17,356,380,2
88765,17,378,344,0
88781,17,375,369,2
88798,17,372,364,0
88815,17,363,361,0
88831,17,369,369,2
88848,17,367,381,2
88864,17,407,382,2
88881,17,464,429,3
88898,17,492,433,3
88914,17,487,421,5
88931,17,493,435,3
88948,17,497,438,3
88964,17,496,443,3
88981,17,500,433,3
88998,17,491,411,2
89014,17,492,446,3
89031,17,494,437,3
89047,17,489,440,3
89064,17,494,433,3
89081,17,494,444,3
89097,17,491,456,3
89114,17,492,441,3
89131,17,476,423,3
89147,17,475,438,3
89164,17,473,435,3
89180,17,471,420,3
89197,17,473,431,3
89214,17,471,421,3
89230,17,476,450,3
89247,17,468,416,2
89264,17,477,415,2
89280,17,467,464,3
89297,17,465,439,3
89314,17,470,452,3
89330,17,471,447,3
89347,17,481,444,3
89363,17,470,470,3
89380,17,474,456,3
89397,17,467,442,3
89413,17,467,446,3
89430,17,467,460,3
89447,17,468,430,3
89463,17,467,480,3
89480,17,461,439,3
89497,17,469,477,3
89513,17,473,423,3
89530,17,462,438,3
89546,17,465,448,3
89563,17,466,446,3
89580,17,466,447,3
89596,17,463,443,3
89613,17,462,440,3
89630,17,462,432,3
89646,17,462,451,3
89663,17,460,450,3
89680,17,463,441,3
89696,17,462,448,3
89713,17,471,470,3
89729,17,465,460,3
89746,17,465,476,3
89763,17,460,466,3
89779,17,460,450,3
89796,17,465,453,3
89813,17,470,432,3
89829,17,466,447,3
89846,17,476,466,3
89863,17,471,438,3
89879,17,471,432,3
89896,17,470,423,3
89912,17,473,453,3
89929,17,461,437,3
89946,17,475,446,3
89962,17,470,430,3
89979,17,469,449,3
89996,17,469,439,3
90012,17,475,433,3
90029,17,471,436,3
90046,17,471,446,3
90062,17,474,433,3
90079,17,465,448,3
90095,17,473,449,3
90112,17,466,436,3
90129,17,470,435,3
90145,17,477,419,3
90162,17,468,458,3
90179,17,492,492,3
90195,17,498,509,3
90212,17,500,488,3
90229,17,499,511,3
90245,17,499,514,3
90262,17,494,523,3
90278,17,496,531,3
90295,17,499,513,3
90312,17,501,527,3
90328,17,496,519,3
90345,17,499,518,3
90362,17,486,521,3
90378,17,496,493,3
90395,17,492,505,3
90411,17,499,512,3
90428,17,503,507,3
90445,17,500,503,3
90461,17,501,523,3
90478,17,502,534,3
90495,17,500,512,3
90511,17,501,527,3
90528,17,497,517,3
90545,17,499,501,3
90561,17,499,523,3
90578,17,497,526,3
90594,17,500,513,3
90611,17,502,508,3
90628,17,497,518,3
90644,17,500,510,3
90661,17,497,517,3
90678,17,497,516,3
90694,17,501,514,3
90711,17,500,497,3
90728,17,497,490,3
90744,17,506,501,3
90761,17,492,505,3
90777,17,492,499,3
90794,17,491,511,3
90811,17,504,514,3
90827,17,499,500,3
90844,17,493,530,3
90861,17,500,501,3
90877,17,502,514,3
90894,17,500,528,3
90911,17,501,532,3
90927,17,502,523,3
90944,17,502,547,3
90960,17,509,504,3
90977,17,503,522,3
90994,17,508,512,3
91010,17,495,507,3
91027,17,497,509,3
91044,17,497,516,3
91060,17,493,483,3
91077,17,497,495,3
91094,17,496,510,3
91110,17,497,506,3
91127,17,502,519,3
91143,17,506,478,3
91160,17,499,492,3
91177,17,500,498,3
91193,17,496,491,3
91210,17,493,533,3
91227,17,496,507,3
91243,17,496,519,3
91260,17,495,510,3
91277,17,497,524,3
91293,17,501,497,3
91310,17,498,487,3
91326,17,492,483,3
91343,17,502,497,3
91360,17,496,507,3
91376,17,498,485,3
91393,17,498,502,3
91410,17,500,477,3
91426,17,494,476,3
91443,17,498,500,3
91459,17,499,503,3
91476,17,493,497,3
91493,17,499,504,3
91509,17,492,499,3
91526,17,491,474,3
91543,17,493,484,3
91559,17,497,480,3
91576,17,500,491,3
91593,17,502,475,3
91609,17,498,483,3
91626,17,498,492,3
91642,17,491,498,3
91659,17,493,490,3
91676,17,486,505,3
91692,17,492,501,3
91709,17,488,507,3
91726,17,496,502,3
91742,17,492,512,3
91759,17,493,497,3
91776,17,493,498,3
91792,17,488,495,3
91809,17,492,493,3
91825,17,493,469,3
91842,17,496,494,3
91859,17,490,520,3
91875,17,492,494,3
91892,17,491,498,3
91909,17,487,484,3
91925,17,486,498,3
91942,17,481,490,3
91959,17,479,494,3
91975,17,488,500,3
91992,17,481,517,3
92008,17,484,490,3
92025,17,488,496,3
92042,17,485,515,3
92058,17,480,513,3
92075,17,483,506,3
92092,17,488,496,3
92108,17,486,506,3
92125,17,475,528,3
92142,17,485,516,3
92158,17,480,519,3
92175,17,480,514,3
92191,17,482,492,3
92208,17,485,493,3
92225,17,483,507,3
92241,17,485,524,3
92258,17,482,500,3
92275,17,514,495,3
92291,17,531,450,3
92308,17,541,430,3
92325,17,547,444,3
92341,17,556,433,3
92358,17,541,440,3
92374,17,543,444,3
92391,17,543,461,3
92408,17,542,474,3
92424,17,544,447,3
92441,17,541,466,3
92458,17,548,456,3
92474,17,544,442,3
92491,17,552,444,3
92508,17,548,458,3
92524,17,545,437,3
92541,17,542,442,3
92557,17,549,445,3
92574,17,545,454,3
92591,17,544,460,3
92607,17,543,448,3
92624,17,542,443,3
92641,17,546,438,3
92657,17,540,451,3
92674,17,543,451,3
92690,17,546,442,3
92707,17,547,464,3
92724,17,541,449,3
92740,17,549,425,3
92757,17,545,437,3
92774,17,536,454,3
92790,17,540,462,3
92807,17,546,412,2
92824,17,537,450,3
92840,17,537,414,2
92857,17,545,449,3
92873,17,544,448,3
92890,17,540,463,3
92907,17,546,454,3
92923,17,538,466,3
92940,17,540,459,3
92957,17,540,476,3
92973,17,534,473,3
92990,17,541,459,3
93007,17,540,483,3
93023,17,538,462,3
93040,17,534,480,3
93056,17,538,444,3
93073,17,536,461,3
93090,17,532,478,3
93106,17,537,468,3
93123,17,533,475,3
93140,17,537,450,3
93156,17,533,433,3
93173,17,531,492,3
93190,17,526,443,3
93206,17,531,456,3
93223,17,537,488,3
93239,17,528,452,3
93256,17,529,446,3
93273,17,536,450,3
93289,17,529,469,3
93306,17,521,421,5
93323,17,533,454,3
93339,17,529,448,3
93356,17,540,431,3
93373,17,524,433,3
93389,17,531,458,3
93406,17,528,473,3
93422,17,525,445,3
93439,17,533,480,3
93456,17,532,477,3
93472,17,532,438,3
93489,17,525,479,3
93506,17,527,442,3
93522,17,502,465,3
93539,17,458,453,3
93556,17,447,493,3
93572,17,453,480,3
93589,17,465,467,3
93605,17,467,470,3
93622,17,460,466,3
93639,17,481,479,3
93655,17,458,473,3
93672,17,452,469,3
93689,17,454,480,3
93705,17,454,490,3
93722,17,462,499,3
93739,17,462,509,3
93755,17,461,507,3
93772,17,461,481,3
93788,17,472,471,3
93805,17,445,497,3
93822,17,462,489,3
93838,17,463,486,3
93855,17,458,462,3
93872,17,460,479,3
93888,17,458,479,3
93905,17,460,487,3
93921,17,463,495,3
93938,17,463,509,3
93955,17,455,468,3
93971,17,460,504,3
93988,17,464,505,3
94005,17,464,506,3
94021,17,460,499,3
94038,17,473,486,3
94055,17,458,489,3
94071,17,465,485,3
94088,17,464,510,3
94104,17,468,459,3
94121,17,456,490,3
94138,17,461,479,3
94154,17,459,478,3
94171,17,458,478,3
94188,17,463,483,3
94204,17,450,468,3
94221,17,445,488,3
94238,17,467,472,3
94254,17,457,471,3
94271,17,465,467,3
94287,17,467,491,3
94304,17,473,506,3
94321,17,464,485,3
94337,17,464,487,3
94354,17,448,500,3
94371,17,467,493,3
94387,17,465,497,3
94404,17,466,483,3
94421,17,460,494,3
94437,17,454,485,3
94454,17,468,477,3
94470,17,463,483,3
94487,17,460,490,3
94504,17,462,494,3
94520,17,459,485,3
94537,17,445,488,3
94554,17,455,482,3
94570,17,463,471,3
94587,17,462,497,3
94604,17,471,465,3
94620,17,455,488,3
94637,17,459,465,3
94653,17,446,492,3
94670,17,463,501,3
94687,17,461,480,3
94703,17,461,507,3
94720,17,456,495,3
94737,17,462,501,3
94753,17,463,470,3
94770,17,460,461,3
94787,17,462,468,3
94803,17,454,499,3
94820,17,471,504,3
94836,17,469,473,3
94853,17,455,496,3
94870,17,461,500,3
94886,17,468,491,3
94903,17,458,503,3
94920,17,456,495,3
94936,17,493,500,3
94953,17,514,578,3
94969,17,516,584,3
94986,17,516,602,3
95003,17,522,572,3
95019,17,517,583,3
95036,17,517,549,3
95053,17,514,552,3
95069,17,517,564,3
95086,17,522,536,3
95103,17,518,545,3
95119,17,521,587,3
95136,17,510,588,3
95152,17,516,602,3
95169,17,512,580,3
95186,17,518,572,3
95202,17,517,596,3
95219,17,528,522,3
95236,17,528,501,3
95252,17,535,475,3
95269,17,533,461,3
95286,17,529,505,3
95302,17,530,466,3
95319,17,534,480,3
95335,17,526,510,3
95352,17,529,492,3
95369,17,527,500,3
95385,17,533,509,3
95402,17,547,479,3
95419,17,533,497,3
95435,17,526,493,3
95452,17,537,484,3
95469,17,533,508,3
95485,17,537,460,3
95502,17,533,490,3
95518,17,525,497,3
95535,17,532,478,3
95552,17,530,462,3
95568,17,526,469,3
95585,17,534,476,3
95602,17,532,486,3
95618,17,538,467,3
95635,17,543,502,3
95652,17,534,514,3
95668,17,532,472,3
95685,17,537,475,3
95701,17,538,468,3
95718,17,534,480,3
95735,17,530,494,3
95751,17,539,481,3
95768,17,535,516,3
95785,17,533,485,3
95801,17,542,479,3
95818,17,531,470,3
95835,17,504,455,3
95851,17,514,440,3
95868,17,539,464,3
95884,17,535,453,3
95901,17,538,477,3
95918,17,533,465,3
95934,17,537,469,3
95951,17,528,506,3
95968,17,593,1002,0
96134,166,594,936,0
96151,17,510,701,3
96167,17,517,529,3
96184,17,554,504,3
96200,17,525,412,2
96217,17,522,307,4
96234,17,528,354,4
96250,17,523,396,2
96267,17,527,418,5
96284,17,529,409,2
96300,17,521,399,2
96317,17,527,429,3
96334,17,530,414,2
96350,17,531,376,2
96367,17,525,408,2
96383,17,527,420,5
96400,17,528,407,2
96417,17,530,381,2
96433,17,523,421,5
96450,17,525,412,2
96467,17,526,418,5
96483,17,525,437,3
96500,17,523,416,2
96517,17,524,401,2
96533,17,520,398,2
96550,17,520,422,3
96566,17,527,406,2
96583,17,528,417,5
96600,17,523,423,3
96616,17,520,416,2
96633,17,519,425,3
96650,17,524,419,5
96666,17,520,418,5
96683,17,522,438,3
96700,17,516,409,2
96716,17,510,414,2
96733,17,519,426,3
96749,17,515,433,3
96766,17,516,433,3
96783,17,520,428,3
96799,17,505,409,2
96816,17,517,420,5
96833,17,519,403,2
96849,17,523,413,2
96866,17,514,409,2
96883,17,521,420,5
96899,17,512,418,5
96916,17,517,431,3
96932,17,515,392,2
96949,17,514,400,2
96966,17,515,386,2
96982,17,512,406,2
96999,17,516,430,3
97016,17,525,412,2
97032,17,510,413,2
97049,17,514,420,5
97066,17,515,423,3
97082,17,511,407,2
97099,17,508,432,3
97115,17,511,420,5
97132,17,511,427,3
97149,17,513,437,3
97165,17,508,430,3
97182,17,510,432,3
97199,17,511,454,3
97215,17,516,431,3
97232,17,509,406,2
97248,17,513,429,3
97265,17,507,423,3
97282,17,491,427,3
97298,17,510,414,2
97315,17,496,444,3
97332,17,506,444,3
97348,17,507,429,3
97365,17,512,395,2
97382,17,499,420,5
97398,17,502,414,2
97415,17,506,429,3
97431,17,504,423,3
97448,17,507,445,3
97465,17,507,412,2
97481,17,509,418,5
97498,17,509,414,2
97515,17,505,426,3
97531,17,493,388,2
97548,17,503,404,2
97565,17,512,413,2
97581,17,504,392,2
97598,17,505,450,3
97614,17,505,443,3
97631,17,504,410,2
97648,17,504,454,3
97664,17,504,416,2
97681,17,502,436,3
97698,17,506,438,3
97714,17,508,434,3
97731,17,505,431,3
97748,17,494,408,2
97764,17,506,415,2
97781,17,505,399,2
97797,17,500,415,2
97814,17,509,392,2
97831,17,511,433,3
97847,17,501,441,3
97864,17,518,433,3
97881,17,499,404,2
97897,17,501,397,2
97914,17,494,418,5
97931,17,502,396,2
97947,17,502,415,2
97964,17,496,445,3
97980,17,504,431,3
97997,17,501,398,2
98014,17,500,442,3
98030,17,497,431,3
98047,17,481,428,3
98064,17,491,400,2
98080,17,497,409,2
98097,17,507,414,2
98114,17,501,439,3
98130,17,511,403,2
98147,17,502,412,2
98163,17,503,409,2
98180,17,498,400,2
98197,17,501,398,2
98213,17,500,403,2
98230,17,505,392,2
98247,17,504,423,3
98263,17,496,450,3
98280,17,494,450,3
98297,17,495,455,3
98313,17,497,440,3
98330,17,496,410,2
98346,17,495,416,2
98363,17,481,444,3
98380,17,490,422,3
98396,17,495,427,3
98413,17,496,431,3
98430,17,499,438,3
98446,17,499,433,3
98463,17,495,422,3
98479,17,493,420,5
98496,17,498,434,3
98513,17,499,431,3
98529,17,499,445,3
98546,17,496,445,3
98563,17,495,437,3
98579,17,501,404,2
98596,17,476,400,2
98613,17,495,410,2
98629,17,500,428,3
98646,17,496,421,5
98662,17,500,419,5
98679,17,490,419,5
98696,17,496,445,3
98712,17,495,431,3
98729,17,494,442,3
98746,17,490,427,3
98762,17,497,409,2
98779,17,495,450,3
98796,17,496,434,3
98812,17,500,451,3
98829,17,482,432,3
98845,17,465,425,3
98862,17,466,441,3
98879,17,459,426,3
98895,17,468,397,2
98912,17,464,389,2
98929,17,467,448,3
98945,17,470,395,2
98962,17,470,391,2
98979,17,473,411,2
98995,17,475,402,2
99012,17,468,402,2
99028,17,473,384,2
99045,17,453,424,3
99062,17,470,426,3
99078,17,472,424,3
99095,17,474,417,2
99112,17,470,446,3
99128,17,447,429,3
99145,17,465,438,3
99162,17,470,442,3
99178,17,499,451,3
99195,17,499,445,3
99211,17,504,450,3
99228,17,499,435,3
99245,17,503,432,3
99261,17,502,454,3
99278,17,500,449,3
99295,17,494,467,3
99311,17,503,453,3
99328,17,500,440,3
99345,17,498,463,3
99361,17,497,439,3
99378,17,503,472,3
99394,17,497,467,3
99411,17,490,653,3
99844,433,670,1023,0
99860,17,682,779,0
99877,17,660,529,3
99893,17,586,705,3
99910,17,572,637,3
99927,17,614,567,3
99943,17,582,553,3
99960,17,569,506,3
99977,17,510,522,3
99993,17,506,486,3
100010,17,509,446,3
100027,17,519,443,3
100043,17,524,426,3
100060,17,520,431,3
100076,17,515,419,5
100093,17,516,409,2
100110,17,518,386,2
100126,17,511,393,2
100143,17,517,370,2
100160,17,532,358,4
100176,17,530,345,4
100193,17,529,334,4
100210,17,500,382,2
100226,17,519,411,2
100243,17,519,412,2
100259,17,533,388,2
100276,17,521,422,3
100293,17,506,442,3
100309,17,530,416,2
100326,17,528,422,3
100343,17,521,395,2
100359,17,526,397,2
100376,17,528,369,2
100393,17,524,396,2
100409,17,530,393,2
100426,17,526,383,2
100442,17,528,429,3
100459,17,515,391,2
100476,17,506,383,2
100492,17,502,388,2
100509,17,503,377,2
100526,17,501,397,2
100542,17,505,396,2
100559,17,502,398,2
100576,17,503,430,3
100592,17,504,388,2
100609,17,508,409,2
100625,17,507,372,2
100642,17,507,393,2
100659,17,507,392,2
100675,17,510,394,2
100692,17,512,385,2
100709,17,506,402,2
100725,17,505,395,2
100742,17,506,382,2
100758,17,504,369,2
100775,17,508,366,2
100792,17,504,448,3
100808,17,508,409,2
100825,17,510,445,3
100842,17,509,420,5
100858,17,514,421,5
100875,17,510,437,3
100892,17,507,403,2
100908,17,507,432,3
100925,17,507,434,3
100941,17,514,428,3
100958,17,510,429,3
100975,17,506,415,2
100991,17,505,413,2
101008,17,496,363,4
101025,17,495,397,2
101041,17,501,387,2
101058,17,495,364,4
101075,17,498,367,2
101091,17,500,391,2
101108,17,501,367,2
101124,17,498,357,4
101141,17,498,379,2
101158,17,497,403,2
101174,17,497,382,2
101191,17,489,387,2
101208,17,493,380,2
101224,17,490,386,2
101241,17,489,393,2
101258,17,477,353,4
101274,17,479,356,4
101291,17,482,369,2
101307,17,484,364,4
101324,17,477,369,2
101341,17,483,384,2
101357,17,479,365,2
101374,17,476,379,2
101391,17,478,372,2
101407,17,484,358,4
101424,17,480,371,2
101441,17,482,372,2
101457,17,483,370,2
101474,17,482,394,2
101490,17,492,377,2
101507,17,483,391,2
101524,17,479,396,2
101540,17,479,360,4
101557,17,479,366,2
101574,17,478,389,2
101590,17,477,388,2
101607,17,485,391,2
101624,17,478,378,2
101640,17,475,392,2
101657,17,474,384,2
101673,17,482,354,4
101690,17,480,372,2
101707,17,472,382,2
101723,17,476,378,2
101740,17,482,368,2
101757,17,478,372,2
101773,17,481,402,2
101790,17,479,382,2
101806,17,466,385,2
101823,17,473,387,2
101840,17,475,391,2
101856,17,470,409,2
101873,17,472,371,2
101890,17,476,387,2
101906,17,472,402,2
101923,17,472,389,2
101940,17,475,402,2
101956,17,470,422,3
101973,17,478,371,2
101989,17,482,401,2
102006,17,476,389,2
102023,17,475,372,2
102039,17,477,380,2
102056,17,479,410,2
102073,17,473,387,2
102089,17,474,380,2
102106,17,472,381,2
102123,17,474,382,2
102139,17,472,412,2
102156,17,468,386,2
102172,17,473,368,2
102189,17,471,391,2
102206,17,470,379,2
102222,17,474,394,2
102239,17,468,409,2
102256,17,474,399,2
102272,17,475,389,2
102289,17,481,379,2
102306,17,474,394,2
102322,17,470,394,2
102339,17,478,380,2
102355,17,476,378,2
102372,17,475,379,2
102389,17,476,408,2
102405,17,474,386,2
102422,17,477,373,2
102439,17,531,388,2
102455,17,538,422,3
102472,17,555,377,2
102489,17,544,393,2
102505,17,541,395,2
102522,17,559,364,4
102538,17,549,393,2
102555,17,545,388,2
102572,17,539,391,2
102588,17,556,387,2
102605,17,546,388,2
102622,17,545,378,2
102638,17,556,388,2
102655,17,549,399,2
102672,17,551,412,2
102688,17,546,405,2
102705,17,544,399,2
102721,17,547,388,2
102738,17,548,371,2
102755,17,549,381,2
102771,17,554,336,4
102788,17,553,389,2
102805,17,548,346,4
102821,17,550,393,2
102838,17,554,406,2
102855,17,550,382,2
102871,17,552,394,2
102888,17,553,391,2
102904,17,587,372,2
102921,17,586,360,4
102938,17,591,340,4
102954,17,590,348,4
102971,17,584,387,2
102988,17,586,368,2
103004,17,583,371,2
103021,17,583,372,2
103037,17,594,391,2
103054,17,566,391,2
103071,17,574,396,2
103087,17,576,385,2
103104,17,575,388,2
103121,17,590,373,2
103137,17,592,361,4
103154,17,577,373,2
103171,17,586,390,2
103187,17,545,384,2
103204,17,549,390,2
103220,17,558,368,2
103237,17,547,384,2
103254,17,555,379,2
103270,17,549,389,2
103287,17,550,365,2
103304,17,551,403,2
103320,17,559,391,2
103337,17,553,389,2
103354,17,552,370,2
103370,17,547,388,2
103387,17,545,389,2
103403,17,547,374,2
103420,17,528,392,2
103437,17,541,409,2
103453,17,531,386,2
103470,17,540,398,2
103487,17,540,412,2
103503,17,532,405,2
103520,17,537,390,2
103537,17,534,405,2
103553,17,538,389,2
103570,17,536,376,2
103586,17,538,400,2
103603,17,538,396,2
103620,17,540,419,5
103636,17,536,402,2
103653,17,537,394,2
103670,17,543,387,2
103686,17,539,387,2
103703,17,536,414,2
103720,17,537,418,5
103736,17,528,427,3
103753,17,529,404,2
103769,17,536,424,3
103786,17,536,429,3
103803,17,530,409,2
103819,17,544,406,2
103836,17,536,384,2
103853,17,537,395,2
103869,17,534,412,2
103886,17,530,416,2
103903,17,531,404,2
103919,17,538,400,2
103936,17,534,402,2
103952,17,533,402,2
103969,17,533,395,2
103986,17,534,401,2
104002,17,539,387,2
104019,17,529,380,2
104036,17,538,380,2
104052,17,533,409,2
104069,17,535,414,2
104086,17,539,400,2
104102,17,529,407,2
104119,17,538,397,2
104135,17,534,384,2
104152,17,531,420,5
104169,17,539,417,5
104185,17,538,409,2
104202,17,536,404,2
104219,17,541,381,2
104235,17,541,415,2
104252,17,539,403,2
104268,17,518,422,3
104285,17,527,409,2
104302,17,510,420,5
104318,17,512,413,2
104335,17,515,409,2
104352,17,497,393,2
104368,17,510,411,2
104385,17,519,392,2
104402,17,504,387,2
104418,17,497,426,3
104435,17,499,418,5
104451,17,517,395,2
104468,17,512,409,2
104485,17,487,381,2
104501,17,491,397,2
104518,17,498,408,2
104535,17,486,389,2
104551,17,482,416,2
104568,17,495,395,2
104585,17,492,392,2
104601,17,491,393,2
104618,17,489,393,2
104634,17,480,381,2
104651,17,489,379,2
104668,17,496,369,2
104684,17,486,393,2
104701,17,494,375,2
104718,17,479,410,2
104734,17,487,403,2
104751,17,470,404,2
104768,17,492,421,5
104784,17,496,403,2
104801,17,485,408,2
104817,17,480,414,2
104834,17,488,396,2
104851,17,484,400,2
104867,17,488,391,2
104884,17,484,400,2
104901,17,487,396,2
104917,17,483,405,2
104934,17,486,409,2
104951,17,484,395,2
104967,17,484,433,3
104984,17,488,416,2
105000,17,483,407,2
105017,17,487,420,5
105034,17,485,420,5
105050,17,482,398,2
105067,17,487,402,2
105084,17,488,420,5
105100,17,475,413,2
105117,17,479,432,3
105134,17,482,364,4
105150,17,480,391,2
105167,17,485,388,2
105183,17,479,391,2
105200,17,478,405,2
105217,17,477,406,2
105233,17,477,389,2
105250,17,483,428,3
105267,17,474,398,2
105283,17,481,401,2
105300,17,475,391,2
105316,17,476,414,2
105333,17,479,393,2
105350,17,483,388,2
105366,17,478,397,2
105383,17,477,405,2
105400,17,474,420,3
105416,17,481,394,2
105433,17,480,402,2
105450,17,477,404,2
105466,17,479,414,2
105483,17,477,406,2
105499,17,476,406,2
105516,17,478,399,2
105533,17,480,394,2
105549,17,482,395,2
105566,17,479,385,2
105583,17,493,412,2
105599,17,495,411,2
105616,17,500,399,2
105633,17,494,411,2
105649,17,503,407,2
105666,17,503,647,3
105682,17,588,1014,0
105699,17,571,364,4
105832,133,447,408,2
105849,17,554,1068,0
105865,17,587,862,0
105882,17,491,615,3
105899,17,486,711,3
105915,17,487,614,3
105932,17,506,460,3
105949,17,491,392,2
105965,17,507,340,4
105982,17,516,345,4
105999,17,511,353,4
106015,17,523,372,2
106032,17,505,388,2
106048,17,514,385,2
106065,17,507,399,2
106082,17,505,393,2
106098,17,503,402,2
106115,17,508,405,2
106132,17,512,412,2
106148,17,500,422,3
106165,17,502,413,2
106182,17,516,366,2
106198,17,502,404,2
106215,17,506,400,2
106231,17,504,407,2
106248,17,502,385,2
106265,17,519,379,2
106281,17,511,385,2
106298,17,507,397,2
106315,17,498,393,2
106331,17,516,399,2
106348,17,508,388,2
106365,17,503,393,2
106381,17,500,399,2
106398,17,501,394,2
106414,17,510,398,2
106431,17,504,415,2
106448,17,505,409,2
106464,17,495,394,2
106481,17,495,374,2
106498,17,486,388,2
106514,17,494,352,4
106531,17,491,385,2
106547,17,489,385,2
106564,17,485,373,2
106581,17,493,403,2
106597,17,494,391,2
106614,17,495,372,2
106631,17,489,379,2
106647,17,489,367,2
106664,17,484,363,4
106681,17,486,366,2
106697,17,487,385,2
106714,17,489,358,4
106730,17,487,375,2
106747,17,490,361,4
106764,17,497,371,2
106780,17,489,388,2
106797,17,484,379,2
106814,17,485,371,2
106830,17,490,353,4
106847,17,490,403,2
106864,17,488,385,2
106880,17,508,385,2
106897,17,515,381,2
106913,17,517,354,4
106930,17,523,388,2
106947,17,516,378,2
106963,17,514,388,2
106980,17,520,391,2
106997,17,516,383,2
107013,17,522,384,2
107030,17,513,383,2
107047,17,518,399,2
107063,17,520,383,2
107080,17,524,398,2
107096,17,529,387,2
107113,17,510,387,2
107130,17,522,384,2
107146,17,522,375,2
107163,17,523,386,2
107180,17,518,381,2
107196,17,513,389,2
107213,17,522,400,2
107230,17,521,393,2
107246,17,511,399,2
107263,17,517,378,2
107279,17,522,416,2
107296,17,519,405,2
107313,17,517,413,2
107329,17,517,395,2
107346,17,520,399,2
107363,17,522,391,2
107379,17,511,384,2
107396,17,504,441,3
107413,17,527,414,2
107429,17,521,405,2
107446,17,520,391,2
107462,17,511,422,3
107479,17,514,399,2
107496,17,513,392,2
107512,17,515,416,2
107529,17,521,401,2
107546,17,524,409,2
107562,17,520,374,2
107579,17,523,394,2
107595,17,520,379,2
107612,17,523,388,2
107629,17,531,370,2
107645,17,505,383,2
107662,17,518,365,2
107679,17,513,412,2
107695,17,525,386,2
107712,17,523,373,2
107729,17,518,378,2
107745,17,511,374,2
107762,17,521,389,2
107778,17,523,382,2
107795,17,524,385,2
107812,17,520,395,2
107828,17,525,369,2
107845,17,522,377,2
107862,17,519,391,2
107878,17,528,382,2
107895,17,527,369,2
107912,17,524,368,2
107928,17,519,380,2
107945,17,520,371,2
107961,17,520,383,2
107978,17,521,386,2
107995,17,524,383,2
108011,17,542,392,2
108028,17,541,387,2
108045,17,549,357,4
108061,17,548,368,2
108078,17,547,385,2
108095,17,549,408,2
108111,17,551,381,2
108128,17,544,365,2
108144,17,557,362,4
108161,17,549,373,2
108178,17,539,372,2
108194,17,549,366,2
108211,17,545,395,2
108228,17,547,387,2
108244,17,541,379,2
108261,17,546,366,2
108278,17,550,361,4
108294,17,546,361,4
108311,17,544,351,4
108327,17,551,374,2
108344,17,543,388,2
108361,17,547,359,4
108377,17,547,358,4
108394,17,551,369,2
108411,17,551,376,2
108427,17,545,369,2
108444,17,549,381,2
108461,17,541,369,2
108477,17,546,353,4
108494,17,545,393,2
108510,17,538,368,2
108527,17,550,364,4
108544,17,546,347,4
108560,17,549,376,2
108577,17,544,370,2
108594,17,551,362,4
108610,17,545,380,2
108627,17,542,382,2
108644,17,545,368,2
108660,17,540,336,4
108677,17,545,361,4
108693,17,541,380,2
108710,17,514,387,2
108727,17,526,380,2
108743,17,516,384,2
108760,17,505,363,4
108777,17,520,366,2
108793,17,517,395,2
108810,17,511,398,2
108826,17,519,407,2
108843,17,528,372,2
108860,17,528,388,2
108876,17,518,373,2
108893,17,527,397,2
108910,17,516,386,2
108926,17,524,404,2
108943,17,521,399,2
108960,17,530,386,2
108976,17,503,388,2
108993,17,512,392,2
109009,17,516,373,2
109026,17,514,372,2
109043,17,521,406,2
109059,17,509,402,2
109076,17,497,412,2
109093,17,512,394,2
109109,17,517,389,2
109126,17,515,396,2
109143,17,520,386,2
109159,17,515,412,2
109176,17,516,420,5
109192,17,517,418,5
109209,17,514,432,3
109226,17,515,414,2
109242,17,511,410,2
109259,17,510,420,5
109276,17,515,412,2
109292,17,519,422,3
109309,17,499,427,3
109326,17,505,411,2
109342,17,514,391,2
109359,17,504,404,2
109375,17,508,432,3
109392,17,507,414,2
109409,17,510,398,2
109425,17,541,416,2
109442,17,542,406,2
109459,17,546,411,2
109475,17,541,386,2
109492,17,541,408,2
109509,17,549,370,2
109525,17,546,390,2
109542,17,548,387,2
109558,17,545,405,2
109575,17,541,416,2
109592,17,547,403,2
109608,17,551,396,2
109625,17,549,394,2
109642,17,572,380,2
109658,17,563,396,2
109675,17,576,392,2
109692,17,584,377,2
109708,17,583,359,4
109725,17,564,392,2
109741,17,571,366,2
109758,17,572,376,2
109775,17,567,377,2
109791,17,575,385,2
109808,17,574,413,2
109825,17,565,407,2
109841,17,574,375,2
109858,17,576,403,2
109874,17,565,397,2
109891,17,563,417,5
109908,17,574,394,2
109924,17,579,376,2
109941,17,578,371,2
109958,17,589,379,2
109974,17,595,393,2
109991,17,577,370,2
110008,17,604,377,2
110024,17,578,388,2
110041,17,582,362,4
110057,17,587,370,2
110074,17,575,370,2
110091,17,587,390,2
110107,17,574,361,4
110124,17,587,368,2
110141,17,583,375,2
110157,17,580,359,4
110174,17,584,376,2
110191,17,586,384,2
110207,17,584,391,2
110224,17,580,344,4
110240,17,585,366,2
110257,17,577,358,4
110274,17,570,369,2
110290,17,583,360,4
110307,17,581,369,2
110324,17,581,374,2
110340,17,586,407,2
110357,17,579,371,2
110374,17,587,405,2
110390,17,587,388,2
110407,17,581,357,4
110423,17,580,370,2
110440,17,567,405,2
110457,17,579,356,4
110473,17,571,381,2
110490,17,571,381,2
110507,17,581,371,2
110523,17,582,389,2
110540,17,585,365,2
110557,17,585,371,2
110573,17,581,372,2
110590,17,575,383,2
110606,17,577,340,4
110623,17,573,381,2
110640,17,582,346,4
110656,17,576,383,2
110673,17,574,379,2
110690,17,574,368,2
110706,17,584,342,4
110723,17,573,374,2
110740,17,579,364,4
110756,17,582,360,4
110773,17,579,389,2
110789,17,579,371,2
110806,17,575,351,4
110823,17,579,389,2
110839,17,574,367,2
110856,17,576,355,4
110873,17,578,350,4
110889,17,585,362,4
110906,17,572,360,4
110923,17,589,371,2
110939,17,551,390,2
110956,17,560,379,2
110972,17,545,394,2
110989,17,555,372,2
111006,17,563,376,2
111022,17,557,391,2
111039,17,552,387,2
111056,17,550,383,2
111072,17,552,396,2
111089,17,552,380,2
111105,17,550,395,2
111122,17,546,401,2
111139,17,554,373,2
111155,17,547,383,2
111172,17,550,392,2
111189,17,551,388,2
111205,17,553,373,2
111222,17,542,395,2
111239,17,547,396,2
111255,17,536,422,3
111272,17,523,402,2
111288,17,538,408,2
111305,17,528,393,2
111322,17,527,439,3
111338,17,529,397,2
111355,17,526,414,2
111372,17,526,413,2
111388,17,530,400,2
111405,17,526,439,3
111422,17,529,425,3
111438,17,529,428,3
111455,17,525,402,2
111471,17,534,425,3
111488,17,535,420,5
111505,17,526,428,3
111521,17,527,422,3
111538,17,526,401,2
111555,17,528,443,3
111571,17,527,435,3
111588,17,529,409,2
111605,17,530,407,2
111621,17,528,423,3
111638,17,531,417,5
111654,17,526,428,3
111671,17,536,444,3
111688,17,533,435,3
111704,17,533,446,3
111721,17,523,657,3
111937,216,521,906,0
111954,17,530,625,3
111971,17,535,782,0
111987,17,581,628,3
112004,17,528,606,3
112020,17,534,498,3
112037,17,532,448,3
112054,17,537,400,2
112070,17,546,361,4
112087,17,540,326,4
112104,17,546,325,4
112120,17,552,318,4
112137,17,545,299,4
112154,17,544,352,4
112170,17,544,302,4
112187,17,545,344,4
112203,17,539,324,4
112220,17,542,347,4
112237,17,544,351,4
112253,17,543,387,2
112270,17,540,341,4
112287,17,541,356,4
112303,17,548,373,2
112320,17,548,346,4
112336,17,547,369,2
112353,17,547,383,2
112370,17,544,365,2
112386,17,542,367,2
112403,17,549,358,4
112420,17,549,347,4
112436,17,548,376,2
112453,17,550,361,4
112470,17,551,360,4
112486,17,550,379,2
112503,17,546,389,2
112519,17,541,405,2
112536,17,544,400,2
112553,17,554,383,2
112569,17,541,416,2
112586,17,550,396,2
112603,17,552,395,2
112619,17,546,390,2
112636,17,551,385,2
112653,17,546,392,2
112669,17,536,394,2
112686,17,546,359,4
112702,17,513,432,3
112719,17,518,402,2
112736,17,509,375,2
112752,17,514,385,2
112769,17,512,372,2
112786,17,514,391,2
112802,17,501,414,2
112819,17,520,397,2
112836,17,511,390,2
112852,17,513,381,2
112869,17,522,373,2
112885,17,515,396,2
112902,17,517,412,2
112919,17,510,407,2
112935,17,524,383,2
112952,17,516,382,2
112969,17,515,380,2
112985,17,518,385,2
113002,17,510,415,2
113019,17,511,410,2
113035,17,510,418,5
113052,17,507,384,2
113068,17,508,411,2
113085,17,505,422,3
113102,17,510,413,2
113118,17,511,398,2
113135,17,511,417,5
113152,17,515,394,2
113168,17,522,393,2
113185,17,516,392,2
113202,17,514,389,2
113218,17,511,425,3
113235,17,511,385,2
113251,17,485,413,2
113268,17,497,377,2
113285,17,495,407,2
113301,17,490,412,2
113318,17,498,399,2
113335,17,494,416,2
113351,17,496,391,2
113368,17,493,394,2
113384,17,493,391,2
113401,17,493,414,2
113418,17,488,429,3
113434,17,496,392,2
113451,17,493,387,2
113468,17,501,371,2
113484,17,495,375,2
113501,17,490,398,2
113518,17,494,380,2
113534,17,489,406,2
113551,17,484,415,2
113567,17,489,403,2
113584,17,495,385,2
113601,17,489,400,2
113617,17,496,388,2
113634,17,495,415,2
113651,17,498,404,2
113667,17,495,379,2
113684,17,495,409,2
113701,17,502,379,2
113717,17,499,409,2
113734,17,500,403,2
113750,17,487,409,2
113767,17,500,362,4
113784,17,493,378,2
113800,17,493,392,2
113817,17,491,388,2
113834,17,492,376,2
113850,17,500,369,2
113867,17,494,358,4
113884,17,502,392,2
113900,17,506,375,2
113917,17,498,417,5
113933,17,500,430,3
113950,17,496,420,5
113967,17,490,403,2
113983,17,499,409,2
114000,17,499,385,2
114017,17,491,403,2
114033,17,502,406,2
114050,17,496,397,2
114067,17,496,393,2
114083,17,497,403,2
114100,17,495,417,5
114116,17,493,427,3
114133,17,495,415,2
114150,17,496,411,2
114166,17,497,430,3
114183,17,494,433,3
114200,17,498,410,2
114216,17,498,407,2
114233,17,493,420,5
114250,17,477,393,2
114266,17,485,409,2
114283,17,481,392,2
114299,17,471,415,2
114316,17,475,411,2
114333,17,484,398,2
114349,17,475,432,3
114366,17,478,379,2
114383,17,478,387,2
114399,17,477,387,2
114416,17,478,405,2
114433,17,480,421,3
114449,17,482,413,2
114466,17,469,419,3
114482,17,473,396,2
114499,17,478,413,2
114516,17,479,417,2
114532,17,482,400,2
114549,17,478,405,2
114566,17,481,425,3
114582,17,476,408,2
114599,17,480,426,3
114615,17,479,412,2
114632,17,474,400,2
114649,17,469,413,2
114665,17,476,394,2
114682,17,472,400,2
114699,17,477,407,2
114715,17,475,411,2
114732,17,478,421,3
114749,17,482,403,2
114765,17,468,402,2
114782,17,473,390,2
114798,17,480,392,2
114815,17,481,411,2
114832,17,484,398,2
114848,17,510,405,2
114865,17,505,408,2
114882,17,499,390,2
114898,17,501,418,5
114915,17,499,404,2
114932,17,503,395,2
114948,17,500,404,2
114965,17,500,399,2
114981,17,495,427,3
114998,17,491,416,2
115015,17,491,498,3
115031,17,461,1034,0
115248,216,409,524,3
115298,50,472,839,0
115314,17,465,956,0
115331,17,500,341,4
115347,17,540,754,3
115364,17,487,666,3
115381,17,490,623,3
115397,17,490,546,3
115414,17,498,512,3
115431,17,502,458,3
115447,17,494,421,5
115464,17,504,394,2
115481,17,497,366,2
115497,17,507,346,4
115514,17,507,342,4
115530,17,506,342,4
115547,17,510,341,4
115564,17,503,338,4
115580,17,507,329,4
115597,17,503,340,4
115614,17,519,312,4
115630,17,537,323,4
115647,17,529,329,4
115663,17,532,343,4
115680,17,539,328,4
115697,17,532,347,4
115713,17,533,339,4
115730,17,533,385,2
115747,17,535,361,4
115763,17,535,345,4
115780,17,536,372,2
115797,17,530,374,2
115813,17,532,371,2
115830,17,547,355,4
115846,17,534,369,2
115863,17,528,384,2
115880,17,531,377,2
115896,17,531,397,2
115913,17,528,413,2
115930,17,491,400,2
115946,17,506,383,2
115963,17,497,387,2
115980,17,498,401,2
115996,17,494,396,2
116013,17,499,382,2
116029,17,491,390,2
116046,17,492,397,2
116063,17,500,421,5
116079,17,497,419,5
116096,17,496,413,2
116113,17,486,408,2
116129,17,498,398,2
116146,17,496,398,2
116163,17,494,402,2
116179,17,484,421,5
116196,17,489,423,3
116212,17,494,400,2
116229,17,502,399,2
116246,17,500,402,2
116262,17,492,402,2
116279,17,496,395,2
116296,17,496,396,2
116312,17,494,415,2
116329,17,494,396,2
116346,17,492,413,2
116362,17,503,387,2
116379,17,493,396,2
116395,17,500,425,3
116412,17,533,413,2
116429,17,531,376,2
116445,17,532,412,2
116462,17,532,393,2
116479,17,533,424,3
116495,17,526,403,2
116512,17,534,402,2
116529,17,532,417,5
116545,17,533,381,2
116562,17,534,414,2
116578,17,531,417,5
116595,17,530,406,2
116612,17,529,402,2
116628,17,531,401,2
116645,17,528,403,2
116662,17,534,406,2
116678,17,533,389,2
116695,17,535,407,2
116712,17,533,405,2
116728,17,531,393,2
116745,17,537,414,2
116761,17,537,433,3
116778,17,538,422,3
116795,17,541,450,3
116811,17,540,419,5
116828,17,539,407,2
116845,17,540,410,2
116861,17,541,395,2
116878,17,539,403,2
116894,17,535,401,2
116911,17,537,406,2
116928,17,543,414,2
116944,17,537,396,2
116961,17,534,405,2
116978,17,539,415,2
116994,17,538,375,2
117011,17,537,413,2
117028,17,535,387,2
117044,17,538,391,2
117061,17,537,418,5
117077,17,538,433,3
117094,17,536,408,2
117111,17,537,381,2
117127,17,524,414,2
117144,17,505,391,2
117161,17,502,421,5
117177,17,499,410,2
117194,17,497,411,2
117211,17,501,396,2
117227,17,510,397,2
117244,17,504,412,2
117260,17,502,411,2
117277,17,504,420,5
117294,17,505,444,3
117310,17,505,418,5
117327,17,502,425,3
117344,17,506,411,2
117360,17,471,395,2
117377,17,468,428,3
117394,17,471,452,3
117410,17,478,406,2
117427,17,463,438,3
117443,17,465,444,3
117460,17,471,404,2
117477,17,467,419,3
117493,17,477,417,2
117510,17,464,419,3
117527,17,473,454,3
117543,17,473,444,3
117560,17,465,440,3
117577,17,468,423,3
117593,17,460,447,3
117610,17,461,443,3
117626,17,457,459,3
117643,17,460,455,3
117660,17,460,459,3
117676,17,457,436,3
117693,17,463,467,3
117710,17,458,462,3
117726,17,467,478,3
117743,17,466,433,3
117760,17,462,474,3
117776,17,457,444,3
117793,17,460,461,3
117809,17,452,445,3
117826,17,451,449,3
117843,17,455,453,3
117859,17,463,459,3
117876,17,467,427,3
117893,17,458,455,3
117909,17,469,437,3
117926,17,462,433,3
117942,17,467,460,3
117959,17,469,451,3
117976,17,465,421,3
117992,17,465,438,3
118009,17,471,436,3
118026,17,469,444,3
118042,17,469,442,3
118059,17,470,446,3
118076,17,466,449,3
118092,17,468,451,3
118109,17,469,454,3
118125,17,468,444,3
118142,17,466,421,3
118159,17,458,441,3
118175,17,475,431,3
118192,17,464,438,3
118209,17,483,426,3
118225,17,471,437,3
118242,17,470,422,3
118259,17,448,424,3
118275,17,456,430,3
118292,17,448,424,3
118308,17,450,427,3
118325,17,451,441,3
118342,17,452,454,3
118358,17,454,444,3
118375,17,455,430,3
118392,17,455,452,3
118408,17,457,459,3
118425,17,455,454,3
118442,17,452,434,3
118458,17,451,440,3
118475,17,438,453,3
118491,17,420,415,2
118508,17,397,421,3
118525,17,399,433,3
118541,17,416,420,3
118558,17,407,390,2
118575,17,416,411,2
118591,17,412,431,3
118608,17,404,412,2
118625,17,404,417,2
118641,17,408,419,3
118658,17,419,389,2
118674,17,420,422,3
118691,17,401,428,3
118708,17,412,462,3
118724,17,412,406,2
118741,17,414,430,3
118758,17,419,409,2
118774,17,402,419,3
118791,17,413,416,2
118808,17,414,430,3
118824,17,418,425,3
118841,17,420,408,2
118857,17,403,437,3
118874,17,444,428,3
118891,17,458,421,3
118907,17,458,414,2
118924,17,457,403,2
118941,17,452,412,2
118957,17,460,427,3
118974,17,452,420,3
118991,17,461,400,2
119007,17,459,411,2
119024,17,452,387,2
119040,17,463,402,2
119057,17,454,415,2
119074,17,456,400,2
119090,17,458,411,2
119107,17,455,408,2
119124,17,462,393,2
119140,17,459,407,2
119157,17,457,414,2
119173,17,501,418,5
119190,17,491,403,2
119207,17,496,390,2
119223,17,496,397,2
119240,17,507,397,2
119257,17,500,405,2
119273,17,496,399,2
119290,17,499,408,2
119307,17,493,402,2
119323,17,497,384,2
119340,17,500,393,2
119356,17,496,424,3
119373,17,494,420,5
119390,17,492,412,2
119406,17,495,429,3
119423,17,496,424,3
119440,17,493,390,2
119456,17,502,385,2
119473,17,497,388,2
119490,17,492,413,2
119506,17,499,404,2
119523,17,491,398,2
119539,17,499,403,2
119556,17,496,408,2
119573,17,501,400,2
119589,17,502,403,2
119606,17,509,387,2
119623,17,501,362,4
119639,17,498,390,2
119656,17,505,375,2
119673,17,503,398,2
119689,17,505,377,2
119706,17,504,409,2
119722,17,501,385,2
119739,17,505,392,2
119756,17,498,412,2
119772,17,495,424,3
119789,17,491,418,5
119806,17,501,385,2
119822,17,504,370,2
119839,17,508,400,2
119856,17,526,382,2
119872,17,517,412,2
119889,17,515,372,2
119905,17,515,412,2
119922,17,512,411,2
119939,17,521,393,2
119955,17,524,379,2
119972,17,516,397,2
119989,17,524,389,2
120005,17,517,393,2
120022,17,511,410,2
120039,17,514,396,2
120055,17,515,397,2
120072,17,518,371,2
120088,17,519,399,2
120105,17,513,381,2
120122,17,516,383,2
120138,17,516,373,2
120155,17,513,412,2
120172,17,524,395,2
120188,17,519,401,2
120205,17,511,403,2
120221,17,524,380,2
120238,17,513,394,2
120255,17,529,386,2
120271,17,513,410,2
120288,17,520,439,3
120305,17,523,405,2
120321,17,528,402,2
120338,17,521,374,2
120355,17,511,419,5
120371,17,516,416,2
120388,17,518,398,2
120404,17,526,415,2
120421,17,518,397,2
120438,17,486,375,2
120454,17,494,406,2
120471,17,489,409,2
120488,17,494,392,2
120504,17,498,411,2
120521,17,491,406,2
120538,17,492,406,2
120554,17,498,405,2
120571,17,493,404,2
120587,17,497,386,2
120604,17,493,410,2
120621,17,497,427,3
120637,17,494,427,3
120654,17,489,411,2
120671,17,483,424,3
120687,17,422,464,3
120704,17,377,476,3
120721,17,370,464,3
120737,17,359,469,3
120754,17,361,469,3
120770,17,356,480,3
120787,17,364,480,3
120804,17,373,474,3
120820,17,360,467,3
120837,17,369,465,3
120854,17,359,458,3
120870,17,369,459,3
120887,17,367,463,3
120904,17,366,450,3
120920,17,368,449,3
120937,17,372,453,3
120953,17,378,457,3
120970,17,353,465,3
120987,17,363,463,3
121003,17,371,454,3
121020,17,373,448,3
121037,17,373,440,3
121053,17,361,452,3
121070,17,368,443,3
121087,17,367,453,3
121103,17,363,444,3
121120,17,368,461,3
121136,17,368,437,3
121153,17,368,466,3
121170,17,365,475,3
121186,17,358,460,3
121203,17,366,459,3
121220,17,352,475,3
121236,17,360,483,3
121253,17,359,480,3
121270,17,371,473,3
121286,17,366,469,3
121303,17,368,468,3
121319,17,357,479,3
121336,17,364,466,3
121353,17,371,459,3
121369,17,369,448,3
121386,17,373,451,3
121403,17,371,449,3
121419,17,360,443,3
121436,17,364,447,3
121452,17,363,460,3
121469,17,369,449,3
121486,17,385,447,3
121502,17,435,450,3
121519,17,465,451,3
121536,17,466,427,3
121552,17,475,404,2
121569,17,458,441,3
121586,17,466,438,3
121602,17,467,434,3
121619,17,475,444,3
121635,17,472,434,3
121652,17,468,468,3
121669,17,468,436,3
121685,17,466,413,2
121702,17,473,442,3
121719,17,467,444,3
121735,17,467,453,3
121752,17,473,449,3
121769,17,466,455,3
121785,17,464,439,3
121802,17,468,441,3
121818,17,470,446,3
121835,17,462,458,3
121852,17,468,447,3
121868,17,472,443,3
121885,17,509,445,3
121902,17,494,442,3
121918,17,503,419,5
121935,17,497,459,3
121952,17,498,440,3
121968,17,501,451,3
121985,17,500,446,3
122001,17,499,460,3
122018,17,503,451,3
122035,17,496,463,3
122051,17,504,407,2
122068,17,498,415,2
122085,17,499,443,3
122101,17,494,450,3
122118,17,498,454,3
122135,17,501,448,3
122151,17,498,466,3
122168,17,496,481,3
122184,17,520,461,3
122201,17,523,430,3
122218,17,524,427,3
122234,17,521,411,2
122251,17,508,734,3
122451,200,579,520,3
122484,33,663,965,0
122501,17,605,440,3
122517,17,506,775,0
122534,17,591,499,3
122550,17,526,526,3
122567,17,515,420,5
122584,17,521,351,4
122600,17,530,355,4
122617,17,531,337,4
122634,17,528,347,4
122650,17,528,302,4
122667,17,528,381,2
122683,17,529,379,2
122700,17,523,358,4
122717,17,530,367,2
122733,17,529,374,2
122750,17,524,398,2
122767,17,529,386,2
122783,17,491,417,5
122800,17,496,374,2
122817,17,496,406,2
122833,17,493,416,2
122850,17,493,430,3
122866,17,497,401,2
122883,17,484,422,3
122900,17,490,419,5
122916,17,490,422,3
122933,17,484,447,3
122950,17,486,439,3
122966,17,498,445,3
122983,17,487,429,3
123000,17,493,411,2
123016,17,492,452,3
123033,17,480,420,3
123049,17,490,442,3
123066,17,492,432,3
123083,17,490,421,5
123099,17,486,437,3
123116,17,492,450,3
123133,17,472,423,3
123149,17,474,426,3
123166,17,467,427,3
123183,17,472,429,3
123199,17,476,416,2
123216,17,474,431,3
123232,17,477,426,3
123249,17,451,424,3
123266,17,468,448,3
123282,17,472,407,2
123299,17,470,429,3
123316,17,470,433,3
123332,17,468,426,3
123349,17,471,430,3
123366,17,469,440,3
123382,17,469,437,3
123399,17,478,441,3
123415,17,505,432,3
123432,17,501,440,3
123449,17,506,446,3
123465,17,509,427,3
123482,17,505,453,3
123499,17,501,443,3
123515,17,496,419,5
123532,17,500,411,2
123549,17,504,445,3
123565,17,502,442,3
123582,17,493,436,3
123598,17,500,441,3
123615,17,498,443,3
123632,17,499,422,3
123648,17,501,440,3
123665,17,499,448,3
123682,17,496,429,3
123698,17,506,442,3
123715,17,510,418,5
123731,17,502,432,3
123748,17,501,435,3
123765,17,502,442,3
123781,17,498,435,3
123798,17,493,448,3
123815,17,500,438,3
123831,17,501,424,3
123848,17,501,440,3
123865,17,500,453,3
123881,17,502,452,3
123898,17,504,445,3
123914,17,503,472,3
123931,17,501,390,2
123948,17,471,410,2
123964,17,470,424,3
123981,17,470,407,2
123998,17,462,433,3
124014,17,469,398,2
124031,17,467,430,3
124048,17,459,457,3
124064,17,468,436,3
124081,17,459,446,3
124097,17,471,433,3
124114,17,466,458,3
124131,17,470,424,3
124147,17,475,448,3
124164,17,455,432,3
124181,17,444,448,3
124197,17,466,443,3
124214,17,454,426,3
124231,17,467,427,3
124247,17,462,432,3
124264,17,466,443,3
124280,17,466,419,3
124297,17,468,401,2
124314,17,470,404,2
124330,17,467,433,3
124347,17,460,444,3
124364,17,461,418,3
124380,17,461,416,2
124397,17,461,426,3
124414,17,468,430,3
124430,17,464,424,3
124447,17,475,414,2
124463,17,457,420,3
124480,17,461,407,2
124497,17,462,406,2
124513,17,494,391,2
124530,17,494,400,2
124547,17,491,407,2
124563,17,503,420,5
124580,17,501,394,2
124597,17,510,412,2
124613,17,500,409,2
124630,17,506,420,5
124646,17,500,422,3
124663,17,502,413,2
124680,17,506,417,5
124696,17,500,390,2
124713,17,532,406,2
124730,17,535,387,2
124746,17,541,399,2
124763,17,541,420,5
124780,17,537,413,2
124796,17,534,388,2
124813,17,537,431,3
124829,17,542,413,2
124846,17,537,395,2
124863,17,535,393,2
124879,17,527,411,2
124896,17,536,403,2
124913,17,548,407,2
124929,17,540,392,2
124946,17,539,388,2
124962,17,538,406,2
124979,17,534,403,2
124996,17,532,387,2
125012,17,536,388,2
125029,17,585,339,4
125046,17,634,358,0
125062,17,676,289,0
125079,17,682,283,0
125096,17,677,298,0
125112,17,678,315,0
125129,17,681,333,0
125145,17,681,339,0
125162,17,679,328,0
125179,17,679,332,0
125195,17,700,317,0
125212,17,684,317,0
125229,17,676,300,0
125245,17,689,297,0
125262,17,690,307,0
125279,17,673,315,0
125295,17,685,299,0
125312,17,674,306,0
125328,17,672,314,0
125345,17,677,340,0
125362,17,677,336,0
125378,17,678,336,0
125395,17,681,337,0
125412,17,679,329,0
125428,17,678,329,0
125445,17,680,344,0
125462,17,702,330,0
125478,17,706,299,0
125495,17,724,291,0
125511,17,737,324,0
125528,17,707,338,0
125545,17,716,370,2
125561,17,713,307,0
125578,17,720,301,0
125595,17,711,307,0
125611,17,718,299,0
125628,17,717,332,0
125645,17,713,319,0
125661,17,717,337,0
125678,17,711,325,0
125694,17,709,311,0
125711,17,705,348,0
125728,17,702,336,0
125744,17,642,378,2
125761,17,600,426,3
125778,17,598,421,3
125794,17,597,407,2
125811,17,594,434,3
125828,17,590,410,2
125844,17,596,415,2
125861,17,596,403,2
125877,17,598,402,2
125894,17,595,401,2
125911,17,597,419,3
125927,17,597,426,3
125944,17,596,415,2
125961,17,588,438,3
125977,17,584,435,3
125994,17,588,420,3
126010,17,595,421,3
126027,17,593,438,3
126044,17,589,436,3
126060,17,590,423,3
126077,17,547,392,2
126094,17,552,398,2
126110,17,545,426,3
126127,17,543,405,2
126144,17,549,383,2
126160,17,556,380,2
126177,17,552,392,2
126193,17,546,431,3
126210,17,544,433,3
126227,17,546,408,2
126243,17,545,385,2
126260,17,552,410,2
126277,17,547,421,5
126293,17,545,389,2
126310,17,548,395,2
126327,17,548,391,2
126343,17,548,381,2
126360,17,549,422,3
126376,17,550,403,2
126393,17,545,412,2
126410,17,544,433,3
126426,17,545,417,5
126443,17,546,434,3
126460,17,552,418,5
126476,17,549,430,3
126493,17,545,401,2
126510,17,549,402,2
126526,17,543,435,3
126543,17,540,423,3
126559,17,544,416,2
126576,17,547,417,5
126593,17,539,438,3
126609,17,543,386,2
126626,17,540,398,2
126643,17,540,386,2
126659,17,542,422,3
126676,17,544,408,2
126693,17,545,404,2
126709,17,519,423,3
126726,17,492,423,3
126742,17,497,422,3
126759,17,498,456,3
126776,17,499,421,5
126792,17,499,439,3
126809,17,489,444,3
126826,17,494,429,3
126842,17,505,445,3
126859,17,493,434,3
126876,17,492,428,3
126892,17,497,417,5
126909,17,498,434,3
126925,17,483,447,3
126942,17,489,440,3
126959,17,491,434,3
126975,17,489,428,3
126992,17,494,422,3
127009,17,497,428,3
127025,17,495,437,3
127042,17,493,403,2
127059,17,492,409,2
127075,17,495,441,3
127092,17,491,445,3
127108,17,481,451,3
127125,17,500,410,2
127142,17,492,415,2
127158,17,495,417,5
127175,17,487,411,2
127192,17,489,415,2
127208,17,492,424,3
127225,17,492,447,3
127241,17,489,460,3
127258,17,493,434,3
127275,17,493,413,2
127291,17,492,445,3
127308,17,492,419,5
127325,17,493,430,3
127341,17,493,428,3
127358,17,493,440,3
127375,17,493,444,3
127391,17,481,419,3
127408,17,491,423,3
127424,17,492,441,3
127441,17,492,436,3
127458,17,527,431,3
127474,17,519,420,5
127491,17,522,412,2
127508,17,523,433,3
127524,17,522,453,3
127541,17,522,421,5
127558,17,528,431,3
127574,17,523,415,2
127591,17,529,416,2
127607,17,524,408,2
127624,17,529,403,2
127641,17,530,427,3
127657,17,537,399,2
127674,17,535,419,5
127691,17,527,433,3
127707,17,527,432,3
127724,17,528,415,2
127741,17,532,415,2
127757,17,530,417,5
127774,17,531,432,3
127790,17,526,400,2
127807,17,529,431,3
127824,17,527,430,3
127840,17,525,427,3
127857,17,523,435,3
127874,17,525,418,5
127890,17,542,415,2
127907,17,524,443,3
127924,17,529,415,2
127940,17,522,424,3
127957,17,530,412,2
127973,17,518,422,3
127990,17,525,436,3
128007,17,515,436,3
128023,17,529,425,3
128040,17,525,433,3
128057,17,529,422,3
128073,17,509,415,2
128090,17,513,406,2
128107,17,482,1057,0
128123,17,436,569,3
128306,183,643,582,3
128339,33,513,528,3
128356,17,495,839,0
128373,17,507,731,3
128389,17,505,694,3
128406,17,507,633,3
128423,17,507,559,3
128439,17,516,496,3
128456,17,523,464,3
128472,17,520,442,3
128489,17,531,386,2
128506,17,520,380,2
128522,17,525,370,2
128539,17,521,362,4
128556,17,526,348,4
128572,17,525,345,4
128589,17,526,346,4
128606,17,526,353,4
128622,17,521,345,4
128639,17,538,324,4
128655,17,568,285,0
128672,17,567,304,4
128689,17,572,322,4
128705,17,566,313,4
128722,17,568,343,4
128739,17,568,304,4
128755,17,566,348,4
128772,17,570,347,4
128789,17,568,328,4
128805,17,564,386,2
128822,17,566,371,2
128838,17,567,340,4
128855,17,569,349,4
128872,17,561,379,2
128888,17,569,376,2
128905,17,565,383,2
128922,17,561,368,2
128938,17,569,355,4
128955,17,581,337,4
128972,17,568,374,2
128988,17,566,364,4
129005,17,571,358,4
129021,17,564,412,2
129038,17,543,412,2
129055,17,507,507,3
129071,17,515,433,3
129088,17,508,451,3
129105,17,514,471,3
129121,17,507,470,3
129138,17,507,487,3
129155,17,507,493,3
129171,17,513,470,3
129188,17,506,477,3
129204,17,510,496,3
129221,17,494,505,3
129238,17,502,495,3
129254,17,510,502,3
129271,17,515,504,3
129288,17,510,454,3
129304,17,499,481,3
129321,17,506,540,3
129338,17,508,538,3
129354,17,510,499,3
129371,17,500,535,3
129387,17,500,521,3
129404,17,509,480,3
129421,17,518,489,3
129437,17,508,503,3
129454,17,506,521,3
129471,17,506,518,3
129487,17,508,528,3
129504,17,514,535,3
129520,17,506,510,3
129537,17,506,531,3
129554,17,505,527,3
129570,17,507,506,3
129587,17,524,502,3
129604,17,528,387,2
129620,17,542,384,2
129637,17,533,403,2
129654,17,532,429,3
129670,17,534,468,3
129687,17,541,430,3
129703,17,534,460,3
129720,17,543,471,3
129737,17,539,439,3
129753,17,534,453,3
129770,17,537,470,3
129787,17,536,473,3
129803,17,538,472,3
129820,17,571,424,3
129837,17,595,372,2
129853,17,602,371,2
129870,17,607,372,2
129886,17,609,371,2
129903,17,605,339,4
129920,17,603,357,4
129936,17,610,355,4
129953,17,613,390,2
129970,17,591,375,2
129986,17,589,353,4
130003,17,605,352,4
130020,17,608,365,2
130036,17,603,343,4
130053,17,592,369,2
130069,17,573,377,2
130086,17,580,334,4
130103,17,569,324,4
130119,17,579,367,2
130136,17,572,337,4
130153,17,572,352,4
130169,17,584,353,4
130186,17,569,356,4
130203,17,585,363,4
130219,17,569,301,4
130236,17,568,312,4
130252,17,585,316,4
130269,17,567,292,4
130286,17,557,315,4
130302,17,571,319,4
130319,17,573,304,4
130336,17,567,314,4
130352,17,555,318,4
130369,17,566,325,4
130386,17,570,295,4
130402,17,565,318,4
130419,17,568,287,0
130435,17,569,311,4
130452,17,570,328,4
130469,17,571,289,4
130485,17,569,294,4
130502,17,572,300,4
130519,17,567,327,4
130535,17,569,295,4
130552,17,556,310,4
130568,17,554,288,4
130585,17,562,295,4
130602,17,563,300,4
130618,17,562,328,4
130635,17,561,308,4
130652,17,560,311,4
130668,17,563,293,4
130685,17,557,284,0
130702,17,556,290,4
130718,17,557,297,4
130735,17,557,275,0
130751,17,557,286,0
130768,17,561,296,4
130785,17,555,304,4
130801,17,557,304,4
130818,17,550,271,0
130835,17,557,301,4
130851,17,554,297,4
130868,17,570,289,4
130885,17,596,316,4
130901,17,585,324,4
130918,17,579,321,4
130934,17,587,324,4
130951,17,577,308,4
130968,17,596,298,4
130984,17,584,319,4
131001,17,588,336,4
131018,17,584,327,4
131034,17,581,319,4
131051,17,604,300,4
131068,17,659,320,0
131084,17,684,353,0
131101,17,671,365,2
131117,17,667,347,0
131134,17,672,371,2
131151,17,685,321,0
131167,17,699,322,0
131184,17,664,326,0
131201,17,684,350,0
131217,17,665,345,0
131234,17,678,367,2
131251,17,674,360,0
131267,17,663,378,2
131284,17,686,355,0
131300,17,689,356,0
131317,17,687,358,0
131334,17,675,352,0
131350,17,692,335,0
131367,17,676,380,2
131384,17,603,414,2
131400,17,565,380,2
131417,17,571,386,2
131434,17,562,400,2
131450,17,560,394,2
131467,17,570,383,2
131483,17,566,434,3
131500,17,565,384,2
131517,17,566,388,2
131533,17,567,395,2
131550,17,563,383,2
131567,17,570,394,2
131583,17,537,416,2
131600,17,520,412,2
131617,17,522,384,2
131633,17,523,399,2
131650,17,521,408,2
131666,17,525,401,2
131683,17,519,426,3
131700,17,518,427,3
131716,17,524,398,2
131733,17,521,385,2
131750,17,526,409,2
131766,17,521,431,3
131783,17,516,434,3
131799,17,516,453,3
131816,17,512,446,3
131833,17,503,437,3
131849,17,502,440,3
131866,17,502,442,3
131883,17,501,418,5
131899,17,497,400,2
131916,17,505,442,3
131933,17,495,448,3
131949,17,495,436,3
131966,17,503,419,5
131982,17,496,444,3
131999,17,517,425,3
132016,17,494,427,3
132032,17,498,414,2
132049,17,498,424,3
132066,17,501,433,3
132082,17,501,432,3
132099,17,499,429,3
132116,17,510,444,3
132132,17,505,431,3
132149,17,507,440,3
132165,17,506,443,3
132182,17,525,424,3
132199,17,527,416,2
132215,17,530,431,3
132232,17,533,428,3
132249,17,531,419,5
132265,17,535,424,3
132282,17,537,411,2
132299,17,534,412,2
132315,17,529,451,3
132332,17,538,410,2
132348,17,531,439,3
132365,17,546,411,2
132382,17,530,440,3
132398,17,537,423,3
132415,17,529,425,3
132432,17,528,425,3
132448,17,533,447,3
132465,17,531,416,2
132482,17,535,404,2
132498,17,533,413,2
132515,17,531,419,5
132531,17,518,437,3
132548,17,514,430,3
132565,17,520,444,3
132581,17,510,445,3
132598,17,519,436,3
132615,17,513,462,3
132631,17,520,439,3
132648,17,512,439,3
132665,17,521,417,5
132681,17,483,464,3
132698,17,479,445,3
132714,17,480,471,3
132731,17,481,427,3
132748,17,473,460,3
132764,17,479,464,3
132781,17,479,452,3
132798,17,475,470,3
132814,17,480,446,3
132831,17,478,463,3
132848,17,485,454,3
132864,17,479,491,3
132881,17,485,474,3
132897,17,503,468,3
132914,17,522,466,3
132931,17,522,468,3
132947,17,502,494,3
132964,17,506,485,3
132981,17,512,508,3
132997,17,504,497,3
133014,17,508,509,3
133030,17,510,473,3
133047,17,514,500,3
133064,17,521,521,3
133080,17,514,518,3
133097,17,515,521,3
133114,17,518,487,3
133130,17,517,517,3
133147,17,516,491,3
133164,17,515,504,3
133180,17,516,539,3
133197,17,515,526,3
133213,17,521,518,3
133230,17,518,530,3
133247,17,518,516,3
133263,17,519,496,3
133280,17,520,501,3
133297,17,522,486,3
133313,17,518,493,3
133330,17,511,549,3
133347,17,516,511,3
133363,17,523,508,3
133380,17,518,524,3
133396,17,512,540,3
133413,17,516,505,3
133430,17,508,535,3
133446,17,510,531,3
133463,17,526,511,3
133480,17,545,520,3
133496,17,531,501,3
133513,17,536,514,3
133530,17,523,517,3
133546,17,537,506,3
133563,17,545,522,3
133579,17,536,526,3
133596,17,536,522,3
133613,17,540,532,3
133629,17,541,526,3
133646,17,533,525,3
133663,17,539,517,3
133679,17,547,481,3
133696,17,547,479,3
133713,17,550,474,3
133729,17,548,511,3
133746,17,553,516,3
133762,17,558,501,3
133779,17,555,506,3
133796,17,544,511,3
133812,17,549,503,3
133829,17,548,488,3
133846,17,547,511,3
133862,17,556,485,3
133879,17,552,482,3
133896,17,560,485,3
133912,17,556,464,3
133929,17,541,594,3
134095,166,522,440,3
134112,17,612,967,0
134128,17,538,675,3
134145,17,540,590,3
134162,17,538,477,3
134178,17,533,434,3
134195,17,543,360,4
134212,17,532,443,3
134228,17,546,440,3
134245,17,535,491,3
134261,17,548,490,3
134278,17,545,455,3
134295,17,532,481,3
134311,17,538,484,3
134328,17,542,480,3
134345,17,536,483,3
134361,17,529,530,3
134378,17,544,502,3
134395,17,543,464,3
134411,17,545,465,3
134428,17,540,463,3
134444,17,541,488,3
134461,17,547,476,3
134478,17,541,472,3
134494,17,511,494,3
134511,17,502,468,3
134528,17,512,483,3
134544,17,504,434,3
134561,17,499,455,3
134578,17,500,439,3
134594,17,505,440,3
134611,17,503,447,3
134627,17,511,434,3
134644,17,508,457,3
134661,17,507,480,3
134677,17,511,437,3
134694,17,507,479,3
134711,17,508,453,3
134727,17,508,452,3
134744,17,513,468,3
134761,17,508,458,3
134777,17,507,443,3
134794,17,511,447,3
134810,17,504,451,3
134827,17,499,459,3
134844,17,502,443,3
134860,17,499,449,3
134877,17,540,450,3
134894,17,554,422,3
134910,17,556,428,3
134927,17,567,436,3
134944,17,570,447,3
134960,17,561,448,3
134977,17,565,458,3
134993,17,572,445,3
135010,17,562,458,3
135027,17,558,441,3
135043,17,565,450,3
135060,17,570,442,3
135077,17,553,414,2
135093,17,569,435,3
135110,17,549,415,2
135127,17,563,416,2
135143,17,567,420,5
135160,17,555,412,2
135176,17,588,425,3
135193,17,568,414,2
135210,17,567,421,5
135226,17,561,436,3
135243,17,556,447,3
135260,17,564,442,3
135276,17,551,452,3
135293,17,519,451,3
135309,17,535,455,3
135326,17,524,426,3
135343,17,529,422,3
135359,17,523,441,3
135376,17,538,423,3
135393,17,524,460,3
135409,17,515,450,3
135426,17,511,426,3
135443,17,518,416,2
135459,17,520,425,3
135476,17,524,442,3
135492,17,516,444,3
135509,17,516,446,3
135526,17,519,444,3
135542,17,525,454,3
135559,17,525,431,3
135576,17,519,441,3
135592,17,521,447,3
135609,17,522,446,3
135626,17,520,450,3
135642,17,518,441,3
135659,17,515,467,3
135675,17,517,466,3
135692,17,522,421,5
135709,17,518,452,3
135725,17,520,475,3
135742,17,513,445,3
135759,17,518,444,3
135775,17,519,454,3
135792,17,517,473,3
135809,17,494,449,3
135825,17,512,437,3
135842,17,510,448,3
135858,17,505,452,3
135875,17,510,452,3
135892,17,516,459,3
135908,17,519,448,3
135925,17,510,442,3
135942,17,511,442,3
135958,17,511,431,3
135975,17,509,441,3
135992,17,512,465,3
136008,17,509,469,3
136025,17,511,455,3
136041,17,517,434,3
136058,17,515,418,5
136075,17,505,471,3
136091,17,508,480,3
136108,17,514,460,3
136125,17,504,439,3
136141,17,514,454,3
136158,17,507,442,3
136175,17,511,459,3
136191,17,512,445,3
136208,17,511,444,3
136224,17,512,444,3
136241,17,506,469,3
136258,17,505,451,3
136274,17,508,437,3
136291,17,512,443,3
136308,17,512,404,2
136324,17,512,431,3
136341,17,505,469,3
136357,17,513,444,3
136374,17,512,440,3
136391,17,518,425,3
136407,17,514,443,3
136424,17,514,437,3
136441,17,512,432,3
136457,17,517,423,3
136474,17,509,474,3
136491,17,513,465,3
136507,17,510,455,3
136524,17,514,457,3
136540,17,507,457,3
136557,17,506,474,3
136574,17,509,476,3
136590,17,504,470,3
136607,17,504,461,3
136624,17,510,462,3
136640,17,508,475,3
136657,17,515,460,3
136674,17,504,463,3
136690,17,513,426,3
136707,17,516,455,3
136723,17,519,438,3
136740,17,522,445,3
136757,17,516,467,3
136773,17,520,479,3
136790,17,517,491,3
136807,17,519,457,3
136823,17,516,490,3
136840,17,511,475,3
136857,17,511,470,3
136873,17,512,482,3
136890,17,515,469,3
136906,17,515,486,3
136923,17,516,491,3
136940,17,520,497,3
136956,17,517,498,3
136973,17,518,542,3
136990,17,517,536,3
137006,17,512,581,3
137023,17,515,576,3
137040,17,508,553,3
137056,17,513,556,3
137073,17,503,567,3
137089,17,523,553,3
137106,17,516,558,3
137123,17,512,551,3
137139,17,509,566,3
137156,17,517,565,3
137173,17,519,562,3
137189,17,510,561,3
137206,17,520,591,3
137223,17,516,548,3
137239,17,518,543,3
137256,17,521,570,3
137272,17,502,577,3
137289,17,509,556,3
137306,17,500,581,3
137322,17,501,585,3
137339,17,503,569,3
137356,17,508,580,3
137372,17,501,583,3
137389,17,510,578,3
137406,17,511,578,3
137422,17,509,594,3
137439,17,508,552,3
137455,17,505,567,3
137472,17,500,557,3
137489,17,504,585,3
137505,17,505,571,3
137522,17,506,559,3
137539,17,506,571,3
137555,17,503,554,3
137572,17,511,548,3
137588,17,510,566,3
137605,17,501,581,3
137622,17,507,550,3
137638,17,505,551,3
137655,17,506,570,3
137672,17,505,553,3
137688,17,508,559,3
137705,17,508,552,3
137722,17,513,572,3
137738,17,508,557,3
137755,17,505,539,3
137771,17,504,588,3
137788,17,506,570,3
137805,17,504,563,3
137821,17,516,545,3
137838,17,500,559,3
137855,17,506,553,3
137871,17,489,579,3
137888,17,507,550,3
137905,17,505,563,3
137921,17,504,553,3
137938,17,506,565,3
137954,17,509,543,3
137971,17,503,551,3
137988,17,503,565,3
138004,17,502,558,3
138021,17,503,532,3
138038,17,510,566,3
138054,17,502,583,3
138071,17,506,576,3
138088,17,513,559,3
138104,17,509,588,3
138121,17,506,568,3
138137,17,511,562,3
138154,17,509,557,3
138171,17,510,564,3
138187,17,512,564,3
138204,17,520,548,3
138221,17,527,558,3
138237,17,543,519,3
138254,17,539,543,3
138271,17,539,549,3
138287,17,536,558,3
138304,17,531,555,3
138320,17,535,575,3
138337,17,533,550,3
138354,17,538,561,3
138370,17,525,530,3
138387,17,544,552,3
138404,17,607,511,3
138420,17,649,444,3
138437,17,656,405,2
138454,17,652,466,3
138470,17,650,469,3
138487,17,653,475,3
138503,17,649,459,3
138520,17,647,472,3
138537,17,650,498,3
138553,17,648,487,3
138570,17,646,475,3
138587,17,648,470,3
138603,17,656,467,3
138620,17,653,489,3
138636,17,666,518,3
138653,17,654,460,3
138670,17,653,457,3
138686,17,643,829,0
138703,17,626,507,3
138903,200,541,495,3
138919,17,529,464,3
138936,17,516,441,3
138969,33,504,738,3
138986,17,510,365,2
139002,17,516,735,3
139019,17,503,644,3
139036,17,509,618,3
139052,17,511,594,3
139069,17,517,571,3
139086,17,511,549,3
139102,17,514,498,3
139119,17,524,504,3
139136,17,517,506,3
139152,17,516,495,3
139169,17,522,481,3
139185,17,521,444,3
139202,17,513,475,3
139219,17,526,448,3
139235,17,517,470,3
139252,17,518,455,3
139269,17,523,415,2
139285,17,531,459,3
139302,17,519,387,2
139319,17,518,412,2
139335,17,524,404,2
139352,17,522,415,2
139368,17,520,403,2
139385,17,522,422,3
139402,17,525,386,2
139418,17,527,381,2
139435,17,525,368,2
139452,17,524,391,2
139468,17,526,393,2
139485,17,518,390,2
139502,17,529,399,2
139518,17,525,410,2
139535,17,525,427,3
139551,17,531,420,5
139568,17,526,373,2
139585,17,523,415,2
139601,17,522,390,2
139618,17,518,406,2
139635,17,520,410,2
139651,17,511,414,2
139668,17,524,438,3
139685,17,521,427,3
139701,17,518,442,3
139718,17,523,433,3
139734,17,527,428,3
139751,17,526,425,3
139768,17,522,436,3
139784,17,521,394,2
139801,17,522,427,3
139818,17,525,429,3
139834,17,523,440,3
139851,17,522,442,3
139867,17,518,406,2
139884,17,516,476,3
139901,17,526,427,3
139917,17,527,442,3
139934,17,505,442,3
139951,17,518,438,3
139967,17,524,433,3
139984,17,526,447,3
140001,17,525,395,2
140017,17,518,419,5
140034,17,516,454,3
140050,17,523,421,5
140067,17,520,450,3
140084,17,520,406,2
140100,17,518,438,3
140117,17,520,427,3
140134,17,517,464,3
140150,17,522,471,3
140167,17,517,416,2
140184,17,525,416,2
140200,17,525,415,2
140217,17,525,434,3
140233,17,522,425,3
140250,17,524,413,2
140267,17,519,432,3
140283,17,525,425,3
140300,17,523,418,5
140317,17,519,447,3
140333,17,528,424,3
140350,17,521,441,3
140367,17,519,447,3
140383,17,516,440,3
140400,17,514,437,3
140416,17,521,446,3
140433,17,520,438,3
140450,17,520,462,3
140466,17,523,446,3
140483,17,529,446,3
140500,17,521,422,3
140516,17,526,433,3
140533,17,520,453,3
140550,17,524,436,3
140566,17,518,423,3
140583,17,512,484,3
140599,17,527,431,3
140616,17,523,435,3
140633,17,518,440,3
140649,17,535,433,3
140666,17,521,446,3
140683,17,525,431,3
140699,17,516,457,3
140716,17,519,449,3
140733,17,526,412,2
140749,17,512,453,3
140766,17,529,443,3
140782,17,517,426,3
140799,17,515,458,3
140816,17,519,466,3
140832,17,516,464,3
140849,17,516,468,3
140866,17,523,459,3
140882,17,514,461,3
140899,17,485,548,3
140916,17,492,577,3
140932,17,485,618,3
140949,17,483,607,3
140965,17,486,588,3
140982,17,487,621,3
140999,17,485,617,3
141015,17,492,609,3
141032,17,486,599,3
141049,17,482,620,3
141065,17,482,603,3
141082,17,485,631,3
141098,17,489,614,3
141115,17,484,599,3
141132,17,483,613,3
141148,17,481,637,3
141165,17,481,574,3
141182,17,489,594,3
141198,17,490,587,3
141215,17,485,592,3
141232,17,482,576,3
141248,17,485,582,3
141265,17,484,602,3
141281,17,481,572,3
141298,17,478,617,3
141315,17,480,588,3
141331,17,478,589,3
141348,17,482,579,3
141365,17,480,579,3
141381,17,486,606,3
141398,17,485,598,3
141415,17,480,613,3
141431,17,483,627,3
141448,17,464,621,3
141464,17,488,601,3
141481,17,482,593,3
141498,17,486,600,3
141514,17,487,606,3
141531,17,484,600,3
141548,17,483,600,3
141564,17,479,609,3
141581,17,482,612,3
141598,17,484,588,3
141614,17,481,600,3
141631,17,489,572,3
141647,17,477,586,3
141664,17,485,602,3
141681,17,481,606,3
141697,17,473,601,3
141714,17,475,583,3
141731,17,481,592,3
141747,17,478,593,3
141764,17,481,582,3
141781,17,470,595,3
141797,17,479,579,3
141814,17,471,598,3
141830,17,478,576,3
141847,17,480,591,3
141864,17,478,602,3
141880,17,470,605,3
141897,17,475,591,3
141914,17,474,567,3
141930,17,475,581,3
141947,17,474,560,3
141964,17,478,570,3
141980,17,473,596,3
141997,17,468,599,3
142013,17,474,553,3
142030,17,470,553,3
142047,17,468,574,3
142063,17,464,558,3
142080,17,473,559,3
142097,17,474,554,3
142113,17,473,530,3
142130,17,477,544,3
142146,17,475,564,3
142163,17,467,581,3
142180,17,476,551,3
142196,17,465,586,3
142213,17,467,570,3
142230,17,467,564,3
142246,17,464,552,3
142263,17,469,601,3
142280,17,473,584,3
142296,17,472,568,3
142313,17,468,570,3
142329,17,470,582,3
142346,17,471,575,3
142363,17,471,555,3
142379,17,474,564,3
142396,17,472,567,3
142413,17,468,565,3
142429,17,485,577,3
142446,17,468,566,3
142463,17,470,575,3
142479,17,466,554,3
142496,17,471,558,3
142512,17,472,572,3
142529,17,477,571,3
142546,17,471,554,3
142562,17,475,590,3
142579,17,467,583,3
142596,17,466,556,3
142612,17,467,544,3
142629,17,470,535,3
142646,17,467,563,3
142662,17,462,580,3
142679,17,465,575,3
142695,17,461,573,3
142712,17,465,561,3
142729,17,465,540,3
142745,17,470,538,3
142762,17,466,553,3
142779,17,464,582,3
142795,17,458,569,3
142812,17,464,564,3
142829,17,474,540,3
142845,17,465,544,3
142862,17,468,572,3
142878,17,468,535,3
142895,17,467,557,3
142912,17,464,538,3
142928,17,460,517,3
142945,17,471,518,3
142962,17,466,538,3
142978,17,465,555,3
142995,17,466,538,3
143012,17,459,552,3
143028,17,455,556,3
143045,17,470,552,3
143061,17,460,561,3
143078,17,465,565,3
143095,17,463,571,3
143111,17,459,545,3
143128,17,463,548,3
143145,17,458,558,3
143161,17,461,551,3
143178,17,447,562,3
143195,17,463,552,3
143211,17,461,554,3
143228,17,459,561,3
143244,17,460,559,3
143261,17,461,538,3
143278,17,466,554,3
143294,17,467,554,3
143311,17,458,556,3
143328,17,464,552,3
143344,17,449,553,3
143361,17,461,547,3
143377,17,463,522,3
143394,17,448,527,3
143411,17,456,520,3
143427,17,456,533,3
143444,17,462,531,3
143461,17,461,550,3
143477,17,463,556,3
143494,17,455,547,3
143511,17,459,519,3
143527,17,463,528,3
143544,17,469,532,3
143560,17,455,547,3
143577,17,459,526,3
143594,17,457,531,3
143610,17,462,535,3
143627,17,456,532,3
143644,17,463,545,3
143660,17,453,552,3
143677,17,452,542,3
143694,17,458,569,3
143710,17,483,557,3
143727,17,481,567,3
143743,17,480,573,3
143760,17,480,556,3
143777,17,487,559,3
143793,17,480,580,3
143810,17,468,570,3
143827,17,485,559,3
143843,17,485,559,3
143860,17,471,566,3
143877,17,477,588,3
143893,17,479,592,3
143910,17,484,573,3
143926,17,477,575,3
143943,17,477,582,3
143960,17,480,548,3
143976,17,479,560,3
143993,17,461,568,3
144010,17,480,587,3
144026,17,476,568,3
144043,17,485,561,3
144060,17,479,580,3
144076,17,474,576,3
144093,17,477,566,3
144109,17,477,578,3
144126,17,472,602,3
144143,17,468,612,3
144159,17,477,587,3
144176,17,481,578,3
144193,17,481,560,3
144209,17,483,575,3
144226,17,476,593,3
144243,17,475,586,3
144259,17,475,568,3
144276,17,478,609,3
144292,17,476,566,3
144309,17,470,576,3
144326,17,469,607,3
144342,17,473,573,3
144359,17,476,596,3
144376,17,475,610,3
144392,17,465,583,3
144409,17,476,592,3
144425,17,474,595,3
144442,17,473,580,3
144459,17,469,570,3
144475,17,463,607,3
144492,17,468,576,3
144509,17,469,584,3
144525,17,472,622,3
144542,17,479,586,3
144559,17,477,582,3
144575,17,477,578,3
144592,17,471,579,3
144608,17,478,570,3
144625,17,476,571,3
144642,17,476,585,3
144658,17,475,605,3
144675,17,478,579,3
144692,17,472,574,3
144708,17,470,597,3
144725,17,471,584,3
144742,17,473,570,3
144758,17,468,593,3
144775,17,463,598,3
144791,17,463,599,3
144808,17,473,601,3
144825,17,478,581,3
144841,17,472,587,3
144858,17,458,624,3
144875,17,470,577,3
144891,17,473,584,3
144908,17,474,593,3
144925,17,465,548,3
144941,17,478,559,3
144958,17,470,607,3
144974,17,473,633,3
144991,17,472,598,3
145008,17,466,540,3
145024,17,469,617,3
145041,17,471,576,3
145058,17,473,556,3
145074,17,463,598,3
145091,17,467,651,3
145108,17,472,565,3
145124,17,471,575,3
145141,17,471,622,3
145157,17,465,589,3
145174,17,478,563,3
145191,17,471,607,3
145207,17,478,611,3
145224,17,474,614,3
145241,17,474,625,3
145257,17,477,552,3
145274,17,469,594,3
145291,17,466,608,3
145307,17,463,619,3
145324,17,470,597,3
145340,17,466,563,3
145357,17,472,586,3
145374,17,475,543,3
145390,17,467,591,3
145407,17,471,589,3
145424,17,480,604,3
145440,17,480,584,3
145457,17,469,597,3
145474,17,473,571,3
145490,17,470,549,3
145507,17,469,597,3
145523,17,473,584,3
145540,17,466,609,3
145557,17,470,584,3
145573,17,473,593,3
145590,17,463,580,3
145607,17,461,571,3
145623,17,474,584,3
145640,17,469,566,3
145656,17,472,572,3
145673,17,465,621,3
145690,17,472,615,3
145706,17,461,627,3
145723,17,480,547,3
145740,17,473,585,3
145756,17,474,570,3
145773,17,470,607,3
145790,17,467,608,3
145806,17,465,588,3
145823,17,472,586,3
145839,17,472,589,3
145856,17,473,609,3
145873,17,473,597,3
145889,17,470,585,3
145906,17,470,578,3
145923,17,475,598,3
145939,17,471,613,3
145956,17,474,594,3
145973,17,470,574,3
145989,17,469,610,3
146006,17,476,550,3
146022,17,475,528,3
146039,17,473,578,3
146056,17,466,552,3
146072,17,470,596,3
146089,17,470,578,3
146106,17,474,614,3
146122,17,454,609,3
146139,17,472,576,3
146156,17,471,604,3
146172,17,473,578,3
146189,17,468,528,3
146205,17,481,590,3
146222,17,471,597,3
146239,17,476,586,3
146255,17,474,611,3
146272,17,474,582,3
146289,17,476,589,3
146305,17,459,571,3
146322,17,478,524,3
146339,17,469,622,3
146355,17,472,588,3
146372,17,478,578,3
146388,17,478,576,3
146405,17,477,595,3
146422,17,476,595,3
146438,17,470,599,3
146455,17,465,555,3
146472,17,464,513,3
146488,17,463,517,3
146505,17,469,474,3
146522,17,472,495,3
146538,17,474,509,3
146555,17,471,500,3
146571,17,471,477,3
146588,17,474,504,3
146605,17,478,532,3
146621,17,472,512,3
146638,17,495,472,3
146655,17,480,486,3
146671,17,468,505,3
146688,17,481,500,3
146704,17,482,493,3
146721,17,478,499,3
146738,17,485,530,3
146754,17,487,495,3
146771,17,484,494,3
146788,17,483,479,3
146804,17,476,517,3
146821,17,480,491,3
146838,17,482,501,3
146854,17,481,504,3
146871,17,476,474,3
146887,17,495,497,3
146904,17,522,447,3
146921,17,527,448,3
146937,17,527,419,5
146954,17,523,448,3
146971,17,524,444,3
146987,17,525,436,3
147004,17,519,399,2
147021,17,528,443,3
147037,17,521,441,3
147054,17,521,457,3
147070,17,526,426,3
147087,17,526,425,3
147104,17,523,456,3
147120,17,522,469,3
147137,17,526,468,3
147154,17,529,438,3
147170,17,520,473,3
147187,17,528,456,3
147204,17,521,461,3
147220,17,533,464,3
147237,17,517,400,2
147253,17,527,493,3
147270,17,514,477,3
147287,17,524,459,3
147303,17,527,479,3
147320,17,522,500,3
147337,17,521,474,3
147353,17,515,497,3
147370,17,517,506,3
147387,17,519,513,3
147403,17,521,468,3
147420,17,520,468,3
147436,17,524,480,3
147453,17,525,467,3
147470,17,519,450,3
147486,17,519,451,3
147503,17,520,472,3
147520,17,515,423,3
147536,17,515,419,5
147553,17,513,539,3
147570,17,491,1018,0
147586,17,490,642,3
147753,166,491,546,3
147769,17,500,529,3
147786,17,492,747,3
147802,17,502,441,3
147819,17,579,456,3
147836,17,495,619,3
147852,17,497,594,3
147869,17,516,484,3
147886,17,514,450,3
147902,17,507,457,3
147919,17,502,429,3
147935,17,517,391,2
147952,17,501,439,3
147969,17,513,376,2
147985,17,506,419,5
148002,17,502,478,3
148019,17,513,456,3
148035,17,515,439,3
148052,17,512,470,3
148069,17,501,428,3
148085,17,511,418,5
148102,17,511,458,3
148118,17,506,442,3
148135,17,507,465,3
148152,17,502,465,3
148168,17,509,444,3
148185,17,509,458,3
148202,17,509,459,3
148218,17,518,452,3
148235,17,513,464,3
148252,17,501,472,3
148268,17,515,463,3
148285,17,509,442,3
148301,17,511,455,3
148318,17,513,443,3
148335,17,508,456,3
148351,17,505,454,3
148368,17,503,458,3
148385,17,513,456,3
148401,17,511,466,3
148418,17,508,471,3
148435,17,520,438,3
148451,17,511,494,3
148468,17,506,460,3
148484,17,508,453,3
148501,17,510,454,3
148518,17,512,441,3
148534,17,508,448,3
148551,17,505,485,3
148568,17,513,465,3
148584,17,510,461,3
148601,17,517,440,3
148618,17,513,474,3
148634,17,513,483,3
148651,17,512,448,3
148667,17,511,465,3
148684,17,514,478,3
148701,17,511,472,3
148717,17,518,435,3
148734,17,517,484,3
148751,17,522,479,3
148767,17,517,468,3
148784,17,515,459,3
148801,17,506,479,3
148817,17,515,465,3
148834,17,513,468,3
148850,17,518,471,3
148867,17,519,478,3
148884,17,512,463,3
148900,17,512,474,3
148917,17,515,464,3
148934,17,505,464,3
148950,17,519,453,3
148967,17,519,442,3
148983,17,514,478,3
149000,17,513,461,3
149017,17,513,461,3
149033,17,516,456,3
149050,17,511,500,3
149067,17,521,397,2
149083,17,523,341,4
149100,17,529,359,4
149117,17,531,343,4
149133,17,531,338,4
149150,17,525,381,2
149166,17,539,375,2
149183,17,539,338,4
149200,17,538,380,2
149216,17,535,334,4
149233,17,534,367,2
149250,17,535,397,2
149266,17,530,394,2
149283,17,524,398,2
149300,17,531,401,2
149316,17,535,393,2
149333,17,536,332,4
149349,17,531,377,2
149366,17,536,371,2
149383,17,524,406,2
149399,17,530,374,2
149416,17,527,398,2
149433,17,530,376,2
149449,17,533,402,2
149466,17,529,379,2
149483,17,532,400,2
149499,17,537,377,2
149516,17,528,405,2
149532,17,534,360,4
149549,17,524,353,4
149566,17,524,361,4
149582,17,533,347,4
149599,17,538,347,4
149616,17,531,352,4
149632,17,518,350,4
149649,17,535,351,4
149666,17,534,347,4
149682,17,507,367,2
149699,17,502,388,2
149715,17,494,371,2
149732,17,497,404,2
149749,17,500,368,2
149765,17,501,346,4
149782,17,485,357,4
149799,17,501,363,4
149815,17,490,353,4
149832,17,507,370,2
149849,17,505,365,2
149865,17,503,346,4
149882,17,498,352,4
149898,17,506,344,4
149915,17,492,331,4
149932,17,498,366,2
149948,17,505,351,4
149965,17,506,352,4
149982,17,507,353,4
149998,17,501,370,2
150015,17,503,367,2
150032,17,502,338,4
150048,17,502,354,4
150065,17,501,356,4
150081,17,502,341,4
150098,17,501,356,4
150115,17,507,360,4
150131,17,504,364,4
150148,17,497,358,4
150165,17,497,371,2
150181,17,491,360,4
150198,17,504,347,4
150214,17,503,340,4
150231,17,500,329,4
150248,17,501,360,4
150264,17,509,353,4
150281,17,503,363,4
150298,17,502,381,2
150314,17,517,466,3
150331,17,531,521,3
150348,17,512,531,3
150364,17,520,524,3
150381,17,521,519,3
150397,17,519,522,3
150414,17,519,535,3
150431,17,526,518,3
150447,17,525,520,3
150464,17,526,527,3
150481,17,518,535,3
150497,17,512,527,3
150514,17,514,544,3
150531,17,521,544,3
150547,17,519,542,3
150564,17,518,533,3
150580,17,516,554,3
150597,17,485,596,3
150614,17,487,568,3
150630,17,480,621,3
150647,17,476,626,3
150664,17,476,614,3
150680,17,484,583,3
150697,17,482,586,3
150714,17,477,596,3
150730,17,481,624,3
150747,17,476,631,3
150763,17,476,597,3
150780,17,479,603,3
150797,17,482,585,3
150813,17,488,599,3
150830,17,484,598,3
150847,17,480,594,3
150863,17,482,606,3
150880,17,475,620,3
150897,17,408,583,3
150913,17,359,545,3
150930,17,365,501,3
150946,17,367,509,3
150963,17,373,509,3
150980,17,373,504,3
150996,17,364,517,3
151013,17,361,573,3
151030,17,368,507,3
151046,17,368,540,3
151063,17,372,555,3
151080,17,372,556,3
151096,17,371,546,3
151113,17,362,555,3
151129,17,368,525,3
151146,17,364,581,3
151163,17,357,577,3
151179,17,344,541,3
151196,17,358,520,3
151213,17,341,529,3
151229,17,355,548,3
151246,17,358,518,3
151262,17,355,485,3
151279,17,359,487,3
151296,17,357,494,3
151312,17,361,475,3
151329,17,362,525,3
151346,17,354,518,3
151362,17,359,540,3
151379,17,345,545,3
151396,17,361,547,3
151412,17,352,519,3
151429,17,348,552,3
151445,17,348,537,3
151462,17,357,507,3
151479,17,366,482,3
151495,17,362,491,3
151512,17,357,525,3
151529,17,355,554,3
151545,17,342,545,3
151562,17,354,558,3
151579,17,350,546,3
151595,17,349,532,3
151612,17,353,533,3
151628,17,350,520,3
151645,17,357,524,3
151662,17,349,535,3
151678,17,354,511,3
151695,17,353,545,3
151712,17,355,550,3
151728,17,354,520,3
151745,17,351,530,3
151762,17,349,522,3
151778,17,352,531,3
151795,17,360,494,3
151811,17,356,540,3
151828,17,353,522,3
151845,17,354,565,3
151861,17,353,542,3
151878,17,332,555,3
151895,17,347,522,3
151911,17,342,522,3
151928,17,349,515,3
151945,17,339,521,3
151961,17,358,506,3
151978,17,349,517,3
151994,17,352,505,3
152011,17,342,541,3
152028,17,354,551,3
152044,17,347,542,3
152061,17,341,552,3
152078,17,353,532,3
152094,17,349,538,3
152111,17,347,536,3
152128,17,339,541,3
152144,17,340,497,3
152161,17,347,533,3
152177,17,342,530,3
152194,17,350,528,3
152211,17,357,515,3
152227,17,347,527,3
152244,17,342,544,3
152261,17,336,554,3
152277,17,352,528,3
152294,17,343,543,3
152311,17,344,505,3
152327,17,347,516,3
152344,17,348,529,3
152360,17,353,562,3
152377,17,414,473,3
152394,17,449,504,3
152410,17,454,610,3
152427,17,457,625,3
152444,17,457,604,3
152460,17,461,572,3
152477,17,462,513,3
152493,17,460,493,3
152510,17,466,456,3
152527,17,468,435,3
152543,17,462,402,2
152560,17,464,434,3
152577,17,455,459,3
152593,17,464,467,3
152610,17,463,464,3
152627,17,471,451,3
152643,17,465,456,3
152660,17,459,501,3
152676,17,463,445,3
152693,17,467,489,3
152710,17,471,478,3
152726,17,462,457,3
152743,17,470,430,3
152760,17,461,451,3
152776,17,457,496,3
152793,17,468,490,3
152810,17,463,450,3
152826,17,460,460,3
152843,17,462,475,3
152859,17,467,478,3
152876,17,460,471,3
152893,17,467,447,3
152909,17,458,480,3
152926,17,470,452,3
152943,17,467,441,3
152959,17,466,422,3
152976,17,463,464,3
152993,17,461,480,3
153009,17,466,464,3
153026,17,468,454,3
153042,17,471,439,3
153059,17,464,456,3
153076,17,475,406,2
153092,17,462,445,3
153109,17,457,453,3
153126,17,470,443,3
153142,17,464,471,3
153159,17,466,444,3
153176,17,484,448,3
153192,17,515,387,2
153209,17,512,364,4
153225,17,518,357,4
153242,17,519,346,4
153259,17,517,369,2
153275,17,512,364,4
153292,17,515,363,4
153309,17,512,382,2
153325,17,511,361,4
153342,17,506,405,2
153359,17,517,380,2
153375,17,511,378,2
153392,17,519,388,2
153408,17,512,405,2
153425,17,515,380,2
153442,17,505,397,2
153458,17,508,417,5
153475,17,505,397,2
153492,17,514,352,4
153508,17,511,390,2
153525,17,511,372,2
153542,17,502,407,2
153558,17,502,401,2
153575,17,503,364,4
153591,17,505,417,5
153608,17,514,349,4
153625,17,516,342,4
153641,17,507,392,2
153658,17,504,433,3
153675,17,509,366,2
153691,17,511,371,2
153708,17,506,406,2
153724,17,505,429,3
153741,17,501,415,2
153758,17,508,427,3
153774,17,503,410,2
153791,17,504,432,3
153808,17,504,418,5
153824,17,505,381,2
153841,17,506,374,2
153858,17,505,396,2
153874,17,498,416,2
153891,17,502,414,2
153907,17,506,398,2
153924,17,507,375,2
153941,17,503,435,3
153957,17,505,428,3
153974,17,503,421,5
153991,17,506,410,2
154007,17,511,400,2
154024,17,513,413,2
154041,17,505,428,3
154057,17,502,425,3
154074,17,500,425,3
154090,17,502,457,3
154107,17,505,423,3
154124,17,511,446,3
154140,17,507,440,3
154157,17,506,428,3
154174,17,504,465,3
154190,17,505,429,3
154207,17,504,412,2
154224,17,499,431,3
154240,17,507,404,2
154257,17,511,399,2
154273,17,501,425,3
154290,17,499,445,3
154307,17,506,443,3
154323,17,507,454,3
154340,17,496,419,5
154357,17,509,427,3
154373,17,500,410,2
154390,17,505,444,3
154407,17,497,407,2
154423,17,507,422,3
154440,17,505,413,2
154456,17,502,421,5
154473,17,506,381,2
154490,17,498,452,3
154506,17,502,430,3
154523,17,506,414,2
154540,17,504,398,2
154556,17,501,403,2
154573,17,500,433,3
154590,17,504,413,2
154606,17,497,426,3
154623,17,489,418,5
154639,17,500,411,2
154656,17,502,402,2
154673,17,502,392,2
154689,17,487,416,2
154706,17,499,404,2
154723,17,505,410,2
154739,17,503,404,2
154756,17,508,411,2
154772,17,504,424,3
154789,17,509,433,3
154806,17,501,430,3
154822,17,505,412,2
154839,17,502,413,2
154856,17,505,419,5
154872,17,495,433,3
154889,17,495,443,3
154906,17,501,433,3
154922,17,500,425,3
154939,17,506,430,3
154955,17,507,447,3
154972,17,504,441,3
154989,17,510,426,3
155005,17,499,461,3
155022,17,504,459,3
155039,17,505,452,3
155055,17,507,447,3
155072,17,502,481,3
155089,17,508,454,3
155105,17,505,454,3
155122,17,505,449,3
155138,17,506,435,3
155155,17,503,446,3
155172,17,500,446,3
155188,17,507,430,3
155205,17,508,439,3
155222,17,505,416,2
155238,17,504,459,3
155255,17,505,437,3
155272,17,503,473,3
155288,17,498,476,3
155305,17,511,415,2
155321,17,500,479,3
155338,17,510,466,3
155355,17,501,443,3
155371,17,495,456,3
155388,17,506,459,3
155405,17,493,450,3
155421,17,509,426,3
155438,17,500,465,3
155455,17,490,415,2
155471,17,499,434,3
155488,17,513,428,3
155504,17,499,443,3
155521,17,507,439,3
155538,17,501,454,3
155554,17,489,455,3
155571,17,501,441,3
155588,17,496,427,3
155604,17,488,435,3
155621,17,500,440,3
155638,17,503,453,3
155654,17,491,427,3
155671,17,499,440,3
155687,17,497,434,3
155704,17,499,428,3
155721,17,492,451,3
155737,17,488,444,3
155754,17,497,424,3
155771,17,491,427,3
155787,17,499,423,3
155804,17,499,448,3
155821,17,497,449,3
155837,17,495,444,3
155854,17,503,444,3
155870,17,484,440,3
155887,17,494,444,3
155904,17,499,452,3
155920,17,476,463,3
155937,17,496,455,3
155954,17,499,443,3
155970,17,491,463,3
155987,17,476,454,3
156003,17,496,438,3
156020,17,497,436,3
156037,17,490,458,3
156053,17,495,443,3
156070,17,494,456,3
156087,17,499,449,3
156103,17,496,446,3
156120,17,484,465,3
156137,17,488,477,3
156153,17,487,475,3
156170,17,491,469,3
156186,17,491,446,3
156203,17,493,478,3
156220,17,489,472,3
156236,17,491,473,3
156253,17,490,485,3
156270,17,489,474,3
156286,17,477,459,3
156303,17,492,451,3
156320,17,487,459,3
156336,17,492,430,3
156353,17,486,473,3
156369,17,480,487,3
156386,17,487,460,3
156403,17,482,461,3
156419,17,486,458,3
156436,17,486,450,3
156453,17,484,457,3
156469,17,486,482,3
156486,17,488,482,3
156503,17,484,470,3
156519,17,477,488,3
156536,17,477,491,3
156552,17,483,492,3
156569,17,484,462,3
156586,17,482,466,3
156602,17,477,476,3
156619,17,479,477,3
156636,17,478,492,3
156652,17,482,424,3
156669,17,481,439,3
156686,17,481,472,3
156702,17,485,476,3
156719,17,482,483,3
156735,17,487,491,3
156752,17,482,470,3
156769,17,479,460,3
156785,17,480,480,3
156802,17,475,470,3
156819,17,490,466,3
156835,17,483,488,3
156852,17,482,476,3
156869,17,482,460,3
156885,17,488,460,3
156902,17,490,450,3
156918,17,481,459,3
156935,17,487,463,3
156952,17,483,459,3
156968,17,481,454,3
156985,17,486,477,3
157002,17,485,450,3
157018,17,487,442,3
157035,17,488,458,3
157051,17,471,497,3
157068,17,486,470,3
157085,17,481,477,3
157101,17,481,479,3
157118,17,481,446,3
157135,17,482,465,3
157151,17,486,472,3
157168,17,478,500,3
157185,17,482,450,3
157201,17,481,449,3
157218,17,484,476,3
157234,17,480,465,3
157251,17,477,460,3
157268,17,479,439,3
157284,17,481,465,3
157301,17,480,455,3
157318,17,480,453,3
157334,17,477,477,3
157351,17,478,470,3
157368,17,474,462,3
157384,17,482,460,3
157401,17,477,463,3
157417,17,479,444,3
157434,17,472,469,3
157451,17,468,471,3
157467,17,479,460,3
157484,17,480,466,3
157501,17,477,490,3
157517,17,475,471,3
157534,17,477,462,3
157551,17,477,475,3
157567,17,479,456,3
157584,17,479,475,3
157600,17,479,465,3
157617,17,479,459,3
157634,17,479,474,3
157650,17,476,458,3
157667,17,473,468,3
157684,17,476,457,3
157700,17,476,448,3
157717,17,477,452,3
157734,17,475,469,3
157750,17,483,466,3
157767,17,478,422,3
157783,17,473,457,3
157800,17,478,450,3
157817,17,479,448,3
157833,17,470,469,3
157850,17,474,443,3
157867,17,470,441,3
157883,17,473,461,3
157900,17,466,452,3
157917,17,471,472,3
157933,17,475,483,3
157950,17,477,466,3
157966,17,475,483,3
157983,17,470,458,3
158000,17,470,455,3
158016,17,475,465,3
158033,17,467,462,3
158050,17,471,490,3
158066,17,465,498,3
158083,17,470,465,3
158100,17,461,465,3
158116,17,474,477,3
158133,17,469,491,3
158149,17,469,481,3
158166,17,472,492,3
158183,17,470,467,3
158199,17,469,476,3
158216,17,468,497,3
158233,17,457,452,3
158249,17,461,473,3
158266,17,462,487,3
158282,17,465,473,3
158299,17,466,515,3
158316,17,464,479,3
158332,17,466,501,3
158349,17,464,479,3
158366,17,466,485,3
158382,17,469,466,3
158399,17,472,473,3
158416,17,468,459,3
158432,17,468,472,3
158449,17,467,492,3
158465,17,456,471,3
158482,17,465,479,3
158499,17,471,491,3
158515,17,469,476,3
158532,17,462,476,3
158549,17,464,469,3
158565,17,470,468,3
158582,17,470,471,3
158599,17,466,463,3
158615,17,466,467,3
158632,17,463,488,3
158648,17,468,463,3
158665,17,463,464,3
158682,17,463,458,3
158698,17,473,456,3
158715,17,466,461,3
158732,17,468,485,3
158748,17,467,444,3
158765,17,468,463,3
158782,17,474,456,3
158798,17,466,492,3
158815,17,475,486,3
158831,17,468,497,3
158848,17,466,471,3
158865,17,467,451,3
158881,17,470,486,3
158898,17,467,469,3
158915,17,472,471,3
158931,17,469,460,3
158948,17,469,467,3
158965,17,468,466,3
158981,17,465,456,3
158998,17,467,459,3
159014,17,468,476,3
159031,17,468,480,3
159048,17,464,453,3
159064,17,469,458,3
159081,17,472,451,3
159098,17,465,475,3
159114,17,467,483,3
159131,17,464,489,3
159148,17,462,458,3
159164,17,464,462,3
159181,17,465,478,3
159197,17,464,469,3
159214,17,463,472,3
159231,17,465,463,3
159247,17,467,467,3
159264,17,464,472,3
159281,17,462,466,3
159297,17,465,483,3
159314,17,461,471,3
159330,17,460,478,3
159347,17,458,456,3
159364,17,457,471,3
159380,17,467,439,3
159397,17,462,449,3
159414,17,453,448,3
159430,17,464,475,3
159447,17,470,485,3
159464,17,456,475,3
159480,17,463,484,3
159497,17,463,480,3
159513,17,454,483,3
159530,17,466,460,3
159547,17,461,450,3
159563,17,469,463,3
159580,17,460,469,3
159597,17,472,459,3
159613,17,466,437,3
159630,17,463,449,3
159647,17,461,465,3
159663,17,467,464,3
159680,17,463,469,3
159696,17,473,462,3
159713,17,465,475,3
159730,17,468,460,3
159746,17,463,477,3
159763,17,472,468,3
159780,17,469,444,3
159796,17,466,435,3
159813,17,470,462,3
159830,17,468,459,3
159846,17,468,458,3
159863,17,460,473,3
159879,17,472,486,3
159896,17,473,472,3
159913,17,470,458,3
159929,17,467,479,3
159946,17,473,462,3
159963,17,470,450,3
159979,17,468,458,3
159996,17,477,459,3
160013,17,474,455,3
160029,17,472,469,3
160046,17,465,484,3
160062,17,468,443,3
160079,17,472,475,3
160096,17,464,456,3
160112,17,461,473,3
160129,17,461,453,3
160146,17,465,449,3
160162,17,461,468,3
160179,17,461,458,3
160196,17,473,460,3
160212,17,461,461,3
160229,17,467,450,3
160245,17,479,451,3
160262,17,457,459,3
160279,17,468,463,3
160295,17,454,471,3
160312,17,460,473,3
160329,17,468,449,3
160345,17,465,462,3
160362,17,471,445,3
160379,17,461,491,3
160395,17,466,451,3
160412,17,475,434,3
160428,17,466,462,3
160445,17,467,451,3
160462,17,463,477,3
160478,17,468,459,3
160495,17,468,445,3
160512,17,462,462,3
160528,17,470,458,3
160545,17,467,474,3
160561,17,465,471,3
160578,17,475,463,3
160595,17,466,465,3
160611,17,462,494,3
160628,17,466,461,3
160645,17,466,445,3
160661,17,467,448,3
160678,17,464,478,3
160695,17,472,490,3
160711,17,469,460,3
160728,17,465,441,3
160744,17,466,463,3
160761,17,467,469,3
160778,17,473,458,3
160794,17,467,469,3
160811,17,463,465,3
160828,17,461,472,3
160844,17,476,478,3
160861,17,466,467,3
160878,17,469,462,3
160894,17,466,449,3
160911,17,471,474,3
160927,17,463,479,3
160944,17,468,468,3
160961,17,470,462,3
160977,17,469,462,3
160994,17,465,458,3
161011,17,481,457,3
161027,17,465,461,3
161044,17,465,478,3
161061,17,467,461,3
161077,17,476,469,3
161094,17,468,448,3
161110,17,470,467,3
161127,17,470,435,3
161144,17,466,477,3
161160,17,476,498,3
161177,17,467,457,3
161194,17,466,496,3
161210,17,463,485,3
161227,17,464,472,3
161244,17,467,490,3
161260,17,469,514,3
161277,17,465,484,3
161293,17,464,508,3
161310,17,466,485,3
161327,17,471,473,3
161343,17,462,463,3
161360,17,465,458,3
161377,17,463,458,3
161393,17,469,500,3
161410,17,467,481,3
161427,17,460,485,3
161443,17,472,473,3
161460,17,470,472,3
161476,17,468,473,3
161493,17,468,469,3
161510,17,463,478,3
161526,17,462,484,3
161543,17,466,463,3
161560,17,470,472,3
161576,17,464,487,3
161593,17,468,485,3
161610,17,467,480,3
161626,17,460,510,3
161643,17,473,477,3
161659,17,473,466,3
161676,17,471,493,3
161693,17,469,476,3
161709,17,467,470,3
161726,17,469,455,3
161743,17,471,448,3
161759,17,475,466,3
161776,17,472,462,3
161792,17,473,476,3
161809,17,470,460,3
161826,17,470,445,3
161842,17,473,474,3
161859,17,469,460,3
161876,17,471,486,3
161892,17,472,456,3
161909,17,468,476,3
161926,17,469,473,3
161942,17,472,478,3
161959,17,464,486,3
161975,17,465,491,3
161992,17,470,486,3
162009,17,466,470,3
162025,17,474,462,3
162042,17,469,498,3
162059,17,466,479,3
162075,17,472,465,3
162092,17,473,457,3
162109,17,464,491,3
162125,17,465,483,3
162142,17,468,471,3
162158,17,481,477,3
162175,17,472,487,3
162192,17,466,481,3
162208,17,472,485,3
162225,17,471,464,3
162242,17,469,462,3
162258,17,466,473,3
162275,17,468,441,3
162292,17,465,483,3
162308,17,468,473,3
162325,17,474,473,3
162341,17,462,489,3
162358,17,469,473,3
162375,17,471,467,3
162391,17,470,469,3
162408,17,472,495,3
162425,17,467,483,3
162441,17,473,458,3
162458,17,469,460,3
162475,17,465,481,3
162491,17,466,488,3
162508,17,472,478,3
162524,17,472,498,3
162541,17,467,475,3
162558,17,466,485,3
162574,17,473,483,3
162591,17,465,480,3
162608,17,467,500,3
162624,17,466,520,3
162641,17,457,492,3
162658,17,468,483,3
162674,17,470,463,3
162691,17,456,482,3
162707,17,469,470,3
162724,17,462,465,3
162741,17,471,468,3
162757,17,462,476,3
162774,17,463,478,3
162791,17,466,475,3
162807,17,463,475,3
162824,17,466,457,3
162840,17,472,480,3
162857,17,468,486,3
162874,17,462,466,3
162890,17,466,469,3
162907,17,464,459,3
162924,17,458,502,3
162940,17,460,473,3
162957,17,456,475,3
162974,17,457,495,3
162990,17,458,491,3
163007,17,461,482,3
163023,17,468,468,3
163040,17,456,480,3
163057,17,464,476,3
163073,17,468,475,3
163090,17,468,489,3
163107,17,462,495,3
163123,17,453,507,3
163140,17,458,483,3
163157,17,459,455,3
163173,17,459,486,3
163190,17,462,489,3
163206,17,461,497,3
163223,17,462,505,3
163240,17,462,470,3
163256,17,462,507,3
163273,17,460,479,3
163290,17,465,497,3
163306,17,465,498,3
163323,17,456,481,3
163340,17,470,472,3
163356,17,452,475,3
163373,17,465,480,3
163389,17,449,477,3
163406,17,469,489,3
163423,17,462,485,3
163439,17,464,485,3
163456,17,468,489,3
163473,17,469,480,3
163489,17,471,467,3
163506,17,465,500,3
163523,17,462,494,3
163539,17,464,474,3
163556,17,457,466,3
163572,17,460,469,3
163589,17,467,490,3
163606,17,468,490,3
163622,17,465,483,3
163639,17,461,495,3
163656,17,471,497,3
163672,17,464,500,3
163689,17,461,466,3
163706,17,463,466,3
163722,17,466,487,3
163739,17,461,499,3
163755,17,473,473,3
163772,17,469,507,3
163789,17,460,458,3
163805,17,456,503,3
163822,17,468,480,3
163839,17,459,498,3
163855,17,465,463,3
163872,17,459,458,3
163889,17,456,466,3
163905,17,456,474,3
163922,17,462,471,3
163938,17,467,482,3
163955,17,457,491,3
163972,17,458,495,3
163988,17,462,476,3
164005,17,465,498,3
164022,17,457,480,3
164038,17,460,474,3
164055,17,458,483,3
164071,17,466,471,3
164088,17,464,502,3
164105,17,467,476,3
164121,17,457,489,3
164138,17,460,461,3
164155,17,462,466,3
164171,17,460,447,3
164188,17,456,473,3
164205,17,459,488,3
164221,17,464,477,3
164238,17,467,499,3
164254,17,453,490,3
164271,17,459,468,3
164288,17,458,470,3
164304,17,457,476,3
164321,17,460,459,3
164338,17,461,481,3
164354,17,456,460,3
164371,17,457,472,3
164388,17,456,456,3
164404,17,458,462,3
164421,17,457,465,3
164437,17,455,463,3
164454,17,459,479,3
164471,17,460,474,3
164487,17,454,493,3
164504,17,459,472,3
164521,17,464,469,3
164537,17,456,463,3
164554,17,460,462,3
164571,17,462,467,3
164587,17,458,468,3
164604,17,456,469,3
164620,17,458,475,3
164637,17,457,464,3
164654,17,455,465,3
164670,17,456,452,3
164687,17,460,451,3
164704,17,460,473,3
164720,17,455,451,3
164737,17,454,475,3
164754,17,461,456,3
164770,17,458,472,3
164787,17,460,479,3
164803,17,459,481,3
164820,17,457,479,3
164837,17,459,467,3
164853,17,452,470,3
164870,17,452,488,3
164887,17,463,463,3
164903,17,458,481,3
164920,17,458,466,3
164937,17,454,497,3
164953,17,458,457,3
164970,17,459,463,3
164986,17,461,472,3
165003,17,457,474,3
165020,17,454,476,3
165036,17,462,475,3
165053,17,464,467,3
165070,17,457,468,3
165086,17,448,472,3
165103,17,459,468,3
165119,17,459,460,3
165136,17,457,441,3
165153,17,460,472,3
165169,17,459,464,3
165186,17,458,467,3
165203,17,458,455,3
165219,17,456,465,3
165236,17,454,468,3
165253,17,454,470,3
165269,17,454,482,3
165286,17,455,452,3
165302,17,457,471,3
165319,17,460,462,3
165336,17,457,491,3
165352,17,459,476,3
165369,17,456,471,3
165386,17,456,485,3
165402,17,454,490,3
165419,17,457,485,3
165436,17,459,507,3
165452,17,457,476,3
165469,17,458,469,3
165485,17,452,462,3
165502,17,456,480,3
165519,17,456,484,3
165535,17,453,513,3
165552,17,458,505,3
165569,17,457,486,3
165585,17,438,490,3
165602,17,447,496,3
165619,17,451,493,3
165635,17,449,507,3
165652,17,455,469,3
165668,17,448,479,3
165685,17,456,485,3
165702,17,450,473,3
165718,17,452,483,3
165735,17,452,487,3
165752,17,441,492,3
165768,17,445,490,3
165785,17,448,491,3
165802,17,450,464,3
165818,17,451,483,3
165835,17,451,480,3
165851,17,451,488,3
165868,17,451,459,3
165885,17,452,483,3
165901,17,452,473,3
165918,17,452,488,3
165935,17,446,493,3
165951,17,449,485,3
165968,17,450,502,3
165985,17,441,471,3
166001,17,449,499,3
166018,17,445,500,3
166034,17,449,501,3
166051,17,453,466,3
166068,17,449,478,3
166084,17,452,482,3
166101,17,450,495,3
166118,17,446,476,3
166134,17,453,481,3
166151,17,456,479,3
166168,17,456,491,3
166184,17,449,516,3
166201,17,458,487,3
166217,17,456,488,3
166234,17,452,468,3
166251,17,456,481,3
166267,17,453,503,3
166284,17,453,498,3
166301,17,453,496,3
166317,17,452,487,3
166334,17,456,494,3
166350,17,456,515,3
166367,17,455,474,3
166384,17,456,509,3
166400,17,459,510,3
166417,17,460,507,3
166434,17,461,529,3
166450,17,461,511,3
166467,17,455,501,3
166484,17,457,501,3
166500,17,458,489,3
166517,17,458,455,3
166533,17,459,506,3
166550,17,459,489,3
166567,17,460,472,3
166583,17,456,500,3
166600,17,464,487,3
166617,17,462,507,3
166633,17,463,486,3
166650,17,458,504,3
166667,17,456,512,3
166683,17,460,500,3
166700,17,456,502,3
166716,17,463,496,3
166733,17,452,507,3
166750,17,452,512,3
166766,17,458,477,3
166783,17,450,510,3
166800,17,463,504,3
166816,17,457,505,3
166833,17,458,496,3
166850,17,455,496,3
166866,17,457,509,3
166883,17,457,498,3
166899,17,463,509,3
166916,17,458,501,3
166933,17,456,498,3
166949,17,452,516,3
166966,17,457,493,3
166983,17,458,492,3
166999,17,452,485,3
167016,17,458,489,3
167033,17,457,488,3
167049,17,462,502,3
167066,17,462,490,3
167082,17,458,488,3
167099,17,454,474,3
167116,17,453,498,3
167132,17,457,481,3
167149,17,459,481,3
167166,17,458,468,3
167182,17,460,496,3
167199,17,462,486,3
167216,17,466,480,3
167232,17,463,484,3
167249,17,466,472,3
167265,17,462,480,3
167282,17,456,495,3
167299,17,460,481,3
167315,17,464,468,3
167332,17,464,498,3
167349,17,459,502,3
167365,17,457,493,3
167382,17,461,502,3
167398,17,455,511,3
167415,17,457,487,3
167432,17,461,489,3
167448,17,458,500,3
167465,17,457,486,3
167482,17,460,483,3
167498,17,463,477,3
167515,17,458,478,3
167532,17,459,491,3
167548,17,458,470,3
167565,17,458,478,3
167581,17,455,498,3
167598,17,467,466,3
167615,17,458,479,3
167631,17,453,490,3
167648,17,456,493,3
167665,17,456,506,3
167681,17,460,491,3
167698,17,463,468,3
167715,17,460,484,3
167731,17,458,506,3
167748,17,458,497,3
167764,17,457,494,3
167781,17,458,492,3
167798,17,456,488,3
167814,17,462,483,3
167831,17,456,511,3
167848,17,459,481,3
167864,17,459,493,3
167881,17,460,492,3
167898,17,460,502,3
167914,17,456,478,3
167931,17,459,483,3
167947,17,459,478,3
167964,17,457,472,3
167981,17,455,459,3
167997,17,460,493,3
168014,17,466,454,3
168031,17,464,476,3
168047,17,463,474,3
168064,17,454,457,3
168081,17,463,457,3
168097,17,466,449,3
168114,17,467,480,3
168130,17,464,482,3
168147,17,480,474,3
168164,17,470,469,3
168180,17,465,466,3
168197,17,464,462,3
168214,17,467,465,3
168230,17,476,481,3
168247,17,470,481,3
168264,17,460,484,3
168280,17,463,475,3
168297,17,465,480,3
168313,17,461,456,3
168330,17,466,449,3
168347,17,462,457,3
168363,17,457,469,3
168380,17,465,483,3
168397,17,465,467,3
168413,17,467,454,3
168430,17,469,461,3
168447,17,467,472,3
168463,17,460,431,3
168480,17,468,461,3
168496,17,460,468,3
168513,17,460,481,3
168530,17,452,482,3
168546,17,458,488,3
168563,17,465,475,3
168580,17,465,456,3
168596,17,461,492,3
168613,17,464,465,3
168629,17,459,476,3
168646,17,456,459,3
168663,17,456,465,3
168679,17,467,498,3
168696,17,456,502,3
168713,17,459,498,3
168729,17,470,465,3
168746,17,462,486,3
168763,17,459,462,3
168779,17,462,477,3
168796,17,465,448,3
168812,17,456,470,3
168829,17,468,463,3
168846,17,460,479,3
168862,17,461,463,3
168879,17,468,488,3
168896,17,462,481,3
168912,17,456,486,3
168929,17,456,483,3
168946,17,462,475,3
168962,17,454,477,3
168979,17,460,466,3
168995,17,465,481,3
169012,17,462,435,3
169029,17,463,481,3
169045,17,461,447,3
169062,17,467,441,3
169079,17,460,454,3
169095,17,460,428,3
169112,17,460,453,3
169129,17,464,436,3
169145,17,465,451,3
169162,17,463,433,3
169178,17,457,428,3
169195,17,465,429,3
169212,17,456,446,3
169228,17,458,453,3
169245,17,461,449,3
169262,17,458,449,3
169278,17,455,443,3
169295,17,457,445,3
169312,17,470,452,3
169328,17,467,460,3
169345,17,451,461,3
169361,17,458,460,3
169378,17,459,447,3
169395,17,442,437,3
169411,17,462,454,3
169428,17,454,453,3
169445,17,454,449,3
169461,17,452,458,3
169478,17,460,426,3
169495,17,452,457,3
169511,17,439,451,3
169528,17,449,440,3
169544,17,446,436,3
169561,17,453,445,3
169578,17,448,450,3
169594,17,454,442,3
169611,17,456,454,3
169628,17,453,447,3
169644,17,465,421,3
169661,17,451,426,3
169678,17,453,445,3
169694,17,451,448,3
169711,17,457,437,3
169727,17,456,439,3
169744,17,444,435,3
169761,17,454,451,3
169777,17,451,452,3
169794,17,444,465,3
169811,17,455,452,3
169827,17,456,448,3
169844,17,452,450,3
169860,17,452,452,3
169877,17,444,445,3
169894,17,453,443,3
169910,17,457,470,3
169927,17,452,464,3
169944,17,448,450,3
169960,17,457,459,3
169977,17,444,437,3
169994,17,453,445,3
170010,17,455,446,3
170027,17,452,456,3
170043,17,455,465,3
170060,17,459,452,3
170077,17,452,459,3
170093,17,450,456,3
170110,17,455,447,3
170127,17,438,451,3
170143,17,447,450,3
170160,17,452,458,3
170177,17,458,450,3
170193,17,446,458,3
170210,17,436,438,3
170226,17,435,439,3
170243,17,445,455,3
170260,17,451,455,3
170276,17,440,439,3
170293,17,452,459,3
170310,17,454,451,3
170326,17,439,470,3
170343,17,441,458,3
170360,17,445,458,3
170376,17,445,467,3
170393,17,448,478,3
170409,17,459,448,3
170426,17,453,444,3
170443,17,440,455,3
170459,17,442,434,3
170476,17,433,461,3
170493,17,449,453,3
170509,17,442,452,3
170526,17,448,441,3
170543,17,450,451,3
170559,17,445,443,3
170576,17,458,447,3
170592,17,448,448,3
170609,17,453,447,3
170626,17,452,439,3
170642,17,453,457,3
170659,17,446,445,3
170676,17,449,439,3
170692,17,452,426,3
170709,17,442,438,3
170726,17,448,444,3
170742,17,446,462,3
170759,17,445,440,3
170775,17,436,452,3
170792,17,449,431,3
170809,17,451,425,3
170825,17,444,411,6
170842,17,435,439,3
170859,17,437,448,3
170875,17,448,423,3
170892,17,446,465,3
170908,17,440,446,3
170925,17,460,447,3
170942,17,447,438,3
170958,17,455,462,3
170975,17,454,439,3
170992,17,445,450,3
171008,17,446,430,3
171025,17,453,419,3
171042,17,446,456,3
171058,17,448,455,3
171075,17,449,468,3
171091,17,445,461,3
171108,17,454,463,3
171125,17,439,447,3
171141,17,443,458,3
171158,17,444,463,3
171175,17,428,470,3
171191,17,450,458,3
171208,17,449,461,3
171225,17,444,466,3
171241,17,440,478,3
171258,17,441,446,3
171274,17,433,458,3
171291,17,450,449,3
171308,17,443,441,3
171324,17,443,452,3
171341,17,442,474,3
171358,17,436,465,3
171374,17,441,469,3
171391,17,439,463,3
171408,17,444,456,3
171424,17,430,464,3
171441,17,442,452,3
171457,17,435,456,3
171474,17,455,471,3
171491,17,447,468,3
171507,17,422,465,3
171524,17,444,476,3
171541,17,450,448,3
171557,17,436,427,3
171574,17,450,437,3
171591,17,442,430,3
171607,17,439,447,3
171624,17,442,451,3
171640,17,429,445,3
171657,17,441,447,3
171674,17,440,442,3
171690,17,434,440,3
171707,17,446,440,3
171724,17,433,451,3
171740,17,434,439,3
171757,17,444,438,3
171774,17,437,449,3
171790,17,443,438,3
171807,17,435,433,3
171823,17,441,444,3
171840,17,422,440,3
171857,17,445,437,3
171873,17,438,458,3
171890,17,449,422,3
171907,17,427,433,3
171923,17,444,464,3
171940,17,444,444,3
171957,17,437,446,3
171973,17,440,443,3
171990,17,444,441,3
172006,17,449,432,3
172023,17,451,443,3
172040,17,451,435,3
172056,17,448,443,3
172073,17,460,452,3
172090,17,448,441,3
172106,17,450,440,3
172123,17,452,442,3
172139,17,447,422,3
172156,17,445,458,3
172173,17,436,430,3
172189,17,449,431,3
172206,17,446,409,2
172223,17,447,447,3
172239,17,449,452,3
172256,17,451,417,2
172273,17,439,437,3
172289,17,448,419,3
172306,17,445,441,3
172322,17,451,386,2
172339,17,458,418,3
172356,17,442,432,3
172372,17,442,427,3
172389,17,450,434,3
172406,17,444,432,3
172422,17,447,446,3
172439,17,450,442,3
172456,17,434,451,3
172472,17,439,422,3
172489,17,453,412,2
172505,17,455,429,3
172522,17,453,423,3
172539,17,446,438,3
172555,17,440,415,2
172572,17,452,406,2
172589,17,439,400,2
172605,17,446,416,2
172622,17,449,432,3
172639,17,440,397,2
172655,17,446,412,6
172672,17,443,416,2
172688,17,446,417,2
172705,17,437,410,2
172722,17,452,433,3
172738,17,446,419,3
172755,17,455,418,3
172772,17,446,423,3
172788,17,443,424,3
172805,17,444,415,2
172822,17,452,418,3
172838,17,439,418,3
172855,17,452,427,3
172871,17,457,414,2
172888,17,453,420,3
172905,17,450,421,3
172921,17,450,409,2
172938,17,440,419,3
172955,17,447,419,3
172971,17,462,412,2
172988,17,447,432,3
173005,17,450,430,3
173021,17,449,422,3
173038,17,447,424,3
173054,17,439,408,2
173071,17,440,433,3
173088,17,443,417,2
173104,17,443,419,3
173121,17,446,416,2
173138,17,443,423,3
173154,17,444,415,2
173171,17,443,409,2
173187,17,445,407,2
173204,17,442,395,2
173221,17,447,405,2
173237,17,437,422,3
173254,17,444,424,3
173271,17,445,427,3
173287,17,439,411,2
173304,17,443,413,2
173321,17,442,401,2
173337,17,436,444,3
173354,17,443,425,3
173370,17,439,418,3
173387,17,444,439,3
173404,17,447,409,2
173420,17,444,387,2
173437,17,437,436,3
173454,17,435,434,3
173470,17,444,435,3
173487,17,438,406,2
173504,17,439,410,2
173520,17,447,423,3
173537,17,441,423,3
173553,17,439,405,2
173570,17,431,425,3
173587,17,439,401,2
173603,17,449,415,2
173620,17,435,436,3
173637,17,436,428,3
173653,17,437,433,3
173670,17,439,424,3
173687,17,439,438,3
173703,17,446,420,3
173720,17,442,411,2
173736,17,440,404,2
173753,17,437,433,3
173770,17,439,429,3
173786,17,441,436,3
173803,17,444,403,2
173820,17,434,417,2
173836,17,433,433,3
173853,17,448,429,3
173870,17,442,416,2
173886,17,436,430,3
173903,17,440,419,3
173919,17,437,445,3
173936,17,438,412,2
173953,17,438,411,2
173969,17,445,396,2
173986,17,441,421,3
174003,17,436,426,3
174019,17,444,424,3
174036,17,424,413,2
174053,17,445,428,3
174069,17,437,442,3
174086,17,440,421,3
174102,17,443,438,3
174119,17,430,434,3
174136,17,442,439,3
174152,17,441,437,3
174169,17,439,450,3
174186,17,433,427,3
174202,17,440,424,3
174219,17,447,432,3
174236,17,438,429,3
174252,17,437,404,2
174269,17,432,416,2
174285,17,430,439,3
174302,17,439,448,3
174319,17,442,469,3
174335,17,432,446,3
174352,17,431,423,3
174369,17,433,420,3
174385,17,433,426,3
174402,17,432,441,3
174418,17,436,447,3
174435,17,428,437,3
174452,17,430,433,3
174468,17,422,423,3
174485,17,423,438,3
174502,17,423,423,3
174518,17,428,469,3
174535,17,424,461,3
174552,17,438,457,3
174568,17,429,471,3
174585,17,427,481,3
174601,17,424,429,3
174618,17,418,433,3
174635,17,426,443,3
174651,17,428,431,3
174668,17,420,458,3
174685,17,426,445,3
174701,17,431,424,3
174718,17,442,433,3
174735,17,428,429,3
174751,17,426,461,3
174768,17,429,437,3
174784,17,427,426,3
174801,17,427,427,3
174818,17,434,434,3
174834,17,429,435,3
174851,17,421,442,3
174868,17,423,427,3
174884,17,432,442,3
174901,17,415,431,3
174918,17,430,411,2
174934,17,425,435,3
174951,17,429,432,3
174967,17,425,446,3
174984,17,434,441,3
175001,17,429,422,3
175017,17,442,422,3
175034,17,424,469,3
175051,17,446,396,2
175067,17,431,429,3
175084,17,433,437,3
175101,17,434,431,3
175117,17,434,444,3
175134,17,426,436,3
175150,17,438,450,3
175167,17,433,449,3
175184,17,440,443,3
175200,17,445,460,3
175217,17,439,431,3
175234,17,435,452,3
175250,17,439,467,3
175267,17,441,469,3
175284,17,421,459,3
175300,17,431,445,3
175317,17,443,423,3
175333,17,434,436,3
175350,17,436,458,3
175367,17,427,452,3
175383,17,419,470,3
175400,17,428,456,3
175417,17,444,431,3
175433,17,434,448,3
175450,17,431,430,3
175466,17,432,438,3
175483,17,433,437,3
175500,17,437,459,3
175516,17,423,464,3
175533,17,432,439,3
175550,17,432,437,3
175566,17,448,430,3
175583,17,434,446,3
175600,17,438,438,3
175616,17,438,440,3
175633,17,440,474,3
175649,17,446,439,3
175666,17,436,434,3
175683,17,434,452,3
175699,17,435,440,3
175716,17,437,462,3
175733,17,430,441,3
175749,17,431,436,3
175766,17,434,446,3
175783,17,437,430,3
175799,17,434,420,3
175816,17,439,456,3
175832,17,429,431,3
175849,17,441,463,3
175866,17,431,458,3
175882,17,433,416,2
175899,17,439,432,3
175916,17,438,437,3
175932,17,434,437,3
175949,17,440,449,3
175966,17,442,422,3
175982,17,437,418,3
175999,17,429,453,3
176015,17,435,445,3
176032,17,435,431,3
176049,17,441,424,3
176065,17,440,436,3
176082,17,444,452,3
176099,17,440,442,3
176115,17,438,423,3
176132,17,437,424,3
176149,17,438,434,3
176165,17,436,437,3
176182,17,441,440,3
176198,17,433,458,3
176215,17,438,448,3
176232,17,449,446,3
176248,17,440,420,3
176265,17,428,427,3
176282,17,436,442,3
176298,17,430,430,3
176315,17,441,422,3
176332,17,434,425,3
176348,17,438,435,3
176365,17,438,438,3
176381,17,438,422,3
176398,17,432,433,3
176415,17,438,417,2
176431,17,436,432,3
176448,17,436,440,3
176465,17,433,455,3
176481,17,433,437,3
176498,17,431,436,3
176515,17,434,424,3
176531,17,445,426,3
176548,17,439,448,3
176564,17,438,435,3
176581,17,437,441,3
176598,17,428,426,3
176614,17,435,447,3
176631,17,439,430,3
176648,17,444,445,3
176664,17,442,438,3
176681,17,437,442,3
176697,17,437,452,3
176714,17,451,432,3
176731,17,432,1073,0
176980,250,461,897,0
176997,17,472,630,3
177014,17,489,420,5
177030,17,499,457,3
177047,17,493,445,3
177063,17,500,435,3
177080,17,499,437,3
177097,17,478,443,3
177113,17,498,444,3
177130,17,504,431,3
177147,17,506,434,3
177163,17,491,443,3
177180,17,514,408,2
177197,17,549,377,2
177213,17,553,398,2
177230,17,550,383,2
177246,17,548,396,2
177263,17,560,411,2
177280,17,556,380,2
177296,17,552,399,2
177313,17,534,413,2
177330,17,546,381,2
177346,17,537,416,2
177363,17,533,401,2
177380,17,534,384,2
177396,17,511,421,5
177413,17,532,405,2
177429,17,532,415,2
177446,17,534,397,2
177463,17,528,394,2
177479,17,537,369,2
177496,17,531,418,5
177513,17,538,409,2
177529,17,540,408,2
177546,17,578,388,2
177563,17,581,401,2
177579,17,586,351,4
177596,17,586,388,2
177612,17,584,380,2
177629,17,588,379,2
177646,17,585,362,4
177662,17,577,372,2
177679,17,581,394,2
177696,17,585,360,4
177712,17,645,264,0
177729,17,701,300,0
177745,17,755,270,0
177762,17,760,248,0
177779,17,770,260,0
177795,17,768,255,0
177812,17,768,208,0
177829,17,767,244,0
177845,17,760,263,0
177862,17,761,267,0
177879,17,764,267,0
177895,17,763,262,0
177912,17,766,244,0
177928,17,772,233,0
177945,17,760,257,0
177962,17,758,223,0
177978,17,761,242,0
177995,17,757,229,0
178012,17,768,212,0
178028,17,779,203,0
178045,17,758,247,0
178062,17,763,234,0
178078,17,761,244,0
178095,17,764,229,0
178111,17,769,230,0
178128,17,761,215,0
178145,17,760,269,0
178161,17,779,229,0
178178,17,768,221,0
178195,17,769,242,0
178211,17,776,211,0
178228,17,770,214,0
178245,17,766,242,0
178261,17,771,256,0
178278,17,776,236,0
178294,17,794,272,0
178311,17,801,254,0
178328,17,830,261,0
178344,17,778,253,0
178361,17,796,232,0
178378,17,793,262,0
178394,17,778,260,0
178411,17,779,221,0
178428,17,740,294,0
178444,17,663,255,1
178461,17,598,269,0
178477,17,605,262,0
178494,17,598,237,1
178511,17,599,240,1
178527,17,604,278,0
178544,17,598,257,1
178561,17,604,258,1
178577,17,601,266,0
178594,17,605,257,1
178611,17,601,262,0
178627,17,607,262,0
178644,17,602,257,1
178660,17,602,260,0
178677,17,581,259,1
178694,17,589,251,1
178710,17,588,246,1
178727,17,586,234,1
178744,17,586,266,0
178760,17,584,254,1
178777,17,585,262,0
178794,17,586,253,1
178810,17,552,343,4
178827,17,548,360,4
178843,17,545,381,2
178860,17,544,419,5
178877,17,543,416,2
178893,17,544,435,3
178910,17,544,398,2
178927,17,548,381,2
178943,17,540,394,2
178960,17,551,392,2
178976,17,552,408,2
178993,17,541,423,3
179010,17,542,402,2
179026,17,544,422,3
179043,17,543,410,2
179060,17,523,404,2
179076,17,528,437,3
179093,17,525,429,3
179110,17,523,444,3
179126,17,527,436,3
179143,17,525,453,3
179159,17,526,440,3
179176,17,525,397,2
179193,17,533,429,3
179209,17,525,429,3
179226,17,524,410,2
179243,17,527,370,2
179259,17,536,363,4
179276,17,531,353,4
179293,17,534,358,4
179309,17,545,354,4
179326,17,534,370,2
179342,17,542,356,4
179359,17,530,375,2
179376,17,547,327,4
179392,17,550,309,4
179409,17,554,324,4
179426,17,562,321,4
179442,17,558,316,4
179459,17,561,333,4
179476,17,552,309,4
179492,17,557,335,4
179509,17,559,313,4
179525,17,558,318,4
179542,17,557,327,4
179559,17,558,325,4
179575,17,563,315,4
179592,17,563,314,4
179609,17,572,288,4
179625,17,576,269,0
179642,17,573,296,4
179659,17,585,287,0
179675,17,580,306,4
179692,17,580,288,4
179708,17,576,298,4
179725,17,577,290,4
179742,17,581,245,1
179758,17,578,280,0
179775,17,579,278,0
179792,17,576,269,0
179808,17,582,268,0
179825,17,574,301,4
179842,17,584,284,0
179858,17,582,286,0
179875,17,577,291,4
179891,17,560,329,4
179908,17,553,360,4
179925,17,544,394,2
179941,17,541,370,2
179958,17,541,385,2
179975,17,536,392,2
179991,17,541,381,2
180008,17,543,359,4
180024,17,539,363,4
180041,17,535,377,2
180058,17,540,363,4
180074,17,520,381,2
180091,17,518,421,5
180108,17,521,422,3
180124,17,519,425,3
180141,17,522,398,2
180158,17,511,420,5
180174,17,512,429,3
180191,17,516,435,3
180207,17,515,425,3
180224,17,514,410,2
180241,17,516,407,2
180257,17,517,429,3
180274,17,543,390,2
180291,17,534,428,3
180307,17,542,441,3
180324,17,542,412,2
180341,17,534,412,2
180357,17,540,406,2
180374,17,538,429,3
180390,17,535,405,2
180407,17,537,422,3
180424,17,541,419,5
180440,17,543,431,3
180457,17,538,431,3
180474,17,544,396,2
180490,17,544,428,3
180507,17,527,418,5
180524,17,521,462,3
180540,17,521,447,3
180557,17,525,453,3
180573,17,520,426,3
180590,17,520,440,3
180607,17,529,456,3
180623,17,529,418,5
180640,17,528,445,3
180657,17,531,432,3
180673,17,527,447,3
180690,17,526,423,3
180707,17,525,425,3
180723,17,521,458,3
180740,17,529,446,3
180756,17,522,423,3
180773,17,518,435,3
180790,17,513,416,2
180806,17,530,428,3
180823,17,528,437,3
180840,17,527,413,2
180856,17,523,434,3
180873,17,531,408,2
180890,17,538,440,3
180906,17,519,440,3
180923,17,531,430,3
180939,17,531,440,3
180956,17,526,416,2
180973,17,544,432,3
180989,17,539,426,3
181006,17,545,422,3
181023,17,539,458,3
181039,17,545,465,3
181056,17,544,443,3
181073,17,539,457,3
181089,17,541,440,3
181106,17,539,439,3
181122,17,529,442,3
181139,17,531,429,3
181156,17,532,439,3
181172,17,529,446,3
181189,17,523,464,3
181206,17,527,450,3
181222,17,528,453,3
181239,17,525,474,3
181255,17,524,440,3
181272,17,528,449,3
181289,17,526,445,3
181305,17,526,434,3
181322,17,530,421,5
181339,17,523,431,3
181355,17,523,425,3
181372,17,526,437,3
181389,17,529,438,3
181405,17,524,446,3
181422,17,525,432,3
181438,17,558,406,2
181455,17,549,466,3
181472,17,554,433,3
181488,17,548,455,3
181505,17,552,395,2
181522,17,550,420,5
181538,17,557,417,5
181555,17,551,438,3
181572,17,552,432,3
181588,17,554,421,5
181605,17,558,443,3
181621,17,551,413,2
181638,17,559,394,2
181655,17,551,405,2
181671,17,529,419,5
181688,17,535,429,3
181705,17,533,421,5
181721,17,538,436,3
181738,17,537,435,3
181755,17,542,403,2
181771,17,536,418,5
181788,17,529,439,3
181804,17,531,424,3
181821,17,534,429,3
181838,17,539,417,5
181854,17,529,436,3
181871,17,534,432,3
181888,17,538,432,3
181904,17,543,398,2
181921,17,540,405,2
181938,17,536,404,2
181954,17,538,410,2
181971,17,513,446,3
181987,17,525,413,2
182004,17,514,433,3
182021,17,523,408,2
182037,17,519,414,2
182054,17,522,423,3
182071,17,523,417,5
182087,17,519,417,5
182104,17,509,454,3
182121,17,530,410,2
182137,17,516,444,3
182154,17,517,451,3
182170,17,515,426,3
182187,17,527,403,2
182204,17,532,394,2
182220,17,529,394,2
182237,17,528,423,3
182254,17,526,433,3
182270,17,528,406,2
182287,17,526,396,2
182304,17,535,379,2
182320,17,531,401,2
182337,17,527,430,3
182353,17,531,421,5
182370,17,529,408,2
182387,17,528,427,3
182403,17,530,398,2
182420,17,527,406,2
182437,17,531,391,2
182453,17,561,392,2
182470,17,575,373,2
182486,17,581,376,2
182503,17,582,378,2
182520,17,577,397,2
182536,17,570,387,2
182553,17,574,378,2
182570,17,594,376,2
182586,17,618,350,0
182603,17,603,367,2
182620,17,612,383,2
182636,17,604,376,2
182653,17,603,382,2
182669,17,613,384,2
182686,17,615,385,2
182703,17,614,376,2
182719,17,610,371,2
182736,17,612,381,2
182753,17,609,367,2
182769,17,607,369,2
182786,17,613,362,0
182803,17,615,347,0
182819,17,620,326,0
182836,17,621,318,0
182852,17,632,318,0
182869,17,618,354,0
182886,17,618,357,0
182902,17,618,368,2
182919,17,618,355,0
182936,17,625,340,0
182952,17,630,308,0
182969,17,644,906,0
183119,150,564,1028,0
183152,33,587,480,3
183169,17,591,349,4
183185,17,595,289,4
183202,17,596,303,4
183218,17,594,322,4
183235,17,596,323,4
183252,17,593,286,0
183268,17,567,322,4
183285,17,577,292,4
183302,17,574,280,0
183318,17,572,297,4
183335,17,580,256,1
183352,17,571,292,4
183368,17,571,289,4
183385,17,574,281,0
183401,17,572,302,4
183418,17,572,308,4
183435,17,576,269,0
183451,17,574,269,0
183468,17,573,295,4
183485,17,565,297,4
183501,17,551,272,0
183518,17,551,297,4
183534,17,550,333,4
183551,17,554,332,4
183568,17,549,334,4
183584,17,548,319,4
183601,17,550,301,4
183618,17,550,330,4
183634,17,546,295,4
183651,17,548,293,4
183668,17,549,295,4
183684,17,547,278,0
183701,17,551,296,4
183717,17,547,291,4
183734,17,548,273,0
183751,17,541,269,0
183767,17,544,256,1
183784,17,541,270,0
183801,17,544,257,1
183817,17,542,293,4
183834,17,543,249,1
183851,17,540,275,0
183867,17,536,275,0
183884,17,541,250,1
183900,17,536,314,4
183917,17,544,374,2
183934,17,537,358,4
183950,17,546,354,4
183967,17,534,377,2
183984,17,540,360,4
184000,17,535,368,2
184017,17,530,358,4
184034,17,540,367,2
184050,17,541,356,4
184067,17,566,340,4
184083,17,541,350,4
184100,17,540,350,4
184117,17,541,360,4
184133,17,536,364,4
184150,17,529,387,2
184167,17,520,392,2
184183,17,529,421,5
184200,17,521,391,2
184217,17,526,407,2
184233,17,521,404,2
184250,17,519,409,2
184266,17,525,395,2
184283,17,523,373,2
184300,17,541,376,2
184316,17,534,384,2
184333,17,532,384,2
184350,17,530,393,2
184366,17,537,399,2
184383,17,540,406,2
184400,17,533,400,2
184416,17,537,397,2
184433,17,539,400,2
184449,17,537,389,2
184466,17,541,398,2
184483,17,539,380,2
184499,17,547,381,2
184516,17,544,358,4
184533,17,530,370,2
184549,17,531,379,2
184566,17,524,404,2
184583,17,529,388,2
184599,17,528,387,2
184616,17,527,397,2
184632,17,527,380,2
184649,17,527,401,2
184666,17,528,394,2
184682,17,528,377,2
184699,17,534,348,4
184716,17,539,351,4
184732,17,542,341,4
184749,17,536,380,2
184765,17,538,387,2
184782,17,539,363,4
184799,17,537,384,2
184815,17,542,388,2
184832,17,533,393,2
184849,17,542,402,2
184865,17,542,341,4
184882,17,536,382,2
184899,17,540,366,2
184915,17,539,361,4
184932,17,539,391,2
184948,17,542,396,2
184965,17,529,369,2
184982,17,509,371,2
184998,17,512,381,2
185015,17,513,385,2
185032,17,509,382,2
185048,17,516,371,2
185065,17,515,363,4
185082,17,512,374,2
185098,17,509,380,2
185115,17,510,368,2
185131,17,508,349,4
185148,17,511,363,4
185165,17,469,419,3
185181,17,462,463,3
185198,17,456,462,3
185215,17,454,475,3
185231,17,457,494,3
185248,17,456,473,3
185265,17,456,475,3
185281,17,463,461,3
185298,17,460,457,3
185314,17,462,459,3
185331,17,466,469,3
185348,17,429,497,3
185364,17,408,502,3
185381,17,423,487,3
185398,17,419,474,3
185414,17,421,490,3
185431,17,415,471,3
185448,17,423,495,3
185464,17,405,507,3
185481,17,421,493,3
185497,17,404,516,3
185514,17,374,479,3
185531,17,383,491,3
185547,17,383,494,3
185564,17,387,478,3
185581,17,369,493,3
185597,17,383,494,3
185614,17,387,473,3
185631,17,410,424,3
185647,17,390,503,3
185664,17,383,493,3
185680,17,401,515,3
185697,17,388,499,3
185714,17,386,499,3
185730,17,350,497,3
185747,17,351,518,3
185764,17,345,547,3
185780,17,353,536,3
185797,17,352,537,3
185813,17,339,532,3
185830,17,343,542,3
185847,17,349,543,3
185863,17,348,558,3
185880,17,346,548,3
185897,17,347,520,3
185913,17,330,532,3
185930,17,339,541,3
185947,17,331,521,3
185963,17,347,546,3
185980,17,402,521,3
186246,266,505,507,3
186263,17,497,733,3
186279,17,500,607,3
186296,17,503,529,3
186313,17,536,352,4
186329,17,510,399,2
186346,17,507,366,2
186362,17,503,329,4
186379,17,546,324,4
186396,17,509,391,2
186412,17,513,332,4
186429,17,534,338,4
186446,17,539,361,4
186462,17,521,388,2
186479,17,503,328,4
186496,17,455,391,2
186512,17,454,358,4
186529,17,453,375,2
186545,17,453,380,2
186562,17,452,389,2
186579,17,451,387,2
186595,17,453,367,2
186612,17,456,353,4
186629,17,455,378,2
186645,17,457,389,2
186662,17,469,374,2
186679,17,509,394,2
186695,17,500,420,5
186712,17,509,366,2
186728,17,504,378,2
186745,17,512,412,2
186762,17,504,402,2
186778,17,509,403,2
186795,17,508,360,4
186812,17,505,382,2
186828,17,505,399,2
186845,17,514,402,2
186862,17,506,380,2
186878,17,523,392,2
186895,17,541,354,4
186911,17,529,397,2
186928,17,545,352,4
186945,17,534,394,2
186961,17,529,377,2
186978,17,528,390,2
186995,17,528,403,2
187011,17,522,393,2
187028,17,530,389,2
187044,17,524,403,2
187061,17,547,373,2
187078,17,565,369,2
187094,17,564,373,2
187111,17,569,402,2
187128,17,558,399,2
187144,17,554,387,2
187161,17,572,367,2
187178,17,568,377,2
187194,17,561,410,2
187211,17,566,381,2
187227,17,565,387,2
187244,17,556,396,2
187261,17,564,376,2
187277,17,567,401,2
187294,17,570,347,4
187311,17,576,371,2
187327,17,574,375,2
187344,17,568,388,2
187361,17,576,370,2
187377,17,585,385,2
187394,17,574,393,2
187410,17,582,368,2
187427,17,572,355,4
187444,17,577,388,2
187460,17,572,386,2
187477,17,574,372,2
187494,17,575,378,2
187510,17,567,394,2
187527,17,573,357,4
187544,17,589,369,2
187560,17,577,393,2
187577,17,573,383,2
187593,17,573,345,4
187610,17,578,342,4
187627,17,580,367,2
187643,17,563,351,4
187660,17,536,410,2
187677,17,537,404,2
187693,17,544,393,2
187710,17,544,409,2
187727,17,551,410,2
187743,17,542,380,2
187760,17,541,409,2
187776,17,534,401,2
187793,17,527,410,2
187810,17,537,395,2
187826,17,530,409,2
187843,17,533,406,2
187860,17,557,366,2
187876,17,533,430,3
187893,17,531,419,5
187910,17,519,408,2
187926,17,517,417,5
187943,17,508,428,3
187959,17,515,411,2
187976,17,517,420,5
187993,17,510,424,3
188009,17,504,410,2
188026,17,510,405,2
188043,17,511,409,2
188059,17,499,401,2
188076,17,508,405,2
188092,17,508,403,2
188109,17,507,413,2
188126,17,501,422,3
188142,17,503,448,3
188159,17,531,369,2
188176,17,505,413,2
188192,17,524,406,2
188209,17,520,387,2
188226,17,512,409,2
188242,17,519,407,2
188259,17,513,406,2
188275,17,516,403,2
188292,17,513,400,2
188309,17,514,390,2
188325,17,515,385,2
188342,17,514,412,2
188359,17,517,395,2
188375,17,515,401,2
188392,17,514,372,2
188409,17,511,388,2
188425,17,518,398,2
188442,17,516,383,2
188458,17,514,364,4
188475,17,515,371,2
188492,17,509,393,2
188508,17,510,362,4
188525,17,505,368,2
188542,17,510,398,2
188558,17,515,381,2
188575,17,508,400,2
188592,17,507,388,2
188608,17,511,372,2
188625,17,513,363,4
188641,17,507,388,2
188658,17,500,387,2
188675,17,507,371,2
188691,17,502,379,2
188708,17,506,400,2
188725,17,504,416,2
188741,17,515,373,2
188758,17,510,394,2
188775,17,508,396,2
188791,17,502,376,2
188808,17,507,381,2
188824,17,506,392,2
188841,17,505,396,2
188858,17,503,414,2
188874,17,512,427,3
188891,17,512,381,2
188908,17,507,386,2
188924,17,501,395,2
188941,17,517,372,2
188958,17,504,384,2
188974,17,506,393,2
188991,17,515,400,2
189007,17,528,383,2
189024,17,530,401,2
189041,17,529,399,2
189057,17,538,403,2
189074,17,555,352,4
189091,17,533,412,2
189107,17,527,394,2
189124,17,530,394,2
189141,17,533,370,2
189157,17,556,360,4
189174,17,548,397,2
189190,17,556,404,2
189207,17,558,371,2
189224,17,556,371,2
189240,17,555,393,2
189257,17,556,392,2
189274,17,558,383,2
189290,17,552,409,2
189307,17,562,404,2
189323,17,554,411,2
189340,17,563,397,2
189357,17,557,374,2
189373,17,554,411,2
189390,17,555,392,2
189407,17,562,382,2
189423,17,570,400,2
189440,17,571,398,2
189457,17,570,403,2
189473,17,583,406,2
189490,17,566,418,5
189506,17,574,400,2
189523,17,577,398,2
189540,17,569,394,2
189556,17,576,403,2
189573,17,570,402,2
189590,17,582,400,2
189606,17,570,391,2
189623,17,560,407,2
189640,17,545,389,2
189656,17,549,423,3
189673,17,554,399,2
189689,17,544,407,2
189706,17,542,386,2
189723,17,572,400,2
189739,17,543,397,2
189756,17,546,396,2
189773,17,547,362,4
189789,17,545,407,2
189806,17,543,410,2
189823,17,544,386,2
189839,17,552,393,2
189856,17,572,474,3
189872,17,588,537,3
189889,17,593,565,3
189906,17,589,528,3
189922,17,589,554,3
189939,17,587,551,3
189956,17,592,568,3
189972,17,592,540,3
189989,17,591,552,3
190006,17,598,542,3
190022,17,590,536,3
190039,17,592,577,3
190055,17,589,589,3
190072,17,592,552,3
190089,17,586,555,3
190105,17,550,574,3
190122,17,561,564,3
190139,17,557,570,3
190155,17,552,576,3
190172,17,555,546,3
190189,17,559,562,3
190205,17,560,584,3
190222,17,557,542,3
190238,17,550,524,3
190255,17,560,531,3
190272,17,553,539,3
190288,17,546,509,3
190305,17,536,439,3
190322,17,534,332,4
190338,17,542,362,4
190355,17,536,350,4
190372,17,535,387,2
190388,17,533,387,2
190405,17,537,379,2
190421,17,539,420,5
190438,17,532,453,3
190455,17,529,437,3
190471,17,533,466,3
190488,17,539,469,3
190505,17,537,447,3
190521,17,545,374,2
190538,17,538,457,3
190554,17,537,432,3
190571,17,547,422,3
190588,17,539,403,2
190604,17,536,418,5
190621,17,528,365,2
190638,17,531,349,4
190654,17,526,391,2
190671,17,518,568,3
190688,17,525,909,0
190954,266,518,451,3
190970,17,510,839,0
190987,17,511,728,3
191004,17,516,633,3
191020,17,525,500,3
191037,17,572,397,2
191054,17,537,407,2
191070,17,557,317,4
191087,17,548,308,4
191103,17,550,333,4
191120,17,558,348,4
191137,17,533,389,2
191153,17,531,367,2
191170,17,529,392,2
191187,17,536,375,2
191203,17,530,331,4
191220,17,530,354,4
191237,17,505,411,2
191253,17,522,344,4
191270,17,516,385,2
191286,17,513,378,2
191303,17,522,374,2
191320,17,511,419,5
191336,17,511,402,2
191353,17,521,349,4
191370,17,508,408,2
191386,17,508,407,2
191403,17,508,422,3
191420,17,512,373,2
191436,17,509,409,2
191453,17,515,399,2
191469,17,514,379,2
191486,17,510,382,2
191503,17,517,400,2
191519,17,518,354,4
191536,17,508,399,2
191553,17,515,382,2
191569,17,514,383,2
191586,17,514,392,2
191602,17,537,404,2
191619,17,535,403,2
191636,17,550,408,2
191652,17,543,390,2
191669,17,544,401,2
191686,17,536,353,4
191702,17,533,426,3
191719,17,541,413,2
191736,17,535,417,5
191752,17,539,417,5
191769,17,539,417,5
191785,17,546,418,5
191802,17,532,423,3
191819,17,538,421,5
191835,17,539,428,3
191852,17,536,410,2
191869,17,542,411,2
191885,17,536,434,3
191902,17,532,406,2
191919,17,537,407,2
191935,17,535,403,2
191952,17,536,412,2
191968,17,535,412,2
191985,17,527,423,3
192002,17,538,392,2
192018,17,516,425,3
192035,17,524,415,2
192052,17,521,384,2
192068,17,521,423,3
192085,17,519,397,2
192102,17,514,410,2
192118,17,521,403,2
192135,17,517,421,5
192151,17,519,399,2
192168,17,515,395,2
192185,17,518,397,2
192201,17,509,394,2
192218,17,507,405,2
192235,17,517,390,2
192251,17,512,412,2
192268,17,525,398,2
192285,17,530,397,2
192301,17,529,391,2
192318,17,530,398,2
192334,17,528,387,2
192351,17,524,408,2
192368,17,524,405,2
192384,17,531,390,2
192401,17,529,416,2
192418,17,528,404,2
192434,17,531,402,2
192451,17,526,431,3
192468,17,528,420,5
192484,17,520,418,5
192501,17,525,419,5
192517,17,528,403,2
192534,17,526,416,2
192551,17,527,408,2
192567,17,526,393,2
192584,17,516,375,2
192601,17,530,396,2
192617,17,532,391,2
192634,17,522,406,2
192651,17,520,419,5
192667,17,527,427,3
192684,17,526,409,2
192700,17,526,416,2
192717,17,528,420,5
192734,17,527,418,5
192750,17,532,409,2
192767,17,520,412,2
192784,17,531,441,3
192800,17,527,413,2
192817,17,525,424,3
192833,17,512,397,2
192850,17,525,427,3
192867,17,527,421,5
192883,17,528,388,2
192900,17,529,401,2
192917,17,527,426,3
192933,17,533,406,2
192950,17,531,401,2
192967,17,527,390,2
192983,17,527,401,2
193000,17,527,412,2
193016,17,527,395,2
193033,17,530,396,2
193050,17,529,397,2
193066,17,531,388,2
193083,17,555,361,4
193100,17,621,357,0
193116,17,684,292,0
193133,17,701,316,0
193150,17,712,267,0
193166,17,711,298,0
193183,17,706,305,0
193199,17,709,342,0
193216,17,717,299,0
193233,17,705,336,0
193249,17,705,309,0
193266,17,708,318,0
193283,17,721,322,0
193299,17,741,238,0
193316,17,749,251,0
193333,17,740,289,0
193349,17,749,279,0
193366,17,747,288,0
193382,17,764,274,0
193399,17,751,256,0
193416,17,743,268,0
193432,17,732,271,0
193449,17,779,242,0
193466,17,744,262,0
193482,17,753,237,0
193499,17,749,233,0
193516,17,755,228,0
193532,17,780,216,0
193549,17,778,223,0
193565,17,776,243,0
193582,17,779,189,0
193599,17,779,229,0
193615,17,781,201,0
193632,17,777,190,0
193649,17,774,226,0
193665,17,780,210,0
193682,17,776,231,0
193699,17,780,232,0
193715,17,777,229,0
193732,17,782,252,0
193748,17,784,225,0
193765,17,784,219,0
193782,17,779,226,0
193798,17,782,235,0
193815,17,793,208,0
193832,17,791,204,0
193848,17,797,178,0
193865,17,787,201,0
193881,17,783,210,0
193898,17,787,203,0
193915,17,781,181,0
193931,17,789,183,0
193948,17,796,177,0
193965,17,790,237,0
193981,17,836,212,0
193998,17,788,206,0
194015,17,744,244,0
194031,17,702,180,1
194048,17,701,168,1
194064,17,667,178,1
194081,17,703,188,1
194098,17,671,192,1
194114,17,702,180,1
194131,17,697,183,1
194148,17,704,199,1
194164,17,698,200,1
194181,17,705,175,1
194198,17,699,212,1
194214,17,701,174,1
194231,17,699,181,1
194247,17,708,165,1
194264,17,668,209,1
194281,17,588,213,1
194297,17,462,255,1
194314,17,414,223,1
194331,17,465,259,1
194347,17,464,262,0
194364,17,419,248,1
194381,17,419,267,0
194397,17,463,257,1
194414,17,465,252,1
194430,17,460,252,1
194447,17,459,269,0
194464,17,456,264,0
194480,17,463,254,1
194497,17,466,231,1
194514,17,433,238,1
194530,17,424,227,1
194547,17,462,280,0
194564,17,462,261,0
194580,17,448,201,1
194597,17,498,226,1
194613,17,498,228,1
194630,17,496,225,1
194647,17,501,215,1
194663,17,451,225,1
194680,17,467,216,1
194697,17,499,226,1
194713,17,505,188,1
194730,17,494,226,1
194747,17,501,234,1
194763,17,500,210,1
194780,17,506,184,1
194796,17,460,217,1
194813,17,514,197,1
194830,17,545,188,1
194846,17,568,191,1
194863,17,572,190,1
194880,17,568,205,1
194896,17,569,169,1
194913,17,572,223,1
194930,17,573,195,1
194946,17,567,206,1
194963,17,525,223,1
194979,17,568,192,1
194996,17,533,206,1
195013,17,563,212,1
195029,17,569,222,1
195046,17,571,224,1
195063,17,562,222,1
195079,17,538,216,1
195096,17,530,221,1
195112,17,461,211,1
195129,17,488,209,1
195146,17,493,232,1
195162,17,490,245,1
195179,17,491,239,1
195196,17,489,217,1
195212,17,483,235,1
195229,17,483,241,1
195246,17,443,173,1
195262,17,489,208,1
195279,17,478,217,1
195295,17,483,240,1
195312,17,476,241,1
195329,17,495,234,1
195345,17,489,214,1
195362,17,485,238,1
195379,17,489,241,1
195395,17,495,217,1
195412,17,489,222,1
195429,17,476,230,1
195445,17,491,224,1
195462,17,491,250,1
195478,17,481,237,1
195495,17,494,246,1
195512,17,484,233,1
195528,17,443,208,1
195545,17,481,238,1
195562,17,462,241,1
195578,17,471,240,1
195595,17,465,217,1
195612,17,463,250,1
195628,17,465,250,1
195645,17,469,270,0
195661,17,475,263,0
195678,17,463,268,0
195695,17,472,293,4
195711,17,464,248,1
195728,17,470,279,0
195745,17,466,254,1
195761,17,474,241,1
195778,17,470,248,1
195795,17,459,257,1
195811,17,471,274,0
195828,17,467,263,0
195844,17,470,249,1
195861,17,470,285,0
195878,17,471,274,0
195894,17,467,272,0
195911,17,471,264,0
195928,17,458,247,1
195944,17,468,237,1
195961,17,467,215,1
195978,17,465,247,1
195994,17,463,257,1
196011,17,461,265,0
196027,17,472,255,1
196044,17,472,281,0
196061,17,516,318,4
196077,17,528,304,4
196094,17,528,344,4
196111,17,531,320,4
196127,17,532,326,4
196144,17,521,339,4
196160,17,523,331,4
196177,17,529,329,4
196194,17,527,341,4
196210,17,520,337,4
196227,17,530,348,4
196244,17,526,359,4
196260,17,526,350,4
196277,17,530,330,4
196294,17,536,368,2
196310,17,533,377,2
196327,17,535,410,2
196343,17,541,391,2
196360,17,538,384,2
196377,17,538,364,4
196393,17,542,383,2
196410,17,544,396,2
196427,17,539,371,2
196443,17,541,374,2
196460,17,541,398,2
196477,17,541,344,4
196493,17,544,377,2
196510,17,541,383,2
196526,17,542,382,2
196543,17,541,352,4
196560,17,539,341,4
196576,17,543,365,2
196593,17,536,368,2
196610,17,548,376,2
196626,17,543,377,2
196643,17,548,355,4
196660,17,542,367,2
196676,17,546,365,2
196693,17,554,351,4
196709,17,547,370,2
196726,17,543,387,2
196743,17,541,363,4
196759,17,546,373,2
196776,17,543,404,2
196793,17,544,367,2
196809,17,544,359,4
196826,17,521,359,4
196843,17,522,363,4
196859,17,523,367,2
196876,17,524,370,2
196892,17,525,381,2
196909,17,526,383,2
196926,17,527,370,2
196942,17,519,360,4
196959,17,525,369,2
196976,17,531,373,2
196992,17,522,357,4
197009,17,524,372,2
197026,17,521,377,2
197042,17,525,386,2
197059,17,521,380,2
197075,17,506,386,2
197092,17,424,403,2
197109,17,369,375,2
197125,17,348,382,2
197142,17,340,395,2
197159,17,348,390,2
197175,17,357,388,2
197192,17,369,373,2
197209,17,353,358,0
197225,17,349,375,2
197242,17,339,396,2
197258,17,348,415,2
197275,17,340,388,2
197292,17,334,402,2
197308,17,331,383,2
197325,17,318,393,2
197342,17,342,363,0
197358,17,322,390,2
197375,17,323,383,2
197391,17,334,403,2
197408,17,325,382,2
197425,17,347,371,2
197441,17,318,385,2
197458,17,323,385,2
197475,17,362,400,2
197491,17,423,405,2
197508,17,468,391,2
197525,17,482,402,2
197541,17,480,416,2
197558,17,485,401,2
197574,17,488,414,2
197591,17,490,398,2
197608,17,486,422,3
197624,17,483,422,3
197641,17,487,417,5
197658,17,492,395,2
197674,17,489,397,2
197691,17,485,406,2
197708,17,487,404,2
197724,17,494,343,4
197741,17,529,408,2
197757,17,529,404,2
197774,17,524,401,2
197791,17,526,400,2
197807,17,530,406,2
197824,17,527,416,2
197841,17,522,342,4
197857,17,528,382,2
197874,17,525,394,2
197891,17,530,343,4
197907,17,543,391,2
197924,17,568,375,2
197940,17,573,379,2
197957,17,570,408,2
197974,17,572,379,2
197990,17,580,343,4
198007,17,648,815,0
198240,233,291,839,0
198257,17,300,831,0
198273,17,359,395,2
198290,17,358,336,0
198306,17,328,618,3
198323,17,359,435,3
198340,17,354,392,2
198356,17,338,517,3
198373,17,342,477,3
198390,17,337,460,3
198406,17,345,461,3
198423,17,351,449,3
198439,17,346,437,3
198456,17,345,451,3
198473,17,335,481,3
198489,17,342,443,3
198506,17,328,444,3
198523,17,334,470,3
198539,17,331,460,3
198556,17,333,460,3
198573,17,336,462,3
198589,17,333,456,3
198606,17,338,473,3
198622,17,331,462,3
198639,17,331,459,3
198656,17,331,466,3
198672,17,333,466,3
198689,17,334,471,3
198706,17,330,456,3
198722,17,329,458,3
198739,17,326,475,3
198756,17,325,475,3
198772,17,323,480,3
198789,17,324,490,3
198805,17,323,467,3
198822,17,330,489,3
198839,17,324,484,3
198855,17,340,476,3
198872,17,338,478,3
198889,17,328,464,3
198905,17,341,466,3
198922,17,332,462,3
198939,17,335,453,3
198955,17,341,453,3
198972,17,341,495,3
198988,17,437,509,3
199005,17,480,508,3
199022,17,496,514,3
199038,17,502,507,3
199055,17,490,549,3
199072,17,496,514,3
199088,17,511,528,3
199105,17,502,517,3
199122,17,493,509,3
199138,17,498,503,3
199155,17,497,506,3
199171,17,497,486,3
199188,17,492,523,3
199205,17,494,516,3
199221,17,493,530,3
199238,17,498,520,3
199255,17,534,504,3
199271,17,567,527,3
199288,17,572,513,3
199305,17,563,519,3
199321,17,564,488,3
199338,17,560,502,3
199354,17,571,492,3
199371,17,573,498,3
199388,17,571,516,3
199404,17,559,485,3
199421,17,556,496,3
199438,17,565,494,3
199454,17,558,498,3
199471,17,555,485,3
199488,17,559,514,3
199504,17,557,517,3
199521,17,558,495,3
199537,17,610,519,3
199554,17,601,534,3
199571,17,562,494,3
199587,17,556,500,3
199604,17,566,484,3
199621,17,557,497,3
199637,17,560,489,3
199654,17,560,469,3
199670,17,555,519,3
199687,17,563,487,3
199704,17,578,506,3
199720,17,573,507,3
199737,17,584,499,3
199754,17,604,548,3
199770,17,584,505,3
199787,17,571,497,3
199804,17,568,477,3
199820,17,576,485,3
199837,17,573,494,3
199853,17,577,506,3
199870,17,569,508,3
199887,17,571,505,3
199903,17,573,498,3
199920,17,576,487,3
199937,17,566,500,3
199953,17,582,448,3
199970,17,619,539,3
199987,17,561,486,3
200003,17,525,444,3
200020,17,512,448,3
200036,17,558,416,2
200053,17,525,386,2
200070,17,539,374,2
200086,17,554,361,4
200103,17,528,355,4
200120,17,524,376,2
200136,17,525,392,2
200153,17,530,343,4
200170,17,548,316,4
200186,17,544,333,4
200203,17,537,341,4
200219,17,530,298,4
200236,17,539,369,2
200253,17,534,378,2
200269,17,535,308,4
200286,17,536,371,2
200303,17,535,331,4
200319,17,539,393,2
200336,17,540,361,4
200353,17,537,364,4
200369,17,537,397,2
200386,17,549,327,4
200402,17,540,399,2
200419,17,544,375,2
200436,17,537,382,2
200452,17,552,369,2
200469,17,538,380,2
200486,17,540,382,2
200502,17,540,327,4
200519,17,549,354,4
200536,17,542,375,2
200552,17,538,389,2
200569,17,542,375,2
200585,17,543,374,2
200602,17,546,331,4
200619,17,542,366,2
200635,17,542,385,2
200652,17,544,376,2
200669,17,545,354,4
200685,17,545,362,4
200702,17,539,392,2
200719,17,545,401,2
200735,17,532,362,4
200752,17,543,363,4
200768,17,541,395,2
200785,17,537,368,2
200802,17,540,388,2
200818,17,541,383,2
200835,17,548,344,4
200852,17,505,380,2
200868,17,515,373,2
200885,17,513,336,4
200901,17,513,383,2
200918,17,514,404,2
200935,17,513,403,2
200951,17,517,373,2
200968,17,509,416,2
200985,17,512,363,4
201001,17,511,373,2
201018,17,517,370,2
201035,17,509,376,2
201051,17,508,404,2
201068,17,508,391,2
201084,17,510,401,2
201101,17,504,398,2
201118,17,517,386,2
201134,17,514,379,2
201151,17,517,372,2
201168,17,517,368,2
201184,17,540,358,4
201201,17,539,373,2
201218,17,534,412,2
201234,17,541,404,2
201251,17,534,403,2
201267,17,539,382,2
201284,17,538,375,2
201301,17,542,351,4
201317,17,534,368,2
201334,17,542,363,4
201351,17,539,384,2
201367,17,540,396,2
201384,17,539,375,2
201401,17,553,394,2
201417,17,556,428,3
201434,17,567,384,2
201450,17,562,384,2
201467,17,562,393,2
201484,17,559,396,2
201500,17,558,399,2
201517,17,555,417,5
201534,17,566,388,2
201550,17,570,411,2
201567,17,561,386,2
201584,17,570,364,4
201600,17,568,383,2
201617,17,474,410,2
201633,17,386,451,3
201650,17,312,469,3
201667,17,278,440,3
201683,17,261,453,3
201700,17,278,438,3
201717,17,290,473,3
201733,17,286,467,3
201750,17,266,462,3
201767,17,262,458,3
201783,17,271,438,3
201800,17,301,445,3
201816,17,295,456,3
201833,17,280,465,3
201850,17,290,461,3
201866,17,301,472,3
201883,17,264,478,3
201900,17,241,452,3
201916,17,224,448,3
201933,17,240,451,3
201949,17,228,455,3
201966,17,223,471,3
201983,17,247,462,3
201999,17,235,465,3
202016,17,235,482,3
202033,17,212,499,3
202049,17,242,458,3
202066,17,226,446,3
202083,17,241,464,3
202099,17,246,452,3
202116,17,247,448,3
202132,17,244,455,3
202149,17,244,450,3
202166,17,245,433,3
202182,17,234,438,3
202199,17,247,443,3
202216,17,245,541,3
202232,17,267,810,0
202315,83,471,655,3
202498,183,615,554,3
202515,17,720,497,3
202532,17,617,359,0
202548,17,599,618,3
202565,17,606,602,3
202582,17,626,515,3
202598,17,671,509,3
202615,17,656,480,3
202632,17,672,405,2
202648,17,649,468,3
202665,17,629,446,3
202681,17,641,394,2
202698,17,654,375,2
202715,17,640,351,0
202731,17,632,356,0
202748,17,649,345,0
202765,17,651,355,0
202781,17,657,351,0
202798,17,633,350,0
202815,17,648,370,2
202831,17,641,325,0
202848,17,644,321,0
202864,17,629,356,0
202881,17,648,394,2
202898,17,632,419,3
202914,17,650,407,2
202931,17,638,414,2
202948,17,649,389,2
202964,17,645,410,2
202981,17,632,433,3
202998,17,648,415,2
203014,17,617,419,3
203031,17,596,397,2
203047,17,603,374,2
203064,17,597,363,4
203081,17,597,389,2
203097,17,604,404,2
203114,17,598,432,3
203131,17,596,408,2
203147,17,591,428,3
203164,17,590,382,2
203180,17,583,403,2
203197,17,595,433,3
203214,17,597,407,2
203230,17,592,406,2
203247,17,603,404,2
203264,17,608,396,2
203280,17,597,425,3
203297,17,583,427,3
203314,17,589,394,2
203330,17,581,429,3
203347,17,593,397,2
203363,17,596,444,3
203380,17,584,414,2
203397,17,593,423,3
203413,17,593,420,3
203430,17,602,410,2
203447,17,594,418,3
203463,17,592,457,3
203480,17,589,438,3
203497,17,591,410,2
203513,17,598,390,2
203530,17,596,400,2
203546,17,591,371,2
203563,17,595,398,2
203580,17,599,401,2
203596,17,598,401,2
203613,17,545,438,3
203630,17,548,421,5
203646,17,542,425,3
203663,17,543,416,2
203680,17,544,446,3
203696,17,544,417,5
203713,17,547,430,3
203729,17,546,441,3
203746,17,562,399,2
203763,17,548,378,2
203779,17,552,407,2
203796,17,542,432,3
203813,17,546,408,2
203829,17,541,411,2
203846,17,552,435,3
203863,17,549,431,3
203879,17,546,408,2
203896,17,554,425,3
203912,17,551,419,5
203929,17,545,415,2
