Time (ms),Timegap (ms),Gaze X,Gaze Y,AOI
0,0,1029,810,0
17,17,1019,785,0
33,17,1029,650,0
50,17,1035,444,0
67,17,1003,183,0
83,17,979,75,0
150,67,969,10,0
166,17,979,41,0
183,17,959,24,0
200,17,975,18,0
250,50,899,110,0
266,17,840,545,3
283,17,854,323,0
316,33,886,223,0
333,17,911,81,0
349,17,892,133,0
366,17,886,131,0
383,17,848,390,0
399,17,875,241,0
416,17,896,120,0
433,17,874,246,0
449,17,872,248,0
482,33,840,423,3
499,17,883,214,0
532,33,852,320,0
549,17,888,211,0
566,17,902,113,0
582,17,858,393,0
599,17,877,189,0
615,17,827,521,3
632,17,852,428,3
649,17,844,557,3
682,33,891,194,0
699,17,910,64,0
715,17,882,22,0
732,17,808,67,0
749,17,720,161,1
765,17,643,226,1
782,17,566,295,4
798,17,590,277,0
815,17,574,278,0
832,17,577,270,0
848,17,573,304,4
865,17,569,300,4
882,17,578,300,4
898,17,572,264,0
915,17,557,325,4
932,17,562,250,1
948,17,562,273,0
965,17,571,302,4
981,17,556,284,0
998,17,545,345,4
1015,17,521,510,3
1031,17,495,710,3
1048,17,491,753,3
1065,17,486,772,0
1081,17,509,745,3
1098,17,487,759,3
1115,17,496,759,3
1131,17,483,733,3
1148,17,488,762,3
1164,17,500,757,3
1181,17,489,754,3
1198,17,493,744,3
1214,17,493,742,3
1231,17,494,752,3
1248,17,484,772,0
1264,17,488,822,0
1281,17,481,775,0
1298,17,490,767,0
1314,17,488,725,3
1331,17,490,557,3
1347,17,506,436,3
1364,17,515,434,3
1381,17,509,446,3
1397,17,510,428,3
1414,17,500,438,3
1431,17,517,425,3
1447,17,515,425,3
1464,17,517,452,3
1481,17,515,442,3
1497,17,514,464,3
1514,17,495,445,3
1530,17,473,399,2
1547,17,467,405,2
1564,17,470,394,2
1580,17,472,420,3
1630,50,475,435,3
1647,17,477,341,4
1664,17,477,396,2
1680,17,475,358,4
1697,17,482,367,2
1713,17,505,352,4
1730,17,567,369,2
1747,17,610,356,4
1763,17,606,344,4
1780,17,614,403,2
1797,17,617,303,0
1813,17,618,331,0
1830,17,620,361,0
1846,17,623,348,0
1863,17,626,316,0
1880,17,618,359,0
1896,17,610,372,2
1913,17,612,332,4
1930,17,611,400,2
1946,17,618,355,0
1963,17,621,363,0
1980,17,619,303,0
1996,17,615,312,0
2013,17,611,350,4
2029,17,608,350,4
2046,17,604,353,4
2063,17,601,317,4
2079,17,596,368,2
2096,17,603,346,4
2113,17,603,327,4
2129,17,603,364,4
2146,17,593,367,2
2163,17,609,347,4
2179,17,605,324,4
2196,17,594,357,4
2212,17,589,370,2
2229,17,598,325,4
2246,17,598,309,4
2262,17,606,344,4
2279,17,589,338,4
2296,17,566,357,4
2312,17,576,355,4
2329,17,577,299,4
2346,17,566,357,4
2362,17,570,339,4
2379,17,568,334,4
2395,17,566,362,4
2412,17,563,318,4
2429,17,569,357,4
2445,17,568,345,4
2462,17,562,364,4
2479,17,558,377,2
2495,17,563,374,2
2512,17,553,354,4
2529,17,548,373,2
2545,17,569,349,4
2562,17,565,367,2
2578,17,570,335,4
2595,17,554,386,2
2612,17,558,385,2
2628,17,565,366,2
2645,17,560,360,4
2662,17,559,379,2
2678,17,554,351,4
2695,17,556,376,2
2712,17,556,381,2
2728,17,551,382,2
2745,17,551,380,2
2761,17,549,384,2
2778,17,545,379,2
2795,17,553,398,2
2811,17,559,385,2
2828,17,561,360,4
2845,17,562,355,4
2861,17,558,399,2
2878,17,563,383,2
2894,17,562,355,4
2911,17,565,315,4
2928,17,558,362,4
2944,17,543,386,2
2961,17,550,368,2
2978,17,550,381,2
2994,17,558,335,4
3011,17,551,396,2
3028,17,558,352,4
3044,17,552,375,2
3061,17,546,399,2
3077,17,560,364,4
3094,17,562,353,4
3144,50,555,358,4
3161,17,562,369,2
3177,17,562,335,4
3194,17,554,385,2
3211,17,558,372,2
3227,17,563,357,4
3244,17,564,381,2
3260,17,561,361,4
3277,17,569,331,4
3294,17,568,375,2
3310,17,563,376,2
3327,17,567,342,4
3344,17,558,348,4
3360,17,570,384,2
3377,17,550,395,2
3394,17,563,359,4
3410,17,558,381,2
3427,17,558,380,2
3460,33,567,378,2
3477,17,567,410,2
3493,17,566,375,2
3510,17,576,408,2
3543,33,566,384,2
3560,17,568,383,2
3577,17,559,400,2
3593,17,566,367,2
3610,17,564,383,2
3626,17,559,376,2
3643,17,559,397,2
3660,17,575,404,2
3676,17,575,378,2
3693,17,561,387,2
3710,17,556,408,2
3726,17,558,424,3
3909,183,528,478,3
3926,17,530,335,4
3943,17,536,343,4
3959,17,521,377,2
3976,17,519,385,2
3992,17,531,329,4
4009,17,526,364,4
4026,17,523,351,4
4042,17,526,372,2
4059,17,523,373,2
4076,17,516,356,4
4092,17,517,323,4
4109,17,514,324,4
4125,17,520,323,4
4142,17,513,359,4
4159,17,510,331,4
4175,17,508,349,4
4192,17,517,342,4
4209,17,516,345,4
4225,17,512,353,4
4242,17,510,373,2
4259,17,511,333,4
4275,17,513,355,4
4292,17,516,363,4
4308,17,517,373,2
4325,17,516,369,2
4342,17,519,355,4
4375,33,513,342,4
4392,17,513,352,4
4425,33,510,349,4
4442,17,522,326,4
4458,17,515,329,4
4475,17,510,379,2
4491,17,521,341,4
4508,17,513,375,2
4525,17,509,345,4
4541,17,517,318,4
4558,17,512,364,4
4575,17,510,372,2
4591,17,515,312,4
4608,17,522,396,2
4625,17,519,405,2
4641,17,524,426,3
4658,17,518,431,3
4674,17,528,363,4
4691,17,513,398,2
4708,17,523,400,2
4724,17,521,389,2
4741,17,516,422,3
4758,17,519,440,3
4774,17,525,423,3
4791,17,516,440,3
4808,17,522,416,2
4824,17,510,363,4
4841,17,514,377,2
4857,17,509,389,2
4874,17,502,351,4
4891,17,513,338,4
4907,17,506,355,4
4924,17,507,341,4
4941,17,508,365,2
4957,17,505,358,4
4974,17,505,348,4
4991,17,503,363,4
5007,17,501,342,4
5024,17,506,367,2
5040,17,516,327,4
5057,17,507,366,2
5074,17,512,337,4
5090,17,519,363,4
5107,17,515,346,4
5124,17,507,358,4
5140,17,509,311,4
5157,17,510,355,4
5174,17,501,366,2
5190,17,506,353,4
5207,17,508,305,4
5223,17,502,363,4
5240,17,508,310,4
5257,17,506,403,2
5273,17,505,385,2
5290,17,510,383,2
5307,17,509,378,2
5323,17,507,383,2
5340,17,501,335,4
5356,17,506,317,4
5373,17,505,346,4
5390,17,500,383,2
5406,17,513,353,4
5423,17,483,342,4
5440,17,500,319,4
5456,17,493,361,4
5473,17,494,373,2
5490,17,489,392,2
5506,17,500,388,2
5523,17,501,378,2
5539,17,506,368,2
5556,17,507,373,2
5573,17,501,354,4
5589,17,503,364,4
5606,17,488,381,2
5623,17,496,342,4
5639,17,505,369,2
5656,17,508,336,4
5673,17,505,382,2
5689,17,507,348,4
5706,17,498,350,4
5722,17,505,360,4
5739,17,505,333,4
5756,17,499,355,4
5772,17,503,355,4
5789,17,501,361,4
5806,17,497,382,2
5822,17,501,355,4
6039,216,517,380,2
6055,17,515,402,2
6072,17,514,380,2
6088,17,513,415,2
6105,17,518,383,2
6122,17,521,369,2
6138,17,517,402,2
6155,17,520,385,2
6172,17,521,378,2
6188,17,517,365,2
6205,17,517,377,2
6222,17,518,363,4
6238,17,510,360,4
6255,17,512,383,2
6271,17,508,405,2
6288,17,508,405,2
6305,17,505,388,2
6321,17,507,379,2
6338,17,524,405,2
6355,17,541,434,3
6371,17,536,429,3
6388,17,543,395,2
6404,17,541,405,2
6421,17,542,399,2
6438,17,537,402,2
6454,17,546,410,2
6471,17,554,385,2
6488,17,551,399,2
6504,17,551,392,2
6521,17,552,364,4
6538,17,549,401,2
6571,33,559,385,2
6587,17,550,389,2
6604,17,545,396,2
6621,17,548,402,2
6637,17,556,384,2
6654,17,553,390,2
6671,17,563,380,2
6687,17,553,359,4
6704,17,547,374,2
6721,17,575,399,2
6737,17,548,388,2
6754,17,556,338,4
6770,17,564,338,4
6787,17,565,364,4
6804,17,586,339,4
6820,17,566,337,4
6837,17,541,357,4
6854,17,542,343,4
6870,17,541,342,4
6887,17,552,387,2
6904,17,558,369,2
6920,17,573,323,4
6937,17,556,351,4
6953,17,561,359,4
6970,17,558,330,4
6987,17,556,360,4
7003,17,554,358,4
7020,17,543,348,4
7037,17,541,372,2
7053,17,556,316,4
7070,17,563,355,4
7087,17,558,342,4
7103,17,546,389,2
7120,17,540,381,2
7136,17,546,358,4
7153,17,546,357,4
7170,17,520,372,2
7186,17,522,368,2
7203,17,524,372,2
7220,17,523,331,4
7236,17,515,355,4
7253,17,516,311,4
7286,33,512,349,4
7303,17,517,364,4
7319,17,520,364,4
7336,17,512,362,4
7353,17,514,369,2
7369,17,515,356,4
7386,17,523,339,4
7403,17,517,358,4
7436,33,528,314,4
7453,17,526,307,4
7469,17,509,353,4
7486,17,509,304,4
7502,17,494,320,4
7536,33,501,330,4
7552,17,504,321,4
7586,33,495,307,4
7602,17,500,303,4
7652,50,489,361,4
7669,17,495,351,4
7685,17,496,383,2
7702,17,505,338,4
7719,17,505,342,4
7735,17,494,377,2
7752,17,506,302,4
7769,17,503,356,4
7785,17,506,349,4
7802,17,518,401,2
7818,17,543,421,5
7835,17,529,465,3
7852,17,534,387,2
7868,17,537,430,3
7885,17,532,427,3
7902,17,530,460,3
7918,17,537,413,2
7935,17,533,432,3
7952,17,533,446,3
7968,17,528,421,5
7985,17,529,415,2
8001,17,530,397,2
8018,17,536,434,3
8035,17,532,447,3
8051,17,524,435,3
8068,17,532,418,5
8085,17,529,408,2
8101,17,529,421,5
8118,17,527,413,2
8135,17,525,426,3
8151,17,524,451,3
8168,17,529,446,3
8184,17,535,453,3
8201,17,524,426,3
8218,17,524,423,3
8234,17,492,375,2
8251,17,488,403,2
8268,17,483,356,4
8284,17,486,388,2
8301,17,494,371,2
8318,17,485,391,2
8334,17,484,358,4
8351,17,484,348,4
8367,17,488,325,4
8384,17,487,337,4
8401,17,480,334,4
8417,17,491,319,4
8434,17,488,372,2
8451,17,487,355,4
8467,17,490,372,2
8484,17,492,363,4
8501,17,485,346,4
8517,17,515,437,3
8534,17,512,485,3
8550,17,519,473,3
8567,17,522,448,3
8584,17,519,455,3
8600,17,515,515,3
8617,17,523,487,3
8634,17,513,465,3
8650,17,523,459,3
8667,17,519,452,3
8683,17,524,470,3
8700,17,514,434,3
8717,17,520,447,3
8733,17,517,462,3
8750,17,523,447,3
8767,17,514,481,3
8783,17,525,479,3
8800,17,522,491,3
8817,17,515,423,3
8833,17,504,390,2
8850,17,492,395,2
8866,17,499,364,4
8883,17,501,353,4
8900,17,493,355,4
8916,17,488,342,4
8933,17,506,343,4
8950,17,484,362,4
8966,17,496,385,2
8983,17,495,338,4
9000,17,497,384,2
9016,17,498,385,2
9033,17,502,370,2
9049,17,490,357,4
9066,17,494,360,4
9083,17,490,370,2
9099,17,474,263,0
9116,17,485,389,2
9133,17,500,366,2
9149,17,494,362,4
9166,17,492,371,2
9183,17,492,322,4
9199,17,496,299,4
9216,17,489,267,0
9232,17,487,300,4
9249,17,495,281,0
9266,17,486,322,4
9282,17,489,307,4
9299,17,503,302,4
9316,17,504,263,0
9332,17,501,255,1
9349,17,492,299,4
9366,17,510,292,4
9382,17,512,270,0
9399,17,510,281,0
9415,17,498,283,0
9432,17,494,293,4
9449,17,500,291,4
9465,17,502,352,4
9482,17,513,395,2
9499,17,522,429,3
9515,17,521,416,2
9532,17,535,415,2
9549,17,530,407,2
9565,17,526,404,2
9582,17,518,420,5
9598,17,517,441,3
9615,17,521,426,3
9632,17,520,406,2
9648,17,539,371,2
9665,17,511,410,2
9682,17,497,373,2
9698,17,503,382,2
9715,17,504,414,2
9732,17,502,410,2
9748,17,507,380,2
9781,33,498,391,2
9798,17,499,387,2
9815,17,526,405,2
9831,17,528,436,3
10097,266,659,463,3
10114,17,476,895,0
10131,17,478,854,0
10147,17,514,656,3
10164,17,491,661,3
10181,17,498,603,3
10197,17,502,551,3
10214,17,509,534,3
10231,17,510,556,3
10247,17,506,489,3
10264,17,503,518,3
10280,17,528,471,3
10297,17,507,473,3
10314,17,530,462,3
10330,17,527,466,3
10364,33,525,430,3
10380,17,528,402,2
10397,17,524,417,5
10414,17,526,414,2
10430,17,526,387,2
10447,17,523,401,2
10463,17,541,409,2
10480,17,535,355,4
10497,17,533,371,2
10513,17,535,401,2
10530,17,538,354,4
10547,17,540,362,4
10563,17,541,370,2
10580,17,544,355,4
10597,17,542,364,4
10613,17,542,373,2
10630,17,538,384,2
10646,17,537,339,4
10663,17,536,350,4
10680,17,541,336,4
10696,17,524,317,4
10713,17,538,345,4
10730,17,535,309,4
10746,17,552,276,0
10763,17,527,366,2
10780,17,533,345,4
10796,17,542,331,4
10813,17,536,316,4
10829,17,537,336,4
10846,17,536,296,4
10863,17,530,337,4
10879,17,533,343,4
10896,17,543,342,4
10913,17,539,277,0
10929,17,540,319,4
10946,17,533,325,4
10962,17,533,334,4
10979,17,538,353,4
10996,17,543,360,4
11012,17,540,328,4
11029,17,537,390,2
11046,17,558,311,4
11062,17,548,363,4
11079,17,548,348,4
11096,17,547,371,2
11112,17,544,348,4
11129,17,545,307,4
11145,17,545,323,4
11162,17,540,323,4
11179,17,544,327,4
11195,17,542,335,4
11212,17,551,295,4
11229,17,537,357,4
11245,17,550,380,2
11262,17,545,352,4
11279,17,548,329,4
11295,17,536,351,4
11312,17,538,377,2
11328,17,542,328,4
11345,17,544,329,4
11362,17,540,350,4
11378,17,544,365,2
11395,17,531,431,3
11412,17,532,427,3
11428,17,529,426,3
11445,17,537,422,3
11462,17,536,424,3
11478,17,546,395,2
11495,17,534,436,3
11511,17,543,441,3
11528,17,542,419,5
11545,17,548,389,2
11561,17,545,438,3
11578,17,544,410,2
11595,17,540,422,3
11611,17,537,432,3
11628,17,549,385,2
11645,17,554,432,3
11661,17,540,428,3
11678,17,526,360,4
11694,17,464,309,4
11711,17,514,368,2
11728,17,512,361,4
11744,17,513,358,4
11761,17,508,333,4
11778,17,508,343,4
11794,17,507,365,2
11811,17,511,338,4
11828,17,502,332,4
11844,17,517,358,4
11861,17,511,355,4
11877,17,516,359,4
11894,17,515,372,2
11911,17,512,343,4
11927,17,470,277,0
11944,17,460,295,4
11961,17,455,266,0
11977,17,536,373,2
11994,17,543,403,2
12011,17,552,421,5
12027,17,546,432,3
12044,17,548,366,2
12060,17,562,404,2
12077,17,541,385,2
12094,17,548,418,5
12110,17,549,355,4
12127,17,548,375,2
12144,17,552,361,4
12160,17,549,377,2
12177,17,545,421,5
12193,17,548,390,2
12210,17,544,408,2
12227,17,556,392,2
12243,17,521,382,2
12260,17,535,388,2
12277,17,546,433,3
12293,17,556,425,3
12310,17,537,426,3
12327,17,542,435,3
12343,17,536,417,5
12360,17,534,421,5
12376,17,538,398,2
12393,17,535,441,3
12410,17,538,421,5
12426,17,531,431,3
12443,17,539,437,3
12460,17,546,412,2
12476,17,539,398,2
12493,17,541,441,3
12510,17,542,430,3
12526,17,539,403,2
12543,17,531,449,3
12559,17,529,446,3
12576,17,535,441,3
12593,17,541,391,2
12609,17,534,393,2
12626,17,542,374,2
12643,17,533,445,3
12659,17,561,407,2
12676,17,546,431,3
12693,17,520,433,3
12709,17,514,394,2
12726,17,518,358,4
12742,17,469,294,4
12759,17,514,404,2
12776,17,464,321,4
12792,17,517,357,4
12809,17,512,377,2
12826,17,516,393,2
12842,17,513,377,2
12859,17,510,383,2
12876,17,476,332,4
12892,17,520,367,2
12909,17,521,374,2
12925,17,474,304,4
12942,17,514,399,2
12959,17,512,428,3
12975,17,520,398,2
12992,17,467,313,4
13009,17,518,391,2
13025,17,509,388,2
13042,17,458,309,4
13059,17,491,379,2
13075,17,500,329,4
13092,17,503,317,4
13108,17,488,342,4
13125,17,491,313,4
13142,17,491,350,4
13158,17,491,319,4
13175,17,450,246,1
13192,17,488,358,4
13208,17,489,329,4
13225,17,494,314,4
13241,17,491,335,4
13258,17,489,337,4
13275,17,449,267,0
13291,17,452,263,0
13308,17,445,270,0
13325,17,488,349,4
13341,17,496,338,4
13358,17,443,274,0
13375,17,499,344,4
13391,17,451,278,0
13408,17,436,277,0
13424,17,435,276,0
13441,17,498,386,2
13458,17,489,445,3
13674,216,513,733,3
13691,17,516,861,0
13707,17,517,595,3
13724,17,532,476,3
13741,17,530,408,2
13757,17,559,286,0
13774,17,544,308,4
13790,17,542,292,4
13807,17,542,264,0
13824,17,538,276,0
13840,17,533,320,4
13857,17,535,339,4
13874,17,513,319,4
13890,17,508,340,4
13907,17,504,318,4
13924,17,507,312,4
13940,17,507,337,4
13957,17,505,319,4
13973,17,514,285,0
13990,17,511,335,4
14007,17,510,359,4
14023,17,512,348,4
14040,17,510,345,4
14057,17,501,343,4
14073,17,507,354,4
14090,17,506,316,4
14107,17,503,312,4
14123,17,502,312,4
14140,17,501,323,4
14156,17,506,315,4
14173,17,506,304,4
14190,17,501,334,4
14206,17,504,355,4
14223,17,511,356,4
14240,17,540,327,4
14256,17,549,374,2
14273,17,547,341,4
14290,17,554,338,4
14306,17,555,336,4
14323,17,553,323,4
14339,17,558,330,4
14356,17,566,325,4
14373,17,554,337,4
14389,17,550,355,4
14406,17,551,346,4
14423,17,550,339,4
14439,17,552,316,4
14456,17,548,346,4
14472,17,543,348,4
14489,17,542,340,4
14506,17,553,336,4
14522,17,559,348,4
14539,17,550,346,4
14556,17,553,354,4
14572,17,552,383,2
14589,17,529,392,2
14606,17,540,394,2
14622,17,538,353,4
14639,17,534,346,4
14655,17,525,344,4
14672,17,527,391,2
14689,17,532,361,4
14705,17,529,382,2
14722,17,533,393,2
14739,17,539,362,4
14755,17,537,374,2
14772,17,540,367,2
14789,17,538,394,2
14805,17,535,377,2
14822,17,541,338,4
14838,17,550,349,4
14855,17,540,378,2
14872,17,534,373,2
14888,17,533,380,2
14905,17,539,388,2
14922,17,536,382,2
14938,17,525,365,2
14955,17,530,375,2
14972,17,520,388,2
14988,17,530,384,2
15005,17,531,379,2
15021,17,527,349,4
15038,17,524,355,4
15055,17,533,345,4
15071,17,541,307,4
15088,17,535,362,4
15105,17,535,370,2
15121,17,533,375,2
15138,17,534,325,4
15155,17,538,351,4
15171,17,532,374,2
15188,17,522,361,4
15204,17,528,352,4
15221,17,525,362,4
15238,17,524,356,4
15254,17,527,311,4
15271,17,521,369,2
15288,17,523,374,2
15304,17,522,327,4
15321,17,522,372,2
15338,17,524,368,2
15354,17,529,359,4
15371,17,528,363,4
15387,17,529,453,3
15404,17,520,458,3
15421,17,530,451,3
15437,17,525,477,3
15454,17,528,503,3
15471,17,533,486,3
15487,17,530,477,3
15504,17,533,474,3
15521,17,527,464,3
15537,17,539,460,3
15554,17,525,482,3
15570,17,532,453,3
15587,17,535,459,3
15604,17,538,487,3
15620,17,531,450,3
15637,17,537,412,2
15654,17,533,458,3
15670,17,531,458,3
15687,17,533,447,3
15703,17,529,491,3
15720,17,535,487,3
15737,17,527,442,3
15753,17,537,458,3
15770,17,531,480,3
15787,17,519,450,3
15803,17,527,455,3
15820,17,529,444,3
15837,17,531,464,3
15853,17,517,461,3
15870,17,534,416,2
15886,17,530,464,3
15903,17,530,474,3
15920,17,531,475,3
15936,17,532,463,3
15953,17,532,437,3
15970,17,531,440,3
15986,17,538,441,3
16003,17,531,476,3
16020,17,495,361,4
16036,17,503,397,2
16053,17,501,371,2
16069,17,495,335,4
16086,17,498,352,4
16103,17,495,346,4
16119,17,500,346,4
16136,17,496,388,2
16153,17,496,399,2
16169,17,496,372,2
16186,17,492,369,2
16203,17,495,384,2
16219,17,493,332,4
16236,17,489,346,4
16252,17,489,334,4
16269,17,494,349,4
16286,17,497,334,4
16302,17,490,373,2
16319,17,483,389,2
16336,17,487,365,2
16352,17,495,333,4
16369,17,497,323,4
16386,17,493,348,4
16402,17,494,340,4
16419,17,491,329,4
16435,17,487,383,2
16452,17,501,353,4
16469,17,502,350,4
16485,17,493,342,4
16502,17,502,336,4
16519,17,499,330,4
16535,17,508,324,4
16552,17,498,333,4
16569,17,504,352,4
16585,17,494,353,4
16602,17,491,331,4
16618,17,499,373,2
16635,17,495,311,4
16652,17,494,368,2
16668,17,495,337,4
16685,17,500,330,4
16702,17,504,343,4
16718,17,504,349,4
16735,17,488,332,4
16751,17,495,340,4
16768,17,493,393,2
16785,17,496,352,4
16801,17,497,334,4
16818,17,508,385,2
16835,17,518,407,2
16851,17,519,416,2
16868,17,518,422,3
16885,17,518,402,2
16901,17,513,404,2
16918,17,513,420,5
16934,17,517,402,2
16951,17,514,426,3
16968,17,517,408,2
16984,17,522,398,2
17001,17,512,411,2
17018,17,531,442,3
17034,17,535,455,3
17051,17,533,430,3
17068,17,540,444,3
17084,17,535,463,3
17101,17,530,435,3
17117,17,529,468,3
17134,17,530,441,3
17151,17,538,446,3
17167,17,529,457,3
17184,17,527,437,3
17201,17,531,428,3
17217,17,533,438,3
17234,17,530,468,3
17251,17,522,475,3
17267,17,542,440,3
17284,17,528,468,3
17300,17,526,443,3
17317,17,534,467,3
17334,17,535,443,3
17350,17,528,425,3
17367,17,545,432,3
17384,17,523,442,3
17400,17,527,495,3
17417,17,518,415,2
17434,17,526,465,3
17450,17,532,475,3
17467,17,524,478,3
17483,17,520,485,3
17500,17,516,450,3
17517,17,533,431,3
17533,17,531,453,3
17550,17,514,447,3
17567,17,502,404,2
17583,17,506,381,2
17600,17,499,420,5
17617,17,506,379,2
17633,17,504,347,4
17650,17,509,344,4
17666,17,500,413,2
17683,17,499,366,2
17700,17,508,355,4
17716,17,503,356,4
17733,17,497,381,2
17750,17,493,377,2
17766,17,492,348,4
17783,17,495,343,4
17800,17,486,362,4
17816,17,489,346,4
17833,17,487,367,2
17849,17,490,365,2
17866,17,487,359,4
17883,17,484,360,4
17899,17,487,351,4
17916,17,494,315,4
17933,17,490,339,4
17949,17,498,361,4
17966,17,494,327,4
17982,17,491,367,2
17999,17,493,365,2
18016,17,466,316,4
18032,17,485,340,4
18049,17,500,448,3
18066,17,504,473,3
18082,17,505,491,3
18099,17,503,515,3
18116,17,519,507,3
18132,17,507,523,3
18149,17,507,463,3
18165,17,507,519,3
18182,17,507,501,3
18199,17,509,484,3
18215,17,505,514,3
18232,17,509,511,3
18249,17,508,514,3
18265,17,511,478,3
18282,17,504,514,3
18299,17,513,515,3
18315,17,512,520,3
18332,17,508,512,3
18348,17,518,456,3
18365,17,524,442,3
18382,17,517,418,5
18398,17,527,405,2
18415,17,529,408,2
18432,17,525,398,2
18448,17,528,441,3
18465,17,532,375,2
18482,17,529,428,3
18498,17,533,388,2
18515,17,521,402,2
18531,17,524,418,5
18548,17,531,397,2
18565,17,528,405,2
18581,17,511,363,4
18598,17,500,384,2
18615,17,523,334,4
18631,17,506,362,4
18648,17,510,367,2
18665,17,507,365,2
18681,17,515,387,2
18698,17,516,399,2
18714,17,509,382,2
18731,17,515,372,2
18748,17,514,381,2
18764,17,512,357,4
18781,17,510,398,2
18798,17,505,388,2
18814,17,516,369,2
18831,17,516,380,2
18848,17,524,375,2
18864,17,531,378,2
18881,17,536,350,4
18897,17,532,407,2
18914,17,528,394,2
18931,17,539,358,4
18947,17,528,374,2
18964,17,527,391,2
18981,17,525,372,2
18997,17,523,380,2
19014,17,530,370,2
19030,17,530,382,2
19047,17,526,394,2
19064,17,534,376,2
19080,17,533,376,2
19097,17,539,378,2
19114,17,534,368,2
19130,17,536,386,2
19147,17,534,410,2
19164,17,529,343,4
19180,17,526,373,2
19197,17,532,323,4
19213,17,535,382,2
19230,17,535,405,2
19247,17,527,412,2
19263,17,534,411,2
19280,17,526,374,2
19297,17,530,372,2
19313,17,531,348,4
19330,17,527,385,2
19347,17,538,344,4
19363,17,534,364,4
19380,17,522,387,2
19396,17,529,340,4
19413,17,524,346,4
19430,17,526,348,4
19446,17,525,431,3
19463,17,532,419,5
19480,17,534,426,3
19496,17,532,409,2
19513,17,529,434,3
19530,17,532,435,3
19546,17,531,425,3
19563,17,530,419,5
19579,17,529,390,2
19596,17,518,413,2
19613,17,528,419,5
19629,17,538,438,3
19646,17,530,408,2
19663,17,526,419,5
19679,17,528,415,2
19696,17,524,452,3
19713,17,526,430,3
19729,17,526,417,5
19746,17,526,436,3
19762,17,526,429,3
19779,17,486,387,2
19796,17,455,289,4
19812,17,451,291,4
19829,17,473,340,4
19846,17,482,362,4
19862,17,479,331,4
19879,17,474,381,2
19896,17,477,352,4
19912,17,477,359,4
19929,17,481,329,4
19945,17,441,296,4
19962,17,490,342,4
19979,17,485,359,4
19995,17,442,290,4
20012,17,477,333,4
20029,17,489,366,2
20045,17,482,371,2
20062,17,479,388,2
20079,17,487,344,4
20095,17,492,365,2
20112,17,485,374,2
20128,17,492,353,4
20145,17,455,257,1
20162,17,488,377,2
20178,17,520,416,2
20195,17,534,456,3
20212,17,525,437,3
20228,17,533,433,3
20245,17,534,439,3
20261,17,538,444,3
20278,17,526,460,3
20295,17,532,446,3
20311,17,531,408,2
20328,17,526,462,3
20345,17,533,438,3
20361,17,526,442,3
20378,17,533,456,3
20395,17,534,458,3
20411,17,526,443,3
20428,17,538,438,3
20444,17,533,452,3
20461,17,534,481,3
20478,17,529,436,3
20494,17,532,445,3
20511,17,527,472,3
20528,17,528,478,3
20544,17,528,489,3
20561,17,528,462,3
20578,17,532,469,3
20594,17,531,463,3
20611,17,538,451,3
20627,17,533,461,3
20644,17,531,476,3
20661,17,537,466,3
20677,17,536,484,3
20694,17,535,478,3
20711,17,554,368,2
20727,17,578,375,2
20744,17,538,291,4
20761,17,579,359,4
20777,17,580,325,4
20794,17,586,316,4
20810,17,571,325,4
20827,17,586,361,4
20844,17,577,320,4
20860,17,583,353,4
20877,17,583,326,4
20894,17,577,334,4
20910,17,586,326,4
20927,17,593,351,4
20944,17,591,349,4
20960,17,596,368,2
20977,17,598,386,2
20993,17,603,349,4
21010,17,594,322,4
21027,17,588,362,4
21043,17,595,335,4
21060,17,592,329,4
21077,17,596,308,4
21093,17,589,319,4
21110,17,599,336,4
21127,17,590,355,4
21143,17,610,341,4
21160,17,587,354,4
21176,17,599,303,4
21193,17,587,337,4
21210,17,559,410,2
21226,17,533,447,3
21243,17,544,400,2
21260,17,526,482,3
21276,17,528,511,3
21293,17,525,477,3
21309,17,534,449,3
21326,17,531,428,3
21343,17,533,476,3
21359,17,530,464,3
21376,17,524,456,3
21393,17,534,481,3
21409,17,530,484,3
21426,17,538,449,3
21443,17,537,480,3
21459,17,538,491,3
21476,17,537,511,3
21492,17,533,483,3
21509,17,535,449,3
21526,17,531,492,3
21542,17,530,515,3
21559,17,535,472,3
21576,17,488,462,3
21592,17,483,408,2
21609,17,488,402,2
21626,17,484,367,2
21642,17,487,417,5
21659,17,485,402,2
21675,17,484,416,2
21692,17,487,406,2
21709,17,493,365,2
21725,17,490,356,4
21742,17,482,378,2
21759,17,487,369,2
21775,17,483,406,2
21792,17,479,392,2
21809,17,482,411,2
21825,17,483,382,2
21842,17,477,380,2
21858,17,479,386,2
21875,17,479,371,2
21892,17,480,337,4
21908,17,441,267,0
21925,17,443,275,0
21942,17,490,354,4
21958,17,488,323,4
21975,17,476,371,2
21992,17,486,358,4
22008,17,507,381,2
22025,17,518,434,3
22041,17,532,466,3
22058,17,523,461,3
22075,17,527,457,3
22091,17,517,482,3
22108,17,522,467,3
22125,17,532,466,3
22141,17,525,490,3
22158,17,524,466,3
22175,17,526,465,3
22191,17,522,500,3
22208,17,480,425,3
22224,17,462,406,2
22241,17,454,350,4
22258,17,450,386,2
22274,17,450,352,4
22291,17,459,374,2
22308,17,454,398,2
22324,17,457,357,4
22341,17,454,369,2
22358,17,458,385,2
22374,17,413,280,0
22391,17,461,391,2
22407,17,454,376,2
22424,17,414,306,0
22441,17,461,379,2
22457,17,486,320,4
22474,17,510,377,2
22491,17,538,349,4
22507,17,535,340,4
22524,17,537,377,2
22540,17,529,389,2
22557,17,534,394,2
22574,17,537,374,2
22590,17,532,401,2
22607,17,542,368,2
22624,17,548,346,4
22640,17,533,360,4
22657,17,526,380,2
22674,17,535,373,2
22690,17,542,328,4
22707,17,539,351,4
22723,17,528,381,2
22740,17,537,336,4
22757,17,530,362,4
22773,17,536,362,4
22790,17,535,376,2
22807,17,532,387,2
22823,17,539,350,4
22840,17,537,333,4
22857,17,536,371,2
22873,17,536,343,4
22890,17,540,393,2
22906,17,540,360,4
22923,17,538,368,2
22940,17,536,362,4
22956,17,533,383,2
22973,17,518,335,4
22990,17,512,367,2
23006,17,524,371,2
23023,17,521,354,4
23040,17,515,371,2
23056,17,526,340,4
23073,17,523,373,2
23089,17,519,361,4
23106,17,516,401,2
23123,17,525,353,4
23139,17,518,355,4
23156,17,516,364,4
23173,17,519,370,2
23189,17,527,380,2
23206,17,527,324,4
23223,17,538,367,2
23239,17,533,377,2
23256,17,537,384,2
23272,17,537,385,2
23289,17,540,391,2
23306,17,542,352,4
23322,17,539,387,2
23339,17,539,357,4
23356,17,538,420,5
23372,17,530,402,2
23389,17,537,383,2
23406,17,540,351,4
23422,17,535,385,2
23439,17,535,396,2
23455,17,542,468,3
23472,17,539,407,2
23489,17,545,440,3
23505,17,547,483,3
23522,17,548,416,2
23539,17,544,428,3
23555,17,544,446,3
23572,17,536,414,2
23588,17,547,464,3
23605,17,537,453,3
23622,17,541,396,2
23638,17,535,458,3
23655,17,542,441,3
23672,17,549,444,3
23688,17,540,460,3
23705,17,548,449,3
23722,17,536,449,3
23738,17,545,465,3
23755,17,540,474,3
23771,17,534,504,3
23788,17,542,464,3
23805,17,544,465,3
23821,17,533,469,3
23838,17,542,467,3
23855,17,540,470,3
23871,17,534,476,3
23888,17,547,444,3
23905,17,545,464,3
23921,17,535,475,3
23938,17,544,470,3
23954,17,535,481,3
23971,17,540,471,3
23988,17,534,466,3
24004,17,533,457,3
24021,17,528,440,3
24038,17,536,457,3
24054,17,528,462,3
24071,17,539,462,3
24088,17,542,477,3
24104,17,538,452,3
24121,17,542,472,3
24137,17,537,450,3
24154,17,517,436,3
24171,17,532,423,3
24187,17,533,476,3
24204,17,536,445,3
24221,17,547,424,3
24237,17,546,461,3
24254,17,540,455,3
24271,17,545,475,3
24287,17,539,448,3
24304,17,496,424,3
24320,17,489,382,2
24337,17,491,346,4
24354,17,501,335,4
24370,17,495,332,4
24387,17,501,346,4
24404,17,496,344,4
24420,17,497,360,4
24437,17,495,356,4
24454,17,455,330,4
24470,17,501,371,2
24487,17,495,357,4
24503,17,491,364,4
24520,17,488,380,2
24537,17,500,334,4
24553,17,500,338,4
24570,17,495,361,4
24587,17,490,323,4
24603,17,493,362,4
24620,17,489,388,2
24637,17,486,356,4
24653,17,502,359,4
24670,17,488,384,2
24686,17,492,396,2
24703,17,490,369,2
24720,17,498,361,4
24736,17,495,355,4
24753,17,534,369,2
24770,17,546,377,2
24786,17,556,342,4
24803,17,549,336,4
24819,17,546,352,4
24836,17,543,378,2
24853,17,544,361,4
24869,17,545,348,4
24886,17,543,368,2
24903,17,551,340,4
24919,17,542,366,2
24936,17,542,318,4
24953,17,540,366,2
24969,17,547,334,4
24986,17,540,291,4
25002,17,548,262,0
25019,17,558,323,4
25036,17,540,346,4
25052,17,547,306,4
25069,17,536,342,4
25086,17,536,325,4
25102,17,541,371,2
25119,17,534,377,2
25136,17,537,325,4
25152,17,539,345,4
25169,17,545,327,4
25185,17,534,301,4
25202,17,542,321,4
25219,17,544,335,4
25235,17,546,303,4
25252,17,545,318,4
25269,17,545,298,4
25285,17,545,317,4
25302,17,540,331,4
25319,17,539,332,4
25335,17,544,363,4
25352,17,546,308,4
25368,17,541,348,4
25385,17,547,341,4
25402,17,532,320,4
25418,17,532,323,4
25435,17,539,331,4
25452,17,533,360,4
25468,17,546,353,4
25485,17,541,316,4
25502,17,538,354,4
25518,17,547,329,4
25535,17,539,320,4
25551,17,539,300,4
25568,17,541,303,4
25585,17,543,322,4
25601,17,537,323,4
25618,17,543,332,4
25635,17,545,305,4
25651,17,544,292,4
25668,17,545,304,4
25685,17,542,319,4
25701,17,536,323,4
25718,17,533,313,4
25734,17,541,317,4
25751,17,551,287,0
25768,17,540,325,4
25784,17,542,341,4
25801,17,551,308,4
25818,17,543,305,4
25834,17,546,334,4
25851,17,555,290,4
25868,17,547,323,4
25884,17,549,323,4
25901,17,555,300,4
25917,17,553,319,4
25934,17,550,334,4
25951,17,558,309,4
25967,17,547,343,4
25984,17,552,295,4
26001,17,553,306,4
26017,17,554,303,4
26034,17,557,334,4
26050,17,553,317,4
26067,17,559,320,4
26084,17,555,318,4
26100,17,549,308,4
26117,17,553,288,4
26134,17,548,316,4
26150,17,545,299,4
26167,17,515,284,0
26184,17,544,293,4
26200,17,572,284,0
26217,17,551,321,4
26233,17,552,273,0
26250,17,556,325,4
26267,17,557,311,4
26283,17,564,289,4
26300,17,543,391,2
26317,17,533,423,3
26333,17,532,429,3
26350,17,528,419,5
26367,17,531,400,2
26383,17,532,427,3
26400,17,532,424,3
26416,17,533,437,3
26433,17,531,424,3
26450,17,533,436,3
26466,17,531,461,3
26483,17,535,429,3
26500,17,529,443,3
26516,17,532,422,3
26533,17,531,446,3
26550,17,533,415,2
26566,17,532,437,3
26583,17,541,451,3
26599,17,533,405,2
26616,17,533,398,2
26633,17,529,372,2
26649,17,526,369,2
26666,17,532,368,2
26683,17,530,383,2
26699,17,528,386,2
26716,17,531,398,2
26733,17,532,365,2
26749,17,540,379,2
26766,17,534,380,2
26782,17,530,369,2
26799,17,527,380,2
26816,17,533,364,4
26832,17,539,362,4
26849,17,550,382,2
26866,17,536,336,4
26882,17,534,367,2
26899,17,539,377,2
26916,17,541,334,4
26932,17,534,363,4
26949,17,529,381,2
26965,17,538,386,2
26982,17,545,382,2
26999,17,540,376,2
27015,17,538,391,2
27032,17,528,351,4
27049,17,541,352,4
27065,17,541,373,2
27082,17,542,383,2
27098,17,549,363,4
27115,17,548,377,2
27132,17,547,380,2
27148,17,542,358,4
27165,17,549,342,4
27182,17,558,375,2
27198,17,543,366,2
27215,17,549,363,4
27232,17,543,347,4
27248,17,550,349,4
27265,17,542,368,2
27281,17,538,357,4
27298,17,543,359,4
27315,17,541,335,4
27331,17,546,363,4
27348,17,548,336,4
27365,17,537,369,2
27381,17,548,347,4
27398,17,558,359,4
27415,17,541,386,2
27431,17,544,380,2
27448,17,550,371,2
27464,17,548,354,4
27481,17,552,371,2
27498,17,540,436,3
27514,17,530,439,3
27531,17,542,446,3
27548,17,543,437,3
27564,17,540,406,2
27581,17,544,376,2
27598,17,535,432,3
27614,17,540,458,3
27631,17,534,411,2
27647,17,539,450,3
27664,17,544,413,2
27681,17,541,384,2
27697,17,543,425,3
27714,17,545,385,2
27731,17,539,404,2
27747,17,544,432,3
27764,17,548,447,3
27781,17,551,428,3
27797,17,543,417,5
27814,17,548,427,3
27830,17,543,464,3
27847,17,547,426,3
27864,17,549,428,3
27880,17,553,457,3
27897,17,545,458,3
27914,17,543,423,3
27930,17,547,430,3
27947,17,541,411,2
27964,17,545,433,3
27980,17,542,411,2
27997,17,547,427,3
28013,17,548,416,2
28030,17,548,435,3
28047,17,547,427,3
28063,17,550,437,3
28080,17,549,445,3
28097,17,552,401,2
28113,17,542,439,3
28130,17,547,478,3
28147,17,563,376,2
28413,266,573,572,3
28429,17,579,367,2
28446,17,573,306,4
28463,17,576,257,1
28479,17,588,319,4
28496,17,573,320,4
28512,17,565,375,2
28529,17,584,375,2
28546,17,576,362,4
28562,17,598,326,4
28579,17,597,317,4
28596,17,600,342,4
28612,17,594,311,4
28629,17,596,296,4
28646,17,605,274,0
28662,17,592,338,4
28679,17,599,276,0
28695,17,606,288,4
28712,17,594,359,4
28729,17,602,296,4
28745,17,579,284,0
28762,17,564,204,1
28779,17,560,148,1
28795,17,557,162,1
28812,17,569,154,1
28829,17,573,147,1
28845,17,567,128,0
28862,17,561,129,0
28878,17,571,83,0
28895,17,572,133,1
28912,17,573,87,0
28928,17,562,166,1
28945,17,563,141,1
28962,17,567,152,1
28978,17,562,167,1
28995,17,563,137,1
29012,17,561,139,1
29028,17,564,151,1
29045,17,575,120,0
29061,17,579,113,0
29078,17,568,129,0
29095,17,574,108,0
29111,17,572,192,1
29128,17,568,114,0
29145,17,579,96,0
29161,17,579,106,0
29178,17,582,152,1
29195,17,583,123,0
29211,17,578,108,0
29228,17,575,109,0
29244,17,567,172,1
29261,17,575,101,0
29278,17,572,90,0
29294,17,577,177,1
29311,17,569,303,4
29328,17,560,387,2
29344,17,556,386,2
29361,17,566,401,2
29377,17,562,409,2
29394,17,563,412,2
29411,17,564,450,3
29427,17,557,463,3
29444,17,560,416,2
29461,17,562,445,3
29477,17,560,423,3
29494,17,566,405,2
29511,17,561,425,3
29527,17,565,479,3
29544,17,567,434,3
29560,17,558,421,5
29577,17,559,425,3
29594,17,563,399,2
29610,17,565,460,3
29627,17,597,413,2
29644,17,629,367,2
29660,17,624,340,0
29677,17,612,377,2
29694,17,610,352,4
29710,17,625,312,0
29727,17,622,350,0
29743,17,637,296,0
29760,17,620,334,0
29777,17,640,289,0
29793,17,635,300,0
29810,17,614,352,0
29827,17,633,283,0
29843,17,637,290,0
29860,17,623,314,0
29877,17,623,292,0
29893,17,636,339,0
29910,17,661,350,0
29926,17,671,372,2
29943,17,681,357,0
29960,17,675,371,2
29976,17,681,334,0
29993,17,681,309,0
30010,17,676,349,0
30026,17,678,317,0
30043,17,698,295,0
30060,17,686,334,0
30076,17,688,319,0
30093,17,684,341,0
30109,17,690,286,0
30126,17,687,344,0
30143,17,678,354,0
30159,17,677,327,0
30176,17,690,306,0
30193,17,679,300,0
30209,17,683,309,0
30226,17,690,291,0
30259,33,681,289,0
30292,33,693,322,0
30292,0,693,322,0
30309,17,689,293,0
30326,17,698,273,0
30342,17,688,307,0
30359,17,679,331,0
30376,17,680,339,0
30392,17,697,290,0
30409,17,673,344,0
30426,17,681,332,0
30442,17,642,368,2
30459,17,590,372,2
30475,17,572,354,4
30492,17,567,371,2
30509,17,568,368,2
30525,17,559,421,5
30542,17,567,373,2
30559,17,582,364,4
30575,17,587,327,4
30592,17,566,338,4
30608,17,580,379,2
30625,17,583,374,2
30642,17,594,379,2
30658,17,567,384,2
30675,17,587,375,2
30692,17,568,358,4
30708,17,573,370,2
30725,17,557,387,2
30742,17,549,382,2
30758,17,541,368,2
30775,17,519,318,4
30791,17,554,344,4
30808,17,548,371,2
30825,17,551,388,2
30841,17,544,388,2
30858,17,548,357,4
30875,17,543,366,2
30891,17,537,366,2
30908,17,545,371,2
30925,17,544,388,2
30941,17,549,363,4
30958,17,547,406,2
30974,17,559,355,4
30991,17,548,350,4
31008,17,545,417,5
31024,17,546,385,2
31041,17,552,398,2
31058,17,541,359,4
31074,17,551,335,4
31091,17,548,387,2
31108,17,552,395,2
31124,17,546,394,2
31141,17,545,362,4
31157,17,542,363,4
31174,17,537,395,2
31191,17,547,401,2
31207,17,546,380,2
31224,17,548,385,2
31241,17,557,347,4
31257,17,559,359,4
31274,17,547,331,4
31291,17,547,318,4
31307,17,537,371,2
31324,17,542,339,4
31340,17,541,313,4
31357,17,549,346,4
31374,17,546,386,2
31390,17,544,382,2
31407,17,541,354,4
31424,17,536,369,2
31440,17,492,337,4
31457,17,545,383,2
31474,17,535,358,4
31490,17,538,417,5
31507,17,529,381,2
31523,17,556,383,2
31540,17,538,421,5
31557,17,529,419,5
31573,17,535,432,3
31590,17,540,393,2
31607,17,548,364,4
31623,17,542,416,2
31640,17,541,392,2
31656,17,540,372,2
31673,17,541,372,2
31690,17,534,440,3
31706,17,533,438,3
31723,17,536,456,3
31740,17,533,479,3
31756,17,534,463,3
31773,17,529,455,3
31790,17,532,485,3
31806,17,529,474,3
31823,17,528,447,3
31839,17,524,473,3
31856,17,535,420,5
31873,17,528,486,3
31889,17,524,429,3
31906,17,524,459,3
31923,17,531,466,3
31939,17,536,430,3
31956,17,532,506,3
31973,17,531,496,3
31989,17,535,477,3
32006,17,535,459,3
32022,17,534,480,3
32039,17,539,485,3
32056,17,532,450,3
32072,17,537,479,3
32089,17,535,497,3
32106,17,544,458,3
32122,17,542,483,3
32139,17,544,434,3
32156,17,542,444,3
32172,17,536,460,3
32189,17,532,471,3
32205,17,537,491,3
32222,17,529,472,3
32239,17,534,502,3
32255,17,533,451,3
32272,17,530,509,3
32289,17,529,493,3
32305,17,542,477,3
32322,17,532,397,2
32339,17,544,315,4
32355,17,548,357,4
32372,17,542,400,2
32388,17,542,387,2
32405,17,546,359,4
32422,17,541,361,4
32438,17,534,402,2
32455,17,544,358,4
32472,17,541,371,2
32488,17,540,369,2
32505,17,542,342,4
32522,17,541,359,4
32538,17,546,380,2
32555,17,592,324,4
32571,17,617,317,0
32588,17,608,337,4
32605,17,615,349,0
32621,17,620,335,0
32638,17,616,326,0
32655,17,612,307,4
32671,17,611,323,4
32688,17,607,304,4
32705,17,617,299,0
32721,17,613,324,0
32738,17,598,325,4
32754,17,608,333,4
32771,17,570,274,0
32788,17,619,293,0
32804,17,605,345,4
32821,17,612,340,4
32838,17,611,313,4
32854,17,618,314,0
32871,17,606,342,4
32887,17,618,348,0
32904,17,625,355,0
32921,17,620,351,0
32937,17,613,320,0
32954,17,609,367,2
32971,17,613,318,0
32987,17,611,338,4
33004,17,648,366,2
33021,17,702,356,0
33037,17,714,359,0
33054,17,723,386,2
33070,17,724,301,0
33087,17,709,365,2
33104,17,700,375,2
33120,17,718,397,2
33137,17,719,354,0
33154,17,717,367,2
33170,17,715,364,0
33187,17,715,346,0
33204,17,713,404,2
33220,17,709,378,2
33237,17,720,362,0
33253,17,722,360,0
33270,17,704,389,2
33287,17,747,354,0
33303,17,703,408,2
33320,17,717,321,0
33337,17,718,372,2
33353,17,707,356,0
33370,17,726,382,2
33387,17,737,347,0
33403,17,731,352,0
33420,17,721,374,2
33436,17,747,359,0
33453,17,700,352,0
33470,17,705,400,2
33486,17,702,416,2
33503,17,750,341,0
33520,17,727,313,0
33536,17,729,377,2
33553,17,719,329,0
33570,17,729,392,2
33586,17,722,607,3
33753,166,582,693,3
33769,17,568,585,3
33786,17,588,451,3
33802,17,595,355,4
33819,17,598,282,0
33836,17,589,252,1
33852,17,551,366,2
33869,17,571,413,2
33886,17,575,359,4
33902,17,578,366,2
33919,17,604,315,4
33936,17,608,351,4
33952,17,608,377,2
33969,17,599,372,2
33985,17,602,355,4
34002,17,590,382,2
34019,17,590,352,4
34035,17,604,355,4
34052,17,599,389,2
34069,17,600,384,2
34085,17,601,367,2
34102,17,600,347,4
34118,17,599,356,4
34135,17,594,377,2
34152,17,592,384,2
34168,17,602,364,4
34185,17,600,369,2
34202,17,596,397,2
34218,17,601,359,4
34235,17,604,382,2
34252,17,613,377,2
34268,17,608,367,2
34285,17,605,352,4
34301,17,613,400,2
34318,17,565,335,4
34335,17,580,337,4
34351,17,584,310,4
34368,17,568,330,4
34385,17,570,325,4
34401,17,570,330,4
34418,17,574,343,4
34435,17,577,326,4
34451,17,580,336,4
34468,17,574,316,4
34484,17,569,369,2
34501,17,562,422,3
34518,17,560,394,2
34534,17,554,386,2
34551,17,554,344,4
34568,17,560,373,2
34584,17,567,398,2
34601,17,564,393,2
34618,17,562,397,2
34634,17,559,423,3
34651,17,559,410,2
34667,17,562,368,2
34684,17,562,384,2
34701,17,568,395,2
34717,17,535,330,4
34734,17,569,413,2
34751,17,521,381,2
34767,17,489,398,2
34784,17,514,359,4
34801,17,509,386,2
34817,17,503,358,4
34834,17,515,392,2
34850,17,498,407,2
34867,17,499,422,3
34884,17,501,403,2
34900,17,509,410,2
34917,17,501,396,2
34934,17,506,404,2
34950,17,505,384,2
34967,17,469,357,4
34984,17,500,416,2
35000,17,507,398,2
35017,17,511,394,2
35033,17,509,389,2
35050,17,506,410,2
35067,17,513,382,2
35083,17,511,350,4
35100,17,538,371,2
35117,17,525,427,3
35133,17,537,404,2
35150,17,531,390,2
35166,17,540,373,2
35183,17,535,399,2
35200,17,537,384,2
35216,17,533,412,2
35233,17,527,426,3
35250,17,535,421,5
35266,17,529,406,2
35283,17,532,402,2
35300,17,541,385,2
35316,17,540,361,4
35333,17,526,381,2
35349,17,529,372,2
35366,17,528,363,4
35383,17,530,347,4
35399,17,546,310,4
35416,17,534,382,2
35433,17,529,335,4
35449,17,523,393,2
35466,17,526,402,2
35483,17,543,371,2
35499,17,537,360,4
35516,17,535,435,3
35532,17,540,442,3
35549,17,524,459,3
35566,17,545,428,3
35582,17,543,428,3
35599,17,516,458,3
35616,17,554,434,3
35632,17,540,469,3
35649,17,541,511,3
35666,17,541,449,3
35682,17,549,450,3
35699,17,547,475,3
35715,17,541,483,3
35732,17,540,448,3
35749,17,546,433,3
35765,17,546,440,3
35782,17,544,430,3
35799,17,533,449,3
35815,17,538,457,3
35832,17,538,443,3
35849,17,539,426,3
35865,17,534,478,3
35882,17,531,480,3
35898,17,522,448,3
35915,17,532,467,3
35932,17,539,455,3
35948,17,536,493,3
35965,17,527,486,3
35982,17,539,434,3
35998,17,537,429,3
36015,17,531,477,3
36032,17,531,472,3
36048,17,525,414,2
36065,17,535,408,2
36081,17,528,420,5
36098,17,517,370,2
36115,17,530,359,4
36131,17,525,341,4
36148,17,514,362,4
36165,17,517,374,2
36181,17,521,350,4
36198,17,523,377,2
36215,17,531,333,4
36231,17,517,341,4
36248,17,518,362,4
36264,17,519,355,4
36281,17,517,391,2
36298,17,525,330,4
36314,17,524,393,2
36331,17,521,355,4
36348,17,515,365,2
36364,17,529,351,4
36381,17,523,344,4
36397,17,515,369,2
36414,17,493,357,4
36431,17,498,368,2
36447,17,492,398,2
36464,17,496,369,2
36481,17,494,378,2
36497,17,510,290,4
36514,17,497,393,2
36531,17,496,373,2
36547,17,499,352,4
36564,17,487,352,4
36580,17,494,342,4
36597,17,500,345,4
36614,17,496,350,4
36630,17,504,413,2
36647,17,482,325,4
36664,17,503,369,2
36680,17,512,318,4
36697,17,497,363,4
36714,17,490,356,4
36730,17,497,344,4
36747,17,496,371,2
36763,17,525,392,2
36780,17,521,407,2
36797,17,521,450,3
36813,17,516,382,2
36830,17,529,465,3
36847,17,521,458,3
36863,17,523,427,3
36880,17,528,460,3
36897,17,522,428,3
36913,17,525,432,3
36930,17,518,445,3
36946,17,522,418,5
36963,17,515,447,3
36980,17,525,461,3
36996,17,527,486,3
37013,17,520,469,3
37030,17,522,436,3
37046,17,526,423,3
37063,17,522,434,3
37080,17,518,475,3
37096,17,520,416,2
37113,17,522,426,3
37129,17,508,465,3
37146,17,518,443,3
37163,17,517,440,3
37179,17,520,482,3
37196,17,518,449,3
37213,17,506,456,3
37229,17,517,452,3
37246,17,526,428,3
37263,17,509,468,3
37279,17,522,447,3
37296,17,526,398,2
37312,17,522,505,3
37329,17,521,451,3
37346,17,513,457,3
37362,17,529,418,5
37379,17,531,394,2
37396,17,535,400,2
37412,17,544,374,2
37429,17,539,359,4
37445,17,542,349,4
37462,17,529,379,2
37479,17,539,389,2
37495,17,530,391,2
37512,17,542,376,2
37529,17,542,325,4
37545,17,548,379,2
37562,17,540,402,2
37579,17,533,369,2
37595,17,540,368,2
37612,17,545,403,2
37628,17,539,375,2
37645,17,540,371,2
37662,17,543,430,3
37678,17,513,908,0
37928,250,503,889,0
37945,17,504,803,0
37961,17,509,732,3
37978,17,522,602,3
38011,33,531,507,3
38028,17,529,525,3
38044,17,514,524,3
38061,17,541,450,3
38078,17,535,472,3
38094,17,535,435,3
38111,17,540,420,5
38128,17,533,401,2
38144,17,533,389,2
38161,17,533,400,2
38177,17,537,402,2
38194,17,531,328,4
38211,17,514,327,4
38227,17,545,348,4
38244,17,535,354,4
38261,17,530,327,4
38277,17,540,363,4
38294,17,535,379,2
38311,17,540,347,4
38327,17,546,394,2
38344,17,538,357,4
38360,17,534,369,2
38377,17,531,416,2
38394,17,542,361,4
38410,17,543,387,2
38427,17,540,370,2
38444,17,547,363,4
38460,17,541,368,2
38477,17,533,425,3
38494,17,527,427,3
38510,17,530,386,2
38527,17,536,359,4
38543,17,526,365,2
38560,17,529,378,2
38577,17,533,421,5
38593,17,536,373,2
38610,17,532,345,4
38627,17,538,387,2
38643,17,531,359,4
38660,17,536,339,4
38676,17,536,368,2
38693,17,540,345,4
38710,17,537,313,4
38726,17,542,311,4
38743,17,547,303,4
38760,17,535,357,4
38776,17,544,337,4
38793,17,540,329,4
38810,17,554,325,4
38826,17,542,331,4
38843,17,535,336,4
38859,17,534,350,4
38876,17,537,333,4
38893,17,537,353,4
38909,17,526,328,4
38926,17,534,313,4
38943,17,537,353,4
38959,17,546,302,4
38976,17,539,308,4
38993,17,537,350,4
39009,17,541,338,4
39026,17,537,348,4
39042,17,543,325,4
39059,17,538,284,0
39076,17,540,334,4
39092,17,530,367,2
39109,17,542,355,4
39126,17,546,313,4
39142,17,538,334,4
39159,17,536,282,0
39176,17,546,292,4
39192,17,530,304,4
39209,17,525,387,2
39225,17,530,363,4
39242,17,540,331,4
39259,17,540,319,4
39275,17,539,342,4
39292,17,536,359,4
39309,17,541,333,4
39325,17,537,390,2
39342,17,536,353,4
39359,17,541,377,2
39375,17,540,376,2
39392,17,538,382,2
39408,17,538,345,4
39425,17,540,347,4
39442,17,535,367,2
39458,17,534,376,2
39475,17,533,342,4
39492,17,539,288,4
39508,17,547,290,4
39525,17,542,290,4
39542,17,545,324,4
39558,17,529,343,4
39575,17,541,279,0
39591,17,545,318,4
39608,17,543,391,2
39625,17,547,374,2
39641,17,539,402,2
39658,17,546,398,2
39675,17,549,404,2
39691,17,543,404,2
39708,17,542,358,4
39724,17,545,400,2
39741,17,548,420,5
39758,17,536,373,2
39774,17,537,423,3
39791,17,513,466,3
39808,17,529,437,3
39824,17,530,420,5
39841,17,523,419,5
39858,17,533,444,3
39874,17,527,447,3
39891,17,533,459,3
39907,17,525,469,3
39924,17,530,457,3
39941,17,526,434,3
39957,17,527,466,3
39974,17,530,416,2
39991,17,535,430,3
40007,17,532,445,3
40024,17,539,426,3
40041,17,519,400,2
40057,17,525,470,3
40074,17,524,461,3
40090,17,527,497,3
40107,17,537,428,3
40124,17,536,482,3
40140,17,534,410,2
40157,17,533,421,5
40174,17,544,417,5
40190,17,527,462,3
40207,17,525,464,3
40224,17,530,469,3
40240,17,533,463,3
40257,17,533,466,3
40273,17,532,455,3
40290,17,522,437,3
40307,17,529,447,3
40323,17,533,465,3
40340,17,524,470,3
40357,17,522,477,3
40373,17,531,447,3
40390,17,526,448,3
40407,17,538,463,3
40423,17,526,479,3
40440,17,531,420,5
40456,17,526,459,3
40473,17,536,446,3
40490,17,529,431,3
40506,17,525,495,3
40523,17,528,486,3
40540,17,535,403,2
40556,17,530,451,3
40573,17,530,431,3
40590,17,538,471,3
40606,17,522,471,3
40623,17,529,447,3
40639,17,530,446,3
40656,17,528,453,3
40673,17,530,447,3
40689,17,533,458,3
40706,17,534,430,3
40723,17,528,469,3
40739,17,529,460,3
40756,17,533,465,3
40773,17,529,461,3
40789,17,528,451,3
40806,17,565,384,2
40822,17,577,348,4
40839,17,606,279,0
40856,17,614,324,0
40872,17,615,290,0
40889,17,616,266,0
40906,17,617,346,0
40922,17,607,330,4
40939,17,610,279,0
40955,17,614,312,0
40972,17,615,307,0
40989,17,610,297,4
41005,17,624,278,0
41022,17,643,234,1
41039,17,651,250,1
41055,17,650,241,1
41072,17,651,244,1
41089,17,647,218,1
41105,17,648,213,1
41122,17,654,196,1
41138,17,651,220,1
41155,17,665,183,1
41172,17,650,243,1
41188,17,657,256,1
41205,17,657,212,1
41222,17,657,160,1
41238,17,653,213,1
41255,17,651,227,1
41272,17,615,302,0
41288,17,592,393,2
41305,17,587,341,4
41321,17,584,417,2
41338,17,590,394,2
41355,17,574,445,3
41371,17,613,404,2
41388,17,586,426,3
41405,17,595,439,3
41421,17,585,394,2
41438,17,574,448,3
41455,17,576,433,3
41471,17,576,425,3
41488,17,591,419,3
41504,17,602,435,3
41521,17,583,408,2
41538,17,585,415,2
41554,17,581,433,3
41571,17,573,447,3
41588,17,557,420,5
41604,17,550,416,2
41621,17,548,433,3
41638,17,550,471,3
41654,17,557,422,3
41671,17,545,440,3
41687,17,550,436,3
41704,17,557,442,3
41721,17,551,413,2
41737,17,541,455,3
41754,17,549,465,3
41771,17,549,434,3
41787,17,546,428,3
41804,17,551,459,3
41821,17,547,437,3
41837,17,555,470,3
41854,17,553,449,3
41870,17,554,448,3
41887,17,561,453,3
41904,17,558,431,3
41920,17,572,428,3
41937,17,642,414,2
41954,17,695,368,2
41970,17,725,364,0
41987,17,730,347,0
42003,17,725,360,0
42020,17,734,377,2
42037,17,724,371,2
42053,17,713,371,2
42070,17,730,362,0
42087,17,721,409,2
42103,17,723,370,2
42120,17,720,415,2
42137,17,728,369,2
42153,17,716,364,0
42170,17,727,397,2
42186,17,732,430,3
42203,17,726,442,3
42220,17,728,436,3
42236,17,724,411,2
42253,17,732,445,3
42270,17,729,459,3
42286,17,728,429,3
42303,17,725,441,3
42320,17,717,435,3
42336,17,734,423,3
42353,17,728,422,3
42369,17,724,448,3
42386,17,720,464,3
42403,17,728,440,3
42419,17,725,461,3
42436,17,732,423,3
42453,17,721,475,3
42469,17,728,463,3
42486,17,725,450,3
42503,17,726,452,3
42519,17,732,457,3
42536,17,682,444,3
42552,17,617,387,2
42569,17,574,391,2
42586,17,579,362,4
42602,17,563,395,2
42619,17,554,366,2
42636,17,556,335,4
42652,17,553,365,2
42669,17,560,413,2
42686,17,563,343,4
42702,17,566,384,2
42719,17,565,403,2
42735,17,569,410,2
42752,17,564,419,5
42769,17,571,348,4
42785,17,558,403,2
42802,17,530,384,2
42819,17,544,371,2
42835,17,541,387,2
42852,17,532,345,4
42869,17,540,375,2
42885,17,530,377,2
42902,17,525,404,2
42918,17,534,394,2
42935,17,536,390,2
42952,17,531,376,2
42968,17,533,399,2
42985,17,532,405,2
43002,17,533,404,2
43018,17,533,395,2
43035,17,520,377,2
43052,17,531,317,4
43068,17,534,359,4
43085,17,526,347,4
43101,17,533,331,4
43118,17,532,368,2
43135,17,541,392,2
43151,17,532,351,4
43168,17,534,351,4
43185,17,548,358,4
43201,17,538,385,2
43218,17,530,371,2
43234,17,529,387,2
43251,17,536,349,4
43268,17,540,388,2
43284,17,545,399,2
43301,17,533,380,2
43318,17,527,428,3
43334,17,538,382,2
43351,17,535,365,2
43368,17,533,379,2
43384,17,529,397,2
43401,17,537,395,2
43417,17,535,344,4
43434,17,535,393,2
43451,17,549,370,2
43467,17,547,373,2
43484,17,540,327,4
43501,17,540,351,4
43517,17,538,393,2
43534,17,542,384,2
43551,17,545,378,2
43567,17,538,357,4
43584,17,542,367,2
43600,17,537,368,2
43617,17,541,373,2
43634,17,545,422,3
43650,17,544,392,2
43667,17,546,380,2
43684,17,556,421,5
43700,17,549,414,2
43717,17,545,404,2
43734,17,550,414,2
43750,17,548,394,2
43767,17,546,405,2
43783,17,552,392,2
43800,17,545,416,2
43817,17,547,362,4
43833,17,544,396,2
43850,17,541,417,5
43867,17,541,420,5
43883,17,546,438,3
43900,17,554,428,3
43917,17,551,435,3
43933,17,547,453,3
43950,17,546,398,2
43966,17,541,371,2
43983,17,522,384,2
44000,17,507,363,4
44016,17,513,378,2
44033,17,501,389,2
44050,17,501,339,4
44066,17,514,346,4
44083,17,518,350,4
44100,17,511,371,2
44116,17,500,355,4
44133,17,476,311,4
44149,17,480,286,0
44166,17,510,339,4
44183,17,504,365,2
44199,17,506,370,2
44216,17,512,379,2
44233,17,519,393,2
44249,17,508,380,2
44266,17,513,385,2
44282,17,501,414,2
44299,17,503,347,4
44316,17,529,445,3
44332,17,533,420,5
44349,17,539,434,3
44366,17,543,458,3
44382,17,530,448,3
44399,17,530,500,3
44416,17,529,462,3
44432,17,534,426,3
44449,17,536,452,3
44465,17,533,475,3
44482,17,539,448,3
44499,17,535,475,3
44515,17,535,498,3
44532,17,535,457,3
44549,17,542,457,3
44565,17,529,464,3
44582,17,530,447,3
44599,17,524,496,3
44615,17,531,450,3
44632,17,531,439,3
44648,17,530,471,3
44665,17,537,437,3
44682,17,539,440,3
44698,17,531,457,3
44715,17,537,484,3
44732,17,535,471,3
44748,17,522,481,3
44765,17,533,467,3
44782,17,525,506,3
44798,17,533,468,3
44815,17,527,464,3
44831,17,533,478,3
44848,17,529,485,3
44865,17,525,463,3
44881,17,512,369,2
44898,17,518,392,2
44915,17,515,368,2
44931,17,511,367,2
44948,17,521,329,4
44965,17,516,343,4
44981,17,507,358,4
44998,17,515,361,4
45014,17,502,362,4
45031,17,510,346,4
45048,17,518,320,4
45064,17,506,374,2
45081,17,504,346,4
45098,17,503,345,4
45114,17,452,319,4
45131,17,503,302,4
45148,17,467,277,0
45164,17,491,381,2
45181,17,496,394,2
45197,17,491,361,4
45214,17,494,366,2
45231,17,493,317,4
45247,17,500,309,4
45264,17,487,363,4
45281,17,494,365,2
45297,17,494,328,4
45314,17,491,355,4
45331,17,492,354,4
45347,17,531,297,4
45364,17,570,335,4
45380,17,607,367,2
45397,17,607,348,4
45414,17,598,329,4
45430,17,598,329,4
45447,17,602,267,0
45464,17,599,312,4
45480,17,596,296,4
45497,17,600,363,4
45513,17,603,354,4
45530,17,610,299,4
45547,17,612,337,4
45563,17,604,296,4
45580,17,602,349,4
45597,17,599,316,4
45613,17,592,355,4
45630,17,597,348,4
45647,17,567,322,4
45663,17,593,347,4
45680,17,608,311,4
45696,17,614,340,0
45713,17,611,359,4
45730,17,619,364,0
45746,17,589,323,4
45763,17,609,346,4
45780,17,614,348,0
45796,17,622,328,0
45813,17,608,335,4
45830,17,615,347,0
45846,17,625,312,0
45863,17,613,354,0
45879,17,620,398,2
45896,17,617,361,0
45913,17,622,358,0
45929,17,616,323,0
45946,17,599,341,4
45963,17,612,333,4
45979,17,612,344,4
45996,17,622,279,0
46013,17,600,355,4
46029,17,584,346,4
46046,17,547,325,4
46062,17,468,531,3
46079,17,379,708,3
46096,17,294,807,0
46112,17,15,271,0
46495,383,31,526,3
46512,17,149,290,0
46528,17,296,499,3
46545,17,426,468,3
46562,17,515,441,3
46578,17,525,434,3
46595,17,521,456,3
46611,17,521,390,2
46628,17,533,387,2
46645,17,532,396,2
46661,17,530,419,5
46678,17,532,420,5
46695,17,533,357,4
46711,17,534,365,2
46728,17,525,479,3
46744,17,542,486,3
46761,17,546,407,2
46778,17,555,446,3
46794,17,553,455,3
46811,17,554,435,3
46828,17,557,397,2
46844,17,560,395,2
46861,17,561,363,4
46878,17,559,391,2
46894,17,556,340,4
46911,17,557,360,4
46927,17,556,343,4
46944,17,564,342,4
46961,17,565,325,4
46977,17,561,313,4
46994,17,564,328,4
47011,17,565,359,4
47027,17,546,320,4
47044,17,546,319,4
47061,17,557,364,4
47077,17,542,336,4
47094,17,541,340,4
47110,17,542,335,4
47127,17,541,306,4
47144,17,528,437,3
47160,17,514,587,3
47360,200,523,737,3
47377,17,521,610,3
47393,17,529,630,3
47410,17,530,546,3
47427,17,544,489,3
47443,17,545,428,3
47460,17,554,319,4
47476,17,544,342,4
47493,17,560,345,4
47510,17,552,390,2
47526,17,550,401,2
47543,17,547,356,4
47560,17,552,352,4
47576,17,546,363,4
47593,17,544,315,4
47610,17,550,308,4
47626,17,553,316,4
47643,17,547,355,4
47659,17,543,343,4
47676,17,556,349,4
47693,17,554,354,4
47709,17,556,358,4
47726,17,555,350,4
47743,17,558,365,2
47759,17,558,334,4
47776,17,554,343,4
47792,17,548,397,2
47809,17,554,335,4
47826,17,554,335,4
47842,17,549,393,2
47859,17,552,329,4
47876,17,549,376,2
47892,17,553,365,2
47909,17,551,400,2
47926,17,541,445,3
47942,17,539,404,2
47959,17,544,435,3
47975,17,537,416,2
47992,17,543,454,3
48009,17,538,427,3
48025,17,549,408,2
48042,17,547,400,2
48059,17,545,462,3
48075,17,549,416,2
48092,17,551,432,3
48109,17,556,417,5
48125,17,552,425,3
48142,17,552,409,2
48158,17,547,409,2
48175,17,549,403,2
48192,17,550,433,3
48208,17,549,416,2
48225,17,544,412,2
48242,17,548,444,3
48258,17,526,422,3
48275,17,533,340,4
48292,17,499,287,0
48308,17,515,328,4
48325,17,506,346,4
48341,17,506,368,2
48358,17,494,337,4
48375,17,501,375,2
48391,17,507,346,4
48408,17,499,360,4
48425,17,497,349,4
48441,17,505,338,4
48458,17,494,329,4
48475,17,468,273,0
48491,17,500,348,4
48508,17,512,326,4
48524,17,482,282,0
48541,17,500,312,4
48558,17,506,340,4
48574,17,505,333,4
48591,17,511,345,4
48608,17,501,317,4
48624,17,457,415,2
48641,17,441,393,2
48658,17,394,408,2
48674,17,391,397,2
48691,17,439,419,3
48707,17,434,441,3
48724,17,393,406,2
48741,17,395,438,3
48757,17,434,442,3
48774,17,403,418,3
48791,17,434,481,3
48807,17,389,442,3
48824,17,436,469,3
48841,17,439,466,3
48857,17,438,442,3
48874,17,429,469,3
48890,17,400,444,3
48907,17,467,456,3
48924,17,513,415,2
48940,17,551,441,3
48957,17,550,453,3
48974,17,550,415,2
48990,17,548,444,3
49007,17,548,428,3
49023,17,552,435,3
49040,17,557,401,2
49057,17,553,455,3
49073,17,554,467,3
49090,17,549,434,3
49107,17,549,453,3
49123,17,547,461,3
49140,17,542,458,3
49157,17,542,448,3
49173,17,546,400,2
49190,17,538,474,3
49206,17,542,471,3
49223,17,539,426,3
49240,17,547,420,5
49256,17,551,448,3
49273,17,555,404,2
49290,17,613,422,3
49306,17,648,443,3
49323,17,659,443,3
49340,17,659,420,3
49356,17,672,408,2
49373,17,669,408,2
49389,17,662,480,3
49406,17,664,450,3
49423,17,662,421,3
49439,17,653,450,3
49456,17,664,405,2
49473,17,664,459,3
49489,17,669,457,3
49506,17,668,426,3
49523,17,659,432,3
49539,17,665,426,3
49556,17,666,412,2
49572,17,664,432,3
49589,17,668,399,2
49606,17,658,425,3
49622,17,665,458,3
49755,133,535,849,0
49772,17,542,650,3
49805,33,558,404,2
49822,17,547,435,3
49839,17,552,417,5
49855,17,539,447,3
49872,17,540,461,3
49889,17,550,436,3
49905,17,546,452,3
49922,17,548,421,5
50105,183,514,646,3
50121,17,532,521,3
50138,17,551,312,4
50155,17,541,381,2
50171,17,535,410,2
50188,17,539,387,2
50205,17,544,395,2
50221,17,550,354,4
50238,17,546,394,2
50254,17,510,390,2
50271,17,511,334,4
50288,17,502,368,2
50304,17,504,342,4
50321,17,507,324,4
50338,17,510,301,4
50354,17,500,354,4
50371,17,497,370,2
50388,17,451,294,4
50404,17,492,351,4
50421,17,509,339,4
50437,17,509,347,4
50454,17,510,363,4
50471,17,502,330,4
50487,17,510,359,4
50504,17,507,350,4
50521,17,505,332,4
50537,17,500,304,4
50554,17,513,318,4
50571,17,508,366,2
50587,17,454,298,4
50604,17,500,349,4
50620,17,502,323,4
50637,17,452,262,0
50654,17,503,353,4
50670,17,454,270,0
50687,17,464,273,0
50704,17,496,351,4
50720,17,492,378,2
50737,17,500,376,2
50754,17,458,236,1
50770,17,496,340,4
50787,17,499,356,4
50803,17,460,284,0
50820,17,497,377,2
50837,17,509,324,4
50853,17,503,388,2
50870,17,502,355,4
50887,17,514,337,4
50903,17,532,355,4
50920,17,475,323,4
50937,17,521,357,4
50953,17,526,355,4
50970,17,519,364,4
50986,17,524,306,4
51003,17,515,336,4
51020,17,516,353,4
51036,17,523,311,4
51053,17,478,259,1
51070,17,522,323,4
51086,17,528,332,4
51103,17,516,329,4
51120,17,513,326,4
51136,17,518,317,4
51153,17,526,308,4
51169,17,518,339,4
51186,17,533,344,4
51203,17,525,337,4
51219,17,529,368,2
51236,17,530,269,0
51253,17,527,373,2
51269,17,523,354,4
51286,17,483,278,0
51302,17,527,353,4
51319,17,520,342,4
51336,17,521,343,4
51352,17,529,341,4
51369,17,519,355,4
51386,17,512,324,4
51402,17,522,342,4
51419,17,520,338,4
51436,17,478,308,4
51452,17,522,358,4
51469,17,530,350,4
51485,17,522,358,4
51502,17,522,378,2
51519,17,521,362,4
51535,17,528,363,4
51552,17,531,403,2
51569,17,531,355,4
51585,17,522,328,4
51602,17,512,358,4
51619,17,513,323,4
51635,17,513,349,4
51652,17,523,335,4
51668,17,524,369,2
51685,17,535,339,4
51702,17,541,409,2
51718,17,536,394,2
51735,17,537,436,3
51752,17,538,400,2
51768,17,541,449,3
51785,17,540,406,2
51802,17,543,364,4
51818,17,540,442,3
51835,17,541,427,3
51851,17,540,416,2
51868,17,544,432,3
51885,17,546,399,2
51901,17,532,449,3
51918,17,544,427,3
51935,17,543,422,3
51951,17,536,418,5
51968,17,532,429,3
51985,17,539,412,2
52001,17,538,407,2
52018,17,542,441,3
52034,17,539,446,3
52051,17,534,452,3
52068,17,530,489,3
52084,17,539,505,3
52101,17,537,447,3
52118,17,540,470,3
52134,17,533,439,3
52151,17,537,464,3
52168,17,532,442,3
52184,17,532,447,3
52201,17,542,410,2
52217,17,540,425,3
52234,17,539,440,3
52251,17,545,439,3
52267,17,544,453,3
52284,17,533,460,3
52301,17,536,441,3
52317,17,503,382,2
52334,17,500,394,2
52350,17,491,376,2
52367,17,483,381,2
52384,17,492,335,4
52400,17,489,369,2
52417,17,496,369,2
52434,17,493,370,2
52450,17,493,372,2
52467,17,488,397,2
52484,17,485,367,2
52500,17,485,410,2
52517,17,490,382,2
52533,17,479,416,2
52550,17,492,358,4
52567,17,488,361,4
52583,17,461,334,4
52600,17,500,398,2
52617,17,499,371,2
52633,17,508,400,2
52650,17,453,323,4
52667,17,494,364,4
52683,17,490,367,2
52700,17,488,346,4
52716,17,497,378,2
52733,17,490,340,4
52750,17,451,282,0
52766,17,483,399,2
52783,17,495,296,4
52800,17,479,388,2
52816,17,495,335,4
52833,17,496,360,4
52850,17,497,341,4
52866,17,488,355,4
52883,17,493,361,4
52899,17,488,362,4
52916,17,506,321,4
52933,17,517,263,0
52949,17,527,251,1
52966,17,525,260,0
52983,17,523,223,1
52999,17,524,272,0
53016,17,523,234,1
53033,17,480,215,1
53049,17,522,207,1
53066,17,524,247,1
53082,17,527,258,1
53099,17,528,280,0
53116,17,530,292,4
53132,17,524,312,4
53149,17,530,244,1
53166,17,543,223,1
53182,17,604,299,4
53199,17,637,323,0
53216,17,621,313,0
53232,17,617,314,0
53249,17,633,334,0
53265,17,622,308,0
53282,17,639,291,0
53299,17,623,341,0
53315,17,630,355,0
53332,17,623,338,0
53349,17,624,354,0
53365,17,628,313,0
53382,17,628,332,0
53399,17,622,329,0
53415,17,624,356,0
53432,17,629,283,0
53448,17,610,359,4
53465,17,618,354,0
53482,17,618,347,0
53498,17,622,325,0
53515,17,609,320,4
53532,17,617,321,0
53548,17,623,345,0
53565,17,618,316,0
53581,17,612,324,4
53598,17,613,332,0
53615,17,624,351,0
53631,17,608,333,4
53648,17,625,352,0
53665,17,609,342,4
53681,17,606,342,4
53698,17,615,342,0
53715,17,616,314,0
53731,17,610,397,2
53748,17,579,314,4
53764,17,620,323,0
53781,17,605,361,4
53798,17,563,449,3
53814,17,547,480,3
53831,17,550,443,3
53848,17,546,483,3
53864,17,547,471,3
53881,17,537,414,2
53898,17,547,490,3
53914,17,555,454,3
53931,17,556,434,3
53947,17,549,460,3
53964,17,543,433,3
53981,17,544,425,3
53997,17,546,425,3
54014,17,530,398,2
54031,17,486,463,3
54047,17,470,393,2
54064,17,482,392,2
54081,17,489,381,2
54097,17,485,389,2
54114,17,477,380,2
54130,17,484,374,2
54147,17,487,385,2
54164,17,480,399,2
54180,17,486,393,2
54197,17,489,370,2
54214,17,486,400,2
54230,17,485,369,2
54247,17,488,339,4
54264,17,450,339,4
54280,17,484,355,4
54297,17,461,364,4
54313,17,488,398,2
54330,17,490,399,2
54347,17,487,408,2
54363,17,492,372,2
54380,17,494,375,2
54397,17,500,387,2
54413,17,485,338,4
54430,17,484,340,4
54447,17,482,336,4
54463,17,497,361,4
54480,17,487,353,4
54496,17,488,375,2
54513,17,491,404,2
54530,17,486,405,2
54546,17,487,382,2
54563,17,494,333,4
54580,17,492,363,4
54596,17,489,389,2
54613,17,496,361,4
54630,17,489,405,2
54646,17,485,378,2
54663,17,492,376,2
54679,17,488,315,4
54696,17,496,373,2
54713,17,491,355,4
54729,17,491,353,4
54746,17,491,330,4
54763,17,536,401,2
54779,17,551,391,2
54796,17,545,374,2
54812,17,543,388,2
54829,17,549,315,4
54846,17,547,378,2
54862,17,547,361,4
54879,17,551,376,2
54896,17,543,343,4
54912,17,539,362,4
54929,17,560,362,4
54946,17,537,345,4
54962,17,553,386,2
54979,17,548,373,2
54995,17,546,352,4
55012,17,545,353,4
55029,17,549,335,4
55045,17,542,358,4
55062,17,544,415,2
55079,17,542,381,2
55095,17,542,396,2
55112,17,553,433,3
55129,17,553,400,2
55145,17,544,416,2
55162,17,535,409,2
55178,17,541,419,5
55195,17,536,411,2
55212,17,545,418,5
55228,17,542,410,2
55245,17,540,409,2
55262,17,543,403,2
55278,17,543,347,4
55295,17,540,418,5
55312,17,542,348,4
55328,17,547,391,2
55345,17,544,409,2
55361,17,547,398,2
55378,17,539,426,3
55395,17,541,436,3
55411,17,545,405,2
55428,17,534,368,2
55445,17,540,380,2
55461,17,543,413,2
55478,17,540,357,4
55495,17,533,377,2
55511,17,531,385,2
55528,17,531,372,2
55544,17,540,381,2
55561,17,550,331,4
55578,17,542,374,2
55594,17,537,401,2
55611,17,529,420,5
55628,17,533,385,2
55644,17,532,396,2
55661,17,532,399,2
55678,17,536,350,4
55694,17,535,341,4
55711,17,533,376,2
55727,17,534,333,4
55744,17,493,320,4
55761,17,534,359,4
55777,17,534,348,4
55794,17,532,383,2
55811,17,531,350,4
55827,17,530,381,2
55844,17,529,343,4
55860,17,509,340,4
55877,17,515,364,4
55894,17,512,396,2
55910,17,497,372,2
55927,17,512,366,2
55944,17,501,344,4
55960,17,496,328,4
55977,17,493,353,4
55994,17,499,387,2
56010,17,504,349,4
56027,17,466,296,4
56043,17,493,343,4
56060,17,487,381,2
56077,17,486,335,4
56093,17,485,330,4
56110,17,484,390,2
56127,17,491,386,2
56143,17,498,354,4
56160,17,498,352,4
56177,17,493,381,2
56193,17,494,360,4
56210,17,488,367,2
56226,17,483,380,2
56243,17,478,388,2
56260,17,475,370,2
56276,17,459,331,4
56293,17,495,386,2
56310,17,487,380,2
56326,17,457,283,0
56343,17,495,407,2
56360,17,484,383,2
56376,17,490,404,2
56393,17,498,375,2
56409,17,491,348,4
56426,17,495,372,2
56443,17,457,280,0
56459,17,489,369,2
56476,17,481,358,4
56493,17,536,399,2
56509,17,554,467,3
56526,17,546,446,3
56543,17,549,458,3
56559,17,553,453,3
56576,17,555,470,3
56592,17,554,492,3
56609,17,549,477,3
56626,17,552,485,3
56642,17,552,463,3
56659,17,556,459,3
56676,17,551,470,3
56692,17,548,445,3
56709,17,557,420,5
56726,17,546,499,3
56742,17,538,475,3
56759,17,542,478,3
56775,17,543,506,3
56792,17,544,461,3
56809,17,543,469,3
56825,17,553,450,3
56842,17,547,464,3
56859,17,542,501,3
56875,17,549,448,3
56892,17,527,447,3
56909,17,542,499,3
56925,17,545,491,3
56942,17,544,486,3
56958,17,543,439,3
56975,17,549,466,3
56992,17,539,446,3
57008,17,546,461,3
57025,17,537,453,3
57042,17,529,498,3
57058,17,533,485,3
57075,17,538,444,3
57091,17,545,443,3
57108,17,555,461,3
57125,17,551,443,3
57141,17,549,442,3
57158,17,539,452,3
57175,17,545,446,3
57191,17,545,482,3
57208,17,533,491,3
57225,17,545,430,3
57241,17,534,440,3
57258,17,543,395,2
57274,17,545,356,4
57291,17,534,409,2
57308,17,552,374,2
57324,17,544,377,2
57341,17,537,406,2
57358,17,541,393,2
57374,17,542,352,4
57391,17,536,362,4
57408,17,547,367,2
57424,17,501,364,4
57441,17,493,366,2
57457,17,472,276,0
57474,17,480,345,4
57491,17,466,261,0
57507,17,503,355,4
57524,17,455,274,0
57541,17,451,219,1
57557,17,502,347,4
57574,17,501,336,4
57591,17,493,303,4
57607,17,499,345,4
57624,17,493,376,2
57640,17,502,324,4
57657,17,492,332,4
57674,17,497,316,4
57690,17,536,282,0
57707,17,551,134,1
57724,17,550,202,1
57740,17,569,122,0
57757,17,553,131,0
57774,17,560,190,1
57790,17,555,146,1
57807,17,566,121,0
57823,17,551,203,1
57840,17,556,193,1
57857,17,556,200,1
57873,17,557,178,1
57890,17,563,122,0
57907,17,550,178,1
57923,17,556,199,1
57940,17,552,184,1
57957,17,565,198,1
57973,17,529,341,4
57990,17,530,352,4
58006,17,543,335,4
58023,17,542,342,4
58040,17,539,328,4
58056,17,538,328,4
58073,17,535,402,2
58090,17,536,428,3
58106,17,531,386,2
58123,17,535,402,2
58139,17,542,395,2
58156,17,541,457,3
58173,17,546,455,3
58189,17,541,494,3
58206,17,538,472,3
58223,17,547,475,3
58239,17,550,439,3
58256,17,539,478,3
58273,17,534,485,3
58289,17,532,488,3
58306,17,528,512,3
58322,17,530,497,3
58339,17,540,467,3
58356,17,533,479,3
58372,17,540,488,3
58389,17,532,463,3
58406,17,535,410,2
58422,17,530,464,3
58439,17,531,445,3
58456,17,551,463,3
58472,17,546,469,3
58489,17,535,472,3
58505,17,523,432,3
58522,17,540,467,3
58539,17,534,471,3
58555,17,539,431,3
58572,17,532,468,3
58589,17,528,487,3
58605,17,528,496,3
58622,17,528,472,3
58639,17,528,467,3
58655,17,530,469,3
58672,17,535,469,3
58688,17,525,507,3
58705,17,533,483,3
58722,17,532,476,3
58738,17,535,460,3
58755,17,536,486,3
58772,17,536,473,3
58788,17,532,491,3
58805,17,533,438,3
58822,17,536,452,3
58838,17,535,433,3
58855,17,542,423,3
58871,17,541,386,2
58888,17,534,369,2
58905,17,533,412,2
58921,17,534,423,3
58938,17,538,398,2
58955,17,541,375,2
58971,17,539,397,2
58988,17,545,397,2
59005,17,535,399,2
59021,17,550,396,2
59038,17,543,397,2
59054,17,543,411,2
59071,17,552,385,2
59088,17,544,399,2
59104,17,556,450,3
59121,17,542,369,2
59138,17,547,390,2
59154,17,552,416,2
59171,17,539,419,5
59188,17,551,403,2
59204,17,553,387,2
59221,17,550,416,2
59237,17,541,408,2
59254,17,555,387,2
59271,17,548,398,2
59287,17,546,424,3
59304,17,545,412,2
59321,17,553,416,2
59337,17,550,370,2
59354,17,548,412,2
59370,17,547,412,2
59387,17,550,439,3
59404,17,551,565,3
59420,17,533,706,3
59437,17,544,866,0
59454,17,555,867,0
59620,166,549,838,0
59637,17,524,526,3
59653,17,526,339,4
59670,17,539,613,3
59687,17,557,469,3
59703,17,558,335,4
59720,17,554,384,2
59736,17,547,402,2
59753,17,554,385,2
59770,17,552,417,5
59786,17,544,431,3
59803,17,539,403,2
59820,17,545,401,2
59836,17,545,383,2
59853,17,538,398,2
59870,17,543,361,4
59886,17,545,434,3
59903,17,546,301,4
59919,17,533,431,3
59936,17,528,429,3
59953,17,531,391,2
59969,17,531,434,3
59986,17,528,438,3
60003,17,534,420,5
60019,17,524,425,3
60036,17,530,440,3
60053,17,527,413,2
60069,17,532,410,2
60086,17,531,420,5
60102,17,530,438,3
60119,17,523,438,3
60136,17,527,432,3
60152,17,526,453,3
60169,17,517,461,3
60186,17,516,428,3
60202,17,528,400,2
60219,17,531,415,2
60236,17,525,467,3
60252,17,502,380,2
60269,17,497,338,4
60285,17,496,355,4
60302,17,499,386,2
60319,17,502,333,4
60335,17,502,329,4
60352,17,491,372,2
60369,17,499,329,4
60385,17,497,334,4
60402,17,499,330,4
60418,17,512,341,4
60435,17,497,362,4
60452,17,512,330,4
60468,17,505,379,2
60485,17,497,374,2
60502,17,502,322,4
60518,17,502,388,2
60535,17,506,386,2
60552,17,509,360,4
60568,17,490,355,4
60585,17,495,410,2
60601,17,509,313,4
60618,17,496,365,2
60635,17,505,365,2
60651,17,496,337,4
60668,17,486,536,3
60685,17,490,961,0
61217,532,523,382,2
61234,17,527,370,2
61250,17,539,331,4
61267,17,528,315,4
61300,33,520,375,2
61317,17,532,359,4
61333,17,528,361,4
61350,17,520,428,3
61367,17,512,471,3
61383,17,519,475,3
61400,17,514,499,3
61417,17,516,468,3
61433,17,526,430,3
61450,17,529,457,3
61467,17,525,481,3
61483,17,524,447,3
61500,17,523,468,3
61516,17,511,491,3
61533,17,519,471,3
61550,17,517,451,3
61566,17,518,451,3
61583,17,526,464,3
61600,17,518,450,3
61616,17,516,439,3
61633,17,528,448,3
61649,17,529,439,3
61666,17,489,440,3
61683,17,431,476,3
61699,17,421,480,3
61716,17,415,504,3
61733,17,416,440,3
61749,17,424,521,3
61766,17,418,493,3
61783,17,419,516,3
61799,17,412,474,3
61816,17,400,423,3
61832,17,408,488,3
61849,17,412,460,3
61866,17,418,495,3
61882,17,415,469,3
61899,17,416,503,3
61916,17,397,478,3
61932,17,380,1005,0
62198,266,508,569,3
62215,17,528,381,2
62232,17,527,331,4
62248,17,523,342,4
62265,17,515,405,2
62282,17,509,387,2
62298,17,521,426,3
62315,17,522,402,2
62332,17,510,389,2
62348,17,516,401,2
62365,17,522,371,2
62381,17,486,350,4
62398,17,503,407,2
62415,17,512,409,2
62431,17,518,407,2
62448,17,521,345,4
62465,17,530,373,2
62481,17,525,373,2
62498,17,504,410,2
62515,17,518,377,2
62531,17,514,385,2
62548,17,494,379,2
62564,17,503,394,2
62581,17,500,375,2
62598,17,496,399,2
62614,17,495,390,2
62631,17,495,376,2
62648,17,492,397,2
62664,17,491,368,2
62681,17,492,392,2
62698,17,494,342,4
62714,17,495,404,2
62731,17,491,362,4
62747,17,492,335,4
62764,17,485,382,2
62781,17,492,393,2
62797,17,527,385,2
62814,17,533,427,3
62831,17,536,416,2
62847,17,544,369,2
62864,17,527,407,2
62880,17,535,413,2
62897,17,536,388,2
62914,17,530,417,5
62930,17,532,381,2
62947,17,528,418,5
62964,17,541,368,2
62980,17,538,384,2
62997,17,536,393,2
63014,17,527,404,2
63030,17,531,404,2
63047,17,535,395,2
63063,17,537,395,2
63080,17,543,367,2
63097,17,546,402,2
63113,17,539,397,2
63130,17,545,397,2
63147,17,544,374,2
63163,17,545,363,4
63180,17,547,366,2
63197,17,545,373,2
63213,17,549,379,2
63230,17,540,392,2
63246,17,544,377,2
63263,17,531,396,2
63280,17,519,386,2
63296,17,530,341,4
63313,17,531,316,4
63330,17,528,348,4
63346,17,528,357,4
63363,17,532,434,3
63380,17,522,355,4
63396,17,527,383,2
63413,17,545,387,2
63429,17,530,410,2
63446,17,519,402,2
63463,17,522,390,2
63479,17,532,407,2
63496,17,534,406,2
63513,17,533,390,2
63529,17,520,413,2
63546,17,530,364,4
63563,17,535,418,5
63579,17,524,399,2
63596,17,533,405,2
63612,17,521,394,2
63629,17,534,406,2
63646,17,500,345,4
63662,17,525,394,2
63679,17,532,413,2
63696,17,539,370,2
63712,17,537,434,3
63729,17,534,415,2
63746,17,537,407,2
63762,17,534,386,2
63779,17,532,365,2
63795,17,524,381,2
63812,17,547,448,3
63829,17,542,427,3
63845,17,540,410,2
63862,17,543,458,3
63879,17,545,443,3
63895,17,543,466,3
63912,17,538,442,3
63928,17,536,479,3
63945,17,535,458,3
63962,17,534,426,3
63978,17,551,437,3
63995,17,557,465,3
64012,17,537,416,2
64028,17,526,467,3
64045,17,536,451,3
64062,17,535,409,2
64078,17,527,463,3
64095,17,532,442,3
64111,17,544,471,3
64128,17,536,466,3
64145,17,546,429,3
64161,17,524,473,3
64178,17,537,438,3
64195,17,534,463,3
64211,17,535,470,3
64228,17,538,460,3
64245,17,542,473,3
64261,17,542,457,3
64278,17,526,472,3
64294,17,535,453,3
64311,17,536,481,3
64328,17,542,467,3
64344,17,553,446,3
64361,17,547,496,3
64378,17,545,480,3
64394,17,543,477,3
64411,17,536,499,3
64428,17,546,491,3
64444,17,537,482,3
64461,17,542,452,3
64477,17,535,470,3
64494,17,547,445,3
64511,17,545,456,3
64527,17,542,491,3
64544,17,543,479,3
64561,17,528,496,3
64577,17,531,490,3
64594,17,558,461,3
64611,17,588,406,2
64627,17,620,379,2
64644,17,621,335,0
64660,17,633,302,0
64677,17,632,335,0
64694,17,628,343,0
64710,17,630,331,0
64727,17,625,295,0
64744,17,629,320,0
64760,17,629,291,0
64777,17,626,326,0
64794,17,639,322,0
64810,17,635,341,0
64827,17,642,309,0
64843,17,621,321,0
64860,17,619,317,0
64877,17,630,330,0
64893,17,631,353,0
64910,17,632,347,0
64927,17,633,307,0
64943,17,644,356,0
64960,17,635,335,0
64977,17,638,325,0
64993,17,626,349,0
65010,17,629,353,0
65026,17,624,323,0
65043,17,631,322,0
65060,17,634,337,0
65076,17,632,293,0
65093,17,634,306,0
65110,17,633,345,0
65126,17,645,272,0
65143,17,672,362,0
65159,17,717,395,2
65176,17,714,381,2
65193,17,722,395,2
65209,17,720,391,2
65226,17,732,384,2
65243,17,728,340,0
65259,17,724,357,0
65276,17,712,362,0
65293,17,730,391,2
65309,17,720,357,0
65326,17,735,381,2
65342,17,740,343,0
65359,17,713,434,3
65376,17,729,369,2
65392,17,700,384,2
65409,17,705,419,3
65426,17,719,408,2
65442,17,713,407,2
65459,17,715,351,0
65476,17,716,400,2
65492,17,718,401,2
65509,17,718,400,2
65525,17,711,408,2
65542,17,712,436,3
65559,17,722,469,3
65575,17,714,424,3
65592,17,723,364,0
65609,17,695,424,3
65625,17,716,395,2
65642,17,717,396,2
65659,17,717,389,2
65675,17,682,419,3
65692,17,631,303,0
65708,17,608,288,4
65725,17,596,260,0
65742,17,586,200,1
65758,17,582,246,1
65775,17,586,214,1
65792,17,592,212,1
65808,17,585,248,1
65825,17,580,206,1
65842,17,580,239,1
65858,17,588,249,1
65875,17,593,258,1
65891,17,580,257,1
65908,17,585,287,0
65925,17,579,236,1
65941,17,578,220,1
65958,17,585,237,1
65975,17,585,272,0
65991,17,579,211,1
66008,17,589,183,1
66025,17,570,250,1
66058,33,575,242,1
66074,17,572,263,0
66091,17,590,256,1
66108,17,581,233,1
66124,17,574,286,0
66141,17,570,249,1
66158,17,543,321,4
66174,17,539,427,3
66191,17,531,436,3
66207,17,545,438,3
66224,17,547,415,2
66241,17,549,408,2
66257,17,536,396,2
66274,17,537,434,3
66291,17,537,402,2
66307,17,535,441,3
66324,17,542,435,3
66341,17,539,471,3
66357,17,536,490,3
66374,17,539,461,3
66390,17,539,463,3
66407,17,541,463,3
66424,17,534,505,3
66440,17,535,494,3
66457,17,539,483,3
66474,17,529,487,3
66490,17,528,515,3
66507,17,522,500,3
66524,17,526,474,3
66540,17,541,472,3
66557,17,539,477,3
66573,17,531,450,3
66590,17,536,487,3
66607,17,533,477,3
66623,17,527,471,3
66640,17,534,471,3
66657,17,531,469,3
66673,17,541,459,3
66690,17,540,472,3
66707,17,533,454,3
66723,17,525,470,3
66740,17,536,462,3
66756,17,530,477,3
66773,17,541,453,3
66790,17,536,468,3
66806,17,544,476,3
66823,17,539,460,3
66840,17,540,449,3
66856,17,544,459,3
66873,17,537,409,2
66890,17,534,406,2
66906,17,537,440,3
66923,17,545,403,2
66939,17,534,408,2
66956,17,534,408,2
66973,17,538,402,2
66989,17,538,394,2
67006,17,539,408,2
67023,17,536,408,2
67039,17,537,391,2
67056,17,533,383,2
67073,17,543,365,2
67089,17,530,382,2
67106,17,532,420,5
67122,17,536,450,3
67139,17,541,401,2
67156,17,546,404,2
67172,17,540,427,3
67189,17,546,414,2
67206,17,520,409,2
67222,17,525,363,4
67239,17,522,412,2
67256,17,524,397,2
67272,17,523,382,2
67289,17,525,386,2
67305,17,532,368,2
67322,17,535,388,2
67339,17,530,393,2
67355,17,534,379,2
67372,17,533,374,2
67389,17,539,392,2
67405,17,532,354,4
67422,17,544,389,2
67438,17,554,366,2
67455,17,542,396,2
67472,17,541,399,2
67488,17,539,438,3
67505,17,537,370,2
67522,17,538,387,2
67538,17,535,397,2
67555,17,535,409,2
67572,17,531,400,2
67588,17,538,406,2
67605,17,541,399,2
67621,17,535,380,2
67638,17,537,394,2
67655,17,534,397,2
67671,17,539,371,2
67688,17,535,356,4
67705,17,536,412,2
67721,17,534,376,2
67738,17,534,374,2
67755,17,530,391,2
67771,17,533,406,2
67788,17,538,357,4
67804,17,528,444,3
67821,17,525,448,3
67871,50,508,441,3
67904,33,516,489,3
67904,0,516,489,3
67921,17,511,473,3
67938,17,526,471,3
67954,17,513,479,3
67971,17,518,503,3
67987,17,521,467,3
68004,17,508,496,3
68021,17,509,456,3
68037,17,513,490,3
68054,17,511,477,3
68071,17,510,477,3
68087,17,505,413,2
68104,17,484,371,2
68121,17,488,394,2
68137,17,491,386,2
68154,17,494,347,4
68170,17,495,410,2
68187,17,488,361,4
68204,17,486,390,2
68220,17,483,388,2
68237,17,491,371,2
68254,17,488,373,2
68270,17,493,371,2
68287,17,493,380,2
68304,17,498,350,4
68320,17,490,358,4
68337,17,500,358,4
68353,17,488,417,5
68370,17,488,391,2
68387,17,491,385,2
68403,17,483,428,3
68420,17,492,412,2
68437,17,499,346,4
68453,17,493,441,3
68470,17,495,394,2
68503,33,489,413,2
68520,17,494,410,2
68536,17,500,345,4
68553,17,486,409,2
68570,17,494,391,2
68586,17,488,439,3
68603,17,486,461,3
68620,17,493,407,2
68653,33,483,411,2
68669,17,487,397,2
68686,17,478,405,2
68703,17,502,357,4
68719,17,477,390,2
68736,17,480,376,2
68753,17,482,400,2
68769,17,482,414,2
68786,17,485,379,2
68803,17,474,410,2
68819,17,483,393,2
68836,17,473,375,2
68852,17,511,537,3
68869,17,514,478,3
68886,17,521,492,3
68902,17,518,463,3
68919,17,524,460,3
68936,17,520,470,3
68952,17,521,517,3
68969,17,515,491,3
68986,17,523,455,3
69002,17,514,517,3
69019,17,517,445,3
69035,17,517,484,3
69052,17,527,412,2
69069,17,521,478,3
69085,17,526,442,3
69102,17,517,487,3
69119,17,523,491,3
69135,17,522,504,3
69152,17,516,507,3
69169,17,514,514,3
69185,17,514,477,3
69202,17,518,499,3
69218,17,505,499,3
69235,17,510,488,3
69252,17,505,427,3
69268,17,494,410,2
69285,17,495,381,2
69302,17,484,369,2
69318,17,493,314,4
69335,17,494,349,4
69352,17,490,334,4
69368,17,474,353,4
69385,17,489,329,4
69401,17,482,376,2
69418,17,481,341,4
69435,17,488,375,2
69451,17,487,351,4
69468,17,483,314,4
69485,17,502,344,4
69501,17,490,357,4
69518,17,494,353,4
69535,17,493,431,3
69551,17,474,395,2
69568,17,486,386,2
69584,17,488,373,2
69601,17,481,391,2
69618,17,525,291,4
69634,17,563,294,4
69651,17,598,268,0
69668,17,584,306,4
69684,17,600,294,4
69701,17,595,275,0
69717,17,589,317,4
69734,17,589,280,0
69751,17,582,258,1
69767,17,576,312,4
69784,17,585,279,0
69801,17,596,233,1
69817,17,586,268,0
69834,17,576,267,0
69851,17,590,285,0
69867,17,588,223,1
69884,17,576,235,1
69900,17,592,260,0
69917,17,583,310,4
69934,17,589,298,4
69950,17,586,297,4
69967,17,589,281,0
69984,17,590,359,4
70000,17,378,351,0
70316,316,1054,374,0
70366,50,1288,720,0
70383,17,480,1007,0
70400,17,482,908,0
70416,17,489,858,0
70433,17,490,789,0
70449,17,496,729,3
70466,17,478,738,3
70483,17,500,737,3
70499,17,504,653,3
70516,17,487,707,3
70533,17,496,659,3
70549,17,491,650,3
70566,17,510,617,3
70583,17,529,643,3
70599,17,507,600,3
70616,17,502,652,3
70632,17,495,624,3
70649,17,481,628,3
70666,17,475,572,3
70682,17,473,546,3
70699,17,490,527,3
70716,17,473,571,3
70732,17,478,502,3
70749,17,482,547,3
70765,17,477,560,3
70782,17,480,510,3
70799,17,480,526,3
70815,17,488,537,3
70832,17,495,483,3
70849,17,476,495,3
70865,17,491,469,3
70882,17,509,473,3
70899,17,512,461,3
70915,17,527,390,2
70932,17,524,375,2
70948,17,533,329,4
70965,17,523,355,4
70982,17,524,372,2
70998,17,525,395,2
71015,17,521,425,3
71032,17,524,417,5
71048,17,523,404,2
71065,17,530,445,3
71082,17,539,387,2
71098,17,524,421,5
71115,17,527,377,2
71131,17,516,393,2
71148,17,527,395,2
71165,17,525,416,2
71181,17,506,426,3
71198,17,504,436,3
71215,17,497,464,3
71231,17,495,443,3
71248,17,490,439,3
71265,17,500,414,2
71281,17,508,397,2
71298,17,501,438,3
71314,17,504,411,2
71331,17,504,407,2
71348,17,504,427,3
71364,17,506,418,5
71381,17,516,421,5
71398,17,508,432,3
71414,17,503,428,3
71431,17,505,436,3
71448,17,510,419,5
71464,17,509,398,2
71481,17,520,452,3
71497,17,512,413,2
71514,17,508,442,3
71531,17,503,417,5
71547,17,516,426,3
71564,17,505,422,3
71581,17,515,448,3
71597,17,508,414,2
71614,17,511,455,3
71631,17,513,451,3
71647,17,512,414,2
71664,17,506,461,3
71680,17,521,446,3
71697,17,522,447,3
71714,17,517,474,3
71730,17,524,475,3
71747,17,522,461,3
71780,33,525,423,3
71797,17,543,427,3
71814,17,527,471,3
71830,17,523,453,3
71847,17,537,426,3
71863,17,517,475,3
71880,17,527,417,5
71897,17,531,486,3
71913,17,520,453,3
71930,17,522,460,3
71947,17,526,484,3
71963,17,515,459,3
71980,17,522,494,3
71996,17,516,493,3
72013,17,516,504,3
72030,17,520,461,3
72046,17,518,540,3
72063,17,512,452,3
72080,17,524,479,3
72096,17,527,454,3
72113,17,521,531,3
72130,17,535,486,3
72146,17,523,467,3
72163,17,526,466,3
72179,17,526,482,3
72196,17,521,527,3
72213,17,528,503,3
72229,17,524,486,3
72246,17,521,493,3
72263,17,523,481,3
72279,17,523,475,3
72296,17,538,571,3
72313,17,491,960,0
72412,100,1823,184,0
72562,150,466,980,0
72579,17,490,753,3
72595,17,513,598,3
72612,17,522,546,3
72629,17,506,495,3
72662,33,521,392,2
72679,17,520,425,3
72695,17,509,448,3
72712,17,526,425,3
72728,17,521,451,3
72745,17,509,433,3
72762,17,511,607,3
72778,17,482,693,3
72795,17,462,837,0
72812,17,442,872,0
72828,17,442,910,0
72845,17,449,880,0
72862,17,453,850,0
72878,17,459,828,0
72895,17,450,869,0
72911,17,446,880,0
72928,17,445,867,0
72945,17,449,902,0
72961,17,452,892,0
72978,17,465,842,0
72995,17,490,734,3
73011,17,479,885,0
73028,17,503,721,3
73044,17,513,554,3
73061,17,551,445,3
73078,17,530,368,2
73094,17,525,436,3
73111,17,535,427,3
73128,17,539,403,2
73144,17,534,453,3
73161,17,523,450,3
73178,17,538,470,3
73194,17,535,452,3
73211,17,535,491,3
73227,17,546,455,3
73244,17,533,477,3
73261,17,534,475,3
73277,17,548,425,3
73294,17,534,463,3
73311,17,556,471,3
73327,17,530,461,3
73344,17,544,426,3
73361,17,541,501,3
73377,17,542,477,3
73394,17,542,480,3
73410,17,544,468,3
73427,17,559,490,3
73444,17,542,466,3
73460,17,541,497,3
73477,17,539,465,3
73494,17,552,481,3
73510,17,541,498,3
73527,17,541,501,3
73544,17,557,440,3
73560,17,543,454,3
73577,17,548,455,3
73593,17,547,456,3
73610,17,542,451,3
73627,17,543,483,3
73643,17,505,472,3
73660,17,537,440,3
73677,17,520,432,3
73693,17,539,405,2
73710,17,532,439,3
73727,17,528,424,3
73743,17,528,445,3
73760,17,535,412,2
73776,17,540,401,2
73793,17,526,422,3
73810,17,533,383,2
73826,17,526,368,2
73843,17,533,437,3
73860,17,521,454,3
73876,17,527,441,3
73893,17,531,385,2
73910,17,526,467,3
73926,17,530,427,3
73943,17,532,391,2
73959,17,536,411,2
73976,17,516,697,3
73993,17,487,1067,0
74192,200,474,1045,0
74209,17,490,879,0
74226,17,499,698,3
74242,17,502,625,3
74259,17,507,546,3
74275,17,502,555,3
74292,17,520,465,3
74309,17,526,437,3
74325,17,522,454,3
74342,17,528,453,3
74359,17,520,419,5
74375,17,529,432,3
74392,17,515,471,3
74409,17,527,425,3
74425,17,523,419,5
74442,17,523,429,3
74458,17,510,468,3
74475,17,520,463,3
74492,17,507,396,2
74508,17,505,413,2
74525,17,504,439,3
74542,17,504,398,2
74558,17,508,457,3
74575,17,502,468,3
74592,17,508,393,2
74608,17,500,456,3
74625,17,522,448,3
74641,17,512,437,3
74658,17,498,437,3
74675,17,499,483,3
74691,17,506,468,3
74708,17,504,479,3
74725,17,504,477,3
74741,17,521,440,3
74758,17,513,459,3
74775,17,495,467,3
74791,17,508,464,3
74808,17,517,425,3
74824,17,514,467,3
74841,17,507,488,3
74858,17,507,448,3
74874,17,501,490,3
74891,17,507,457,3
74908,17,509,451,3
74924,17,534,476,3
74941,17,541,427,3
74958,17,534,444,3
74974,17,533,478,3
74991,17,533,432,3
75007,17,533,457,3
75024,17,532,459,3
75041,17,538,440,3
75057,17,534,451,3
75074,17,532,411,2
75091,17,542,418,5
75107,17,534,455,3
75124,17,529,456,3
75141,17,543,450,3
75157,17,543,427,3
75174,17,525,466,3
75190,17,536,471,3
75207,17,532,449,3
75224,17,537,447,3
75240,17,515,382,2
75257,17,521,435,3
75274,17,528,409,2
75290,17,523,425,3
75307,17,526,387,2
75324,17,524,414,2
75340,17,524,413,2
75357,17,528,415,2
75373,17,522,434,3
75390,17,517,409,2
75407,17,524,416,2
75423,17,517,443,3
75440,17,522,424,3
75457,17,519,434,3
75473,17,528,391,2
75490,17,522,387,2
75506,17,529,384,2
75523,17,512,440,3
75540,17,521,406,2
75556,17,516,426,3
75573,17,511,450,3
75590,17,510,425,3
75606,17,521,404,2
75623,17,512,429,3
75640,17,512,466,3
75656,17,510,423,3
75673,17,510,443,3
75689,17,532,432,3
75706,17,523,414,2
75723,17,523,448,3
75739,17,531,411,2
75756,17,526,443,3
75773,17,524,436,3
75789,17,519,451,3
75806,17,526,424,3
75823,17,529,447,3
75839,17,528,426,3
75856,17,517,472,3
75872,17,528,439,3
75889,17,530,437,3
75906,17,527,442,3
75922,17,523,410,2
75939,17,533,410,2
75956,17,532,420,5
75972,17,520,451,3
76006,33,522,424,3
76022,17,524,444,3
76039,17,518,431,3
76055,17,528,488,3
76072,17,520,475,3
76089,17,505,464,3
76105,17,520,469,3
76122,17,528,438,3
76139,17,520,470,3
76155,17,515,470,3
76172,17,501,437,3
76189,17,507,416,2
76205,17,507,410,2
76222,17,502,437,3
76238,17,499,397,2
76255,17,501,426,3
76272,17,502,433,3
76288,17,506,402,2
76305,17,495,420,5
76322,17,509,411,2
76338,17,500,404,2
76355,17,508,386,2
76372,17,513,396,2
76388,17,507,364,4
76405,17,494,384,2
76421,17,495,376,2
76438,17,493,382,2
76455,17,497,341,4
76471,17,493,370,2
76488,17,489,385,2
76505,17,499,402,2
76521,17,492,355,4
76538,17,492,388,2
76554,17,495,387,2
76571,17,492,389,2
76588,17,495,368,2
76604,17,503,354,4
76621,17,496,362,4
76638,17,499,407,2
76654,17,494,385,2
76671,17,503,351,4
76688,17,496,391,2
76704,17,502,353,4
76721,17,503,375,2
76737,17,496,387,2
76754,17,501,368,2
76771,17,501,383,2
76787,17,497,383,2
76804,17,498,400,2
76821,17,502,410,2
76837,17,507,372,2
76854,17,498,391,2
76871,17,494,427,3
76887,17,494,422,3
76904,17,493,370,2
76920,17,496,353,4
76937,17,500,312,4
76954,17,486,378,2
76970,17,494,385,2
76987,17,503,368,2
77004,17,495,424,3
77020,17,495,417,5
77037,17,478,656,3
77220,183,489,997,0
77237,17,528,610,3
77253,17,529,406,2
77270,17,529,394,2
77286,17,524,417,5
77303,17,524,405,2
77320,17,530,386,2
77336,17,528,395,2
77353,17,525,423,3
77370,17,526,404,2
77386,17,525,424,3
77403,17,520,454,3
77420,17,531,406,2
77436,17,535,435,3
77453,17,512,402,2
77469,17,504,380,2
77486,17,502,457,3
77503,17,506,424,3
77519,17,505,409,2
77536,17,505,351,4
77553,17,504,388,2
77569,17,500,393,2
77586,17,502,395,2
77603,17,495,373,2
77619,17,501,405,2
77636,17,498,409,2
77652,17,503,324,4
77669,17,497,412,2
77686,17,501,369,2
77702,17,490,433,3
77719,17,495,415,2
77736,17,494,390,2
77752,17,494,398,2
77769,17,501,355,4
77785,17,498,415,2
77802,17,501,378,2
77819,17,500,364,4
77835,17,498,420,5
77852,17,492,423,3
77869,17,499,410,2
77885,17,498,385,2
77902,17,497,389,2
77919,17,495,414,2
77935,17,506,359,4
77952,17,501,393,2
77968,17,496,412,2
77985,17,497,419,5
78002,17,500,411,2
78018,17,489,410,2
78035,17,494,401,2
78052,17,495,418,5
78068,17,495,414,2
78085,17,508,445,3
78102,17,496,441,3
78118,17,502,391,2
78135,17,501,365,2
78151,17,496,424,3
78168,17,493,408,2
78185,17,516,465,3
78201,17,524,455,3
78218,17,522,458,3
78235,17,527,460,3
78251,17,522,464,3
78268,17,524,441,3
78285,17,538,468,3
78301,17,525,476,3
78318,17,521,518,3
78334,17,522,468,3
78351,17,526,439,3
78368,17,506,497,3
78384,17,519,489,3
78401,17,522,471,3
78418,17,530,496,3
78434,17,526,437,3
78451,17,519,494,3
78468,17,515,477,3
78484,17,522,479,3
78501,17,529,477,3
78517,17,523,479,3
78534,17,523,438,3
78551,17,531,417,5
78567,17,520,473,3
78584,17,526,474,3
78601,17,521,405,2
78617,17,526,451,3
78634,17,530,420,5
78651,17,533,450,3
78667,17,522,440,3
78684,17,528,412,2
78700,17,520,446,3
78717,17,525,408,2
78734,17,525,442,3
78750,17,522,475,3
78767,17,511,471,3
78784,17,522,434,3
78800,17,516,451,3
78817,17,524,416,2
78833,17,515,475,3
78850,17,522,438,3
78867,17,526,401,2
78883,17,533,423,3
78900,17,522,419,5
78917,17,525,446,3
78933,17,529,423,3
78950,17,524,410,2
78967,17,525,426,3
78983,17,522,410,2
79000,17,523,422,3
79016,17,532,400,2
79033,17,522,432,3
79050,17,535,431,3
79066,17,518,460,3
79083,17,534,401,2
79100,17,523,455,3
79116,17,524,434,3
79133,17,524,427,3
79150,17,519,451,3
79166,17,530,411,2
79183,17,524,396,2
79199,17,520,441,3
79216,17,528,413,2
79233,17,523,433,3
79249,17,523,427,3
79266,17,521,445,3
79283,17,522,426,3
79299,17,526,438,3
79316,17,525,412,2
79333,17,523,408,2
79349,17,525,399,2
79366,17,524,435,3
79382,17,531,381,2
79399,17,521,414,2
79416,17,530,381,2
79432,17,529,418,5
79449,17,538,417,5
79466,17,536,401,2
79482,17,528,380,2
79499,17,534,410,2
79516,17,525,406,2
79532,17,534,380,2
79549,17,536,406,2
79565,17,524,416,2
79582,17,523,416,2
79599,17,536,366,2
79615,17,538,442,3
79632,17,530,401,2
79649,17,533,397,2
79665,17,533,425,3
79682,17,536,396,2
79699,17,543,387,2
79715,17,529,443,3
79732,17,538,372,2
79748,17,543,354,4
79765,17,537,406,2
79782,17,545,383,2
79798,17,544,374,2
79815,17,543,361,4
79832,17,541,382,2
79848,17,539,406,2
79865,17,539,355,4
79882,17,536,402,2
79898,17,540,385,2
79915,17,550,375,2
79931,17,531,420,5
79948,17,533,423,3
79965,17,554,421,5
79981,17,546,410,2
79998,17,537,404,2
80015,17,538,388,2
80031,17,533,415,2
80048,17,539,427,3
80064,17,547,369,2
80081,17,549,357,4
80098,17,540,411,2
80114,17,521,373,2
80131,17,497,406,2
80148,17,500,343,4
80164,17,517,335,4
80181,17,509,364,4
80198,17,510,363,4
80214,17,510,365,2
80231,17,500,601,3
80414,183,470,750,3
80430,17,501,425,3
80447,17,504,291,4
80464,17,505,368,2
80480,17,501,376,2
80497,17,506,315,4
80514,17,497,364,4
80530,17,511,308,4
80547,17,506,318,4
80564,17,507,315,4
80580,17,499,317,4
80597,17,492,332,4
80613,17,502,345,4
80630,17,490,383,2
80647,17,492,338,4
80663,17,494,378,2
80680,17,494,386,2
80697,17,491,363,4
80713,17,491,368,2
80730,17,491,368,2
80747,17,487,350,4
80763,17,483,387,2
80780,17,481,376,2
80796,17,479,407,2
80813,17,495,372,2
80830,17,493,374,2
80846,17,485,374,2
80863,17,485,360,4
80880,17,490,369,2
80896,17,521,409,2
80913,17,549,411,2
80930,17,547,437,3
80946,17,544,412,2
80963,17,544,410,2
80979,17,539,437,3
80996,17,548,403,2
81013,17,536,455,3
81029,17,545,422,3
81046,17,551,374,2
81063,17,515,398,2
81079,17,492,403,2
81096,17,480,362,4
81112,17,483,352,4
81129,17,483,377,2
81146,17,477,360,4
81162,17,474,358,4
81179,17,478,353,4
81196,17,477,377,2
81212,17,480,374,2
81229,17,483,374,2
81246,17,472,362,4
81262,17,482,347,4
81279,17,474,314,4
81295,17,485,328,4
81312,17,475,368,2
81329,17,480,329,4
81345,17,478,363,4
81362,17,554,327,4
81379,17,596,357,4
81395,17,599,293,4
81412,17,602,307,4
81429,17,590,289,4
81445,17,596,331,4
81462,17,593,352,4
81478,17,594,331,4
81495,17,602,319,4
81512,17,603,345,4
81528,17,587,360,4
81545,17,600,321,4
81562,17,595,323,4
81578,17,596,339,4
81595,17,601,332,4
81612,17,598,315,4
81628,17,609,310,4
81645,17,601,302,4
81661,17,598,353,4
81678,17,610,345,4
81695,17,600,334,4
81711,17,603,321,4
81728,17,588,333,4
81745,17,501,382,2
81761,17,495,361,4
81778,17,497,358,4
81795,17,492,332,4
81811,17,492,362,4
81828,17,494,321,4
81844,17,494,365,2
81861,17,484,368,2
81878,17,489,353,4
81894,17,492,329,4
81911,17,490,373,2
81928,17,491,354,4
81944,17,485,322,4
81961,17,495,318,4
81978,17,490,340,4
81994,17,491,379,2
82011,17,497,370,2
82027,17,480,352,4
82044,17,498,397,2
82061,17,490,340,4
82077,17,492,360,4
82094,17,482,365,2
82111,17,484,337,4
82127,17,481,368,2
82144,17,487,355,4
82161,17,500,361,4
82177,17,537,318,4
82194,17,551,356,4
82210,17,549,331,4
82227,17,544,366,2
82244,17,556,354,4
82260,17,549,378,2
82277,17,556,348,4
82294,17,555,333,4
82310,17,555,361,4
82327,17,551,363,4
82343,17,553,363,4
82360,17,550,388,2
82377,17,552,362,4
82393,17,583,330,4
82410,17,574,329,4
82427,17,575,326,4
82443,17,566,314,4
82460,17,573,336,4
82477,17,573,328,4
82493,17,574,359,4
82510,17,561,362,4
82526,17,578,368,2
82543,17,573,371,2
82560,17,577,370,2
82576,17,574,305,4
82593,17,506,363,4
82610,17,493,322,4
82626,17,498,340,4
82643,17,503,325,4
82660,17,500,321,4
82676,17,495,338,4
82693,17,497,362,4
82709,17,499,368,2
82726,17,493,423,3
82743,17,497,344,4
82759,17,491,377,2
82776,17,498,334,4
82793,17,491,325,4
82809,17,492,335,4
82826,17,499,324,4
82843,17,505,341,4
82859,17,496,356,4
82876,17,502,330,4
82892,17,497,366,2
82909,17,498,333,4
82926,17,504,326,4
82942,17,498,357,4
82959,17,494,340,4
82976,17,504,375,2
82992,17,498,371,2
83009,17,504,322,4
83026,17,519,348,4
83042,17,518,387,2
83059,17,526,378,2
83075,17,523,382,2
83092,17,526,345,4
83109,17,537,312,4
83125,17,526,347,4
83142,17,531,380,2
83159,17,530,360,4
83175,17,535,382,2
83192,17,526,382,2
83209,17,533,342,4
83225,17,564,385,2
83242,17,545,415,2
83258,17,542,402,2
83275,17,543,395,2
83292,17,546,375,2
83308,17,548,365,2
83325,17,543,338,4
83342,17,552,356,4
83358,17,545,412,2
83375,17,553,397,2
83392,17,537,387,2
83408,17,549,383,2
83425,17,544,383,2
83441,17,560,392,2
83458,17,542,391,2
83475,17,552,374,2
83491,17,547,374,2
83508,17,554,362,4
83525,17,547,361,4
83541,17,544,387,2
83558,17,543,411,2
83574,17,545,415,2
83591,17,551,373,2
83608,17,546,392,2
83624,17,546,407,2
83641,17,541,395,2
83658,17,548,425,3
83674,17,541,374,2
83691,17,543,427,3
83708,17,543,389,2
83724,17,544,395,2
83741,17,551,381,2
83757,17,542,393,2
83774,17,542,374,2
83791,17,545,392,2
83807,17,543,399,2
83824,17,546,356,4
83857,33,541,415,2
83857,0,541,415,2
83874,17,549,405,2
83891,17,549,384,2
83907,17,546,371,2
83924,17,549,332,4
83940,17,545,347,4
83957,17,550,413,2
83974,17,572,405,2
83990,17,554,366,2
84007,17,556,369,2
84024,17,530,363,4
84040,17,520,347,4
84057,17,524,370,2
84074,17,530,335,4
84090,17,517,352,4
84107,17,517,339,4
84123,17,519,303,4
84140,17,520,353,4
84157,17,517,351,4
84173,17,523,334,4
84190,17,518,327,4
84207,17,518,345,4
84223,17,517,351,4
84240,17,518,366,2
84257,17,519,321,4
84273,17,523,334,4
84290,17,520,352,4
84306,17,519,321,4
84323,17,509,367,2
84340,17,522,336,4
84356,17,517,292,4
84373,17,514,329,4
84390,17,511,366,2
84406,17,513,362,4
84423,17,513,354,4
84440,17,520,343,4
84456,17,520,333,4
84473,17,512,346,4
84489,17,517,306,4
84506,17,514,357,4
84523,17,517,354,4
84539,17,516,373,2
84556,17,512,377,2
84573,17,522,369,2
84589,17,524,346,4
84606,17,525,376,2
84622,17,511,354,4
84639,17,511,350,4
84656,17,493,362,4
84672,17,499,352,4
84689,17,489,339,4
84706,17,479,381,2
84722,17,484,354,4
84739,17,482,364,4
84756,17,494,373,2
84772,17,495,339,4
84789,17,510,343,4
84805,17,487,360,4
84822,17,497,321,4
84839,17,495,324,4
84855,17,497,334,4
84872,17,492,370,2
84889,17,498,298,4
84905,17,498,345,4
84922,17,494,360,4
84939,17,494,336,4
84955,17,498,360,4
84972,17,497,353,4
84988,17,513,320,4
85005,17,498,369,2
85022,17,501,352,4
85038,17,493,317,4
85055,17,495,355,4
85072,17,500,383,2
85088,17,481,330,4
85105,17,489,338,4
85122,17,510,375,2
85138,17,492,365,2
85155,17,490,375,2
85171,17,495,366,2
85188,17,503,326,4
85205,17,499,354,4
85221,17,494,329,4
85238,17,498,352,4
85255,17,497,318,4
85271,17,497,378,2
85288,17,495,359,4
85305,17,493,349,4
85321,17,511,342,4
85338,17,491,361,4
85354,17,494,366,2
85371,17,492,329,4
85388,17,500,372,2
85404,17,498,364,4
85421,17,505,364,4
85438,17,486,394,2
85454,17,495,376,2
85471,17,508,299,4
85488,17,498,371,2
85504,17,495,377,2
85521,17,501,367,2
85537,17,489,351,4
85554,17,496,388,2
85571,17,496,412,2
85587,17,504,323,4
85604,17,502,350,4
85621,17,488,362,4
85637,17,502,336,4
85654,17,492,352,4
85671,17,489,368,2
85687,17,500,336,4
85704,17,498,387,2
85720,17,501,306,4
85737,17,502,342,4
85754,17,501,336,4
85770,17,500,390,2
85787,17,502,329,4
85804,17,496,334,4
85820,17,500,329,4
85837,17,496,349,4
85853,17,491,329,4
85870,17,495,349,4
85887,17,503,329,4
85903,17,495,325,4
85920,17,495,351,4
85937,17,499,356,4
85953,17,499,365,2
85970,17,498,369,2
85987,17,491,362,4
86003,17,491,373,2
86020,17,493,365,2
86036,17,494,343,4
86053,17,491,369,2
86070,17,495,366,2
86086,17,503,352,4
86103,17,492,328,4
86120,17,494,366,2
86136,17,497,377,2
86153,17,492,380,2
86170,17,487,392,2
86186,17,488,368,2
86203,17,499,302,4
86219,17,495,359,4
86236,17,495,370,2
86253,17,497,377,2
86269,17,491,387,2
86286,17,494,357,4
86303,17,494,337,4
86319,17,490,367,2
86336,17,504,378,2
86353,17,493,375,2
86369,17,490,363,4
86386,17,500,351,4
86402,17,498,309,4
86419,17,500,358,4
86436,17,498,320,4
86452,17,489,374,2
86469,17,498,317,4
86486,17,481,358,4
86502,17,503,386,2
86519,17,500,354,4
86536,17,498,346,4
86552,17,496,341,4
86569,17,499,377,2
86585,17,498,358,4
86602,17,492,349,4
86619,17,499,357,4
86635,17,500,407,2
86652,17,494,407,2
86669,17,499,384,2
86685,17,503,333,4
86702,17,503,372,2
86719,17,501,332,4
86735,17,496,358,4
86752,17,493,370,2
86768,17,499,380,2
86785,17,500,383,2
86802,17,510,381,2
86818,17,476,403,2
86835,17,502,355,4
86852,17,500,362,4
86868,17,507,355,4
86885,17,496,361,4
86901,17,504,357,4
86918,17,494,380,2
86935,17,505,369,2
86951,17,507,375,2
86968,17,500,367,2
86985,17,499,374,2
87001,17,504,386,2
87018,17,503,375,2
87035,17,493,376,2
87051,17,502,327,4
87068,17,499,370,2
87084,17,502,347,4
87101,17,499,375,2
87118,17,502,391,2
87134,17,497,362,4
87151,17,496,388,2
87168,17,495,395,2
87184,17,500,383,2
87201,17,493,403,2
87218,17,503,386,2
87234,17,486,380,2
87251,17,495,349,4
87267,17,491,379,2
87284,17,492,383,2
87301,17,492,375,2
87317,17,500,359,4
87334,17,496,370,2
87351,17,493,374,2
87367,17,492,386,2
87384,17,502,407,2
87401,17,526,367,2
87417,17,533,403,2
87434,17,529,383,2
87450,17,533,354,4
87467,17,535,363,4
87484,17,532,376,2
87500,17,532,373,2
87517,17,534,378,2
87534,17,532,396,2
87550,17,530,382,2
87567,17,528,362,4
87584,17,532,426,3
87600,17,535,356,4
87617,17,537,377,2
87633,17,538,372,2
87650,17,536,361,4
87667,17,536,407,2
87683,17,536,386,2
87700,17,527,423,3
87717,17,531,395,2
87733,17,533,376,2
87750,17,536,400,2
87767,17,530,384,2
87783,17,535,371,2
87800,17,528,376,2
87816,17,528,385,2
87833,17,541,364,4
87850,17,530,366,2
87866,17,536,352,4
87883,17,539,407,2
87900,17,518,407,2
87916,17,533,367,2
87933,17,533,378,2
87950,17,531,334,4
87966,17,533,376,2
87983,17,535,379,2
87999,17,520,402,2
88016,17,530,432,3
88033,17,529,426,3
88049,17,525,405,2
88066,17,526,400,2
88083,17,518,425,3
88099,17,526,557,3
88116,17,486,491,3
88132,17,502,453,3
88149,17,503,378,2
88166,17,503,330,4
88182,17,495,338,4
88199,17,489,360,4
88216,17,485,388,2
88232,17,483,393,2
88249,17,488,377,2
88266,17,493,444,3
88282,17,492,347,4
88299,17,483,381,2
88315,17,485,381,2
88332,17,484,390,2
88349,17,485,398,2
88365,17,487,399,2
88382,17,488,391,2
88399,17,487,387,2
88415,17,482,383,2
88432,17,474,419,3
88449,17,482,413,2
88465,17,479,424,3
88482,17,486,398,2
88498,17,482,413,2
88515,17,542,346,4
88532,17,573,374,2
88548,17,590,380,2
88565,17,593,361,4
88582,17,593,369,2
88598,17,596,356,4
88615,17,593,372,2
88632,17,592,369,2
88648,17,586,384,2
88665,17,588,362,4
88681,17,594,412,2
88698,17,593,408,2
88715,17,580,361,4
88731,17,594,353,4
88748,17,587,341,4
88765,17,581,375,2
88781,17,591,360,4
88798,17,631,350,0
88815,17,604,318,4
88831,17,605,313,4
88848,17,600,340,4
88864,17,605,327,4
88881,17,605,312,4
88898,17,613,335,0
88914,17,610,349,4
88931,17,594,385,2
88948,17,614,374,2
88964,17,618,359,0
88981,17,601,339,4
88998,17,606,337,4
89014,17,609,338,4
89031,17,602,377,2
89047,17,606,374,2
89064,17,588,361,4
89081,17,609,335,4
89097,17,593,390,2
89114,17,604,327,4
89131,17,594,371,2
89147,17,594,375,2
89164,17,601,364,4
89180,17,607,349,4
89197,17,601,359,4
89214,17,602,406,2
89230,17,602,327,4
89247,17,609,365,2
89264,17,613,333,0
89280,17,600,346,4
89297,17,593,409,2
89314,17,586,393,2
89330,17,599,396,2
89347,17,606,406,2
89363,17,603,369,2
89380,17,601,358,4
89397,17,607,372,2
89413,17,602,349,4
89430,17,606,342,4
89447,17,606,379,2
89463,17,596,373,2
89480,17,598,377,2
89497,17,601,358,4
89513,17,604,366,2
89530,17,599,392,2
89546,17,600,381,2
89563,17,607,361,4
89580,17,543,368,2
89596,17,521,419,5
89613,17,522,394,2
89630,17,510,384,2
89646,17,528,383,2
89663,17,527,369,2
89680,17,519,420,5
89696,17,516,380,2
89713,17,522,392,2
89729,17,520,358,4
89746,17,523,349,4
89763,17,531,325,4
89779,17,518,379,2
89796,17,520,392,2
89813,17,523,377,2
89829,17,520,387,2
89846,17,521,365,2
89863,17,525,374,2
89879,17,522,352,4
89896,17,520,390,2
89912,17,517,400,2
89929,17,521,403,2
89946,17,529,379,2
89962,17,519,394,2
89979,17,529,379,2
89996,17,527,366,2
90012,17,521,400,2
90029,17,522,392,2
90046,17,520,379,2
90062,17,524,415,2
90079,17,522,371,2
90095,17,525,339,4
90112,17,521,390,2
90129,17,525,409,2
90145,17,523,385,2
90162,17,521,396,2
90179,17,524,379,2
90195,17,529,372,2
90212,17,524,355,4
90229,17,520,395,2
90245,17,515,400,2
90262,17,529,368,2
90278,17,520,376,2
90295,17,525,376,2
90312,17,485,371,2
90328,17,481,419,3
90345,17,479,438,3
90362,17,483,408,2
90378,17,484,391,2
90395,17,480,402,2
90411,17,481,413,2
90428,17,488,392,2
90445,17,483,352,4
90461,17,488,351,4
90478,17,479,354,4
90495,17,482,368,2
90511,17,485,362,4
90528,17,482,352,4
90545,17,487,362,4
90561,17,484,388,2
90578,17,487,424,3
90594,17,485,389,2
90611,17,481,350,4
90628,17,490,353,4
90644,17,478,364,4
90661,17,483,360,4
90678,17,482,390,2
90694,17,512,377,2
90711,17,545,385,2
90728,17,569,348,4
90744,17,568,399,2
90761,17,572,373,2
90777,17,567,370,2
90794,17,578,366,2
90811,17,573,356,4
90827,17,570,343,4
90844,17,575,332,4
90861,17,570,337,4
90877,17,570,360,4
90894,17,573,337,4
90911,17,573,296,4
90927,17,567,364,4
90944,17,567,401,2
90960,17,568,344,4
90977,17,568,370,2
90994,17,567,339,4
91010,17,573,345,4
91027,17,568,348,4
91044,17,565,344,4
91060,17,575,372,2
91077,17,565,401,2
91094,17,565,349,4
91110,17,572,348,4
91127,17,572,333,4
91143,17,572,361,4
91160,17,558,678,3
91410,250,505,577,3
91426,17,517,512,3
91443,17,527,330,4
91459,17,516,351,4
91476,17,515,408,2
91493,17,515,377,2
91509,17,522,351,4
91526,17,515,366,2
91543,17,526,377,2
91559,17,519,333,4
91576,17,518,374,2
91593,17,511,359,4
91609,17,516,382,2
91626,17,520,363,4
91642,17,511,365,2
91659,17,513,357,4
91676,17,520,390,2
91692,17,524,402,2
91709,17,516,422,3
91726,17,530,360,4
91742,17,518,371,2
91759,17,528,361,4
91776,17,525,375,2
91792,17,520,383,2
91809,17,525,383,2
91825,17,520,359,4
91842,17,518,362,4
91859,17,524,360,4
91875,17,520,380,2
91892,17,516,388,2
91909,17,520,402,2
91925,17,520,380,2
91942,17,528,364,4
91959,17,523,346,4
91975,17,526,367,2
91992,17,534,365,2
92008,17,518,413,2
92025,17,510,438,3
92042,17,515,415,2
92058,17,524,403,2
92075,17,533,328,4
92092,17,534,345,4
92108,17,524,384,2
92125,17,501,344,4
92142,17,504,328,4
92158,17,500,344,4
92175,17,502,337,4
92191,17,491,348,4
92208,17,506,355,4
92225,17,501,319,4
92241,17,505,300,4
92258,17,499,344,4
92275,17,496,361,4
92291,17,503,356,4
92308,17,504,336,4
92325,17,509,350,4
92341,17,493,332,4
92358,17,502,366,2
92374,17,500,341,4
92391,17,505,309,4
92408,17,499,366,2
92424,17,504,359,4
92441,17,499,332,4
92458,17,506,355,4
92474,17,506,337,4
92491,17,503,322,4
92508,17,505,333,4
92524,17,505,320,4
92541,17,511,301,4
92557,17,504,315,4
92574,17,516,308,4
92591,17,502,327,4
92607,17,508,314,4
92624,17,507,290,4
92641,17,522,233,1
92657,17,508,275,0
92674,17,510,275,0
92690,17,515,270,0
92707,17,512,304,4
92724,17,512,305,4
92740,17,501,334,4
92757,17,504,325,4
92774,17,501,397,2
92790,17,505,321,4
92807,17,499,349,4
92824,17,496,358,4
92840,17,494,332,4
92857,17,493,318,4
92873,17,487,332,4
92890,17,495,310,4
92907,17,498,359,4
92923,17,498,343,4
92940,17,498,311,4
92957,17,498,308,4
92973,17,493,365,2
92990,17,498,374,2
93007,17,498,342,4
93023,17,498,353,4
93040,17,504,341,4
93056,17,498,341,4
93073,17,489,330,4
93090,17,493,350,4
93106,17,498,347,4
93123,17,499,362,4
93140,17,489,366,2
93156,17,506,329,4
93173,17,508,319,4
93190,17,458,345,4
93206,17,453,299,4
93223,17,454,322,4
93239,17,451,273,0
93256,17,453,273,0
93273,17,456,282,0
93289,17,462,328,4
93306,17,449,262,0
93323,17,455,279,0
93339,17,457,292,4
93356,17,456,237,1
93373,17,451,294,4
93389,17,456,302,4
93406,17,457,289,4
93422,17,453,318,4
93439,17,454,324,4
93456,17,458,293,4
93472,17,467,678,3
93489,17,467,573,3
93506,17,487,490,3
93522,17,479,458,3
93539,17,493,441,3
93556,17,485,421,5
93572,17,485,429,3
93589,17,497,401,2
93605,17,484,428,3
93622,17,499,398,2
93639,17,498,327,4
93655,17,486,346,4
93672,17,492,348,4
93689,17,478,393,2
93705,17,483,417,2
93722,17,484,392,2
93739,17,492,384,2
93755,17,488,390,2
93772,17,485,363,4
93788,17,486,356,4
93805,17,503,357,4
93822,17,493,343,4
93838,17,493,354,4
93855,17,487,376,2
93872,17,494,406,2
93888,17,487,350,4
93905,17,485,375,2
93921,17,482,393,2
93938,17,479,390,2
93955,17,476,395,2
93971,17,477,408,2
93988,17,480,393,2
94005,17,483,389,2
94021,17,486,389,2
94038,17,485,389,2
94055,17,481,402,2
94071,17,488,380,2
94088,17,468,372,2
94104,17,489,372,2
94121,17,486,393,2
94138,17,483,405,2
94154,17,482,400,2
94171,17,482,404,2
94188,17,480,410,2
94204,17,514,331,4
94221,17,510,348,4
94238,17,513,366,2
94254,17,516,358,4
94271,17,512,365,2
94287,17,509,356,4
94304,17,507,341,4
94321,17,505,343,4
94337,17,515,348,4
94354,17,505,364,4
94371,17,511,350,4
94387,17,512,375,2
94404,17,504,339,4
94421,17,510,337,4
94437,17,527,360,4
94454,17,556,350,4
94470,17,551,384,2
94487,17,557,344,4
94504,17,553,325,4
94520,17,548,310,4
94537,17,557,364,4
94554,17,554,333,4
94570,17,562,330,4
94587,17,577,328,4
94604,17,582,356,4
94620,17,584,350,4
94637,17,587,354,4
94653,17,580,336,4
94670,17,584,343,4
94687,17,585,349,4
94703,17,584,328,4
94720,17,584,326,4
94737,17,576,348,4
94753,17,587,317,4
94770,17,582,338,4
94787,17,583,330,4
94803,17,588,345,4
94820,17,586,331,4
94836,17,591,312,4
94853,17,622,313,0
94870,17,591,362,4
94886,17,598,299,4
94903,17,596,326,4
94920,17,596,306,4
94936,17,592,302,4
94953,17,592,364,4
94969,17,594,318,4
94986,17,597,364,4
95003,17,610,329,4
95019,17,593,346,4
95036,17,593,327,4
95053,17,593,340,4
95069,17,594,324,4
95086,17,591,316,4
95103,17,593,336,4
95119,17,599,323,4
95136,17,601,327,4
95152,17,595,354,4
95169,17,588,329,4
95186,17,591,354,4
95202,17,599,342,4
95219,17,592,355,4
95236,17,600,362,4
95252,17,589,327,4
95269,17,596,345,4
95286,17,563,333,4
95302,17,569,345,4
95319,17,558,343,4
95335,17,557,350,4
95352,17,561,366,2
95369,17,562,357,4
95385,17,551,359,4
95402,17,552,375,2
95419,17,550,378,2
95435,17,561,347,4
95452,17,559,363,4
95469,17,557,374,2
95485,17,555,378,2
95502,17,557,355,4
95518,17,557,389,2
95535,17,549,419,5
95552,17,565,339,4
95568,17,559,315,4
95585,17,556,342,4
95602,17,562,344,4
95618,17,570,327,4
95635,17,561,357,4
95652,17,561,360,4
95668,17,566,357,4
95685,17,558,390,2
95701,17,566,362,4
95718,17,557,364,4
95735,17,565,354,4
95751,17,557,358,4
95768,17,548,357,4
95785,17,558,333,4
95801,17,552,346,4
95818,17,559,380,2
95835,17,556,366,2
95851,17,550,346,4
95868,17,546,396,2
95884,17,555,395,2
95901,17,551,400,2
95918,17,548,355,4
95934,17,551,352,4
95951,17,549,373,2
95968,17,549,401,2
95984,17,548,415,2
96001,17,551,357,4
96018,17,551,364,4
96034,17,556,402,2
96051,17,550,356,4
96067,17,548,360,4
96084,17,552,400,2
96101,17,549,383,2
96117,17,552,342,4
96134,17,542,389,2
96151,17,553,359,4
96167,17,553,366,2
96184,17,558,356,4
96200,17,551,376,2
96217,17,548,343,4
96234,17,552,341,4
96250,17,550,401,2
96267,17,555,414,2
96284,17,558,362,4
96300,17,555,368,2
96317,17,550,376,2
96334,17,549,413,2
96350,17,549,377,2
96367,17,548,403,2
96383,17,549,400,2
96400,17,557,366,2
96417,17,538,375,2
96433,17,552,376,2
96450,17,546,396,2
96467,17,549,378,2
96483,17,580,359,4
96500,17,582,307,4
96517,17,591,326,4
96533,17,590,338,4
96550,17,580,355,4
96566,17,586,325,4
96583,17,584,376,2
96600,17,592,328,4
96616,17,594,356,4
96633,17,589,357,4
96650,17,589,381,2
96666,17,574,356,4
96683,17,581,343,4
96700,17,594,312,4
96716,17,582,328,4
96733,17,515,341,4
96749,17,480,317,4
96766,17,486,382,2
96783,17,473,355,4
96799,17,476,358,4
96816,17,483,356,4
96833,17,473,347,4
96849,17,482,354,4
96866,17,474,341,4
96883,17,471,333,4
96899,17,481,341,4
96916,17,482,341,4
96932,17,476,352,4
96949,17,484,371,2
96966,17,474,374,2
96982,17,481,367,2
96999,17,483,347,4
97016,17,479,359,4
97032,17,472,363,4
97049,17,481,315,4
97066,17,491,351,4
97082,17,486,346,4
97099,17,480,376,2
97115,17,482,355,4
97132,17,487,362,4
97149,17,486,375,2
97165,17,480,338,4
97182,17,475,355,4
97199,17,543,342,4
97215,17,586,321,4
97232,17,591,361,4
97248,17,602,343,4
97265,17,606,316,4
97282,17,604,348,4
97298,17,604,346,4
97315,17,606,355,4
97332,17,602,349,4
97348,17,603,399,2
97365,17,604,363,4
97382,17,603,337,4
97398,17,602,330,4
97415,17,600,361,4
97431,17,600,344,4
97448,17,604,365,2
97465,17,609,364,4
97481,17,606,362,4
97498,17,600,353,4
97515,17,603,336,4
97531,17,610,310,4
97548,17,605,354,4
97565,17,611,362,4
97581,17,566,370,2
97598,17,529,382,2
97614,17,512,360,4
97631,17,519,339,4
97648,17,519,400,2
97664,17,513,393,2
97681,17,515,416,2
97698,17,517,351,4
97714,17,518,370,2
97731,17,511,347,4
97748,17,521,364,4
97764,17,515,389,2
97781,17,527,408,2
97797,17,523,424,3
97814,17,523,449,3
97831,17,529,449,3
97847,17,530,433,3
97864,17,532,411,2
97881,17,529,462,3
97897,17,526,418,5
97914,17,523,444,3
97931,17,535,391,2
97947,17,524,442,3
97964,17,530,411,2
97980,17,524,443,3
97997,17,533,434,3
98014,17,535,420,5
98030,17,537,439,3
98047,17,528,446,3
98064,17,532,470,3
98080,17,542,432,3
98097,17,520,449,3
98114,17,532,431,3
98130,17,535,464,3
98147,17,535,451,3
98163,17,529,467,3
98180,17,508,429,3
98197,17,486,437,3
98213,17,480,387,2
98230,17,473,416,2
98247,17,479,434,3
98263,17,476,411,2
98280,17,473,406,2
98297,17,475,454,3
98313,17,484,400,2
98330,17,474,417,2
98346,17,479,403,2
98363,17,472,413,2
98380,17,483,421,3
98396,17,469,416,2
98413,17,474,401,2
98430,17,477,401,2
98446,17,476,382,2
98463,17,478,360,4
98479,17,482,374,2
98496,17,481,383,2
98513,17,475,397,2
98529,17,478,384,2
98546,17,483,370,2
98563,17,487,367,2
98579,17,485,395,2
98596,17,477,378,2
98613,17,477,394,2
98629,17,480,376,2
98646,17,477,411,2
98662,17,482,387,2
98679,17,481,374,2
98696,17,477,392,2
98712,17,478,411,2
98729,17,480,397,2
98746,17,483,386,2
98762,17,488,382,2
98779,17,488,327,4
98796,17,488,362,4
98812,17,488,349,4
98829,17,490,324,4
98845,17,485,381,2
98862,17,481,391,2
98879,17,489,352,4
98895,17,486,356,4
98912,17,493,361,4
98929,17,492,371,2
98945,17,486,358,4
98962,17,486,363,4
98979,17,486,363,4
98995,17,491,335,4
99012,17,490,368,2
99028,17,488,391,2
99045,17,527,379,2
99062,17,529,376,2
99078,17,528,402,2
99095,17,532,369,2
99112,17,532,368,2
99128,17,531,380,2
99145,17,531,396,2
99162,17,527,404,2
99178,17,525,392,2
99195,17,531,363,4
99211,17,520,422,3
99228,17,528,390,2
99245,17,525,390,2
99261,17,530,368,2
99278,17,526,396,2
99295,17,523,393,2
99311,17,534,379,2
99328,17,535,411,2
99345,17,529,392,2
99361,17,532,378,2
99378,17,530,397,2
99394,17,533,334,4
99411,17,532,398,2
99428,17,530,394,2
99444,17,535,388,2
99461,17,529,381,2
99478,17,531,377,2
99494,17,532,366,2
99511,17,543,380,2
99527,17,535,334,4
99544,17,540,367,2
99561,17,533,385,2
99577,17,539,392,2
99594,17,536,344,4
99611,17,541,353,4
99627,17,552,355,4
99644,17,557,355,4
99661,17,541,343,4
99677,17,542,345,4
99694,17,547,357,4
99710,17,547,376,2
99727,17,554,372,2
99744,17,548,363,4
99760,17,550,369,2
99777,17,558,363,4
99794,17,555,383,2
99810,17,546,393,2
99827,17,552,369,2
99844,17,546,364,4
99860,17,558,336,4
99877,17,554,351,4
99893,17,543,383,2
99910,17,565,359,4
99927,17,558,387,2
99943,17,554,383,2
99960,17,557,370,2
99977,17,547,384,2
99993,17,542,379,2
100010,17,562,374,2
100027,17,550,355,4
100043,17,559,361,4
100060,17,560,381,2
100076,17,547,353,4
100093,17,548,365,2
100110,17,560,363,4
100126,17,550,365,2
100143,17,546,397,2
100160,17,568,374,2
100176,17,557,349,4
100193,17,549,310,4
100210,17,544,373,2
100226,17,547,404,2
100243,17,559,413,2
100259,17,553,431,3
100276,17,553,409,2
100293,17,555,399,2
100309,17,558,409,2
100326,17,545,432,3
100343,17,552,400,2
100359,17,546,437,3
100376,17,553,449,3
100393,17,552,383,2
100409,17,550,430,3
100426,17,555,421,5
100442,17,544,423,3
100459,17,548,424,3
100476,17,557,414,2
100492,17,564,434,3
100509,17,565,424,3
100526,17,554,451,3
100542,17,569,406,2
100559,17,564,428,3
100576,17,577,387,2
100592,17,557,426,3
100609,17,570,432,3
100625,17,576,450,3
100642,17,564,466,3
100659,17,531,410,2
100675,17,481,488,3
100692,17,487,439,3
100709,17,483,456,3
100725,17,485,445,3
100742,17,483,462,3
100758,17,480,450,3
100775,17,484,425,3
100792,17,481,463,3
100808,17,482,485,3
100825,17,483,481,3
100842,17,489,440,3
100858,17,475,434,3
100875,17,476,435,3
100892,17,482,451,3
100908,17,477,449,3
100925,17,478,488,3
100941,17,467,449,3
100958,17,476,465,3
100975,17,479,459,3
100991,17,476,422,3
101008,17,480,441,3
101025,17,480,451,3
101041,17,483,447,3
101058,17,477,411,2
101075,17,476,459,3
101091,17,483,434,3
101108,17,488,474,3
101124,17,489,466,3
101141,17,481,449,3
101158,17,488,496,3
101174,17,556,445,3
101191,17,600,427,3
101208,17,594,438,3
101224,17,597,450,3
101241,17,598,421,3
101258,17,603,386,2
101274,17,603,468,3
101291,17,599,451,3
101307,17,600,422,3
101324,17,604,445,3
101341,17,598,423,3
101357,17,605,422,3
101374,17,598,452,3
101391,17,601,440,3
101407,17,603,453,3
101424,17,605,471,3
101441,17,616,450,3
101457,17,614,441,3
101474,17,615,424,3
101490,17,612,398,2
101507,17,595,442,3
101524,17,594,440,3
101540,17,595,491,3
101557,17,594,435,3
101574,17,615,446,3
101590,17,601,426,3
101607,17,587,455,3
101624,17,611,467,3
101640,17,591,456,3
101657,17,593,439,3
101673,17,591,470,3
101690,17,592,440,3
101707,17,598,477,3
101723,17,598,440,3
101740,17,593,483,3
101757,17,602,454,3
101773,17,603,432,3
101790,17,602,419,3
101806,17,598,433,3
101823,17,605,432,3
101840,17,602,416,2
101856,17,601,401,2
101873,17,591,473,3
101890,17,595,424,3
101906,17,612,424,3
101923,17,624,427,3
101940,17,627,388,2
101956,17,630,400,2
101973,17,629,421,3
101989,17,630,422,3
102006,17,631,385,2
102023,17,631,420,3
102039,17,625,429,3
102056,17,628,429,3
102073,17,632,410,2
102089,17,641,414,2
102106,17,628,426,3
102123,17,628,436,3
102139,17,638,406,2
102156,17,633,404,2
102172,17,617,431,3
102189,17,627,471,3
102206,17,639,434,3
102222,17,639,408,2
102239,17,630,418,3
102256,17,637,399,2
102272,17,648,411,2
102289,17,648,389,2
102306,17,648,380,2
102322,17,655,381,2
102339,17,651,360,0
102355,17,643,384,2
102372,17,643,400,2
102389,17,639,377,2
102405,17,639,407,2
102422,17,640,400,2
102439,17,590,347,4
102455,17,538,360,4
102472,17,517,275,0
102489,17,522,330,4
102505,17,523,280,0
102522,17,519,295,4
102538,17,520,282,0
102555,17,521,273,0
102572,17,514,296,4
102588,17,520,297,4
102605,17,522,307,4
102622,17,519,314,4
102638,17,524,303,4
102655,17,515,245,1
102672,17,523,274,0
102688,17,523,249,1
102705,17,520,244,1
102721,17,524,266,0
102738,17,523,261,0
102755,17,524,248,1
102771,17,531,231,1
102788,17,528,265,0
102805,17,517,240,1
102821,17,524,246,1
102838,17,516,261,0
102855,17,525,217,1
102871,17,520,234,1
102888,17,525,231,1
102904,17,526,232,1
102921,17,533,248,1
102938,17,543,263,0
102954,17,543,211,1
102971,17,548,209,1
102988,17,548,227,1
103004,17,536,245,1
103021,17,544,212,1
103037,17,540,222,1
103054,17,537,235,1
103071,17,549,255,1
103087,17,548,229,1
103104,17,548,232,1
103121,17,560,191,1
103137,17,551,214,1
103154,17,535,321,4
103171,17,547,343,4
103187,17,538,353,4
103204,17,537,326,4
103220,17,545,337,4
103237,17,542,387,2
103254,17,534,355,4
103270,17,543,335,4
103287,17,540,317,4
103304,17,536,349,4
103320,17,540,359,4
103337,17,543,363,4
103354,17,551,344,4
103370,17,546,362,4
103387,17,547,320,4
103403,17,547,328,4
103420,17,536,334,4
103437,17,544,347,4
103453,17,544,352,4
103470,17,532,391,2
103487,17,459,779,0
103736,250,519,552,3
103753,17,522,400,2
103769,17,542,310,4
103786,17,531,347,4
103803,17,534,360,4
103819,17,522,387,2
103836,17,526,384,2
103853,17,530,377,2
103869,17,527,404,2
103886,17,524,378,2
103903,17,523,367,2
103919,17,523,348,4
103936,17,510,437,3
103952,17,525,380,2
103969,17,519,400,2
103986,17,528,394,2
104002,17,523,364,4
104019,17,526,374,2
104036,17,524,368,2
104052,17,522,381,2
104069,17,533,373,2
104086,17,520,404,2
104102,17,530,330,4
104119,17,523,388,2
104135,17,523,382,2
104152,17,520,386,2
104169,17,519,396,2
104185,17,518,391,2
104202,17,518,383,2
104219,17,517,371,2
104235,17,529,355,4
104252,17,519,388,2
104268,17,486,350,4
104285,17,483,389,2
104302,17,491,426,3
104318,17,487,382,2
104335,17,484,382,2
104352,17,493,357,4
104368,17,487,364,4
104385,17,483,377,2
104402,17,480,391,2
104418,17,486,366,2
104435,17,491,399,2
104451,17,498,401,2
104468,17,485,395,2
104485,17,489,405,2
104501,17,492,404,2
104518,17,494,390,2
104535,17,501,384,2
104551,17,485,404,2
104568,17,485,429,3
104585,17,495,407,2
104601,17,489,393,2
104618,17,489,396,2
104634,17,476,374,2
104651,17,489,341,4
104668,17,484,350,4
104684,17,482,361,4
104701,17,480,369,2
104718,17,477,411,2
104734,17,479,377,2
104751,17,479,360,4
104768,17,483,341,4
104784,17,480,359,4
104801,17,481,421,3
104817,17,491,353,4
104834,17,485,393,2
104851,17,486,349,4
104867,17,485,401,2
104884,17,478,374,2
104901,17,482,355,4
104917,17,480,382,2
104934,17,481,376,2
104951,17,480,355,4
104967,17,482,384,2
104984,17,480,366,2
105000,17,488,347,4
105017,17,483,373,2
105034,17,475,388,2
105050,17,483,390,2
105067,17,488,389,2
105084,17,466,407,2
105100,17,417,373,2
105117,17,403,428,3
105134,17,393,425,3
105150,17,408,425,3
105167,17,402,431,3
105183,17,389,434,3
105200,17,407,406,2
105217,17,395,450,3
105233,17,389,430,3
105250,17,403,397,2
105267,17,411,413,2
105283,17,396,438,3
105300,17,404,425,3
105316,17,402,427,3
105333,17,396,421,3
105350,17,445,427,3
105366,17,485,364,4
105383,17,508,402,2
105400,17,517,377,2
105416,17,517,363,4
105433,17,516,382,2
105450,17,519,399,2
105466,17,525,334,4
105483,17,515,401,2
105499,17,518,415,2
105516,17,506,447,3
105533,17,513,385,2
105549,17,515,393,2
105566,17,516,393,2
105583,17,525,424,3
105599,17,517,414,2
105616,17,511,401,2
105633,17,514,417,5
105649,17,509,430,3
105666,17,508,405,2
105682,17,515,416,2
105699,17,507,408,2
105716,17,513,403,2
105732,17,509,395,2
105749,17,510,400,2
105766,17,511,388,2
105782,17,512,399,2
105799,17,514,387,2
105816,17,514,372,2
105832,17,515,412,2
105849,17,513,392,2
105865,17,516,383,2
105882,17,515,383,2
105899,17,517,381,2
105915,17,513,367,2
105932,17,515,412,2
105949,17,518,386,2
105965,17,511,393,2
105982,17,517,386,2
105999,17,511,397,2
106015,17,513,387,2
106032,17,508,402,2
106048,17,509,408,2
106065,17,514,386,2
106082,17,486,384,2
106098,17,477,357,4
106115,17,481,382,2
106132,17,477,385,2
106148,17,484,389,2
106165,17,470,333,4
106182,17,474,341,4
106198,17,478,348,4
106215,17,479,313,4
106231,17,467,397,2
106248,17,468,402,2
106265,17,466,390,2
106281,17,471,361,4
106298,17,481,343,4
106315,17,479,352,4
106331,17,465,393,2
106348,17,476,382,2
106365,17,474,359,4
106381,17,480,349,4
106398,17,473,346,4
106414,17,471,363,4
106431,17,465,365,2
106448,17,470,348,4
106464,17,472,381,2
106481,17,475,348,4
106498,17,465,379,2
106514,17,463,391,2
106531,17,471,342,4
106547,17,475,363,4
106564,17,476,365,2
106581,17,476,408,2
106597,17,465,335,4
106614,17,474,357,4
106631,17,477,357,4
106647,17,516,420,5
106664,17,533,454,3
106681,17,528,493,3
106697,17,518,445,3
106714,17,523,419,5
106730,17,530,439,3
106747,17,535,404,2
106764,17,525,453,3
106780,17,525,460,3
106797,17,521,466,3
106814,17,522,479,3
106830,17,525,494,3
106847,17,529,442,3
106864,17,525,458,3
106880,17,530,445,3
106897,17,527,435,3
106913,17,538,411,2
106930,17,532,424,3
106947,17,537,462,3
106963,17,528,420,5
106980,17,529,456,3
106997,17,531,460,3
107013,17,528,453,3
107030,17,528,437,3
107047,17,530,418,5
107063,17,532,472,3
107080,17,532,440,3
107096,17,527,429,3
107113,17,532,448,3
107130,17,522,459,3
107146,17,517,478,3
107163,17,527,466,3
107180,17,535,453,3
107196,17,519,468,3
107213,17,535,413,2
107230,17,533,411,2
107246,17,528,397,2
107263,17,537,365,2
107279,17,534,385,2
107296,17,535,415,2
107313,17,533,356,4
107329,17,541,376,2
107346,17,532,373,2
107363,17,539,371,2
107379,17,534,381,2
107396,17,484,372,2
107413,17,431,354,4
107429,17,369,362,0
107446,17,338,328,0
107462,17,330,326,0
107479,17,321,312,0
107496,17,320,305,0
107512,17,335,298,0
107529,17,329,284,0
107546,17,330,308,0
107562,17,330,286,0
107579,17,328,321,0
107595,17,274,322,0
107612,17,236,252,0
107629,17,178,251,0
107645,17,160,221,0
107662,17,186,215,0
107679,17,164,217,0
107695,17,165,230,0
107712,17,160,302,0
107729,17,151,285,0
107745,17,174,282,0
107762,17,171,240,0
107778,17,181,231,0
107795,17,175,216,0
107812,17,171,207,0
107828,17,242,227,0
107845,17,312,272,0
107862,17,400,308,0
107878,17,468,331,4
107895,17,514,364,4
107912,17,510,375,2
107928,17,528,380,2
107945,17,521,350,4
107961,17,519,372,2
107978,17,522,351,4
107995,17,517,355,4
108011,17,519,335,4
108028,17,522,344,4
108045,17,516,346,4
108061,17,522,335,4
108078,17,521,381,2
108095,17,524,375,2
108111,17,520,386,2
108128,17,523,379,2
108144,17,523,352,4
108161,17,516,365,2
108178,17,515,395,2
108194,17,532,404,2
108211,17,535,415,2
108228,17,532,426,3
108244,17,534,420,5
108261,17,532,457,3
108278,17,530,442,3
108294,17,522,443,3
108311,17,527,459,3
108327,17,529,436,3
108344,17,524,444,3
108361,17,527,469,3
108377,17,526,445,3
108394,17,522,445,3
108411,17,526,471,3
108427,17,520,460,3
108444,17,524,446,3
108461,17,534,434,3
108477,17,534,419,5
108494,17,533,422,3
108510,17,522,507,3
108527,17,525,454,3
108544,17,519,498,3
108560,17,526,471,3
108577,17,527,453,3
108594,17,520,475,3
108610,17,524,434,3
108627,17,528,462,3
108644,17,486,411,2
108660,17,468,355,4
108677,17,454,314,4
108693,17,466,343,4
108710,17,452,348,4
108727,17,455,366,2
108743,17,449,372,2
108760,17,451,369,2
108777,17,458,375,2
108793,17,447,365,2
108810,17,449,356,4
108826,17,442,368,2
108843,17,448,326,4
108860,17,450,373,2
108876,17,463,356,4
108893,17,452,352,4
108910,17,450,382,2
108926,17,452,380,2
108943,17,455,342,4
108960,17,460,351,4
108976,17,487,362,4
108993,17,483,362,4
109009,17,489,371,2
109026,17,490,372,2
109043,17,490,367,2
109059,17,488,366,2
109076,17,492,382,2
109093,17,487,369,2
109109,17,492,308,4
109126,17,481,356,4
109143,17,490,355,4
109159,17,489,351,4
109176,17,484,378,2
109192,17,487,389,2
109209,17,481,365,2
109226,17,472,507,3
109242,17,497,890,0
109375,133,493,936,0
109392,17,478,596,3
109409,17,478,593,3
109425,17,472,518,3
109442,17,504,402,2
109459,17,503,357,4
109475,17,489,396,2
109492,17,492,410,2
109509,17,493,393,2
109525,17,484,413,2
109542,17,485,416,2
109558,17,482,420,3
109575,17,479,439,3
109592,17,476,394,2
109608,17,484,412,2
109625,17,458,412,2
109642,17,360,470,3
109658,17,266,568,3
109675,17,183,608,3
109692,17,83,711,3
109708,17,45,688,3
109725,17,59,711,3
109741,17,55,692,3
109758,17,45,706,3
109775,17,52,706,3
109791,17,35,697,3
109808,17,57,688,3
109841,33,11,739,3
109941,100,7,734,3
110091,150,23,720,3
110224,133,1,741,3
110274,50,12,748,3
110357,83,38,802,0
110523,166,494,1012,0
110540,17,514,504,3
110557,17,536,517,3
110573,17,532,437,3
110590,17,545,337,4
110606,17,529,389,2
110623,17,538,410,2
110640,17,538,394,2
110656,17,532,413,2
110673,17,530,420,5
110690,17,539,406,2
110706,17,533,386,2
110723,17,535,381,2
110740,17,538,410,2
110756,17,531,433,3
110773,17,527,453,3
110789,17,535,434,3
110806,17,536,425,3
110823,17,536,422,3
110839,17,533,393,2
110856,17,529,394,2
110873,17,528,412,2
110889,17,524,445,3
110906,17,533,383,2
110923,17,527,432,3
110939,17,534,413,2
110956,17,520,446,3
110972,17,524,399,2
110989,17,531,464,3
111006,17,528,422,3
111022,17,529,416,2
111039,17,535,422,3
111056,17,527,416,2
111072,17,558,429,3
111089,17,547,424,3
111105,17,557,377,2
111122,17,549,413,2
111139,17,544,423,3
111155,17,551,396,2
111172,17,553,421,5
111189,17,556,394,2
111205,17,553,428,3
111222,17,549,426,3
111239,17,550,403,2
111255,17,555,428,3
111272,17,549,431,3
111288,17,546,431,3
111305,17,547,404,2
111322,17,550,413,2
111338,17,547,406,2
111355,17,555,422,3
111372,17,549,439,3
111388,17,552,415,2
111405,17,522,364,4
111422,17,514,416,2
111438,17,523,372,2
111455,17,517,427,3
111471,17,515,403,2
111488,17,514,405,2
111505,17,519,390,2
111521,17,520,413,2
111538,17,510,413,2
111555,17,511,379,2
111571,17,515,365,2
111588,17,512,422,3
111605,17,516,413,2
111621,17,471,368,2
111638,17,423,335,4
111654,17,382,301,0
111671,17,318,298,0
111688,17,328,258,1
111704,17,310,252,0
111721,17,312,279,0
111738,17,306,258,0
111754,17,310,241,0
111771,17,315,269,0
111788,17,306,270,0
111804,17,314,256,0
111821,17,301,249,0
111837,17,278,268,0
111854,17,245,236,0
111871,17,201,219,0
111887,17,220,135,0
111904,17,212,167,0
111921,17,216,176,0
111937,17,218,188,0
111954,17,219,130,0
111971,17,217,145,0
111987,17,203,190,0
112004,17,205,207,0
112020,17,193,208,0
112037,17,256,250,0
112054,17,334,329,0
112070,17,430,363,4
112087,17,491,408,2
112104,17,493,435,3
112120,17,500,393,2
112137,17,503,380,2
112154,17,499,396,2
112170,17,494,414,2
112187,17,509,426,3
112203,17,508,427,3
112220,17,508,425,3
112237,17,513,378,2
112253,17,508,403,2
112270,17,506,412,2
112287,17,505,469,3
112303,17,505,458,3
112320,17,518,447,3
112336,17,517,471,3
112353,17,527,495,3
112370,17,526,430,3
112386,17,533,408,2
112403,17,528,489,3
112420,17,529,466,3
112436,17,516,445,3
112453,17,522,476,3
112470,17,534,454,3
112486,17,526,494,3
112503,17,537,430,3
112519,17,528,500,3
112536,17,533,453,3
112553,17,534,469,3
112569,17,534,468,3
112586,17,530,451,3
112603,17,526,498,3
112619,17,526,488,3
112636,17,526,445,3
112653,17,524,470,3
112669,17,523,513,3
112686,17,526,501,3
112702,17,532,471,3
112719,17,525,469,3
112736,17,524,483,3
112752,17,525,484,3
112769,17,528,431,3
112786,17,493,415,2
112802,17,482,373,2
112819,17,488,385,2
112836,17,483,395,2
112852,17,482,357,4
112869,17,479,375,2
112885,17,480,371,2
112902,17,495,344,4
112919,17,484,410,2
112935,17,483,347,4
112952,17,484,347,4
112969,17,479,393,2
112985,17,487,339,4
113002,17,481,368,2
113019,17,490,340,4
113035,17,497,353,4
113052,17,491,355,4
113068,17,489,354,4
113085,17,485,365,2
113102,17,484,358,4
113118,17,482,330,4
113135,17,489,361,4
113152,17,499,337,4
113168,17,494,373,2
113185,17,487,360,4
113202,17,482,361,4
113218,17,488,372,2
113235,17,485,361,4
113251,17,486,390,2
113268,17,492,348,4
113285,17,494,336,4
113301,17,493,368,2
113318,17,487,374,2
113335,17,490,356,4
113351,17,487,366,2
113368,17,494,374,2
113384,17,495,359,4
113401,17,488,368,2
113418,17,527,351,4
113434,17,584,328,4
113451,17,605,317,4
113468,17,612,377,2
113484,17,610,295,4
113501,17,608,328,4
113518,17,618,321,0
113534,17,615,334,0
113551,17,612,370,2
113567,17,617,317,0
113584,17,622,368,2
113601,17,619,311,0
113617,17,625,359,0
113634,17,621,308,0
113651,17,615,314,0
113667,17,617,338,0
113684,17,607,374,2
113701,17,613,374,2
113717,17,611,360,4
113734,17,617,354,0
113750,17,611,333,4
113767,17,621,324,0
113784,17,623,336,0
113800,17,617,329,0
113817,17,617,342,0
113834,17,620,318,0
113850,17,615,363,0
113867,17,610,353,4
113884,17,619,308,0
113900,17,617,343,0
113917,17,615,343,0
113933,17,607,298,4
113950,17,606,312,4
113967,17,614,372,2
113983,17,617,288,0
114000,17,548,375,2
114017,17,506,316,4
114033,17,499,329,4
114050,17,496,292,4
114067,17,495,333,4
114083,17,495,335,4
114100,17,489,336,4
114116,17,491,348,4
114133,17,498,317,4
114150,17,490,328,4
114166,17,508,304,4
114183,17,499,359,4
114200,17,499,353,4
114216,17,488,357,4
114233,17,490,376,2
114250,17,497,320,4
114266,17,494,333,4
114283,17,490,364,4
114299,17,491,384,2
114316,17,523,355,4
114333,17,576,367,2
114349,17,589,329,4
114366,17,597,318,4
114383,17,579,312,4
114399,17,582,328,4
114416,17,589,330,4
114433,17,581,352,4
114449,17,604,326,4
114466,17,587,311,4
114482,17,588,287,0
114499,17,582,326,4
114516,17,601,307,4
114532,17,598,308,4
114549,17,595,326,4
114566,17,590,349,4
114582,17,599,320,4
114599,17,595,328,4
114615,17,567,312,4
114632,17,547,339,4
114649,17,540,347,4
114665,17,539,352,4
114682,17,541,340,4
114699,17,544,305,4
114715,17,534,287,0
114732,17,539,348,4
114749,17,538,359,4
114765,17,536,338,4
114782,17,534,343,4
114798,17,547,338,4
114815,17,533,336,4
114832,17,539,338,4
114848,17,539,328,4
114865,17,538,339,4
114882,17,544,332,4
114898,17,540,372,2
114915,17,538,332,4
114932,17,540,346,4
114948,17,536,365,2
114965,17,538,369,2
114981,17,541,367,2
114998,17,535,351,4
115015,17,541,361,4
115031,17,531,324,4
115048,17,541,343,4
115065,17,529,346,4
115081,17,536,353,4
115098,17,540,328,4
115115,17,538,346,4
115131,17,537,310,4
115148,17,537,336,4
115164,17,531,318,4
115181,17,535,346,4
115198,17,533,311,4
115214,17,529,362,4
115231,17,532,346,4
115248,17,528,354,4
115264,17,526,365,2
115281,17,528,356,4
115298,17,528,352,4
115314,17,530,337,4
115331,17,521,357,4
115347,17,540,355,4
115364,17,538,286,0
115381,17,541,344,4
115397,17,537,357,4
115414,17,535,332,4
115431,17,528,337,4
115447,17,530,357,4
115464,17,528,367,2
115481,17,535,356,4
115497,17,544,341,4
115514,17,537,313,4
115530,17,526,398,2
115547,17,532,364,4
115564,17,536,356,4
115580,17,534,335,4
115597,17,534,349,4
115614,17,538,315,4
115630,17,532,331,4
115647,17,536,345,4
115663,17,533,333,4
115680,17,532,331,4
115697,17,527,350,4
115713,17,531,339,4
115730,17,527,407,2
115747,17,532,337,4
115763,17,531,347,4
115780,17,541,343,4
115797,17,518,400,2
115813,17,534,292,4
115830,17,532,372,2
115846,17,533,338,4
115863,17,524,357,4
115880,17,528,340,4
115896,17,527,407,2
115913,17,532,371,2
115930,17,534,339,4
115946,17,538,352,4
115963,17,530,347,4
115980,17,534,361,4
115996,17,537,361,4
116013,17,535,343,4
116029,17,530,374,2
116046,17,526,390,2
116063,17,533,358,4
116079,17,531,351,4
116096,17,533,363,4
116113,17,529,347,4
116129,17,523,340,4
116146,17,531,330,4
116163,17,535,367,2
116179,17,527,327,4
116196,17,524,352,4
116212,17,528,355,4
116229,17,530,349,4
116246,17,530,351,4
116262,17,525,365,2
116279,17,523,377,2
116296,17,536,380,2
116312,17,528,352,4
116329,17,532,331,4
116346,17,522,335,4
116362,17,538,328,4
116379,17,506,343,4
116395,17,501,370,2
116412,17,500,364,4
116429,17,497,366,2
116445,17,501,333,4
116462,17,501,362,4
116479,17,503,355,4
116495,17,502,348,4
116512,17,511,375,2
116529,17,503,371,2
116545,17,508,328,4
116562,17,508,333,4
116578,17,500,380,2
116595,17,509,381,2
116612,17,512,358,4
116628,17,510,339,4
116645,17,503,312,4
116662,17,502,385,2
116678,17,508,357,4
116695,17,500,394,2
116712,17,512,335,4
116728,17,511,333,4
116745,17,506,356,4
116761,17,507,361,4
116778,17,498,329,4
116795,17,493,358,4
116811,17,512,346,4
116828,17,510,375,2
116845,17,509,345,4
116861,17,502,385,2
116878,17,507,375,2
116894,17,501,344,4
116911,17,509,330,4
116928,17,504,379,2
116944,17,499,343,4
116961,17,501,352,4
116978,17,513,364,4
116994,17,507,304,4
117011,17,521,386,2
117028,17,536,417,5
117044,17,527,416,2
117061,17,542,411,2
117077,17,528,457,3
117094,17,536,439,3
117111,17,528,428,3
117127,17,541,451,3
117144,17,542,418,5
117161,17,539,441,3
117177,17,540,410,2
117194,17,538,467,3
117211,17,535,414,2
117227,17,533,430,3
117244,17,533,437,3
117260,17,530,429,3
117277,17,532,455,3
117294,17,529,496,3
117310,17,537,415,2
117327,17,537,441,3
117344,17,541,415,2
117360,17,535,430,3
117377,17,536,413,2
117394,17,533,473,3
117410,17,532,421,5
117427,17,524,472,3
117443,17,529,457,3
117460,17,529,460,3
117477,17,527,458,3
117493,17,529,477,3
117510,17,528,456,3
117527,17,535,444,3
117543,17,536,434,3
117560,17,532,424,3
117577,17,533,430,3
117593,17,534,470,3
117610,17,532,457,3
117626,17,542,488,3
117643,17,534,470,3
117660,17,543,431,3
117676,17,526,483,3
117693,17,536,454,3
117710,17,543,414,2
117726,17,542,431,3
117743,17,538,467,3
117760,17,537,459,3
117776,17,533,460,3
117793,17,535,487,3
117809,17,530,486,3
117826,17,533,457,3
117843,17,531,439,3
117859,17,530,447,3
117876,17,534,445,3
117893,17,535,427,3
117909,17,536,439,3
117926,17,533,456,3
117942,17,528,483,3
117959,17,527,485,3
117976,17,529,453,3
117992,17,536,472,3
118009,17,539,450,3
118026,17,525,478,3
118042,17,532,481,3
118059,17,530,493,3
118076,17,531,492,3
118092,17,533,500,3
118109,17,527,510,3
118125,17,534,490,3
118142,17,536,502,3
118159,17,535,484,3
118175,17,528,500,3
118192,17,526,508,3
118209,17,534,483,3
118225,17,539,449,3
118242,17,524,520,3
118259,17,537,487,3
118275,17,534,469,3
118292,17,541,425,3
118308,17,538,458,3
118325,17,529,458,3
118342,17,540,459,3
118358,17,536,428,3
118375,17,532,474,3
118392,17,539,443,3
118408,17,538,420,5
118425,17,554,437,3
118442,17,536,471,3
118458,17,539,478,3
118475,17,539,481,3
118491,17,544,413,2
118508,17,541,429,3
118525,17,539,432,3
118541,17,541,448,3
118558,17,537,460,3
118575,17,541,432,3
118591,17,532,432,3
118608,17,542,419,5
118625,17,540,435,3
118641,17,547,454,3
118658,17,538,408,2
118674,17,539,415,2
118691,17,542,393,2
118708,17,533,447,3
118724,17,531,420,5
118741,17,533,443,3
118758,17,536,413,2
118774,17,537,441,3
118791,17,521,488,3
118808,17,509,474,3
118824,17,516,510,3
118841,17,513,468,3
118857,17,511,419,5
118874,17,509,460,3
118891,17,510,445,3
118907,17,509,477,3
118924,17,506,461,3
118941,17,506,449,3
118957,17,504,486,3
118974,17,511,451,3
118991,17,513,440,3
119007,17,514,471,3
119024,17,514,454,3
119040,17,509,487,3
119057,17,510,464,3
119074,17,508,456,3
119090,17,509,453,3
119107,17,499,472,3
119124,17,506,472,3
119140,17,502,450,3
119157,17,505,458,3
119173,17,512,451,3
119190,17,503,483,3
119207,17,506,488,3
119223,17,499,473,3
119240,17,504,469,3
119257,17,500,487,3
119273,17,506,467,3
119290,17,505,467,3
119307,17,504,467,3
119323,17,508,428,3
119340,17,496,476,3
119356,17,503,473,3
119373,17,513,457,3
119390,17,500,430,3
119406,17,499,446,3
119423,17,500,439,3
119440,17,505,480,3
119456,17,505,471,3
119473,17,512,457,3
119490,17,491,484,3
119506,17,519,424,3
119523,17,535,404,2
119539,17,535,375,2
119556,17,532,381,2
119573,17,542,437,3
119589,17,533,418,5
119606,17,532,422,3
119623,17,529,431,3
119639,17,532,416,2
119656,17,534,428,3
119673,17,528,442,3
119689,17,528,417,5
119706,17,535,405,2
119722,17,542,388,2
119739,17,538,426,3
119756,17,525,428,3
119772,17,529,415,2
119789,17,532,408,2
119806,17,534,410,2
119822,17,531,366,2
119839,17,534,368,2
119856,17,536,390,2
119872,17,528,409,2
119889,17,533,368,2
119905,17,531,407,2
119922,17,525,418,5
119939,17,529,420,5
119955,17,528,407,2
119972,17,531,408,2
119989,17,529,433,3
120005,17,529,400,2
120022,17,532,399,2
120039,17,534,390,2
120055,17,531,368,2
120072,17,526,390,2
120088,17,523,394,2
120105,17,527,366,2
120122,17,534,398,2
120138,17,533,371,2
120155,17,525,390,2
120172,17,526,378,2
120188,17,523,433,3
120205,17,533,385,2
120221,17,519,413,2
120238,17,521,429,3
120255,17,530,384,2
120271,17,526,405,2
120288,17,522,462,3
120305,17,526,426,3
120321,17,526,425,3
120338,17,530,453,3
120355,17,508,461,3
120371,17,522,459,3
120388,17,521,505,3
120404,17,521,488,3
120421,17,520,474,3
120438,17,519,477,3
120454,17,520,451,3
120471,17,526,444,3
120488,17,520,414,2
120504,17,529,459,3
120521,17,520,471,3
120538,17,516,459,3
120554,17,522,486,3
120571,17,525,487,3
120587,17,517,493,3
120604,17,520,435,3
120621,17,525,452,3
120637,17,514,456,3
120654,17,512,414,2
120671,17,508,438,3
120687,17,509,415,2
120704,17,516,416,2
120721,17,511,468,3
120737,17,519,441,3
120754,17,519,466,3
120770,17,511,456,3
120787,17,514,468,3
120804,17,513,464,3
120820,17,506,466,3
120837,17,515,451,3
120854,17,507,465,3
120870,17,517,460,3
120887,17,509,474,3
120904,17,517,449,3
120920,17,511,470,3
120937,17,512,449,3
120953,17,514,459,3
120970,17,520,455,3
120987,17,503,458,3
121003,17,515,460,3
121020,17,514,456,3
121037,17,511,470,3
121053,17,514,437,3
121070,17,513,426,3
121087,17,513,442,3
121103,17,522,455,3
121120,17,515,441,3
121136,17,512,447,3
121153,17,517,414,2
121170,17,514,440,3
121186,17,510,437,3
121203,17,512,466,3
121220,17,511,442,3
121236,17,515,420,5
121253,17,504,449,3
121270,17,509,472,3
121286,17,514,450,3
121303,17,506,443,3
121319,17,512,469,3
121336,17,513,430,3
121353,17,507,416,2
121369,17,517,420,5
121386,17,519,462,3
121403,17,518,433,3
121419,17,509,480,3
121436,17,517,473,3
121452,17,526,438,3
121469,17,513,458,3
121486,17,515,493,3
121502,17,528,434,3
121519,17,521,481,3
121536,17,515,504,3
121552,17,510,458,3
121569,17,511,468,3
121586,17,511,483,3
121602,17,516,465,3
121619,17,522,434,3
121635,17,514,460,3
121652,17,516,431,3
121669,17,517,463,3
121685,17,522,445,3
121702,17,519,471,3
121719,17,515,468,3
121735,17,514,493,3
121752,17,523,470,3
121769,17,512,460,3
121785,17,519,476,3
121802,17,541,470,3
121818,17,529,434,3
121835,17,510,478,3
121852,17,518,460,3
121868,17,508,464,3
121885,17,511,473,3
121902,17,530,425,3
121918,17,516,457,3
121935,17,530,481,3
121952,17,513,430,3
121968,17,525,444,3
121985,17,522,429,3
122001,17,521,439,3
122018,17,507,525,3
122035,17,509,437,3
122051,17,526,438,3
122068,17,521,433,3
122085,17,528,410,2
122101,17,525,404,2
122118,17,524,438,3
122135,17,520,439,3
122151,17,536,449,3
122168,17,526,431,3
122184,17,534,460,3
122201,17,532,462,3
122218,17,528,424,3
122234,17,537,428,3
122251,17,527,443,3
122268,17,544,382,2
122284,17,540,435,3
122301,17,529,429,3
122318,17,532,415,2
122334,17,526,448,3
122351,17,524,444,3
122367,17,524,413,2
122384,17,533,422,3
122401,17,533,433,3
122417,17,522,446,3
122434,17,511,435,3
122451,17,520,448,3
122467,17,533,406,2
122484,17,525,429,3
122501,17,523,422,3
122517,17,524,423,3
122534,17,514,448,3
122550,17,520,437,3
122567,17,509,481,3
122584,17,518,437,3
122600,17,519,457,3
122617,17,516,475,3
122634,17,529,429,3
122650,17,505,477,3
122667,17,516,485,3
122683,17,516,472,3
122700,17,511,481,3
122717,17,523,423,3
122733,17,518,408,2
122750,17,512,464,3
122767,17,506,451,3
122783,17,526,450,3
122800,17,521,450,3
122817,17,512,457,3
122833,17,518,453,3
122850,17,522,437,3
122866,17,498,441,3
122883,17,527,474,3
122900,17,522,467,3
122916,17,527,488,3
122933,17,527,510,3
122950,17,514,499,3
122966,17,521,473,3
122983,17,518,474,3
123000,17,515,491,3
123016,17,511,472,3
123033,17,519,469,3
123049,17,527,502,3
123066,17,518,473,3
123083,17,513,462,3
123099,17,522,482,3
123116,17,519,504,3
123133,17,511,522,3
123149,17,533,493,3
123166,17,518,505,3
123183,17,519,510,3
123199,17,524,454,3
123216,17,516,455,3
123232,17,518,480,3
123249,17,520,458,3
123266,17,532,458,3
123282,17,522,484,3
123299,17,537,451,3
123316,17,526,478,3
123332,17,518,451,3
123349,17,518,446,3
123366,17,518,476,3
123382,17,516,493,3
123399,17,520,468,3
123415,17,516,739,3
123598,183,554,883,0
123615,17,505,770,0
123632,17,538,490,3
123648,17,539,347,4
123665,17,527,413,2
123682,17,530,405,2
123698,17,521,417,5
123715,17,526,336,4
123731,17,535,385,2
123748,17,532,406,2
123765,17,529,412,2
123781,17,524,423,3
123798,17,530,460,3
123815,17,526,429,3
123831,17,532,386,2
123848,17,522,400,2
123865,17,529,386,2
123881,17,537,417,5
123898,17,523,456,3
123914,17,527,414,2
123931,17,530,416,2
123948,17,528,436,3
123964,17,533,401,2
123981,17,529,429,3
123998,17,531,409,2
124014,17,532,408,2
124031,17,524,393,2
124048,17,525,391,2
124064,17,521,428,3
124081,17,535,381,2
124097,17,530,445,3
124114,17,524,432,3
124131,17,522,380,2
124147,17,514,400,2
124164,17,521,412,2
124181,17,511,431,3
124197,17,515,427,3
124214,17,515,405,2
124231,17,515,426,3
124247,17,523,413,2
124264,17,521,415,2
124280,17,518,424,3
124297,17,523,407,2
124314,17,518,385,2
124330,17,518,445,3
124347,17,517,426,3
124364,17,516,431,3
124380,17,520,449,3
124397,17,518,453,3
124414,17,516,473,3
124430,17,517,472,3
124447,17,522,438,3
124463,17,523,430,3
124480,17,525,413,2
124497,17,526,396,2
124513,17,531,407,2
124530,17,528,424,3
124547,17,529,436,3
124563,17,536,422,3
124580,17,527,443,3
124597,17,519,456,3
124613,17,526,462,3
124630,17,526,441,3
124646,17,528,442,3
124663,17,533,412,2
124680,17,520,458,3
124696,17,530,462,3
124713,17,524,445,3
124730,17,522,486,3
124746,17,529,416,2
124763,17,522,439,3
124780,17,518,470,3
124796,17,517,451,3
124813,17,527,434,3
124829,17,526,438,3
124846,17,521,459,3
124863,17,526,433,3
124879,17,523,432,3
124896,17,526,462,3
124913,17,522,426,3
124929,17,524,422,3
124946,17,528,449,3
124962,17,523,484,3
124979,17,524,456,3
124996,17,523,469,3
125012,17,523,467,3
125029,17,522,457,3
125046,17,524,456,3
125062,17,523,422,3
125079,17,523,475,3
125096,17,523,514,3
125112,17,529,468,3
125129,17,533,454,3
125145,17,531,460,3
125162,17,527,488,3
125179,17,518,489,3
125195,17,511,447,3
125212,17,514,468,3
125229,17,508,460,3
125245,17,520,459,3
125262,17,501,488,3
125279,17,507,475,3
125295,17,500,486,3
125312,17,505,502,3
125328,17,531,446,3
125345,17,526,490,3
125362,17,509,509,3
125378,17,518,493,3
125395,17,511,458,3
125412,17,511,448,3
125428,17,502,475,3
125445,17,497,505,3
125462,17,493,483,3
125478,17,511,472,3
125495,17,510,466,3
125511,17,518,470,3
125528,17,499,478,3
125545,17,500,465,3
125561,17,496,492,3
125578,17,500,477,3
125595,17,489,457,3
125611,17,501,507,3
125628,17,510,444,3
125645,17,493,475,3
125661,17,498,487,3
125678,17,498,494,3
125694,17,496,503,3
125711,17,499,481,3
125728,17,494,476,3
125744,17,498,473,3
125761,17,505,463,3
125778,17,506,474,3
125794,17,500,453,3
125811,17,483,445,3
125828,17,510,442,3
125844,17,490,500,3
125861,17,504,487,3
125877,17,503,497,3
125894,17,515,441,3
125911,17,502,502,3
125927,17,492,503,3
125944,17,488,502,3
125961,17,499,467,3
125977,17,507,479,3
125994,17,499,512,3
126010,17,507,485,3
126027,17,510,456,3
126044,17,506,470,3
126060,17,499,524,3
126077,17,494,506,3
126094,17,500,484,3
126110,17,501,506,3
126127,17,503,493,3
126144,17,502,452,3
126160,17,504,463,3
126177,17,513,496,3
126193,17,511,485,3
126210,17,515,458,3
126227,17,499,516,3
126243,17,502,496,3
126260,17,509,483,3
126277,17,494,491,3
126293,17,492,510,3
126310,17,490,501,3
126327,17,507,461,3
126343,17,493,496,3
126360,17,504,472,3
126376,17,488,524,3
126393,17,493,484,3
126410,17,491,487,3
126426,17,495,473,3
126443,17,496,477,3
126460,17,490,490,3
126476,17,494,458,3
126493,17,486,486,3
126510,17,494,505,3
126526,17,502,455,3
126543,17,495,492,3
126559,17,486,516,3
126576,17,511,465,3
126593,17,497,481,3
126609,17,498,487,3
126626,17,500,481,3
126643,17,501,514,3
126659,17,494,498,3
126676,17,501,524,3
126693,17,491,522,3
126709,17,503,471,3
126726,17,498,511,3
126742,17,509,558,3
126759,17,502,512,3
126776,17,502,468,3
126792,17,496,477,3
126809,17,506,469,3
126826,17,501,495,3
126842,17,501,494,3
126859,17,510,511,3
126876,17,506,455,3
126892,17,499,489,3
126909,17,500,521,3
126925,17,508,472,3
126942,17,508,488,3
126959,17,495,503,3
126975,17,488,515,3
126992,17,510,517,3
127009,17,504,508,3
127025,17,503,470,3
127042,17,498,537,3
127059,17,490,529,3
127075,17,508,491,3
127092,17,509,481,3
127108,17,503,501,3
127125,17,501,528,3
127142,17,511,462,3
127158,17,514,473,3
127175,17,492,512,3
127192,17,510,462,3
127208,17,507,475,3
127225,17,513,476,3
127241,17,505,467,3
127258,17,515,485,3
127275,17,505,490,3
127291,17,491,502,3
127308,17,494,496,3
127325,17,498,489,3
127341,17,510,448,3
127358,17,506,501,3
127375,17,503,494,3
127391,17,511,464,3
127408,17,504,540,3
127424,17,511,494,3
127441,17,510,495,3
127458,17,504,508,3
127474,17,505,486,3
127491,17,512,488,3
127508,17,496,487,3
127524,17,505,431,3
127541,17,502,454,3
127558,17,516,448,3
127574,17,512,473,3
127591,17,518,480,3
127607,17,510,520,3
127624,17,527,427,3
127641,17,519,447,3
127657,17,520,455,3
127674,17,518,465,3
127691,17,513,483,3
127707,17,515,497,3
127724,17,534,439,3
127741,17,525,441,3
127757,17,514,487,3
127774,17,525,464,3
127790,17,524,464,3
127807,17,526,465,3
127824,17,521,474,3
127840,17,527,439,3
127857,17,525,421,5
127874,17,533,408,2
127890,17,518,452,3
127907,17,532,429,3
127924,17,525,457,3
127940,17,528,443,3
127957,17,527,460,3
127973,17,525,446,3
127990,17,529,462,3
128007,17,521,474,3
128023,17,529,466,3
128040,17,518,499,3
128057,17,528,461,3
128073,17,526,480,3
128090,17,529,481,3
128107,17,528,438,3
128123,17,533,456,3
128140,17,525,429,3
128156,17,532,432,3
128173,17,535,444,3
128190,17,530,440,3
128206,17,526,424,3
128223,17,529,435,3
128240,17,526,432,3
128256,17,535,390,2
128273,17,519,785,0
128472,200,637,436,3
128489,17,528,481,3
128506,17,530,444,3
128522,17,524,432,3
128539,17,529,411,2
128556,17,522,439,3
128572,17,523,449,3
128589,17,523,453,3
128606,17,521,440,3
128622,17,528,466,3
128639,17,517,477,3
128655,17,520,463,3
128672,17,519,461,3
128689,17,522,495,3
128705,17,521,477,3
128722,17,520,454,3
128739,17,523,460,3
128755,17,518,448,3
128772,17,518,455,3
128789,17,530,400,2
128805,17,521,467,3
128822,17,519,492,3
128838,17,519,448,3
128855,17,523,472,3
128872,17,523,439,3
128888,17,515,485,3
128905,17,515,448,3
128922,17,521,455,3
128938,17,519,461,3
128955,17,516,472,3
128972,17,514,510,3
128988,17,519,499,3
129005,17,509,456,3
129021,17,519,427,3
129038,17,511,453,3
129055,17,511,485,3
129071,17,522,448,3
129088,17,509,509,3
129105,17,512,424,3
129121,17,494,488,3
129138,17,495,474,3
129155,17,502,465,3
129171,17,496,489,3
129188,17,504,466,3
129204,17,491,464,3
129221,17,498,484,3
129238,17,500,523,3
129254,17,497,473,3
129271,17,494,515,3
129288,17,499,504,3
129304,17,503,465,3
129321,17,497,473,3
129338,17,501,497,3
129354,17,508,488,3
129371,17,472,501,3
129387,17,489,482,3
129404,17,495,502,3
129421,17,489,469,3
129437,17,484,463,3
129454,17,494,455,3
129471,17,493,494,3
129487,17,478,491,3
129504,17,478,487,3
129520,17,479,480,3
129537,17,477,507,3
129554,17,477,512,3
129570,17,484,509,3
129587,17,489,475,3
129604,17,486,485,3
129620,17,502,457,3
129637,17,487,444,3
129654,17,485,496,3
129670,17,490,513,3
129687,17,485,499,3
129703,17,484,479,3
129720,17,482,467,3
129737,17,469,500,3
129753,17,486,492,3
129770,17,483,461,3
129787,17,483,461,3
129803,17,510,459,3
129820,17,503,461,3
129837,17,505,428,3
129853,17,508,438,3
129870,17,512,505,3
129886,17,517,444,3
129903,17,511,488,3
129920,17,514,475,3
129936,17,516,453,3
129953,17,513,500,3
129970,17,504,476,3
129986,17,513,434,3
130003,17,510,447,3
130020,17,511,423,3
130036,17,529,412,2
130053,17,561,433,3
130069,17,559,457,3
130086,17,564,517,3
130103,17,586,389,2
130119,17,566,443,3
130136,17,577,489,3
130153,17,573,485,3
130169,17,580,480,3
130186,17,563,479,3
130203,17,572,496,3
130219,17,565,478,3
130236,17,571,480,3
130252,17,569,454,3
130269,17,585,485,3
130286,17,557,455,3
130302,17,566,531,3
130319,17,567,489,3
130336,17,562,514,3
130352,17,579,460,3
130369,17,577,494,3
130386,17,565,474,3
130402,17,564,468,3
130419,17,569,466,3
130435,17,569,449,3
130452,17,552,454,3
130469,17,514,491,3
130485,17,527,485,3
130502,17,529,508,3
130519,17,532,503,3
130535,17,519,499,3
130552,17,524,471,3
130568,17,529,467,3
130585,17,528,464,3
130602,17,524,467,3
130618,17,529,472,3
130635,17,534,467,3
130652,17,536,460,3
130668,17,528,441,3
130685,17,533,474,3
130702,17,533,456,3
130718,17,530,459,3
130735,17,527,481,3
130751,17,520,508,3
130768,17,527,445,3
130785,17,527,447,3
130801,17,523,459,3
130818,17,529,483,3
130835,17,530,437,3
130851,17,507,466,3
130868,17,519,426,3
130885,17,514,474,3
130901,17,518,409,2
130918,17,515,458,3
130934,17,516,458,3
130951,17,514,453,3
130968,17,510,474,3
130984,17,517,454,3
131001,17,515,356,4
131018,17,524,451,3
131034,17,510,461,3
131051,17,514,471,3
131068,17,509,463,3
131084,17,511,470,3
131101,17,503,452,3
131117,17,514,423,3
131134,17,504,449,3
131151,17,505,435,3
131167,17,523,460,3
131184,17,512,458,3
131201,17,513,451,3
131217,17,504,422,3
131234,17,516,411,2
131251,17,514,413,2
131267,17,509,440,3
131284,17,512,458,3
131300,17,511,454,3
131317,17,507,439,3
131334,17,518,432,3
131350,17,512,446,3
131367,17,516,429,3
131384,17,513,447,3
131400,17,522,438,3
131417,17,504,452,3
131434,17,512,465,3
131450,17,526,464,3
131467,17,517,442,3
131483,17,513,473,3
131500,17,514,458,3
131517,17,506,462,3
131533,17,506,492,3
131550,17,519,480,3
131567,17,527,461,3
131583,17,525,429,3
131600,17,525,452,3
131617,17,525,483,3
131633,17,529,440,3
131650,17,527,461,3
131666,17,528,438,3
131683,17,528,446,3
131700,17,531,444,3
131716,17,527,417,5
131733,17,527,431,3
131750,17,517,439,3
131766,17,522,447,3
131783,17,515,434,3
131799,17,526,427,3
131816,17,528,424,3
131833,17,526,421,5
131849,17,529,415,2
131866,17,523,391,2
131883,17,528,430,3
131899,17,525,447,3
131916,17,519,455,3
131933,17,518,478,3
131949,17,524,441,3
131966,17,534,439,3
131982,17,521,457,3
131999,17,530,446,3
132016,17,524,420,5
132032,17,525,398,2
132049,17,526,438,3
132066,17,526,452,3
132082,17,535,451,3
132099,17,527,419,5
132116,17,527,399,2
132132,17,529,425,3
132149,17,528,418,5
132165,17,526,430,3
132182,17,524,425,3
132199,17,521,439,3
132215,17,521,435,3
132232,17,523,431,3
132249,17,526,410,2
132265,17,533,431,3
132282,17,531,446,3
132299,17,524,441,3
132315,17,530,383,2
132332,17,519,443,3
132348,17,525,439,3
132365,17,533,428,3
132382,17,519,466,3
132398,17,523,448,3
132415,17,525,446,3
132432,17,533,442,3
132448,17,531,458,3
132465,17,529,449,3
132482,17,540,425,3
132498,17,525,428,3
132515,17,531,438,3
132531,17,531,458,3
132548,17,530,446,3
132565,17,528,472,3
132581,17,521,465,3
132598,17,525,428,3
132615,17,534,428,3
132631,17,524,448,3
132648,17,538,443,3
132665,17,533,447,3
132681,17,528,452,3
132698,17,532,447,3
132714,17,529,462,3
132731,17,523,449,3
132748,17,531,467,3
132764,17,529,470,3
132781,17,531,463,3
132798,17,530,460,3
132814,17,531,449,3
132831,17,528,447,3
132848,17,533,447,3
132864,17,528,443,3
132881,17,530,472,3
132897,17,526,496,3
132914,17,511,492,3
132931,17,515,451,3
132947,17,513,467,3
132964,17,513,468,3
132981,17,516,448,3
132997,17,512,478,3
133014,17,513,479,3
133030,17,511,516,3
133047,17,514,486,3
133064,17,516,466,3
133080,17,519,460,3
133097,17,521,495,3
133114,17,514,439,3
133130,17,511,450,3
133147,17,513,454,3
133164,17,508,475,3
133180,17,519,434,3
133197,17,520,435,3
133213,17,512,436,3
133230,17,517,472,3
133247,17,520,462,3
133263,17,514,458,3
133280,17,509,479,3
133297,17,513,456,3
133313,17,504,476,3
133330,17,508,480,3
133347,17,512,449,3
133363,17,517,475,3
133380,17,514,489,3
133396,17,520,441,3
133413,17,516,439,3
133430,17,518,428,3
133446,17,511,442,3
133463,17,520,463,3
133480,17,521,480,3
133496,17,517,470,3
133513,17,516,449,3
133530,17,513,491,3
133546,17,517,486,3
133563,17,505,496,3
133579,17,503,495,3
133596,17,504,490,3
133613,17,507,495,3
133629,17,506,481,3
133646,17,506,493,3
133663,17,497,524,3
133679,17,514,495,3
133696,17,501,508,3
133713,17,505,498,3
133729,17,505,481,3
133746,17,504,488,3
133762,17,509,470,3
133779,17,512,505,3
133796,17,503,486,3
133812,17,497,525,3
133829,17,500,514,3
133846,17,514,526,3
133862,17,520,525,3
133879,17,513,511,3
133896,17,516,551,3
133912,17,515,507,3
133929,17,517,515,3
133945,17,512,504,3
133962,17,521,467,3
133995,33,510,500,3
133995,0,510,500,3
134012,17,522,427,3
134029,17,528,436,3
134045,17,525,425,3
134062,17,523,428,3
134078,17,524,416,2
134095,17,526,467,3
134112,17,522,458,3
134128,17,518,472,3
134145,17,518,473,3
134162,17,525,471,3
134178,17,512,505,3
134195,17,518,499,3
134212,17,515,502,3
134228,17,519,477,3
134245,17,519,474,3
134261,17,524,478,3
134278,17,520,446,3
134295,17,520,477,3
134311,17,528,448,3
134328,17,523,478,3
134345,17,525,446,3
134361,17,513,477,3
134378,17,525,476,3
134395,17,506,507,3
134411,17,525,494,3
134428,17,514,510,3
134444,17,522,500,3
134461,17,533,528,3
134478,17,514,486,3
134494,17,530,482,3
134511,17,500,510,3
134528,17,529,518,3
134544,17,515,501,3
134561,17,511,522,3
134578,17,519,538,3
134594,17,507,532,3
134611,17,511,522,3
134627,17,510,544,3
134644,17,508,519,3
134661,17,520,491,3
134677,17,522,541,3
134694,17,513,496,3
134711,17,501,476,3
134727,17,516,476,3
134744,17,514,500,3
134761,17,500,551,3
134777,17,509,517,3
134794,17,507,530,3
134810,17,538,512,3
134827,17,512,524,3
134844,17,524,542,3
134860,17,517,513,3
134877,17,513,534,3
134894,17,526,538,3
134910,17,517,516,3
134927,17,526,547,3
134944,17,520,531,3
134960,17,523,542,3
134977,17,513,530,3
134993,17,522,536,3
135010,17,522,513,3
135027,17,516,520,3
135043,17,524,525,3
135060,17,505,500,3
135077,17,507,499,3
135093,17,517,511,3
135110,17,512,528,3
135127,17,504,479,3
135143,17,518,486,3
135160,17,509,481,3
135176,17,520,459,3
135193,17,512,442,3
135210,17,521,442,3
135226,17,505,474,3
135243,17,516,485,3
135260,17,516,453,3
135276,17,507,457,3
135293,17,516,446,3
135309,17,512,463,3
135326,17,510,466,3
135343,17,509,474,3
135359,17,511,485,3
135376,17,516,438,3
135393,17,509,516,3
135409,17,512,445,3
135426,17,510,478,3
135443,17,513,453,3
135459,17,516,449,3
135476,17,515,491,3
135492,17,511,515,3
135509,17,518,506,3
135526,17,508,452,3
135542,17,509,491,3
135559,17,512,461,3
135576,17,510,467,3
135592,17,518,495,3
135609,17,517,478,3
135626,17,515,490,3
135642,17,510,517,3
135659,17,496,922,0
135908,250,477,970,0
135925,17,480,829,0
135942,17,506,637,3
135958,17,514,514,3
135975,17,519,460,3
135992,17,529,463,3
136008,17,523,422,3
136025,17,531,359,4
136041,17,525,393,2
136058,17,517,442,3
136075,17,520,438,3
136091,17,529,447,3
136108,17,532,450,3
136125,17,518,452,3
136141,17,526,456,3
136158,17,521,420,5
136175,17,514,437,3
136191,17,523,416,2
136208,17,524,418,5
136224,17,514,458,3
136241,17,522,431,3
136258,17,522,460,3
136274,17,516,441,3
136291,17,519,406,2
136308,17,516,404,2
136324,17,519,455,3
136341,17,524,428,3
136357,17,513,429,3
136374,17,514,477,3
136391,17,525,393,2
136407,17,519,424,3
136424,17,524,423,3
136441,17,527,436,3
136457,17,524,432,3
136474,17,524,419,5
136491,17,516,447,3
136507,17,523,422,3
136524,17,513,480,3
136540,17,518,478,3
136557,17,519,485,3
136574,17,524,453,3
136590,17,522,479,3
136607,17,520,468,3
136624,17,528,445,3
136640,17,524,429,3
136657,17,526,474,3
136674,17,517,471,3
136690,17,526,480,3
136707,17,519,504,3
136723,17,518,477,3
136740,17,532,413,2
136757,17,527,423,3
136773,17,530,444,3
136790,17,523,466,3
136807,17,523,462,3
136823,17,524,471,3
136840,17,521,465,3
136857,17,531,457,3
136873,17,513,501,3
136890,17,521,476,3
136906,17,529,436,3
136923,17,524,451,3
136940,17,521,444,3
136956,17,525,458,3
136973,17,528,429,3
136990,17,527,504,3
137006,17,523,482,3
137023,17,523,459,3
137040,17,515,508,3
137056,17,522,501,3
137073,17,517,459,3
137089,17,531,460,3
137106,17,523,467,3
137123,17,530,487,3
137139,17,523,447,3
137156,17,532,443,3
137173,17,525,441,3
137189,17,531,451,3
137206,17,519,459,3
137223,17,524,440,3
137239,17,530,453,3
137256,17,505,468,3
137272,17,503,468,3
137289,17,494,494,3
137306,17,501,463,3
137322,17,505,447,3
137339,17,501,446,3
137356,17,505,455,3
137372,17,505,469,3
137389,17,498,445,3
137406,17,505,491,3
137422,17,498,495,3
137439,17,497,473,3
137455,17,499,504,3
137472,17,500,484,3
137489,17,494,479,3
137505,17,498,486,3
137522,17,501,492,3
137539,17,501,513,3
137555,17,494,506,3
137572,17,493,499,3
137588,17,495,446,3
137605,17,492,476,3
137622,17,493,481,3
137638,17,498,464,3
137655,17,487,488,3
137672,17,494,499,3
137688,17,497,442,3
137705,17,497,463,3
137722,17,494,471,3
137738,17,500,461,3
137755,17,497,496,3
137771,17,494,451,3
137788,17,486,447,3
137805,17,497,451,3
137821,17,495,445,3
137838,17,491,455,3
137855,17,492,493,3
137871,17,488,482,3
137888,17,496,494,3
137905,17,491,466,3
137921,17,492,480,3
137938,17,490,459,3
137954,17,495,480,3
137971,17,492,466,3
137988,17,502,457,3
138004,17,491,448,3
138021,17,492,450,3
138038,17,491,477,3
138054,17,492,474,3
138071,17,495,460,3
138088,17,493,447,3
138104,17,489,475,3
138121,17,494,477,3
138137,17,495,467,3
138154,17,493,455,3
138171,17,482,450,3
138187,17,495,477,3
138204,17,486,459,3
138221,17,488,475,3
138237,17,491,483,3
138254,17,483,476,3
138271,17,488,458,3
138287,17,485,495,3
138304,17,495,481,3
138320,17,493,474,3
138337,17,487,472,3
138354,17,490,481,3
138370,17,491,457,3
138387,17,495,457,3
138404,17,495,499,3
138420,17,490,479,3
138437,17,491,477,3
138454,17,490,461,3
138470,17,490,447,3
138487,17,478,457,3
138503,17,487,459,3
138520,17,485,467,3
138537,17,485,439,3
138553,17,488,441,3
138570,17,484,451,3
138587,17,498,472,3
138603,17,487,460,3
138620,17,479,471,3
138636,17,492,444,3
138653,17,484,438,3
138670,17,488,477,3
138686,17,483,473,3
138703,17,487,478,3
138720,17,496,457,3
138736,17,488,496,3
138753,17,494,448,3
138770,17,490,478,3
138786,17,490,451,3
138803,17,487,438,3
138819,17,501,426,3
138836,17,495,469,3
138853,17,483,476,3
138869,17,486,471,3
138886,17,484,484,3
138903,17,489,486,3
138919,17,491,479,3
138936,17,490,479,3
138953,17,494,475,3
138969,17,489,466,3
138986,17,495,483,3
139002,17,492,459,3
139019,17,486,498,3
139036,17,503,480,3
139052,17,495,471,3
139069,17,492,468,3
139086,17,488,473,3
139102,17,487,493,3
139119,17,486,489,3
139136,17,486,502,3
139152,17,501,483,3
139169,17,489,459,3
139185,17,484,502,3
139202,17,496,481,3
139219,17,489,496,3
139235,17,503,442,3
139252,17,494,451,3
139269,17,499,463,3
139285,17,500,445,3
139302,17,497,435,3
139319,17,498,398,2
139335,17,500,484,3
139352,17,492,466,3
139368,17,493,477,3
139385,17,493,457,3
139402,17,490,504,3
139418,17,495,507,3
139435,17,488,508,3
139452,17,497,508,3
139468,17,497,470,3
139485,17,491,487,3
139502,17,489,490,3
139518,17,491,493,3
139535,17,492,480,3
139551,17,501,454,3
139568,17,523,461,3
139585,17,533,412,2
139601,17,531,459,3
139618,17,525,454,3
139635,17,522,464,3
139651,17,521,463,3
139668,17,526,408,2
139685,17,528,418,5
139701,17,517,447,3
139718,17,522,460,3
139734,17,523,477,3
139751,17,529,409,2
139768,17,524,681,3
139784,17,529,1050,0
139967,183,499,821,0
139984,17,516,587,3
140001,17,534,414,2
140017,17,532,376,2
140034,17,527,434,3
140050,17,533,393,2
140067,17,533,391,2
140084,17,521,420,5
140100,17,527,427,3
140117,17,528,427,3
140134,17,519,421,5
140150,17,523,439,3
140167,17,531,417,5
140184,17,531,459,3
140200,17,534,413,2
140217,17,523,437,3
140233,17,528,404,2
140250,17,525,422,3
140267,17,522,406,2
140283,17,533,420,5
140300,17,527,422,3
140317,17,530,425,3
140333,17,527,436,3
140350,17,536,445,3
140367,17,528,403,2
140383,17,526,433,3
140400,17,526,415,2
140416,17,525,406,2
140433,17,524,422,3
140450,17,523,426,3
140466,17,526,420,5
140483,17,528,428,3
140500,17,539,429,3
140516,17,525,406,2
140533,17,536,381,2
140550,17,525,426,3
140566,17,532,404,2
140583,17,530,408,2
140599,17,522,436,3
140616,17,530,445,3
140633,17,521,402,2
140649,17,525,392,2
140666,17,518,425,3
140683,17,526,431,3
140699,17,516,488,3
140716,17,530,450,3
140733,17,521,435,3
140749,17,518,415,2
140766,17,522,428,3
140782,17,523,408,2
140799,17,521,433,3
140816,17,521,433,3
140832,17,517,449,3
140849,17,517,409,2
140866,17,520,462,3
140882,17,524,434,3
140899,17,505,437,3
140916,17,509,449,3
140932,17,500,482,3
140949,17,511,383,2
140965,17,504,417,5
140982,17,507,443,3
140999,17,510,444,3
141015,17,510,467,3
141032,17,514,445,3
141049,17,512,439,3
141065,17,508,460,3
141082,17,505,447,3
141098,17,506,483,3
141115,17,511,418,5
141132,17,505,469,3
141148,17,509,482,3
141165,17,506,466,3
141182,17,513,454,3
141198,17,501,456,3
141215,17,516,434,3
141232,17,502,484,3
141248,17,509,436,3
141265,17,504,449,3
141281,17,509,427,3
141298,17,508,435,3
141315,17,506,459,3
141331,17,507,469,3
141348,17,506,424,3
141365,17,500,475,3
141381,17,500,461,3
141398,17,498,480,3
141415,17,499,462,3
141431,17,494,454,3
141448,17,494,437,3
141464,17,503,483,3
141481,17,504,477,3
141498,17,501,486,3
141514,17,498,414,2
141531,17,507,434,3
141548,17,504,438,3
141564,17,502,454,3
141581,17,503,431,3
141598,17,503,462,3
141614,17,500,470,3
141631,17,500,470,3
141647,17,497,430,3
141664,17,495,470,3
141681,17,499,451,3
141697,17,504,451,3
141714,17,500,458,3
141731,17,502,445,3
141747,17,494,453,3
141764,17,504,434,3
141781,17,504,408,2
141797,17,503,389,2
141814,17,507,400,2
141830,17,508,379,2
141847,17,506,436,3
141864,17,504,393,2
141880,17,507,414,2
141897,17,512,424,3
141914,17,508,390,2
141930,17,501,433,3
141947,17,511,404,2
141964,17,514,405,2
141980,17,500,408,2
141997,17,506,452,3
142013,17,512,404,2
142030,17,517,409,2
142047,17,506,439,3
142063,17,512,443,3
142080,17,511,421,5
142097,17,508,430,3
142113,17,510,405,2
142130,17,514,424,3
142146,17,506,421,5
142163,17,505,419,5
142180,17,510,373,2
142196,17,545,393,2
142213,17,550,367,2
142230,17,545,369,2
142246,17,550,373,2
142263,17,548,363,4
142280,17,551,400,2
142296,17,557,365,2
142313,17,550,398,2
142329,17,551,383,2
142346,17,552,379,2
142363,17,555,422,3
142379,17,548,396,2
142396,17,547,382,2
142413,17,556,378,2
142429,17,545,384,2
142446,17,544,409,2
142463,17,548,402,2
142479,17,568,418,5
142496,17,565,385,2
142512,17,570,376,2
142529,17,573,366,2
142546,17,573,376,2
142562,17,566,403,2
142579,17,575,414,2
142596,17,569,349,4
142612,17,567,373,2
142629,17,566,388,2
142646,17,562,409,2
142662,17,531,464,3
142679,17,529,448,3
142695,17,524,450,3
142712,17,521,441,3
142729,17,524,455,3
142745,17,524,434,3
142762,17,523,446,3
142779,17,530,420,5
142795,17,527,464,3
142812,17,520,462,3
142829,17,525,431,3
142845,17,526,427,3
142862,17,526,457,3
142878,17,529,452,3
142895,17,520,433,3
142912,17,526,459,3
142928,17,525,450,3
142945,17,530,429,3
142962,17,525,437,3
142978,17,506,420,5
142995,17,514,436,3
143012,17,512,428,3
143028,17,513,432,3
143045,17,509,419,5
143061,17,510,426,3
143078,17,507,438,3
143095,17,511,472,3
143111,17,505,450,3
143128,17,506,473,3
143145,17,517,443,3
143161,17,515,458,3
143178,17,502,454,3
143195,17,510,425,3
143211,17,508,433,3
143228,17,524,426,3
143244,17,514,398,2
143261,17,513,442,3
143278,17,512,450,3
143294,17,507,464,3
143311,17,510,430,3
143328,17,509,452,3
143344,17,509,457,3
143361,17,506,478,3
143377,17,503,470,3
143394,17,511,440,3
143411,17,509,481,3
143427,17,506,456,3
143444,17,510,408,2
143461,17,502,404,2
143477,17,504,462,3
143494,17,507,469,3
143511,17,510,477,3
143527,17,512,463,3
143544,17,515,416,2
143560,17,503,466,3
143577,17,513,453,3
143594,17,518,453,3
143610,17,516,433,3
143627,17,519,437,3
143644,17,515,418,5
143660,17,509,399,2
143677,17,519,447,3
143694,17,515,450,3
143710,17,519,438,3
143727,17,525,442,3
143743,17,520,400,2
143760,17,513,386,2
143777,17,520,428,3
143793,17,521,378,2
143810,17,526,342,4
143827,17,518,365,2
143843,17,525,403,2
143860,17,521,420,5
143877,17,522,429,3
143893,17,525,392,2
143910,17,530,359,4
143926,17,530,377,2
143943,17,534,384,2
143960,17,524,420,5
143976,17,519,424,3
143993,17,519,390,2
144010,17,531,346,4
144026,17,530,386,2
144043,17,519,419,5
144060,17,526,426,3
144076,17,521,451,3
144093,17,525,404,2
144109,17,527,410,2
144126,17,525,394,2
144143,17,529,426,3
144159,17,532,395,2
144176,17,531,402,2
144193,17,524,397,2
144209,17,527,374,2
144226,17,524,393,2
144243,17,532,370,2
144259,17,532,404,2
144276,17,525,409,2
144292,17,527,359,4
144309,17,529,417,5
144326,17,522,373,2
144342,17,522,385,2
144359,17,524,393,2
144376,17,520,423,3
144392,17,529,410,2
144409,17,528,397,2
144425,17,527,402,2
144442,17,529,422,3
144459,17,530,406,2
144475,17,533,401,2
144492,17,529,385,2
144509,17,527,390,2
144525,17,527,410,2
144542,17,527,424,3
144559,17,532,425,3
144575,17,527,400,2
144592,17,531,386,2
144608,17,531,409,2
144625,17,523,402,2
144642,17,533,426,3
144658,17,525,448,3
144675,17,528,479,3
144692,17,526,454,3
144708,17,529,447,3
144725,17,526,441,3
144742,17,524,425,3
144758,17,531,446,3
144775,17,531,413,2
144791,17,529,421,5
144808,17,523,425,3
144825,17,528,412,2
144841,17,530,440,3
144858,17,524,443,3
144875,17,528,441,3
144891,17,525,468,3
144908,17,527,419,5
144925,17,512,471,3
144941,17,523,436,3
144958,17,515,448,3
144974,17,513,459,3
144991,17,514,467,3
145008,17,512,482,3
145024,17,522,469,3
145041,17,517,472,3
145058,17,518,435,3
145074,17,523,452,3
145091,17,516,433,3
145108,17,512,437,3
145124,17,510,465,3
145141,17,509,492,3
145157,17,518,443,3
145174,17,522,436,3
145191,17,512,445,3
145207,17,511,479,3
145224,17,518,463,3
145241,17,513,463,3
145257,17,517,414,2
145274,17,517,427,3
145291,17,524,426,3
145307,17,514,438,3
145324,17,514,458,3
145340,17,504,459,3
145357,17,501,487,3
145374,17,509,482,3
145390,17,513,440,3
145407,17,507,456,3
145424,17,506,482,3
145440,17,504,482,3
145457,17,495,495,3
145474,17,505,462,3
145490,17,509,437,3
145507,17,509,484,3
145523,17,513,423,3
145540,17,503,431,3
145557,17,508,447,3
145573,17,508,457,3
145590,17,510,489,3
145607,17,513,450,3
145623,17,506,441,3
145640,17,511,453,3
145656,17,511,460,3
145673,17,514,434,3
145690,17,514,470,3
145706,17,509,478,3
145723,17,511,464,3
145740,17,516,446,3
145756,17,504,501,3
145773,17,500,471,3
145790,17,505,475,3
145806,17,512,473,3
145823,17,509,448,3
145839,17,509,440,3
145856,17,507,462,3
145873,17,505,429,3
145889,17,504,441,3
145906,17,509,452,3
145923,17,514,449,3
145939,17,509,452,3
145956,17,506,495,3
145973,17,509,477,3
145989,17,507,439,3
146006,17,505,439,3
146022,17,507,435,3
146039,17,507,445,3
146056,17,515,420,5
146072,17,508,492,3
146089,17,513,458,3
146106,17,505,449,3
146122,17,511,452,3
146139,17,506,434,3
146156,17,510,423,3
146172,17,509,424,3
146189,17,506,415,2
146205,17,505,423,3
146222,17,509,417,5
146239,17,513,441,3
146255,17,504,436,3
146272,17,512,445,3
146289,17,507,483,3
146305,17,522,441,3
146322,17,526,423,3
146339,17,531,440,3
146355,17,528,443,3
146372,17,532,436,3
146388,17,531,417,5
146405,17,530,468,3
146422,17,529,463,3
146438,17,537,452,3
146455,17,532,419,5
146472,17,528,426,3
146488,17,532,437,3
146505,17,541,429,3
146522,17,527,449,3
146538,17,534,447,3
146555,17,532,474,3
146571,17,531,456,3
146588,17,522,482,3
146605,17,529,473,3
146621,17,515,472,3
146638,17,524,464,3
146655,17,528,469,3
146671,17,524,448,3
146688,17,536,461,3
146704,17,524,499,3
146721,17,529,455,3
146738,17,531,450,3
146754,17,527,466,3
146771,17,525,486,3
146788,17,529,469,3
146804,17,531,452,3
146821,17,534,467,3
146838,17,530,464,3
146854,17,530,430,3
146871,17,534,468,3
146887,17,534,466,3
146904,17,537,465,3
146921,17,531,513,3
146937,17,532,504,3
146954,17,526,468,3
146971,17,537,484,3
146987,17,544,478,3
147004,17,536,473,3
147021,17,535,476,3
147037,17,533,480,3
147054,17,543,454,3
147070,17,539,461,3
147087,17,544,455,3
147104,17,540,493,3
147120,17,540,456,3
147137,17,540,455,3
147154,17,530,502,3
147170,17,540,485,3
147187,17,534,469,3
147204,17,533,472,3
147220,17,532,450,3
147237,17,536,482,3
147253,17,530,478,3
147270,17,532,439,3
147287,17,530,426,3
147303,17,530,455,3
147320,17,535,506,3
147337,17,529,492,3
147353,17,536,476,3
147370,17,531,480,3
147387,17,542,473,3
147403,17,537,467,3
147420,17,531,460,3
147436,17,531,464,3
147453,17,535,490,3
147470,17,528,431,3
147486,17,535,451,3
147503,17,536,426,3
147520,17,528,422,3
147536,17,531,421,5
147553,17,535,442,3
147570,17,546,430,3
147586,17,532,478,3
147603,17,533,458,3
147619,17,537,442,3
147636,17,539,464,3
147653,17,528,407,2
147669,17,530,424,3
147686,17,527,459,3
147703,17,529,425,3
147719,17,524,438,3
147736,17,537,400,2
147753,17,528,442,3
147769,17,532,455,3
147786,17,536,451,3
147802,17,532,460,3
147819,17,528,443,3
147836,17,534,448,3
147852,17,530,431,3
147869,17,527,443,3
147886,17,533,450,3
147902,17,521,423,3
147919,17,523,416,2
147935,17,530,408,2
147952,17,517,421,5
147969,17,524,413,2
147985,17,523,457,3
148002,17,520,456,3
148019,17,522,421,5
148035,17,521,456,3
148052,17,520,429,3
148069,17,523,427,3
148085,17,525,451,3
148102,17,521,444,3
148118,17,527,424,3
148135,17,526,402,2
148152,17,525,401,2
148168,17,520,431,3
148185,17,524,433,3
148202,17,526,459,3
148218,17,520,450,3
148235,17,516,477,3
148252,17,520,438,3
148268,17,526,473,3
148285,17,521,439,3
148301,17,525,448,3
148318,17,525,405,2
148335,17,521,410,2
148351,17,523,415,2
148368,17,521,412,2
148385,17,520,392,2
148401,17,525,363,4
148418,17,523,384,2
148435,17,523,393,2
148451,17,522,385,2
148468,17,518,409,2
148484,17,523,402,2
148501,17,521,374,2
148518,17,529,383,2
148534,17,523,407,2
148551,17,522,409,2
148568,17,524,389,2
148584,17,526,375,2
148601,17,519,422,3
148618,17,525,401,2
148634,17,527,415,2
148651,17,521,433,3
148667,17,532,395,2
148684,17,536,390,2
148701,17,531,448,3
148717,17,530,451,3
148734,17,524,427,3
148751,17,528,408,2
148767,17,536,412,2
148784,17,531,415,2
148801,17,537,391,2
148817,17,534,402,2
148834,17,533,414,2
148850,17,534,414,2
148867,17,532,438,3
148884,17,530,459,3
148900,17,524,425,3
148917,17,537,430,3
148934,17,528,438,3
148950,17,529,420,5
148967,17,533,442,3
148983,17,529,433,3
149000,17,527,432,3
149017,17,530,454,3
149033,17,520,471,3
149050,17,520,459,3
149067,17,532,453,3
149083,17,524,459,3
149100,17,531,418,5
149117,17,529,449,3
149133,17,524,415,2
149150,17,535,420,5
149166,17,526,454,3
149183,17,530,435,3
149200,17,540,472,3
149216,17,529,439,3
149233,17,533,476,3
149250,17,525,459,3
149266,17,531,455,3
149283,17,525,483,3
149300,17,538,449,3
149316,17,530,450,3
149333,17,538,439,3
149349,17,524,461,3
149366,17,530,447,3
149383,17,529,447,3
149399,17,532,464,3
149416,17,530,450,3
149433,17,529,480,3
149449,17,535,505,3
149466,17,529,489,3
149483,17,538,439,3
149499,17,533,454,3
149516,17,534,449,3
149532,17,536,431,3
149549,17,534,431,3
149566,17,532,462,3
149582,17,535,474,3
149599,17,532,467,3
149616,17,537,464,3
149632,17,534,468,3
149649,17,536,443,3
149666,17,539,480,3
149682,17,536,397,2
149699,17,533,458,3
149715,17,534,467,3
149732,17,527,479,3
149749,17,528,452,3
149765,17,526,443,3
149782,17,527,465,3
149799,17,530,434,3
149815,17,529,446,3
149832,17,526,460,3
149849,17,528,442,3
149865,17,530,474,3
149882,17,524,442,3
149898,17,533,462,3
149915,17,522,454,3
149932,17,525,467,3
149948,17,536,453,3
149965,17,531,444,3
149982,17,533,456,3
149998,17,534,440,3
150015,17,531,466,3
150032,17,529,478,3
150048,17,533,491,3
150065,17,536,443,3
150081,17,526,422,3
150098,17,530,462,3
150115,17,532,439,3
150131,17,531,419,5
150148,17,531,430,3
150165,17,537,432,3
150181,17,536,399,2
150198,17,526,445,3
150214,17,526,462,3
150231,17,526,444,3
150248,17,525,463,3
150264,17,537,429,3
150281,17,525,465,3
150298,17,525,481,3
150314,17,530,438,3
150331,17,534,438,3
150348,17,533,431,3
150364,17,531,473,3
150381,17,530,474,3
150397,17,522,447,3
150414,17,530,440,3
150431,17,533,426,3
150447,17,532,413,2
150464,17,531,474,3
150481,17,533,463,3
150497,17,531,458,3
150514,17,527,489,3
150531,17,530,438,3
150547,17,527,507,3
150564,17,527,473,3
150580,17,528,446,3
150597,17,525,460,3
150614,17,525,463,3
150630,17,529,442,3
150647,17,523,452,3
150664,17,517,475,3
150680,17,532,455,3
150697,17,524,451,3
150714,17,526,451,3
150730,17,526,472,3
150747,17,526,442,3
150763,17,526,455,3
150780,17,527,444,3
150797,17,520,503,3
150813,17,522,434,3
150830,17,531,475,3
150847,17,521,406,2
150863,17,526,433,3
150880,17,509,458,3
150897,17,529,433,3
150913,17,528,435,3
150930,17,525,397,2
150946,17,510,430,3
150963,17,523,464,3
150980,17,510,450,3
150996,17,522,476,3
151013,17,524,436,3
151030,17,519,472,3
151046,17,530,463,3
151063,17,522,448,3
151080,17,517,448,3
151096,17,526,423,3
151113,17,518,449,3
151129,17,531,447,3
151146,17,533,431,3
151163,17,531,415,2
151179,17,531,430,3
151196,17,527,445,3
151213,17,523,427,3
151229,17,517,463,3
151246,17,521,475,3
151263,17,528,450,3
151279,17,529,447,3
151296,17,530,415,2
151312,17,521,454,3
151329,17,524,469,3
151346,17,526,457,3
151362,17,523,471,3
151379,17,522,475,3
151396,17,531,423,3
151412,17,523,458,3
151429,17,525,441,3
151445,17,519,467,3
151462,17,521,462,3
151479,17,522,447,3
151495,17,520,438,3
151512,17,521,421,5
151529,17,524,466,3
151545,17,520,473,3
151562,17,533,464,3
151579,17,523,460,3
151595,17,522,478,3
151612,17,524,434,3
151628,17,533,391,2
151645,17,536,409,2
151662,17,523,432,3
151678,17,531,446,3
151695,17,527,429,3
151712,17,528,440,3
151728,17,529,434,3
151745,17,526,460,3
151762,17,528,415,2
151778,17,529,444,3
151795,17,529,431,3
151811,17,525,453,3
151828,17,528,416,2
151845,17,520,436,3
151861,17,528,386,2
151878,17,520,438,3
151895,17,525,419,5
151911,17,530,437,3
151928,17,527,433,3
151945,17,533,424,3
151961,17,525,432,3
151978,17,531,396,2
151994,17,531,394,2
152011,17,531,425,3
152028,17,527,393,2
152044,17,522,397,2
152061,17,529,409,2
152078,17,526,424,3
152094,17,532,418,5
152111,17,535,436,3
152128,17,524,435,3
152144,17,531,435,3
152161,17,537,409,2
152177,17,529,409,2
152194,17,532,426,3
152211,17,528,415,2
152227,17,533,397,2
152244,17,532,413,2
152261,17,537,382,2
152277,17,536,382,2
152294,17,528,424,3
152311,17,527,415,2
152327,17,526,428,3
152344,17,537,423,3
152360,17,532,420,5
152377,17,537,359,4
152394,17,529,371,2
152410,17,527,376,2
152427,17,534,380,2
152444,17,527,440,3
152460,17,536,375,2
152477,17,537,405,2
152493,17,532,386,2
152510,17,530,364,4
152527,17,530,403,2
152543,17,537,391,2
152560,17,538,397,2
152577,17,536,405,2
152593,17,526,425,3
152610,17,531,425,3
152627,17,538,428,3
152643,17,530,418,5
152660,17,536,421,5
152676,17,524,425,3
152693,17,533,419,5
152710,17,531,412,2
152726,17,532,440,3
152743,17,534,438,3
152760,17,535,419,5
152776,17,539,430,3
152793,17,536,407,2
152810,17,531,435,3
152826,17,539,431,3
152843,17,536,435,3
152859,17,534,460,3
152876,17,536,423,3
152893,17,539,441,3
152909,17,535,438,3
152926,17,533,443,3
152943,17,532,464,3
152959,17,535,456,3
152976,17,527,460,3
152993,17,531,475,3
153009,17,534,469,3
153026,17,526,444,3
153042,17,529,465,3
153059,17,527,467,3
153076,17,532,463,3
153092,17,528,443,3
153109,17,526,468,3
153126,17,526,447,3
153142,17,526,472,3
153159,17,532,504,3
153176,17,528,416,2
153192,17,524,468,3
153209,17,522,434,3
153225,17,530,420,5
153242,17,528,453,3
153259,17,528,458,3
153275,17,528,436,3
153292,17,521,445,3
153309,17,527,418,5
153325,17,530,494,3
153342,17,523,432,3
153359,17,520,434,3
153375,17,525,476,3
153392,17,520,455,3
153408,17,524,465,3
153425,17,525,473,3
153442,17,530,448,3
153458,17,530,490,3
153475,17,526,489,3
153492,17,525,501,3
153508,17,519,479,3
153525,17,518,500,3
153542,17,523,492,3
153558,17,531,494,3
153575,17,528,487,3
153591,17,529,506,3
153608,17,526,482,3
153625,17,525,486,3
153641,17,523,473,3
153658,17,535,454,3
153675,17,526,499,3
153691,17,531,484,3
153708,17,527,508,3
153724,17,516,513,3
153741,17,530,494,3
153758,17,520,503,3
153774,17,523,473,3
153791,17,525,503,3
153808,17,532,473,3
153824,17,522,499,3
153841,17,520,491,3
153858,17,524,511,3
153874,17,527,485,3
153891,17,515,529,3
153907,17,521,499,3
153924,17,530,505,3
153941,17,523,470,3
153957,17,535,440,3
153974,17,531,491,3
153991,17,529,452,3
154007,17,534,461,3
154024,17,535,422,3
154041,17,531,445,3
154057,17,527,486,3
154074,17,521,464,3
154090,17,524,483,3
154107,17,526,482,3
154124,17,525,472,3
154140,17,521,468,3
154157,17,524,494,3
154174,17,529,472,3
154190,17,524,494,3
154207,17,521,477,3
154224,17,506,497,3
154240,17,527,421,5
154257,17,523,473,3
154273,17,521,461,3
154290,17,527,460,3
154307,17,519,464,3
154323,17,520,474,3
154340,17,520,481,3
154357,17,524,424,3
154373,17,526,474,3
154390,17,517,452,3
154407,17,516,504,3
154423,17,513,486,3
154440,17,515,449,3
154456,17,524,468,3
154473,17,516,498,3
154490,17,529,431,3
154506,17,516,462,3
154523,17,515,476,3
154540,17,523,473,3
154556,17,519,486,3
154573,17,517,460,3
154590,17,515,490,3
154606,17,521,485,3
154623,17,533,504,3
154639,17,518,491,3
154656,17,524,459,3
154673,17,515,461,3
154689,17,529,461,3
154706,17,519,495,3
154723,17,527,477,3
154739,17,530,481,3
154756,17,518,482,3
154772,17,522,441,3
154789,17,523,436,3
154806,17,523,458,3
154822,17,522,443,3
154839,17,515,504,3
154856,17,518,499,3
154872,17,517,512,3
154889,17,520,479,3
154906,17,516,493,3
154922,17,518,443,3
154939,17,515,477,3
154955,17,516,476,3
154972,17,516,485,3
154989,17,530,435,3
155005,17,521,461,3
155022,17,525,440,3
155039,17,520,466,3
155055,17,516,461,3
155072,17,522,481,3
155089,17,515,480,3
155105,17,520,450,3
155122,17,525,456,3
155138,17,518,470,3
155155,17,520,430,3
155172,17,521,470,3
155188,17,529,422,3
155205,17,512,478,3
155222,17,526,422,3
155238,17,518,472,3
155255,17,527,456,3
155272,17,522,433,3
155288,17,517,461,3
155305,17,518,457,3
155321,17,514,473,3
155338,17,517,455,3
155355,17,519,423,3
155371,17,515,418,5
155388,17,516,444,3
155405,17,526,480,3
155421,17,530,418,5
155438,17,523,439,3
155455,17,532,413,2
155471,17,536,445,3
155488,17,526,423,3
155504,17,525,446,3
155521,17,526,412,2
155538,17,528,409,2
155554,17,528,383,2
155571,17,520,462,3
155588,17,517,466,3
155604,17,523,443,3
155621,17,517,563,3
155638,17,501,768,0
155654,17,305,414,2
155821,166,514,843,0
155837,17,508,701,3
155854,17,496,651,3
155870,17,507,549,3
155887,17,520,410,2
155904,17,521,448,3
155920,17,519,409,2
155937,17,529,350,4
155954,17,524,358,4
155970,17,522,338,4
155987,17,520,394,2
156003,17,521,392,2
156020,17,520,406,2
156037,17,515,400,2
156053,17,525,379,2
156070,17,514,403,2
156087,17,523,401,2
156103,17,522,427,3
156120,17,520,414,2
156137,17,524,404,2
156153,17,523,405,2
156170,17,521,389,2
156186,17,526,372,2
156203,17,523,430,3
156220,17,526,414,2
156236,17,521,401,2
156253,17,523,395,2
156270,17,520,409,2
156286,17,516,410,2
156303,17,524,383,2
156320,17,519,417,5
156336,17,516,400,2
156353,17,521,376,2
156369,17,520,396,2
156386,17,511,452,3
156403,17,516,436,3
156419,17,518,444,3
156436,17,519,419,5
156453,17,515,428,3
156469,17,526,391,2
156486,17,519,414,2
156503,17,523,404,2
156519,17,517,395,2
156536,17,525,386,2
156552,17,520,396,2
156569,17,528,406,2
156586,17,519,400,2
156602,17,488,230,1
156619,17,523,399,2
156636,17,519,415,2
156652,17,516,404,2
156669,17,524,400,2
156686,17,527,418,5
156702,17,537,415,2
156719,17,540,368,2
156735,17,532,451,3
156752,17,532,441,3
156769,17,538,393,2
156785,17,535,392,2
156802,17,531,405,2
156819,17,530,416,2
156835,17,527,423,3
156852,17,529,428,3
156869,17,529,399,2
156885,17,526,411,2
156902,17,527,423,3
156918,17,526,416,2
156935,17,525,400,2
156952,17,523,421,5
156968,17,530,433,3
156985,17,527,414,2
157002,17,527,462,3
157018,17,528,400,2
157035,17,522,419,5
157051,17,520,436,3
157068,17,527,427,3
157085,17,526,425,3
157101,17,517,466,3
157118,17,532,396,2
157135,17,522,455,3
157151,17,523,457,3
157168,17,525,441,3
157185,17,512,441,3
157201,17,518,455,3
157218,17,518,442,3
157234,17,521,412,2
157251,17,518,462,3
157268,17,513,448,3
157284,17,517,446,3
157301,17,516,439,3
157318,17,524,409,2
157334,17,522,431,3
157351,17,517,450,3
157368,17,515,437,3
157384,17,518,447,3
157401,17,506,439,3
157417,17,507,446,3
157434,17,505,451,3
157451,17,503,443,3
157467,17,500,466,3
157484,17,499,404,2
157501,17,511,440,3
157517,17,505,454,3
157534,17,505,459,3
157551,17,508,445,3
157567,17,502,425,3
157584,17,514,421,5
157600,17,504,400,2
157617,17,501,451,3
157634,17,503,455,3
157650,17,504,460,3
157667,17,507,451,3
157684,17,512,425,3
157700,17,510,408,2
157717,17,514,447,3
157734,17,505,473,3
157750,17,504,474,3
157767,17,506,452,3
157783,17,504,436,3
157800,17,507,426,3
157817,17,506,447,3
157833,17,515,402,2
157850,17,493,383,2
157867,17,510,383,2
157883,17,505,381,2
157900,17,503,421,5
157917,17,511,370,2
157933,17,501,412,2
157950,17,514,398,2
157966,17,511,366,2
157983,17,509,379,2
158000,17,518,329,4
158016,17,505,376,2
158033,17,503,371,2
158050,17,510,350,4
158066,17,508,386,2
158083,17,504,422,3
158100,17,506,452,3
158116,17,513,448,3
158133,17,501,486,3
158149,17,507,456,3
158166,17,513,446,3
158183,17,508,417,5
158199,17,503,478,3
158216,17,506,470,3
158233,17,509,429,3
158249,17,513,418,5
158266,17,499,469,3
158282,17,492,467,3
158299,17,507,474,3
158316,17,506,488,3
158332,17,501,519,3
158349,17,500,470,3
158366,17,504,486,3
158382,17,503,473,3
158399,17,504,482,3
158416,17,500,482,3
158432,17,504,461,3
158449,17,504,497,3
158465,17,507,442,3
158482,17,503,463,3
158499,17,504,449,3
158515,17,505,466,3
158532,17,495,470,3
158549,17,503,462,3
158565,17,506,456,3
158582,17,500,455,3
158599,17,498,472,3
158615,17,504,464,3
158632,17,500,451,3
158648,17,502,497,3
158665,17,503,464,3
158682,17,501,481,3
158698,17,511,471,3
158715,17,502,461,3
158732,17,508,463,3
158748,17,504,429,3
158765,17,507,439,3
158782,17,503,442,3
158798,17,505,482,3
158815,17,508,445,3
158831,17,505,462,3
158848,17,507,446,3
158865,17,504,470,3
158881,17,502,451,3
158898,17,503,420,5
158915,17,505,489,3
158931,17,506,475,3
158948,17,508,453,3
158965,17,503,432,3
158981,17,511,434,3
158998,17,498,497,3
159014,17,505,442,3
159031,17,510,423,3
159048,17,508,455,3
159064,17,496,491,3
159081,17,503,459,3
159098,17,506,467,3
159114,17,500,457,3
159131,17,505,466,3
159148,17,504,466,3
159164,17,499,452,3
159181,17,507,455,3
159197,17,508,449,3
159214,17,509,453,3
159231,17,509,440,3
159247,17,505,433,3
159264,17,505,429,3
159281,17,508,467,3
159297,17,519,435,3
159314,17,508,490,3
159330,17,506,507,3
159347,17,503,475,3
159364,17,503,484,3
159380,17,501,497,3
159397,17,502,412,2
159414,17,504,459,3
159430,17,497,458,3
159447,17,508,442,3
159464,17,507,475,3
159480,17,511,448,3
159497,17,506,451,3
159513,17,514,458,3
159530,17,509,452,3
159547,17,505,473,3
159563,17,499,483,3
159580,17,503,492,3
159597,17,506,452,3
159613,17,506,414,2
159630,17,500,486,3
159647,17,503,451,3
159663,17,503,466,3
159680,17,503,459,3
159696,17,496,529,3
159713,17,506,455,3
159730,17,503,453,3
159746,17,512,471,3
159763,17,516,477,3
159780,17,517,445,3
159796,17,520,456,3
159813,17,523,413,2
159830,17,518,439,3
159846,17,515,453,3
159863,17,519,459,3
159879,17,519,464,3
159896,17,517,492,3
159913,17,519,476,3
159929,17,514,474,3
159946,17,521,424,3
159963,17,522,432,3
159979,17,522,436,3
159996,17,522,450,3
160013,17,524,433,3
160029,17,520,460,3
160062,33,524,463,3
160079,17,524,441,3
160112,33,517,441,3
160129,17,530,423,3
160146,17,531,440,3
160162,17,521,450,3
160179,17,517,409,2
160196,17,523,443,3
160212,17,521,477,3
160229,17,531,452,3
160245,17,518,465,3
160262,17,528,422,3
160279,17,529,439,3
160295,17,525,422,3
160312,17,530,428,3
160329,17,524,439,3
160345,17,520,420,5
160362,17,532,414,2
160379,17,529,417,5
160395,17,525,427,3
160412,17,525,435,3
160428,17,533,429,3
160462,33,532,401,2
160478,17,525,434,3
160495,17,527,428,3
160512,17,525,404,2
160528,17,526,443,3
160545,17,526,457,3
160561,17,525,454,3
160595,33,523,466,3
160628,33,525,448,3
160645,17,544,424,3
160661,17,527,429,3
160678,17,523,447,3
160695,17,532,419,5
160711,17,519,435,3
160728,17,523,434,3
160744,17,528,441,3
160761,17,523,443,3
160778,17,527,440,3
160794,17,518,482,3
160811,17,525,450,3
160828,17,532,429,3
160844,17,528,438,3
160861,17,530,441,3
160878,17,527,446,3
160894,17,525,434,3
160911,17,518,440,3
160927,17,527,434,3
160944,17,517,476,3
160961,17,522,446,3
160977,17,521,444,3
161011,33,524,435,3
161027,17,531,424,3
161044,17,529,391,2
161061,17,534,352,4
161077,17,536,409,2
161094,17,535,390,2
161110,17,530,336,4
161144,33,525,261,0
161160,17,518,300,4
161177,17,512,319,4
161194,17,515,303,4
161210,17,524,271,0
161227,17,487,284,0
161244,17,463,225,1
161260,17,443,263,0
161277,17,454,247,1
161293,17,442,253,1
161310,17,437,264,0
161327,17,446,244,1
161343,17,441,299,4
161377,33,443,273,0
161393,17,443,250,1
161410,17,441,261,0
161427,17,443,264,0
161443,17,439,286,0
161460,17,447,220,1
161476,17,446,264,0
161493,17,464,269,0
161510,17,497,351,4
161526,17,535,447,3
161543,17,538,438,3
161560,17,542,482,3
161576,17,541,498,3
161593,17,546,474,3
161610,17,536,508,3
161626,17,545,472,3
161643,17,538,480,3
161659,17,535,495,3
161676,17,546,506,3
161693,17,548,454,3
161709,17,543,491,3
161726,17,539,492,3
161743,17,544,484,3
161759,17,544,469,3
161776,17,546,475,3
161792,17,522,489,3
161809,17,526,444,3
161826,17,522,454,3
161842,17,532,432,3
161859,17,523,467,3
161876,17,530,455,3
161892,17,532,438,3
161909,17,522,460,3
161926,17,525,438,3
161942,17,517,470,3
161959,17,528,454,3
161975,17,529,452,3
161992,17,517,474,3
162009,17,526,452,3
162025,17,511,487,3
162042,17,513,457,3
162059,17,517,461,3
162075,17,512,459,3
162092,17,514,470,3
162109,17,517,478,3
162125,17,511,464,3
162142,17,509,463,3
162158,17,510,467,3
162175,17,516,458,3
162192,17,511,483,3
162208,17,512,507,3
162225,17,513,442,3
162242,17,513,496,3
162258,17,496,523,3
162275,17,522,478,3
162292,17,521,446,3
162308,17,512,508,3
162325,17,507,458,3
162341,17,516,459,3
162358,17,508,491,3
162375,17,536,459,3
162408,33,525,486,3
162425,17,527,442,3
162441,17,529,468,3
162475,33,527,500,3
162508,33,527,483,3
162524,17,525,491,3
162541,17,532,466,3
162558,17,521,444,3
162574,17,529,470,3
162591,17,534,457,3
162608,17,530,447,3
162624,17,527,475,3
162641,17,527,467,3
162658,17,523,468,3
162674,17,518,470,3
162707,33,520,473,3
162724,17,520,445,3
162741,17,522,469,3
162757,17,522,461,3
162774,17,520,481,3
162791,17,516,489,3
162807,17,509,486,3
162824,17,519,494,3
162840,17,515,483,3
162857,17,516,473,3
162874,17,515,483,3
162890,17,526,464,3
162907,17,508,498,3
162924,17,512,499,3
162940,17,512,507,3
162957,17,516,506,3
162974,17,513,481,3
162990,17,520,501,3
163007,17,525,461,3
163023,17,514,458,3
163040,17,525,469,3
163057,17,518,500,3
163073,17,516,476,3
163090,17,525,480,3
163107,17,524,470,3
163123,17,520,465,3
163140,17,513,486,3
163157,17,521,480,3
163173,17,523,484,3
163190,17,522,461,3
163206,17,519,461,3
163223,17,527,462,3
163240,17,519,471,3
163256,17,513,480,3
163273,17,522,471,3
163290,17,525,464,3
163306,17,520,472,3
163323,17,518,483,3
163340,17,515,507,3
163356,17,526,459,3
163373,17,516,504,3
163389,17,521,453,3
163423,33,515,496,3
163439,17,512,477,3
163456,17,520,488,3
163473,17,528,468,3
163489,17,516,474,3
163506,17,519,455,3
163523,17,525,471,3
163556,33,518,486,3
163572,17,518,491,3
163589,17,519,471,3
163606,17,515,477,3
163639,33,517,490,3
163656,17,519,457,3
163672,17,519,482,3
163689,17,517,445,3
163706,17,522,464,3
163722,17,521,458,3
163739,17,520,479,3
163772,33,526,439,3
163789,17,526,440,3
163805,17,521,485,3
163822,17,523,415,2
163839,17,522,451,3
163855,17,526,429,3
163872,17,521,457,3
163889,17,528,648,3
164121,233,530,643,3
164138,17,563,409,2
164155,17,544,375,2
164171,17,529,408,2
164188,17,537,388,2
164205,17,535,391,2
164221,17,537,384,2
164238,17,565,392,2
164254,17,536,382,2
164271,17,528,411,2
164288,17,533,422,3
164304,17,535,401,2
164338,33,530,371,2
164354,17,529,393,2
164371,17,533,379,2
164388,17,535,452,3
164404,17,543,370,2
164421,17,533,413,2
164437,17,533,461,3
164454,17,532,417,5
164471,17,537,366,2
164487,17,542,422,3
164504,17,540,427,3
164521,17,542,399,2
164537,17,540,440,3
164554,17,544,413,2
164571,17,543,421,5
164587,17,549,395,2
164620,33,546,360,4
164637,17,528,395,2
164654,17,542,372,2
164687,33,559,389,2
164704,17,552,427,3
164737,33,543,401,2
164754,17,539,410,2
164770,17,548,416,2
164787,17,540,435,3
164803,17,541,406,2
164820,17,534,413,2
164837,17,533,460,3
164853,17,537,419,5
164870,17,547,427,3
164903,33,527,457,3
164920,17,533,440,3
164937,17,533,451,3
164953,17,542,438,3
164970,17,532,445,3
164986,17,532,462,3
165003,17,528,450,3
165020,17,535,464,3
165036,17,524,465,3
165053,17,530,441,3
165070,17,530,474,3
165086,17,528,490,3
165103,17,534,495,3
165119,17,526,482,3
165136,17,532,487,3
165153,17,525,454,3
165203,50,522,457,3
165203,0,522,457,3
165236,33,521,470,3
165236,0,521,470,3
165253,17,520,475,3
165269,17,511,450,3
165286,17,512,456,3
165302,17,507,460,3
165319,17,520,443,3
165336,17,505,475,3
165352,17,507,463,3
165369,17,506,450,3
165386,17,511,446,3
165402,17,505,493,3
165419,17,508,499,3
165452,33,505,439,3
165469,17,510,441,3
165485,17,511,454,3
165502,17,514,462,3
165535,33,519,474,3
165552,17,517,467,3
165569,17,520,448,3
165602,33,519,452,3
165619,17,522,467,3
165635,17,514,498,3
165652,17,522,477,3
165668,17,520,471,3
165685,17,517,508,3
165702,17,520,464,3
165718,17,520,460,3
165735,17,511,508,3
165752,17,516,460,3
165768,17,510,477,3
165785,17,513,484,3
165802,17,521,485,3
165818,17,515,500,3
165835,17,505,544,3
165851,17,524,498,3
165868,17,515,499,3
165885,17,515,483,3
165901,17,517,509,3
165918,17,510,496,3
165935,17,503,520,3
165951,17,520,503,3
165968,17,511,485,3
165985,17,512,512,3
166001,17,513,532,3
166018,17,512,501,3
166034,17,515,494,3
166068,33,504,514,3
166084,17,486,499,3
166101,17,508,417,5
166118,17,503,484,3
166134,17,498,519,3
166151,17,501,479,3
166168,17,506,495,3
166184,17,502,447,3
166201,17,495,491,3
166217,17,501,493,3
166234,17,501,457,3
166251,17,491,486,3
166267,17,498,498,3
166284,17,502,489,3
166301,17,506,475,3
166317,17,498,499,3
166334,17,500,502,3
166367,33,500,511,3
166384,17,500,530,3
166400,17,518,471,3
166417,17,511,525,3
166450,33,535,490,3
166467,17,518,507,3
166484,17,515,547,3
166500,17,530,473,3
166517,17,511,505,3
166533,17,513,491,3
166550,17,532,511,3
166567,17,524,470,3
166583,17,507,540,3
166600,17,515,570,3
166617,17,519,518,3
166633,17,512,525,3
166650,17,515,558,3
166667,17,510,495,3
166683,17,521,535,3
166700,17,528,507,3
166716,17,527,510,3
166733,17,515,490,3
166750,17,520,491,3
166766,17,516,521,3
166783,17,511,549,3
166800,17,515,528,3
166816,17,514,518,3
166833,17,502,499,3
166850,17,516,506,3
166866,17,512,500,3
166883,17,520,527,3
166899,17,515,503,3
166916,17,512,517,3
166933,17,517,526,3
166949,17,517,528,3
166966,17,514,477,3
166983,17,515,546,3
167016,33,511,540,3
167033,17,514,519,3
167049,17,514,498,3
167066,17,510,529,3
167082,17,523,518,3
167099,17,520,502,3
167116,17,524,521,3
167132,17,523,524,3
167149,17,521,492,3
167166,17,521,507,3
167182,17,522,498,3
167199,17,520,494,3
167216,17,520,565,3
167232,17,515,477,3
167249,17,525,522,3
167265,17,527,498,3
167282,17,517,504,3
167315,33,521,499,3
167332,17,522,497,3
167349,17,517,484,3
167365,17,523,478,3
167382,17,504,496,3
167398,17,518,481,3
167415,17,513,476,3
167432,17,520,490,3
167448,17,503,508,3
167465,17,521,521,3
167482,17,515,495,3
167498,17,519,496,3
167515,17,513,522,3
167532,17,520,527,3
167548,17,512,527,3
167565,17,521,514,3
167581,17,510,533,3
167598,17,512,485,3
167615,17,517,525,3
167631,17,513,516,3
167648,17,519,519,3
167665,17,529,483,3
167681,17,521,523,3
167698,17,519,511,3
167715,17,520,531,3
167748,33,526,520,3
167764,17,515,515,3
167798,33,526,492,3
167814,17,517,516,3
167831,17,514,535,3
167848,17,524,486,3
167864,17,519,450,3
167881,17,525,471,3
167898,17,523,486,3
167914,17,516,461,3
167931,17,515,475,3
167947,17,523,470,3
167964,17,522,471,3
167981,17,522,463,3
167997,17,527,465,3
168014,17,527,444,3
168031,17,529,467,3
168047,17,529,459,3
168064,17,530,403,2
168081,17,518,439,3
168097,17,522,413,2
168114,17,522,425,3
168130,17,523,404,2
168147,17,522,408,2
168164,17,528,427,3
168197,33,528,385,2
168214,17,523,415,2
168247,33,520,458,3
168264,17,526,455,3
168280,17,523,409,2
168297,17,528,412,2
168313,17,525,406,2
168347,33,521,411,2
168363,17,528,416,2
168380,17,530,420,5
168397,17,524,429,3
168430,33,522,425,3
168447,17,525,430,3
168463,17,519,429,3
168480,17,525,412,2
168496,17,521,417,5
168513,17,518,454,3
168546,33,532,433,3
168563,17,521,422,3
168580,17,519,424,3
168596,17,528,424,3
168613,17,526,391,2
168629,17,524,428,3
168646,17,523,437,3
168663,17,522,420,5
168679,17,529,397,2
168713,33,528,473,3
168729,17,532,464,3
168746,17,525,465,3
168763,17,521,509,3
168779,17,524,478,3
168796,17,525,483,3
168812,17,525,486,3
168829,17,531,482,3
168846,17,528,477,3
168862,17,526,479,3
168879,17,524,500,3
168896,17,519,493,3
168929,33,523,499,3
168946,17,528,472,3
168962,17,526,498,3
168979,17,526,447,3
168995,17,529,448,3
169012,17,537,446,3
169029,17,532,467,3
169062,33,523,495,3
169079,17,524,505,3
169095,17,536,471,3
169112,17,529,481,3
169129,17,528,502,3
169145,17,533,461,3
169162,17,529,470,3
169178,17,531,495,3
169195,17,537,468,3
169212,17,530,465,3
169228,17,534,489,3
169245,17,534,512,3
169262,17,535,482,3
169278,17,536,483,3
169295,17,530,497,3
169312,17,529,484,3
169328,17,533,492,3
169345,17,532,472,3
169361,17,521,471,3
169378,17,530,500,3
169395,17,526,454,3
169411,17,533,478,3
169428,17,523,484,3
169445,17,529,452,3
169461,17,523,480,3
169478,17,527,472,3
169495,17,519,486,3
169511,17,520,475,3
169528,17,520,495,3
169544,17,535,490,3
169561,17,521,501,3
169578,17,528,481,3
169594,17,521,507,3
169611,17,525,473,3
169628,17,520,459,3
169644,17,522,497,3
169661,17,522,492,3
169678,17,524,506,3
169694,17,516,475,3
169711,17,520,482,3
169727,17,517,490,3
169744,17,526,492,3
169761,17,515,515,3
169777,17,518,491,3
169794,17,528,478,3
169811,17,519,537,3
169827,17,531,519,3
169844,17,527,511,3
169860,17,523,527,3
169877,17,511,468,3
169894,17,507,487,3
169910,17,505,453,3
169927,17,489,499,3
169944,17,515,461,3
169960,17,515,478,3
169977,17,513,452,3
169994,17,495,468,3
170010,17,498,508,3
170027,17,505,449,3
170043,17,505,447,3
170060,17,502,475,3
170077,17,519,478,3
170093,17,513,444,3
170110,17,513,465,3
170127,17,517,472,3
170143,17,522,480,3
170160,17,520,489,3
170177,17,520,518,3
170193,17,521,502,3
170210,17,518,473,3
170226,17,513,478,3
170243,17,525,493,3
170260,17,533,501,3
170276,17,515,519,3
170293,17,526,525,3
170310,17,516,501,3
170326,17,524,485,3
170343,17,513,495,3
170360,17,518,461,3
170376,17,510,508,3
170393,17,515,503,3
170409,17,516,512,3
170426,17,509,461,3
170443,17,521,480,3
170459,17,503,544,3
170476,17,521,497,3
170493,17,510,488,3
170509,17,505,503,3
170526,17,500,528,3
170543,17,506,499,3
170559,17,511,489,3
170576,17,521,472,3
170592,17,512,509,3
170609,17,519,508,3
170626,17,506,533,3
170642,17,510,500,3
170659,17,511,492,3
170676,17,510,501,3
170692,17,516,473,3
170709,17,515,494,3
170726,17,517,497,3
170742,17,511,492,3
170759,17,522,492,3
170775,17,501,495,3
170792,17,515,487,3
170809,17,516,489,3
170825,17,513,512,3
170842,17,511,508,3
170859,17,520,496,3
170875,17,509,523,3
170892,17,519,490,3
170908,17,517,504,3
170925,17,520,516,3
170942,17,523,486,3
170958,17,529,499,3
170975,17,519,514,3
170992,17,518,490,3
171008,17,521,514,3
171025,17,527,458,3
171042,17,519,509,3
171058,17,525,518,3
171075,17,519,484,3
171091,17,527,494,3
171108,17,526,480,3
171125,17,524,512,3
171141,17,515,505,3
171158,17,526,491,3
171175,17,525,489,3
171191,17,525,492,3
171208,17,525,493,3
171225,17,523,467,3
171241,17,531,456,3
171258,17,528,456,3
171274,17,529,460,3
171291,17,536,470,3
171308,17,530,437,3
171324,17,531,458,3
171341,17,538,451,3
171358,17,531,448,3
171374,17,531,470,3
171391,17,535,473,3
171408,17,527,481,3
171424,17,530,446,3
171441,17,526,509,3
171457,17,524,489,3
171474,17,525,474,3
171491,17,524,472,3
171507,17,523,480,3
171524,17,530,483,3
171541,17,528,456,3
171557,17,538,473,3
171574,17,528,489,3
171591,17,524,468,3
171607,17,529,470,3
171624,17,529,488,3
171640,17,533,458,3
171657,17,529,448,3
171674,17,532,471,3
171690,17,531,459,3
171707,17,529,441,3
171724,17,528,448,3
171740,17,529,478,3
171757,17,526,432,3
171774,17,535,451,3
171790,17,531,496,3
171807,17,533,436,3
171823,17,528,497,3
171840,17,521,465,3
171857,17,522,416,2
171873,17,527,412,2
171890,17,533,391,2
171907,17,522,447,3
171923,17,535,420,5
171940,17,525,418,5
171957,17,528,390,2
171973,17,533,406,2
171990,17,528,397,2
172006,17,529,399,2
172023,17,526,444,3
172040,17,523,415,2
172056,17,527,420,5
172073,17,530,436,3
172090,17,531,413,2
172106,17,532,381,2
172123,17,531,420,5
172139,17,534,431,3
172156,17,523,463,3
172173,17,533,388,2
172189,17,530,393,2
172206,17,527,407,2
172223,17,537,419,5
172239,17,527,402,2
172256,17,528,399,2
172273,17,525,413,2
172289,17,527,414,2
172306,17,525,447,3
172322,17,533,415,2
172339,17,525,387,2
172356,17,527,421,5
172372,17,526,423,3
172389,17,527,428,3
172406,17,522,409,2
172422,17,518,398,2
172439,17,530,392,2
172456,17,524,393,2
172472,17,528,399,2
172489,17,524,398,2
172505,17,520,380,2
172522,17,528,393,2
172539,17,513,415,2
172555,17,518,379,2
172572,17,517,391,2
172589,17,521,402,2
172605,17,530,358,4
172622,17,520,391,2
172639,17,526,388,2
172655,17,518,390,2
172672,17,519,372,2
172688,17,513,365,2
172705,17,514,389,2
172722,17,513,397,2
172738,17,554,406,2
172755,17,538,418,5
172772,17,544,404,2
172788,17,544,415,2
172805,17,539,428,3
172822,17,553,461,3
172838,17,562,442,3
172855,17,559,416,2
172871,17,548,426,3
172888,17,540,433,3
172905,17,543,409,2
172921,17,544,430,3
172938,17,545,459,3
172955,17,544,415,2
172971,17,539,452,3
172988,17,542,419,5
173005,17,538,457,3
173021,17,538,431,3
173038,17,537,477,3
173054,17,543,447,3
173071,17,537,445,3
173088,17,543,442,3
173104,17,542,432,3
173121,17,538,469,3
173138,17,539,440,3
173154,17,542,431,3
173171,17,542,465,3
173187,17,541,427,3
173204,17,539,435,3
173221,17,540,416,2
173237,17,548,428,3
173254,17,536,458,3
173271,17,536,469,3
173287,17,528,481,3
173304,17,542,447,3
173321,17,534,457,3
173337,17,541,451,3
173354,17,540,461,3
173370,17,537,443,3
173387,17,534,441,3
173404,17,539,468,3
173420,17,535,446,3
173437,17,536,460,3
173454,17,534,455,3
173470,17,533,439,3
173487,17,533,485,3
173504,17,539,434,3
173520,17,540,451,3
173537,17,534,421,5
173553,17,541,451,3
173570,17,542,449,3
173587,17,535,476,3
173603,17,522,449,3
173620,17,528,407,2
173637,17,523,419,5
173653,17,522,444,3
173670,17,520,422,3
173687,17,524,430,3
173703,17,523,440,3
173720,17,521,456,3
173736,17,522,444,3
173753,17,510,488,3
173770,17,515,445,3
173786,17,523,413,2
173803,17,527,438,3
173820,17,517,446,3
173836,17,515,423,3
173853,17,524,440,3
173870,17,524,434,3
173886,17,530,469,3
173903,17,532,429,3
173919,17,535,448,3
173936,17,532,449,3
173953,17,537,464,3
173969,17,530,436,3
173986,17,528,472,3
174003,17,531,427,3
174019,17,527,477,3
174036,17,533,453,3
174053,17,538,408,2
174069,17,527,431,3
174086,17,530,443,3
174102,17,531,470,3
174119,17,534,440,3
174136,17,524,450,3
174152,17,524,479,3
174169,17,529,425,3
174186,17,531,446,3
174202,17,527,438,3
174219,17,530,461,3
174236,17,525,431,3
174252,17,530,426,3
174269,17,522,498,3
174285,17,520,483,3
174302,17,516,461,3
174319,17,516,522,3
174335,17,523,457,3
174352,17,523,477,3
174369,17,518,487,3
174385,17,523,491,3
174402,17,519,478,3
174418,17,525,461,3
174435,17,525,507,3
174452,17,526,488,3
174468,17,521,517,3
174485,17,524,475,3
174502,17,526,458,3
174518,17,529,464,3
174535,17,525,458,3
174552,17,520,488,3
174568,17,520,474,3
174585,17,522,490,3
174601,17,521,468,3
174618,17,525,475,3
174635,17,534,454,3
174651,17,531,461,3
174668,17,529,471,3
174685,17,536,441,3
174701,17,522,470,3
174718,17,528,486,3
174735,17,531,489,3
174751,17,526,500,3
174768,17,534,486,3
174784,17,529,503,3
174801,17,522,497,3
174818,17,523,505,3
174834,17,528,506,3
174851,17,531,521,3
174868,17,529,484,3
174884,17,535,486,3
174901,17,525,487,3
174918,17,527,503,3
174934,17,524,524,3
174951,17,531,506,3
174967,17,524,478,3
174984,17,518,505,3
175001,17,528,454,3
175017,17,528,465,3
175034,17,528,467,3
175051,17,524,465,3
175067,17,527,507,3
175084,17,527,496,3
175101,17,529,469,3
175117,17,532,490,3
175134,17,526,465,3
175150,17,533,468,3
175167,17,531,443,3
175184,17,527,470,3
175200,17,529,462,3
175217,17,533,473,3
175234,17,525,454,3
175250,17,529,468,3
175267,17,538,438,3
175284,17,530,438,3
175300,17,528,401,2
175317,17,525,453,3
175333,17,518,475,3
175350,17,526,467,3
175367,17,525,486,3
175383,17,526,459,3
175400,17,530,472,3
175417,17,524,473,3
175433,17,532,466,3
175450,17,530,490,3
175466,17,528,472,3
175483,17,525,501,3
175500,17,530,480,3
175516,17,530,485,3
175533,17,524,472,3
175550,17,526,486,3
175566,17,537,498,3
175583,17,530,475,3
175600,17,533,476,3
175616,17,534,479,3
175633,17,536,478,3
175649,17,539,465,3
175666,17,531,464,3
175683,17,532,471,3
175699,17,536,468,3
175716,17,528,470,3
175733,17,532,458,3
175749,17,532,481,3
175766,17,535,461,3
175783,17,533,490,3
175799,17,531,500,3
175816,17,532,451,3
175832,17,532,498,3
175849,17,539,495,3
175866,17,541,481,3
175882,17,546,518,3
175899,17,539,740,3
175916,17,502,1008,0
176015,100,512,799,0
176032,17,534,653,3
176049,17,547,537,3
176065,17,548,426,3
176082,17,545,409,2
176099,17,539,334,4
176115,17,546,345,4
176132,17,554,345,4
176149,17,544,351,4
176165,17,545,391,2
176182,17,543,361,4
176198,17,544,334,4
176215,17,541,321,4
176232,17,540,314,4
176248,17,545,379,2
176265,17,539,397,2
176282,17,539,402,2
176298,17,536,423,3
176315,17,544,349,4
176332,17,538,399,2
176348,17,540,420,5
176365,17,541,425,3
176381,17,536,411,2
176398,17,536,409,2
176415,17,529,399,2
176431,17,537,397,2
176448,17,552,430,3
176465,17,514,359,4
176481,17,520,384,2
176498,17,517,403,2
176515,17,522,416,2
176531,17,523,421,5
176548,17,525,415,2
176564,17,522,422,3
176581,17,521,448,3
176598,17,519,449,3
176614,17,524,397,2
176631,17,520,441,3
176648,17,525,424,3
176664,17,527,400,2
176681,17,518,416,2
176697,17,529,402,2
176714,17,519,444,3
176731,17,519,434,3
176747,17,528,413,2
176764,17,525,394,2
176781,17,521,445,3
176797,17,527,432,3
176814,17,523,451,3
176831,17,527,414,2
176847,17,525,422,3
176864,17,520,449,3
176880,17,522,453,3
176897,17,522,442,3
176914,17,523,429,3
176930,17,524,378,2
176947,17,523,416,2
176964,17,529,373,2
176980,17,525,441,3
176997,17,532,418,5
177014,17,527,410,2
177030,17,520,397,2
177047,17,567,337,4
177063,17,618,273,0
177080,17,648,159,1
177097,17,660,126,0
177113,17,668,124,0
177130,17,654,125,0
177147,17,670,128,0
177163,17,658,141,1
177180,17,652,131,0
177197,17,652,162,1
177213,17,647,146,1
177230,17,667,116,0
177246,17,647,185,1
177263,17,643,170,1
177280,17,650,141,1
177296,17,650,156,1
177313,17,650,134,1
177330,17,711,101,0
177346,17,747,83,0
177363,17,770,99,0
177380,17,769,105,0
177396,17,771,79,0
177413,17,773,85,0
177429,17,777,90,0
177446,17,772,81,0
177463,17,767,120,0
177479,17,776,67,0
177496,17,769,103,0
177513,17,776,123,0
177529,17,773,85,0
177546,17,765,79,0
177563,17,773,101,0
177579,17,779,121,0
177596,17,778,105,0
177612,17,729,119,0
177629,17,665,141,1
177646,17,613,119,0
177662,17,626,144,1
177679,17,623,146,1
177696,17,603,146,1
177712,17,616,153,1
177729,17,614,181,1
177745,17,611,161,1
177762,17,612,172,1
177779,17,616,152,1
177795,17,615,148,1
177812,17,618,132,0
177829,17,619,149,1
177845,17,617,127,0
177862,17,623,160,1
177879,17,617,155,1
177895,17,620,133,1
177912,17,582,229,1
177928,17,563,369,2
177945,17,541,402,2
177962,17,550,402,2
177978,17,542,419,5
177995,17,547,425,3
178012,17,552,413,2
178028,17,545,429,3
178045,17,547,394,2
178062,17,543,422,3
178078,17,550,403,2
178095,17,539,426,3
178111,17,544,443,3
178128,17,539,486,3
178145,17,543,406,2
178161,17,535,436,3
178178,17,519,448,3
178195,17,519,448,3
178211,17,519,452,3
178228,17,517,476,3
178245,17,524,448,3
178261,17,518,443,3
178278,17,521,461,3
178294,17,523,416,2
178311,17,516,458,3
178328,17,520,457,3
178344,17,517,473,3
178361,17,516,461,3
178378,17,512,445,3
178394,17,508,466,3
178411,17,513,437,3
178428,17,518,439,3
178444,17,520,450,3
178461,17,512,440,3
178477,17,515,484,3
178494,17,513,483,3
178511,17,510,505,3
178527,17,513,459,3
178544,17,516,459,3
178561,17,518,486,3
178577,17,515,466,3
178594,17,517,446,3
178611,17,514,461,3
178627,17,518,410,2
178644,17,522,451,3
178660,17,522,443,3
178677,17,522,422,3
178694,17,511,464,3
178710,17,514,437,3
178727,17,493,417,5
178744,17,492,413,2
178760,17,486,401,2
178777,17,495,360,4
178794,17,493,389,2
178810,17,496,390,2
178827,17,495,365,2
178843,17,496,368,2
178860,17,490,405,2
178877,17,495,368,2
178893,17,488,341,4
178910,17,494,390,2
178927,17,494,369,2
178943,17,505,380,2
178960,17,502,356,4
178976,17,499,341,4
178993,17,492,344,4
179010,17,493,374,2
179026,17,474,372,2
179043,17,484,357,4
179060,17,478,368,2
179076,17,481,372,2
179093,17,489,333,4
179110,17,482,368,2
179126,17,484,377,2
179143,17,487,367,2
179159,17,490,422,3
179176,17,527,342,4
179193,17,563,246,1
179209,17,589,186,1
179226,17,586,237,1
179243,17,596,205,1
179259,17,592,199,1
179276,17,584,189,1
179293,17,590,186,1
179309,17,586,186,1
179326,17,594,195,1
179342,17,589,201,1
179359,17,591,178,1
179376,17,591,180,1
179392,17,590,163,1
179409,17,582,203,1
179426,17,592,190,1
179442,17,597,196,1
179459,17,583,169,1
179476,17,591,134,1
179492,17,586,167,1
179509,17,590,174,1
179525,17,594,162,1
179542,17,594,134,1
179559,17,588,184,1
179575,17,589,158,1
179592,17,571,209,1
179609,17,545,333,4
179625,17,516,443,3
179642,17,528,414,2
179659,17,522,390,2
179675,17,523,396,2
179692,17,524,421,5
179708,17,517,448,3
179725,17,520,454,3
179742,17,525,455,3
179758,17,514,440,3
179775,17,514,463,3
179792,17,519,444,3
179808,17,522,457,3
179825,17,519,424,3
179842,17,519,462,3
179858,17,517,453,3
179875,17,517,435,3
179891,17,486,470,3
179908,17,457,488,3
179925,17,452,553,3
179941,17,396,550,3
179958,17,388,535,3
179975,17,380,580,3
179991,17,395,569,3
180008,17,387,556,3
180024,17,383,564,3
180041,17,387,514,3
180058,17,320,616,3
180074,17,243,649,3
180091,17,141,701,3
180108,17,67,725,3
180141,33,6,744,3
180341,200,3,782,0
180424,83,58,850,0
180440,17,130,902,0
180457,17,192,967,0
180474,17,194,988,0
180490,17,198,984,0
180507,17,125,1015,0
180524,17,183,968,0
180540,17,183,971,0
180557,17,180,978,0
180573,17,190,990,0
180590,17,186,989,0
180607,17,183,994,0
180623,17,203,947,0
180640,17,269,865,0
180657,17,304,900,0
180690,33,470,539,3
180707,17,482,471,3
180723,17,489,498,3
180740,17,480,536,3
180756,17,480,490,3
180773,17,495,466,3
180806,33,492,478,3
180806,0,492,478,3
180823,17,486,520,3
180840,17,489,474,3
180856,17,495,486,3
180873,17,494,476,3
180890,17,498,482,3
180906,17,493,481,3
180923,17,488,480,3
180939,17,493,463,3
180956,17,487,447,3
180973,17,527,470,3
180989,17,516,444,3
181006,17,528,478,3
181023,17,518,482,3
181039,17,523,451,3
181056,17,522,451,3
181073,17,515,438,3
181089,17,522,474,3
181106,17,522,474,3
181122,17,519,464,3
181139,17,520,464,3
181156,17,523,461,3
181172,17,526,458,3
181189,17,524,461,3
181206,17,519,514,3
181222,17,513,504,3
181239,17,516,473,3
181255,17,512,468,3
181272,17,515,444,3
181289,17,483,477,3
181305,17,485,455,3
181322,17,489,450,3
181339,17,482,451,3
181355,17,484,446,3
181372,17,477,455,3
181389,17,481,458,3
181405,17,479,429,3
181422,17,484,459,3
181438,17,483,440,3
181455,17,479,435,3
181472,17,487,432,3
181488,17,481,422,3
181505,17,481,431,3
181522,17,484,419,5
181538,17,482,458,3
181555,17,482,421,3
181572,17,475,454,3
181588,17,482,428,3
181605,17,486,455,3
181621,17,523,451,3
181638,17,527,426,3
181655,17,529,447,3
181671,17,527,419,5
181688,17,535,449,3
181705,17,523,417,5
181721,17,523,441,3
181738,17,524,463,3
181755,17,525,465,3
181771,17,523,443,3
181788,17,524,441,3
181804,17,511,433,3
181821,17,487,451,3
181838,17,481,436,3
181854,17,482,443,3
181871,17,480,431,3
181888,17,488,419,5
181904,17,486,428,3
181921,17,484,435,3
181938,17,478,410,2
181954,17,477,400,2
181971,17,483,409,2
181987,17,474,440,3
182004,17,486,372,2
182021,17,478,436,3
182037,17,480,426,3
182054,17,482,402,2
182071,17,481,418,3
182087,17,485,416,2
182104,17,479,390,2
182121,17,476,438,3
182137,17,478,420,3
182154,17,486,400,2
182170,17,482,381,2
182187,17,483,429,3
182204,17,453,520,3
182220,17,439,554,3
182237,17,427,578,3
182254,17,425,576,3
182270,17,429,556,3
182287,17,431,567,3
182304,17,436,589,3
182320,17,432,578,3
182337,17,432,551,3
182353,17,436,557,3
182370,17,426,572,3
182387,17,436,560,3
182403,17,467,638,3
182420,17,486,646,3
182437,17,477,674,3
182453,17,490,669,3
182470,17,493,617,3
182486,17,479,668,3
182503,17,487,651,3
182520,17,490,657,3
182536,17,485,651,3
182553,17,482,647,3
182570,17,489,670,3
182586,17,489,687,3
182603,17,498,653,3
182620,17,497,650,3
182636,17,477,670,3
182653,17,487,671,3
182669,17,487,601,3
182686,17,496,658,3
182703,17,485,646,3
182719,17,486,668,3
182736,17,467,612,3
182753,17,461,617,3
182803,50,456,639,3
182803,0,456,639,3
182819,17,465,644,3
182836,17,458,625,3
182852,17,464,623,3
182869,17,472,659,3
182886,17,458,649,3
182902,17,452,652,3
182919,17,469,653,3
182936,17,449,658,3
182952,17,452,657,3
182969,17,454,641,3
182986,17,444,675,3
183002,17,455,616,3
183019,17,450,658,3
183035,17,454,635,3
183052,17,456,631,3
183069,17,460,670,3
183085,17,455,660,3
183102,17,460,668,3
183119,17,486,554,3
183135,17,513,490,3
183152,17,527,450,3
183169,17,525,440,3
183185,17,522,444,3
183202,17,521,447,3
183218,17,521,453,3
183235,17,517,429,3
183252,17,518,477,3
183268,17,520,454,3
183285,17,518,461,3
183302,17,515,457,3
183318,17,522,451,3
183335,17,522,436,3
183352,17,523,461,3
183368,17,524,458,3
183385,17,533,414,2
183401,17,541,383,2
183418,17,541,361,4
183435,17,535,364,4
183451,17,546,336,4
183468,17,551,341,4
183485,17,550,392,2
183501,17,546,363,4
183518,17,551,344,4
183534,17,552,336,4
183551,17,550,303,4
183568,17,549,329,4
183584,17,551,293,4
183601,17,545,309,4
183618,17,563,254,1
183634,17,555,233,1
183651,17,556,253,1
183668,17,560,206,1
183684,17,555,222,1
183701,17,557,232,1
183717,17,555,259,1
183734,17,565,188,1
183751,17,553,203,1
183767,17,559,231,1
183784,17,558,213,1
183801,17,551,219,1
183817,17,553,238,1
183834,17,527,316,4
183851,17,520,397,2
183867,17,522,420,5
183884,17,524,410,2
183900,17,519,403,2
183917,17,521,417,5
183934,17,533,399,2
183950,17,526,407,2
183967,17,519,415,2
183984,17,522,431,3
184000,17,519,451,3
184017,17,520,436,3
184034,17,519,448,3
184050,17,526,414,2
184067,17,514,464,3
184083,17,520,423,3
184100,17,523,428,3
184117,17,517,468,3
184133,17,525,425,3
184150,17,521,457,3
184167,17,528,413,2
184183,17,528,398,2
184200,17,523,458,3
184217,17,522,445,3
184233,17,525,407,2
184250,17,515,467,3
184266,17,521,429,3
184283,17,523,433,3
184300,17,525,455,3
184316,17,522,498,3
184333,17,515,435,3
184350,17,525,446,3
184366,17,525,429,3
184383,17,524,427,3
184400,17,526,444,3
184416,17,525,413,2
184433,17,526,421,5
184449,17,521,435,3
184466,17,526,427,3
184483,17,524,462,3
184499,17,521,451,3
184516,17,518,453,3
184533,17,518,449,3
184549,17,526,416,2
184566,17,524,439,3
184583,17,522,442,3
184599,17,526,464,3
184616,17,526,445,3
184632,17,525,426,3
184649,17,526,424,3
184666,17,521,422,3
184682,17,521,428,3
184699,17,517,412,2
184716,17,520,400,2
184732,17,518,395,2
184749,17,511,370,2
184765,17,523,377,2
184782,17,520,410,2
184799,17,517,400,2
184815,17,522,412,2
184832,17,520,423,3
184849,17,513,412,2
184865,17,522,401,2
184882,17,520,434,3
184899,17,525,427,3
184915,17,520,434,3
184932,17,526,415,2
184948,17,511,456,3
184965,17,521,404,2
184982,17,545,454,3
184998,17,540,419,5
185015,17,543,425,3
185032,17,541,439,3
185048,17,539,433,3
185065,17,542,415,2
185082,17,541,455,3
185098,17,535,372,2
185115,17,537,420,5
185131,17,528,442,3
185148,17,536,453,3
185165,17,533,440,3
185181,17,543,434,3
185198,17,474,512,3
185215,17,411,508,3
185231,17,358,536,3
185248,17,342,566,3
185265,17,328,588,3
185281,17,345,565,3
185298,17,333,567,3
185314,17,330,552,3
185331,17,323,548,3
185348,17,325,588,3
185364,17,336,550,3
185381,17,334,555,3
185398,17,342,549,3
185414,17,336,569,3
185431,17,343,543,3
185448,17,328,574,3
185464,17,346,550,3
185481,17,329,573,3
185497,17,338,583,3
185514,17,431,496,3
185531,17,492,471,3
185547,17,517,486,3
185564,17,525,488,3
185581,17,527,507,3
185597,17,527,462,3
185614,17,526,471,3
185631,17,525,479,3
185647,17,531,462,3
185664,17,531,458,3
185680,17,525,450,3
185697,17,532,459,3
185714,17,532,441,3
185730,17,533,482,3
185747,17,529,479,3
185764,17,538,444,3
185780,17,467,484,3
185797,17,416,460,3
185813,17,373,494,3
185830,17,380,518,3
185847,17,366,548,3
185863,17,380,482,3
185880,17,377,512,3
185897,17,383,493,3
185913,17,381,515,3
185930,17,381,509,3
185947,17,378,537,3
185963,17,391,499,3
185980,17,375,499,3
185996,17,379,522,3
186013,17,385,520,3
186030,17,391,487,3
186046,17,456,429,3
186063,17,511,351,4
186080,17,509,422,3
186096,17,519,403,2
186113,17,516,471,3
186130,17,524,439,3
186146,17,525,442,3
186163,17,522,411,2
186179,17,515,432,3
186196,17,530,415,2
186213,17,515,435,3
186229,17,459,415,2
186246,17,408,400,2
186263,17,370,352,0
186279,17,376,333,0
186296,17,378,326,0
186313,17,394,336,0
186329,17,375,328,0
186346,17,373,332,0
186362,17,366,346,0
186379,17,384,337,0
186396,17,371,301,0
186412,17,359,395,2
186462,50,22,259,0
186479,17,20,246,0
186496,17,18,237,0
186512,17,10,208,0
186529,17,288,570,3
186545,17,309,423,3
186562,17,326,331,0
186579,17,332,247,1
186595,17,336,257,1
186612,17,337,260,0
186629,17,337,286,0
186645,17,341,251,1
186662,17,332,298,0
186679,17,312,472,3
186695,17,76,266,0
186795,100,484,914,0
186812,17,502,677,3
186828,17,522,552,3
186845,17,525,452,3
186862,17,523,441,3
186878,17,525,419,5
186895,17,521,334,4
186911,17,526,411,2
186928,17,521,409,2
186945,17,518,397,2
186961,17,519,417,5
186978,17,519,390,2
186995,17,524,395,2
187011,17,518,454,3
187028,17,529,445,3
187044,17,524,439,3
187061,17,526,457,3
187078,17,470,859,0
187178,100,312,750,3
187194,17,320,656,3
187211,17,315,554,3
187244,33,338,520,3
187261,17,345,540,3
187277,17,330,538,3
187294,17,327,524,3
187311,17,336,503,3
187327,17,347,521,3
187344,17,344,524,3
187361,17,336,501,3
187377,17,338,540,3
187394,17,341,519,3
187410,17,345,506,3
187427,17,346,522,3
187444,17,331,536,3
187460,17,333,547,3
187477,17,340,514,3
187494,17,349,516,3
187510,17,343,518,3
187527,17,346,549,3
187544,17,396,488,3
187560,17,461,455,3
187577,17,495,452,3
187593,17,511,380,2
187610,17,505,413,2
187627,17,506,444,3
187643,17,508,421,5
187660,17,509,434,3
187677,17,510,421,5
187693,17,507,436,3
187710,17,512,428,3
187727,17,508,439,3
187743,17,509,454,3
187760,17,507,436,3
187776,17,509,472,3
187793,17,506,461,3
187810,17,515,406,2
187826,17,513,415,2
187843,17,508,395,2
187860,17,508,386,2
187876,17,506,405,2
187893,17,504,416,2
187910,17,500,441,3
187926,17,513,422,3
187943,17,512,359,4
187959,17,509,406,2
187976,17,513,401,2
187993,17,504,428,3
188009,17,504,445,3
188026,17,499,449,3
188043,17,498,437,3
188059,17,504,472,3
188076,17,500,466,3
188092,17,505,439,3
188109,17,508,434,3
188126,17,517,448,3
188142,17,524,443,3
188159,17,526,405,2
188176,17,520,428,3
188192,17,524,422,3
188209,17,522,424,3
188226,17,523,441,3
188242,17,523,420,5
188259,17,518,393,2
188275,17,524,391,2
188292,17,522,405,2
188309,17,524,405,2
188325,17,520,423,3
188342,17,523,424,3
188359,17,525,427,3
188375,17,507,395,2
188392,17,502,416,2
188409,17,502,411,2
188425,17,505,404,2
188442,17,508,403,2
188458,17,509,381,2
188475,17,511,386,2
188492,17,509,367,2
188508,17,508,361,4
188525,17,516,330,4
188542,17,505,386,2
188558,17,500,386,2
188575,17,495,413,2
188592,17,507,395,2
188608,17,508,358,4
188625,17,508,419,5
188641,17,508,389,2
188658,17,500,399,2
188675,17,514,402,2
188691,17,522,411,2
188708,17,522,390,2
188725,17,522,384,2
188741,17,530,411,2
188758,17,530,372,2
188775,17,527,392,2
188791,17,530,393,2
188808,17,529,406,2
188824,17,529,388,2
188841,17,523,384,2
188858,17,525,400,2
188874,17,524,352,4
188891,17,517,400,2
188908,17,527,421,5
188924,17,526,410,2
188941,17,528,382,2
188958,17,529,365,2
188974,17,539,374,2
188991,17,541,441,3
189007,17,536,439,3
189024,17,537,448,3
189041,17,538,413,2
189057,17,534,447,3
189074,17,540,448,3
189091,17,538,422,3
189107,17,543,412,2
189124,17,543,418,5
189141,17,539,410,2
189157,17,540,412,2
189174,17,540,430,3
189190,17,541,408,2
189207,17,539,424,3
189224,17,531,452,3
189240,17,538,467,3
189257,17,546,458,3
189274,17,546,454,3
189290,17,548,449,3
189307,17,543,474,3
189323,17,542,445,3
189340,17,545,445,3
189357,17,540,461,3
189373,17,550,479,3
189390,17,547,477,3
189407,17,544,462,3
189423,17,536,485,3
189440,17,543,457,3
189457,17,548,404,2
189473,17,547,483,3
189490,17,549,467,3
189506,17,547,441,3
189523,17,541,472,3
189540,17,544,433,3
189556,17,539,479,3
189573,17,546,451,3
189590,17,548,456,3
189606,17,547,446,3
189623,17,545,490,3
189640,17,549,430,3
189656,17,541,455,3
189673,17,545,451,3
189689,17,545,451,3
189706,17,546,446,3
189723,17,535,484,3
189739,17,551,471,3
189756,17,600,533,3
189773,17,618,608,3
189789,17,631,595,3
189806,17,639,569,3
189823,17,635,589,3
189839,17,635,590,3
189856,17,634,613,3
189872,17,630,600,3
189889,17,636,609,3
189906,17,644,581,3
189922,17,640,598,3
189939,17,648,560,3
189956,17,648,569,3
189972,17,631,591,3
189989,17,640,577,3
190006,17,643,600,3
190022,17,641,568,3
190039,17,644,585,3
190055,17,587,594,3
190072,17,571,594,3
190089,17,598,575,3
190105,17,575,566,3
190122,17,564,587,3
190139,17,562,573,3
190155,17,574,574,3
190172,17,556,601,3
190189,17,577,622,3
190205,17,561,611,3
190222,17,557,570,3
190238,17,566,578,3
190255,17,563,553,3
190272,17,559,607,3
190288,17,566,570,3
190305,17,541,478,3
190322,17,533,455,3
190338,17,538,463,3
190355,17,535,506,3
190372,17,540,469,3
190388,17,537,451,3
190405,17,541,419,5
190421,17,535,450,3
190438,17,531,464,3
190455,17,538,433,3
190471,17,539,429,3
190488,17,536,471,3
190505,17,541,434,3
190521,17,530,474,3
190538,17,534,466,3
190554,17,541,415,2
190571,17,540,447,3
190588,17,552,392,2
190604,17,554,407,2
190621,17,552,437,3
190638,17,546,445,3
190654,17,548,463,3
190671,17,538,398,2
190688,17,544,411,2
190704,17,550,440,3
190721,17,465,467,3
190737,17,428,459,3
190754,17,386,444,3
190771,17,386,441,3
190787,17,377,403,2
190804,17,375,369,2
190821,17,384,406,2
190837,17,382,408,2
190854,17,387,363,0
190871,17,392,385,2
190887,17,392,375,2
190904,17,382,388,2
190920,17,372,337,0
190937,17,344,366,2
190954,17,326,399,2
190970,17,331,326,0
190987,17,334,330,0
191004,17,339,345,0
191020,17,334,313,0
191037,17,334,342,0
191054,17,321,343,0
191070,17,337,330,0
191087,17,337,340,0
191103,17,349,339,0
191120,17,398,407,2
191137,17,477,363,4
191153,17,525,456,3
191170,17,527,422,3
191187,17,528,401,2
191203,17,524,435,3
191220,17,526,453,3
191237,17,529,418,5
191253,17,529,443,3
191270,17,518,432,3
191286,17,523,431,3
191303,17,517,445,3
191320,17,525,429,3
191336,17,521,429,3
191353,17,533,377,2
191370,17,528,404,2
191386,17,518,412,2
191403,17,521,411,2
191420,17,526,405,2
191436,17,528,389,2
191453,17,525,432,3
191469,17,525,411,2
191486,17,538,372,2
191503,17,554,307,4
191519,17,557,305,4
191536,17,550,225,1
191553,17,546,215,1
191569,17,554,242,1
191586,17,554,214,1
191602,17,546,274,0
191619,17,550,239,1
191636,17,549,260,0
191652,17,544,305,4
191669,17,545,315,4
191686,17,547,252,1
191702,17,549,252,1
191719,17,544,307,4
191736,17,554,232,1
191752,17,551,250,1
191769,17,547,285,0
191785,17,556,267,0
191802,17,548,237,1
191819,17,550,280,0
191835,17,549,286,0
191852,17,552,249,1
191869,17,534,301,4
191885,17,530,309,4
191902,17,526,326,4
191919,17,527,348,4
191935,17,525,344,4
191952,17,524,368,2
191985,33,524,371,2
192002,17,533,340,4
192018,17,521,420,5
192035,17,527,360,4
192052,17,521,351,4
192068,17,520,350,4
192085,17,526,357,4
192102,17,527,392,2
192118,17,520,400,2
192135,17,521,397,2
192151,17,522,422,3
192168,17,523,402,2
192185,17,522,385,2
192201,17,523,383,2
192218,17,521,387,2
192235,17,520,404,2
192251,17,520,392,2
192268,17,520,431,3
192285,17,528,418,5
192301,17,537,413,2
192318,17,504,598,3
192334,17,489,693,3
192351,17,469,808,0
192368,17,456,883,0
192384,17,459,1050,0
192700,316,457,835,0
192717,17,475,733,3
192734,17,476,665,3
192750,17,462,538,3
192767,17,483,538,3
192784,17,487,483,3
192800,17,495,464,3
192817,17,512,406,2
192833,17,506,472,3
192850,17,510,413,2
192867,17,495,431,3
192883,17,489,441,3
192900,17,505,394,2
192917,17,525,371,2
192933,17,534,354,4
192950,17,531,358,4
192967,17,536,384,2
192983,17,540,374,2
193000,17,538,391,2
193016,17,532,428,3
193033,17,528,415,2
193050,17,533,391,2
193066,17,530,374,2
193083,17,531,413,2
193100,17,531,427,3
193116,17,530,418,5
193133,17,523,385,2
193150,17,528,409,2
193166,17,533,406,2
193183,17,526,427,3
193199,17,537,426,3
193216,17,490,460,3
193233,17,406,464,3
193266,33,270,289,0
193283,17,284,510,3
193299,17,290,516,3
193316,17,296,496,3
193333,17,294,522,3
193349,17,293,531,3
193366,17,296,525,3
193382,17,302,536,3
193399,17,291,511,3
193416,17,305,525,3
193432,17,282,514,3
193449,17,293,528,3
193466,17,297,529,3
193482,17,294,508,3
193499,17,297,525,3
193532,33,309,450,3
193549,17,352,393,2
193565,17,411,347,0
193582,17,400,392,2
193599,17,418,356,4
193615,17,396,355,0
193632,17,402,348,0
193649,17,405,354,0
193665,17,393,378,2
193682,17,406,356,0
193699,17,403,379,2
193715,17,398,372,2
193732,17,395,370,2
193748,17,398,390,2
193765,17,409,367,2
193782,17,403,401,2
193798,17,406,369,2
193815,17,394,374,2
193832,17,411,350,0
193848,17,405,375,2
193865,17,409,365,2
193881,17,400,383,2
193898,17,449,317,4
193915,17,471,318,4
193931,17,497,275,0
193948,17,511,290,4
193965,17,506,267,0
193981,17,506,250,1
193998,17,500,285,0
194015,17,498,266,0
194031,17,501,265,0
194048,17,501,252,1
194064,17,503,296,4
194081,17,498,292,4
194098,17,506,281,0
194114,17,501,267,0
194131,17,497,271,0
194148,17,488,252,1
194164,17,505,267,0
194181,17,509,308,4
194198,17,532,393,2
194214,17,524,387,2
194231,17,536,342,4
194247,17,526,345,4
194264,17,515,435,3
194281,17,528,397,2
194297,17,540,350,4
194314,17,523,398,2
194331,17,523,366,2
194347,17,531,460,3
194364,17,432,214,1
194580,216,670,974,0
194597,17,651,668,3
194613,17,674,510,3
194630,17,668,424,3
194647,17,658,398,2
194663,17,668,425,3
194680,17,667,407,2
194697,17,660,432,3
194713,17,568,446,3
194730,17,569,482,3
194747,17,568,455,3
194763,17,572,440,3
194780,17,572,394,2
194796,17,563,494,3
194813,17,576,413,2
194830,17,577,463,3
194846,17,577,431,3
194863,17,574,431,3
194880,17,571,398,2
194896,17,562,426,3
194913,17,547,363,4
194930,17,544,357,4
194946,17,544,351,4
194963,17,542,378,2
194979,17,538,388,2
194996,17,541,367,2
195013,17,526,390,2
195029,17,525,414,2
195046,17,524,418,5
195063,17,525,481,3
195079,17,545,468,3
195096,17,515,425,3
195112,17,520,457,3
195129,17,516,460,3
195146,17,516,479,3
195162,17,517,490,3
195179,17,516,463,3
195196,17,524,430,3
195212,17,503,496,3
195229,17,515,471,3
195246,17,518,438,3
195262,17,523,461,3
195279,17,505,465,3
195295,17,520,466,3
195312,17,515,448,3
195329,17,518,454,3
195345,17,509,452,3
195362,17,512,453,3
195379,17,521,370,2
195395,17,518,455,3
195412,17,523,424,3
195429,17,526,440,3
195445,17,524,429,3
195462,17,525,383,2
195478,17,526,447,3
195495,17,525,430,3
195512,17,521,424,3
195528,17,526,438,3
195545,17,520,449,3
195562,17,525,424,3
195578,17,517,410,2
195595,17,516,421,5
195612,17,522,439,3
195628,17,533,383,2
195645,17,526,418,5
195661,17,525,441,3
195678,17,518,431,3
195695,17,522,452,3
195711,17,532,462,3
195728,17,520,425,3
195745,17,526,468,3
195761,17,522,443,3
195778,17,522,422,3
195795,17,530,434,3
195811,17,516,434,3
195828,17,519,495,3
195844,17,513,446,3
195861,17,522,462,3
195878,17,503,486,3
195894,17,520,410,2
195911,17,518,458,3
195928,17,516,468,3
195944,17,517,446,3
195961,17,521,481,3
195978,17,520,466,3
195994,17,517,469,3
196011,17,516,431,3
196027,17,518,473,3
196044,17,521,505,3
196061,17,524,461,3
196077,17,501,484,3
196094,17,514,451,3
196111,17,518,428,3
196127,17,523,433,3
196144,17,520,458,3
196160,17,521,472,3
196177,17,520,456,3
196194,17,524,486,3
196210,17,533,444,3
196227,17,513,459,3
196244,17,513,483,3
196260,17,530,416,2
196277,17,525,449,3
196294,17,534,461,3
196310,17,525,416,2
196327,17,520,445,3
196343,17,522,472,3
196360,17,519,489,3
196377,17,523,462,3
196393,17,526,445,3
196410,17,529,467,3
196427,17,529,471,3
196443,17,528,458,3
196460,17,528,436,3
196477,17,531,453,3
196493,17,528,424,3
196510,17,536,461,3
196526,17,525,438,3
196543,17,522,484,3
196560,17,532,465,3
196576,17,529,483,3
196593,17,518,455,3
196610,17,529,462,3
196626,17,524,490,3
196643,17,530,448,3
196660,17,516,456,3
196676,17,532,452,3
196693,17,521,478,3
196709,17,521,428,3
196726,17,526,469,3
196743,17,522,437,3
196759,17,534,437,3
196776,17,535,464,3
196793,17,535,478,3
196809,17,519,455,3
196826,17,548,421,5
196843,17,536,442,3
196859,17,535,440,3
196876,17,521,399,2
196892,17,515,458,3
196909,17,532,449,3
196926,17,528,433,3
196942,17,532,473,3
196959,17,521,454,3
196976,17,527,433,3
196992,17,518,436,3
197009,17,524,442,3
197026,17,521,418,5
197042,17,505,434,3
197059,17,480,493,3
197075,17,475,516,3
197092,17,482,493,3
197109,17,473,555,3
197125,17,484,516,3
197142,17,468,509,3
197159,17,467,555,3
197175,17,471,522,3
197192,17,493,484,3
197209,17,510,451,3
197225,17,512,421,5
197258,33,517,452,3
197275,17,502,460,3
197292,17,510,464,3
197308,17,513,414,2
197325,17,497,443,3
197342,17,420,508,3
197358,17,368,547,3
197375,17,356,544,3
197391,17,346,554,3
197408,17,355,547,3
197425,17,346,558,3
197441,17,336,554,3
197458,17,349,551,3
197475,17,351,570,3
197491,17,342,588,3
197508,17,345,579,3
197525,17,324,576,3
197541,17,345,594,3
197558,17,328,599,3
197574,17,332,571,3
197591,17,331,536,3
197608,17,338,561,3
197641,33,276,589,3
197658,17,313,584,3
197674,17,318,553,3
197691,17,317,591,3
197708,17,318,602,3
197724,17,317,578,3
197741,17,335,570,3
197757,17,327,560,3
197791,33,320,555,3
197807,17,308,597,3
197824,17,333,578,3
197841,17,334,563,3
197857,17,331,559,3
197874,17,308,543,3
197891,17,330,584,3
197907,17,322,539,3
197924,17,324,581,3
197957,33,313,567,3
197974,17,330,570,3
197990,17,318,577,3
198007,17,317,568,3
198024,17,341,594,3
198040,17,329,575,3
198057,17,335,562,3
198074,17,345,607,3
198090,17,319,571,3
198107,17,327,545,3
198123,17,336,536,3
198140,17,332,620,3
198157,17,327,562,3
198173,17,325,582,3
198190,17,332,540,3
198207,17,338,578,3
198223,17,334,555,3
198240,17,328,567,3
198257,17,323,563,3
198273,17,337,555,3
198290,17,331,551,3
198306,17,337,516,3
198323,17,348,558,3
198340,17,320,597,3
198356,17,333,576,3
198373,17,330,565,3
198390,17,333,595,3
198406,17,361,556,3
198423,17,441,459,3
198440,17,502,387,2
198456,17,512,435,3
198473,17,513,441,3
198489,17,517,436,3
198506,17,525,416,2
198523,17,515,447,3
198539,17,527,457,3
198556,17,521,417,5
198573,17,514,456,3
198589,17,521,408,2
198606,17,519,422,3
198622,17,515,433,3
198639,17,518,438,3
198656,17,521,445,3
198672,17,523,447,3
198689,17,530,470,3
198706,17,526,444,3
198722,17,520,409,2
198739,17,524,411,2
198756,17,520,458,3
198772,17,514,410,2
198789,17,525,425,3
198805,17,521,505,3
198822,17,522,403,2
198839,17,519,470,3
198855,17,514,412,2
198872,17,514,473,3
198889,17,516,443,3
198905,17,512,444,3
198922,17,533,463,3
198939,17,540,474,3
198955,17,544,456,3
198972,17,543,459,3
198988,17,537,453,3
199005,17,534,448,3
199022,17,536,478,3
199038,17,532,478,3
199055,17,536,456,3
199072,17,540,466,3
199088,17,537,424,3
199105,17,536,460,3
199122,17,539,438,3
199138,17,536,484,3
199155,17,560,503,3
199171,17,570,640,3
199188,17,570,602,3
199205,17,568,609,3
199221,17,574,618,3
199238,17,562,674,3
199255,17,553,697,3
199271,17,582,675,3
199288,17,581,614,3
199305,17,574,646,3
199321,17,553,596,3
199338,17,580,653,3
199354,17,579,643,3
199371,17,570,611,3
199388,17,574,618,3
199404,17,577,597,3
199421,17,574,621,3
199438,17,565,653,3
199454,17,575,646,3
199471,17,593,585,3
199488,17,632,621,3
199504,17,675,623,3
199521,17,657,617,3
199537,17,655,667,3
199554,17,651,636,3
199571,17,670,632,3
199587,17,671,651,3
199604,17,656,645,3
199621,17,665,655,3
199637,17,686,613,3
199654,17,677,621,3
199670,17,648,625,3
199687,17,692,615,3
199704,17,666,637,3
199720,17,672,657,3
199737,17,678,607,3
199754,17,671,613,3
199770,17,613,663,3
199787,17,582,634,3
199804,17,586,676,3
199820,17,580,649,3
199837,17,578,681,3
199853,17,576,664,3
199870,17,568,671,3
199887,17,566,661,3
199903,17,579,680,3
199920,17,588,658,3
199937,17,581,660,3
199953,17,575,660,3
199970,17,530,609,3
199987,17,527,525,3
200003,17,505,398,2
200020,17,508,437,3
200036,17,486,476,3
200053,17,498,457,3
200070,17,510,446,3
200086,17,490,443,3
200103,17,492,440,3
200120,17,497,460,3
200136,17,497,440,3
200153,17,505,468,3
200170,17,512,425,3
200186,17,507,443,3
200203,17,491,478,3
200219,17,507,417,5
200236,17,496,465,3
200253,17,499,443,3
200269,17,510,405,2
200286,17,512,430,3
200303,17,504,477,3
200319,17,503,465,3
200336,17,507,470,3
200353,17,504,448,3
200369,17,502,472,3
200386,17,510,429,3
200402,17,502,490,3
200419,17,498,471,3
200436,17,509,461,3
200452,17,503,476,3
200469,17,503,475,3
200486,17,504,493,3
200502,17,508,402,2
200519,17,550,436,3
200536,17,532,408,2
200552,17,536,419,5
200569,17,532,418,5
200585,17,525,468,3
200602,17,526,465,3
200619,17,529,460,3
200635,17,532,401,2
200652,17,529,445,3
200669,17,534,461,3
200685,17,534,469,3
200702,17,527,401,2
200719,17,525,462,3
200735,17,531,428,3
200752,17,533,449,3
200768,17,518,418,5
200785,17,527,466,3
200802,17,534,471,3
200818,17,535,439,3
200835,17,520,414,2
200852,17,535,408,2
200868,17,531,446,3
200885,17,526,425,3
200901,17,530,458,3
200918,17,526,436,3
200935,17,521,484,3
200951,17,530,484,3
200968,17,526,419,5
200985,17,521,412,2
201001,17,527,432,3
201018,17,529,459,3
201035,17,527,436,3
201051,17,524,484,3
201068,17,525,458,3
201084,17,522,393,2
201101,17,524,461,3
201118,17,532,436,3
201134,17,526,454,3
201151,17,535,446,3
201168,17,536,427,3
201184,17,533,488,3
201201,17,539,429,3
201218,17,536,474,3
201234,17,532,473,3
201251,17,538,471,3
201267,17,534,383,2
201284,17,505,463,3
201301,17,458,604,3
201317,17,371,608,3
201334,17,330,624,3
201351,17,308,671,3
201367,17,295,692,3
201384,17,278,669,3
201401,17,279,654,3
201417,17,282,678,3
201434,17,288,690,3
201450,17,264,693,3
201467,17,274,684,3
201484,17,297,680,3
201500,17,277,670,3
201517,17,286,662,3
201534,17,270,648,3
201550,17,288,633,3
201567,17,273,683,3
201584,17,289,687,3
201600,17,302,669,3
201617,17,377,578,3
201633,17,414,613,3
201650,17,499,499,3
201667,17,518,540,3
201683,17,523,503,3
201700,17,528,498,3
201717,17,524,515,3
201733,17,524,498,3
201750,17,523,477,3
201767,17,515,519,3
201783,17,521,518,3
201800,17,526,500,3
201816,17,519,480,3
201833,17,527,500,3
201850,17,513,477,3
201866,17,523,497,3
201883,17,515,507,3
201900,17,530,509,3
201916,17,519,501,3
201933,17,521,523,3
201949,17,527,540,3
201966,17,505,520,3
201983,17,532,429,3
201999,17,547,417,5
202016,17,540,430,3
202033,17,538,453,3
202049,17,553,409,2
202066,17,538,439,3
202083,17,538,443,3
202099,17,545,429,3
202116,17,539,463,3
202132,17,549,436,3
202149,17,540,434,3
202166,17,536,430,3
202182,17,558,433,3
202199,17,558,410,2
202216,17,568,421,5
202232,17,559,403,2
202249,17,556,456,3
202266,17,560,384,2
202282,17,556,413,2
202299,17,561,418,5
202315,17,550,429,3
202332,17,548,420,5
202349,17,560,403,2
202365,17,558,367,2
202382,17,567,387,2
202399,17,551,420,5
202415,17,555,386,2
202432,17,559,441,3
202449,17,560,413,2
202465,17,558,412,2
202482,17,547,433,3
202498,17,563,407,2
202515,17,574,417,2
202532,17,557,412,2
202548,17,570,403,2
202565,17,541,436,3
202582,17,503,583,3
202598,17,465,683,3
202615,17,511,630,3
202632,17,476,640,3
202648,17,476,695,3
202665,17,481,630,3
202681,17,469,678,3
202698,17,475,654,3
202715,17,476,634,3
202731,17,487,627,3
202748,17,484,643,3
202765,17,484,643,3
202781,17,486,654,3
202798,17,472,655,3
202815,17,475,693,3
202831,17,475,665,3
202848,17,485,684,3
202864,17,503,695,3
202881,17,497,661,3
202898,17,491,699,3
202914,17,479,693,3
202931,17,484,654,3
202948,17,484,666,3
202964,17,492,670,3
202981,17,496,654,3
202998,17,492,689,3
203014,17,508,666,3
203031,17,487,688,3
203047,17,491,696,3
203064,17,490,669,3
203081,17,488,724,3
203097,17,507,703,3
203114,17,494,687,3
203131,17,487,678,3
203147,17,512,617,3
203164,17,523,566,3
203180,17,542,460,3
203197,17,545,490,3
203214,17,538,507,3
203230,17,542,500,3
203247,17,544,484,3
203264,17,539,484,3
203280,17,534,495,3
203297,17,535,497,3
203314,17,533,485,3
203330,17,534,513,3
203347,17,534,519,3
203363,17,543,499,3
203380,17,536,518,3
203397,17,533,519,3
203413,17,522,520,3
203430,17,530,486,3
203447,17,535,542,3
203463,17,520,544,3
203480,17,524,566,3
203497,17,528,529,3
203513,17,529,541,3
203530,17,522,508,3
203546,17,520,556,3
203563,17,534,522,3
203580,17,539,552,3
203596,17,515,544,3
203613,17,530,521,3
203630,17,528,538,3
203646,17,528,545,3
203663,17,522,543,3
203680,17,517,584,3
203696,17,526,553,3
203713,17,528,551,3
203729,17,534,543,3
203746,17,522,524,3
203763,17,534,508,3
203779,17,527,514,3
203796,17,532,478,3
203813,17,537,501,3
203846,33,547,501,3
203863,17,539,503,3
203879,17,532,545,3
